"depth", "composition x", "composition y", "donor conc", "acceptor conc", "ni", "nc", "nv", "eg", "electron affinity", "potential", "e- mobility", "h+ mobility", "electric field", "impact gen rate", "electron conc", "hole conc", "cond. current density", "electron qfl", "hole qfl", "net doping", "recombination rate", "e field x", "e field y", "lattice temperature", "e- mobility x", "e- mobility y", "h+ mobility x", "h+ mobility y", "total doping", "h+ current density", "e- current density", "current flowlines", "total current density", "je- x", "jh+ x", "jtot x", "je- y", "jh+ y", "jtot y", "seu generation rate", "e- srh tno", "h+ srh tno", "joule heat power", "total heat power", "rec heat power", "heat conductivity", "heat capacity", "peltier-thomson heat power", "cond current x", "cond current y", "ionized acceptor concentration", "ionized donor concentration", "e- ionization coefficient", "h+ ionization coefficient", "acceptor trap dos #1", "acceptor trap ionized density #1"
3.55271368e-15, 0, 0, 1e+19, 0, 4.25226844e-19, 3.718e+18, 6.44e+20, 4.85, 4, 2.34385452, 12.1176471, 0.0128722772, 9449.08068, 0, 2.02004893e+18, 5.02441771e-13, 0.0188994831, -6.78480043e-09, -1.45489877, 1e+19, 3.82813609e-05, 0.0007477502, 9449.08068, 321.101567, 12.1176471, 12.1176471, 0.0128722772, 0.0128722772, 1e+19, 2.09085932e-29, 0.0188994831, 0.0909541531, 0.0189054384, 0.00999557867, -2.22798012e-31, 0.00999557867, 0.0159365183, -2.0906905e-29, 0.0159436897, 0, 1.32160389e-08, 1.32160389e-08, 196.612291, 196.612291, 0, 0.27, 3.332, 0, 0.00999557867, 0.0159365183, 0, 8.72747558e+17, 0, 0, 0, 0
0.0666666667, 0, 0, 1e+19, 0, 4.25238e-19, 3.718e+18, 6.44e+20, 4.85, 4, 2.34385451, 12.1176471, 0.0128722772, 10716.343, 0, 2.02004995e+18, 5.51243803e-13, 0.0217108002, -6.78421691e-09, -1.45626611, 1e+19, 4.19995862e-05, 0.00118121374, 10716.343, 321.101663, 12.1176471, 12.1176471, 0.0128722772, 0.0128722772, 1e+19, 2.23442591e-29, 0.0217108002, 0.0908256929, 0.0217161791, 0.0146767737, -4.44989426e-31, 0.0146767737, 0.0159388459, -2.23381229e-29, 0.0159460173, 0, 1.32160445e-08, 1.32160445e-08, 196.626887, 196.626887, 0, 0.27, 3.332, 0, 0.0146767737, 0.0159388459, 0, 8.72748004e+17, 0, 0, 0, 0
0.125, 0, 0, 1e+19, 0, 4.25247761e-19, 3.718e+18, 6.44e+20, 4.85, 4, 2.34385451, 12.1176471, 0.0128722772, 10716.3476, 0, 2.02005074e+18, 5.51243803e-13, 0.0257021113, -6.78421691e-09, -1.45626611, 1e+19, 4.19995862e-05, 0.00140841667, 10716.3476, 321.101747, 12.1176471, 12.1176471, 0.0128722772, 0.0128722772, 1e+19, 2.29470586e-29, 0.0257021113, 0.0907547124, 0.0257064562, 0.0199850937, -4.44989426e-31, 0.0199850937, 0.0159401967, -2.29409224e-29, 0.0159473682, 0, 1.32160494e-08, 1.32160494e-08, 196.651786, 196.651786, 0, 0.27, 3.332, 0, 0.0199850937, 0.0159401967, 0, 8.72748473e+17, 0, 0, 0, 0
0.191666667, 0, 0, 1e+19, 0, 4.25281217e-19, 3.718e+18, 6.44e+20, 4.85, 4, 2.34385449, 12.1176471, 0.0128722772, 10716.3517, 0, 2.02005379e+18, 6.97384123e-13, 0.0334565438, -6.77429835e-09, -1.45973457, 1e+19, 5.31339782e-05, 0.00227517439, 10716.3517, 321.102036, 12.1176471, 12.1176471, 0.0128722772, 0.0128722772, 1e+19, 2.72265572e-29, 0.0334565438, 0.0905046789, 0.0334601056, 0.0293497013, -1.07940265e-30, 0.0293497013, 0.0159594108, -2.71980053e-29, 0.0159665822, 0, 1.32160663e-08, 1.32160663e-08, 196.796305, 196.796305, 0, 0.27, 3.332, 0, 0.0293497013, 0.0159594108, 0, 8.72749811e+17, 0, 0, 0, 0
0.25, 0, 0, 1e+19, 0, 4.2531049e-19, 3.718e+18, 6.44e+20, 4.85, 4, 2.34385449, 12.1176471, 0.0128722772, 10716.3628, 0, 2.02005616e+18, 6.97384123e-13, 0.0431598093, -6.77429835e-09, -1.45973457, 1e+19, 5.31339782e-05, 0.00257818468, 10716.3628, 321.102288, 12.1176471, 12.1176471, 0.0128722772, 0.0128722772, 1e+19, 2.90316767e-29, 0.0431598093, 0.0903500065, 0.043162403, 0.039969476, -1.07940265e-30, 0.039969476, 0.0159729145, -2.90031248e-29, 0.0159800857, 0, 1.3216081e-08, 1.3216081e-08, 197.0448, 197.0448, 0, 0.27, 3.332, 0, 0.039969476, 0.0159729145, 0, 8.72751217e+17, 0, 0, 0, 0
0.316666667, 0, 0, 1e+19, 0, 4.25366269e-19, 3.718e+18, 6.44e+20, 4.85, 4, 2.34385446, 12.1176471, 0.0128722772, 10716.3704, 0, 2.02006124e+18, 1.02411116e-12, 0.0518641703, -6.76192933e-09, -1.46540189, 1e+19, 7.80271397e-05, 0.00344515275, 10716.3704, 321.102768, 12.1176471, 12.1176471, 0.0128722772, 0.0128722772, 1e+19, 3.86244734e-29, 0.0518641703, 0.0900381517, 0.0518663748, 0.0493343664, -2.15198716e-30, 0.0493343664, 0.0159990375, -3.85472167e-29, 0.0160062087, 0, 1.32161091e-08, 1.32161091e-08, 197.236043, 197.236043, 0, 0.27, 3.332, 0, 0.0493343664, 0.0159990375, 0, 8.72753446e+17, 0, 0, 0, 0
0.375, 0, 0, 1e+19, 0, 4.25415074e-19, 3.718e+18, 6.44e+20, 4.85, 4, 2.34385446, 12.1176471, 0.0128722772, 10716.3875, 0, 2.02006521e+18, 1.02411116e-12, 0.0621455051, -6.76192933e-09, -1.46540189, 1e+19, 7.80271397e-05, 0.00374818296, 10716.3875, 321.103188, 12.1176471, 12.1176471, 0.0128722772, 0.0128722772, 1e+19, 4.26602035e-29, 0.0621455051, 0.0898481479, 0.0621473134, 0.0599544181, -2.15198716e-30, 0.0599544181, 0.0160168839, -4.25829468e-29, 0.016024055, 0, 1.32161336e-08, 1.32161336e-08, 197.564514, 197.564514, 0, 0.27, 3.332, 0, 0.0599544181, 0.0160168839, 0, 8.7275579e+17, 0, 0, 0, 0
0.441666667, 0, 0, 1e+19, 0, 4.25493179e-19, 3.718e+18, 6.44e+20, 4.85, 4, 2.34385442, 12.1176471, 0.0128722772, 10716.3986, 0, 2.02007231e+18, 1.64012977e-12, 0.071165212, -6.73995019e-09, -1.47234755, 1e+19, 0.000124960983, 0.00461500703, 10716.3986, 321.103861, 12.1176471, 12.1176471, 0.0128722772, 0.0128722772, 1e+19, 6.07125209e-29, 0.071165212, 0.0894789265, 0.0711668034, 0.0693198612, -4.36531494e-30, 0.0693198612, 0.0160605349, -6.05138699e-29, 0.0160677058, 0, 1.32161729e-08, 1.32161729e-08, 197.890122, 197.890122, 0, 0.27, 3.332, 0, 0.0693198612, 0.0160605349, 0, 8.72758911e+17, 0, 0, 0, 0
0.5, 0, 0, 1e+19, 0, 4.2556152e-19, 3.718e+18, 6.44e+20, 4.85, 4, 2.34385442, 12.1176471, 0.0128722772, 10716.4218, 0, 2.02007787e+18, 1.64012977e-12, 0.0816143591, -6.73995019e-09, -1.47234755, 1e+19, 0.000124960983, 0.00491805489, 10716.4218, 321.10445, 12.1176471, 12.1176471, 0.0128722772, 0.0128722772, 1e+19, 6.83216166e-29, 0.0816143591, 0.0892564464, 0.0816157431, 0.0799408676, -4.36531494e-30, 0.0799408676, 0.0160909484, -6.81229656e-29, 0.0160981191, 0, 1.32162073e-08, 1.32162073e-08, 198.449812, 198.449812, 0, 0.27, 3.332, 0, 0.0799408676, 0.0160909484, 0, 8.72762192e+17, 0, 0, 0, 0
0.566666667, 0, 0, 1e+19, 0, 4.2566199e-19, 3.718e+18, 6.44e+20, 4.85, 4, 2.34385436, 12.1176471, 0.0128722772, 10716.4364, 0, 2.020087e+18, 2.9364676e-12, 0.0907667687, -6.71854405e-09, -1.48093723, 1e+19, 0.000223726997, 0.00578430205, 10716.4364, 321.105314, 12.1176471, 12.1176471, 0.0128722772, 0.0128722772, 1e+19, 1.06380791e-28, 0.0907667687, 0.0888309425, 0.0907680165, 0.0893053906, -8.99137061e-30, 0.0893053905, 0.0161358084, -1.05910143e-28, 0.016142979, 0, 1.32162579e-08, 1.32162579e-08, 198.778162, 198.778162, 0, 0.27, 3.332, 0, 0.0893053906, 0.0161358084, 0, 8.72766205e+17, 0, 0, 0, 0
0.625, 0, 0, 1e+19, 0, 4.25749899e-19, 3.718e+18, 6.44e+20, 4.85, 4, 2.34385436, 12.1176471, 0.0128722772, 10716.4656, 0, 2.02009414e+18, 2.9364676e-12, 0.101284, -6.71854405e-09, -1.48093723, 1e+19, 0.000223726997, 0.00608699222, 10716.4656, 321.106071, 12.1176471, 12.1176471, 0.0128722772, 0.0128722772, 1e+19, 1.22393315e-28, 0.101284, 0.0885763903, 0.10128512, 0.0999267653, -8.99137061e-30, 0.0999267653, 0.016166447, -1.21922667e-28, 0.0161736174, 0, 1.32163021e-08, 1.32163021e-08, 199.342105, 199.342105, 0, 0.27, 3.332, 0, 0.0999267653, 0.016166447, 0, 8.72770424e+17, 0, 0, 0, 0
0.691666667, 0, 0, 1e+19, 0, 4.25872747e-19, 3.718e+18, 6.44e+20, 4.85, 4, 2.34385429, 12.1176471, 0.0128722772, 10716.4836, 0, 2.0201053e+18, 5.57904997e-12, 0.110499098, -6.69940203e-09, -1.49040205, 1e+19, 0.000425059487, 0.00695053113, 10716.4836, 321.107128, 12.1176471, 12.1176471, 0.0128722772, 0.0128722772, 1e+19, 1.9990873e-28, 0.110499098, 0.0880934146, 0.110500125, 0.109285989, -2.01977319e-29, 0.109285989, 0.0162045157, -1.98657444e-28, 0.016211686, 0, 1.32163639e-08, 1.32163639e-08, 199.621999, 199.621999, 0, 0.27, 3.332, 0, 0.109285989, 0.0162045157, 0, 8.72775328e+17, 0, 0, 0, 0
0.75, 0, 0, 1e+19, 0, 4.25980237e-19, 3.718e+18, 6.44e+20, 4.85, 4, 2.34385429, 12.1176471, 0.0128722772, 10716.519, 0, 2.02011403e+18, 5.57904997e-12, 0.121049871, -6.69940203e-09, -1.49040205, 1e+19, 0.000425059487, 0.0072523964, 10716.519, 321.108053, 12.1176471, 12.1176471, 0.0128722772, 0.0128722772, 1e+19, 2.32550473e-28, 0.121049871, 0.087806017, 0.121050814, 0.119907022, -2.01977319e-29, 0.119907022, 0.0162306207, -2.31299188e-28, 0.0162377906, 0, 1.32164179e-08, 1.32164179e-08, 200.10269, 200.10269, 0, 0.27, 3.332, 0, 0.119907022, 0.0162306207, 0, 8.72780484e+17, 0, 0, 0, 0
0.816666667, 0, 0, 1e+19, 0, 4.26125513e-19, 3.718e+18, 6.44e+20, 4.85, 4, 2.3438542, 12.1176471, 0.0128722772, 10716.5404, 0, 2.02012722e+18, 1.17845918e-11, 0.130273158, -6.72785867e-09, -1.50142956, 1e+19, 0.000897841371, 0.00810684334, 10716.5404, 321.109302, 12.1176471, 12.1176471, 0.0128722772, 0.0128722772, 1e+19, 4.14903685e-28, 0.130273158, 0.0872629395, 0.130274029, 0.129247305, -4.69699258e-29, 0.129247305, 0.0161727879, -4.1170066e-28, 0.0161799576, 0, 1.32164909e-08, 1.32164909e-08, 199.657778, 199.657778, 0, 0.27, 3.332, 0, 0.129247305, 0.0161727879, 0, 8.72786281e+17, 0, 0, 0, 0
0.875, 0, 0, 1e+19, 0, 4.26252625e-19, 3.718e+18, 6.44e+20, 4.85, 4, 2.3438542, 12.1176471, 0.0128722772, 10716.5818, 0, 2.02013754e+18, 1.17845918e-11, 0.140837532, -6.72785867e-09, -1.50142956, 1e+19, 0.000897841371, 0.00840545328, 10716.5818, 321.110395, 12.1176471, 12.1176471, 0.0128722772, 0.0128722772, 1e+19, 4.91556468e-28, 0.140837532, 0.0869412937, 0.140838337, 0.13986825, -4.69699258e-29, 0.13986825, 0.0161310752, -4.88353443e-28, 0.0161382446, 0, 1.32165548e-08, 1.32165548e-08, 198.891412, 198.891412, 0, 0.27, 3.332, 0, 0.13986825, 0.0161310752, 0, 8.72792374e+17, 0, 0, 0, 0
0.941666667, 0, 0, 1e+19, 0, 4.26420354e-19, 3.718e+18, 6.44e+20, 4.85, 4, 2.3438541, 12.1176471, 0.0128722772, 10716.6065, 0, 2.02015276e+18, 2.61552636e-11, 0.149976403, -6.93622256e-09, -1.51318627, 1e+19, 0.00199268706, 0.00922562987, 10716.6065, 321.111836, 12.1176471, 12.1176471, 0.0128722772, 0.0128722772, 1e+19, 9.13840292e-28, 0.149976403, 0.0863355223, 0.149977139, 0.14913946, -1.20199401e-28, 0.14913946, 0.0157008239, -9.0437921e-28, 0.015707993, 0, 1.32166391e-08, 1.32166391e-08, 195.65703, 195.65703, 0, 0.27, 3.332, 0, 0.14913946, 0.0157008239, 0, 8.72799062e+17, 0, 0, 0, 0
1, 0, 0, 1e+19, 0, 4.26567114e-19, 3.718e+18, 6.44e+20, 4.85, 4, 2.3438541, 12.1176471, 0.0128722772, 10716.6538, 0, 2.02016467e+18, 2.61552636e-11, 0.16053423, -6.93622256e-09, -1.51318627, 1e+19, 0.00199268706, 0.00951211637, 10716.6538, 321.113097, 12.1176471, 12.1176471, 0.0128722772, 0.0128722772, 1e+19, 1.09135303e-27, 0.16053423, 0.0859787024, 0.160534903, 0.159760195, -1.20199401e-28, 0.159760195, 0.0153982249, -1.08189194e-27, 0.0154053935, 0, 1.32167128e-08, 1.32167128e-08, 190.093035, 190.093035, 0, 0.27, 3.332, 0, 0.159760195, 0.0153982249, 0, 8.72806093e+17, 0, 0, 0, 0
1.06666667, 0, 0, 1e+19, 0, 4.26757358e-19, 3.718e+18, 6.44e+20, 4.85, 4, 2.34385399, 12.1176471, 0.0128722772, 10716.6814, 0, 2.02018192e+18, 6.44401408e-11, 0.169323234, -7.84050219e-09, -1.52648316, 1e+19, 0.0049094262, 0.0102094025, 10716.6814, 321.114731, 12.1176471, 12.1176471, 0.0128722772, 0.0128722772, 1e+19, 2.21811173e-27, 0.169323234, 0.0853126353, 0.169323803, 0.168780311, -3.15117879e-28, 0.168780311, 0.0135375461, -2.19172818e-27, 0.0135447145, 0, 1.32168083e-08, 1.32168083e-08, 176.130524, 176.130524, 0, 0.27, 3.332, 0, 0.168780311, 0.0135375461, 0, 8.72813673e+17, 0, 0, 0, 0
1.125, 0, 0, 1e+19, 0, 4.26923817e-19, 3.718e+18, 6.44e+20, 4.85, 4, 2.34385399, 12.1176471, 0.0128722772, 10716.7341, 0, 2.02019541e+18, 6.44401408e-11, 0.179833638, -7.84050219e-09, -1.52648316, 1e+19, 0.0049094262, 0.0104527304, 10716.7341, 321.11616, 12.1176471, 12.1176471, 0.0128722772, 0.0128722772, 1e+19, 2.69102792e-27, 0.179833638, 0.0849235328, 0.179834116, 0.179398859, -3.15117879e-28, 0.179398859, 0.0122315866, -2.66464438e-27, 0.0122387543, 0, 1.32168918e-08, 1.32168918e-08, 152.114457, 152.114457, 0, 0.27, 3.332, 0, 0.179398859, 0.0122315866, 0, 8.72821641e+17, 0, 0, 0, 0
1.19166667, 0, 0, 1e+19, 0, 4.27136608e-19, 3.718e+18, 6.44e+20, 4.85, 4, 2.34385388, 12.1176471, 0.0128722772, 10716.7628, 0, 2.0202147e+18, 1.64197132e-10, 0.187658482, -1.12680443e-08, -1.54027564, 1e+19, 0.0125093113, 0.0107066113, 10716.7628, 321.117986, 12.1176471, 12.1176471, 0.0128722772, 0.0128722772, 1e+19, 5.62893261e-27, 0.187658482, 0.0842228374, 0.187658707, 0.187515234, -9.00952971e-28, 0.187515234, 0.00517229428, -5.54421253e-27, 0.00517946174, 0, 1.32169985e-08, 1.32169985e-08, 99.1928139, 99.1928139, 0, 0.27, 3.332, 0, 0.187515234, 0.00517229428, 0, 8.72830111e+17, 0, 0, 0, 0
1.25, 0, 0, 1e+19, 0, 4.27322795e-19, 3.718e+18, 6.44e+20, 4.85, 4, 2.34385388, 12.1176471, 0.0128722772, 10716.8193, 0, 2.02022977e+18, 1.64197132e-10, 0.198128743, -1.12680443e-08, -1.54027564, 1e+19, 0.0125093113, 0.0107939853, 10716.8193, 321.119583, 12.1176471, 12.1176471, 0.0128722772, 0.0128722772, 1e+19, 6.86120213e-27, 0.198128743, 0.083821064, 0.198128752, 0.19812834, -9.00952971e-28, 0.19812834, 0.000222799257, -6.77648205e-27, 0.000229965795, 0, 1.32170918e-08, 1.32170918e-08, 8.17021366, 8.17021366, 0, 0.27, 3.332, 0, 0.19812834, 0.000222799257, 0, 8.72839016e+17, 0, 0, 0, 0
1.31666667, 0, 0, 1e+19, 0, 4.27558192e-19, 3.718e+18, 6.44e+20, 4.85, 4, 2.34385375, 12.1176471, 0.0128722772, 10716.8432, 0, 2.02025109e+18, 4.59110914e-10, 0.206423331, -2.38445963e-08, -1.55543822, 1e+19, 0.0349766614, 0.00945365516, 10716.8432, 321.121601, 12.1176471, 12.1176471, 0.0128722772, 0.0128722772, 1e+19, 1.55547097e-26, 0.206423331, 0.0832017635, 0.20642256, 0.203001464, -2.57699679e-27, 0.203001463, -0.0256790819, -1.53069619e-26, -0.0256719155, 0, 1.32172097e-08, 1.32172097e-08, -185.963147, -185.963147, 0, 0.27, 3.332, 0, 0.203001464, -0.0256790819, 0, 8.72848375e+17, 0, 0, 0, 0
1.375, 0, 0, 1e+19, 0, 4.27764159e-19, 3.718e+18, 6.44e+20, 4.85, 4, 2.34385375, 12.1176471, 0.0128722772, 10716.8977, 0, 2.02026775e+18, 4.59110914e-10, 0.2183853, -2.38445963e-08, -1.55543822, 1e+19, 0.0349766614, 0.00898045873, 10716.8977, 321.123366, 12.1176471, 12.1176471, 0.0128722772, 0.0128722772, 1e+19, 1.91977439e-26, 0.2183853, 0.0828706779, 0.218383891, 0.213604592, -2.57699679e-27, 0.213604592, -0.0438348657, -1.89499962e-26, -0.0438277006, 0, 1.32173129e-08, 1.32173129e-08, -519.858807, -519.858807, 0, 0.27, 3.332, 0, 0.213604592, -0.0438348657, 0, 8.72858216e+17, 0, 0, 0, 0
1.44166667, 0, 0, 1e+19, 0, 4.28022189e-19, 3.718e+18, 6.44e+20, 4.85, 4, 2.34385365, 12.1176471, 0.0128722772, 10716.8948, 0, 2.02029111e+18, 1.29305953e-09, 0.267955058, -6.93580661e-08, -1.57070705, 1e+19, 0.0985079957, 0.00191461438, 10716.8948, 321.125575, 12.1176471, 12.1176471, 0.0128722772, 0.0128722772, 1e+19, 4.38051546e-26, 0.267955058, 0.0827824556, 0.267952018, 0.206838846, -7.93203141e-27, 0.206838846, -0.137586228, -4.29710821e-26, -0.137579063, 0, 1.3217442e-08, 1.3217442e-08, -1222.43011, -1222.43011, 0, 0.27, 3.332, 0, 0.206838846, -0.137586228, 0, 8.72868457e+17, 0, 0, 0, 0
1.5, 0, 0, 1e+19, 0, 4.28247958e-19, 3.718e+18, 6.44e+20, 4.85, 4, 2.34385365, 12.1176471, 0.0128722772, 10716.9264, 0, 2.02030935e+18, 1.29305953e-09, 0.302149551, -6.93580661e-08, -1.57070705, 1e+19, 0.0985079957, -0.00057128646, 10716.9264, 321.127508, 12.1176471, 12.1176471, 0.0128722772, 0.0128722772, 1e+19, 5.41070016e-26, 0.302149551, 0.0828395108, 0.302144865, 0.217422856, -7.93203141e-27, 0.217422856, -0.20329163, -5.32729291e-26, -0.203284467, 0, 1.3217555e-08, 1.3217555e-08, -2430.80262, -2430.80262, 0, 0.27, 3.332, 0, 0.217422856, -0.20329163, 0, 8.72879233e+17, 0, 0, 0, 0
1.56666667, 0, 0, 1e+19, 0, 4.28528656e-19, 3.718e+18, 6.44e+20, 4.85, 4, 2.34385365, 12.1176471, 0.0128722772, 10716.8182, 0, 2.0203348e+18, 3.93369672e-09, 0.611585273, -2.33298411e-07, -1.58711307, 1e+19, 0.299671469, -0.028345334, 10716.8182, 321.129909, 12.1176471, 12.1176471, 0.0128722772, 0.0128722772, 1e+19, 1.32016252e-25, 0.611585273, 0.0849429426, 0.611579992, 0.168572732, -2.35186213e-26, 0.168572733, -0.540956882, -1.29607986e-25, -0.540949718, 0, 1.32176953e-08, 1.32176953e-08, -4961.42515, -4961.42515, 0, 0.27, 3.332, 0, 0.168572732, -0.540956882, 0, 8.72890333e+17, 0, 0, 0, 0
1.625, 0, 0, 1e+19, 0, 4.28774256e-19, 3.718e+18, 6.44e+20, 4.85, 4, 2.34385365, 12.1176471, 0.0128722772, 10716.7515, 0, 2.02035462e+18, 3.93369672e-09, 0.80792141, -2.33298411e-07, -1.58711307, 1e+19, 0.299671469, -0.0381266869, 10716.7515, 321.132009, 12.1176471, 12.1176471, 0.0128722772, 0.0128722772, 1e+19, 1.64637082e-25, 0.80792141, 0.086554343, 0.807914598, 0.179119396, -2.35186213e-26, 0.179119396, -0.777630229, -1.62228816e-25, -0.777623067, 0, 1.32178181e-08, 1.32178181e-08, -9314.01903, -9314.01903, 0, 0.27, 3.332, 0, 0.179119396, -0.777630229, 0, 8.72902042e+17, 0, 0, 0, 0
1.69166667, 0, 0, 1e+19, 0, 4.29077589e-19, 3.718e+18, 6.44e+20, 4.85, 4, 2.34385407, 12.1176471, 0.0128722772, 10716.2482, 0, 2.02038233e+18, 1.15948871e-08, 2.03312024, -8.25557968e-07, -1.60305272, 1e+19, 0.8832872, -0.144910846, 10716.2482, 321.1346, 12.1176471, 12.1176471, 0.0128722772, 0.0128722772, 1e+19, 3.90633542e-25, 2.03312024, 0.0969031888, 2.03311342, -0.0306294062, -7.05637765e-26, -0.0306294051, -1.99622484, -3.83275642e-25, -1.99621767, 0, 1.32179695e-08, 1.32179695e-08, -18455.174, -18455.174, 0, 0.27, 3.332, 0, -0.0306294062, -1.99622484, 0, 8.72913923e+17, 0, 0, 0, 0
1.75, 0, 0, 1e+19, 0, 4.29342987e-19, 3.718e+18, 6.44e+20, 4.85, 4, 2.34385407, 12.1176471, 0.0128722772, 10715.7972, 0, 2.02040372e+18, 1.15948871e-08, 2.86906003, -8.25557968e-07, -1.60305272, 1e+19, 0.8832872, -0.182993127, 10715.7972, 321.136867, 12.1176471, 12.1176471, 0.0128722772, 0.0128722772, 1e+19, 4.85279999e-25, 2.86906003, 0.104317519, 2.86905292, -0.0201471526, -7.05637765e-26, -0.0201471515, -2.85127145, -4.779221e-25, -2.85126429, 0, 1.3218102e-08, 1.3218102e-08, -34179.4708, -34179.4708, 0, 0.27, 3.332, 0, -0.0201471526, -2.85127145, 0, 8.7292656e+17, 0, 0, 0, 0
1.81666667, 0, 0, 1e+19, 0, 4.2966891e-19, 3.718e+18, 6.44e+20, 4.85, 4, 2.34385613, 12.1176471, 0.0128722772, 10713.732, 0, 2.02043435e+18, 3.48393797e-08, 7.52034903, -3.04848909e-06, -1.61927678, 1e+19, 2.65397029, -0.700049561, 10713.732, 321.139646, 12.1176471, 12.1176471, 0.0128722772, 0.0128722772, 1e+19, 1.17002424e-24, 7.52034903, 0.145584136, 7.52034194, -1.1170368, -1.87807814e-25, -1.11703679, -7.38335361, -1.15270228e-24, -7.38334643, 0, 1.32182645e-08, 1.32182645e-08, -68463.0626, -68463.0626, 0, 0.27, 3.332, 0, -1.1170368, -7.38335361, 0, 8.7293893e+17, 0, 0, 0, 0
1.875, 0, 0, 1e+19, 0, 4.29954045e-19, 3.718e+18, 6.44e+20, 4.85, 4, 2.34385613, 12.1176471, 0.0128722772, 10711.416, 0, 2.02045731e+18, 3.48393797e-08, 10.7232753, -3.04848909e-06, -1.61927678, 1e+19, 2.65397029, -0.90363339, 10711.4159, 321.142079, 12.1176471, 12.1176471, 0.0128722772, 0.0128722772, 1e+19, 1.45722684e-24, 10.7232753, 0.17486044, 10.7232681, -1.10662967, -1.87807814e-25, -1.10662966, -10.5927379, -1.43990488e-24, -10.5927308, 0, 1.32184067e-08, 1.32184067e-08, -127472.837, -127472.837, 0, 0.27, 3.332, 0, -1.10662967, -10.5927379, 0, 8.72952488e+17, 0, 0, 0, 0
1.94166667, 0, 0, 1e+19, 0, 4.3030262e-19, 3.718e+18, 6.44e+20, 4.85, 4, 2.34386691, 12.1176471, 0.0128722772, 10685.2762, 0, 2.02048793e+18, 9.38090501e-08, 38.3566785, -1.40398411e-05, -1.63389033, 1e+19, 7.14594939, -0.888023822, 10685.2761, 321.145048, 12.1176471, 12.1176471, 0.0128722772, 0.0128722772, 1e+19, 3.19623343e-24, 38.3566785, 0.35012003, 38.3566719, -21.1504024, -5.65243664e-25, -21.1504023, -30.8387602, -3.13785806e-24, -30.8387529, 0, 1.32185802e-08, 1.32185802e-08, -296394.4, -296394.4, 0, 0.27, 3.332, 0, -21.1504024, -30.8387602, 0, 8.72966573e+17, 0, 0, 0, 0
2, 0, 0, 1e+19, 0, 4.30607427e-19, 3.718e+18, 6.44e+20, 4.85, 4, 2.34386691, 12.1176471, 0.0128722772, 8446.16666, 0, 2.02051243e+18, 9.38090501e-08, 63.7956034, -1.40398411e-05, -1.63389033, 1e+19, 7.14594939, 340.062124, 8433.34675, 321.147644, 12.1176471, 12.1176471, 0.0128722772, 0.0128722772, 1e+19, 3.94107036e-24, 63.7956034, 0.482543434, 63.7955977, -43.2033797, -7.56942211e-25, -43.203379, -46.709075, -3.86695574e-24, -46.7090678, 0, 1.32187319e-08, 1.32187319e-08, -648596.899, -648596.899, 0, 0.27, 3.332, 0, -43.2033797, -46.709075, 0, 8.72981046e+17, 0, 0, 0, 0
2.06666667, 0, 0, 1e+19, 0, 4.30983596e-19, 3.718e+18, 6.44e+20, 4.85, 4, 2.34379379, 12.1176471, 0.0128722772, 5845.47158, 0, 2.00326471e+18, 2.83311999e-07, 68.2891313, -0.000206332792, -1.65011327, 1e+19, 21.5761508, 529.438576, 5819.00378, 321.150843, 12.1176471, 12.1176471, 0.0128722772, 0.0128722772, 1e+19, 6.80639554e-24, 68.2891313, 0.636601243, 68.2891279, -60.2865742, -1.55619053e-24, -60.2865734, -22.5783157, -6.62283863e-24, -22.5783116, 0, 1.32189189e-08, 1.32189189e-08, -432625.386, -432625.386, 0, 0.27, 3.332, 0, -60.2865742, -22.5783157, 0, 8.8027293e+17, 0, 0, 0, 0
2.125, 0, 0, 1e+19, 0, 4.31312929e-19, 3.718e+18, 6.44e+20, 4.85, 4, 2.33108157, 12.1176471, 0.0128722772, 1644.28123, 0, 1.34981657e+18, 4.64405727e-07, 73.1468122, -0.000385598577, -3.08995161, 1e+19, 35.3682708, 520.733317, 1314.61307, 321.153644, 12.1176471, 12.1176471, 0.0128722772, 0.0128722772, 1e+19, 7.3663079e-24, 73.1468122, 0.752708534, 73.1468113, -73.0485388, -2.06439136e-24, -73.048538, -3.71769462, -7.05107412e-24, -3.71769451, 0, 1.32190826e-08, 1.32190826e-08, -60245.5804, -60245.5804, 0, 0.27, 3.332, 0, -73.0485388, -3.71769462, 0, 1.34573547e+18, 0, 0, 0, 0
2.19166667, 0, 0, 1e+19, 0, 4.31711337e-19, 3.718e+18, 6.44e+20, 4.85, 4, 2.33125482, 12.1176471, 0.0128722772, 346.502231, 0, 1.34979736e+18, 8.67798101e-07, 70.6120631, -0.000560067092, -3.10317429, 1e+19, 66.08789, 318.882501, 21.5788839, 321.157027, 12.1176471, 12.1176471, 0.0128722772, 0.0128722772, 1e+19, 1.66750272e-23, 70.6120631, 0.765125918, 70.6120622, -70.5836903, -1.01039404e-23, -70.5836894, -1.54907776, -1.31965091e-23, -1.54907767, 0, 1.32192803e-08, 1.32192803e-08, -59521.3992, -59521.3992, 0, 0.27, 3.332, 0, -70.5836903, -1.54907776, 0, 1.34580103e+18, 0, 0, 0, 0
2.25, 0, 0, 1e+19, 0, 4.32059985e-19, 3.718e+18, 6.44e+20, 4.85, 4, 2.33136569, 12.1176471, 0.0128722772, 24.9553368, 0, 1.34794755e+18, 1.14699701e-06, 60.8733636, -0.000713934301, -3.1153167, 1e+19, 87.3493548, -23.8961841, 6.38642319, 321.159987, 12.1176471, 12.1176471, 0.0128722772, 0.0128722772, 1e+19, 2.20201744e-23, 60.8733636, 0.772755667, 60.8733633, -60.8729532, -1.56283231e-23, -60.8729528, -0.216829421, -1.49835693e-23, -0.216829418, 0, 1.32194533e-08, 1.32194533e-08, 1615.53776, 1615.53776, 0, 0.27, 3.332, 0, -60.8729532, -0.216829421, 0, 1.34762422e+18, 0, 0, 0, 0
2.31666667, 0, 0, 1e+19, 0, 4.32481238e-19, 3.718e+18, 6.44e+20, 4.85, 4, 2.33153575, 12.1176471, 0.0128722772, 24.3790052, 0, 1.34796916e+18, 4.82770223e-06, 60.3910289, -0.000884315388, -3.14277471, 1e+19, 367.642736, -24.3117668, 1.43940793, 321.163557, 12.1176471, 12.1176471, 0.0128722772, 0.0128722772, 1e+19, 2.83082893e-22, 60.3910289, 0.773258181, 60.3910286, -60.3909478, -2.81600143e-22, -60.3909475, -0.0783555389, -2.19636686e-23, -0.0783555372, 0, 1.3219662e-08, 1.3219662e-08, 1593.55628, 1593.55628, 0, 0.27, 3.332, 0, -60.3909478, -0.0783555389, 0, 1.34765317e+18, 0, 0, 0, 0
2.375, 0, 0, 1e+19, 0, 4.32849827e-19, 3.718e+18, 6.44e+20, 4.85, 4, 2.33168053, 12.1176471, 0.0128722772, 25.2483796, 0, 1.34781035e+18, 7.97612372e-06, 59.9352483, -0.00103344967, -3.16949858, 1e+19, 607.401763, -25.2179038, -0.555624111, 321.166681, 12.1176471, 12.1176471, 0.0128722772, 0.0128722772, 1e+19, 4.70604536e-22, 59.9352483, 0.773532736, 59.935248, -59.9352438, -4.69910567e-22, -59.9352435, -0.0223490212, -2.37054952e-23, -0.0223490328, 0, 1.32198446e-08, 1.32198446e-08, 1674.10638, 1674.10638, 0, 0.27, 3.332, 0, -59.9352438, -0.0223490212, 0, 1.34784987e+18, 0, 0, 0, 0
2.44166667, 0, 0, 1e+19, 0, 4.33294242e-19, 3.718e+18, 6.44e+20, 4.85, 4, 2.33185015, 12.1176471, 0.0128722772, 25.2672354, 0, 1.34783411e+18, 0.000124158534, 59.8880978, -0.00120339446, -3.21862342, 1e+19, 9454.70243, -25.2145662, -1.62668148, 321.170441, 12.1176471, 12.1176471, 0.0128722772, 0.0128722772, 1e+19, 1.03696101e-20, 59.8880978, 0.773407026, 59.8880975, -59.888097, -1.03685124e-20, -59.8880968, -0.00590464928, 1.39689247e-22, -0.00590466172, 0, 1.32200644e-08, 1.32200644e-08, 1671.82215, 1671.82215, 0, 0.27, 3.332, 0, -59.888097, -0.00590464928, 0, 1.34787938e+18, 0, 0, 0, 0
2.5, 0, 0, 1e+19, 0, 4.33683096e-19, 3.718e+18, 6.44e+20, 4.85, 4, 2.33199538, 12.1176471, 0.0128722772, 25.5341978, 0, 1.34771533e+18, 0.000228285075, 59.8454366, -0.00135210156, -3.26261744, 1e+19, 17383.9244, -25.1956044, -3.54159925, 321.173731, 12.1176471, 12.1176471, 0.0128722772, 0.0128722772, 1e+19, 1.73936554e-20, 59.8454366, 0.773399366, 59.8454363, -59.8454366, -1.73924271e-20, -59.8454363, 4.53977888e-05, 1.98258274e-22, 4.53722351e-05, 0, 1.32202567e-08, 1.32202567e-08, 1668.53489, 1668.53489, 0, 0.27, 3.332, 0, -59.8454366, 4.53977888e-05, 0, 1.34803982e+18, 0, 0, 0, 0
2.56666667, 0, 0, 1e+19, 0, 4.34150749e-19, 3.718e+18, 6.44e+20, 4.85, 4, 2.33216502, 12.1176471, 0.0128722772, 25.6657782, 0, 1.34773932e+18, 0.00454111016, 59.9067613, -0.00152210845, -3.31597956, 1e+19, 345798.178, -25.1968719, -4.77842154, 321.177679, 12.1176471, 12.1176471, 0.0128722772, 0.0128722772, 1e+19, 3.88001791e-19, 59.9067613, 0.773193277, 59.906761, -59.9067573, -3.87936831e-19, -59.9067569, 0.0168047204, 7.07601172e-21, 0.0168046936, 0, 1.32204875e-08, 1.32204875e-08, 1671.35113, 1671.35113, 0, 0.27, 3.332, 0, -59.9067573, 0.0168047204, 0, 1.34807174e+18, 0, 0, 0, 0
2.625, 0, 0, 1e+19, 0, 4.34559932e-19, 3.718e+18, 6.44e+20, 4.85, 4, 2.33230907, 12.1176471, 0.0128722772, 26.6820981, 0, 1.34756819e+18, 0.00841812672, 59.9420862, -0.00167086969, -3.36274043, 1e+19, 641019.143, -25.0419594, -8.08759902, 321.181134, 12.1176471, 12.1176471, 0.0128722772, 0.0128722772, 1e+19, 6.51186991e-19, 59.9420862, 0.773151646, 59.9420859, -59.9420815, -6.5111089e-19, -59.9420812, 0.0225522705, 9.49892367e-21, 0.022552223, 0, 1.32206894e-08, 1.32206894e-08, 1655.85767, 1655.85767, 0, 0.27, 3.332, 0, -59.9420815, 0.0225522705, 0, 1.348285e+18, 0, 0, 0, 0
2.69166667, 0, 0, 1e+19, 0, 4.35050569e-19, 3.718e+18, 6.44e+20, 4.85, 4, 2.33247918, 12.1176471, 0.0128722772, 26.5259915, 0, 1.34758808e+18, 0.168056427, 60.4423377, -0.00184147583, -3.41635672, 1e+19, 12932383.2, -24.2282748, -10.6515508, 321.185269, 12.1176471, 12.1176471, 0.0128722772, 0.0128722772, 1e+19, 1.45354293e-17, 60.4423377, 0.772316436, 60.4423374, -60.4421122, -1.45328899e-17, -60.4421119, 0.132747519, 2.71029944e-19, 0.132747468, 0, 1.32209311e-08, 1.32209311e-08, 1617.08639, 1617.08639, 0, 0.27, 3.332, 0, -60.4421122, 0.132747519, 0, 1.34832348e+18, 0, 0, 0, 0
2.75, 0, 0, 1e+19, 0, 4.35479859e-19, 3.718e+18, 6.44e+20, 4.85, 4, 2.3326182, 12.1176471, 0.0128722772, 44.9364322, 0, 1.34717474e+18, 0.315112426, 60.7593007, -0.00199078933, -3.46327789, 1e+19, 23994319.2, -20.3225951, -35.0938473, 321.188887, 12.1176471, 12.1176471, 0.0128722772, 0.0128722772, 1e+19, 2.44058185e-17, 60.7593007, 0.772068233, 60.7593003, -60.7590401, -2.44028492e-17, -60.7590398, 0.169240398, 3.63152535e-19, 0.1692403, 0, 1.32211425e-08, 1.32211425e-08, 1272.68466, 1272.68466, 0, 0.27, 3.332, 0, -60.7590401, 0.169240398, 0, 1.34877281e+18, 0, 0, 0, 0
2.81666667, 0, 0, 1e+19, 0, 4.35992516e-19, 3.718e+18, 6.44e+20, 4.85, 4, 2.3327692, 12.1176471, 0.0128722772, 2048.6416, 0, 1.34617153e+18, 3.02813033, 63.815302, -0.00216577037, -3.51690672, 1e+19, 484742560, 2009.27748, 6.50185284, 321.193197, 12.1176471, 12.1176471, 0.0128722772, 0.0128722772, 1e+19, 5.47504356e-16, 63.815302, 0.765344291, 63.8152989, -63.7994683, -5.47415242e-16, -63.7994653, 1.15224852, 9.85622541e-18, 1.15224838, 0, 1.32213945e-08, 1.32213945e-08, -156101.948, -156101.948, 0, 0.27, 3.332, 0, -63.7994683, 1.15224852, 0, 1.34980216e+18, 0, 0, 0, 0
2.875, 0, 0, 1e+19, 0, 4.36441087e-19, 3.718e+18, 6.44e+20, 4.85, 4, 2.3327835, 12.1176471, 0.0128722772, 4327.50754, 0, 1.34014452e+18, 11.8407434, 67.4161654, -0.00231929485, -3.56378349, 1e+19, 901638384, 4310.86806, 310.934723, 321.196969, 12.1176471, 12.1176471, 0.0128722772, 0.0128722772, 1e+19, 9.15995034e-16, 67.4161654, 0.762447266, 67.4161595, -67.3960093, -9.15894022e-16, -67.3960034, 1.60769713, 1.2818553e-17, 1.60769649, 0, 1.3221615e-08, 1.3221615e-08, -301332.15, -301332.15, 0, 0.27, 3.332, 0, -67.3960093, 1.60769713, 0, 1.35569989e+18, 0, 0, 0, 0
2.94166667, 0, 0, 1e+19, 0, 4.36983279e-19, 3.718e+18, 6.44e+20, 4.85, 4, 2.28250545, 34.5929412, 0.24055087, 6301.38816, 0, 2.28233281e+17, 84.0406198, 70.6982297, -0.00267555094, -3.56771063, 1e+19, 1.89422531e+10, 6256.85252, 747.856328, 321.201518, 34.5929412, 57.0682353, 0.24055087, 0.468229463, 1e+19, 1.20023629e-13, 70.6982297, 0.755536882, 70.6982235, -70.6935381, -1.16625448e-13, -70.6935319, 0.665453381, 2.83156017e-14, 0.665453922, 0, 1.32218809e-08, 1.32218809e-08, -304926.807, -304926.807, 0, 0.27, 3.332, 0, -70.6935381, 0.665453381, 0, 2.11397636e+17, 0, 0, 0, 0
3, 0, 0, 1e+19, 0, 4.37457684e-19, 3.718e+18, 6.44e+20, 4.85, 4, 2.24046025, 54.2588235, 0.439769639, 7490.85935, 0, 5.19910377e+16, 435.776919, 74.3012954, -0.00298693532, -3.57122609, 1e+19, 3.30091114e+10, 7326.49002, 1440.51263, 321.205499, 54.2588235, 96.4, 0.439769639, 0.866667, 1e+19, 1.96048788e-13, 74.3012954, 0.752651039, 74.3012888, -74.3009323, -1.92052465e-13, -74.3009256, 0.211578547, 3.78542827e-14, 0.211581155, 0, 1.32221136e-08, 1.32221136e-08, -312906.836, -312906.836, 0, 0.27, 3.332, 0, -74.3009323, 0.211578547, 0, 4.09160491e+16, 0, 0, 0, 0
3, 0, 0, 5e+16, 0, 4.37457684e-19, 3.718e+18, 6.44e+20, 4.85, 4, 2.24046025, 54.2588235, 0.439769639, 1153.53686, 0, 5.19910377e+16, 435.776919, 74.3012954, -0.00298693532, -3.57122609, 5e+16, 3.30091114e+10, 200.585533, 1134.87753, 321.205499, 54.2588235, 96.4, 0.439769639, 0.866667, 5e+16, 1.96048788e-13, 74.3012954, 0.752651039, 74.3012888, -74.3009323, -1.92052465e-13, -74.3009256, 0.211578547, 3.78542827e-14, 0.211581155, 0, 1.32221136e-08, 1.32221136e-08, -312906.836, -312906.836, 0, 0.27, 3.332, 0, -74.3009323, 0.211578547, 0, 4.09160491e+16, 0, 0, 0, 0
3.06666667, 0, 0, 5e+16, 0, 4.38029943e-19, 3.718e+18, 6.44e+20, 4.85, 4, 2.23940373, 76.7341176, 0.667448232, 928.441254, 0, 4.87018637e+16, 944.166847, 75.0037567, -0.00374900316, -3.59155321, 5e+16, 9.33952315e+10, 167.27736, 912.190602, 321.21029, 76.7341176, 96.4, 0.667448232, 0.866667, 5e+16, 8.02703966e-13, 75.0037567, 0.752908669, 75.0037524, -75.0032368, -7.9158531e-13, -75.0032325, -0.161678258, 1.32713996e-13, -0.161676423, 0, 1.32223936e-08, 1.32223936e-08, -154268.623, -154268.623, 0, 0.27, 3.332, 0, -75.0032368, -0.161678258, 0, 4.13572537e+16, 0, 0, 0, 0
3.125, 0, 0, 5e+16, 0, 4.3853065e-19, 3.718e+18, 6.44e+20, 4.85, 4, 2.23707835, 96.4, 0.866667, 501.967471, 0, 4.37362953e+16, 1953.69681, 74.346698, -0.00441518354, -3.60934047, 5e+16, 1.47755105e+11, 76.651271, 495.455099, 321.214481, 96.4, 96.4, 0.866667, 0.866667, 5e+16, 1.22071061e-12, 74.346698, 0.753513632, 74.3466963, -74.3458851, -1.20830921e-12, -74.3458834, -0.347569626, 1.66257414e-13, -0.347568894, 0, 1.32226386e-08, 1.32226386e-08, -8703.74437, -8703.74437, 0, 0.27, 3.332, 0, -74.3458851, -0.347569626, 0, 4.21493875e+16, 0, 0, 0, 0
3.19166667, 0, 0, 5e+16, 0, 4.39125717e-19, 3.718e+18, 6.44e+20, 4.85, 4, 2.23770225, 96.4, 0.866667, 298.930715, 0, 4.34399776e+16, 4419.98609, 74.3024607, -0.00523055772, -3.63254553, 5e+16, 4.33496956e+11, -12.7978146, 282.465865, 321.21945, 96.4, 96.4, 0.866667, 0.866667, 5e+16, 3.97014038e-12, 74.3024607, 0.755021293, 74.3024591, -74.3020998, -3.92188427e-12, -74.3020983, -0.199439101, 6.08969193e-13, -0.199438526, 0, 1.32229291e-08, 1.32229291e-08, -2784.9656, -2784.9656, 0, 0.27, 3.332, 0, -74.3020998, -0.199439101, 0, 4.21941258e+16, 0, 0, 0, 0
3.25, 0, 0, 5e+16, 0, 4.396464e-19, 3.718e+18, 6.44e+20, 4.85, 4, 2.23800545, 96.4, 0.866667, 204.11763, 0, 4.28061792e+16, 9107.04276, 73.1234344, -0.00594438561, -3.6528439, 5e+16, 6.88743616e+11, -93.5433552, 181.360897, 321.223798, 96.4, 96.4, 0.866667, 0.866667, 5e+16, 5.89246903e-12, 73.1234344, 0.756070671, 73.123433, -73.1233766, -5.83799034e-12, -73.1233752, -0.0917537197, 7.63627135e-13, -0.0917533502, 0, 1.32231832e-08, 1.32231832e-08, 7338.30119, 7338.30119, 0, 0.27, 3.332, 0, -73.1233766, -0.0917537197, 0, 4.22923961e+16, 0, 0, 0, 0
3.31666667, 0, 0, 5e+16, 0, 4.40265431e-19, 3.718e+18, 6.44e+20, 4.85, 4, 2.23876645, 96.4, 0.866667, 168.867455, 0, 4.27188337e+16, 20716.8913, 73.0394905, -0.00676483415, -3.67633867, 5e+16, 2.02674656e+12, -102.259687, 131.668399, 321.228954, 96.4, 96.4, 0.866667, 0.866667, 5e+16, 1.8677366e-11, 73.0394905, 0.75664347, 73.0394891, -73.0394617, -1.84537157e-11, -73.0394603, -0.0624190159, 2.83656757e-12, -0.062418695, 0, 1.32234846e-08, 1.32234846e-08, 7856.45668, 7856.45668, 0, 0.27, 3.332, 0, -73.0394617, -0.0624190159, 0, 4.23060538e+16, 0, 0, 0, 0
3.375, 0, 0, 5e+16, 0, 4.40807077e-19, 3.718e+18, 6.44e+20, 4.85, 4, 2.23934906, 96.4, 0.866667, 145.742504, 0, 4.25148405e+16, 42652.1048, 72.7057483, -0.00748279469, -3.69689537, 5e+16, 3.22563352e+12, -111.744658, 93.1385193, 321.233466, 96.4, 96.4, 0.866667, 0.866667, 5e+16, 2.76400979e-11, 72.7057483, 0.757026093, 72.7057469, -72.7057352, -2.73870346e-11, -72.7057339, -0.0433550893, 3.56209367e-12, -0.0433548314, 0, 1.32237484e-08, 1.32237484e-08, 8919.37666, 8919.37666, 0, 0.27, 3.332, 0, -72.7057352, -0.0433550893, 0, 4.23377807e+16, 0, 0, 0, 0
3.44166667, 0, 0, 5e+16, 0, 4.41450777e-19, 3.718e+18, 6.44e+20, 4.85, 4, 2.24013475, 96.4, 0.866667, 133.180876, 0, 4.24641185e+16, 96986.035, 72.6324527, -0.00830445274, -3.7204042, 5e+16, 9.46711613e+12, -113.426013, 69.122196, 321.238813, 96.4, 96.4, 0.866667, 0.866667, 5e+16, 8.71771835e-11, 72.6324527, 0.75744004, 72.6324515, -72.6324427, -8.61349525e-11, -72.6324414, -0.0381922643, 1.32237037e-11, -0.0381920302, 0, 1.32240609e-08, 1.32240609e-08, 9010.24271, 9010.24271, 0, 0.27, 3.332, 0, -72.6324427, -0.0381922643, 0, 4.23459219e+16, 0, 0, 0, 0
3.5, 0, 0, 5e+16, 0, 4.42014006e-19, 3.718e+18, 6.44e+20, 4.85, 4, 2.24077203, 96.4, 0.866667, 124.495293, 0, 4.23431837e+16, 199370.498, 72.4502566, -0.00902341662, -3.74097389, 5e+16, 1.50773888e+13, -115.373145, 43.7888768, 321.243492, 96.4, 96.4, 0.866667, 0.866667, 5e+16, 1.29044463e-10, 72.4502566, 0.757721465, 72.4502553, -72.4502482, -1.27865029e-10, -72.4502469, -0.0345263292, 1.6610415e-11, -0.0345261252, 0, 1.32243345e-08, 1.32243345e-08, 9206.49737, 9206.49737, 0, 0.27, 3.332, 0, -72.4502482, -0.0345263292, 0, 4.23648547e+16, 0, 0, 0, 0
3.56666667, 0, 0, 5e+16, 0, 4.42682863e-19, 3.718e+18, 6.44e+20, 4.85, 4, 2.24156357, 96.4, 0.866667, 118.365733, 0, 4.23011859e+16, 453010.327, 72.366614, -0.00984543626, -3.7644689, 5e+16, 4.41471542e+13, -115.651191, 25.2015661, 321.249033, 96.4, 96.4, 0.866667, 0.866667, 5e+16, 4.05894437e-10, 72.366614, 0.758148472, 72.3666127, -72.3666044, -4.0104129e-10, -72.3666031, -0.0367072052, 6.15619342e-11, -0.0367070156, 0, 1.32246584e-08, 1.32246584e-08, 9207.58526, 9207.58526, 0, 0.27, 3.332, 0, -72.3666044, -0.0367072051, 0, 4.23716948e+16, 0, 0, 0, 0
3.625, 0, 0, 5e+16, 0, 4.43268101e-19, 3.718e+18, 6.44e+20, 4.85, 4, 2.24221408, 96.4, 0.866667, 118.595761, 0, 4.22004884e+16, 930365.478, 72.2053026, -0.0105647013, -3.78502664, 5e+16, 7.03571855e+13, -115.77755, 2.05470933, 321.253883, 96.4, 96.4, 0.866667, 0.866667, 5e+16, 6.01217344e-10, 72.2053026, 0.758436482, 72.2053013, -72.2052928, -5.95725413e-10, -72.2052915, -0.0372406411, 7.73457882e-11, -0.0372404687, 0, 1.32249419e-08, 1.32249419e-08, 9208.42233, 9208.42233, 0, 0.27, 3.332, 0, -72.2052928, -0.037240641, 0, 4.23875176e+16, 0, 0, 0, 0
3.69166667, 0, 0, 5e+16, 0, 4.43962471e-19, 3.718e+18, 6.44e+20, 4.85, 4, 2.24300301, 96.4, 0.866667, 116.836349, 0, 4.21549602e+16, 2112422.11, 72.0940734, -0.0113866305, -3.80849953, 5e+16, 2.05562842e+14, -115.281681, -17.4172735, 321.259619, 96.4, 96.4, 0.866667, 0.866667, 5e+16, 1.88579769e-09, 72.0940734, 0.758947675, 72.094072, -72.0940583, -1.86323529e-09, -72.094057, -0.0449138383, 2.8606898e-10, -0.0449136763, 0, 1.32252772e-08, 1.32252772e-08, 9154.25347, 9154.25347, 0, 0.27, 3.332, 0, -72.0940583, -0.044913838, 0, 4.23949276e+16, 0, 0, 0, 0
3.75, 0, 0, 5e+16, 0, 4.44570033e-19, 3.718e+18, 6.44e+20, 4.85, 4, 2.24364731, 96.4, 0.866667, 127.524156, 0, 4.20454969e+16, 4336176.39, 71.9064432, -0.012105806, -3.82903789, 5e+16, 3.27908685e+14, -114.226168, -44.6339574, 321.264639, 96.4, 96.4, 0.866667, 0.866667, 5e+16, 2.79584286e-09, 71.9064432, 0.759282483, 71.9064418, -71.9064264, -2.77031054e-09, -71.9064251, -0.0483285961, 3.59531307e-10, -0.0483284447, 0, 1.32255706e-08, 1.32255706e-08, 9032.39524, 9032.39524, 0, 0.27, 3.332, 0, -71.9064264, -0.0483285957, 0, 4.24120987e+16, 0, 0, 0, 0
3.81666667, 0, 0, 5e+16, 0, 4.45290268e-19, 3.718e+18, 6.44e+20, 4.85, 4, 2.24442578, 96.4, 0.866667, 133.318962, 0, 4.19851621e+16, 9836482.73, 71.7489679, -0.0129272804, -3.85247615, 5e+16, 9.55634373e+14, -112.932038, -69.8618823, 321.270572, 96.4, 96.4, 0.866667, 0.866667, 5e+16, 8.74022624e-09, 71.7489679, 0.759942169, 71.7489666, -71.7489385, -8.63546196e-09, -71.7489372, -0.06197967, 1.32684371e-09, -0.0619795271, 0, 1.32259174e-08, 1.32259174e-08, 8917.5923, 8917.5923, 0, 0.27, 3.332, 0, -71.7489385, -0.0619796687, 0, 4.24218166e+16, 0, 0, 0, 0
3.875, 0, 0, 5e+16, 0, 4.45920462e-19, 3.718e+18, 6.44e+20, 4.85, 4, 2.24504586, 96.4, 0.866667, 159.814852, 0, 4.18404114e+16, 20186404, 71.495087, -0.0136460464, -3.8729843, 5e+16, 1.52651596e+15, -110.544883, -107.691136, 321.275763, 96.4, 96.4, 0.866667, 0.866667, 5e+16, 1.29766082e-08, 71.4950869, 0.760358509, 71.4950857, -71.4950533, -1.28580429e-08, -71.4950519, -0.0685027766, 1.66851939e-09, -0.0685026404, 0, 1.32262209e-08, 1.32262209e-08, 8659.70749, 8659.70749, 0, 0.27, 3.332, 0, -71.4950533, -0.068502775, 0, 4.24444038e+16, 0, 0, 0, 0
3.94166667, 0, 0, 5e+16, 0, 4.46666875e-19, 3.718e+18, 6.44e+20, 4.85, 4, 2.24580391, 96.4, 0.866667, 181.102832, 0, 4.17509468e+16, 45741665.7, 71.2686794, -0.0144667885, -3.89637259, 5e+16, 4.43455235e+15, -108.153048, -144.70163, 321.281893, 96.4, 96.4, 0.866667, 0.866667, 5e+16, 4.03864539e-08, 71.2686793, 0.761245031, 71.2686781, -71.2686163, -3.99004026e-08, -71.2686151, -0.0901041073, 6.14182511e-09, -0.0901039773, 0, 1.32265793e-08, 1.32265793e-08, 8461.91391, 8461.91391, 0, 0.27, 3.332, 0, -71.2686163, -0.090104101, 0, 4.24586585e+16, 0, 0, 0, 0
4, 0, 0, 5e+16, 0, 4.47319973e-19, 3.718e+18, 6.44e+20, 4.85, 4, 2.24637656, 96.4, 0.866667, 231.45802, 0, 4.15371498e+16, 93881326, 70.9000881, -0.0151848977, -3.91683729, 5e+16, 7.09954439e+15, -103.856062, -202.215712, 321.287257, 96.4, 96.4, 0.866667, 0.866667, 5e+16, 6.01025724e-08, 70.9000881, 0.761785179, 70.9000868, -70.9000147, -5.95523775e-08, -70.9000134, -0.100788605, 7.73091786e-09, -0.100788479, 0, 1.32268929e-08, 1.32268929e-08, 8016.45135, 8016.45135, 0, 0.27, 3.332, 0, -70.9000147, -0.100788597, 0, 4.24918301e+16, 0, 0, 0, 0
4.06666667, 0, 0, 5e+16, 0, 4.48092907e-19, 3.718e+18, 6.44e+20, 4.85, 4, 2.24709911, 96.4, 0.866667, 278.759711, 0, 4.13968294e+16, 212435181, 70.5737929, -0.016004797, -3.94015258, 5e+16, 2.05342266e+16, -99.7377736, -260.036317, 321.293585, 96.4, 96.4, 0.866667, 0.866667, 5e+16, 1.85960867e-07, 70.5737927, 0.763008507, 70.5737916, -70.5736519, -1.83702509e-07, -70.5736508, -0.134034564, 2.83963426e-08, -0.134034432, 0, 1.32272628e-08, 1.32272628e-08, 7692.46339, 7692.46339, 0, 0.27, 3.332, 0, -70.5736521, -0.134034535, 0, 4.25140438e+16, 0, 0, 0, 0
4.125, 0, 0, 5e+16, 0, 4.4876921e-19, 3.718e+18, 6.44e+20, 4.85, 4, 2.24758912, 96.4, 0.866667, 366.05671, 0, 4.10638009e+16, 436302141, 70.0216576, -0.0167221442, -3.96055434, 5e+16, 3.29970836e+16, -92.355042, -351.587693, 321.299123, 96.4, 96.4, 0.866667, 0.866667, 5e+16, 2.77860947e-07, 70.0216573, 0.763732167, 70.0216562, -70.0214913, -2.75303388e-07, -70.0214902, -0.150883832, 3.58060443e-08, -0.150883697, 0, 1.32275865e-08, 1.32275865e-08, 6963.37338, 6963.37338, 0, 0.27, 3.332, 0, -70.0214916, -0.150883796, 0, 4.25654675e+16, 0, 0, 0, 0
4.19166667, 0, 0, 5e+16, 0, 4.49568978e-19, 3.718e+18, 6.44e+20, 4.85, 4, 2.24825115, 96.4, 0.866667, 453.625381, 0, 4.08370662e+16, 985763652, 69.544029, -0.0175414572, -3.98376811, 5e+16, 9.48817803e+16, -85.1827278, -445.429742, 321.30565, 96.4, 96.4, 0.866667, 0.866667, 5e+16, 8.53194182e-07, 69.5440282, 0.765469851, 69.5440277, -69.5436959, -8.42627306e-07, -69.5436954, -0.204317517, 1.31473738e-07, -0.204317309, 0, 1.32279681e-08, 1.32279681e-08, 6427.6885, 6427.6885, 0, 0.27, 3.332, 0, -69.5436967, -0.204317386, 0, 4.260134e+16, 0, 0, 0, 0
4.25, 0, 0, 5e+16, 0, 4.50268761e-19, 3.718e+18, 6.44e+20, 4.85, 4, 2.24859989, 96.4, 0.866667, 602.060988, 0, 4.03040393e+16, 2.02851089e+09, 68.6973587, -0.0182582478, -4.00408345, 5e+16, 1.53450479e+17, -72.2097573, -596.189754, 321.311361, 96.4, 96.4, 0.866667, 0.866667, 5e+16, 1.28404473e-06, 68.6973574, 0.76647226, 68.6973574, -68.6969602, -1.27206653e-06, -68.6969601, -0.231654432, 1.66318343e-07, -0.231654193, 0, 1.3228302e-08, 1.3228302e-08, 5237.63609, 5237.63609, 0, 0.27, 3.332, 0, -68.6969614, -0.231654265, 0, 4.26833222e+16, 0, 0, 0, 0
4.31666667, 0, 0, 5e+16, 0, 4.51095714e-19, 3.718e+18, 6.44e+20, 4.85, 4, 2.24915404, 96.4, 0.866667, 757.683213, 0, 3.99259009e+16, 4.57755293e+09, 67.9487627, -0.0190778658, -4.02715684, 5e+16, 4.37905325e+17, -58.4915864, -755.372833, 321.318087, 96.4, 96.4, 0.866667, 0.866667, 5e+16, 3.90742745e-06, 67.9487589, 0.769086177, 67.9487614, -67.9478613, -3.85677212e-06, -67.9478638, -0.33040638, 6.15181292e-07, -0.330405728, 0, 1.32286952e-08, 1.32286952e-08, 4271.56944, 4271.56944, 0, 0.27, 3.332, 0, -67.9478652, -0.330405765, 0, 4.27435254e+16, 0, 0, 0, 0
4.375, 0, 0, 5e+16, 0, 4.51819283e-19, 3.718e+18, 6.44e+20, 4.85, 4, 2.24925196, 96.4, 0.866667, 1018.83517, 0, 3.90504606e+16, 9.4653518e+09, 66.5887894, -0.0197948254, -4.0473563, 5e+16, 7.16471897e+17, -33.0942673, -1017.34275, 321.323973, 96.4, 96.4, 0.866667, 0.866667, 5e+16, 5.96387591e-06, 66.5887836, 0.770552127, 66.5887881, -66.5876847, -5.90633036e-06, -66.5876893, -0.380085682, 7.83383943e-07, -0.380084868, 0, 1.32290393e-08, 1.32290393e-08, 2217.64376, 2217.64376, 0, 0.27, 3.332, 0, -66.5876906, -0.380084899, 0, 4.28776802e+16, 0, 0, 0, 0
4.44166667, 0, 0, 5e+16, 0, 4.52673747e-19, 3.718e+18, 6.44e+20, 4.85, 4, 2.2495839, 96.4, 0.866667, 1317.61018, 0, 3.83732299e+16, 2.13802204e+10, 65.1373419, -0.0206165083, -4.07023555, 5e+16, 2.02783272e+18, 1.98498372, -1317.60843, 321.3309, 96.4, 96.4, 0.866667, 0.866667, 5e+16, 1.79771765e-05, 65.1373242, 0.775130789, 65.1373405, -65.1337534, -1.77140409e-05, -65.1337697, -0.632532698, 2.99790784e-06, -0.632529737, 0, 1.32294442e-08, 1.32294442e-08, -71.4752027, -71.4752027, 0, 0.27, 3.332, 0, -65.1337711, -0.6325297, 0, 4.29871671e+16, 0, 0, 0, 0
4.5, 0, 0, 5e+16, 0, 4.53421386e-19, 3.718e+18, 6.44e+20, 4.85, 4, 2.24917468, 96.4, 0.866667, 1846.10297, 0, 3.68508491e+16, 4.47863082e+10, 62.6476885, -0.0213349467, -4.09028802, 5e+16, 3.39623021e+18, 69.9331448, -1844.08936, 321.336961, 96.4, 96.4, 0.866667, 0.866667, 5e+16, 2.83640624e-05, 62.6476604, 0.777571759, 62.6476871, -62.6431008, -2.80634644e-05, -62.6431274, -0.752424462, 3.87942128e-06, -0.752420641, 0, 1.32297986e-08, 1.32297986e-08, -4340.2809, -4340.2809, 0, 0.27, 3.332, 0, -62.6431289, -0.752420583, 0, 4.32195114e+16, 0, 0, 0, 0
4.56666667, 0, 0, 5e+16, 0, 4.54303734e-19, 3.718e+18, 6.44e+20, 4.85, 4, 2.24883322, 96.4, 0.866667, 2640.91485, 0, 3.53390708e+16, 1.02296268e+11, 58.3434975, -0.0221610112, -4.11280385, 5e+16, 9.60156377e+18, 239.408555, -2628.95974, 321.344088, 96.4, 96.4, 0.866667, 0.866667, 5e+16, 8.36547395e-05, 58.3434163, 0.788541689, 58.3434959, -58.3133048, -8.18919141e-05, -58.313385, -1.66483063, 1.65751602e-05, -1.66481433, 0, 1.32302153e-08, 1.32302153e-08, -13146.0865, -13146.0865, 0, 0.27, 3.332, 0, -58.3133866, -1.66481406, 0, 4.3471103e+16, 0, 0, 0, 0
4.625, 0, 0, 5e+16, 0, 4.5507577e-19, 3.718e+18, 6.44e+20, 4.85, 4, 2.24697231, 96.4, 0.866667, 4219.35183, 0, 3.22052765e+16, 2.23854453e+11, 52.4851818, -0.0228817937, -4.13261569, 5e+16, 1.70984025e+19, 572.475375, -4179.88315, 321.350325, 96.4, 96.4, 0.866667, 0.866667, 5e+16, 0.000146121489, 52.4850387, 0.793799895, 52.4851799, -52.4448028, -0.000144085174, -52.4449449, -2.05161536, 2.24191595e-05, -2.05159335, 0, 1.32305799e-08, 1.32305799e-08, -23278.5853, -23278.5853, 0, 0.27, 3.332, 0, -52.4449469, -2.05159294, 0, 4.39475873e+16, 0, 0, 0, 0
4.69166667, 0, 0, 5e+16, 0, 4.55986564e-19, 3.718e+18, 6.44e+20, 4.85, 4, 2.24263041, 96.4, 0.866667, 8251.78549, 0, 2.67185862e+16, 5.52482078e+11, 36.7558747, -0.0237296251, -4.15327754, 5e+16, 5.20882362e+19, 2061.15445, -7966.20428, 321.357655, 96.4, 96.4, 0.866667, 0.866667, 5e+16, 0.00037775313, 36.7555357, 0.820008739, 36.755871, -36.4584218, -0.000360636116, -36.4587784, -3.93185065, 0.000106302889, -3.93174581, 0, 1.32310084e-08, 1.32310084e-08, -26654.8536, -26654.8536, 0, 0.27, 3.332, 0, -36.4587825, -3.93174435, 0, 4.49013238e+16, 0, 0, 0, 0
4.75, 0, 0, 5e+16, 0, 4.5678351e-19, 3.718e+18, 6.44e+20, 4.85, 4, 2.23323157, 96.4, 0.866667, 15511.1464, 0, 1.85433644e+16, 1.49635558e+12, 26.1354575, -0.0244661614, -4.17145831, 5e+16, 1.20817014e+20, 4613.85048, -14808.9763, 321.36407, 96.4, 96.4, 0.866667, 0.866667, 5e+16, 0.000863456872, 26.134648, 0.829266999, 26.1354515, -25.7812308, -0.000843935717, -25.7820683, -4.2663604, 0.000154587525, -4.26620809, 0, 1.32313835e-08, 1.32313835e-08, -15860.2584, -15860.2584, 0, 0.27, 3.332, 0, -25.7820748, -4.26620582, 0, 4.61737821e+16, 0, 0, 0, 0
4.81666667, 0, 0, 5e+16, 0, 4.5772373e-19, 3.718e+18, 6.44e+20, 4.85, 4, 2.19089161, 96.3999636, 0.866667, 29067.393, 0, 3.85458691e+15, 9.61975811e+12, 10.1358764, -0.0256645819, -4.18063733, 5e+16, 1.44643226e+21, 8466.76839, -27806.8232, 321.37161, 96.4, 96.3999636, 0.866667, 0.866667, 5e+16, 0.00150691935, 10.1347139, 0.850666541, 10.1358519, -10.0254516, -0.00128291952, -10.0267089, -1.48054068, 0.00066315679, -1.47988291, 0, 1.32318243e-08, 1.32318243e-08, -10499.6879, -10499.6879, 0, 0.27, 3.332, 0, -10.0267346, -1.47987752, 0, 4.86263685e+16, 0, 0, 0, 0
4.875, 0, 0, 5e+16, 0, 4.58546408e-19, 3.718e+18, 6.44e+20, 4.85, 4, 2.1265529, 96.3999317, 0.866667, 46371.23, 0, 3.63968031e+14, 1.2875805e+14, 3.40740857, -0.0267013964, -4.1881288, 5e+16, 3.90049835e+21, 12778.7112, -44572.35, 321.378207, 96.4, 96.3999317, 0.866667, 0.866667, 5e+16, 0.00751623407, 3.40038726, 0.856769846, 3.40735726, -3.35648838, -0.00727319777, -3.36370893, -0.544498075, 0.00114223433, -0.543360554, 0, 1.32322101e-08, 1.32322101e-08, -7775.32882, -7775.32882, 0, 0.27, 3.332, 0, -3.36376158, -0.543355841, 0, 4.98412512e+16, 0, 0, 0, 0
4.94166667, 0, 0, 5e+16, 0, 4.59516447e-19, 3.718e+18, 6.44e+20, 4.85, 4, 2.03031257, 96.3903302, 0.866667, 62611.2884, 0, 1.04325402e+13, 4.21722954e+15, 0.243903786, -0.0288474602, -4.1885061, 5e+16, 2.60117997e+21, 11792.3652, -61335.5108, 321.385956, 96.4, 96.3903302, 0.866667, 0.866667, 5e+16, 0.00884174683, 0.236481699, 0.860403854, 0.243853347, -0.234013263, -0.0076717213, -0.24163407, -0.0339760397, 0.00250851616, -0.0315346723, 0, 1.32326631e-08, 1.32326631e-08, -1798.29052, -1798.29052, 0, 0.27, 3.332, 0, -0.241684984, -0.0314675236, 0, 4.99917002e+16, 0, 0, 0, 0
5, 0, 0, 5e+16, 0, 4.6036521e-19, 3.718e+18, 6.44e+20, 4.85, 4, 1.9063787, 96.3819288, 0.866667, 75653.6138, 0, 1.11130563e+11, 3.72845489e+17, 0.0388333796, -0.0307134031, -4.18874854, 5e+16, 6.93547704e+19, 7872.69875, -75223.2477, 321.392737, 96.3999998, 96.3819288, 0.866667, 0.866667, 5e+16, 0.0213174236, 0.0187701289, 0.861388432, 0.0387971343, -0.0186647707, -0.0201208941, -0.0387375266, -0.00198594463, 0.00332926744, 0.00143270162, 0, 1.32330596e-08, 1.32330596e-08, -576.119133, -576.119133, 0, 0.27, 3.332, 0, -0.0387856648, 0.00134332281, 0, 4.99998058e+16, 0, 0, 0, 0
5.06666667, 0, 0, 5e+16, 0, 4.61365249e-19, 3.718e+18, 6.44e+20, 4.85, 4, 1.90472718, 96.3831275, 0.866667, 79104.7475, 0, 9.40319545e+10, 3.95817406e+17, 0.02538968, -0.0337003231, -4.18874491, 5e+16, 5.07510273e+19, 3373.46637, -78965.7249, 321.400694, 96.3999998, 96.3831275, 0.866667, 0.866667, 5e+16, 0.0211586267, 0.00483115344, 0.862384245, 0.0253584543, -0.00483003299, -0.0203138624, -0.0251153988, -9.2022879e-05, 0.00300755207, 0.00301241584, 0, 1.32335248e-08, 1.32335248e-08, -427.642147, -427.642147, 0, 0.27, 3.332, 0, -0.0251438954, 0.00291552919, 0, 4.99998579e+16, 0, 0, 0, 0
5.125, 0, 0, 5e+16, 0, 4.62240257e-19, 3.718e+18, 6.44e+20, 4.85, 4, 1.90461076, 96.3841764, 0.866667, 78539.4853, 0, 8.51513047e+10, 3.97482681e+17, 0.0376877192, -0.0363447941, -4.1887417, 5e+16, 5.07152729e+19, 22.9514317, -78539.4758, 321.407657, 96.4, 96.3841764, 0.866667, 0.866667, 5e+16, 0.0334971094, 0.00478982792, 0.863355721, 0.037678705, -0.0047890516, -0.0326799464, -0.037468185, -8.62321116e-05, 0.00279117208, 0.00280747535, 0, 1.32339319e-08, 1.32339319e-08, -238.160109, -238.160109, 0, 0.27, 3.332, 0, -0.037468998, 0.00270493997, 0, 4.9999858e+16, 0, 0, 0, 0
5.19166667, 0, 0, 5e+16, 0, 4.63270195e-19, 3.718e+18, 6.44e+20, 4.85, 4, 1.90491077, 96.3839528, 0.866667, 78601.7707, 0, 7.74515093e+10, 3.93266327e+17, 0.0368341901, -0.0392815807, -4.1887381, 5e+16, 4.24803474e+19, -34.9576924, -78601.7582, 321.41582, 96.4, 96.3839528, 0.866667, 0.866667, 5e+16, 0.0333939582, 0.00386677787, 0.864492282, 0.0368257113, -0.00386658235, -0.0327626777, -0.0366290519, -3.88689178e-05, 0.00258123894, 0.00264672906, 0, 1.32344091e-08, 1.32344091e-08, -225.460323, -225.460323, 0, 0.27, 3.332, 0, -0.0366292601, 0.00254237001, 0, 4.99998811e+16, 0, 0, 0, 0
5.25, 0, 0, 5e+16, 0, 4.64171373e-19, 3.718e+18, 6.44e+20, 4.85, 4, 1.90491361, 96.3837572, 0.866667, 78751.9319, 0, 7.06306532e+10, 3.93233016e+17, 0.0468366661, -0.0418515638, -4.18873495, 5e+16, 4.24530625e+19, -39.9453595, -78751.9186, 321.422962, 96.4, 96.3837572, 0.866667, 0.866667, 5e+16, 0.0433983269, 0.00386487675, 0.865624587, 0.0468261697, -0.00386468193, -0.0427756988, -0.0466402017, -3.88050144e-05, 0.00243959665, 0.00250607878, 0, 1.32348268e-08, 1.32348268e-08, -210.216935, -210.216935, 0, 0.27, 3.332, 0, -0.0466403807, 0.00240079163, 0, 4.99998811e+16, 0, 0, 0, 0
5.31666667, 0, 0, 5e+16, 0, 4.65231766e-19, 3.718e+18, 6.44e+20, 4.85, 4, 1.90528987, 96.3834699, 0.866667, 79003.3958, 0, 6.4273157e+10, 3.87996056e+17, 0.0462930477, -0.0448525276, -4.18873139, 5e+16, 3.55894869e+19, -42.6756791, -79003.3803, 321.431331, 96.4, 96.3834699, 0.866667, 0.866667, 5e+16, 0.0432964395, 0.00331333321, 0.866884073, 0.0462834315, -0.00331317206, -0.0428125537, -0.046125572, -3.26773881e-05, 0.00225300537, 0.00232708429, 0, 1.32353161e-08, 1.32353161e-08, -197.594867, -197.594867, 0, 0.27, 3.332, 0, -0.0461257258, 0.00222032798, 0, 4.99999004e+16, 0, 0, 0, 0
5.375, 0, 0, 5e+16, 0, 4.66159595e-19, 3.718e+18, 6.44e+20, 4.85, 4, 1.90529377, 96.3832186, 0.866667, 79178.8498, 0, 5.84983078e+10, 3.87950187e+17, 0.0545016488, -0.0474783526, -4.18872826, 5e+16, 3.55666649e+19, -43.0069714, -79178.8342, 321.438654, 96.4, 96.3832186, 0.866667, 0.866667, 5e+16, 0.0515063727, 0.00331199901, 0.868129035, 0.0544909226, -0.00331183794, -0.0510268974, -0.054338582, -3.26622871e-05, 0.00212421403, 0.00219899611, 0, 1.32357443e-08, 1.32357443e-08, -184.052511, -184.052511, 0, 0.27, 3.332, 0, -0.0543387351, 0.00209155174, 0, 4.99999004e+16, 0, 0, 0, 0
5.44166667, 0, 0, 5e+16, 0, 4.67251033e-19, 3.718e+18, 6.44e+20, 4.85, 4, 1.90568278, 96.382913, 0.866667, 79442.3881, 0, 5.310502e+10, 3.82610819e+17, 0.0540297577, -0.0505592334, -4.1887247, 5e+16, 2.96823101e+19, -43.9031927, -79442.3718, 321.447232, 96.4, 96.382913, 0.866667, 0.866667, 5e+16, 0.0514221952, 0.0028404015, 0.869460086, 0.0540199509, -0.00284025673, -0.051052586, -0.0538926851, -2.86768355e-05, 0.00195866019, 0.00203890384, 0, 1.32362459e-08, 1.32362459e-08, -172.713502, -172.713502, 0, 0.27, 3.332, 0, -0.0538928426, 0.00192998336, 0, 4.99999169e+16, 0, 0, 0, 0
5.5, 0, 0, 5e+16, 0, 4.68206027e-19, 3.718e+18, 6.44e+20, 4.85, 4, 1.90568689, 96.3826456, 0.866667, 79623.3306, 0, 4.82132226e+10, 3.82564072e+17, 0.0606229639, -0.0532549644, -4.18872158, 5e+16, 2.96632148e+19, -44.1567534, -79623.3142, 321.454738, 96.4, 96.3826456, 0.866667, 0.866667, 5e+16, 0.0580165252, 0.00283927656, 0.870745959, 0.0606124687, -0.00283913184, -0.0576494593, -0.0604884328, -2.86655219e-05, 0.00184429493, 0.00192524806, 0, 1.32366848e-08, 1.32366848e-08, -160.640845, -160.640845, 0, 0.27, 3.332, 0, -0.0604885912, 0.0018156294, 0, 4.9999917e+16, 0, 0, 0, 0
5.56666667, 0, 0, 5e+16, 0, 4.69329147e-19, 3.718e+18, 6.44e+20, 4.85, 4, 1.90608633, 96.3823225, 0.866667, 79892.67, 0, 4.36444926e+10, 3.77159869e+17, 0.0602058878, -0.0564252569, -4.188718, 5e+16, 2.46245822e+19, -45.0661715, -79892.653, 321.463527, 96.4, 96.3823225, 0.866667, 0.866667, 5e+16, 0.0579471917, 0.00242767978, 0.872092823, 0.0601963362, -0.00242754834, -0.0576665727, -0.0600939561, -2.52614742e-05, 0.0016976394, 0.00178350958, 0, 1.32371986e-08, 1.32371986e-08, -150.517793, -150.517793, 0, 0.27, 3.332, 0, -0.0600941211, 0.00167237792, 0, 4.99999311e+16, 0, 0, 0, 0
5.625, 0, 0, 5e+16, 0, 4.70311861e-19, 3.718e+18, 6.44e+20, 4.85, 4, 1.90609061, 96.3820398, 0.866667, 80078.5959, 0, 3.95135672e+10, 3.77112573e+17, 0.0653662038, -0.0591992144, -4.18871486, 5e+16, 2.46086575e+19, -45.3487249, -80078.5788, 321.471218, 96.4, 96.3820398, 0.866667, 0.866667, 5e+16, 0.0631084648, 0.00242672194, 0.873358933, 0.0653561851, -0.00242659055, -0.062829432, -0.0652558579, -2.52518755e-05, 0.00159635177, 0.00168295891, 0, 1.32376483e-08, 1.32376483e-08, -139.777614, -139.777614, 0, 0.27, 3.332, 0, -0.0652560228, 0.00157109989, 0, 4.99999311e+16, 0, 0, 0, 0
5.69166667, 0, 0, 5e+16, 0, 4.71467277e-19, 3.718e+18, 6.44e+20, 4.85, 4, 1.90650179, 96.3816971, 0.866667, 80354.1519, 0, 3.56580437e+10, 3.71630869e+17, 0.0649966351, -0.0624680854, -4.18871124, 5e+16, 2.03097424e+19, -46.3322254, -80354.134, 321.480219, 96.4, 96.3816971, 0.866667, 0.866667, 5e+16, 0.0630505656, 0.00206700377, 0.874679434, 0.0649875776, -0.002066884, -0.062839094, -0.0649058062, -2.22507834e-05, 0.00146639414, 0.00155755355, 0, 1.32381747e-08, 1.32381747e-08, -130.740801, -130.740801, 0, 0.27, 3.332, 0, -0.0649059782, 0.00144414335, 0, 4.99999432e+16, 0, 0, 0, 0
5.75, 0, 0, 5e+16, 0, 4.72478249e-19, 3.718e+18, 6.44e+20, 4.85, 4, 1.90650623, 96.3813972, 0.866667, 80545.5817, 0, 3.21836346e+10, 3.71582887e+17, 0.0688880023, -0.0653282913, -4.18870807, 5e+16, 2.02965184e+19, -46.6316054, -80545.5638, 321.488096, 96.4, 96.3813972, 0.866667, 0.866667, 5e+16, 0.0669427481, 0.00206618828, 0.875891634, 0.0688786084, -0.00206606854, -0.0667323195, -0.068798216, -2.22424876e-05, 0.00137666354, 0.00146858894, 0, 1.32386353e-08, 1.32386353e-08, -121.182014, -121.182014, 0, 0.27, 3.332, 0, -0.068798388, 0.00135442105, 0, 4.99999432e+16, 0, 0, 0, 0
5.81666667, 0, 0, 5e+16, 0, 4.73666639e-19, 3.718e+18, 6.44e+20, 4.85, 4, 1.90692988, 96.3810331, 0.866667, 80827.9165, 0, 2.8943837e+10, 3.66019456e+17, 0.0685604421, -0.0687053252, -4.18870439, 5e+16, 1.66435172e+19, -47.723559, -80827.8976, 321.497312, 96.4, 96.3810331, 0.866667, 0.866667, 5e+16, 0.0668935976, 0.0017521604, 0.877161406, 0.0685520165, -0.00175205119, -0.0667354618, -0.0684873334, -1.95619439e-05, 0.00126186702, 0.00135806831, 0, 1.32391742e-08, 1.32391742e-08, -113.142342, -113.142342, 0, 0.27, 3.332, 0, -0.068487513, 0.00124230507, 0, 4.99999534e+16, 0, 0, 0, 0
5.875, 0, 0, 5e+16, 0, 4.74706465e-19, 3.718e+18, 6.44e+20, 4.85, 4, 1.90693447, 96.3807145, 0.866667, 81025.3253, 0, 2.60353415e+10, 3.65970768e+17, 0.0713298236, -0.071660166, -4.18870116, 5e+16, 1.66325902e+19, -48.0589356, -81025.3064, 321.505377, 96.4, 96.3807145, 0.866667, 0.866667, 5e+16, 0.0696636717, 0.00175146752, 0.878306252, 0.0713211456, -0.00175135835, -0.0695062443, -0.0712574229, -1.95547113e-05, 0.00118263172, 0.00127963203, 0, 1.32396458e-08, 1.32396458e-08, -104.661718, -104.661718, 0, 0.27, 3.332, 0, -0.0712576024, 0.00116307701, 0, 4.99999535e+16, 0, 0, 0, 0
5.94166667, 0, 0, 5e+16, 0, 4.75928509e-19, 3.718e+18, 6.44e+20, 4.85, 4, 1.90737214, 96.3803262, 0.866667, 81315.2134, 0, 2.332668e+10, 3.60311416e+17, 0.0710395872, -0.0751559485, -4.1886974, 5e+16, 1.35433577e+19, -49.2386528, -81315.1935, 321.51481, 96.4, 96.3803262, 0.866667, 0.866667, 5e+16, 0.0696209201, 0.00147793963, 0.879514243, 0.0710318771, -0.00147784008, -0.0695036811, -0.0709813333, -1.71533562e-05, 0.00108134037, 0.00118238261, 0, 1.32401974e-08, 1.32401974e-08, -97.5166404, -97.5166404, 0, 0.27, 3.332, 0, -0.070981521, 0.00106418702, 0, 4.99999621e+16, 0, 0, 0, 0
6, 0, 0, 5e+16, 0, 4.76997783e-19, 3.718e+18, 6.44e+20, 4.85, 4, 1.90737689, 96.3799865, 0.866667, 81519.2215, 0, 2.09047516e+10, 3.60261894e+17, 0.0728193017, -0.0782146856, -4.18869411, 5e+16, 1.35343789e+19, -49.5944432, -81519.2014, 321.523065, 96.4, 96.3799865, 0.866667, 0.866667, 5e+16, 0.0714012217, 0.0014773528, 0.880589291, 0.072811397, -0.00147725329, -0.0712844755, -0.0727615411, -1.71470423e-05, 0.00101145058, 0.00111332604, 0, 1.32406801e-08, 1.32406801e-08, -89.9999584, -89.9999584, 0, 0.27, 3.332, 0, -0.0727617288, 0.000994303544, 0, 4.99999621e+16, 0, 0, 0, 0
6.06666667, 0, 0, 5e+16, 0, 4.78254241e-19, 3.718e+18, 6.44e+20, 4.85, 4, 1.90782946, 96.3795717, 0.866667, 81817.3166, 0, 1.86522495e+10, 3.54502437e+17, 0.072562333, -0.0818411061, -4.18869026, 5e+16, 1.09351697e+19, -50.9043021, -81817.2954, 321.532717, 96.4, 96.3795717, 0.866667, 0.866667, 5e+16, 0.0713630688, 0.00123980411, 0.88173221, 0.0725553847, -0.0012397135, -0.0712769097, -0.0725164265, -1.49887988e-05, 0.000922443797, 0.00102817096, 0, 1.32412446e-08, 1.32412446e-08, -83.6764004, -83.6764004, 0, 0.27, 3.332, 0, -0.0725166232, 0.000907454999, 0, 4.99999694e+16, 0, 0, 0, 0
6.125, 0, 0, 5e+16, 0, 4.79353627e-19, 3.718e+18, 6.44e+20, 4.85, 4, 1.90783435, 96.3792087, 0.866667, 82028.49, 0, 1.66473704e+10, 3.54452021e+17, 0.0734714828, -0.0850141415, -4.18868688, 5e+16, 1.09278375e+19, -51.3041226, -82028.4688, 321.541164, 96.4, 96.3792087, 0.866667, 0.866667, 5e+16, 0.0722727137, 0.00123930905, 0.882739786, 0.07346438, -0.00123921847, -0.0721869027, -0.0734259244, -1.49832812e-05, 0.000861057496, 0.000967657105, 0, 1.32417385e-08, 1.32417385e-08, -77.0414913, -77.0414913, 0, 0.27, 3.332, 0, -0.0734261215, 0.000846074215, 0, 4.99999694e+16, 0, 0, 0, 0
6.19166667, 0, 0, 5e+16, 0, 4.80645263e-19, 3.718e+18, 6.44e+20, 4.85, 4, 1.90830371, 96.3787638, 0.866667, 82335.727, 0, 1.47857429e+10, 3.48576402e+17, 0.0732441072, -0.0887849399, -4.18868293, 5e+16, 8.75377347e+18, -52.7277097, -82335.7046, 321.551039, 96.4, 96.3787638, 0.866667, 0.866667, 5e+16, 0.0722376418, 0.00103373424, 0.883818232, 0.0732379399, -0.0010336519, -0.07217494, -0.0732083852, -1.30474613e-05, 0.000783004024, 0.000893288385, 0, 1.3242316e-08, 1.3242316e-08, -71.4554113, -71.4554113, 0, 0.27, 3.332, 0, -0.0732085922, 0.000769956563, 0, 4.99999755e+16, 0, 0, 0, 0
6.25, 0, 0, 5e+16, 0, 4.81775431e-19, 3.718e+18, 6.44e+20, 4.85, 4, 1.90830876, 96.3783745, 0.866667, 82554.8361, 0, 1.31368779e+10, 3.4852497e+17, 0.0733900736, -0.0920842938, -4.18867946, 5e+16, 8.74782672e+18, -53.1556108, -82554.8135, 321.55968, 96.4, 96.3783745, 0.866667, 0.866667, 5e+16, 0.0723840234, 0.00103331852, 0.884762301, 0.0733837821, -0.0010332362, -0.0723215708, -0.0733546003, -1.30426534e-05, 0.000729196115, 0.000840394392, 0, 1.32428213e-08, 1.32428213e-08, -65.6099168, -65.6099168, 0, 0.27, 3.332, 0, -0.0733548073, 0.000716153462, 0, 4.99999755e+16, 0, 0, 0, 0
6.31666667, 0, 0, 5e+16, 0, 4.83103104e-19, 3.718e+18, 6.44e+20, 4.85, 4, 1.9087961, 96.3778963, 0.866667, 82872.0678, 0, 1.16083371e+10, 3.4252734e+17, 0.0731889901, -0.0960154423, -4.18867538, 5e+16, 6.94069136e+18, -54.7488848, -82872.0437, 321.56978, 96.4, 96.3778963, 0.866667, 0.866667, 5e+16, 0.0723508975, 0.000856125291, 0.885778546, 0.073183601, -0.000856050624, -0.0723057279, -0.0731615609, -1.13062285e-05, 0.000661080543, 0.000775829385, 0, 1.3243412e-08, 1.3243412e-08, -60.6991543, -60.6991543, 0, 0.27, 3.332, 0, -0.0731617788, 0.000649774315, 0, 4.99999806e+16, 0, 0, 0, 0
6.375, 0, 0, 5e+16, 0, 4.84264804e-19, 3.718e+18, 6.44e+20, 4.85, 4, 1.90880131, 96.3774778, 0.866667, 83099.862, 0, 1.02620772e+10, 3.42474832e+17, 0.0726683548, -0.0994550884, -4.18867181, 5e+16, 6.93590473e+18, -55.2342953, -83099.8378, 321.578618, 96.4, 96.3774778, 0.866667, 0.866667, 5e+16, 0.0718306095, 0.000855777991, 0.88666329, 0.0726628654, -0.000855703348, -0.0717856191, -0.0726411043, -1.13020463e-05, 0.000614151556, 0.000729862174, 0, 1.32439289e-08, 1.32439289e-08, -55.5742426, -55.5742426, 0, 0.27, 3.332, 0, -0.0726413223, 0.00060284951, 0, 4.99999806e+16, 0, 0, 0, 0
6.44166667, 0, 0, 5e+16, 0, 4.85629394e-19, 3.718e+18, 6.44e+20, 4.85, 4, 1.90930908, 96.3769613, 0.866667, 83428.3168, 0, 9.0164445e+09, 3.36335283e+17, 0.0724905182, -0.103565551, -4.1886676, 5e+16, 5.44457295e+18, -56.9871799, -83428.2909, 321.588947, 96.4, 96.3769613, 0.866667, 0.866667, 5e+16, 0.0717984978, 0.000703733655, 0.887620117, 0.072485888, -0.000703666105, -0.0717663278, -0.0724697636, -9.75031032e-06, 0.000554880859, 0.000674027265, 0, 1.32445329e-08, 1.32445329e-08, -51.2687567, -51.2687567, 0, 0.27, 3.332, 0, -0.0724699938, 0.000545130548, 0, 4.99999848e+16, 0, 0, 0, 0
6.5, 0, 0, 5e+16, 0, 4.86823397e-19, 3.718e+18, 6.44e+20, 4.85, 4, 1.90931446, 96.3765093, 0.866667, 83665.8248, 0, 7.92606719e+09, 3.36281533e+17, 0.0713901788, -0.107162079, -4.18866392, 5e+16, 5.44075237e+18, -57.5142997, -83665.7988, 321.597984, 96.4, 96.3765093, 0.866667, 0.866667, 5e+16, 0.0706984468, 0.000703445186, 0.888449344, 0.0713854665, -0.000703377657, -0.0706664057, -0.071369553, -9.74668885e-06, 0.000514071229, 0.000634230974, 0, 1.32450614e-08, 1.32450614e-08, -46.7880492, -46.7880492, 0, 0.27, 3.332, 0, -0.0713697832, 0.00050432454, 0, 4.99999848e+16, 0, 0, 0, 0
6.56666667, 0, 0, 5e+16, 0, 4.8822589e-19, 3.718e+18, 6.44e+20, 4.85, 4, 1.90984441, 96.3759497, 0.866667, 84006.7068, 0, 6.91916229e+09, 3.29990635e+17, 0.0712328039, -0.111474498, -4.18865958, 5e+16, 4.21955471e+18, -59.503256, -84006.6788, 321.608544, 96.4, 96.3759497, 0.866667, 0.866667, 5e+16, 0.0706666507, 0.000573626173, 0.88934947, 0.0712288961, -0.000573565215, -0.0706440125, -0.0712173336, -8.36232101e-06, 0.000462791736, 0.000586302597, 0, 1.3245679e-08, 1.3245679e-08, -43.0345382, -43.0345382, 0, 0.27, 3.332, 0, -0.0712175776, 0.000454429416, 0, 4.99999882e+16, 0, 0, 0, 0
6.625, 0, 0, 5e+16, 0, 4.89453061e-19, 3.718e+18, 6.44e+20, 4.85, 4, 1.90984997, 96.3754601, 0.866667, 84254.9934, 0, 6.04398903e+09, 3.2993554e+17, 0.0696307148, -0.115247716, -4.18865577, 5e+16, 4.21653373e+18, -60.109934, -84254.9651, 321.617784, 96.4, 96.3754601, 0.866667, 0.866667, 5e+16, 0.0690647997, 0.000573388092, 0.890126407, 0.0696267408, -0.000573327153, -0.0690422547, -0.0696153378, -8.35919574e-06, 0.000427515081, 0.000552099282, 0, 1.32462194e-08, 1.32462194e-08, -39.1398168, -39.1398168, 0, 0.27, 3.332, 0, -0.0696155818, 0.000419155886, 0, 4.99999882e+16, 0, 0, 0, 0
6.69166667, 0, 0, 5e+16, 0, 4.90894477e-19, 3.718e+18, 6.44e+20, 4.85, 4, 1.91040549, 96.3748503, 0.866667, 84610.0351, 0, 5.23766469e+09, 3.23466794e+17, 0.0694912071, -0.119789608, -4.18865127, 5e+16, 3.22554777e+18, -62.339875, -84610.0046, 321.62858, 96.4, 96.3748503, 0.866667, 0.866667, 5e+16, 0.0690327422, 0.000463145746, 0.890972209, 0.0694879741, -0.000463090844, -0.0690170266, -0.0694798577, -7.13098139e-06, 0.00038332277, 0.000511193074, 0, 1.32468508e-08, 1.32468508e-08, -35.8794073, -35.8794073, 0, 0.27, 3.332, 0, -0.0694801174, 0.000376191789, 0, 4.9999991e+16, 0, 0, 0, 0
6.75, 0, 0, 5e+16, 0, 4.92155706e-19, 3.718e+18, 6.44e+20, 4.85, 4, 1.91041125, 96.3743168, 0.866667, 84870.5715, 0, 4.54233958e+09, 3.23410143e+17, 0.0674572834, -0.123763587, -4.18864734, 5e+16, 3.22318412e+18, -63.0127426, -84870.5408, 321.638026, 96.4, 96.3743168, 0.866667, 0.866667, 5e+16, 0.0669990135, 0.000462950628, 0.891699444, 0.0674539967, -0.000462895743, -0.0669833652, -0.0674460011, -7.12830099e-06, 0.000352950695, 0.000481960597, 0, 1.32474033e-08, 1.32474033e-08, -32.5069864, -32.5069864, 0, 0.27, 3.332, 0, -0.0674462609, 0.000345822394, 0, 4.9999991e+16, 0, 0, 0, 0
6.81666667, 0, 0, 5e+16, 0, 4.93637191e-19, 3.718e+18, 6.44e+20, 4.85, 4, 1.91099512, 96.3736495, 0.866667, 85241.6199, 0, 3.90330412e+09, 3.16747073e+17, 0.0673332333, -0.128568407, -4.18864269, 5e+16, 2.42703237e+18, -65.5999145, -85241.5864, 321.649062, 96.4, 96.3736495, 0.866667, 0.866667, 5e+16, 0.0669662427, 0.00036987131, 0.892492848, 0.0673306152, -0.000369821934, -0.0669554888, -0.0673250331, -6.04336259e-06, 0.000315127456, 0.000447388557, 0, 1.32480487e-08, 1.32480487e-08, -29.6938766, -29.6938766, 0, 0.27, 3.332, 0, -0.0673253108, 0.000309084094, 0, 4.99999932e+16, 0, 0, 0, 0
6.875, 0, 0, 5e+16, 0, 4.94933482e-19, 3.718e+18, 6.44e+20, 4.85, 4, 1.91100111, 96.3730656, 0.866667, 85516.0459, 0, 3.35728992e+09, 3.16688725e+17, 0.0649299662, -0.132772408, -4.18863862, 5e+16, 2.42520515e+18, -66.3924514, -85516.0121, 321.658718, 96.4, 96.3730656, 0.866667, 0.866667, 5e+16, 0.0645631343, 0.000369712616, 0.893172341, 0.0649273061, -0.000369663255, -0.0645524285, -0.0649218141, -6.04107669e-06, 0.000289168391, 0.000422646883, 0, 1.32486135e-08, 1.32486135e-08, -26.7944468, -26.7944468, 0, 0.27, 3.332, 0, -0.0649220918, 0.000283127314, 0, 4.99999932e+16, 0, 0, 0, 0
6.94166667, 0, 0, 5e+16, 0, 4.96456237e-19, 3.718e+18, 6.44e+20, 4.85, 4, 1.91161838, 96.3723295, 0.866667, 85905.7424, 0, 2.85709179e+09, 3.09792419e+17, 0.06481912, -0.137880786, -4.1886338, 5e+16, 1.79324702e+18, -69.3623194, -85905.7053, 321.669998, 96.4, 96.3723295, 0.866667, 0.866667, 5e+16, 0.0645292474, 0.000291615811, 0.893914769, 0.0648170507, -0.000291571436, -0.0645220068, -0.0648132806, -5.08708856e-06, 0.000256969082, 0.000393687227, 0, 1.32492732e-08, 1.32492732e-08, -24.3795723, -24.3795723, 0, 0.27, 3.332, 0, -0.0648135782, 0.000251881993, 0, 4.9999995e+16, 0, 0, 0, 0
7, 0, 0, 5e+16, 0, 4.97788642e-19, 3.718e+18, 6.44e+20, 4.85, 4, 1.91162463, 96.3716855, 0.866667, 86196.3178, 0, 2.43410989e+09, 3.09732021e+17, 0.0621023238, -0.142350351, -4.18862958, 5e+16, 1.79185408e+18, -70.2630607, -86196.2804, 321.679868, 96.4, 96.3716855, 0.866667, 0.866667, 5e+16, 0.0618125791, 0.000291487825, 0.894547882, 0.0621002223, -0.000291443463, -0.061805373, -0.0620965185, -5.08515031e-06, 0.000234905528, 0.0003729272, 0, 1.32498505e-08, 1.32498505e-08, -21.900272, -21.900272, 0, 0.27, 3.332, 0, -0.0620968166, 0.000229820377, 0, 4.9999995e+16, 0, 0, 0, 0
7.06666667, 0, 0, 5e+16, 0, 4.99354026e-19, 3.718e+18, 6.44e+20, 4.85, 4, 1.91227986, 96.3708686, 0.866667, 86607.5561, 0, 2.04816715e+09, 3.02574526e+17, 0.0620026155, -0.147811132, -4.18862459, 5e+16, 1.297175e+18, -73.7713188, -86607.5144, 321.691398, 96.4, 96.3708686, 0.866667, 0.866667, 5e+16, 0.0617772177, 0.000226437688, 0.895240247, 0.0620010229, -0.00022639787, -0.0617724244, -0.0619985028, -4.24623744e-06, 0.000207740047, 0.000349019972, 0, 1.32505249e-08, 1.32505249e-08, -19.8458148, -19.8458148, 0, 0.27, 3.332, 0, -0.0619988224, 0.00020349381, 0, 4.99999964e+16, 0, 0, 0, 0
7.125, 0, 0, 5e+16, 0, 5.00723732e-19, 3.718e+18, 6.44e+20, 4.85, 4, 1.91228641, 96.3701538, 0.866667, 86916.839, 0, 1.72573233e+09, 3.02511856e+17, 0.0590220379, -0.152588984, -4.18862023, 5e+16, 1.29613048e+18, -74.8497202, -86916.7969, 321.701487, 96.4, 96.3701538, 0.866667, 0.866667, 5e+16, 0.0587967423, 0.000226335476, 0.895827771, 0.0590204224, -0.00022629567, -0.0587919732, -0.0590179495, -4.24459885e-06, 0.000189169396, 0.000331849609, 0, 1.3251115e-08, 1.3251115e-08, -17.7460272, -17.7460272, 0, 0.27, 3.332, 0, -0.059018269, 0.000184924798, 0, 4.99999964e+16, 0, 0, 0, 0
7.19166667, 0, 0, 5e+16, 0, 5.02333178e-19, 3.718e+18, 6.44e+20, 4.85, 4, 1.91298709, 96.369238, 0.866667, 87353.5149, 0, 1.43313632e+09, 2.95038971e+17, 0.058931608, -0.1584609, -4.18861506, 5e+16, 9.15480571e+17, -78.9193816, -87353.4676, 321.713274, 96.4, 96.369238, 0.866667, 0.866667, 5e+16, 0.0587595625, 0.000172658806, 0.896470467, 0.0589304189, -0.000172623233, -0.0587564467, -0.0589287282, -3.50463371e-06, 0.00016643487, 0.000312409383, 0, 1.32518044e-08, 1.32518044e-08, -16.0122237, -16.0122237, 0, 0.27, 3.332, 0, -0.0589290701, 0.000162930236, 0, 4.99999974e+16, 0, 0, 0, 0
7.25, 0, 0, 5e+16, 0, 5.03741444e-19, 3.718e+18, 6.44e+20, 4.85, 4, 1.91299401, 96.3684367, 0.866667, 87684.8452, 0, 1.19202506e+09, 2.94973566e+17, 0.0557315403, -0.163598407, -4.18861054, 5e+16, 9.14712546e+17, -80.1569631, -87684.7975, 321.723586, 96.4, 96.3684367, 0.866667, 0.866667, 5e+16, 0.0555595755, 0.000172578174, 0.897012644, 0.0557303371, -0.000172542612, -0.0555564765, -0.0557286773, -3.50325041e-06, 0.000150936335, 0.00029841147, 0, 1.32524076e-08, 1.32524076e-08, -14.2486771, -14.2486771, 0, 0.27, 3.332, 0, -0.0557290192, 0.000147433085, 0, 4.99999974e+16, 0, 0, 0, 0
7.31666667, 0, 0, 5e+16, 0, 5.05396587e-19, 3.718e+18, 6.44e+20, 4.85, 4, 1.91374683, 96.3674022, 0.866667, 88151.1246, 0, 974686996, 2.87148369e+17, 0.0556487287, -0.169953567, -4.18860519, 5e+16, 6.2758685e+17, -85.003354, -88151.0704, 321.735635, 96.4, 96.3674022, 0.866667, 0.866667, 5e+16, 0.0555202493, 0.000128839103, 0.897605554, 0.0556478704, -0.000128807594, -0.0555182593, -0.0556467022, -2.84921153e-06, 0.000132153779, 0.000282974798, 0, 1.32531123e-08, 1.32531123e-08, -12.8044478, -12.8044478, 0, 0.27, 3.332, 0, -0.0556470669, 0.000129304568, 0, 4.99999982e+16, 0, 0, 0, 0
7.375, 0, 0, 5e+16, 0, 5.0684484e-19, 3.718e+18, 6.44e+20, 4.85, 4, 1.91375418, 96.366497, 0.866667, 88508.2335, 0, 798486642, 2.87079899e+17, 0.0522684977, -0.1755138, -4.18860051, 5e+16, 6.27035179e+17, -86.4984524, -88508.1786, 321.746178, 96.4, 96.366497, 0.866667, 0.866667, 5e+16, 0.0521400813, 0.000128776494, 0.898102079, 0.0522676358, -0.000128744995, -0.0521381031, -0.0522664834, -2.84804803e-06, 0.000119400506, 0.000271827021, 0, 1.3253729e-08, 1.3253729e-08, -11.3440095, -11.3440095, 0, 0.27, 3.332, 0, -0.0522668481, 0.000116552458, 0, 4.99999982e+16, 0, 0, 0, 0
7.44166667, 0, 0, 5e+16, 0, 5.08547442e-19, 3.718e+18, 6.44e+20, 4.85, 4, 1.91457, 96.365314, 0.866667, 89009.7787, 0, 640970575, 2.78831878e+17, 0.0521917567, -0.182444606, -4.18859496, 5e+16, 4.15606694e+17, -92.2139692, -89009.7155, 321.758498, 96.4, 96.365314, 0.866667, 0.866667, 5e+16, 0.0520982586, 9.37095953e-05, 0.898644562, 0.0521911625, -9.36820226e-05, -0.0520970093, -0.0521903029, -2.27307438e-06, 0.000104070059, 0.000259894444, 0, 1.32544497e-08, 1.32544497e-08, -10.1552997, -10.1552997, 0, 0.27, 3.332, 0, -0.0521906914, 0.000101796985, 0, 4.99999988e+16, 0, 0, 0, 0
7.5, 0, 0, 5e+16, 0, 5.10037228e-19, 3.718e+18, 6.44e+20, 4.85, 4, 1.91457786, 96.3642789, 0.866667, 89397.6681, 0, 515683238, 2.78759761e+17, 0.0486662128, -0.188508371, -4.18859011, 5e+16, 4.15221256e+17, -93.9649722, -89397.6041, 321.769278, 96.4, 96.3642789, 0.866667, 0.866667, 5e+16, 0.0485727618, 9.3661942e-05, 0.899094584, 0.0486656242, -9.36343782e-05, -0.0485715209, -0.0486647669, -2.27210573e-06, 9.37134823e-05, 0.000251248053, 0, 1.32550802e-08, 1.32550802e-08, -8.9618501, -8.9618501, 0, 0.27, 3.332, 0, -0.0486651554, 9.14413763e-05, 0, 4.99999988e+16, 0, 0, 0, 0
7.56666667, 0, 0, 5e+16, 0, 5.11789319e-19, 3.718e+18, 6.44e+20, 4.85, 4, 1.91546743, 96.3629121, 0.866667, 89941.1546, 0, 404731177, 2.7003374e+17, 0.0485940029, -0.196139223, -4.18858437, 5e+16, 2.63841993e+17, -100.999028, -89941.0795, 321.781877, 96.4, 96.3629121, 0.866667, 0.866667, 5e+16, 0.0485280217, 6.61061068e-05, 0.899585466, 0.0485936108, -6.60823424e-05, -0.0485272479, -0.0485929163, -1.77238175e-06, 8.14244728e-05, 0.000242420327, 0, 1.32558173e-08, 1.32558173e-08, -8.00072328, -8.00072328, 0, 0.27, 3.332, 0, -0.0485933304, 7.9652091e-05, 0, 4.99999993e+16, 0, 0, 0, 0
7.625, 0, 0, 5e+16, 0, 5.13322413e-19, 3.718e+18, 6.44e+20, 4.85, 4, 1.91547591, 96.3617162, 0.866667, 90366.032, 0, 318532929, 2.69957509e+17, 0.0449538547, -0.202815297, -4.18857934, 5e+16, 2.63581431e+17, -103.19586, -90365.9559, 321.792901, 96.4, 96.3617162, 0.866667, 0.866667, 5e+16, 0.044887909, 6.60707109e-05, 0.899987563, 0.0449534788, -6.60469546e-05, -0.0448871405, -0.0449527733, -1.77158852e-06, 7.31897906e-05, 0.000236008953, 0, 1.32564622e-08, 1.32564622e-08, -7.04612388, -7.04612388, 0, 0.27, 3.332, 0, -0.0449531875, 7.14182021e-05, 0, 4.99999993e+16, 0, 0, 0, 0
7.69166667, 0, 0, 5e+16, 0, 5.15126222e-19, 3.718e+18, 6.44e+20, 4.85, 4, 1.91645804, 96.3601092, 0.866667, 90961.644, 0, 243035379, 2.60637868e+17, 0.0448845117, -0.211323662, -4.18857339, 5e+16, 1.58857282e+17, -112.007477, -90961.5527, 321.80579, 96.4, 96.3601092, 0.866667, 0.866667, 5e+16, 0.0448396619, 4.49253169e-05, 0.900425122, 0.0448842691, -4.49051433e-05, -0.0448391857, -0.0448836474, -1.34617976e-06, 6.35137648e-05, 0.000229865851, 0, 1.32572162e-08, 1.32572162e-08, -6.28206141, -6.28206141, 0, 0.27, 3.332, 0, -0.0448840909, 6.21675851e-05, 0, 4.99999996e+16, 0, 0, 0, 0
7.75, 0, 0, 5e+16, 0, 5.16704577e-19, 3.718e+18, 6.44e+20, 4.85, 4, 1.91646729, 96.3587031, 0.866667, 91432.922, 0, 186069760, 2.60556554e+17, 0.0411567525, -0.218767195, -4.18856818, 5e+16, 1.58688005e+17, -114.763009, -91432.8293, 321.817068, 96.4, 96.3587031, 0.866667, 0.866667, 5e+16, 0.0411119282, 4.48997763e-05, 0.900777262, 0.0411565391, -4.48796098e-05, -0.0411114556, -0.0411558917, -1.34554583e-06, 5.71107313e-05, 0.000225408659, 0, 1.32578759e-08, 1.32578759e-08, -5.53595042, -5.53595042, 0, 0.27, 3.332, 0, -0.0411563352, 5.57651855e-05, 0, 4.99999996e+16, 0, 0, 0, 0
7.81666667, 0, 0, 5e+16, 0, 5.18562711e-19, 3.718e+18, 6.44e+20, 4.85, 4, 1.9175655, 96.3567776, 0.866667, 92095.1571, 0, 136820739, 2.50513167e+17, 0.0410883287, -0.228417613, -4.18856202, 5e+16, 8.9249713e+16, -126.583165, -92095.0417, 321.83026, 96.4, 96.3567776, 0.866667, 0.866667, 5e+16, 0.0410592557, 2.91198825e-05, 0.901159204, 0.0410881941, -2.91030252e-05, -0.0410589604, -0.041087585, -9.9069773e-07, 4.97044219e-05, 0.000221641807, 0, 1.32586476e-08, 1.32586476e-08, -4.94477895, -4.94477895, 0, 0.27, 3.332, 0, -0.0410880634, 4.87137242e-05, 0, 4.99999998e+16, 0, 0, 0, 0
7.875, 0, 0, 5e+16, 0, 5.20188608e-19, 3.718e+18, 6.44e+20, 4.85, 4, 1.91757574, 96.3550927, 0.866667, 92626.7699, 0, 101056258, 2.50425672e+17, 0.0372966918, -0.236859823, -4.18855663, 5e+16, 8.91450719e+16, -130.368974, -92626.6523, 321.841802, 96.4, 96.3550927, 0.866667, 0.866667, 5e+16, 0.0372676366, 2.91020764e-05, 0.901458702, 0.0372966021, -2.90852252e-05, -0.0372673435, -0.0372959503, -9.90204121e-07, 4.49213213e-05, 0.000218951968, 0, 1.32593228e-08, 1.32593228e-08, -4.38567616, -4.38567616, 0, 0.27, 3.332, 0, -0.0372964287, 4.39311171e-05, 0, 4.99999998e+16, 0, 0, 0, 0
7.94166667, 0, 0, 5e+16, 0, 5.22104018e-19, 3.718e+18, 6.44e+20, 4.85, 4, 1.9188335, 96.3527099, 0.866667, 93380.4594, 0, 70656360.2, 2.39394297e+17, 0.0372266841, -0.24806963, -4.18855025, 5e+16, 4.56230342e+16, -147.093329, -93380.3052, 321.85531, 96.4, 96.3527099, 0.866667, 0.866667, 5e+16, 0.0372089936, 1.77208104e-05, 0.901782145, 0.0372266294, -1.77069391e-05, -0.0372088042, -0.0372259904, -7.01019987e-07, 3.94610546e-05, 0.000217270684, 0, 1.32601131e-08, 1.32601131e-08, -3.94394412, -3.94394412, 0, 0.27, 3.332, 0, -0.0372265112, 3.87600346e-05, 0, 4.99999999e+16, 0, 0, 0, 0
8, 0, 0, 5e+16, 0, 5.23780041e-19, 3.718e+18, 6.44e+20, 4.85, 4, 1.91884511, 96.3506249, 0.866667, 93996.3875, 0, 49690012, 2.39298434e+17, 0.03339238, -0.25787514, -4.18854467, 5e+16, 4.55624185e+16, -152.511178, -93996.2297, 321.86713, 96.4, 96.3506249, 0.866667, 0.866667, 5e+16, 0.0333747014, 1.77089133e-05, 0.902025593, 0.0333923905, -1.76950471e-05, -0.0333745133, -0.0333916875, -7.00646981e-07, 3.61093704e-05, 0.000216185982, 0, 1.32608046e-08, 1.32608046e-08, -3.55305572, -3.55305572, 0, 0.27, 3.332, 0, -0.0333922084, 3.54087234e-05, 0, 4.99999999e+16, 0, 0, 0, 0
8.06666667, 0, 0, 5e+16, 0, 5.25756238e-19, 3.718e+18, 6.44e+20, 4.85, 4, 1.92033121, 96.3475474, 0.866667, 94884.3274, 0, 32294615.4, 2.26884527e+17, 0.0333171368, -0.271341977, -4.18853806, 5e+16, 2.033802e+16, -178.83644, -94884.1013, 321.880971, 96.4, 96.3475474, 0.866667, 0.866667, 5e+16, 0.0333072934, 9.8636264e-06, 0.90228706, 0.0333171499, -9.85247642e-06, -0.0333071613, -0.033316441, -4.68863873e-07, 3.24047851e-05, 0.000216456737, 0, 1.32616144e-08, 1.32616144e-08, -3.2478318, -3.2478318, 0, 0.27, 3.332, 0, -0.0333170138, 3.19359212e-05, 0, 4.99999999e+16, 0, 0, 0, 0
8.125, 0, 0, 5e+16, 0, 5.27485458e-19, 3.718e+18, 6.44e+20, 4.85, 4, 1.92034482, 96.3448545, 0.866667, 95627.7132, 0, 21155967.1, 2.26777053e+17, 0.0294600092, -0.283119973, -4.18853227, 5e+16, 2.03059497e+16, -187.632051, -95627.4801, 321.893084, 96.4, 96.3448545, 0.866667, 0.866667, 5e+16, 0.0294501733, 9.85611489e-06, 0.902470268, 0.0294601163, -9.84496926e-06, -0.0294500417, -0.0294593141, -4.68590153e-07, 3.04405718e-05, 0.000216976196, 0, 1.3262323e-08, 1.3262323e-08, -3.02419677, -3.02419677, 0, 0.27, 3.332, 0, -0.0294598867, 2.99719817e-05, 0, 4.99999999e+16, 0, 0, 0, 0
8.19166667, 0, 0, 5e+16, 0, 5.29526501e-19, 3.718e+18, 6.44e+20, 4.85, 4, 1.92220187, 96.3405754, 0.866667, 96738.3072, 0, 12260353.1, 2.12159737e+17, 0.0293731869, -0.300140889, -4.18852542, 5e+16, 7.314015e+15, -234.874505, -96737.9193, 321.90728, 96.4, 96.3405754, 0.866667, 0.866667, 5e+16, 0.0293684083, 4.79239745e-06, 0.902665726, 0.0293732812, -4.78372129e-06, -0.029368298, -0.0293724465, -2.88241021e-07, 2.84716536e-05, 0.000219220736, 0, 1.32631536e-08, 1.32631536e-08, -2.85576343, -2.85576343, 0, 0.27, 3.332, 0, -0.0293730817, 2.81834127e-05, 0, 5e+16, 0, 0, 0, 0
8.25, 0, 0, 5e+16, 0, 5.31312467e-19, 3.718e+18, 6.44e+20, 4.85, 4, 1.92221874, 96.3368312, 0.866667, 97701.6434, 0, 7183062.82, 2.1203397e+17, 0.0255141999, -0.315022633, -4.18851942, 5e+16, 7.29919503e+15, -251.141438, -97701.2379, 321.919704, 96.4, 96.3368312, 0.866667, 0.866667, 5e+16, 0.0255094257, 4.78802872e-06, 0.902783671, 0.0255144325, -4.77935619e-06, -0.025509315, -0.0255134595, -2.88048992e-07, 2.80708797e-05, 0.000221565375, 0, 1.32638804e-08, 1.32638804e-08, -2.82747801, -2.82747801, 0, 0.27, 3.332, 0, -0.0255140944, 2.77828308e-05, 0, 5e+16, 0, 0, 0, 0
8.31666667, 0, 0, 5e+16, 0, 5.33423143e-19, 3.718e+18, 6.44e+20, 4.85, 4, 1.92476224, 96.3301033, 0.866667, 99230.5088, 0, 3421769.8, 1.93522299e+17, 0.0254042715, -0.338171517, -4.1885123, 5e+16, 1.82221829e+15, -346.290775, -99229.6701, 321.93428, 96.4, 96.3301033, 0.866667, 0.866667, 5e+16, 0.0254024216, 1.85900123e-06, 0.902908668, 0.0254045139, -1.85289967e-06, -0.025402295, -0.0254034441, -1.50490691e-07, 2.80809998e-05, 0.000226057369, 0, 1.32647333e-08, 1.32647333e-08, -2.82308724, -2.82308724, 0, 0.27, 3.332, 0, -0.0254041479, 2.79305091e-05, 0, 5e+16, 0, 0, 0, 0
8.375, 0, 0, 5e+16, 0, 5.35270032e-19, 3.718e+18, 6.44e+20, 4.85, 4, 1.92478521, 96.3242163, 0.866667, 100623.728, 0, 1654096.49, 1.9336492e+17, 0.0215692012, -0.35839664, -4.18850608, 5e+16, 1.81676533e+15, -379.897534, -100622.838, 321.947035, 96.4, 96.3242163, 0.866667, 0.866667, 5e+16, 0.0215673536, 1.85678094e-06, 0.902955526, 0.0215696559, -1.85068263e-06, -0.0215672249, -0.0215683733, -1.50362916e-07, 2.97449308e-05, 0.000230783782, 0, 1.32654796e-08, 1.32654796e-08, -3.06689045, -3.06689045, 0, 0.27, 3.332, 0, -0.0215690756, 2.95945679e-05, 0, 5e+16, 0, 0, 0, 0
8.44166667, 0, 0, 5e+16, 0, 5.3745553e-19, 3.718e+18, 6.44e+20, 4.85, 4, 1.92874754, 96.3114279, 0.866667, 102990.844, 0, 558434.346, 1.67688973e+17, 0.0214204578, -0.392521832, -4.1884987, 5e+16, 2.3841065e+14, -572.642286, -102988.61, 321.962017, 96.4, 96.3114279, 0.866667, 0.866667, 5e+16, 0.0214199693, 4.92985369e-07, 0.903005542, 0.0214210457, -4.90038773e-07, -0.0214197614, -0.0214194976, -5.38182059e-08, 3.16725053e-05, 0.000237357508, 0, 1.32663562e-08, 1.32663562e-08, -3.25112376, -3.25112376, 0, 0.27, 3.332, 0, -0.0214202514, 3.16186871e-05, 0, 5e+16, 0, 0, 0, 0
8.5, 0, 0, 5e+16, 0, 5.39367867e-19, 3.718e+18, 6.44e+20, 4.85, 4, 1.92878319, 96.3002381, 0.866667, 105266.091, 0, 191560.697, 1.67476071e+17, 0.0176387534, -0.422281737, -4.18849225, 5e+16, 2.37103155e+14, -641.118541, -105263.692, 321.975128, 96.4, 96.3002381, 0.866667, 0.866667, 5e+16, 0.0176382659, 4.92110568e-07, 0.90297492, 0.0176396766, -4.89166917e-07, -0.0176380524, -0.0176377919, -5.37450055e-08, 3.54166389e-05, 0.000244487229, 0, 1.32671232e-08, 1.32671232e-08, -3.80417707, -3.80417707, 0, 0.27, 3.332, 0, -0.0176385416, 3.53628939e-05, 0, 5e+16, 0, 0, 0, 0
8.56666667, 0, 0, 5e+16, 0, 5.41633287e-19, 3.718e+18, 6.44e+20, 4.85, 4, 1.93563601, 96.2698266, 0.866667, 109334.317, 0, 36553.7405, 1.30874208e+17, 0.0174434022, -0.475135507, -4.18848458, 5e+16, 1.07585032e+13, -1052.70505, -109327.17, 321.990541, 96.4, 96.2698266, 0.866667, 0.866667, 5e+16, 0.0174433334, 6.99161966e-08, 0.902946185, 0.0174448434, -6.92945484e-08, -0.0174429116, -0.0174422607, -9.30252391e-09, 3.78288574e-05, 0.00025135588, 0, 1.32680251e-08, 1.32680251e-08, -4.12807964, -4.12807964, 0, 0.27, 3.332, 0, -0.0174429809, 3.78195549e-05, 0, 5e+16, 0, 0, 0, 0
8.625, 0, 0, 5e+16, 0, 5.43615495e-19, 3.718e+18, 6.44e+20, 4.85, 4, 1.93569766, 96.2432166, 0.866667, 113472.388, 0, 7044.86917, 1.30585886e+17, 0.0137314276, -0.520926376, -4.18847787, 5e+16, 1.06160228e+13, -1202.31441, -113464.626, 322.004028, 96.4, 96.2432166, 0.866667, 0.866667, 5e+16, 0.013731359, 6.97005618e-08, 0.902831866, 0.0137333964, -6.90803952e-08, -0.0137309274, -0.0137302866, -9.27724088e-09, 4.17117224e-05, 0.000258788114, 0, 1.32688143e-08, 1.32688143e-08, -4.79485213, -4.79485213, 0, 0.27, 3.332, 0, -0.0137309965, 4.17024452e-05, 0, 5e+16, 0, 0, 0, 0
8.69166667, 0, 0, 5e+16, 0, 5.459641e-19, 3.718e+18, 6.44e+20, 4.85, 4, 1.94886697, 96.141708, 0.866667, 121312.272, 0, 678.670291, 8.1277177e+16, 0.0135216917, -0.599073813, -4.1884699, 5e+16, 1.36230513e+11, -2211.71135, -121283.778, 322.019883, 96.4, 96.141708, 0.866667, 0.866667, 5e+16, 0.013521688, 3.75809547e-09, 0.902723074, 0.0135252639, -3.71950349e-09, -0.0135209445, -0.013520472, -5.37191217e-10, 3.97017245e-05, 0.0002603375, 0, 1.32697421e-08, 1.32697421e-08, -4.87135045, -4.87135045, 0, 0.27, 3.332, 0, -0.0135209482, 3.97011872e-05, 0, 5e+16, 0, 0, 0, 0
8.75, 0, 0, 5e+16, 0, 5.48018983e-19, 3.718e+18, 6.44e+20, 4.85, 4, 1.94898604, 96.0528879, 0.866667, 129876.806, 0, 73.5052313, 8.09310534e+16, 0.00983722975, -0.665054378, -4.18846294, 5e+16, 1.31951874e+11, -2593.19401, -129845.456, 322.033756, 96.4, 96.0528879, 0.866667, 0.866667, 5e+16, 0.00983722612, 3.73441813e-09, 0.902520879, 0.00984159179, -3.69605804e-09, -0.00983648039, -0.00983603566, -5.33885503e-10, 3.71129334e-05, 0.00026089536, 0, 1.32705539e-08, 1.32705539e-08, -4.72011423, -4.72011423, 0, 0.27, 3.332, 0, -0.00983648409, 3.71123995e-05, 0, 5e+16, 0, 0, 0, 0
8.81666667, 0, 0, 5e+16, 0, 5.50449444e-19, 3.718e+18, 6.44e+20, 4.85, 4, 1.97826701, 95.4291143, 0.866667, 147972.957, 0, 5.03615306, 2.81908951e+16, 0.00970257951, -0.768524542, -4.18845466, 5e+16, 907739327, -6458.47098, -147769.809, 322.050034, 96.4, 95.4291143, 0.866667, 0.866667, 5e+16, 0.00970257944, 7.1645517e-11, 0.902336501, 0.00971158351, -7.09113219e-11, -0.00970217173, -0.00970240255, -1.0230532e-11, 2.66306121e-05, 0.000251949944, 0, 1.32715064e-08, 1.32715064e-08, -3.78357716, -3.78357716, 0, 0.27, 3.332, 0, -0.0097021718, 2.66306019e-05, 0, 5e+16, 0, 0, 0, 0
8.875, 0, 0, 5e+16, 0, 5.52575805e-19, 3.718e+18, 6.44e+20, 4.85, 4, 1.97853656, 94.8833124, 0.866667, 172244.786, 0, 3.69249735, 2.79196134e+16, 0.00591959032, -0.850498791, -4.18844744, 5e+16, 881107841, -8140.7484, -172013.581, 322.064276, 96.4, 94.8833124, 0.866667, 0.866667, 5e+16, 0.00591959025, 7.09313984e-11, 0.902048487, 0.00593006866, -7.02049102e-11, -0.00591920224, -0.00591962224, -1.01258999e-11, 1.21915859e-05, 0.000238997411, 0, 1.32723398e-08, 1.32723398e-08, -1.162367, -1.162367, 0, 0.27, 3.332, 0, -0.00591920231, 1.21915758e-05, 0, 5e+16, 0, 0, 0, 0
8.94166667, 0, 0, 5e+16, 0, 5.55079613e-19, 3.718e+18, 6.44e+20, 4.85, 4, 2.07824739, 84.983067, 0.866667, 205188.858, 0, 0.120546047, 7.69110795e+14, 0.00588542002, -1.01797522, -4.18843873, 5e+16, 9139139.63, -52147.8485, -193976.008, 322.080908, 96.4, 84.983067, 0.866667, 0.866667, 5e+16, 0.00588542002, 1.53032475e-12, 0.901804517, 0.00590495498, -1.51981559e-12, -0.00588541383, -0.00588971946, -1.79018927e-13, 7.09766648e-06, 0.000231936366, 0, 1.32733131e-08, 1.32733131e-08, -0.510415759, -0.510415759, 0, 0.27, 3.332, 0, -0.00588541383, 7.0976663e-06, 0, 5e+16, 0, 0, 0, 0
9, 0, 0, 5e+16, 0, 5.5727006e-19, 3.718e+18, 6.44e+20, 4.85, 4, 2.07982573, 76.3203523, 0.866667, 228838.669, 0, 0.11994891, 7.26751252e+14, 0.00197446088, -1.111634, -4.18843122, 5e+16, 9090564.38, -110395.372, -199920.289, 322.095459, 96.4, 76.3203523, 0.866667, 0.866667, 5e+16, 0.00197446088, 1.52584591e-12, 0.901447418, 0.00200589873, -1.51538594e-12, -0.00197445893, -0.00198387502, -1.78356875e-13, 6.19035983e-08, 0.000221849828, 0, 1.32741646e-08, 1.32741646e-08, 0.662272438, 0.662272438, 0, 0.27, 3.332, 0, -0.00197445893, 6.190342e-08, 0, 5e+16, 0, 0, 0, 0
9.06666667, 0, 0, 5e+16, 0, 5.59833915e-19, 3.718e+18, 6.44e+20, 4.85, 4, 3.29919601, 84.8376612, 0.866667, 219964.345, 0, 64.2088957, 4.44891801e+10, 0.00197428925, -2.18455289, -5.13847656, 5e+16, 7.09726838e+10, -149270.359, -155534.092, 322.112349, 94.2081634, 87.0053881, 0.866667, 0.866667, 5e+16, 0.00197428659, 2.65769619e-09, 0.901179756, 0.00201426951, -2.62822636e-09, -0.00197428659, -0.00198174512, 3.94683727e-10, 3.59049375e-08, 0.000230720593, 0, 1.32751531e-08, 1.32751531e-08, 0.6666864, 0.6666864, 0, 0.27, 3.332, 0, -0.00197428922, 3.62996212e-08, 0, 5e+16, 0, 0, 0, 0
9.125, 0, 0, 5e+16, 0, 5.6207694e-19, 3.718e+18, 6.44e+20, 4.85, 4, 4.50404568, 90.3377523, 0.866667, 195204.976, 0, 196.036649, 43424.0385, 1.27517168e-08, -3.1891847, -5.95909742, 5e+16, 7.11632035e+10, -165929.424, -102280.508, 322.127126, 90.3377523, 96.3547945, 0.866667, 0.866667, 5e+16, 1.00937277e-08, 2.65996883e-09, 0.900799587, 4.57882536e-05, -2.63047386e-09, -1.00934847e-08, -4.44757086e-06, 3.95020875e-10, -1.43098126e-11, 4.55699871e-05, 0, 1.32760179e-08, 1.32760179e-08, 0.00260133718, 0.00260133718, 0, 0.27, 3.332, 0, -1.27239585e-08, 3.80711063e-10, 0, 5e+16, 0, 0, 0, 0
9.19166667, 0, 0, 5e+16, 0, 5.646895e-19, 3.718e+18, 6.44e+20, 4.85, 4, 5.45804123, 92.1249341, 0.866667, 166395.227, 0, 50723.5529, 88082.6936, 7.30087763e-05, -3.98899429, -6.9326666, 5e+16, 4.40527277e+11, -146935.555, -78081.9265, 322.144192, 92.1249341, 96.3768006, 0.866667, 0.866667, 5e+16, 1.01295453e-08, 7.29986476e-05, 0.900570583, 9.66454333e-05, -7.2179223e-05, -1.01295415e-08, -7.29524708e-05, 1.09069847e-05, -7.89990456e-12, 4.61841287e-05, 0, 1.32770166e-08, 1.32770166e-08, 7.80178882, 7.80178882, 0, 0.27, 3.332, 0, -7.21893529e-05, 1.09069768e-05, 0, 5e+16, 0, 0, 0, 0
9.25, 0, 0, 5e+16, 0, 5.66975215e-19, 3.718e+18, 6.44e+20, 4.85, 4, 6.31653738, 95.5614617, 0.866667, 146526.146, 0, 15291343.2, 102650.882, 7.33853047e-05, -4.68895533, -7.79536587, 5e+16, 2.17862653e+13, -128893.415, -69663.604, 322.159124, 95.5614617, 96.3960559, 0.866667, 0.866667, 5e+16, 1.00950502e-08, 7.3375318e-05, 0.900252614, 8.65177284e-05, -7.25517258e-05, -1.00950498e-08, -6.80046427e-05, 1.0962862e-05, 7.83861917e-13, 3.58863763e-05, 0, 1.32778905e-08, 1.32778905e-08, 7.85131894, 7.85131894, 0, 0.27, 3.332, 0, -7.25618212e-05, 1.09628627e-05, 0, 5e+16, 0, 0, 0, 0
9.31666667, 0, 0, 5e+16, 0, 5.69627376e-19, 3.718e+18, 6.44e+20, 4.85, 4, 7.0954874, 95.8756539, 0.866667, 136277.691, 0, 53610175.7, 111908.898, 0.000760488333, -5.4331141, -8.57665384, 5e+16, 2.18636159e+13, -118465.007, -67353.4357, 322.176302, 95.8756539, 96.396018, 0.866667, 0.866667, 5e+16, 1.00754971e-08, 0.000760478363, 0.900143167, 0.000774316883, -0.000754860745, -1.00754611e-08, -0.000752953313, 9.2262564e-05, 3.09692968e-12, 0.000114141434, 0, 1.32788958e-08, 1.32788958e-08, 74.9624264, 74.9624264, 0, 0.27, 3.332, 0, -0.000754870822, 9.22625672e-05, 0, 4.99999998e+16, 0, 0, 0, 0
9.375, 0, 0, 5e+16, 0, 5.7194791e-19, 3.718e+18, 6.44e+20, 4.85, 4, 7.77692163, 96.2305101, 0.866667, 129500.104, 0, 161546792, 124880.839, 0.000764046602, -6.08396213, -9.26108724, 5e+16, 5.20939744e+13, -109932.115, -68315.1354, 322.191333, 96.2305101, 96.3959849, 0.866667, 0.866667, 5e+16, 1.01606991e-08, 0.000764036512, 0.899992894, 0.000773069708, -0.000758394386, -1.01606623e-08, -0.000760345255, 9.26808636e-05, 6.25118837e-12, 0.000112047901, 0, 1.32797756e-08, 1.32797756e-08, 75.3906881, 75.3906881, 0, 0.27, 3.332, 0, -0.000758404549, 9.26808699e-05, 0, 4.99999998e+16, 0, 0, 0, 0
9.44166667, 0, 0, 5e+16, 0, 5.74638113e-19, 3.718e+18, 6.44e+20, 4.85, 4, 8.47704134, 96.2802527, 0.866667, 127032.102, 0, 187871548, 108493.387, 0.00154980137, -6.77992453, -9.95724128, 5e+16, 5.19738981e+13, -105423.533, -70873.2748, 322.208609, 96.2802527, 96.3942429, 0.866667, 0.866667, 5e+16, 1.01284975e-08, 0.00154979132, 0.900076087, 0.00155908708, -0.00154952504, -1.01284675e-08, -0.00155288364, 2.75765804e-05, 5.55166884e-12, 4.53591208e-05, 0, 1.32807868e-08, 1.32807868e-08, 156.89734, 156.89734, 0, 0.27, 3.332, 0, -0.00154953517, 2.7576586e-05, 0, 4.99999998e+16, 0, 0, 0, 0
9.5, 0, 0, 5e+16, 0, 5.76992141e-19, 3.718e+18, 6.44e+20, 4.85, 4, 9.0845306, 96.3258206, 0.866667, 125950.252, 0, 186835573, 115160.366, 0.00155271791, -7.3876039, -10.5663406, 5e+16, 5.79359265e+13, -101872.32, -73919.8596, 322.223727, 96.3258206, 96.3927187, 0.866667, 0.866667, 5e+16, 1.02584184e-08, 0.00155270766, 0.900169051, 0.00156069935, -0.00155246998, -1.02583887e-08, -0.00155760276, 2.70699798e-05, 4.81382275e-12, 4.35589086e-05, 0, 1.32816716e-08, 1.32816716e-08, 157.303529, 157.303529, 0, 0.27, 3.332, 0, -0.00155248024, 2.70699846e-05, 0, 4.99999998e+16, 0, 0, 0, 0
9.56666667, 0, 0, 5e+16, 0, 5.79728695e-19, 3.718e+18, 6.44e+20, 4.85, 4, 9.75183034, 96.338132, 0.866667, 126994.614, 0, 134914900, 90950.6216, 0.00133597088, -8.06397951, -11.2270259, 5e+16, 5.77937107e+13, -100295.69, -77896.8187, 322.241149, 96.338132, 96.3885012, 0.866667, 0.866667, 5e+16, 1.02339613e-08, 0.00133596064, 0.900481062, 0.00134405315, -0.00133459262, -1.02339585e-08, -0.00134033894, -6.03186645e-05, 3.32835546e-12, -4.48713031e-05, 0, 1.32826914e-08, 1.32826914e-08, 137.461713, 137.461713, 0, 0.27, 3.332, 0, -0.00133460285, -6.0318661e-05, 0, 4.99999999e+16, 0, 0, 0, 0
9.625, 0, 0, 5e+16, 0, 5.82123386e-19, 3.718e+18, 6.44e+20, 4.85, 4, 10.3288115, 96.348857, 0.866667, 128592.426, 0, 85052236.8, 93718.7646, 0.00133366874, -8.65381008, -11.8047936, 5e+16, 4.89797606e+13, -99163.0564, -81740.959, 322.256396, 96.348857, 96.3848108, 0.866667, 0.866667, 5e+16, 1.03460197e-08, 0.00133365842, 0.900829878, 0.00134213326, -0.00133227959, -1.03460172e-08, -0.00133879318, -6.06007603e-05, 1.72505916e-12, -4.60130806e-05, 0, 1.32835838e-08, 1.32835838e-08, 137.177365, 137.177365, 0, 0.27, 3.332, 0, -0.00133228993, -6.06007584e-05, 0, 4.99999999e+16, 0, 0, 0, 0
9.69166667, 0, 0, 5e+16, 0, 5.84918726e-19, 3.718e+18, 6.44e+20, 4.85, 4, 10.989791, 96.3508147, 0.866667, 131666.004, 0, 46347183.6, 71541.5471, 0.000622254308, -9.33168625, -12.4582118, 5e+16, 4.88782762e+13, -99381.8251, -86355.3471, 322.27404, 96.3508147, 96.3757135, 0.866667, 0.866667, 5e+16, 1.03316988e-08, 0.000622244003, 0.901363118, 0.000630712933, -0.000620430605, -1.03316489e-08, -0.000627109283, -4.74691137e-05, -2.21941349e-13, -3.36402982e-05, 0, 1.32846166e-08, 1.32846166e-08, 65.5562476, 65.5562476, 0, 0.27, 3.332, 0, -0.000620440935, -4.74691138e-05, 0, 5e+16, 0, 0, 0, 0
9.75, 0, 0, 5e+16, 0, 5.87364872e-19, 3.718e+18, 6.44e+20, 4.85, 4, 11.5603368, 96.35265, 0.866667, 134836.785, 0, 22415812.6, 72224.9823, 0.000619194823, -9.92244474, -13.0289751, 5e+16, 2.26150785e+13, -99753.671, -90609.5295, 322.289479, 96.35265, 96.3677534, 0.866667, 0.866667, 5e+16, 1.03931003e-08, 0.00061918448, 0.901933259, 0.000628355876, -0.000617375009, -1.03930504e-08, -0.000624278965, -4.72984062e-05, -2.05763509e-12, -3.41047493e-05, 0, 1.32855203e-08, 1.32855203e-08, 65.1569441, 65.1569441, 0, 0.27, 3.332, 0, -0.0006173854, -4.72984082e-05, 0, 5e+16, 0, 0, 0, 0
9.81666667, 0, 0, 5e+16, 0, 5.9023121e-19, 3.718e+18, 6.44e+20, 4.85, 4, 12.2332453, 96.3435962, 0.866667, 139310.474, 0, 10208154.2, 57052.0119, 0.000189850421, -10.6172391, -13.6952697, 5e+16, 2.25600606e+13, -101348.845, -95558.9761, 322.307412, 96.3488513, 96.3494471, 0.866667, 0.866667, 5e+16, 1.03871629e-08, 0.000189840082, 0.902653923, 0.000198943165, -0.000189032022, -1.03866239e-08, -0.000195853364, -1.74970178e-05, -4.8300503e-12, -4.88731921e-06, 0, 1.328657e-08, 1.328657e-08, 20.7750502, 20.7750502, 0, 0.27, 3.332, 0, -0.000189042409, -1.74970227e-05, 0, 5e+16, 0, 0, 0, 0
9.875, 0, 0, 5e+16, 0, 5.92739454e-19, 3.718e+18, 6.44e+20, 4.85, 4, 12.8137327, 96.333429, 0.866667, 143596.235, 0, 4168872.29, 56666.2906, 0.000188664687, -11.2226423, -14.2755214, 5e+16, 4.5705445e+12, -102912.337, -100049.929, 322.323104, 96.3459586, 96.333429, 0.866667, 0.866667, 5e+16, 1.03862525e-08, 0.000188654361, 0.903395769, 0.000197875321, -0.000187851433, -1.03857131e-08, -0.000194601829, -1.73864796e-05, -7.09363467e-12, -5.27223419e-06, 0, 1.32874886e-08, 1.32874886e-08, 20.6164138, 20.6164138, 0, 0.27, 3.332, 0, -0.000187861819, -1.73864867e-05, 0, 5e+16, 0, 0, 0, 0
9.94166667, 0, 0, 5e+16, 0, 5.95687341e-19, 3.718e+18, 6.44e+20, 4.85, 4, 13.5146575, 96.2984797, 0.866667, 149247.587, 0, 1689673.88, 50222.9577, 4.36848662e-05, -11.9486954, -14.9730274, 5e+16, 4.5504948e+12, -105827.848, -105201.502, 322.341381, 96.3351359, 96.2984797, 0.866667, 0.866667, 5e+16, 1.03869682e-08, 4.36745406e-05, 0.904262555, 5.29798546e-05, -4.3452763e-05, -1.03849091e-08, -4.99890274e-05, -4.39565819e-06, -1.11835186e-11, 7.25050748e-06, 0, 1.32885585e-08, 1.32885585e-08, 5.0443982, 5.0443982, 0, 0.27, 3.332, 0, -4.34631479e-05, -4.39566938e-06, 0, 5e+16, 0, 0, 0, 0
10, 0, 0, 5e+16, 0, 5.98266909e-19, 3.718e+18, 6.44e+20, 4.85, 4, 14.11932, 96.2678991, 0.866667, 154506.15, 0, 616786.463, 49208.7029, 4.3426363e-05, -12.5813972, -15.577075, 5e+16, 6.24681863e+11, -108563.199, -109855.375, 322.357376, 96.326618, 96.2678991, 0.866667, 0.866667, 5e+16, 1.03331946e-08, 4.34160877e-05, 0.905129142, 5.24000526e-05, -4.31958309e-05, -1.03311343e-08, -4.95036877e-05, -4.36765036e-06, -1.42507288e-11, 6.87699416e-06, 0, 1.32894948e-08, 1.32894948e-08, 5.00855174, 5.00855174, 0, 0.27, 3.332, 0, -4.3206162e-05, -4.36766461e-06, 0, 5e+16, 0, 0, 0, 0
10.0666667, 0, 0, 5e+16, 0, 6.01305439e-19, 3.718e+18, 6.44e+20, 4.85, 4, 14.8651811, 96.204497, 0.866667, 161340.875, 0, 232609.215, 50057.0312, 8.39337877e-06, -13.3543948, -16.3233435, 5e+16, 6.27180514e+11, -112971.637, -115127.86, 322.376043, 96.3022855, 96.204497, 0.866667, 0.866667, 5e+16, 1.033901e-08, 8.38309956e-06, 0.90610244, 1.82065588e-05, -8.33674679e-06, -1.03344435e-08, -1.43654686e-05, -8.80318787e-07, -1.99217708e-11, 9.97996045e-06, 0, 1.32905877e-08, 1.32905877e-08, 1.03979018, 1.03979018, 0, 0.27, 3.332, 0, -8.34708123e-06, -8.8033871e-07, 0, 5e+16, 0, 0, 0, 0
10.125, 0, 0, 5e+16, 0, 6.03964287e-19, 3.718e+18, 6.44e+20, 4.85, 4, 15.508925, 96.1490201, 0.866667, 167614.312, 0, 78944.3762, 48445.3548, 8.35354561e-06, -14.0282089, -16.9661289, 5e+16, 1.3559771e+11, -117059.472, -119893.314, 322.392378, 96.2829439, 96.1490201, 0.866667, 0.866667, 5e+16, 1.02339415e-08, 8.3433403e-06, 0.90705411, 1.77441847e-05, -8.29725538e-06, -1.02293717e-08, -1.40187235e-05, -8.75711038e-07, -2.40253196e-11, 9.65188515e-06, 0, 1.3291544e-08, 1.3291544e-08, 1.03405777, 1.03405777, 0, 0.27, 3.332, 0, -8.30748475e-06, -8.75735064e-07, 0, 5e+16, 0, 0, 0, 0
10.1916667, 0, 0, 5e+16, 0, 6.07101524e-19, 3.718e+18, 6.44e+20, 4.85, 4, 16.3201372, 96.0398364, 0.866667, 175815.655, 0, 28656.0961, 53363.5556, 1.46069617e-06, -14.8676263, -17.7799586, 5e+16, 1.51191443e+11, -123331.763, -125206.4, 322.411473, 96.2259285, 96.0398364, 0.866667, 0.866667, 5e+16, 1.02441014e-08, 1.45048286e-06, 0.908099156, 1.21750184e-05, -1.44218537e-06, -1.02365717e-08, -6.85563856e-06, -1.5492084e-07, -3.13308815e-11, 1.00466608e-05, 0, 1.32926618e-08, 1.32926618e-08, 0.197711065, 0.197711065, 0, 0.27, 3.332, 0, -1.45242194e-06, -1.54952171e-07, 0, 5e+16, 0, 0, 0, 0
10.25, 0, 0, 5e+16, 0, 6.09846715e-19, 3.718e+18, 6.44e+20, 4.85, 4, 17.0209113, 95.9443007, 0.866667, 183290.304, 0, 9319.23386, 50980.532, 1.45565335e-06, -15.5996641, -18.4794129, 5e+16, 1.0182617e+11, -129128.319, -130017.578, 322.428181, 96.1802112, 95.9443007, 0.866667, 0.866667, 5e+16, 1.00761734e-08, 1.44558659e-06, 0.909103351, 1.17531785e-05, -1.43732439e-06, -1.00686371e-08, -6.50683096e-06, -1.54334091e-07, -3.6592716e-11, 9.76360656e-06, 0, 1.32936401e-08, 1.32936401e-08, 0.197068198, 0.197068198, 0, 0.27, 3.332, 0, -1.44739302e-06, -1.54370684e-07, 0, 5e+16, 0, 0, 0, 0
10.3166667, 0, 0, 5e+16, 0, 6.13090347e-19, 3.718e+18, 6.44e+20, 4.85, 4, 17.92372, 95.7690649, 0.866667, 193192.932, 0, 3347.28789, 58142.4003, 2.50441975e-07, -16.5309789, -19.3858041, 5e+16, 1.22922339e+11, -137839.544, -135214.043, 322.447735, 96.0323122, 95.7690649, 0.866667, 0.866667, 5e+16, 1.009251e-08, 2.40360985e-07, 0.910190703, 1.08319003e-05, -2.38985978e-07, -1.00819167e-08, -4.98537439e-06, -2.56724314e-08, -4.61357014e-11, 9.60416884e-06, 0, 1.32947849e-08, 1.32947849e-08, 0.0378384451, 0.0378384451, 0, 0.27, 3.332, 0, -2.49067894e-07, -2.57185671e-08, 0, 5e+16, 0, 0, 0, 0
10.375, 0, 0, 5e+16, 0, 6.15928606e-19, 3.718e+18, 6.44e+20, 4.85, 4, 18.7046878, 95.6157335, 0.866667, 202179.23, 0, 1071.57774, 54756.4702, 2.49669674e-07, -17.3436777, -20.1650527, 5e+16, 1.18457179e+11, -145894.039, -139912.078, 322.464845, 95.9122607, 95.6157335, 0.866667, 0.866667, 5e+16, 9.84278046e-09, 2.39834822e-07, 0.911220538, 1.04355791e-05, -2.38463728e-07, -9.83217339e-09, -4.62004261e-06, -2.56083759e-08, -5.31388194e-11, 9.35334104e-06, 0, 1.32957867e-08, 1.32957867e-08, 0.0379123247, 0.0379123247, 0, 0.27, 3.332, 0, -2.48295901e-07, -2.56615147e-08, 0, 5e+16, 0, 0, 0, 0
10.4416667, 0, 0, 5e+16, 0, 6.19286073e-19, 3.718e+18, 6.44e+20, 4.85, 4, 19.7339576, 95.3353033, 0.866667, 214264.355, 0, 390.124596, 64574.6354, 4.98451648e-08, -18.401086, -21.1988343, 5e+16, 1.12173654e+11, -157852.94, -144638.937, 322.484887, 95.4838742, 95.3663506, 0.866667, 0.866667, 5e+16, 9.87195138e-09, 3.99832737e-08, 0.912325309, 9.99363477e-06, -3.97596426e-08, -9.85786309e-09, -4.07848902e-06, -4.22283614e-09, -6.74093592e-11, 9.10110472e-06, 0, 1.32969601e-08, 1.32969601e-08, 0.00865036964, 0.00865036964, 0, 0.27, 3.332, 0, -4.96175057e-08, -4.29024549e-09, 0, 5e+16, 0, 0, 0, 0
10.5, 0, 0, 5e+16, 0, 6.22223899e-19, 3.718e+18, 6.44e+20, 4.85, 4, 20.6261219, 95.1170932, 0.866667, 225188.305, 0, 136.118807, 59833.8746, 4.94249233e-08, -19.3247342, -22.0888261, 5e+16, 1.11786182e+11, -168938.418, -148845.066, 322.502425, 95.1295497, 95.1481405, 0.866667, 0.866667, 5e+16, 9.50400758e-09, 3.99305971e-08, 0.913357739, 9.60748763e-06, -3.9707361e-08, -9.4898869e-09, -3.68724394e-06, -4.21639697e-09, -7.81407538e-11, 8.86414201e-06, 0, 1.3297987e-08, 1.3297987e-08, 0.00884444629, 0.00884444629, 0, 0.27, 3.332, 0, -4.91972479e-08, -4.29453772e-09, 0, 5e+16, 0, 0, 0, 0
10.5666667, 0, 0, 5e+16, 0, 6.25702029e-19, 3.718e+18, 6.44e+20, 4.85, 4, 21.8284362, 93.8107365, 0.866667, 240014.511, 0, 51.281229, 73174.7598, 1.64245851e-08, -20.554242, -23.296662, 5e+16, 4.32093579e+10, -185135.973, -152337.963, 322.52298, 93.823193, 94.8719822, 0.866667, 0.866667, 5e+16, 9.5584761e-09, 6.87833113e-09, 0.914458015, 9.2128999e-06, -6.8409563e-09, -9.5394856e-09, -3.27621189e-06, -7.16061204e-10, -1.01651494e-10, 8.58695501e-06, 0, 1.32991905e-08, 1.32991905e-08, 0.0033885762, 0.0033885762, 0, 0.27, 3.332, 0, -1.63804419e-08, -8.17712697e-10, 0, 5e+16, 0, 0, 0, 0
10.625, 0, 0, 5e+16, 0, 6.28745405e-19, 3.718e+18, 6.44e+20, 4.85, 4, 22.8736955, 92.711397, 0.866667, 253337.986, 0, 34.8112905, 66498.2828, 1.58609869e-08, -21.6299539, -24.3392069, 5e+16, 4.31752813e+10, -200199.02, -155205.017, 322.540966, 92.711397, 94.6303437, 0.866667, 0.866667, 5e+16, 9.0000273e-09, 6.8731452e-09, 0.915471058, 8.82039694e-06, -6.83580889e-09, -8.98094884e-09, -2.83964522e-06, -7.15430295e-10, -1.1950419e-10, 8.34535424e-06, 0, 1.33002437e-08, 1.33002437e-08, 0.00361749585, 0.00361749585, 0, 0.27, 3.332, 0, -1.58167577e-08, -8.34934484e-10, 0, 5e+16, 0, 0, 0, 0
10.6916667, 0, 0, 5e+16, 0, 6.3235169e-19, 3.718e+18, 6.44e+20, 4.85, 4, 24.3089235, 89.2715023, 0.866667, 269061.831, 0, 15.5429587, 82489.1268, 1.05997201e-08, -23.087641, -25.780351, 5e+16, 1.1197536e+10, -218551.778, -156415.587, 322.562059, 89.2715023, 94.5033817, 0.866667, 0.866667, 5e+16, 9.07041601e-09, 1.54582287e-09, 0.916385, 8.4254361e-06, -1.53762273e-09, -9.04190635e-09, -2.52112939e-06, -1.59010672e-10, -1.54709372e-10, 8.0239521e-06, 0, 1.33014788e-08, 1.33014788e-08, 0.00263049075, 0.00263049075, 0, 0.27, 3.332, 0, -1.05795291e-08, -3.13720043e-10, 0, 5e+16, 0, 0, 0, 0
10.75, 0, 0, 5e+16, 0, 6.35507209e-19, 3.718e+18, 6.44e+20, 4.85, 4, 25.5621525, 86.2379298, 0.866667, 282514.287, 0, 14.9157475, 73134.738, 1.00018058e-08, -24.365997, -27.0301774, 5e+16, 1.11944392e+10, -234845.371, -157006.36, 322.580516, 86.2379298, 94.39229, 0.866667, 0.866667, 5e+16, 8.47300465e-09, 1.54531658e-09, 0.917211504, 8.04422732e-06, -1.53712014e-09, -8.44427594e-09, -2.15513375e-06, -1.58949652e-10, -1.81548775e-10, 7.74709241e-06, 0, 1.33025596e-08, 1.33025596e-08, 0.00279616439, 0.00279616439, 0, 0.27, 3.332, 0, -9.98139607e-09, -3.40498427e-10, 0, 5e+16, 0, 0, 0, 0
10.7833333, 0, 0, 5e+16, 0, 6.37363206e-19, 3.718e+18, 6.44e+20, 4.85, 4, 26.3931119, 81.801086, 0.866667, 295264.761, 0, 8.99144461, 86240.4312, 8.93731706e-09, -25.2110088, -27.8656817, 5e+16, 4.44514522e+09, -249905.334, -156860.73, 322.591286, 81.801086, 94.4849018, 0.866667, 0.866667, 5e+16, 8.55798868e-09, 3.88824021e-10, 0.918256641, 7.76191856e-06, -3.84406629e-10, -8.52361575e-09, -1.8761531e-06, -5.84433761e-11, -2.137807e-10, 7.5199359e-06, 0, 1.33031902e-08, 1.33031902e-08, 0.00257191219, 0.00257191219, 0, 0.27, 3.332, 0, -8.90802237e-09, -2.72224076e-10, 0, 5e+16, 0, 0, 0, 0
10.8125, 0, 0, 5e+16, 0, 6.389871e-19, 3.718e+18, 6.44e+20, 4.85, 4, 27.1220692, 77.7970487, 0.866667, 304967.87, 0, 8.9480508, 76860.588, 8.29636874e-09, -25.9551395, -28.5914088, 5e+16, 4.44478375e+09, -261589.317, -156707.166, 322.60071, 77.7970487, 94.5659371, 0.866667, 0.866667, 5e+16, 7.91710807e-09, 3.88756061e-10, 0.919136388, 7.44331857e-06, -3.84338978e-10, -7.88220869e-09, -1.40968013e-06, -5.84364175e-11, -2.52716379e-10, 7.30860931e-06, 0, 1.33037421e-08, 1.33037421e-08, 0.00269238247, 0.00269238247, 0, 0.27, 3.332, 0, -8.26654764e-09, -3.11152796e-10, 0, 5e+16, 0, 0, 0, 0
10.8416667, 0, 0, 5e+16, 0, 6.40634658e-19, 3.718e+18, 6.44e+20, 4.85, 4, 27.9098945, 71.6301602, 0.866667, 314567.545, 0, 24.3923201, 17479.3964, 8.87593622e-10, -26.6544912, -29.338031, 5e+16, 2.0883998e+09, -271941.213, -158116.144, 322.610233, 71.6301602, 95.1123612, 0.866667, 0.866667, 5e+16, 7.21116995e-10, 1.86168612e-10, 0.920439557, 7.52357421e-06, -1.84798386e-10, -6.44488698e-10, -1.06597209e-06, 7.67703185e-12, -3.23461862e-10, 7.44703478e-06, 0, 1.33042997e-08, 1.33042997e-08, 0.000273555047, 0.000273555047, 0, 0.27, 3.332, 0, -8.29287084e-10, -3.1578483e-10, 0, 5e+16, 0, 0, 0, 0
10.84375, 0, 0, 5e+16, 0, 6.40752322e-19, 3.718e+18, 6.44e+20, 4.85, 4, 27.9656289, 71.3321349, 0.866667, 315099.089, 0, 24.7604369, 17612.3098, 8.67908467e-10, -26.709812, -29.3939737, 5e+16, 2.22749179e+09, -272748.563, -157759.64, 322.610913, 71.3321349, 95.1513915, 0.866667, 0.866667, 5e+16, 7.25455252e-10, 1.62308436e-10, 0.920573626, 7.51058212e-06, -1.61420167e-10, -6.48203878e-10, -1.04876617e-06, 1.31198267e-11, -3.25713352e-10, 7.43689418e-06, 0, 1.33043396e-08, 1.33043396e-08, 0.000269063158, 0.000269063158, 0, 0.27, 3.332, 0, -8.09624045e-10, -3.12593525e-10, 0, 5e+16, 0, 0, 0, 0
10.8442708, 0, 0, 5e+16, 0, 6.40781914e-19, 3.718e+18, 6.44e+20, 4.85, 4, 27.9800014, 71.1998846, 0.866667, 315422.204, 0, 24.6274449, 17678.637, 8.75259552e-10, -26.7243346, -29.4084501, 5e+16, 2.17442023e+09, -273092.629, -157800.716, 322.611083, 71.1998846, 95.154587, 0.866667, 0.866667, 5e+16, 7.28773828e-10, 1.6612351e-10, 0.920660373, 7.50557938e-06, -1.65103644e-10, -6.51412323e-10, -1.03948003e-06, 1.15933432e-11, -3.26747513e-10, 7.43324739e-06, 0, 1.33043496e-08, 1.33043496e-08, 0.000271808805, 0.000271808805, 0, 0.27, 3.332, 0, -8.16515967e-10, -3.15154169e-10, 0, 5e+16, 0, 0, 0, 0
10.8515625, 0, 0, 5e+16, 0, 6.41196183e-19, 3.718e+18, 6.44e+20, 4.85, 4, 28.1819509, 71.1998846, 0.866667, 320040.523, 0, 16.0310252, 18335.6195, 8.68898883e-10, -26.9382333, -29.6114058, 5e+16, 1.60951371e+09, -278453.512, -157743.821, 322.613474, 71.1998846, 94.4008245, 0.866667, 0.866667, 5e+16, 7.87608931e-10, 8.30771993e-11, 0.922372293, 7.19810818e-06, -8.09781012e-11, -7.16386655e-10, -9.48937907e-07, -1.76470708e-11, -3.27131122e-10, 7.13525926e-06, 0, 1.33044896e-08, 1.33044896e-08, 0.000276417383, 0.000276417383, 0, 0.27, 3.332, 0, -7.97364757e-10, -3.44778193e-10, 0, 5e+16, 0, 0, 0, 0
10.8520833, 0, 0, 5e+16, 0, 6.41225844e-19, 3.718e+18, 6.44e+20, 4.85, 4, 28.1964921, 71.1501705, 0.866667, 320205.079, 0, 15.8662558, 18362.3368, 8.67433406e-10, -26.9530618, -29.6259869, 5e+16, 1.51832667e+09, -278668.034, -157688.708, 322.613645, 71.1501705, 94.4038245, 0.866667, 0.866667, 5e+16, 7.88928651e-10, 8.00648221e-11, 0.922449571, 7.19393347e-06, -7.79139048e-11, -7.17697095e-10, -9.45305598e-07, -1.78487739e-11, -3.27470654e-10, 7.13155138e-06, 0, 1.33044996e-08, 1.33044996e-08, 0.000276194884, 0.000276194884, 0, 0.27, 3.332, 0, -7.95611e-10, -3.45319428e-10, 0, 5e+16, 0, 0, 0, 0
10.859375, 0, 0, 5e+16, 0, 6.41641072e-19, 3.718e+18, 6.44e+20, 4.85, 4, 28.4007811, 70.4638088, 0.866667, 322516.139, 0, 10.4340088, 18659.9898, 8.6795919e-10, -27.1690245, -29.8307147, 5e+16, 1.1680104e+09, -281717.538, -156988.244, 322.616039, 70.4638088, 95.2443245, 0.866667, 0.866667, 5e+16, 8.0921035e-10, 6.00845067e-11, 0.923702379, 7.13585277e-06, -5.86749408e-11, -7.37532691e-10, -8.93768077e-07, -1.24519832e-11, -3.32816705e-10, 7.07963392e-06, 0, 1.33046398e-08, 1.33046398e-08, 0.000278523159, 0.000278523159, 0, 0.27, 3.332, 0, -7.96207632e-10, -3.45268689e-10, 0, 5e+16, 0, 0, 0, 0
10.8598958, 0, 0, 5e+16, 0, 6.41670802e-19, 3.718e+18, 6.44e+20, 4.85, 4, 28.4154907, 70.4148512, 0.866667, 322681.697, 0, 10.3000934, 18686.5545, 8.65474528e-10, -27.1840923, -29.8454633, 5e+16, 1.07208338e+09, -281933.503, -156930.225, 322.61621, 70.4148512, 95.281263, 0.866667, 0.866667, 5e+16, 8.10543241e-10, 5.60996695e-11, 0.92378303, 7.13163314e-06, -5.46992179e-11, -7.38862633e-10, -8.90154271e-07, -1.20990673e-11, -3.33142521e-10, 7.07585786e-06, 0, 1.33046498e-08, 1.33046498e-08, 0.000277958102, 0.000277958102, 0, 0.27, 3.332, 0, -7.93561851e-10, -3.45241589e-10, 0, 5e+16, 0, 0, 0, 0
10.8671875, 0, 0, 5e+16, 0, 6.42086987e-19, 3.718e+18, 6.44e+20, 4.85, 4, 28.6221755, 69.7215682, 0.866667, 325007.583, 0, 6.85337545, 18990.9496, 8.74022719e-10, -27.402146, -30.0525891, 5e+16, 853175646, -285023.589, -156156.454, 322.618609, 69.7215682, 94.5604698, 0.866667, 0.866667, 5e+16, 8.31366193e-10, 4.36790112e-11, 0.925026315, 7.07275874e-06, -4.27275213e-11, -7.5937834e-10, -8.38477802e-07, -8.78572197e-12, -3.38255357e-10, 7.02285606e-06, 0, 1.33047903e-08, 1.33047903e-08, 0.000282851484, 0.000282851484, 0, 0.27, 3.332, 0, -8.02105862e-10, -3.47041079e-10, 0, 5e+16, 0, 0, 0, 0
10.8677083, 0, 0, 5e+16, 0, 6.42116786e-19, 3.718e+18, 6.44e+20, 4.85, 4, 28.6370546, 69.6730401, 0.866667, 325173.778, 0, 6.75602176, 19017.3773, 8.71591678e-10, -27.4174192, -30.0675062, 5e+16, 766668145, -285241.003, -156094.608, 322.61878, 69.6730401, 94.5624183, 0.866667, 0.866667, 5e+16, 8.32713203e-10, 3.97687206e-11, 0.92510653, 7.06849077e-06, -3.88534684e-11, -7.60729095e-10, -8.34878713e-07, -8.25132103e-12, -3.38566398e-10, 7.01900881e-06, 0, 1.33048003e-08, 1.33048003e-08, 0.000282278628, 0.000282278628, 0, 0.27, 3.332, 0, -7.99582563e-10, -3.46817719e-10, 0, 5e+16, 0, 0, 0, 0
10.875, 0, 0, 5e+16, 0, 6.42533927e-19, 3.718e+18, 6.44e+20, 4.85, 4, 28.8461625, 68.9820696, 0.866667, 327505.678, 0, 4.55873662, 19328.0404, 8.85213475e-10, -27.6375538, -30.2770565, 5e+16, 628754929, -288356.015, -155254.902, 322.621182, 68.9820696, 95.3702903, 0.866667, 0.866667, 5e+16, 8.54024073e-10, 3.19857185e-11, 0.926303116, 7.00884886e-06, -3.13435247e-11, -7.81857111e-10, -7.8330492e-07, -6.20416612e-12, -3.4345421e-10, 6.96491376e-06, 0, 1.3304941e-08, 1.3304941e-08, 0.000288843098, 0.000288843098, 0, 0.27, 3.332, 0, -8.13200635e-10, -3.49658376e-10, 0, 5e+16, 0, 0, 0, 0
10.8755208, 0, 0, 5e+16, 0, 6.42563793e-19, 3.718e+18, 6.44e+20, 4.85, 4, 28.8612119, 68.9339731, 0.866667, 327672.264, 0, 4.49081802, 19354.3291, 8.83266159e-10, -27.6530113, -30.2921431, 5e+16, 556409579, -288574.665, -155188.962, 322.621354, 68.9339731, 95.3408809, 0.866667, 0.866667, 5e+16, 8.55384591e-10, 2.85720882e-11, 0.926380967, 7.00453143e-06, -2.79734374e-11, -7.83228218e-10, -7.79723406e-07, -5.66015615e-12, -3.43749405e-10, 6.96099378e-06, 0, 1.3304951e-08, 1.3304951e-08, 0.000288403391, 0.000288403391, 0, 0.27, 3.332, 0, -8.11201654e-10, -3.49409561e-10, 0, 5e+16, 0, 0, 0, 0
10.8828125, 0, 0, 5e+16, 0, 6.42981885e-19, 3.718e+18, 6.44e+20, 4.85, 4, 29.0727605, 68.2485518, 0.866667, 330006.783, 0, 3.08413689, 19671.0753, 9.00195381e-10, -27.875198, -30.5041348, 5e+16, 468769697, -291708.199, -154285.671, 322.62376, 68.2485518, 94.669403, 0.866667, 0.866667, 5e+16, 8.77171102e-10, 2.36543916e-11, 0.927514665, 6.94413017e-06, -2.32225414e-11, -8.04952135e-10, -7.28361191e-07, -4.38685473e-12, -3.48406071e-10, 6.90579852e-06, 0, 1.33050919e-08, 1.33050919e-08, 0.000296104865, 0.000296104865, 0, 0.27, 3.332, 0, -8.28174676e-10, -3.52792926e-10, 0, 5e+16, 0, 0, 0, 0
10.8833333, 0, 0, 5e+16, 0, 6.43011819e-19, 3.718e+18, 6.44e+20, 4.85, 4, 29.0879811, 68.2009455, 0.866667, 330173.588, 0, 3.03724059, 19697.2236, 8.98850869e-10, -27.8908242, -30.5193917, 5e+16, 410922197, -291927.863, -154215.551, 322.623932, 68.2009455, 94.6727396, 0.866667, 0.866667, 5e+16, 8.78544295e-10, 2.08533895e-11, 0.927589229, 6.93976302e-06, -2.04628206e-11, -8.06342795e-10, -7.24801135e-07, -3.90317146e-12, -3.48684488e-10, 6.90180507e-06, 0, 1.33051019e-08, 1.33051019e-08, 0.000295843283, 0.000295843283, 0, 0.27, 3.332, 0, -8.26805616e-10, -3.5258766e-10, 0, 5e+16, 0, 0, 0, 0
10.890625, 0, 0, 5e+16, 0, 6.43430858e-19, 3.718e+18, 6.44e+20, 4.85, 4, 29.3019833, 67.5226798, 0.866667, 332508.617, 0, 2.13446508, 20020.0399, 9.18020906e-10, -28.1150188, -30.7338377, 5e+16, 354725481, -295075.861, -153249.61, 322.626342, 67.5226798, 95.4365359, 0.866667, 0.866667, 5e+16, 9.00809806e-10, 1.77189522e-11, 0.928656008, 6.8786138e-06, -1.74307653e-11, -8.28663415e-10, -6.73722013e-07, -3.10538959e-12, -3.531031e-10, 6.84551219e-06, 0, 1.33052431e-08, 1.33052431e-08, 0.00030435907, 0.00030435907, 0, 0.27, 3.332, 0, -8.46094179e-10, -3.56208489e-10, 0, 5e+16, 0, 0, 0, 0
10.8911458, 0, 0, 5e+16, 0, 6.4346086e-19, 3.718e+18, 6.44e+20, 4.85, 4, 29.3173759, 67.475623, 0.866667, 332675.511, 0, 2.10176061, 20046.0471, 9.17258995e-10, -28.1308003, -30.7492657, 5e+16, 309893110, -295296.341, -153175.272, 322.626514, 67.475623, 95.468632, 0.866667, 0.866667, 5e+16, 9.02194846e-10, 1.55085426e-11, 0.928726969, 6.87419687e-06, -1.52556296e-11, -8.30072798e-10, -6.70187302e-07, -2.70207661e-12, -3.53363866e-10, 6.8414448e-06, 0, 1.33052532e-08, 1.33052532e-08, 0.000304275941, 0.000304275941, 0, 0.27, 3.332, 0, -8.45328427e-10, -3.56065943e-10, 0, 5e+16, 0, 0, 0, 0
10.8984375, 0, 0, 5e+16, 0, 6.43880841e-19, 3.718e+18, 6.44e+20, 4.85, 4, 29.5338421, 66.8054809, 0.866667, 335009.7, 0, 1.52218086, 20375.0485, 9.38023027e-10, -28.3569406, -30.9661762, 5e+16, 273529046, -298456.062, -152146.868, 322.628928, 66.8054809, 94.8516403, 0.866667, 0.866667, 5e+16, 9.24949479e-10, 1.349272e-11, 0.929729783, 6.81230048e-06, -1.33029912e-11, -8.52998977e-10, -6.1945087e-07, -2.19812151e-12, -3.57535153e-10, 6.78404897e-06, 0, 1.33053946e-08, 1.33053946e-08, 0.000313410037, 0.000313410037, 0, 0.27, 3.332, 0, -8.66301968e-10, -3.59733275e-10, 0, 5e+16, 0, 0, 0, 0
10.8989583, 0, 0, 5e+16, 0, 6.43910909e-19, 3.718e+18, 6.44e+20, 4.85, 4, 29.5494071, 66.7590262, 0.866667, 335176.571, 0, 1.49886036, 20400.915, 9.37770988e-10, -28.3728643, -30.981776, 5e+16, 239701390, -298677.172, -152068.292, 322.6291, 66.7590262, 94.8536667, 0.866667, 0.866667, 5e+16, 9.26345585e-10, 1.17987168e-11, 0.929797179, 6.80783385e-06, -1.16374274e-11, -8.54426269e-10, -6.15945313e-07, -1.87237906e-12, -3.57777447e-10, 6.77990742e-06, 0, 1.33054047e-08, 1.33054047e-08, 0.000313487578, 0.000313487578, 0, 0.27, 3.332, 0, -8.66063696e-10, -3.59649826e-10, 0, 5e+16, 0, 0, 0, 0
10.90625, 0, 0, 5e+16, 0, 6.44331828e-19, 3.718e+18, 6.44e+20, 4.85, 4, 29.7683453, 66.097792, 0.866667, 337508.455, 0, 1.12683352, 20736.3077, 9.59739021e-10, -28.6008657, -31.2011593, 5e+16, 215967821, -301845.861, -150977.452, 322.631518, 66.097792, 95.5662496, 0.866667, 0.866667, 5e+16, 9.49605231e-10, 1.04907855e-11, 0.930742033, 6.74519568e-06, -1.03687339e-11, -8.77972147e-10, -5.65608004e-07, -1.55101652e-12, -3.61693601e-10, 6.72140947e-06, 0, 1.33055462e-08, 1.33055462e-08, 0.000323122257, 0.000323122257, 0, 0.27, 3.332, 0, -8.88340881e-10, -3.63244617e-10, 0, 5e+16, 0, 0, 0, 0
10.9067708, 0, 0, 5e+16, 0, 6.44361963e-19, 3.718e+18, 6.44e+20, 4.85, 4, 29.7840833, 66.0519848, 0.866667, 337675.198, 0, 1.10990144, 20762.0354, 9.59913492e-10, -28.6169183, -31.2169312, 5e+16, 191213620, -302067.422, -150894.623, 322.631691, 66.0519848, 95.5424043, 0.866667, 0.866667, 5e+16, 9.51011667e-10, 9.22873172e-12, 0.930806076, 6.74067948e-06, -9.12871931e-12, -8.7941656e-10, -5.62135418e-07, -1.29081092e-12, -3.6191663e-10, 6.71719366e-06, 0, 1.33055563e-08, 1.33055563e-08, 0.000323337829, 0.000323337829, 0, 0.27, 3.332, 0, -8.8854528e-10, -3.63207441e-10, 0, 5e+16, 0, 0, 0, 0
10.9140625, 0, 0, 5e+16, 0, 6.44783814e-19, 3.718e+18, 6.44e+20, 4.85, 4, 30.0054997, 65.40027, 0.866667, 340003.484, 0, 0.870692497, 21104.131, 9.82853097e-10, -28.8466661, -31.4387938, 5e+16, 175617421, -305242.685, -149741.11, 322.634111, 65.40027, 94.9831583, 0.866667, 0.866667, 5e+16, 9.74796193e-10, 8.37338828e-12, 0.931699492, 6.67729679e-06, -8.29791969e-12, -9.03600692e-10, -5.1225418e-07, -1.08353305e-12, -3.65568607e-10, 6.65758755e-06, 0, 1.33056981e-08, 1.33056981e-08, 0.00033340336, 0.00033340336, 0, 0.27, 3.332, 0, -9.11898611e-10, -3.6665214e-10, 0, 5e+16, 0, 0, 0, 0
10.9145833, 0, 0, 5e+16, 0, 6.44814016e-19, 3.718e+18, 6.44e+20, 4.85, 4, 30.0214109, 65.3551512, 0.866667, 340169.993, 0, 0.858557813, 21129.7234, 9.83378947e-10, -28.8628333, -31.454738, 5e+16, 158344951, -305464.514, -149654.023, 322.634284, 65.3551512, 94.986603, 0.866667, 0.866667, 5e+16, 9.76212286e-10, 7.46765794e-12, 0.931760455, 6.67273129e-06, -7.40863424e-12, -9.0506147e-10, -5.08818434e-07, -8.74025083e-13, -3.65771639e-10, 6.65329763e-06, 0, 1.33057082e-08, 1.33057082e-08, 0.000333735777, 0.000333735777, 0, 0.27, 3.332, 0, -9.12470104e-10, -3.66645664e-10, 0, 5e+16, 0, 0, 0, 0
10.921875, 0, 0, 5e+16, 0, 6.45236795e-19, 3.718e+18, 6.44e+20, 4.85, 4, 30.2453095, 64.7135588, 0.866667, 342493.066, 0, 0.704351554, 21478.9223, 1.00715819e-09, -29.0941747, -31.679084, 5e+16, 148070554, -308643.523, -148437.79, 322.636709, 64.7135588, 95.6423637, 0.866667, 0.866667, 5e+16, 1.00054744e-09, 6.90539143e-12, 0.932608349, 6.60861047e-06, -6.86184361e-12, -9.29907143e-10, -4.59451374e-07, -7.38328016e-13, -3.69153357e-10, 6.59258761e-06, 0, 1.33058503e-08, 1.33058503e-08, 0.000344193798, 0.000344193798, 0, 0.27, 3.332, 0, -9.36768987e-10, -3.69891685e-10, 0, 5e+16, 0, 0, 0, 0
10.9223958, 0, 0, 5e+16, 0, 6.45267063e-19, 3.718e+18, 6.44e+20, 4.85, 4, 30.261394, 64.6691646, 0.866667, 342659.238, 0, 0.696362953, 21504.3856, 1.00797616e-09, -29.1104419, -31.6952009, 5e+16, 137126839, -308865.437, -148346.446, 322.636882, 64.6691646, 95.6687283, 0.866667, 0.866667, 5e+16, 1.00197258e-09, 6.2971251e-12, 0.932666512, 6.603996e-06, -6.26514695e-12, -9.31383573e-10, -4.56056421e-07, -5.64486115e-13, -3.69335699e-10, 6.58822384e-06, 0, 1.33058604e-08, 1.33058604e-08, 0.000344626128, 0.000344626128, 0, 0.27, 3.332, 0, -9.3764872e-10, -3.69900185e-10, 0, 5e+16, 0, 0, 0, 0
10.9296875, 0, 0, 5e+16, 0, 6.45690765e-19, 3.718e+18, 6.44e+20, 4.85, 4, 30.4877767, 64.0381775, 0.866667, 344975.71, 0, 0.597317111, 21861.2096, 1.0325271e-09, -29.3431785, -31.9220329, 5e+16, 130408583, -312045.683, -147067.36, 322.639311, 64.0381775, 95.1691533, 0.866667, 0.866667, 5e+16, 1.02688932e-09, 5.9279895e-12, 0.933473983, 6.53913667e-06, -5.90583769e-12, -9.56919512e-10, -4.0726283e-07, -4.73724393e-13, -3.72440532e-10, 6.52640872e-06, 0, 1.33060026e-08, 1.33060026e-08, 0.00035545811, 0.00035545811, 0, 0.27, 3.332, 0, -9.62825349e-10, -3.72914257e-10, 0, 5e+16, 0, 0, 0, 0
10.9302083, 0, 0, 5e+16, 0, 6.45721099e-19, 3.718e+18, 6.44e+20, 4.85, 4, 30.5040345, 63.994541, 0.866667, 345141.432, 0, 0.593351608, 21886.5525, 1.03359662e-09, -29.3595318, -31.9383223, 5e+16, 125119922, -312267.492, -146971.771, 322.639484, 63.994541, 95.1710641, 0.866667, 0.866667, 5e+16, 1.02832299e-09, 5.57821084e-12, 0.933529605, 6.53447377e-06, -5.56314695e-12, -9.58410938e-10, -4.03912735e-07, -3.20894673e-13, -3.72601563e-10, 6.52197167e-06, 0, 1.33060127e-08, 1.33060127e-08, 0.000355978936, 0.000355978936, 0, 0.27, 3.332, 0, -9.63974084e-10, -3.72922458e-10, 0, 5e+16, 0, 0, 0, 0
10.9375, 0, 0, 5e+16, 0, 6.46145719e-19, 3.718e+18, 6.44e+20, 4.85, 4, 30.7329011, 63.3746521, 0.866667, 347449.557, 0, 0.531346537, 22251.6399, 1.05889557e-09, -29.5934187, -32.1676406, 5e+16, 120860499, -315445.999, -145629.913, 322.641916, 63.3746521, 95.7657459, 0.866667, 0.866667, 5e+16, 1.05385957e-09, 5.33979245e-12, 0.934301008, 6.46888377e-06, -5.33095962e-12, -9.84671997e-10, -3.55754149e-07, -2.58080321e-13, -3.75426029e-10, 6.45905971e-06, 0, 1.33061552e-08, 1.33061552e-08, 0.000367180649, 0.000367180649, 0, 0.27, 3.332, 0, -9.90002957e-10, -3.7568411e-10, 0, 5e+16, 0, 0, 0, 0
10.9380208, 0, 0, 5e+16, 0, 6.46176117e-19, 3.718e+18, 6.44e+20, 4.85, 4, 30.7493321, 63.3318033, 0.866667, 347614.72, 0, 0.531506311, 22276.8743, 1.06019624e-09, -29.6098464, -32.1841025, 5e+16, 121074911, -315667.507, -145530.098, 322.64209, 63.3318033, 95.7475728, 0.866667, 0.866667, 5e+16, 1.05530135e-09, 5.23128062e-12, 0.934354325, 6.46417309e-06, -5.22497897e-12, -9.86177837e-10, -3.52453086e-07, -1.11358964e-13, -3.75565185e-10, 6.45455013e-06, 0, 1.33061654e-08, 1.33061654e-08, 0.000367784858, 0.000367784858, 0, 0.27, 3.332, 0, -9.91402816e-10, -3.75676545e-10, 0, 5e+16, 0, 0, 0, 0
10.9453125, 0, 0, 5e+16, 0, 6.46601649e-19, 3.718e+18, 6.44e+20, 4.85, 4, 30.9806801, 62.7234223, 0.866667, 349912.877, 0, 0.495980638, 22651.0139, 1.0862503e-09, -29.8446082, -32.4159054, 5e+16, 118616380, -318841.465, -144125.562, 322.644526, 62.7234223, 95.3082294, 0.866667, 0.866667, 5e+16, 1.08150304e-09, 5.08537396e-12, 0.935093341, 6.39785572e-06, -5.08289514e-12, -1.01320596e-09, -3.04993773e-07, -6.53070306e-14, -3.78105979e-10, 6.39054641e-06, 0, 1.3306308e-08, 1.3306308e-08, 0.000379361864, 0.000379361864, 0, 0.27, 3.332, 0, -1.01828886e-09, -3.78171286e-10, 0, 5e+16, 0, 0, 0, 0
10.9458333, 0, 0, 5e+16, 0, 6.46632112e-19, 3.718e+18, 6.44e+20, 4.85, 4, 30.997284, 62.6813886, 0.866667, 350077.362, 0, 0.500396319, 22676.1555, 1.0877843e-09, -29.8611027, -32.4325395, 5e+16, 124791189, -319062.47, -144021.559, 322.6447, 62.6813886, 95.3114551, 0.866667, 0.866667, 5e+16, 1.08295264e-09, 5.2255773e-12, 0.935144563, 6.39309823e-06, -5.22039013e-12, -1.01472574e-09, -3.01745987e-07, 9.19875995e-14, -3.78222795e-10, 6.38596548e-06, 0, 1.33063182e-08, 1.33063182e-08, 0.000380051724, 0.000380051724, 0, 0.27, 3.332, 0, -1.01994613e-09, -3.78130807e-10, 0, 5e+16, 0, 0, 0, 0
10.953125, 0, 0, 5e+16, 0, 6.47058551e-19, 3.718e+18, 6.44e+20, 4.85, 4, 31.2311085, 62.084953, 0.866667, 352363.636, 0, 0.485874345, 23060.2903, 1.1146272e-09, -30.0964717, -32.6668227, 5e+16, 123783754, -322228.582, -142554.883, 322.647139, 62.084953, 95.8422856, 0.866667, 0.866667, 5e+16, 1.1098755e-09, 5.15032868e-12, 0.935854394, 6.32606983e-06, -5.1471624e-12, -1.04257207e-09, -2.55051152e-07, 1.29135777e-13, -3.80481591e-10, 6.32088966e-06, 0, 1.3306461e-08, 1.3306461e-08, 0.00039201896, 0.00039201896, 0, 0.27, 3.332, 0, -1.04771922e-09, -3.80352455e-10, 0, 5e+16, 0, 0, 0, 0
10.9536458, 0, 0, 5e+16, 0, 6.47089079e-19, 3.718e+18, 6.44e+20, 4.85, 4, 31.2478848, 62.0437584, 0.866667, 352527.333, 0, 0.494603124, 23085.3592, 1.11642428e-09, -30.1130304, -32.6836285, 5e+16, 137162048, -322448.882, -142446.738, 322.647313, 62.0437584, 95.8625907, 0.866667, 0.866667, 5e+16, 1.11133282e-09, 5.5772669e-12, 0.935903713, 6.32126662e-06, -5.56462465e-12, -1.04410544e-09, -2.51860913e-07, 3.18003967e-13, -3.80575674e-10, 6.31623878e-06, 0, 1.33064712e-08, 1.33064712e-08, 0.000392806063, 0.000392806063, 0, 0.27, 3.332, 0, -1.04967006e-09, -3.8025767e-10, 0, 5e+16, 0, 0, 0, 0
10.9609375, 0, 0, 5e+16, 0, 6.47516417e-19, 3.718e+18, 6.44e+20, 4.85, 4, 31.4841785, 61.4595912, 0.866667, 354800.198, 0, 0.499503169, 23480.6456, 1.14411304e-09, -30.3488071, -32.920386, 5e+16, 137500824, -325604.288, -140918.549, 322.649755, 61.4595912, 95.482576, 0.866667, 0.866667, 5e+16, 1.1390446e-09, 5.56293306e-12, 0.936587305, 6.25353939e-06, -5.55069356e-12, -1.07283283e-09, -2.05994772e-07, 3.52508518e-13, -3.82555148e-10, 6.25010797e-06, 0, 1.33066143e-08, 1.33066143e-08, 0.000405186552, 0.000405186552, 0, 0.27, 3.332, 0, -1.07838352e-09, -3.8220264e-10, 0, 5e+16, 0, 0, 0, 0
10.9614583, 0, 0, 5e+16, 0, 6.47547009e-19, 3.718e+18, 6.44e+20, 4.85, 4, 31.5011265, 61.4192567, 0.866667, 354962.992, 0, 0.512515661, 23505.6669, 1.14624054e-09, -30.3654327, -32.937363, 5e+16, 160436632, -325823.68, -140806.325, 322.64993, 61.4192567, 95.4842091, 0.866667, 0.866667, 5e+16, 1.14050969e-09, 6.35645194e-12, 0.936634898, 6.2486918e-06, -6.32512233e-12, -1.07437962e-09, -2.02866381e-07, 6.02315489e-13, -3.826262e-10, 6.24538889e-06, 0, 1.33066245e-08, 1.33066245e-08, 0.000406095392, 0.000406095392, 0, 0.27, 3.332, 0, -1.08070474e-09, -3.82023885e-10, 0, 5e+16, 0, 0, 0, 0
10.96875, 0, 0, 5e+16, 0, 6.47975242e-19, 3.718e+18, 6.44e+20, 4.85, 4, 31.7398799, 60.8476768, 0.866667, 357220.693, 0, 0.539000716, 23913.4972, 1.17485729e-09, -30.6015404, -33.1765864, 5e+16, 162253830, -328965.202, -139217.527, 322.652376, 60.8476768, 95.9501004, 0.866667, 0.866667, 5e+16, 1.16909352e-09, 6.403856e-12, 0.937294955, 6.18028632e-06, -6.37113618e-12, -1.10406513e-09, -1.57892679e-07, 6.40252555e-13, -3.84333721e-10, 6.1782302e-06, 0, 1.33067677e-08, 1.33067677e-08, 0.000418921541, 0.000418921541, 0, 0.27, 3.332, 0, -1.11043626e-09, -3.83693468e-10, 0, 5e+16, 0, 0, 0, 0
10.9692708, 0, 0, 5e+16, 0, 6.48005897e-19, 3.718e+18, 6.44e+20, 4.85, 4, 31.7569988, 60.8082202, 0.866667, 357382.473, 0, 0.556249048, 23938.5015, 1.1774383e-09, -30.6182392, -33.1937338, 5e+16, 198782287, -329183.483, -139101.294, 322.652551, 60.8082202, 95.9371754, 0.866667, 0.866667, 5e+16, 1.17056666e-09, 7.70581243e-12, 0.937340979, 6.17539583e-06, -7.63932459e-12, -1.10562533e-09, -1.54830492e-07, 9.9530187e-13, -3.84381519e-10, 6.1734449e-06, 0, 1.33067779e-08, 1.33067779e-08, 0.000419995844, 0.000419995844, 0, 0.27, 3.332, 0, -1.11326465e-09, -3.83386217e-10, 0, 5e+16, 0, 0, 0, 0
10.9765625, 0, 0, 5e+16, 0, 6.48435018e-19, 3.718e+18, 6.44e+20, 4.85, 4, 31.9981999, 60.2494542, 0.866667, 359623.477, 0, 0.611188705, 24360.5688, 1.20709232e-09, -30.8547433, -33.4354125, 5e+16, 202497659, -332308.253, -137452.776, 322.655, 60.2494542, 95.614156, 0.866667, 0.866667, 5e+16, 1.20012245e-09, 7.82731623e-12, 0.937979805, 6.10632767e-06, -7.75706514e-12, -1.13636298e-09, -1.1081335e-07, 1.04405723e-12, -3.85825758e-10, 6.10528204e-06, 0, 1.33069214e-08, 1.33069214e-08, 0.00043330991, 0.00043330991, 0, 0.27, 3.332, 0, -1.14412004e-09, -3.847817e-10, 0, 5e+16, 0, 0, 0, 0
10.9770833, 0, 0, 5e+16, 0, 6.48465736e-19, 3.718e+18, 6.44e+20, 4.85, 4, 32.0154888, 60.2108912, 0.866667, 359784.128, 0, 0.632751641, 24385.5928, 1.21033842e-09, -30.8715236, -33.4527294, 5e+16, 259312528, -332525.217, -137332.619, 322.655175, 60.2108912, 95.6168938, 0.866667, 0.866667, 5e+16, 1.20160413e-09, 9.87665343e-12, 0.938024399, 6.10139604e-06, -9.74906408e-12, -1.13793679e-09, -1.07821805e-07, 1.57453138e-12, -3.85850183e-10, 6.10043288e-06, 0, 1.33069316e-08, 1.33069316e-08, 0.000434623625, 0.000434623625, 0, 0.27, 3.332, 0, -1.14768585e-09, -3.84275652e-10, 0, 5e+16, 0, 0, 0, 0
10.984375, 0, 0, 5e+16, 0, 6.48895739e-19, 3.718e+18, 6.44e+20, 4.85, 4, 32.259123, 59.6651875, 0.866667, 362006.598, 0, 0.730297807, 24823.9264, 1.24117455e-09, -31.1086007, -33.6968506, 5e+16, 265762362, -335629.944, -135625.626, 322.657627, 59.6651875, 96.0185519, 0.866667, 0.866667, 5e+16, 1.23225389e-09, 1.01002039e-11, 0.938643865, 6.03169102e-06, -9.96527619e-12, -1.16984136e-09, -6.48256047e-08, 1.64482136e-12, -3.87045935e-10, 6.03130137e-06, 0, 1.33070753e-08, 1.33070753e-08, 0.000448481546, 0.000448481546, 0, 0.27, 3.332, 0, -1.17980663e-09, -3.85401113e-10, 0, 5e+16, 0, 0, 0, 0
10.9848958, 0, 0, 5e+16, 0, 6.4892652e-19, 3.718e+18, 6.44e+20, 4.85, 4, 32.2765809, 59.6275307, 0.866667, 362166.008, 0, 0.756632219, 24849.0133, 1.24544381e-09, -31.1254715, -33.7143359, 5e+16, 353880444, -335845.389, -135501.642, 322.657802, 59.6275307, 96.0330964, 0.866667, 0.866667, 5e+16, 1.23374483e-09, 1.32932364e-11, 0.938687147, 6.0267202e-06, -1.30618511e-11, -1.17142919e-09, -6.19092635e-08, 2.46537945e-12, -3.8704695e-10, 6.02639103e-06, 0, 1.33070855e-08, 1.33070855e-08, 0.000450157782, 0.000450157782, 0, 0.27, 3.332, 0, -1.18449104e-09, -3.84581571e-10, 0, 5e+16, 0, 0, 0, 0
10.9921875, 0, 0, 5e+16, 0, 6.49357396e-19, 3.718e+18, 6.44e+20, 4.85, 4, 32.5226315, 59.0950492, 0.866667, 364368.407, 0, 0.923589458, 25306.0735, 1.27765303e-09, -31.3633505, -33.960885, 5e+16, 364572341, -338927.162, -133737.465, 322.660258, 59.0950492, 95.763487, 0.866667, 0.866667, 5e+16, 1.26563604e-09, 1.36710192e-11, 0.939288832, 5.95639985e-06, -1.3426415e-11, -1.20464106e-09, -1.99983751e-08, 2.57449076e-12, -3.88011395e-10, 5.95632377e-06, 0, 1.33072294e-08, 1.33072294e-08, 0.000464632774, 0.000464632774, 0, 0.27, 3.332, 0, -1.21806748e-09, -3.85436905e-10, 0, 5e+16, 0, 0, 0, 0
10.9927083, 0, 0, 5e+16, 0, 6.49388238e-19, 3.718e+18, 6.44e+20, 4.85, 4, 32.540257, 59.0583095, 0.866667, 364531.772, 0, 0.958258865, 25331.2732, 1.28405649e-09, -31.3802745, -33.9785376, 5e+16, 513591073, -339147.488, -133607.014, 322.660434, 59.0583095, 95.7647477, 0.866667, 0.866667, 5e+16, 1.26723207e-09, 1.91036321e-11, 0.939331931, 5.95139044e-06, -1.86910666e-11, -1.20634413e-09, -1.69873748e-08, 3.94702731e-12, -3.87989069e-10, 5.95135546e-06, 0, 1.33072397e-08, 1.33072397e-08, 0.000467067606, 0.000467067606, 0, 0.27, 3.332, 0, -1.2250352e-09, -3.84042042e-10, 0, 5e+16, 0, 0, 0, 0
11, 0, 0, 5e+16, 0, 6.49819982e-19, 3.718e+18, 6.44e+20, 4.85, 4, 32.7887048, 58.5392297, 0.866667, 366786.089, 0, 1.26954263, 25810.0214, 1.32006529e-09, -31.618506, -34.2274976, 5e+16, 532687229, -342297.382, -131748.005, 322.662893, 58.5392297, 96.1045789, 0.866667, 0.866667, 5e+16, 1.30266229e-09, 1.97853757e-11, 0.939931387, 5.8804989e-06, -1.93485457e-11, -1.24325249e-09, 2.62835461e-08, 4.13444422e-12, -3.88746366e-10, 5.88039633e-06, 0, 1.33073837e-08, 1.33073837e-08, 0.000483279171, 0.000483279171, 0, 0.27, 3.332, 0, -1.26260103e-09, -3.84611922e-10, 0, 5e+16, 0, 0, 0, 0
11.0005859, 0, 0, 5e+16, 0, 6.49854753e-19, 3.718e+18, 6.44e+20, 4.85, 4, 32.8087321, 58.5011967, 0.866667, 366956.726, 0, 1.31826749, 25836.9493, 1.32974285e-09, -31.6377056, -34.2475533, 5e+16, 798040886, -342528.814, -131602.711, 322.663091, 58.5011967, 96.0963269, 0.866667, 0.866667, 5e+16, 1.30426206e-09, 2.88430805e-11, 0.939971332, 5.87482624e-06, -2.8061455e-11, -1.24497225e-09, 2.91974366e-08, 6.66760606e-12, -3.88671958e-10, 5.87474199e-06, 0, 1.33073953e-08, 1.33073953e-08, 0.000486814482, 0.000486814482, 0, 0.27, 3.332, 0, -1.2730337e-09, -3.82004352e-10, 0, 5e+16, 0, 0, 0, 0
11.0087891, 0, 0, 5e+16, 0, 6.50341494e-19, 3.718e+18, 6.44e+20, 4.85, 4, 33.0910765, 57.9643233, 0.866667, 369305.953, 0, 1.9339463, 26372.1837, 1.3676657e-09, -31.9076478, -34.5304583, 5e+16, 834003449, -345835.378, -129529.096, 322.665861, 57.9643233, 95.8824941, 0.866667, 0.866667, 5e+16, 1.34117965e-09, 3.00426391e-11, 0.940527384, 5.79438254e-06, -2.92087854e-11, -1.2835592e-09, 7.10833839e-08, 7.02799815e-12, -3.8871899e-10, 5.79390126e-06, 0, 1.33075575e-08, 1.33075575e-08, 0.000503763882, 0.000503763882, 0, 0.27, 3.332, 0, -1.31276798e-09, -3.81690992e-10, 0, 5e+16, 0, 0, 0, 0
11.009375, 0, 0, 5e+16, 0, 6.50376342e-19, 3.718e+18, 6.44e+20, 4.85, 4, 33.1113117, 57.9252103, 0.866667, 369480.034, 0, 2.0049028, 26400.944, 1.38417287e-09, -31.9269904, -34.5507232, 5e+16, 1.28691944e+09, -346070.798, -129376.838, 322.666059, 57.9252103, 95.8848207, 0.866667, 0.866667, 5e+16, 1.34289683e-09, 4.61762962e-11, 0.940567334, 5.78866974e-06, -4.47226913e-11, -1.28539936e-09, 7.40560128e-08, 1.14947031e-11, -3.88637416e-10, 5.78818453e-06, 0, 1.33075691e-08, 1.33075691e-08, 0.00050958776, 0.00050958776, 0, 0.27, 3.332, 0, -1.33012204e-09, -3.77142713e-10, 0, 5e+16, 0, 0, 0, 0
11.0175781, 0, 0, 5e+16, 0, 6.50864154e-19, 3.718e+18, 6.44e+20, 4.85, 4, 33.3966244, 57.3737329, 0.866667, 371872.941, 0, 3.16351584, 26995.2637, 1.42734932e-09, -32.1987212, -34.8366455, 5e+16, 1.35203137e+09, -349431.495, -127201.16, 322.668833, 57.3737329, 96.166748, 0.866667, 0.866667, 5e+16, 1.38417678e-09, 4.8426107e-11, 0.941123682, 5.70760775e-06, -4.68731349e-11, -1.32834244e-09, 1.16827947e-07, 1.21625521e-11, -3.88982035e-10, 5.70636514e-06, 0, 1.33077315e-08, 1.33077315e-08, 0.000528860623, 0.000528860623, 0, 0.27, 3.332, 0, -1.37521558e-09, -3.76819483e-10, 0, 5e+16, 0, 0, 0, 0
11.018164, 0, 0, 5e+16, 0, 6.50899079e-19, 3.718e+18, 6.44e+20, 4.85, 4, 33.4170654, 57.3357992, 0.866667, 372044.922, 0, 3.27863333, 27024.3963, 1.45551719e-09, -32.2182138, -34.8571159, 5e+16, 2.13537729e+09, -349663.969, -127044.805, 322.669031, 57.3357992, 96.1762075, 0.866667, 0.866667, 5e+16, 1.38591177e-09, 7.65356728e-11, 0.941162704, 5.70186212e-06, -7.38286332e-11, -1.33020438e-09, 1.19674658e-07, 2.01752313e-11, -3.88871901e-10, 5.70059335e-06, 0, 1.33077431e-08, 1.33077431e-08, 0.00053846057, 0.00053846057, 0, 0.27, 3.332, 0, -1.40403302e-09, -3.6869667e-10, 0, 5e+16, 0, 0, 0, 0
11.0263672, 0, 0, 5e+16, 0, 6.51387962e-19, 3.718e+18, 6.44e+20, 4.85, 4, 33.7053151, 56.8015557, 0.866667, 374404.604, 0, 5.46285349, 27659.8554, 1.50296985e-09, -32.4919016, -35.1460023, 5e+16, 2.25567231e+09, -352979.843, -124808.149, 322.671809, 56.8015557, 96.0097297, 0.866667, 0.866667, 5e+16, 1.42987379e-09, 8.06771007e-11, 0.941706534, 5.62022693e-06, -7.77741509e-11, -1.3758671e-09, 1.60745645e-07, 2.14406469e-11, -3.89068819e-10, 5.61787915e-06, 0, 1.33079059e-08, 1.33079059e-08, 0.000559479608, 0.000559479608, 0, 0.27, 3.332, 0, -1.45364126e-09, -3.67628171e-10, 0, 5e+16, 0, 0, 0, 0
11.0269531, 0, 0, 5e+16, 0, 6.51422962e-19, 3.718e+18, 6.44e+20, 4.85, 4, 33.725959, 56.7647977, 0.866667, 374574.382, 0, 5.66560975, 27689.4576, 1.55269659e-09, -32.5115489, -35.1666754, 5e+16, 3.62262432e+09, -353209.147, -124647.942, 322.672008, 56.7647977, 96.010669, 0.866667, 0.866667, 5e+16, 1.43162854e-09, 1.30498191e-10, 0.941744722, 5.61445565e-06, -1.2542537e-10, -1.37775224e-09, 1.63452799e-07, 3.60304193e-11, -3.88930559e-10, 5.61206163e-06, 0, 1.33079175e-08, 1.33079175e-08, 0.000575959341, 0.000575959341, 0, 0.27, 3.332, 0, -1.50317761e-09, -3.52900139e-10, 0, 5e+16, 0, 0, 0, 0
11.0351563, 0, 0, 5e+16, 0, 6.519129e-19, 3.718e+18, 6.44e+20, 4.85, 4, 34.0171013, 56.24775, 0.866667, 376899.325, 0, 9.80979334, 28374.3064, 1.60643338e-09, -32.7873046, -35.4584875, 5e+16, 3.84934251e+09, -356476.66, -122354.183, 322.67479, 56.24775, 96.2334749, 0.866667, 0.866667, 5e+16, 1.47880358e-09, 1.38275983e-10, 0.942277426, 5.53232208e-06, -1.32811992e-10, -1.42665124e-09, 2.02755576e-07, 3.84734284e-11, -3.89051758e-10, 5.52855482e-06, 0, 1.33080804e-08, 1.33080804e-08, 0.000599481524, 0.000599481524, 0, 0.27, 3.332, 0, -1.55946323e-09, -3.5057833e-10, 0, 5e+16, 0, 0, 0, 0
11.0357422, 0, 0, 5e+16, 0, 6.51947975e-19, 3.718e+18, 6.44e+20, 4.85, 4, 34.0379453, 56.2121592, 0.866667, 377066.814, 0, 10.1851657, 28404.4784, 1.69614683e-09, -32.8071103, -35.4793604, 5e+16, 6.2378988e+09, -356702.593, -122190.371, 322.674989, 56.2121592, 96.2288055, 0.866667, 0.866667, 5e+16, 1.48057977e-09, 2.27986425e-10, 0.942314867, 5.52653449e-06, -2.18407724e-10, -1.42856072e-09, 2.05301947e-07, 6.53867218e-11, -3.88885695e-10, 5.52270369e-06, 0, 1.3308092e-08, 1.3308092e-08, 0.000628678688, 0.000628678688, 0, 0.27, 3.332, 0, -1.64696844e-09, -3.23498973e-10, 0, 5e+16, 0, 0, 0, 0
11.0439454, 0, 0, 5e+16, 0, 6.52438955e-19, 3.718e+18, 6.44e+20, 4.85, 4, 34.3319366, 55.7121116, 0.866667, 379356.132, 0, 18.1435239, 29149.0562, 1.75979347e-09, -33.0850152, -35.7740618, 5e+16, 6.67315794e+09, -359919.122, -119843.134, 322.677774, 55.7121116, 96.1022965, 0.866667, 0.866667, 5e+16, 1.53163373e-09, 2.42872831e-10, 0.942837703, 5.44396508e-06, -2.32504224e-10, -1.48134881e-09, 2.42773897e-07, 7.0180373e-11, -3.89012245e-10, 5.43849585e-06, 0, 1.33082552e-08, 1.33082552e-08, 0.000656061232, 0.000656061232, 0, 0.27, 3.332, 0, -1.71385303e-09, -3.18831872e-10, 0, 5e+16, 0, 0, 0, 0
11.0445313, 0, 0, 5e+16, 0, 6.52474103e-19, 3.718e+18, 6.44e+20, 4.85, 4, 34.3529773, 55.677677, 0.866667, 379521.251, 0, 18.8595851, 29179.8988, 1.92395094e-09, -33.1049818, -35.7951313, 5e+16, 1.08009018e+10, -360141.496, -119675.978, 322.677973, 55.677677, 96.1038093, 0.866667, 0.866667, 5e+16, 1.53343261e-09, 4.06718134e-10, 0.942874481, 5.43817501e-06, -3.88490007e-10, -1.48328335e-09, 2.45123564e-07, 1.20385971e-10, -3.88818607e-10, 5.4326288e-06, 0, 1.33082668e-08, 1.33082668e-08, 0.00070906007, 0.00070906007, 0, 0.27, 3.332, 0, -1.87177335e-09, -2.68432636e-10, 0, 5e+16, 0, 0, 0, 0
11.0527344, 0, 0, 5e+16, 0, 6.52966107e-19, 3.718e+18, 6.44e+20, 4.85, 4, 34.649768, 55.1944928, 0.866667, 381773.668, 0, 34.3600889, 29997.114, 2.00437651e-09, -33.3850898, -36.0926806, 5e+16, 1.16503832e+10, -363303.982, -117279.361, 322.680763, 55.1944928, 96.2753826, 0.866667, 0.866667, 5e+16, 1.58920778e-09, 4.35703601e-10, 0.943388519, 5.35524848e-06, -4.15864812e-10, -1.54078788e-09, 2.80706333e-07, 1.29924878e-10, -3.89054392e-10, 5.3478293e-06, 0, 1.33084302e-08, 1.33084302e-08, 0.000742853252, 0.000742853252, 0, 0.27, 3.332, 0, -1.95665269e-09, -2.59129514e-10, 0, 5e+16, 0, 0, 0, 0
11.0533203, 0, 0, 5e+16, 0, 6.53001328e-19, 3.718e+18, 6.44e+20, 4.85, 4, 34.6710025, 55.1611986, 0.866667, 381936.354, 0, 35.7539715, 30028.7245, 2.30805336e-09, -33.4052196, -36.1139437, 5e+16, 1.85668088e+10, -363522.64, -117109.123, 322.680963, 55.1611986, 96.2807177, 0.866667, 0.866667, 5e+16, 1.59102972e-09, 7.38674314e-10, 0.943424708, 5.34947755e-06, -7.03732713e-10, -1.54274739e-09, 2.82794775e-07, 2.24474859e-10, -3.88833156e-10, 5.34197396e-06, 0, 1.33084419e-08, 1.33084419e-08, 0.00084086363, 0.00084086363, 0, 0.27, 3.332, 0, -2.2464801e-09, -1.64358298e-10, 0, 5e+16, 0, 0, 0, 0
11.0615234, 0, 0, 5e+16, 0, 6.53494352e-19, 3.718e+18, 6.44e+20, 4.85, 4, 34.9705476, 54.6945833, 0.866667, 384151.399, 0, 66.359241, 30934.7658, 2.41879647e-09, -33.6875748, -36.4143059, 5e+16, 2.02483241e+10, -366629.111, -114666.982, 322.683755, 54.6945833, 96.1868912, 0.866667, 0.866667, 5e+16, 1.65258654e-09, 7.95971572e-10, 0.943930912, 5.26626172e-06, -7.57718475e-10, -1.60601481e-09, 3.16431098e-07, 2.43686146e-10, -3.89297289e-10, 5.25668279e-06, 0, 1.33086054e-08, 1.33086054e-08, 0.000886025547, 0.000886025547, 0, 0.27, 3.332, 0, -2.36373328e-09, -1.45611143e-10, 0, 5e+16, 0, 0, 0, 0
11.0621093, 0, 0, 5e+16, 0, 6.53529646e-19, 3.718e+18, 6.44e+20, 4.85, 4, 34.9919728, 54.6624118, 0.866667, 384311.595, 0, 69.1143751, 30967.2315, 2.98601664e-09, -33.7078695, -36.4357596, 5e+16, 3.11530734e+10, -366843.905, -114493.929, 322.683955, 54.6624118, 96.1874291, 0.866667, 0.866667, 5e+16, 1.65443058e-09, 1.36211921e-09, 0.943966586, 5.26054706e-06, -1.29470961e-09, -1.60799789e-09, 3.18138462e-07, 4.23139354e-10, -3.89048178e-10, 5.25088645e-06, 0, 1.33086171e-08, 1.33086171e-08, 0.00106988375, 0.00106988375, 0, 0.27, 3.332, 0, -2.90270749e-09, 3.40911761e-11, 0, 5e+16, 0, 0, 0, 0
11.0703125, 0, 0, 5e+16, 0, 6.5402368e-19, 3.718e+18, 6.44e+20, 4.85, 4, 35.2942254, 54.2121114, 0.866667, 386488.404, 0, 130.275692, 31982.3187, 3.15470825e-09, -33.9925044, -36.7388997, 5e+16, 3.45200625e+10, -369892.038, -112010.345, 322.686751, 54.2121114, 96.3161256, 0.866667, 0.866667, 5e+16, 1.72310501e-09, 1.47685905e-09, 0.944465888, 5.17712135e-06, -1.40259541e-09, -1.6783487e-09, 3.49762967e-07, 4.6222136e-10, -3.89887679e-10, 5.16521735e-06, 0, 1.33087809e-08, 1.33087809e-08, 0.0011363182, 0.0011363182, 0, 0.27, 3.332, 0, -3.08094411e-09, 7.23336807e-11, 0, 5e+16, 0, 0, 0, 0
11.0708984, 0, 0, 5e+16, 0, 6.54059045e-19, 3.718e+18, 6.44e+20, 4.85, 4, 35.3158376, 54.1810422, 0.866667, 386646.062, 0, 135.788017, 32015.7049, 4.22317122e-09, -34.0129648, -36.7605402, 5e+16, 5.00582641e+10, -370102.841, -111834.748, 322.686951, 54.1810422, 96.3137468, 0.866667, 0.866667, 5e+16, 1.72496803e-09, 2.54396071e-09, 0.944501117, 5.17153021e-06, -2.41322711e-09, -1.68035185e-09, 3.50862514e-07, 8.0489759e-10, -3.89610001e-10, 5.15956508e-06, 0, 1.33087926e-08, 1.33087926e-08, 0.00148500471, 0.00148500471, 0, 0.27, 3.332, 0, -4.09357897e-09, 4.15287593e-10, 0, 5e+16, 0, 0, 0, 0
11.0791016, 0, 0, 5e+16, 0, 6.54554074e-19, 3.718e+18, 6.44e+20, 4.85, 4, 35.6207424, 53.7467096, 0.866667, 388784.225, 0, 259.251684, 33165.0607, 4.50781887e-09, -34.299896, -37.0664164, 5e+16, 5.68570667e+10, -373090.995, -109313.601, 322.68975, 53.7467096, 96.2458445, 0.866667, 0.866667, 5e+16, 1.80243734e-09, 2.77622777e-09, 0.944994442, 5.08797429e-06, -2.63123531e-09, -1.7594483e-09, 3.80385947e-07, 8.85051147e-10, -3.90995422e-10, 5.07363567e-06, 0, 1.33089566e-08, 1.33089566e-08, 0.00159287482, 0.00159287482, 0, 0.27, 3.332, 0, -4.39068361e-09, 4.94055728e-10, 0, 5e+16, 0, 0, 0, 0
11.0796875, 0, 0, 5e+16, 0, 6.54589508e-19, 3.718e+18, 6.44e+20, 4.85, 4, 35.6425378, 53.7167221, 0.866667, 388939.3, 0, 270.387875, 33199.3894, 6.53442541e-09, -34.3205224, -37.0882399, 5e+16, 7.60154751e+10, -373297.688, -109135.74, 322.68995, 53.7167221, 96.246705, 0.866667, 0.866667, 5e+16, 1.80431293e-09, 4.80126565e-09, 0.945029297, 5.0826346e-06, -4.5467019e-09, -1.76146477e-09, 3.80444681e-07, 1.54232123e-09, -3.90687983e-10, 5.06828573e-06, 0, 1.33089683e-08, 1.33089683e-08, 0.00225959771, 0.00225959771, 0, 0.27, 3.332, 0, -6.30816666e-09, 1.15163325e-09, 0, 5e+16, 0, 0, 0, 0
11.0878906, 0, 0, 5e+16, 0, 6.55085512e-19, 3.718e+18, 6.44e+20, 4.85, 4, 35.9500375, 53.2980879, 0.866667, 391038.022, 0, 521.64367, 34514.342, 7.05880937e-09, -34.6097584, -37.3968102, 5e+16, 8.98055913e+10, -376223.815, -106581.367, 322.692753, 53.2980879, 96.3407021, 0.866667, 0.866667, 5e+16, 1.89268344e-09, 5.27555525e-09, 0.945517636, 4.99905417e-06, -4.99122477e-09, -1.85139629e-09, 4.07723302e-07, 1.70773437e-09, -3.92828377e-10, 4.98224677e-06, 0, 1.33091324e-08, 1.33091324e-08, 0.00245050633, 0.00245050633, 0, 0.27, 3.332, 0, -6.84262107e-09, 1.31490599e-09, 0, 5e+16, 0, 0, 0, 0
11.0884765, 0, 0, 5e+16, 0, 6.55121016e-19, 3.718e+18, 6.44e+20, 4.85, 4, 35.9720129, 53.2691581, 0.866667, 391190.488, 0, 544.310775, 34549.5571, 1.09226284e-08, -34.6305516, -37.4188133, 5e+16, 1.09636915e+11, -376426.306, -106401.523, 322.692954, 53.2691581, 96.3433855, 0.866667, 0.866667, 5e+16, 1.89456012e-09, 9.13766678e-09, 0.945552191, 4.99422076e-06, -8.64062825e-09, -1.85341431e-09, 4.05910742e-07, 2.97198481e-09, -3.92489169e-10, 4.97749805e-06, 0, 1.33091441e-08, 1.33091441e-08, 0.00373282142, 0.00373282142, 0, 0.27, 3.332, 0, -1.04940425e-08, 2.57949564e-09, 0, 5e+16, 0, 0, 0, 0
11.0966797, 0, 0, 5e+16, 0, 6.55617994e-19, 3.718e+18, 6.44e+20, 4.85, 4, 36.2820597, 52.8658265, 0.866667, 393249.767, 0, 1058.77204, 36069.0142, 1.19499155e-08, -34.9221059, -37.7300475, 5e+16, 1.37577067e+11, -379289.387, -103818.035, 322.69576, 52.8658265, 96.2954388, 0.866667, 0.866667, 5e+16, 1.9964673e-09, 1.01126366e-08, 0.946036682, 4.91074404e-06, -9.55333633e-09, -1.95679986e-09, 4.30682745e-07, 3.31485651e-09, -3.95626511e-10, 4.89153749e-06, 0, 1.33093085e-08, 1.33093085e-08, 0.00409331925, 0.00409331925, 0, 0.27, 3.332, 0, -1.15101362e-08, 2.91922999e-09, 0, 5e+16, 0, 0, 0, 0
11.0972656, 0, 0, 5e+16, 0, 6.55653566e-19, 3.718e+18, 6.44e+20, 4.85, 4, 36.3042112, 52.8379299, 0.866667, 393399.596, 0, 1105.1612, 36104.9259, 1.93414542e-08, -34.9430655, -37.752226, 5e+16, 1.54808268e+11, -379487.593, -103636.488, 322.695961, 52.8379299, 96.2957049, 0.866667, 0.866667, 5e+16, 1.99832645e-09, 1.7502384e-08, 0.946071015, 4.90695967e-06, -1.65305636e-08, -1.95880064e-09, 4.25404128e-07, 5.74960002e-09, -3.95252518e-10, 4.88796009e-06, 0, 1.33093202e-08, 1.33093202e-08, 0.00656902541, 0.00656902541, 0, 0.27, 3.332, 0, -1.84893642e-08, 5.3543475e-09, 0, 5e+16, 0, 0, 0, 0
11.1054688, 0, 0, 5e+16, 0, 6.56151496e-19, 3.718e+18, 6.44e+20, 4.85, 4, 36.6167454, 52.4495416, 0.866667, 395419.1, 0, 2162.9685, 37876.9994, 2.14209018e-08, -35.236936, -38.0660832, 5e+16, 2.1086861e+11, -382286.367, -101028.09, 322.69877, 52.4495416, 96.3625305, 0.866667, 0.866667, 5e+16, 2.11706724e-09, 1.95160231e-08, 0.946552912, 4.8237893e-06, -1.84139351e-08, -2.07891936e-09, 4.47154344e-07, 6.46215397e-09, -3.99675448e-10, 4.80237211e-06, 0, 1.33094848e-08, 1.33094848e-08, 0.00728003397, 0.00728003397, 0, 0.27, 3.332, 0, -2.04928545e-08, 6.06247854e-09, 0, 5e+16, 0, 0, 0, 0
11.1060547, 0, 0, 5e+16, 0, 6.56187136e-19, 3.718e+18, 6.44e+20, 4.85, 4, 36.6390692, 52.4226531, 0.866667, 395566.263, 0, 2258.23674, 37913.2061, 3.55841351e-08, -35.2580617, -38.0884328, 5e+16, 2.23851643e+11, -382480.212, -100845.12, 322.698971, 52.4226531, 96.3614451, 0.866667, 0.866667, 5e+16, 2.11888045e-09, 3.36774315e-08, 0.946587097, 4.82231118e-06, -3.17771947e-08, -2.08087439e-09, 4.35351042e-07, 1.11495396e-08, -3.99262255e-10, 4.8010544e-06, 0, 1.33094966e-08, 1.33094966e-08, 0.0120688959, 0.0120688959, 0, 0.27, 3.332, 0, -3.38580691e-08, 1.07502774e-08, 0, 5e+16, 0, 0, 0, 0
11.1142579, 0, 0, 5e+16, 0, 6.56686004e-19, 3.718e+18, 6.44e+20, 4.85, 4, 36.9540343, 52.0487867, 0.866667, 397545.926, 0, 4438.33462, 39997.2329, 3.98466618e-08, -35.5542458, -38.4048766, 5e+16, 3.3370133e+11, -385213.944, -98215.5473, 322.701783, 52.0487867, 96.328421, 0.866667, 0.866667, 5e+16, 2.25856116e-09, 3.78479367e-08, 0.9470676, 4.73977949e-06, -3.56754821e-08, -2.22181539e-09, 4.53029072e-07, 1.26316518e-08, -4.05302859e-10, 4.71633113e-06, 0, 1.33096613e-08, 1.33096613e-08, 0.0135091796, 0.0135091796, 0, 0.27, 3.332, 0, -3.78972975e-08, 1.22263489e-08, 0, 5e+16, 0, 0, 0, 0
11.1148438, 0, 0, 5e+16, 0, 6.5672171e-19, 3.718e+18, 6.44e+20, 4.85, 4, 36.9765261, 52.0228836, 0.866667, 397690.374, 0, 4634.30051, 40033.0099, 6.69848874e-08, -35.5755367, -38.4273926, 5e+16, 3.42621033e+11, -385403.337, -98031.43, 322.701984, 52.0228836, 96.3288483, 0.866667, 0.866667, 5e+16, 2.26028713e-09, 6.49843548e-08, 0.947101706, 4.743805e-06, -6.12734599e-08, -2.22368342e-09, 4.2885254e-07, 2.16390926e-08, -4.04844419e-10, 4.71934651e-06, 0, 1.33096731e-08, 1.33096731e-08, 0.0227740813, 0.0227740813, 0, 0.27, 3.332, 0, -6.34971433e-08, 2.12342482e-08, 0, 5e+16, 0, 0, 0, 0
11.1230469, 0, 0, 5e+16, 0, 6.57221495e-19, 3.718e+18, 6.44e+20, 4.85, 4, 37.2938605, 51.6632201, 0.866667, 399629.265, 0, 9129.88888, 42501.8966, 7.57577504e-08, -35.8740237, -38.7463817, 5e+16, 5.48241463e+11, -388070.496, -95384.4304, 322.704799, 51.6632201, 96.375073, 0.866667, 0.866667, 5e+16, 2.42601602e-09, 7.36306426e-08, 0.947581923, 4.66253196e-06, -6.93525076e-08, -2.39053648e-09, 4.40293867e-07, 2.47192961e-08, -4.12894535e-10, 4.6364105e-06, 0, 1.33098379e-08, 1.33098379e-08, 0.0257359676, 0.0257359676, 0, 0.27, 3.332, 0, -7.17430441e-08, 2.43064016e-08, 0, 5e+16, 0, 0, 0, 0
11.1236328, 0, 0, 5e+16, 0, 6.57257265e-19, 3.718e+18, 6.44e+20, 4.85, 4, 37.3165168, 51.6382806, 0.866667, 399770.927, 0, 9532.92069, 42536.02, 1.27673093e-07, -35.8954792, -38.7690596, 5e+16, 5.54096782e+11, -388255.341, -95199.4206, 322.705001, 51.6382806, 96.3762673, 0.866667, 0.866667, 5e+16, 2.42759647e-09, 1.25544256e-07, 0.947616006, 4.68070813e-06, -1.18316005e-07, -2.39225939e-09, 3.92614088e-07, 4.19705825e-08, -4.12382749e-10, 4.64768812e-06, 0, 1.33098497e-08, 1.33098497e-08, 0.0436339202, 0.0436339202, 0, 0.27, 3.332, 0, -1.20708265e-07, 4.15581998e-08, 0, 5e+16, 0, 0, 0, 0
11.1318359, 0, 0, 5e+16, 0, 6.57757953e-19, 3.718e+18, 6.44e+20, 4.85, 4, 37.6361646, 51.2925647, 0.866667, 401667.328, 0, 18792.4485, 45479.0715, 1.45750548e-07, -36.1962617, -39.0905585, 5e+16, 9.10218336e+11, -390853.709, -92538.6906, 322.707819, 51.2925647, 96.3541185, 0.866667, 0.866667, 5e+16, 2.62569661e-09, 1.43456027e-07, 0.94809699, 4.60189905e-06, -1.35050967e-07, -2.59132997e-09, 3.93353186e-07, 4.83559626e-08, -4.22889749e-10, 4.56833009e-06, 0, 1.33100148e-08, 1.33100148e-08, 0.0497695951, 0.0497695951, 0, 0.27, 3.332, 0, -1.37642297e-07, 4.79330728e-08, 0, 5e+16, 0, 0, 0, 0
11.1324218, 0, 0, 5e+16, 0, 6.57793787e-19, 3.718e+18, 6.44e+20, 4.85, 4, 37.6589816, 51.2685615, 0.866667, 401806.146, 0, 19619.7747, 45509.5319, 2.44752018e-07, -36.2178812, -39.1133934, 5e+16, 9.13978272e+11, -391033.956, -92352.9005, 322.708021, 51.2685615, 96.3542311, 0.866667, 0.866667, 5e+16, 2.62705184e-09, 2.42455924e-07, 0.948131091, 4.65689736e-06, -2.28430297e-07, -2.59282835e-09, 3.01121582e-07, 8.12388756e-08, -4.22314293e-10, 4.59526249e-06, 0, 1.33100266e-08, 1.33100266e-08, 0.0842403848, 0.0842403848, 0, 0.27, 3.332, 0, -2.31023125e-07, 8.08165614e-08, 0, 5e+16, 0, 0, 0, 0
11.140625, 0, 0, 5e+16, 0, 6.5829536e-19, 3.718e+18, 6.44e+20, 4.85, 4, 37.9808824, 50.9370316, 0.866667, 403654.484, 0, 38633.9937, 49035.693, 2.81970733e-07, -36.5209471, -39.4373601, 5e+16, 1.46348315e+12, -393556.712, -89685.4319, 322.710841, 50.9370316, 96.3852847, 0.866667, 0.866667, 5e+16, 2.86529165e-09, 2.79465491e-07, 0.948613789, 4.58303467e-06, -2.63014073e-07, -2.8318676e-09, 2.81980314e-07, 9.44172919e-08, -4.35788032e-10, 4.52304805e-06, 0, 1.33101918e-08, 1.33101918e-08, 0.0969754005, 0.0969754005, 0, 0.27, 3.332, 0, -2.65845941e-07, 9.3981504e-08, 0, 5e+16, 0, 0, 0, 0
11.1412109, 0, 0, 5e+16, 0, 6.58331256e-19, 3.718e+18, 6.44e+20, 4.85, 4, 38.0038563, 50.913872, 0.866667, 403790.78, 0, 40326.5515, 49059.2325, 4.69945356e-07, -36.5427291, -39.4603466, 5e+16, 1.46578748e+12, -393732.889, -89497.9928, 322.711043, 50.913872, 96.3848413, 0.866667, 0.866667, 5e+16, 2.86631998e-09, 4.67438793e-07, 0.948647905, 4.72515219e-06, -4.40352767e-07, -2.8330401e-09, 1.05657578e-07, 1.56746661e-07, -4.35136735e-10, 4.57945401e-06, 0, 1.33102036e-08, 1.33102036e-08, 0.163094469, 0.163094469, 0, 0.27, 3.332, 0, -4.43185807e-07, 1.56311524e-07, 0, 5e+16, 0, 0, 0, 0
11.1494141, 0, 0, 5e+16, 0, 6.58833679e-19, 3.718e+18, 6.44e+20, 4.85, 4, 38.327926, 50.5983894, 0.866667, 405575.428, 0, 79159.5134, 53301.0057, 5.46295423e-07, -36.848051, -39.7867131, 5e+16, 2.19960889e+12, -396158.867, -86850.2473, 322.713866, 50.5983894, 96.3705642, 0.866667, 0.866667, 5e+16, 3.15405475e-09, 5.43529803e-07, 0.949132777, 4.66164405e-06, -5.1149356e-07, -3.12139054e-09, 4.79247173e-08, 1.83743569e-07, -4.52118306e-10, 4.521471e-06, 0, 1.3310369e-08, 1.3310369e-08, 0.189459159, 0.189459159, 0, 0.27, 3.332, 0, -5.14614951e-07, 1.8329145e-07, 0, 5e+16, 0, 0, 0, 0
11.15, 0, 0, 5e+16, 0, 6.58869635e-19, 3.718e+18, 6.44e+20, 4.85, 4, 38.3510563, 50.5755737, 0.866667, 405804.928, 0, 84128.4477, 53312.3892, 1.16624514e-06, -36.8694887, -39.8098486, 5e+16, 2.20096763e+12, -396406.229, -86779.0954, 322.714068, 50.5755737, 96.3707353, 0.866667, 0.866667, 5e+16, 3.15491581e-09, 1.16347555e-06, 0.949169624, 5.21875321e-06, -1.11463661e-06, -3.12240114e-09, -5.53894612e-07, 3.31946449e-07, -4.51380396e-10, 4.66377989e-06, 0, 1.33103808e-08, 1.33103808e-08, 0.421790874, 0.421790874, 0, 0.27, 3.332, 0, -1.11775901e-06, 3.31495068e-07, 0, 5e+16, 0, 0, 0, 0
11.1582031, 0, 0, 5e+16, 0, 6.59372871e-19, 3.718e+18, 6.44e+20, 4.85, 4, 38.6771462, 50.2848464, 0.866667, 408566.163, 0, 212787.695, 58431.9386, 1.44126721e-06, -37.1697808, -40.1384791, 5e+16, 3.30162066e+12, -399724.74, -84506.6111, 322.716893, 50.2848464, 96.3905913, 0.866667, 0.866667, 5e+16, 3.36823305e-09, 1.4379827e-06, 0.949824758, 5.50656386e-06, -1.37915175e-06, -3.35257417e-09, -8.49310214e-07, 4.06708731e-07, 2.85395612e-10, 4.96906244e-06, 0, 1.33105463e-08, 1.33105463e-08, 0.521904504, 0.521904504, 0, 0.27, 3.332, 0, -1.38250433e-06, 4.06994127e-07, 0, 5e+16, 0, 0, 0, 0
11.159375, 0, 0, 5e+16, 0, 6.59444955e-19, 3.718e+18, 6.44e+20, 4.85, 4, 38.7239331, 50.2472047, 0.866667, 408686.661, 0, 265110.104, 58418.5409, 2.78168726e-05, -37.2104547, -40.1852582, 5e+16, 3.3017651e+12, -399949.011, -83935.2272, 322.717298, 50.2472047, 96.3911642, 0.866667, 0.866667, 5e+16, 3.37437284e-09, 2.78135876e-05, 0.9498874, 3.18692974e-05, -2.57233287e-05, -3.35889726e-09, -2.51911785e-05, 1.05745991e-05, 2.85951372e-10, 1.51192439e-05, 0, 1.331057e-08, 1.331057e-08, 9.79498478, 9.79498478, 0, 0.27, 3.332, 0, -2.57266876e-05, 1.05748851e-05, 0, 5e+16, 0, 0, 0, 0
11.1757813, 0, 0, 5e+16, 0, 6.60453807e-19, 3.718e+18, 6.44e+20, 4.85, 4, 39.3790962, 49.7183207, 0.866667, 409324.63, 0, 9745079.53, 55899.9897, 0.000219535466, -37.7653952, -40.839177, 5e+16, 4.52356319e+12, -402798.598, -72582.734, 322.722956, 49.7183207, 96.3952436, 0.866667, 0.866667, 5e+16, 3.23363111e-09, 0.000219532503, 0.950637968, 0.000221690707, -0.000202936232, -3.21979135e-09, -0.000202365046, 8.37341173e-05, -2.28935013e-11, 8.76967646e-05, 0, 1.33109013e-08, 1.33109013e-08, 77.3244631, 77.3244631, 0, 0.27, 3.332, 0, -0.000202939452, 8.37340946e-05, 0, 5e+16, 0, 0, 0, 0
11.1945313, 0, 0, 5e+16, 0, 6.61611921e-19, 3.718e+18, 6.44e+20, 4.85, 4, 40.1400161, 49.2885985, 0.866667, 414888.4, 0, 56491974.5, 56927.2959, 0.00499174722, -38.4774557, -41.6005814, 5e+16, 4.56113843e+12, -409290.562, -66863.9352, 322.729435, 49.2885985, 96.3940768, 0.866667, 0.866667, 5e+16, 3.27933528e-09, 0.00499174416, 0.95113801, 0.00499355978, -0.00483832066, -3.26827802e-09, -0.00483774767, 0.00122805486, -7.67462187e-12, 0.00123188643, 0, 1.33112808e-08, 1.33112808e-08, 1969.76665, 1969.76665, 0, 0.27, 3.332, 0, -0.00483832392, 0.00122805485, 0, 4.99999995e+16, 0, 0, 0, 0
11.2109375, 0, 0, 5e+16, 0, 6.62624774e-19, 3.718e+18, 6.44e+20, 4.85, 4, 40.8154737, 48.9139363, 0.866667, 419526.849, 0, 399800104, 52048.4934, 0.005013789, -39.0985059, -42.2735288, 5e+16, 4.83048498e+12, -415413.085, -58565.0638, 322.735102, 48.9139363, 96.3969971, 0.866667, 0.866667, 5e+16, 2.79127432e-09, 0.00501378637, 0.951573702, 0.00501409772, -0.00485966838, -2.78060675e-09, -0.00485895828, 0.00123356084, -2.16528254e-10, 0.00123728618, 0, 1.33116127e-08, 1.33116127e-08, 1980.78139, 1980.78139, 0, 0.27, 3.332, 0, -0.00485967115, 0.00123356062, 0, 4.99999995e+16, 0, 0, 0, 0
11.2484375, 0, 0, 5e+16, 0, 6.64955192e-19, 3.718e+18, 6.44e+20, 4.85, 4, 42.3877238, 48.0766662, 0.866667, 427985.829, 0, 4.52429487e+09, 53817.8136, 0.455730882, -40.6032988, -43.8466647, 5e+16, 4.90253402e+12, -425121.232, -47533.4971, 322.748077, 48.0766662, 96.3984912, 0.866667, 0.866667, 5e+16, 2.92300597e-09, 0.455730879, 0.951686146, 0.455730945, -0.451626499, -2.9172993e-09, -0.451625817, 0.0610245126, -1.77519103e-10, 0.0610279056, 0, 1.33123727e-08, 1.33123727e-08, 197911.056, 197911.056, 0, 0.27, 3.332, 0, -0.451626502, 0.0610245125, 0, 4.99999561e+16, 0, 1.46646013e-12, 0, 0
11.28125, 0, 0, 5e+16, 0, 6.66992985e-19, 3.718e+18, 6.44e+20, 4.85, 4, 43.7814741, 47.3840188, 0.866667, 435548.554, -5.6127753e-13, 7.60399466e+10, 46775.5646, 0.464912771, -41.9185922, -45.2364772, 5e+16, 3.94865367e+12, -434056.741, -36015.9923, 322.759424, 47.3840188, 96.3997986, 0.866667, 0.866667, 5e+16, 2.24416806e-09, 0.464912769, 0.952088112, 0.464912553, -0.460728936, -2.23895479e-09, -0.460728304, 0.0622310942, -1.50310665e-10, 0.0622341895, 0, 1.33130373e-08, 1.33130373e-08, 202985.517, 202985.517, 0, 0.27, 3.332, 0, -0.460728939, 0.0622310941, 0, 4.9999955e+16, -5.7319455e-25, 7.12865942e-12, 0, 0
11.35625, 0, 0, 5e+16, 0, 6.71637518e-19, 3.718e+18, 6.44e+20, 4.85, 4, 47.0966261, 46.0805502, 0.866667, 447577.853, 69966.4617, 5.07795602e+11, 49610.3259, 12.3458849, -45.1809628, -48.5531794, 5e+16, 4.08690808e+12, -446832.952, -20789.5522, 322.785038, 46.0805502, 96.399906, 0.866667, 0.866667, 5e+16, 2.43494459e-09, 12.3458849, 0.940709512, 12.3458847, -12.1985361, -2.43301409e-09, -12.1985356, 1.90171816, -7.95394443e-11, 1.90172075, 0, 1.33145375e-08, 1.33145375e-08, 5695800.75, 5695800.75, 0, 0.27, 3.332, 0, -12.1985361, 1.90171816, 0, 4.99984574e+16, 1.21004942e-11, 3.38171045e-11, 0, 0
11.421875, 0, 0, 5e+16, 0, 6.75702753e-19, 3.718e+18, 6.44e+20, 4.85, 4, 50.0261071, 45.0201896, 0.866667, 457800.574, 1.16959781e+09, 7.01499949e+12, 36982.2793, 14.2585096, -48.0374438, -51.4744148, 5e+16, 2.79689045e+12, -457742.351, -7289.21081, 322.807458, 45.0201896, 96.4, 0.866667, 0.866667, 5e+16, 2.02460697e-09, 14.2585096, 0.939513885, 14.2585094, -14.0946205, -2.02426469e-09, -14.09462, 2.15271104, -3.34795475e-11, 2.15271317, 0, 1.33158508e-08, 1.33158508e-08, 6819684.49, 6819684.49, 0, 0.27, 3.332, 0, -14.0946205, 2.15271104, 0, 4.99981458e+16, 2.35200261e-11, 5.11780504e-11, 0, 0
11.496875, 0, 0, 5e+16, 0, 6.80369747e-19, 3.718e+18, 6.44e+20, 4.85, 4, 53.5289673, 43.7311029, 0.866667, 470581.497, 8.35573751e+09, 1.27657346e+13, 40583.3399, 50.6393583, -51.5236777, -54.9797745, 5e+16, 3.04892413e+12, -470431.964, 4156.01345, 322.832873, 43.7311029, 96.4, 0.866667, 0.866667, 5e+16, 2.42555733e-09, 50.6393583, 0.888446526, 50.6393582, -50.1813314, -2.42487997e-09, -50.1813311, 6.79541654, 1.46911054e-11, 6.79541837, 0, 1.33173395e-08, 1.33173395e-08, 24640280.2, 24640280.2, 0, 0.27, 3.332, 0, -50.1813314, 6.79541654, 0, 4.99949537e+16, 1.44610873e-10, 1.62061338e-10, 0, 0
11.5625, 0, 0, 5e+16, 0, 6.84465929e-19, 3.718e+18, 6.44e+20, 4.85, 4, 56.6124635, 42.6898628, 0.866667, 481128.171, 6.76013395e+10, 3.72384164e+13, 32890.1812, 69.5631793, -54.5774186, -58.0573482, 5e+16, 2.51534786e+12, -480957.231, 12639.6486, 322.85518, 42.6898628, 96.4, 0.866667, 0.866667, 5e+16, 2.27517142e-09, 69.5631793, 0.87353978, 69.5631794, -68.9992441, -2.27477412e-09, -68.999244, 8.8000613, 3.68110551e-11, 8.80006283, 0, 1.33186462e-08, 1.33186462e-08, 36375770.4, 36375770.4, 0, 0.27, 3.332, 0, -68.9992441, 8.8000613, 0, 4.99921677e+16, 3.35453557e-10, 2.70253864e-10, 0, 0
11.6375, 0, 0, 5e+16, 0, 6.89053959e-19, 3.718e+18, 6.44e+20, 4.85, 4, 60.2854833, 41.6340822, 0.866667, 493023.5, 2.41335297e+11, 4.39710917e+13, 38121.0821, 107.442746, -58.2458417, -61.7343922, 5e+16, 3.01803206e+12, -492574.819, 19403.9213, 322.879858, 41.6340822, 96.3999999, 0.866667, 0.866667, 5e+16, 2.98771394e-09, 107.442746, 0.781486694, 107.442746, -106.890565, -2.98628621e-09, -106.890565, 10.8724546, 8.25739274e-11, 10.872456, 0, 1.33200918e-08, 1.33200918e-08, 56370189.8, 56370189.8, 0, 0.27, 3.332, 0, -106.890565, 10.8724546, 0, 4.99904408e+16, 8.3632132e-10, 7.93138476e-10, 0, 0
11.703125, 0, 0, 5e+16, 0, 6.93109064e-19, 3.718e+18, 6.44e+20, 4.85, 4, 63.5101093, 40.7665044, 0.866667, 502936.322, 9.64987254e+11, 7.20620421e+13, 37743.9067, 159.834481, -61.4567469, -64.9586676, 5e+16, 2.99808303e+12, -502340.717, 24237.6672, 322.901667, 40.7665044, 96.3999998, 0.866667, 0.866667, 5e+16, 3.10855202e-09, 159.834481, 0.739288077, 159.834481, -159.252269, -3.10697795e-09, -159.252269, 13.3403154, 9.67188618e-11, 13.3403166, 0, 1.33213694e-08, 1.33213694e-08, 90497325.2, 90497325.2, 0, 0.27, 3.332, 0, -159.252269, 13.3403154, 0, 4.99846149e+16, 1.2101773e-09, 1.25279814e-09, 0, 0
11.778125, 0, 0, 5e+16, 0, 6.97570208e-19, 3.718e+18, 6.44e+20, 4.85, 4, 67.3407749, 39.8715241, 0.866667, 513942.893, 2.22296109e+12, 7.13628285e+13, 45458.1551, 172.082256, -65.2877098, -68.7944296, 5e+16, 3.86560208e+12, -513149.41, 27862.7065, 322.925377, 39.8715241, 96.3999991, 0.866667, 0.866667, 5e+16, 4.27691623e-09, 172.082256, 0.643747824, 172.082257, -171.673252, -4.27390974e-09, -171.673252, 11.8402379, 1.56619252e-10, 11.840239, 0, 1.33227584e-08, 1.33227584e-08, 98549759.9, 98549759.9, 0, 0.27, 3.332, 0, -171.673252, 11.8402379, 0, 4.99847351e+16, 3.00620819e-09, 3.11079745e-09, 0, 0
11.84375, 0, 0, 5e+16, 0, 7.015355e-19, 3.718e+18, 6.44e+20, 4.85, 4, 70.6983298, 39.1206375, 0.866667, 523222.469, 5.83125021e+12, 9.11831282e+13, 51199.8263, 244.936688, -68.6384659, -72.1552232, 5e+16, 4.13168518e+12, -522325.311, 30353.0964, 322.946447, 39.1206375, 96.3999984, 0.866667, 0.866667, 5e+16, 4.62614341e-09, 244.936688, 0.584826023, 244.936689, -244.594719, -4.62283148e-09, -244.594719, 12.1136789, 1.73402146e-10, 12.1136799, 0, 1.33239928e-08, 1.33239928e-08, 148560774, 148560774, 0, 0.27, 3.332, 0, -244.594719, 12.1136789, 0, 4.99785807e+16, 4.60796241e-09, 4.70160975e-09, 0, 0
11.91875, 0, 0, 5e+16, 0, 7.05878612e-19, 3.718e+18, 6.44e+20, 4.85, 4, 74.676046, 38.3494515, 0.866667, 533345.4, 1.05489007e+13, 8.50342191e+13, 62610.6458, 237.90076, -72.6181503, -76.138464, 5e+16, 5.48195344e+12, -532360.837, 31993.5898, 322.969265, 38.3494515, 96.3999973, 0.866667, 0.866667, 5e+16, 6.4146796e-09, 237.90076, 0.514244712, 237.900761, -237.703518, -6.40941462e-09, -237.703518, 9.52594832, 2.57522288e-10, 9.52594926, 0, 1.33253296e-08, 1.33253296e-08, 146573064, 146573064, 0, 0.27, 3.332, 0, -237.703518, 9.52594832, 0, 4.9979361e+16, 9.80217983e-09, 1.01113003e-08, 0, 0
11.984375, 0, 0, 5e+16, 0, 7.09739672e-19, 3.718e+18, 6.44e+20, 4.85, 4, 78.1591111, 37.6928296, 0.866667, 541946.449, 2.15586496e+13, 9.6136126e+13, 75134.9841, 302.930815, -76.0978203, -79.6265362, 5e+16, 6.04741806e+12, -540920.28, 33028.8914, 322.989542, 37.6928296, 96.3999963, 0.866667, 0.866667, 5e+16, 7.06381467e-09, 302.930815, 0.461711052, 302.930816, -302.787028, -7.05808554e-09, -302.787029, 8.20744635, 2.82633318e-10, 8.20744724, 0, 1.33265177e-08, 1.33265177e-08, 194305994, 194305994, 0, 0.27, 3.332, 0, -302.787028, 8.20744635, 0, 4.99748381e+16, 1.43386803e-08, 1.46911121e-08, 0, 0
12.059375, 0, 0, 5e+16, 0, 7.1399e-19, 3.718e+18, 6.44e+20, 4.85, 4, 82.2725176, 37.0299585, 0.866667, 551187.582, 3.4279067e+13, 8.98145071e+13, 91858.4223, 291.733462, -80.2131447, -83.7454646, 5e+16, 8.01335287e+12, -550152.425, 33476.4292, 323.011627, 37.0299585, 96.3999958, 0.866667, 0.866667, 5e+16, 9.65208459e-09, 291.733462, 0.419724455, 291.733463, -291.664701, -9.64374405e-09, -291.664702, 6.11158369, 3.98976255e-10, 6.11158453, 0, 1.33278116e-08, 1.33278116e-08, 189638692, 189638692, 0, 0.27, 3.332, 0, -291.664701, 6.11158369, 0, 4.99755058e+16, 2.72082371e-08, 2.79900023e-08, 0, 0
12.125, 0, 0, 5e+16, 0, 7.17755573e-19, 3.718e+18, 6.44e+20, 4.85, 4, 85.872445, 36.4595944, 0.866667, 559084.003, 5.97609204e+13, 9.5291787e+13, 112927.113, 335.451485, -83.8114434, -87.3510748, 5e+16, 8.986253e+12, -558050.356, 33651.2496, 323.031182, 36.4595944, 96.3999954, 0.866667, 0.866667, 5e+16, 1.07335831e-08, 335.451485, 0.384567857, 335.451486, -335.405702, -1.07245688e-08, -335.405703, 4.58441783, 4.37243745e-10, 4.58441863, 0, 1.33289574e-08, 1.33289574e-08, 224863405, 224863405, 0, 0.27, 3.332, 0, -335.405702, 4.58441783, 0, 4.99728669e+16, 3.82380355e-08, 3.92067214e-08, 0, 0
12.2, 0, 0, 5e+16, 0, 7.21930884e-19, 3.718e+18, 6.44e+20, 4.85, 4, 90.110102, 35.8897373, 0.866667, 567455.911, 8.91636734e+13, 9.17354773e+13, 136829.793, 327.696765, -88.0501833, -91.5940076, 5e+16, 1.16991481e+13, -566457.788, 33399.8893, 323.052644, 35.8897373, 96.3999957, 0.866667, 0.866667, 5e+16, 1.42917153e-08, 327.696765, 0.363529036, 327.696766, -327.67942, -1.42793747e-08, -327.679421, 3.24916775, 5.91060926e-10, 3.24916851, 0, 1.33302149e-08, 1.33302149e-08, 221685824, 221685824, 0, 0.27, 3.332, 0, -327.67942, 3.24916775, 0, 4.99732055e+16, 6.57024768e-08, 6.73678949e-08, 0, 0
12.265625, 0, 0, 5e+16, 0, 7.25614934e-19, 3.718e+18, 6.44e+20, 4.85, 4, 93.8176418, 35.3962291, 0.866667, 574630.994, 1.3916539e+14, 9.40629455e+13, 168665.344, 351.308184, -91.757044, -95.3073086, 5e+16, 1.32377249e+13, -573657.895, 33078.1611, 323.07157, 35.3962291, 96.3999959, 0.866667, 0.866667, 5e+16, 1.59729722e-08, 351.308184, 0.344753771, 351.308185, -351.298146, -1.59597149e-08, -351.298147, 2.09336353, 6.46573545e-10, 2.09336426, 0, 1.33313238e-08, 1.33313238e-08, 243721960, 243721960, 0, 0.27, 3.332, 0, -351.298146, 2.09336353, 0, 4.99719904e+16, 8.88887748e-08, 9.11336657e-08, 0, 0
12.340625, 0, 0, 5e+16, 0, 7.29723958e-19, 3.718e+18, 6.44e+20, 4.85, 4, 98.1677112, 34.908652, 0.866667, 582165.068, 2.01051736e+14, 9.35383685e+13, 201610.23, 348.338746, -96.1072925, -99.6622788, 5e+16, 1.68021982e+13, -581247.217, 32451.3087, 323.092472, 34.908652, 96.3999965, 0.866667, 0.866667, 5e+16, 2.06342819e-08, 348.338746, 0.336504397, 348.338747, -348.33615, -2.06169706e-08, -348.336152, 1.33370047, 8.41042472e-10, 1.33370117, 0, 1.33325486e-08, 1.33325486e-08, 243011901, 243011901, 0, 0.27, 3.332, 0, -348.33615, 1.33370047, 0, 4.99720399e+16, 1.39600226e-07, 1.43670157e-07, 0, 0
12.40625, 0, 0, 5e+16, 0, 7.33337515e-19, 3.718e+18, 6.44e+20, 4.85, 4, 101.973032, 34.484379, 0.866667, 588637.229, 2.89095137e+14, 9.41459696e+13, 246247.227, 357.811106, -99.9124511, -103.473109, 5e+16, 1.90806421e+13, -587753.824, 31871.2325, 323.11084, 34.484379, 96.399997, 0.866667, 0.866667, 5e+16, 2.30916536e-08, 357.811106, 0.329242817, 357.811107, -357.81017, -2.30731707e-08, -357.810172, 0.603544815, 9.17053934e-10, 0.603545484, 0, 1.3333625e-08, 1.3333625e-08, 254969056, 254969056, 0, 0.27, 3.332, 0, -357.81017, 0.603544816, 0, 4.9971723e+16, 1.8280243e-07, 1.88114e-07, 0, 0
12.48125, 0, 0, 5e+16, 0, 7.37382877e-19, 3.718e+18, 6.44e+20, 4.85, 4, 106.42425, 34.0666671, 0.866667, 595382.837, 4.07327709e+14, 9.5814614e+13, 289808.294, 358.608731, -104.363203, -107.928798, 5e+16, 2.35574296e+13, -594560.302, 31059.3119, 323.13121, 34.0666671, 96.3999975, 0.866667, 0.866667, 5e+16, 2.89289996e-08, 358.608731, 0.328173994, 358.608732, -358.608563, -2.89058308e-08, -358.608564, 0.186826079, 1.15130387e-09, 0.186826721, 0, 1.33348186e-08, 1.33348186e-08, 256336277, 256336277, 0, 0.27, 3.332, 0, -358.608563, 0.18682608, 0, 4.99715743e+16, 2.65998539e-07, 2.75977982e-07, 0, 0
12.546875, 0, 0, 5e+16, 0, 7.40932158e-19, 3.718e+18, 6.44e+20, 4.85, 4, 110.317783, 33.7021689, 0.866667, 601183.826, 5.49825031e+14, 9.54379205e+13, 348708.897, 359.390311, -108.256862, -111.827425, 5e+16, 2.67373514e+13, -600397.468, 30357.8766, 323.149068, 33.7021689, 96.399998, 0.866667, 0.866667, 5e+16, 3.23166746e-08, 359.390311, 0.327986211, 359.390312, -359.39022, -3.22921128e-08, -359.390221, -0.24200184, 1.24896125e-09, -0.24200122, 0, 1.33358651e-08, 1.33358651e-08, 261534456, 261534456, 0, 0.27, 3.332, 0, -359.39022, -0.242001839, 0, 4.99717841e+16, 3.3861897e-07, 3.5055861e-07, 0, 0
12.621875, 0, 0, 5e+16, 0, 7.44914298e-19, 3.718e+18, 6.44e+20, 4.85, 4, 114.859366, 33.3447018, 0.866667, 607201.1, 7.5333755e+14, 9.83182555e+13, 403870.914, 362.615272, -112.797639, -116.373035, 5e+16, 3.21286249e+13, -606473.527, 29480.9002, 323.168921, 33.3447018, 96.3999984, 0.866667, 0.866667, 5e+16, 3.93283621e-08, 362.615272, 0.330812761, 362.615273, -362.614611, -3.92986085e-08, -362.614612, -0.463788668, 1.51960635e-09, -0.463788068, 0, 1.33370285e-08, 1.33370285e-08, 264307624, 264307624, 0, 0.27, 3.332, 0, -362.614611, -0.463788666, 0, 4.99715196e+16, 4.65356519e-07, 4.84646029e-07, 0, 0
12.6875, 0, 0, 5e+16, 0, 7.48402656e-19, 3.718e+18, 6.44e+20, 4.85, 4, 118.831873, 33.0320812, 0.866667, 612380.805, 9.67157415e+14, 9.73598381e+13, 477512.887, 358.413254, -116.770436, -120.350152, 5e+16, 3.6322731e+13, -611687.116, 28744.3766, 323.1863, 33.0320812, 96.3999988, 0.866667, 0.866667, 5e+16, 4.37494133e-08, 358.413254, 0.334678548, 358.413256, -358.412361, -4.37180988e-08, -358.412362, -0.699480784, 1.63821622e-09, -0.699480204, 0, 1.33380469e-08, 1.33380469e-08, 265203245, 265203245, 0, 0.27, 3.332, 0, -358.412361, -0.699480782, 0, 4.99720184e+16, 5.77054034e-07, 5.98852902e-07, 0, 0
12.7625, 0, 0, 5e+16, 0, 7.52320691e-19, 3.718e+18, 6.44e+20, 4.85, 4, 123.454017, 32.7251668, 0.866667, 617730.429, 1.28407549e+15, 1.00771079e+14, 544488.397, 363.00756, -121.391643, -124.975891, 5e+16, 4.25712472e+13, -617090.339, 27864.8206, 323.205645, 32.7251668, 96.3999991, 0.866667, 0.866667, 5e+16, 5.18555875e-08, 363.00756, 0.339579119, 363.007562, -363.006157, -5.18187982e-08, -363.006159, -0.818085208, 1.93770951e-09, -0.818084645, 0, 1.33391807e-08, 1.33391807e-08, 268803470, 268803470, 0, 0.27, 3.332, 0, -363.006157, -0.818085206, 0, 4.99716928e+16, 7.57412752e-07, 7.87905928e-07, 0, 0
12.828125, 0, 0, 5e+16, 0, 7.55749357e-19, 3.718e+18, 6.44e+20, 4.85, 4, 127.497007, 32.456463, 0.866667, 622335.946, 1.58288501e+15, 9.94490106e+13, 632336.443, 356.096014, -125.435017, -129.022994, 5e+16, 4.78250453e+13, -621725.992, 27137.1152, 323.222561, 32.456463, 96.3999993, 0.866667, 0.866667, 5e+16, 5.73396904e-08, 356.096014, 0.34564586, 356.096015, -356.094396, -5.73012627e-08, -356.094397, -0.9436613, 2.07387273e-09, -0.943660757, 0, 1.33401721e-08, 1.33401721e-08, 267015188, 267015188, 0, 0.27, 3.332, 0, -356.094396, -0.943661299, 0, 4.99723451e+16, 9.16179211e-07, 9.49484588e-07, 0, 0
12.903125, 0, 0, 5e+16, 0, 7.59602689e-19, 3.718e+18, 6.44e+20, 4.85, 4, 132.19059, 32.1931047, 0.866667, 627079.171, 2.03493729e+15, 1.02939757e+14, 710479.513, 361.337856, -130.12766, -133.719764, 5e+16, 5.48171547e+13, -626516.276, 26296.4971, 323.241409, 32.1931047, 96.3999995, 0.866667, 0.866667, 5e+16, 6.63914547e-08, 361.337856, 0.351610263, 361.337858, -361.336007, -6.63474478e-08, -361.336008, -1.00016738, 2.39417143e-09, -1.00016686, 0, 1.33412767e-08, 1.33412767e-08, 271021236, 271021236, 0, 0.27, 3.332, 0, -361.336007, -1.00016738, 0, 4.99719972e+16, 1.15650714e-06, 1.19887623e-06, 0, 0
12.96875, 0, 0, 5e+16, 0, 7.62972432e-19, 3.718e+18, 6.44e+20, 4.85, 4, 136.296154, 31.9622693, 0.866667, 631164.354, 2.42605103e+15, 1.01402871e+14, 810905.98, 353.071485, -134.23366, -137.82896, 5e+16, 6.10906475e+13, -630627.321, 25607.4667, 323.257879, 31.9622693, 96.3999996, 0.866667, 0.866667, 5e+16, 7.28887668e-08, 353.071485, 0.358774194, 353.071487, -353.069508, -7.28431187e-08, -353.069509, -1.05522287, 2.54355055e-09, -1.05522235, 0, 1.3342242e-08, 1.3342242e-08, 267588760, 267588760, 0, 0.27, 3.332, 0, -353.069508, -1.05522286, 0, 4.99727163e+16, 1.36746898e-06, 1.41268974e-06, 0, 0
13.04375, 0, 0, 5e+16, 0, 7.66760133e-19, 3.718e+18, 6.44e+20, 4.85, 4, 141.053037, 31.735519, 0.866667, 635361.173, 3.02420657e+15, 1.04742102e+14, 898810.372, 358.486865, -138.98966, -142.588653, 5e+16, 6.86724029e+13, -634864.761, 24823.0777, 323.276236, 31.735519, 96.3999997, 0.866667, 0.866667, 5e+16, 8.26847784e-08, 358.486865, 0.365214865, 358.486867, -358.484847, -8.26336675e-08, -358.484848, -1.07772969, 2.87441489e-09, -1.07772918, 0, 1.33433179e-08, 1.33433179e-08, 271707774, 271707774, 0, 0.27, 3.332, 0, -358.484847, -1.07772968, 0, 4.99723686e+16, 1.66927415e-06, 1.72340029e-06, 0, 0
13.109375, 0, 0, 5e+16, 0, 7.70071025e-19, 3.718e+18, 6.44e+20, 4.85, 4, 145.214074, 31.5366839, 0.866667, 638975.324, 3.50714604e+15, 1.03082926e+14, 1009482.93, 349.691053, -143.151157, -146.752876, 5e+16, 7.58549876e+13, -638500.769, 24183.8119, 323.292271, 31.5366839, 96.3999997, 0.866667, 0.866667, 5e+16, 9.00727006e-08, 349.691053, 0.372803439, 349.691055, -349.688979, -9.00200296e-08, -349.68898, -1.09325684, 3.03119751e-09, -1.09325635, 0, 1.33442577e-08, 1.33442577e-08, 267320444, 267320444, 0, 0.27, 3.332, 0, -349.688979, -1.09325684, 0, 4.9973106e+16, 1.93373263e-06, 1.99054718e-06, 0, 0
13.184375, 0, 0, 5e+16, 0, 7.73792748e-19, 3.718e+18, 6.44e+20, 4.85, 4, 150.026849, 31.3414199, 0.866667, 642683.708, 4.25052703e+15, 1.06137936e+14, 1105129.53, 354.984213, -147.963139, -151.568118, 5e+16, 8.38449147e+13, -642243.758, 23466.2887, 323.310148, 31.3414199, 96.3999998, 0.866667, 0.866667, 5e+16, 1.00379214e-07, 354.984213, 0.379366749, 354.984214, -354.982223, -1.00321323e-07, -354.982225, -1.0919428, 3.36418228e-09, -1.09194232, 0, 1.33453055e-08, 1.33453055e-08, 271359262, 271359262, 0, 0.27, 3.332, 0, -354.982224, -1.0919428, 0, 4.99727742e+16, 2.29442312e-06, 2.35957943e-06, 0, 0
13.25, 0, 0, 5e+16, 0, 7.7704508e-19, 3.718e+18, 6.44e+20, 4.85, 4, 154.236902, 31.1700859, 0.866667, 645877.946, 4.8173615e+15, 1.04433475e+14, 1223143.59, 346.162884, -152.173657, -155.780949, 5e+16, 9.17618291e+13, -645456.245, 22883.4468, 323.325759, 31.1700859, 96.3999998, 0.866667, 0.866667, 5e+16, 1.08480255e-07, 346.162884, 0.386969325, 346.162885, -346.160899, -1.0842093e-07, -346.160901, -1.07980983, 3.52330142e-09, -1.07980936, 0, 1.33462206e-08, 1.33462206e-08, 266479438, 266479438, 0, 0.27, 3.332, 0, -346.160899, -1.07980982, 0, 4.99734959e+16, 2.6101145e-06, 2.67763388e-06, 0, 0
13.325, 0, 0, 5e+16, 0, 7.80700194e-19, 3.718e+18, 6.44e+20, 4.85, 4, 159.099056, 31.0013117, 0.866667, 649149.009, 5.69322095e+15, 1.07170944e+14, 1324140.45, 351.160573, -157.035109, -160.645261, 5e+16, 9.99691307e+13, -648756.755, 22231.2449, 323.343164, 31.0013117, 96.3999999, 0.866667, 0.866667, 5e+16, 1.19049864e-07, 351.160572, 0.393439638, 351.160574, -351.158717, -1.18985733e-07, -351.158718, -1.06706369, 3.84866261e-09, -1.06706323, 0, 1.33472408e-08, 1.33472408e-08, 270317705, 270317705, 0, 0.27, 3.332, 0, -351.158717, -1.06706369, 0, 4.99731868e+16, 3.02280709e-06, 3.09789057e-06, 0, 0
13.390625, 0, 0, 5e+16, 0, 7.83893834e-19, 3.718e+18, 6.44e+20, 4.85, 4, 163.352414, 30.8532203, 0.866667, 651965.44, 6.32958103e+15, 1.05465197e+14, 1446492.92, 342.616129, -161.288929, -164.901035, 5e+16, 1.08414761e+14, -651588.411, 21702.7152, 323.358361, 30.8532203, 96.3999999, 0.866667, 0.866667, 5e+16, 1.27650375e-07, 342.616129, 0.400809815, 342.616131, -342.614308, -1.2758499e-07, -342.614309, -1.04227382, 4.00440926e-09, -1.04227337, 0, 1.33481316e-08, 1.33481316e-08, 265254102, 265254102, 0, 0.27, 3.332, 0, -342.614308, -1.04227382, 0, 4.99738774e+16, 3.38384038e-06, 3.46088365e-06, 0, 0
13.465625, 0, 0, 5e+16, 0, 7.87482341e-19, 3.718e+18, 6.44e+20, 4.85, 4, 168.258023, 30.7074976, 0.866667, 654846.598, 7.316476e+15, 1.07868431e+14, 1550269.15, 347.226006, -166.193929, -169.808524, 5e+16, 1.16649889e+14, -654494.475, 21116.8104, 323.375305, 30.7074976, 96.3999999, 0.866667, 0.866667, 5e+16, 1.38240316e-07, 347.226006, 0.407053553, 347.226007, -347.224342, -1.38170571e-07, -347.224344, -1.01911746, 4.31627503e-09, -1.01911701, 0, 1.33491248e-08, 1.33491248e-08, 268822549, 268822549, 0, 0.27, 3.332, 0, -347.224342, -1.01911745, 0, 4.99735961e+16, 3.83913977e-06, 3.92275814e-06, 0, 0
13.53125, 0, 0, 5e+16, 0, 7.90617565e-19, 3.718e+18, 6.44e+20, 4.85, 4, 172.549512, 30.5795723, 0.866667, 657327.719, 8.00399945e+15, 1.0620596e+14, 1673871.6, 339.135434, -170.485866, -174.102106, 5e+16, 1.25393673e+14, -656988.22, 20642.955, 323.390098, 30.5795723, 96.3999999, 0.866667, 0.866667, 5e+16, 1.47113824e-07, 339.135434, 0.414047172, 339.135435, -339.13383, -1.47043006e-07, -339.133832, -0.983389289, 4.46512877e-09, -0.983388851, 0, 1.33499919e-08, 1.33499919e-08, 263781864, 263781864, 0, 0.27, 3.332, 0, -339.13383, -0.983389281, 0, 4.99742422e+16, 4.23731143e-06, 4.32243289e-06, 0, 0
13.60625, 0, 0, 5e+16, 0, 7.94139126e-19, 3.718e+18, 6.44e+20, 4.85, 4, 177.493397, 30.4533443, 0.866667, 659862.282, 9.0744276e+15, 1.08298869e+14, 1777908.61, 343.313312, -175.429224, -179.047621, 5e+16, 1.33482751e+14, -659543.902, 20117.7841, 323.40659, 30.4533443, 96.4, 0.866667, 0.866667, 5e+16, 1.57499167e-07, 343.313312, 0.419978091, 343.313314, -343.311859, -1.57424516e-07, -343.311861, -0.956533348, 4.75687614e-09, -0.956532917, 0, 1.33509587e-08, 1.33509587e-08, 267043657, 267043657, 0, 0.27, 3.332, 0, -343.311859, -0.956533339, 0, 4.99739892e+16, 4.72386268e-06, 4.81455713e-06, 0, 0
13.671875, 0, 0, 5e+16, 0, 7.97215851e-19, 3.718e+18, 6.44e+20, 4.85, 4, 181.818469, 30.3425437, 0.866667, 662044.125, 9.7934226e+15, 1.06701654e+14, 1900062.84, 335.780264, -179.754725, -183.374501, 5e+16, 1.42307877e+14, -661736.25, 19693.5094, 323.420989, 30.3425437, 96.4, 0.866667, 0.866667, 5e+16, 1.6642488e-07, 335.780264, 0.426510778, 335.780265, -335.778878, -1.66349354e-07, -335.778879, -0.917923429, 4.89514053e-09, -0.917923007, 0, 1.33518027e-08, 1.33518027e-08, 262168479, 262168479, 0, 0.27, 3.332, 0, -335.778878, -0.917923425, 0, 4.99745874e+16, 5.14933888e-06, 5.24110202e-06, 0, 0
13.746875, 0, 0, 5e+16, 0, 8.00670624e-19, 3.718e+18, 6.44e+20, 4.85, 4, 186.795961, 30.233307, 0.866667, 664272.279, 1.09183659e+16, 1.08504685e+14, 2002001.45, 339.519338, -184.731767, -188.353402, 5e+16, 1.50095674e+14, -663982.296, 19225.5075, 323.437038, 30.233307, 96.4, 0.866667, 0.866667, 5e+16, 1.76406247e-07, 339.519338, 0.432080623, 339.51934, -339.518097, -1.76327384e-07, -339.518098, -0.886860201, 5.16398065e-09, -0.886859786, 0, 1.33527436e-08, 1.33527436e-08, 265113091, 265113091, 0, 0.27, 3.332, 0, -339.518097, -0.886860198, 0, 4.99743629e+16, 5.65571963e-06, 5.75202628e-06, 0, 0
13.8125, 0, 0, 5e+16, 0, 8.03689111e-19, 3.718e+18, 6.44e+20, 4.85, 4, 191.150533, 30.1373878, 0.866667, 666190.566, 1.16498677e+16, 1.06996466e+14, 2120247.78, 332.589483, -189.086743, -192.709531, 5e+16, 1.58794329e+14, -665909.33, 18847.2659, 323.451051, 30.1373878, 96.4, 0.866667, 0.866667, 5e+16, 1.85182065e-07, 332.589483, 0.438115287, 332.589485, -332.588313, -1.851025e-07, -332.588315, -0.845043632, 5.29023658e-09, -0.84504322, 0, 1.33535652e-08, 1.33535652e-08, 260491867, 260491867, 0, 0.27, 3.332, 0, -332.588313, -0.845043627, 0, 4.99749093e+16, 6.09845742e-06, 6.19542378e-06, 0, 0
13.8875, 0, 0, 5e+16, 0, 8.07076824e-19, 3.718e+18, 6.44e+20, 4.85, 4, 196.157582, 30.0425292, 0.866667, 668144.962, 1.27993994e+16, 1.08553867e+14, 2218000.42, 335.910502, -194.093406, -197.717789, 5e+16, 1.66149834e+14, -667879.027, 18427.7405, 323.466667, 30.0425292, 96.4, 0.866667, 0.866667, 5e+16, 1.94588717e-07, 335.910501, 0.44330959, 335.910503, -335.909452, -1.94506379e-07, -335.909453, -0.815804566, 5.53117865e-09, -0.81580416, 0, 1.33544806e-08, 1.33544806e-08, 263128348, 263128348, 0, 0.27, 3.332, 0, -335.909452, -0.815804561, 0, 4.99747104e+16, 6.61241751e-06, 6.71303043e-06, 0, 0
13.953125, 0, 0, 5e+16, 0, 8.10036915e-19, 3.718e+18, 6.44e+20, 4.85, 4, 200.538089, 29.9592681, 0.866667, 669826.217, 1.35248308e+16, 1.07134879e+14, 2330419.78, 329.581883, -198.474294, -202.099633, 5e+16, 1.74549657e+14, -669567.635, 18088.6687, 323.480302, 29.9592681, 96.4, 0.866667, 0.866667, 5e+16, 2.03034253e-07, 329.581883, 0.448847965, 329.581885, -329.580896, -2.02951398e-07, -329.580897, -0.777457423, 5.64285815e-09, -0.777457023, 0, 1.335528e-08, 1.335528e-08, 258801634, 258801634, 0, 0.27, 3.332, 0, -329.580896, -0.777457418, 0, 4.99752093e+16, 7.06183841e-06, 7.16277109e-06, 0, 0
14.028125, 0, 0, 5e+16, 0, 8.13357818e-19, 3.718e+18, 6.44e+20, 4.85, 4, 205.570983, 29.8772348, 0.866667, 671536.408, 1.46717502e+16, 1.08471154e+14, 2422194.39, 332.51788, -203.506858, -207.133558, 5e+16, 1.81364692e+14, -671290.884, 17715.0716, 323.495494, 29.8772348, 96.4, 0.866667, 0.866667, 5e+16, 2.11727868e-07, 332.51788, 0.453669307, 332.517881, -332.517, -2.11642722e-07, -332.517002, -0.746794796, 5.85600076e-09, -0.7467944, 0, 1.33561706e-08, 1.33561706e-08, 261148936, 261148936, 0, 0.27, 3.332, 0, -332.517, -0.74679479, 0, 4.99750346e+16, 7.57236932e-06, 7.67604846e-06, 0, 0
14.09375, 0, 0, 5e+16, 0, 8.16259755e-19, 3.718e+18, 6.44e+20, 4.85, 4, 209.974179, 29.8051974, 0.866667, 673007.691, 1.53747079e+16, 1.07152808e+14, 2527058.39, 326.765587, -207.910408, -211.537896, 5e+16, 1.89306153e+14, -672768.332, 17413.283, 323.508761, 29.8051974, 96.4, 0.866667, 0.866667, 5e+16, 2.19692105e-07, 326.765587, 0.45873183, 326.765588, -326.764768, -2.19606589e-07, -326.764769, -0.708298889, 5.95345435e-09, -0.708298498, 0, 1.33569484e-08, 1.33569484e-08, 257131233, 257131233, 0, 0.27, 3.332, 0, -326.764768, -0.708298883, 0, 4.9975486e+16, 8.01880122e-06, 8.12249276e-06, 0, 0
14.16875, 0, 0, 5e+16, 0, 8.19513647e-19, 3.718e+18, 6.44e+20, 4.85, 4, 215.02969, 29.7340952, 0.866667, 674500.415, 1.64948035e+16, 1.08303505e+14, 2611428.88, 329.349509, -212.965638, -216.594278, 5e+16, 1.95499544e+14, -674272.278, 17079.3504, 323.523537, 29.7340952, 96.4, 0.866667, 0.866667, 5e+16, 2.27566263e-07, 329.349508, 0.463186465, 329.34951, -329.348777, -2.27478958e-07, -329.348779, -0.680057101, 6.13653375e-09, -0.680056715, 0, 1.33578148e-08, 1.33578148e-08, 259209985, 259209985, 0, 0.27, 3.332, 0, -329.348778, -0.680057095, 0, 4.99753325e+16, 8.51599225e-06, 8.62168906e-06, 0, 0
14.234375, 0, 0, 5e+16, 0, 8.22357284e-19, 3.718e+18, 6.44e+20, 4.85, 4, 219.452736, 29.6716767, 0.866667, 675783.655, 1.71623566e+16, 1.07081313e+14, 2707626.59, 324.145627, -217.389013, -221.018295, 5e+16, 2.02870141e+14, -675560.731, 16809.5738, 323.536442, 29.6716767, 96.4, 0.866667, 0.866667, 5e+16, 2.34930721e-07, 324.145627, 0.467796042, 324.145629, -324.144947, -2.34843189e-07, -324.144949, -0.645432672, 6.2188369e-09, -0.64543229, 0, 1.33585714e-08, 1.33585714e-08, 255507934, 255507934, 0, 0.27, 3.332, 0, -324.144947, -0.645432666, 0, 4.99757411e+16, 8.95083056e-06, 9.05630774e-06, 0, 0
14.309375, 0, 0, 5e+16, 0, 8.25544377e-19, 3.718e+18, 6.44e+20, 4.85, 4, 224.527931, 29.6103141, 0.866667, 677084.164, 1.82370746e+16, 1.08067728e+14, 2783465.56, 326.413704, -222.463968, -226.094216, 5e+16, 2.08380858e+14, -676870.891, 16511.8915, 323.550811, 29.6103141, 96.4, 0.866667, 0.866667, 5e+16, 2.41906412e-07, 326.413704, 0.471898383, 326.413705, -326.413101, -2.41817503e-07, -326.413103, -0.617102268, 6.37346872e-09, -0.617101889, 0, 1.33594139e-08, 1.33594139e-08, 257342316, 257342316, 0, 0.27, 3.332, 0, -326.413101, -0.617102262, 0, 4.99756072e+16, 9.42715496e-06, 9.53394047e-06, 0, 0
14.375, 0, 0, 5e+16, 0, 8.28329892e-19, 3.718e+18, 6.44e+20, 4.85, 4, 228.968261, 29.5564218, 0.866667, 678202.132, 1.88598693e+16, 1.06945934e+14, 2870077.68, 321.721107, -226.904601, -230.535363, 5e+16, 2.15084713e+14, -677993.284, 16270.7895, 323.563362, 29.5564218, 96.4, 0.866667, 0.866667, 5e+16, 2.48581959e-07, 321.721107, 0.476085412, 321.721108, -321.72055, -2.48492929e-07, -321.720552, -0.583555394, 6.44191761e-09, -0.583555018, 0, 1.33601498e-08, 1.33601498e-08, 253949892, 253949892, 0, 0.27, 3.332, 0, -321.720551, -0.583555387, 0, 4.99759744e+16, 9.8436748e-06, 9.95004845e-06, 0, 0
14.45, 0, 0, 5e+16, 0, 8.31449881e-19, 3.718e+18, 6.44e+20, 4.85, 4, 234.060614, 29.5033181, 0.866667, 679328.956, 1.9872438e+16, 1.07803208e+14, 2936542.15, 323.715575, -231.996746, -235.628312, 5e+16, 2.19870603e+14, -679128.553, 16001.295, 323.577331, 29.5033181, 96.4, 0.866667, 0.866667, 5e+16, 2.54602543e-07, 323.715575, 0.479865865, 323.715577, -323.715075, -2.54512619e-07, -323.715076, -0.560264541, 6.56522284e-09, -0.560264169, 0, 1.33609688e-08, 1.33609688e-08, 255568314, 255568314, 0, 0.27, 3.332, 0, -323.715075, -0.560264535, 0, 4.99758562e+16, 1.02914835e-05, 1.03986552e-05, 0, 0
14.515625, 0, 0, 5e+16, 0, 8.34176992e-19, 3.718e+18, 6.44e+20, 4.85, 4, 238.515997, 29.456717, 0.866667, 680295.914, 2.04412305e+16, 1.06764884e+14, 3013119.25, 319.479466, -236.452412, -240.084378, 5e+16, 2.25850641e+14, -680099.331, 15782.6671, 323.589533, 29.456717, 96.4, 0.866667, 0.866667, 5e+16, 2.6051906e-07, 319.479466, 0.483675145, 319.479468, -319.479001, -2.60429139e-07, -319.479003, -0.532949147, 6.61839198e-09, -0.532948779, 0, 1.33616843e-08, 1.33616843e-08, 252458702, 252458702, 0, 0.27, 3.332, 0, -319.479001, -0.53294914, 0, 4.99761896e+16, 1.06831424e-05, 1.07897751e-05, 0, 0
14.590625, 0, 0, 5e+16, 0, 8.37230023e-19, 3.718e+18, 6.44e+20, 4.85, 4, 243.623125, 29.4112762, 0.866667, 681265.398, 2.13791901e+16, 1.07507779e+14, 3069599.74, 321.240395, -241.559361, -245.191983, 5e+16, 2.29884137e+14, -681076.185, 15540.0177, 323.60311, 29.4112762, 96.4, 0.866667, 0.866667, 5e+16, 2.65550785e-07, 321.240395, 0.487167274, 321.240397, -321.23998, -2.65460347e-07, -321.239982, -0.510091704, 6.71326802e-09, -0.510091338, 0, 1.33624804e-08, 1.33624804e-08, 253888608, 253888608, 0, 0.27, 3.332, 0, -321.23998, -0.510091696, 0, 4.99760857e+16, 1.10965714e-05, 1.12034516e-05, 0, 0
14.65625, 0, 0, 5e+16, 0, 8.39898812e-19, 3.718e+18, 6.44e+20, 4.85, 4, 248.091481, 29.3713701, 0.866667, 682096.998, 2.18864006e+16, 1.06553584e+14, 3135625.7, 317.404709, -246.027978, -249.660897, 5e+16, 2.35080537e+14, -681911.072, 15343.0952, 323.614971, 29.3713701, 96.4, 0.866667, 0.866667, 5e+16, 2.70659077e-07, 317.404709, 0.490644584, 317.40471, -317.404324, -2.7056873e-07, -317.404326, -0.484017342, 6.75301692e-09, -0.48401698, 0, 1.33631758e-08, 1.33631758e-08, 251029832, 251029832, 0, 0.27, 3.332, 0, -317.404325, -0.484017335, 0, 4.99763869e+16, 1.1458174e-05, 1.15643925e-05, 0, 0
14.73125, 0, 0, 5e+16, 0, 8.42884513e-19, 3.718e+18, 6.44e+20, 4.85, 4, 253.211304, 29.3325338, 0.866667, 682923.777, 2.27399173e+16, 1.07204496e+14, 3181791.04, 318.962523, -251.147645, -254.781088, 5e+16, 2.38352294e+14, -682744.357, 15122.5238, 323.628161, 29.3325338, 96.4, 0.866667, 0.866667, 5e+16, 2.74689195e-07, 318.962523, 0.493873301, 318.962524, -318.962176, -2.74598738e-07, -318.962178, -0.464782098, 6.81845289e-09, -0.464781738, 0, 1.33639493e-08, 1.33639493e-08, 252292796, 252292796, 0, 0.27, 3.332, 0, -318.962176, -0.464782091, 0, 4.99762949e+16, 1.18325666e-05, 1.19386164e-05, 0, 0
14.796875, 0, 0, 5e+16, 0, 8.45494638e-19, 3.718e+18, 6.44e+20, 4.85, 4, 257.690802, 29.2984478, 0.866667, 683631.48, 2.31808851e+16, 1.06321737e+14, 3237246.44, 315.485239, -255.627385, -259.261033, 5e+16, 2.42746561e+14, -683454.924, 14943.3465, 323.639685, 29.2984478, 96.4, 0.866667, 0.866667, 5e+16, 2.78962769e-07, 315.485239, 0.497052999, 315.48524, -315.484916, -2.78872498e-07, -315.484918, -0.44307039, 6.84432497e-09, -0.443070033, 0, 1.3364625e-08, 1.3364625e-08, 249662415, 249662415, 0, 0.27, 3.332, 0, -315.484916, -0.443070384, 0, 4.99765693e+16, 1.2160095e-05, 1.22654084e-05, 0, 0
14.871875, 0, 0, 5e+16, 0, 8.48412958e-19, 3.718e+18, 6.44e+20, 4.85, 4, 262.821368, 29.2657324, 0.866667, 684329.704, 2.39447717e+16, 1.06890266e+14, 3272944.58, 316.867357, -260.757816, -264.391867, 5e+16, 2.45257917e+14, -684158.892, 14743.0971, 323.652495, 29.2657324, 96.4, 0.866667, 0.866667, 5e+16, 2.81994543e-07, 316.867357, 0.500042484, 316.867358, -316.867067, -2.8190448e-07, -316.867069, -0.424153957, 6.88350047e-09, -0.424153602, 0, 1.33653761e-08, 1.33653761e-08, 250778377, 250778377, 0, 0.27, 3.332, 0, -316.867067, -0.42415395, 0, 4.9976488e+16, 1.24928876e-05, 1.25976004e-05, 0, 0
14.9375, 0, 0, 5e+16, 0, 8.50964338e-19, 3.718e+18, 6.44e+20, 4.85, 4, 267.310301, 29.2369947, 0.866667, 684926.676, 2.43171934e+16, 1.060791e+14, 3317777.23, 313.709108, -265.246972, -268.881147, 5e+16, 2.48831364e+14, -684758.372, 14579.77, 323.663688, 29.2369947, 96.4, 0.866667, 0.866667, 5e+16, 2.85423676e-07, 313.709108, 0.502956735, 313.70911, -313.70884, -2.85333863e-07, -313.708842, -0.403327895, 6.89744523e-09, -0.403327543, 0, 1.33660325e-08, 1.33660325e-08, 248353947, 248353947, 0, 0.27, 3.332, 0, -313.708841, -0.403327888, 0, 4.99767367e+16, 1.27839258e-05, 1.28878351e-05, 0, 0
15.0125, 0, 0, 5e+16, 0, 8.53814605e-19, 3.718e+18, 6.44e+20, 4.85, 4, 272.449916, 29.2095446, 0.866667, 685504.375, 2.49848553e+16, 1.06586975e+14, 3343031.22, 314.944793, -270.386468, -274.020937, 5e+16, 2.50594382e+14, -685341.265, 14393.7906, 323.676122, 29.2095446, 96.4, 0.866667, 0.866667, 5e+16, 2.87473683e-07, 314.944793, 0.505740501, 314.944795, -314.944546, -2.87384477e-07, -314.944548, -0.389565961, 6.9079822e-09, -0.389565611, 0, 1.33667617e-08, 1.33667617e-08, 249343391, 249343391, 0, 0.27, 3.332, 0, -314.944547, -0.389565954, 0, 4.99766634e+16, 1.30712836e-05, 1.3174309e-05, 0, 0
15.078125, 0, 0, 5e+16, 0, 8.56306622e-19, 3.718e+18, 6.44e+20, 4.85, 4, 276.946786, 29.1854662, 0.866667, 685995.794, 2.52842462e+16, 1.05827593e+14, 3377534.41, 312.057018, -274.883549, -278.518061, 5e+16, 2.53358031e+14, -685834.923, 14242.062, 323.686987, 29.1854662, 96.4, 0.866667, 0.866667, 5e+16, 2.90056329e-07, 312.057017, 0.508428943, 312.057019, -312.056786, -2.89967464e-07, -312.056788, -0.374329864, 6.90850487e-09, -0.374329517, 0, 1.33673988e-08, 1.33673988e-08, 247091194, 247091194, 0, 0.27, 3.332, 0, -312.056786, -0.374329857, 0, 4.99768932e+16, 1.33226871e-05, 1.34248798e-05, 0, 0
15.153125, 0, 0, 5e+16, 0, 8.59088494e-19, 3.718e+18, 6.44e+20, 4.85, 4, 282.093751, 29.1632435, 0.866667, 686460.08, 2.58515398e+16, 1.06277064e+14, 3392528.88, 313.168823, -280.030408, -283.665113, 5e+16, 2.54394489e+14, -686303.821, 14072.6754, 323.69905, 29.1632435, 96.4, 0.866667, 0.866667, 5e+16, 2.91158515e-07, 313.168822, 0.511033548, 313.168824, -313.168612, -2.91070528e-07, -313.168614, -0.359750971, 6.89534849e-09, -0.359750627, 0, 1.33681062e-08, 1.33681062e-08, 247969982, 247969982, 0, 0.27, 3.332, 0, -313.168612, -0.359750964, 0, 4.99768279e+16, 1.3562087e-05, 1.36630019e-05, 0, 0
15.21875, 0, 0, 5e+16, 0, 8.61520806e-19, 3.718e+18, 6.44e+20, 4.85, 4, 286.59708, 29.143711, 0.866667, 686853.969, 2.60748096e+16, 1.05573902e+14, 3416778.27, 310.513455, -284.533932, -288.168609, 5e+16, 2.56343711e+14, -686699.666, 13935.3804, 323.709591, 29.143711, 96.4, 0.866667, 0.866667, 5e+16, 2.9290905e-07, 310.513454, 0.513527246, 310.513456, -310.513258, -2.92821455e-07, -310.51326, -0.343999452, 6.8852967e-09, -0.343999109, 0, 1.33687244e-08, 1.33687244e-08, 245863619, 245863619, 0, 0.27, 3.332, 0, -310.513259, -0.343999445, 0, 4.99770382e+16, 1.37716674e-05, 1.38716987e-05, 0, 0
15.29375, 0, 0, 5e+16, 0, 8.64233386e-19, 3.718e+18, 6.44e+20, 4.85, 4, 291.749882, 29.1261045, 0.866667, 687214.142, 2.65405284e+16, 1.05970523e+14, 3421936.26, 311.506571, -289.686642, -293.321419, 5e+16, 2.56690677e+14, -687063.862, 13784.2, 323.721285, 29.1261045, 96.4, 0.866667, 0.866667, 5e+16, 2.931126e-07, 311.50657, 0.515950811, 311.506572, -311.506393, -2.93026121e-07, -311.506395, -0.329920275, 6.85036445e-09, -0.329919933, 0, 1.33694101e-08, 1.33694101e-08, 246636710, 246636710, 0, 0.27, 3.332, 0, -311.506394, -0.329920268, 0, 4.99769801e+16, 1.39630006e-05, 1.40614072e-05, 0, 0
15.359375, 0, 0, 5e+16, 0, 8.66605233e-19, 3.718e+18, 6.44e+20, 4.85, 4, 296.258344, 29.110622, 0.866667, 687518.266, 2.66911093e+16, 1.053225e+14, 3436552.45, 309.081665, -294.195285, -297.829969, 5e+16, 2.57866541e+14, -687369.65, 13663.2928, 323.731504, 29.110622, 96.4, 0.866667, 0.866667, 5e+16, 2.94074631e-07, 309.081664, 0.518251419, 309.081666, -309.081499, -2.93988582e-07, -309.081501, -0.314943244, 6.83096411e-09, -0.314942904, 0, 1.33700094e-08, 1.33700094e-08, 244681658, 244681658, 0, 0.27, 3.332, 0, -309.0815, -0.314943237, 0, 4.9977172e+16, 1.41308174e-05, 1.42282808e-05, 0, 0
15.434375, 0, 0, 5e+16, 0, 8.69248223e-19, 3.718e+18, 6.44e+20, 4.85, 4, 301.415561, 29.0973345, 0.866667, 687815.979, 2.71003713e+16, 1.05680714e+14, 3432365.65, 310.044877, -299.35242, -302.987118, 5e+16, 2.57564387e+14, -687670.837, 13530.3427, 323.742833, 29.0973345, 96.4, 0.866667, 0.866667, 5e+16, 2.93812184e-07, 310.044876, 0.520713885, 310.044878, -310.044747, -2.93727437e-07, -310.044749, -0.282581343, 6.78252298e-09, -0.282581006, 0, 1.33706739e-08, 1.33706739e-08, 245425797, 245425797, 0, 0.27, 3.332, 0, -310.044748, -0.282581337, 0, 4.99771192e+16, 1.43060697e-05, 1.44008876e-05, 0, 0
15.5, 0, 0, 5e+16, 0, 8.71559101e-19, 3.718e+18, 6.44e+20, 4.85, 4, 305.927927, 29.0855791, 0.866667, 688076.123, 2.71954976e+16, 1.05064802e+14, 3438028.8, 307.622488, -303.864959, -307.499501, 5e+16, 2.5801472e+14, -687932.463, 13419.4453, 323.752734, 29.0855791, 96.4, 0.866667, 0.866667, 5e+16, 2.94460019e-07, 307.622488, 0.523027555, 307.622489, -307.622383, -2.94375717e-07, -307.622385, -0.249954117, 6.75916419e-09, -0.249953781, 0, 1.33712545e-08, 1.33712545e-08, 243452604, 243452604, 0, 0.27, 3.332, 0, -307.622384, -0.24995411, 0, 4.99772997e+16, 1.44599814e-05, 1.45536813e-05, 0, 0
15.6041667, 0, 0, 5e+16, 0, 8.7511353e-19, 3.718e+18, 6.44e+20, 4.85, 4, 313.096361, 29.0733917, 0.866667, 688337.581, 2.75532887e+16, 1.05420649e+14, 3433740.25, 308.406667, -311.033315, -314.667855, 5e+16, 2.57702415e+14, -688197.612, 13275.096, 323.767871, 29.0733917, 96.4, 0.866667, 0.866667, 5e+16, 2.93031216e-07, 308.406667, 0.52510208, 308.406668, -308.406577, -2.92947894e-07, -308.406579, -0.233778308, 6.70466809e-09, -0.233777974, 0, 1.33721423e-08, 1.33721423e-08, 244053217, 244053217, 0, 0.27, 3.332, 0, -308.406578, -0.233778301, 0, 4.99772475e+16, 1.45926389e-05, 1.46840783e-05, 0, 0
15.6953125, 0, 0, 5e+16, 0, 8.78222809e-19, 3.718e+18, 6.44e+20, 4.85, 4, 319.368514, 29.0626214, 0.866667, 688560.374, 2.76424201e+16, 1.04789686e+14, 3439908.57, 306.392059, -317.305649, -320.940019, 5e+16, 2.58191414e+14, -688422.048, 13147.9834, 323.781106, 29.0626214, 96.4, 0.866667, 0.866667, 5e+16, 2.92711741e-07, 306.392058, 0.527037307, 306.39206, -306.391979, -2.92628813e-07, -306.391981, -0.218125716, 6.67666591e-09, -0.218125384, 0, 1.33729185e-08, 1.33729185e-08, 242396205, 242396205, 0, 0.27, 3.332, 0, -306.391979, -0.21812571, 0, 4.99774315e+16, 1.47077436e-05, 1.47982035e-05, 0, 0
15.7994792, 0, 0, 5e+16, 0, 8.81648739e-19, 3.718e+18, 6.44e+20, 4.85, 4, 326.541638, 29.0524886, 0.866667, 688722.921, 2.79097936e+16, 1.05149192e+14, 3408584.16, 307.255667, -324.478693, -328.112845, 5e+16, 2.56024475e+14, -688588.719, 12982.154, 323.79559, 29.0524886, 96.4, 0.866667, 0.866667, 5e+16, 2.89316629e-07, 307.255666, 0.529322744, 307.255668, -307.255585, -2.89235968e-07, -307.255586, -0.221147689, 6.54914856e-09, -0.221147359, 0, 1.3373768e-08, 1.3373768e-08, 243033068, 243033068, 0, 0.27, 3.332, 0, -307.255585, -0.221147683, 0, 4.99773782e+16, 1.47996708e-05, 1.48878096e-05, 0, 0
15.890625, 0, 0, 5e+16, 0, 8.84645083e-19, 3.718e+18, 6.44e+20, 4.85, 4, 332.817861, 29.0436956, 0.866667, 688844.594, 2.788972e+16, 1.04495749e+14, 3393704.69, 305.022133, -330.755102, -334.388908, 5e+16, 2.54780635e+14, -688712.177, 12838.4803, 323.808252, 29.0436956, 96.4, 0.866667, 0.866667, 5e+16, 2.87502505e-07, 305.022132, 0.531451363, 305.022134, -305.022048, -2.87422523e-07, -305.02205, -0.223785049, 6.49065315e-09, -0.22378472, 0, 1.33745106e-08, 1.33745106e-08, 241152110, 241152110, 0, 0.27, 3.332, 0, -305.022048, -0.223785043, 0, 4.99775663e+16, 1.4879366e-05, 1.49665366e-05, 0, 0
15.9947917, 0, 0, 5e+16, 0, 8.87938817e-19, 3.718e+18, 6.44e+20, 4.85, 4, 339.992807, 29.0397619, 0.866667, 688843.531, 2.79904141e+16, 1.04869473e+14, 3345869.54, 305.915499, -337.929964, -341.563417, 5e+16, 2.51499861e+14, -688715.358, 12662.3892, 323.822081, 29.0397619, 96.4, 0.866667, 0.866667, 5e+16, 2.82688603e-07, 305.915498, 0.53382798, 305.9155, -305.915408, -2.82611644e-07, -305.915409, -0.232223752, 6.31626921e-09, -0.232223426, 0, 1.33753217e-08, 1.33753217e-08, 241768197, 241768197, 0, 0.27, 3.332, 0, -305.915408, -0.232223746, 0, 4.99775102e+16, 1.48810321e-05, 1.49653233e-05, 0, 0
16.0859375, 0, 0, 5e+16, 0, 8.90819155e-19, 3.718e+18, 6.44e+20, 4.85, 4, 346.2706, 29.0363729, 0.866667, 688819.226, 2.78128355e+16, 1.04164676e+14, 3316009.76, 303.578948, -344.207957, -347.840924, 5e+16, 2.49004379e+14, -688692.791, 12516.1688, 323.834168, 29.0363729, 96.4, 0.866667, 0.866667, 5e+16, 2.79567613e-07, 303.578947, 0.536035107, 303.578949, -303.578851, -2.79491525e-07, -303.578853, -0.239476527, 6.23465764e-09, -0.239476203, 0, 1.33760306e-08, 1.33760306e-08, 239731814, 239731814, 0, 0.27, 3.332, 0, -303.578852, -0.239476521, 0, 4.99777103e+16, 1.48827586e-05, 1.49659461e-05, 0, 0
16.1901042, 0, 0, 5e+16, 0, 8.93979062e-19, 3.718e+18, 6.44e+20, 4.85, 4, 353.443874, 29.0399834, 0.866667, 688663.026, 2.77502481e+16, 1.04504727e+14, 3253309.81, 304.456632, -351.381154, -355.013625, 5e+16, 2.44733806e+14, -688540.41, 12352.7861, 323.847347, 29.0399834, 96.4, 0.866667, 0.866667, 5e+16, 2.73530382e-07, 304.456631, 0.538430312, 304.456633, -304.45654, -2.73457535e-07, -304.456542, -0.233933959, 6.03492932e-09, -0.233933637, 0, 1.33768036e-08, 1.33768036e-08, 240296951, 240296951, 0, 0.27, 3.332, 0, -304.456541, -0.233933953, 0, 4.99776588e+16, 1.47989831e-05, 1.4878415e-05, 0, 0
16.28125, 0, 0, 5e+16, 0, 8.96742082e-19, 3.718e+18, 6.44e+20, 4.85, 4, 359.720237, 29.0430672, 0.866667, 688508.81, 2.74313411e+16, 1.03830983e+14, 3209026.31, 302.110058, -357.65771, -361.289573, 5e+16, 2.41018708e+14, -688387.722, 12218.6451, 323.858865, 29.0430672, 96.4, 0.866667, 0.866667, 5e+16, 2.69248296e-07, 302.110057, 0.540640285, 302.110059, -302.10997, -2.69176341e-07, -302.109972, -0.227642546, 5.94278902e-09, -0.227642226, 0, 1.33774792e-08, 1.33774792e-08, 238190894, 238190894, 0, 0.27, 3.332, 0, -302.10997, -0.22764254, 0, 4.9977848e+16, 1.47258835e-05, 1.48040836e-05, 0, 0
16.3854167, 0, 0, 5e+16, 0, 8.99765517e-19, 3.718e+18, 6.44e+20, 4.85, 4, 366.889216, 29.0523455, 0.866667, 688210.327, 2.72173851e+16, 1.04153979e+14, 3133824.89, 302.933242, -364.826616, -368.457852, 5e+16, 2.35926339e+14, -688092.824, 12060.776, 323.871395, 29.0523455, 96.4, 0.866667, 0.866667, 5e+16, 2.62201096e-07, 302.933242, 0.542973539, 302.933244, -302.933156, -2.62132745e-07, -302.933158, -0.226578922, 5.7157022e-09, -0.226578603, 0, 1.33782142e-08, 1.33782142e-08, 238681184, 238681184, 0, 0.27, 3.332, 0, -302.933156, -0.226578916, 0, 4.99777987e+16, 1.45658488e-05, 1.4640016e-05, 0, 0
16.4765625, 0, 0, 5e+16, 0, 9.02409072e-19, 3.718e+18, 6.44e+20, 4.85, 4, 373.16182, 29.0604692, 0.866667, 687929.822, 2.67834446e+16, 1.0348487e+14, 3078192.45, 300.671858, -371.09941, -374.729923, 5e+16, 2.3123781e+14, -687813.74, 11930.7765, 323.882346, 29.0604692, 96.4, 0.866667, 0.866667, 5e+16, 2.56951045e-07, 300.671858, 0.545108907, 300.671859, -300.671772, -2.56883656e-07, -300.671774, -0.224692426, 5.61123305e-09, -0.224692109, 0, 1.33788565e-08, 1.33788565e-08, 236596282, 236596282, 0, 0.27, 3.332, 0, -300.671773, -0.22469242, 0, 4.99779844e+16, 1.44260319e-05, 1.44989885e-05, 0, 0
16.5807292, 0, 0, 5e+16, 0, 9.05295775e-19, 3.718e+18, 6.44e+20, 4.85, 4, 380.323588, 29.0760735, 0.866667, 687498.783, 2.64361155e+16, 1.03773344e+14, 2992513.52, 301.437878, -378.261113, -381.890867, 5e+16, 2.25466943e+14, -687385.944, 11783.8057, 323.894238, 29.0760735, 96.4, 0.866667, 0.866667, 5e+16, 2.49094916e-07, 301.437878, 0.547363003, 301.437879, -301.437799, -2.49031202e-07, -301.4378, -0.217117677, 5.37009842e-09, -0.217117362, 0, 1.33795541e-08, 1.33795541e-08, 237011635, 237011635, 0, 0.27, 3.332, 0, -301.437799, -0.217117672, 0, 4.997794e+16, 1.4199074e-05, 1.42676493e-05, 0, 0
16.671875, 0, 0, 5e+16, 0, 9.07819645e-19, 3.718e+18, 6.44e+20, 4.85, 4, 386.589909, 29.0896685, 0.866667, 687106.002, 2.59060442e+16, 1.03146993e+14, 2926999.38, 299.278134, -384.527613, -388.15654, 5e+16, 2.19919885e+14, -686994.439, 11662.2277, 323.904631, 29.0896685, 96.4, 0.866667, 0.866667, 5e+16, 2.43050914e-07, 299.278134, 0.549410402, 299.278135, -299.278059, -2.42988145e-07, -299.278061, -0.209246299, 5.26073773e-09, -0.209245986, 0, 1.33801637e-08, 1.33801637e-08, 234967454, 234967454, 0, 0.27, 3.332, 0, -299.27806, -0.209246294, 0, 4.99781122e+16, 1.40005178e-05, 1.40678962e-05, 0, 0
16.7760417, 0, 0, 5e+16, 0, 9.10567707e-19, 3.718e+18, 6.44e+20, 4.85, 4, 393.742162, 29.1103031, 0.866667, 686546.734, 2.54402115e+16, 1.03423807e+14, 2833032.03, 299.992645, -391.679804, -395.307849, 5e+16, 2.13621637e+14, -686438.299, 11516.6877, 323.915888, 29.1103031, 96.4, 0.866667, 0.866667, 5e+16, 2.3458086e-07, 299.992645, 0.551590339, 299.992646, -299.992571, -2.34521981e-07, -299.992573, -0.208770028, 5.00322926e-09, -0.208769717, 0, 1.3380824e-08, 1.3380824e-08, 235312657, 235312657, 0, 0.27, 3.332, 0, -299.992572, -0.208770023, 0, 4.99780692e+16, 1.37145655e-05, 1.377757e-05, 0, 0
16.8671875, 0, 0, 5e+16, 0, 9.12970243e-19, 3.718e+18, 6.44e+20, 4.85, 4, 400.000151, 29.1283767, 0.866667, 686039.33, 2.48290644e+16, 1.02798432e+14, 2760193.67, 297.926424, -397.937972, -401.565082, 5e+16, 2.07425829e+14, -685932.115, 11395.901, 323.925724, 29.1283767, 96.4, 0.866667, 0.866667, 5e+16, 2.27912202e-07, 297.926424, 0.553556409, 297.926425, -297.926351, -2.27854302e-07, -297.926352, -0.207663596, 4.88668895e-09, -0.207663286, 0, 1.33814011e-08, 1.33814011e-08, 233306115, 233306115, 0, 0.27, 3.332, 0, -297.926351, -0.207663591, 0, 4.99782392e+16, 1.34644691e-05, 1.35263532e-05, 0, 0
16.9713542, 0, 0, 5e+16, 0, 9.15579806e-19, 3.718e+18, 6.44e+20, 4.85, 4, 407.140206, 29.1549134, 0.866667, 685355.61, 2.42627773e+16, 1.03050379e+14, 2659887.55, 298.600317, -405.077971, -408.704071, 5e+16, 2.00734476e+14, -685251.289, 11257.3995, 323.936356, 29.1549134, 96.4, 0.866667, 0.866667, 5e+16, 2.19016846e-07, 298.600317, 0.555680436, 298.600318, -298.600248, -2.18962811e-07, -298.600249, -0.202238635, 4.62402776e-09, -0.202238327, 0, 1.33820247e-08, 1.33820247e-08, 233589084, 233589084, 0, 0.27, 3.332, 0, -298.600248, -0.20223863, 0, 4.99781999e+16, 1.3128028e-05, 1.31853944e-05, 0, 0
17.0625, 0, 0, 5e+16, 0, 9.17861085e-19, 3.718e+18, 6.44e+20, 4.85, 4, 413.387542, 29.1780908, 0.866667, 684742.204, 2.35841925e+16, 1.02455454e+14, 2581020.64, 296.604613, -411.325477, -414.950539, 5e+16, 1.93995096e+14, -684639.001, 11142.3046, 323.945647, 29.1780908, 96.4, 0.866667, 0.866667, 5e+16, 2.11882087e-07, 296.604613, 0.557583923, 296.604615, -296.604547, -2.11828997e-07, -296.604548, -0.196575179, 4.50637831e-09, -0.196574872, 0, 1.33825697e-08, 1.33825697e-08, 231602680, 231602680, 0, 0.27, 3.332, 0, -296.604547, -0.196575174, 0, 4.99783601e+16, 1.28336853e-05, 1.28899767e-05, 0, 0
17.1666667, 0, 0, 5e+16, 0, 9.20330562e-19, 3.718e+18, 6.44e+20, 4.85, 4, 420.513189, 29.2095529, 0.866667, 683935.985, 2.29335182e+16, 1.02699489e+14, 2476508.59, 297.241968, -418.451068, -422.075002, 5e+16, 1.87053963e+14, -683835.6, 11004.0881, 323.955658, 29.2095529, 96.4, 0.866667, 0.866667, 5e+16, 2.0274567e-07, 297.241968, 0.559659917, 297.241969, -297.241902, -2.02696512e-07, -297.241903, -0.197025585, 4.23790184e-09, -0.19702528, 0, 1.3383157e-08, 1.3383157e-08, 231826585, 231826585, 0, 0.27, 3.332, 0, -297.241902, -0.197025581, 0, 4.99783216e+16, 1.24553902e-05, 1.25072741e-05, 0, 0
17.2578125, 0, 0, 5e+16, 0, 9.22489211e-19, 3.718e+18, 6.44e+20, 4.85, 4, 426.747909, 29.2371019, 0.866667, 683213.27, 2.22023423e+16, 1.0210044e+14, 2393880.65, 295.307306, -424.68596, -428.308748, 5e+16, 1.79961532e+14, -683113.957, 10889.2148, 323.964404, 29.2371019, 96.4, 0.866667, 0.866667, 5e+16, 1.95306461e-07, 295.307306, 0.561508563, 295.307307, -295.30724, -1.95258249e-07, -295.307241, -0.196829313, 4.11787598e-09, -0.19682901, 0, 1.33836701e-08, 1.33836701e-08, 229854790, 229854790, 0, 0.27, 3.332, 0, -295.30724, -0.196829309, 0, 4.99784812e+16, 1.21245146e-05, 1.2175411e-05, 0, 0
17.3619792, 0, 0, 5e+16, 0, 9.24819046e-19, 3.718e+18, 6.44e+20, 4.85, 4, 433.856592, 29.2743061, 0.866667, 682287.678, 2.14862014e+16, 1.02324024e+14, 2287066.29, 295.912896, -431.794593, -435.416129, 5e+16, 1.72898069e+14, -682190.985, 10757.1963, 323.973804, 29.2743061, 96.4, 0.866667, 0.866667, 5e+16, 1.86101989e-07, 295.912896, 0.563544957, 295.912898, -295.912833, -1.86057582e-07, -295.912835, -0.19239644, 3.85297655e-09, -0.192396139, 0, 1.33842215e-08, 1.33842215e-08, 230023286, 230023286, 0, 0.27, 3.332, 0, -295.912834, -0.192396437, 0, 4.99784458e+16, 1.17136638e-05, 1.17601518e-05, 0, 0
17.453125, 0, 0, 5e+16, 0, 9.26855422e-19, 3.718e+18, 6.44e+20, 4.85, 4, 440.076487, 29.3068233, 0.866667, 681463.12, 2.07175634e+16, 1.01750078e+14, 2201989.55, 294.028829, -438.014653, -441.634941, 5e+16, 1.65563419e+14, -681367.411, 10647.5537, 323.982016, 29.3068233, 96.4, 0.866667, 0.866667, 5e+16, 1.78509172e-07, 294.028829, 0.565347288, 294.02883, -294.028768, -1.78465658e-07, -294.028769, -0.187735441, 3.73560896e-09, -0.187735141, 0, 1.33847033e-08, 1.33847033e-08, 228059096, 228059096, 0, 0.27, 3.332, 0, -294.028768, -0.187735438, 0, 4.99785972e+16, 1.13542621e-05, 1.13998284e-05, 0, 0
17.5572917, 0, 0, 5e+16, 0, 9.29044343e-19, 3.718e+18, 6.44e+20, 4.85, 4, 447.166071, 29.3489268, 0.866667, 680420.621, 1.99532685e+16, 1.01965746e+14, 2094833.32, 294.60213, -445.104187, -448.723105, 5e+16, 1.58505985e+14, -680327.45, 10516.5058, 323.990807, 29.3489268, 96.4, 0.866667, 0.866667, 5e+16, 1.69396691e-07, 294.60213, 0.567341737, 294.602131, -294.60207, -1.69356914e-07, -294.602071, -0.187906103, 3.47441138e-09, -0.187905804, 0, 1.33852191e-08, 1.33852191e-08, 228172394, 228172394, 0, 0.27, 3.332, 0, -294.60207, -0.1879061, 0, 4.99785627e+16, 1.09203195e-05, 1.09616812e-05, 0, 0
17.6484375, 0, 0, 5e+16, 0, 9.3095737e-19, 3.718e+18, 6.44e+20, 4.85, 4, 453.369247, 29.3857828, 0.866667, 679492.097, 1.91630575e+16, 1.01389656e+14, 2009301.56, 292.771042, -451.307529, -454.925095, 5e+16, 1.51100828e+14, -679399.866, 10407.7479, 323.998488, 29.3857828, 96.4, 0.866667, 0.866667, 5e+16, 1.61796942e-07, 292.771042, 0.569095841, 292.771043, -292.770981, -1.61758027e-07, -292.770983, -0.187481336, 3.3590291e-09, -0.187481039, 0, 1.33856696e-08, 1.33856696e-08, 226220460, 226220460, 0, 0.27, 3.332, 0, -292.770981, -0.187481333, 0, 4.99787133e+16, 1.0540771e-05, 1.0581308e-05, 0, 0
17.7526042, 0, 0, 5e+16, 0, 9.33006137e-19, 3.718e+18, 6.44e+20, 4.85, 4, 460.437317, 29.433479, 0.866667, 678336.337, 1.83692611e+16, 1.01586815e+14, 1903465.01, 293.313842, -458.375553, -461.991628, 5e+16, 1.44157754e+14, -678246.457, 10282.9838, 324.006682, 29.433479, 96.4, 0.866667, 0.866667, 5e+16, 1.5291682e-07, 293.313842, 0.571049236, 293.313843, -293.313784, -1.52881433e-07, -293.313786, -0.183150983, 3.10859194e-09, -0.183150687, 0, 1.33861503e-08, 1.33861503e-08, 226280421, 226280421, 0, 0.27, 3.332, 0, -293.313784, -0.18315098, 0, 4.99786815e+16, 1.00930685e-05, 1.01295299e-05, 0, 0
17.84375, 0, 0, 5e+16, 0, 9.34796458e-19, 3.718e+18, 6.44e+20, 4.85, 4, 466.621685, 29.4751791, 0.866667, 677311.088, 1.75723854e+16, 1.01035554e+14, 1818663.79, 291.533751, -464.560081, -468.174703, 5e+16, 1.36785608e+14, -677222.067, 10179.5672, 324.01384, 29.4751791, 96.4, 0.866667, 0.866667, 5e+16, 1.45438389e-07, 291.533751, 0.572756748, 291.533752, -291.533696, -1.45403797e-07, -291.533697, -0.178679741, 2.99893435e-09, -0.178679447, 0, 1.33865703e-08, 1.33865703e-08, 224341050, 224341050, 0, 0.27, 3.332, 0, -291.533696, -0.178679738, 0, 4.99788243e+16, 9.70144779e-06, 9.73716463e-06, 0, 0
17.9479167, 0, 0, 5e+16, 0, 9.36704138e-19, 3.718e+18, 6.44e+20, 4.85, 4, 473.666205, 29.527723, 0.866667, 676045.311, 1.67655908e+16, 1.01224086e+14, 1715732, 292.044623, -471.604557, -475.217573, 5e+16, 1.30058013e+14, -675958.551, 10056.7079, 324.021441, 29.527723, 96.4, 0.866667, 0.866667, 5e+16, 1.36910845e-07, 292.044623, 0.574662895, 292.044624, -292.044569, -1.36879615e-07, -292.04457, -0.178116706, 2.75936413e-09, -0.178116414, 0, 1.33870161e-08, 1.33870161e-08, 224347562, 224347562, 0, 0.27, 3.332, 0, -292.044569, -0.178116704, 0, 4.99787937e+16, 9.24899352e-06, 9.28091326e-06, 0, 0
18.0390625, 0, 0, 5e+16, 0, 9.38370974e-19, 3.718e+18, 6.44e+20, 4.85, 4, 479.829965, 29.5737089, 0.866667, 674922.526, 1.5976341e+16, 1.00675213e+14, 1633235.6, 290.321803, -477.768475, -481.379936, 5e+16, 1.22857838e+14, -674836.579, 9954.93127, 324.028079, 29.5737089, 96.4, 0.866667, 0.866667, 5e+16, 1.29669354e-07, 290.321803, 0.576318738, 290.321805, -290.321749, -1.2963887e-07, -290.32175, -0.177090151, 2.65490861e-09, -0.17708986, 0, 1.33874056e-08, 1.33874056e-08, 222428654, 222428654, 0, 0.27, 3.332, 0, -290.321749, -0.177090149, 0, 4.99789346e+16, 8.85324492e-06, 8.88451885e-06, 0, 0
18.1432292, 0, 0, 5e+16, 0, 9.40138647e-19, 3.718e+18, 6.44e+20, 4.85, 4, 486.848687, 29.6316743, 0.866667, 673550.763, 1.51727096e+16, 1.00846902e+14, 1534453.17, 290.802274, -484.787157, -488.396895, 5e+16, 1.16424612e+14, -673466.902, 9838.4157, 324.035096, 29.6316743, 96.4, 0.866667, 0.866667, 5e+16, 1.21590621e-07, 290.802273, 0.578176954, 290.802275, -290.802222, -1.21563243e-07, -290.802223, -0.172676162, 2.43085605e-09, -0.172675872, 0, 1.33878173e-08, 1.33878173e-08, 222383625, 222383625, 0, 0.27, 3.332, 0, -290.802222, -0.17267616, 0, 4.99789065e+16, 8.40414653e-06, 8.43184413e-06, 0, 0
18.234375, 0, 0, 5e+16, 0, 9.41682926e-19, 3.718e+18, 6.44e+20, 4.85, 4, 492.989888, 29.6823622, 0.866667, 672337.367, 1.44032963e+16, 1.00323542e+14, 1455155.22, 289.136267, -490.92851, -494.536597, 5e+16, 1.09477079e+14, -672254.246, 9742.01803, 324.041225, 29.6823622, 96.4, 0.866667, 0.866667, 5e+16, 1.14678582e-07, 289.136267, 0.579781523, 289.136268, -289.136218, -1.14651877e-07, -289.136219, -0.168248613, 2.33403003e-09, -0.168248324, 0, 1.33881768e-08, 1.33881768e-08, 220486657, 220486657, 0, 0.27, 3.332, 0, -289.136218, -0.16824861, 0, 4.99790397e+16, 8.01130773e-06, 8.03844253e-06, 0, 0
18.3385417, 0, 0, 5e+16, 0, 9.43309996e-19, 3.718e+18, 6.44e+20, 4.85, 4, 499.980898, 29.7451029, 0.866667, 670863.374, 1.36163575e+16, 1.00486315e+14, 1361611.93, 289.58547, -497.919482, -501.525732, 5e+16, 1.03405556e+14, -670782.243, 9628.13968, 324.047663, 29.7451029, 96.4, 0.866667, 0.866667, 5e+16, 1.07122591e-07, 289.58547, 0.581585778, 289.585471, -289.585422, -1.0709877e-07, -289.585423, -0.166971925, 2.12521422e-09, -0.166971637, 0, 1.33885546e-08, 1.33885546e-08, 220390576, 220390576, 0, 0.27, 3.332, 0, -289.585422, -0.166971922, 0, 4.99790128e+16, 7.57293117e-06, 7.59680546e-06, 0, 0
18.4296875, 0, 0, 5e+16, 0, 9.44731236e-19, 3.718e+18, 6.44e+20, 4.85, 4, 506.097851, 29.8000064, 0.866667, 669559.595, 1.28775522e+16, 9.99696949e+13, 1286583.43, 287.98201, -504.036585, -507.641085, 5e+16, 9.68079318e+13, -669479.161, 9533.95389, 324.053285, 29.8000064, 96.4, 0.866667, 0.866667, 5e+16, 1.00615854e-07, 287.98201, 0.583134428, 287.982011, -287.981962, -1.00592648e-07, -287.981963, -0.165394817, 2.03544649e-09, -0.165394531, 0, 1.33888844e-08, 1.33888844e-08, 218522726, 218522726, 0, 0.27, 3.332, 0, -287.981962, -0.165394815, 0, 4.99791432e+16, 7.18948487e-06, 7.21288664e-06, 0, 0
18.5338542, 0, 0, 5e+16, 0, 9.46219102e-19, 3.718e+18, 6.44e+20, 4.85, 4, 513.05908, 29.8679909, 0.866667, 667987.531, 1.21193594e+16, 1.00117476e+14, 1199038.47, 288.401825, -510.997778, -514.600327, 5e+16, 9.11443057e+13, -667908.925, 9426.29832, 324.059154, 29.8679909, 96.4, 0.866667, 0.866667, 5e+16, 9.36331952e-08, 288.401825, 0.584884699, 288.401826, -288.40178, -9.36126026e-08, -288.401781, -0.160974678, 1.84441378e-09, -0.160974394, 0, 1.33892287e-08, 1.33892287e-08, 218377880, 218377880, 0, 0.27, 3.332, 0, -288.40178, -0.160974677, 0, 4.99791186e+16, 6.7678638e-06, 6.78827141e-06, 0, 0
18.625, 0, 0, 5e+16, 0, 9.47518507e-19, 3.718e+18, 6.44e+20, 4.85, 4, 519.149988, 29.9274479, 0.866667, 666599.795, 1.14194472e+16, 9.96265288e+13, 1128808.63, 286.859656, -517.088829, -520.689535, 5e+16, 8.49467274e+13, -666521.823, 9337.38169, 324.064278, 29.9274479, 96.4, 0.866667, 0.866667, 5e+16, 8.7584607e-08, 286.859656, 0.586378478, 286.859657, -286.859613, -8.75645593e-08, -286.859614, -0.156667809, 1.76301642e-09, -0.156667526, 0, 1.33895294e-08, 1.33895294e-08, 216539708, 216539708, 0, 0.27, 3.332, 0, -286.859613, -0.156667807, 0, 4.99792415e+16, 6.39905784e-06, 6.41906819e-06, 0, 0
18.7291667, 0, 0, 5e+16, 0, 9.48866905e-19, 3.718e+18, 6.44e+20, 4.85, 4, 526.079656, 30.0001311, 0.866667, 664933.706, 1.06993583e+16, 9.9765544e+13, 1047845.05, 287.249846, -524.018463, -527.617107, 5e+16, 7.97249518e+13, -664857.465, 9232.90601, 324.069583, 30.0001311, 96.4, 0.866667, 0.866667, 5e+16, 8.12057079e-08, 287.249846, 0.588069808, 287.249847, -287.249804, -8.11880331e-08, -287.249805, -0.15480399, 1.58902878e-09, -0.154803708, 0, 1.33898406e-08, 1.33898406e-08, 216347152, 216347152, 0, 0.27, 3.332, 0, -287.249804, -0.154803989, 0, 4.99792183e+16, 5.99929353e-06, 6.01662643e-06, 0, 0
18.8203125, 0, 0, 5e+16, 0, 9.50044279e-19, 3.718e+18, 6.44e+20, 4.85, 4, 532.142949, 30.0637303, 0.866667, 663463.072, 1.0044965e+16, 9.92849199e+13, 982994.305, 285.773363, -530.081896, -533.678602, 5e+16, 7.39825981e+13, -663387.423, 9146.62813, 324.074213, 30.0637303, 96.4, 0.866667, 0.866667, 5e+16, 7.56517708e-08, 285.773363, 0.58950516, 285.773364, -285.773323, -7.56345826e-08, -285.773323, -0.152805121, 1.51533956e-09, -0.152804839, 0, 1.33901123e-08, 1.33901123e-08, 214544368, 214544368, 0, 0.27, 3.332, 0, -285.773323, -0.152805119, 0, 4.99793376e+16, 5.64961168e-06, 5.66662237e-06, 0, 0
18.9244792, 0, 0, 5e+16, 0, 9.51254912e-19, 3.718e+18, 6.44e+20, 4.85, 4, 539.039169, 30.141484, 0.866667, 661707.109, 9.37039315e+15, 9.9410847e+13, 908913.862, 286.135994, -536.978085, -540.572619, 5e+16, 6.92189636e+13, -661633.043, 9048.15661, 324.078964, 30.141484, 96.4, 0.866667, 0.866667, 5e+16, 6.98877359e-08, 286.135994, 0.591138262, 286.135995, -286.135956, -6.98726596e-08, -286.135957, -0.148466287, 1.35931726e-09, -0.148466007, 0, 1.3390391e-08, 1.3390391e-08, 214306597, 214306597, 0, 0.27, 3.332, 0, -286.135956, -0.148466286, 0, 4.99793164e+16, 5.27538203e-06, 5.28998846e-06, 0, 0
19.015625, 0, 0, 5e+16, 0, 9.52311728e-19, 3.718e+18, 6.44e+20, 4.85, 4, 545.073208, 30.2094918, 0.866667, 660159.424, 8.76578084e+15, 9.8955501e+13, 849621.749, 284.72318, -543.012257, -546.604762, 5e+16, 6.39515716e+13, -660085.894, 8966.96982, 324.08311, 30.2094918, 96.4, 0.866667, 0.866667, 5e+16, 6.48454998e-08, 284.72318, 0.59251685, 284.723181, -284.723142, -6.48308476e-08, -284.723144, -0.144352946, 1.29381369e-09, -0.144352667, 0, 1.33906343e-08, 1.33906343e-08, 212538858, 212538858, 0, 0.27, 3.332, 0, -284.723143, -0.144352944, 0, 4.99794287e+16, 4.94802734e-06, 4.96237315e-06, 0, 0
19.1197917, 0, 0, 5e+16, 0, 9.53384655e-19, 3.718e+18, 6.44e+20, 4.85, 4, 551.934341, 30.2918704, 0.866667, 658317.831, 8.14175988e+15, 9.90730283e+13, 782568.796, 285.05836, -549.873362, -553.463586, 5e+16, 5.96518884e+13, -658245.788, 8872.13755, 324.087311, 30.2918704, 96.4, 0.866667, 0.866667, 5e+16, 5.9691876e-08, 285.05836, 0.594087517, 285.058361, -285.058324, -5.9679103e-08, -285.058325, -0.141990566, 1.15464633e-09, -0.141990288, 0, 1.33908808e-08, 1.33908808e-08, 212257256, 212257256, 0, 0.27, 3.332, 0, -285.058325, -0.141990564, 0, 4.99794087e+16, 4.60209406e-06, 4.61432715e-06, 0, 0
19.2109375, 0, 0, 5e+16, 0, 9.54320994e-19, 3.718e+18, 6.44e+20, 4.85, 4, 557.937682, 30.3639493, 0.866667, 656694.876, 7.58969729e+15, 9.86310603e+13, 729005.197, 283.712729, -555.876831, -559.464935, 5e+16, 5.48784489e+13, -656623.331, 8793.96206, 324.090976, 30.3639493, 96.4, 0.866667, 0.866667, 5e+16, 5.51651131e-08, 283.712729, 0.5954065, 283.71273, -283.712695, -5.51527112e-08, -283.712696, -0.139654303, 1.09660251e-09, -0.139654026, 0, 1.33910958e-08, 1.33910958e-08, 210529201, 210529201, 0, 0.27, 3.332, 0, -283.712695, -0.139654301, 0, 4.99795169e+16, 4.29949204e-06, 4.31152196e-06, 0, 0
19.3151042, 0, 0, 5e+16, 0, 9.55258208e-19, 3.718e+18, 6.44e+20, 4.85, 4, 564.762027, 30.451231, 0.866667, 654771.779, 7.01936252e+15, 9.87372721e+13, 668912.31, 284.022464, -562.70115, -566.286867, 5e+16, 5.10354811e+13, -654701.586, 8704.92537, 324.094639, 30.451231, 96.4, 0.866667, 0.866667, 5e+16, 5.06036788e-08, 284.022464, 0.596915648, 284.022465, -284.022432, -5.05929224e-08, -284.022432, -0.135420961, 9.74091615e-10, -0.135420686, 0, 1.33913108e-08, 1.33913108e-08, 210206275, 210206275, 0, 0.27, 3.332, 0, -284.022432, -0.13542096, 0, 4.99794987e+16, 3.98334684e-06, 3.99351766e-06, 0, 0
19.40625, 0, 0, 5e+16, 0, 9.56075793e-19, 3.718e+18, 6.44e+20, 4.85, 4, 570.73319, 30.5275783, 0.866667, 653078.848, 6.52067955e+15, 9.83200195e+13, 620975.085, 282.741871, -568.672435, -572.255943, 5e+16, 4.67505054e+13, -653009.104, 8631.68304, 324.097834, 30.5275783, 96.4, 0.866667, 0.866667, 5e+16, 4.65819197e-08, 282.741871, 0.598176791, 282.741872, -282.74184, -4.65714818e-08, -282.74184, -0.131513554, 9.23430962e-10, -0.13151328, 0, 1.33914982e-08, 1.33914982e-08, 208517228, 208517228, 0, 0.27, 3.332, 0, -282.74184, -0.131513553, 0, 4.99796001e+16, 3.7067976e-06, 3.71681148e-06, 0, 0
19.5104167, 0, 0, 5e+16, 0, 9.56877654e-19, 3.718e+18, 6.44e+20, 4.85, 4, 577.519252, 30.6194107, 0.866667, 651078.699, 6.00532735e+15, 9.84182314e+13, 567657.607, 283.026372, -575.458472, -579.039487, 5e+16, 4.33494896e+13, -651010.206, 8546.75797, 324.100962, 30.6194107, 96.4, 0.866667, 0.866667, 5e+16, 4.25843052e-08, 283.026372, 0.599620391, 283.026373, -283.026343, -4.25753045e-08, -283.026343, -0.128673731, 8.16241234e-10, -0.128673458, 0, 1.33916817e-08, 1.33916817e-08, 208154519, 208154519, 0, 0.27, 3.332, 0, -283.026343, -0.12867373, 0, 4.99795832e+16, 3.42117186e-06, 3.42957823e-06, 0, 0
19.6015625, 0, 0, 5e+16, 0, 9.57576836e-19, 3.718e+18, 6.44e+20, 4.85, 4, 583.456922, 30.6997577, 0.866667, 649318.274, 5.55972456e+15, 9.80172779e+13, 525216.924, 281.814107, -581.396259, -584.974979, 5e+16, 3.9544856e+13, -649250.196, 8476.92193, 324.103689, 30.6997577, 96.4, 0.866667, 0.866667, 5e+16, 3.90480268e-08, 281.814107, 0.600821033, 281.814108, -281.814079, -3.90392996e-08, -281.81408, -0.126021681, 7.72224792e-10, -0.126021409, 0, 1.33918418e-08, 1.33918418e-08, 206508628, 206508628, 0, 0.27, 3.332, 0, -281.814079, -0.12602168, 0, 4.997968e+16, 3.17131802e-06, 3.17960814e-06, 0, 0
19.7057292, 0, 0, 5e+16, 0, 9.58245602e-19, 3.718e+18, 6.44e+20, 4.85, 4, 590.203188, 30.7963234, 0.866667, 647245.238, 5.09910468e+15, 9.81057088e+13, 478351.445, 282.075153, -588.142503, -591.718626, 5e+16, 3.65626945e+13, -647178.286, 8397.67212, 324.106295, 30.7963234, 96.4, 0.866667, 0.866667, 5e+16, 3.55777299e-08, 282.075153, 0.602199652, 282.075154, -282.075126, -3.55702419e-08, -282.075127, -0.121853001, 6.79490658e-10, -0.121852729, 0, 1.33919946e-08, 1.33919946e-08, 206108550, 206108550, 0, 0.27, 3.332, 0, -282.075126, -0.121853, 0, 4.99796646e+16, 2.91595927e-06, 2.92286111e-06, 0, 0
19.796875, 0, 0, 5e+16, 0, 9.58828334e-19, 3.718e+18, 6.44e+20, 4.85, 4, 596.106047, 30.8807962, 0.866667, 645422.157, 4.70488734e+15, 9.77291244e+13, 441113.029, 280.929522, -594.045471, -597.619214, 5e+16, 3.32151459e+13, -645355.575, 8332.69068, 324.108565, 30.8807962, 96.4, 0.866667, 0.866667, 5e+16, 3.24985882e-08, 280.929522, 0.603341188, 280.929522, -280.929497, -3.24913315e-08, -280.929498, -0.118108174, 6.4172507e-10, -0.118107903, 0, 1.33921278e-08, 1.33921278e-08, 204505329, 204505329, 0, 0.27, 3.332, 0, -280.929497, -0.118108173, 0, 4.99797549e+16, 2.6925801e-06, 2.6993977e-06, 0, 0
19.9010417, 0, 0, 5e+16, 0, 9.5936465e-19, 3.718e+18, 6.44e+20, 4.85, 4, 602.811173, 30.9818267, 0.866667, 643280.956, 4.29751692e+15, 9.78098972e+13, 400305.405, 281.167298, -600.750577, -604.321623, 5e+16, 3.06244036e+13, -643215.397, 8258.0934, 324.110652, 30.9818267, 96.4, 0.866667, 0.866667, 5e+16, 2.95140038e-08, 281.167298, 0.604650549, 281.167298, -281.167274, -2.9507811e-08, -281.167275, -0.114761927, 5.62039732e-10, -0.114761657, 0, 1.33922503e-08, 1.33922503e-08, 204069500, 204069500, 0, 0.27, 3.332, 0, -281.167274, -0.114761926, 0, 4.99797408e+16, 2.4666975e-06, 2.47233279e-06, 0, 0
19.9921875, 0, 0, 5e+16, 0, 9.59831529e-19, 3.718e+18, 6.44e+20, 4.85, 4, 608.678041, 31.0702174, 0.866667, 641398.425, 3.9522828e+15, 9.74526915e+13, 367953.028, 280.091817, -606.617549, -610.186131, 5e+16, 2.7708401e+13, -641333.204, 8196.97815, 324.112468, 31.0702174, 96.4, 0.866667, 0.866667, 5e+16, 2.68588156e-08, 280.091817, 0.605730131, 280.091817, -280.091794, -2.68528181e-08, -280.091795, -0.111772338, 5.29822547e-10, -0.111772069, 0, 1.33923568e-08, 1.33923568e-08, 202513009, 202513009, 0, 0.27, 3.332, 0, -280.091794, -0.111772337, 0, 4.99798259e+16, 2.26910058e-06, 2.27467825e-06, 0, 0
20.0963542, 0, 0, 5e+16, 0, 9.60237889e-19, 3.718e+18, 6.44e+20, 4.85, 4, 615.340708, 31.1757949, 0.866667, 639193.371, 3.59560983e+15, 9.7524944e+13, 332735.637, 280.307801, -613.280197, -616.845984, 5e+16, 2.54774331e+13, -639129.051, 8128.07031, 324.114048, 31.1757949, 96.4, 0.866667, 0.866667, 5e+16, 2.43150217e-08, 280.307801, 0.606970077, 280.307802, -280.30778, -2.43099282e-08, -280.307781, -0.107583233, 4.62011286e-10, -0.107582965, 0, 1.33924495e-08, 1.33924495e-08, 202043725, 202043725, 0, 0.27, 3.332, 0, -280.30778, -0.107583233, 0, 4.99798131e+16, 2.07124594e-06, 2.07582036e-06, 0, 0
20.1875, 0, 0, 5e+16, 0, 9.60591078e-19, 3.718e+18, 6.44e+20, 4.85, 4, 621.170434, 31.2681541, 0.866667, 637255.897, 3.29610078e+15, 9.71922419e+13, 304871.145, 279.301596, -619.11002, -622.673262, 5e+16, 2.29596085e+13, -637191.878, 8071.84763, 324.115421, 31.2681541, 96.4, 0.866667, 0.866667, 5e+16, 2.20464956e-08, 279.301596, 0.607988432, 279.301597, -279.301577, -2.2041565e-08, -279.301578, -0.10392239, 4.34811849e-10, -0.103922122, 0, 1.33925301e-08, 1.33925301e-08, 200534000, 200534000, 0, 0.27, 3.332, 0, -279.301577, -0.103922389, 0, 4.9979892e+16, 1.89816672e-06, 1.90270385e-06, 0, 0
20.2916667, 0, 0, 5e+16, 0, 9.60868381e-19, 3.718e+18, 6.44e+20, 4.85, 4, 627.78946, 31.3780818, 0.866667, 634992.078, 2.98690412e+15, 9.72570707e+13, 274748.373, 279.495871, -625.729028, -629.289379, 5e+16, 2.10552508e+13, -634928.849, 8008.24288, 324.116499, 31.3780818, 96.4, 0.866667, 0.866667, 5e+16, 1.98974928e-08, 279.495871, 0.609154134, 279.495872, -279.495854, -1.98933259e-08, -279.495855, -0.100005041, 3.77525922e-10, -0.100004774, 0, 1.33925933e-08, 1.33925933e-08, 200032927, 200032927, 0, 0.27, 3.332, 0, -279.495854, -0.100005041, 0, 4.99798804e+16, 1.72658557e-06, 1.7302805e-06, 0, 0
20.3828125, 0, 0, 5e+16, 0, 9.61108698e-19, 3.718e+18, 6.44e+20, 4.85, 4, 633.581007, 31.4742524, 0.866667, 633003.644, 2.72954794e+15, 9.69471925e+13, 250967.308, 278.562995, -631.520666, -635.078395, 5e+16, 1.89013019e+13, -632940.683, 7956.44578, 324.117432, 31.4742524, 96.4, 0.866667, 0.866667, 5e+16, 1.79770106e-08, 278.562995, 0.610107975, 278.562996, -278.562978, -1.7972979e-08, -278.562979, -0.0966263946, 3.54716727e-10, -0.0966261283, 0, 1.33926481e-08, 1.33926481e-08, 198574215, 198574215, 0, 0.27, 3.332, 0, -278.562978, -0.0966263945, 0, 4.99799534e+16, 1.57648731e-06, 1.58016081e-06, 0, 0
20.4869792, 0, 0, 5e+16, 0, 9.61259641e-19, 3.718e+18, 6.44e+20, 4.85, 4, 640.155276, 31.5885055, 0.866667, 630685.656, 2.46401285e+15, 9.70044676e+13, 225421.411, 278.736694, -638.094919, -641.649664, 5e+16, 1.72893636e+13, -630623.366, 7898.72424, 324.118018, 31.5885055, 96.4, 0.866667, 0.866667, 5e+16, 1.61770429e-08, 278.736694, 0.611198226, 278.736695, -278.736679, -1.6173651e-08, -278.73668, -0.0922933357, 3.06726352e-10, -0.0922930703, 0, 1.33926825e-08, 1.33926825e-08, 198043541, 198043541, 0, 0.27, 3.332, 0, -278.736679, -0.0922933355, 0, 4.99799431e+16, 1.42907103e-06, 1.43204165e-06, 0, 0
20.578125, 0, 0, 5e+16, 0, 9.61389427e-19, 3.718e+18, 6.44e+20, 4.85, 4, 645.90767, 31.688456, 0.866667, 628650.601, 2.24484204e+15, 9.67199364e+13, 205295.317, 277.877398, -643.847395, -647.399444, 5e+16, 1.54623896e+13, -628588.543, 7852.01219, 324.118522, 31.688456, 96.4, 0.866667, 0.866667, 5e+16, 1.45654307e-08, 277.877398, 0.612087358, 277.877399, -277.877384, -1.45621504e-08, -277.877385, -0.0886081481, 2.87760871e-10, -0.0886078833, 0, 1.33927121e-08, 1.33927121e-08, 196636663, 196636663, 0, 0.27, 3.332, 0, -277.877384, -0.0886081478, 0, 4.99800097e+16, 1.30011196e-06, 1.30307275e-06, 0, 0
20.6822917, 0, 0, 5e+16, 0, 9.61415123e-19, 3.718e+18, 6.44e+20, 4.85, 4, 652.436177, 31.8068934, 0.866667, 626284.032, 2.01893999e+15, 9.67698696e+13, 183813.847, 278.030428, -650.375887, -653.924863, 5e+16, 1.41092847e+13, -626222.524, 7800.39715, 324.118622, 31.8068934, 96.4, 0.866667, 0.866667, 5e+16, 1.30704211e-08, 278.030428, 0.613096486, 278.030429, -278.030416, -1.3067673e-08, -278.030416, -0.0840205639, 2.47865707e-10, -0.0840202998, 0, 1.33927179e-08, 1.33927179e-08, 196078090, 196078090, 0, 0.27, 3.332, 0, -278.030416, -0.0840205637, 0, 4.99800006e+16, 1.17464837e-06, 1.17702713e-06, 0, 0
20.7734375, 0, 0, 5e+16, 0, 9.61435385e-19, 3.718e+18, 6.44e+20, 4.85, 4, 658.148538, 31.9105041, 0.866667, 624207.198, 1.83398576e+15, 9.65121756e+13, 166924.418, 277.249601, -656.088323, -659.634532, 5e+16, 1.25729504e+13, -624145.888, 7758.80619, 324.118701, 31.9105041, 96.4, 0.866667, 0.866667, 5e+16, 1.17296741e-08, 277.249601, 0.613916941, 277.249602, -277.24959, -1.17270174e-08, -277.249591, -0.0801727415, 2.32214138e-10, -0.0801724779, 0, 1.33927225e-08, 1.33927225e-08, 194727740, 194727740, 0, 0.27, 3.332, 0, -277.24959, -0.0801727413, 0, 4.99800607e+16, 1.06489118e-06, 1.06726843e-06, 0, 0
20.8776042, 0, 0, 5e+16, 0, 9.61338692e-19, 3.718e+18, 6.44e+20, 4.85, 4, 664.630385, 32.032984, 0.866667, 621797.111, 1.64348908e+15, 9.65552031e+13, 149008.147, 277.382695, -662.570157, -666.113209, 5e+16, 1.14462118e+13, -621736.227, 7713.49451, 324.118326, 32.032984, 96.4, 0.866667, 0.866667, 5e+16, 1.04980218e-08, 277.382695, 0.614842362, 277.382696, -277.382685, -1.04958051e-08, -277.382686, -0.0755335947, 1.99286805e-10, -0.0755333318, 0, 1.33927005e-08, 1.33927005e-08, 194143365, 194143365, 0, 0.27, 3.332, 0, -277.382685, -0.0755335945, 0, 4.99800527e+16, 9.59056027e-07, 9.60955026e-07, 0, 0
20.96875, 0, 0, 5e+16, 0, 9.61251913e-19, 3.718e+18, 6.44e+20, 4.85, 4, 670.301928, 32.1401319, 0.866667, 619682.866, 1.48873054e+15, 9.63246392e+13, 134949.409, 276.682033, -668.241767, -671.781985, 5e+16, 1.01649403e+13, -619622.148, 7677.37504, 324.117989, 32.1401319, 96.4, 0.866667, 0.866667, 5e+16, 9.39187216e-09, 276.682033, 0.615592767, 276.682034, -276.682024, -9.38972989e-09, -276.682025, -0.0716856218, 1.86457688e-10, -0.0716853594, 0, 1.33926807e-08, 1.33926807e-08, 192851407, 192851407, 0, 0.27, 3.332, 0, -276.682024, -0.0716856216, 0, 4.99801062e+16, 8.66470008e-07, 8.68373172e-07, 0, 0
21.0729167, 0, 0, 5e+16, 0, 9.61034113e-19, 3.718e+18, 6.44e+20, 4.85, 4, 676.736309, 32.2665488, 0.866667, 617235.521, 1.32951808e+15, 9.63601994e+13, 120126.235, 276.794838, -674.676136, -678.213118, 5e+16, 9.23404997e+12, -617175.092, 7639.17179, 324.117142, 32.2665488, 96.4, 0.866667, 0.866667, 5e+16, 8.385197e-09, 276.794838, 0.616427671, 276.794839, -276.79483, -8.3834157e-09, -276.794831, -0.0662939969, 1.59494798e-10, -0.066293735, 0, 1.33926311e-08, 1.33926311e-08, 192242970, 192242970, 0, 0.27, 3.332, 0, -276.79483, -0.0662939967, 0, 4.99800994e+16, 7.77987024e-07, 7.79499207e-07, 0, 0
21.1640625, 0, 0, 5e+16, 0, 9.60841449e-19, 3.718e+18, 6.44e+20, 4.85, 4, 682.366331, 32.3771345, 0.866667, 615089.676, 1.20114395e+15, 9.61612568e+13, 108514.715, 276.18037, -680.306216, -683.840304, 5e+16, 8.17400782e+12, -615029.378, 7609.04443, 324.116394, 32.3771345, 96.4, 0.866667, 0.866667, 5e+16, 7.48000317e-09, 276.18037, 0.617103126, 276.180371, -276.180363, -7.47828198e-09, -276.180364, -0.0618673255, 1.49063375e-10, -0.0618670641, 0, 1.33925872e-08, 1.33925872e-08, 191014797, 191014797, 0, 0.27, 3.332, 0, -276.180363, -0.0618673254, 0, 4.99801453e+16, 7.00579127e-07, 7.02098992e-07, 0, 0
21.2682292, 0, 0, 5e+16, 0, 9.60505505e-19, 3.718e+18, 6.44e+20, 4.85, 4, 688.752589, 32.5072156, 0.866667, 612610.825, 1.069175e+15, 9.61901939e+13, 96346.1849, 276.273141, -686.692464, -690.223245, 5e+16, 7.41076604e+12, -612550.679, 7577.8456, 324.115088, 32.5072156, 96.4, 0.866667, 0.866667, 5e+16, 6.66347955e-09, 276.273141, 0.617843198, 276.273142, -276.273136, -6.66205311e-09, -276.273136, -0.0567182773, 1.27119134e-10, -0.0567180164, 0, 1.33925105e-08, 1.33925105e-08, 190384325, 190384325, 0, 0.27, 3.332, 0, -276.273136, -0.0567182771, 0, 4.99801397e+16, 6.27227082e-07, 6.28430259e-07, 0, 0
21.359375, 0, 0, 5e+16, 0, 9.60209533e-19, 3.718e+18, 6.44e+20, 4.85, 4, 694.340515, 32.6210119, 0.866667, 610438.025, 9.63541911e+14, 9.6021351e+13, 86829.912, 275.748361, -692.280437, -695.808269, 5e+16, 6.54071185e+12, -610377.976, 7553.81721, 324.113938, 32.6210119, 96.4, 0.866667, 0.866667, 5e+16, 5.9285156e-09, 275.748361, 0.618440864, 275.748361, -275.748356, -5.92713759e-09, -275.748356, -0.052535021, 1.18681421e-10, -0.0525347606, 0, 1.3392443e-08, 1.3392443e-08, 189223121, 189223121, 0, 0.27, 3.332, 0, -275.748356, -0.0525350208, 0, 4.99801784e+16, 5.63056122e-07, 5.64269015e-07, 0, 0
21.4635417, 0, 0, 5e+16, 0, 9.59756837e-19, 3.718e+18, 6.44e+20, 4.85, 4, 700.678073, 32.754661, 0.866667, 607934.817, 8.55071244e+14, 9.60424019e+13, 76915.7843, 275.820359, -698.617987, -702.142447, 5e+16, 5.91950996e+12, -607874.76, 7530.98441, 324.112177, 32.754661, 96.4, 0.866667, 0.866667, 5e+16, 5.27109759e-09, 275.820359, 0.619077816, 275.820359, -275.820354, -5.26995824e-09, -275.820355, -0.0461654041, 1.00962105e-10, -0.0461651441, 0, 1.33923397e-08, 1.33923397e-08, 188572384, 188572384, 0, 0.27, 3.332, 0, -275.820354, -0.046165404, 0, 4.99801742e+16, 5.02756618e-07, 5.0371363e-07, 0, 0
21.5546875, 0, 0, 5e+16, 0, 9.59358808e-19, 3.718e+18, 6.44e+20, 4.85, 4, 706.223401, 32.8715663, 0.866667, 605741.989, 7.68858397e+14, 9.591097e+13, 69171.9103, 275.392813, -704.163352, -707.684816, 5e+16, 5.21062477e+12, -605681.991, 7514.04533, 324.110629, 32.8715663, 96.4, 0.866667, 0.866667, 5e+16, 4.67884909e-09, 275.392813, 0.619591554, 275.392814, -275.39281, -4.67774842e-09, -275.392811, -0.0410140463, 9.41935447e-11, -0.0410137867, 0, 1.33922489e-08, 1.33922489e-08, 187484543, 187484543, 0, 0.27, 3.332, 0, -275.39281, -0.0410140463, 0, 4.99802041e+16, 4.50003117e-07, 4.5097061e-07, 0, 0
21.6588542, 0, 0, 5e+16, 0, 9.5879236e-19, 3.718e+18, 6.44e+20, 4.85, 4, 712.511876, 33.0083613, 0.866667, 603221.145, 6.80385308e+14, 9.59252219e+13, 61153.9789, 275.443673, -710.45182, -713.969858, 5e+16, 4.70862427e+12, -603160.984, 7499.27051, 324.108424, 33.0083613, 96.4, 0.866667, 0.866667, 5e+16, 4.15326155e-09, 275.443673, 0.620118905, 275.443674, -275.44367, -4.15235353e-09, -275.443671, -0.0351002951, 7.9957869e-11, -0.0351000359, 0, 1.33921195e-08, 1.33921195e-08, 186815501, 186815501, 0, 0.27, 3.332, 0, -275.44367, -0.0351002951, 0, 4.9980201e+16, 4.00828441e-07, 4.01591327e-07, 0, 0
21.75, 0, 0, 5e+16, 0, 9.58294889e-19, 3.718e+18, 6.44e+20, 4.85, 4, 718.014267, 33.1280273, 0.866667, 601013.506, 6.10552144e+14, 9.58283478e+13, 54897.9952, 275.119117, -715.954237, -719.469241, 5e+16, 4.13539617e+12, -600953.367, 7489.36104, 324.106488, 33.1280273, 96.4, 0.866667, 0.866667, 5e+16, 3.679463e-09, 275.119117, 0.620544033, 275.119118, -275.119115, -3.67858585e-09, -275.119116, -0.0303646706, 7.45483201e-11, -0.0303644116, 0, 1.33920059e-08, 1.33920059e-08, 185805887, 185805887, 0, 0.27, 3.332, 0, -275.119115, -0.0303646705, 0, 4.99802228e+16, 3.57807385e-07, 3.58580812e-07, 0, 0
21.8541667, 0, 0, 5e+16, 0, 9.5761611e-19, 3.718e+18, 6.44e+20, 4.85, 4, 724.253351, 33.2678468, 0.866667, 598483.348, 5.3895156e+14, 9.58338568e+13, 48458.8587, 275.147507, -722.193317, -725.70485, 5e+16, 3.73245284e+12, -598422.851, 7484.54195, 324.103841, 33.2678468, 96.4, 0.866667, 0.866667, 5e+16, 3.26209007e-09, 275.147507, 0.620951589, 275.147508, -275.147506, -3.26136708e-09, -275.147507, -0.0227925644, 6.31990103e-11, -0.0227923057, 0, 1.33918507e-08, 1.33918507e-08, 185120309, 185120309, 0, 0.27, 3.332, 0, -275.147506, -0.0227925643, 0, 4.99802213e+16, 3.18016551e-07, 3.18626355e-07, 0, 0
21.9453125, 0, 0, 5e+16, 0, 9.57020473e-19, 3.718e+18, 6.44e+20, 4.85, 4, 729.712543, 33.3901407, 0.866667, 596269.143, 4.82813623e+14, 9.57814846e+13, 43436.7055, 274.935515, -727.652522, -731.160993, 5e+16, 3.27199002e+12, -596208.623, 7483.11239, 324.10152, 33.3901407, 96.4, 0.866667, 0.866667, 5e+16, 2.88565009e-09, 274.935515, 0.621280315, 274.935515, -274.935514, -2.88495151e-09, -274.935515, -0.0167221866, 5.8911388e-11, -0.0167219281, 0, 1.33917145e-08, 1.33917145e-08, 184196722, 184196722, 0, 0.27, 3.332, 0, -274.935514, -0.0167221865, 0, 4.99802328e+16, 2.83204061e-07, 2.83823828e-07, 0, 0
22.0494792, 0, 0, 5e+16, 0, 9.56232314e-19, 3.718e+18, 6.44e+20, 4.85, 4, 735.902169, 33.5323885, 0.866667, 593737.717, 4.2527294e+14, 9.57793895e+13, 38300.9332, 274.940207, -733.842145, -737.347115, 5e+16, 2.95066754e+12, -593676.654, 7487.85101, 324.098443, 33.5323885, 96.4, 0.866667, 0.866667, 5e+16, 2.55631608e-09, 274.940207, 0.621558886, 274.940207, -274.940207, -2.55574068e-09, -274.940207, -0.00972479751, 4.98993226e-11, -0.0097245393, 0, 1.33915339e-08, 1.33915339e-08, 183496473, 183496473, 0, 0.27, 3.332, 0, -274.940207, -0.00972479748, 0, 4.99802325e+16, 2.51244708e-07, 2.51735074e-07, 0, 0
22.140625, 0, 0, 5e+16, 0, 9.55541088e-19, 3.718e+18, 6.44e+20, 4.85, 4, 741.318097, 33.6568178, 0.866667, 591523.108, 3.80457049e+14, 9.57678986e+13, 34295.8646, 274.849419, -739.258074, -742.759968, 5e+16, 2.58336934e+12, -591461.976, 7494.7661, 324.095745, 33.6568178, 96.4, 0.866667, 0.866667, 5e+16, 2.25917806e-09, 274.849419, 0.621784172, 274.84942, -274.849419, -2.25862198e-09, -274.84942, -0.00415928237, 4.65085335e-11, -0.00415902434, 0, 1.33913757e-08, 1.33913757e-08, 182665941, 182665941, 0, 0.27, 3.332, 0, -274.849419, -0.00415928231, 0, 4.99802345e+16, 2.23283635e-07, 2.23783154e-07, 0, 0
22.2447917, 0, 0, 5e+16, 0, 9.54644896e-19, 3.718e+18, 6.44e+20, 4.85, 4, 747.45828, 33.8013023, 0.866667, 589000.268, 3.34541517e+14, 9.57555287e+13, 30225.731, 274.828165, -745.398257, -748.896634, 5e+16, 2.32867981e+12, -588938.355, 7511.48072, 324.092241, 33.8013023, 96.4, 0.866667, 0.866667, 5e+16, 2.00085897e-09, 274.828165, 0.621921128, 274.828166, -274.828165, -2.00040046e-09, -274.828166, 0.0049025275, 3.94044669e-11, 0.0049027854, 0, 1.339117e-08, 1.339117e-08, 181952725, 181952725, 0, 0.27, 3.332, 0, -274.828165, 0.00490252751, 0, 4.99802361e+16, 1.97795164e-07, 1.9819208e-07, 0, 0
22.3359375, 0, 0, 5e+16, 0, 9.53859292e-19, 3.718e+18, 6.44e+20, 4.85, 4, 752.830967, 33.9276646, 0.866667, 586795.087, 2.99009409e+14, 9.57972927e+13, 27048.9448, 274.870859, -750.770929, -754.266231, 5e+16, 2.03740169e+12, -586733.047, 7528.64597, 324.08917, 33.9276646, 96.4, 0.866667, 0.866667, 5e+16, 1.76773524e-09, 274.870859, 0.622032985, 274.870859, -274.870858, -1.76729187e-09, -274.870859, 0.0121513103, 3.67444739e-11, 0.0121515681, 0, 1.33909898e-08, 1.33909898e-08, 181225006, 181225006, 0, 0.27, 3.332, 0, -274.870858, 0.0121513103, 0, 4.99802257e+16, 1.75494718e-07, 1.75899733e-07, 0, 0
22.4401042, 0, 0, 5e+16, 0, 9.52857849e-19, 3.718e+18, 6.44e+20, 4.85, 4, 758.922012, 34.0735828, 0.866667, 584290.672, 2.62596833e+14, 9.577559e+13, 23843.6387, 274.821167, -756.861976, -760.353767, 5e+16, 1.83670776e+12, -584227.614, 7556.98309, 324.085247, 34.0735828, 96.4, 0.866667, 0.866667, 5e+16, 1.56624487e-09, 274.821167, 0.622015762, 274.821167, -274.821166, -1.56587875e-09, -274.821167, 0.0206290123, 3.11610871e-11, 0.02062927, 0, 1.33907597e-08, 1.33907597e-08, 180500512, 180500512, 0, 0.27, 3.332, 0, -274.821166, 0.0206290123, 0, 4.9980229e+16, 1.55303155e-07, 1.55627726e-07, 0, 0
22.53125, 0, 0, 5e+16, 0, 9.51980302e-19, 3.718e+18, 6.44e+20, 4.85, 4, 764.251719, 34.2012121, 0.866667, 582102.492, 2.34600196e+14, 9.5866873e+13, 21338.4107, 275.009726, -762.191653, -765.680385, 5e+16, 1.60717508e+12, -582039.248, 7584.2941, 324.081811, 34.2012121, 96.4, 0.866667, 0.866667, 5e+16, 1.38438477e-09, 275.009726, 0.622004095, 275.009727, -275.009725, -1.38403058e-09, -275.009726, 0.0273824014, 2.90762155e-11, 0.0273826591, 0, 1.33905581e-08, 1.33905581e-08, 179885459, 179885459, 0, 0.27, 3.332, 0, -275.009725, 0.0273824014, 0, 4.99802071e+16, 1.37636846e-07, 1.3796848e-07, 0, 0
22.6354167, 0, 0, 5e+16, 0, 9.50874739e-19, 3.718e+18, 6.44e+20, 4.85, 4, 770.294038, 34.3482428, 0.866667, 579628.355, 2.05901601e+14, 9.58323022e+13, 18828.6875, 274.927906, -768.233977, -771.719224, 5e+16, 1.44986464e+12, -579563.794, 7627.17741, 324.077471, 34.3482428, 96.4, 0.866667, 0.866667, 5e+16, 1.2280283e-09, 274.927906, 0.621817009, 274.927907, -274.927903, -1.22773475e-09, -274.927904, 0.0382934153, 2.47179145e-11, 0.0382936731, 0, 1.33903035e-08, 1.33903035e-08, 179151182, 179151182, 0, 0.27, 3.332, 0, -274.927903, 0.0382934153, 0, 4.99802126e+16, 1.21740219e-07, 1.22008468e-07, 0, 0
22.7265625, 0, 0, 5e+16, 0, 9.49906275e-19, 3.718e+18, 6.44e+20, 4.85, 4, 775.581136, 34.4768163, 0.866667, 577468.953, 1.83975392e+14, 9.59876651e+13, 16861.6105, 275.27817, -773.521026, -777.003253, 5e+16, 1.26988353e+12, -577404.127, 7666.99108, 324.073671, 34.4768163, 96.4, 0.866667, 0.866667, 5e+16, 1.08688864e-09, 275.27817, 0.621668921, 275.27817, -275.278166, -1.08660436e-09, -275.278166, 0.047064101, 2.30963787e-11, 0.0470643589, 0, 1.33900805e-08, 1.33900805e-08, 178661232, 178661232, 0, 0.27, 3.332, 0, -275.278166, 0.047064101, 0, 4.99801759e+16, 1.07831201e-07, 1.08105451e-07, 0, 0
22.8307292, 0, 0, 5e+16, 0, 9.48699043e-19, 3.718e+18, 6.44e+20, 4.85, 4, 781.575482, 34.6239087, 0.866667, 575037.311, 1.61474917e+14, 9.59406226e+13, 14907.9009, 275.159823, -779.51538, -782.994177, 5e+16, 1.14721705e+12, -574970.86, 7724.26276, 324.068921, 34.6239087, 96.4, 0.866667, 0.866667, 5e+16, 9.66137799e-10, 275.159823, 0.621295328, 275.159824, -275.159817, -9.65901147e-10, -275.159817, 0.0575032599, 1.97016604e-11, 0.0575035179, 0, 1.33898018e-08, 1.33898018e-08, 177918515, 177918515, 0, 0.27, 3.332, 0, -275.159817, 0.0575032599, 0, 4.99801836e+16, 9.53893434e-08, 9.56141778e-08, 0, 0
22.921875, 0, 0, 5e+16, 0, 9.4764181e-19, 3.718e+18, 6.44e+20, 4.85, 4, 786.820622, 34.752549, 0.866667, 572916.265, 1.44395874e+14, 9.61569311e+13, 13370.8562, 275.688949, -784.760454, -788.236293, 5e+16, 1.00687936e+12, -572849.463, 7776.62199, 324.064763, 34.752549, 96.4, 0.866667, 0.866667, 5e+16, 8.57128065e-10, 275.688949, 0.62099684, 275.68895, -275.688941, -8.56898673e-10, -275.688942, 0.0659033555, 1.8440269e-11, 0.0659036137, 0, 1.33895579e-08, 1.33895579e-08, 177567225, 177567225, 0, 0.27, 3.332, 0, -275.688941, 0.0659033555, 0, 4.99801325e+16, 8.45029113e-08, 8.47328073e-08, 0, 0
23.0260417, 0, 0, 5e+16, 0, 9.46333621e-19, 3.718e+18, 6.44e+20, 4.85, 4, 792.767897, 34.8991764, 0.866667, 570541.572, 1.26845428e+14, 9.60927546e+13, 11858.0601, 275.528175, -790.707742, -794.180233, 5e+16, 9.11672884e+11, -570472.754, 7851.68018, 324.059605, 34.8991764, 96.4, 0.866667, 0.866667, 5e+16, 7.64292086e-10, 275.528175, 0.620417436, 275.528175, -275.528163, -7.6409977e-10, -275.528164, 0.0790889776, 1.5813532e-11, 0.0790892361, 0, 1.33892552e-08, 1.33892552e-08, 176817121, 176817121, 0, 0.27, 3.332, 0, -275.528163, 0.0790889776, 0, 4.99801433e+16, 7.48158683e-08, 7.50069562e-08, 0, 0
23.1171875, 0, 0, 5e+16, 0, 9.45188285e-19, 3.718e+18, 6.44e+20, 4.85, 4, 797.971881, 35.0273761, 0.866667, 568473.06, 1.13611208e+14, 9.63863841e+13, 10660.9579, 276.256609, -795.911636, -799.38126, 5e+16, 8.02697942e+11, -568403.78, 7919.37443, 324.055089, 35.0273761, 96.4, 0.866667, 0.866667, 5e+16, 6.80459604e-10, 276.256609, 0.619951891, 276.25661, -276.256595, -6.80272902e-10, -276.256595, 0.0898224132, 1.4839753e-11, 0.089822672, 0, 1.33889903e-08, 1.33889903e-08, 176620517, 176620517, 0, 0.27, 3.332, 0, -276.256595, 0.0898224132, 0, 4.9980074e+16, 6.63395186e-08, 6.65347976e-08, 0, 0
23.2213542, 0, 0, 5e+16, 0, 9.43781027e-19, 3.718e+18, 6.44e+20, 4.85, 4, 803.873386, 35.1721897, 0.866667, 566170.645, 9.99799617e+13, 9.63044176e+13, 9496.18032, 276.046138, -801.813159, -805.279554, 5e+16, 7.29159881e+11, -566098.939, 8012.40126, 324.049525, 35.1721897, 96.4, 0.866667, 0.866667, 5e+16, 6.09398674e-10, 276.046138, 0.619145412, 276.046139, -276.046119, -6.09240852e-10, -276.046119, 0.102767292, 1.28113338e-11, 0.102767551, 0, 1.33886638e-08, 1.33886638e-08, 175863721, 175863721, 0, 0.27, 3.332, 0, -276.046119, 0.102767292, 0, 4.9980088e+16, 5.88352024e-08, 5.90002782e-08, 0, 0
23.3125, 0, 0, 5e+16, 0, 9.4254925e-19, 3.718e+18, 6.44e+20, 4.85, 4, 809.037347, 35.2988137, 0.866667, 564166.982, 8.97739731e+13, 9.6673519e+13, 8567.56072, 276.996932, -806.977007, -810.440658, 5e+16, 6.44963289e+11, -564094.684, 8095.72125, 324.044656, 35.2988137, 96.4, 0.866667, 0.866667, 5e+16, 5.4519593e-10, 276.996932, 0.618494028, 276.996933, -276.996909, -5.45042469e-10, -276.996909, 0.113380247, 1.20593363e-11, 0.113380506, 0, 1.33883782e-08, 1.33883782e-08, 175840085, 175840085, 0, 0.27, 3.332, 0, -276.996909, 0.113380247, 0, 4.99800006e+16, 5.22686015e-08, 5.24371451e-08, 0, 0
23.4166667, 0, 0, 5e+16, 0, 9.41042921e-19, 3.718e+18, 6.44e+20, 4.85, 4, 814.894594, 35.4409874, 0.866667, 561954.631, 7.92310126e+13, 9.65675767e+13, 7675.67894, 276.72757, -812.834279, -816.294857, 5e+16, 5.88424294e+11, -561879.393, 8210.48557, 324.038683, 35.4409874, 96.4, 0.866667, 0.866667, 5e+16, 4.91047177e-10, 276.72757, 0.617437494, 276.72757, -276.727539, -4.90915969e-10, -276.727539, 0.129272797, 1.05045701e-11, 0.129273056, 0, 1.33880277e-08, 1.33880277e-08, 175076842, 175076842, 0, 0.27, 3.332, 0, -276.727539, 0.129272797, 0, 4.99800188e+16, 4.64809128e-08, 4.66257301e-08, 0, 0
23.5078125, 0, 0, 5e+16, 0, 9.39724748e-19, 3.718e+18, 6.44e+20, 4.85, 4, 820.019866, 35.5652648, 0.866667, 560032.956, 7.13977827e+13, 9.70295975e+13, 6957.16011, 277.926556, -817.959413, -821.417403, 5e+16, 5.23612386e+11, -559956.96, 8312.56106, 324.033458, 35.5652648, 96.4, 0.866667, 0.866667, 5e+16, 4.42070171e-10, 277.926556, 0.616579222, 277.926556, -277.926519, -4.41942297e-10, -277.926519, 0.142486065, 9.92892066e-12, 0.142486325, 0, 1.33877212e-08, 1.33877212e-08, 175246701, 175246701, 0, 0.27, 3.332, 0, -277.926519, 0.142486065, 0, 4.9979909e+16, 4.14162159e-08, 4.15638735e-08, 0, 0
23.6119792, 0, 0, 5e+16, 0, 9.38120326e-19, 3.718e+18, 6.44e+20, 4.85, 4, 825.834836, 35.7030974, 0.866667, 557929.98, 6.32730719e+13, 9.68972925e+13, 6278.66801, 277.586944, -823.774413, -827.229529, 5e+16, 4.80378585e+11, -557850.49, 8449.62815, 324.027077, 35.7030974, 96.4, 0.866667, 0.866667, 5e+16, 4.0101967e-10, 277.586944, 0.615247179, 277.586944, -277.586898, -4.00908901e-10, -277.586898, 0.158429202, 8.74176471e-12, 0.158429463, 0, 1.33873468e-08, 1.33873468e-08, 174476642, 174476642, 0, 0.27, 3.332, 0, -277.586898, 0.158429202, 0, 4.99799318e+16, 3.69731086e-08, 3.71022673e-08, 0, 0
23.703125, 0, 0, 5e+16, 0, 9.36716628e-19, 3.718e+18, 6.44e+20, 4.85, 4, 830.923147, 35.8235848, 0.866667, 556106.199, 5.72909744e+13, 9.74519595e+13, 5724.84183, 279.063541, -828.862559, -832.315282, 5e+16, 4.30744352e+11, -556025.752, 8570.98233, 324.021495, 35.8235848, 96.4, 0.866667, 0.866667, 5e+16, 3.63819618e-10, 279.063541, 0.614158044, 279.063541, -279.063487, -3.63711399e-10, -279.063487, 0.171866434, 8.30199093e-12, 0.171866696, 0, 1.33870194e-08, 1.33870194e-08, 174863785, 174863785, 0, 0.27, 3.332, 0, -279.063487, 0.171866434, 0, 4.99797991e+16, 3.30848938e-08, 3.32163973e-08, 0, 0
23.8072917, 0, 0, 5e+16, 0, 9.35012948e-19, 3.718e+18, 6.44e+20, 4.85, 4, 836.698116, 35.9558447, 0.866667, 554134.505, 5.1054948e+13, 9.72851963e+13, 5212.39438, 278.640125, -834.637569, -838.087657, 5e+16, 3.97886268e+11, -554049.891, 8734.12335, 324.014697, 35.9558447, 96.4, 0.866667, 0.866667, 5e+16, 3.32892824e-10, 278.640125, 0.612525705, 278.640125, -278.640058, -3.32797527e-10, -278.640058, 0.190677759, 7.40577896e-12, 0.190678021, 0, 1.33866205e-08, 1.33866205e-08, 174085987, 174085987, 0, 0.27, 3.332, 0, -278.640058, 0.190677759, 0, 4.99798279e+16, 2.96896433e-08, 2.98066086e-08, 0, 0
23.8984375, 0, 0, 5e+16, 0, 9.33522761e-19, 3.718e+18, 6.44e+20, 4.85, 4, 841.75147, 36.0714195, 0.866667, 552429.3, 4.65134487e+13, 9.79492148e+13, 4786.8367, 280.424701, -839.690728, -843.138654, 5e+16, 3.60045275e+11, -552343.478, 8877.86429, 324.008754, 36.0714195, 96.4, 0.866667, 0.866667, 5e+16, 3.0477818e-10, 280.424701, 0.611180953, 280.424701, -280.424624, -3.0468478e-10, -280.424624, 0.206806346, 7.07444805e-12, 0.206806608, 0, 1.33862718e-08, 1.33862718e-08, 174715485, 174715485, 0, 0.27, 3.332, 0, -280.424624, 0.206806346, 0, 4.99796679e+16, 2.67182789e-08, 2.68371853e-08, 0, 0
24.0026042, 0, 0, 5.00000002e+16, 0, 9.31719347e-19, 3.718e+18, 6.44e+20, 4.85, 4, 847.489258, 36.1960088, 0.866666999, 550613.055, 4.17494155e+13, 9.77433286e+13, 4403.42644, 279.901333, -845.428566, -848.874136, 5.00000002e+16, 3.3527789e+11, -550522.332, 9067.62994, 324.001533, 36.1960088, 96.3999999, 0.866666999, 0.866666999, 5.00000002e+16, 2.81669574e-10, 279.901333, 0.60922261, 279.901333, -279.90124, -2.81585796e-10, -279.90124, 0.225775763, 6.40523002e-12, 0.225776027, 0, 1.33858482e-08, 1.33858482e-08, 173928326, 173928326, 0, 0.27, 3.332, 0, -279.90124, 0.225775763, 0, 4.99797035e+16, 2.4139625e-08, 2.42472459e-08, 0, 0
24.09375, 0, 0, 5.00000004e+16, 0, 9.3014227e-19, 3.718e+18, 6.44e+20, 4.85, 4, 852.510118, 36.3048784, 0.866666998, 549046.765, 3.83298817e+13, 9.8516756e+13, 4078.31439, 282.026819, -850.4492, -853.892877, 5.00000004e+16, 3.06633704e+11, -548954.54, 9234.0242, 323.99522, 36.3048784, 96.3999999, 0.866666999, 0.866666998, 5.00000004e+16, 2.60566465e-10, 282.026819, 0.607595396, 282.026819, -282.026715, -2.60484063e-10, -282.026715, 0.242374334, 6.15849958e-12, 0.242374599, 0, 1.33854779e-08, 1.33854779e-08, 174828329, 174828329, 0, 0.27, 3.332, 0, -282.026715, 0.242374334, 0, 4.99795154e+16, 2.18827897e-08, 2.19920563e-08, 0, 0
24.1979167, 0, 0, 5.00000014e+16, 0, 9.28236087e-19, 3.718e+18, 6.44e+20, 4.85, 4, 858.213954, 36.4200614, 0.866666992, 547412.58, 3.47153308e+13, 9.82622932e+13, 3794.71158, 281.386385, -856.153099, -859.594727, 5.00000014e+16, 2.88158565e+11, -547314.612, 9452.88911, 323.98756, 36.4200614, 96.3999995, 0.866666995, 0.866666992, 5.00000014e+16, 2.43484483e-10, 281.386385, 0.605292836, 281.386385, -281.38626, -2.43408966e-10, -281.38626, 0.263326548, 5.6704392e-12, 0.263326814, 0, 1.33850285e-08, 1.33850285e-08, 174030207, 174030207, 0, 0.27, 3.332, 0, -281.38626, 0.263326548, 0, 4.99795601e+16, 1.99405271e-08, 2.00411007e-08, 0, 0
24.2890625, 0, 0, 5.00000023e+16, 0, 9.26569516e-19, 3.718e+18, 6.44e+20, 4.85, 4, 863.205153, 36.520673, 0.866666987, 546009.742, 3.2172473e+13, 9.91560551e+13, 3548.09544, 283.880011, -861.144039, -864.584074, 5.00000023e+16, 2.6665448e+11, -545909.913, 9643.69905, 323.980865, 36.520673, 96.3999992, 0.866666992, 0.866666987, 5.00000023e+16, 2.27795941e-10, 283.880011, 0.603360946, 283.880011, -283.87987, -2.2772135e-10, -283.87987, 0.282069048, 5.49246588e-12, 0.282069315, 0, 1.33846358e-08, 1.33846358e-08, 175226121, 175226121, 0, 0.27, 3.332, 0, -283.87987, 0.282069048, 0, 4.99793409e+16, 1.82405318e-08, 1.83425382e-08, 0, 0
24.3932292, 0, 0, 5.00000085e+16, 0, 9.24557748e-19, 3.718e+18, 6.44e+20, 4.85, 4, 868.878881, 36.6239632, 0.866666951, 544587.009, 2.9461867e+13, 9.88475393e+13, 3341.34769, 283.105323, -866.817845, -870.256155, 5.00000085e+16, 2.53061947e+11, -544480.574, 9890.12305, 323.972749, 36.6239632, 96.3999971, 0.866666971, 0.866666951, 5.00000085e+16, 2.15333354e-10, 283.105323, 0.60070398, 283.105323, -283.105159, -2.15263399e-10, -283.105159, 0.302231586, 5.14770584e-12, 0.302231854, 0, 1.33841597e-08, 1.33841597e-08, 174416077, 174416077, 0, 0.27, 3.332, 0, -283.105159, 0.302231586, 0, 4.99793996e+16, 1.67985726e-08, 1.68941485e-08, 0, 0
24.484375, 0, 0, 5.00000139e+16, 0, 9.2279922e-19, 3.718e+18, 6.44e+20, 4.85, 4, 873.843779, 36.7141828, 0.866666919, 543372.729, 2.7611869e+13, 9.98555066e+13, 3156.67209, 285.987544, -871.782452, -875.219491, 5.00000139e+16, 2.37136432e+11, -543264.043, 10103.0881, 323.965657, 36.7141828, 96.3999952, 0.866666953, 0.866666919, 5.00000139e+16, 2.03840274e-10, 285.987544, 0.598450703, 285.987544, -285.987363, -2.03770859e-10, -285.987363, 0.320794012, 5.02522881e-12, 0.320794281, 0, 1.33837436e-08, 1.33837436e-08, 175930784, 175930784, 0, 0.27, 3.332, 0, -285.987363, 0.320794012, 0, 4.99791533e+16, 1.55362728e-08, 1.56331598e-08, 0, 0
24.5885417, 0, 0, 5.00000483e+16, 0, 9.20675781e-19, 3.718e+18, 6.44e+20, 4.85, 4, 879.491781, 36.8033076, 0.866666721, 542192.198, 2.56216485e+13, 9.94880247e+13, 3008.1428, 285.068889, -877.430549, -880.866179, 5.00000483e+16, 2.2728071e+11, -542076.076, 10373.5928, 323.957056, 36.8033076, 96.3999833, 0.866666836, 0.866666721, 5.00000483e+16, 1.94847627e-10, 285.068889, 0.595458117, 285.068889, -285.068684, -1.94780924e-10, -285.068684, 0.339519887, 4.79505013e-12, 0.339520156, 0, 1.3383239e-08, 1.3383239e-08, 175111944, 175111944, 0, 0.27, 3.332, 0, -285.068684, 0.339519887, 0, 4.99792496e+16, 1.44923877e-08, 1.45848095e-08, 0, 0
24.6796875, 0, 0, 5.00000783e+16, 0, 9.18819982e-19, 3.718e+18, 6.44e+20, 4.85, 4, 884.434209, 36.8811426, 0.866666548, 541193.92, 2.43278331e+13, 1.00600068e+14, 2872.40919, 288.330392, -882.372659, -885.807345, 5.00000783e+16, 2.15703069e+11, -541075.154, 10604.2848, 323.949541, 36.8811426, 96.3999729, 0.866666733, 0.866666548, 5.00000783e+16, 1.86606123e-10, 288.330392, 0.592890957, 288.330392, -288.33017, -1.865396e-10, -288.33017, 0.357368508, 4.71906122e-12, 0.357368779, 0, 1.33827982e-08, 1.33827982e-08, 176949845, 176949845, 0, 0.27, 3.332, 0, -288.33017, 0.357368508, 0, 4.99789975e+16, 1.35782406e-08, 1.36719248e-08, 0, 0
24.7838542, 0, 0, 5.00002539e+16, 0, 9.1657819e-19, 3.718e+18, 6.44e+20, 4.85, 4, 890.061527, 36.9533949, 0.866665533, 540288.379, 2.29285037e+13, 1.00179769e+14, 2766.33107, 287.274582, -888.000084, -891.433644, 5.00002539e+16, 2.08605398e+11, -540161.636, 10886.7991, 323.940421, 36.9533949, 96.3999122, 0.866666127, 0.866665533, 5.00002539e+16, 1.80069086e-10, 287.274582, 0.589624801, 287.274582, -287.27434, -1.80003644e-10, -287.27434, 0.370199349, 4.57722371e-12, 0.37019962, 0, 1.33822632e-08, 1.33822632e-08, 176134345, 176134345, 0, 0.27, 3.332, 0, -287.27434, 0.370199349, 0, 4.99792431e+16, 1.28603187e-08, 1.2951277e-08, 0, 0
24.875, 0, 0, 5.00004076e+16, 0, 9.14619185e-19, 3.718e+18, 6.44e+20, 4.85, 4, 894.985876, 37.0165316, 0.866664645, 539534.017, 2.20950972e+13, 1.0135895e+14, 2669.4201, 290.857896, -892.924098, -896.357027, 5.00004076e+16, 2.00416986e+11, -539404.367, 11121.3751, 323.932453, 37.0165316, 96.3998591, 0.866665596, 0.866664645, 5.00004076e+16, 1.74327231e-10, 290.857896, 0.58679044, 290.857896, -290.857641, -1.74261636e-10, -290.857641, 0.383244982, 4.53983997e-12, 0.383245254, 0, 1.33817957e-08, 1.33817957e-08, 178269808, 178269808, 0, 0.27, 3.332, 0, -290.857641, 0.383244982, 0, 4.99790922e+16, 1.2230897e-08, 1.23231266e-08, 0, 0
24.9791667, 0, 0, 5.00012384e+16, 0, 9.12247806e-19, 3.718e+18, 6.44e+20, 4.85, 4, 900.598181, 37.0693046, 0.866659845, 538933.116, 2.12001827e+13, 1.00915838e+14, 2590.96175, 289.717751, -898.536514, -901.968533, 5.00012384e+16, 1.9513678e+11, -538795.708, 11389.0975, 323.92276, 37.0693046, 96.399572, 0.866662689, 0.866659845, 5.00012384e+16, 1.69225054e-10, 289.717751, 0.583415058, 289.717751, -289.717496, -1.69159263e-10, -289.717496, 0.38257103, 4.45768223e-12, 0.382571302, 0, 1.33812272e-08, 1.33812272e-08, 177493061, 177493061, 0, 0.27, 3.332, 0, -289.717496, 0.38257103, 0, 4.99799953e+16, 1.17895297e-08, 1.18803303e-08, 0, 0
25.0703125, 0, 0, 5.00019653e+16, 0, 9.10175592e-19, 3.718e+18, 6.44e+20, 4.85, 4, 905.509374, 37.1155428, 0.866655645, 538447.044, 2.07589528e+13, 1.02080498e+14, 2524.11407, 293.446772, -903.447379, -906.879027, 5.00019653e+16, 1.89521958e+11, -538306.858, 11598.5502, 323.914294, 37.1155428, 96.3993208, 0.866660145, 0.866655645, 5.00019653e+16, 1.65310822e-10, 293.446772, 0.58045671, 293.446772, -293.446519, -1.65244593e-10, -293.446519, 0.383514766, 4.45011392e-12, 0.38351504, 0, 1.33807305e-08, 1.33807305e-08, 179821030, 179821030, 0, 0.27, 3.332, 0, -293.446519, 0.383514766, 0, 4.99804157e+16, 1.14010748e-08, 1.14931369e-08, 0, 0
25.1744792, 0, 0, 5.00056e+16, 0, 9.07661202e-19, 3.718e+18, 6.44e+20, 4.85, 4, 911.112887, 37.146578, 0.866634646, 538175.081, 2.03246425e+13, 1.0169335e+14, 2457.34585, 292.366347, -909.050987, -912.481829, 5.00056e+16, 1.85023284e+11, -538029.079, 11795.5091, 323.903966, 37.146578, 96.3980646, 0.866647245, 0.866634646, 5.00056e+16, 1.60458772e-10, 292.366347, 0.577314276, 292.366347, -292.36613, -1.60391666e-10, -292.36613, 0.35596667, 4.38846699e-12, 0.355966943, 0, 1.33801248e-08, 1.33801248e-08, 179165371, 179165371, 0, 0.27, 3.332, 0, -292.36613, 0.35596667, 0, 4.9984111e+16, 1.12074978e-08, 1.12982604e-08, 0, 0
25.265625, 0, 0, 5.00087805e+16, 0, 9.05463575e-19, 3.718e+18, 6.44e+20, 4.85, 4, 916.016285, 37.1740878, 0.866616271, 537975.391, 2.02263969e+13, 1.02683727e+14, 2411.57563, 295.850985, -913.954105, -917.384736, 5.00087805e+16, 1.81177018e+11, -537827.68, 11918.4451, 323.894943, 37.1740878, 96.3969655, 0.866635958, 0.866616271, 5.00087805e+16, 1.57634116e-10, 295.850985, 0.574549297, 295.850985, -295.850796, -1.57566416e-10, -295.850796, 0.331564632, 4.39667295e-12, 0.331564905, 0, 1.33795954e-08, 1.33795954e-08, 181435021, 181435021, 0, 0.27, 3.332, 0, -295.850796, 0.331564632, 0, 4.99870249e+16, 1.10333984e-08, 1.11251781e-08, 0, 0
25.3697917, 0, 0, 5.00234812e+16, 0, 9.02785594e-19, 3.718e+18, 6.44e+20, 4.85, 4, 921.617671, 37.1816107, 0.866531349, 538030.813, 2.02361787e+13, 1.02542408e+14, 2336.72982, 295.171133, -919.555518, -922.985281, 5.00234812e+16, 1.76166531e+11, -537882.867, 11927.2847, 323.883885, 37.1816107, 96.3918852, 0.866582997, 0.866531349, 5.00234812e+16, 1.51523751e-10, 295.171133, 0.572360472, 295.171133, -295.171027, -1.51455878e-10, -295.171027, 0.245864013, 4.28855751e-12, 0.245864283, 0, 1.33789468e-08, 1.33789468e-08, 181081823, 181081823, 0, 0.27, 3.332, 0, -295.171027, 0.245864013, 0, 5.00017402e+16, 1.10661971e-08, 1.11537787e-08, 0, 0
25.4609375, 0, 0, 5.00363477e+16, 0, 9.00443626e-19, 3.718e+18, 6.44e+20, 4.85, 4, 926.518924, 37.189196, 0.866457042, 538106.317, 2.04137727e+13, 1.03014679e+14, 2300.36655, 297.56409, -924.456634, -927.886132, 5.00363477e+16, 1.73076064e+11, -537959.617, 11837.6889, 323.874219, 37.189196, 96.38744, 0.866536656, 0.866457042, 5.00363477e+16, 1.48729853e-10, 297.56409, 0.570478313, 297.56409, -297.564042, -1.4866163e-10, -297.564042, 0.165467629, 4.28158868e-12, 0.165467897, 0, 1.33783798e-08, 1.33783798e-08, 182721247, 182721247, 0, 0.27, 3.332, 0, -297.564042, 0.165467629, 0, 5.00144717e+16, 1.10850043e-08, 1.1172537e-08, 0, 0
25.5651042, 0, 0, 5.00912888e+16, 0, 8.97575519e-19, 3.718e+18, 6.44e+20, 4.85, 4, 932.124464, 37.174504, 0.866139824, 538428.128, 2.08521012e+13, 1.03480531e+14, 2190.93253, 297.976637, -930.062035, -933.490355, 5.00912888e+16, 1.65886022e+11, -538293.268, 11428.2672, 323.862309, 37.174504, 96.3684566, 0.866335586, 0.866139824, 5.00912888e+16, 1.3949611e-10, 297.976637, 0.570693587, 297.976637, -297.976577, -1.39431101e-10, -297.976577, -0.0331975039, 4.02097667e-12, -0.0331972417, 0, 1.33776812e-08, 1.33776812e-08, 183026774, 183026774, 0, 0.27, 3.332, 0, -297.976577, -0.0331975039, 0, 5.00693103e+16, 1.13048633e-08, 1.13778362e-08, 0, 0
25.65625, 0, 0, 5.01394117e+16, 0, 8.9506406e-19, 3.718e+18, 6.44e+20, 4.85, 4, 937.028725, 37.1638682, 0.865862259, 538706.597, 2.11404234e+13, 1.02756044e+14, 2145.83926, 297.568906, -934.966481, -938.394072, 5.01394117e+16, 1.61942719e+11, -538578.685, 10875.3474, 323.851884, 37.1638682, 96.3518462, 0.86615965, 0.865862259, 5.01394117e+16, 1.35010822e-10, 297.568906, 0.571085108, 297.568906, -297.568823, -1.34946562e-10, -297.568823, -0.221675018, 3.93896183e-12, -0.221674761, 0, 1.33770698e-08, 1.33770698e-08, 182847172, 182847172, 0, 0.27, 3.332, 0, -297.568823, -0.221675018, 0, 5.01176022e+16, 1.14761206e-08, 1.15457428e-08, 0, 0
25.7604167, 0, 0, 5.03289775e+16, 0, 8.91965493e-19, 3.718e+18, 6.44e+20, 4.85, 4, 942.642874, 37.1334848, 0.864769806, 539056.748, 2.18337651e+13, 1.0439709e+14, 1967.26971, 300.282992, -940.580174, -944.005844, 5.03289775e+16, 1.50641896e+11, -538961.846, 9591.23284, 323.838939, 37.1334848, 96.2863902, 0.865454815, 0.864769806, 5.03289775e+16, 1.2087365e-10, 300.282992, 0.576707463, 300.282991, -300.281899, -1.20820548e-10, -300.281899, -0.661618646, 3.3772149e-12, -0.661618403, 0, 1.33763104e-08, 1.33763104e-08, 184403615, 184403615, 0, 0.27, 3.332, 0, -300.281899, -0.661618646, 0, 5.03068089e+16, 1.17247986e-08, 1.17578921e-08, 0, 0
25.8515625, 0, 0, 5.04954354e+16, 0, 8.89245505e-19, 3.718e+18, 6.44e+20, 4.85, 4, 947.553319, 37.1116503, 0.86381391, 539279.322, 2.17196195e+13, 1.00962955e+14, 1886.88732, 293.691648, -945.49154, -948.915164, 5.04954354e+16, 1.43234005e+11, -539197.13, 8081.57864, 323.827579, 37.1116503, 96.2291162, 0.864838084, 0.86381391, 5.04954354e+16, 1.12132384e-10, 293.691648, 0.582126416, 293.691647, -293.689704, -1.12082531e-10, -293.689704, -1.06684754, 3.11835721e-12, -1.06684731, 0, 1.33756441e-08, 1.33756441e-08, 179996019, 179996019, 0, 0.27, 3.332, 0, -293.689704, -1.06684754, 0, 5.04740781e+16, 1.19016325e-08, 1.1923756e-08, 0, 0
25.9557292, 0, 0, 5.10980984e+16, 0, 8.85858612e-19, 3.718e+18, 6.44e+20, 4.85, 4, 953.173345, 37.0909321, 0.860362743, 538980.288, 2.18496206e+13, 1.03869669e+14, 1603.79218, 299.777438, -951.110759, -954.530706, 5.10980984e+16, 1.26446693e+11, -538952.491, 5083.86365, 323.813334, 37.0909321, 96.0215176, 0.862566274, 0.860362743, 5.10980984e+16, 9.30246209e-11, 299.777438, 0.599284335, 299.777437, -299.769292, -9.29962611e-11, -299.769291, -1.98842002, 2.1791939e-12, -1.98841982, 0, 1.33748087e-08, 1.33748087e-08, 183193384, 183193384, 0, 0.27, 3.332, 0, -299.769292, -1.98842002, 0, 5.10759635e+16, 1.16957388e-08, 1.16671378e-08, 0, 0
26.046875, 0, 0, 5.16313259e+16, 0, 8.82872926e-19, 3.718e+18, 6.44e+20, 4.85, 4, 958.086249, 37.0822274, 0.857342972, 538452.252, 2.00643308e+13, 9.45264111e+13, 1460.19795, 281.067877, -956.026281, -959.441039, 5.16313259e+16, 1.1201198e+11, -538420.022, 1704.65298, 323.800781, 37.0822274, 95.8398688, 0.860578441, 0.857342972, 5.16313259e+16, 7.78263223e-11, 281.067877, 0.614563645, 281.067876, -281.054451, -7.78037494e-11, -281.05445, -2.74696506, 1.66821787e-12, -2.74696488, 0, 1.33740724e-08, 1.33740724e-08, 170286193, 170286193, 0, 0.27, 3.332, 0, -281.054451, -2.74696506, 0, 5.16111923e+16, 1.14540745e-08, 1.14067503e-08, 0, 0
26.1510417, 0, 0, 5.33894851e+16, 0, 8.7910336e-19, 3.718e+18, 6.44e+20, 4.85, 4, 963.689986, 37.1395194, 0.84747203, 535729.457, 1.73125132e+13, 9.50543668e+13, 1068.93041, 285.853969, -961.629845, -965.036132, 5.33894851e+16, 9.11459186e+10, -535710.854, -4462.14235, 323.784808, 37.1395194, 95.2391659, 0.853917386, 0.84747203, 5.33894851e+16, 5.82560304e-11, 285.853969, 0.65468178, 285.853969, -285.81327, -5.82525947e-11, -285.813269, -4.53449873, 6.31976713e-13, -4.5344986, 0, 1.33731356e-08, 1.33731356e-08, 172079415, 172079415, 0, 0.27, 3.332, 0, -285.81327, -4.53449873, 0, 5.33685524e+16, 9.93171983e-09, 9.89595379e-09, 0, 0
26.2421875, 0, 0, 5.49769168e+16, 0, 8.75762901e-19, 3.718e+18, 6.44e+20, 4.85, 4, 968.583484, 37.2080122, 0.838834955, 532682.907, 1.26162711e+13, 7.46926364e+13, 869.9054, 248.57928, -966.530055, -969.923933, 5.49769168e+16, 6.79937089e+10, -532514.983, -11279.1973, 323.770657, 37.2080122, 94.7135508, 0.848088963, 0.838834955, 5.49769168e+16, 3.8813848e-11, 248.57928, 0.685078531, 248.57928, -248.516823, -3.88126559e-11, -248.516822, -5.55978787, 4.39273094e-14, -5.55978778, 0, 1.33723056e-08, 1.33723056e-08, 146116903, 146116903, 0, 0.27, 3.332, 0, -248.516823, -5.55978787, 0, 5.49596518e+16, 8.55732404e-09, 8.52240638e-09, 0, 0
26.3463542, 0, 0, 5.96523738e+16, 0, 8.71463363e-19, 3.718e+18, 6.44e+20, 4.85, 4, 974.096467, 37.5336397, 0.81404439, 523339.706, 6.41591413e+12, 6.27987263e+13, 474.184727, 228.015397, -972.047856, -975.420056, 5.96523738e+16, 5.0149585e+10, -522830.432, -22750.2661, 323.752284, 37.5336397, 93.1580395, 0.830758209, 0.81404439, 5.96523738e+16, 2.63645646e-11, 228.015397, 0.759022522, 228.015397, -227.875397, -2.63564347e-11, -227.875396, -7.76293309, -3.8204934e-13, -7.7629331, 0, 1.33712282e-08, 1.33712282e-08, 133082105, 133082105, 0, 0.27, 3.332, 0, -227.875397, -7.76293309, 0, 5.96369238e+16, 5.90353558e-09, 5.73096195e-09, 0, 0
26.4375, 0, 0, 6.40684418e+16, 0, 8.67648901e-19, 3.718e+18, 6.44e+20, 4.85, 4, 978.901523, 37.8528755, 0.792352646, 513766.584, 2.62780904e+12, 3.63529261e+13, 307.919894, 179.580809, -976.868146, -980.213126, 6.40684418e+16, 2.49665634e+10, -512455.808, -35277.5181, 323.735987, 37.8528755, 91.7969671, 0.8155938, 0.792352646, 6.40684418e+16, 1.11075705e-11, 179.580809, 0.798505205, 179.580808, -179.409348, -1.10940708e-11, -179.409348, -7.80992566, -5.37347803e-13, -7.80992572, 0, 1.33702723e-08, 1.33702723e-08, 99644606.8, 99644606.8, 0, 0.27, 3.332, 0, -179.409348, -7.80992566, 0, 6.40569547e+16, 3.63081271e-09, 3.34248962e-09, 0, 0
26.5416667, 0, 0, 7.53532779e+16, 0, 8.62660611e-19, 3.718e+18, 6.44e+20, 4.85, 4, 984.125711, 38.9630146, 0.740835675, 488582.112, 2.95236662e+11, 2.12381757e+13, 96.1907793, 122.72854, -982.107303, -985.404935, 7.53532779e+16, 1.74965093e+10, -485468.347, -54125.6716, 323.714461, 38.9630146, 88.3320106, 0.777440033, 0.740835675, 7.53532779e+16, 7.21675386e-12, 122.72854, 0.884748206, 122.72854, -122.523578, -7.20134058e-12, -122.523577, -7.05805939, -3.65718939e-13, -7.05805951, 0, 1.336901e-08, 1.336901e-08, 67618218.2, 67618218.2, 0, 0.27, 3.332, 0, -122.523578, -7.05805939, 0, 7.53466295e+16, 1.9194129e-09, 1.71562305e-09, 0, 0
26.6328125, 0, 0, 8.68466134e+16, 0, 8.58262239e-19, 3.718e+18, 6.44e+20, 4.85, 4, 988.664016, 39.9998203, 0.695758325, 464064.388, 2.86708353e+10, 8.64155722e+12, 40.3573692, 88.8295766, -986.670668, -989.919087, 8.68466134e+16, 3.52390465e+09, -457837.249, -74304.2494, 323.695481, 39.9998203, 85.3001737, 0.744055486, 0.695758325, 8.68466134e+16, 1.19832387e-12, 88.8295766, 0.912349872, 88.8295761, -88.6517386, -1.18576544e-12, -88.6517375, -5.61002273, -1.54351091e-13, -5.61002288, 0, 1.33678969e-08, 1.33678969e-08, 44770807, 44770807, 0, 0.27, 3.332, 0, -88.6517386, -5.61002273, 0, 8.68416092e+16, 4.38789303e-10, 3.72191328e-10, 0, 0
26.7369792, 0, 0, 1.11785301e+17, 0, 8.52599134e-19, 3.718e+18, 6.44e+20, 4.85, 4, 993.124015, 43.5907617, 0.614281126, 402636.074, 32143.4798, 3.99286628e+12, 5.09202926, 36.8767524, -991.152171, -993.831995, 1.11785301e+17, 2.57377254e+09, -391192.883, -93769.0608, 323.670763, 43.5907617, 79.0651063, 0.677558401, 0.614281126, 1.11785301e+17, 8.08964945e-13, 36.8767524, 0.967405989, 36.8767512, -36.7789663, -8.06101487e-13, -36.778965, -2.68352256, -6.80049211e-14, -2.68352277, 0, 1.33664474e-08, 1.33664474e-08, 17724678.5, 17724678.5, 0, 0.27, 3.332, 0, -36.7789663, -2.68352256, 0, 1.1178334e+17, 1.46107301e-10, 1.46704022e-10, 0, 0
26.828125, 0, 0, 1.39415975e+17, 0, 8.47638996e-19, 3.718e+18, 6.44e+20, 4.85, 4, 996.978727, 46.8629345, 0.542988577, 345416.346, 0, 1.33806332e+12, 7.65839683e-15, 25.9840242, -995.037346, -997.215198, 1.39415975e+17, 5.73011321e-07, -326125.855, -112173.03, 323.649113, 46.8629345, 73.6094224, 0.619373451, 0.542988577, 1.39415975e+17, 1.38503282e-28, 25.9840242, 0.976282335, 25.9840227, -25.9127097, -1.33137969e-28, -25.9127081, -1.92302325, -2.74757642e-29, -1.92302351, 0, 1.33651779e-08, 1.33651779e-08, 10774442.4, 10774442.4, 0, 0.27, 3.332, 0, -25.9127097, -1.92302325, 0, 1.39414186e+17, 0, 0, 0, 0
26.9322917, 0, 0, 1.90787085e+17, 0, 8.4182505e-19, 3.718e+18, 6.44e+20, 4.85, 4, 999.628003, 52.8808872, 0.450899203, 241882.062, 0, 6.05282678e+12, 6.31695512e-15, 5.78647688, -997.6445, -999.380697, 1.90787085e+17, 4.72642931e-07, -214868.127, -108358.194, 323.623421, 56.020386, 65.221539, 0.532590165, 0.450899203, 1.90787085e+17, 1.05128468e-28, 5.78647688, 0.994596671, 5.78647574, -5.76338302, -1.04642013e-28, -5.76338193, -0.515723947, -1.01016846e-29, -0.515723332, 0, 1.33636714e-08, 1.33636714e-08, 1935080.28, 1935080.28, 0, 0.27, 3.332, 0, -5.76338302, -0.515723947, 0, 1.90747124e+17, 0, 0, 0, 0
27.0234375, 0, 0, 2.51047471e+17, 0, 8.36745255e-19, 3.718e+18, 6.44e+20, 4.85, 4, 1001.93817, 57.882141, 0.370321001, 147743.012, 0, 2.43427275e+12, 2.07711484e-28, 4.18558719, -999.980032, -1001.28637, 2.51047471e+17, 1.55445282e-20, -114811.461, -92156.7334, 323.600973, 63.789632, 57.882141, 0.456654789, 0.370321001, 2.51047471e+17, 2.77463313e-42, 4.18558719, 0.995927062, 4.18558647, -4.1677275, -2.77031766e-42, -4.16772689, -0.386245541, -1.10322807e-43, -0.386244195, 0, 1.3362355e-08, 1.3362355e-08, 1059405.97, 1059405.97, 0, 0.27, 3.332, 0, -4.1677275, -0.386245541, 0, 2.50994997e+17, 0, 0, 0, 0
27.1276042, 0, 0, 3.50293849e+17, 0, 8.31724715e-19, 3.718e+18, 6.44e+20, 4.85, 4, 1002.05423, 49.5688513, 0.294702397, 77541.3269, 0, 1.4883945e+14, 1.43447379e-27, 10.0420214, -999.981113, -1001.47445, 3.50293849e+17, 1.07384553e-19, -48916.6191, -58128.3905, 323.578521, 56.4951918, 49.5688513, 0.3728008, 0.294702397, 3.50293849e+17, 2.72752289e-42, 10.0420214, 0.986836659, 10.0420212, -9.93475451, -2.67054233e-42, -9.93475453, 1.43896704, -2.53287558e-43, 1.43896693, 0, 1.33610386e-08, 1.33610386e-08, 45797.3447, 45797.3447, 0, 0.27, 3.332, 0, -9.93475451, 1.43896704, 0, 2.49276545e+17, 0, 0, 0, 0
27.21875, 0, 0, 4.68839926e+17, 0, 8.27334403e-19, 3.718e+18, 6.44e+20, 4.85, 4, 1002.26281, 42.2947228, 0.228536119, 20756.6435, 0, 1.45427979e+17, 3.31289794e-27, 13.8210736, -999.997601, -1001.71382, 4.68839926e+17, 2.47994271e-19, -8120.04559, -18618.7532, 323.558888, 50.091626, 42.2947228, 0.29942856, 0.228536119, 4.68839926e+17, 1.27950129e-42, 13.8210736, 0.983806088, 13.8210741, -13.696512, -1.21696556e-42, -13.6965128, 1.82380433, -3.04250408e-43, 1.82380278, 0, 1.33598874e-08, 1.33598874e-08, 6051.73479, 6051.73479, 0, 0.27, 3.332, 0, -13.696512, 1.82380433, 0, 2.8580273e+17, 0, 0, 0, 0
27.3229167, 0, 0, 6.47338344e+17, 0, 8.23288008e-19, 3.718e+18, 6.44e+20, 4.85, 4, 1002.27031, 35.9545125, 0.178988235, 7452.79056, 0, 1.87531096e+17, 2.5305128e-27, 22.3930357, -999.997837, -1001.7066, 6.47338344e+17, 1.89436402e-19, -4334.77686, -5863.45245, 323.540611, 42.7631725, 35.9545125, 0.236845316, 0.178988235, 6.47338344e+17, 9.158965e-43, 22.3930357, 0.970450954, 22.3930363, -22.3747341, -8.8243253e-43, -22.3747347, 0.501613724, -1.15694839e-43, 0.501612906, 0, 1.33588159e-08, 1.33588159e-08, 13552.1694, 13552.1694, 0, 0.27, 3.332, 0, -22.3747341, 0.501613724, 0, 3.43544418e+17, 0, 0, 0, 0
27.4140625, 0, 0, 8.58469228e+17, 0, 8.19745112e-19, 3.718e+18, 6.44e+20, 4.85, 4, 1002.28504, 30.4068285, 0.135633836, 2802.40883, 0, 3.13349945e+17, 9.18808607e-28, 27.7464085, -999.998043, -1001.70201, 8.58469228e+17, 6.88093579e-20, -856.372637, -2659.28919, 323.524608, 36.3507756, 30.4068285, 0.182084977, 0.135633836, 8.58469228e+17, 2.49959605e-44, 27.7464085, 0.96611056, 27.7464091, -27.7448634, 2.02383064e-44, -27.744864, 0.271190067, -1.42155288e-44, 0.27119004, 0, 1.33578776e-08, 1.33578776e-08, 23622.3343, 23622.3343, 0, 0.27, 3.332, 0, -27.7448634, 0.271190067, 0, 3.68043457e+17, 0, 0, 0, 0
27.5182292, 0, 0, 1.1544e+18, 0, 8.1629224e-19, 3.718e+18, 6.44e+20, 4.85, 4, 1002.29056, 26.3159518, 0.106740351, 1631.21316, 0, 3.76795954e+17, 5.14328634e-28, 26.2676792, -999.998238, -1001.6748, 1.1544e+18, 3.85179762e-20, -720.074955, -1458.46792, 323.508881, 31.1352321, 26.3159518, 0.142864293, 0.106740351, 1.1544e+18, 1.36278068e-44, 26.2676792, 0.965550714, 26.2676797, -26.266481, 1.27730314e-44, -26.2664816, 0.0840886349, -4.28761264e-45, 0.0840886525, 0, 1.33569555e-08, 1.33569555e-08, 20593.5934, 20593.5934, 0, 0.27, 3.332, 0, -26.266481, 0.0840886349, 0, 4.38438079e+17, 0, 0, 0, 0
27.609375, 0, 0, 1.49592203e+18, 0, 8.13269518e-19, 3.718e+18, 6.44e+20, 4.85, 4, 1002.29706, 22.7364346, 0.0814585508, 938.17271, 0, 4.69562197e+17, 9.52244152e-29, 27.7921153, -999.998409, -1001.65119, 1.49592203e+18, 7.13551358e-21, -532.762712, -771.473798, 323.495113, 26.5716315, 22.7364346, 0.108546194, 0.0814585508, 1.49592203e+18, 7.38816069e-45, 27.7921153, 0.964338567, 27.7921157, -27.7920141, 7.36434554e-45, -27.7920145, -0.0545573935, -5.5892125e-46, -0.0545573172, 0, 1.33561483e-08, 1.33561483e-08, 16570.7859, 16570.7859, 0, 0.27, 3.332, 0, -27.7920141, -0.0545573935, 0, 4.95293233e+17, 0, 0, 0, 0
27.7135417, 0, 0, 1.94448133e+18, 0, 8.1024721e-19, 3.718e+18, 6.44e+20, 4.85, 4, 1002.30167, 20.2973619, 0.0652464437, 693.78221, 0, 5.46569046e+17, 4.83895135e-29, 26.3482035, -999.99858, -1001.61394, 1.94448133e+18, 3.62601065e-21, -478.743938, -488.642162, 323.481246, 23.3066568, 20.2973619, 0.0859933974, 0.0652464437, 1.94448133e+18, 3.46288923e-45, 26.3482035, 0.965948067, 26.3482039, -26.3476826, 3.45950022e-45, -26.347683, -0.123341864, -1.53019664e-46, -0.123341801, 0, 1.33553354e-08, 1.33553354e-08, 14622.1488, 14622.1488, 0, 0.27, 3.332, 0, -26.3476826, -0.123341864, 0, 5.75289671e+17, 0, 0, 0, 0
27.8046875, 0, 0, 2.44602981e+18, 0, 8.07601735e-19, 3.718e+18, 6.44e+20, 4.85, 4, 1002.30622, 18.1631733, 0.05106085, 496.971248, 0, 6.3568298e+17, 5.55442828e-30, 26.0087432, -999.99873, -1001.58141, 2.44602981e+18, 4.16546552e-22, -416.680717, -270.828693, 323.469107, 20.449804, 18.1631733, 0.0662597004, 0.05106085, 2.44602981e+18, 5.24526636e-46, 26.0087432, 0.966253267, 26.0087435, -26.0081593, 5.24269077e-46, -26.0081596, -0.163729006, -1.56084495e-47, -0.163728958, 0, 1.33546237e-08, 1.33546237e-08, 12264.8153, 12264.8153, 0, 0.27, 3.332, 0, -26.0081593, -0.163729006, 0, 6.48108693e+17, 0, 0, 0, 0
27.9088542, 0, 0, 3.06280007e+18, 0, 8.04922806e-19, 3.718e+18, 6.44e+20, 4.85, 4, 1002.31006, 16.7416781, 0.0419373142, 448.987561, 0, 7.20116782e+17, 2.73118731e-30, 24.7347105, -999.998876, -1001.5389, 3.06280007e+18, 2.04825064e-22, -395.433234, -209.113192, 323.456736, 18.5195201, 16.7416781, 0.0535918789, 0.0419373142, 3.06280007e+18, 2.31671606e-46, 24.7347105, 0.968130235, 24.7347108, -24.7339476, 2.31633593e-46, -24.7339478, -0.177843841, -4.19642568e-48, -0.177843805, 0, 1.33538985e-08, 1.33538985e-08, 10885.7319, 10885.7319, 0, 0.27, 3.332, 0, -24.7339476, -0.177843841, 0, 7.3378011e+17, 0, 0, 0, 0
28, 0, 0, 3.72879441e+18, 0, 8.02578099e-19, 3.718e+18, 6.44e+20, 4.85, 4, 1002.3136, 15.4978698, 0.0339542203, 408.063337, 0, 8.08136419e+17, 2.42366531e-31, 24.047357, -999.999003, -1001.50173, 3.72879441e+18, 1.81946814e-23, -381.154403, -144.98831, 323.445908, 16.8305216, 15.4978698, 0.0425075351, 0.0339542203, 3.72879441e+18, 2.52617037e-47, 24.047357, 0.968714809, 24.0473572, -24.046549, 2.52586206e-47, -24.0465492, -0.187431226, -3.76184418e-49, -0.187431204, 0, 1.33532636e-08, 1.33532636e-08, 9464.23302, 9464.23302, 0, 0.27, 3.332, 0, -24.046549, -0.187431226, 0, 8.14258963e+17, 0, 0, 0, 0
28, 0, 0, 3.72879441e+18, 0, 8.02578099e-19, 3.718e+18, 6.44e+20, 4.85, 4, 1002.3136, 15.4978698, 0.0339542203, 322.864807, 0, 8.08136419e+17, 2.42366531e-31, 24.047357, -999.999003, -1001.50173, 3.72879441e+18, 1.81946814e-23, -313.645515, -71.8130877, 323.445908, 16.8305216, 15.4978698, 0.0425075351, 0.0339542203, 3.72879441e+18, 2.52617037e-47, 24.047357, 0.968714809, 24.0473572, -24.046549, 2.52586206e-47, -24.0465492, -0.187431226, -3.76184418e-49, -0.187431204, 0, 1.33532636e-08, 1.33532636e-08, 9464.23302, 9464.23302, 0, 0.27, 3.332, 0, -24.046549, -0.187431226, 0, 8.14258963e+17, 0, 0, 0, 0
28.0666667, 0, 0, 4.21896004e+18, 0, 8.01016162e-19, 3.718e+18, 6.44e+20, 4.85, 4, 1002.31568, 14.9164858, 0.03028897, 312.52841, 0, 8.63913926e+17, 1.21060692e-31, 22.8294902, -999.999082, -1001.46289, 4.21896004e+18, 9.08843776e-24, -303.095563, -72.4155479, 323.438661, 15.829082, 14.9164858, 0.036113142, 0.03028897, 4.21896004e+18, 1.09582122e-47, 22.8294902, 0.970650972, 22.8294904, -22.8287497, 1.09576597e-47, -22.82875, -0.174570987, -1.07145811e-49, -0.174570969, 0, 1.33528387e-08, 1.33528387e-08, 8301.26534, 8301.26534, 0, 0.27, 3.332, 0, -22.8287497, -0.174570987, 0, 8.70346109e+17, 0, 0, 0, 0
28.125, 0, 0, 4.70043188e+18, 0, 7.99649152e-19, 3.718e+18, 6.44e+20, 4.85, 4, 1002.31754, 14.4077748, 0.0270818759, 294.948778, 0, 9.17459364e+17, 1.53628282e-32, 22.060576, -999.999152, -1001.42893, 4.70043188e+18, 1.15418192e-24, -289.882813, -53.8743157, 323.432317, 14.9528223, 14.4077748, 0.0305180481, 0.0270818759, 4.70043188e+18, 1.08260731e-48, 22.060576, 0.971308917, 22.0605761, -22.05984, 1.08247208e-48, -22.0598402, -0.171802204, -1.63542732e-50, -0.171802191, 0, 1.33524669e-08, 1.33524669e-08, 7201.65931, 7201.65931, 0, 0.27, 3.332, 0, -22.05984, -0.171802204, 0, 9.21307388e+17, 0, 0, 0, 0
28.1916667, 0, 0, 5.23278599e+18, 0, 7.98195598e-19, 3.718e+18, 6.44e+20, 4.85, 4, 1002.31934, 13.993803, 0.0244949864, 270.865132, 0, 9.71343106e+17, 7.57079893e-33, 21.2606843, -999.999223, -1001.38682, 5.23278599e+18, 5.68798898e-25, -267.059453, -42.8561898, 323.425549, 14.4551444, 13.993803, 0.0273919781, 0.0244949864, 5.23278599e+18, 4.74037725e-49, 21.2606843, 0.972620998, 21.2606845, -21.2601186, 4.7401486e-49, -21.2601188, -0.149720806, -4.63195808e-51, -0.149720796, 0, 1.33520701e-08, 1.33520701e-08, 6449.19756, 6449.19756, 0, 0.27, 3.332, 0, -21.2601186, -0.149720806, 0, 9.75357011e+17, 0, 0, 0, 0
28.25, 0, 0, 5.74782825e+18, 0, 7.96923482e-19, 3.718e+18, 6.44e+20, 4.85, 4, 1002.32094, 13.6315776, 0.022231458, 248.42512, 0, 1.02202856e+18, 7.97334427e-34, 20.7301808, -999.999285, -1001.35, 5.74782825e+18, 5.99509192e-26, -246.521893, -30.3263388, 323.419625, 14.0196762, 13.6315776, 0.0246566669, 0.022231458, 5.74782825e+18, 5.64230117e-50, 20.7301808, 0.973081655, 20.7301809, -20.7296418, 5.64194896e-50, -20.729642, -0.1426406, -6.03071616e-52, -0.142640593, 0, 1.33517229e-08, 1.33517229e-08, 5761.45985, 5761.45985, 0, 0.27, 3.332, 0, -20.7296418, -0.1426406, 0, 1.02445388e+18, 0, 0, 0, 0
28.3166667, 0, 0, 6.29499965e+18, 0, 7.95569766e-19, 3.718e+18, 6.44e+20, 4.85, 4, 1002.32245, 13.3366182, 0.0203997781, 225.799153, 0, 1.07201215e+18, 3.8932251e-34, 20.1064309, -999.999348, -1001.30508, 6.29499965e+18, 2.92737091e-26, -224.344102, -24.2934614, 323.413301, 13.6652106, 13.3366182, 0.0224473822, 0.0203997781, 6.29499965e+18, 2.44124458e-50, 20.1064309, 0.974121243, 20.1064311, -20.1060927, 2.44118507e-50, -20.1060928, -0.114152462, -1.69496131e-52, -0.114152457, 0, 1.33513521e-08, 1.33513521e-08, 5123.46825, 5123.46825, 0, 0.27, 3.332, 0, -20.1060927, -0.114152462, 0, 1.07452307e+18, 0, 0, 0, 0
28.375, 0, 0, 6.81633846e+18, 0, 7.94385055e-19, 3.718e+18, 6.44e+20, 4.85, 4, 1002.32379, 13.0785288, 0.0187970582, 205.407181, 0, 1.1183205e+18, 3.48803754e-35, 19.6870009, -999.999404, -1001.26578, 6.81633846e+18, 2.62477554e-27, -204.663076, -17.2453913, 323.407767, 13.3550532, 13.0785288, 0.0205142581, 0.0187970582, 6.81633846e+18, 2.47245382e-51, 19.6870009, 0.974491983, 19.687001, -19.6866961, 2.47236984e-51, -19.6866962, -0.10456254, -1.95040519e-53, -0.104562537, 0, 1.33510277e-08, 1.33510277e-08, 4550.55485, 4550.55485, 0, 0.27, 3.332, 0, -19.6866961, -0.10456254, 0, 1.11984234e+18, 0, 0, 0, 0
28.4416667, 0, 0, 7.34345162e+18, 0, 7.93124043e-19, 3.718e+18, 6.44e+20, 4.85, 4, 1002.32504, 12.8698377, 0.0175068364, 183.516366, 0, 1.16245085e+18, 1.6923686e-35, 19.2952537, -999.999462, -1001.21847, 7.34345162e+18, 1.27355384e-27, -182.943497, -13.7920168, 323.401858, 13.103228, 12.8698377, 0.0189533073, 0.0175068364, 7.34345162e+18, 1.06115527e-51, 19.2952537, 0.975161982, 19.2952537, -19.2951461, 1.06114109e-51, -19.2951463, -0.0644015717, -5.45214862e-54, -0.0644015698, 0, 1.33506814e-08, 1.33506814e-08, 4009.91875, 4009.91875, 0, 0.27, 3.332, 0, -19.2951461, -0.0644015717, 0, 1.16401377e+18, 0, 0, 0, 0
28.5, 0, 0, 7.83800783e+18, 0, 7.92020486e-19, 3.718e+18, 6.44e+20, 4.85, 4, 1002.32613, 12.687233, 0.0163778924, 164.103834, 0, 1.20284735e+18, 1.32410128e-36, 19.0316112, -999.999513, -1001.17708, 7.83800783e+18, 9.97172224e-29, -163.81942, -9.55283276, 323.396687, 12.8828809, 12.687233, 0.0175874753, 0.0163778924, 7.83800783e+18, 9.39338232e-53, 19.0316112, 0.975406804, 19.0316112, -19.0315372, 9.39319455e-53, -19.0315373, -0.0506160688, -5.68627882e-55, -0.050616067, 0, 1.33503783e-08, 1.33503783e-08, 3529.86131, 3529.86131, 0, 0.27, 3.332, 0, -19.0315372, -0.0506160688, 0, 1.20377252e+18, 0, 0, 0, 0
28.5666667, 0, 0, 8.30589435e+18, 0, 7.90846216e-19, 3.718e+18, 6.44e+20, 4.85, 4, 1002.32711, 12.5428993, 0.0154883222, 142.690213, 0, 1.23932681e+18, 6.39684274e-37, 19.0112449, -999.999567, -1001.12782, 8.30589435e+18, 4.81752534e-29, -142.479369, -7.37416509, 323.39117, 12.7063685, 12.5428993, 0.0164975794, 0.0154883222, 8.30589435e+18, 4.00972442e-53, 19.0112449, 0.975476103, 19.0112449, -19.0111839, 4.0096927e-53, -19.011184, 0.0207915809, -1.58432251e-55, 0.0207915819, 0, 1.33500548e-08, 1.33500548e-08, 3072.92491, 3072.92491, 0, 0.27, 3.332, 0, -19.0111839, 0.0207915809, 0, 1.24026801e+18, 0, 0, 0, 0
28.625, 0, 0, 8.73815056e+18, 0, 7.89818587e-19, 3.718e+18, 6.44e+20, 4.85, 4, 1002.32797, 12.4166073, 0.0147099483, 123.883437, 0, 1.27239736e+18, 4.49152867e-38, 19.0049353, -999.999615, -1001.08473, 8.73815056e+18, 3.38485944e-30, -123.809912, -4.26706889, 323.386341, 12.5519202, 12.4166073, 0.0155439204, 0.0147099483, 8.73815056e+18, 3.1887234e-54, 19.0049353, 0.975513036, 19.0049353, -19.0048757, 3.18868313e-54, -19.0048758, 0.0456074486, -1.53467265e-56, 0.0456074512, 0, 1.33497717e-08, 1.33497717e-08, 2671.52345, 2671.52345, 0, 0.27, 3.332, 0, -19.0048757, 0.0456074486, 0, 1.27288305e+18, 0, 0, 0, 0
28.6916667, 0, 0, 9.10784232e+18, 0, 7.88726003e-19, 3.718e+18, 6.44e+20, 4.85, 4, 1002.32868, 12.322259, 0.0141296699, 103.008017, 0, 1.29968432e+18, 2.16385627e-38, 19.8347903, -999.999669, -1001.03398, 9.10784232e+18, 1.63073006e-30, -102.972617, -2.26484747, 323.381194, 12.4325792, 12.322259, 0.0148089961, 0.0141296699, 9.10784232e+18, 1.35641335e-54, 19.8347903, 0.974147395, 19.8347903, -19.8326225, 1.35640654e-54, -19.8326226, 0.240217914, -4.26848879e-57, 0.240217915, 0, 1.334947e-08, 1.334947e-08, 2293.86348, 2293.86348, 0, 0.27, 3.332, 0, -19.8326225, 0.240217914, 0, 1.30016966e+18, 0, 0, 0, 0
28.75, 0, 0, 9.44413063e+18, 0, 7.87769875e-19, 3.718e+18, 6.44e+20, 4.85, 4, 1002.32931, 12.2397042, 0.0136219263, 86.63261, 0, 1.32428124e+18, 1.40226507e-39, 20.4680422, -999.999717, -1000.98958, 9.44413063e+18, 1.057334e-31, -85.8613954, 7.50890305, 323.376689, 12.3281558, 12.2397042, 0.0141659373, 0.0136219263, 9.44413063e+18, 9.96570263e-56, 20.4680422, 0.973667205, 20.4680422, -20.4654732, 9.9656181e-56, -20.4654731, 0.31128085, -3.93066399e-58, 0.311280857, 0, 1.3349206e-08, 1.3349206e-08, 2006.21364, 2006.21364, 0, 0.27, 3.332, 0, -20.4654732, 0.31128085, 0, 1.3242966e+18, 0, 0, 0, 0
28.8166667, 0, 0, 9.68195779e+18, 0, 7.86754887e-19, 3.718e+18, 6.44e+20, 4.85, 4, 1002.32976, 12.1863583, 0.0132942534, 87.8795367, 0, 1.34121495e+18, 6.74507435e-40, 23.8393685, -999.999777, -1000.93781, 9.68195779e+18, 5.08597269e-32, -73.5894654, 41.1815569, 323.371896, 12.2543087, 12.1863583, 0.0137119617, 0.0132942534, 9.68195779e+18, 4.23060042e-56, 23.8393685, 0.964026574, 23.8393685, -23.7597156, 4.23058664e-56, -23.7597155, 1.64527895, -1.07725205e-58, 1.64527895, 0, 1.3348925e-08, 1.3348925e-08, 2076.58835, 2076.58835, 0, 0.27, 3.332, 0, -23.7597156, 1.64527895, 0, 1.34114465e+18, 0, 0, 0, 0
28.875, 0, 0, 9.89496437e+18, 0, 7.85866717e-19, 3.718e+18, 6.44e+20, 4.85, 4, 1002.3302, 12.1396807, 0.0130075396, 2359.83396, 0, 1.35808666e+18, 4.15890944e-41, 29.8305239, -999.999829, -1000.89256, 9.89496437e+18, 3.13707408e-33, -407.31042, 2314.98347, 323.367701, 12.1896924, 12.1396807, 0.013314733, 0.0130075396, 9.89496437e+18, 2.93914965e-57, 29.8305239, 0.959212837, 29.8305243, -29.7283359, 2.93913929e-57, -29.7283363, 2.37458488, -7.03354547e-60, 2.37458495, 0, 1.33486791e-08, 1.33486791e-08, 29778.166, 29778.166, 0, 0.27, 3.332, 0, -29.7283359, 2.37458488, 0, 1.35425947e+18, 0, 0, 0, 0
28.9416667, 0, 0, 9.97735004e+18, 0, 7.84926277e-19, 3.718e+18, 6.44e+20, 4.85, 4, 1002.33068, 12.1224201, 0.0129015835, 4986.33988, 0, 1.37543988e+18, 1.97930142e-41, 33.0786701, -999.999913, -1000.83497, 9.97735004e+18, 1.49303496e-33, -585.866072, 4947.57761, 323.36325, 12.1543892, 12.1224201, 0.0130979185, 0.0129015835, 9.97735004e+18, 1.23795345e-57, 33.0786701, 0.863807628, 33.0786728, -23.946317, 1.23762221e-57, -23.9463173, 16.8584483, -6.96245097e-60, 16.8584512, 0, 1.33484182e-08, 1.33484182e-08, 157319.137, 157319.137, 0, 0.27, 3.332, 0, -23.946317, 16.8584483, 0, 1.34885447e+18, 0, 0, 0, 0
29, 0, 0, 1.005e+19, 0, 7.84103518e-19, 3.718e+18, 6.44e+20, 4.85, 4, 1002.34381, 12.1073171, 0.0128088719, 9480.86587, 0, 2.04538528e+18, 4.45283977e-43, 34.2745028, -999.999992, -1000.41846, 1.005e+19, 3.35996283e-35, -563.034172, 9463.364, 323.359355, 12.1234989, 12.1073171, 0.0129082058, 0.0128088719, 1.005e+19, 7.1850064e-59, 34.2745028, 0.794651093, 34.2745084, -19.5854831, 7.07844825e-59, -19.5854836, 27.9964195, -1.13054544e-59, 27.996426, 0, 1.33481899e-08, 1.33481899e-08, 377348.723, 377348.723, 0, 0.27, 3.332, 0, -19.5854831, 27.9964195, 0, 8.87511501e+17, 0, 0, 0, 0
29.0666667, 0, 0, 1.005e+19, 0, 7.83229005e-19, 3.718e+18, 6.44e+20, 4.85, 4, 1002.34381, 12.1073171, 0.0128088719, 10760.807, 0, 2.04535462e+18, 1.0175246e-44, 22.9098322, -999.999997, -1000.36236, 1.005e+19, 7.67815499e-37, -350.268467, 10751.8002, 323.355207, 12.1148686, 12.1073171, 0.0128552277, 0.0128088719, 1.005e+19, 2.2147662e-59, 22.9098322, 0.668351642, 22.9098381, -10.8613022, 2.14014006e-59, -10.8613026, 19.222923, -5.67506662e-60, 19.2229295, 0, 1.33479467e-08, 1.33479467e-08, 303008.725, 303008.725, 0, 0.27, 3.332, 0, -10.8613022, 19.222923, 0, 8.87486617e+17, 0, 0, 0, 0
29.125, 0, 0, 1.005e+19, 0, 7.82463586e-19, 3.718e+18, 6.44e+20, 4.85, 4, 1002.34381, 12.1073171, 0.0128088719, 10749.9261, 0, 2.04532017e+18, 1.0175246e-44, 12.3893013, -999.999997, -1000.36236, 1.005e+19, 7.67815499e-37, -0.269413291, 10749.926, 323.351576, 12.1073171, 12.1073171, 0.0128088719, 0.0128088719, 1.005e+19, 1.15532954e-60, 12.3893013, 0.576211692, 12.3893079, -1.07646581, 1.01778084e-60, -1.07646581, 12.3344739, -2.7847846e-61, 12.3344805, 0, 1.33477338e-08, 1.33477338e-08, 147682.683, 147682.683, 0, 0.27, 3.332, 0, -1.07646581, 12.3344739, 0, 8.87466337e+17, 0, 0, 0, 0
29.1916667, 0, 0, 1.005e+19, 0, 7.81656076e-19, 3.718e+18, 6.44e+20, 4.85, 4, 1002.34381, 12.1073171, 0.0128088719, 10748.7289, 0, 2.04528037e+18, 2.48975317e-46, 9.49007211, -999.999998, -1000.30727, 1.005e+19, 1.87880476e-38, -0.134042639, 10748.7289, 323.347738, 12.1073171, 12.1073171, 0.0128088719, 0.0128088719, 1.005e+19, 1.49818487e-61, 9.49007211, 0.513058493, 9.49007873, -0.628604836, 2.32582934e-62, -0.628604835, 9.46651983, -1.30195798e-61, 9.46652645, 0, 1.33475089e-08, 1.33475089e-08, 126103.257, 126103.257, 0, 0.27, 3.332, 0, -0.628604836, 9.46651983, 0, 8.87448111e+17, 0, 0, 0, 0
29.25, 0, 0, 1.005e+19, 0, 7.80949398e-19, 3.718e+18, 6.44e+20, 4.85, 4, 1002.34381, 12.1073171, 0.0128088719, 10748.0683, 0, 2.04524851e+18, 2.48975317e-46, 7.48117917, -999.999998, -1000.30727, 1.005e+19, 1.87880476e-38, -0.117651551, 10748.0683, 323.344379, 12.1073171, 12.1073171, 0.0128088719, 0.0128088719, 1.005e+19, 2.66837047e-62, 7.48117917, 0.469156287, 7.48118581, -0.611528235, 2.32582934e-62, -0.611528234, 7.45559846, -7.06101564e-63, 7.45560511, 0, 1.3347312e-08, 1.3347312e-08, 89004.08, 89004.08, 0, 0.27, 3.332, 0, -0.611528235, 7.45559846, 0, 8.8742935e+17, 0, 0, 0, 0
29.3166667, 0, 0, 1.005e+19, 0, 7.80206524e-19, 3.718e+18, 6.44e+20, 4.85, 4, 1002.34381, 12.1073171, 0.0128088719, 10747.5158, 0, 2.0452115e+18, 6.33295518e-48, 6.00156173, -999.999998, -1000.25276, 1.005e+19, 4.77907774e-40, -0.0814629586, 10747.5158, 323.340842, 12.1073171, 12.1073171, 0.0128088719, 0.0128088719, 1.005e+19, 3.6671977e-63, 6.00156173, 0.429530476, 6.00156837, -0.493979598, 5.69079824e-64, -0.493979597, 5.98048794, -3.19303797e-63, 5.9804946, 0, 1.33471047e-08, 1.33471047e-08, 78021.2507, 78021.2507, 0, 0.27, 3.332, 0, -0.493979598, 5.98048794, 0, 8.87412689e+17, 0, 0, 0, 0
29.375, 0, 0, 1.005e+19, 0, 7.79556434e-19, 3.718e+18, 6.44e+20, 4.85, 4, 1002.34381, 12.1073171, 0.0128088719, 10747.1207, 0, 2.04518213e+18, 6.33295518e-48, 4.97999332, -999.999998, -1000.25276, 1.005e+19, 4.77907774e-40, -0.0744341342, 10747.1207, 323.337747, 12.1073171, 12.1073171, 0.0128088719, 0.0128088719, 1.005e+19, 6.57143334e-64, 4.97999332, 0.402068454, 4.97999996, -0.477431512, 5.69079824e-64, -0.477431512, 4.95703973, -1.82983605e-64, 4.9570464, 0, 1.33469232e-08, 1.33469232e-08, 59142.7632, 59142.7632, 0, 0.27, 3.332, 0, -0.477431512, 4.95703973, 0, 8.87395399e+17, 0, 0, 0, 0
29.4416667, 0, 0, 1.005e+19, 0, 7.78876006e-19, 3.718e+18, 6.44e+20, 4.85, 4, 1002.34381, 12.1073171, 0.0128088719, 10746.7757, 0, 2.04514806e+18, 1.64908183e-49, 4.08893793, -999.999999, -1000.19859, 1.005e+19, 1.24448667e-41, -0.0566790012, 10746.7757, 323.334501, 12.1073171, 12.1073171, 0.0128088719, 0.0128088719, 1.005e+19, 9.33001136e-65, 4.08893793, 0.375246056, 4.08894457, -0.417049496, 1.44746477e-65, -0.417049496, 4.06744462, -8.1333364e-65, 4.06745129, 0, 1.3346733e-08, 1.3346733e-08, 52533.3352, 52533.3352, 0, 0.27, 3.332, 0, -0.417049496, 4.06744462, 0, 8.87380165e+17, 0, 0, 0, 0
29.5, 0, 0, 1.005e+19, 0, 7.78280572e-19, 3.718e+18, 6.44e+20, 4.85, 4, 1002.34381, 12.1073171, 0.0128088719, 10746.5007, 0, 2.04512112e+18, 1.64908183e-49, 3.47471785, -999.999999, -1000.19859, 1.005e+19, 1.24448667e-41, -0.0527107562, 10746.5007, 323.331661, 12.1073171, 12.1073171, 0.0128088719, 0.0128088719, 1.005e+19, 1.67831752e-65, 3.47471785, 0.356663853, 3.47472447, -0.400967336, 1.44746477e-65, -0.400967336, 3.45145564, -4.81642561e-66, 3.45146232, 0, 1.33465665e-08, 1.33465665e-08, 41171.8739, 41171.8739, 0, 0.27, 3.332, 0, -0.400967336, 3.45145564, 0, 8.87364302e+17, 0, 0, 0, 0
29.5666667, 0, 0, 1.005e+19, 0, 7.77660688e-19, 3.718e+18, 6.44e+20, 4.85, 4, 1002.34381, 12.1073171, 0.0128088719, 10746.2634, 0, 2.04508997e+18, 4.36005014e-51, 2.89934502, -999.999999, -1000.14465, 1.005e+19, 3.29013301e-43, -0.0420489707, 10746.2634, 323.3287, 12.1073171, 12.1073171, 0.0128088719, 0.0128088719, 1.005e+19, 2.42985569e-66, 2.89934502, 0.337765807, 2.89935165, -0.361349843, 3.76903287e-67, -0.361349843, 2.8767273, -2.11984882e-66, 2.87673397, 0, 1.3346393e-08, 1.3346393e-08, 36905.0785, 36905.0785, 0, 0.27, 3.332, 0, -0.361349843, 2.8767273, 0, 8.8735043e+17, 0, 0, 0, 0
29.625, 0, 0, 1.005e+19, 0, 7.77118243e-19, 3.718e+18, 6.44e+20, 4.85, 4, 1002.34381, 12.1073171, 0.0128088719, 10746.0583, 0, 2.04506538e+18, 4.36004988e-51, 2.50322028, -999.999999, -1000.14465, 1.005e+19, 3.29013301e-43, -0.0394994656, 10746.0583, 323.326109, 12.1073171, 12.1073171, 0.0128088719, 0.0128088719, 1.005e+19, 4.38204189e-67, 2.50322028, 0.32467198, 2.50322689, -0.345675589, 3.76903287e-67, -0.345675589, 2.47902552, -1.28197321e-67, 2.47903219, 0, 1.33462411e-08, 1.33462411e-08, 29570.2227, 29570.2227, 0, 0.27, 3.332, 0, -0.345675589, 2.47902552, 0, 8.87335957e+17, 0, 0, 0, 0
29.6916667, 0, 0, 1.005e+19, 0, 7.76557209e-19, 3.718e+18, 6.44e+20, 4.85, 4, 1002.34381, 12.1073171, 0.0128088719, 10745.8864, 0, 2.0450371e+18, 1.16819861e-52, 2.11715806, -999.999999, -1000.09089, 1.005e+19, 8.78802672e-45, -0.0324259824, 10745.8864, 323.323425, 12.1073171, 12.1073171, 0.0128088719, 0.0128088719, 1.005e+19, 6.42449684e-68, 2.11715806, 0.310967816, 2.11716466, -0.316330194, 9.96398477e-69, -0.316330194, 2.09337569, -5.60787004e-68, 2.09338237, 0, 1.33460838e-08, 1.33460838e-08, 26708.248, 26708.248, 0, 0.27, 3.332, 0, -0.316330194, 2.09337569, 0, 8.87323399e+17, 0, 0, 0, 0
29.75, 0, 0, 1.005e+19, 0, 7.76066265e-19, 3.718e+18, 6.44e+20, 4.85, 4, 1002.34381, 12.1073171, 0.0128088719, 10745.7271, 0, 2.04501482e+18, 1.1681963e-52, 1.8516248, -999.999999, -1000.09089, 1.005e+19, 8.78802672e-45, -0.030652598, 10745.7271, 323.321077, 12.1073171, 12.1073171, 0.0128088719, 0.0128088719, 1.005e+19, 1.16067728e-68, 1.8516248, 0.301469751, 1.85163138, -0.301012416, 9.96398469e-69, -0.301012415, 1.82659401, -3.4405048e-69, 1.82660069, 0, 1.33459461e-08, 1.33459461e-08, 21788.1899, 21788.1899, 0, 0.27, 3.332, 0, -0.301012416, 1.82659401, 0, 8.87310282e+17, 0, 0, 0, 0
29.8166667, 0, 0, 1.005e+19, 0, 7.75562629e-19, 3.718e+18, 6.44e+20, 4.85, 4, 1002.34381, 12.1073171, 0.0128088719, 10745.5982, 0, 2.04498939e+18, 3.49702137e-54, 1.58595369, -999.999999, -1000.03844, 1.005e+19, 2.35738105e-46, -0.0256501957, 10745.5982, 323.318665, 12.1073171, 12.1073171, 0.0128088719, 0.0128088719, 1.005e+19, 1.71654607e-69, 1.58595369, 0.291282702, 1.58596026, -0.277554205, 2.66155476e-70, -0.277554204, 1.56136869, -1.49918377e-69, 1.56137536, 0, 1.33458047e-08, 1.33458047e-08, 19820.3357, 19820.3357, 0, 0.27, 3.332, 0, -0.277554205, 1.56136869, 0, 8.87299004e+17, 0, 0, 0, 0
29.875, 0, 0, 1.005e+19, 0, 7.75121914e-19, 3.718e+18, 6.44e+20, 4.85, 4, 1002.34381, 12.1073171, 0.0128088719, 10745.4714, 0, 2.04496937e+18, 3.49681388e-54, 1.40326642, -999.999999, -1000.03844, 1.005e+19, 2.35738105e-46, -0.0243445272, 10745.4714, 323.316554, 12.1073171, 12.1073171, 0.0128088719, 0.0128088719, 1.005e+19, 3.10776157e-70, 1.40326642, 0.284219237, 1.40327297, -0.262544434, 2.66155391e-70, -0.262544433, 1.37792251, -9.34138656e-71, 1.37792919, 0, 1.3345681e-08, 1.3345681e-08, 16437.289, 16437.289, 0, 0.27, 3.332, 0, -0.262544434, 1.37792251, 0, 8.87287213e+17, 0, 0, 0, 0
29.9416667, 0, 0, 1.005e+19, 0, 7.746744e-19, 3.718e+18, 6.44e+20, 4.85, 4, 1002.34381, 12.1073171, 0.0128088719, 10745.3724, 0, 2.04494673e+18, 4.47198132e-55, 1.21663529, -999.999999, -1000.00516, 1.005e+19, 5.62974651e-48, -0.02061384, 10745.3724, 323.314408, 12.1073171, 12.1073171, 0.0128088719, 0.0128088719, 1.005e+19, 4.6519124e-71, 1.21663529, 0.276467796, 1.21664184, -0.242728289, 7.16530219e-72, -0.242728289, 1.19192883, -4.0889913e-71, 1.19193552, 0, 1.33455553e-08, 1.33455553e-08, 15057.5302, 15057.5302, 0, 0.27, 3.332, 0, -0.242728289, 1.19192883, 0, 8.87277187e+17, 0, 0, 0, 0
30, 0, 0, 1.005e+19, 0, 7.74282799e-19, 3.718e+18, 6.44e+20, 4.85, 4, 1002.34381, 12.1073171, 0.0128088719, 10745.2696, 0, 2.04492892e+18, 4.4701398e-55, 1.08813105, -999.999999, -1000.00516, 1.005e+19, 5.62974651e-48, -0.0195999006, 10745.2696, 323.312531, 12.1073171, 12.1073171, 0.0128088719, 0.0128088719, 1.005e+19, 8.69571385e-72, 1.08813105, 0.271090318, 1.08813756, -0.227983006, 7.16521884e-72, -0.227983005, 1.06330018, -3.0665027e-72, 1.06330687, 0, 1.33454452e-08, 1.33454452e-08, 12685.4715, 12685.4715, 0, 0.27, 3.332, 0, -0.227983006, 1.06330018, 0, 8.87266699e+17, 0, 0, 0, 0
30.0666667, 0, 0, 1.005e+19, 0, 7.73890337e-19, 3.718e+18, 6.44e+20, 4.85, 4, 1002.34382, 12.1073171, 0.0128088719, 10745.1923, 0, 2.04490904e+18, 3.63973042e-55, 0.954900141, -1000, -1000.00133, 1.005e+19, -5.916044e-49, -0.0166825328, 10745.1923, 323.310647, 12.1073171, 12.1073171, 0.0128088719, 0.0128088719, 1.005e+19, 1.69492803e-72, 0.954900141, 0.265054583, 0.954906649, -0.210516055, 1.9672538e-73, -0.210516055, 0.931001142, -1.63925325e-72, 0.931007826, 0, 1.33453348e-08, 1.33453348e-08, 11704.1406, 11704.1406, 0, 0.27, 3.332, 0, -0.210516055, 0.931001142, 0, 8.872579e+17, 0, 0, 0, 0
30.125, 0, 0, 1.005e+19, 0, 7.7354691e-19, 3.718e+18, 6.44e+20, 4.85, 4, 1002.34382, 12.1073171, 0.0128088719, 10745.1086, 0, 2.0448934e+18, 3.63811711e-55, 0.862798945, -1000, -1000.00133, 1.005e+19, -5.916044e-49, -0.0158589645, 10745.1086, 323.308999, 12.1073171, 12.1073171, 0.0128088719, 0.0128088719, 1.005e+19, 6.70915818e-73, 0.862798945, 0.260864885, 0.862805429, -0.195998359, 1.96643785e-73, -0.195998359, 0.839513061, -6.15240687e-73, 0.839519746, 0, 1.33452382e-08, 1.33452382e-08, 10017.0322, 10017.0322, 0, 0.27, 3.332, 0, -0.195998359, 0.839513061, 0, 8.87248693e+17, 0, 0, 0, 0
30.1916667, 0, 0, 1.005e+19, 0, 7.7320855e-19, 3.718e+18, 6.44e+20, 4.85, 4, 1002.34382, 12.1073171, 0.0128088719, 10745.0477, 0, 2.04487624e+18, 3.61101817e-55, 0.76639261, -1000, -1000.00121, 1.005e+19, -7.59060341e-49, -0.0134700993, 10745.0477, 323.307374, 12.1073171, 12.1073171, 0.0128088719, 0.0128088719, 1.005e+19, 5.75880724e-73, 0.76639261, 0.256052922, 0.76639909, -0.180090428, 7.75013843e-75, -0.180090428, 0.744375356, -5.75786827e-73, 0.744382042, 0, 1.33451429e-08, 1.33451429e-08, 9311.42469, 9311.42469, 0, 0.27, 3.332, 0, -0.180090428, 0.744375356, 0, 8.87241103e+17, 0, 0, 0, 0
30.25, 0, 0, 1.005e+19, 0, 7.72912467e-19, 3.718e+18, 6.44e+20, 4.85, 4, 1002.34382, 12.1073171, 0.0128088719, 10744.9797, 0, 2.04486274e+18, 3.60962853e-55, 0.699232736, -1000, -1000.00121, 1.005e+19, -7.59060341e-49, -0.0127702271, 10744.9797, 323.305951, 12.1073171, 12.1073171, 0.0128088719, 0.0128088719, 1.005e+19, 5.47514464e-73, 0.699232736, 0.252710613, 0.699239201, -0.165766888, 7.67004329e-75, -0.165766888, 0.678590961, -5.47420665e-73, 0.678597648, 0, 1.33450595e-08, 1.33450595e-08, 8098.33225, 8098.33225, 0, 0.27, 3.332, 0, -0.165766888, 0.678590961, 0, 8.87233158e+17, 0, 0, 0, 0
30.3166667, 0, 0, 1.005e+19, 0, 7.72627434e-19, 3.718e+18, 6.44e+20, 4.85, 4, 1002.34382, 12.1073171, 0.0128088719, 10744.9318, 0, 2.04484827e+18, 3.60515838e-55, 0.62902473, -1000, -1000.00121, 1.005e+19, -7.62586373e-49, -0.010732261, 10744.9318, 323.304581, 12.1073171, 12.1073171, 0.0128088719, 0.0128088719, 1.005e+19, 5.4599134e-73, 0.62902473, 0.248777758, 0.629031197, -0.150908242, 2.1968211e-75, -0.150908242, 0.609968052, -5.45985505e-73, 0.609974738, 0, 1.33449792e-08, 1.33449792e-08, 7589.40889, 7589.40889, 0, 0.27, 3.332, 0, -0.150908242, 0.609968052, 0, 8.87226761e+17, 0, 0, 0, 0
30.375, 0, 0, 1.005e+19, 0, 7.72378015e-19, 3.718e+18, 6.44e+20, 4.85, 4, 1002.34382, 12.1073171, 0.0128088719, 10744.8771, 0, 2.0448369e+18, 3.60398865e-55, 0.579507937, -1000, -1000.00121, 1.005e+19, -7.62586373e-49, -0.0101159851, 10744.8771, 323.303382, 12.1073171, 12.1073171, 0.0128088719, 0.0128088719, 1.005e+19, 5.44863472e-73, 0.579507937, 0.246044402, 0.579514404, -0.13674544, 2.11797167e-75, -0.13674544, 0.562519736, -5.4485776e-73, 0.562526423, 0, 1.33449089e-08, 1.33449089e-08, 6714.45397, 6714.45397, 0, 0.27, 3.332, 0, -0.13674544, 0.562519736, 0, 8.87220064e+17, 0, 0, 0, 0
30.4416667, 0, 0, 1.005e+19, 0, 7.72145655e-19, 3.718e+18, 6.44e+20, 4.85, 4, 1002.34382, 12.1073171, 0.0128088719, 10744.8399, 0, 2.04482509e+18, 3.6008318e-55, 0.528473203, -1000, -1000.00121, 1.005e+19, -7.61825349e-49, -0.00831010258, 10744.8399, 323.302264, 12.1073171, 12.1073171, 0.0128088719, 0.0128088719, 1.005e+19, 5.44532111e-73, 0.528473203, 0.242742293, 0.528479678, -0.122600469, 1.65452908e-75, -0.122600469, 0.513284659, -5.44528912e-73, 0.513291347, 0, 1.33448434e-08, 1.33448434e-08, 6349.344, 6349.344, 0, 0.27, 3.332, 0, -0.122600469, 0.513284659, 0, 8.87214846e+17, 0, 0, 0, 0
30.5, 0, 0, 1.005e+19, 0, 7.71942329e-19, 3.718e+18, 6.44e+20, 4.85, 4, 1002.34382, 12.1073171, 0.0128088719, 10744.7973, 0, 2.04481581e+18, 3.59987884e-55, 0.491862945, -1000, -1000.00121, 1.005e+19, -7.61825349e-49, -0.00774847217, 10744.7973, 323.301286, 12.1073171, 12.1073171, 0.0128088719, 0.0128088719, 1.005e+19, 5.44214038e-73, 0.491862945, 0.240446077, 0.491869439, -0.10856724, 1.57668787e-75, -0.10856724, 0.479243974, -5.4421094e-73, 0.479250662, 0, 1.33447861e-08, 1.33447861e-08, 5721.63504, 5721.63504, 0, 0.27, 3.332, 0, -0.10856724, 0.479243974, 0, 8.87209383e+17, 0, 0, 0, 0
30.5666667, 0, 0, 1.005e+19, 0, 7.7176214e-19, 3.718e+18, 6.44e+20, 4.85, 4, 1002.34382, 12.1073171, 0.0128088719, 10744.7692, 0, 2.04480665e+18, 3.59744451e-55, 0.45557133, -1000, -1000.00121, 1.005e+19, -7.61142096e-49, -0.00609735008, 10744.7692, 323.300419, 12.1073171, 12.1073171, 0.0128088719, 0.0128088719, 1.005e+19, 5.43978765e-73, 0.45557133, 0.23758996, 0.455577838, -0.094906243, 1.25330798e-75, -0.094906243, 0.444783757, -5.43976964e-73, 0.444790445, 0, 1.33447353e-08, 1.33447353e-08, 5466.09427, 5466.09427, 0, 0.27, 3.332, 0, -0.094906243, 0.444783757, 0, 8.87205336e+17, 0, 0, 0, 0
30.625, 0, 0, 1.005e+19, 0, 7.71604466e-19, 3.718e+18, 6.44e+20, 4.85, 4, 1002.34382, 12.1073171, 0.0128088719, 10744.7376, 0, 2.04479945e+18, 3.59670589e-55, 0.428993746, -1000, -1000.00121, 1.005e+19, -7.61142096e-49, -0.00557279997, 10744.7376, 323.29966, 12.1073171, 12.1073171, 0.0128088719, 0.0128088719, 1.005e+19, 5.437473e-73, 0.428993746, 0.235603127, 0.429000292, -0.0809756993, 1.17626433e-75, -0.0809756992, 0.420958358, -5.43745575e-73, 0.420965047, 0, 1.33446908e-08, 1.33446908e-08, 5026.75863, 5026.75863, 0, 0.27, 3.332, 0, -0.0809756993, 0.420958358, 0, 8.87201097e+17, 0, 0, 0, 0
30.6916667, 0, 0, 1.005e+19, 0, 7.71476034e-19, 3.718e+18, 6.44e+20, 4.85, 4, 1002.34382, 12.1073171, 0.0128088719, 10744.7178, 0, 2.04479292e+18, 3.59497169e-55, 0.404605916, -1000, -1000.00121, 1.005e+19, -7.60653509e-49, -0.00401999062, 10744.7178, 323.299041, 12.1073171, 12.1073171, 0.0128088719, 0.0128088719, 1.005e+19, 5.43579712e-73, 0.404605916, 0.233050003, 0.404612479, -0.067635793, 8.58969389e-76, -0.067635793, 0.398180558, -5.43578894e-73, 0.398187247, 0, 1.33446546e-08, 1.33446546e-08, 4857.86171, 4857.86171, 0, 0.27, 3.332, 0, -0.067635793, 0.398180558, 0, 8.87198211e+17, 0, 0, 0, 0
30.75, 0, 0, 1.005e+19, 0, 7.71363651e-19, 3.718e+18, 6.44e+20, 4.85, 4, 1002.34382, 12.1073171, 0.0128088719, 10744.6965, 0, 2.04478779e+18, 3.59444544e-55, 0.386358412, -1000, -1000.00121, 1.005e+19, -7.60653509e-49, -0.00351797287, 10744.6965, 323.2985, 12.1073171, 12.1073171, 0.0128088719, 0.0128088719, 1.005e+19, 5.43414893e-73, 0.386358412, 0.231273705, 0.386365023, -0.0537824524, 7.82522875e-76, -0.0537824524, 0.382433312, -5.43414129e-73, 0.38244, 0, 1.33446228e-08, 1.33446228e-08, 4567.4875, 4567.4875, 0, 0.27, 3.332, 0, -0.0537824524, 0.382433312, 0, 8.87195189e+17, 0, 0, 0, 0
30.8166667, 0, 0, 1.005e+19, 0, 7.71286704e-19, 3.718e+18, 6.44e+20, 4.85, 4, 1002.34382, 12.1073171, 0.0128088719, 10744.6843, 0, 2.04478387e+18, 3.59340667e-55, 0.372285325, -1000, -1000.00121, 1.005e+19, -7.60361051e-49, -0.00202349309, 10744.6843, 323.29813, 12.1073171, 12.1073171, 0.0128088719, 0.0128088719, 1.005e+19, 5.43314331e-73, 0.372285325, 0.228907436, 0.37229195, -0.0406370646, 4.66858222e-76, -0.0406370646, 0.369475102, -5.43314108e-73, 0.369481791, 0, 1.33446011e-08, 1.33446011e-08, 4471.39899, 4471.39899, 0, 0.27, 3.332, 0, -0.0406370646, 0.369475102, 0, 8.8719346e+17, 0, 0, 0, 0
30.875, 0, 0, 1.005e+19, 0, 7.71219372e-19, 3.718e+18, 6.44e+20, 4.85, 4, 1002.34382, 12.1073171, 0.0128088719, 10744.6729, 0, 2.04478079e+18, 3.59309146e-55, 0.361557624, -1000, -1000.00121, 1.005e+19, -7.60361051e-49, -0.00153460945, 10744.6729, 323.297806, 12.1073171, 12.1073171, 0.0128088719, 0.0128088719, 1.005e+19, 5.43215505e-73, 0.361557624, 0.227261463, 0.36156429, -0.026833807, 3.90801165e-76, -0.026833807, 0.360516142, -5.43215314e-73, 0.360522832, 0, 1.33445821e-08, 1.33445821e-08, 4306.19933, 4306.19933, 0, 0.27, 3.332, 0, -0.026833807, 0.360516142, 0, 8.87191648e+17, 0, 0, 0, 0
30.9416667, 0, 0, 1.005e+19, 0, 7.71193736e-19, 3.718e+18, 6.44e+20, 4.85, 4, 1002.34382, 12.1073171, 0.0128088719, 12015.455, 0, 2.04477949e+18, 3.59274542e-55, 0.357039084, -1000, -1000.00121, 1.005e+19, -7.60263653e-49, -0.000797278416, 12015.455, 323.297682, 12.1073171, 12.1073171, 0.0128088719, 0.0128088719, 1.005e+19, 5.43182008e-73, 0.357039084, 0.224986001, 0.357045755, -0.0202972892, 2.33265671e-76, -0.0202972892, 0.356295748, -5.43181953e-73, 0.356302437, 0, 1.33445749e-08, 1.33445749e-08, 4274.91037, 4274.91037, 0, 0.27, 3.332, 0, -0.0202972892, 0.356295748, 0, 8.87191072e+17, 0, 0, 0, 0
31, 0, 0, 1.005e+19, 0, 7.71171303e-19, 3.718e+18, 6.44e+20, 4.85, 4, 1002.34382, 12.1073171, 0.0128088719, 12015.4518, 0, 2.04477846e+18, 3.59264041e-55, 0.353644052, -1000, -1000.00121, 1.005e+19, -7.60263653e-49, -0.000554628464, 12015.4518, 323.297574, 12.1073171, 12.1073171, 0.0128088719, 0.0128088719, 1.005e+19, 5.43149068e-73, 0.353644052, 0.22418674, 0.353650736, -0.0134054235, 1.95312127e-76, -0.0134054235, 0.353378485, -5.4314902e-73, 0.353385175, 0, 1.33445685e-08, 1.33445685e-08, 4221.11734, 4221.11734, 0, 0.27, 3.332, 0, -0.0134054235, 0.353378485, 0, 8.87190469e+17, 0, 0, 0, 0
