"depth", "composition x", "composition y", "donor conc", "acceptor conc", "ni", "nc", "nv", "eg", "electron affinity", "potential", "e- mobility", "h+ mobility", "electric field", "impact gen rate", "electron conc", "hole conc", "cond. current density", "electron qfl", "hole qfl", "net doping", "recombination rate", "e field x", "e field y", "lattice temperature", "e- mobility x", "e- mobility y", "h+ mobility x", "h+ mobility y", "total doping", "h+ current density", "e- current density", "current flowlines", "total current density", "je- x", "jh+ x", "jtot x", "je- y", "jh+ y", "jtot y", "seu generation rate", "e- srh tno", "h+ srh tno", "joule heat power", "total heat power", "rec heat power", "heat conductivity", "heat capacity", "peltier-thomson heat power", "cond current x", "cond current y", "ionized acceptor concentration", "ionized donor concentration", "e- ionization coefficient", "h+ ionization coefficient", "acceptor trap dos #1", "acceptor trap ionized density #1"
-0.42, 0, 0, 0, 0, 0, 0, 0, 0, 0, 177.319733, 0, 0, 1036754.59, 0, 0, 0, 0, 0, 0, 0, 0, -1036745.39, 4368.59327, 376.627814, 0, 0, 0, 0, 0, 0, 0, 0.949043897, 0.000180600727, 0, 0, 0.000180587892, 0, 0, -2.1494602e-06, 0, 0, 0, 0, 0, 0, 0.014, 3.066, 0, 0, 0, 0, 0, 0, 0, 0, 0
-0.405714286, 0, 0, 0, 0, 0, 0, 0, 0, 0, 177.313538, 0, 0, 1036331.64, 0, 0, 0, 0, 0, 0, 0, 0, -1036314.74, 5607.10416, 376.628216, 0, 0, 0, 0, 0, 0, 0, 0.950427202, 0.000180669293, 0, 0, 0.000180647248, 0, 0, -2.71799036e-06, 0, 0, 0, 0, 0, 0, 0.014, 3.066, 0, 0, 0, 0, 0, 0, 0, 0, 0
-0.37, 0, 0, 0, 0, 0, 0, 0, 0, 0, 177.297753, 0, 0, 1035256.54, 0, 0, 0, 0, 0, 0, 0, 0, -1035219.44, 8763.4135, 376.629222, 0, 0, 0, 0, 0, 0, 0, 0.954101414, 0.000180844224, 0, 0, 0.000180792901, 0, 0, -4.30080014e-06, 0, 0, 0, 0, 0, 0, 0.014, 3.066, 0, 0, 0, 0, 0, 0, 0, 0, 0
-0.355714286, 0, 0, 0, 0, 0, 0, 0, 0, 0, 177.279175, 0, 0, 1035350.81, 0, 0, 0, 0, 0, 0, 0, 0, -1035282.91, 11238.5554, 376.630427, 0, 0, 0, 0, 0, 0, 0, 0.955238947, 0.000181059318, 0, 0, 0.000180971264, 0, 0, -5.43909166e-06, 0, 0, 0, 0, 0, 0, 0.014, 3.066, 0, 0, 0, 0, 0, 0, 0, 0, 0
-0.32, 0, 0, 0, 0, 0, 0, 0, 0, 0, 177.23183, 0, 0, 1035599.92, 0, 0, 0, 0, 0, 0, 0, 0, -1035451.23, 17547.3096, 376.633444, 0, 0, 0, 0, 0, 0, 0, 0.958207633, 0.000181613833, 0, 0, 0.000181408964, 0, 0, -8.60913558e-06, 0, 0, 0, 0, 0, 0, 0.014, 3.066, 0, 0, 0, 0, 0, 0, 0, 0, 0
-0.305714286, 0, 0, 0, 0, 0, 0, 0, 0, 0, 177.200889, 0, 0, 1035757.67, 0, 0, 0, 0, 0, 0, 0, 0, -1035557.76, 20017.3179, 376.635453, 0, 0, 0, 0, 0, 0, 0, 0.959456281, 0.000181972961, 0, 0, 0.000181707251, 0, 0, -9.75064301e-06, 0, 0, 0, 0, 0, 0, 0.014, 3.066, 0, 0, 0, 0, 0, 0, 0, 0, 0
-0.27, 0, 0, 0, 0, 0, 0, 0, 0, 0, 177.122023, 0, 0, 1036175.36, 0, 0, 0, 0, 0, 0, 0, 0, -1035841.09, 26315.5054, 376.640479, 0, 0, 0, 0, 0, 0, 0, 0.962649124, 0.000182898759, 0, 0, 0.000182439383, 0, 0, -1.29325684e-05, 0, 0, 0, 0, 0, 0, 0.014, 3.066, 0, 0, 0, 0, 0, 0, 0, 0, 0
-0.255714286, 0, 0, 0, 0, 0, 0, 0, 0, 0, 177.07875, 0, 0, 1036396.88, 0, 0, 0, 0, 0, 0, 0, 0, -1035991.26, 28777.2828, 376.643289, 0, 0, 0, 0, 0, 0, 0, 0.964041062, 0.000183403018, 0, 0, 0.000182859265, 0, 0, -1.40786598e-05, 0, 0, 0, 0, 0, 0, 0.014, 3.066, 0, 0, 0, 0, 0, 0, 0, 0, 0
-0.22, 0, 0, 0, 0, 0, 0, 0, 0, 0, 176.96843, 0, 0, 1036986.27, 0, 0, 0, 0, 0, 0, 0, 0, -1036393.38, 35058.413, 376.65032, 0, 0, 0, 0, 0, 0, 0, 0.967498374, 0.000184703198, 0, 0, 0.000183890435, 0, 0, -1.72784918e-05, 0, 0, 0, 0, 0, 0, 0.014, 3.066, 0, 0, 0, 0, 0, 0, 0, 0, 0
-0.205714286, 0, 0, 0, 0, 0, 0, 0, 0, 0, 176.912878, 0, 0, 1037126.88, 0, 0, 0, 0, 0, 0, 0, 0, -1036434.09, 37718.1267, 376.653929, 0, 0, 0, 0, 0, 0, 0, 0.969026942, 0.000183335316, 0, 0, 0.000182389083, 0, 0, -1.85624235e-05, 0, 0, 0, 0, 0, 0, 0.014, 3.066, 0, 0, 0, 0, 0, 0, 0, 0, 0
-0.17, 0, 0, 0, 0, 0, 0, 0, 0, 0, 176.771208, 0, 0, 1037529.73, 0, 0, 0, 0, 0, 0, 0, 0, -1036573.95, 44520.0008, 376.662962, 0, 0, 0, 0, 0, 0, 0, 0.9727384, 0.000180113954, 0, 0, 0.000178741635, 0, 0, -2.2153127e-05, 0, 0, 0, 0, 0, 0, 0.014, 3.066, 0, 0, 0, 0, 0, 0, 0, 0, 0
-0.141428624, 0, 0, 0, 0, 0, 0, 0, 0, 0, 176.632644, 0, 0, 1038686.62, 0, 0, 0, 0, 0, 0, 0, 0, -1037508.55, 49311.8601, 376.671733, 0, 0, 0, 0, 0, 0, 0, 0.975282858, 0.000192102556, 0, 0, 0.000190659721, 0, 0, -2.34851355e-05, 0, 0, 0, 0, 0, 0, 0.014, 3.066, 0, 0, 0, 0, 0, 0, 0, 0, 0
-0.12, 0, 0, 0, 0, 0, 0, 0, 0, 0, 176.530247, 0, 0, 1039663.11, 0, 0, 0, 0, 0, 0, 0, 0, -1038298.64, 53242.923, 376.6783, 0, 0, 0, 0, 0, 0, 0, 0.977444098, 0.000195573907, 0, 0, 0.000193926712, 0, 0, -2.52136962e-05, 0, 0, 0, 0, 0, 0, 0.014, 3.066, 0, 0, 0, 0, 0, 0, 0, 0, 0
-0.0771427527, 0, 0, 0, 0, 0, 0, 0, 0, 0, 176.286374, 0, 0, 1040972.88, 0, 0, 0, 0, 0, 0, 0, 0, -1039219.1, 60319.4174, 376.693895, 0, 0, 0, 0, 0, 0, 0, 0.979695113, 0.00019697508, 0, 0, 0.000194771628, 0, 0, -2.92765678e-05, 0, 0, 0, 0, 0, 0, 0.014, 3.066, 0, 0, 0, 0, 0, 0, 0, 0, 0
-0.07, 0, 0, 0, 0, 0, 0, 0, 0, 0, 176.246136, 0, 0, 1041234.19, 0, 0, 0, 0, 0, 0, 0, 0, -1039407.32, 61652.6962, 376.696494, 0, 0, 0, 0, 0, 0, 0, 0.98014934, 0.000195818875, 0, 0, 0.000193489804, 0, 0, -3.01119186e-05, 0, 0, 0, 0, 0, 0, 0.014, 3.066, 0, 0, 0, 0, 0, 0, 0, 0, 0
-0.0557145992, 0, 0, 0, 0, 0, 0, 0, 0, 0, 176.153114, 0, 0, 1041439.61, 0, 0, 0, 0, 0, 0, 0, 0, -1039556.53, 62580.854, 376.702494, 0, 0, 0, 0, 0, 0, 0, 0.980423625, 0.000223822926, 0, 0, 0.000221639974, 0, 0, -3.08304816e-05, 0, 0, 0, 0, 0, 0, 0.014, 3.066, 0, 0, 0, 0, 0, 0, 0, 0, 0
-0.02, 0, 0, 0, 0, 0, 0, 0, 0, 0, 175.920194, 0, 0, 1042354.38, 0, 0, 0, 0, 0, 0, 0, 0, -1040314.87, 65173.72, 376.717494, 0, 0, 0, 0, 0, 0, 0, 0.981386533, 0.000291885875, 0, 0, 0.000290014197, 0, 0, -3.29995858e-05, 0, 0, 0, 0, 0, 0, 0.014, 3.066, 0, 0, 0, 0, 0, 0, 0, 0, 0
-0.02, 0, 0, 0, 0, 0, 0, 0, 0, 0, 175.920194, 0, 0, 1040697.8, 0, 0, 0, 0, 0, 0, 0, 0, -1040637.17, 11233.276, 376.717494, 0, 0, 0, 0, 0, 0, 0, 0.981386533, 0.000291885875, 0, 0, 0.000290014197, 0, 0, -3.29995858e-05, 0, 0, 0, 0, 0, 0, 0.023, 0, 0, 0, 0, 0, 0, 0, 0, 0, 0
-0.0185714599, 0, 0, 0, 0, 0, 0, 0, 0, 0, 175.918591, 0, 0, 1040649.37, 0, 0, 0, 0, 0, 0, 0, 0, -1040587.4, 11355.3765, 376.717884, 0, 0, 0, 0, 0, 0, 0, 0.981763995, 0.000564998382, 0, 0, 0.000563482247, 0, 0, -3.44366224e-05, 0, 0, 0, 0, 0, 0, 0.023, 0, 0, 0, 0, 0, 0, 0, 0, 0, 0
-0.015, 0, 0, 0, 0, 0, 0, 0, 0, 0, 175.914572, 0, 0, 1040527.1, 0, 0, 0, 0, 0, 0, 0, 0, -1040461.75, 11661.9518, 376.718861, 0, 0, 0, 0, 0, 0, 0, 0.982527516, 0.00124614133, 0, 0, 0.00124556466, 0, 0, -3.79054635e-05, 0, 0, 0, 0, 0, 0, 0.023, 0, 0, 0, 0, 0, 0, 0, 0, 0, 0
-0.0135714599, 0, 0, 0, 0, 0, 0, 0, 0, 0, 175.91285, 0, 0, 1040536.87, 0, 0, 0, 0, 0, 0, 0, 0, -1040468.76, 11900.4784, 376.719252, 0, 0, 0, 0, 0, 0, 0, 0.98277619, 0.00124628034, 0, 0, 0.00124567818, 0, 0, -3.8724262e-05, 0, 0, 0, 0, 0, 0, 0.023, 0, 0, 0, 0, 0, 0, 0, 0, 0, 0
-0.01, 0, 0, 0, 0, 0, 0, 0, 0, 0, 175.908532, 0, 0, 1040562.02, 0, 0, 0, 0, 0, 0, 0, 0, -1040486.95, 12499.1753, 376.720231, 0, 0, 0, 0, 0, 0, 0, 0.983395461, 0.00124662931, 0, 0, 0.00124596129, 0, 0, -4.08045763e-05, 0, 0, 0, 0, 0, 0, 0.023, 0, 0, 0, 0, 0, 0, 0, 0, 0, 0
-0.00857145992, 0, 0, 0, 0, 0, 0, 0, 0, 0, 175.90669, 0, 0, 1040572.64, 0, 0, 0, 0, 0, 0, 0, 0, -1040494.62, 12737.6621, 376.720624, 0, 0, 0, 0, 0, 0, 0, 0.983648501, 0.00124677909, 0, 0, 0.00124608371, 0, 0, -4.16240031e-05, 0, 0, 0, 0, 0, 0, 0.023, 0, 0, 0, 0, 0, 0, 0, 0, 0, 0
-0.005, 0, 0, 0, 0, 0, 0, 0, 0, 0, 175.902073, 0, 0, 1040599.66, 0, 0, 0, 0, 0, 0, 0, 0, -1040514.2, 13336.0539, 376.721606, 0, 0, 0, 0, 0, 0, 0, 0.984278878, 0.00124715508, 0, 0, 0.00124638906, 0, 0, -4.37037966e-05, 0, 0, 0, -0.000396298436, -0.000396298436, 0, 0.023, 0, 0, 0, 0, 0, 0, 0, 0, 0, 0
-0.00357145992, 0, 0, 0, 0, 0, 0, 0, 0, 0, 175.900112, 0, 0, 1040552.38, 0, 0, 0, 0, 0, 0, 0, 0, -1040465.32, 13459.1974, 376.722, 0, 0, 0, 0, 0, 0, 0, 0.890840881, 0.00110963013, 0, 0, 0.00110867147, 0, 0, -4.46994734e-05, 0, 0, 0, 724418841, 724418841, 0, 0.023, 0, 0, 0, 0, 0, 0, 0, 0, 0, 0
0, 0, 0, 0, 0, 0, 0, 0, 0, 0, 175.895195, 0, 0, 1040433.97, 0, 0, 0, 0, 0, 0, 0, 0, -1040342.87, 13768.2899, 376.722984, 0, 0, 0, 0, 0, 0, 0, 0.656887469, 0.000766911527, 0, 0, 0.000765456238, 0, 0, -4.72218967e-05, 0, 0, 0, 2.53623501e+09, 2.53623501e+09, 0, 0.023, 0, 0, 0, 0, 0, 0, 0, 0, 0, 0
0, 0, 0, 5e+16, 0, 1.7707166e-13, 3.718e+18, 6.44e+20, 4.85, 4, 175.895195, 19.2312853, 0.866667, 1041533.45, 8.77997839e+20, 7.60119053e+14, 7.13797082e+10, 1589.68151, -173.823695, -177.631573, 5e+16, 4.30457658e+18, -1040781.35, 39574.1629, 376.722984, 19.2312853, 96.3999499, 0.866667, 0.866667, 5e+16, 0.0067944485, 1589.67472, 0.656887469, 1589.68228, -1589.67389, -0.00679278479, -1589.68145, -1.61817862, 0.000150350369, -1.61798088, 0, 1.65813724e-08, 1.65813724e-08, 2.53623501e+09, 2.53623501e+09, 0, 0.27, 3.332, 0, -1589.68069, -1.61802826, 0, 4.990793e+16, 0.0884688456, 0.0893840269, 0, 0
0.00267851265, 0, 0, 5e+16, 0, 1.77032547e-13, 3.718e+18, 6.44e+20, 4.85, 4, 175.884606, 19.2305308, 0.866667, 1041563.48, 7.1342173e+20, 5.46739472e+14, 8.54854157e+10, 1355.23116, -173.823802, -177.626841, 5e+16, 5.40069907e+18, -1040754.41, 40988.2978, 376.721871, 19.2305308, 96.399889, 0.866667, 0.866667, 5e+16, 0.010497351, 1355.22066, 0.561832748, 1355.23185, -1355.21946, -0.0104942275, -1355.23064, -1.67206608, 0.000255202541, -1.67176277, 0, 1.65813028e-08, 1.65813028e-08, 2.04014339e+09, 2.04014339e+09, 0, 0.27, 3.332, 0, -1355.22996, -1.67181088, 0, 4.99258947e+16, 0.0884883342, 0.0895195572, 0, 0
0.009375, 0, 0, 5e+16, 0, 1.76934836e-13, 3.718e+18, 6.44e+20, 4.85, 4, 175.858062, 19.2286075, 0.866667, 1041639.87, 4.23765714e+20, 2.39411216e+14, 1.34399524e+11, 766.678589, -173.824064, -177.614991, 5e+16, 8.10126968e+18, -1040687.77, 44526.1376, 376.719086, 19.2286075, 96.399889, 0.866667, 0.866667, 5e+16, 0.0195980014, 766.658999, 0.324148741, 766.679099, -766.656901, -0.0195912722, -766.677002, -1.79357913, 0.000513528604, -1.79301566, 0, 1.65811287e-08, 1.65811287e-08, 797794259, 797794259, 0, 0.27, 3.332, 0, -766.676492, -1.7930656, 0, 4.99709645e+16, 0.0885411189, 0.0898557114, 0, 0
0.0120535127, 0, 0, 5e+16, 0, 1.76869861e-13, 3.718e+18, 6.44e+20, 4.85, 4, 175.844839, 19.2278129, 0.866667, 1041815.7, 2.80358587e+20, 1.58406703e+14, 1.48941424e+11, 599.031196, -173.824247, -177.605107, 5e+16, 9.1056772e+18, -1040730.43, 47339.5936, 376.717234, 19.2278129, 96.399889, 0.866667, 0.866667, 5e+16, 0.0220540497, 599.009156, 0.268453645, 599.031706, -599.007304, -0.0220425966, -599.029856, -1.46824136, 0.000694265849, -1.46749645, 0, 1.6581013e-08, 1.6581013e-08, 623209423, 623209423, 0, 0.27, 3.332, 0, -599.029346, -1.46754709, 0, 4.99773094e+16, 0.088563425, 0.0901553239, 0, 0
0.01875, 0, 0, 5e+16, 0, 1.76707723e-13, 3.718e+18, 6.44e+20, 4.85, 4, 175.811708, 19.2257875, 0.866667, 1042258.46, 9.96580579e+19, 5.63123631e+13, 1.92690787e+11, 180.152496, -173.824686, -177.580346, 5e+16, 1.15820546e+19, -1040838.98, 54377.4152, 376.712608, 19.2257875, 96.3997345, 0.866667, 0.866667, 5e+16, 0.028101954, 180.124421, 0.129454573, 180.153006, -180.123194, -0.0280788238, -180.151784, -0.664669857, 0.00113994336, -0.663477485, 0, 1.65807238e-08, 1.65807238e-08, 187474752, 187474752, 0, 0.27, 3.332, 0, -180.151273, -0.663529913, 0, 4.99931672e+16, 0.0886306798, 0.0908977089, 0, 0
0.0214285127, 0, 0, 5e+16, 0, 1.76636879e-13, 3.718e+18, 6.44e+20, 4.85, 4, 175.795843, 19.2249531, 0.866667, 1042463.2, 6.08026683e+19, 3.43356912e+13, 2.07509792e+11, 137.684612, -173.824879, -177.56689, 5e+16, 1.24808712e+19, -1040883.8, 57195.9279, 376.710587, 19.2249531, 96.3988698, 0.866667, 0.866667, 5e+16, 0.0305117237, 137.654136, 0.11716382, 137.685123, -137.653219, -0.0304810033, -137.684212, -0.502294497, 0.00135879918, -0.500882626, 0, 1.65805975e-08, 1.65805975e-08, 143247787, 143247787, 0, 0.27, 3.332, 0, -137.6837, -0.500935697, 0, 4.99947778e+16, 0.0887058568, 0.0912175028, 0, 0
0.028125, 0, 0, 5e+16, 0, 1.76460158e-13, 3.718e+18, 6.44e+20, 4.85, 4, 175.756103, 19.2228257, 0.866667, 1042978.49, 1.76621299e+19, 9.95578391e+12, 2.49874918e+11, 31.8581568, -173.825323, -177.533192, 5e+16, 1.47019656e+19, -1040997.85, 64246.387, 376.705538, 19.2228257, 96.3983122, 0.866667, 0.866667, 5e+16, 0.0364525837, 31.8217606, 0.0865556809, 31.8586682, -31.821559, -0.0364030956, -31.8584737, -0.113148677, 0.00189881141, -0.111195163, 0, 1.6580282e-08, 1.6580282e-08, 33157527.4, 33157527.4, 0, 0.27, 3.332, 0, -31.857962, -0.111249866, 0, 4.99987918e+16, 0.0889099627, 0.0920094226, 0, 0
0.0308035127, 0, 0, 5e+16, 0, 1.76388504e-13, 3.718e+18, 6.44e+20, 4.85, 4, 175.737596, 19.2219515, 0.866667, 1043211.88, 1.00319079e+19, 5.62364806e+12, 2.6500553e+11, 23.9709788, -173.825354, -177.516597, 5e+16, 1.48064987e+19, -1041044.82, 67065.247, 376.703491, 19.2219515, 96.3983122, 0.866667, 0.866667, 5e+16, 0.0388668986, 23.9321748, 0.0846648872, 23.9714907, -23.9320351, -0.0388063288, -23.9713533, -0.0748304903, 0.0021606317, -0.0726145236, 0, 1.6580154e-08, 1.6580154e-08, 24943238.8, 24943238.8, 0, 0.27, 3.332, 0, -23.9708414, -0.0726698586, 0, 4.99990913e+16, 0.0892876915, 0.0923702836, 0, 0
0.0375, 0, 0, 5e+16, 0, 1.76209773e-13, 3.718e+18, 6.44e+20, 4.85, 4, 175.691245, 19.2197227, 0.866667, 1043799.05, 2.43830842e+18, 1.34770979e+12, 3.07077744e+11, 4.35105779, -173.82537, -177.475039, 5e+16, 1.50844566e+19, -1041164.34, 74116.5751, 376.698379, 19.2197227, 96.3966803, 0.866667, 0.866667, 5e+16, 0.0448201319, 4.306316, 0.0799660362, 4.35157064, -4.30629337, -0.0447321481, -4.35153815, 0.0139085377, 0.00280697941, 0.0167724548, 0, 1.65798344e-08, 1.65798344e-08, 4531466.74, 4531466.74, 0, 0.27, 3.332, 0, -4.35102552, 0.0167155171, 0, 4.99998364e+16, 0.0902315481, 0.0932636829, 0, 0
0.0401785127, 0, 0, 5e+16, 0, 1.76138245e-13, 3.718e+18, 6.44e+20, 4.85, 4, 175.670095, 19.2188088, 0.866667, 1044060.95, 1.38144912e+18, 7.3305446e+11, 3.22369176e+11, 3.26498216, -173.823984, -177.455471, 5e+16, 1.2660487e+19, -1041213.47, 76934.5249, 376.696332, 19.2188088, 96.3914146, 0.866667, 0.866667, 5e+16, 0.0472314789, 3.21780685, 0.0799264919, 3.26549603, -3.21750228, -0.0471282673, -3.26514349, 0.0196429091, 0.00311293817, 0.0228134161, 0, 1.65797065e-08, 1.65797065e-08, 3400025.39, 3400025.39, 0, 0.27, 3.332, 0, -3.26463055, 0.0227558473, 0, 4.99998778e+16, 0.0902779392, 0.0936709136, 0, 0
0.046875, 0, 0, 5e+16, 0, 1.75959831e-13, 3.718e+18, 6.44e+20, 4.85, 4, 175.617134, 19.2164785, 0.866667, 1044719.62, 3.33740706e+17, 1.60029265e+11, 3.64127513e+11, 0.565767169, -173.820416, -177.406474, 5e+16, 6.70541076e+18, -1041338.48, 83983.5872, 376.691221, 19.2164785, 96.3873105, 0.866667, 0.866667, 5e+16, 0.0531806368, 0.512588727, 0.0798327657, 0.566283634, -0.511562923, -0.0530397491, -0.565116398, 0.0324116104, 0.00386848049, 0.0363392612, 0, 1.65793871e-08, 1.65793871e-08, 591001.847, 591001.847, 0, 0.27, 3.332, 0, -0.564602671, 0.0362800908, 0, 4.99999806e+16, 0.0903577296, 0.0946788501, 0, 0
0.0495535127, 0, 0, 5e+16, 0, 1.75888557e-13, 3.718e+18, 6.44e+20, 4.85, 4, 175.593342, 19.2155247, 0.866667, 1045009.91, 2.2696891e+17, 1.03747132e+11, 3.79588995e+11, 0.454647286, -173.81069, -177.384037, 5e+16, 5.33932409e+18, -1041389.77, 86800.355, 376.689179, 19.2155247, 96.3873105, 0.866667, 0.866667, 5e+16, 0.055602061, 0.399306094, 0.0800383384, 0.455163538, -0.39712411, -0.0554412178, -0.45307938, 0.0329885257, 0.00421874351, 0.0372670716, 0, 1.65792595e-08, 1.65792595e-08, 474437.588, 474437.588, 0, 0.27, 3.332, 0, -0.452565327, 0.0372072692, 0, 4.99999849e+16, 0.0835145186, 0.0951349578, 0, 0
0.05625, 0, 0, 5e+16, 0, 1.75710777e-13, 3.718e+18, 6.44e+20, 4.85, 4, 175.533774, 19.2130931, 0.866667, 1045739.76, 8.63527275e+16, 3.52018862e+10, 4.21262371e+11, 0.178466098, -173.786198, -177.32786, 5e+16, 1.95954317e+18, -1041520.27, 93846.4741, 376.684079, 19.2130931, 96.3781068, 0.866667, 0.866667, 5e+16, 0.0615744, 0.117798516, 0.0805543126, 0.17898186, -0.112724629, -0.0613641723, -0.174603667, 0.0342000703, 0.00508380278, 0.0393452793, 0, 1.65789408e-08, 1.65789408e-08, 185007.815, 185007.815, 0, 0.27, 3.332, 0, -0.174088802, 0.0392838731, 0, 4.99999957e+16, 0.0665932213, 0.0962636998, 0, 0
0.0589285127, 0, 0, 5e+16, 0, 1.75639769e-13, 3.718e+18, 6.44e+20, 4.85, 4, 175.507343, 19.2120993, 0.866667, 1046058.33, 7.84478893e+16, 3.12492923e+10, 4.36763243e+11, 0.170248444, -173.763629, -177.302606, 5e+16, 1.78059424e+18, -1041573.74, 96661.9915, 376.682041, 19.2120993, 96.3563999, 0.866667, 0.866667, 5e+16, 0.0639905428, 0.107527602, 0.0807824181, 0.170763675, -0.10175172, -0.0637549983, -0.166021924, 0.0342363999, 0.00547812893, 0.039776568, 0, 1.65788135e-08, 1.65788135e-08, 176225.352, 176225.352, 0, 0.27, 3.332, 0, -0.165506719, 0.0397145288, 0, 4.99999961e+16, 0.0587719672, 0.0967711923, 0, 0
0.065625, 0, 0, 5e+16, 0, 1.75462655e-13, 3.718e+18, 6.44e+20, 4.85, 4, 175.44117, 19.2095666, 0.866667, 1046859.08, 6.16205767e+16, 2.32285216e+10, 4.78144542e+11, 0.149739727, -173.707076, -177.239381, 5e+16, 1.33620869e+18, -1041709.74, 103704.996, 376.676954, 19.2095666, 96.3375381, 0.866667, 0.866667, 5e+16, 0.0699519953, 0.0819568037, 0.0813549087, 0.15025364, -0.0744334326, -0.0696538029, -0.144603287, 0.0343013309, 0.00645208136, 0.040817058, 0, 1.65784955e-08, 1.65784955e-08, 154327.411, 154327.411, 0, 0.27, 3.332, 0, -0.144087235, 0.0407534123, 0, 4.99999972e+16, 0.0396247933, 0.0980268853, 0, 0
0.0683035127, 0, 0, 5e+16, 0, 1.75391912e-13, 3.718e+18, 6.44e+20, 4.85, 4, 175.4121, 19.2085328, 0.866667, 1047205.8, 6.18602623e+16, 2.2439276e+10, 4.93725109e+11, 0.149830911, -173.679124, -177.211356, 5e+16, 1.29595425e+18, -1041765.4, 106519.231, 376.674922, 19.2085328, 96.3120272, 0.866667, 0.866667, 5e+16, 0.0723747997, 0.079780211, 0.0815824644, 0.150345108, -0.07201142, -0.0720453944, -0.144573218, 0.0342999224, 0.0068901878, 0.04125439, 0, 1.65783684e-08, 1.65783684e-08, 154468.152, 154468.152, 0, 0.27, 3.332, 0, -0.144056814, 0.0411901102, 0, 4.99999973e+16, 0.0367055751, 0.0985878473, 0, 0
0.075, 0, 0, 5e+16, 0, 1.75215462e-13, 3.718e+18, 6.44e+20, 4.85, 4, 175.339326, 19.205899, 0.866667, 1048077.13, 6.24262252e+16, 2.05836614e+10, 5.35000067e+11, 0.149984368, -173.609143, -177.141198, 5e+16, 1.19561998e+18, -1041906.9, 113559.039, 376.669846, 19.205899, 96.2117576, 0.866667, 0.866667, 5e+16, 0.0783510141, 0.0743438474, 0.0821540875, 0.150499275, -0.0659610526, -0.0779443607, -0.144422696, 0.0342949968, 0.00797232558, 0.0423332114, 0, 1.65780512e-08, 1.65780512e-08, 154740.293, 154740.293, 0, 0.27, 3.332, 0, -0.143905414, 0.0422673224, 0, 4.99999975e+16, 0.0295533305, 0.09997571, 0, 0
0.0776785127, 0, 0, 5e+16, 0, 1.75144984e-13, 3.718e+18, 6.44e+20, 4.85, 4, 175.307618, 19.2048251, 0.866667, 1048451.89, 6.33828818e+16, 2.00669432e+10, 5.50574867e+11, 0.15086527, -173.578256, -177.110426, 5e+16, 1.16852885e+18, -1041964.75, 116371.974, 376.667818, 19.2048251, 96.1684288, 0.866667, 0.866667, 5e+16, 0.080769565, 0.0729325197, 0.0823791934, 0.151380579, -0.0643580309, -0.0803251678, -0.145200847, 0.0342898695, 0.00845403421, 0.0428104278, 0, 1.65779245e-08, 1.65779245e-08, 155737.686, 155737.686, 0, 0.27, 3.332, 0, -0.144683199, 0.0427439038, 0, 4.99999976e+16, 0.0280798525, 0.100592732, 0, 0
0.084375, 0, 0, 5e+16, 0, 1.74969196e-13, 3.718e+18, 6.44e+20, 4.85, 4, 175.228246, 19.2020905, 0.866667, 1049393.46, 6.5818709e+16, 1.88332925e+10, 5.91595903e+11, 0.152995901, -173.500934, -177.033397, 5e+16, 1.1010169e+18, -1042111.77, 123408.539, 376.662755, 19.2020905, 96.1684288, 0.866667, 0.866667, 5e+16, 0.0867373262, 0.0694113767, 0.0829451833, 0.153512216, -0.0603554766, -0.0861995264, -0.147073564, 0.0342805382, 0.00964392595, 0.0439926002, 0, 1.6577608e-08, 1.6577608e-08, 158152.153, 158152.153, 0, 0.27, 3.332, 0, -0.146555003, 0.0439244642, 0, 4.99999977e+16, 0.0244657375, 0.102119124, 0, 0
0.0870535127, 0, 0, 5e+16, 0, 1.74898982e-13, 3.718e+18, 6.44e+20, 4.85, 4, 175.193902, 19.2009766, 0.866667, 1049796.11, 6.70824024e+16, 1.84074707e+10, 6.07191747e+11, 0.154152601, -173.467328, -176.9999, 5e+16, 1.07822655e+18, -1042171.82, 126220.166, 376.660732, 19.2009766, 96.1684288, 0.866667, 0.866667, 5e+16, 0.0891591146, 0.0682661709, 0.0831676265, 0.154669359, -0.0590314328, -0.0885765256, -0.148126898, 0.0342708832, 0.0101688358, 0.0445084913, 0, 1.65774816e-08, 1.65774816e-08, 159451.696, 159451.696, 0, 0.27, 3.332, 0, -0.147607959, 0.044439719, 0, 4.99999978e+16, 0.0233112327, 0.102794688, 0, 0
0.09375, 0, 0, 5e+16, 0, 1.74723852e-13, 3.718e+18, 6.44e+20, 4.85, 4, 175.107934, 19.1981416, 0.866667, 1050807.56, 7.03370503e+16, 1.73880065e+10, 6.48061688e+11, 0.156976077, -173.383201, -176.916057, 5e+16, 1.02150478e+18, -1042324.34, 133253.466, 376.655681, 19.1981416, 96.059194, 0.866667, 0.866667, 5e+16, 0.0951338748, 0.0654152922, 0.0837274013, 0.157493946, -0.0557302994, -0.094440435, -0.15069062, 0.0342533769, 0.0114655243, 0.0457892884, 0, 1.6577166e-08, 1.6577166e-08, 162623.993, 162623.993, 0, 0.27, 3.332, 0, -0.150170735, 0.0457189011, 0, 4.99999979e+16, 0.020480046, 0.104465802, 0, 0
0.0964285127, 0, 0, 5e+16, 0, 1.74653901e-13, 3.718e+18, 6.44e+20, 4.85, 4, 175.070955, 19.1969875, 0.866667, 1051237.98, 7.18509979e+16, 1.70275776e+10, 6.63612533e+11, 0.158324529, -173.346898, -176.879851, 5e+16, 1.00190309e+18, -1042386.61, 136063.787, 376.653663, 19.1969875, 95.8807352, 0.866667, 0.866667, 5e+16, 0.0975500865, 0.0644598252, 0.0839470747, 0.158842872, -0.0546080874, -0.096804204, -0.15193257, 0.0342372924, 0.0120332325, 0.0463415495, 0, 1.65770399e-08, 1.65770399e-08, 164136.366, 164136.366, 0, 0.27, 3.332, 0, -0.151412292, 0.0462705249, 0, 4.99999979e+16, 0.0195394082, 0.105202888, 0, 0
0.103125, 0, 0, 5e+16, 0, 1.74479426e-13, 3.718e+18, 6.44e+20, 4.85, 4, 174.978395, 19.1940524, 0.866667, 1052318.95, 7.57768294e+16, 1.61634688e+10, 7.04206647e+11, 0.161633177, -173.25602, -176.789229, 5e+16, 9.5319134e+17, -1042544.63, 143093.829, 376.648623, 19.1940524, 95.704072, 0.866667, 0.866667, 5e+16, 0.103513079, 0.0620874959, 0.0845003084, 0.162152711, -0.0518147581, -0.102637412, -0.154973428, 0.0342065438, 0.0134357398, 0.0477149262, 0, 1.65767249e-08, 1.65767249e-08, 167846.118, 167846.118, 0, 0.27, 3.332, 0, -0.15445217, 0.0476422836, 0, 4.9999998e+16, 0.0172338981, 0.107026048, 0, 0
0.105803513, 0, 0, 5e+16, 0, 1.74409737e-13, 3.718e+18, 6.44e+20, 4.85, 4, 174.938781, 19.1928583, 0.866667, 1052776.98, 7.75144233e+16, 1.58555757e+10, 7.19668703e+11, 0.163129866, -173.217026, -176.750323, 5e+16, 9.36234909e+17, -1042609.1, 145902.859, 376.64661, 19.1928583, 95.704072, 0.866667, 0.866667, 5e+16, 0.105918902, 0.0612808869, 0.0847171114, 0.163649899, -0.0508552139, -0.104982634, -0.156359512, 0.0341825464, 0.0140451646, 0.0483009921, 0, 1.65765991e-08, 1.65765991e-08, 169525.732, 169525.732, 0, 0.27, 3.332, 0, -0.155837847, 0.048227711, 0, 4.99999981e+16, 0.0164817979, 0.107828667, 0, 0
0.1125, 0, 0, 5e+16, 0, 1.74235914e-13, 3.718e+18, 6.44e+20, 4.85, 4, 174.839632, 19.1898235, 0.866667, 1053927.07, 8.20380429e+16, 1.51168261e+10, 7.59891066e+11, 0.166813298, -173.119417, -176.652949, 5e+16, 8.94166736e+17, -1042772.63, 152929.677, 376.641583, 19.1898235, 95.4311666, 0.866667, 0.866667, 5e+16, 0.111857206, 0.0592840977, 0.0852634891, 0.167334583, -0.0484710425, -0.110770952, -0.159764672, 0.0341344686, 0.0155509063, 0.0497602772, 0, 1.65762849e-08, 1.65762849e-08, 173657.401, 173657.401, 0, 0.27, 3.332, 0, -0.159241994, 0.0496853749, 0, 4.99999982e+16, 0.0146398088, 0.109813627, 0, 0
0.115178513, 0, 0, 5e+16, 0, 1.74166485e-13, 3.718e+18, 6.44e+20, 4.85, 4, 174.797386, 19.1885892, 0.866667, 1054412.56, 8.37890512e+16, 1.4852786e+10, 7.73404989e+11, 0.168138574, -173.077738, -176.611278, 5e+16, 8.79445307e+17, -1042839.33, 155737.44, 376.639574, 19.1885892, 95.0452112, 0.866667, 0.866667, 5e+16, 0.113952481, 0.0585977826, 0.0854773798, 0.168660347, -0.0476475755, -0.112797034, -0.160967708, 0.0341015104, 0.0161785179, 0.0503555703, 0, 1.65761594e-08, 1.65761594e-08, 175159.749, 175159.749, 0, 0.27, 3.332, 0, -0.16044461, 0.0502800283, 0, 4.99999982e+16, 0.0140542586, 0.110687946, 0, 0
0.121875, 0, 0, 5e+16, 0, 1.73993312e-13, 3.718e+18, 6.44e+20, 4.85, 4, 174.691651, 19.185455, 0.866667, 1055631.4, 8.83883691e+16, 1.42189597e+10, 8.0876135e+11, 0.171473825, -172.97341, -176.507004, 5e+16, 8.42991246e+17, -1043008.36, 162761.095, 376.634559, 19.185455, 94.6422548, 0.866667, 0.866667, 5e+16, 0.119194242, 0.0569042115, 0.0860167151, 0.171996832, -0.0456053243, -0.117867528, -0.163996998, 0.0340329748, 0.0177345067, 0.051844648, 0, 1.65758459e-08, 1.65758459e-08, 178935.008, 178935.008, 0, 0.27, 3.332, 0, -0.163472853, 0.0517674815, 0, 4.99999983e+16, 0.0126217074, 0.112849579, 0, 0
0.124553513, 0, 0, 5e+16, 0, 1.73924141e-13, 3.718e+18, 6.44e+20, 4.85, 4, 174.646772, 19.1841807, 0.866667, 1056144.2, 8.98455883e+16, 1.39926394e+10, 8.17641979e+11, 0.172201452, -172.929048, -176.462484, 5e+16, 8.30212844e+17, -1043077.28, 165567.622, 376.632555, 19.1841807, 94.6422548, 0.866667, 0.866667, 5e+16, 0.120565551, 0.0563173669, 0.0862277929, 0.1727249, -0.04489908, -0.119163871, -0.164587531, 0.0339904184, 0.0183216427, 0.0523898686, 0, 1.65757207e-08, 1.65757207e-08, 179801.599, 179801.599, 0, 0.27, 3.332, 0, -0.164062951, 0.052312061, 0, 4.99999983e+16, 0.0121820105, 0.113766051, 0, 0
0.13125, 0, 0, 5e+16, 0, 1.73751614e-13, 3.718e+18, 6.44e+20, 4.85, 4, 174.534454, 19.1809472, 0.866667, 1057431.35, 9.37287731e+16, 1.34492089e+10, 8.41436447e+11, 0.174169177, -172.818007, -176.351106, 5e+16, 7.98630673e+17, -1043251.81, 172588.196, 376.627552, 19.1809472, 94.0739784, 0.866667, 0.866667, 5e+16, 0.124124031, 0.0548740573, 0.0867602272, 0.174693748, -0.0431509107, -0.122535918, -0.16621249, 0.0338992741, 0.0197920153, 0.0537707248, 0, 1.65754081e-08, 1.65754081e-08, 182124.496, 182124.496, 0, 0.27, 3.332, 0, -0.165686828, 0.0536912894, 0, 4.99999984e+16, 0.0111078716, 0.11603348, 0, 0
0.133928513, 0, 0, 5e+16, 0, 1.736827e-13, 3.718e+18, 6.44e+20, 4.85, 4, 174.486945, 19.1796328, 0.866667, 1057971.3, 8.9863632e+16, 1.32559799e+10, 7.99944308e+11, 0.168342358, -172.770964, -176.30196, 5e+16, 7.86934471e+17, -1043322.97, 175393.523, 376.625553, 19.1796328, 94.9036188, 0.866667, 0.919727019, 5e+16, 0.118580608, 0.0543707195, 0.0869699716, 0.168866041, -0.0425476322, -0.116808457, -0.159882198, 0.0338468229, 0.0202844619, 0.0542113625, 0, 1.65752831e-08, 1.65752831e-08, 175755.888, 175755.888, 0, 0.27, 3.332, 0, -0.159356089, 0.0541312847, 0, 4.99999984e+16, 0.0107090279, 0.11683527, 0, 0
0.140625, 0, 0, 5e+16, 0, 1.73510817e-13, 3.718e+18, 6.44e+20, 4.85, 4, 174.368047, 19.1763003, 0.866667, 1059326.38, 8.09352209e+16, 1.27919503e+10, 7.05299854e+11, 0.154010823, -172.653213, -176.178984, 5e+16, 7.58015642e+17, -1043503.01, 182411.106, 376.620561, 19.1763003, 94.1392894, 0.866667, 0.919727019, 5e+16, 0.104931343, 0.0531369869, 0.0874990996, 0.154532307, -0.0410573455, -0.102700413, -0.144284985, 0.0337317877, 0.021522356, 0.0553358529, 0, 1.65749712e-08, 1.65749712e-08, 160094.318, 160094.318, 0, 0.27, 3.332, 0, -0.143757758, 0.0552541437, 0, 4.99999984e+16, 0.00973581814, 0.118822545, 0, 0
0.143303513, 0, 0, 5e+16, 0, 1.7344216e-13, 3.718e+18, 6.44e+20, 4.85, 4, 174.317909, 19.1749486, 0.919727019, 1059570.5, 8.74320365e+16, 1.24264973e+10, 6.88096101e+11, 0.161775592, -172.604011, -176.128048, 5e+16, 7.37228945e+17, -1043499.59, 183831.585, 376.618567, 19.1749486, 94.1392894, 0.97278704, 0.919727019, 5e+16, 0.114075216, 0.0522520775, 0.0876910778, 0.162299075, -0.0399335612, -0.111922291, -0.15238354, 0.0336810531, 0.0219648574, 0.0557281561, 0, 1.65748466e-08, 1.65748466e-08, 168726.495, 168726.495, 0, 0.27, 3.332, 0, -0.151855852, 0.0556459105, 0, 2.58977465e+16, 0.00888495747, 0.119647028, 0, 0
0.15, 0, 0, 5e+16, 0, 1.73270917e-13, 3.718e+18, 6.44e+20, 4.85, 4, 174.192432, 19.1715242, 1.05238114, 1060183.36, 1.0591902e+17, 1.15659103e+10, 6.46156739e+11, 0.180796726, -172.480855, -176.000542, 5e+16, 6.85542147e+17, -1043491.94, 187385.408, 376.613588, 19.1715242, 96.9559609, 1.23809529, 1.05238114, 5e+16, 0.136521755, 0.050061609, 0.0881753032, 0.181325167, -0.0371400538, -0.134560786, -0.172229681, 0.0335675585, 0.0230560936, 0.0567072601, 0, 1.65745354e-08, 1.65745354e-08, 189867.13, 189867.13, 0, 0.27, 3.332, 0, -0.17170084, 0.0566236521, 0, 4.99999986e+15, 0.00681093449, 0.121687128, 0, 0
0.15, 0, 0, 5e+15, 0, 1.73270917e-13, 3.718e+18, 6.44e+20, 4.85, 4, 174.192432, 19.1715242, 1.05238114, 1061008.01, 1.0591902e+17, 1.15659103e+10, 6.46156739e+11, 0.180796726, -172.480855, -176.000542, 5e+15, 6.85542147e+17, -1044002.22, 189201.818, 376.613588, 19.1715242, 96.9559609, 1.23809529, 1.05238114, 5e+15, 0.136521755, 0.050061609, 0.0881753032, 0.181325167, -0.0371400538, -0.134560786, -0.172229681, 0.0335675585, 0.0230560936, 0.0567072601, 0, 1.65745354e-08, 1.65745354e-08, 189867.13, 189867.13, 0, 0.27, 3.332, 0, -0.17170084, 0.0566236521, 0, 4.99999986e+15, 0.00681093449, 0.121687128, 0, 0
0.151785675, 0, 0, 5e+15, 0, 1.73225288e-13, 3.718e+18, 6.44e+20, 4.85, 4, 174.15866, 19.1705987, 1.10544116, 1061032.72, 1.08265864e+17, 1.14145717e+10, 6.59579175e+11, 0.183332179, -172.447508, -175.967439, 5e+15, 6.77109767e+17, -1043983.87, 189441.449, 376.612261, 19.1705987, 97.6682443, 1.23809529, 1.10544116, 5e+15, 0.139539335, 0.049674875, 0.0883989743, 0.183861189, -0.0366671051, -0.137514865, -0.174711127, 0.0335101711, 0.0236826088, 0.0572769254, 0, 1.65744524e-08, 1.65744524e-08, 192607.362, 192607.362, 0, 0.27, 3.332, 0, -0.174181971, 0.05719278, 0, 4.99999986e+15, 0.00635163417, 0.122044322, 0, 0
0.15625, 0, 0, 5e+15, 0, 1.73111479e-13, 3.718e+18, 6.44e+20, 4.85, 4, 174.074141, 19.1682559, 1.23809529, 1061095.4, 1.14172178e+17, 1.1050508e+10, 6.93221295e+11, 0.189346102, -172.364035, -175.884541, 5e+15, 6.5626755e+17, -1043938.36, 190042.395, 376.608947, 19.1682559, 99.8215555, 1.23809529, 1.23809529, 5e+15, 0.146739282, 0.048726504, 0.0889635441, 0.189876521, -0.0354977354, -0.144559788, -0.180587468, 0.0333793783, 0.0251968817, 0.0586617704, 0, 1.65742454e-08, 1.65742454e-08, 199102.581, 199102.581, 0, 0.27, 3.332, 0, -0.180057524, 0.05857626, 0, 4.99999987e+15, 0.00523184899, 0.122931252, 0, 0
0.158035675, 0, 0, 5e+15, 0, 1.73065963e-13, 3.718e+18, 6.44e+20, 4.85, 4, 174.040092, 19.1673125, 1.23809529, 1061225.25, 1.17199824e+17, 1.10224337e+10, 7.10153144e+11, 0.193012156, -172.330066, -175.851278, 5e+15, 6.54870642e+17, -1043989.54, 190485.198, 376.607623, 19.1673125, 99.8215555, 1.23809529, 1.23809529, 5e+15, 0.150538095, 0.0486282707, 0.0891687877, 0.193543227, -0.035410507, -0.148301703, -0.184242476, 0.0333287258, 0.0258519224, 0.0592665892, 0, 1.65741626e-08, 1.65741626e-08, 203072.42, 203072.42, 0, 0.27, 3.332, 0, -0.18371221, 0.0591806481, 0, 4.99999987e+15, 0.00519201709, 0.123174395, 0, 0
0.1625, 0, 0, 5e+15, 0, 1.72952436e-13, 3.718e+18, 6.44e+20, 4.85, 4, 173.954879, 19.1649252, 1.23809529, 1061552.03, 1.24918767e+17, 1.09562112e+10, 7.53027833e+11, 0.201779283, -172.245043, -175.767973, 5e+15, 6.51571343e+17, -1044118.79, 191594.96, 376.604316, 19.1649252, 99.4334073, 1.23809529, 1.23809529, 5e+15, 0.159623109, 0.048397181, 0.0896867674, 0.202311974, -0.0352030649, -0.157249558, -0.192983693, 0.0332119147, 0.0274246517, 0.0607236014, 0, 1.65739559e-08, 1.65739559e-08, 212563.172, 212563.172, 0, 0.27, 3.332, 0, -0.192452623, 0.0606365664, 0, 4.99999987e+15, 0.00509633042, 0.12377811, 0, 0
0.164285675, 0, 0, 5e+15, 0, 1.72907032e-13, 3.718e+18, 6.44e+20, 4.85, 4, 173.920553, 19.1639639, 1.23809529, 1061683.38, 1.28479718e+17, 1.09305927e+10, 7.72945765e+11, 0.206124096, -172.210791, -175.734497, 5e+15, 6.50307846e+17, -1044170.97, 192037.296, 376.602993, 19.1639639, 99.1215524, 1.23809529, 1.23809529, 5e+15, 0.164091267, 0.0483020121, 0.0898880371, 0.206657422, -0.0351235853, -0.161645934, -0.197300918, 0.0331574714, 0.0282229638, 0.0614679015, 0, 1.65738733e-08, 1.65738733e-08, 217255.343, 217255.343, 0, 0.27, 3.332, 0, -0.19676952, 0.0613804352, 0, 4.99999987e+15, 0.00511394168, 0.124030324, 0, 0
0.16875, 0, 0, 5e+15, 0, 1.72793785e-13, 3.718e+18, 6.44e+20, 4.85, 4, 173.834647, 19.1615323, 1.23809529, 1062013.89, 1.37690867e+17, 1.08703442e+10, 8.24158894e+11, 0.216620133, -172.125057, -175.65068, 5e+15, 6.47344084e+17, -1044302.69, 193145.895, 376.59969, 19.1615323, 98.7313373, 1.23809529, 1.23809529, 5e+15, 0.174884709, 0.0480782071, 0.0903960947, 0.217155052, -0.0349352351, -0.17226638, -0.207733832, 0.0330309442, 0.0301488666, 0.0632683726, 0, 1.65736668e-08, 1.65736668e-08, 228586.655, 228586.655, 0, 0.27, 3.332, 0, -0.207201615, 0.0631798108, 0, 4.99999987e+15, 0.00515800145, 0.124654148, 0, 0
0.170535675, 0, 0, 5e+15, 0, 1.72748492e-13, 3.718e+18, 6.44e+20, 4.85, 4, 173.800045, 19.160553, 1.23809529, 1062146.73, 1.41626109e+17, 1.08440749e+10, 8.46066716e+11, 0.221399501, -172.090531, -175.616931, 5e+15, 6.46017537e+17, -1044355.88, 193587.773, 376.598369, 19.160553, 98.7313373, 1.23809529, 1.23809529, 5e+15, 0.179783926, 0.0479790089, 0.0905931548, 0.221935022, -0.0348536472, -0.177080175, -0.212466375, 0.0329728433, 0.0310623165, 0.0641241536, 0, 1.65735843e-08, 1.65735843e-08, 233738.673, 233738.673, 0, 0.27, 3.332, 0, -0.211933822, 0.0640351598, 0, 4.99999987e+15, 0.00517848286, 0.124917117, 0, 0
0.175, 0, 0, 5e+15, 0, 1.72635525e-13, 3.718e+18, 6.44e+20, 4.85, 4, 173.713446, 19.1580769, 1.23809529, 1062480.97, 1.51928315e+17, 1.07821398e+10, 9.03133837e+11, 0.233080686, -172.004113, -175.532457, 5e+15, 6.42896771e+17, -1044490.09, 194695.236, 376.595072, 19.1580769, 98.3394149, 1.23809529, 1.23809529, 5e+15, 0.191755839, 0.0477446555, 0.0910906478, 0.233617726, -0.0346597464, -0.188844648, -0.224037782, 0.0328367788, 0.0332866242, 0.0662134941, 0, 1.65733782e-08, 1.65733782e-08, 246324.867, 246324.867, 0, 0.27, 3.332, 0, -0.223504395, 0.066123403, 0, 4.99999987e+15, 0.00522971613, 0.125566634, 0, 0
0.176785675, 0, 0, 5e+15, 0, 1.72590343e-13, 3.718e+18, 6.44e+20, 4.85, 4, 173.678568, 19.1570796, 1.23809529, 1062615.31, 1.56088362e+17, 1.0755165e+10, 9.26075604e+11, 0.238072769, -171.969313, -175.498396, 5e+15, 6.41497477e+17, -1044544.28, 195136.665, 376.593753, 19.1570796, 98.0253252, 1.23809529, 1.23809529, 5e+15, 0.196864125, 0.0476413888, 0.0912833319, 0.238610381, -0.0345758471, -0.193857276, -0.228966851, 0.0327751822, 0.0342757274, 0.0671414334, 0, 1.65732958e-08, 1.65732958e-08, 251701.081, 251701.081, 0, 0.27, 3.332, 0, -0.228433123, 0.0670509097, 0, 4.99999987e+15, 0.00525165509, 0.125838635, 0, 0
0.18125, 0, 0, 5e+15, 0, 1.72477652e-13, 3.718e+18, 6.44e+20, 4.85, 4, 173.591278, 19.1545587, 1.23809529, 1062953.29, 1.67056883e+17, 1.06913617e+10, 9.86316382e+11, 0.250393455, -171.88221, -175.413156, 5e+15, 6.38188587e+17, -1044680.99, 196243.011, 376.590461, 19.1545587, 97.6320435, 1.23809529, 1.23809529, 5e+15, 0.209467313, 0.0473961675, 0.0917697873, 0.250932509, -0.0343757297, -0.20622589, -0.241136199, 0.0326298305, 0.0367074446, 0.0694288979, 0, 1.65730901e-08, 1.65730901e-08, 264961.897, 264961.897, 0, 0.27, 3.332, 0, -0.24060162, 0.0693372751, 0, 4.99999987e+15, 0.00530665083, 0.126511144, 0, 0
0.183035675, 0, 0, 5e+15, 0, 1.72432581e-13, 3.718e+18, 6.44e+20, 4.85, 4, 173.556124, 19.1535434, 1.23809529, 1063089.14, 1.71347377e+17, 1.06637231e+10, 1.0096749e+12, 0.255460309, -171.847138, -175.378765, 5e+15, 6.36720184e+17, -1044736.18, 196683.997, 376.589144, 19.1535434, 97.6320435, 1.23809529, 1.23809529, 5e+15, 0.214647967, 0.0472890548, 0.0919579844, 0.25599991, -0.0342896211, -0.211304216, -0.246128764, 0.0325649575, 0.0377392714, 0.070396285, 0, 1.65730079e-08, 1.65730079e-08, 270417.243, 270417.243, 0, 0.27, 3.332, 0, -0.245593837, 0.0703042289, 0, 4.99999987e+15, 0.00532994171, 0.126789515, 0, 0
0.1875, 0, 0, 5e+15, 0, 1.72320166e-13, 3.718e+18, 6.44e+20, 4.85, 4, 173.468142, 19.1509777, 1.23809529, 1063430.86, 1.82685876e+17, 1.05981073e+10, 1.07119079e+12, 0.26804385, -171.75935, -175.292709, 5e+15, 6.33226039e+17, -1044875.39, 197789.243, 376.585857, 19.1509777, 97.2377382, 1.23809529, 1.23809529, 5e+15, 0.227508251, 0.0470333039, 0.0924330755, 0.268584832, -0.03408338, -0.223911423, -0.258530598, 0.0324107209, 0.0402948856, 0.0727987635, 0, 1.65728024e-08, 1.65728024e-08, 283955.899, 283955.899, 0, 0.27, 3.332, 0, -0.257994803, 0.0727056064, 0, 4.99999987e+15, 0.00538844304, 0.12747896, 0, 0
0.189285675, 0, 0, 5e+15, 0, 1.72275204e-13, 3.718e+18, 6.44e+20, 4.85, 4, 173.432713, 19.1499443, 1.23809529, 1063568.2, 1.870748e+17, 1.05698667e+10, 1.09473222e+12, 0.273138171, -171.724005, -175.257988, 5e+15, 6.31696845e+17, -1044931.59, 198229.79, 376.584543, 19.1499443, 96.9224653, 1.23809529, 1.23809529, 5e+15, 0.232715422, 0.0469226536, 0.0926167067, 0.273679685, -0.0339952317, -0.22901201, -0.263543391, 0.0323428435, 0.0413513598, 0.0737877943, 0, 1.65727203e-08, 1.65727203e-08, 289441.857, 289441.857, 0, 0.27, 3.332, 0, -0.263007242, 0.0736942033, 0, 4.99999987e+15, 0.00541301494, 0.127761883, 0, 0
0.19375, 0, 0, 5e+15, 0, 1.72163063e-13, 3.718e+18, 6.44e+20, 4.85, 4, 173.344041, 19.1473335, 1.23809529, 1063913.66, 1.98658557e+17, 1.05025488e+10, 1.15667072e+12, 0.285823063, -171.635534, -175.171108, 5e+15, 6.2803392e+17, -1045073.31, 199333.943, 376.58126, 19.1473335, 96.5274599, 1.23809529, 1.23809529, 5e+15, 0.245674871, 0.0466569479, 0.0930802021, 0.286365918, -0.0337831399, -0.241706354, -0.276026527, 0.0321802766, 0.0439793091, 0.0762542794, 0, 1.65725152e-08, 1.65725152e-08, 303091.049, 303091.049, 0, 0.27, 3.332, 0, -0.275489494, 0.0761595857, 0, 4.99999987e+15, 0.0054748394, 0.128463511, 0, 0
0.195535675, 0, 0, 5e+15, 0, 1.72118211e-13, 3.718e+18, 6.44e+20, 4.85, 4, 173.308336, 19.1462821, 1.23809529, 1064052.49, 2.03158648e+17, 1.04737855e+10, 1.1804365e+12, 0.290959679, -171.599916, -175.136066, 5e+15, 6.26453736e+17, -1045130.52, 199774.053, 376.579948, 19.1462821, 96.3696864, 1.23809529, 1.23809529, 5e+15, 0.250924357, 0.046543143, 0.093259201, 0.291503056, -0.0336931794, -0.246845944, -0.281076516, 0.0321097137, 0.0450564112, 0.0772612534, 0, 1.65724332e-08, 1.65724332e-08, 308624.797, 308624.797, 0, 0.27, 3.332, 0, -0.280539123, 0.077166125, 0, 4.99999987e+15, 0.00550062709, 0.12875029, 0, 0
0.2, 0, 0, 5e+15, 0, 1.72006343e-13, 3.718e+18, 6.44e+20, 4.85, 4, 173.218974, 19.1436261, 1.23809529, 1064401.69, 2.14997284e+17, 1.04049243e+10, 1.24276319e+12, 0.303748764, -171.510762, -175.048379, 5e+15, 6.22643933e+17, -1045274.75, 200877.117, 376.576672, 19.1436261, 95.5788056, 1.23809529, 1.23809529, 5e+15, 0.263988523, 0.0462682759, 0.0937109146, 0.304293454, -0.0334756743, -0.259636038, -0.293650005, 0.0319395139, 0.0477395703, 0.0797753172, 0, 1.65722284e-08, 1.65722284e-08, 322391.171, 322391.171, 0, 0.27, 3.332, 0, -0.293111712, 0.0796790842, 0, 4.99999987e+15, 0.00556559602, 0.12946193, 0, 0
0.201785675, 0, 0, 5e+15, 0, 1.71961599e-13, 3.718e+18, 6.44e+20, 4.85, 4, 173.182995, 19.1425567, 1.23809529, 1064542.01, 2.1964254e+17, 1.03757309e+10, 1.26692583e+12, 0.308970098, -171.474871, -175.013027, 5e+15, 6.21022528e+17, -1045332.97, 201316.79, 376.575361, 19.1425567, 95.4210938, 1.23809529, 1.23809529, 5e+15, 0.269323137, 0.0461517592, 0.0938852161, 0.309515307, -0.033384178, -0.264857253, -0.298780091, 0.0318666195, 0.0488421502, 0.080805438, 0, 1.65721465e-08, 1.65721465e-08, 328018.803, 328018.803, 0, 0.27, 3.332, 0, -0.298241431, 0.0807087696, 0, 4.99999987e+15, 0.00559254288, 0.129752578, 0, 0
0.20625, 0, 0, 5e+15, 0, 1.71850002e-13, 3.718e+18, 6.44e+20, 4.85, 4, 173.092944, 19.1398553, 1.23809529, 1064894.95, 2.31817071e+17, 1.03055284e+10, 1.33004098e+12, 0.321951037, -171.385035, -174.92456, 5e+15, 6.17088947e+17, -1045479.72, 202418.76, 376.572089, 19.1398553, 95.4210938, 1.23809529, 1.23809529, 5e+15, 0.282580985, 0.0458687207, 0.0943249749, 0.322497545, -0.0331618496, -0.277832204, -0.311533631, 0.0316896076, 0.0515875693, 0.0833749517, 0, 1.6571942e-08, 1.6571942e-08, 341998.11, 341998.11, 0, 0.27, 3.332, 0, -0.310994054, 0.0832771768, 0, 4.99999987e+15, 0.00566048902, 0.130473939, 0, 0
0.208035675, 0, 0, 5e+15, 0, 1.71805366e-13, 3.718e+18, 6.44e+20, 4.85, 4, 173.05669, 19.1387679, 1.23809529, 1065036.74, 2.3664589e+17, 1.02760075e+10, 1.3547994e+12, 0.327303594, -171.348871, -174.888907, 5e+15, 6.1543556e+17, -1045538.95, 202857.992, 376.57078, 19.1387679, 95.4210938, 1.23809529, 1.23809529, 5e+15, 0.288047197, 0.0457499793, 0.0944945114, 0.327850617, -0.0330691327, -0.283180737, -0.31678982, 0.0316147587, 0.0527240697, 0.0844370394, 0, 1.65718602e-08, 1.65718602e-08, 347769.772, 347769.772, 0, 0.27, 3.332, 0, -0.316249869, 0.0843388284, 0, 4.99999988e+15, 0.00568855078, 0.130768744, 0, 0
0.2125, 0, 0, 5e+15, 0, 1.71694039e-13, 3.718e+18, 6.44e+20, 4.85, 4, 172.96595, 19.1360213, 1.23809529, 1065393.41, 2.49258613e+17, 1.02047013e+10, 1.4192308e+12, 0.340587015, -171.258352, -174.799681, 5e+15, 6.11400893e+17, -1045688.23, 203958.858, 376.567513, 19.1360213, 95.0258008, 1.23809529, 1.23809529, 5e+15, 0.301609526, 0.0454599217, 0.0949221421, 0.34113533, -0.0328427037, -0.296449762, -0.32983335, 0.0314318511, 0.05555036, 0.0870815305, 0, 1.65716561e-08, 1.65716561e-08, 362081.421, 362081.421, 0, 0.27, 3.332, 0, -0.329292466, 0.0869822111, 0, 4.99999988e+15, 0.00575932882, 0.131500395, 0, 0
0.214285675, 0, 0, 5e+15, 0, 1.7164951e-13, 3.718e+18, 6.44e+20, 4.85, 4, 172.929422, 19.1349158, 1.23809529, 1065536.69, 2.54304712e+17, 1.0174961e+10, 1.44475402e+12, 0.346109383, -171.221916, -174.763734, 5e+15, 6.09724127e+17, -1045748.45, 204397.643, 376.566207, 19.1349158, 94.7109899, 1.23809529, 1.23809529, 5e+15, 0.307245657, 0.0453394656, 0.0950868446, 0.346658212, -0.0327491055, -0.301962987, -0.335253356, 0.0313554323, 0.0567293463, 0.0881845348, 0, 1.65715745e-08, 1.65715745e-08, 368038.699, 368038.699, 0, 0.27, 3.332, 0, -0.334712092, 0.0880847785, 0, 4.99999988e+15, 0.00578847679, 0.131799692, 0, 0
0.21875, 0, 0, 5e+15, 0, 1.71538451e-13, 3.718e+18, 6.44e+20, 4.85, 4, 172.837995, 19.1321238, 1.23809529, 1065897.07, 2.67450055e+17, 1.01028137e+10, 1.51097846e+12, 0.359793709, -171.130714, -174.673767, 5e+15, 6.05610238e+17, -1045900.26, 205497.387, 376.562946, 19.1321238, 94.3161614, 1.23809529, 1.23809529, 5e+15, 0.321210344, 0.0450436582, 0.0955021729, 0.360343826, -0.0325194012, -0.315621736, -0.34868335, 0.0311676061, 0.0596573764, 0.0909258491, 0, 1.65713706e-08, 1.65713706e-08, 382788.707, 382788.707, 0, 0.27, 3.332, 0, -0.348141137, 0.0908249824, 0, 4.99999988e+15, 0.00586197389, 0.132542427, 0, 0
0.220535675, 0, 0, 5e+15, 0, 1.71494029e-13, 3.718e+18, 6.44e+20, 4.85, 4, 172.801192, 19.1310005, 1.23809529, 1066041.82, 2.72739554e+17, 1.00729622e+10, 1.53738739e+12, 0.365513139, -171.094005, -174.637529, 5e+15, 6.03918039e+17, -1045961.48, 205935.718, 376.561641, 19.1310005, 94.3161614, 1.23809529, 1.23809529, 5e+15, 0.327043285, 0.044921999, 0.0956619737, 0.366063771, -0.03242527, -0.321325675, -0.354293545, 0.0310899947, 0.0608858845, 0.0920771835, 0, 1.65712891e-08, 1.65712891e-08, 388961.083, 388961.083, 0, 0.27, 3.332, 0, -0.353750944, 0.0919758792, 0, 4.99999988e+15, 0.00589219727, 0.132846503, 0, 0
0.225, 0, 0, 5e+15, 0, 1.71383236e-13, 3.718e+18, 6.44e+20, 4.85, 4, 172.709078, 19.1281631, 1.23809529, 1066405.9, 2.86492713e+17, 1.00002499e+10, 1.60576103e+12, 0.379671481, -171.00212, -174.546834, 5e+15, 5.9974584e+17, -1046115.81, 207034.32, 376.558384, 19.1281631, 93.9220556, 1.23809529, 1.23809529, 5e+15, 0.341482551, 0.0446217736, 0.0960648292, 0.380223401, -0.0321931814, -0.335444186, -0.368180934, 0.030898248, 0.063933775, 0.0949344397, 0, 1.65710856e-08, 1.65710856e-08, 404228.406, 404228.406, 0, 0.27, 3.332, 0, -0.367637368, 0.0948320231, 0, 4.99999988e+15, 0.00596834237, 0.133601051, 0, 0
0.226785675, 0, 0, 5e+15, 0, 1.7133892e-13, 3.718e+18, 6.44e+20, 4.85, 4, 172.672002, 19.127022, 1.23809529, 1066552.11, 2.92044048e+17, 9.97039076e+09, 1.63312846e+12, 0.385604249, -170.965138, -174.510308, 5e+15, 5.98045438e+17, -1046178.03, 207472.187, 376.557082, 19.127022, 93.6087209, 1.23809529, 1.23809529, 5e+15, 0.347528201, 0.0444994024, 0.0962196647, 0.386156684, -0.032098858, -0.34135404, -0.373996858, 0.0308197995, 0.0652168547, 0.0961395093, 0, 1.65710042e-08, 1.65710042e-08, 410633.672, 410633.672, 0, 0.27, 3.332, 0, -0.373452898, 0.0960366542, 0, 4.99999988e+15, 0.00599964916, 0.133910125, 0, 0
0.23125, 0, 0, 5e+15, 0, 1.71228392e-13, 3.718e+18, 6.44e+20, 4.85, 4, 172.579202, 19.1241394, 1.23809529, 1066919.87, 3.06459089e+17, 9.89738953e+09, 1.70387662e+12, 0.400282868, -170.87257, -174.418889, 5e+15, 5.93834674e+17, -1046334.88, 208569.618, 376.553829, 19.1241394, 93.2155822, 1.23809529, 1.23809529, 5e+15, 0.362487303, 0.0441960935, 0.0966098877, 0.400836595, -0.0318652998, -0.355975746, -0.388385989, 0.0306251095, 0.0683981699, 0.0991272489, 0, 1.6570801e-08, 1.6570801e-08, 426468.687, 426468.687, 0, 0.27, 3.332, 0, -0.387841045, 0.0990232795, 0, 4.99999988e+15, 0.00607841951, 0.134677062, 0, 0
0.233035675, 0, 0, 5e+15, 0, 1.71184181e-13, 3.718e+18, 6.44e+20, 4.85, 4, 172.541852, 19.1229806, 1.23809529, 1067067.52, 3.12284946e+17, 9.86761708e+09, 1.73223905e+12, 0.40643716, -170.835315, -174.382078, 5e+15, 5.92132493e+17, -1046398.09, 209007.009, 376.552529, 19.1229806, 93.2155822, 1.23809529, 1.23809529, 5e+15, 0.368753513, 0.0440734603, 0.0967597008, 0.406991405, -0.0317711017, -0.362098854, -0.394415299, 0.0305461439, 0.069739083, 0.100389635, 0, 1.65707197e-08, 1.65707197e-08, 433116.048, 433116.048, 0, 0.27, 3.332, 0, -0.393869955, 0.100285227, 0, 4.99999988e+15, 0.00611083584, 0.134991289, 0, 0
0.2375, 0, 0, 5e+15, 0, 1.71073916e-13, 3.718e+18, 6.44e+20, 4.85, 4, 172.448366, 19.120053, 1.23809529, 1067438.94, 3.27399002e+17, 9.79458997e+09, 1.80548181e+12, 0.421661103, -170.742064, -174.289942, 5e+15, 5.87901407e+17, -1046557.45, 210103.238, 376.549282, 19.120053, 92.8236418, 1.23809529, 1.23809529, 5e+15, 0.384256527, 0.0437683454, 0.0971371478, 0.422216643, -0.0315369675, -0.37724645, -0.409329761, 0.0303494272, 0.0730629196, 0.103517872, 0, 1.65705168e-08, 1.65705168e-08, 449546.6, 449546.6, 0, 0.27, 3.332, 0, -0.408783418, 0.103412347, 0, 4.99999988e+15, 0.00619225971, 0.135771037, 0, 0
0.239285675, 0, 0, 5e+15, 0, 1.71029811e-13, 3.718e+18, 6.44e+20, 4.85, 4, 172.410743, 19.1188766, 1.23809529, 1067588.03, 3.33508075e+17, 9.76498548e+09, 1.83485057e+12, 0.428039562, -170.704536, -174.252845, 5e+15, 5.86202951e+17, -1046621.63, 210540.141, 376.547983, 19.1188766, 92.512499, 1.23809529, 1.23809529, 5e+15, 0.390745663, 0.0436458431, 0.0972818894, 0.42859562, -0.0314431758, -0.383584812, -0.415574739, 0.0302702201, 0.0744635987, 0.104839784, 0, 1.65704356e-08, 1.65704356e-08, 456439.367, 456439.367, 0, 0.27, 3.332, 0, -0.415027988, 0.104733818, 0, 4.99999988e+15, 0.00622582744, 0.136090524, 0, 0
0.24375, 0, 0, 5e+15, 0, 1.70919808e-13, 3.718e+18, 6.44e+20, 4.85, 4, 172.316572, 19.1159042, 1.23809529, 1067963.07, 3.49346165e+17, 9.69217065e+09, 1.91063298e+12, 0.443818812, -170.610603, -174.159993, 5e+15, 5.81967843e+17, -1046783.48, 211635.13, 376.544741, 19.1159042, 92.1219745, 1.23809529, 1.23809529, 5e+15, 0.406801719, 0.043340088, 0.0976464366, 0.444376172, -0.0312092957, -0.399266434, -0.431023497, 0.0300722977, 0.0779355401, 0.108114921, 0, 1.65702331e-08, 1.65702331e-08, 473477.32, 473477.32, 0, 0.27, 3.332, 0, -0.430475729, 0.108007838, 0, 4.99999988e+15, 0.00630998207, 0.136883376, 0, 0
0.245535675, 0, 0, 5e+15, 0, 1.70875806e-13, 3.718e+18, 6.44e+20, 4.85, 4, 172.278676, 19.1147104, 1.23809529, 1068113.58, 3.5574489e+17, 9.66279997e+09, 1.94100486e+12, 0.450420918, -170.572803, -174.122612, 5e+15, 5.80277607e+17, -1046848.65, 212071.531, 376.543444, 19.1147104, 92.1219745, 1.23809529, 1.23809529, 5e+15, 0.413513054, 0.0432180412, 0.0977860657, 0.450978801, -0.0311161451, -0.405819066, -0.437483393, 0.0299930744, 0.0793970407, 0.109497639, 0, 1.6570152e-08, 1.6570152e-08, 480615.453, 480615.453, 0, 0.27, 3.332, 0, -0.436935211, 0.109390115, 0, 4.99999988e+15, 0.00634475491, 0.137208199, 0, 0
0.25, 0, 0, 5e+15, 0, 1.70766063e-13, 3.718e+18, 6.44e+20, 4.85, 4, 172.183822, 19.1116937, 1.23809529, 1068492.22, 3.7232473e+17, 9.59040107e+09, 2.01932611e+12, 0.466756334, -170.478187, -174.029047, 5e+15, 5.76052427e+17, -1047012.97, 213165.244, 376.540207, 19.1116937, 91.73307, 1.23809529, 1.23809529, 5e+15, 0.430122311, 0.0429126554, 0.0981376107, 0.467315527, -0.0308832489, -0.422034163, -0.453466627, 0.0297946458, 0.0830202477, 0.112923539, 0, 1.65699497e-08, 1.65699497e-08, 498262.991, 498262.991, 0, 0.27, 3.332, 0, -0.452917412, 0.112814893, 0, 4.99999988e+15, 0.00643175955, 0.138014367, 0, 0
0.251785675, 0, 0, 5e+15, 0, 1.70722165e-13, 3.718e+18, 6.44e+20, 4.85, 4, 172.145653, 19.1104827, 1.23809529, 1068644.13, 3.79017745e+17, 9.56131342e+09, 2.05068696e+12, 0.473579121, -170.440114, -173.99138, 5e+15, 5.74373857e+17, -1047079.1, 213601.128, 376.538912, 19.1104827, 91.4247495, 1.23809529, 1.23809529, 5e+15, 0.437052734, 0.0427913143, 0.0982720947, 0.47413884, -0.0307909214, -0.428797762, -0.46013832, 0.0297155794, 0.0845430453, 0.114367712, 0, 1.65698689e-08, 1.65698689e-08, 505643.834, 505643.834, 0, 0.27, 3.332, 0, -0.459588684, 0.114258624, 0, 4.99999988e+15, 0.00646779813, 0.138344586, 0, 0
0.25625, 0, 0, 5e+15, 0, 1.70612679e-13, 3.718e+18, 6.44e+20, 4.85, 4, 172.050115, 19.107422, 1.23809529, 1069026.34, 3.96351723e+17, 9.48949313e+09, 2.13151409e+12, 0.490464947, -170.344815, -173.897103, 5e+15, 5.70169893e+17, -1047245.89, 214693.523, 376.53568, 19.107422, 91.0376558, 1.23809529, 1.23809529, 5e+15, 0.454208903, 0.042487121, 0.0986105566, 0.491025985, -0.0305596118, -0.445539521, -0.47664982, 0.0295172079, 0.088319061, 0.117946479, 0, 1.65696669e-08, 1.65696669e-08, 523896.099, 523896.099, 0, 0.27, 3.332, 0, -0.476099133, 0.117836269, 0, 4.99999988e+15, 0.00655780291, 0.139164233, 0, 0
0.258035675, 0, 0, 5e+15, 0, 1.70568884e-13, 3.718e+18, 6.44e+20, 4.85, 4, 172.011675, 19.106194, 1.23809529, 1069179.63, 4.03342301e+17, 9.46072146e+09, 2.16384165e+12, 0.497503645, -170.30647, -173.859153, 5e+15, 5.68505422e+17, -1047312.97, 215128.876, 376.534387, 19.106194, 91.0376558, 1.23809529, 1.23809529, 5e+15, 0.461353565, 0.0423666635, 0.0987398708, 0.498065213, -0.0304682359, -0.452509093, -0.483528445, 0.0294384223, 0.0899031863, 0.119452261, 0, 1.65695861e-08, 1.65695861e-08, 531515.067, 531515.067, 0, 0.27, 3.332, 0, -0.482977329, 0.119341609, 0, 4.99999989e+15, 0.00659516947, 0.139499898, 0, 0
0.2625, 0, 0, 5e+15, 0, 1.70459655e-13, 3.718e+18, 6.44e+20, 4.85, 4, 171.915454, 19.1030898, 1.23809529, 1069565.34, 4.21438817e+17, 9.38959904e+09, 2.24711836e+12, 0.514929239, -170.210489, -173.764165, 5e+15, 5.64331185e+17, -1047482.19, 216219.911, 376.531159, 19.1030898, 90.6525503, 1.23809529, 1.23809529, 5e+15, 0.479045637, 0.042064287, 0.0990651894, 0.515492136, -0.0302389735, -0.469766117, -0.500557275, 0.029240532, 0.0938323511, 0.123184661, 0, 1.65693843e-08, 1.65693843e-08, 550361.977, 550361.977, 0, 0.27, 3.332, 0, -0.500005091, 0.123072883, 0, 4.99999989e+15, 0.00668834117, 0.140333157, 0, 0
0.264285675, 0, 0, 5e+15, 0, 1.70415962e-13, 3.718e+18, 6.44e+20, 4.85, 4, 171.876742, 19.101845, 1.23809529, 1069720.01, 4.28728897e+17, 9.36116155e+09, 2.28038304e+12, 0.522177403, -170.171872, -173.725931, 5e+15, 5.62682329e+17, -1047550.21, 216654.718, 376.529868, 19.101845, 90.3475979, 1.23809529, 1.23809529, 5e+15, 0.486398067, 0.0419448246, 0.0991893167, 0.522740835, -0.030148627, -0.47693509, -0.507636336, 0.0291621079, 0.0954774571, 0.124751786, 0, 1.65693037e-08, 1.65693037e-08, 558212.681, 558212.681, 0, 0.27, 3.332, 0, -0.507083717, 0.124639565, 0, 4.99999989e+15, 0.00672709462, 0.140674313, 0, 0
0.26875, 0, 0, 5e+15, 0, 1.70306988e-13, 3.718e+18, 6.44e+20, 4.85, 4, 171.77984, 19.098698, 1.23809529, 1070109.19, 4.4759273e+17, 9.29081404e+09, 2.36603319e+12, 0.540127835, -170.07521, -173.630231, 5e+15, 5.58543654e+17, -1047721.83, 217744.352, 376.526644, 19.098698, 89.9646447, 1.23809529, 1.23809529, 5e+15, 0.504610912, 0.0416446952, 0.0995014511, 0.540692608, -0.0299217281, -0.49469197, -0.525167402, 0.0289649929, 0.0995591267, 0.128637468, 0, 1.65691023e-08, 1.65691023e-08, 577639.552, 577639.552, 0, 0.27, 3.332, 0, -0.524613698, 0.128524119, 0, 4.99999989e+15, 0.00682360172, 0.141521296, 0, 0
0.270535675, 0, 0, 5e+15, 0, 1.70263397e-13, 3.718e+18, 6.44e+20, 4.85, 4, 171.740856, 19.0974367, 1.23809529, 1070265.21, 4.55183752e+17, 9.26271675e+09, 2.40020247e+12, 0.547578436, -170.036321, -173.591715, 5e+15, 5.56911173e+17, -1047790.78, 218178.596, 376.525355, 19.0974367, 89.9646447, 1.23809529, 1.23809529, 5e+15, 0.512164104, 0.0415262845, 0.0996203812, 0.548143748, -0.0298324461, -0.502053274, -0.532439867, 0.0288869765, 0.1012646, 0.130265369, 0, 1.65690217e-08, 1.65690217e-08, 585714.969, 585714.969, 0, 0.27, 3.332, 0, -0.53188572, 0.130151576, 0, 4.99999989e+15, 0.00686379375, 0.141867982, 0, 0
0.275, 0, 0, 5e+15, 0, 1.70154676e-13, 3.718e+18, 6.44e+20, 4.85, 4, 171.643274, 19.0942475, 1.23809529, 1070657.8, 4.74817939e+17, 9.19318373e+09, 2.48814036e+12, 0.566036755, -169.938977, -173.495306, 5e+15, 5.52811519e+17, -1047964.76, 219266.791, 376.522136, 19.0942475, 89.583995, 1.23809529, 1.23809529, 5e+15, 0.530880725, 0.0412286583, 0.0999193082, 0.566603421, -0.0296080934, -0.520292833, -0.550456177, 0.0286908185, 0.105497404, 0.134303144, 0, 1.65688205e-08, 1.65688205e-08, 605704.932, 605704.932, 0, 0.27, 3.332, 0, -0.549900927, 0.134188222, 0, 4.99999989e+15, 0.00696379261, 0.142728784, 0, 0
0.276785675, 0, 0, 5e+15, 0, 1.70111185e-13, 3.718e+18, 6.44e+20, 4.85, 4, 171.604018, 19.09297, 1.23809529, 1070815.15, 4.82710736e+17, 9.16542357e+09, 2.52317884e+12, 0.57368209, -169.899818, -173.456507, 5e+15, 5.511956e+17, -1048034.64, 219700.459, 376.520849, 19.09297, 89.2828744, 1.23809529, 1.23809529, 5e+15, 0.538627035, 0.0411113135, 0.100033037, 0.574249301, -0.0295198764, -0.527838785, -0.55791436, 0.0286132302, 0.10726246, 0.135991057, 0, 1.65687401e-08, 1.65687401e-08, 613997.3, 613997.3, 0, 0.27, 3.332, 0, -0.557358661, 0.13587569, 0, 4.99999989e+15, 0.00700546531, 0.143081034, 0, 0
0.28125, 0, 0, 5e+15, 0, 1.70002715e-13, 3.718e+18, 6.44e+20, 4.85, 4, 171.505756, 19.0897394, 1.23809529, 1071211.11, 5.03116742e+17, 9.09671428e+09, 2.6133112e+12, 0.592629625, -169.801794, -173.359389, 5e+15, 5.47136494e+17, -1048210.96, 220787.174, 376.517636, 19.0897394, 88.9046666, 1.23809529, 1.23809529, 5e+15, 0.557828834, 0.0408163059, 0.100318749, 0.593198204, -0.0292981408, -0.546542306, -0.576397265, 0.0284181239, 0.111644551, 0.140179174, 0, 1.65685393e-08, 1.65685393e-08, 634531.605, 634531.605, 0, 0.27, 3.332, 0, -0.575840446, 0.140062675, 0, 4.99999989e+15, 0.00710908986, 0.143955743, 0, 0
0.283035675, 0, 0, 5e+15, 0, 1.69959325e-13, 3.718e+18, 6.44e+20, 4.85, 4, 171.46623, 19.0884458, 1.23809529, 1071369.77, 5.1131128e+17, 9.0692823e+09, 2.64917936e+12, 0.600461075, -169.762363, -173.320308, 5e+15, 5.45536939e+17, -1048281.74, 221220.253, 376.51635, 19.0884458, 88.9046666, 1.23809529, 1.23809529, 5e+15, 0.565759719, 0.0407000147, 0.100427277, 0.601030205, -0.0292109671, -0.554264337, -0.584032579, 0.0283409696, 0.113468207, 0.141926122, 0, 1.6568459e-08, 1.6568459e-08, 643032.156, 643032.156, 0, 0.27, 3.332, 0, -0.583475303, 0.141809177, 0, 4.99999989e+15, 0.0071522752, 0.144313594, 0, 0
0.2875, 0, 0, 5e+15, 0, 1.69851105e-13, 3.718e+18, 6.44e+20, 4.85, 4, 171.36729, 19.0851746, 1.23809529, 1071769.04, 5.32488422e+17, 9.00138426e+09, 2.74140313e+12, 0.619876921, -169.663661, -173.222483, 5e+15, 5.41518497e+17, -1048460.36, 222305.453, 376.513141, 19.0851746, 88.5290262, 1.23809529, 1.23809529, 5e+15, 0.58542594, 0.0404076379, 0.100699781, 0.620447432, -0.028991834, -0.573410996, -0.602961244, 0.0281469493, 0.117997243, 0.146262271, 0, 1.65682584e-08, 1.65682584e-08, 664089.608, 664089.608, 0, 0.27, 3.332, 0, -0.60240283, 0.146144192, 0, 4.99999989e+15, 0.00725963128, 0.145202295, 0, 0
0.289285675, 0, 0, 5e+15, 0, 1.69807813e-13, 3.718e+18, 6.44e+20, 4.85, 4, 171.327493, 19.0838654, 1.23809529, 1071928.99, 5.40983275e+17, 8.9742685e+09, 2.77805505e+12, 0.627884391, -169.62396, -173.18312, 5e+15, 5.39934897e+17, -1048532.03, 222737.93, 376.511858, 19.0838654, 88.2321222, 1.23809529, 1.23809529, 5e+15, 0.593531392, 0.0402923721, 0.100803113, 0.62845546, -0.0289056677, -0.581299102, -0.610763647, 0.0280702259, 0.119878228, 0.148066981, 0, 1.65681782e-08, 1.65681782e-08, 672787.971, 672787.971, 0, 0.27, 3.332, 0, -0.61020477, 0.147948454, 0, 4.99999989e+15, 0.00730435217, 0.145565785, 0, 0
0.29375, 0, 0, 5e+15, 0, 1.69699841e-13, 3.718e+18, 6.44e+20, 4.85, 4, 171.227874, 19.0805543, 1.23809529, 1072331.52, 5.62927511e+17, 8.90715596e+09, 2.87225207e+12, 0.647744252, -169.524579, -173.084589, 5e+15, 5.35956343e+17, -1048712.9, 223821.583, 376.508653, 19.0805543, 87.8591629, 1.23809529, 1.23809529, 5e+15, 0.613637938, 0.0400025732, 0.101062428, 0.648316717, -0.0286890668, -0.600864798, -0.630113898, 0.0278772901, 0.12455119, 0.152548143, 0, 1.6567978e-08, 1.6567978e-08, 694343.685, 694343.685, 0, 0.27, 3.332, 0, -0.629553866, 0.152428481, 0, 4.99999989e+15, 0.00741551713, 0.146468564, 0, 0
0.295535675, 0, 0, 5e+15, 0, 1.69656648e-13, 3.718e+18, 6.44e+20, 4.85, 4, 171.187807, 19.0792297, 1.23809529, 1072492.74, 5.71720589e+17, 8.88034374e+09, 2.90963899e+12, 0.6559171, -169.484607, -173.044944, 5e+15, 5.34388216e+17, -1048785.44, 224253.447, 376.507371, 19.0792297, 87.7123918, 1.23809529, 1.23809529, 5e+15, 0.621907401, 0.0398882999, 0.101160574, 0.656490129, -0.0286038676, -0.60890847, -0.638072841, 0.0278009929, 0.126487972, 0.154409075, 0, 1.65678979e-08, 1.65678979e-08, 703228.876, 703228.876, 0, 0.27, 3.332, 0, -0.637512338, 0.154288965, 0, 4.99999989e+15, 0.00746178964, 0.14683773, 0, 0
0.3, 0, 0, 5e+15, 0, 1.69548922e-13, 3.718e+18, 6.44e+20, 4.85, 4, 171.087512, 19.0758798, 1.23809529, 1072898.47, 5.94425879e+17, 8.81398522e+09, 3.00568259e+12, 0.676194934, -169.38455, -172.945708, 5e+15, 5.30448348e+17, -1048968.52, 225335.526, 376.504171, 19.0758798, 86.9749113, 1.23809529, 1.23809529, 5e+15, 0.642428453, 0.0396009971, 0.10140673, 0.676769375, -0.0283897007, -0.628867475, -0.657818852, 0.0276091264, 0.131301186, 0.159031562, 0, 1.65676979e-08, 1.65676979e-08, 725256.038, 725256.038, 0, 0.27, 3.332, 0, -0.657257176, 0.158910313, 0, 4.99999989e+15, 0.00757681656, 0.147754671, 0, 0
0.301785675, 0, 0, 5e+15, 0, 1.69505827e-13, 3.718e+18, 6.44e+20, 4.85, 4, 171.047176, 19.0745402, 1.23809529, 1073060.94, 6.03512143e+17, 8.78746465e+09, 3.04374249e+12, 0.684519419, -169.344308, -172.905782, 5e+15, 5.28895228e+17, -1049041.93, 225766.768, 376.502891, 19.0745402, 86.8293052, 1.23809529, 1.23809529, 5e+15, 0.650848261, 0.0394876864, 0.101499704, 0.685094431, -0.0283054297, -0.637053108, -0.665920692, 0.0275332527, 0.133291809, 0.16094676, 0, 1.65676179e-08, 1.65676179e-08, 734313.712, 734313.712, 0, 0.27, 3.332, 0, -0.665358537, 0.160825062, 0, 4.99999989e+15, 0.00762465279, 0.148129563, 0, 0
0.30625, 0, 0, 5e+15, 0, 1.69398345e-13, 3.718e+18, 6.44e+20, 4.85, 4, 170.946205, 19.0711522, 1.23809529, 1073469.8, 6.26965724e+17, 8.72182847e+09, 3.14147649e+12, 0.70518255, -169.243575, -172.805843, 5e+15, 5.24992752e+17, -1049227.18, 226847.247, 376.499695, 19.0711522, 86.8293052, 1.23809529, 1.23809529, 5e+15, 0.671751341, 0.0392027924, 0.101732742, 0.705758991, -0.0280935921, -0.657373089, -0.686030028, 0.0273424397, 0.13824062, 0.1657059, 0, 1.65674183e-08, 1.65674183e-08, 756778.305, 756778.305, 0, 0.27, 3.332, 0, -0.685466681, 0.16558306, 0, 4.99999989e+15, 0.00774357772, 0.149060777, 0, 0
0.308035675, 0, 0, 5e+15, 0, 1.69355347e-13, 3.718e+18, 6.44e+20, 4.85, 4, 170.905599, 19.0697978, 1.23809529, 1073633.5, 6.36332344e+17, 8.69558924e+09, 3.18011155e+12, 0.713636557, -169.203064, -172.765636, 5e+15, 5.23454227e+17, -1049301.43, 227277.86, 376.498417, 19.0697978, 86.8293052, 1.23809529, 1.23809529, 5e+15, 0.680299424, 0.039090419, 0.101820563, 0.714213574, -0.0280102144, -0.665678744, -0.69425279, 0.0272669897, 0.140281921, 0.1676722, 0, 1.65673384e-08, 1.65673384e-08, 765985.065, 765985.065, 0, 0.27, 3.332, 0, -0.693688958, 0.16754891, 0, 4.99999989e+15, 0.00779298849, 0.149441465, 0, 0
0.3125, 0, 0, 5e+15, 0, 1.69248108e-13, 3.718e+18, 6.44e+20, 4.85, 4, 170.803953, 19.0663726, 1.23809529, 1074045.45, 6.60503467e+17, 8.630647e+09, 3.27929828e+12, 0.734634185, -169.101655, -172.664992, 5e+15, 5.19587956e+17, -1049488.82, 228356.722, 376.495226, 19.0663726, 86.464953, 1.23809529, 1.23809529, 5e+15, 0.70153387, 0.0388078574, 0.102040537, 0.735212648, -0.0278006085, -0.686309334, -0.714674983, 0.0270772221, 0.145359042, 0.172560697, 0, 1.6567139e-08, 1.6567139e-08, 788833.49, 788833.49, 0, 0.27, 3.332, 0, -0.714109942, 0.172436264, 0, 4.9999999e+15, 0.00791583891, 0.150387107, 0, 0
0.314285675, 0, 0, 5e+15, 0, 1.69205207e-13, 3.718e+18, 6.44e+20, 4.85, 4, 170.763078, 19.0650039, 1.23809529, 1074210.36, 6.70126024e+17, 8.60468056e+09, 3.31835744e+12, 0.743183434, -169.060876, -172.624504, 5e+15, 5.18063687e+17, -1049563.89, 228786.699, 376.49395, 19.0650039, 86.177344, 1.23809529, 1.23809529, 5e+15, 0.710175975, 0.0386964028, 0.10212323, 0.743762481, -0.0277180952, -0.694701077, -0.722984705, 0.0270021992, 0.147445653, 0.174572736, 0, 1.65670592e-08, 1.65670592e-08, 798152.798, 798152.798, 0, 0.27, 3.332, 0, -0.722419172, 0.174447852, 0, 4.9999999e+15, 0.007966836, 0.150773665, 0, 0
0.31875, 0, 0, 5e+15, 0, 1.69098208e-13, 3.718e+18, 6.44e+20, 4.85, 4, 170.660759, 19.0615424, 1.23809529, 1074625.33, 6.9495575e+17, 8.5404086e+09, 3.41863125e+12, 0.764436894, -168.958794, -172.523156, 5e+15, 5.14232635e+17, -1049753.36, 229863.93, 376.490762, 19.0615424, 85.8160123, 1.23809529, 1.23809529, 5e+15, 0.731663208, 0.0384161165, 0.102330214, 0.765017404, -0.0275106395, -0.715564399, -0.7436418, 0.0268134801, 0.152638855, 0.179578366, 0, 1.65668602e-08, 1.65668602e-08, 821301.377, 821301.377, 0, 0.27, 3.332, 0, -0.743075038, 0.179452335, 0, 4.9999999e+15, 0.00809363835, 0.151733906, 0, 0
0.320535675, 0, 0, 5e+15, 0, 1.69055402e-13, 3.718e+18, 6.44e+20, 4.85, 4, 170.619615, 19.0601595, 1.23809529, 1074791.43, 7.04801194e+17, 8.51470794e+09, 3.45792495e+12, 0.773038825, -168.917746, -172.482386, 5e+15, 5.12722351e+17, -1049829.26, 230293.268, 376.489488, 19.0601595, 85.8160123, 1.23809529, 1.23809529, 5e+15, 0.740356806, 0.0383055681, 0.102407818, 0.773619926, -0.0274289676, -0.72400033, -0.751996558, 0.0267388906, 0.154763052, 0.181628425, 0, 1.65667805e-08, 1.65667805e-08, 830687.718, 830687.718, 0, 0.27, 3.332, 0, -0.751429297, 0.181501943, 0, 4.9999999e+15, 0.00814623579, 0.15212637, 0, 0
0.325, 0, 0, 5e+15, 0, 1.68948642e-13, 3.718e+18, 6.44e+20, 4.85, 4, 170.516623, 19.0566626, 1.23809529, 1075209.39, 7.30206931e+17, 8.45108731e+09, 3.55881568e+12, 0.79444759, -168.814991, -172.380332, 5e+15, 5.08925759e+17, -1050020.77, 231368.859, 376.486306, 19.0566626, 85.4577594, 1.23809529, 1.23809529, 5e+15, 0.761996384, 0.0380275182, 0.10260191, 0.795030171, -0.0272235971, -0.744997349, -0.772789453, 0.0265512317, 0.160054423, 0.186733286, 0, 1.65665817e-08, 1.65665817e-08, 854029.106, 854029.106, 0, 0.27, 3.332, 0, -0.772220946, 0.186605654, 0, 4.9999999e+15, 0.00827702095, 0.153101309, 0, 0
0.326785675, 0, 0, 5e+15, 0, 1.68905931e-13, 3.718e+18, 6.44e+20, 4.85, 4, 170.475212, 19.0552659, 1.23809529, 1075376.66, 7.40253066e+17, 8.42564661e+09, 3.59820667e+12, 0.803073033, -168.773675, -172.33928, 5e+15, 5.07429273e+17, -1050097.47, 231797.554, 376.485033, 19.0552659, 85.1750984, 1.23809529, 1.23809529, 5e+15, 0.770712406, 0.0379178676, 0.10267447, 0.803656212, -0.0271427475, -0.753449301, -0.781161062, 0.0264770831, 0.162208604, 0.188813771, 0, 1.65665021e-08, 1.65665021e-08, 863451.345, 863451.345, 0, 0.27, 3.332, 0, -0.780592049, 0.188685687, 0, 4.9999999e+15, 0.00833123555, 0.153499659, 0, 0
0.33125, 0, 0, 5e+15, 0, 1.68799408e-13, 3.718e+18, 6.44e+20, 4.85, 4, 170.371548, 19.0517343, 1.23809529, 1075797.55, 7.66171081e+17, 8.36266214e+09, 3.69933601e+12, 0.824559205, -168.670248, -172.236521, 5e+15, 5.0366663e+17, -1050291, 232871.502, 376.481855, 19.0517343, 84.8199737, 1.23809529, 1.23809529, 5e+15, 0.792426646, 0.0376420291, 0.102855791, 0.825143883, -0.0269394106, -0.774504428, -0.802014118, 0.0262905022, 0.167579403, 0.193999141, 0, 1.65663036e-08, 1.65663036e-08, 886902.432, 886902.432, 0, 0.27, 3.332, 0, -0.801443839, 0.193869905, 0, 4.9999999e+15, 0.00846604175, 0.154489282, 0, 0
0.333035675, 0, 0, 5e+15, 0, 1.68756791e-13, 3.718e+18, 6.44e+20, 4.85, 4, 170.329868, 19.050324, 1.23809529, 1075965.97, 7.76406455e+17, 8.33747636e+09, 3.73871994e+12, 0.833191417, -168.628664, -172.195188, 5e+15, 5.02183798e+17, -1050368.48, 233299.554, 376.480584, 19.050324, 84.8199737, 1.23809529, 1.23809529, 5e+15, 0.801148349, 0.0375332697, 0.10292336, 0.8337767, -0.026859367, -0.782955548, -0.810385708, 0.0262168023, 0.169762014, 0.196108506, 0, 1.65662241e-08, 1.65662241e-08, 896342.674, 896342.674, 0, 0.27, 3.332, 0, -0.809814914, 0.195978816, 0, 4.9999999e+15, 0.00852189299, 0.154895724, 0, 0
0.3375, 0, 0, 5e+15, 0, 1.68650504e-13, 3.718e+18, 6.44e+20, 4.85, 4, 170.225534, 19.0467584, 1.23809529, 1076389.75, 8.02782993e+17, 8.27511554e+09, 3.83971174e+12, 0.854688735, -168.524567, -172.091723, 5e+15, 4.98454723e+17, -1050563.97, 234371.86, 376.477409, 19.0467584, 84.4680178, 1.23809529, 1.23809529, 5e+15, 0.822870941, 0.0372596273, 0.103092055, 0.855275535, -0.026658023, -0.804002252, -0.831232351, 0.0260313203, 0.175205414, 0.201367578, 0, 1.65660258e-08, 1.65660258e-08, 919832.48, 919832.48, 0, 0.27, 3.332, 0, -0.830660275, 0.201236734, 0, 4.9999999e+15, 0.00866076625, 0.155905587, 0, 0
0.339285675, 0, 0, 5e+15, 0, 1.6860798e-13, 3.718e+18, 6.44e+20, 4.85, 4, 170.183587, 19.0453347, 1.23809529, 1076559.32, 8.10073468e+17, 8.25018013e+09, 3.86311444e+12, 0.859997968, -168.482716, -172.049976, 5e+15, 4.96981324e+17, -1050642.23, 234799.267, 376.47614, 19.0453347, 84.2066821, 1.23809529, 1.24419414, 5e+15, 0.828251726, 0.0371517543, 0.103155159, 0.860585373, -0.0265787714, -0.809025647, -0.836177016, 0.0259580767, 0.17741498, 0.203504355, 0, 1.65659464e-08, 1.65659464e-08, 925686.899, 925686.899, 0, 0.27, 3.332, 0, -0.835604418, 0.203373056, 0, 4.9999999e+15, 0.00871703625, 0.156215106, 0, 0
0.34375, 0, 0, 5e+15, 0, 1.68501926e-13, 3.718e+18, 6.44e+20, 4.85, 4, 170.078583, 19.0417359, 1.23809529, 1076985.94, 8.2871364e+17, 8.18843211e+09, 3.92263022e+12, 0.873211255, -168.37795, -171.945474, 5e+15, 4.93274925e+17, -1050839.68, 235869.933, 376.472971, 19.0417359, 83.8579277, 1.23809529, 1.24419414, 5e+15, 0.841644771, 0.0368802975, 0.103312556, 0.87380018, -0.0263793858, -0.821527124, -0.848480409, 0.0257737144, 0.182918218, 0.208824388, 0, 1.65657484e-08, 1.65657484e-08, 940244.499, 940244.499, 0, 0.27, 3.332, 0, -0.84790651, 0.208691933, 0, 4.9999999e+15, 0.0088569938, 0.156981481, -1.21738214e-11, -1.08317722e-11
0.345535675, 0, 0, 5e+15, 0, 1.68459495e-13, 3.718e+18, 6.44e+20, 4.85, 4, 170.036369, 19.0402992, 1.24419414, 1077042.68, 8.91455431e+17, 8.1621726e+09, 4.18191514e+12, 0.943641868, -168.335838, -171.905339, 5e+15, 4.07966271e+20, -1050843.4, 236112.429, 376.471703, 19.0402992, 83.8579277, 1.25029299, 1.24419414, 5e+15, 0.912251879, 0.0366782044, 0.102989882, 0.944230789, -0.0262959538, -0.890893183, -0.917763563, 0.0255693807, 0.196223022, 0.221922483, 0, 1.65656692e-08, 1.65656692e-08, 1015987.61, 1015987.61, 0, 0.27, 3.332, 0, -0.917189135, 0.221792403, 0, 3.54469887e+15, 0.00895078972, 0.156653965, 103211.399, 26780.9319
0.35, 0, 0, 5e+15, 0, 1.68353673e-13, 3.718e+18, 6.44e+20, 4.85, 4, 169.930696, 19.0366679, 1.25944174, 1077186, 1.07103496e+18, 8.09717828e+09, 4.91424024e+12, 1.1193541, -168.230418, -171.804906, 5e+15, 1.43750946e+21, -1050853.5, 236720.385, 376.468538, 19.0366679, 83.5526264, 1.28078819, 1.25944174, 5e+15, 1.08841176, 0.0361708548, 0.102191119, 1.119943, -0.0260860723, -1.0639637, -1.09062552, 0.0250568866, 0.229393501, 0.254574535, 0, 1.65654714e-08, 1.65654714e-08, 1204763.57, 1204763.57, 0, 0.27, 3.332, 0, -1.09004977, 0.254450388, 0, 1.49999997e+15, 0.00916089522, 0.155767919, 2e+18, 1.80270164e+16
0.35, 0, 0, 1.5e+15, 0, 1.68353673e-13, 3.718e+18, 6.44e+20, 4.85, 4, 169.930696, 19.0366679, 1.25944174, 1076815, 1.07103496e+18, 8.09717828e+09, 4.91424024e+12, 1.1193541, -168.230418, -171.804906, 1.5e+15, 1.43750946e+21, -1051654.22, 231417.21, 376.468538, 19.0366679, 83.5526264, 1.28078819, 1.25944174, 1.5e+15, 1.08841176, 0.0361708548, 0.102191119, 1.119943, -0.0260860723, -1.0639637, -1.09062552, 0.0250568866, 0.229393501, 0.254574535, 0, 1.65654714e-08, 1.65654714e-08, 1204763.57, 1204763.57, 0, 0.27, 3.332, 0, -1.09004977, 0.254450388, 0, 1.49999997e+15, 0.00916089522, 0.155767919, 2e+18, 1.80270164e+16
0.368883528, 0, 0, 1.5e+15, 0, 1.67910381e-13, 3.718e+18, 6.44e+20, 4.85, 4, 169.49378, 19.0310311, 1.26554059, 1076752.74, 1.13788742e+18, 8.04079968e+09, 5.24327748e+12, 1.19670985, -167.793704, -171.370116, 1.5e+15, 1.42850652e+21, -1051725.64, 230799.383, 376.455227, 19.0310311, 84.4745615, 1.28078819, 1.26554059, 1.5e+15, 1.16609359, 0.0359117522, 0.101663517, 1.19730361, -0.0259084099, -1.14143912, -1.16792886, 0.0248678038, 0.238268245, 0.263257137, 0, 1.65646398e-08, 1.65646398e-08, 1288281.48, 1288281.48, 0, 0.27, 3.332, 0, -1.16734753, 0.263136049, 0, 1.49999997e+15, 0.00914718141, 0.155729273, 2e+18, 1.6784403e+16
0.4160938, 0, 0, 1.5e+15, 0, 1.66804829e-13, 3.718e+18, 6.44e+20, 4.85, 4, 168.400923, 19.01706, 1.28078819, 1076573.17, 1.32669754e+18, 7.9031457e+09, 6.1836707e+12, 1.39237355, -166.701344, -170.282669, 1.5e+15, 1.40610607e+21, -1051895.42, 229185.076, 376.421994, 19.01706, 86.8699233, 1.28078819, 1.28078819, 1.5e+15, 1.36258237, 0.0352629776, 0.100348594, 1.3929794, -0.0254646274, -1.33742031, -1.36348018, 0.0243932438, 0.260648398, 0.285155068, 0, 1.65625633e-08, 1.65625633e-08, 1499296.41, 1499296.41, 0, 0.27, 3.332, 0, -1.36288494, 0.285041642, 0, 1.49999997e+15, 0.00910212198, 0.155563663, 2e+18, 1.400199e+16
0.4349773, 0, 0, 1.5e+15, 0, 1.66370755e-13, 3.718e+18, 6.44e+20, 4.85, 4, 167.972438, 19.0211718, 1.28078819, 1076196.76, 1.36012339e+18, 7.79505288e+09, 6.37115977e+12, 1.43499889, -166.273281, -169.855175, 1.5e+15, 1.38776834e+21, -1051705.14, 228284.289, 376.408843, 19.0211718, 86.8699233, 1.28078819, 1.28078819, 1.5e+15, 1.40557091, 0.034774689, 0.0992730414, 1.43560895, -0.0251264713, -1.37888173, -1.40460893, 0.024040344, 0.272547459, 0.296695931, 0, 1.65617416e-08, 1.65617416e-08, 1544627.28, 1544627.28, 0, 0.27, 3.332, 0, -1.40400821, 0.296587804, 0, 1.49999997e+15, 0.00907211183, 0.154869503, 2e+18, 1.34076399e+16
0.4821875, 0, 0, 1.5e+15, 0, 1.65288218e-13, 3.718e+18, 6.44e+20, 4.85, 4, 166.901582, 19.0319654, 1.28078819, 1075207.25, 1.44864744e+18, 7.53362084e+09, 6.87601308e+12, 1.54343864, -165.20347, -168.78685, 1.5e+15, 1.34186916e+21, -1051205.06, 225917.112, 376.37601, 19.0319654, 86.8699233, 1.28078819, 1.28078819, 1.5e+15, 1.51492, 0.0335498443, 0.096590477, 1.54405917, -0.0242794449, -1.48438175, -1.50927555, 0.0231538465, 0.302643997, 0.325892717, 0, 1.65596903e-08, 1.65596903e-08, 1659794.31, 1659794.31, 0, 0.27, 3.332, 0, -1.5086612, 0.325797844, 0, 1.49999997e+15, 0.00898229715, 0.153061103, 2e+18, 1.20148775e+16
0.501071028, 0, 0, 1.5e+15, 0, 1.64862858e-13, 3.718e+18, 6.44e+20, 4.85, 4, 166.476529, 19.0424158, 1.28078819, 1074602.27, 1.44630146e+18, 7.4184449e+09, 6.92969724e+12, 1.55447418, -164.778893, -168.362073, 1.5e+15, 1.32211587e+21, -1050652.04, 225610.755, 376.363009, 19.0424158, 87.0796331, 1.28078819, 1.28078819, 1.5e+15, 1.5263514, 0.0330392921, 0.0954377006, 1.55509901, -0.0239195627, -1.49494275, -1.51948219, 0.0227914188, 0.308009341, 0.33089089, 0, 1.6558878e-08, 1.6558878e-08, 1670674.49, 1670674.49, 0, 0.27, 3.332, 0, -1.51886231, 0.33080076, 0, 1.49999997e+15, 0.00892533808, 0.151695359, 2e+18, 1.17397961e+16
0.5482813, 0, 0, 1.5e+15, 0, 1.63802067e-13, 3.718e+18, 6.44e+20, 4.85, 4, 165.41485, 19.0691694, 1.28078819, 1073043.96, 1.44091627e+18, 7.1401659e+09, 7.07348074e+12, 1.58363539, -163.718392, -167.301116, 1.5e+15, 1.2725386e+21, -1049239.08, 224768.121, 376.33055, 19.0691694, 87.657218, 1.28078819, 1.28078819, 1.5e+15, 1.55650656, 0.0317568439, 0.092557042, 1.58427094, -0.0230159607, -1.52289975, -1.54654935, 0.0218806463, 0.321697116, 0.343656068, 0, 1.65568501e-08, 1.65568501e-08, 1699463.79, 1699463.79, 0, 0.27, 3.332, 0, -1.54591571, 0.343577762, 0, 1.49999997e+15, 0.00877254197, 0.148231634, 2e+18, 1.10705438e+16
0.5671648, 0, 0, 1.5e+15, 0, 1.63385119e-13, 3.718e+18, 6.44e+20, 4.85, 4, 164.990391, 19.0841022, 1.28078819, 1072264.2, 1.4133122e+18, 7.0211611e+09, 7.0257162e+12, 1.57193436, -163.294454, -166.87646, 1.5e+15, 1.2520447e+21, -1048434.52, 224800.966, 376.317693, 19.0841022, 87.657218, 1.28078819, 1.28078819, 1.5e+15, 1.54522118, 0.0312337354, 0.0914043697, 1.57257443, -0.0226448862, -1.51131324, -1.53459753, 0.0215117399, 0.321904498, 0.343490081, 0, 1.6556047e-08, 1.6556047e-08, 1685656.16, 1685656.16, 0, 0.27, 3.332, 0, -1.53395812, 0.343416238, 0, 1.49999997e+15, 0.00871855193, 0.146461834, 2e+18, 1.09578221e+16
0.614375, 0, 0, 1.5e+15, 0, 1.62345312e-13, 3.718e+18, 6.44e+20, 4.85, 4, 163.930613, 19.1220838, 1.28078819, 1070273.36, 1.34665595e+18, 6.73448487e+09, 6.91312028e+12, 1.54382705, -162.235967, -165.816213, 1.5e+15, 1.20060567e+21, -1046392.64, 224827.696, 376.285597, 19.1220838, 87.657218, 1.28078819, 1.28078819, 1.5e+15, 1.5181571, 0.0299203169, 0.0885200008, 1.54447838, -0.0217132916, -1.48347651, -1.50584353, 0.0205853912, 0.322642827, 0.343290984, 0, 1.65540419e-08, 1.65540419e-08, 1652333.16, 1652333.16, 0, 0.27, 3.332, 0, -1.50518981, 0.343228218, 0, 1.49999998e+15, 0.00857439923, 0.142016867, 2e+18, 1.06763615e+16
0.633258528, 0, 0, 1.5e+15, 0, 1.61936611e-13, 3.718e+18, 6.44e+20, 4.85, 4, 163.505113, 19.140488, 1.28078819, 1069349.9, 1.3065293e+18, 6.61214834e+09, 6.80922548e+12, 1.51991596, -161.811037, -165.390244, 1.5e+15, 1.17952673e+21, -1045397.73, 225060.538, 376.272885, 19.140488, 87.496378, 1.28078819, 1.28078819, 1.5e+15, 1.49468091, 0.0293850224, 0.087416878, 1.52057215, -0.0213327539, -1.46012692, -1.48211954, 0.0202087296, 0.319515167, 0.339782249, 0, 1.65532477e-08, 1.65532477e-08, 1625347.07, 1625347.07, 0, 0.27, 3.332, 0, -1.48145968, 0.339723897, 0, 1.49999998e+15, 0.00852335161, 0.139992691, 2e+18, 1.06389057e+16
0.6804688, 0, 0, 1.5e+15, 0, 1.60917367e-13, 3.718e+18, 6.44e+20, 4.85, 4, 162.443047, 19.1871289, 1.28078819, 1067004.03, 1.21111419e+18, 6.31849553e+09, 6.55945035e+12, 1.46076174, -160.750384, -164.327022, 1.5e+15, 1.12663686e+21, -1042882.04, 225598.432, 376.241151, 19.1871289, 87.124131, 1.28078819, 1.28078819, 1.5e+15, 1.43661762, 0.0280414738, 0.0846538021, 1.46143004, -0.0203778737, -1.40236494, -1.42341794, 0.0192630869, 0.311837684, 0.331148196, 0, 1.65512654e-08, 1.65512654e-08, 1558562.2, 1558562.2, 0, 0.27, 3.332, 0, -1.42274282, 0.331100771, 0, 1.49999998e+15, 0.00838866984, 0.134937498, 2e+18, 1.05450862e+16
0.6993523, 0, 0, 1.5e+15, 0, 1.60516823e-13, 3.718e+18, 6.44e+20, 4.85, 4, 162.015504, 19.2085746, 1.28078819, 1065950.06, 1.1643108e+18, 6.19263995e+09, 6.41658716e+12, 1.42870131, -160.323469, -163.898787, 1.5e+15, 1.10497091e+21, -1041727.37, 225948.335, 376.228586, 19.2085746, 87.124131, 1.28078819, 1.28078819, 1.5e+15, 1.4050058, 0.0274937108, 0.0836289153, 1.42937484, -0.0199872793, -1.37111682, -1.39178581, 0.0188788889, 0.306709348, 0.325631149, 0, 1.65504805e-08, 1.65504805e-08, 1522882.95, 1522882.95, 0, 0.27, 3.332, 0, -1.3911041, 0.325588237, 0, 1.49999998e+15, 0.00833438804, 0.132732264, 2e+18, 1.05601673e+16
0.7465625, 0, 0, 1.5e+15, 0, 1.59517912e-13, 3.718e+18, 6.44e+20, 4.85, 4, 160.9486, 19.2628034, 1.28078819, 1063281.31, 1.05481708e+18, 5.8914523e+09, 6.07549035e+12, 1.34898856, -159.258123, -162.830167, 1.5e+15, 1.05056987e+21, -1038814.67, 226784.541, 376.197218, 19.2628034, 87.124131, 1.28078819, 1.28078819, 1.5e+15, 1.3264193, 0.0261183023, 0.0810598769, 1.34967509, -0.0190064804, -1.2934326, -1.31313719, 0.0179142239, 0.293973202, 0.311919185, 0, 1.6548521e-08, 1.6548521e-08, 1434201.03, 1434201.03, 0, 0.27, 3.332, 0, -1.31243908, 0.311887425, 0, 1.49999998e+15, 0.00819221482, 0.127246779, 2e+18, 1.05982123e+16
0.765446028, 0, 0, 1.5e+15, 0, 1.5912548e-13, 3.718e+18, 6.44e+20, 4.85, 4, 160.518471, 19.2870457, 1.28078819, 1062100.51, 1.00653038e+18, 5.76309169e+09, 5.91235364e+12, 1.3128893, -158.828684, -162.399177, 1.5e+15, 1.02851336e+21, -1037516.42, 227191.295, 376.184802, 19.2870457, 86.8467096, 1.28078819, 1.28078819, 1.5e+15, 1.29078019, 0.0255611819, 0.0801303847, 1.31358146, -0.0186092354, -1.25834039, -1.27765485, 0.0175234113, 0.287551542, 0.305101939, 0, 1.65477455e-08, 1.65477455e-08, 1394328.49, 1394328.49, 0, 0.27, 3.332, 0, -1.27694962, 0.305074953, 0, 1.49999998e+15, 0.00813487674, 0.1249042, 2e+18, 1.06467668e+16
0.8126563, 0, 0, 1.5e+15, 0, 1.58146786e-13, 3.718e+18, 6.44e+20, 4.85, 4, 159.445343, 19.3482352, 1.28078819, 1059117.83, 8.95015151e+17, 5.45714437e+09, 5.52536651e+12, 1.22288468, -157.757265, -161.323909, 1.5e+15, 9.73134003e+20, -1034247.56, 228172.232, 376.153808, 19.3482352, 86.1761196, 1.28078819, 1.28078819, 1.5e+15, 1.20193072, 0.0241618635, 0.0777988362, 1.22359088, -0.0176119124, -1.17085241, -1.18918729, 0.0165413477, 0.271554961, 0.288111501, 0, 1.65458096e-08, 1.65458096e-08, 1294978.11, 1294978.11, 0, 0.27, 3.332, 0, -1.18846432, 0.288096308, 0, 1.49999998e+15, 0.00798793739, 0.119095714, 2e+18, 1.07710699e+16
0.8315398, 0, 0, 1.5e+15, 0, 1.57762443e-13, 3.718e+18, 6.44e+20, 4.85, 4, 159.012423, 19.3752878, 1.28078819, 1057802.3, 8.45378985e+17, 5.32624999e+09, 5.33557918e+12, 1.18174754, -157.325108, -160.889878, 1.5e+15, 9.50688312e+20, -1032811.35, 228571.556, 376.141547, 19.3752878, 86.1761196, 1.28078819, 1.28078819, 1.5e+15, 1.16125973, 0.0235975193, 0.0769775516, 1.18245966, -0.0172077793, -1.13084019, -1.14877863, 0.0161472879, 0.264036708, 0.280193866, 0, 1.65450437e-08, 1.65450437e-08, 1249931.89, 1249931.89, 0, 0.27, 3.332, 0, -1.14804797, 0.280183995, 0, 1.49999998e+15, 0.00791444747, 0.116635179, 2e+18, 1.08765391e+16
0.87875, 0, 0, 1.5e+15, 0, 1.56803909e-13, 3.718e+18, 6.44e+20, 4.85, 4, 157.932551, 19.4434807, 1.28078819, 1054485.37, 7.32951358e+17, 5.01513112e+09, 4.89178638e+12, 1.07923141, -156.247129, -159.807245, 1.5e+15, 8.94226785e+20, -1029200.24, 229534.852, 376.110937, 19.4434807, 86.1761196, 1.28078819, 1.28078819, 1.5e+15, 1.05991631, 0.0221773618, 0.0749156971, 1.07995833, -0.016191288, -1.03114084, -1.04808199, 0.015155117, 0.245297994, 0.260449838, 0, 1.65431318e-08, 1.65431318e-08, 1137760.77, 1137760.77, 0, 0.27, 3.332, 0, -1.04733214, 0.260453111, 0, 1.49999998e+15, 0.00773042552, 0.110550169, 2e+18, 1.11446268e+16
0.897633528, 0, 0, 1.5e+15, 0, 1.56427658e-13, 3.718e+18, 6.44e+20, 4.85, 4, 157.497143, 19.4733432, 1.28078819, 1053026.76, 6.89266748e+17, 4.88422924e+09, 4.71513186e+12, 1.04100089, -155.812554, -159.370666, 1.5e+15, 8.71855063e+20, -1027626.83, 229884.805, 376.098834, 19.4733432, 85.9408327, 1.28078819, 1.28078819, 1.5e+15, 1.02216039, 0.0216167213, 0.0742053393, 1.04173424, -0.0157879769, -0.994213397, -1.01075959, 0.0147655746, 0.237379536, 0.252135758, 0, 1.65423759e-08, 1.65423759e-08, 1096037.41, 1096037.41, 0, 0.27, 3.332, 0, -1.01000138, 0.25214511, 0, 1.49999998e+15, 0.00763300081, 0.108029574, 2e+18, 1.12482254e+16
0.9448438, 0, 0, 1.5e+15, 0, 1.55489289e-13, 3.718e+18, 6.44e+20, 4.85, 4, 156.411279, 19.5485381, 1.28078819, 1049354.06, 5.90858593e+17, 4.57381734e+09, 4.30169652e+12, 0.945308764, -154.72876, -158.281882, 1.5e+15, 8.15457747e+20, -1023675.11, 230723.19, 376.068619, 19.5485381, 85.3755141, 1.28078819, 1.28078819, 1.5e+15, 0.927664327, 0.0202026702, 0.0724205174, 0.946058182, -0.0147714091, -0.901780552, -0.917331023, 0.0137823568, 0.217607266, 0.231365238, 0, 1.65404888e-08, 1.65404888e-08, 991702.864, 991702.864, 0, 0.27, 3.332, 0, -0.916551961, 0.231389622, 0, 1.49999998e+15, 0.00739290132, 0.10180594, 2e+18, 1.15147223e+16
0.9637273, 0, 0, 1.5e+15, 0, 1.55121113e-13, 3.718e+18, 6.44e+20, 4.85, 4, 155.973737, 19.581601, 1.28078819, 1047739.28, 5.52877076e+17, 4.4456863e+09, 4.13780035e+12, 0.910017133, -154.292116, -157.843102, 1.5e+15, 7.93624287e+20, -1021953.15, 231015.061, 376.056679, 19.581601, 85.3755141, 1.28078819, 1.28078819, 1.5e+15, 0.892836823, 0.0196582271, 0.071812398, 0.910773322, -0.0143772106, -0.867748206, -0.882913462, 0.0134067751, 0.210163406, 0.223538918, 0, 1.65397431e-08, 1.65397431e-08, 953312.629, 953312.629, 0, 0.27, 3.332, 0, -0.882125417, 0.223570181, 0, 1.49999998e+15, 0.00726518654, 0.0992250332, 2e+18, 1.16203568e+16
1.0109375, 0, 0, 1.5e+15, 0, 1.54202871e-13, 3.718e+18, 6.44e+20, 4.85, 4, 154.882792, 19.6647923, 1.28078819, 1043677.14, 4.68067017e+17, 4.14222004e+09, 3.75559252e+12, 0.821652628, -153.203405, -156.749071, 1.5e+15, 7.3843063e+20, -1017631.95, 231704.908, 376.026872, 19.6647923, 85.3755141, 1.28078819, 1.28078819, 1.5e+15, 0.805645688, 0.0182816153, 0.0702835637, 0.822425765, -0.0133807481, -0.782548052, -0.796739262, 0.0124568471, 0.191529378, 0.203937931, 0, 1.65378815e-08, 1.65378815e-08, 857288.727, 857288.727, 0, 0.27, 3.332, 0, -0.795928799, 0.203986225, 0, 1.49999998e+15, 0.0069506752, 0.0928642476, 2e+18, 1.18905416e+16
1.02982103, 0, 0, 1.5e+15, 0, 1.53842739e-13, 3.718e+18, 6.44e+20, 4.85, 4, 154.443528, 19.7013579, 1.28078819, 1041896.05, 4.37109943e+17, 4.02041933e+09, 3.6166347e+12, 0.791611106, -152.765085, -156.308607, 1.5e+15, 7.17731384e+20, -1015749.05, 231947.901, 376.015098, 19.7013579, 85.2140077, 1.28078819, 1.28078819, 1.5e+15, 0.776048864, 0.0177661631, 0.0697658957, 0.792391496, -0.0130065664, -0.753712953, -0.767539604, 0.0121023026, 0.184846016, 0.19689239, 0, 1.65371462e-08, 1.65371462e-08, 824643.495, 824643.495, 0, 0.27, 3.332, 0, -0.766719519, 0.196948318, 0, 1.49999999e+15, 0.00680193472, 0.0902622984, 2e+18, 1.19676477e+16
1.0770313, 0, 0, 1.5e+15, 0, 1.52944542e-13, 3.718e+18, 6.44e+20, 4.85, 4, 153.348552, 19.7933024, 1.28078819, 1037418.76, 3.68136756e+17, 3.73242862e+09, 3.29124695e+12, 0.71622577, -151.672459, -155.210628, 1.5e+15, 6.65338336e+20, -1011027.16, 232511.791, 375.985706, 19.7933024, 84.8378968, 1.28078819, 1.28078819, 1.5e+15, 0.701789036, 0.0164611262, 0.0684638163, 0.71702432, -0.0120595095, -0.681360055, -0.694263676, 0.0112043252, 0.168096134, 0.179225608, 0, 1.65353107e-08, 1.65353107e-08, 742817.705, 742817.705, 0, 0.27, 3.332, 0, -0.693419564, 0.179300458, 0, 1.49999999e+15, 0.00643677812, 0.0838583591, 2e+18, 1.21664641e+16
1.0959148, 0, 0, 1.5e+15, 0, 1.52592396e-13, 3.718e+18, 6.44e+20, 4.85, 4, 152.907802, 19.8338819, 1.28078819, 1035458.72, 3.42151935e+17, 3.6181409e+09, 3.16560295e+12, 0.689198717, -151.232694, -154.768638, 1.5e+15, 6.45952558e+20, -1008967.52, 232718.289, 375.974102, 19.8338819, 84.8378968, 1.28078819, 1.28078819, 1.5e+15, 0.675176685, 0.015979699, 0.068024817, 0.690004788, -0.0117087769, -0.655400478, -0.6679636, 0.0108745254, 0.162212186, 0.173003507, 0, 1.65345861e-08, 1.65345861e-08, 713539.645, 713539.645, 0, 0.27, 3.332, 0, -0.667109255, 0.173086711, 0, 1.49999999e+15, 0.00627094238, 0.0812474621, 2e+18, 1.2241462e+16
1.143125, 0, 0, 1.5e+15, 0, 1.51714103e-13, 3.718e+18, 6.44e+20, 4.85, 4, 151.809415, 19.9358765, 1.28078819, 1030534.26, 2.84779706e+17, 3.34819414e+09, 2.87245023e+12, 0.621468308, -150.136763, -153.667155, 1.5e+15, 5.96810139e+20, -1003804.99, 233187.354, 375.945134, 19.9358765, 84.8378968, 1.28078819, 1.28078819, 1.5e+15, 0.608497786, 0.0147591505, 0.0669200778, 0.622293242, -0.0108196737, -0.590360463, -0.602060049, 0.0100382858, 0.147458677, 0.157393038, 0, 1.6532777e-08, 1.6532777e-08, 640251.285, 640251.285, 0, 0.27, 3.332, 0, -0.601180138, 0.157496962, 0, 1.49999999e+15, 0.00586412697, 0.074831216, 2e+18, 1.24322242e+16
1.16200853, 0, 0, 1.5e+15, 0, 1.5136987e-13, 3.718e+18, 6.44e+20, 4.85, 4, 151.367423, 19.9808027, 1.28078819, 1028387.73, 2.64169052e+17, 3.24272573e+09, 2.76775662e+12, 0.598827875, -149.695786, -153.223982, 1.5e+15, 5.78953697e+20, -1001556.77, 233374.543, 375.933701, 19.9808027, 84.7145266, 1.28078819, 1.28078819, 1.5e+15, 0.586242588, 0.0143159323, 0.0665492536, 0.599660875, -0.0104963211, -0.568707485, -0.58009462, 0.00973515009, 0.142309, 0.151931212, 0, 1.65320631e-08, 1.65320631e-08, 615745.185, 615745.185, 0, 0.27, 3.332, 0, -0.579203807, 0.152044149, 0, 1.49999999e+15, 0.00569019451, 0.0722682684, 2e+18, 1.24738845e+16
1.2092188, 0, 0, 1.5e+15, 0, 1.50511297e-13, 3.718e+18, 6.44e+20, 4.85, 4, 150.266251, 20.0936813, 1.28078819, 1022996.95, 2.18760805e+17, 2.99390458e+09, 2.52222124e+12, 0.541977401, -148.597145, -152.119852, 1.5e+15, 5.33657077e+20, -995923.735, 233791.855, 375.905161, 20.0936813, 84.4383357, 1.28078819, 1.28078819, 1.5e+15, 0.530369271, 0.0131914468, 0.065615578, 0.542830624, -0.00967607462, -0.514342699, -0.524936834, 0.00896592709, 0.129395274, 0.138225902, 0, 1.65302809e-08, 1.65302809e-08, 554286.252, 554286.252, 0, 0.27, 3.332, 0, -0.524018773, 0.138361201, 0, 1.49999999e+15, 0.00526443662, 0.0659765328, 2e+18, 1.25819641e+16
1.2281023, 0, 0, 1.5e+15, 0, 1.50174886e-13, 3.718e+18, 6.44e+20, 4.85, 4, 149.823031, 20.1435284, 1.28078819, 1020655.2, 2.0211211e+17, 2.89725509e+09, 2.43050372e+12, 0.522185491, -148.154966, -151.675452, 1.5e+15, 5.17315719e+20, -993471.789, 233984.693, 375.893902, 20.1435284, 84.4383357, 1.28078819, 1.28078819, 1.5e+15, 0.51092872, 0.0127864687, 0.0653026608, 0.523047142, -0.00937997367, -0.495403707, -0.505713325, 0.00868964164, 0.124991228, 0.133536003, 0, 1.65295779e-08, 1.65295779e-08, 532918.596, 532918.596, 0, 0.27, 3.332, 0, -0.504783681, 0.133680869, 0, 1.49999999e+15, 0.00508747717, 0.0634834549, 2e+18, 1.26092218e+16
1.2753125, 0, 0, 1.5e+15, 0, 1.4933581e-13, 3.718e+18, 6.44e+20, 4.85, 4, 148.719139, 20.2687471, 1.28078819, 1014775.89, 1.65702681e+17, 2.66941299e+09, 2.21560572e+12, 0.472539279, -147.053671, -150.568613, 1.5e+15, 4.75826309e+20, -987330.115, 234412.643, 375.865795, 20.2687471, 84.4383357, 1.28078819, 1.28078819, 1.5e+15, 0.462174709, 0.0117583378, 0.0645143872, 0.473422092, -0.00862814519, -0.447909447, -0.457496192, 0.00798834268, 0.113941096, 0.121760843, 0, 1.65278228e-08, 1.65278228e-08, 479385.675, 479385.675, 0, 0.27, 3.332, 0, -0.456537593, 0.121929438, 0, 1.49999999e+15, 0.00465408215, 0.0573714646, 2e+18, 1.26790784e+16
1.29419603, 0, 0, 1.5e+15, 0, 1.49007117e-13, 3.718e+18, 6.44e+20, 4.85, 4, 148.2746, 20.3239246, 1.28078819, 1012233.02, 1.52604824e+17, 2.58170996e+09, 2.13752948e+12, 0.455653769, -146.610192, -150.122933, 1.5e+15, 4.61014824e+20, -984663.032, 234631.428, 375.854711, 20.3239246, 84.2952087, 1.28078819, 1.28078819, 1.5e+15, 0.445608721, 0.0113908864, 0.0642512822, 0.4565456, -0.00835972461, -0.431784303, -0.441114995, 0.0077373956, 0.110132078, 0.117690804, 0, 1.65271307e-08, 1.65271307e-08, 461189.944, 461189.944, 0, 0.27, 3.332, 0, -0.440144028, 0.117869474, 0, 1.49999999e+15, 0.00448350691, 0.0549936577, 2e+18, 1.26811719e+16
1.3414063, 0, 0, 1.5e+15, 0, 1.48187281e-13, 3.718e+18, 6.44e+20, 4.85, 4, 147.167776, 20.4624914, 1.28078819, 1005850.79, 1.24104836e+17, 2.37527517e+09, 1.95407928e+12, 0.413268668, -145.506012, -149.013254, 1.5e+15, 4.2342127e+20, -977984.573, 235121.039, 375.827039, 20.4624914, 83.9732535, 1.28078819, 1.28078819, 1.5e+15, 0.404034621, 0.0104581178, 0.0635880578, 0.414183145, -0.00767842717, -0.391315558, -0.399995876, 0.00710028055, 0.100578797, 0.107475435, 0, 1.65254029e-08, 1.65254029e-08, 415575.314, 415575.314, 0, 0.27, 3.332, 0, -0.398993985, 0.107679077, 0, 1.49999999e+15, 0.00406732015, 0.0491714615, 2e+18, 1.26891897e+16
1.3602898, 0, 0, 1.5e+15, 0, 1.47866194e-13, 3.718e+18, 6.44e+20, 4.85, 4, 146.721667, 20.5236406, 1.28078819, 1003095.69, 1.13512512e+17, 2.29537898e+09, 1.88140941e+12, 0.397726773, -145.06099, -148.565938, 1.5e+15, 4.09941047e+20, -975088.539, 235372.532, 375.81613, 20.5236406, 83.9732535, 1.28078819, 1.28078819, 1.5e+15, 0.388781545, 0.0101243692, 0.0633688105, 0.398650607, -0.00743408166, -0.376434281, -0.384883484, 0.00687293819, 0.0971986928, 0.103857317, 0, 1.65247218e-08, 1.65247218e-08, 398939.397, 398939.397, 0, 0.27, 3.332, 0, -0.383868363, 0.104071631, 0, 1.49999999e+15, 0.00390217216, 0.0469327999, 2e+18, 1.26975015e+16
1.4075, 0, 0, 1.5e+15, 0, 1.47065316e-13, 3.718e+18, 6.44e+20, 4.85, 4, 145.611313, 20.6771731, 1.28078819, 996182.615, 9.07562867e+16, 2.10747159e+09, 1.71164829e+12, 0.358794914, -143.953347, -147.452572, 1.5e+15, 3.75698387e+20, -967838.656, 235940.743, 375.788896, 20.6771731, 83.9732535, 1.28078819, 1.28078819, 1.5e+15, 0.350583548, 0.0092764369, 0.0628156171, 0.359742284, -0.00681337209, -0.33916954, -0.347031114, 0.00629525552, 0.0887289792, 0.094783479, 0, 1.65230213e-08, 1.65230213e-08, 357318.165, 357318.165, 0, 0.27, 3.332, 0, -0.345982912, 0.0950242347, 0, 1.49999999e+15, 0.00350064822, 0.041458909, 2e+18, 1.27176932e+16
1.42638353, 0, 0, 1.5e+15, 0, 1.4675172e-13, 3.718e+18, 6.44e+20, 4.85, 4, 145.163451, 20.7448048, 1.28078819, 993207.122, 8.26608036e+16, 2.03538873e+09, 1.64952146e+12, 0.345488746, -143.506591, -147.003533, 1.5e+15, 3.63549496e+20, -964702.632, 236231.669, 375.778163, 20.7448048, 83.7847806, 1.28078819, 1.28078819, 1.5e+15, 0.337539367, 0.00897617381, 0.0626351884, 0.346446297, -0.00659300314, -0.326475784, -0.33413121, 0.00609130576, 0.0857087954, 0.0915480522, 0, 1.65223512e-08, 1.65223512e-08, 343125.922, 343125.922, 0, 0.27, 3.332, 0, -0.333068787, 0.0918001011, 0, 1.49999999e+15, 0.00334206443, 0.0394010867, 2e+18, 1.27034121e+16
1.4735938, 0, 0, 1.5e+15, 0, 1.45969513e-13, 3.718e+18, 6.44e+20, 4.85, 4, 144.049121, 20.9145825, 1.28078819, 985742.322, 6.53773923e+16, 1.86589872e+09, 1.5038621e+12, 0.31209185, -142.395022, -145.886258, 1.5e+15, 3.32659482e+20, -956853.468, 236894.992, 375.751369, 20.9145825, 83.3523639, 1.28078819, 1.28078819, 1.5e+15, 0.304808567, 0.00821248673, 0.0621793654, 0.313074982, -0.00603269225, -0.294621337, -0.301752008, 0.00557239282, 0.0781442061, 0.0834365706, 0, 1.65206783e-08, 1.65206783e-08, 307553.694, 307553.694, 0, 0.27, 3.332, 0, -0.300654029, 0.0837165989, 0, 1.49999999e+15, 0.00295793977, 0.0343750043, 2e+18, 1.26677478e+16
1.4924773, 0, 0, 1.5e+15, 0, 1.45663284e-13, 3.718e+18, 6.44e+20, 4.85, 4, 143.599171, 20.9895356, 1.28078819, 982536.889, 5.9198738e+16, 1.80156144e+09, 1.44907258e+12, 0.300415847, -141.946188, -145.435127, 1.5e+15, 3.21820139e+20, -953462.353, 237241.407, 375.740812, 20.9895356, 83.3523639, 1.28078819, 1.28078819, 1.5e+15, 0.293365541, 0.00794561676, 0.0620322682, 0.301409704, -0.00583591015, -0.283475335, -0.290424421, 0.00539212119, 0.075528882, 0.0806292433, 0, 1.65200193e-08, 1.65200193e-08, 295165.745, 295165.745, 0, 0.27, 3.332, 0, -0.289311245, 0.0809210031, 0, 1.49999999e+15, 0.00280683397, 0.0325109477, 2e+18, 1.26467725e+16
1.5396875, 0, 0, 1.5e+15, 0, 1.44899445e-13, 3.718e+18, 6.44e+20, 4.85, 4, 142.48006, 21.1776967, 1.28078819, 974495.555, 4.61404263e+16, 1.65010262e+09, 1.32074374e+12, 0.27112815, -140.829867, -144.313063, 1.5e+15, 2.94212016e+20, -944975.309, 238040.117, 375.714457, 21.1776967, 83.3523639, 1.28078819, 1.28078819, 1.5e+15, 0.264671307, 0.00726588842, 0.0616601191, 0.272148983, -0.00533465603, -0.255525871, -0.262011702, 0.00493300912, 0.0689740266, 0.0735861988, 0, 1.65183738e-08, 1.65183738e-08, 264134.483, 264134.483, 0, 0.27, 3.332, 0, -0.260860528, 0.0739070357, 0, 1.49999999e+15, 0.00244074515, 0.0279643578, 2e+18, 1.25905192e+16
1.55857103, 0, 0, 1.5e+15, 0, 1.44600459e-13, 3.718e+18, 6.44e+20, 4.85, 4, 142.027621, 21.2606102, 1.28078819, 971056.23, 4.16024264e+16, 1.59385849e+09, 1.27493082e+12, 0.261330295, -140.37853, -143.8595, 1.5e+15, 2.84731632e+20, -941319.658, 238456.414, 375.704076, 21.2606102, 83.0862886, 1.28078819, 1.28078819, 1.5e+15, 0.255077971, 0.00703254032, 0.0615414054, 0.262362687, -0.00516251251, -0.246194278, -0.252524139, 0.00477546646, 0.0667295019, 0.0711722325, 0, 1.65177258e-08, 1.65177258e-08, 253766.486, 253766.486, 0, 0.27, 3.332, 0, -0.25135679, 0.0715049683, 0, 1.49999999e+15, 0.00230413719, 0.0263151652, 2e+18, 1.25542313e+16
1.6057813, 0, 0, 1.5e+15, 0, 1.43854673e-13, 3.718e+18, 6.44e+20, 4.85, 4, 140.902735, 21.4687505, 1.28078819, 962428.534, 3.2074169e+16, 1.46131972e+09, 1.16713204e+12, 0.236721665, -139.256403, -142.731804, 1.5e+15, 2.60581108e+20, -932171.115, 239427.454, 375.678161, 21.4687505, 82.4609323, 1.28078819, 1.28078819, 1.5e+15, 0.230990291, 0.00643808024, 0.0612405199, 0.237783117, -0.00472395628, -0.22276186, -0.228693612, 0.00437414147, 0.061103655, 0.0651155528, 0, 1.65161079e-08, 1.65161079e-08, 227764.48, 227764.48, 0, 0.27, 3.332, 0, -0.227485817, 0.0654777965, 0, 1.49999999e+15, 0.00197372476, 0.0222981185, 2e+18, 1.24591858e+16
1.6246648, 0, 0, 1.5e+15, 0, 1.43562801e-13, 3.718e+18, 6.44e+20, 4.85, 4, 140.447286, 21.5604981, 1.28078819, 958749.708, 2.87221001e+16, 1.41224445e+09, 1.12642392e+12, 0.228080667, -138.802038, -142.275224, 1.5e+15, 2.52300715e+20, -928241.742, 239918.18, 375.667956, 21.5604981, 82.4609323, 1.28078819, 1.28078819, 1.5e+15, 0.222526965, 0.00623453023, 0.0611459158, 0.229154086, -0.00457360826, -0.214512889, -0.220311344, 0.0042369168, 0.0591779633, 0.063040859, 0, 1.65154708e-08, 1.65154708e-08, 218681.163, 218681.163, 0, 0.27, 3.332, 0, -0.219086498, 0.0634148801, 0, 1.49999999e+15, 0.00185366518, 0.0208668491, 2e+18, 1.24316827e+16
1.671875, 0, 0, 1.5e+15, 0, 1.42834747e-13, 3.718e+18, 6.44e+20, 4.85, 4, 139.315345, 21.7908196, 1.28078819, 949521.606, 2.17681652e+16, 1.29642374e+09, 1.03082526e+12, 0.206409401, -137.672816, -141.140462, 1.5e+15, 2.31198298e+20, -918408.688, 241073.725, 375.642479, 21.7908196, 82.4609323, 1.28078819, 1.28078819, 1.5e+15, 0.201308542, 0.00571586427, 0.0609055524, 0.20751295, -0.00419039269, -0.193832193, -0.199290083, 0.00388737869, 0.0543525402, 0.0578366652, 0, 1.65138805e-08, 1.65138805e-08, 195932.76, 195932.76, 0, 0.27, 3.332, 0, -0.198022586, 0.0582399189, 0, 1.5e+15, 0.00156369418, 0.0173863872, 2e+18, 1.23534532e+16
1.69075853, 0, 0, 1.5e+15, 0, 1.42549858e-13, 3.718e+18, 6.44e+20, 4.85, 4, 138.856419, 21.8920937, 1.28078819, 945602.155, 1.9392343e+16, 1.25384094e+09, 9.96737527e+11, 0.199145399, -137.214951, -140.680466, 1.5e+15, 2.24004984e+20, -914202.382, 241636.521, 375.63245, 21.8920937, 82.1082799, 1.28078819, 1.28078819, 1.5e+15, 0.19419957, 0.00553882143, 0.0608314916, 0.200261671, -0.00405983042, -0.186914059, -0.192259189, 0.00376779951, 0.0526905214, 0.0560437309, 0, 1.65132544e-08, 1.65132544e-08, 188321.655, 188321.655, 0, 0.27, 3.332, 0, -0.19097389, 0.0564583209, 0, 1.5e+15, 0.00146179559, 0.0161779984, 2e+18, 1.23238981e+16
1.7379688, 0, 0, 1.5e+15, 0, 1.41839212e-13, 3.718e+18, 6.44e+20, 4.85, 4, 137.716259, 22.1463298, 1.28078819, 935770.912, 1.45036222e+16, 1.15324572e+09, 9.16295749e+11, 0.180902625, -136.077446, -139.53763, 1.5e+15, 2.05683817e+20, -903676.876, 242971.284, 375.607411, 22.1463298, 81.2643607, 1.28078819, 1.28078819, 1.5e+15, 0.176351564, 0.00508798325, 0.0606426734, 0.182050909, -0.00372723932, -0.169543281, -0.174600377, 0.00346341744, 0.0485277256, 0.0515483756, 0, 1.65116913e-08, 1.65116913e-08, 169237.032, 169237.032, 0, 0.27, 3.332, 0, -0.17327052, 0.051991143, 0, 1.5e+15, 0.00121626602, 0.0132443809, 2e+18, 1.22385544e+16
1.7568523, 0, 0, 1.5e+15, 0, 1.41561176e-13, 3.718e+18, 6.44e+20, 4.85, 4, 137.253371, 22.2581296, 1.28078819, 931608.298, 1.28319794e+16, 1.11604282e+09, 8.86720038e+11, 0.174619244, -135.6156, -139.073699, 1.5e+15, 1.99391995e+20, -899189.12, 243601.774, 375.597557, 22.2581296, 81.2643607, 1.28078819, 1.28078819, 1.5e+15, 0.170203462, 0.00493292538, 0.0605858199, 0.175780522, -0.00361311304, -0.163551461, -0.168512737, 0.00335844657, 0.0471146082, 0.0500197932, 0, 1.65110762e-08, 1.65110762e-08, 162690.715, 162690.715, 0, 0.27, 3.332, 0, -0.167164573, 0.0504730548, 0, 1.5e+15, 0.00113193887, 0.0122473559, 2e+18, 1.22204129e+16
1.8040625, 0, 0, 1.5e+15, 0, 1.40867612e-13, 3.718e+18, 6.44e+20, 4.85, 4, 136.103792, 22.538803, 1.28078819, 921167.517, 9.4325037e+15, 1.02811019e+09, 8.16892624e+11, 0.158852911, -134.468626, -137.921512, 1.5e+15, 1.83378533e+20, -887959.862, 245105.242, 375.572955, 22.538803, 81.2643607, 1.28078819, 1.28078819, 1.5e+15, 0.154781358, 0.00453851799, 0.0604401748, 0.160046937, -0.00332256673, -0.148521099, -0.153237686, 0.00309171405, 0.0435745604, 0.0461868752, 0, 1.65095405e-08, 1.65095405e-08, 146289.782, 146289.782, 0, 0.27, 3.332, 0, -0.151843666, 0.0466662745, 0, 1.5e+15, 0.000929014383, 0.0098316892, 2e+18, 1.21582673e+16
1.82294603, 0, 0, 1.5e+15, 0, 1.40596297e-13, 3.718e+18, 6.44e+20, 4.85, 4, 135.636531, 22.6619809, 1.28078819, 916762.21, 8.29219374e+15, 995343261, 7.92004033e+11, 0.15354132, -134.002393, -137.453268, 1.5e+15, 1.77832583e+20, -883190.549, 245793.118, 375.563274, 22.6619809, 80.8445235, 1.28078819, 1.28078819, 1.5e+15, 0.149589591, 0.0044010087, 0.0603977744, 0.154748707, -0.00322213344, -0.143464048, -0.148098743, 0.00299778812, 0.0423652869, 0.0448743807, 0, 1.65089363e-08, 1.65089363e-08, 140775.61, 140775.61, 0, 0.27, 3.332, 0, -0.146686182, 0.045363075, 0, 1.5e+15, 0.000861970568, 0.00903252766, 2e+18, 1.21471496e+16
1.8701563, 0, 0, 1.5e+15, 0, 1.39919488e-13, 3.718e+18, 6.44e+20, 4.85, 4, 134.476494, 22.9712047, 1.28078819, 905713.683, 5.99734751e+15, 918053875, 7.32998159e+11, 0.140204936, -132.844923, -136.290772, 1.5e+15, 1.63757328e+20, -871258.029, 247439.655, 375.539107, 22.9712047, 79.8289913, 1.28078819, 1.28078819, 1.5e+15, 0.136557177, 0.00405215178, 0.0602883629, 0.141446016, -0.00296718098, -0.13076866, -0.135194915, 0.00275966865, 0.0393371537, 0.0415849087, 0, 1.65074277e-08, 1.65074277e-08, 126953.409, 126953.409, 0, 0.27, 3.332, 0, -0.133735841, 0.0420968224, 0, 1.5e+15, 0.000701343609, 0.00710043391, 2e+18, 1.20998519e+16
1.8890398, 0, 0, 1.5e+15, 0, 1.39654765e-13, 3.718e+18, 6.44e+20, 4.85, 4, 134.004515, 23.1070411, 1.28078819, 901061.012, 5.22473745e+15, 888237196, 7.10701522e+11, 0.135484131, -132.373993, -135.817812, 1.5e+15, 1.58713107e+20, -866204.017, 248165.955, 375.5296, 23.1070411, 79.8289913, 1.28078819, 1.28078819, 1.5e+15, 0.131945241, 0.00392666942, 0.0602582077, 0.136738299, -0.00287594663, -0.126267231, -0.130620673, 0.00267351111, 0.0382856808, 0.0404394987, 0, 1.65068343e-08, 1.65068343e-08, 122097.868, 122097.868, 0, 0.27, 3.332, 0, -0.129143178, 0.0409591919, 0, 1.5e+15, 0.00064832684, 0.00647683871, 2e+18, 1.21086503e+16
1.93625, 0, 0, 1.5e+15, 0, 1.38994388e-13, 3.718e+18, 6.44e+20, 4.85, 4, 132.833175, 23.44802, 1.28078819, 889393.203, 3.69399188e+15, 818111138, 6.57935694e+11, 0.123650452, -131.205264, -134.644021, 1.5e+15, 1.45931913e+20, -853560.613, 249908.318, 375.505865, 23.44802, 79.8289913, 1.28078819, 1.28078819, 1.5e+15, 0.12038733, 0.00360878533, 0.0601794548, 0.124937724, -0.00264472098, -0.114986263, -0.119154769, 0.00245535792, 0.0356547416, 0.0375708712, 0, 1.65053529e-08, 1.65053529e-08, 109945.074, 109945.074, 0, 0.27, 3.332, 0, -0.117630984, 0.0381100995, 0, 1.5e+15, 0.000522027589, 0.00497294639, 2e+18, 1.21036535e+16
1.95513353, 0, 0, 1.5e+15, 0, 1.38736129e-13, 3.718e+18, 6.44e+20, 4.85, 4, 132.356312, 23.5976725, 1.28078819, 884493.371, 3.19119176e+15, 790486190, 6.38858968e+11, 0.119594562, -130.729493, -134.166224, 1.5e+15, 1.4126612e+20, -848223.999, 250653.777, 375.496531, 23.5976725, 79.3878014, 1.28078819, 1.28078819, 1.5e+15, 0.116432892, 0.00349249341, 0.0601597617, 0.12089479, -0.00256039077, -0.111132428, -0.115234442, 0.00237526939, 0.0347265214, 0.0365566234, 0, 1.65047703e-08, 1.65047703e-08, 105798.509, 105798.509, 0, 0.27, 3.332, 0, -0.113692819, 0.0371017908, 0, 1.5e+15, 0.000480149439, 0.00450245269, 2e+18, 1.21255808e+16
2.0023438, 0, 0, 1.5e+15, 0, 1.38091865e-13, 3.718e+18, 6.44e+20, 4.85, 4, 131.173241, 23.9733569, 1.28078819, 872205.496, 2.20856614e+15, 725747586, 5.93539959e+11, 0.109417044, -129.549139, -132.980818, 1.5e+15, 1.29453741e+20, -834873.534, 252444.416, 375.473227, 23.9733569, 78.315271, 1.28078819, 1.28078819, 1.5e+15, 0.106512085, 0.00319803842, 0.060107166, 0.110750078, -0.00234685591, -0.101462714, -0.105396144, 0.00217249099, 0.0324057864, 0.0340180494, 0, 1.65033157e-08, 1.65033157e-08, 95411.0455, 95411.0455, 0, 0.27, 3.332, 0, -0.10380957, 0.0345782773, 0, 1.5e+15, 0.000381005141, 0.00337064671, 2e+18, 1.21469671e+16
2.0212273, 0, 0, 1.5e+15, 0, 1.37839943e-13, 3.718e+18, 6.44e+20, 4.85, 4, 130.691408, 24.1383768, 1.28078819, 867060.453, 1.88904493e+15, 699905423, 5.76811999e+11, 0.105866155, -129.06846, -132.498079, 1.5e+15, 1.25099106e+20, -829257.149, 253193.784, 375.464064, 24.1383768, 78.315271, 1.28078819, 1.28078819, 1.5e+15, 0.103056098, 0.00308968438, 0.0600962602, 0.107211352, -0.0022681529, -0.0980916861, -0.101963146, 0.00209800574, 0.0315961553, 0.0331302151, 0, 1.65027439e-08, 1.65027439e-08, 91811.6824, 91811.6824, 0, 0.27, 3.332, 0, -0.100359839, 0.033694161, 0, 1.5e+15, 0.000348007148, 0.00302718467, 2e+18, 1.21941411e+16
2.0684375, 0, 0, 1.5e+15, 0, 1.3721148e-13, 3.718e+18, 6.44e+20, 4.85, 4, 129.496399, 24.5527471, 1.28078819, 854155.524, 1.27488361e+15, 639532571, 5.3704686e+11, 0.0969607459, -127.876322, -131.300803, 1.5e+15, 1.14065916e+20, -815204.362, 254996.153, 375.441187, 24.5527471, 78.315271, 1.28078819, 1.28078819, 1.5e+15, 0.0943910207, 0.0028151525, 0.0600656145, 0.0983368541, -0.00206869765, -0.0896390768, -0.0933533741, 0.00190933854, 0.0295718508, 0.0309076023, 0, 1.65013161e-08, 1.65013161e-08, 82799.6397, 82799.6397, 0, 0.27, 3.332, 0, -0.0917077745, 0.0314811893, 0, 1.5e+15, 0.000270231741, 0.0022032993, 2e+18, 1.22690832e+16
2.08732103, 0, 0, 1.5e+15, 0, 1.36965772e-13, 3.718e+18, 6.44e+20, 4.85, 4, 129.009626, 24.7343535, 1.28078819, 848777.862, 1.07992446e+15, 615560770, 5.2285529e+11, 0.093924019, -127.390766, -130.813181, 1.5e+15, 1.10036055e+20, -809321.761, 255735.801, 375.432195, 24.7343535, 77.891444, 1.28078819, 1.28078819, 1.5e+15, 0.0914427101, 0.00271486357, 0.0600620385, 0.0953114339, -0.00199589717, -0.0867656898, -0.0904223035, 0.00184034604, 0.028866337, 0.0301319243, 0, 1.65007549e-08, 1.65007549e-08, 79739.1513, 79739.1513, 0, 0.27, 3.332, 0, -0.088761587, 0.030706683, 0, 1.5e+15, 0.000245044002, 0.00196226454, 2e+18, 1.23445753e+16
2.1345313, 0, 0, 1.5e+15, 0, 1.36352797e-13, 3.718e+18, 6.44e+20, 4.85, 4, 127.802719, 25.1905741, 1.28078819, 835285.555, 7.11025816e+14, 559784383, 4.88980216e+11, 0.0863018015, -126.186885, -129.604152, 1.5e+15, 9.98263434e+19, -794598.089, 257517.624, 375.409745, 25.1905741, 76.8566234, 1.28078819, 1.28078819, 1.5e+15, 0.0840443719, 0.00246068632, 0.0600496739, 0.0877180296, -0.00181142647, -0.0795542389, -0.083064763, 0.00166544628, 0.027103025, 0.0281903145, 0, 1.64993538e-08, 1.64993538e-08, 72070.9916, 72070.9916, 0, 0.27, 3.332, 0, -0.0813656654, 0.0287684713, 0, 1.5e+15, 0.000186028399, 0.00138586183, 2e+18, 1.24844194e+16
2.1534148, 0, 0, 1.5e+15, 0, 1.36113181e-13, 3.718e+18, 6.44e+20, 4.85, 4, 127.311106, 25.3903457, 1.28078819, 829689.369, 5.95380611e+14, 537517354, 4.76438475e+11, 0.0836254871, -125.696566, -129.111716, 1.5e+15, 9.60937037e+19, -788466.156, 258229.257, 375.400923, 25.3903457, 76.8566234, 1.28078819, 1.28078819, 1.5e+15, 0.0814500894, 0.00236815289, 0.0600521747, 0.0850515324, -0.00174397498, -0.0770219972, -0.0804781267, 0.00160209131, 0.0264860625, 0.0275116175, 0, 1.64988032e-08, 1.64988032e-08, 69402.1508, 69402.1508, 0, 0.27, 3.332, 0, -0.0787659722, 0.0280881538, 0, 1.5e+15, 0.000167176585, 0.00122332123, 2e+18, 1.26045503e+16
2.200625, 0, 0, 1.5e+15, 0, 1.35515395e-13, 3.718e+18, 6.44e+20, 4.85, 4, 126.092535, 25.8924779, 1.28078819, 815643.607, 3.80693784e+14, 485868383, 4.46506007e+11, 0.0769145729, -124.481217, -127.891089, 1.5e+15, 8.66205865e+19, -773111.613, 259946.9, 375.378896, 25.8924779, 76.8566234, 1.28078819, 1.28078819, 1.5e+15, 0.0749472928, 0.00213316596, 0.0600549343, 0.078365791, -0.00157276666, -0.070674114, -0.073992375, 0.0014411114, 0.0249451653, 0.0258132113, 0, 1.64974286e-08, 1.64974286e-08, 62721.0436, 62721.0436, 0, 0.27, 3.332, 0, -0.0722468807, 0.0263862767, 0, 1.5e+15, 0.000123289747, 0.000836040815, 2e+18, 1.28489375e+16
2.21950853, 0, 0, 1.5e+15, 0, 1.35281752e-13, 3.718e+18, 6.44e+20, 4.85, 4, 125.596347, 26.1115217, 1.28078819, 809853.999, 3.15165641e+14, 465578077, 4.3571661e+11, 0.0745985635, -123.98639, -127.394126, 1.5e+15, 8.32274908e+19, -766759.713, 260611.258, 375.370242, 26.1115217, 76.4874782, 1.28078819, 1.28078819, 1.5e+15, 0.0727061258, 0.00204957789, 0.0600624764, 0.0760581608, -0.00151139547, -0.0684886022, -0.0717560772, 0.00138436012, 0.0243989539, 0.0252148132, 0, 1.64968885e-08, 1.64968885e-08, 60431.3459, 60431.3459, 0, 0.27, 3.332, 0, -0.0699999977, 0.025783314, 0, 1.5e+15, 0.000109547228, 0.000731327855, 2e+18, 1.30182839e+16
2.2667188, 0, 0, 1.5e+15, 0, 1.34698854e-13, 3.718e+18, 6.44e+20, 4.85, 4, 124.366715, 26.6625529, 1.28078819, 795315.208, 1.95727625e+14, 418574802, 4.09882659e+11, 0.0687870619, -122.760155, -126.16256, 1.5e+15, 7.45912784e+19, -750844.281, 262218.589, 375.348637, 26.6625529, 75.5811816, 1.28078819, 1.28078819, 1.5e+15, 0.0670850587, 0.00183663732, 0.0600777484, 0.0702682457, -0.00135517972, -0.0630057612, -0.0661442868, 0.00123964693, 0.0230363806, 0.0237182694, 0, 1.64955401e-08, 1.64955401e-08, 54695.9201, 54695.9201, 0, 0.27, 3.332, 0, -0.064360941, 0.0242760275, 0, 1.5e+15, 7.77390866e-05, 0.00048285591, 2e+18, 1.33840991e+16
2.2856023, 0, 0, 1.5e+15, 0, 1.34471067e-13, 3.718e+18, 6.44e+20, 4.85, 4, 123.866312, 26.9022674, 1.28078819, 789358.55, 1.59999212e+14, 400689158, 4.00335805e+11, 0.0667456463, -122.261146, -125.661412, 1.5e+15, 7.16023357e+19, -744305.166, 262813.146, 375.34015, 26.9022674, 75.5811816, 1.28078819, 1.28078819, 1.5e+15, 0.065109486, 0.00176371415, 0.060089414, 0.0682333632, -0.00130104286, -0.061077664, -0.0641698982, 0.00119078712, 0.0225520064, 0.0231925907, 0, 1.64950106e-08, 1.64950106e-08, 52702.6552, 52702.6552, 0, 0.27, 3.332, 0, -0.0623787069, 0.0237427935, 0, 1.5e+15, 6.81277057e-05, 0.000418420297, 2e+18, 1.36202525e+16
2.3328125, 0, 0, 1.5e+15, 0, 1.33902767e-13, 3.718e+18, 6.44e+20, 4.85, 4, 122.626476, 27.5058996, 1.28078819, 774391.782, 9.62029586e+13, 359160341, 3.77474454e+11, 0.0616265375, -121.024803, -124.419716, 1.5e+15, 6.39623295e+19, -727908.585, 264255.866, 375.318962, 27.5058996, 75.5811816, 1.28078819, 1.28078819, 1.5e+15, 0.0601586306, 0.001577222, 0.0601148886, 0.0631312505, -0.00116263447, -0.0562445724, -0.0592188798, 0.0010657909, 0.0213449091, 0.0218786654, 0, 1.64936883e-08, 1.64936883e-08, 47712.4257, 47712.4257, 0, 0.27, 3.332, 0, -0.0574072069, 0.0224107, 0, 1.5e+15, 4.59517913e-05, 0.000266278692, 2e+18, 1.41557783e+16
2.35169603, 0, 0, 1.5e+15, 0, 1.33680719e-13, 3.718e+18, 6.44e+20, 4.85, 4, 122.122415, 27.7670471, 1.28078819, 768299.14, 7.76050628e+13, 344199088, 3.68962697e+11, 0.0598197368, -120.522101, -123.914935, 1.5e+15, 6.14553043e+19, -721227.346, 264741.986, 375.310642, 27.7670471, 75.3176971, 1.28078819, 1.28078819, 1.5e+15, 0.0584070633, 0.00151638268, 0.0601299388, 0.0613292323, -0.00111722924, -0.0545366724, -0.0574705628, 0.00102528653, 0.0209042278, 0.0214079346, 0, 1.64931691e-08, 1.64931691e-08, 45973.931, 45973.931, 0, 0.27, 3.332, 0, -0.0556539017, 0.0219295143, 0, 1.5e+15, 3.97369791e-05, 0.000228525803, 2e+18, 1.44734504e+16
2.3989063, 0, 0, 1.5e+15, 0, 1.33126725e-13, 3.718e+18, 6.44e+20, 4.85, 4, 120.873683, 28.4253548, 1.28078819, 752983.997, 4.51041347e+13, 309307133, 3.48573991e+11, 0.0552909688, -119.27678, -122.664405, 1.5e+15, 5.50341296e+19, -704462.609, 265926.277, 375.289869, 28.4253548, 74.6656845, 1.28078819, 1.28078819, 1.5e+15, 0.0540196995, 0.00136053818, 0.0601637483, 0.0568130546, -0.00100089132, -0.0502569032, -0.0530878403, 0.000921564245, 0.0198082921, 0.0202336772, 0, 1.64918728e-08, 1.64918728e-08, 41623.1279, 41623.1279, 0, 0.27, 3.332, 0, -0.0512577945, 0.0207298564, 0, 1.5e+15, 2.54474814e-05, 0.00013991996, 2e+18, 1.52265236e+16
2.4177898, 0, 0, 1.5e+15, 0, 1.32910301e-13, 3.718e+18, 6.44e+20, 4.85, 4, 120.366842, 28.7085598, 1.28078819, 746396.322, 3.52353519e+13, 297119772, 3.39070706e+11, 0.0534213676, -118.771221, -122.156686, 1.5e+15, 5.29771084e+19, -697313.185, 266149.409, 375.281715, 28.7085598, 74.6656845, 1.28078819, 1.28078819, 1.5e+15, 0.0521974496, 0.00130707572, 0.0601785113, 0.0549477629, -0.000963787164, -0.0484937436, -0.0512897025, 0.000882910707, 0.0193079953, 0.0197110997, 0, 1.6491364e-08, 1.6491364e-08, 39908.5511, 39908.5511, 0, 0.27, 3.332, 0, -0.0494575307, 0.020190906, 0, 1.5e+15, 2.19361772e-05, 0.000117912885, 2e+18, 1.57713647e+16
2.465, 0, 0, 1.5e+15, 0, 1.32370326e-13, 3.718e+18, 6.44e+20, 4.85, 4, 119.111319, 29.4230877, 1.28078819, 729837.772, 1.88845759e+13, 268571393, 3.16569873e+11, 0.0487479402, -117.518921, -120.898984, 1.5e+15, 4.77118047e+19, -679358.819, 266710.092, 375.261353, 29.4230877, 74.6656845, 1.28078819, 1.28078819, 1.5e+15, 0.0476451132, 0.00117029433, 0.0602113741, 0.050285598, -0.000868740802, -0.0440859817, -0.0467931418, 0.000784141707, 0.0180687716, 0.0184130664, 0, 1.64900935e-08, 1.64900935e-08, 35628.7611, 35628.7611, 0, 0.27, 3.332, 0, -0.0449547224, 0.0188529133, 0, 1.5e+15, 1.39135177e-05, 6.66720598e-05, 2e+18, 1.71425734e+16
2.49075838, 0, 0, 1.5e+15, 0, 1.32083974e-13, 3.718e+18, 6.44e+20, 4.85, 4, 118.419655, 29.8355211, 1.28078819, 721733.988, 1.37254825e+13, 256680148, 3.07652586e+11, 0.046933569, -116.828699, -120.206418, 1.5e+15, 4.57155097e+19, -670690.516, 266539.564, 375.250494, 29.8355211, 74.6568513, 1.28078819, 1.28078819, 1.5e+15, 0.0458744361, 0.00112217079, 0.0602231281, 0.0484708088, -0.000832809836, -0.0423576853, -0.0450262745, 0.000752126732, 0.0176094874, 0.0179413758, 0, 1.64894159e-08, 1.64894159e-08, 33939.3127, 33939.3127, 0, 0.27, 3.332, 0, -0.0431904952, 0.0183616142, 0, 1.5e+15, 1.15596081e-05, 5.45507628e-05, 2e+18, 1.78136111e+16
2.5551563, 0, 0, 1.5e+15, 0, 1.31369515e-13, 3.718e+18, 6.44e+20, 4.85, 4, 116.706027, 30.8784786, 1.28078819, 701353.339, 6.12162348e+12, 229154806, 2.86512452e+11, 0.042383416, -115.118679, -118.490541, 1.5e+15, 4.0624338e+19, -648892.908, 266146.756, 375.223379, 30.8784786, 74.6264217, 1.28078819, 1.28078819, 1.5e+15, 0.041435595, 0.00099945005, 0.0602483573, 0.0439202851, -0.000741121231, -0.0380207788, -0.0405924348, 0.000670551803, 0.0164720137, 0.0167703345, 0, 1.64877239e-08, 1.64877239e-08, 29709.6559, 29709.6559, 0, 0.27, 3.332, 0, -0.0387619001, 0.0171425655, 0, 1.5e+15, 6.23747556e-06, 2.65772132e-05, 2e+18, 1.95409012e+16
2.58091465, 0, 0, 1.5e+15, 0, 1.3109312e-13, 3.718e+18, 6.44e+20, 4.85, 4, 116.017725, 31.3229837, 1.28078819, 692952.014, 4.29572779e+12, 217636434, 2.78520071e+11, 0.0407798524, -114.432022, -117.801346, 1.5e+15, 3.87073527e+19, -640023.416, 265566.316, 375.21282, 31.3229837, 74.7265004, 1.28078819, 1.28078819, 1.5e+15, 0.0398751237, 0.000952866431, 0.0602611527, 0.0423147455, -0.00070660832, -0.03652589, -0.0390543577, 0.000639264514, 0.0159934754, 0.0162855219, 0, 1.64870651e-08, 1.64870651e-08, 28273.8483, 28273.8483, 0, 0.27, 3.332, 0, -0.0372324983, 0.0166327399, 0, 1.5e+15, 5.02903186e-06, 2.11919465e-05, 2e+18, 2.02530296e+16
2.6453125, 0, 0, 1.5e+15, 0, 1.30403494e-13, 3.718e+18, 6.44e+20, 4.85, 4, 114.312156, 32.4488581, 1.28078819, 671815.787, 1.75155179e+12, 191310368, 2.59632676e+11, 0.0367667235, -112.730564, -116.09356, 1.5e+15, 3.38278098e+19, -617701.162, 264161.736, 375.186456, 32.4488581, 74.9701647, 1.28078819, 1.28078819, 1.5e+15, 0.0359715914, 0.000834277219, 0.0602887782, 0.0382972562, -0.000618725816, -0.0327823597, -0.0352025855, 0.000559639919, 0.0148078067, 0.0150816664, 0, 1.64854202e-08, 1.64854202e-08, 24685.8564, 24685.8564, 0, 0.27, 3.332, 0, -0.0334010855, 0.0153674467, 0, 1.5e+15, 2.32605154e-06, 8.90225155e-06, 2e+18, 2.20913803e+16
2.67107088, 0, 0, 1.5e+15, 0, 1.30136817e-13, 3.718e+18, 6.44e+20, 4.85, 4, 113.630938, 32.9238556, 1.28078819, 663551.398, 1.20021423e+12, 181683550, 2.52236958e+11, 0.0353483298, -112.050992, -115.411428, 1.5e+15, 3.22251741e+19, -609120.707, 263157.912, 375.176196, 32.9238556, 75.1838673, 1.28078819, 1.28078819, 1.5e+15, 0.0345895341, 0.000795255101, 0.0603051433, 0.0368733659, -0.00058989197, -0.0314693989, -0.0338466119, 0.000533346122, 0.0143544245, 0.0146286356, 0, 1.648478e-08, 1.648478e-08, 23468.0826, 23468.0826, 0, 0.27, 3.332, 0, -0.0320592909, 0.0148877707, 0, 1.5e+15, 1.84052821e-06, 7.00741888e-06, 2e+18, 2.28646074e+16
2.7354688, 0, 0, 1.5e+15, 0, 1.29471426e-13, 3.718e+18, 6.44e+20, 4.85, 4, 111.942582, 34.1293727, 1.28078819, 642753.946, 4.60291517e+11, 159697547, 2.34811222e+11, 0.0318016637, -110.36675, -113.720811, 1.5e+15, 2.81481067e+19, -587505.731, 260709.5, 375.150578, 34.1293727, 75.7110297, 1.28078819, 1.28078819, 1.5e+15, 0.0311352215, 0.000695970097, 0.0603415356, 0.0333133818, -0.000516517995, -0.0281831307, -0.0304527468, 0.000466458504, 0.0132330068, 0.0135059561, 0, 1.64831816e-08, 1.64831816e-08, 20427.5482, 20427.5482, 0, 0.27, 3.332, 0, -0.0286996487, 0.0136994653, 0, 1.5e+15, 7.6956085e-07, 2.74830048e-06, 2e+18, 2.48807485e+16
2.76122715, 0, 0, 1.5e+15, 0, 1.29214247e-13, 3.718e+18, 6.44e+20, 4.85, 4, 111.272364, 34.63288, 1.28078819, 634664.729, 3.07334115e+11, 151561598, 2.27658321e+11, 0.0305149112, -109.6982, -113.049612, 1.5e+15, 2.67941862e+19, -579291.663, 259243.128, 375.140615, 34.63288, 76.0504291, 1.28078819, 1.28078819, 1.5e+15, 0.029879403, 0.000662975862, 0.0603608076, 0.0320178474, -0.000492174705, -0.0270020972, -0.0292283194, 0.000444185704, 0.0127915798, 0.0130694312, 0, 1.64825601e-08, 1.64825601e-08, 19377.4625, 19377.4625, 0, 0.27, 3.332, 0, -0.0274942718, 0.0132357655, 0, 1.5e+15, 6.00001814e-07, 2.1346197e-06, 2e+18, 2.57250425e+16
2.825625, 0, 0, 1.5e+15, 0, 1.28572543e-13, 3.718e+18, 6.44e+20, 4.85, 4, 109.610901, 35.913546, 1.28078819, 614303.774, 1.10258908e+11, 133009856, 2.10900191e+11, 0.0273005511, -108.040902, -111.385729, 1.5e+15, 2.33506594e+19, -558578.172, 255654.909, 375.115738, 35.913546, 76.8920772, 1.28078819, 1.28078819, 1.5e+15, 0.0267436523, 0.00057904372, 0.0604042981, 0.0287818159, -0.000430247122, -0.0240484384, -0.0261661705, 0.000387529408, 0.0117002204, 0.0119884928, 0, 1.6481008e-08, 1.6481008e-08, 16758.4035, 16758.4035, 0, 0.27, 3.332, 0, -0.0244786855, 0.0120877498, 0, 1.5e+15, 2.31990999e-07, 7.7941361e-07, 2e+18, 2.7945028e+16
2.85138338, 0, 0, 1.5e+15, 0, 1.28324654e-13, 3.718e+18, 6.44e+20, 4.85, 4, 108.956097, 36.4391083, 1.28078819, 606452.094, 7.18377071e+10, 126098417, 2.04126133e+11, 0.0261515645, -107.387801, -110.729889, 1.5e+15, 2.22024568e+19, -550818.825, 253722.942, 375.106071, 36.4391083, 77.3834759, 1.28078819, 1.28078819, 1.5e+15, 0.0256211558, 0.000551049719, 0.0604258977, 0.0276213702, -0.000409596046, -0.0230085489, -0.0250824416, 0.000368628193, 0.0112708075, 0.0115668417, 0, 1.64804048e-08, 1.64804048e-08, 15868.0983, 15868.0983, 0, 0.27, 3.332, 0, -0.023418145, 0.0116394357, 0, 1.5e+15, 1.78157838e-07, 5.97385478e-07, 2e+18, 2.8815565e+16
2.9157813, 0, 0, 1.5e+15, 0, 1.27706112e-13, 3.718e+18, 6.44e+20, 4.85, 4, 107.332378, 37.7795897, 1.28078819, 586681.757, 2.41817001e+10, 110369496, 1.8830066e+11, 0.023279366, -105.768335, -109.103611, 1.5e+15, 1.92813503e+19, -531227.199, 248984.125, 375.081931, 37.7795897, 78.6030438, 1.28078819, 1.28078819, 1.5e+15, 0.0228162879, 0.000479819588, 0.0604750383, 0.0247206178, -0.000357055296, -0.0204052468, -0.0223694668, 0.000320528237, 0.0102082678, 0.0105221497, 0, 1.64788988e-08, 1.64788988e-08, 13646.9452, 13646.9452, 0, 0.27, 3.332, 0, -0.0207623021, 0.010528796, 0, 1.5e+15, 6.34148154e-08, 2.03495211e-07, 2e+18, 3.11188965e+16
2.94153965, 0, 0, 1.5e+15, 0, 1.27467304e-13, 3.718e+18, 6.44e+20, 4.85, 4, 106.696987, 38.3228342, 1.28078819, 579109.095, 1.53606106e+10, 104510003, 1.81678818e+11, 0.0222382495, -105.134685, -108.467081, 1.5e+15, 1.83095657e+19, -523974.33, 246607.518, 375.072557, 38.3228342, 79.2486191, 1.28078819, 1.28078819, 1.5e+15, 0.0217977214, 0.000456150139, 0.0604984363, 0.023665341, -0.000339569928, -0.0194726605, -0.0213929387, 0.000304573676, 0.00979524904, 0.0101182953, 0, 1.6478314e-08, 1.6478314e-08, 12885.661, 12885.661, 0, 0.27, 3.332, 0, -0.0198122304, 0.0100998227, 0, 1.5e+15, 4.79545897e-08, 1.53866335e-07, 2e+18, 3.20139789e+16
3.0059375, 0, 0, 1.5e+15, 0, 1.2687141e-13, 3.718e+18, 6.44e+20, 4.85, 4, 105.120945, 39.7121604, 1.28078819, 560035.929, 4.84116107e+09, 91197445.1, 1.66311743e+11, 0.0196362229, -103.562995, -106.888232, 1.5e+15, 1.58355339e+19, -505639.766, 240766.81, 375.049151, 39.7121604, 80.8538422, 1.28078819, 1.28078819, 1.5e+15, 0.0192530534, 0.000395892928, 0.0605519086, 0.0210278805, -0.00029505495, -0.0171387889, -0.0189489768, 0.000263957923, 0.00877165422, 0.0091163537, 0, 1.64768538e-08, 1.64768538e-08, 10987.5327, 10987.5327, 0, 0.27, 3.332, 0, -0.0174338439, 0.00903561214, 0, 1.5e+15, 1.56682099e-08, 4.89884114e-08, 2e+18, 3.43888999e+16
3.03169588, 0, 0, 1.5e+15, 0, 1.26641485e-13, 3.718e+18, 6.44e+20, 4.85, 4, 104.508979, 40.264384, 1.28078819, 552792.16, 3.00425258e+09, 86284213, 1.59926736e+11, 0.0187039906, -102.952798, -106.275019, 1.5e+15, 1.50220601e+19, -498942.856, 237980.496, 375.040068, 40.264384, 81.6730739, 1.28078819, 1.28078819, 1.5e+15, 0.0183398629, 0.000376034819, 0.0605766408, 0.0200793593, -0.000280410683, -0.0163145252, -0.0180814114, 0.000250543199, 0.00837760297, 0.00873151176, 0, 1.64762872e-08, 1.64762872e-08, 10345.3249, 10345.3249, 0, 0.27, 3.332, 0, -0.016594936, 0.00862814617, 0, 1.5e+15, 1.16677552e-08, 3.65384549e-08, 2e+18, 3.52659714e+16
3.0960938, 0, 0, 1.5e+15, 0, 1.2606774e-13, 3.718e+18, 6.44e+20, 4.85, 4, 102.990536, 41.681032, 1.28078819, 534541.52, 890678186, 75141184.2, 1.45187368e+11, 0.0163718593, -101.438773, -104.753499, 1.5e+15, 1.29510416e+19, -481992.989, 231122.034, 375.01739, 41.681032, 83.7094815, 1.28078819, 1.28078819, 1.5e+15, 0.0160561656, 0.000325482962, 0.0606332885, 0.0177063028, -0.000243134368, -0.0142496321, -0.015907838, 0.000216390471, 0.00739921794, 0.00777520384, 0, 1.64748724e-08, 1.64748724e-08, 8743.61304, 8743.61304, 0, 0.27, 3.332, 0, -0.0144927665, 0.00761560841, 0, 1.5e+15, 3.5072705e-09, 1.09339755e-08, 2e+18, 3.75983096e+16
3.12185215, 0, 0, 1.5e+15, 0, 1.25846503e-13, 3.718e+18, 6.44e+20, 4.85, 4, 102.405385, 42.2359687, 1.28078819, 527655.692, 539574570, 71013879.3, 1.38835358e+11, 0.0155239093, -100.855427, -104.16692, 1.5e+15, 1.22688742e+19, -475872.543, 227959.936, 375.008597, 42.2359687, 84.7000206, 1.28078819, 1.28078819, 1.5e+15, 0.0152242719, 0.000308799023, 0.0606589443, 0.0168400172, -0.000230850665, -0.0135053749, -0.015121472, 0.000205096606, 0.0070272784, 0.00741118792, 0, 1.6474324e-08, 1.6474324e-08, 8196.39583, 8196.39583, 0, 0.27, 3.332, 0, -0.0137362256, 0.00723237501, 0, 1.5e+15, 2.57295707e-09, 8.04073898e-09, 2e+18, 3.84635686e+16
3.18625, 0, 0, 1.5e+15, 0, 1.25294424e-13, 3.718e+18, 6.44e+20, 4.85, 4, 100.953005, 43.6635756, 1.28078819, 510304.082, 150246173, 61672998.1, 1.24323078e+11, 0.0134024169, -99.4075542, -102.711018, 1.5e+15, 1.05318761e+19, -460365.911, 220166.904, 374.986641, 43.6635756, 87.1624484, 1.28078819, 1.28078819, 1.5e+15, 0.0131436354, 0.000266318692, 0.0607177462, 0.0146723766, -0.000199581192, -0.0116414873, -0.0131516663, 0.000176332048, 0.00610171503, 0.00650478973, 0, 1.64729544e-08, 1.64729544e-08, 6832.41826, 6832.41826, 0, 0.27, 3.332, 0, -0.0118410685, 0.00627804709, 0, 1.5e+15, 7.18228869e-10, 2.27338827e-09, 2e+18, 4.07643384e+16
3.21200838, 0, 0, 1.5e+15, 0, 1.25081689e-13, 3.718e+18, 6.44e+20, 4.85, 4, 100.398046, 44.2094345, 1.28078819, 503826.288, 89322291.2, 58217056.7, 1.18257533e+11, 0.0126537807, -98.8544386, -102.154461, 1.5e+15, 9.96242285e+18, -454847.398, 216686.25, 374.978137, 44.2094345, 88.3387173, 1.28078819, 1.28078819, 1.5e+15, 0.0124085217, 0.000252343721, 0.0607439415, 0.0139041721, -0.000189309948, -0.010991804, -0.0124619737, 0.000166849797, 0.00575774459, 0.00616645207, 0, 1.64724239e-08, 1.64724239e-08, 6379.14509, 6379.14509, 0, 0.27, 3.332, 0, -0.011181114, 0.00592459439, 0, 1.5e+15, 5.19120718e-10, 1.64880582e-09, 2e+18, 4.1553182e+16
3.2764063, 0, 0, 1.5e+15, 0, 1.24550813e-13, 3.718e+18, 6.44e+20, 4.85, 4, 99.0200961, 45.6181122, 1.28078819, 487498.781, 23657383.4, 50410402.8, 1.04500209e+11, 0.0107768815, -97.4810924, -100.772559, 1.5e+15, 8.51152644e+18, -440851.583, 208098.256, 374.9569, 45.6181122, 91.2571903, 1.28078819, 1.28078819, 1.5e+15, 0.0105660499, 0.00021673989, 0.0608039451, 0.011977893, -0.000163152743, -0.00936148678, -0.010730718, 0.000142679217, 0.00489938447, 0.0053218051, 0, 1.64710991e-08, 1.64710991e-08, 5248.14883, 5248.14883, 0, 0.27, 3.332, 0, -0.00952463952, 0.00504206368, 0, 1.5e+15, 1.35718191e-10, 4.46540245e-10, 2e+18, 4.36537867e+16
3.30216465, 0, 0, 1.5e+15, 0, 1.24346401e-13, 3.718e+18, 6.44e+20, 4.85, 4, 98.497713, 46.1484687, 1.28078819, 481461.744, 13845195.6, 47544954.7, 9.87414802e+10, 0.0101226714, -96.9605811, -100.248361, 1.5e+15, 8.0406509e+18, -435918.787, 204389.69, 374.948681, 46.1484687, 92.5784501, 1.28078819, 1.28078819, 1.5e+15, 0.00992309082, 0.000205138999, 0.0608302852, 0.0113031555, -0.000154642916, -0.00879612106, -0.0101281463, 0.000134786058, 0.00459299401, 0.00501816136, 0, 1.64705865e-08, 1.64705865e-08, 4876.60637, 4876.60637, 0, 0.27, 3.332, 0, -0.00895076398, 0.00472778006, 0, 1.5e+15, 9.56891273e-11, 3.194457e-10, 2e+18, 4.43537752e+16
3.3665625, 0, 0, 1.5e+15, 0, 1.23836281e-13, 3.718e+18, 6.44e+20, 4.85, 4, 97.2002025, 47.520637, 1.28078819, 466242.605, 3516712.76, 41077492.2, 8.58183492e+10, 0.00848009603, -95.6677471, -98.9463622, 1.5e+15, 6.83966645e+18, -423400.848, 195227.497, 374.928158, 47.520637, 95.8506653, 1.28078819, 1.28078819, 1.5e+15, 0.00830918986, 0.000175560058, 0.0608905157, 0.00960872089, -0.000132951068, -0.0073761062, -0.00861397938, 0.000114653145, 0.00382566012, 0.00425756693, 0, 1.64693063e-08, 1.64693063e-08, 3949.15408, 3949.15408, 0, 0.27, 3.332, 0, -0.00750905727, 0.00394031326, 0, 1.5e+15, 1.93072118e-11, 8.42353261e-11, 2e+18, 4.62168504e+16
3.39232088, 0, 0, 1.5e+15, 0, 1.2364002e-13, 3.718e+18, 6.44e+20, 4.85, 4, 96.7121193, 48.0277816, 1.28078819, 460673.798, 2038605.38, 38749906.5, 8.06060449e+10, 0.0079292067, -95.1815299, -98.4562715, 1.5e+15, 6.45800051e+18, -419024.868, 191388.406, 374.920223, 48.0277816, 97.2537922, 1.28078819, 1.28078819, 1.5e+15, 0.00776752983, 0.00016605511, 0.0609166099, 0.00903705082, -0.000126038017, -0.00690225365, -0.00810644385, 0.000108112014, 0.00356263564, 0.00399417934, 0, 1.64688114e-08, 1.64688114e-08, 3654.64593, 3654.64593, 0, 0.27, 3.332, 0, -0.00702829167, 0.00367074765, 0, 1.5e+15, 1.25550376e-11, 5.8697295e-11, 2e+18, 4.67912495e+16
3.4567188, 0, 0, 1.5e+15, 0, 1.2315023e-13, 3.718e+18, 6.44e+20, 4.85, 4, 95.4993894, 49.3429569, 1.28078819, 446633.207, 504267.062, 33495963.1, 6.9003512e+10, 0.00654258314, -93.973461, -97.2385626, 1.5e+15, 5.48442595e+18, -407917.112, 181891.95, 374.900409, 49.3429569, 100.716272, 1.28078819, 1.28078819, 1.5e+15, 0.00640442893, 0.000141821259, 0.0609760997, 0.0075978555, -0.000108418099, -0.00570943121, -0.00682813482, 9.14263656e-05, 0.00290156524, 0.00333226393, 0, 1.64675755e-08, 1.64675755e-08, 2918.51438, 2918.51438, 0, 0.27, 3.332, 0, -0.00581784931, 0.0029929916, 0, 1.5e+15, 2.41837365e-12, 1.4429918e-11, 2e+18, 4.83234506e+16
3.48247715, 0, 0, 1.5e+15, 0, 1.22961956e-13, 3.718e+18, 6.44e+20, 4.85, 4, 95.0462468, 49.8247546, 1.28078819, 441532.903, 8936.0439, 31605558.6, 6.42439883e+10, 0.00607864024, -93.522177, -96.7831276, 1.5e+15, 5.17495112e+18, -404046.001, 178003.601, 374.892757, 49.8247546, 102.076276, 1.28078819, 1.28078819, 1.5e+15, 0.0059480293, 0.000134023781, 0.0610015782, 0.00711312013, -0.000102802352, -0.00530834328, -0.00639696656, 8.59840645e-05, 0.00268322564, 0.00311045581, 0, 1.64670982e-08, 1.64670982e-08, 2685.06573, 2685.06573, 0, 0.27, 3.332, 0, -0.00541114564, 0.0027692097, 0, 1.5e+15, 1.53928839e-12, 9.83243354e-12, 2e+18, 4.87969363e+16
3.546875, 0, 0, 1.5e+15, 0, 1.22492087e-13, 3.718e+18, 6.44e+20, 4.85, 4, 93.9200096, 51.0760342, 1.28078819, 428674.618, 0, 27337014.6, 5.38066086e+10, 0.00490986221, -92.400582, -95.651204, 1.5e+15, 4.38534135e+18, -394222.728, 168375.028, 374.873648, 51.0760342, 105.417879, 1.28078819, 1.28078819, 1.5e+15, 0.00479848515, 0.000114142414, 0.0610594082, 0.00589171719, -8.84874772e-05, -0.00429852026, -0.00531062204, 7.21002889e-05, 0.00213264214, 0.00255139665, 0, 1.64659063e-08, 1.64659063e-08, 2101.68472, 2101.68472, 0, 0.27, 3.332, 0, -0.00438700774, 0.00220474243, 0, 1.5e+15, 0, 4.60479356e-13, 2e+18, 5.00602619e+16
3.57263338, 0, 0, 1.5e+15, 0, 1.22311645e-13, 3.718e+18, 6.44e+20, 4.85, 4, 93.5020474, 51.5274029, 1.28078819, 424046.806, 0, 25800330.1, 4.97598406e+10, 0.00453946475, -91.9844712, -95.230732, 1.5e+15, 4.13462313e+18, -390813.554, 164512.352, 374.866276, 51.5274029, 106.609788, 1.28078819, 1.28078819, 1.5e+15, 0.00443426797, 0.000107754565, 0.0610839196, 0.0055012439, -8.39198932e-05, -0.00397851983, -0.00496430571, 6.75829316e-05, 0.00195783318, 0.00237039174, 0, 1.64654465e-08, 1.64654465e-08, 1925.29123, 1925.29123, 0, 0.27, 3.332, 0, -0.00406243972, 0.00202541611, 0, 1.5e+15, 0, 0, 2e+18, 5.04032186e+16
3.6370313, 0, 0, 1.5e+15, 0, 1.21861309e-13, 3.718e+18, 6.44e+20, 4.85, 4, 92.462956, 52.7011551, 1.28078819, 412381.073, 0, 22326610.2, 4.09647681e+10, 0.00360373186, -90.9500072, -94.1853977, 1.5e+15, 3.49419961e+18, -382167.476, 154938.425, 374.847867, 52.7011551, 109.52125, 1.28078819, 1.28078819, 1.5e+15, 0.0035143041, 9.14580979e-05, 0.0611392153, 0.00451466876, -7.22668271e-05, -0.00317066164, -0.00408933637, 5.60542904e-05, 0.00151565857, 0.00191299813, 0, 1.64642984e-08, 1.64642984e-08, 1483.78409, 1483.78409, 0, 0.27, 3.332, 0, -0.00324292846, 0.00157171286, 0, 1.5e+15, 0, 0, 2e+18, 5.1326299e+16
3.66278965, 0, 0, 1.5e+15, 0, 1.21688549e-13, 3.718e+18, 6.44e+20, 4.85, 4, 92.0794801, 53.1230693, 1.28078819, 408211.255, 0, 21073045.9, 3.75772704e+10, 0.00331340869, -90.5683809, -93.7991494, 1.5e+15, 3.29037129e+18, -379161.34, 151178.096, 374.840775, 53.1230693, 110.428546, 1.28078819, 1.28078819, 1.5e+15, 0.00322899736, 8.62664832e-05, 0.0611624164, 0.00420524839, -6.85359679e-05, -0.00291794968, -0.00381376442, 5.23802086e-05, 0.00138251352, 0.00177168717, 0, 1.6463856e-08, 1.6463856e-08, 1352.51028, 1352.51028, 0, 0.27, 3.332, 0, -0.00298648565, 0.00143489373, 0, 1.5e+15, 0, 0, 2e+18, 5.15631126e+16
3.7271875, 0, 0, 1.5e+15, 0, 1.21257374e-13, 3.718e+18, 6.44e+20, 4.85, 4, 91.1259167, 54.2206646, 1.28078819, 397702.912, 0, 18231815.5, 3.03116997e+10, 0.00257912354, -89.6194531, -92.8386845, 1.5e+15, 2.76833885e+18, -371545.62, 141849.164, 374.823062, 54.2206646, 112.633508, 1.28078819, 1.28078819, 1.5e+15, 0.00250753683, 7.30045103e-05, 0.0612143235, 0.00342259701, -5.8993319e-05, -0.00227959002, -0.00311700599, 4.30051385e-05, 0.00104460487, 0.00141366332, 0, 1.64627513e-08, 1.64627513e-08, 1023.91365, 1023.91365, 0, 0.27, 3.332, 0, -0.00233858334, 0.00108761, 0, 1.5e+15, 0, 0, 2e+18, 5.22069278e+16
3.75294588, 0, 0, 1.5e+15, 0, 1.21092156e-13, 3.718e+18, 6.44e+20, 4.85, 4, 90.7757705, 54.6127178, 1.28078819, 393969.232, 0, 17230705.3, 2.76530681e+10, 0.00236274744, -89.2711145, -92.4855885, 1.5e+15, 2.6059213e+18, -368891.045, 138245.681, 374.816247, 54.6127178, 113.237481, 1.28078819, 1.28078819, 1.5e+15, 0.00229515108, 6.88818922e-05, 0.0612359028, 0.00318849898, -5.60073353e-05, -0.00209047945, -0.00290829623, 4.00861618e-05, 0.000947163453, 0.00130687849, 0, 1.64623262e-08, 1.64623262e-08, 930.505153, 930.505153, 0, 0.27, 3.332, 0, -0.00214648678, 0.000987249609, 0, 1.5e+15, 0, 0, 2e+18, 5.23446277e+16
3.8173438, 0, 0, 1.5e+15, 0, 1.20679792e-13, 3.718e+18, 6.44e+20, 4.85, 4, 89.9049233, 55.6327566, 1.28078819, 384563.552, 0, 14954101, 2.19927165e+10, 0.00181438855, -88.4048033, -91.6073819, 1.5e+15, 2.18961747e+18, -362174.827, 129299.048, 374.799226, 55.6327566, 114.698995, 1.28078819, 1.28078819, 1.5e+15, 0.00175699289, 5.8354259e-05, 0.0612836425, 0.00259526596, -4.83657989e-05, -0.00161185329, -0.00237955699, 3.26491286e-05, 0.000699246938, 0.00103591209, 0, 1.64612647e-08, 1.64612647e-08, 696.466234, 696.466234, 0, 0.27, 3.332, 0, -0.0016602191, 0.000731896067, 0, 1.5e+15, 0, 0, 2e+18, 5.27305436e+16
3.84310215, 0, 0, 1.5e+15, 0, 1.2052198e-13, 3.718e+18, 6.44e+20, 4.85, 4, 89.5864374, 55.9974806, 1.28078819, 381230.698, 0, 14135582.7, 1.98448098e+10, 0.00165049094, -88.0881195, -91.2855916, 1.5e+15, 2.05715004e+18, -359821.692, 125880.166, 374.792687, 55.9974806, 115.054745, 1.28078819, 1.28078819, 1.5e+15, 0.00159629061, 5.50489625e-05, 0.0613033318, 0.0024150993, -4.5923545e-05, -0.00146659548, -0.00221741459, 3.03410918e-05, 0.000630121868, 0.000956861427, 0, 1.64608568e-08, 1.64608568e-08, 628.826449, 628.826449, 0, 0.27, 3.332, 0, -0.00151251903, 0.00066046296, 0, 1.5e+15, 0, 0, 2e+18, 5.28081738e+16
3.9075, 0, 0, 1.5e+15, 0, 1.20128091e-13, 3.718e+18, 6.44e+20, 4.85, 4, 88.7942298, 56.9459852, 1.28078819, 372839.348, 0, 12273495, 1.53611146e+10, 0.00123550141, -87.3004343, -90.4851495, 1.5e+15, 1.71778599e+18, -353877.427, 117386.878, 374.776354, 56.9459852, 115.913558, 1.28078819, 1.28078819, 1.5e+15, 0.00118946489, 4.66177537e-05, 0.0613462318, 0.00195892739, -3.9677626e-05, -0.00109944215, -0.00180710406, 2.44724098e-05, 0.000453927919, 0.000756155393, 0, 1.64598383e-08, 1.64598383e-08, 459.65334, 459.65334, 0, 0.27, 3.332, 0, -0.00113911978, 0.000478400329, 0, 1.5e+15, 0, 0, 2e+18, 5.30353559e+16
3.93325838, 0, 0, 1.5e+15, 0, 1.19977561e-13, 3.718e+18, 6.44e+20, 4.85, 4, 88.5057385, 57.2830812, 1.28078819, 369877.004, 0, 11580202.8, 1.37939883e+10, 0.00112045521, -87.0138054, -90.1931973, 1.5e+15, 1.60630264e+18, -351790.002, 114166.347, 374.770089, 57.2830812, 116.106343, 1.28078819, 1.28078819, 1.5e+15, 0.00107705835, 4.39082882e-05, 0.0613637993, 0.00182925107, -3.76145129e-05, -0.000997398262, -0.00169056166, 2.26369463e-05, 0.000406339793, 0.000698542705, 0, 1.64594475e-08, 1.64594475e-08, 413.989542, 413.989542, 0, 0.27, 3.332, 0, -0.00103501278, 0.00042897674, 0, 1.5e+15, 0, 0, 2e+18, 5.30503052e+16
3.9976563, 0, 0, 1.5e+15, 0, 1.19601833e-13, 3.718e+18, 6.44e+20, 4.85, 4, 87.7880572, 58.1593744, 1.28078819, 362422.625, 0, 10009716.1, 1.0541474e+10, 0.0008284929, -86.3007926, -89.4668672, 1.5e+15, 1.32112998e+18, -346524.93, 106162.059, 374.754442, 58.1593744, 116.571099, 1.28078819, 1.28078819, 1.5e+15, 0.000791828716, 3.70059027e-05, 0.0614012787, 0.00150029306, -3.2348164e-05, -0.000738805275, -0.00139493474, 1.79730827e-05, 0.000284882207, 0.000552300363, 0, 1.64584717e-08, 1.64584717e-08, 299.622953, 299.622953, 0, 0.27, 3.332, 0, -0.000771153439, 0.00030285529, 0, 1.5e+15, 0, 0, 2e+18, 5.31153065e+16
4.02341465, 0, 0, 1.5e+15, 0, 1.19458463e-13, 3.718e+18, 6.44e+20, 4.85, 4, 87.5276523, 58.4715792, 1.28078819, 359795.343, 0, 9389154.03, 9.39016945e+09, 0.000747694901, -86.0424397, -89.2027413, 1.5e+15, 1.22235324e+18, -344666.206, 103151.122, 374.74845, 58.4715792, 116.668448, 1.28078819, 1.28078819, 1.5e+15, 0.000713275111, 3.4717443e-05, 0.0614165166, 0.00140646943, -3.05114865e-05, -0.000666548296, -0.00131006546, 1.65529883e-05, 0.000253812964, 0.000511628958, 0, 1.6458098e-08, 1.6458098e-08, 268.674457, 268.674457, 0, 0.27, 3.332, 0, -0.000697059782, 0.000270365952, 0, 1.5e+15, 0, 0, 2e+18, 5.30917543e+16
4.0878125, 0, 0, 1.5e+15, 0, 1.19100596e-13, 3.718e+18, 6.44e+20, 4.85, 4, 86.8797995, 59.2825447, 1.28078819, 353188.216, 0, 7993119.25, 7.03406123e+09, 0.000542774011, -85.3997484, -88.5455938, 1.5e+15, 9.69018597e+17, -339985.298, 95664.4614, 374.733484, 59.2825447, 116.903106, 1.28078819, 1.28078819, 1.5e+15, 0.000514092178, 2.88745497e-05, 0.0614480547, 0.00116863567, -2.58111506e-05, -0.000483617799, -0.00109494487, 1.29430794e-05, 0.000174367242, 0.000408416719, 0, 1.64571647e-08, 1.64571647e-08, 191.270381, 191.270381, 0, 0.27, 3.332, 0, -0.000509428949, 0.000187310322, 0, 1.5e+15, 0, 0, 2e+18, 5.30548107e+16
4.11357088, 0, 0, 1.5e+15, 0, 1.18964274e-13, 3.718e+18, 6.44e+20, 4.85, 4, 86.6456057, 59.5706373, 1.28078819, 350863.319, 0, 7489738.15, 6.250475e+09, 0.000489309151, -85.1676408, -88.3075996, 1.5e+15, 8.89222752e+17, -338327.713, 92860.3621, 374.727764, 59.5706373, 116.950082, 1.28078819, 1.28078819, 1.5e+15, 0.000462395396, 2.70835415e-05, 0.0614607874, 0.00110371721, -2.43218179e-05, -0.000435738215, -0.00103624885, 1.19070277e-05, 0.000154632627, 0.000379839108, 0, 1.6456808e-08, 1.6456808e-08, 171.413508, 171.413508, 0, 0.27, 3.332, 0, -0.000460060033, 0.000166539655, 0, 1.5e+15, 0, 0, 2e+18, 5.30034891e+16
4.1779688, 0, 0, 1.5e+15, 0, 1.18623988e-13, 3.718e+18, 6.44e+20, 4.85, 4, 86.0629355, 60.318519, 1.28078819, 345020.159, 0, 6357751.71, 4.65095508e+09, 0.000353566496, -84.5902263, -87.7154181, 1.5e+15, 6.84520178e+17, -334159.132, 85885.9058, 374.713477, 60.318519, 117.063313, 1.28078819, 1.28078819, 1.5e+15, 0.000331171952, 2.25103537e-05, 0.0614859435, 0.000939067778, -2.05103458e-05, -0.000314371429, -0.000887310334, 9.27584435e-06, 0.000104140223, 0.000307453736, 0, 1.6455917e-08, 1.6455917e-08, 121.73205, 121.73205, 0, 0.27, 3.332, 0, -0.000334881775, 0.000113416067, 0, 1.5e+15, 0, 0, 2e+18, 5.28933612e+16
4.20372715, 0, 0, 1.5e+15, 0, 1.18494606e-13, 3.718e+18, 6.44e+20, 4.85, 4, 85.8530987, 60.5842595, 1.28078819, 342965.01, 0, 5966987.26, 4.06718601e+09, 0.000315855051, -84.3824241, -87.5012636, 1.5e+15, 6.22574554e+17, -332679.021, 83274.8137, 374.708027, 60.5842595, 117.085138, 1.28078819, 1.28078819, 1.5e+15, 0.000294799696, 2.11536203e-05, 0.0614960218, 0.000891340508, -1.93512325e-05, -0.000280118627, -0.000843784515, 8.53806701e-06, 9.18391983e-05, 0.000287153077, 0, 1.64555772e-08, 1.64555772e-08, 108.143682, 108.143682, 0, 0.27, 3.332, 0, -0.000299469859, 0.000100377265, 0, 1.5e+15, 0, 0, 2e+18, 5.28331633e+16
4.268125, 0, 0, 1.5e+15, 0, 1.18171637e-13, 3.718e+18, 6.44e+20, 4.85, 4, 85.3310212, 61.2736179, 1.28078819, 337803.042, 0, 5085161.14, 2.9103103e+09, 0.000220403783, -83.8654762, -86.9684117, 1.5e+15, 4.63792734e+17, -328961.532, 76779.1498, 374.694415, 61.2736179, 117.137755, 1.28078819, 1.28078819, 1.5e+15, 0.000202768474, 1.76931093e-05, 0.0615144214, 0.000770631295, -1.63876733e-05, -0.000193575416, -0.000733644964, 6.67008898e-06, 6.03616149e-05, 0.000235874561, 0, 1.64547283e-08, 1.64547283e-08, 74.2696265, 74.2696265, 0, 0.27, 3.332, 0, -0.00020996309, 6.70317039e-05, 0, 1.5e+15, 0, 0, 2e+18, 5.26977369e+16
4.29388338, 0, 0, 1.5e+15, 0, 1.18049098e-13, 3.718e+18, 6.44e+20, 4.85, 4, 85.1439121, 61.5169094, 1.28078819, 335991.949, 0, 4787255.92, 2.54499117e+09, 0.000197112644, -83.6803032, -86.7769842, 1.5e+15, 4.16560776e+17, -327643.009, 74343.9485, 374.689234, 61.5169094, 117.147616, 1.28078819, 1.28078819, 1.5e+15, 0.000180494277, 1.66671569e-05, 0.0615217127, 0.000738664456, -1.55029513e-05, -0.000172572069, -0.000704740391, 6.11185067e-06, 5.28404985e-05, 0.00022114083, 0, 1.64544053e-08, 1.64544053e-08, 66.0865921, 66.0865921, 0, 0.27, 3.332, 0, -0.00018807502, 5.89523492e-05, 0, 1.5e+15, 0, 0, 2e+18, 5.26275101e+16
4.3582813, 0, 0, 1.5e+15, 0, 1.17743197e-13, 3.718e+18, 6.44e+20, 4.85, 4, 84.678376, 62.1477302, 1.28078819, 331445.418, 0, 4115257.14, 1.81877004e+09, 0.000138006305, -83.2196182, -86.3006319, 1.5e+15, 2.96349088e+17, -324334.839, 68284.9643, 374.676294, 62.1477302, 117.17139, 1.28078819, 1.28078819, 1.5e+15, 0.000123967308, 1.40668274e-05, 0.0615330231, 0.000657711462, -1.32577945e-05, -0.00011932743, -0.000631435616, 4.70174442e-06, 3.35979607e-05, 0.000184045439, 0, 1.64535983e-08, 1.64535983e-08, 45.6454516, 45.6454516, 0, 0.27, 3.332, 0, -0.000132585225, 3.82997051e-05, 0, 1.5e+15, 0, 0, 2e+18, 5.24650106e+16
4.38403965, 0, 0, 1.5e+15, 0, 1.17627406e-13, 3.718e+18, 6.44e+20, 4.85, 4, 84.5124536, 62.3700181, 1.28078819, 329853.455, 0, 3818106.95, 1.57611233e+09, 0.000122814444, -83.0561032, -86.1300983, 1.5e+15, 2.5004118e+17, -323161.648, 66011.4946, 374.671382, 62.3700181, 117.175686, 1.28078819, 1.28078819, 1.5e+15, 0.000109732586, 1.31046256e-05, 0.0615374021, 0.000635033939, -1.23890212e-05, -0.000105736453, -0.000610878196, 4.26616579e-06, 2.93227175e-05, 0.000173349664, 0, 1.64532921e-08, 1.64532921e-08, 40.4278716, 40.4278716, 0, 0.27, 3.332, 0, -0.000118125475, 3.35888833e-05, 0, 1.5e+15, 0, 0, 2e+18, 5.23925132e+16
4.4484375, 0, 0, 1.5e+15, 0, 1.17338341e-13, 3.718e+18, 6.44e+20, 4.85, 4, 84.0996392, 62.94605, 1.28078819, 325859.1, 0, 3162067.84, 1.1017032e+09, 8.43433668e-05, -82.6493444, -85.7057524, 1.5e+15, 1.31843658e+17, -320220.885, 60354.1455, 374.659112, 62.94605, 117.186044, 1.28078819, 1.28078819, 1.5e+15, 7.36963315e-05, 1.06584848e-05, 0.0615413095, 0.000577727747, -1.01777853e-05, -7.13699806e-05, -0.000558843978, 3.16479365e-06, 1.83702197e-05, 0.000146499727, 0, 1.64525269e-08, 1.64525269e-08, 27.4283025, 27.4283025, 0, 0.27, 3.332, 0, -8.1547766e-05, 2.15350134e-05, 0, 1.5e+15, 0, 0, 2e+18, 5.22220031e+16
4.47419588, 0, 0, 1.5e+15, 0, 1.17229212e-13, 3.718e+18, 6.44e+20, 4.85, 4, 83.953526, 63.1473905, 1.28078819, 324466.456, 0, 2914601.4, 956479788, 7.51968905e-05, -82.5058503, -85.5550872, 1.5e+15, 9.36313619e+16, -319181.834, 58226.1835, 374.654468, 63.1473905, 117.187846, 1.28078819, 1.28078819, 1.5e+15, 6.53241706e-05, 9.88255247e-06, 0.0615426608, 0.00056216856, -9.45879104e-06, -6.33395787e-05, -0.000544815909, 2.85970409e-06, 1.59595179e-05, 0.000138456046, 0, 1.64522373e-08, 1.64522373e-08, 24.3473995, 24.3473995, 0, 0.27, 3.332, 0, -7.27983698e-05, 1.8819222e-05, 0, 1.5e+15, 0, 0, 2e+18, 5.21507612e+16
4.5385938, 0, 0, 1.5e+15, 0, 1.16956767e-13, 3.718e+18, 6.44e+20, 4.85, 4, 83.5900055, 63.6689875, 1.28078819, 320973.659, 0, 2372971.96, 671203916, 5.20130513e-05, -82.1489376, -85.1801609, 1.5e+15, -3.99787137e+15, -316579.134, 52930.6214, 374.642866, 63.6689875, 117.192191, 1.28078819, 1.28078819, 1.5e+15, 4.41113733e-05, 7.90802061e-06, 0.0615388758, 0.00052286228, -7.62735726e-06, -4.3011521e-05, -0.000509293407, 2.08810328e-06, 9.78871769e-06, 0.000118341594, 0, 1.64515139e-08, 1.64515139e-08, 16.66734, 16.66734, 0, 0.27, 3.332, 0, -5.06388782e-05, 1.18768209e-05, 0, 1.5e+15, 0, 0, 2e+18, 5.19816916e+16
4.56435215, 0, 0, 1.5e+15, 0, 1.1685422e-13, 3.718e+18, 6.44e+20, 4.85, 4, 83.4624557, 63.8500498, 1.28078819, 319762.619, 0, 2190922.95, 564607599, 4.56789115e-05, -82.0239533, -85.0470391, 1.5e+15, -3.20919811e+16, -315664.564, 50930.4753, 374.638489, 63.8500498, 117.192912, 1.28078819, 1.28078819, 1.5e+15, 3.833812e-05, 7.3458309e-06, 0.0615370885, 0.000511061704, -7.0957077e-06, -3.73963011e-05, -0.000498594532, 1.89927595e-06, 8.44294903e-06, 0.000112063957, 0, 1.64512409e-08, 1.64512409e-08, 14.575125, 14.575125, 0, 0.27, 3.332, 0, -4.44920088e-05, 1.03422249e-05, 0, 1.5e+15, 0, 0, 2e+18, 5.19166107e+16
4.62875, 0, 0, 1.5e+15, 0, 1.16598194e-13, 3.718e+18, 6.44e+20, 4.85, 4, 83.1451339, 64.3189521, 1.28078819, 316726.474, 0, 1789083.62, 366765550, 2.96901608e-05, -81.7131444, -84.7158179, 1.5e+15, -1.04099956e+17, -313375.029, 45953.019, 374.627552, 64.3189521, 117.194648, 1.28078819, 1.28078819, 1.5e+15, 2.37810038e-05, 5.91147707e-06, 0.0615253321, 0.000481336826, -5.73763217e-06, -2.32492848e-05, -0.000471579886, 1.42306939e-06, 5.00062113e-06, 9.64220028e-05, 0, 1.64505589e-08, 1.64505589e-08, 9.38316097, 9.38316097, 0, 0.27, 3.332, 0, -2.89869169e-05, 6.42369053e-06, 0, 1.5e+15, 0, 0, 2e+18, 5.17615124e+16
4.65450838, 0, 0, 1.5e+15, 0, 1.16502153e-13, 3.718e+18, 6.44e+20, 4.85, 4, 83.0350868, 64.4792284, 1.28078819, 315684.208, 0, 1697427.71, 312192726, 2.64338293e-05, -81.6047843, -84.6005808, 1.5e+15, -1.18489872e+17, -312579.153, 44063.5535, 374.62344, 64.4792284, 117.19492, 1.28078819, 1.28078819, 1.5e+15, 2.08209748e-05, 5.61478105e-06, 0.0615202955, 0.000473477462, -5.46180062e-06, -2.03780934e-05, -0.000464560587, 1.29850681e-06, 4.26229569e-06, 9.13040061e-05, 0, 1.64503025e-08, 1.64503025e-08, 8.32335476, 8.32335476, 0, 0.27, 3.332, 0, -2.58398941e-05, 5.5608025e-06, 0, 1.5e+15, 0, 0, 2e+18, 5.17020697e+16
4.7189063, 0, 0, 1.5e+15, 0, 1.16262361e-13, 3.718e+18, 6.44e+20, 4.85, 4, 82.7613189, 64.8942588, 1.28078819, 313071.896, 0, 1486849.98, 208400192, 1.81840597e-05, -81.3352655, -84.3137925, 1.5e+15, -1.55023784e+17, -310587.54, 39361.6394, 374.613167, 64.8942588, 117.195574, 1.28078819, 1.28078819, 1.5e+15, 1.33194437e-05, 4.86571383e-06, 0.0615002894, 0.000453668639, -4.76475376e-06, -1.3105902e-05, -0.000446809421, 9.86045268e-07, 2.37543432e-06, 7.85895897e-05, 0, 1.6449662e-08, 1.6449662e-08, 5.68456257, 5.68456257, 0, 0.27, 3.332, 0, -1.78706557e-05, 3.36147959e-06, 0, 1.5e+15, 0, 0, 2e+18, 5.15600053e+16
4.74466465, 0, 0, 1.5e+15, 0, 1.16172758e-13, 3.718e+18, 6.44e+20, 4.85, 4, 82.6678404, 65.0342654, 1.28078819, 312186.204, 0, 1383892.45, 175073410, 1.6117879e-05, -81.2440934, -84.2146991, 1.5e+15, -1.70966566e+17, -309903.945, 37568.2017, 374.60932, 65.0342654, 117.195669, 1.28078819, 1.28078819, 1.5e+15, 1.15698225e-05, 4.54885379e-06, 0.061491891, 0.000447761169, -4.46125874e-06, -1.13910103e-05, -0.000441526449, 8.8619184e-07, 2.02350203e-06, 7.43028098e-05, 0, 1.64494221e-08, 1.64494221e-08, 5.02096788, 5.02096788, 0, 0.27, 3.332, 0, -1.5852269e-05, 2.90969386e-06, 0, 1.5e+15, 0, 0, 2e+18, 5.15069844e+16
4.8090625, 0, 0, 1.5e+15, 0, 1.15949027e-13, 3.718e+18, 6.44e+20, 4.85, 4, 82.4353048, 65.3967411, 1.28078819, 309966.877, 0, 1154031.35, 113215935, 1.09012144e-05, -81.0173961, -83.9681175, 1.5e+15, -2.11526985e+17, -308193.866, 33105.3929, 374.59971, 65.3967411, 117.195897, 1.28078819, 1.28078819, 1.5e+15, 7.15490726e-06, 3.74651667e-06, 0.0614633521, 0.000432901927, -3.69218522e-06, -7.06630259e-06, -0.000428193089, 6.35729267e-07, 1.12250675e-06, 6.36755943e-05, 0, 1.64488229e-08, 1.64488229e-08, 3.3748364, 3.3748364, 0, 0.27, 3.332, 0, -1.07584878e-05, 1.75823602e-06, 0, 1.5e+15, 0, 0, 2e+18, 5.13797295e+16
4.83482088, 0, 0, 1.5e+15, 0, 1.15865799e-13, 3.718e+18, 6.44e+20, 4.85, 4, 82.3575962, 65.5159714, 1.28078819, 309229.362, 0, 1063598.08, 95873290.8, 9.72146082e-06, -80.9423122, -83.8850514, 1.5e+15, -2.25399753e+17, -307619.049, 31394.3838, 374.596127, 65.5159714, 117.195926, 1.28078819, 1.28078819, 1.5e+15, 6.24702772e-06, 3.47459732e-06, 0.0614514795, 0.00042857728, -3.42816942e-06, -6.17404849e-06, -0.000424338237, 5.64344051e-07, 9.4918366e-07, 5.99534604e-05, 0, 1.64485995e-08, 1.64485995e-08, 3.00018326, 3.00018326, 0, 0.27, 3.332, 0, -9.60221788e-06, 1.51352771e-06, 0, 1.5e+15, 0, 0, 2e+18, 5.13339272e+16
4.8992188, 0, 0, 1.5e+15, 0, 1.15657975e-13, 3.718e+18, 6.44e+20, 4.85, 4, 82.1642998, 65.8246854, 1.28078819, 307381.539, 0, 864480.731, 63195288.3, 6.74022597e-06, -80.7556832, -83.6783251, 1.5e+15, -2.60680377e+17, -306181.267, 27136.9915, 374.587177, 65.8246854, 117.195997, 1.28078819, 1.28078819, 1.5e+15, 3.95415808e-06, 2.78615732e-06, 0.0614141244, 0.000417703641, -2.75936224e-06, -3.9215942e-06, -0.00041460996, 3.85474461e-07, 5.06413619e-07, 5.07424527e-05, 0, 1.64480414e-08, 1.64480414e-08, 2.07021554, 2.07021554, 0, 0.27, 3.332, 0, -6.68095644e-06, 8.91888081e-07, 0, 1.5e+15, 0, 0, 2e+18, 5.12236869e+16
4.92497715, 0, 0, 1.5e+15, 0, 1.15581064e-13, 3.718e+18, 6.44e+20, 4.85, 4, 82.1016741, 65.9233106, 1.28078819, 306784.777, 0, 788477.388, 49441092.1, 5.86473496e-06, -80.696019, -83.6077857, 1.5e+15, -2.72231794e+17, -305711.922, 25495.1085, 374.583859, 65.9233106, 117.196004, 1.28078819, 1.28078819, 1.5e+15, 3.30253437e-06, 2.56225491e-06, 0.061398663, 0.000414320978, -2.53900663e-06, -3.27538793e-06, -0.000411574425, 3.43889505e-07, 4.22540539e-07, 4.74286435e-05, 0, 1.64478346e-08, 1.64478346e-08, 1.79547363, 1.79547363, 0, 0.27, 3.332, 0, -5.81439456e-06, 7.66430045e-07, 0, 1.5e+15, 0, 0, 2e+18, 5.1185811e+16
4.989375, 0, 0, 1.5e+15, 0, 1.15389003e-13, 3.718e+18, 6.44e+20, 4.85, 4, 81.9459073, 66.1786819, 1.28078819, 305289.741, 0, 622561.81, 26811713.6, 3.65899111e-06, -80.5478562, -83.4322891, 1.5e+15, -3.01733908e+17, -304538.032, 21410.1953, 374.575568, 66.1786819, 117.196023, 1.28078819, 1.28078819, 1.5e+15, 1.66600481e-06, 1.99299666e-06, 0.0613522022, 0.000405824776, -1.97847199e-06, -1.65290535e-06, -0.000403923237, 2.40174616e-07, 2.0850619e-07, 3.92389623e-05, 0, 1.64473176e-08, 1.64473176e-08, 1.11572792, 1.11572792, 0, 0.27, 3.332, 0, -3.63137733e-06, 4.48680805e-07, 0, 1.5e+15, 0, 0, 2e+18, 5.10944022e+16
5.01513338, 0, 0, 1.5e+15, 0, 1.15318359e-13, 3.718e+18, 6.44e+20, 4.85, 4, 81.8978036, 66.2558256, 1.28078819, 304829.752, 0, 605838.387, 22137100.3, 3.37154028e-06, -80.5006233, -83.3780102, 1.5e+15, -3.04262854e+17, -304173.567, 19824.0794, 374.572514, 66.2558256, 117.196025, 1.28078819, 1.28078819, 1.5e+15, 1.43323644e-06, 1.93831665e-06, 0.0613330347, 0.000403632717, -1.92596533e-06, -1.42298708e-06, -0.000401983365, 2.16765241e-07, 1.69487018e-07, 3.62019664e-05, 0, 1.64471271e-08, 1.64471271e-08, 1.02586654, 1.02586654, 0, 0.27, 3.332, 0, -3.3489524e-06, 3.86252258e-07, 0, 1.5e+15, 0, 0, 2e+18, 5.10648869e+16
5.0795313, 0, 0, 1.5e+15, 0, 1.15141933e-13, 3.718e+18, 6.44e+20, 4.85, 4, 81.7781629, 66.4556149, 1.28078819, 303677.33, 0, 565033.004, 13675446.4, 2.6445521e-06, -80.3832127, -83.2428443, 1.5e+15, -3.10709661e+17, -303261.915, 15878.3742, 374.564881, 66.4556149, 117.196029, 1.28078819, 1.28078819, 1.5e+15, 8.44028457e-07, 1.80053212e-06, 0.0612771712, 0.00039812777, -1.79349454e-06, -8.41116798e-07, -0.000397091691, 1.59037687e-07, 7.00450823e-08, 2.87031611e-05, 0, 1.64466513e-08, 1.64466513e-08, 0.802714069, 0.802714069, 0, 0.27, 3.332, 0, -2.63461135e-06, 2.29082769e-07, 0, 1.5e+15, 0, 0, 2e+18, 5.09936249e+16
5.10528965, 0, 0, 1.5e+15, 0, 1.15077509e-13, 3.718e+18, 6.44e+20, 4.85, 4, 81.7441375, 66.5114484, 1.28078819, 303349.884, 0, 543167.909, 11049145.9, 2.44859677e-06, -80.3504535, -83.2019439, 1.5e+15, -3.14143798e+17, -303000.734, 14334.9479, 374.56209, 66.5114484, 117.196029, 1.28078819, 1.28078819, 1.5e+15, 7.1713745e-07, 1.73146411e-06, 0.0612541777, 0.000396591715, -1.72568833e-06, -7.14829861e-07, -0.000395726414, 1.39575876e-07, 5.71635995e-08, 2.58473344e-05, 0, 1.64464772e-08, 1.64464772e-08, 0.741848907, 0.741848907, 0, 0.27, 3.332, 0, -2.4405182e-06, 1.96739476e-07, 0, 1.5e+15, 0, 0, 2e+18, 5.0972082e+16
5.1696875, 0, 0, 1.5e+15, 0, 1.14916602e-13, 3.718e+18, 6.44e+20, 4.85, 4, 81.6595185, 66.6560842, 1.28078819, 302529.449, 0, 490680.664, 6479478.54, 1.95514225e-06, -80.2690958, -83.1001185, 1.5e+15, -3.22883238e+17, -302347.317, 10495.8947, 374.555115, 66.6560842, 117.19603, 1.28078819, 1.28078819, 1.5e+15, 3.98216332e-07, 1.55692659e-06, 0.0611886074, 0.000392737089, -1.55422163e-06, -3.97477475e-07, -0.000392286885, 9.17356882e-08, 2.4246238e-08, 1.87990522e-05, 0, 1.64460424e-08, 1.64460424e-08, 0.591377349, 0.591377349, 0, 0.27, 3.332, 0, -1.95169911e-06, 1.15981926e-07, 0, 1.5e+15, 0, 0, 2e+18, 5.09198734e+16
5.19544588, 0, 0, 1.5e+15, 0, 1.14858359e-13, 3.718e+18, 6.44e+20, 4.85, 4, 81.6392442, 66.6897132, 1.28078819, 302333.441, 0, 473855.55, 5379886.1, 1.84751819e-06, -80.2499409, -83.0738491, 1.5e+15, -3.25568385e+17, -302190.235, 8982.22541, 374.552587, 66.6897132, 117.19603, 1.28078819, 1.28078819, 1.5e+15, 3.43801813e-07, 1.50371758e-06, 0.0611616666, 0.000391834148, -1.50164059e-06, -3.43236181e-07, -0.000391482885, 7.64353026e-08, 1.93833695e-08, 1.60574168e-05, 0, 1.64458848e-08, 1.64458848e-08, 0.558111711, 0.558111711, 0, 0.27, 3.332, 0, -1.84487678e-06, 9.5818672e-08, 0, 1.5e+15, 0, 0, 2e+18, 5.09067477e+16
5.2598438, 0, 0, 1.5e+15, 0, 1.14712871e-13, 3.718e+18, 6.44e+20, 4.85, 4, 81.5888251, 66.7768668, 1.28078819, 301842.195, 0, 433032.657, 3374556.8, 1.57637487e-06, -80.2024123, -83.0083949, 1.5e+15, -3.32386613e+17, -301797.094, 5217.64194, 374.546269, 66.7768668, 117.19603, 1.28078819, 1.28078819, 1.5e+15, 2.06961751e-07, 1.3694157e-06, 0.0610860813, 0.000389568153, -1.36885899e-06, -2.06843105e-07, -0.00038945729, 3.9043741e-08, 7.00668387e-09, 9.29306186e-06, 0, 1.64454909e-08, 1.64454909e-08, 0.475843613, 0.475843613, 0, 0.27, 3.332, 0, -1.57570209e-06, 4.60504248e-08, 0, 1.5e+15, 0, 0, 2e+18, 5.08748911e+16
5.28560215, 0, 0, 1.5e+15, 0, 1.14660773e-13, 3.718e+18, 6.44e+20, 4.85, 4, 81.5820934, 66.788411, 1.28078819, 301505.487, 0, 415134.412, 2424019.55, 1.48003033e-06, -80.1970368, -82.9909921, 1.5e+15, -3.35314961e+17, -301470.01, 4466.52698, 374.544005, 66.788411, 117.19603, 1.28078819, 1.28078819, 1.5e+15, 1.6640971e-07, 1.31363151e-06, 0.0610220529, 0.000389214926, -1.31320856e-06, -1.66305328e-07, -0.000389128393, 3.2163103e-08, 5.86450822e-09, 7.9438105e-06, 0, 1.64453496e-08, 1.64453496e-08, 0.446288431, 0.446288431, 0, 0.27, 3.332, 0, -1.47951388e-06, 3.80276112e-08, 0, 1.5e+15, 0, 0, 2e+18, 5.08702512e+16
5.35, 0, 0, 1.5e+15, 0, 1.14530615e-13, 3.718e+18, 6.44e+20, 4.85, 4, 81.5653555, 66.8183695, 1.28078819, 300690.666, 0, 371980.283, 1063027.82, 1.23750369e-06, -80.1838261, -82.9476665, 1.5e+15, -3.42749091e+17, -300679.438, 2598.45264, 374.538343, 66.8183695, 117.19603, 1.28078819, 1.28078819, 1.5e+15, 6.5057002e-08, 1.17247894e-06, 0.0608451512, 0.000388327673, -1.17237787e-06, -6.49897342e-08, -0.000388300245, 1.53941373e-08, 2.95765364e-09, 4.61515948e-06, 0, 1.64449966e-08, 1.64449966e-08, 0.373263506, 0.373263506, 0, 0.27, 3.332, 0, -1.23736761e-06, 1.8351791e-08, 0, 1.5e+15, 0, 0, 2e+18, 5.08588767e+16
