"depth", "composition x", "composition y", "donor conc", "acceptor conc", "ni", "nc", "nv", "eg", "electron affinity", "potential", "e- mobility", "h+ mobility", "electric field", "impact gen rate", "electron conc", "hole conc", "cond. current density", "electron qfl", "hole qfl", "net doping", "recombination rate", "e field x", "e field y", "lattice temperature", "e- mobility x", "e- mobility y", "h+ mobility x", "h+ mobility y", "total doping", "h+ current density", "e- current density", "current flowlines", "total current density", "je- x", "jh+ x", "jtot x", "je- y", "jh+ y", "jtot y", "seu generation rate", "e- srh tno", "h+ srh tno", "joule heat power", "total heat power", "rec heat power", "heat conductivity", "heat capacity", "peltier-thomson heat power", "cond current x", "cond current y", "ionized acceptor concentration", "ionized donor concentration", "e- ionization coefficient", "h+ ionization coefficient", "acceptor trap dos #1", "acceptor trap ionized density #1"
3.55271368e-15, 0, 0, 1e+19, 0, 8.94262674e-22, 3.718e+18, 6.44e+20, 4.85, 4, 2.34461376, 12.1176471, 0.0128722772, 8941.16671, 0, 1.80987492e+18, 2.14843626e-25, 104.648176, -3.30633006e-05, -1.13780192, 1e+19, 1.79929395e-17, -0.00385679973, 8941.16671, 299.99999, 12.1176471, 12.1176471, 0.0128722772, 0.0128722772, 1e+19, 8.73164725e-42, 104.648176, 0.338533401, 103.589031, -0.00469313663, -4.26808215e-44, -0.0046081918, -104.648176, -8.73150203e-42, -103.58903, 0, 1.19999994e-08, 1.19999994e-08, -1177102.46, -1177102.46, 0, 0.27, 3.332, 0, -0.00469313663, -104.648176, 0, 7.65552144e+17, 0, 0, 0, 0
0.0666666667, 0, 0, 1e+19, 0, 8.94262674e-22, 3.718e+18, 6.44e+20, 4.85, 4, 2.34461379, 12.1176471, 0.0128722772, 10145.5737, 0, 1.80987493e+18, 2.24849645e-25, 104.694475, -3.3088098e-05, -1.13842959, 1e+19, 1.88309337e-17, -0.00664183415, 10145.5737, 299.99999, 12.1176471, 12.1176471, 0.0128722772, 0.0128722772, 1e+19, 9.02423728e-42, 104.694475, 0.339020232, 103.634629, -0.0103522176, -8.72993429e-44, -0.0101754386, -104.694474, -9.02365685e-42, -103.634628, 0, 1.19999994e-08, 1.19999994e-08, -1177424.7, -1177424.7, 0, 0.27, 3.332, 0, -0.0103522176, -104.694474, 0, 7.65552138e+17, 0, 0, 0, 0
0.125, 0, 0, 1e+19, 0, 8.94262673e-22, 3.718e+18, 6.44e+20, 4.85, 4, 2.34461379, 12.1176471, 0.0128722772, 10145.5546, 0, 1.80987493e+18, 2.24849645e-25, 104.726541, -3.3088098e-05, -1.13842959, 1e+19, 1.88309337e-17, -0.00775835811, 10145.5546, 299.99999, 12.1176471, 12.1176471, 0.0128722772, 0.0128722772, 1e+19, 9.13876627e-42, 104.726541, 0.339221894, 103.666307, -0.0103525505, -8.72993429e-44, -0.0101757715, -104.72654, -9.13818584e-42, -103.666306, 0, 1.19999994e-08, 1.19999994e-08, -1177982.18, -1177982.18, 0, 0.27, 3.332, 0, -0.0103525505, -104.72654, 0, 7.65552138e+17, 0, 0, 0, 0
0.191666667, 0, 0, 1e+19, 0, 8.94262669e-22, 3.718e+18, 6.44e+20, 4.85, 4, 2.34461387, 12.1176471, 0.0128722772, 10145.497, 0, 1.80987498e+18, 2.55775991e-25, 104.885134, -3.31727016e-05, -1.1402065, 1e+19, 2.14209843e-17, -0.0123593809, 10145.497, 299.99999, 12.1176471, 12.1176471, 0.0128722772, 0.0128722772, 1e+19, 1.00489114e-41, 104.885134, 0.339869678, 103.822681, -0.0207212367, -1.39818829e-43, -0.0203653333, -104.88513, -1.00476037e-41, -103.822677, 0, 1.19999994e-08, 1.19999994e-08, -1179081.66, -1179081.66, 0, 0.27, 3.332, 0, -0.0207212367, -104.88513, 0, 7.65552117e+17, 0, 0, 0, 0
0.25, 0, 0, 1e+19, 0, 8.94262664e-22, 3.718e+18, 6.44e+20, 4.85, 4, 2.34461387, 12.1176471, 0.0128722772, 10145.4494, 0, 1.80987498e+18, 2.55775991e-25, 104.994529, -3.31727016e-05, -1.1402065, 1e+19, 2.14209843e-17, -0.0135315684, 10145.4494, 299.99999, 12.1176471, 12.1176471, 0.0128722772, 0.0128722772, 1e+19, 1.04028969e-41, 104.994529, 0.340284873, 103.93085, -0.0207218608, -1.39818829e-43, -0.0203659574, -104.994526, -1.04015891e-41, -103.930847, 0, 1.19999994e-08, 1.19999994e-08, -1180983.56, -1180983.56, 0, 0.27, 3.332, 0, -0.0207218608, -104.994526, 0, 7.65552117e+17, 0, 0, 0, 0
0.316666667, 0, 0, 1e+19, 0, 8.94262659e-22, 3.718e+18, 6.44e+20, 4.85, 4, 2.34461401, 12.1176471, 0.0128722772, 10145.3563, 0, 1.80987506e+18, 2.90405864e-25, 105.246044, -3.33070771e-05, -1.14195737, 1e+19, 2.43212017e-17, -0.0185411992, 10145.3563, 299.99999, 12.1176471, 12.1176471, 0.0128722772, 0.0128722772, 1e+19, 1.14110959e-41, 105.246044, 0.34100487, 104.178706, -0.0311879601, -1.87295926e-43, -0.0306473534, -105.246036, -1.14090281e-41, -104.178698, 0, 1.19999994e-08, 1.19999994e-08, -1182729.73, -1182729.73, 0, 0.27, 3.332, 0, -0.0311879601, -105.246036, 0, 7.65552084e+17, 0, 0, 0, 0
0.375, 0, 0, 1e+19, 0, 8.94262651e-22, 3.718e+18, 6.44e+20, 4.85, 4, 2.34461401, 12.1176471, 0.0128722772, 10145.2834, 0, 1.80987506e+18, 2.90405864e-25, 105.419796, -3.33070771e-05, -1.14195737, 1e+19, 2.43212017e-17, -0.0199739203, 10145.2834, 299.99999, 12.1176471, 12.1176471, 0.0128722772, 0.0128722772, 1e+19, 1.18074808e-41, 105.419796, 0.341460355, 104.350437, -0.0311885948, -1.87295926e-43, -0.0306479881, -105.419788, -1.1805413e-41, -104.350429, 0, 1.19999994e-08, 1.19999994e-08, -1185750.45, -1185750.45, 0, 0.27, 3.332, 0, -0.0311885948, -105.419788, 0, 7.65552084e+17, 0, 0, 0, 0
0.441666667, 0, 0, 1e+19, 0, 8.94262644e-22, 3.718e+18, 6.44e+20, 4.85, 4, 2.3446142, 12.1176471, 0.0128722772, 10145.152, 0, 1.80987518e+18, 3.43590956e-25, 105.785535, -3.35022883e-05, -1.14427629, 1e+19, 2.87754002e-17, -0.0247147621, 10145.152, 299.99999, 12.1176471, 12.1176471, 0.0128722772, 0.0128722772, 1e+19, 1.33681175e-41, 105.785535, 0.342246055, 104.710907, -0.0418309499, -2.30000947e-43, -0.041096263, -105.785521, -1.33654838e-41, -104.710893, 0, 1.19999994e-08, 1.19999994e-08, -1188287.06, -1188287.06, 0, 0.27, 3.332, 0, -0.0418309499, -105.785521, 0, 7.65552037e+17, 0, 0, 0, 0
0.5, 0, 0, 1e+19, 0, 8.94262633e-22, 3.718e+18, 6.44e+20, 4.85, 4, 2.3446142, 12.1176471, 0.0128722772, 10145.0519, 0, 1.80987518e+18, 3.43590956e-25, 106.037949, -3.35022883e-05, -1.14427629, 1e+19, 2.87754002e-17, -0.0259307665, 10145.0519, 299.99999, 12.1176471, 12.1176471, 0.0128722772, 0.0128722772, 1e+19, 1.39768985e-41, 106.037949, 0.342737586, 104.960419, -0.0418316028, -2.30000947e-43, -0.0410969159, -106.037935, -1.39742648e-41, -104.960405, 0, 1.19999994e-08, 1.19999994e-08, -1192675.24, -1192675.24, 0, 0.27, 3.332, 0, -0.0418316028, -106.037935, 0, 7.65552036e+17, 0, 0, 0, 0
0.566666667, 0, 0, 1e+19, 0, 8.94262623e-22, 3.718e+18, 6.44e+20, 4.85, 4, 2.34461445, 12.1176471, 0.0128722772, 10144.8837, 0, 1.80987532e+18, 3.98240997e-25, 106.500101, -3.3749134e-05, -1.14631169, 1e+19, 3.33522867e-17, -0.0311597412, 10144.8837, 299.99999, 12.1176471, 12.1176471, 0.0128722772, 0.0128722772, 1e+19, 1.55687286e-41, 106.500101, 0.343587164, 105.415705, -0.0527401558, -2.78950859e-43, -0.0517981111, -106.500079, -1.55653845e-41, -105.415684, 0, 1.19999994e-08, 1.19999994e-08, -1195882.5, -1195882.5, 0, 0.27, 3.332, 0, -0.0527401558, -106.500079, 0, 7.65551976e+17, 0, 0, 0, 0
0.625, 0, 0, 1e+19, 0, 8.94262609e-22, 3.718e+18, 6.44e+20, 4.85, 4, 2.34461445, 12.1176471, 0.0128722772, 10144.7574, 0, 1.80987532e+18, 3.98240997e-25, 106.819282, -3.3749134e-05, -1.14631169, 1e+19, 3.33522867e-17, -0.0326587986, 10144.7574, 299.99999, 12.1176471, 12.1176471, 0.0128722772, 0.0128722772, 1e+19, 1.61942976e-41, 106.819282, 0.344113935, 105.731117, -0.052740835, -2.78950859e-43, -0.0517987904, -106.81926, -1.61909535e-41, -105.731096, 0, 1.19999994e-08, 1.19999994e-08, -1201431.2, -1201431.2, 0, 0.27, 3.332, 0, -0.052740835, -106.81926, 0, 7.65551976e+17, 0, 0, 0, 0
0.691666667, 0, 0, 1e+19, 0, 8.94262596e-22, 3.718e+18, 6.44e+20, 4.85, 4, 2.34461477, 12.1176471, 0.0128722772, 10144.5488, 0, 1.8098755e+18, 4.74373087e-25, 107.400917, -3.40596285e-05, -1.14872399, 1e+19, 3.97282735e-17, -0.0377740187, 10144.5488, 299.99999, 12.1176471, 12.1176471, 0.0128722772, 0.0128722772, 1e+19, 1.84292462e-41, 107.400917, 0.345028861, 106.304057, -0.0641211801, -3.08953973e-43, -0.0629529662, -107.400884, -1.84258051e-41, -106.304025, 0, 1.19999994e-08, 1.19999994e-08, -1205465.1, -1205465.1, 0, 0.27, 3.332, 0, -0.0641211801, -107.400884, 0, 7.655519e+17, 0, 0, 0, 0
0.75, 0, 0, 1e+19, 0, 8.94262579e-22, 3.718e+18, 6.44e+20, 4.85, 4, 2.34461477, 12.1176471, 0.0128722772, 10144.3937, 0, 1.8098755e+18, 4.74373087e-25, 107.8024, -3.40596285e-05, -1.14872399, 1e+19, 3.97282735e-17, -0.0391075039, 10144.3937, 299.99999, 12.1176471, 12.1176471, 0.0128722772, 0.0128722772, 1e+19, 1.93007307e-41, 107.8024, 0.345591863, 106.700788, -0.0641219004, -3.08953973e-43, -0.0629536865, -107.802367, -1.92972895e-41, -106.700757, 0, 1.19999994e-08, 1.19999994e-08, -1212444.3, -1212444.3, 0, 0.27, 3.332, 0, -0.0641219004, -107.802367, 0, 7.655519e+17, 0, 0, 0, 0
0.816666667, 0, 0, 1e+19, 0, 8.94262564e-22, 3.718e+18, 6.44e+20, 4.85, 4, 2.34461514, 12.1176471, 0.0128722772, 10144.1441, 0, 1.80987572e+18, 5.4308448e-25, 108.489704, -3.44267433e-05, -1.15058944, 1e+19, 4.54827842e-17, -0.0452780129, 10144.1441, 299.999989, 12.1176471, 12.1176471, 0.0128722772, 0.0128722772, 1e+19, 2.12990846e-41, 108.489704, 0.346576264, 107.377491, -0.0767795809, -3.50511423e-43, -0.0753580684, -108.489658, -2.12952132e-41, -107.377446, 0, 1.19999994e-08, 1.19999994e-08, -1217213.18, -1217213.18, 0, 0.27, 3.332, 0, -0.0767795809, -108.489658, 0, 7.6555181e+17, 0, 0, 0, 0
0.875, 0, 0, 1e+19, 0, 8.94262543e-22, 3.718e+18, 6.44e+20, 4.85, 4, 2.34461514, 12.1176471, 0.0128722772, 10143.9591, 0, 1.80987572e+18, 5.4308448e-25, 108.964402, -3.44267433e-05, -1.15058944, 1e+19, 4.54827842e-17, -0.0470948838, 10143.9591, 299.999989, 12.1176471, 12.1176471, 0.0128722772, 0.0128722772, 1e+19, 2.20856671e-41, 108.964402, 0.347177806, 107.846434, -0.0767803834, -3.50511423e-43, -0.0753588709, -108.964356, -2.20817956e-41, -107.84639, 0, 1.19999994e-08, 1.19999994e-08, -1225464.65, -1225464.65, 0, 0.27, 3.332, 0, -0.0767803834, -108.964356, 0, 7.6555181e+17, 0, 0, 0, 0
0.941666667, 0, 0, 1e+19, 0, 8.94262525e-22, 3.718e+18, 6.44e+20, 4.85, 4, 2.34461559, 12.1176471, 0.0128722772, 10143.6574, 0, 1.80987598e+18, 6.3869336e-25, 109.796214, -3.4871006e-05, -1.15282571, 1e+19, 5.34899333e-17, -0.0550053144, 10143.6574, 299.999989, 12.1176471, 12.1176471, 0.0128722772, 0.0128722772, 1e+19, 2.489277e-41, 109.796214, 0.348238429, 108.665365, -0.0932922613, -3.88933663e-43, -0.0915783648, -109.796147, -2.48887199e-41, -108.6653, 0, 1.19999994e-08, 1.19999994e-08, -1231234.88, -1231234.88, 0, 0.27, 3.332, 0, -0.0932922613, -109.796147, 0, 7.65551701e+17, 0, 0, 0, 0
1, 0, 0, 1e+19, 0, 8.94262499e-22, 3.718e+18, 6.44e+20, 4.85, 4, 2.34461559, 12.1176471, 0.0128722772, 10143.4329, 0, 1.80987598e+18, 6.3869336e-25, 110.370668, -3.4871006e-05, -1.15282571, 1e+19, 5.34899333e-17, -0.0572981771, 10143.4329, 299.999989, 12.1176471, 12.1176471, 0.0128722772, 0.0128722772, 1e+19, 2.59872849e-41, 110.370668, 0.348882154, 109.232894, -0.0932932609, -3.88933663e-43, -0.0915793644, -110.370601, -2.59832347e-41, -109.232829, 0, 1.19999994e-08, 1.19999994e-08, -1241219.84, -1241219.84, 0, 0.27, 3.332, 0, -0.0932932609, -110.370601, 0, 7.65551701e+17, 0, 0, 0, 0
1.06666667, 0, 0, 1e+19, 0, 8.94262478e-22, 3.718e+18, 6.44e+20, 4.85, 4, 2.34461613, 12.1176471, 0.0128722772, 10143.0536, 0, 1.80987629e+18, 7.25407392e-25, 111.383464, -3.54126211e-05, -1.15458156, 1e+19, 6.07521472e-17, -0.072736916, 10143.0536, 299.999989, 12.1176471, 12.1176471, 0.0128722772, 0.0128722772, 1e+19, 2.85097065e-41, 111.383464, 0.350028881, 110.230255, -0.122765655, -4.44880187e-43, -0.120704664, -111.383351, -2.85050379e-41, -110.230144, 0, 1.19999994e-08, 1.19999994e-08, -1248253.11, -1248253.11, 0, 0.27, 3.332, 0, -0.122765655, -111.383351, 0, 7.65551568e+17, 0, 0, 0, 0
1.125, 0, 0, 1e+19, 0, 8.94262447e-22, 3.718e+18, 6.44e+20, 4.85, 4, 2.34461613, 12.1176471, 0.0128722772, 10142.7649, 0, 1.80987629e+18, 7.25407392e-25, 112.083806, -3.54126211e-05, -1.15458156, 1e+19, 6.07521472e-17, -0.0777795091, 10142.7649, 299.999989, 12.1176471, 12.1176471, 0.0128722772, 0.0128722772, 1e+19, 2.95024797e-41, 112.083806, 0.35072013, 110.922407, -0.122767224, -4.44880187e-43, -0.120706233, -112.083692, -2.94978111e-41, -110.922296, 0, 1.19999994e-08, 1.19999994e-08, -1260425.29, -1260425.29, 0, 0.27, 3.332, 0, -0.122767224, -112.083692, 0, 7.65551567e+17, 0, 0, 0, 0
1.19166667, 0, 0, 1e+19, 0, 8.94262418e-22, 3.718e+18, 6.44e+20, 4.85, 4, 2.34461689, 12.1176471, 0.0128722772, 10142.2083, 0, 1.80987673e+18, 8.47225056e-25, 113.494137, -3.61683541e-05, -1.15672263, 1e+19, 7.09542555e-17, -0.118093701, 10142.2083, 299.999989, 12.1176471, 12.1176471, 0.0128722772, 0.0128722772, 1e+19, 3.30820948e-41, 113.494137, 0.351967421, 112.31412, -0.19780044, -4.84283945e-43, -0.195312234, -113.493848, -3.30773619e-41, -112.313836, 0, 1.19999994e-08, 1.19999994e-08, -1270236.36, -1270236.36, 0, 0.27, 3.332, 0, -0.19780044, -113.493848, 0, 7.65551383e+17, 0, 0, 0, 0
1.25, 0, 0, 1e+19, 0, 8.94262378e-22, 3.718e+18, 6.44e+20, 4.85, 4, 2.34461689, 12.1176471, 0.0128722772, 10141.7615, 0, 1.80987673e+18, 8.47225056e-25, 114.471354, -3.61683541e-05, -1.15672263, 1e+19, 7.09542555e-17, -0.131725935, 10141.7615, 299.999989, 12.1176471, 12.1176471, 0.0128722772, 0.0128722772, 1e+19, 3.44768383e-41, 114.471354, 0.352714251, 113.281636, -0.197803868, -4.84283945e-43, -0.195315662, -114.471065, -3.44721054e-41, -113.281351, 0, 1.19999994e-08, 1.19999994e-08, -1287219.07, -1287219.07, 0, 0.27, 3.332, 0, -0.197803868, -114.471065, 0, 7.65551382e+17, 0, 0, 0, 0
1.31666667, 0, 0, 1e+19, 0, 8.94262334e-22, 3.718e+18, 6.44e+20, 4.85, 4, 2.34461824, 12.1176471, 0.0128722772, 10140.6833, 0, 1.80987751e+18, 9.52354459e-25, 116.952154, -3.75029386e-05, -1.15833675, 1e+19, 7.97587392e-17, -0.26303841, 10140.6833, 299.999989, 12.1176471, 12.1176471, 0.0128722772, 0.0128722772, 1e+19, 3.75343121e-41, 116.952154, 0.354084952, 115.73995, -0.436126455, -5.49512784e-43, -0.433071504, -116.950799, -3.75288876e-41, -115.738599, 0, 1.19999994e-08, 1.19999994e-08, -1304537, -1304537, 0, 0.27, 3.332, 0, -0.436126455, -116.950799, 0, 7.65551057e+17, 0, 0, 0, 0
1.375, 0, 0, 1e+19, 0, 8.9426227e-22, 3.718e+18, 6.44e+20, 4.85, 4, 2.34461824, 12.1176471, 0.0128722772, 10139.7501, 0, 1.80987751e+18, 9.52354459e-25, 118.677886, -3.75029386e-05, -1.15833675, 1e+19, 7.97587392e-17, -0.308721768, 10139.7501, 299.999988, 12.1176471, 12.1176471, 0.0128722772, 0.0128722772, 1e+19, 3.87383731e-41, 118.677886, 0.354900806, 117.454256, -0.436136308, -5.49512784e-43, -0.433081357, -118.676531, -3.87329486e-41, -117.452905, 0, 1.19999994e-08, 1.19999994e-08, -1334523.37, -1334523.37, 0, 0.27, 3.332, 0, -0.436136308, -118.676531, 0, 7.65551055e+17, 0, 0, 0, 0
1.44166667, 0, 0, 1e+19, 0, 8.94262177e-22, 3.718e+18, 6.44e+20, 4.85, 4, 2.34462155, 12.1176471, 0.0128722772, 10136.9001, 0, 1.80987942e+18, 1.1045546e-24, 124.748598, -4.07773261e-05, -1.16038423, 1e+19, 9.2505352e-17, -0.766346209, 10136.9001, 299.999988, 12.1176471, 12.1176471, 0.0128722772, 0.0128722772, 1e+19, 4.32199732e-41, 124.748598, 0.356437231, 123.497098, -1.26299036, -6.17067904e-43, -1.25897996, -124.73814, -4.32140815e-41, -123.486594, 0, 1.19999993e-08, 1.19999993e-08, -1376975.03, -1376975.03, 0, 0.27, 3.332, 0, -1.26299036, -124.73814, 0, 7.65550258e+17, 0, 0, 0, 0
1.5, 0, 0, 1e+19, 0, 8.9426204e-22, 3.718e+18, 6.44e+20, 4.85, 4, 2.34462155, 12.1176471, 0.0128722772, 10134.2904, 0, 1.80987941e+18, 1.1045546e-24, 128.982779, -4.07773261e-05, -1.16038423, 1e+19, 9.2505352e-17, -0.926456193, 10134.2904, 299.999987, 12.1176471, 12.1176471, 0.0128722772, 0.0128722772, 1e+19, 4.49641072e-41, 128.982779, 0.357348772, 127.717551, -1.26302284, -6.17067904e-43, -1.25901244, -128.97232, -4.49582156e-41, -127.707047, 0, 1.19999993e-08, 1.19999993e-08, -1450523.26, -1450523.26, 0, 0.27, 3.332, 0, -1.26302284, -128.97232, 0, 7.65550255e+17, 0, 0, 0, 0
1.56666667, 0, 0, 1e+19, 0, 8.94261786e-22, 3.718e+18, 6.44e+20, 4.85, 4, 2.34463171, 12.1176471, 0.0128722772, 10125.1513, 0, 1.80988528e+18, 1.24058356e-24, 147.673176, -5.08502904e-05, -1.16199572, 1e+19, 1.0389765e-16, -2.57521217, 10125.1506, 299.999986, 12.1176471, 12.1176471, 0.0128722772, 0.0128722772, 1e+19, 4.89560808e-41, 147.673176, 0.359148129, 146.370519, -4.23437608, -7.19961755e-43, -4.22771737, -147.578717, -4.89489422e-41, -146.275504, 0, 1.19999992e-08, 1.19999992e-08, -1580803.27, -1580803.27, 0, 0.27, 3.332, 0, -4.23437608, -147.578717, 0, 7.65547802e+17, 0, 0, 0, 0
1.625, 0, 0, 1e+19, 0, 8.94261403e-22, 3.718e+18, 6.44e+20, 4.85, 4, 2.34463171, 12.1176471, 0.0128722772, 10116.5441, 0, 1.80988527e+18, 1.24058356e-24, 160.699695, -5.08502904e-05, -1.16199572, 1e+19, 1.0389765e-16, -3.15462808, 10116.5433, 299.999985, 12.1176471, 12.1176471, 0.0128722772, 0.0128722772, 1e+19, 5.0519637e-41, 160.699695, 0.360220575, 159.379012, -4.2344878, -7.19961755e-43, -4.22782909, -160.605237, -5.05124984e-41, -159.283997, 0, 1.19999991e-08, 1.19999991e-08, -1806853.26, -1806853.26, 0, 0.27, 3.332, 0, -4.2344878, -160.605237, 0, 7.65547795e+17, 0, 0, 0, 0
1.69166667, 0, 0, 1e+19, 0, 8.94260608e-22, 3.718e+18, 6.44e+20, 4.85, 4, 2.34466671, 12.1176471, 0.0128722772, 10084.3156, 0, 1.80990551e+18, 1.43787707e-24, 225.305334, -8.55261931e-05, -1.16406562, 1e+19, 1.20420814e-16, -9.38626887, 10084.3055, 299.999982, 12.1176471, 12.1176471, 0.0128722772, 0.0128722772, 1e+19, 5.64729094e-41, 225.305334, 0.362556219, 223.916685, -15.4771782, -8.16275861e-43, -15.4590381, -224.552937, -5.64650258e-41, -223.16168, 0, 1.1999999e-08, 1.1999999e-08, -2251755.27, -2251755.27, 0, 0.27, 3.332, 0, -15.4771782, -224.552937, 0, 7.65539349e+17, 0, 0, 0, 0
1.75, 0, 0, 1e+19, 0, 8.94259376e-22, 3.718e+18, 6.44e+20, 4.85, 4, 2.34466671, 12.1176471, 0.0128722772, 10053.1924, 0, 1.80990547e+18, 1.43787707e-24, 270.159641, -8.55261931e-05, -1.16406562, 1e+19, 1.20420814e-16, -11.6049202, 10053.1818, 299.999978, 12.1176471, 12.1176471, 0.0128722772, 0.0128722772, 1e+19, 5.87571211e-41, 270.159641, 0.363980746, 268.73763, -15.4775524, -8.16275861e-43, -15.4594123, -269.407244, -5.87492375e-41, -267.982625, 0, 1.19999987e-08, 1.19999987e-08, -3027549.35, -3027549.35, 0, 0.27, 3.332, 0, -15.4775524, -269.407244, 0, 7.65539324e+17, 0, 0, 0, 0
1.81666667, 0, 0, 1e+19, 0, 8.94257061e-22, 3.718e+18, 6.44e+20, 4.85, 4, 2.3447968, 12.1176471, 0.0128722772, 9930.1906, 0, 1.80998091e+18, 1.60557357e-24, 511.704123, -0.000214407063, -1.16571675, 1e+19, 1.34465348e-16, -42.0089413, 9929.97622, 299.99997, 12.1176471, 12.1176471, 0.0128722772, 0.0128722772, 1e+19, 6.42527285e-41, 511.704123, 0.367755257, 510.064454, -72.7451508, -1.10066755e-42, -72.6539849, -505.052453, -6.42400435e-41, -503.410388, 0, 1.19999983e-08, 1.19999983e-08, -4630863.06, -4630863.06, 0, 0.27, 3.332, 0, -72.7451508, -505.052453, 0, 7.65507871e+17, 0, 0, 0, 0
1.875, 0, 0, 1e+19, 0, 8.94253009e-22, 3.718e+18, 6.44e+20, 4.85, 4, 2.3447968, 12.1176471, 0.0128722772, 9789.30538, 0, 1.80998077e+18, 1.60557357e-24, 678.562889, -0.000214407063, -1.16571675, 1e+19, 1.34465348e-16, -54.0384729, 9789.0735, 299.999955, 12.1176471, 12.1176471, 0.0128722772, 0.0128722772, 1e+19, 6.62776867e-41, 678.562889, 0.370183438, 676.815597, -72.7464964, -1.10066755e-42, -72.6553305, -671.911219, -6.62650018e-41, -670.161531, 0, 1.19999975e-08, 1.19999975e-08, -7481954.91, -7481954.91, 0, 0.27, 3.332, 0, -72.7464964, -671.911219, 0, 7.65507789e+17, 0, 0, 0, 0
1.94166667, 0, 0, 1e+19, 0, 8.94249905e-22, 3.718e+18, 6.44e+20, 4.85, 4, 2.34544243, 12.1176471, 0.0128722772, 9621.16176, 0, 1.81035237e+18, 1.85846566e-24, 2119.57411, -0.000854123317, -1.16837922, 1e+19, 1.55645445e-16, -468.558424, 9590.63913, 299.999944, 12.1176471, 12.1176471, 0.0128722772, 0.0128722772, 1e+19, 7.68665764e-41, 2119.57411, 0.379254741, 2116.25844, -1130.68533, -5.62983792e-42, -1129.11572, -1731.74341, -7.65943337e-41, -1728.92632, 0, 1.19999968e-08, 1.19999968e-08, -12855567.7, -12855567.7, 0, 0.27, 3.332, 0, -1130.68533, -1731.74341, 0, 7.65353138e+17, 0, 0, 0, 0
2, 0, 0, 1e+19, 0, 8.94235479e-22, 3.718e+18, 6.44e+20, 4.85, 4, 2.34544243, 12.1176471, 0.0128722772, 7407.58302, 0, 1.8103519e+18, 1.85846566e-24, 3508.65808, -0.000854123317, -1.16837922, 1e+19, 1.55645445e-16, -669.675425, 7371.26366, 299.999892, 12.1176471, 12.1176471, 0.0128722772, 0.0128722772, 1e+19, 8.04910082e-41, 3508.65808, 0.385803641, 3503.88273, -2374.54554, -7.91714085e-42, -2371.12796, -2563.41577, -8.0100317e-41, -2560.17162, 0, 1.19999939e-08, 1.19999939e-08, -26688555.9, -26688555.9, 0, 0.27, 3.332, 0, -2374.54554, -2563.41577, 0, 7.65352847e+17, 0, 0, 0, 0
2.06666667, 0, 0, 1e+19, 0, 8.94258811e-22, 3.718e+18, 6.44e+20, 4.85, 4, 2.35656297, 12.1176471, 0.0128722772, 5323.89344, 0, 1.79346436e+18, 2.41225027e-24, 3677.91482, -0.0122445606, -1.18309499, 1e+19, 2.0198978e-16, -888.864058, 5130.9266, 299.999976, 12.1176471, 12.1176471, 0.0128722772, 0.0128722772, 1e+19, 7.53060422e-41, 3677.91482, 0.394124706, 3673.47359, -3249.77792, -1.21145212e-41, -3245.57815, -1257.18201, -7.42714029e-41, -1255.77978, 0, 1.19999987e-08, 1.19999987e-08, -15392876, -15392876, 0, 0.27, 3.332, 0, -3249.77792, -1257.18201, 0, 7.72427239e+17, 0, 0, 0, 0
2.125, 0, 0, 1e+19, 0, 8.94291772e-22, 3.718e+18, 6.44e+20, 4.85, 4, 2.35493932, 12.1176471, 0.0128722772, 1729.9065, 0, 1.19985706e+18, 3.86641676e-24, 3911.28791, -0.0228684814, -2.21376789, 1e+19, 3.23758781e-16, -1099.84918, 1100.75407, 300.000094, 12.1176471, 12.1176471, 0.0128722772, 0.0128722772, 1e+19, 6.8746541e-41, 3911.28791, 0.400092713, 3906.05502, -3903.77626, -1.44834826e-41, -3898.5802, -236.403618, -6.7118492e-41, -235.620834, 0, 1.20000053e-08, 1.20000053e-08, 4033361.93, 4033361.93, 0, 0.27, 3.332, 0, -3903.77626, -236.403618, 0, 1.19555218e+18, 0, 0, 0, 0
2.19166667, 0, 0, 1e+19, 0, 8.94288774e-22, 3.718e+18, 6.44e+20, 4.85, 4, 2.36499868, 12.1176471, 0.0128722772, 1207.74318, 0, 1.1998095e+18, 4.25131463e-24, 3713.40763, -0.0329289814, -2.2258685, 1e+19, 3.5598806e-16, -1207.43594, -24.1260945, 300.000083, 12.1176471, 12.1176471, 0.0128722772, 0.0128722772, 1e+19, 7.61197225e-41, 3713.40763, 0.401855183, 3709.35216, -3711.25564, -1.45930666e-41, -3707.21815, -107.061973, -7.458674e-41, -106.474705, 0, 1.20000047e-08, 1.20000047e-08, 3476468.48, 3476468.48, 0, 0.27, 3.332, 0, -3711.25564, -107.061973, 0, 1.19559846e+18, 0, 0, 0, 0
2.25, 0, 0, 1e+19, 0, 8.94288385e-22, 3.718e+18, 6.44e+20, 4.85, 4, 2.37383915, 12.1176471, 0.0128722772, 1456.37314, 0, 1.19791441e+18, 4.49333086e-24, 3074.15358, -0.0418149409, -2.23656625, 1e+19, 3.76249384e-16, -1456.314, -10.5817771, 300.000082, 12.1176471, 12.1176471, 0.0128722772, 0.0128722772, 1e+19, 7.80722593e-41, 3074.15358, 0.402446592, 3071.57982, -3074.03818, -1.47161006e-41, -3071.46801, -25.6104356, -7.65873203e-41, -25.0792705, 0, 1.20000046e-08, 1.20000046e-08, 4997325.3, 4997325.3, 0, 0.27, 3.332, 0, -3074.03818, -25.6104356, 0, 1.19745214e+18, 0, 0, 0, 0
2.31666667, 0, 0, 1e+19, 0, 8.94286409e-22, 3.718e+18, 6.44e+20, 4.85, 4, 2.38327463, 12.1176471, 0.0128722772, 1414.42827, 0, 1.19791064e+18, 4.81410253e-24, 2977.66895, -0.0512505097, -2.24749867, 1e+19, 4.03109184e-16, -1414.41507, -5.31914765, 300.000075, 12.1176471, 12.1176471, 0.0128722772, 0.0128722772, 1e+19, 8.48116721e-41, 2977.66895, 0.402964692, 2976.12165, -2977.61361, -1.55851867e-41, -2976.06928, -18.0897387, -8.32743502e-41, -17.5627748, 0, 1.20000042e-08, 1.20000042e-08, 4721315.82, 4721315.82, 0, 0.27, 3.332, 0, -2977.61361, -18.0897387, 0, 1.19745573e+18, 0, 0, 0, 0
2.375, 0, 0, 1e+19, 0, 8.94284725e-22, 3.718e+18, 6.44e+20, 4.85, 4, 2.3915298, 12.1176471, 0.0128722772, 1379.58946, 0, 1.19773786e+18, 5.01031699e-24, 2903.49613, -0.0595098294, -2.2570745, 1e+19, 4.19538796e-16, -1379.57459, -6.05911539, 300.000069, 12.1176471, 12.1176471, 0.0128722772, 0.0128722772, 1e+19, 8.67508368e-41, 2903.49613, 0.403024405, 2903.13695, -2903.45368, -1.59892205e-41, -2903.09687, -14.9583876, -8.51749165e-41, -14.3617464, 0, 1.20000039e-08, 1.20000039e-08, 4459757.54, 4459757.54, 0, 0.27, 3.332, 0, -2903.45368, -14.9583876, 0, 1.19762487e+18, 0, 0, 0, 0
2.44166667, 0, 0, 1e+19, 0, 8.94283232e-22, 3.718e+18, 6.44e+20, 4.85, 4, 2.40055404, 12.1176471, 0.0128722772, 1347.0645, 0, 1.19773544e+18, 5.50123379e-24, 2827.89103, -0.0685341227, -2.26811482, 1e+19, 4.60645692e-16, -1347.04584, -6.56083926, 300.000063, 12.1176471, 12.1176471, 0.0128722772, 0.0128722772, 1e+19, 9.73270555e-41, 2827.89103, 0.403247646, 2828.5402, -2827.84973, -1.81677632e-41, -2828.50134, -14.5363967, -9.55341986e-41, -13.9324161, 0, 1.20000036e-08, 1.20000036e-08, 4254979.93, 4254979.93, 0, 0.27, 3.332, 0, -2827.84973, -14.5363967, 0, 1.19762716e+18, 0, 0, 0, 0
2.5, 0, 0, 1e+19, 0, 8.94281982e-22, 3.718e+18, 6.44e+20, 4.85, 4, 2.40844783, 12.1176471, 0.0128722772, 1318.69926, 0, 1.19762447e+18, 5.80122403e-24, 2775.17695, -0.0764305792, -2.27778387, 1e+19, 4.85765043e-16, -1318.67548, -7.83057444, 300.000059, 12.1176471, 12.1176471, 0.0128722772, 0.0128722772, 1e+19, 1.00494966e-40, 2775.17695, 0.403223571, 2776.97882, -2775.13601, -1.94678747e-41, -2776.94056, -14.3404132, -9.84564993e-41, -13.6402051, 0, 1.20000034e-08, 1.20000034e-08, 4074788.98, 4074788.98, 0, 0.27, 3.332, 0, -2775.13601, -14.3404132, 0, 1.19773581e+18, 0, 0, 0, 0
2.56666667, 0, 0, 1e+19, 0, 8.94280657e-22, 3.718e+18, 6.44e+20, 4.85, 4, 2.41707057, 12.1176471, 0.0128722772, 1286.55301, 0, 1.19762224e+18, 6.63516705e-24, 2700.53974, -0.0850533755, -2.28927306, 1e+19, 5.55595225e-16, -1286.52597, -8.1693972, 300.000054, 12.1176471, 12.1176471, 0.0128722772, 0.0128722772, 1e+19, 1.28967697e-40, 2700.53974, 0.403315636, 2703.38185, -2700.49818, -6.95698127e-41, -2703.3431, -14.184085, -1.07281284e-40, -13.4747219, 0, 1.20000031e-08, 1.20000031e-08, 3881713.88, 3881713.88, 0, 0.27, 3.332, 0, -2700.49818, -14.184085, 0, 1.19773792e+18, 0, 0, 0, 0
2.625, 0, 0, 1e+19, 0, 8.94279549e-22, 3.718e+18, 6.44e+20, 4.85, 4, 2.42461316, 12.1176471, 0.0128722772, 1258.44889, 0, 1.19751978e+18, 7.2545761e-24, 2648.81833, -0.0925984248, -2.29981767, 1e+19, 6.07460959e-16, -1258.41188, -9.65180217, 300.00005, 12.1176471, 12.1176471, 0.0128722772, 0.0128722772, 1e+19, 1.53830625e-40, 2648.81833, 0.403247947, 2652.84905, -2648.77683, -1.03971845e-40, -2652.81075, -14.0834052, -1.09777851e-40, -13.237575, 0, 1.20000029e-08, 1.20000029e-08, 3712401.49, 3712401.49, 0, 0.27, 3.332, 0, -2648.77683, -14.0834052, 0, 1.19783826e+18, 0, 0, 0, 0
2.69166667, 0, 0, 1e+19, 0, 8.94278662e-22, 3.718e+18, 6.44e+20, 4.85, 4, 2.43283495, 12.1176471, 0.0128722772, 1230.08317, 0, 1.19751494e+18, 2.499541e-23, 2585.44441, -0.100820328, -2.33021122, 1e+19, 2.09298875e-15, -1230.06247, -6.54397614, 300.000047, 12.1176471, 12.1176471, 0.0128722772, 0.0128722772, 1e+19, 2.13319519e-39, 2585.44441, 0.40324578, 2590.57121, -2585.42198, -2.12424068e-39, -2590.55162, -10.5937112, -1.22819137e-40, -9.74192256, 0, 1.20000027e-08, 1.20000027e-08, 3553184.85, 3553184.85, 0, 0.27, 3.332, 0, -2585.42198, -10.5937112, 0, 1.19784295e+18, 0, 0, 0, 0
2.75, 0, 0, 1e+19, 0, 8.94277915e-22, 3.718e+18, 6.44e+20, 4.85, 4, 2.4400253, 12.1176471, 0.0128722772, 1205.30231, 0, 1.1973032e+18, 4.03662289e-23, 2541.23384, -0.108015765, -2.35992131, 1e+19, 3.38005464e-15, -1204.97414, -21.0877439, 300.000044, 12.1176471, 12.1176471, 0.0128722772, 0.0128722772, 1e+19, 3.52108992e-39, 2541.23384, 0.403138207, 2547.61949, -2541.21458, -3.51848452e-39, -2547.60267, -9.34900088, -1.26579238e-40, -8.28367552, 0, 1.20000025e-08, 1.20000025e-08, 3405310.2, 3405310.2, 0, 0.27, 3.332, 0, -2541.21458, -9.34900088, 0, 1.1980504e+18, 0, 0, 0, 0
2.81666667, 0, 0, 1e+19, 0, 8.94272818e-22, 3.718e+18, 6.44e+20, 4.85, 4, 2.44795114, 12.1176471, 0.0128722772, 1627.43436, 0, 1.19644083e+18, 7.53717223e-22, 2563.07789, -0.115962329, -2.41612162, 1e+19, 6.31116762e-14, 505.814513, 46.7464942, 300.000026, 12.1176471, 12.1176471, 0.0128722772, 0.0128722772, 1e+19, 3.24242278e-37, 2563.07789, 0.40292222, 2571.05441, -2562.75957, -3.24241908e-37, -2570.73393, 28.8134173, -2.80063717e-40, 29.9169266, 0, 1.20000014e-08, 1.20000014e-08, -1577492.89, -1577492.89, 0, 0.27, 3.332, 0, -2562.75957, 28.8134173, 0, 1.19889591e+18, 0, 0, 0, 0
2.875, 0, 0, 1e+19, 0, 8.94268233e-22, 3.718e+18, 6.44e+20, 4.85, 4, 2.45481187, 12.1176471, 0.0128722772, 2470.51014, 0, 1.19180159e+18, 1.37908804e-21, 2648.98023, -0.122934776, -2.46601025, 1e+19, 1.1547249e-13, 2417.76214, 439.643744, 300.00001, 12.1176471, 12.1176471, 0.0128722772, 0.0128722772, 1e+19, 5.44972032e-37, 2648.98023, 0.402707976, 2659.33641, -2648.54338, -5.4497191e-37, -2658.8746, 47.5279817, -3.55211939e-40, 49.1921081, 0, 1.20000006e-08, 1.20000006e-08, -6084256.57, -6084256.57, 0, 0.27, 3.332, 0, -2648.54338, 47.5279817, 0, 1.20346194e+18, 0, 0, 0, 0
2.94166667, 0, 0, 1e+19, 0, 8.94273902e-22, 3.718e+18, 6.44e+20, 4.85, 4, 2.42056537, 34.5929412, 0.24055087, 4138.13104, 0, 2.15915397e+17, 2.89353556e-20, 2685.74415, -0.13434968, -2.48208518, 1e+19, 2.41155167e-12, 4020.14878, 976.673602, 300.00003, 34.5929412, 57.0682353, 0.24055087, 0.468229463, 1e+19, 9.93006025e-36, 2685.74415, 0.402399674, 2705.43447, -2685.62128, -9.88690177e-36, -2705.27797, 18.94768, 9.14277971e-37, 24.6352933, 0, 1.20000017e-08, 1.20000017e-08, -4027896.51, -4027896.51, 0, 0.27, 3.332, 0, -2685.62128, 18.94768, 0, 1.94783583e+17, 0, 0, 0, 0
3, 0, 0, 1e+19, 0, 8.94278814e-22, 3.718e+18, 6.44e+20, 4.85, 4, 2.39295848, 54.2588235, 0.439769639, 5254.59685, 0, 5.30333891e+16, 4.94933731e-20, 2789.18721, -0.144326652, -2.49664074, 1e+19, 4.12448593e-12, 4876.38364, 1815.36062, 300.000048, 54.2588235, 96.4, 0.439769639, 0.866667, 1e+19, 1.59130662e-35, 2789.18721, 0.402129129, 2819.47379, -2789.18359, -1.57609679e-35, -2819.42438, 4.49141154, 2.0720138e-36, 16.0575092, 0, 1.20000027e-08, 1.20000027e-08, -2075321.99, -2075321.99, 0, 0.27, 3.332, 0, -2789.18359, 4.49141154, 0, 3.86690671e+16, 0, 0, 0, 0
3, 0, 0, 5e+16, 0, 8.94278814e-22, 3.718e+18, 6.44e+20, 4.85, 4, 2.39295848, 54.2588235, 0.439769639, 3988.22377, 0, 5.30333891e+16, 4.94933731e-20, 2789.18721, -0.144326652, -2.49664074, 5e+16, 4.12448593e-12, -3725.04957, 1409.44182, 300.000048, 54.2588235, 96.4, 0.439769639, 0.866667, 5e+16, 1.59130662e-35, 2789.18721, 0.402129129, 2819.47379, -2789.18359, -1.57609679e-35, -2819.42438, 4.49141154, 2.0720138e-36, 16.0575092, 0, 1.20000027e-08, 1.20000027e-08, -2075321.99, -2075321.99, 0, 0.27, 3.332, 0, -2789.18359, 4.49141154, 0, 3.86690671e+16, 0, 0, 0, 0
3.06666667, 0, 0, 5e+16, 0, 8.94288378e-22, 3.718e+18, 6.44e+20, 4.85, 4, 2.41813223, 76.7341176, 0.667448232, 3986.05286, 0, 4.90820867e+16, 5.56590971e-20, 2730.55521, -0.171510688, -2.52453254, 5e+16, 4.63829361e-12, -3792.10939, 1134.23232, 300.000082, 76.7341176, 96.4, 0.667448232, 0.866667, 5e+16, 2.72161855e-35, 2730.55521, 0.401970012, 2773.8488, -2730.36061, -2.71044952e-35, -2773.67918, -22.0543669, 8.17672697e-37, -10.9433962, 0, 1.20000046e-08, 1.20000046e-08, 4994908.22, 4994908.22, 0, 0.27, 3.332, 0, -2730.36061, -22.0543669, 0, 3.92728644e+16, 0, 0, 0, 0
3.125, 0, 0, 5e+16, 0, 8.94296788e-22, 3.718e+18, 6.44e+20, 4.85, 4, 2.4384312, 96.4, 0.866667, 3977.71455, 0, 4.29988426e+16, 6.34767099e-20, 2637.8698, -0.195247031, -2.54861803, 5e+16, 5.2897559e-12, -3930.81341, 595.416505, 300.000112, 96.4, 96.4, 0.866667, 0.866667, 5e+16, 3.4708686e-35, 2637.8698, 0.40176485, 2695.36114, -2637.61046, -3.47023931e-35, -2695.21117, -36.3598009, -2.84555392e-38, -26.2914077, 0, 1.20000064e-08, 1.20000064e-08, 11371928.7, 11371928.7, 0, 0.27, 3.332, 0, -2637.61046, -36.3598009, 0, 4.0433516e+16, 0, 0, 0, 0
3.19166667, 0, 0, 5e+16, 0, 8.94294404e-22, 3.718e+18, 6.44e+20, 4.85, 4, 2.46633416, 96.4, 0.866667, 4014.7581, 0, 4.24129596e+16, 6.84085127e-20, 2533.05201, -0.223506054, -2.57836542, 5e+16, 5.70074096e-12, -4000.94272, 293.214596, 300.000103, 96.4, 96.4, 0.866667, 0.866667, 5e+16, 3.78051268e-35, 2533.05201, 0.401634343, 2598.26415, -2532.86946, -3.77688685e-35, -2598.17004, -30.2985217, -9.4401179e-37, -21.0165827, 0, 1.20000059e-08, 1.20000059e-08, 11114558.1, 11114558.1, 0, 0.27, 3.332, 0, -2532.86946, -30.2985217, 0, 4.05371388e+16, 0, 0, 0, 0
3.25, 0, 0, 5e+16, 0, 8.94292308e-22, 3.718e+18, 6.44e+20, 4.85, 4, 2.4903105, 96.4, 0.866667, 4040.72298, 0, 4.11770287e+16, 7.33151142e-20, 2385.9753, -0.248250034, -2.60422648, 5e+16, 6.10962489e-12, -4039.06798, 105.389617, 300.000096, 96.4, 96.4, 0.866667, 0.866667, 5e+16, 4.03909231e-35, 2385.9753, 0.401429065, 2459.9785, -2385.83366, -4.03542465e-35, -2459.89739, -25.1210805, -1.61464249e-36, -17.263416, 0, 1.20000054e-08, 1.20000054e-08, 10746727.2, 10746727.2, 0, 0.27, 3.332, 0, -2385.83366, -25.1210805, 0, 4.07669926e+16, 0, 0, 0, 0
3.31666667, 0, 0, 5e+16, 0, 8.94289496e-22, 3.718e+18, 6.44e+20, 4.85, 4, 2.51678066, 96.4, 0.866667, 3904.33503, 0, 4.09777794e+16, 7.8119935e-20, 2272.10329, -0.274846072, -2.63228366, 5e+16, 6.51002866e-12, -3904.09267, 7.63352939, 300.000085, 96.4, 96.4, 0.866667, 0.866667, 5e+16, 4.18958598e-35, 2272.10329, 0.401224316, 2351.10008, -2271.97004, -4.18301975e-35, -2351.01968, -23.7362062, -2.13587727e-36, -16.6160063, 0, 1.20000048e-08, 1.20000048e-08, 9953196.52, 9953196.52, 0, 0.27, 3.332, 0, -2271.97004, -23.7362062, 0, 4.08033751e+16, 0, 0, 0, 0
3.375, 0, 0, 5e+16, 0, 8.94287065e-22, 3.718e+18, 6.44e+20, 4.85, 4, 2.53976303, 96.4, 0.866667, 3785.68804, 0, 4.05175989e+16, 8.25920071e-20, 2171.70064, -0.29812153, -2.65675997, 5e+16, 6.88270271e-12, -3784.65557, -75.3345087, 300.000077, 96.4, 96.4, 0.866667, 0.866667, 5e+16, 4.31099019e-35, 2171.70064, 0.400960267, 2256.42922, -2171.57296, -4.30316623e-35, -2256.34861, -22.5848391, -2.53732577e-36, -16.599679, 0, 1.20000044e-08, 1.20000044e-08, 9185422.29, 9185422.29, 0, 0.27, 3.332, 0, -2171.57296, -22.5848391, 0, 4.08884529e+16, 0, 0, 0, 0
3.44166667, 0, 0, 5e+16, 0, 8.94284579e-22, 3.718e+18, 6.44e+20, 4.85, 4, 2.56420159, 96.4, 0.866667, 3618.31441, 0, 4.04054482e+16, 8.8764302e-20, 2055.96213, -0.322632023, -2.68300111, 5e+16, 7.39706338e-12, -3616.08465, -126.818136, 300.000068, 96.4, 96.4, 0.866667, 0.866667, 5e+16, 4.4209605e-35, 2055.96213, 0.400701496, 2144.28206, -2055.82335, -4.40863729e-35, -2144.18584, -22.6149974, -3.14566675e-36, -17.2912329, 0, 1.20000039e-08, 1.20000039e-08, 8373950.18, 8373950.18, 0, 0.27, 3.332, 0, -2055.82335, -22.6149974, 0, 4.09091782e+16, 0, 0, 0, 0
3.5, 0, 0, 5e+16, 0, 8.94282458e-22, 3.718e+18, 6.44e+20, 4.85, 4, 2.58547669, 96.4, 0.866667, 3473.388, 0, 4.0138632e+16, 9.43352614e-20, 1967.2905, -0.344079047, -2.70591073, 5e+16, 7.86131209e-12, -3468.23762, -180.464061, 300.00006, 96.4, 96.4, 0.866667, 0.866667, 5e+16, 4.50607235e-35, 1967.2905, 0.400393777, 2059.73067, -1967.15058, -4.49178133e-35, -2059.63168, -22.4680658, -3.53735819e-36, -18.0987141, 0, 1.20000035e-08, 1.20000035e-08, 7636052.07, 7636052.07, 0, 0.27, 3.332, 0, -1967.15058, -22.4680658, 0, 4.09584103e+16, 0, 0, 0, 0
3.56666667, 0, 0, 5e+16, 0, 8.94280333e-22, 3.718e+18, 6.44e+20, 4.85, 4, 2.60770886, 96.4, 0.866667, 3295.7007, 0, 4.00542467e+16, 1.00572372e-19, 1849.72878, -0.366365834, -2.72975264, 5e+16, 8.38107414e-12, -3288.45081, -218.234381, 300.000053, 96.4, 96.4, 0.866667, 0.866667, 5e+16, 4.58849288e-35, 1849.72878, 0.400084149, 1944.85293, -1849.56986, -4.57004384e-35, -1944.73062, -22.8250534, -4.00601257e-36, -19.0544657, 0, 1.2000003e-08, 1.2000003e-08, 6870845.5, 6870845.5, 0, 0.27, 3.332, 0, -1849.56986, -22.8250534, 0, 4.09741131e+16, 0, 0, 0, 0
3.625, 0, 0, 5e+16, 0, 8.9427853e-22, 3.718e+18, 6.44e+20, 4.85, 4, 2.62707756, 96.4, 0.866667, 3142.24468, 0, 3.98514227e+16, 1.06238193e-19, 1763.91842, -0.38586626, -2.75058368, 5e+16, 8.85322801e-12, -3130.44112, -262.981517, 300.000046, 96.4, 96.4, 0.866667, 0.866667, 5e+16, 4.65322377e-35, 1763.91842, 0.3997335, 1862.11542, -1763.75621, -4.63255844e-35, -1861.98821, -22.9151023, -4.3418724e-36, -19.9929979, 0, 1.20000027e-08, 1.20000027e-08, 6190411.26, 6190411.26, 0, 0.27, 3.332, 0, -1763.75621, -22.9151023, 0, 4.1011501e+16, 0, 0, 0, 0
3.69166667, 0, 0, 5e+16, 0, 8.94276752e-22, 3.718e+18, 6.44e+20, 4.85, 4, 2.64701222, 96.4, 0.866667, 2959.18435, 0, 3.97706233e+16, 1.14235058e-19, 1644.42623, -0.405853593, -2.77234043, 5e+16, 9.51963704e-12, -2944.01458, -298.615133, 300.00004, 96.4, 96.4, 0.866667, 0.866667, 5e+16, 4.6972807e-35, 1644.42623, 0.399370689, 1744.65786, -1644.23655, -4.66835376e-35, -1744.49788, -23.4435129, -5.07502878e-36, -21.1018683, 0, 1.20000023e-08, 1.20000023e-08, 5487995.87, 5487995.87, 0, 0.27, 3.332, 0, -1644.23655, -23.4435129, 0, 4.10266155e+16, 0, 0, 0, 0
3.75, 0, 0, 5e+16, 0, 8.94275245e-22, 3.718e+18, 6.44e+20, 4.85, 4, 2.66437227, 96.4, 0.866667, 2802.38142, 0, 3.9575032e+16, 1.2147825e-19, 1558.91966, -0.42334157, -2.79134389, 5e+16, 1.01232392e-11, -2779.57359, -345.780506, 300.000035, 96.4, 96.4, 0.866667, 0.866667, 5e+16, 4.73487651e-35, 1558.91966, 0.398974031, 1661.46854, -1558.72475, -4.70203603e-35, -1661.30058, -23.6429374, -5.52818235e-36, -22.1230116, 0, 1.2000002e-08, 1.2000002e-08, 4869387.97, 4869387.97, 0, 0.27, 3.332, 0, -1558.72475, -23.6429374, 0, 4.10626491e+16, 0, 0, 0, 0
3.81666667, 0, 0, 5e+16, 0, 8.94273805e-22, 3.718e+18, 6.44e+20, 4.85, 4, 2.68194069, 96.4, 0.866667, 2616.92001, 0, 3.94787854e+16, 1.2936711e-19, 1437.40568, -0.440973172, -2.81050095, 5e+16, 1.07806475e-11, -2587.96214, -387.529295, 300.00003, 96.4, 96.4, 0.866667, 0.866667, 5e+16, 4.73953261e-35, 1437.40568, 0.398553882, 1541.50299, -1437.17224, -4.69816548e-35, -1541.28844, -24.2657244, -6.13885644e-36, -23.36837, 0, 1.20000017e-08, 1.20000017e-08, 4238161.71, 4238161.71, 0, 0.27, 3.332, 0, -1437.17224, -24.2657244, 0, 4.10807434e+16, 0, 0, 0, 0
3.875, 0, 0, 5e+16, 0, 8.94272585e-22, 3.718e+18, 6.44e+20, 4.85, 4, 2.69721332, 96.4, 0.866667, 2461.93248, 0, 3.92454859e+16, 1.36706082e-19, 1351.05557, -0.456399587, -2.82723772, 5e+16, 1.13922311e-11, -2418.14511, -447.818291, 300.000025, 96.4, 96.4, 0.866667, 0.866667, 5e+16, 4.7529261e-35, 1351.05557, 0.398106816, 1456.89473, -1350.81438, -4.70661233e-35, -1456.66683, -24.5287311, -6.58763073e-36, -24.5195379, 0, 1.20000015e-08, 1.20000015e-08, 3684390.97, 3684390.97, 0, 0.27, 3.332, 0, -1350.81438, -24.5287311, 0, 4.11237074e+16, 0, 0, 0, 0
3.94166667, 0, 0, 5e+16, 0, 8.94271486e-22, 3.718e+18, 6.44e+20, 4.85, 4, 2.71235842, 96.4, 0.866667, 2278.61785, 0, 3.9111762e+16, 1.47064341e-19, 1227.54005, -0.471633256, -2.84422439, 5e+16, 1.22554237e-11, -2221.79292, -505.223975, 300.000021, 96.4, 96.4, 0.866667, 0.866667, 5e+16, 4.71963216e-35, 1227.54005, 0.397623836, 1334.54614, -1227.24225, -4.65372691e-35, -1334.2468, -25.2666981, -7.69069704e-36, -26.0188697, 0, 1.20000012e-08, 1.20000012e-08, 3130972.51, 3130972.51, 0, 0.27, 3.332, 0, -1227.24225, -25.2666981, 0, 4.11489962e+16, 0, 0, 0, 0
4, 0, 0, 5e+16, 0, 8.94270554e-22, 3.718e+18, 6.44e+20, 4.85, 4, 2.72547073, 96.4, 0.866667, 2136.20566, 0, 3.87881864e+16, 1.56842088e-19, 1139.79633, -0.484961115, -2.85904656, 5e+16, 1.3070239e-11, -2046.46294, -592.756615, 300.000018, 96.4, 96.4, 0.866667, 0.866667, 5e+16, 4.70832759e-35, 1139.79633, 0.397120916, 1248.07721, -1139.4866, -4.63185206e-35, -1247.75335, -25.5937866, -8.42099996e-36, -27.4434272, 0, 1.2000001e-08, 1.2000001e-08, 2646114.16, 2646114.16, 0, 0.27, 3.332, 0, -1139.4866, -25.5937866, 0, 4.12085678e+16, 0, 0, 0, 0
4.06666667, 0, 0, 5e+16, 0, 8.94269805e-22, 3.718e+18, 6.44e+20, 4.85, 4, 2.73813518, 96.4, 0.866667, 1966.35371, 0, 3.8584936e+16, 1.67628136e-19, 1014.47545, -0.497761894, -2.87339848, 5e+16, 1.39690804e-11, -1845.11478, -679.655113, 300.000015, 96.4, 96.4, 0.866667, 0.866667, 5e+16, 4.62630549e-35, 1014.47545, 0.396568206, 1123.59341, -1014.07912, -4.52094455e-35, -1123.15142, -26.4196005, -9.63193949e-36, -29.3207864, 0, 1.20000009e-08, 1.20000009e-08, 2176436.74, 2176436.74, 0, 0.27, 3.332, 0, -1014.07912, -26.4196005, 0, 4.12473193e+16, 0, 0, 0, 0
4.125, 0, 0, 5e+16, 0, 8.9426917e-22, 3.718e+18, 6.44e+20, 4.85, 4, 2.7490035, 96.4, 0.866667, 1864.9216, 0, 3.8096761e+16, 1.78407441e-19, 925.274011, -0.508960548, -2.88590751, 5e+16, 1.48673584e-11, -1663.07273, -816.570058, 300.000013, 96.4, 96.4, 0.866667, 0.866667, 5e+16, 4.58813434e-35, 925.274011, 0.396002798, 1035.23742, -924.85846, -4.46416446e-35, -1034.74527, -26.7975792, -1.05724406e-35, -31.2218532, 0, 1.20000008e-08, 1.20000008e-08, 1765695.34, 1765695.34, 0, 0.27, 3.332, 0, -924.85846, -26.7975792, 0, 4.13371691e+16, 0, 0, 0, 0
4.19166667, 0, 0, 5e+16, 0, 8.94268784e-22, 3.718e+18, 6.44e+20, 4.85, 4, 2.75912415, 96.4, 0.866667, 1741.68974, 0, 3.77709962e+16, 1.92746596e-19, 798.661833, -0.519304027, -2.89799278, 5e+16, 1.60622927e-11, -1455.10242, -957.090254, 300.000011, 96.4, 96.4, 0.866667, 0.866667, 5e+16, 4.45139232e-35, 798.661833, 0.395371796, 909.122768, -798.101216, -4.24838954e-35, -908.409334, -27.7419293, -1.29282687e-35, -33.7832625, 0, 1.20000006e-08, 1.20000006e-08, 1385594.22, 1385594.22, 0, 0.27, 3.332, 0, -798.101216, -27.7419293, 0, 4.14000479e+16, 0, 0, 0, 0
4.25, 0, 0, 5e+16, 0, 8.94268459e-22, 3.718e+18, 6.44e+20, 4.85, 4, 2.76763572, 96.4, 0.866667, 1753.12295, 0, 3.69981421e+16, 2.07821194e-19, 708.575744, -0.528351882, -2.90847887, 5e+16, 1.73185118e-11, -1262.40077, -1184.45842, 300.000011, 96.4, 96.4, 0.866667, 0.866667, 5e+16, 4.3758151e-35, 708.575744, 0.394735781, 819.393693, -707.981057, -4.12181457e-35, -818.561274, -28.1752434, -1.46759668e-35, -36.545818, 0, 1.20000006e-08, 1.20000006e-08, 1055276.85, 1055276.85, 0, 0.27, 3.332, 0, -707.981057, -28.1752434, 0, 4.15422392e+16, 0, 0, 0, 0
4.31666667, 0, 0, 5e+16, 0, 8.94268448e-22, 3.718e+18, 6.44e+20, 4.85, 4, 2.77511487, 96.4, 0.866667, 1770.87654, 0, 3.64444364e+16, 2.2247701e-19, 581.578067, -0.536222269, -2.91771295, 5e+16, 1.8539833e-11, -1040.53378, -1431.46243, 300.000011, 96.4, 96.4, 0.866667, 0.866667, 5e+16, 4.17273033e-35, 581.578067, 0.394016403, 692.444273, -580.70293, -3.72214324e-35, -691.112329, -29.2899897, -1.8231614e-35, -40.4427321, 0, 1.20000006e-08, 1.20000006e-08, 769680.705, 769680.705, 0, 0.27, 3.332, 0, -580.70293, -29.2899897, 0, 4.16512254e+16, 0, 0, 0, 0
4.375, 0, 0, 5e+16, 0, 8.94268442e-22, 3.718e+18, 6.44e+20, 4.85, 4, 2.78106819, 96.4, 0.866667, 2046.82589, 0, 3.51615879e+16, 2.40296015e-19, 491.980728, -0.543104967, -2.92564733, 5e+16, 2.00247504e-11, -821.377513, -1850.47649, 300.000011, 96.4, 96.4, 0.866667, 0.866667, 5e+16, 4.05185891e-35, 491.980728, 0.393300087, 602.429193, -491.03469, -3.45367522e-35, -600.750332, -29.7877444, -2.1185879e-35, -44.8523696, 0, 1.20000006e-08, 1.20000006e-08, 525647.38, 525647.38, 0, 0.27, 3.332, 0, -491.03469, -29.7877444, 0, 4.18871045e+16, 0, 0, 0, 0
4.44166667, 0, 0, 5e+16, 0, 8.94268819e-22, 3.718e+18, 6.44e+20, 4.85, 4, 2.78564677, 96.4, 0.866667, 2458.7753, 0, 3.40691052e+16, 2.57666099e-19, 365.959533, -0.548502358, -2.93205241, 5e+16, 2.14722579e-11, -532.292216, -2394.1847, 300.000012, 96.4, 96.4, 0.866667, 0.866667, 5e+16, 4.21715566e-35, 365.959533, 0.392482896, 475.664699, -364.278642, -2.79149685e-35, -472.347518, -31.3583474, -3.00831785e-35, -52.3232572, 0, 1.20000007e-08, 1.20000007e-08, 337428.213, 337428.213, 0, 0.27, 3.332, 0, -364.278642, -31.3583474, 0, 4.21091788e+16, 0, 0, 0, 0
4.5, 0, 0, 5e+16, 0, 8.94269144e-22, 3.718e+18, 6.44e+20, 4.85, 4, 2.78847798, 96.4, 0.866667, 3439.21739, 0, 3.16806205e+16, 2.83982761e-19, 279.470809, -0.553218035, -2.93731866, 5e+16, 2.36653092e-11, -178.518891, -3424.75053, 300.000013, 96.4, 96.4, 0.866667, 0.866667, 5e+16, 4.41087957e-35, 279.470809, 0.391676453, 386.674141, -277.58368, -2.35763801e-35, -381.866194, -31.9689157, -3.72777934e-35, -60.7545107, 0, 1.20000007e-08, 1.20000007e-08, 185816.768, 185816.768, 0, 0.27, 3.332, 0, -277.58368, -31.9689157, 0, 4.25483131e+16, 0, 0, 0, 0
4.56666667, 0, 0, 5e+16, 0, 8.9426998e-22, 3.718e+18, 6.44e+20, 4.85, 4, 2.78855791, 96.4, 0.866667, 5627.20146, 0, 2.83371042e+16, 3.14524389e-19, 163.890473, -0.556190084, -2.94011943, 5e+16, 2.62104345e-11, 861.434358, -5521.51213, 300.000016, 96.4, 96.4, 0.866667, 0.866667, 5e+16, 2.12958536e-34, 163.890473, 0.390758467, 267.406473, -159.227267, -2.02046223e-34, -250.695869, -32.0478697, -4.51663856e-35, -80.9627987, 0, 1.20000009e-08, 1.20000009e-08, 141921.394, 141921.394, 0, 0.27, 3.332, 0, -159.227267, -32.0478697, 0, 4.32645196e+16, 0, 0, 0, 0
4.625, 0, 0, 5e+16, 0, 8.94270618e-22, 3.718e+18, 6.44e+20, 4.85, 4, 2.78518105, 96.4, 0.866667, 9665.40573, 0, 2.25097606e+16, 3.99776485e-19, 95.4409328, -0.558777429, -2.94235305, 5e+16, 3.33147623e-11, 2432.87518, -9354.07941, 300.000018, 96.4, 96.4, 0.866667, 0.866667, 5e+16, 4.48278462e-34, 95.4409328, 0.389860416, 190.33782, -90.0723649, -4.44629529e-34, -158.72078, -31.3234576, -5.62068508e-35, -103.897726, 0, 1.20000011e-08, 1.20000011e-08, 131171.665, 131171.665, 0, 0.27, 3.332, 0, -90.0723649, -31.3234576, 0, 4.43532495e+16, 0, 0, 0, 0
4.69166667, 0, 0, 5e+16, 0, 8.94270187e-22, 3.718e+18, 6.44e+20, 4.85, 4, 2.76154487, 96.3999994, 0.866667, 21208.2404, 0, 8.85354552e+15, 4.63944616e-18, 38.9383112, -0.559295693, -2.96356441, 5e+16, 3.86620534e-10, 11149.5844, -17558.3159, 300.000016, 96.4, 96.3999994, 0.866667, 0.866667, 5e+16, 1.02874285e-32, 38.9383112, 0.388893482, 231.85291, -31.4346881, 9.69243869e-33, -4.630322, -17.0869992, -1.35157161e-33, -193.467455, 0, 1.20000009e-08, 1.20000009e-08, 174177.586, 174177.586, 0, 0.27, 3.332, 0, -31.4346881, -17.0869992, 0, 4.72710834e+16, 0, 0, 0, 0
4.75, 0, 0, 5e+16, 0, 8.94269661e-22, 3.718e+18, 6.44e+20, 4.85, 4, 2.72619864, 96.3999988, 0.866667, 34833.7656, 0, 2.22299665e+15, 2.19940097e-17, 11.2524797, -0.559694551, -2.98057697, 5e+16, 1.83283406e-09, 21508.8422, -27389.1041, 300.000015, 96.4, 96.3999988, 0.866667, 0.866667, 5e+16, 4.60588767e-32, 11.2524797, 0.38795637, 305.128471, -3.94145168, 4.58848037e-32, 133.934805, -10.5388904, -3.81600971e-33, -272.524013, 0, 1.20000009e-08, 1.20000009e-08, 162235.836, 162235.836, 0, 0.27, 3.332, 0, -3.94145168, -10.5388904, 0, 4.91746958e+16, 0, 0, 0, 0
4.81666667, 0, 0, 5e+16, 0, 8.94267557e-22, 3.718e+18, 6.44e+20, 4.85, 4, 2.50530627, 96.3997358, 0.866667, 67670.9794, 0, 9.11185076e+11, 5.052222e-14, 1.4324698, -0.540444884, -2.88854365, 5e+16, 4.21018496e-06, 46019.5738, -49409.3928, 300.000007, 96.399993, 96.3997358, 0.866667, 0.866667, 5e+16, 3.53128281e-28, 1.4324698, 0.386968575, 464.895196, -0.539564274, 3.45272857e-28, 313.81966, -1.32662333, -7.40674088e-29, -337.476375, 0, 1.20000004e-08, 1.20000004e-08, 36236.4706, 36236.4706, 0, 0.27, 3.332, 0, -0.539564274, -1.32662333, 0, 4.98876204e+16, 0, 0, 0, 0
4.875, 0, 0, 5e+16, 0, 8.94265975e-22, 3.718e+18, 6.44e+20, 4.85, 4, 2.28605641, 96.3995057, 0.866667, 107793.685, 0, 359960497, 1.43379583e-12, 0.000231884552, -0.523785786, -2.80529454, 5e+16, 0.000119482985, 73560.8735, -78693.6029, 300.000002, 96.3999772, 96.3995057, 0.866667, 0.866667, 5e+16, 9.28452521e-27, 0.000231884552, 0.385987333, 666.776039, 0.000231850236, 9.27614893e-27, 544.387637, 3.98413004e-06, -1.03930961e-27, -376.825095, 0, 1.20000001e-08, 1.20000001e-08, 7.54516793, 7.54516793, 0, 0.27, 3.332, 0, 0.000231850236, 3.98413004e-06, 0, 4.99999997e+16, 0, 0, 0, 0
4.94166667, 0, 0, 5e+16, 0, 8.94265724e-22, 3.718e+18, 6.44e+20, 4.85, 4, 1.62969059, 94.230673, 0.866667, 141918.903, 0, 2574.43438, 1.38041606, 3.59883148e-06, -0.517231294, -2.5817608, 5e+16, 0.00045149068, 70254.6878, -121085.355, 300, 96.3748878, 94.230673, 0.866667, 0.866667, 5e+16, 1.63154725e-14, 3.59883146e-06, 0.385423213, 986.636383, 3.59778741e-06, 6.47798667e-16, 487.482355, 8.66813337e-08, -1.63026071e-14, -776.090087, 0, 1.2e-08, 1.2e-08, 0.165388895, 0.165388895, 0, 0.27, 3.332, 0, 3.59778741e-06, 8.66813174e-08, 0, 5e+16, 0, 0, 0, 0
5, 0, 0, 5e+16, 0, 8.94265584e-22, 3.718e+18, 6.44e+20, 4.85, 4, 0.942584881, 92.3329444, 0.866667, 164428.031, 0, 2.99357306e-12, 1305.71797, 4.36093841e-11, -0.511259777, -2.38080376, 5e+16, 0.000336216943, 51213.5602, -155859.035, 300, 96.2908341, 92.3329444, 0.866667, 0.866667, 5e+16, 4.36093845e-11, -4.38362726e-19, 0.384823163, 1242.7305, -4.38235554e-19, 4.35937111e-11, 409.563928, -1.05584683e-20, -3.88207754e-14, -1171.39905, 0, 1.2e-08, 1.2e-08, 2.42749184e-07, 2.42749184e-07, 0, 0.27, 3.332, 0, 4.35937106e-11, -3.8820786e-14, 0, 5e+16, 0, 0, 0, 0
5.06666667, 0, 0, 5e+16, 0, 8.94265579e-22, 3.718e+18, 6.44e+20, 4.85, 4, 0.8800152, 93.9767731, 0.866667, 159336.94, 0, 2.09003186e-12, 10566.2939, 4.42026756e-11, -0.457758721, -2.37249169, 5e+16, 0.000174169321, 23026.1753, -156719.193, 300, 96.3159305, 93.9767731, 0.866667, 0.866667, 5e+16, 4.42026756e-11, 3.22804134e-25, 0.384455393, 1137.22614, 2.90570195e-25, 4.35960971e-11, 247.2958, -1.40610555e-25, -6.32117166e-13, -1091.06274, 0, 1.2e-08, 1.2e-08, 3.30204646e-07, 3.30204646e-07, 0, 0.27, 3.332, 0, 4.35960971e-11, -6.32117166e-13, 0, 5e+16, 0, 0, 0, 0
5.125, 0, 0, 5e+16, 0, 8.94265576e-22, 3.718e+18, 6.44e+20, 4.85, 4, 0.855236, 95.4151232, 0.866667, 144934.498, 0, 2.09006578e-12, 22166.4219, 6.31199211e-11, -0.410674695, -2.36686652, 5e+16, 0.000174172148, 3589.24954, -144883.66, 300, 96.4, 95.4151232, 0.866667, 0.866667, 5e+16, 6.31199211e-11, 3.22805965e-25, 0.383996084, 994.773054, 2.90571302e-25, 6.25076816e-11, 23.6405115, -1.40612913e-25, -1.45128988e-12, -994.474625, 0, 1.2e-08, 1.2e-08, 4.96163485e-07, 4.96163485e-07, 0, 0.27, 3.332, 0, 6.25076816e-11, -1.45128988e-12, 0, 5e+16, 0, 0, 0, 0
5.19166667, 0, 0, 5e+16, 0, 8.94265576e-22, 3.718e+18, 6.44e+20, 4.85, 4, 0.844032692, 95.5813976, 0.866667, 139190.207, 0, 6.95438959e-12, 32277.1249, 6.36419576e-11, -0.382895868, -2.36537796, 5e+16, 0.000579532464, 1466.97817, -139181.272, 300, 96.4, 95.5813976, 0.866667, 0.866667, 5e+16, 6.36419576e-11, 4.99476297e-25, 0.383227638, 984.637434, 1.39659195e-25, 6.25077458e-11, 8.46740153, -4.79552573e-25, -1.97332966e-12, -984.566547, 0, 1.2e-08, 1.2e-08, 5.65010889e-07, 5.65010889e-07, 0, 0.27, 3.332, 0, 6.25077458e-11, -1.97332966e-12, 0, 5e+16, 0, 0, 0, 0
5.25, 0, 0, 5e+16, 0, 8.94265576e-22, 3.718e+18, 6.44e+20, 4.85, 4, 0.840866129, 95.7268877, 0.866667, 136572.614, 0, 6.95458124e-12, 35295.0952, 2.49057286e-11, -0.35860523, -2.36452219, 5e+16, 0.000579548435, 616.439651, -136570.939, 300, 96.4, 95.7268877, 0.866667, 0.866667, 5e+16, 2.49057286e-11, 4.99485237e-25, 0.382326691, 974.255458, 1.39658002e-25, 2.37258061e-11, 0.544555584, -4.79563455e-25, -2.69377313e-12, -974.255298, 0, 1.2e-08, 1.2e-08, 4.51492255e-07, 4.51492255e-07, 0, 0.27, 3.332, 0, 2.37258061e-11, -2.69377313e-12, 0, 5e+16, 0, 0, 0, 0
5.31666667, 0, 0, 5e+16, 0, 8.94265576e-22, 3.718e+18, 6.44e+20, 4.85, 4, 0.83852478, 95.755869, 0.866667, 135382.041, 0, 5.81368252e-12, 38220.9654, 2.50675617e-11, -0.35873455, -2.3642397, 5e+16, 0.000484473545, 203.202195, -135381.839, 300, 96.4, 95.755869, 0.866667, 0.866667, 5e+16, 2.50675617e-11, 4.2809061e-25, 0.381323409, 983.50503, -6.63666109e-26, 2.37229494e-11, -2.53156475, -4.22914018e-25, -2.85561049e-12, -983.497979, 0, 1.2e-08, 1.2e-08, 4.72181328e-07, 4.72181328e-07, 0, 0.27, 3.332, 0, 2.37229494e-11, -2.85561049e-12, 0, 5e+16, 0, 0, 0, 0
5.375, 0, 0, 5e+16, 0, 8.94265576e-22, 3.718e+18, 6.44e+20, 4.85, 4, 0.83788656, 95.7812277, 0.866667, 134935.037, 0, 5.81366893e-12, 38883.8183, 5.46356948e-12, -0.35882469, -2.36404598, 5e+16, 0.000484472413, 49.0749603, -134935.021, 300, 96.4, 95.7812277, 0.866667, 0.866667, 5e+16, 5.46356948e-12, 4.28090204e-25, 0.380202004, 991.375415, -6.63714036e-26, 3.76877875e-12, -3.6591242, -4.22913772e-25, -3.07891829e-12, -991.367456, 0, 1.2e-08, 1.2e-08, 4.95378218e-07, 4.95378218e-07, 0, 0.27, 3.332, 0, 3.76877875e-12, -3.07891829e-12, 0, 5e+16, 0, 0, 0, 0
5.44166667, 0, 0, 5e+16, 0, 8.94265576e-22, 3.718e+18, 6.44e+20, 4.85, 4, 0.838384902, 95.7750807, 0.866667, 135041.068, 0, 1.85678415e-12, 38400.7513, 5.44790044e-12, -0.375061013, -2.36422115, 5e+16, 0.000154732012, -107.126083, -135040.983, 300, 96.4, 95.7750807, 0.866667, 0.866667, 5e+16, 5.44790044e-12, 1.75110104e-25, 0.379081832, 1007.79145, -9.27358575e-26, 3.76702128e-12, -4.88249398, -1.48536925e-25, -3.06324837e-12, -1007.77622, 0, 1.2e-08, 1.2e-08, 4.93647626e-07, 4.93647626e-07, 0, 0.27, 3.332, 0, 3.76702128e-12, -3.06324837e-12, 0, 5e+16, 0, 0, 0, 0
5.5, 0, 0, 5e+16, 0, 8.94265576e-22, 3.718e+18, 6.44e+20, 4.85, 4, 0.838513381, 95.769702, 0.866667, 135356.719, 0, 1.85663404e-12, 38271.5604, 6.6956255e-12, -0.389225206, -2.3642625, 5e+16, 0.000154719503, -170.321677, -135356.606, 300, 96.4, 95.769702, 0.866667, 0.866667, 5e+16, 6.6956255e-12, 1.75102034e-25, 0.377889757, 1022.09686, -9.27365912e-26, -5.12417009e-12, -5.31131527, -1.48528268e-25, -3.041658e-12, -1022.08062, 0, 1.2e-08, 1.2e-08, 4.90406909e-07, 4.90406909e-07, 0, 0.27, 3.332, 0, -5.12417009e-12, -3.041658e-12, 0, 5e+16, 0, 0, 0, 0
5.56666667, 0, 0, 5e+16, 0, 8.94265576e-22, 3.718e+18, 6.44e+20, 4.85, 4, 0.840415037, 95.7456459, 0.866667, 136045.202, 0, 2.97354196e-13, 36133.7863, 6.59362276e-12, -0.41638313, -2.36467821, 5e+16, 2.47795163e-05, -266.350682, -136044.876, 300, 96.4, 95.7456459, 0.866667, 0.866667, 5e+16, 6.59362276e-12, 4.2123563e-26, 0.376757425, 1042.44628, -3.22256612e-26, -5.12492676e-12, -6.04554211, -2.71270406e-26, -2.93965396e-12, -1042.42496, 0, 1.2e-08, 1.2e-08, 4.77738908e-07, 4.77738908e-07, 0, 0.27, 3.332, 0, -5.12492676e-12, -2.93965396e-12, 0, 5e+16, 0, 0, 0, 0
5.625, 0, 0, 5e+16, 0, 8.94265576e-22, 3.718e+18, 6.44e+20, 4.85, 4, 0.840918752, 95.7245969, 0.866667, 136780.461, 0, 2.97295964e-13, 35663.0965, 1.12620052e-11, -0.44008077, -2.36484296, 5e+16, 2.47746636e-05, -309.095679, -136780.082, 300, 96.4, 95.7245969, 0.866667, 0.866667, 5e+16, 1.12620052e-11, 4.21194731e-26, 0.375606794, 1060.23041, -3.22238699e-26, -9.95701318e-12, -6.30097237, -2.71232781e-26, -2.79894485e-12, -1060.20839, 0, 1.2e-08, 1.2e-08, 4.56579492e-07, 4.56579492e-07, 0, 0.27, 3.332, 0, -9.95701318e-12, -2.79894485e-12, 0, 5e+16, 0, 0, 0, 0
5.69166667, 0, 0, 5e+16, 0, 8.94265576e-22, 3.718e+18, 6.44e+20, 4.85, 4, 0.84389614, 95.6840974, 0.866667, 137890.291, 0, 2.60089398e-14, 32483.0265, 1.11059049e-11, -0.476653932, -2.36540579, 5e+16, 2.16741166e-06, -398.345864, -137889.606, 300, 96.4, 95.6840974, 0.866667, 0.866667, 5e+16, 1.11059049e-11, 6.07600247e-27, 0.374539311, 1083.40261, -5.37092966e-27, -9.95712795e-12, -6.87146493, -2.84087411e-27, -2.64284397e-12, -1083.37653, 0, 1.2e-08, 1.2e-08, 4.3671456e-07, 4.3671456e-07, 0, 0.27, 3.332, 0, -9.95712795e-12, -2.64284397e-12, 0, 5e+16, 0, 0, 0, 0
5.75, 0, 0, 5e+16, 0, 8.94265576e-22, 3.718e+18, 6.44e+20, 4.85, 4, 0.844686291, 95.6486604, 0.866667, 138982.06, 0, 2.59997226e-14, 31806.5389, 1.39734921e-11, -0.508549161, -2.36565186, 5e+16, 2.16664356e-06, -440.730218, -138981.297, 300, 96.4, 95.6486604, 0.866667, 0.866667, 5e+16, 1.39734921e-11, 6.07499368e-27, 0.373493487, 1103.66935, -5.37018434e-27, -1.2879453e-11, -7.06944418, -2.84018804e-27, -2.42746991e-12, -1103.64271, 0, 1.2e-08, 1.2e-08, 4.03210313e-07, 4.03210313e-07, 0, 0.27, 3.332, 0, -1.2879453e-11, -2.42746991e-12, 0, 5e+16, 0, 0, 0, 0
5.81666667, 0, 0, 5e+16, 0, 8.94265576e-22, 3.718e+18, 6.44e+20, 4.85, 4, 0.848805709, 95.5864811, 0.866667, 140531.3, 0, 1.27685801e-15, 27822.2902, 1.37784744e-11, -0.554228297, -2.36631137, 5e+16, 1.06404834e-07, -548.638485, -140530.038, 300, 96.4, 95.5864811, 0.866667, 0.866667, 5e+16, 1.37784744e-11, 5.18797707e-28, 0.372536741, 1129.29631, -4.8734964e-28, -1.28791528e-11, -7.58730272, -1.77876203e-28, -2.23245234e-12, -1129.26601, 0, 1.2e-08, 1.2e-08, 3.77711236e-07, 3.77711236e-07, 0, 0.27, 3.332, 0, -1.28791528e-11, -2.23245234e-12, 0, 5e+16, 0, 0, 0, 0
5.875, 0, 0, 5e+16, 0, 8.94265576e-22, 3.718e+18, 6.44e+20, 4.85, 4, 0.849899561, 95.5320743, 0.866667, 142030.639, 0, 1.27613155e-15, 26991.3131, 1.55103058e-11, -0.594015536, -2.36662133, 5e+16, 1.06344296e-07, -601.723274, -142029.247, 300, 96.4, 95.5320743, 0.866667, 0.866667, 5e+16, 1.55103058e-11, 5.18660866e-28, 0.371623181, 1151.71549, -4.8722935e-28, -1.46434976e-11, -7.76684282, -1.77810726e-28, -1.96333494e-12, -1151.68468, 0, 1.2e-08, 1.2e-08, 3.34593447e-07, 3.34593447e-07, 0, 0.27, 3.332, 0, -1.46434976e-11, -1.96333494e-12, 0, 5e+16, 0, 0, 0, 0
5.94166667, 0, 0, 5e+16, 0, 8.94265576e-22, 3.718e+18, 6.44e+20, 4.85, 4, 0.855497897, 95.4350512, 0.866667, 144140.979, 0, 3.47542321e-17, 22345.8349, 1.52903644e-11, -0.649306957, -2.36733681, 5e+16, 2.89618601e-09, -746.746341, -144138.706, 300, 96.4, 95.4350512, 0.866667, 0.866667, 5e+16, 1.52903644e-11, 2.59655024e-29, 0.37080047, 1179.68897, -2.50741936e-29, -1.46429546e-11, -8.28152874, -6.74464314e-30, -1.74339421e-12, -1179.65452, 0, 1.2e-08, 1.2e-08, 3.04892828e-07, 3.04892828e-07, 0, 0.27, 3.332, 0, -1.46429546e-11, -1.74339421e-12, 0, 5e+16, 0, 0, 0, 0
6, 0, 0, 5e+16, 0, 8.94265576e-22, 3.718e+18, 6.44e+20, 4.85, 4, 0.856984674, 95.350156, 0.866667, 146179.9, 0, 3.4724241e-17, 21397.7726, 1.60989337e-11, -0.697344096, -2.36770282, 5e+16, 2.89368675e-09, -818.735751, -146177.395, 300, 96.4, 95.350156, 0.866667, 0.866667, 5e+16, 1.60989337e-11, 2.59552769e-29, 0.370027779, 1204.16434, -2.50645858e-29, -1.54732129e-11, -8.45989256, -6.74113782e-30, -1.43982199e-12, -1204.12939, 0, 1.2e-08, 1.2e-08, 2.54741775e-07, 2.54741775e-07, 0, 0.27, 3.332, 0, -1.54732129e-11, -1.43982199e-12, 0, 5e+16, 0, 0, 0, 0
6.06666667, 0, 0, 5e+16, 0, 8.94265576e-22, 3.718e+18, 6.44e+20, 4.85, 4, 0.864605299, 95.1921286, 0.866667, 149055.738, 0, 5.35162306e-19, 16393.8857, 1.58797093e-11, -0.762512251, -2.36843686, 5e+16, 4.45968587e-11, -1019.09581, -149051.651, 300, 96.4, 95.1921286, 0.866667, 0.866667, 5e+16, 1.58797093e-11, 7.44727138e-31, 0.369349458, 1234.56808, -7.28030137e-31, -1.54726083e-11, -8.99771768, -1.56811882e-31, -1.22059847e-12, -1234.52928, 0, 1.2e-08, 1.2e-08, 2.23978001e-07, 2.23978001e-07, 0, 0.27, 3.332, 0, -1.54726083e-11, -1.22059847e-12, 0, 5e+16, 0, 0, 0, 0
6.125, 0, 0, 5e+16, 0, 8.94265576e-22, 3.718e+18, 6.44e+20, 4.85, 4, 0.866629251, 95.0538546, 0.866667, 151837.041, 0, 5.34523028e-19, 15407.881, 1.57580824e-11, -0.81888528, -2.36885723, 5e+16, 4.45435855e-11, -1118.74765, -151832.537, 300, 96.4, 95.0538546, 0.866667, 0.866667, 5e+16, 1.57580824e-11, 7.44310395e-31, 0.368718116, 1261.17059, -7.27627293e-31, -1.53642785e-11, -9.18407139, -1.56705106e-31, -9.1794872e-13, -1261.13126, 0, 1.2e-08, 1.2e-08, 1.72239764e-07, 1.72239764e-07, 0, 0.27, 3.332, 0, -1.53642785e-11, -9.1794872e-13, 0, 5e+16, 0, 0, 0, 0
6.19166667, 0, 0, 5e+16, 0, 8.94265576e-22, 3.718e+18, 6.44e+20, 4.85, 4, 0.877055576, 94.7820666, 0.866667, 155764.503, 0, 5.00335062e-21, 10580.4023, 1.55738309e-11, -0.893737428, -2.36956565, 5e+16, 4.16945885e-13, -1388.63944, -155757.275, 300, 96.4, 94.7820666, 0.866667, 0.866667, 5e+16, 1.55738309e-11, 1.24633272e-32, 0.368188217, 1294.13758, -1.22506955e-32, -1.53637847e-11, -9.76392078, -2.29236223e-33, -7.33697854e-13, -1294.09402, 0, 1.2e-08, 1.2e-08, 1.45146786e-07, 1.45146786e-07, 0, 0.27, 3.332, 0, -1.53637847e-11, -7.33697854e-13, 0, 5e+16, 0, 0, 0, 0
6.25, 0, 0, 5e+16, 0, 8.94265576e-22, 3.718e+18, 6.44e+20, 4.85, 4, 0.879824309, 94.5442521, 0.866667, 159558.162, 0, 4.99624846e-21, 9682.27227, 1.44595446e-11, -0.958064013, -2.37004113, 5e+16, 4.16354038e-13, -1521.83806, -159550.225, 300, 96.4, 94.5442521, 0.866667, 0.866667, 5e+16, 1.44595446e-11, 1.24543633e-32, 0.367696012, 1322.98459, -1.22419253e-32, -1.42560111e-11, -9.96482201, -2.29050851e-33, -4.79271775e-13, -1322.94045, 0, 1.2e-08, 1.2e-08, 9.98019178e-08, 9.98019178e-08, 0, 0.27, 3.332, 0, -1.42560111e-11, -4.79271775e-13, 0, 5e+16, 0, 0, 0, 0
6.31666667, 0, 0, 5e+16, 0, 8.94265576e-22, 3.718e+18, 6.44e+20, 4.85, 4, 0.893977841, 94.0558997, 0.866667, 164871.746, 0, 3.20729691e-23, 5742.45127, 1.4338536e-11, -1.04184264, -2.37068325, 5e+16, 2.67274742e-15, -1864.277, -164859.545, 300, 96.4, 94.0558997, 0.866667, 0.866667, 5e+16, 1.4338536e-11, 1.30288268e-34, 0.3673161, 1358.77313, -1.28384194e-34, -1.42557208e-11, -10.6028949, -2.21930213e-35, -3.58263541e-13, -1358.72421, 0, 1.2e-08, 1.2e-08, 8.09604453e-08, 8.09604453e-08, 0, 0.27, 3.332, 0, -1.42557208e-11, -3.58263541e-13, 0, 5e+16, 0, 0, 0, 0
6.375, 0, 0, 5e+16, 0, 8.94265576e-22, 3.718e+18, 6.44e+20, 4.85, 4, 0.897735435, 93.6285914, 0.866667, 169974.935, 0, 3.20296717e-23, 5069.3726, 1.22866502e-11, -1.11324754, -2.3712179, 5e+16, 2.66913931e-15, -2031.16287, -169961.646, 300, 96.4, 93.6285914, 0.866667, 0.866667, 5e+16, 1.22866502e-11, 1.30186244e-34, 0.36696064, 1390.08902, -1.2828385e-34, -1.22060418e-11, -10.823966, -2.21745816e-35, -1.91132692e-13, -1390.03946, 0, 1.2e-08, 1.2e-08, 4.94006589e-08, 4.94006589e-08, 0, 0.27, 3.332, 0, -1.22060418e-11, -1.91132692e-13, 0, 5e+16, 0, 0, 0, 0
6.44166667, 0, 0, 5e+16, 0, 8.94265576e-22, 3.718e+18, 6.44e+20, 4.85, 4, 0.916510931, 92.7390444, 0.866667, 176982.276, 0, 1.62179391e-25, 2513.46222, 1.22292379e-11, -1.2049147, -2.37176596, 5e+16, 1.35149492e-17, -2421.87272, -176963.345, 300, 96.4, 92.7390444, 0.866667, 0.866667, 5e+16, 1.22292379e-11, 9.5426861e-37, 0.366731901, 1428.98195, -9.41435773e-37, -1.22059242e-11, -11.5373086, -1.55971953e-37, -1.33720492e-13, -1428.92687, 0, 1.2e-08, 1.2e-08, 3.98185633e-08, 3.98185633e-08, 0, 0.27, 3.332, 0, -1.22059242e-11, -1.33720492e-13, 0, 5e+16, 0, 0, 0, 0
6.5, 0, 0, 5e+16, 0, 8.94265576e-22, 3.718e+18, 6.44e+20, 4.85, 4, 0.921493666, 91.9606908, 0.866667, 183634.937, 0, 1.62020246e-25, 2121.43643, 9.54213469e-12, -1.28232176, -2.37236502, 5e+16, 1.35016871e-17, -2607.8048, -183614.614, 300, 96.4, 91.9606908, 0.866667, 0.866667, 5e+16, 9.54213469e-12, 9.53623498e-37, 0.366511748, 1463.01568, -9.40799786e-37, -9.51927223e-12, -11.7844491, -1.55863836e-37, -5.4413135e-14, -1462.95985, 0, 1.2e-08, 1.2e-08, 2.31060735e-08, 2.31060735e-08, 0, 0.27, 3.332, 0, -9.51927223e-12, -5.4413135e-14, 0, 5e+16, 0, 0, 0, 0
6.56666667, 0, 0, 5e+16, 0, 8.94265576e-22, 3.718e+18, 6.44e+20, 4.85, 4, 0.945311006, 90.4229392, 0.866667, 192471.77, 0, 7.31512121e-28, 935.503786, 9.5237876e-12, -1.3806054, -2.37283504, 5e+16, 6.09593435e-20, -2992.03377, -192445.614, 300, 96.4, 90.4229392, 0.866667, 0.866667, 5e+16, 9.5237876e-12, 5.53321155e-39, 0.366436133, 1505.42993, -5.4620148e-39, -9.5192408e-12, -12.5892434, -8.84773637e-40, -3.60660777e-14, -1505.36768, 0, 1.2e-08, 1.2e-08, 1.97831054e-08, 1.97831054e-08, 0, 0.27, 3.332, 0, -9.5192408e-12, -3.60660777e-14, 0, 5e+16, 0, 0, 0, 0
6.625, 0, 0, 5e+16, 0, 8.94265576e-22, 3.718e+18, 6.44e+20, 4.85, 4, 0.95162944, 89.0774065, 0.866667, 200722.318, 0, 7.31118655e-28, 751.943688, 6.73438929e-12, -1.46283052, -2.37350678, 5e+16, 6.09265547e-20, -3168.96869, -200694.792, 300, 96.4, 89.0774065, 0.866667, 0.866667, 5e+16, 6.73438929e-12, 5.53072764e-39, 0.366351319, 1542.54443, -5.45956324e-39, -6.729892e-12, -12.8680762, -8.84374042e-40, -1.07196926e-14, -1542.48129, 0, 1.2e-08, 1.2e-08, 1.24508542e-08, 1.24508542e-08, 0, 0.27, 3.332, 0, -6.729892e-12, -1.07196926e-14, 0, 5e+16, 0, 0, 0, 0
6.69166667, 0, 0, 5e+16, 0, 8.94265576e-22, 3.718e+18, 6.44e+20, 4.85, 4, 0.980095794, 86.7507533, 0.866667, 211239.378, 0, 3.1928579e-30, 491.053338, 6.73052103e-12, -1.566218, -2.37396359, 5e+16, 2.66071492e-22, -3481.42012, -211207.603, 300, 96.4, 86.7507533, 0.866667, 0.866667, 5e+16, 6.73052103e-12, 2.80865233e-41, 0.366432163, 1588.91219, -2.77335513e-41, -6.72988627e-12, -13.7852885, -4.43879724e-42, -6.85143835e-15, -1588.84145, 0, 1.2e-08, 1.2e-08, 1.16828476e-08, 1.16828476e-08, 0, 0.27, 3.332, 0, -6.72988627e-12, -6.85143835e-15, 0, 5e+16, 0, 0, 0, 0
6.75, 0, 0, 5e+16, 0, 8.94265576e-22, 3.718e+18, 6.44e+20, 4.85, 4, 0.987645701, 84.7149318, 0.866667, 220871.127, 0, 3.19212923e-30, 377.532342, 4.3528277e-12, -1.65201206, -2.37471711, 5e+16, 2.66010769e-22, -3618.92182, -220838.43, 300, 96.4, 84.7149318, 0.866667, 0.866667, 5e+16, 4.3528277e-12, 2.80800647e-41, 0.366484428, 1629.4879, -2.77271732e-41, -4.3521957e-12, -14.1030753, -4.43778103e-42, -1.50716661e-15, -1629.41611, 0, 1.2e-08, 1.2e-08, 7.84989972e-09, 7.84989972e-09, 0, 0.27, 3.332, 0, -4.3521957e-12, -1.50716661e-15, 0, 5e+16, 0, 0, 0, 0
6.81666667, 0, 0, 5e+16, 0, 8.94265576e-22, 3.718e+18, 6.44e+20, 4.85, 4, 1.01955422, 81.7900265, 0.866667, 232656.103, 0, 1.39648979e-32, 352.764092, 4.35226775e-12, -1.75881535, -2.37532576, 5e+16, 1.16374148e-24, -3827.75321, -232621.63, 300, 96.4, 81.7900265, 0.866667, 0.866667, 5e+16, 4.35226775e-12, 1.33135212e-43, 0.366726888, 1680.4212, -1.31483741e-43, -4.35219537e-12, -15.1580143, -2.09047923e-44, -9.472143e-16, -1680.34029, 0, 1.2e-08, 1.2e-08, 7.72738154e-09, 7.72738154e-09, 0, 0.27, 3.332, 0, -4.35219537e-12, -9.472143e-16, 0, 5e+16, 0, 0, 0, 0
6.875, 0, 0, 5e+16, 0, 8.94265576e-22, 3.718e+18, 6.44e+20, 4.85, 4, 1.02801707, 79.2307343, 0.866667, 243260.457, 0, 1.39638907e-32, 262.762333, 2.6366887e-12, -1.79565549, -2.37617395, 5e+16, 1.16365755e-24, -3915.84295, -243225.653, 300, 96.4, 79.2307343, 0.866667, 0.866667, 5e+16, 2.6366887e-12, 1.33124405e-43, 0.366919866, 1724.99159, -1.31469638e-43, -2.6366164e-12, -15.5235349, -2.09031007e-44, -1.7006991e-16, -1724.90943, 0, 1.2e-08, 1.2e-08, 5.01098697e-09, 5.01098697e-09, 0, 0.27, 3.332, 0, -2.6366164e-12, -1.7006991e-16, 0, 5e+16, 0, 0, 0, 0
6.94166667, 0, 0, 5e+16, 0, 8.94265576e-22, 3.718e+18, 6.44e+20, 4.85, 4, 1.06202088, 76.118389, 0.866667, 255845.806, 0, 6.3345752e-34, 261.223781, 2.63673597e-12, -1.87230755, -2.39114802, 5e+16, 5.2788117e-26, -4038.52056, -255811.144, 300, 96.4, 76.118389, 0.866667, 0.866667, 5e+16, 2.63673597e-12, 3.38341515e-45, 0.367331282, 1781.15709, 3.10055404e-45, -2.63662862e-12, -16.7501386, -1.35412742e-45, -2.16655612e-16, -1781.06382, 0, 1.2e-08, 1.2e-08, 5.02380192e-09, 5.02380192e-09, 0, 0.27, 3.332, 0, -2.63662862e-12, -2.16655612e-16, 0, 5e+16, 0, 0, 0, 0
7, 0, 0, 5e+16, 0, 8.94265576e-22, 3.718e+18, 6.44e+20, 4.85, 4, 1.07104077, 73.3950869, 0.866667, 267031.967, 0, 8.38072028e-34, 191.234898, 1.53871357e-12, -1.79004101, -2.39210539, 5e+16, 6.9839326e-26, -4089.51621, -266997.382, 300, 96.4, 73.3950869, 0.866667, 0.866667, 5e+16, 1.53871357e-12, 6.87416141e-45, 0.367670692, 1830.30811, 6.55410366e-45, -1.53860621e-12, -17.1751369, -1.86236411e-45, -1.61448208e-16, -1830.21333, 0, 1.2e-08, 1.2e-08, 3.09692803e-09, 3.09692803e-09, 0, 0.27, 3.332, 0, -1.53860621e-12, -1.61448208e-16, 0, 5e+16, 0, 0, 0, 0
7.06666667, 0, 0, 5e+16, 0, 8.94265576e-22, 3.718e+18, 6.44e+20, 4.85, 4, 1.10623177, 70.4159767, 0.866667, 280090.396, 0, 1.08202285e-30, 196.905478, 1.54141618e-12, -1.72260795, -2.46536377, 5e+16, 9.0168571e-23, -4169.00259, -280056.738, 300, 96.4, 70.4159767, 0.866667, 0.866667, 5e+16, 1.54141618e-12, 7.23333765e-42, 0.368261018, 1892.634, 6.80261382e-42, -1.53875338e-12, -18.6122815, -2.45857769e-42, -2.8602117e-15, -1892.52557, 0, 1.2e-08, 1.2e-08, 3.85397467e-09, 3.85397467e-09, 0, 0.27, 3.332, 0, -1.53875338e-12, -2.8602117e-15, 0, 5e+16, 0, 0, 0, 0
7.125, 0, 0, 5e+16, 0, 8.94265576e-22, 3.718e+18, 6.44e+20, 4.85, 4, 1.11556817, 67.8092552, 0.866667, 291627.951, 0, 1.49570086e-30, 143.107714, 8.87411376e-13, -1.64011469, -2.46645025, 5e+16, 1.24641739e-22, -4204.11669, -291594.51, 300, 96.4, 67.8092552, 0.866667, 0.866667, 5e+16, 8.87411376e-13, 1.43501092e-41, 0.368754952, 1947.1752, 1.38435281e-41, -8.84748143e-13, -19.110261, -3.49489976e-42, -3.69189834e-15, -1947.0649, 0, 1.2e-08, 1.2e-08, 2.92050982e-09, 2.92050982e-09, 0, 0.27, 3.332, 0, -8.84748143e-13, -3.69189834e-15, 0, 5e+16, 0, 0, 0, 0
7.19166667, 0, 0, 5e+16, 0, 8.94265576e-22, 3.718e+18, 6.44e+20, 4.85, 4, 1.1516352, 65.0922313, 0.866667, 305040.726, 0, 2.07748896e-27, 195.397816, 9.18591002e-13, -1.57194527, -2.53648618, 5e+16, 1.7312408e-19, -4284.28974, -305008.071, 300, 96.4, 65.0922313, 0.866667, 0.866667, 5e+16, 9.18591002e-13, 1.33747776e-38, 0.369537214, 2016.68762, 1.24617952e-38, -8.86841037e-13, -20.8133132, -4.85628583e-39, -3.48013463e-14, -2016.56027, 0, 1.2e-08, 1.2e-08, 1.24767744e-08, 1.24767744e-08, 0, 0.27, 3.332, 0, -8.86841037e-13, -3.48013463e-14, 0, 5e+16, 0, 0, 0, 0
7.25, 0, 0, 5e+16, 0, 8.94265576e-22, 3.718e+18, 6.44e+20, 4.85, 4, 1.16120534, 62.7148353, 0.866667, 316884.957, 0, 2.93016384e-27, 141.562287, 5.41059648e-13, -1.48945238, -2.53772442, 5e+16, 2.4418032e-19, -4323.45187, -316852.454, 300, 96.4, 62.7148353, 0.866667, 0.866667, 5e+16, 5.41059648e-13, 2.81082095e-38, 0.370196482, 2077.52089, 2.70381652e-38, -5.0918736e-13, -21.4034545, -7.00185157e-39, -4.50845658e-14, -2077.39121, 0, 1.2e-08, 1.2e-08, 1.58915756e-08, 1.58915756e-08, 0, 0.27, 3.332, 0, -5.0918736e-13, -4.50845658e-14, 0, 5e+16, 0, 0, 0, 0
7.31666667, 0, 0, 5e+16, 0, 8.94265576e-22, 3.718e+18, 6.44e+20, 4.85, 4, 1.19835463, 60.2644632, 0.866667, 330715.699, 0, 4.02232691e-24, 485.554225, 9.90283536e-13, -1.4222498, -2.61116591, 5e+16, 3.35193909e-16, -4433.8489, -330683.374, 300, 96.4, 60.2644632, 0.866667, 0.866667, 5e+16, 9.90283536e-13, 2.4540513e-35, 0.371187467, 2155.66282, 2.254779e-35, -5.36547833e-13, -23.4448895, -9.68554026e-36, -4.93474926e-13, -2155.51153, 0, 1.2e-08, 1.2e-08, 1.65180588e-07, 1.65180588e-07, 0, 0.27, 3.332, 0, -5.36547833e-13, -4.93474926e-13, 0, 5e+16, 0, 0, 0, 0
7.375, 0, 0, 5e+16, 0, 8.94265576e-22, 3.718e+18, 6.44e+20, 4.85, 4, 1.20821264, 58.1203877, 0.866667, 342964.154, 0, 5.81161193e-24, 350.414991, 8.2638611e-13, -1.33982879, -2.61259171, 5e+16, 4.84300994e-16, -4489.18575, -342931.823, 300, 96.4, 58.1203877, 0.866667, 0.866667, 5e+16, 8.2638611e-13, 5.55299053e-35, 0.372026145, 2224.04766, 5.3206812e-35, -3.28955467e-13, -24.1523438, -1.41985001e-35, -6.50106494e-13, -2223.89341, 0, 1.2e-08, 1.2e-08, 2.33200504e-07, 2.33200504e-07, 0, 0.27, 3.332, 0, -3.28955467e-13, -6.50106494e-13, 0, 5e+16, 0, 0, 0, 0
7.44166667, 0, 0, 5e+16, 0, 8.94265576e-22, 3.718e+18, 6.44e+20, 4.85, 4, 1.24692874, 55.8980589, 0.866667, 357390.781, 0, 7.89046059e-21, 1353.47319, 6.57819061e-12, -1.27401252, -2.68627925, 5e+16, 6.57538378e-13, -4649.77783, -357357.791, 300, 96.4, 55.8980589, 0.866667, 0.866667, 5e+16, 6.57819061e-12, 4.48516965e-32, 0.373247311, 2312.51668, 4.03250062e-32, -7.17605351e-13, -26.6364547, -1.96325875e-32, -6.38877428e-12, -2312.33446, 0, 1.2e-08, 1.2e-08, 2.30208736e-06, 2.30208736e-06, 0, 0.27, 3.332, 0, -7.17605351e-13, -6.38877428e-12, 0, 5e+16, 0, 0, 0, 0
7.5, 0, 0, 5e+16, 0, 8.94265576e-22, 3.718e+18, 6.44e+20, 4.85, 4, 1.25720305, 53.9535212, 0.866667, 370226.222, 0, 1.17286123e-20, 974.588287, 8.54472559e-12, -1.19174264, -2.68806339, 5e+16, 9.77384353e-13, -4730.2982, -370193.017, 300, 96.4, 53.9535212, 0.866667, 0.866667, 5e+16, 8.54472559e-12, 1.11411644e-31, 0.374283501, 2389.94406, 1.06175365e-31, -7.44408151e-13, -27.4973521, -2.93257265e-32, -8.50753773e-12, -2389.75801, 0, 1.2e-08, 1.2e-08, 3.30107638e-06, 3.30107638e-06, 0, 0.27, 3.332, 0, -7.44408151e-13, -8.50753773e-12, 0, 5e+16, 0, 0, 0, 0
7.56666667, 0, 0, 5e+16, 0, 8.94265576e-22, 3.718e+18, 6.44e+20, 4.85, 4, 1.29820174, 51.9109929, 0.866667, 385508.384, 0, 1.58975892e-17, 3910.3103, 8.87585108e-11, -1.12784056, -2.76498001, 5e+16, 1.3247991e-09, -4954.20258, -385473.566, 300, 96.4, 51.9109929, 0.866667, 0.866667, 5e+16, 8.87585108e-11, 8.2971047e-29, 0.375762348, 2491.15335, 7.2146393e-29, -4.09502824e-12, -30.5611033, -4.09675862e-29, -8.86531732e-11, -2490.93044, 0, 1.2e-08, 1.2e-08, 3.44854729e-05, 3.44854729e-05, 0, 0.27, 3.332, 0, -4.09502824e-12, -8.86531732e-11, 0, 5e+16, 0, 0, 0, 0
7.625, 0, 0, 5e+16, 0, 8.94265576e-22, 3.718e+18, 6.44e+20, 4.85, 4, 1.309082, 50.1237806, 0.866667, 399177.029, 0, 2.43819277e-17, 3208.67766, 1.19818339e-10, -1.04581406, -2.77074783, 5e+16, 2.03182731e-09, -5065.32461, -399141.76, 300, 96.4, 50.1237806, 0.866667, 0.866667, 5e+16, 1.19818339e-10, 2.30210652e-28, 0.377019323, 2579.73079, 2.17816294e-28, -5.3913187e-12, -31.6230088, -6.24100998e-29, -1.19696679e-10, -2579.50282, 0, 1.2e-08, 1.2e-08, 5.02460973e-05, 5.02460973e-05, 0, 0.27, 3.332, 0, -5.3913187e-12, -1.19696679e-10, 0, 5e+16, 0, 0, 0, 0
7.69166667, 0, 0, 5e+16, 0, 8.94265576e-22, 3.718e+18, 6.44e+20, 4.85, 4, 1.35320295, 48.2202876, 0.866667, 415635.995, 0, 3.35688144e-14, 9811.60264, 7.60895907e-10, -0.98438732, -2.8437638, 5e+16, 2.7974012e-06, -5370.28684, -415597.933, 300, 96.4, 48.2202876, 0.866667, 0.866667, 5e+16, 7.60895907e-10, 9.04352459e-26, 0.378791213, 2696.64555, 1.21729039e-26, -4.68997506e-11, -35.4740145, -8.95047429e-26, -7.59446165e-10, -2696.36771, 0, 1.2e-08, 1.2e-08, 0.000320314343, 0.000320314343, 0, 0.27, 3.332, 0, -4.68997506e-11, -7.59446165e-10, 0, 5e+16, 0, 9.86237051e-13, 0, 0
7.75, 0, 0, 5e+16, 0, 8.94265576e-22, 3.718e+18, 6.44e+20, 4.85, 4, 1.36491235, 46.5547312, 0.866667, 430441.316, -4.89854513e-14, 5.30973839e-14, 15967.4655, 1.02010869e-09, -0.902702308, -2.86806283, 5e+16, 4.42478199e-06, -5521.45488, -430402.501, 300, 96.4, 46.5547312, 0.866667, 0.866667, 5e+16, 1.02010869e-09, 1.48793047e-25, 0.380298971, 2798.97692, 4.33770542e-26, -6.51089172e-11, -36.8089228, -1.38879972e-25, -1.01802554e-09, -2798.69224, 0, 1.2e-08, 1.2e-08, 0.000462293437, 0.000462293437, 0, 0.27, 3.332, 0, -6.51089172e-11, -1.01802554e-09, 0, 5e+16, 0, 9.41406354e-12, 0, 0
7.81666667, 0, 0, 5e+16, 0, 8.94265576e-22, 3.718e+18, 6.44e+20, 4.85, 4, 1.41327677, 44.7535886, 0.866667, 448493.04, 1.0542402, 8.04792079e-12, 58508.5588, 8.8729677e-09, -0.875545737, -2.94999923, 5e+16, 0.000670660067, -5929.70108, -448449.908, 300, 96.4, 44.7535886, 0.866667, 0.866667, 5e+16, 8.8729677e-09, 2.11992574e-23, 0.382409969, 2935.93838, 2.07639762e-24, -6.11755405e-10, -41.749338, -2.10910028e-23, -8.85185332e-09, -2935.58437, 0, 1.2e-08, 1.2e-08, 0.00402744625, 0.00402744625, 0, 0.27, 3.332, 0, -6.11755405e-10, -8.85185332e-09, 0, 5e+16, 0, 3.05876344e-11, 0, 0
7.875, 0, 0, 5e+16, 0, 8.94265576e-22, 3.718e+18, 6.44e+20, 4.85, 4, 1.4261128, 43.1775888, 0.866667, 464829.676, 1.0542402, 1.24993079e-11, 180869.178, 1.21846465e-08, -0.822836033, -2.9920119, 5e+16, 0.00104160899, -6131.37685, -464785.401, 300, 96.4, 43.1775888, 0.866667, 0.866667, 5e+16, 1.21846465e-08, 3.44326334e-23, 0.384207649, 3055.81883, 9.03286596e-24, -8.6917013e-10, -43.4621789, -3.23484403e-23, -1.2153526e-08, -3055.4553, 0, 1.2e-08, 1.2e-08, 0.00597726392, 0.00597726392, 0, 0.27, 3.332, 0, -8.6917013e-10, -1.2153526e-08, 0, 5e+16, 0, 1.4967325e-10, 0, 0
7.94166667, 0, 0, 5e+16, 0, 8.94265576e-22, 3.718e+18, 6.44e+20, 4.85, 4, 1.48011999, 41.4501045, 0.866667, 485014.65, 22.6010679, 2.00847029e-09, 676605.566, 1.08802232e-07, -0.800735943, -3.08012607, 5e+16, 0.167372524, -6682.70661, -484963.823, 300, 96.4, 41.4501045, 0.866667, 0.866667, 5e+16, 1.08802232e-07, 5.19482048e-21, 0.386718707, 3218.59088, 2.448596e-22, -9.40435646e-09, -49.9709492, -5.18737249e-21, -1.08394865e-07, -3218.12734, 0, 1.2e-08, 1.2e-08, 0.0534641483, 0.0534641483, 0, 0.27, 3.332, 0, -9.40435646e-09, -1.08394865e-07, 0, 5e+16, 0, 6.49917164e-10, 0, 0
8, 0, 0, 5e+16, 0, 8.94265576e-22, 3.718e+18, 6.44e+20, 4.85, 4, 1.49445481, 39.9385557, 0.866667, 503405.974, 22.6010679, 3.07788196e-09, 2259655.98, 1.51536215e-07, -0.748941074, -3.12563534, 5e+16, 0.256490163, -6956.10926, -503353.413, 300, 96.4, 39.9385557, 0.866667, 0.866667, 5e+16, 1.51536215e-07, 8.23933426e-21, 0.388858184, 3361.07992, 1.64230609e-21, -1.37416737e-08, -52.2279359, -7.89226515e-21, -1.50909185e-07, -3360.60265, 0, 1.2e-08, 1.2e-08, 0.0806132526, 0.0806132526, 0, 0.27, 3.332, 0, -1.37416737e-08, -1.50909185e-07, 0, 5e+16, 0, 2.61440384e-09, 0, 0
8.06666667, 0, 0, 5e+16, 0, 8.94265576e-22, 3.718e+18, 6.44e+20, 4.85, 4, 1.55613676, 38.2565726, 0.866667, 526488.174, 436.066806, 4.62879619e-07, 9147696.46, 1.54599846e-06, -0.735617623, -3.22346594, 5e+16, 38.5733016, -7709.44871, -526425.635, 300, 96.4, 38.2565726, 0.866667, 0.866667, 5e+16, 1.54599846e-06, 1.18197858e-18, 0.39185189, 3558.44866, 1.57608851e-20, -1.42904446e-07, -61.0543378, -1.18154956e-18, -1.53937836e-06, -3557.82136, 0, 1.2e-08, 1.2e-08, 0.825781628, 0.825781628, 0, 0.27, 3.332, 0, -1.42904446e-07, -1.53937836e-06, 0, 5e+16, 0, 1.16490174e-08, 0, 0
8.125, 0, 0, 5e+16, 0, 8.94265576e-22, 3.718e+18, 6.44e+20, 4.85, 4, 1.57250997, 36.7848374, 0.866667, 547682.063, 436.066806, 7.01590727e-07, 33001555.2, 2.19275029e-06, -0.686741589, -3.27300869, 5e+16, 58.4658939, -8083.62476, -547616.885, 300, 96.4, 36.7848374, 0.866667, 0.866667, 5e+16, 2.19275029e-06, 1.85662299e-18, 0.394403583, 3731.23479, 3.16655703e-19, -2.14268224e-07, -64.1159587, -1.78537721e-18, -2.18218348e-06, -3730.58687, 0, 1.2e-08, 1.2e-08, 1.27123965, 1.27123965, 0, 0.27, 3.332, 0, -2.14268224e-07, -2.18218348e-06, 0, 5e+16, 0, 4.26989615e-08, 0, 0
8.19166667, 0, 0, 5e+16, 0, 8.94265576e-22, 3.718e+18, 6.44e+20, 4.85, 4, 1.64470536, 35.1245245, 0.866667, 574769.477, 7787.55056, 0.000118604187, 129582816, 2.09837529e-05, -0.682464837, -3.38056361, 5e+16, 9883.6823, -9149.77164, -574688.417, 300, 96.4, 35.1245245, 0.866667, 0.866667, 5e+16, 2.09837529e-05, 2.997214e-16, 0.397994806, 3975.897, -6.10815083e-18, -2.45864675e-06, -76.56774, -2.99581526e-16, -2.08391955e-05, -3975.01137, 0, 1.2e-08, 1.2e-08, 12.25186, 12.25186, 0, 0.27, 3.332, 0, -2.45864675e-06, -2.08391955e-05, 0, 5e+16, 1.44626198e-07, 2.00572893e-07, 0, 0
8.25, 0, 0, 5e+16, 0, 8.94265576e-22, 3.718e+18, 6.44e+20, 4.85, 4, 1.66387252, 33.6717507, 0.866667, 599877.557, 7787.55056, 0.00017808329, 458684401, 3.01792109e-05, -0.635065345, -3.43240885, 5e+16, 14840.2741, -9683.62096, -599792.258, 300, 96.4, 33.6717507, 0.866667, 0.866667, 5e+16, 3.01792109e-05, 4.62251889e-16, 0.401056916, 4190.12812, 5.53587152e-17, -3.84034303e-06, -80.8887997, -4.50042793e-16, -2.99308024e-05, -4189.20982, 0, 1.2e-08, 1.2e-08, 19.142548, 19.142548, 0, 0.27, 3.332, 0, -3.84034303e-06, -2.99308024e-05, 0, 5e+16, 7.54943999e-07, 6.90555407e-07, 0, 0
8.31666667, 0, 0, 5e+16, 0, 8.94265576e-22, 3.718e+18, 6.44e+20, 4.85, 4, 1.75116683, 32.0044949, 0.866667, 632740.525, 150403.403, 0.0309191448, 1.90324138e+09, 0.000316360677, -0.645646934, -3.55648937, 5e+16, 2577619.54, -11262.8316, -632628.317, 300, 96.4, 32.0044949, 0.866667, 0.866667, 5e+16, 0.000316360677, 7.75402391e-14, 0.405411559, 4502.97582, -3.49363969e-15, -4.23511584e-05, -99.3735053, -7.74463713e-14, -0.000313512126, -4501.6536, 0, 1.2e-08, 1.2e-08, 203.619643, 203.619643, 0, 0.27, 3.332, 0, -4.23511584e-05, -0.000313512126, 0, 5e+16, 3.74849372e-06, 3.65959161e-06, 0, 0
8.375, 0, 0, 5e+16, 0, 8.94265576e-22, 3.718e+18, 6.44e+20, 4.85, 4, 1.77434784, 30.5456461, 0.866667, 663576.719, 50579184.6, 0.0460695864, 7.15498264e+09, 0.000464482849, -0.601997807, -3.61390497, 5e+16, 3839433.88, -12060.0014, -663457.259, 300, 96.4, 30.5456461, 0.866667, 0.866667, 5e+16, 0.000464482849, 1.17718842e-13, 0.409126427, 4776.96854, 8.63652601e-15, -6.95939532e-05, -105.793551, -1.15750712e-13, -0.000459113944, -4775.59073, 0, 1.2e-08, 1.2e-08, 325.299362, 325.299362, 0, 0.27, 3.332, 0, -6.95939533e-05, -0.000459113944, 0, 5e+16, 1.22203808e-05, 1.19236089e-05, 0, 0
8.44166667, 0, 0, 5e+16, 0, 8.94265577e-22, 3.718e+18, 6.44e+20, 4.85, 4, 1.88432116, 28.8398839, 0.866667, 705257.463, 982445260, 3.20154083, 2.88212587e+10, 0.00459341004, -0.634037908, -3.75989807, 5e+16, 734367586, -14597.05, -705086.894, 300, 96.3999999, 28.8398839, 0.866667, 0.866667, 5e+16, 0.00459341002, 2.19666815e-11, 0.414495999, 5192.91527, -1.48263018e-12, -0.000726615088, -135.438507, -2.19137813e-11, -0.0045355287, -5190.773, 0, 1.2e-08, 1.2e-08, 3300.9579, 3300.9579, 0, 0.27, 3.332, 0, -0.000726615088, -0.00453552872, 0, 5e+16, 8.12105904e-05, 7.51157257e-05, 0, 0
8.5, 0, 0, 5e+16, 0, 8.94265578e-22, 3.718e+18, 6.44e+20, 4.85, 4, 1.91353805, 27.3473419, 0.866667, 745062.191, 1.98617035e+10, 12.5042559, 1.07039617e+11, 0.00687450652, -0.595295251, -3.82303506, 5e+16, 1.08720931e+09, -15898.7165, -744877.567, 300, 96.3999999, 27.3473419, 0.866667, 0.866667, 5e+16, 0.00687450649, 3.28868874e-11, 0.419080577, 5557.37846, 6.44914251e-13, -0.00129066367, -145.75432, -3.26249832e-11, -0.00674613293, -5555.13071, 0, 1.2e-08, 1.2e-08, 5368.62011, 5368.62011, 0, 0.27, 3.332, 0, -0.00129066367, -0.00674613296, 0, 5e+16, 0.000246108362, 0.000235504659, 0, 0
8.56666667, 0, 0, 5e+16, 0, 8.94265598e-22, 3.718e+18, 6.44e+20, 4.85, 4, 2.06097985, 25.5524716, 0.866667, 801645.445, 4.12931087e+11, 276.186678, 4.15701218e+11, 0.0636866853, -0.662753256, -4.00555208, 5e+16, 2.42756898e+11, -20545.9823, -801343.824, 300, 96.3999997, 25.5524716, 0.866667, 0.866667, 5e+16, 0.0636866784, 7.26652812e-09, 0.42587548, 6144.47199, -7.36920146e-10, -0.0118842145, -199.658701, -7.22857835e-09, -0.0625637252, -6140.49769, 0, 1.2e-08, 1.2e-08, 52118.1684, 52118.1684, 0, 0.27, 3.332, 0, -0.0118842152, -0.0625637327, 0, 5e+16, 0.00206212555, 0.00199338739, 0, 0
8.625, 0, 0, 5e+16, 0, 8.94265613e-22, 3.718e+18, 6.44e+20, 4.85, 4, 2.10018844, 23.98196, 0.866667, 857279.728, 7.03140014e+12, 4121.80635, 1.52587719e+12, 0.0980928929, -0.632048409, -4.07837758, 5e+16, 3.58789793e+11, -22991.47, -856944.907, 300, 96.3999997, 23.98196, 0.866667, 0.866667, 5e+16, 0.0980928827, 1.0795452e-08, 0.43168668, 6659.38168, -5.21266306e-10, -0.0246328689, -218.550115, -1.07510068e-08, -0.0945428102, -6655.16677, 0, 1.2e-08, 1.2e-08, 86368.5361, 86368.5361, 0, 0.27, 3.332, 0, -0.0246328694, -0.0945428212, 0, 5e+16, 0.0063146394, 0.0061235796, 0, 0
8.69166667, 0, 0, 5e+16, 0, 8.94265939e-22, 3.718e+18, 6.44e+20, 4.85, 4, 2.31909379, 22.0082795, 0.866667, 943667.062, 1.63823113e+14, 107274.384, 5.44522213e+12, 0.787305539, -0.766699395, -4.33017111, 5e+16, 1.09368114e+14, -33986.2127, -942944.247, 300.000001, 96.3999935, 22.0082795, 0.866667, 0.866667, 5e+16, 0.787302245, 3.2965529e-06, 0.440659671, 7571.77441, -6.1048307e-07, -0.18690603, -343.655484, -3.23942242e-06, -0.764455285, -7562.01072, 0, 1.20000001e-08, 1.20000001e-08, 758075.528, 758075.528, 0, 0.27, 3.332, 0, -0.186906641, -0.764458526, 0, 5e+16, 0.0888783952, 0.0899512126, 0, 0
8.75, 0, 0, 5e+16, 0, 8.94266195e-22, 3.718e+18, 6.44e+20, 4.85, 4, 2.37748586, 20.281309, 0.866667, 1034125.69, 1.30152899e+14, 1844707.69, 1.96422326e+13, 1.39833928, -0.751550504, -4.42172989, 5e+16, 1.60924024e+14, -40126.8382, -1033284.27, 300.000002, 96.3999935, 20.281309, 0.866667, 0.866667, 5e+16, 1.39833487, 4.86323585e-06, 0.448361558, 8374.29437, -6.81451247e-07, -0.648047769, -389.82953, -4.80451735e-06, -1.17125822, -8363.6967, 0, 1.20000001e-08, 1.20000001e-08, 1283814.91, 1283814.91, 0, 0.27, 3.332, 0, -0.648048449, -1.17126303, 0, 5e+16, 0.299059489, 0.258586687, 0, 0
8.81666667, 0, 0, 5e+16, 0, 8.94271419e-22, 3.718e+18, 6.44e+20, 4.85, 4, 2.77913536, 17.9131683, 0.866667, 1195779.08, 3.95733074e+15, 36796633.2, 6.09276302e+13, 8.40124305, -1.07582265, -4.85264401, 5e+16, 2.99536798e+16, -84084.2655, -1192017.23, 300.000021, 96.3993741, 17.9131683, 0.866667, 0.866667, 5e+16, 8.400527, 0.00076775898, 0.461210503, 10092.9118, -0.000497146149, -3.0456867, -888.696359, -0.000584630596, -7.75500331, -10041.3803, 0, 1.20000012e-08, 1.20000012e-08, 10121824.5, 10121824.5, 0, 0.27, 3.332, 0, -3.04618385, -7.75558798, 0, 4.99999999e+16, 10.1433897, 7.99830284, 0, 0
8.875, 0, 0, 5e+16, 0, 8.9427763e-22, 3.718e+18, 6.44e+20, 4.85, 4, 2.88871628, 15.8410451, 0.866667, 1398287.38, 5.36482952e+16, 92330659.7, 2.43094319e+14, 37.0015805, -1.16162051, -4.997998, 5e+16, 3.02730385e+16, -114668.863, -1393316.13, 300.000043, 96.399374, 15.8410451, 0.866667, 0.866667, 5e+16, 37.0008616, 0.000777662002, 0.472362252, 11626.2714, -0.00049925924, -31.4364992, -1167.62288, -0.000594325457, -12.031126, -11562.7012, 0, 1.20000024e-08, 1.20000024e-08, 19915250.7, 19915250.7, 0, 0.27, 3.332, 0, -31.4369985, -12.0317204, 0, 4.99999999e+16, 39.6515237, 8.23575235, 0, 0
8.94166667, 0, 0, 5e+16, 0, 8.94419241e-22, 3.718e+18, 6.44e+20, 4.85, 4, 4.14891016, 12.7157633, 0.866666999, 1658280.2, 1.37296526e+18, 1.08331456e+09, 5.55603839e+14, 90.3110634, -2.35815704, -6.27956065, 5e+16, 3.02559597e+18, -480018.415, -1551434.39, 300.00055, 93.7159834, 12.7157633, 0.866667, 0.866666999, 5e+16, 90.2051277, 0.105982733, 0.494083978, 16969.9569, -0.0586741684, -63.9932793, -5698.30436, -0.088258111, -54.5346399, -15656.9299, 0, 1.20000312e-08, 1.20000312e-08, 155839598, 155839598, 0, 0.27, 3.332, 0, -64.0519534, -54.6228981, 0, 4.99999901e+16, 216.972118, 265.436832, 0, 0
9, 0, 0, 5e+16, 0, 8.95010542e-22, 3.718e+18, 6.44e+20, 4.85, 4, 4.60299829, 9.9811417, 0.866666999, 1843806.87, 3.55836806e+21, 5.0036302e+10, 1.95673905e+15, 676.702492, -2.71316504, -6.76619383, 5e+16, 4.39374538e+18, -957523.409, -1569579.56, 300.002663, 93.7122232, 9.9811417, 0.866667, 0.866666999, 5e+16, 676.573437, 0.152421667, 0.514219725, 23502.7973, -0.0794466912, -649.73336, -12236.3363, -0.129792628, -85.0868424, -20002.2023, 0, 1.20001513e-08, 1.20001513e-08, 1.53082013e+09, 1.53082013e+09, 0, 0.27, 3.332, 0, -649.812808, -85.2166351, 0, 4.99999856e+16, 374.328577, 455.656472, 0, 0
9.06666667, 0, 0, 5e+16, 0, 8.950915e-22, 3.718e+18, 6.44e+20, 4.85, 4, 14.8450505, 11.6009189, 0.866667, 1742412.26, 2.09381441e+21, 5.34614128e+10, 2.57364582e+15, 701.015783, -12.953506, -17.0153303, 5e+16, 4.79383402e+18, -1238085.93, -1182341.04, 300.002952, 51.9259591, 21.3775018, 0.866667, 0.866667, 5e+16, 700.841086, 0.206021647, 0.531484002, 21005.5384, -0.144815378, -694.302442, -15367.8098, -0.141929507, -65.4622577, -12959.3569, 0, 1.20001677e-08, 1.20001677e-08, 1.50711219e+09, 1.50711219e+09, 0, 0.27, 3.332, 0, -694.447258, -65.6041872, 0, 4.99999842e+16, 255.136576, 307.525615, 0, 0
9.125, 0, 0, 5e+16, 0, 8.95748665e-22, 3.718e+18, 6.44e+20, 4.85, 4, 25.0019426, 12.3033975, 0.866667, 1523584.72, 6.83465034e+22, 5.70169093e+10, 2.47879194e+15, 1768.67847, -23.1087376, -27.1712491, 5e+16, 4.99626195e+18, -1329095.22, -736596.578, 300.005297, 12.3033975, 31.3493168, 0.866667, 0.866667, 5e+16, 1768.48175, 0.224880121, 0.547394775, 21313.3066, -0.168658983, -1762.84958, -20446.7711, -0.148074985, -48.9639137, -5822.34555, 0, 1.20003009e-08, 1.20003009e-08, 2.97174718e+09, 2.97174718e+09, 0, 0.27, 3.332, 0, -1763.01824, -49.1119886, 0, 4.99999836e+16, 77.6657114, 137.609538, 0, 0
9.19166667, 0, 0, 5e+16, 0, 8.95915022e-22, 3.718e+18, 6.44e+20, 4.85, 4, 32.2657211, 15.1501635, 0.866667, 1274550.48, 8.0058536e+21, 2.17459688e+10, 3.61078556e+15, 1824.04033, -30.3974366, -34.4447513, 5e+16, 2.13306937e+18, -1144679.07, -559063.775, 300.005892, 15.1501635, 35.7858256, 0.866667, 0.866667, 5e+16, 1823.91841, 0.143142882, 0.552214908, 19769.7746, -0.121291114, -1815.82713, -19199.3573, -0.061085779, -65.4940182, -4680.0376, 0, 1.20003347e-08, 1.20003347e-08, 3.00210129e+09, 3.00210129e+09, 0, 0.27, 3.332, 0, -1815.94842, -65.555104, 0, 4.9999993e+16, 9.83024069, 20.9400915, 0, 0
9.25, 0, 0, 5e+16, 0, 8.96817767e-22, 3.718e+18, 6.44e+20, 4.85, 4, 38.738647, 18.2009177, 0.866667, 1111659.34, 1.01055546e+21, 6.49203115e+09, 5.96908598e+15, 3810.29088, -36.901621, -40.9306696, 5e+16, 6.79923277e+17, -983940.39, -517326.167, 300.009107, 18.2009177, 39.6677708, 0.866667, 0.866667, 5e+16, 3810.18845, 0.103716081, 0.556179587, 19524.3739, -0.102306665, -3802.07897, -19092.8873, -0.016970428, -76.7503977, -3922.41922, 0, 1.20005173e-08, 1.20005173e-08, 4.64171678e+09, 4.64171678e+09, 0, 0.27, 3.332, 0, -3802.18128, -76.7673681, 0, 4.99999978e+16, 0.324284246, 0.297332122, 0, 0
9.31666667, 0, 0, 5e+16, 0, 8.97387852e-22, 3.718e+18, 6.44e+20, 4.85, 4, 44.7297688, 20.2804882, 0.866667, 1042017.01, 4.74404467e+20, 2.31677416e+09, 9.11516049e+15, 3941.86231, -42.919385, -46.9327335, 5e+16, 1.99229507e+17, -912354.224, -502794.703, 300.011144, 20.2804882, 39.6934163, 0.866667, 0.866667, 5e+16, 3941.82449, 0.0383796047, 0.558516351, 19111.6997, -0.03800707, -3922.65126, -18833.5276, -0.0053342825, -130.086553, -3232.63081, 0, 1.2000633e-08, 1.2000633e-08, 4.75510313e+09, 4.75510313e+09, 0, 0.27, 3.332, 0, -3922.68927, -130.091887, 0, 4.99999993e+16, 0.110823454, 0.0877985057, 0, 0
9.375, 0, 0, 5e+16, 0, 9.00327236e-22, 3.718e+18, 6.44e+20, 4.85, 4, 49.9725352, 22.2540455, 0.866667, 994669.106, 1.83995574e+20, 689926550, 1.49699164e+16, 9113.42409, -48.1934913, -52.1883172, 5e+16, 9.02133633e+16, -856606.249, -505516.434, 300.021567, 22.2540455, 39.7158562, 0.866667, 0.866667, 5e+16, 9113.41002, 0.0144374649, 0.561212809, 23786.2061, -0.0142947215, -9094.11082, -23584.6488, -0.0020251117, -166.389088, -2893.84825, 0, 1.2001225e-08, 1.2001225e-08, 9.7754532e+09, 9.7754532e+09, 0, 0.27, 3.332, 0, -9094.12511, -166.391113, 0, 4.99999997e+16, 0.0123187712, 0.0198249433, 0, 0
9.44166667, 0, 0, 5e+16, 0, 9.01985112e-22, 3.718e+18, 6.44e+20, 4.85, 4, 55.4816709, 23.2924561, 0.866667, 977013.216, 1.92240823e+20, 247465528, 2.23839761e+16, 9368.60241, -53.7291468, -57.7078468, 5e+16, 2.06939367e+16, -832707.205, -510948.839, 300.027474, 23.2924561, 38.9574071, 0.866667, 0.866667, 5e+16, 9368.59876, 0.00375194641, 0.561489503, 23505.9983, -0.00371601984, -9322.01234, -23429.1459, -0.000517970691, -282.519065, -1815.27891, 0, 1.20015606e-08, 1.20015606e-08, 1.0013602e+10, 1.0013602e+10, 0, 0.27, 3.332, 0, -9322.01605, -282.519583, 0, 4.99999999e+16, 0.006756159, 0.0113107342, 0, 0
9.5, 0, 0, 5e+16, 0, 9.09921254e-22, 3.718e+18, 6.44e+20, 4.85, 4, 60.2857855, 24.2406303, 0.866667, 966927.248, 1.67327639e+20, 90382856.2, 3.53300804e+16, 20942.8723, -58.5593685, -62.5237408, 5e+16, 1.29225806e+16, -816166.307, -518434.524, 300.055267, 24.2406303, 38.2937641, 0.866667, 0.866667, 5e+16, 20942.8704, 0.00196394002, 0.563512267, 34676.7853, -0.0019432806, -20896.0089, -34653.4775, -0.000282051058, -362.448945, -1269.84785, 0, 1.20031394e-08, 1.20031394e-08, 2.16285991e+10, 2.16285991e+10, 0, 0.27, 3.332, 0, -20896.0108, -362.449227, 0, 5e+16, 0.00654937275, 0.00996280626, 0, 0
9.56666667, 0, 0, 5e+16, 0, 9.14297869e-22, 3.718e+18, 6.44e+20, 4.85, 4, 65.6871141, 24.4982534, 0.866667, 966694.755, 2.3419835e+20, 44985223.8, 4.98775429e+16, 21352.8179, -63.9787706, -67.9339679, 5e+16, 4.23299789e+15, -813517.995, -522188.556, 300.070766, 24.4982534, 37.8846548, 0.866667, 0.866667, 5e+16, 21352.8175, 0.000453834533, 0.561014692, 34008.6801, -0.000439605792, -21255.2359, -33873.0231, -0.000111822384, -561.651287, 197.352054, 0, 1.20040197e-08, 1.20040197e-08, 2.20262155e+10, 2.20262155e+10, 0, 0.27, 3.332, 0, -21255.2363, -561.651399, 0, 5e+16, 0.00996863589, 0.0104947486, 0, 0
9.625, 0, 0, 5e+16, 0, 9.33276595e-22, 3.718e+18, 6.44e+20, 4.85, 4, 70.403928, 24.7079989, 0.866667, 968011.995, 3.13221161e+20, 41863814.3, 7.35457298e+16, 42554.7835, -68.697596, -72.6607806, 5e+16, 4.08790057e+15, -813650.472, -524404.933, 300.135247, 24.7079989, 37.5266841, 0.866667, 0.866667, 5e+16, 42554.7832, 0.000340842511, 0.561979771, 53918.0782, -0.000319437633, -42456.7505, -53799.7813, -0.000107426435, -700.26001, 976.257206, 0, 1.20076831e-08, 1.20076831e-08, 4.40396445e+10, 4.40396445e+10, 0, 0.27, 3.332, 0, -42456.7508, -700.260118, 0, 5e+16, 0.0130897422, 0.0111638927, 0, 0
9.69166667, 0, 0, 5e+16, 0, 9.43319022e-22, 3.718e+18, 6.44e+20, 4.85, 4, 75.8490794, 24.6020467, 0.866667, 968444.241, 4.12232363e+20, 44699724.5, 9.65619931e+16, 43082.1085, -74.1411313, -78.1129357, 5e+16, 4.50761404e+15, -816605.752, -520536.863, 300.170299, 24.6020467, 37.7974827, 0.866667, 0.866667, 5e+16, 43082.1084, 0.000209296131, 0.55705346, 52739.999, -0.000160454503, -42915.3573, -52123.891, -0.000134295854, -961.745463, 2170.45497, 0, 1.20096743e-08, 1.20096743e-08, 4.45507097e+10, 4.45507097e+10, 0, 0.27, 3.332, 0, -42915.3574, -961.745602, 0, 5e+16, 0.0142024457, 0.0120080741, 0, 0
9.75, 0, 0, 5e+16, 0, 9.81990195e-22, 3.718e+18, 6.44e+20, 4.85, 4, 80.619817, 24.4715854, 0.866667, 968037.37, 5.82989422e+20, 61498006.7, 1.30905499e+17, 73469.6182, -78.9038984, -82.8914683, 5e+16, 5.36126488e+15, -819706.78, -514948.911, 300.293821, 24.4715854, 38.0344314, 0.866667, 0.866667, 5e+16, 73469.618, 0.0002358517, 0.557078267, 80584.3563, -0.000171198149, -73302.3201, -79967.5161, -0.000160232994, -1145.02041, 2821.53438, 0, 1.2016694e-08, 1.2016694e-08, 7.6677802e+10, 7.6677802e+10, 0, 0.27, 3.332, 0, -73302.3202, -1145.02058, 0, 5e+16, 0.011426739, 0.012458072, 0, 0
9.81666667, 0, 0, 5e+16, 0, 1.00146711e-21, 3.718e+18, 6.44e+20, 4.85, 4, 86.0933244, 24.4039318, 0.866667, 960636.476, 6.06436655e+20, 71733444.1, 1.60074662e+17, 74003.7329, -84.3735709, -88.3701119, 5e+16, 6.57582e+15, -817574.466, -504283.065, 300.359858, 24.4039318, 38.9059775, 0.866667, 0.866667, 5e+16, 74003.7327, 0.000285230271, 0.551860362, 79090.9164, -0.000202686265, -73766.7518, -77895.8543, -0.000199341869, -1409.34744, 3042.87722, 0, 1.20204458e-08, 1.20204458e-08, 7.71642272e+10, 7.71642272e+10, 0, 0.27, 3.332, 0, -73766.752, -1409.34764, 0, 5e+16, 0.0102751138, 0.0106945527, 0, 0
9.875, 0, 0, 5e+16, 0, 1.06717767e-21, 3.718e+18, 6.44e+20, 4.85, 4, 90.9016153, 24.3148046, 0.866667, 952500.472, 6.98781126e+20, 84301624.8, 1.99804928e+17, 107645.193, -89.1781106, -93.1840313, 5e+16, 7.29138248e+15, -814708.352, -493462.69, 300.549283, 24.3148046, 39.6685804, 0.866667, 0.866667, 5e+16, 107645.192, 0.000317004984, 0.552035992, 109661.101, -0.000226434916, -107407.707, -108465.785, -0.000221012451, -1595.38953, 3172.9592, 0, 1.20312157e-08, 1.20312157e-08, 1.1168214e+11, 1.1168214e+11, 0, 0.27, 3.332, 0, -107407.708, -1595.38975, 0, 5e+16, 0.0108357717, 0.00997300476, 0, 0
9.94166667, 0, 0, 5e+16, 0, 1.09912744e-21, 3.718e+18, 6.44e+20, 4.85, 4, 96.2899906, 24.5200583, 0.866667, 935636.76, 5.55347498e+20, 78224142.8, 2.30165806e+17, 108073.325, -94.5686519, -98.5759653, 5e+16, 6.65235468e+15, -802980.134, -480205.846, 300.652477, 24.5200583, 40.8263936, 0.866667, 0.866667, 5e+16, 108073.325, 0.000312404152, 0.549169207, 108220.136, -0.000237607474, -107776.668, -106826, -0.00019984166, -1813.20797, 2475.56399, 0, 1.20370799e-08, 1.20370799e-08, 1.12011586e+11, 1.12011586e+11, 0, 0.27, 3.332, 0, -107776.669, -1813.20818, 0, 5e+16, 0.00923826827, 0.00659224439, 0, 0
10, 0, 0, 5e+16, 0, 1.19217225e-21, 3.718e+18, 6.44e+20, 4.85, 4, 101.02774, 24.6886445, 0.866667, 919499.886, 4.71410831e+20, 71815369.1, 2.68620966e+17, 137371.846, -99.3091508, -103.317587, 5e+16, 6.24946773e+15, -791200.544, -468483.861, 300.886089, 24.6886445, 41.8394801, 0.866667, 0.866667, 5e+16, 137371.846, 0.000306717292, 0.550869248, 135100.44, -0.000242224582, -137074.796, -133707.655, -0.000187475414, -1967.19088, 2105.37503, 0, 1.20503705e-08, 1.20503705e-08, 1.38543798e+11, 1.38543798e+11, 0, 0.27, 3.332, 0, -137074.796, -1967.19107, 0, 5e+16, 0.00902816635, 0.00543774319, 0, 0
10.0666667, 0, 0, 5e+16, 0, 1.23738785e-21, 3.718e+18, 6.44e+20, 4.85, 4, 106.205619, 25.2251192, 0.866667, 895828.967, 2.97623914e+20, 51416480.5, 2.95785885e+17, 137645.053, -104.495993, -108.497829, 5e+16, 4.28518107e+15, -770898.607, -456310.995, 301.022444, 25.2251192, 42.9633105, 0.866667, 0.866667, 5e+16, 137645.053, 0.000231900814, 0.551792066, 133972.085, -0.000192217387, -137299.327, -132935.631, -0.00012637801, -2125.79405, 1060.87632, 0, 1.20581215e-08, 1.20581215e-08, 1.38676262e+11, 1.38676262e+11, 0, 0.27, 3.332, 0, -137299.327, -2125.79418, 0, 5e+16, 0.00644254677, 0.00284022722, 0, 0
10.125, 0, 0, 5e+16, 0, 1.34826897e-21, 3.718e+18, 6.44e+20, 4.85, 4, 110.756359, 25.6973372, 0.866667, 874448.612, 1.88062794e+20, 36422065.8, 3.29200397e+17, 158382.775, -109.056248, -113.051217, 5e+16, 3.22520268e+15, -751901.55, -446421.363, 301.261232, 25.6973372, 43.9466621, 0.866667, 0.866667, 5e+16, 158382.775, 0.000194491375, 0.555735942, 153540.975, -0.000169964103, -158036.743, -152504.215, -9.41785831e-05, -2238.88507, 501.2168, 0, 1.20717162e-08, 1.20717162e-08, 1.52018145e+11, 1.52018145e+11, 0, 0.27, 3.332, 0, -158036.743, -2238.88517, 0, 5e+16, 0.00393744105, 0.00211082213, 0, 0
10.1916667, 0, 0, 5e+16, 0, 1.40497559e-21, 3.718e+18, 6.44e+20, 4.85, 4, 115.636682, 26.5346295, 0.866667, 847555.121, 1.00054116e+20, 20958939, 3.51411715e+17, 158520.956, -113.951263, -117.933081, 5e+16, 1.7729666e+15, -726437.714, -436620.143, 301.418476, 26.5346295, 44.889377, 0.866667, 0.866667, 5e+16, 158520.956, 0.000116791761, 0.56041488, 152809.797, -0.000104210321, -158133.453, -152533.053, -5.11330129e-05, -2348.22899, -452.867506, 0, 1.20806581e-08, 1.20806581e-08, 1.51997979e+11, 1.51997979e+11, 0, 0.27, 3.332, 0, -158133.453, -2348.22904, 0, 5e+16, 0.00234761079, 0.000908123363, 0, 0
10.25, 0, 0, 5e+16, 0, 1.51799534e-21, 3.718e+18, 6.44e+20, 4.85, 4, 119.922404, 27.2743935, 0.866667, 823979.397, 4.95856023e+19, 11840816.1, 3.7921786e+17, 170606.395, -118.252358, -122.220671, 5e+16, 1.08525036e+15, -703491.426, -428974.66, 301.628973, 27.2743935, 45.7142526, 0.866667, 0.866667, 5e+16, 170606.395, 8.35202128e-05, 0.566530375, 164841.485, -7.7768992e-05, -170218.634, -164562.833, -3.03382318e-05, -2427.57052, -965.240537, 0, 1.20926501e-08, 1.20926501e-08, 1.53433719e+11, 1.53433719e+11, 0, 0.27, 3.332, 0, -170218.634, -2427.57055, 0, 5e+16, 0.000823869675, 0.000626837357, 0, 0
10.3166667, 0, 0, 5e+16, 0, 1.58273419e-21, 3.718e+18, 6.44e+20, 4.85, 4, 124.464352, 28.3598047, 0.866667, 796445.515, 2.34077091e+19, 5804332.36, 3.97838768e+17, 170677.718, -122.813205, -126.763707, 5e+16, 4.97351043e+14, -676118.686, -420931.501, 301.792789, 28.3598047, 46.5089027, 0.866667, 0.866667, 5e+16, 170677.718, 4.10427889e-05, 0.574241, 165627.016, -3.84485022e-05, -170254.82, -165140.315, -1.39771535e-05, -2506.36893, -1700.38451, 0, 1.21019696e-08, 1.21019696e-08, 1.53343725e+11, 1.53343725e+11, 0, 0.27, 3.332, 0, -170254.82, -2506.36895, 0, 5e+16, 0.000414612137, 0.000230494787, 0, 0
10.375, 0, 0, 5e+16, 0, 1.68321095e-21, 3.718e+18, 6.44e+20, 4.85, 4, 128.450684, 29.3137981, 0.866667, 772688.893, 9.60938967e+18, 2749141.5, 4.20966903e+17, 175995.332, -126.819438, -130.751424, 5e+16, 2.67433988e+14, -652028.751, -414580.113, 301.958572, 29.3137981, 47.2042215, 0.866667, 0.866667, 5e+16, 175995.332, 2.5621453e-05, 0.5821147, 171596.147, -2.46230755e-05, -175572.172, -171106.96, -7.05664058e-06, -2565.68925, -2105.25548, 0, 1.21114196e-08, 1.21114196e-08, 1.46917608e+11, 1.46917608e+11, 0, 0.27, 3.332, 0, -175572.172, -2565.68926, 0, 5e+16, 0.000118705277, 0.000152485628, 0, 0
10.4416667, 0, 0, 5e+16, 0, 1.75216704e-21, 3.718e+18, 6.44e+20, 4.85, 4, 132.647873, 30.5995711, 0.866667, 745451.085, 4.12963471e+18, 1207838.39, 4.41723038e+17, 176121.601, -131.038398, -134.949713, 5e+16, 1.03044998e+14, -624788.203, -406610.787, 302.117748, 30.5995711, 48.0044482, 0.866667, 0.866667, 5e+16, 176121.601, 1.05011406e-05, 0.592209224, 172629.092, -1.0102357e-05, -175670.817, -172036.445, -2.80562202e-06, -2646.47384, -2688.5811, 0, 1.2120479e-08, 1.2120479e-08, 1.46859832e+11, 1.46859832e+11, 0, 0.27, 3.332, 0, -175670.817, -2646.47384, 0, 5e+16, 4.91777986e-05, 4.8771313e-05, 0, 0
10.5, 0, 0, 5e+16, 0, 1.83127763e-21, 3.718e+18, 6.44e+20, 4.85, 4, 136.331886, 31.7201346, 0.866667, 722091.287, 1.46271945e+18, 502492.801, 4.61416093e+17, 176661.905, -134.745618, -138.634803, 5e+16, 5.36155711e+13, -601208.981, -399915.49, 302.236863, 31.7201346, 48.7046465, 0.866667, 0.866667, 5e+16, 176661.905, 6.05894705e-06, 0.601542023, 174140.092, -5.91133933e-06, -176210.728, -173544.481, -1.32490434e-06, -2710.71976, -3042.61241, 0, 1.21272717e-08, 1.21272717e-08, 1.36235687e+11, 1.36235687e+11, 0, 0.27, 3.332, 0, -176210.728, -2710.71977, 0, 5e+16, 1.26940604e-05, 3.11477606e-05, 0, 0
10.5666667, 0, 0, 5e+16, 0, 1.90066168e-21, 3.718e+18, 6.44e+20, 4.85, 4, 140.194707, 33.1861447, 0.866667, 694068.643, 5.47804795e+17, 204182.233, 4.99431273e+17, 177086.183, -138.63225, -142.499545, 5e+16, 1.71983224e+13, -574563.07, -389369.371, 302.383708, 33.1861447, 49.8069299, 0.866667, 0.866667, 5e+16, 177086.183, 2.08063541e-06, 0.613963162, 175466.212, -2.02952276e-06, -176611.457, -174785.033, -4.50313119e-07, -2867.22445, -3635.31069, 0, 1.21356326e-08, 1.21356326e-08, 1.36354226e+11, 1.36354226e+11, 0, 0.27, 3.332, 0, -176611.457, -2867.22445, 0, 5e+16, 4.44245276e-06, 8.31829303e-06, 0, 0
10.625, 0, 0, 5e+16, 0, 1.95434433e-21, 3.718e+18, 6.44e+20, 4.85, 4, 143.58939, 34.4452718, 0.866667, 669988.177, 1.67844609e+17, 76861.246, 5.16925782e+17, 173944.342, -142.052665, -145.895089, 5e+16, 9.35056452e+12, -551716.776, -380085.704, 302.459637, 34.4452718, 50.7714279, 0.866667, 0.866667, 5e+16, 173944.342, 1.19386019e-06, 0.624907978, 173292.859, -1.17398035e-06, -173468.666, -172606.984, -2.16402593e-07, -2993.88672, -4057.53969, 0, 1.21399637e-08, 1.21399637e-08, 1.23498018e+11, 1.23498018e+11, 0, 0.27, 3.332, 0, -173468.666, -2993.88672, 0, 5e+16, 9.60545771e-07, 4.86408529e-06, 0, 0
10.6916667, 0, 0, 5e+16, 0, 2.01212406e-21, 3.718e+18, 6.44e+20, 4.85, 4, 147.123364, 36.1570668, 0.866667, 641844.204, 5.56707574e+16, 33107.3164, 6.07068022e+17, 174805.764, -145.608878, -149.433143, 5e+16, 2.80618871e+12, -527225.084, -366044.89, 302.573236, 36.1570668, 52.6700098, 0.866667, 0.866667, 5e+16, 174805.764, 3.90864289e-07, 0.636218583, 174783.993, -3.84568869e-07, -174225.636, -173844.433, -6.87724788e-08, -3405.67393, -4892.51909, 0, 1.21464339e-08, 1.21464339e-08, 1.23862708e+11, 1.23862708e+11, 0, 0.27, 3.332, 0, -174225.636, -3405.67393, 0, 5e+16, 3.4338187e-07, 1.05141072e-06, 0, 0
10.75, 0, 0, 5e+16, 0, 2.04223683e-21, 3.718e+18, 6.44e+20, 4.85, 4, 150.238383, 37.5959771, 0.866667, 619127.817, 1.57266559e+16, 12687.1242, 6.23591029e+17, 169831.38, -148.749081, -152.548843, 5e+16, 1.83982302e+12, -506724.875, -355680.589, 302.61426, 37.5959771, 54.3312689, 0.866667, 0.866667, 5e+16, 169831.38, 2.61383479e-07, 0.645959904, 170365.023, -2.58279094e-07, -169248.307, -169415.579, -4.01140373e-08, -3734.01596, -5553.64916, 0, 1.21487744e-08, 1.21487744e-08, 1.12533227e+11, 1.12533227e+11, 0, 0.27, 3.332, 0, -169248.307, -3734.01596, 0, 5e+16, 8.74016586e-08, 6.00170038e-07, 0, 0
10.7833333, 0, 0, 5e+16, 0, 2.08002284e-21, 3.718e+18, 6.44e+20, 4.85, 4, 151.864874, 39.3317576, 0.866667, 596968.608, 6.24423738e+15, 6885.04728, 7.79965912e+17, 171479.188, -150.391695, -154.181098, 5e+16, 6.81807773e+11, -486470.763, -345991.556, 302.684786, 39.3317576, 55.5055571, 0.866667, 0.866667, 5e+16, 171479.188, 7.62121704e-08, 0.658106627, 172263.375, -7.471597e-08, -170612.793, -170944.517, -1.49943983e-08, -4664.01993, -6678.85871, 0, 1.21527923e-08, 1.21527923e-08, 1.13303018e+11, 1.13303018e+11, 0, 0.27, 3.332, 0, -170612.793, -4664.01993, 0, 5e+16, 4.54373888e-08, 8.50685304e-08, 0, 0
10.8125, 0, 0, 5e+16, 0, 2.07480713e-21, 3.718e+18, 6.44e+20, 4.85, 4, 153.300771, 40.8101572, 0.866667, 582215.008, 2.04996236e+15, 3283.08387, 7.92808019e+17, 164944.81, -151.84692, -155.617427, 5e+16, 5.68452642e+11, -470861.426, -342315.989, 302.677758, 40.8101572, 56.5330593, 0.866667, 0.866667, 5e+16, 164944.81, 5.57880192e-08, 0.668601625, 165977.701, -5.45453636e-08, -164066.114, -164634.97, -1.16739219e-08, -5596.01726, -7794.95918, 0, 1.21523913e-08, 1.21523913e-08, 1.01745921e+11, 1.01745921e+11, 0, 0.27, 3.332, 0, -164066.114, -5596.01726, 0, 5e+16, 2.51804361e-08, 6.47429307e-08, 0, 0
10.8416667, 0, 0, 5e+16, 0, 2.01038273e-21, 3.718e+18, 6.44e+20, 4.85, 4, 154.647157, 45.3489253, 0.866667, 564739.335, 4.61004002e+15, 2722.80832, 1.73865325e+17, 14105.8158, -153.197922, -156.924168, 5e+16, 2.55248537e+11, -449189.265, -342238.413, 302.611652, 45.3489253, 60.0170634, 0.866667, 0.866667, 5e+16, 14105.8158, 2.35858078e-08, 0.661928924, 15616.4442, -2.34408631e-08, -11170.3554, -11572.9254, -9.37116104e-10, -8605.49916, -10478.3618, 0, 1.2148613e-08, 1.2148613e-08, 8.07719733e+09, 8.07719733e+09, 0, 0.27, 3.332, 0, -11170.3554, -8605.49916, 0, 5e+16, 1.86106277e-08, 5.24430238e-08, 0, 0
10.84375, 0, 0, 5e+16, 0, 2.010573e-21, 3.718e+18, 6.44e+20, 4.85, 4, 154.74193, 45.546899, 0.866667, 562428.9, 4.12113891e+15, 2588.29024, 1.7773015e+17, 14290.4886, -153.294016, -157.019513, 5e+16, 2.19370267e+11, -447234.673, -341000.868, 302.612, 45.546899, 60.2659208, 0.866667, 0.866667, 5e+16, 14290.4886, 1.95118746e-08, 0.662938202, 15802.373, -1.93509023e-08, -11303.1895, -11698.8712, -4.56690791e-10, -8740.50366, -10619.702, 0, 1.21486328e-08, 1.21486328e-08, 8.15908007e+09, 8.15908007e+09, 0, 0.27, 3.332, 0, -11303.1895, -8740.50366, 0, 5e+16, 1.75483021e-08, 4.73693121e-08, 0, 0
10.8442708, 0, 0, 5e+16, 0, 2.01006324e-21, 3.718e+18, 6.44e+20, 4.85, 4, 154.764529, 45.6882759, 0.866667, 561660.266, 3.96961779e+15, 2518.39512, 1.79913425e+17, 14439.2623, -153.317325, -157.042431, 5e+16, 2.08757037e+11, -446318.775, -340957.605, 302.611066, 45.6882759, 60.3045631, 0.866667, 0.866667, 5e+16, 14439.2623, 1.81755701e-08, 0.663634258, 15944.9001, -1.80298265e-08, -11415.4945, -11801.8907, -1.41843262e-10, -8839.73841, -10719.0164, 0, 1.21485796e-08, 1.21485796e-08, 8.21872336e+09, 8.21872336e+09, 0, 0.27, 3.332, 0, -11415.4945, -8839.73841, 0, 5e+16, 1.74124298e-08, 4.60597561e-08, 0, 0
10.8515625, 0, 0, 5e+16, 0, 1.98976188e-21, 3.718e+18, 6.44e+20, 4.85, 4, 155.083757, 45.6882759, 0.866667, 549089.571, 2.22701494e+15, 1511.83675, 2.123536e+17, 16643.52, -153.649757, -157.36601, 5e+16, 1.29659744e+11, -431270.399, -339820.139, 302.578301, 45.6882759, 56.2169781, 0.866667, 0.866667, 5e+16, 16643.52, 7.33976955e-09, 0.674835007, 18019.2059, -6.7885821e-09, -13259.8978, -13544.2511, -2.76830859e-09, -10057.5852, -11883.3918, 0, 1.21467118e-08, 1.21467118e-08, 9.1521083e+09, 9.1521083e+09, 0, 0.27, 3.332, 0, -13259.8978, -10057.5852, 0, 5e+16, 7.20479586e-09, 2.01630205e-08, 0, 0
10.8520833, 0, 0, 5e+16, 0, 1.98904019e-21, 3.718e+18, 6.44e+20, 4.85, 4, 155.105727, 45.7758165, 0.866667, 548222.06, 2.11406907e+15, 1468.76016, 2.13558581e+17, 16713.1944, -153.672475, -157.388129, 5e+16, 1.22305621e+11, -430421.864, -339509.507, 302.576973, 45.7758165, 56.2617309, 0.866667, 0.866667, 5e+16, 16713.1944, 6.93495495e-09, 0.675170455, 18085.703, -6.43957989e-09, -13312.4474, -13592.7041, -2.56244669e-09, -10103.9552, -11929.1837, 0, 1.21466361e-08, 1.21466361e-08, 9.17423403e+09, 9.17423403e+09, 0, 0.27, 3.332, 0, -13312.4474, -10103.9552, 0, 5e+16, 7.01262769e-09, 1.98747101e-08, 0, 0
10.859375, 0, 0, 5e+16, 0, 1.96609924e-21, 3.718e+18, 6.44e+20, 4.85, 4, 155.416539, 46.9250946, 0.866667, 537857.919, 1.20774093e+15, 878.793779, 2.30265548e+17, 17714.5814, -153.996559, -157.700935, 5e+16, 7.62904595e+10, -419210.174, -336933.442, 302.539526, 46.9250946, 61.5168486, 0.866667, 0.866667, 5e+16, 17714.5814, 4.32159836e-09, 0.680414733, 19053.542, -4.004407e-09, -14012.5738, -14247.1058, -1.6138366e-09, -10836.0261, -12649.91, 0, 1.21445015e-08, 1.21445015e-08, 9.54347775e+09, 9.54347775e+09, 0, 0.27, 3.332, 0, -14012.5738, -10836.0261, 0, 5e+16, 4.77042974e-09, 9.81246031e-09, 0, 0
10.8598958, 0, 0, 5e+16, 0, 1.96516927e-21, 3.718e+18, 6.44e+20, 4.85, 4, 155.437821, 47.0266405, 0.866667, 536893.54, 1.13562957e+15, 852.725474, 2.31660756e+17, 17792.1214, -154.01862, -157.722376, 5e+16, 7.13660143e+10, -418276.95, -336571.068, 302.537802, 47.0266405, 62.0237946, 0.866667, 0.866667, 5e+16, 17792.1214, 4.04909946e-09, 0.680778942, 19127.6335, -3.765927e-09, -14070.4795, -14301.0151, -1.48167723e-09, -10888.3351, -12700.993, 0, 1.21444033e-08, 1.21444033e-08, 9.56600863e+09, 9.56600863e+09, 0, 0.27, 3.332, 0, -14070.4795, -10888.3351, 0, 5e+16, 4.68975271e-09, 9.6596701e-09, 0, 0
10.8671875, 0, 0, 5e+16, 0, 1.93935896e-21, 3.718e+18, 6.44e+20, 4.85, 4, 155.739583, 48.3327039, 0.866667, 525460.283, 5.92104876e+14, 507.319664, 2.50924668e+17, 18906.4295, -154.333781, -158.026256, 5e+16, 4.46023058e+10, -406096.621, -333409.636, 302.495125, 48.3327039, 57.3610107, 0.866667, 0.866667, 5e+16, 18906.4295, 2.53158141e-09, 0.686436187, 20203.1446, -2.3496719e-09, -14838.203, -15024.0267, -9.36545742e-10, -11714.7683, -13505.5228, 0, 1.21419706e-08, 1.21419706e-08, 9.95334508e+09, 9.95334508e+09, 0, 0.27, 3.332, 0, -14838.203, -11714.7683, 0, 5e+16, 1.86221136e-09, 4.77648855e-09, 0, 0
10.8677083, 0, 0, 5e+16, 0, 1.93819612e-21, 3.718e+18, 6.44e+20, 4.85, 4, 155.760104, 48.4526487, 0.866667, 524372.276, 5.49580998e+14, 491.791271, 2.52561292e+17, 18993.207, -154.355105, -158.046948, 5e+16, 4.13877193e+10, -405057.396, -332978.67, 302.492951, 48.4526487, 57.4737033, 0.866667, 0.866667, 5e+16, 18993.207, 2.35288581e-09, 0.686828678, 20286.3509, -2.19160779e-09, -14902.2812, -15084.3691, -8.53046887e-10, -11774.1806, -13563.0932, 0, 1.21418467e-08, 1.21418467e-08, 9.97578918e+09, 9.97578918e+09, 0, 0.27, 3.332, 0, -14902.2812, -11774.1806, 0, 5e+16, 1.8290507e-09, 4.70699669e-09, 0, 0
10.875, 0, 0, 5e+16, 0, 1.90882331e-21, 3.718e+18, 6.44e+20, 4.85, 4, 156.05198, 49.9694963, 0.866667, 511593.104, 2.53837674e+14, 290.42829, 2.75037192e+17, 20239.5741, -154.660547, -158.341086, 5e+16, 2.58790797e+10, -391649.955, -329095.058, 302.443657, 49.9694963, 63.8199966, 0.866667, 0.866667, 5e+16, 20239.5741, 1.47279499e-09, 0.692897377, 21490.4453, -1.36919346e-09, -15745.2496, -15885.4057, -5.39638736e-10, -12714.895, -14471.8354, 0, 1.21390371e-08, 1.21390371e-08, 1.03778756e+10, 1.03778756e+10, 0, 0.27, 3.332, 0, -15745.2496, -12714.895, 0, 5e+16, 7.13240021e-10, 2.08432111e-09, 0, 0
10.8755208, 0, 0, 5e+16, 0, 1.90739117e-21, 3.718e+18, 6.44e+20, 4.85, 4, 156.071652, 50.1142, 0.866667, 510347.259, 2.31396532e+14, 281.316442, 2.76987836e+17, 20337.3557, -154.681039, -158.360943, 5e+16, 2.38223312e+10, -390477.919, -328573.44, 302.440951, 50.1142, 63.4037683, 0.866667, 0.866667, 5e+16, 20337.3557, 1.3580086e-09, 0.693319547, 21584.7643, -1.26683146e-09, -15816.5225, -15953.4458, -4.87624487e-10, -12782.9363, -14537.4825, 0, 1.21388829e-08, 1.21388829e-08, 1.03994579e+10, 1.03994579e+10, 0, 0.27, 3.332, 0, -15816.5225, -12782.9363, 0, 5e+16, 7.03977213e-10, 2.05569842e-09, 0, 0
10.8828125, 0, 0, 5e+16, 0, 1.87374616e-21, 3.718e+18, 6.44e+20, 4.85, 4, 156.352614, 51.9087587, 0.866667, 495904.328, 9.09869927e+13, 164.713832, 3.03589061e+17, 21741.7477, -154.975759, -158.644342, 5e+16, 1.48935804e+10, -375573.747, -323773.154, 302.383508, 51.9087587, 58.0440824, 0.866667, 0.866667, 5e+16, 21741.7477, 8.50008386e-10, 0.699830957, 22945.8533, -7.91525687e-10, -16745.5945, -16845.9708, -3.08292882e-10, -13864.0011, -15577.1894, 0, 1.2135609e-08, 1.2135609e-08, 1.0812126e+10, 1.0812126e+10, 0, 0.27, 3.332, 0, -16745.5945, -13864.0011, 0, 5e+16, 1.92068304e-10, 7.91480189e-10, 0, 0
10.8833333, 0, 0, 5e+16, 0, 1.87200646e-21, 3.718e+18, 6.44e+20, 4.85, 4, 156.371323, 52.0876279, 0.866667, 494453.739, 8.08114392e+13, 159.450022, 3.05960611e+17, 21852.8371, -154.995303, -158.663256, 5e+16, 1.35996573e+10, -374233.464, -323129.073, 302.380174, 52.0876279, 58.1508107, 0.866667, 0.866667, 5e+16, 21852.8371, 7.77525849e-10, 0.700285854, 23053.9585, -7.26461374e-10, -16825.3753, -16923.3981, -2.76310789e-10, -13942.6694, -15653.0365, 0, 1.21354191e-08, 1.21354191e-08, 1.08315874e+10, 1.08315874e+10, 0, 0.27, 3.332, 0, -16825.3753, -13942.6694, 0, 5e+16, 1.88972289e-10, 7.83431163e-10, 0, 0
10.890625, 0, 0, 5e+16, 0, 1.83348652e-21, 3.718e+18, 6.44e+20, 4.85, 4, 156.640131, 54.2502646, 0.866667, 477931.298, 2.55193065e+13, 92.582645, 3.3800098e+17, 23449.9552, -155.278047, -158.934712, 5e+16, 8.5086936e+09, -357513.848, -317117.947, 302.313073, 54.2502646, 66.1689264, 0.866667, 0.866667, 5e+16, 23449.9552, 4.86598579e-10, 0.707297988, 24610.2997, -4.53859956e-10, -17855.1157, -17925.6458, -1.74670752e-10, -15198.3555, -16859.3135, 0, 1.21315952e-08, 1.21315952e-08, 1.12480002e+10, 1.12480002e+10, 0, 0.27, 3.332, 0, -17855.1157, -15198.3555, 0, 5e+16, 4.43421549e-11, 2.52884383e-10, 0, 0
10.8911458, 0, 0, 5e+16, 0, 1.83140688e-21, 3.718e+18, 6.44e+20, 4.85, 4, 156.657736, 54.4778469, 0.866667, 476207.73, 3.73780115e+12, 92.7279012, 3.40958239e+17, 23577.3833, -155.295598, -158.952547, 5e+16, 8.55846897e+09, -355955.598, -316303.184, 302.309022, 54.4778469, 67.0252657, 0.866667, 0.866667, 5e+16, 23577.3833, 4.4143117e-10, 0.707790331, 24735.8517, -4.12948665e-10, -17945.1001, -18014.7738, -1.55523548e-10, -15290.295, -16948.256, 0, 1.21313645e-08, 1.21313645e-08, 1.12632143e+10, 1.12632143e+10, 0, 0.27, 3.332, 0, -17945.1001, -15290.295, 0, 5e+16, 4.37027982e-11, 2.51297505e-10, 0, 0
10.8984375, 0, 0, 5e+16, 0, 1.78759513e-21, 3.718e+18, 6.44e+20, 4.85, 4, 156.912895, 57.1375126, 0.866667, 457025.49, 8.65225513e+11, 53.497955, 3.80400975e+17, 25414.0023, -155.564815, -159.210619, 5e+16, 5.68960826e+09, -337013.471, -308632.958, 302.230893, 57.1375126, 60.6649235, 0.866667, 0.866667, 5e+16, 25414.0023, 2.7656439e-10, 0.71538798, 26539.8272, -2.58215091e-10, -19094.8446, -19151.4512, -9.86073311e-11, -16766.4598, -18369.7026, 0, 1.21269126e-08, 1.21269126e-08, 1.16712041e+10, 1.16712041e+10, 0, 0.27, 3.332, 0, -19094.8446, -16766.4598, 0, 5e+16, 6.34506858e-12, 5.27500247e-11, 0, 0
10.8989583, 0, 0, 5e+16, 0, 1.78515657e-21, 3.718e+18, 6.44e+20, 4.85, 4, 156.929211, 57.4373412, 0.866667, 454923.465, 8.65225513e+11, 94.3544012, 3.84213676e+17, 25561.7983, -155.566355, -159.227198, 5e+16, 1.04981947e+13, -335162.624, -307570.932, 302.226045, 57.4373412, 60.9617105, 0.866667, 0.866667, 5e+16, 25561.7983, 3.28099465e-09, 0.715924361, 26688.0069, 1.45409534e-09, -19197.2183, -19255.5548, -2.66525967e-09, -16875.2349, -18475.8255, 0, 1.21266365e-08, 1.21266365e-08, 1.16784395e+10, 1.16784395e+10, 0, 0.27, 3.332, 0, -19197.2183, -16875.2349, 0, 5e+16, 6.22169639e-12, 5.22485293e-11, 0, 0
10.90625, 0, 0, 5e+16, 0, 1.7359098e-21, 3.718e+18, 6.44e+20, 4.85, 4, 157.168897, 60.7854371, 0.866667, 432231.204, 0, 220.361587, 4.3413566e+17, 27702.1074, -155.78364, -159.470136, 5e+16, 1.05034984e+13, -313446.196, -297547.918, 302.135805, 60.7854371, 71.9911196, 0.866667, 0.866667, 5e+16, 27702.1074, 3.18822e-09, 0.724222529, 28813.3845, 1.54202881e-09, -20492.7805, -20560.8384, -2.63558332e-09, -18634.6745, -20180.9047, 0, 1.2121495e-08, 1.2121495e-08, 1.20556986e+10, 1.20556986e+10, 0, 0.27, 3.332, 0, -20492.7805, -18634.6745, 0, 5e+16, 0, 1.16871859e-11, 0, 0
10.9067708, 0, 0, 5e+16, 0, 1.73311438e-21, 3.718e+18, 6.44e+20, 4.85, 4, 157.183677, 61.1963413, 0.866667, 429574.178, 0, 389.177742, 4.3928225e+17, 27875.6898, -155.783613, -159.485227, 5e+16, 5.32534125e+16, -311180.309, -296108.736, 302.130114, 61.1963413, 71.4441605, 0.866667, 0.866667, 5e+16, 27875.6898, 1.05304838e-05, 0.724811879, 28991.9069, 5.26879936e-06, -20610.3008, -20684.7731, -9.11745921e-06, -18765.2418, -20310.2956, 0, 1.21211709e-08, 1.21211709e-08, 1.20480925e+10, 1.20480925e+10, 0, 0.27, 3.332, 0, -20610.3008, -18765.2418, 0, 4.99999998e+16, 0, 1.16871859e-11, 0, 0
10.9140625, 0, 0, 5e+16, 0, 1.67865234e-21, 3.718e+18, 6.44e+20, 4.85, 4, 157.40563, 63.1017865, 0.866667, 402058.441, 0, 1563431.96, 5.04811131e+17, 30410.1144, -155.789224, -159.710877, 5e+16, 5.33179822e+16, -285890.494, -282627.383, 302.027154, 65.5240361, 63.4769948, 0.866667, 0.866667, 5e+16, 30410.1144, 1.05436794e-05, 0.733964054, 31546.7407, 5.27476351e-06, -22086.3857, -22207.3799, -9.12936988e-06, -20896.8674, -22399.7123, 0, 1.21153056e-08, 1.21153056e-08, 1.23528129e+10, 1.23528129e+10, 0, 0.27, 3.332, 0, -22086.3857, -20896.8674, 0, 4.99999998e+16, 0, 1.70858819e-12, 0, 0
10.9145833, 0, 0, 5e+16, 0, 1.67553091e-21, 3.718e+18, 6.44e+20, 4.85, 4, 157.418525, 63.6792927, 0.866667, 398523.305, 0, 2568017.21, 5.12243028e+17, 30616.8274, -155.789205, -159.724157, 5e+16, 9.10772006e+19, -282988.164, -280572.235, 302.02062, 66.1015423, 63.8716291, 0.866667, 0.866667, 5e+16, 30616.8243, 0.0113915898, 0.734618618, 31768.0958, 0.00479634123, -22222.1807, -22358.8249, -0.010332639, -21056.5512, -22562.4004, 0, 1.21149336e-08, 1.21149336e-08, 1.23168619e+10, 1.23168619e+10, 0, 0.27, 3.332, 0, -22222.1759, -21056.5615, 0, 4.99997048e+16, 0, 1.70858819e-12, 0, 0
10.921875, 0, 0, 5e+16, 0, 1.61651756e-21, 3.718e+18, 6.44e+20, 4.85, 4, 157.619861, 71.839993, 0.866667, 364008.399, 0, 5.91057733e+09, 6.02654197e+17, 33677.1255, -155.788825, -159.92981, 5e+16, 9.13357029e+19, -252863.238, -261777.246, 301.905045, 71.839993, 81.1809492, 0.866667, 0.866667, 5e+16, 33677.1224, 0.0114264268, 0.744833183, 34919.1862, 0.00480794579, -23924.6775, -24170.1897, -0.0103654865, -23692.6307, -25193.7478, 0, 1.21083507e-08, 1.21083507e-08, 1.24678581e+10, 1.24678581e+10, 0, 0.27, 3.332, 0, -23924.6727, -23692.641, 0, 4.9999704e+16, 0, -8.32474234e-25, 0, 0
10.9223958, 0, 0, 5e+16, 0, 1.61313813e-21, 3.718e+18, 6.44e+20, 4.85, 4, 157.63034, 72.5663573, 0.866667, 359397.541, 0, 8.84658182e+09, 6.14626279e+17, 33927.82, -155.788813, -159.940806, 5e+16, 3.83509514e+22, -249228.67, -258917.344, 301.897745, 72.5663573, 82.1844012, 0.866667, 0.866667, 5e+16, 33926.6553, 2.64268296, 0.745571211, 35205.0226, 0.712311197, -24080.2979, -24359.4047, -2.54487437, -23893.7448, -25410.3412, 0, 1.21079352e-08, 1.21079352e-08, 1.23750803e+10, 1.23750803e+10, 0, 0.27, 3.332, 0, -24079.5856, -23896.2896, 0, 4.98770921e+16, 0, 0, 0, 0
10.9296875, 0, 0, 5e+16, 0, 1.55073735e-21, 3.718e+18, 6.44e+20, 4.85, 4, 157.807236, 71.0089109, 0.866667, 313972.423, 0, 7.9658601e+12, 7.48751142e+17, 37714.8891, -155.788551, -160.12293, 5e+16, 3.87295152e+22, -212070.125, -231469.549, 301.770641, 80.1886336, 71.4783349, 0.866667, 0.866667, 5e+16, 37713.7042, 2.67725223, 0.75714409, 39229.8522, 0.71869452, -26061.3447, -26563.1456, -2.5788496, -27249.2533, -28856.9357, 0, 1.2100697e-08, 1.2100697e-08, 1.22054545e+10, 1.22054545e+10, 0, 0.27, 3.332, 0, -26060.6259, -27251.8322, 0, 4.9875869e+16, 0, 0, 0, 0
10.9302083, 0, 0, 5e+16, 0, 1.54721624e-21, 3.718e+18, 6.44e+20, 4.85, 4, 157.81441, 71.4511861, 0.866667, 308996.702, 0, 1.04724196e+13, 7.72319482e+17, 38057.2513, -155.788545, -160.130915, 5e+16, 1.82854513e+24, -208273.186, -228239.043, 301.762769, 80.6309088, 71.4894415, 0.866667, 0.866667, 5e+16, 38012.2662, 70.8531868, 0.758000339, 39585.3373, 5.15570721, -26243.858, -26757.2087, -70.6651361, -27492.1424, -29168.0494, 0, 1.21002489e-08, 1.21002489e-08, 1.20406528e+10, 1.20406528e+10, 0, 0.27, 3.332, 0, -26238.7022, -27562.8076, 0, 4.61065564e+16, 0, 0, 0, 0
10.9375, 0, 0, 5e+16, 0, 1.48312023e-21, 3.718e+18, 6.44e+20, 4.85, 4, 157.961479, 89.5434536, 0.866667, 249829.218, 0, 2.99910525e+15, 9.95756832e+17, 42902.8839, -155.78838, -160.284689, 5e+16, 1.99051256e+24, -163560.993, -188804.684, 301.626524, 89.5434536, 95.4838553, 0.866667, 0.866667, 5e+16, 42850.3178, 81.1504958, 0.771391914, 44985.5375, 5.38141909, -28502.0953, -29468.1129, -80.9604337, -31980.029, -33978.5687, 0, 1.20924917e-08, 1.20924917e-08, 1.11787725e+10, 1.11787725e+10, 0, 0.27, 3.332, 0, -28496.7139, -32060.9894, 0, 4.562659e+16, 0, 0, 0, 0
10.9380208, 0, 0, 5e+16, 0, 1.47961711e-21, 3.718e+18, 6.44e+20, 4.85, 4, 157.964959, 89.5811229, 0.866667, 245689.55, 0, 3.38334588e+15, 1.04685786e+18, 43346.0612, -155.788378, -160.289476, 5e+16, 8.53345612e+24, -160571.417, -185939.849, 301.618403, 89.5815833, 95.4832691, 0.866667, 0.866667, 5e+16, 43162.6414, 274.46591, 0.772411089, 45386.3472, 15.6542419, -28721.9789, -29647.2322, -274.012688, -32202.1454, -34362.5241, 0, 1.20920295e-08, 1.20920295e-08, 1.10152337e+10, 1.10152337e+10, 0, 0.27, 3.332, 0, -28706.3247, -32476.158, 0, 4.0697301e+16, 0, 0, 0, 0
10.9453125, 0, 0, 5e+16, 0, 1.41606272e-21, 3.718e+18, 6.44e+20, 4.85, 4, 158.073846, 87.9778323, 0.866667, 180086.518, 0, 2.19870427e+17, 1.50286955e+18, 50024.4401, -155.788293, -160.40786, 5e+16, 2.10283616e+25, -113190.066, -140030.015, 301.477091, 95.4360759, 87.9778323, 0.866667, 0.866667, 5e+16, 49382.1784, 783.508089, 0.788307513, 52474.5877, -100.939715, -31491.1058, -32975.5773, -769.854665, -38005.955, -40809.3066, 0, 1.20839854e-08, 1.20839854e-08, 8.99993786e+09, 8.99993786e+09, 0, 0.27, 3.332, 0, -31592.0455, -38775.8096, 0, 2.14490244e+16, 0, 0, 0, 0
10.9458333, 0, 0, 5e+16, 0, 1.41272654e-21, 3.718e+18, 6.44e+20, 4.85, 4, 158.075655, 87.9784597, 0.866667, 177473.614, 0, 2.31452781e+17, 1.56606495e+18, 50437.2889, -155.788292, -160.410745, 5e+16, 3.29932975e+25, -111432.577, -138090.842, 301.469067, 95.4362452, 87.9784597, 0.866667, 0.866667, 5e+16, 49581.1861, 1059.91008, 0.789488622, 52833.7561, -132.851041, -31715.3835, -33200.1157, -1046.45571, -38054.8311, -41090.7022, 0, 1.20835289e-08, 1.20835289e-08, 8.91046326e+09, 8.91046326e+09, 0, 0.27, 3.332, 0, -31848.2345, -39101.2867, 0, 2.00500269e+16, 0, 0, 0, 0
10.953125, 0, 0, 5e+16, 0, 1.35243808e-21, 3.718e+18, 6.44e+20, 4.85, 4, 158.13578, 96.3884035, 0.866667, 118691.655, 0, 2.01870367e+18, 2.90460781e+18, 60622.2525, -155.788275, -160.487021, 5e+16, 1.10617972e+26, -70995.1282, -95056.1706, 301.328748, 96.3884057, 96.3999485, 0.866667, 0.866667, 5e+16, 57764.9141, 3135.29946, 0.808658818, 62622.4831, -950.949384, -37144.3144, -39097.5759, -2960.9417, -44186.3352, -48907.7254, 0, 1.2075543e-08, 1.2075543e-08, 6.61640337e+09, 6.61640337e+09, 0, 0.27, 3.332, 0, -38095.2639, -47147.2769, 0, 3.49405842e+15, 0, 0, 0, 0
10.9536458, 0, 0, 5e+16, 0, 1.34936171e-21, 3.718e+18, 6.44e+20, 4.85, 4, 158.137012, 96.3884069, 0.866667, 117419.204, 0, 2.07835515e+18, 2.98528974e+18, 60887.7936, -155.788274, -160.488971, 5e+16, 1.30888838e+26, -70167.0676, -94072.7849, 301.32108, 96.3884069, 96.3999519, 0.866667, 0.866667, 5e+16, 57792.4468, 3380.72198, 0.809928859, 62868.6905, -1089.97064, -37293.1179, -39375.449, -3191.07747, -44048.4521, -48983.6705, 0, 1.20751067e-08, 1.20751067e-08, 6.57319331e+09, 6.57319331e+09, 0, 0.27, 3.332, 0, -38383.0886, -47239.5296, 0, 3.33390836e+15, 0, 0, 0, 0
10.9609375, 0, 0, 5e+16, 0, 1.29465959e-21, 3.718e+18, 6.44e+20, 4.85, 4, 158.169308, 96.3912475, 0.866667, 73437.9775, 0, 5.40249364e+18, 5.83719747e+18, 68463.0672, -155.788281, -160.538789, 5e+16, 3.06876137e+26, -46009.4901, -57182.2956, 301.187977, 96.3998916, 96.3912476, 0.866667, 0.866667, 5e+16, 62408.7039, 6330.83767, 0.831298472, 69618.1716, -3156.31561, -44519.9059, -48053.3923, -5433.12899, -43700.7099, -50373.5007, 0, 1.20675332e-08, 1.20675332e-08, 4.24695118e+09, 4.24695118e+09, 0, 0.27, 3.332, 0, -47676.2215, -49133.8388, 0, 1.01355728e+15, 0, 0, 0, 0
10.9614583, 0, 0, 5e+16, 0, 1.29189521e-21, 3.718e+18, 6.44e+20, 4.85, 4, 158.170258, 96.3912476, 0.866667, 72802.7949, 0, 5.50828897e+18, 5.94884874e+18, 68474.2022, -155.788282, -160.540237, 5e+16, 3.3766161e+26, -45598.9246, -56671.5504, 301.180851, 96.3998916, 96.3912476, 0.866667, 0.866667, 5e+16, 62172.5407, 6546.04462, 0.832538618, 69621.3739, -3405.43094, -44480.409, -48261.7126, -5578.46545, -43347.2948, -50156.6823, 0, 1.20671278e-08, 1.20671278e-08, 4.21627136e+09, 4.21627136e+09, 0, 0.27, 3.332, 0, -47885.8399, -48925.7602, 0, 9.77316475e+14, 0, 0, 0, 0
10.96875, 0, 0, 5e+16, 0, 1.24440559e-21, 3.718e+18, 6.44e+20, 4.85, 4, 158.191845, 96.3999948, 0.866667, 44008.7075, 0, 9.18241747e+18, 9.42178461e+18, 67624.0791, -155.788302, -160.573866, 5e+16, 6.95422759e+26, -30202.7111, -31960.4558, 301.060433, 96.3999948, 96.4, 0.866667, 0.866667, 5e+16, 57289.1831, 10633.7759, 0.852362358, 68200.7918, -6989.89645, -46947.7959, -54146.3966, -7945.79179, -32828.13, -41453.5173, 0, 1.20602773e-08, 1.20602773e-08, 2.44607741e+09, 2.44607741e+09, 0, 0.27, 3.332, 0, -53937.6923, -40773.9218, 0, 4.30137717e+14, 0, 0, 0, 0
10.9692708, 0, 0, 5e+16, 0, 1.24196499e-21, 3.718e+18, 6.44e+20, 4.85, 4, 158.192574, 96.3999948, 0.866667, 43586.2626, 0, 9.30509671e+18, 9.54616766e+18, 67434.0384, -155.788304, -160.57494, 5e+16, 7.34387111e+26, -29891.406, -31661.5654, 301.053943, 96.3999948, 96.4, 0.866667, 0.866667, 5e+16, 56840.6863, 10840.5344, 0.853473709, 68006.5378, -7308.02281, -46662.0863, -54179.077, -7997.87275, -32431.9377, -41103.4391, 0, 1.20599082e-08, 1.20599082e-08, 2.4222478e+09, 2.4222478e+09, 0, 0.27, 3.332, 0, -53970.1091, -40429.8105, 0, 4.18261946e+14, 0, 0, 0, 0
10.9765625, 0, 0, 5e+16, 0, 1.20181313e-21, 3.718e+18, 6.44e+20, 4.85, 4, 158.207435, 96.3999969, 0.866667, 27048.0725, 0, 1.25029783e+19, 1.26625544e+19, 61982.6047, -155.788339, -160.597224, 5e+16, 1.2785997e+27, -19196.3675, -19005.5836, 300.948315, 96.3999997, 96.3999969, 0.866667, 0.866667, 5e+16, 47241.7187, 14907.2248, 0.869110196, 62281.1674, -11928.2645, -41864.6659, -53932.6536, -8848.65838, -21887.7411, -31094.5519, 0, 1.20539001e-08, 1.20539001e-08, 1.40733171e+09, 1.40733171e+09, 0, 0.27, 3.332, 0, -53792.9304, -30736.3995, 0, 2.36696241e+14, 0, 0, 0, 0
10.9770833, 0, 0, 5e+16, 0, 1.19967173e-21, 3.718e+18, 6.44e+20, 4.85, 4, 158.207967, 96.3999969, 0.866667, 26735.6914, 0, 1.26147744e+19, 1.27749301e+19, 61686.2806, -155.788341, -160.59799, 5e+16, 1.31916071e+27, -18935.32, -18832.0698, 300.942458, 96.3999997, 96.3999969, 0.866667, 0.866667, 5e+16, 46671.5239, 15134.2996, 0.870064815, 61982.7021, -12272.6222, -41391.2544, -53803.9583, -8840.24663, -21563.6805, -30758.3571, 0, 1.2053567e-08, 1.2053567e-08, 1.38916743e+09, 1.38916743e+09, 0, 0.27, 3.332, 0, -53663.8767, -30403.9271, 0, 2.31903458e+14, 0, 0, 0, 0
10.984375, 0, 0, 5e+16, 0, 1.16579215e-21, 3.718e+18, 6.44e+20, 4.85, 4, 158.217962, 96.4, 0.866667, 17808.283, 0, 1.50436038e+19, 1.51667643e+19, 54811.6402, -155.788386, -160.61251, 5e+16, 1.93260973e+27, -12117.306, -12997.4598, 300.850413, 96.4, 96.4, 0.866667, 0.866667, 5e+16, 35684.5926, 19162.0567, 0.881804409, 54984.9247, -16998.1316, -32555.0781, -49646.612, -8734.45821, -14606.2528, -23550.4058, 0, 1.20483322e-08, 1.20483322e-08, 811451896, 811451896, 0, 0.27, 3.332, 0, -49553.2097, -23340.7111, 0, 1.58006717e+14, 0, 0, 0, 0
10.9848958, 0, 0, 5e+16, 0, 1.16390874e-21, 3.718e+18, 6.44e+20, 4.85, 4, 158.21832, 96.4, 0.866667, 17566.3022, 0, 1.51286789e+19, 1.52520521e+19, 54476.9923, -155.788389, -160.613018, 5e+16, 1.9671702e+27, -11895.8138, -12898.0606, 300.845128, 96.4, 96.4, 0.866667, 0.866667, 5e+16, 35069.908, 19415.9186, 0.88262028, 54649.4785, -17345.1793, -31981.7471, -49420.8798, -8698.29229, -14374.5944, -23280.4012, 0, 1.20480317e-08, 1.20480317e-08, 797981433, 797981433, 0, 0.27, 3.332, 0, -49326.9264, -23072.8867, 0, 1.55847652e+14, 0, 0, 0, 0
10.9921875, 0, 0, 5e+16, 0, 1.13500257e-21, 3.718e+18, 6.44e+20, 4.85, 4, 158.224728, 96.3999999, 0.866667, 12487.6813, 0, 1.6790238e+19, 1.68948345e+19, 47674.9774, -155.788443, -160.622136, 5e+16, 2.508424e+27, -7283.37951, -10095.3972, 300.76435, 96.4, 96.3999999, 0.866667, 0.866667, 5e+16, 24259.7364, 23458.7123, 0.891676445, 47793.6831, -21898.3324, -21976.9204, -43945.7691, -8293.81047, -10263.0577, -18696.3885, 0, 1.20434383e-08, 1.20434383e-08, 457474569, 457474569, 0, 0.27, 3.332, 0, -43875.253, -18556.8681, 0, 1.21883726e+14, 0, 0, 0, 0
10.9927083, 0, 0, 5e+16, 0, 1.13333456e-21, 3.718e+18, 6.44e+20, 4.85, 4, 158.224933, 96.3999999, 0.866667, 12293.379, 0, 1.68420575e+19, 1.69466982e+19, 47324.8044, -155.788447, -160.622424, 5e+16, 2.53104353e+27, -7086.50009, -10037.8156, 300.759562, 96.4, 96.3999999, 0.866667, 0.866667, 5e+16, 23644.1635, 23745.7868, 0.892424737, 47443.6364, -22254.3708, -21333.7484, -43659.5592, -8248.46082, -10106.6058, -18493.3275, 0, 1.2043166e-08, 1.2043166e-08, 447322003, 447322003, 0, 0.27, 3.332, 0, -43588.1193, -18355.0666, 0, 1.20933358e+14, 0, 0, 0, 0
11, 0, 0, 5e+16, 0, 1.1083061e-21, 3.718e+18, 6.44e+20, 4.85, 4, 158.228576, 96.4, 0.866667, 9319.61319, 0, 1.78140676e+19, 1.79085206e+19, 40814.5002, -155.788509, -160.627543, 5e+16, 2.89933018e+27, -3554.27849, -8589.32274, 300.687858, 96.4, 96.4, 0.866667, 0.866667, 5e+16, 13332.36, 27988.4804, 0.900187759, 40915.1437, -26843.2987, -10874.5787, -37784.6645, -7805.53787, -7700.72955, -15610.074, 0, 1.20390891e-08, 1.20390891e-08, 232544622, 232544622, 0, 0.27, 3.332, 0, -37717.8774, -15506.2674, 0, 1.05226184e+14, 0, 0, 0, 0
11.0005859, 0, 0, 5e+16, 0, 1.10664276e-21, 3.718e+18, 6.44e+20, 4.85, 4, 158.228644, 96.4, 0.866667, 9206.62059, 0, 1.78305915e+19, 1.79249709e+19, 40474.3515, -155.788515, -160.627637, 5e+16, 2.90672601e+27, -3369.23756, -8554.67211, 300.682976, 96.4, 96.4, 0.866667, 0.866667, 5e+16, 12974.4453, 28264.7695, 0.900845869, 40575.6212, -27168.6686, -10251.3733, -37488.0525, -7752.92664, -7588.51168, -15444.4355, 0, 1.20388116e-08, 1.20388116e-08, 225410580, 225410580, 0, 0.27, 3.332, 0, -37420.0418, -15341.4383, 0, 1.04967143e+14, 0, 0, 0, 0
11.0087891, 0, 0, 5e+16, 0, 1.08213529e-21, 3.718e+18, 6.44e+20, 4.85, 4, 158.230051, 96.4, 0.866667, 7773.05936, 0, 1.81960132e+19, 1.82846713e+19, 34646.0448, -155.788598, -160.629596, 5e+16, 3.05558277e+27, -331.757702, -7765.12157, 300.611101, 96.4, 96.4, 0.866667, 0.866667, 5e+16, 6086.19302, 32202.9994, 0.907415524, 34747.6192, -31340.3631, -604.914886, -32021.6066, -7289.87582, -6044.75476, -13417.0022, 0, 1.20347254e-08, 1.20347254e-08, 92326645.9, 92326645.9, 0, 0.27, 3.332, 0, -31945.278, -13334.6306, 0, 9.96118237e+13, 0, 0, 0, 0
11.009375, 0, 0, 5e+16, 0, 1.08065652e-21, 3.718e+18, 6.44e+20, 4.85, 4, 158.229962, 96.4, 0.866667, 7859.24944, 0, 1.81695459e+19, 1.82580022e+19, 34321.5768, -155.788605, -160.62947, 5e+16, 3.04408188e+27, -159.405552, -7746.50698, 300.606667, 96.4, 96.4, 0.866667, 0.866667, 5e+16, 6402.09223, 32458.4835, 0.90804072, 34424.1099, -31629.9698, -7.37158347, -31715.1643, -7238.8853, -5976.03817, -13296.8041, 0, 1.20344733e-08, 1.20344733e-08, 87405694.9, 87405694.9, 0, 0.27, 3.332, 0, -31637.3414, -13214.9235, 0, 9.99726206e+13, 0, 0, 0, 0
11.0175781, 0, 0, 5e+16, 0, 1.05919003e-21, 3.718e+18, 6.44e+20, 4.85, 4, 158.228945, 96.4, 0.866667, 7869.70184, 0, 1.78613086e+19, 1.79475818e+19, 28944.1474, -155.7887, -160.628033, 5e+16, 2.91717292e+27, 2529.1714, -7395.94477, 300.542295, 96.4, 96.4, 0.866667, 0.866667, 5e+16, 10309.0625, 35986.9467, 0.914163001, 29058.2157, -35312.5086, 8963.97003, -26442.9013, -6828.22703, -5091.16348, -11988.9599, 0, 1.2030814e-08, 1.2030814e-08, 4779461.01, 4779461.01, 0, 0.27, 3.332, 0, -26348.5386, -11919.3905, 0, 1.04228293e+14, 0, 0, 0, 0
11.018164, 0, 0, 5e+16, 0, 1.05786602e-21, 3.718e+18, 6.44e+20, 4.85, 4, 158.228712, 96.4, 0.866667, 8014.05189, 0, 1.77948646e+19, 1.78808055e+19, 28652.4729, -155.788708, -160.627704, 5e+16, 2.89074472e+27, 2687.82644, -7388.32982, 300.538247, 96.4, 96.4, 0.866667, 0.866667, 5e+16, 10761.2562, 36171.9614, 0.914733779, 28767.4984, -35520.7513, 9463.52213, -26153.1571, -6778.45649, -5050.62074, -11898.2975, 0, 1.20305839e-08, 1.20305839e-08, 1886190.06, 1886190.06, 0, 0.27, 3.332, 0, -26057.2292, -11829.0772, 0, 1.05192605e+14, 0, 0, 0, 0
11.0263672, 0, 0, 5e+16, 0, 1.03888207e-21, 3.718e+18, 6.44e+20, 4.85, 4, 158.225538, 96.4, 0.866667, 9045.0772, 0, 1.69029396e+19, 1.69894041e+19, 23918.8069, -155.788818, -160.623219, 5e+16, 2.54683092e+27, 5105.40922, -7365.1984, 300.480169, 96.4, 96.4, 0.866667, 0.866667, 5e+16, 17449.2441, 38641.1278, 0.920289492, 24049.0614, -38090.923, 16846.6729, -21360.355, -6400.34112, -4545.9572, -11006.4852, 0, 1.20272827e-08, 1.20272827e-08, -41688433.4, -41688433.4, 0, 0.27, 3.332, 0, -21244.2502, -10946.2983, 0, 1.1925999e+14, 0, 0, 0, 0
11.0269531, 0, 0, 5e+16, 0, 1.03769241e-21, 3.718e+18, 6.44e+20, 4.85, 4, 158.225171, 96.4, 0.866667, 9188.99924, 0, 1.68010422e+19, 1.68870209e+19, 23660.0957, -155.788827, -160.622695, 5e+16, 2.51179242e+27, 5253.19826, -7365.71555, 300.476467, 96.4, 96.4, 0.866667, 0.866667, 5e+16, 17810.1867, 38729.1517, 0.920818278, 23791.0713, -38195.2381, 17221.6452, -21091.2125, -6350.19579, -4524.16748, -10934.2427, 0, 1.20270724e-08, 1.20270724e-08, -43014084.9, -43014084.9, 0, 0.27, 3.332, 0, -20973.5928, -10874.3633, 0, 1.20992187e+14, 0, 0, 0, 0
11.0351563, 0, 0, 5e+16, 0, 1.02081987e-21, 3.718e+18, 6.44e+20, 4.85, 4, 158.220014, 96.4, 0.866667, 10784.5972, 0, 1.54170587e+19, 1.55060844e+19, 19498.5065, -155.788953, -160.615333, 5e+16, 2.04205626e+27, 7498.72986, -7625.14496, 300.423906, 96.4, 96.4, 0.866667, 0.866667, 5e+16, 23138.7431, 39784.3601, 0.925979699, 19643.0104, -39318.9129, 22743.2229, -16714.3344, -5980.64985, -4259.94937, -10291.8044, 0, 1.2024085e-08, 1.2024085e-08, -58362697.5, -58362697.5, 0, 0.27, 3.332, 0, -16575.69, -10240.5992, 0, 1.48164906e+14, 0, 0, 0, 0
11.0357422, 0, 0, 5e+16, 0, 1.01975099e-21, 3.718e+18, 6.44e+20, 4.85, 4, 158.219521, 96.4, 0.866667, 10922.0141, 0, 1.52857398e+19, 1.53740857e+19, 19272.9606, -155.788963, -160.614619, 5e+16, 2.00523184e+27, 7636.95178, -7633.13946, 300.420526, 96.4, 96.4, 0.866667, 0.866667, 5e+16, 23365.78, 39757.1326, 0.926474028, 19417.732, -39303.5368, 22975.1867, -16468.3522, -5928.22666, -4251.01873, -10230.1154, 0, 1.20238929e-08, 1.20238929e-08, -58469347.1, -58469347.1, 0, 0.27, 3.332, 0, -16328.3501, -10179.2454, 0, 1.51051762e+14, 0, 0, 0, 0
11.0439454, 0, 0, 5e+16, 0, 1.00474409e-21, 3.718e+18, 6.44e+20, 4.85, 4, 158.212503, 96.3999999, 0.866667, 12848.707, 0, 1.35110432e+19, 1.36053433e+19, 15680.9686, -155.789106, -160.604434, 5e+16, 1.50710205e+27, 9771.67424, -8200.42931, 300.373005, 96.4, 96.3999999, 0.866667, 0.866667, 5e+16, 26757.7448, 39147.0077, 0.931346597, 15831.4477, -38741.6964, 26432.3834, -12469.4206, -5542.31577, -4160.03873, -9742.30536, 0, 1.20211922e-08, 1.20211922e-08, -51875525, -51875525, 0, 0.27, 3.332, 0, -12309.3131, -9702.35449, 0, 1.98838262e+14, 0, 0, 0, 0
11.0445313, 0, 0, 5e+16, 0, 1.00378684e-21, 3.718e+18, 6.44e+20, 4.85, 4, 158.211894, 96.3999999, 0.866667, 12978.7703, 0, 1.33580476e+19, 1.34514095e+19, 15488.7319, -155.789118, -160.603529, 5e+16, 1.4741098e+27, 9900.76546, -8216.95255, 300.369933, 96.4, 96.3999999, 0.866667, 0.866667, 5e+16, 26837.6561, 38997.7634, 0.931810427, 15638.8284, -38601.5142, 26513.2778, -12249.4484, -5485.68795, -4159.86487, -9685.0745, 0, 1.20210176e-08, 1.20210176e-08, -51062099.3, -51062099.3, 0, 0.27, 3.332, 0, -12088.2364, -9645.55282, 0, 2.03637234e+14, 0, 0, 0, 0
11.0527344, 0, 0, 5e+16, 0, 9.90478339e-22, 3.718e+18, 6.44e+20, 4.85, 4, 158.203103, 96.4, 0.866667, 15192.6542, 0, 1.13092651e+19, 1.14125475e+19, 12541.0178, -155.789277, -160.590475, 5e+16, 1.0273247e+27, 11978.1788, -9188.13278, 300.327164, 96.4, 96.4, 0.866667, 0.866667, 5e+16, 28137.3006, 36626.5437, 0.936460294, 12679.2294, -36266.9828, 27820.0035, -8626.39887, -5054.42646, -4213.67898, -9290.76143, 0, 1.20185871e-08, 1.20185871e-08, -26567952.1, -26567952.1, 0, 0.27, 3.332, 0, -8446.9793, -9268.10544, 0, 2.87103439e+14, 0, 0, 0, 0
11.0533203, 0, 0, 5e+16, 0, 9.89625684e-22, 3.718e+18, 6.44e+20, 4.85, 4, 158.202384, 96.4, 0.866667, 15315.8409, 0, 1.11442775e+19, 1.12462615e+19, 12380.5371, -155.789291, -160.589376, 5e+16, 1.00143e+27, 12098.4135, -9216.07494, 300.32439, 96.4, 96.4, 0.866667, 0.866667, 5e+16, 28073.7597, 36362.785, 0.936894588, 12517.5875, -36010.6936, 27754.9372, -8435.95709, -4991.83457, -4218.55218, -9232.43041, 0, 1.20184295e-08, 1.20184295e-08, -25119434.9, -25119434.9, 0, 0.27, 3.332, 0, -8255.75645, -9210.38675, 0, 2.95273073e+14, 0, 0, 0, 0
11.0615234, 0, 0, 5e+16, 0, 9.77888383e-22, 3.718e+18, 6.44e+20, 4.85, 4, 158.191873, 96.3999996, 0.866667, 17934.3863, 0, 8.95632592e+18, 9.0743341e+18, 10207.5855, -155.789471, -160.573299, 5e+16, 6.521084e+26, 14192.9055, -10789.9364, 300.286167, 96.4, 96.3999996, 0.866667, 0.866667, 5e+16, 27342.1992, 32331.8888, 0.94135867, 10299.0923, -32012.7378, 26985.1913, -5224.31424, -4477.23199, -4403.95217, -8873.63504, 0, 1.20162576e-08, 1.20162576e-08, 14455211.3, 14455211.3, 0, 0.27, 3.332, 0, -5027.5465, -8881.18416, 0, 4.44728792e+14, 0, 0, 0, 0
11.0621093, 0, 0, 5e+16, 0, 9.77133697e-22, 3.718e+18, 6.44e+20, 4.85, 4, 158.191053, 96.3999996, 0.866667, 18053.1842, 0, 8.79102594e+18, 8.90721411e+18, 10073.2323, -155.789485, -160.571997, 5e+16, 6.339745e+26, 14305.4518, -10834.751, 300.283683, 96.4, 96.3999996, 0.866667, 0.866667, 5e+16, 27155.5711, 31976.9176, 0.941761493, 10162.7874, -31664.5679, 26794.9538, -5066.84894, -4407.67853, -4409.2325, -8808.41299, 0, 1.20161164e-08, 1.20161164e-08, 16261633.4, 16261633.4, 0, 0.27, 3.332, 0, -4869.61402, -8816.91103, 0, 4.59141865e+14, 0, 0, 0, 0
11.0703125, 0, 0, 5e+16, 0, 9.66851877e-22, 3.718e+18, 6.44e+20, 4.85, 4, 158.178817, 96.4, 0.866667, 21404.1422, 0, 6.61669283e+18, 6.75896737e+18, 8743.67939, -155.789685, -160.552607, 5e+16, 3.91252563e+26, 16550.6007, -13379.5332, 300.249803, 96.4, 96.4, 0.866667, 0.866667, 5e+16, 24669.3272, 26606.9171, 0.946042713, 8735.18335, -26332.2763, 24218.1228, -2329.46995, -3767.44579, -4696.07607, -8399.90716, 0, 1.20141913e-08, 1.20141913e-08, 68995924.3, 68995924.3, 0, 0.27, 3.332, 0, -2114.15356, -8463.52187, 0, 7.38014485e+14, 0, 0, 0, 0
11.0708984, 0, 0, 5e+16, 0, 9.66187801e-22, 3.718e+18, 6.44e+20, 4.85, 4, 158.177903, 96.4, 0.866667, 21525.8389, 0, 6.46419646e+18, 6.60386771e+18, 8625.10764, -155.789702, -160.551091, 5e+16, 3.79612602e+26, 16659.5119, -13450.9002, 300.247593, 96.4, 96.4, 0.866667, 0.866667, 5e+16, 24396.4926, 26198.8168, 0.946409229, 8613.88008, -25930.8913, 23940.0122, -2206.5653, -3692.06179, -4695.24319, -8322.0902, 0, 1.20140657e-08, 1.20140657e-08, 70918136.9, 70918136.9, 0, 0.27, 3.332, 0, -1990.87905, -8387.30499, 0, 7.64557699e+14, 0, 0, 0, 0
11.0791016, 0, 0, 5e+16, 0, 9.57235733e-22, 3.718e+18, 6.44e+20, 4.85, 4, 158.163821, 96.3999846, 0.866667, 26252.8798, 0, 4.46679533e+18, 4.64902166e+18, 7965.12379, -155.789926, -160.527915, 5e+16, 2.25346036e+26, 19297.5674, -17585.0878, 300.217785, 96.3999999, 96.3999846, 0.866667, 0.866667, 5e+16, 20657.7964, 20033.7569, 0.950462526, 7793.74485, -19813.2762, 20046.8325, -11.8486731, -2924.64036, -4984.83666, -7744.44565, 0, 1.20123721e-08, 1.20123721e-08, 135661559, 135661559, 0, 0.27, 3.332, 0, 233.556347, -7909.47702, 0, 1.31391867e+15, 0, 0, 0, 0
11.0796875, 0, 0, 5e+16, 0, 9.56653705e-22, 3.718e+18, 6.44e+20, 4.85, 4, 158.162814, 96.3999846, 0.866667, 26396.262, 0, 4.33975506e+18, 4.51818737e+18, 7850.61887, -155.789944, -160.52617, 5e+16, 2.18199207e+26, 19414.1373, -17700.8367, 300.21583, 96.3999999, 96.3999846, 0.866667, 0.866667, 5e+16, 20348.093, 19619.795, 0.95078554, 7675.37004, -19406.0252, 19731.419, 78.9839889, -2847.68095, -4970.33241, -7650.00873, 0, 1.2012261e-08, 1.2012261e-08, 137547068, 137547068, 0, 0.27, 3.332, 0, 325.393823, -7818.01337, 0, 1.36535608e+15, 0, 0, 0, 0
11.0878906, 0, 0, 5e+16, 0, 9.48882621e-22, 3.718e+18, 6.44e+20, 4.85, 4, 158.146516, 96.3999997, 0.866667, 33480.401, 0, 2.67269817e+18, 2.9170542e+18, 7472.9838, -155.790194, -160.498545, 5e+16, 1.24385113e+26, 22837.1456, -24251.7938, 300.189716, 96.3999997, 96.4, 0.866667, 0.866667, 5e+16, 16055.7291, 13423.9171, 0.954512581, 7080.40925, -13258.9995, 15237.0959, 1664.58424, -2065.01029, -5056.92515, -6799.49129, 0, 1.20107773e-08, 1.20107773e-08, 212324115, 212324115, 0, 0.27, 3.332, 0, 1978.09635, -7121.93543, 0, 2.52637342e+15, 0, 0, 0, 0
11.0884765, 0, 0, 5e+16, 0, 9.48373138e-22, 3.718e+18, 6.44e+20, 4.85, 4, 158.145407, 96.3999997, 0.866667, 33692.5766, 0, 2.57970231e+18, 2.81858826e+18, 7354.7823, -155.790216, -160.496548, 5e+16, 1.20020901e+26, 22990.9255, -24447.8139, 300.18799, 96.3999997, 96.4, 0.866667, 0.866667, 5e+16, 15760.8196, 13048.2091, 0.954783934, 6955.61796, -12889.9566, 14938.4185, 1731.2751, -1991.37234, -5024.48165, -6687.3477, 0, 1.20106792e-08, 1.20106792e-08, 214175859, 214175859, 0, 0.27, 3.332, 0, 2048.46186, -7015.85398, 0, 2.63279849e+15, 0, 0, 0, 0
11.0966797, 0, 0, 5e+16, 0, 9.41611752e-22, 3.718e+18, 6.44e+20, 4.85, 4, 158.125972, 96.3985019, 0.866667, 44163.5966, 0, 1.35058892e+18, 1.67775745e+18, 6869.14872, -155.790497, -160.463692, 5e+16, 6.37084405e+25, 27816.2438, -34073.3993, 300.165086, 96.399999, 96.3985019, 0.866667, 0.866667, 5e+16, 11680.6446, 7697.73143, 0.958040375, 6206.08947, -7576.71475, 10703.4869, 2658.8273, -1338.74442, -4671.32534, -5500.158, 0, 1.2009378e-08, 1.2009378e-08, 289657114, 289657114, 0, 0.27, 3.332, 0, 3126.77217, -6010.06976, 0, 5.31973321e+15, 0, 0, 0, 0
11.0972656, 0, 0, 5e+16, 0, 9.41165269e-22, 3.718e+18, 6.44e+20, 4.85, 4, 158.124712, 96.3985019, 0.866667, 44550.9316, 0, 1.2925497e+18, 1.61230446e+18, 6750.43971, -155.790521, -160.461402, 5e+16, 6.10588716e+25, 28075.4004, -34421.9357, 300.163562, 96.3999989, 96.3985019, 0.866667, 0.866667, 5e+16, 11440.366, 7387.5288, 0.958253484, 6073.71238, -7273.53723, 10463.2988, 2711.87898, -1270.66138, -4626.14158, -5374.64429, 0, 1.20092914e-08, 1.20092914e-08, 291675404, 291675404, 0, 0.27, 3.332, 0, 3189.76156, -5896.80296, 0, 5.56123213e+15, 0, 0, 0, 0
11.1054688, 0, 0, 5e+16, 0, 9.35240374e-22, 3.718e+18, 6.44e+20, 4.85, 4, 158.100102, 96.3999942, 0.866667, 58738.7463, 0, 5.29465222e+17, 9.3187706e+17, 6005.57689, -155.790839, -160.422617, 5e+16, 2.83951795e+25, 35070.4321, -46919.1655, 300.14335, 96.3999942, 96.3999997, 0.866667, 0.866667, 5e+16, 8169.58901, 3580.37571, 0.960890866, 5056.85971, -3495.0293, 7204.77265, 3013.23127, -769.126737, -3847.91976, -3945.99261, 0, 1.20081431e-08, 1.20081431e-08, 348534467, 348534467, 0, 0.27, 3.332, 0, 3709.74336, -4617.04651, 0, 1.23221394e+16, 0, 0, 0, 0
11.1060547, 0, 0, 5e+16, 0, 9.3484817e-22, 3.718e+18, 6.44e+20, 4.85, 4, 158.098558, 96.3999935, 0.866667, 59440.5614, 0, 4.99999766e+17, 8.92904174e+17, 5907.01528, -155.790869, -160.419968, 5e+16, 2.68516093e+25, 35521.7161, -47511.5317, 300.142002, 96.3999941, 96.399999, 0.866667, 0.866667, 5e+16, 8000.30868, 3348.37606, 0.961045053, 4933.53981, -3270.26772, 7038.74412, 3056.48858, -710.231969, -3802.74944, -3824.49999, 0, 1.20080665e-08, 1.20080665e-08, 350859585, 350859585, 0, 0.27, 3.332, 0, 3768.47641, -4512.98142, 0, 1.29256071e+16, 0, 0, 0, 0
11.1142579, 0, 0, 5e+16, 0, 9.29611879e-22, 3.718e+18, 6.44e+20, 4.85, 4, 158.065832, 96.366403, 0.866667, 75589.5577, 0, 1.43703542e+17, 5.51776613e+17, 5007.91, -155.791238, -160.374801, 5e+16, 9.6786155e+24, 44327.0804, -61069.5901, 300.124027, 96.3999505, 96.366403, 0.866667, 0.866667, 5e+16, 5749.33543, 1278.50211, 0.963022916, 3913.2197, -1228.48796, 4942.99862, 2884.57058, -352.530457, -2935.51978, -2554.42113, 0, 1.20070454e-08, 1.20070454e-08, 370599315, 370599315, 0, 0.27, 3.332, 0, 3714.51066, -3288.05024, 0, 2.75279565e+16, 0, 0, 0, 0
11.1148438, 0, 0, 5e+16, 0, 9.29266463e-22, 3.718e+18, 6.44e+20, 4.85, 4, 158.063795, 96.3663907, 0.866667, 76581.3085, 0, 1.32871876e+17, 5.29983167e+17, 4946.45215, -155.791274, -160.371722, 5e+16, 8.84724078e+24, 44941.1422, -61888.876, 300.122834, 96.3999494, 96.3663907, 0.866667, 0.866667, 5e+16, 5642.24441, 1132.78935, 0.963126868, 3827.61002, -1089.00176, 4840.69736, 2912.34407, -309.652033, -2898.61845, -2462.57216, 0, 1.20069776e-08, 1.20069776e-08, 372549244, 372549244, 0, 0.27, 3.332, 0, 3751.6956, -3208.27048, 0, 2.88007081e+16, 0, 0, 0, 0
11.1230469, 0, 0, 5e+16, 0, 9.2461006e-22, 3.718e+18, 6.44e+20, 4.85, 4, 158.022097, 96.3996817, 0.866667, 91081.8538, 0, 2.62933102e+16, 3.68179257e+17, 4021.73774, -155.791718, -160.320612, 5e+16, 2.22211129e+24, 53313.168, -73728.4463, 300.106759, 96.3996935, 96.3998042, 0.866667, 0.866667, 5e+16, 4212.28394, 347.546047, 0.964562519, 3018.59162, -325.836035, 3604.81568, 2512.37163, -120.745308, -2179.07173, -1635.07444, 0, 1.20060644e-08, 1.20060644e-08, 350583682, 350583682, 0, 0.27, 3.332, 0, 3278.97964, -2299.81703, 0, 4.30824344e+16, 0, 0, 0, 0
11.1236328, 0, 0, 5e+16, 0, 9.24305317e-22, 3.718e+18, 6.44e+20, 4.85, 4, 158.01946, 96.3996861, 0.866667, 92109.0386, 0, 2.37159535e+16, 3.55886407e+17, 3982.49453, -155.791765, -160.317098, 5e+16, 1.8496049e+24, 53905.1348, -74601.1821, 300.1057, 96.3996861, 96.3998157, 0.866667, 0.866667, 5e+16, 4146.61175, 278.752106, 0.964631425, 2978.11818, -261.258779, 3544.32471, 2521.76524, -96.7786018, -2151.41538, -1581.75222, 0, 1.20060042e-08, 1.20060042e-08, 351086332, 351086332, 0, 0.27, 3.332, 0, 3283.06593, -2248.19398, 0, 4.42423048e+16, 0, 0, 0, 0
11.1318359, 0, 0, 5e+16, 0, 9.2015503e-22, 3.718e+18, 6.44e+20, 4.85, 4, 157.970997, 96.3035058, 0.866667, 102731.147, 0, 3.56751465e+15, 2.7160623e+17, 3190.23733, -155.792327, -160.261657, 5e+16, 3.6983621e+23, 59952.3546, -83334.6159, 300.091302, 96.3990461, 96.3035129, 0.866667, 0.866667, 5e+16, 3229.53472, 77.169919, 0.965698666, 2370.81975, -70.1707769, 2793.72981, 2101.83351, -32.0957766, -1618.77385, -1091.1951, 0, 1.20051863e-08, 1.20051863e-08, 306188396, 306188396, 0, 0.27, 3.332, 0, 2723.55904, -1650.86962, 0, 4.87671434e+16, 0, 0, 0, 0
11.1324218, 0, 0, 5e+16, 0, 9.19886211e-22, 3.718e+18, 6.44e+20, 4.85, 4, 157.967878, 96.3034836, 0.866667, 103574.199, 0, 3.15436897e+15, 2.64027433e+17, 3157.63191, -155.792393, -160.257806, 5e+16, 2.60365941e+23, 60364.7702, -84109.4387, 300.090363, 96.3990239, 96.3034996, 0.866667, 0.866667, 5e+16, 3187.47624, 53.9393556, 0.965746626, 2352.76326, -49.0124629, 2756.5176, 2098.64185, -22.4663442, -1598.30782, -1062.76729, 0, 1.2005133e-08, 1.2005133e-08, 305276873, 305276873, 0, 0.27, 3.332, 0, 2707.50514, -1620.77417, 0, 4.91480707e+16, 0, 0, 0, 0
11.140625, 0, 0, 5e+16, 0, 9.16187332e-22, 3.718e+18, 6.44e+20, 4.85, 4, 157.915265, 96.3962499, 0.866667, 110934.3, 0, 4.0018587e+14, 2.12675139e+17, 2560.00868, -155.793166, -160.199611, 5e+16, 4.94150812e+22, 64099.3942, -90480.6828, 300.077474, 96.3982159, 96.3962658, 0.866667, 0.866667, 5e+16, 2567.12045, 15.4174294, 0.966569922, 1868.71053, -13.5990071, 2257.6219, 1734.48389, -7.26206731, -1218.53826, -695.349532, 0, 1.20044008e-08, 1.20044008e-08, 258863503, 258863503, 0, 0.27, 3.332, 0, 2244.02289, -1225.80032, 0, 4.98360566e+16, 0, 0, 0, 0
11.1412109, 0, 0, 5e+16, 0, 9.15950611e-22, 3.718e+18, 6.44e+20, 4.85, 4, 157.911867, 96.3956533, 0.866667, 111575.559, 0, 3.49451249e+14, 2.07260915e+17, 2533.02434, -155.793273, -160.195546, 5e+16, 2.93340327e+22, 64310.8351, -91149.1156, 300.076644, 96.3981881, 96.3956533, 0.866667, 0.866667, 5e+16, 2537.92505, 9.40538238, 0.966605076, 1858.19114, -8.31044097, 2232.95638, 1726.00998, -4.40202187, -1202.58954, -674.431393, 0, 1.20043536e-08, 1.20043536e-08, 257367490, 257367490, 0, 0.27, 3.332, 0, 2224.64593, -1206.99156, 0, 4.99036205e+16, 0, 0, 0, 0
11.1494141, 0, 0, 5e+16, 0, 9.12653662e-22, 3.718e+18, 6.44e+20, 4.85, 4, 157.856781, 96.2533309, 0.866667, 117292.272, 0, 3.95912203e+13, 1.70314303e+17, 2082.38884, -155.794489, -160.135392, 5e+16, 5.6691312e+21, 66514.4551, -96573.6831, 300.065108, 96.3974646, 96.2533309, 0.866667, 0.866667, 5e+16, 2083.72756, 3.08298893, 0.967248749, 1456.53684, -2.68985992, 1866.16088, 1417.22422, -1.50623298, -921.686485, -323.907956, 0, 1.20036984e-08, 1.20036984e-08, 216358788, 216358788, 0, 0.27, 3.332, 0, 1863.47101, -923.192719, 0, 4.99813219e+16, 0, 0, 0, 0
11.15, 0, 0, 5e+16, 0, 9.1244565e-22, 3.718e+18, 6.44e+20, 4.85, 4, 157.853273, 96.2525994, 0.866667, 117868.241, 0, 3.42742511e+13, 1.64758511e+17, 2053.40558, -155.79471, -160.131027, 5e+16, 2.90634246e+21, 66663.4941, -97192.7164, 300.064377, 96.3974487, 96.2525994, 0.866667, 0.866667, 5e+16, 2054.16746, 1.56539852, 0.967277679, 1459.54837, -1.33640265, 1841.88144, 1404.25486, -0.804215139, -904.503479, -299.056953, 0, 1.20036568e-08, 1.20036568e-08, 214064354, 214064354, 0, 0.27, 3.332, 0, 1840.54503, -905.307695, 0, 4.99904502e+16, 0, 0, 0, 0
11.1582031, 0, 0, 5e+16, 0, 9.09504988e-22, 3.718e+18, 6.44e+20, 4.85, 4, 157.796632, 96.3796138, 0.866667, 126092.547, 0, 3.44870701e+12, 1.26113372e+17, 1610.68278, -155.797434, -160.067483, 5e+16, 5.7853044e+20, 68512.3343, -105827.919, 300.054051, 96.3968722, 96.3796138, 0.866667, 0.866667, 5e+16, 1610.79587, 0.499756303, 0.96801716, 1051.57025, -0.394981117, 1360.17509, 1035.05873, -0.303933737, -861.196556, 31.2163563, 0, 1.20030702e-08, 1.20030702e-08, 190302653, 190302653, 0, 0.27, 3.332, 0, 1359.78011, -861.50049, 0, 4.99980977e+16, 0, 0, 0, 0
11.159375, 0, 0, 5e+16, 0, 9.09166531e-22, 3.718e+18, 6.44e+20, 4.85, 4, 157.789867, 96.379956, 0.866667, 126832.46, 0, 2.56803003e+12, 1.18132014e+17, 1583.56597, -155.798291, -160.059028, 5e+16, 2.21740171e+20, 67782.6256, -107156.859, 300.052856, 96.39689, 96.379956, 0.866667, 0.866667, 5e+16, 1583.65216, 0.206595381, 0.968037468, 1082.04461, -0.173639148, 1341.16198, 1027.77933, -0.111706781, -841.758639, 66.590773, 0, 1.20030023e-08, 1.20030023e-08, 187862455, 187862455, 0, 0.27, 3.332, 0, 1340.98834, -841.870346, 0, 4.99992714e+16, 0, 0, 0, 0
11.1757813, 0, 0, 5e+16, 0, 9.04423556e-22, 3.718e+18, 6.44e+20, 4.85, 4, 157.669399, 96.3093019, 0.866667, 126804.09, 0, 1.58283826e+10, 2.10106474e+17, 12972.9292, -155.809382, -159.953483, 5e+16, 3.47201032e+19, 57095.496, -113222.704, 300.036124, 96.3972618, 96.3093019, 0.866667, 0.866667, 5e+16, 12972.945, 0.102067677, 0.96673562, 12891.4567, -0.0774865146, 12933.2721, 12455.9292, -0.0664350472, -289.45626, 343.350055, 0, 1.20020519e-08, 1.20020519e-08, 1.20378672e+09, 1.20378672e+09, 0, 0.27, 3.332, 0, 12933.1946, -289.522695, 0, 4.99998859e+16, 0, 0, 0, 0
11.1945313, 0, 0, 5e+16, 0, 9.01333636e-22, 3.718e+18, 6.44e+20, 4.85, 4, 157.584954, 95.2421415, 0.866667, 150187.811, 0, 224448336, 6.03828437e+16, 12837.5628, -155.83495, -159.836814, 5e+16, 1.91209024e+16, 42591.1579, -142040.451, 300.025145, 96.3976459, 95.2421415, 0.866667, 0.866667, 5e+16, 12837.5629, 0.000227151848, 0.965899119, 13830.4025, -0.000202249625, 12832.6126, 13222.4285, -0.000103110429, -198.357959, 1008.01557, 0, 1.20014282e-08, 1.20014282e-08, 1.18930581e+09, 1.18930581e+09, 0, 0.27, 3.332, 0, 12832.6123, -198.358063, 0, 4.99999999e+16, 0, 0, 0, 0
11.2109375, 0, 0, 5e+16, 0, 8.97666881e-22, 3.718e+18, 6.44e+20, 4.85, 4, 157.470203, 94.3838204, 0.866667, 175319.075, 0, 1229548.57, 4.88743539e+16, 5765.83963, -155.854787, -159.716595, 5e+16, 1.18837642e+16, 26750.6613, -173263.474, 300.012141, 96.3982478, 94.3838204, 0.866667, 0.866667, 5e+16, 5765.83974, 0.000206287135, 0.966005822, 8359.46468, -0.000184796243, 5762.21164, 7748.04418, -9.16773177e-05, -28.0452158, 1452.71788, 0, 1.20006897e-08, 1.20006897e-08, 412609265, 412609265, 0, 0.27, 3.332, 0, 5762.21146, -28.0453075, 0, 5e+16, 0, 0, 0, 0
11.2484375, 0, 0, 5e+16, 0, 8.96578834e-22, 3.718e+18, 6.44e+20, 4.85, 4, 157.473118, 84.0775638, 0.866667, 214066.849, 0, 58230.1528, 1.13758071e+15, 5741.11481, -155.936544, -159.622302, 5e+16, 3.91275683e+13, -32226.2262, -203483.077, 300.008258, 96.3983179, 84.0775638, 0.866667, 0.866667, 5e+16, 5741.11481, 3.90457075e-06, 0.965789476, 7812.62018, -3.84373599e-06, 5741.09406, 7803.65628, -6.86146366e-07, -15.1579086, 170.892084, 0, 1.20004691e-08, 1.20004691e-08, 409615384, 409615384, 0, 0.27, 3.332, 0, 5741.09405, -15.1579093, 0, 5e+16, 0, 0, 0, 0
11.28125, 0, 0, 5e+16, 0, 8.95110247e-22, 3.718e+18, 6.44e+20, 4.85, 4, 157.391269, 75.0595893, 0.866667, 243738.842, 0, 1087.60137, 1.67891342e+14, 896.316594, -155.99013, -159.490978, 5e+16, 3.90251233e+13, -102602.177, -220898.888, 300.003019, 96.3999993, 75.0595893, 0.866667, 0.866667, 5e+16, 896.316598, 3.90293106e-06, 0.966282237, 3097.65995, -3.84227855e-06, 896.315814, 3075.3292, -6.85395063e-07, -0.0362433682, -367.765132, 0, 1.20001715e-08, 1.20001715e-08, 28326535.6, 28326535.6, 0, 0.27, 3.332, 0, 896.31581, -0.0362440536, 0, 5e+16, 0, 0, 0, 0
11.35625, 0, 0, 5e+16, 0, 8.95411684e-22, 3.718e+18, 6.44e+20, 4.85, 4, 158.787979, 83.9901389, 0.866667, 275525.622, 0, 472.570224, 4.21878336e+11, 896.16788, -157.408391, -160.732923, 5e+16, 8.10587032e+12, -180061.228, -198324.749, 300.004096, 93.9489965, 84.4811248, 0.866667, 0.866667, 5e+16, 896.167879, 7.99175319e-07, 0.967164253, 2847.74889, -7.96499059e-07, 896.167878, 2680.44705, -6.53486164e-08, -0.0210002165, -706.031112, 0, 1.20002326e-08, 1.20002326e-08, 28322679.3, 28322679.3, 0, 0.27, 3.332, 0, 896.167878, -0.0210002818, 0, 5e+16, 0, 0, 0, 0
11.421875, 0, 0, 5e+16, 0, 8.95559733e-22, 3.718e+18, 6.44e+20, 4.85, 4, 160.080937, 90.956521, 0.866667, 292367.471, 0, 552.007086, 56605804.1, 2.18865765e-06, -158.672658, -161.795371, 5e+16, 8.10588359e+12, -243448.723, -161501.572, 300.004625, 90.956521, 92.7249684, 0.866667, 0.866667, 5e+16, 1.47532403e-06, 7.99175391e-07, 0.968171528, 1428.32178, -7.96499134e-07, -1.31671758e-06, 1156.95636, -6.53485568e-08, -4.7695442e-07, -834.961613, 0, 1.20002627e-08, 1.20002627e-08, 0.61045098, 0.61045098, 0, 0.27, 3.332, 0, -2.11321671e-06, -5.42302977e-07, 0, 5e+16, 0, 0, 0, 0
11.496875, 0, 0, 5e+16, 0, 8.97656702e-22, 3.718e+18, 6.44e+20, 4.85, 4, 162.176437, 79.6603223, 0.866667, 307619.268, 0, 49984.2818, 30446526.9, 0.00073745011, -160.651684, -163.874818, 5e+16, 2.89782092e+14, -279050.179, -124683.52, 300.012096, 79.6603223, 94.6446093, 0.866667, 0.866667, 5e+16, 1.30633456e-06, 0.000736158731, 0.969533674, 1134.24728, -0.000730284352, -1.28243839e-06, 855.130275, 9.28140016e-05, -2.44127537e-07, -721.020001, 0, 1.20006871e-08, 1.20006871e-08, 225.762573, 225.762573, 0, 0.27, 3.332, 0, -0.000731566793, 9.2569874e-05, 0, 4.99999999e+16, 0, 0, 0, 0
11.5625, 0, 0, 5e+16, 0, 8.99012881e-22, 3.718e+18, 6.44e+20, 4.85, 4, 164.075457, 69.5837393, 0.866667, 319352.862, 0, 23361781, 13251885.8, 0.000736993293, -162.383927, -165.752319, 5e+16, 3.04359622e+14, -305281.834, -93515.4882, 300.016933, 69.5837393, 96.3242951, 0.866667, 0.866667, 5e+16, 6.27750037e-07, 0.000736383607, 0.970801875, 764.433567, -0.000730507484, -6.19234028e-07, 477.206373, 9.28419551e-05, -8.61064202e-08, -596.531042, 0, 1.20009618e-08, 1.20009618e-08, 225.682386, 225.682386, 0, 0.27, 3.332, 0, -0.00073112672, 9.27558485e-05, 0, 4.99999999e+16, 0, 0, 0, 0
11.6375, 0, 0, 5e+16, 0, 9.0653768e-22, 3.718e+18, 6.44e+20, 4.85, 4, 166.469035, 65.1698273, 0.866667, 328975.312, 0, 6.61525779e+09, 16006876.5, 29.2108942, -164.631565, -168.150704, 5e+16, 4.30567643e+14, -321456.335, -66521.7311, 300.04348, 65.1698273, 96.3643906, 0.866667, 0.866667, 5e+16, 7.57735886e-07, 29.2108934, 0.971761743, 602.839327, -28.9577625, -7.547018e-07, 347.772883, 3.83722354, -6.72432416e-08, -487.212279, 0, 1.20024697e-08, 1.20024697e-08, 9721991.57, 9721991.57, 0, 0.27, 3.332, 0, -28.9577633, 3.83722347, 0, 4.99950373e+16, 0, 0, 0, 0
11.703125, 0, 0, 5e+16, 0, 9.11516871e-22, 3.718e+18, 6.44e+20, 4.85, 4, 168.607823, 61.7647349, 0.866667, 336483.645, 0, 4.91824473e+12, 15246412.4, 29.5311275, -166.599455, -170.288185, 5e+16, 1.45083765e+15, -333359.684, -45667.2537, 300.06111, 61.7647349, 96.3994741, 0.866667, 0.866667, 5e+16, 7.72908216e-07, 29.5311267, 0.972638457, 455.388211, -29.2753517, -7.70595242e-07, 237.223668, 3.87829017, -5.70187238e-08, -386.893305, 0, 1.20034712e-08, 1.20034712e-08, 9857836.97, 9857836.97, 0, 0.27, 3.332, 0, -29.2753525, 3.87829011, 0, 4.99949683e+16, 0, 0, 0, 0
11.778125, 0, 0, 5e+16, 0, 9.33126118e-22, 3.718e+18, 6.44e+20, 4.85, 4, 171.160441, 59.7534821, 0.866667, 344666.444, 0, 4.75645378e+13, 20384144.1, 2092.27263, -169.093451, -172.848103, 5e+16, 1.75145581e+15, -343187.474, -28532.441, 300.135174, 59.7534821, 96.3997543, 0.866667, 0.866667, 5e+16, 1.0059319e-06, 2092.27263, 0.972023523, 2202.94439, -2070.1428, -1.00507701e-06, -1831.3378, 303.501804, -3.87214264e-08, -9.08942567, 0, 1.20076788e-08, 1.20076788e-08, 735264651, 735264651, 0, 0.27, 3.332, 0, -2070.14281, 303.501804, 0, 4.96543568e+16, 0, 0, 0, 0
11.84375, 0, 0, 5e+16, 0, 9.47671658e-22, 3.718e+18, 6.44e+20, 4.85, 4, 173.422473, 58.2402212, 0.866667, 351075.158, 0, 9.55697717e+14, 20378171.4, 2290.89291, -171.27795, -175.109987, 5e+16, 1.75032909e+15, -350736.737, -15407.9383, 300.185537, 58.2402212, 96.3999995, 0.866667, 0.866667, 5e+16, 1.04020257e-06, 2290.8929, 0.972504686, 2103.24378, -2267.07726, -1.03980843e-06, -2055.64967, 329.324899, -2.85143243e-08, 82.1746461, 0, 1.20105399e-08, 1.20105399e-08, 824032772, 824032772, 0, 0.27, 3.332, 0, -2267.07727, 329.324899, 0, 4.96121047e+16, 0, 0, 0, 0
11.91875, 0, 0, 5e+16, 0, 9.92568957e-22, 3.718e+18, 6.44e+20, 4.85, 4, 176.093313, 56.8845191, 0.866667, 358968.771, 0, 2.22850191e+15, 26366276.2, 12335.0598, -173.926966, -177.78709, 5e+16, 2.1938527e+15, -358813.806, -6001.72321, 300.330051, 56.8845191, 96.3999998, 0.866667, 0.866667, 5e+16, 1.36869364e-06, 12335.0598, 0.964979564, 12153.5687, -12224.9351, -1.36842325e-06, -12012.9939, 1644.57724, -5.54645663e-09, 1460.40599, 0, 1.20187522e-08, 1.20187522e-08, 4.53276549e+09, 4.53276549e+09, 0, 0.27, 3.332, 0, -12224.9351, 1644.57724, 0, 4.83349984e+16, 0, 0, 0, 0
11.984375, 0, 0, 5e+16, 0, 1.02529296e-21, 3.718e+18, 6.44e+20, 4.85, 4, 178.447142, 55.8508259, 0.866667, 365336.395, 0, 8.1131217e+15, 26987619.2, 15496.0149, -176.247441, -180.141221, 5e+16, 2.24557371e+15, -365333.079, 1410.77237, 300.437629, 55.8508259, 96.4, 0.866667, 0.866667, 5e+16, 1.44934329e-06, 15496.0149, 0.96365671, 15266.3482, -15364.9026, -1.44929146e-06, -15149.9101, 2008.41094, 7.2607773e-09, 1871.78245, 0, 1.2024865e-08, 1.2024865e-08, 6.0117489e+09, 6.0117489e+09, 0, 0.27, 3.332, 0, -15364.9026, 2008.41094, 0, 4.7733369e+16, 0, 0, 0, 0
12.059375, 0, 0, 5e+16, 0, 1.09181077e-21, 3.718e+18, 6.44e+20, 4.85, 4, 181.227736, 54.6881218, 0.866667, 373050.648, 0, 1.17417839e+16, 33270040.8, 33474.377, -179.018558, -182.9267, 5e+16, 2.80009844e+15, -372986.148, 5421.20424, 300.631923, 54.6881218, 96.4, 0.866667, 0.866667, 5e+16, 1.85744731e-06, 33474.377, 0.944969137, 33241.3444, -33305.4984, -1.85712331e-06, -33081.2018, 3353.52111, 2.67480829e-08, 3258.99673, 0, 1.20359111e-08, 1.20359111e-08, 1.30029144e+10, 1.30029144e+10, 0, 0.27, 3.332, 0, -33305.4984, 3353.52111, 0, 4.62820529e+16, 0, 0, 0, 0
12.125, 0, 0, 5e+16, 0, 1.14730649e-21, 3.718e+18, 6.44e+20, 4.85, 4, 183.668765, 53.7733622, 0.866667, 379464.275, 0, 2.16558237e+16, 36012240.9, 44959.2764, -181.443822, -185.369318, 5e+16, 2.99870514e+15, -379363.097, 8714.55961, 300.798665, 53.7733622, 96.4, 0.866667, 0.866667, 5e+16, 2.01480235e-06, 44959.2764, 0.938946459, 44717.739, -44769.9711, -2.01443228e-06, -44532.5829, 4094.24105, 3.71996086e-08, 4034.17581, 0, 1.20453896e-08, 1.20453896e-08, 1.86171525e+10, 1.86171525e+10, 0, 0.27, 3.332, 0, -44769.9711, 4094.24105, 0, 4.47204765e+16, 0, 0, 0, 0
12.2, 0, 0, 5e+16, 0, 1.22276591e-21, 3.718e+18, 6.44e+20, 4.85, 4, 186.556405, 52.7200444, 0.866667, 386857.31, 0, 2.60418866e+16, 42474949, 63184.2808, -184.326774, -188.260699, 5e+16, 3.61657117e+15, -386735.408, 9584.84292, 300.995789, 52.7200444, 96.4, 0.866667, 0.866667, 5e+16, 2.46870047e-06, 63184.2808, 0.913322395, 62934.2861, -63030.318, -2.46817426e-06, -62782.5673, 4402.35067, 4.92130142e-08, 4363.92622, 0, 1.20566023e-08, 1.20566023e-08, 2.61768248e+10, 2.61768248e+10, 0, 0.27, 3.332, 0, -63030.318, 4402.35067, 0, 4.36596584e+16, 0, 0, 0, 0
12.265625, 0, 0, 5e+16, 0, 1.29543082e-21, 3.718e+18, 6.44e+20, 4.85, 4, 189.085596, 51.8560598, 0.866667, 393128.925, 0, 3.57336886e+16, 47424206.7, 83012.5625, -186.847845, -190.792214, 5e+16, 3.95546685e+15, -392988.536, 10476.9174, 301.189844, 51.8560598, 96.4, 0.866667, 0.866667, 5e+16, 2.69234431e-06, 83012.5625, 0.902613477, 82750.1972, -82869.1522, -2.69174164e-06, -82607.1967, 4773.98801, 5.62119609e-08, 4755.72856, 0, 1.20676394e-08, 1.20676394e-08, 3.6307691e+10, 3.6307691e+10, 0, 0.27, 3.332, 0, -82869.1522, 4773.98801, 0, 4.18745799e+16, 0, 0, 0, 0
12.340625, 0, 0, 5e+16, 0, 1.36715859e-21, 3.718e+18, 6.44e+20, 4.85, 4, 192.075032, 50.921595, 0.866667, 400082.696, 0, 3.96171312e+16, 53753079.2, 97266.9316, -189.834682, -193.784444, 5e+16, 4.56861943e+15, -399958.948, 9949.40756, 301.358709, 50.921595, 96.4, 0.866667, 0.866667, 5e+16, 3.14909028e-06, 97266.9316, 0.877850321, 96995.5838, -97174.3196, -3.14849275e-06, -96903.1299, 4243.47367, 6.10009848e-08, 4233.74538, 0, 1.20772493e-08, 1.20772493e-08, 4.27035597e+10, 4.27035597e+10, 0, 0.27, 3.332, 0, -97174.3196, 4243.47367, 0, 4.11809896e+16, 0, 0, 0, 0
12.40625, 0, 0, 5e+16, 0, 1.4437569e-21, 3.718e+18, 6.44e+20, 4.85, 4, 194.690793, 50.1276729, 0.866667, 406057.2, 0, 4.69517902e+16, 59854255.1, 118668.257, -192.446104, -196.402502, 5e+16, 4.98537175e+15, -405938.62, 9803.19121, 301.539783, 50.1276729, 96.4, 0.866667, 0.866667, 5e+16, 3.40902067e-06, 118668.257, 0.866221037, 118385.32, -118592.179, -3.40839452e-06, -118308.925, 4081.5432, 6.48708011e-08, 4081.70703, 0, 1.20875538e-08, 1.20875538e-08, 5.42362676e+10, 5.42362676e+10, 0, 0.27, 3.332, 0, -118592.179, 4081.5432, 0, 3.9801321e+16, 0, 0, 0, 0
12.48125, 0, 0, 5e+16, 0, 1.5042376e-21, 3.718e+18, 6.44e+20, 4.85, 4, 197.775391, 49.3081869, 0.866667, 412524.017, 0, 4.99532277e+16, 65655938.4, 128907.131, -195.529152, -199.489151, 5e+16, 5.53930712e+15, -412428.039, 8880.04281, 301.670574, 49.3081869, 96.4, 0.866667, 0.866667, 5e+16, 3.83540037e-06, 128907.131, 0.8470369, 128616.574, -128865.951, -3.8348558e-06, -128575.227, 3254.48618, 6.45890864e-08, 3256.68652, 0, 1.2095e-08, 1.2095e-08, 5.92578434e+10, 5.92578434e+10, 0, 0.27, 3.332, 0, -128865.951, 3254.48618, 0, 3.93540605e+16, 0, 0, 0, 0
12.546875, 0, 0, 5e+16, 0, 1.5719806e-21, 3.718e+18, 6.44e+20, 4.85, 4, 200.473583, 48.5981135, 0.866667, 418108.681, 0, 5.46585751e+16, 71822828.6, 146047.096, -198.22506, -202.189286, 5e+16, 5.96839522e+15, -418023.899, 8419.40167, 301.814706, 48.5981135, 96.4, 0.866667, 0.866667, 5e+16, 4.10122284e-06, 146047.096, 0.837720881, 145747.382, -146015.967, -4.10068651e-06, -145715.982, 2848.95991, 6.60268825e-08, 2855.59529, 0, 1.21032062e-08, 1.21032062e-08, 6.91436255e+10, 6.91436255e+10, 0, 0.27, 3.332, 0, -146015.967, 2848.95991, 0, 3.84904706e+16, 0, 0, 0, 0
12.621875, 0, 0, 5e+16, 0, 1.61837599e-21, 3.718e+18, 6.44e+20, 4.85, 4, 203.646034, 47.8841504, 0.866667, 424086.409, 0, 5.67578307e+16, 76849490.2, 153093.471, -201.396573, -205.363244, 5e+16, 6.43836154e+15, -424018.416, 7543.91515, 301.908849, 47.8841504, 96.4, 0.866667, 0.866667, 5e+16, 4.48062673e-06, 153093.471, 0.825090945, 152788.14, -153079.208, -4.48017898e-06, -152773.757, 2085.90161, 6.33414599e-08, 2092.00119, 0, 1.21085674e-08, 1.21085674e-08, 7.29705437e+10, 7.29705437e+10, 0, 0.27, 3.332, 0, -153079.208, 2085.90161, 0, 3.82081359e+16, 0, 0, 0, 0
12.6875, 0, 0, 5e+16, 0, 1.67023227e-21, 3.718e+18, 6.44e+20, 4.85, 4, 206.420999, 47.259846, 0.866667, 429258.563, 0, 5.9358498e+16, 82411278.9, 164193.212, -204.170412, -208.139751, 5e+16, 6.8341845e+15, -429200.306, 7067.09575, 302.010748, 47.259846, 96.4, 0.866667, 0.866667, 5e+16, 4.73168662e-06, 164193.212, 0.819076064, 163881.376, -164183.207, -4.73125978e-06, -163871.231, 1687.78668, 6.33685456e-08, 1695.92832, 0, 1.21143712e-08, 1.21143712e-08, 8.00082937e+10, 8.00082937e+10, 0, 0.27, 3.332, 0, -164183.207, 1687.78668, 0, 3.77463226e+16, 0, 0, 0, 0
12.7625, 0, 0, 5e+16, 0, 1.70284438e-21, 3.718e+18, 6.44e+20, 4.85, 4, 209.674439, 46.6351469, 0.866667, 434765.595, 0, 6.06687015e+16, 86598675.3, 168750.275, -207.423314, -211.394311, 5e+16, 7.21833067e+15, -434717.863, 6364.87501, 302.074041, 46.6351469, 96.4, 0.866667, 0.866667, 5e+16, 5.06068175e-06, 168750.275, 0.811997611, 168434.94, -168746.653, -5.06032722e-06, -168431.265, 1105.07789, 5.98970599e-08, 1111.97787, 0, 1.21179763e-08, 1.21179763e-08, 8.28260685e+10, 8.28260685e+10, 0, 0.27, 3.332, 0, -168746.653, 1105.07789, 0, 3.75794586e+16, 2.74298806e-12, 2.74408581e-12, 0, 0
12.828125, 0, 0, 5e+16, 0, 1.73772025e-21, 3.718e+18, 6.44e+20, 4.85, 4, 212.520376, 46.0873725, 0.866667, 439528.308, 0, 6.17915654e+16, 91328274.4, 174582.22, -210.268801, -214.241459, 5e+16, 7.56197857e+15, -439487.703, 5954.82448, 302.138981, 46.0873725, 96.4, 0.866667, 0.866667, 5e+16, 5.28752229e-06, 174582.22, 0.808862679, 174262.909, -174580, -5.28718955e-06, -174260.634, 802.941606, 5.9204288e-08, 810.962448, 0, 1.2121676e-08, 1.2121676e-08, 8.71553916e+10, 8.71553916e+10, 0, 0.27, 3.332, 0, -174580, 802.941606, 0, 3.73869937e+16, 7.50064572e-12, 7.5127974e-12, 0, 0
12.903125, 0, 0, 5e+16, 0, 1.75857236e-21, 3.718e+18, 6.44e+20, 4.85, 4, 215.848156, 45.5402962, 0.866667, 444594.16, 7883332.19, 6.24904623e+16, 94746437.4, 177238.328, -213.596305, -217.57009, 5e+16, 7.87088668e+15, -444559.769, 5432.93294, 302.178293, 45.5402962, 96.4, 0.866667, 0.866667, 5e+16, 5.57107826e-06, 177238.328, 0.805798834, 176917.541, -177237.841, -5.57079708e-06, -176917.039, 412.594287, 5.59628668e-08, 419.414937, 0, 1.21239155e-08, 1.21239155e-08, 8.91435679e+10, 8.91435679e+10, 0, 0.27, 3.332, 0, -177237.841, 412.594287, 0, 3.73003933e+16, 1.35900893e-11, 1.36094298e-11, 0, 0
12.96875, 0, 0, 5e+16, 0, 1.77892118e-21, 3.718e+18, 6.44e+20, 4.85, 4, 218.759301, 45.060175, 0.866667, 448974.688, 1.70551026e+13, 6.26810713e+16, 98658135.1, 179324.32, -216.507388, -220.482191, 5e+16, 8.16013969e+15, -448945.263, 5102.66761, 302.214962, 45.060175, 96.4, 0.866667, 0.866667, 5e+16, 5.77274229e-06, 179324.32, 0.804708872, 179001.883, -179324.129, -5.77247893e-06, -179001.678, 217.29658, 5.50708522e-08, 224.920245, 0, 1.21260048e-08, 1.21260048e-08, 9.14057826e+10, 9.14057826e+10, 0, 0.27, 3.332, 0, -179324.129, 217.29658, 0, 3.72716993e+16, 1.65088849e-11, 1.65385256e-11, 0, 0
13.04375, 0, 0, 5e+16, 0, 1.79067191e-21, 3.718e+18, 6.44e+20, 4.85, 4, 222.155468, 44.5777555, 0.866667, 453634.591, 2.57031474e+13, 6.29457388e+16, 101459898, 180600.368, -219.903455, -223.879029, 5e+16, 8.41055248e+15, -453608.856, 4722.62577, 302.236737, 44.5777555, 96.4, 0.866667, 0.866667, 5e+16, 6.02039604e-06, 180600.368, 0.804264121, 180278.302, -180600.335, -6.02016883e-06, -180278.272, -27.3478651, 5.22938751e-08, -20.6562209, 0, 1.21272454e-08, 1.21272454e-08, 9.27471964e+10, 9.27471964e+10, 0, 0.27, 3.332, 0, -180600.335, -27.3478651, 0, 3.72396948e+16, 2.61592284e-11, 2.62035605e-11, 0, 0
13.109375, 0, 0, 5e+16, 0, 1.80015781e-21, 3.718e+18, 6.44e+20, 4.85, 4, 225.12658, 44.1545752, 0.866667, 457661.296, 3.65400669e+13, 6.25768994e+16, 104715745, 180332.772, -222.874729, -226.850918, 5e+16, 8.65483816e+15, -457639.072, 4456.61909, 302.253538, 44.1545752, 96.4, 0.866667, 0.866667, 5e+16, 6.20093471e-06, 180332.772, 0.804454843, 180011.158, -180332.715, -6.2007215e-06, -180011.106, -144.115263, 5.1374365e-08, -136.720775, 0, 1.21282028e-08, 1.21282028e-08, 9.36107141e+10, 9.36107141e+10, 0, 0.27, 3.332, 0, -180332.715, -144.115263, 0, 3.73070303e+16, 3.45767851e-11, 3.46437593e-11, 0, 0
13.184375, 0, 0, 5e+16, 0, 1.80535392e-21, 3.718e+18, 6.44e+20, 4.85, 4, 228.585576, 43.7279822, 0.866667, 461952.631, 5.23383701e+13, 6.25593072e+16, 107082454, 180665.301, -226.333737, -230.310471, 5e+16, 8.86466608e+15, -461932.646, 4182.12492, 302.263082, 43.7279822, 96.4, 0.866667, 0.866667, 5e+16, 6.42299304e-06, 180665.301, 0.805584376, 180345.717, -180665.034, -6.4228043e-06, -180345.462, -281.476571, 4.92327581e-08, -274.722844, 0, 1.21287465e-08, 1.21287465e-08, 9.44748993e+10, 9.44748993e+10, 0, 0.27, 3.332, 0, -180665.034, -281.476571, 0, 3.73103003e+16, 5.17810058e-11, 5.1872768e-11, 0, 0
13.25, 0, 0, 5e+16, 0, 1.80742257e-21, 3.718e+18, 6.44e+20, 4.85, 4, 231.611771, 43.3538595, 0.866667, 465661.186, 7.1010154e+13, 6.18918931e+16, 109863595, 179055.441, -229.360215, -233.337324, 5e+16, 9.0758586e+15, -465643.735, 3966.54469, 302.266721, 43.3538595, 96.4, 0.866667, 0.866667, 5e+16, 6.58803219e-06, 179055.441, 0.806500838, 178738.194, -179055.1, -6.58785383e-06, -178737.869, -342.23309, 4.84436967e-08, -334.807138, 0, 1.2128954e-08, 1.2128954e-08, 9.44638024e+10, 9.44638024e+10, 0, 0.27, 3.332, 0, -179055.1, -342.23309, 0, 3.74282141e+16, 6.68004524e-11, 6.69266595e-11, 0, 0
13.325, 0, 0, 5e+16, 0, 1.80814497e-21, 3.718e+18, 6.44e+20, 4.85, 4, 235.128716, 42.9737718, 0.866667, 469616.68, 9.74953228e+13, 6.17001941e+16, 111950002, 178780.018, -232.877242, -236.854755, 5e+16, 9.25972533e+15, -469600.663, 3762.54758, 302.268044, 42.9737718, 96.4, 0.866667, 0.866667, 5e+16, 6.79278928e-06, 178780.018, 0.808497994, 178466.284, -178779.477, -6.79262846e-06, -178465.759, -415.81877, 4.67373992e-08, -408.790265, 0, 1.21290293e-08, 1.21290293e-08, 9.49908824e+10, 9.49908824e+10, 0, 0.27, 3.332, 0, -178779.477, -415.81877, 0, 3.74536724e+16, 9.53631205e-11, 9.55254374e-11, 0, 0
13.390625, 0, 0, 5e+16, 0, 1.80548169e-21, 3.718e+18, 6.44e+20, 4.85, 4, 238.205683, 42.6406696, 0.866667, 473033.234, 1.27366797e+14, 6.08801696e+16, 114423864, 176484.705, -235.954558, -239.932305, 5e+16, 9.44946693e+15, -473019.125, 3581.90084, 302.263357, 42.6406696, 96.4, 0.866667, 0.866667, 5e+16, 6.94704338e-06, 176484.705, 0.809780053, 176174.994, -176484.111, -6.94689071e-06, -176174.417, -445.272858, 4.60262401e-08, -437.588951, 0, 1.21287621e-08, 1.21287621e-08, 9.44670071e+10, 9.44670071e+10, 0, 0.27, 3.332, 0, -176484.111, -445.272858, 0, 3.75973943e+16, 1.20314524e-10, 1.20524629e-10, 0, 0
13.465625, 0, 0, 5e+16, 0, 1.8032919e-21, 3.718e+18, 6.44e+20, 4.85, 4, 241.775989, 42.3014874, 0.866667, 476684.382, 1.68780792e+14, 6.059301e+16, 116336695, 175842.198, -239.524986, -243.503053, 5e+16, 9.6172124e+15, -476671.221, 3429.46016, 302.259344, 42.3014874, 96.4, 0.866667, 0.866667, 5e+16, 7.13997725e-06, 175842.198, 0.812193553, 175537.322, -175841.506, -7.13983678e-06, -175536.649, -473.418324, 4.47860318e-08, -465.943385, 0, 1.21285336e-08, 1.21285336e-08, 9.47641723e+10, 9.47641723e+10, 0, 0.27, 3.332, 0, -175841.506, -473.418324, 0, 3.76355352e+16, 1.65003654e-10, 1.65260524e-10, 0, 0
13.53125, 0, 0, 5e+16, 0, 1.7978049e-21, 3.718e+18, 6.44e+20, 4.85, 4, 244.89971, 42.0042454, 0.866667, 479839.438, 2.13743193e+14, 5.97254799e+16, 118599175, 173262.957, -242.64908, -246.627302, 5e+16, 9.7921921e+15, -479827.733, 3277.62666, 302.249641, 42.0042454, 96.4, 0.866667, 0.866667, 5e+16, 7.28655704e-06, 173262.957, 0.813621316, 172963.609, -173262.245, -7.28642271e-06, -172962.919, -480.847597, 4.42170744e-08, -472.733784, 0, 1.21279807e-08, 1.21279807e-08, 9.39631913e+10, 9.39631913e+10, 0, 0.27, 3.332, 0, -173262.245, -480.847597, 0, 3.77872672e+16, 2.04055028e-10, 2.04373137e-10, 0, 0
13.60625, 0, 0, 5e+16, 0, 1.79383583e-21, 3.718e+18, 6.44e+20, 4.85, 4, 248.519373, 41.6993444, 0.866667, 483216.124, 2.74909855e+14, 5.93911617e+16, 120400106, 172419.098, -246.268887, -250.247376, 5e+16, 9.94945695e+15, -483205.082, 3158.96499, 302.242345, 41.6993444, 96.4, 0.866667, 0.866667, 5e+16, 7.47035943e-06, 172419.098, 0.816168906, 172125.765, -172418.362, -7.47023432e-06, -172125.051, -486.13437, 4.32348896e-08, -478.100445, 0, 1.21275649e-08, 1.21275649e-08, 9.41092267e+10, 9.41092267e+10, 0, 0.27, 3.332, 0, -172418.362, -486.13437, 0, 3.78321802e+16, 2.70442052e-10, 2.7081651e-10, 0, 0
13.671875, 0, 0, 5e+16, 0, 1.78683638e-21, 3.718e+18, 6.44e+20, 4.85, 4, 251.686318, 41.4322761, 0.866667, 486133.634, 3.39285676e+14, 5.85250901e+16, 122521428, 169797.011, -249.436212, -253.41481, 5e+16, 1.01146718e+16, -486123.743, 3027.52537, 302.229878, 41.4322761, 96.4, 0.866667, 0.866667, 5e+16, 7.61075801e-06, 169797.011, 0.817610592, 169510.551, -169796.276, -7.6106379e-06, -169509.838, -483.608746, 4.27276382e-08, -474.965243, 0, 1.21268546e-08, 1.21268546e-08, 9.3183199e+10, 9.3183199e+10, 0, 0.27, 3.332, 0, -169796.276, -483.608746, 0, 3.79837222e+16, 3.28471196e-10, 3.28920014e-10, 0, 0
13.746875, 0, 0, 5e+16, 0, 1.78186564e-21, 3.718e+18, 6.44e+20, 4.85, 4, 255.351619, 41.157601, 0.866667, 489265.099, 4.25532557e+14, 5.81775389e+16, 124229587, 168861.285, -253.101664, -257.080496, 5e+16, 1.02632537e+16, -489255.684, 2934.22724, 302.220697, 41.157601, 96.4, 0.866667, 0.866667, 5e+16, 7.78509826e-06, 168861.285, 0.8201264, 168581.888, -168860.585, -7.78498481e-06, -168581.211, -471.621976, 4.20264395e-08, -462.9641, 0, 1.21263316e-08, 1.21263316e-08, 9.32338796e+10, 9.32338796e+10, 0, 0.27, 3.332, 0, -168860.585, -471.621976, 0, 3.80310773e+16, 4.2298594e-10, 4.23497838e-10, 0, 0
13.8125, 0, 0, 5e+16, 0, 1.77420056e-21, 3.718e+18, 6.44e+20, 4.85, 4, 258.558537, 40.9169879, 0.866667, 491972.598, 5.14006096e+14, 5.73525433e+16, 126222607, 166329.999, -256.30895, -260.287866, 5e+16, 1.04194196e+16, -491964.104, 2819.92214, 302.20693, 40.9169879, 96.4, 0.866667, 0.866667, 5e+16, 7.91891895e-06, 166329.998, 0.821509218, 166058.669, -166329.315, -7.91880938e-06, -166058.008, -461.361398, 4.16201581e-08, -452.125569, 0, 1.21255471e-08, 1.21255471e-08, 9.22754387e+10, 9.22754387e+10, 0, 0.27, 3.332, 0, -166329.315, -461.361398, 0, 3.81756309e+16, 5.05606108e-10, 5.06203742e-10, 0, 0
13.8875, 0, 0, 5e+16, 0, 1.76871693e-21, 3.718e+18, 6.44e+20, 4.85, 4, 262.266279, 40.6675844, 0.866667, 494881.426, 6.30860881e+14, 5.70073331e+16, 127811024, 165369.964, -260.016844, -263.995959, 5e+16, 1.05570897e+16, -494873.302, 2741.17744, 302.196746, 40.6675844, 96.4, 0.866667, 0.866667, 5e+16, 8.0808006e-06, 165369.964, 0.823906926, 165106.622, -165369.328, -8.08069678e-06, -165106.009, -445.767472, 4.09585635e-08, -436.465616, 0, 1.21249669e-08, 1.21249669e-08, 9.2267643e+10, 9.2267643e+10, 0, 0.27, 3.332, 0, -165369.328, -445.767472, 0, 3.82233623e+16, 6.35018559e-10, 6.3568485e-10, 0, 0
13.953125, 0, 0, 5e+16, 0, 1.76088019e-21, 3.718e+18, 6.44e+20, 4.85, 4, 265.510351, 40.4492232, 0.866667, 497395.694, 7.48189309e+14, 5.62276393e+16, 129661858, 162992.13, -263.26127, -267.240443, 5e+16, 1.07029162e+16, -497388.336, 2638.07075, 302.182542, 40.4492232, 96.4, 0.866667, 0.866667, 5e+16, 8.2058e-06, 162992.13, 0.825197069, 162737.911, -162991.511, -8.20569968e-06, -162737.314, -434.994664, 4.05311143e-08, -425.161889, 0, 1.21241576e-08, 1.21241576e-08, 9.13268906e+10, 9.13268906e+10, 0, 0.27, 3.332, 0, -162991.511, -434.994664, 0, 3.83602484e+16, 7.48164847e-10, 7.48927106e-10, 0, 0
14.028125, 0, 0, 5e+16, 0, 1.75518709e-21, 3.718e+18, 6.44e+20, 4.85, 4, 269.257476, 40.2228035, 0.866667, 500103.026, 9.0128474e+14, 5.58976885e+16, 131076651, 162047.945, -267.008544, -270.98788, 5e+16, 1.08251345e+16, -500095.952, 2572.87653, 302.171907, 40.2228035, 96.4, 0.866667, 0.866667, 5e+16, 8.35164722e-06, 162047.945, 0.827435264, 161802.523, -162047.392, -8.35155141e-06, -161801.992, -412.990223, 3.99936703e-08, -403.052374, 0, 1.21235517e-08, 1.21235517e-08, 9.12847712e+10, 9.12847712e+10, 0, 0.27, 3.332, 0, -162047.392, -412.990223, 0, 3.8406525e+16, 9.19732229e-10, 9.20564039e-10, 0, 0
14.09375, 0, 0, 5e+16, 0, 1.74746098e-21, 3.718e+18, 6.44e+20, 4.85, 4, 272.536037, 40.0245062, 0.866667, 502445.056, 1.05221132e+15, 5.51789761e+16, 132725654, 159848.625, -270.287436, -274.266803, 5e+16, 1.09557502e+16, -502438.609, 2481.83339, 302.157775, 40.0245062, 96.4, 0.866667, 0.866667, 5e+16, 8.46533314e-06, 159848.625, 0.82861953, 159613.246, -159848.093, -8.46524025e-06, -159612.738, -399.474642, 3.96039021e-08, -389.049947, 0, 1.21227465e-08, 1.21227465e-08, 9.0388361e+10, 9.0388361e+10, 0, 0.27, 3.332, 0, -159848.093, -399.474642, 0, 3.85329405e+16, 1.06974629e-09, 1.07068058e-09, 0, 0
14.16875, 0, 0, 5e+16, 0, 1.74176728e-21, 3.718e+18, 6.44e+20, 4.85, 4, 276.319922, 39.8174042, 0.866667, 504970.711, 1.24717654e+15, 5.48680069e+16, 133925470, 158944.729, -274.071465, -278.050951, 5e+16, 1.10591128e+16, -504964.496, 2424.96589, 302.147075, 39.8174042, 96.4, 0.866667, 0.866667, 5e+16, 8.59403456e-06, 158944.729, 0.830676607, 158718.842, -158944.256, -8.59394582e-06, -158718.392, -378.650267, 3.90384968e-08, -368.113844, 0, 1.21221369e-08, 1.21221369e-08, 9.03287799e+10, 9.03287799e+10, 0, 0.27, 3.332, 0, -158944.256, -378.650267, 0, 3.85771521e+16, 1.29075068e-09, 1.2917543e-09, 0, 0
14.234375, 0, 0, 5e+16, 0, 1.73433539e-21, 3.718e+18, 6.44e+20, 4.85, 4, 279.63066, 39.6360974, 0.866667, 507155.498, 1.43647222e+15, 5.42051167e+16, 135351015, 156934.947, -277.382514, -281.362, 5e+16, 1.11726058e+16, -507149.811, 2342.47145, 302.133358, 39.6360974, 96.4, 0.866667, 0.866667, 5e+16, 8.69591929e-06, 156934.947, 0.831749487, 156719.897, -156934.492, -8.69583328e-06, -156719.464, -366.483331, 3.86113863e-08, -355.520363, 0, 1.21213555e-08, 1.21213555e-08, 8.94939053e+10, 8.94939053e+10, 0, 0.27, 3.332, 0, -156934.492, -366.483331, 0, 3.8693978e+16, 1.48402005e-09, 1.48513156e-09, 0, 0
14.309375, 0, 0, 5e+16, 0, 1.72877146e-21, 3.718e+18, 6.44e+20, 4.85, 4, 283.448827, 39.4465283, 0.866667, 509519.581, 1.6791254e+15, 5.39182533e+16, 136349690, 156085.249, -281.200815, -285.180387, 5e+16, 1.12584501e+16, -509514.081, 2293.8262, 302.122839, 39.4465283, 96.4, 0.866667, 0.866667, 5e+16, 8.81056818e-06, 156085.249, 0.833619999, 155880.278, -156084.855, -8.81048543e-06, -155879.905, -343.153218, 3.81548507e-08, -332.069818, 0, 1.21207562e-08, 1.21207562e-08, 8.9428463e+10, 8.9428463e+10, 0, 0.27, 3.332, 0, -156084.855, -343.153218, 0, 3.87352784e+16, 1.76229955e-09, 1.76347554e-09, 0, 0
14.375, 0, 0, 5e+16, 0, 1.72173303e-21, 3.718e+18, 6.44e+20, 4.85, 4, 286.789583, 39.2805201, 0.866667, 511566.566, 1.91170781e+15, 5.33180018e+16, 137568975, 154262.942, -284.541858, -288.52141, 5e+16, 1.13559831e+16, -511561.509, 2219.71136, 302.109735, 39.2805201, 96.4, 0.866667, 0.866667, 5e+16, 8.9031913e-06, 154262.942, 0.834583142, 154069.475, -154262.567, -8.90311079e-06, -154069.122, -329.977582, 3.77822017e-08, -318.519366, 0, 1.21200097e-08, 1.21200097e-08, 8.86631399e+10, 8.86631399e+10, 0, 0.27, 3.332, 0, -154262.567, -329.977582, 0, 3.88412352e+16, 2.00564039e-09, 2.00692643e-09, 0, 0
14.45, 0, 0, 5e+16, 0, 1.7163418e-21, 3.718e+18, 6.44e+20, 4.85, 4, 290.639953, 39.1055114, 0.866667, 513782.568, 2.20726385e+15, 5.30520348e+16, 138438893, 153471.587, -288.392353, -292.37197, 5e+16, 1.14306158e+16, -513777.678, 2173.56865, 302.099482, 39.1055114, 96.4, 0.866667, 0.866667, 5e+16, 9.00957669e-06, 153471.587, 0.836278579, 153288.676, -153471.256, -9.00949943e-06, -153288.366, -311.92204, 3.72779261e-08, -300.361214, 0, 1.21194256e-08, 1.21194256e-08, 8.85976405e+10, 8.85976405e+10, 0, 0.27, 3.332, 0, -153471.256, -311.92204, 0, 3.88799764e+16, 2.34814343e-09, 2.34949193e-09, 0, 0
14.515625, 0, 0, 5e+16, 0, 1.70970263e-21, 3.718e+18, 6.44e+20, 4.85, 4, 294.00889, 38.9523466, 0.866667, 515700.388, 2.48742603e+15, 5.24987338e+16, 139540349, 151820.2, -291.761558, -295.741147, 5e+16, 1.15190683e+16, -515695.887, 2103.69992, 302.087019, 38.9523466, 96.4, 0.866667, 0.866667, 5e+16, 9.09696555e-06, 151820.2, 0.837141603, 151649.34, -151819.881, -9.09689044e-06, -151649.042, -302.023552, 3.68781687e-08, -290.155121, 0, 1.21187156e-08, 1.21187156e-08, 8.78986932e+10, 8.78986932e+10, 0, 0.27, 3.332, 0, -151819.881, -302.023552, 0, 3.89778114e+16, 2.6476749e-09, 2.64913671e-09, 0, 0
14.590625, 0, 0, 5e+16, 0, 1.70448556e-21, 3.718e+18, 6.44e+20, 4.85, 4, 297.889389, 38.7912179, 0.866667, 517780.648, 2.84067557e+15, 5.22551332e+16, 140367693, 151085.987, -295.642174, -299.621826, 5e+16, 1.15898922e+16, -517776.287, 2062.72726, 302.07704, 38.7912179, 96.4, 0.866667, 0.866667, 5e+16, 9.19912997e-06, 151085.987, 0.838678899, 150926.06, -151085.712, -9.19905727e-06, -150925.804, -282.776985, 3.65136743e-08, -270.81035, 0, 1.21181472e-08, 1.21181472e-08, 8.78356601e+10, 8.78356601e+10, 0, 0.27, 3.332, 0, -151085.712, -282.776985, 0, 3.90136676e+16, 3.06133354e-09, 3.06284882e-09, 0, 0
14.65625, 0, 0, 5e+16, 0, 1.69821418e-21, 3.718e+18, 6.44e+20, 4.85, 4, 301.284706, 38.6501307, 0.866667, 519582.68, 3.17216874e+15, 5.1753017e+16, 141418946, 149585.743, -299.037738, -303.017369, 5e+16, 1.16745741e+16, -519578.65, 1999.52119, 302.065175, 38.6501307, 96.4, 0.866667, 0.866667, 5e+16, 9.2837267e-06, 149585.743, 0.839453165, 149438.296, -149585.481, -9.28365569e-06, -149438.053, -272.291206, 3.6199276e-08, -260.068934, 0, 1.21174713e-08, 1.21174713e-08, 8.71965164e+10, 8.71965164e+10, 0, 0.27, 3.332, 0, -149585.481, -272.291206, 0, 3.91025552e+16, 3.42310623e-09, 3.42473234e-09, 0, 0
14.73125, 0, 0, 5e+16, 0, 1.69318218e-21, 3.718e+18, 6.44e+20, 4.85, 4, 305.193578, 38.5006588, 0.866667, 521538.837, 3.58746494e+15, 5.15283722e+16, 142226117, 148906.966, -302.946719, -306.926415, 5e+16, 1.17435165e+16, -521534.931, 1960.85877, 302.055497, 38.5006588, 96.4, 0.866667, 0.866667, 5e+16, 9.37918499e-06, 148906.966, 0.840843846, 148770.73, -148906.734, -9.37911633e-06, -148770.519, -257.001195, 3.58195908e-08, -244.708169, 0, 1.211692e-08, 1.211692e-08, 8.71381332e+10, 8.71381332e+10, 0, 0.27, 3.332, 0, -148906.734, -257.001195, 0, 3.91359427e+16, 3.91402659e-09, 3.91570038e-09, 0, 0
14.796875, 0, 0, 5e+16, 0, 1.68726691e-21, 3.718e+18, 6.44e+20, 4.85, 4, 308.613726, 38.3698398, 0.866667, 523232.916, 3.97385692e+15, 5.10661869e+16, 143251529, 147545.256, -306.367097, -310.346779, 5e+16, 1.18263401e+16, -523229.3, 1901.77718, 302.04422, 38.3698398, 96.4, 0.866667, 0.866667, 5e+16, 9.45888462e-06, 147545.256, 0.841536762, 147421.821, -147545.034, -9.45881751e-06, -147421.618, -248.834397, 3.55040496e-08, -236.351575, 0, 1.21162777e-08, 1.21162777e-08, 8.65560624e+10, 8.65560624e+10, 0, 0.27, 3.332, 0, -147545.034, -248.834397, 0, 3.92178601e+16, 4.34341894e-09, 4.34520272e-09, 0, 0
14.871875, 0, 0, 5e+16, 0, 1.68242621e-21, 3.718e+18, 6.44e+20, 4.85, 4, 312.549247, 38.2314042, 0.866667, 525077.625, 4.45573508e+15, 5.08616637e+16, 143946458, 146919.65, -310.302718, -314.282451, 5e+16, 1.18856123e+16, -525074.115, 1867.0504, 302.034859, 38.2314042, 96.4, 0.866667, 0.866667, 5e+16, 9.53726766e-06, 146919.65, 0.842792504, 146807.623, -146919.459, -9.53720242e-06, -146807.45, -232.386012, 3.51877131e-08, -219.840979, 0, 1.21157444e-08, 1.21157444e-08, 8.65040094e+10, 8.65040094e+10, 0, 0.27, 3.332, 0, -146919.459, -232.386012, 0, 3.92485181e+16, 4.91833559e-09, 4.92015577e-09, 0, 0
14.9375, 0, 0, 5e+16, 0, 1.67685148e-21, 3.718e+18, 6.44e+20, 4.85, 4, 315.992728, 38.1101884, 0.866667, 526676.796, 4.90068143e+15, 5.04435116e+16, 144845950, 145684.012, -313.74641, -317.726122, 5e+16, 1.19585292e+16, -526673.537, 1812.74435, 302.024157, 38.1101884, 96.4, 0.866667, 0.866667, 5e+16, 9.60466475e-06, 145684.012, 0.843411369, 145585.007, -145683.831, -9.60460078e-06, -145584.844, -223.606744, 3.49180328e-08, -210.918828, 0, 1.21151348e-08, 1.21151348e-08, 8.59757239e+10, 8.59757239e+10, 0, 0.27, 3.332, 0, -145683.831, -223.606744, 0, 3.93226833e+16, 5.42113681e-09, 5.42306135e-09, 0, 0
15.0125, 0, 0, 5e+16, 0, 1.67217252e-21, 3.718e+18, 6.44e+20, 4.85, 4, 319.953475, 37.9808545, 0.866667, 528416.456, 5.45175013e+15, 5.02535217e+16, 145241298, 145105.961, -317.707251, -321.686965, 5e+16, 1.19923733e+16, -528413.299, 1777.28946, 302.015062, 37.9808545, 96.4, 0.866667, 0.866667, 5e+16, 9.6526967e-06, 145105.961, 0.844551116, 145018.479, -145105.798, -9.65263512e-06, -145018.333, -212.871676, 3.4381377e-08, -200.153254, 0, 1.21146168e-08, 1.21146168e-08, 8.59290389e+10, 8.59290389e+10, 0, 0.27, 3.332, 0, -145105.798, -212.871676, 0, 3.93513931e+16, 6.08396618e-09, 6.08592607e-09, 0, 0
15.078125, 0, 0, 5e+16, 0, 1.6668831e-21, 3.718e+18, 6.44e+20, 4.85, 4, 323.419026, 37.8676948, 0.866667, 529923.14, 5.95705124e+15, 4.98628518e+16, 145852484, 143977.134, -321.173001, -325.152652, 5e+16, 1.204225e+16, -529920.213, 1724.22692, 302.004838, 37.8676948, 96.4, 0.866667, 0.866667, 5e+16, 9.69836833e-06, 143977.134, 0.845106948, 143902.808, -143976.977, -9.69830823e-06, -143902.667, -207.315091, 3.39898843e-08, -194.515408, 0, 1.21140345e-08, 1.21140345e-08, 8.54453741e+10, 8.54453741e+10, 0, 0.27, 3.332, 0, -143976.977, -207.315091, 0, 3.94207523e+16, 6.66370439e-09, 6.66576738e-09, 0, 0
15.153125, 0, 0, 5e+16, 0, 1.66233147e-21, 3.718e+18, 6.44e+20, 4.85, 4, 327.403482, 37.7476273, 0.866667, 531563.727, 6.57885229e+15, 4.9688146e+16, 145784689, 143440.227, -325.157544, -329.137119, 5e+16, 1.20370655e+16, -531560.887, 1692.2762, 301.995945, 37.7476273, 96.4, 0.866667, 0.866667, 5e+16, 9.71016849e-06, 143440.227, 0.84614826, 143377.471, -143440.089, -9.71011079e-06, -143377.349, -195.088913, 3.33829229e-08, -182.269879, 0, 1.21135279e-08, 1.21135279e-08, 8.54022199e+10, 8.54022199e+10, 0, 0.27, 3.332, 0, -143440.089, -195.088913, 0, 3.94473365e+16, 7.41783678e-09, 7.41992163e-09, 0, 0
15.21875, 0, 0, 5e+16, 0, 1.65727244e-21, 3.718e+18, 6.44e+20, 4.85, 4, 330.88979, 37.642499, 0.866667, 532986.043, 7.14510256e+15, 4.93304182e+16, 145946753, 142401.161, -328.644036, -332.623482, 5e+16, 1.20507338e+16, -532983.398, 1644.28063, 301.986103, 37.642499, 96.4, 0.866667, 0.866667, 5e+16, 9.72995165e-06, 142401.161, 0.846650815, 142351.614, -142401.03, -9.72989535e-06, -142351.498, -188.620721, 3.29528586e-08, -175.762913, 0, 1.21129673e-08, 1.21129673e-08, 8.49547324e+10, 8.49547324e+10, 0, 0.27, 3.332, 0, -142401.03, -188.620721, 0, 3.95108682e+16, 8.077509e-09, 8.07968445e-09, 0, 0
15.29375, 0, 0, 5e+16, 0, 1.65283327e-21, 3.718e+18, 6.44e+20, 4.85, 4, 334.896675, 37.530215, 0.866667, 534535.713, 7.8393992e+15, 4.9168404e+16, 145429746, 141903.375, -332.651003, -336.630298, 5e+16, 1.20079148e+16, -534533.142, 1616.26959, 301.977387, 37.530215, 96.4, 0.866667, 0.866667, 5e+16, 9.71437021e-06, 141903.375, 0.847597378, 141865.387, -141903.258, -9.71431647e-06, -141865.284, -178.759562, 3.22073437e-08, -165.920866, 0, 1.21124708e-08, 1.21124708e-08, 8.49160169e+10, 8.49160169e+10, 0, 0.27, 3.332, 0, -141903.258, -178.759562, 0, 3.95356788e+16, 8.92592308e-09, 8.92810704e-09, 0, 0
15.359375, 0, 0, 5e+16, 0, 1.64798534e-21, 3.718e+18, 6.44e+20, 4.85, 4, 338.402613, 37.4319441, 0.866667, 535879.279, 8.46836716e+15, 4.88369233e+16, 145173912, 140951.314, -336.157112, -340.136214, 5e+16, 1.19876555e+16, -535876.876, 1572.94905, 301.967896, 37.4319441, 96.4, 0.866667, 0.866667, 5e+16, 9.7148252e-06, 140951.313, 0.84804848, 140926.52, -140951.201, -9.71477293e-06, -140926.422, -173.604911, 3.17011501e-08, -160.789584, 0, 1.21119303e-08, 1.21119303e-08, 8.45059471e+10, 8.45059471e+10, 0, 0.27, 3.332, 0, -140951.201, -173.604911, 0, 3.95945711e+16, 9.66833867e-09, 9.67059622e-09, 0, 0
15.434375, 0, 0, 5e+16, 0, 1.64298714e-21, 3.718e+18, 6.44e+20, 4.85, 4, 342.430664, 37.3271267, 0.866667, 537485.816, 9.31167025e+15, 4.86694262e+16, 144434216, 140421.616, -340.185248, -344.164159, 5e+16, 1.19263597e+16, -537483.467, 1551.20537, 301.95803, 37.3271267, 96.4, 0.866667, 0.866667, 5e+16, 9.68568856e-06, 140421.616, 0.849022061, 140410.518, -140421.529, -9.68563789e-06, -140410.444, -154.381067, 3.11826082e-08, -141.598313, 0, 1.21113684e-08, 1.21113684e-08, 8.44753331e+10, 8.44753331e+10, 0, 0.27, 3.332, 0, -140421.529, -154.381067, 0, 3.9620335e+16, 1.08192717e-08, 1.08214956e-08, 0, 0
15.5, 0, 0, 5e+16, 0, 1.63765992e-21, 3.718e+18, 6.44e+20, 4.85, 4, 345.955141, 37.2353117, 0.866667, 538920.616, 1.00763078e+16, 4.83397591e+16, 143971306, 139438.88, -343.709898, -347.688579, 5e+16, 1.18892407e+16, -538918.424, 1508.7521, 301.947534, 37.2353117, 96.4, 0.866667, 0.866667, 5e+16, 9.6796222e-06, 139438.88, 0.849477115, 139443.406, -139438.802, -9.67957259e-06, -139443.339, -143.995937, 3.07935118e-08, -131.290373, 0, 1.21107705e-08, 1.21107705e-08, 8.40658021e+10, 8.40658021e+10, 0, 0.27, 3.332, 0, -139438.802, -143.995937, 0, 3.96788646e+16, 1.18260517e-08, 1.18283469e-08, 0, 0
15.6041667, 0, 0, 5e+16, 0, 1.63265813e-21, 3.718e+18, 6.44e+20, 4.85, 4, 351.582992, 37.117772, 0.866667, 540703.756, 1.11904308e+16, 4.81654816e+16, 143139216, 138970.204, -349.337839, -353.316306, 5e+16, 1.18203189e+16, -540701.645, 1474.79626, 301.937604, 37.117772, 96.4, 0.866667, 0.866667, 5e+16, 9.65795638e-06, 138970.204, 0.850321758, 138987.906, -138970.135, -9.65790955e-06, -138987.848, -135.91497, 2.9943658e-08, -123.494083, 0, 1.2110205e-08, 1.2110205e-08, 8.405027e+10, 8.405027e+10, 0, 0.27, 3.332, 0, -138970.135, -135.91497, 0, 3.97059105e+16, 1.31284412e-08, 1.31307306e-08, 0, 0
15.6953125, 0, 0, 5e+16, 0, 1.62745677e-21, 3.718e+18, 6.44e+20, 4.85, 4, 356.50726, 37.0149463, 0.866667, 542286.049, 1.22201798e+16, 4.78084777e+16, 142656699, 138103.936, -354.262296, -358.240514, 5e+16, 1.17815053e+16, -542284.124, 1420.20561, 301.927286, 37.0149463, 96.4, 0.866667, 0.866667, 5e+16, 9.65736959e-06, 138103.936, 0.850710435, 138136.681, -138103.87, -9.65732431e-06, -138136.626, -132.287201, 2.93642607e-08, -120.224566, 0, 1.21096174e-08, 1.21096174e-08, 8.3697724e+10, 8.3697724e+10, 0, 0.27, 3.332, 0, -138103.87, -132.287201, 0, 3.97694928e+16, 1.42673748e-08, 1.42697412e-08, 0, 0
15.7994792, 0, 0, 5e+16, 0, 1.62185965e-21, 3.718e+18, 6.44e+20, 4.85, 4, 362.171433, 36.8884487, 0.866667, 544085.952, 1.35634456e+16, 4.76470942e+16, 141913030, 137601.839, -359.926551, -363.90458, 5e+16, 1.17201147e+16, -544084.119, 1377.9351, 301.916109, 36.8884487, 96.4, 0.866667, 0.866667, 5e+16, 9.64066394e-06, 137601.839, 0.851625931, 137649.197, -137601.778, -9.64062122e-06, -137649.146, -126.953817, 2.85530024e-08, -115.042976, 0, 1.21089809e-08, 1.21089809e-08, 8.36834635e+10, 8.36834635e+10, 0, 0.27, 3.332, 0, -137601.778, -126.953817, 0, 3.97945573e+16, 1.59647652e-08, 1.5967134e-08, 0, 0
15.890625, 0, 0, 5e+16, 0, 1.61607336e-21, 3.718e+18, 6.44e+20, 4.85, 4, 367.127481, 36.7777608, 0.866667, 545642.509, 1.47960374e+16, 4.73083349e+16, 141539690, 136653.839, -364.882781, -368.860591, 5e+16, 1.16902173e+16, -545640.864, 1318.17933, 301.90455, 36.7777608, 96.4, 0.866667, 0.866667, 5e+16, 9.64664678e-06, 136653.839, 0.852048622, 136717.89, -136653.78, -9.64660537e-06, -136717.841, -124.443879, 2.80433335e-08, -112.828048, 0, 1.21083225e-08, 1.21083225e-08, 8.32901722e+10, 8.32901722e+10, 0, 0.27, 3.332, 0, -136653.78, -124.443879, 0, 3.98547533e+16, 1.74487133e-08, 1.74511865e-08, 0, 0
15.9947917, 0, 0, 5e+16, 0, 1.61044422e-21, 3.718e+18, 6.44e+20, 4.85, 4, 372.825633, 36.6608781, 0.866667, 547296.146, 1.62608908e+16, 4.71422231e+16, 140906274, 136161.676, -370.581019, -374.558656, 5e+16, 1.16381026e+16, -547294.601, 1266.9214, 301.893237, 36.6608781, 96.4, 0.866667, 0.866667, 5e+16, 9.62387531e-06, 136161.676, 0.8529573, 136239.657, -136161.611, -9.62383705e-06, -136239.602, -129.158526, 2.70034298e-08, -117.702833, 0, 1.21076782e-08, 1.21076782e-08, 8.32572415e+10, 8.32572415e+10, 0, 0.27, 3.332, 0, -136161.611, -129.158526, 0, 3.98807814e+16, 1.93132622e-08, 1.93157392e-08, 0, 0
16.0859375, 0, 0, 5e+16, 0, 1.60463893e-21, 3.718e+18, 6.44e+20, 4.85, 4, 377.811385, 36.5586967, 0.866667, 548718.628, 1.75842178e+16, 4.67819146e+16, 140664087, 135213.857, -375.566965, -379.544394, 5e+16, 1.16188908e+16, -548717.266, 1202.49984, 301.881552, 36.5586967, 96.4, 0.866667, 0.866667, 5e+16, 9.62545422e-06, 135213.857, 0.853378669, 135307.747, -135213.79, -9.62541753e-06, -135307.69, -131.845498, 2.63439781e-08, -120.714165, 0, 1.21070127e-08, 1.21070127e-08, 8.28355313e+10, 8.28355313e+10, 0, 0.27, 3.332, 0, -135213.79, -131.845498, 0, 3.99449359e+16, 2.09441515e-08, 2.09467087e-08, 0, 0
16.1901042, 0, 0, 5e+16, 0, 1.59889671e-21, 3.718e+18, 6.44e+20, 4.85, 4, 383.54018, 36.4544717, 0.866667, 550229.219, 1.91440277e+16, 4.66246311e+16, 139850644, 134725.729, -381.295842, -385.273069, 5e+16, 1.15519785e+16, -550227.934, 1158.90993, 301.869937, 36.4544717, 96.4, 0.866667, 0.866667, 5e+16, 9.58048755e-06, 134725.729, 0.854275535, 134832.834, -134725.669, -9.58045289e-06, -134832.783, -125.664568, 2.55860633e-08, -114.692488, 0, 1.21063513e-08, 1.21063513e-08, 8.27814171e+10, 8.27814171e+10, 0, 0.27, 3.332, 0, -134725.669, -125.664568, 0, 3.99697105e+16, 2.2951344e-08, 2.29538267e-08, 0, 0
16.28125, 0, 0, 5e+16, 0, 1.5930236e-21, 3.718e+18, 6.44e+20, 4.85, 4, 388.552775, 36.3631705, 0.866667, 551533.539, 2.05310506e+16, 4.62904188e+16, 139404591, 133788.606, -386.308619, -390.285612, 5e+16, 1.15159577e+16, -551532.401, 1101.943, 301.858024, 36.3631705, 96.4, 0.866667, 0.866667, 5e+16, 9.56541329e-06, 133788.606, 0.854689927, 133910.804, -133788.548, -9.56537972e-06, -133910.754, -122.166286, 2.50819864e-08, -111.53439, 0, 1.21056729e-08, 1.21056729e-08, 8.23398981e+10, 8.23398981e+10, 0, 0.27, 3.332, 0, -133788.548, -122.166286, 0, 4.00291479e+16, 2.47070457e-08, 2.47095323e-08, 0, 0
16.3854167, 0, 0, 5e+16, 0, 1.58718326e-21, 3.718e+18, 6.44e+20, 4.85, 4, 394.309918, 36.2677406, 0.866667, 552908.499, 2.21590796e+16, 4.61324503e+16, 138278616, 133310.596, -392.065845, -396.042575, 5e+16, 1.14233595e+16, -552907.435, 1056.07796, 301.846131, 36.2677406, 96.4, 0.866667, 0.866667, 5e+16, 9.49184785e-06, 133310.596, 0.855553967, 133445.233, -133310.536, -9.491817e-06, -133445.182, -123.219212, 2.40412145e-08, -112.791628, 0, 1.21049956e-08, 1.21049956e-08, 8.2269673e+10, 8.2269673e+10, 0, 0.27, 3.332, 0, -133310.536, -123.219212, 0, 4.00542134e+16, 2.68219704e-08, 2.68243756e-08, 0, 0
16.4765625, 0, 0, 5e+16, 0, 1.58128397e-21, 3.718e+18, 6.44e+20, 4.85, 4, 399.347299, 36.1842931, 0.866667, 554089.849, 2.35875972e+16, 4.57932817e+16, 137556922, 132406.621, -397.103413, -401.079853, 5e+16, 1.13644823e+16, -554088.922, 997.348289, 301.834073, 36.1842931, 96.4, 0.866667, 0.866667, 5e+16, 9.45565879e-06, 132406.621, 0.855949211, 132555.466, -132406.56, -9.45562927e-06, -132555.414, -123.768121, 2.33704894e-08, -113.733723, 0, 1.21043089e-08, 1.21043089e-08, 8.18262195e+10, 8.18262195e+10, 0, 0.27, 3.332, 0, -132406.561, -123.768121, 0, 4.01145852e+16, 2.8672057e-08, 2.86744411e-08, 0, 0
16.5807292, 0, 0, 5e+16, 0, 1.57534392e-21, 3.718e+18, 6.44e+20, 4.85, 4, 405.129823, 36.0996413, 0.866667, 555336.158, 2.52545491e+16, 4.56456288e+16, 136081162, 131941.198, -402.886015, -406.862128, 5e+16, 1.12432793e+16, -555335.288, 957.357911, 301.821894, 36.0996413, 96.4, 0.866667, 0.866667, 5e+16, 9.35206338e-06, 131941.198, 0.856777766, 132101.652, -131941.144, -9.35203589e-06, -132101.607, -117.117802, 2.2493742e-08, -107.285166, 0, 1.21036154e-08, 1.21036154e-08, 8.17424596e+10, 8.17424596e+10, 0, 0.27, 3.332, 0, -131941.145, -117.117802, 0, 4.01381101e+16, 3.08625911e-08, 3.0864836e-08, 0, 0
16.671875, 0, 0, 5e+16, 0, 1.56941678e-21, 3.718e+18, 6.44e+20, 4.85, 4, 410.189437, 36.0254876, 0.866667, 556410.659, 2.66969209e+16, 4.53344429e+16, 135013570, 131072.275, -407.945801, -411.921569, 5e+16, 1.11555719e+16, -556409.901, 903.820997, 301.809683, 36.0254876, 96.4, 0.866667, 0.866667, 5e+16, 9.29380739e-06, 131072.275, 0.857153021, 131245.989, -131072.224, -9.29378089e-06, -131245.945, -113.450938, 2.19292459e-08, -104.023106, 0, 1.210292e-08, 1.210292e-08, 8.13004351e+10, 8.13004351e+10, 0, 0.27, 3.332, 0, -131072.224, -113.450938, 0, 4.0193416e+16, 3.27785533e-08, 3.27807147e-08, 0, 0
16.7760417, 0, 0, 5e+16, 0, 1.56338482e-21, 3.718e+18, 6.44e+20, 4.85, 4, 415.995247, 35.9484693, 0.866667, 557531.1, 2.83650917e+16, 4.51862676e+16, 133187673, 130619.809, -413.751691, -417.727059, 5e+16, 1.1005863e+16, -557530.399, 859.771944, 301.79723, 35.9484693, 96.4, 0.866667, 0.866667, 5e+16, 9.16097699e-06, 130619.809, 0.857947288, 130804.262, -130619.757, -9.16095305e-06, -130804.217, -114.706197, 2.07719575e-08, -105.511004, 0, 1.21022109e-08, 1.21022109e-08, 8.1204367e+10, 8.1204367e+10, 0, 0.27, 3.332, 0, -130619.757, -114.706197, 0, 4.02171869e+16, 3.49940203e-08, 3.49960594e-08, 0, 0
16.8671875, 0, 0, 5e+16, 0, 1.55743196e-21, 3.718e+18, 6.44e+20, 4.85, 4, 421.075219, 35.8811383, 0.866667, 558490.979, 2.97881423e+16, 4.48691549e+16, 131820997, 129784.453, -418.83184, -422.806794, 5e+16, 1.08930201e+16, -558490.382, 803.128488, 301.784868, 35.8811383, 96.4, 0.866667, 0.866667, 5e+16, 9.081304e-06, 129784.453, 0.858303556, 129981.173, -129784.4, -9.08128125e-06, -129981.126, -115.410177, 2.00519241e-08, -106.656708, 0, 1.2101507e-08, 1.2101507e-08, 8.07643196e+10, 8.07643196e+10, 0, 0.27, 3.332, 0, -129784.4, -115.410177, 0, 4.02735956e+16, 3.69319381e-08, 3.69338801e-08, 0, 0
16.9713542, 0, 0, 5e+16, 0, 1.55129741e-21, 3.718e+18, 6.44e+20, 4.85, 4, 426.901527, 35.8138523, 0.866667, 559488.72, 3.14180997e+16, 4.47295866e+16, 129664250, 129342.538, -424.658223, -428.632708, 5e+16, 1.07165503e+16, -559488.169, 763.52941, 301.772111, 35.8138523, 96.4, 0.866667, 0.866667, 5e+16, 8.92113956e-06, 129342.538, 0.859071045, 129549.099, -129342.49, -8.92111875e-06, -129549.058, -110.061372, 1.90499549e-08, -101.531217, 0, 1.21007806e-08, 1.21007806e-08, 8.06552316e+10, 8.06552316e+10, 0, 0.27, 3.332, 0, -129342.49, -110.061372, 0, 4.02960685e+16, 3.91255121e-08, 3.91272866e-08, 0, 0
17.0625, 0, 0, 5e+16, 0, 1.54529893e-21, 3.718e+18, 6.44e+20, 4.85, 4, 431.999454, 35.7549076, 0.866667, 560346.193, 3.27847725e+16, 4.4435195e+16, 127980049, 128533.196, -429.756317, -433.730328, 5e+16, 1.05768785e+16, -560345.728, 711.079266, 301.759553, 35.7549076, 96.4, 0.866667, 0.866667, 5e+16, 8.82123264e-06, 128533.196, 0.859412649, 128750.998, -128533.15, -8.82121273e-06, -128750.958, -107.12831, 1.84334177e-08, -99.0404839, 0, 1.21000656e-08, 1.21000656e-08, 8.02131221e+10, 8.02131221e+10, 0, 0.27, 3.332, 0, -128533.15, -107.12831, 0, 4.03483537e+16, 4.10441343e-08, 4.10457566e-08, 0, 0
17.1666667, 0, 0, 5e+16, 0, 1.53907484e-21, 3.718e+18, 6.44e+20, 4.85, 4, 437.844225, 35.6947075, 0.866667, 561222.596, 3.43330677e+16, 4.42944363e+16, 125521162, 128100.879, -435.601164, -439.574629, 5e+16, 1.03760948e+16, -561222.174, 667.812576, 301.746516, 35.6947075, 96.4, 0.866667, 0.866667, 5e+16, 8.63644129e-06, 128100.879, 0.860154978, 128327.612, -128100.831, -8.63642371e-06, -128327.57, -108.658171, 1.72218126e-08, -100.81419, 0, 1.20993232e-08, 1.20993232e-08, 8.00912268e+10, 8.00912268e+10, 0, 0.27, 3.332, 0, -128100.831, -108.658171, 0, 4.03711734e+16, 4.31563762e-08, 4.31578561e-08, 0, 0
17.2578125, 0, 0, 5e+16, 0, 1.53304029e-21, 3.718e+18, 6.44e+20, 4.85, 4, 442.958289, 35.6420867, 0.866667, 561969.811, 3.56068189e+16, 4.39932943e+16, 123582076, 127316.359, -440.7154, -444.688322, 5e+16, 1.02146662e+16, -561969.467, 612.685705, 301.733778, 35.6420867, 96.4, 0.866667, 0.866667, 5e+16, 8.51815089e-06, 127316.359, 0.860482702, 127553.292, -127316.311, -8.5181343e-06, -127553.249, -109.482431, 1.64904802e-08, -102.103208, 0, 1.2098598e-08, 1.2098598e-08, 7.9647404e+10, 7.9647404e+10, 0, 0.27, 3.332, 0, -127316.311, -109.482431, 0, 4.04247027e+16, 4.50040794e-08, 4.50054008e-08, 0, 0
17.3619792, 0, 0, 5e+16, 0, 1.52673147e-21, 3.718e+18, 6.44e+20, 4.85, 4, 448.818849, 35.5909043, 0.866667, 562728.059, 3.70345022e+16, 4.38602287e+16, 120858471, 126892.385, -446.576032, -450.548337, 5e+16, 9.99275262e+15, -562727.748, 574.000813, 301.720464, 35.5909043, 96.4, 0.866667, 0.866667, 5e+16, 8.31195468e-06, 126892.385, 0.861203112, 127137.329, -126892.341, -8.31193987e-06, -127137.29, -104.688514, 1.54531552e-08, -97.5422522, 0, 1.20978399e-08, 1.20978399e-08, 7.95125802e+10, 7.95125802e+10, 0, 0.27, 3.332, 0, -126892.341, -104.688514, 0, 4.04463502e+16, 4.6985518e-08, 4.6986661e-08, 0, 0
17.453125, 0, 0, 5e+16, 0, 1.52066159e-21, 3.718e+18, 6.44e+20, 4.85, 4, 453.946748, 35.5460544, 0.866667, 563376.533, 3.81810853e+16, 4.3579807e+16, 118664621, 126129.619, -451.704091, -455.675794, 5e+16, 9.80945705e+15, -563376.284, 523.226013, 301.707545, 35.5460544, 96.4, 0.866667, 0.866667, 5e+16, 8.17735827e-06, 126129.619, 0.861518756, 126383.714, -126129.576, -8.1773442e-06, -126383.676, -102.052351, 1.48350462e-08, -95.3647471, 0, 1.20971043e-08, 1.20971043e-08, 7.90659663e+10, 7.90659663e+10, 0, 0.27, 3.332, 0, -126129.576, -102.052351, 0, 4.04961137e+16, 4.87187471e-08, 4.8719691e-08, 0, 0
17.5572917, 0, 0, 5e+16, 0, 1.51429385e-21, 3.718e+18, 6.44e+20, 4.85, 4, 459.821124, 35.5014878, 0.866667, 564018.865, 3.94506187e+16, 4.34460257e+16, 115718200, 125714.779, -457.578541, -461.549553, 5e+16, 9.56987361e+15, -564018.645, 481.820753, 301.694004, 35.5014878, 96.4, 0.866667, 0.866667, 5e+16, 7.95338942e-06, 125714.779, 0.862214856, 125975.97, -125714.735, -7.9533773e-06, -125975.931, -103.154207, 1.36615569e-08, -96.7129295, 0, 1.20963334e-08, 1.20963334e-08, 7.8919466e+10, 7.8919466e+10, 0, 0.27, 3.332, 0, -125714.735, -103.154207, 0, 4.05180232e+16, 5.05152261e-08, 5.05160251e-08, 0, 0
17.6484375, 0, 0, 5e+16, 0, 1.50821422e-21, 3.718e+18, 6.44e+20, 4.85, 4, 464.961099, 35.462538, 0.866667, 564562.364, 4.04414578e+16, 4.31608777e+16, 113337232, 124976.335, -462.71868, -466.689022, 5e+16, 9.37028581e+15, -564562.196, 429.204121, 301.680955, 35.462538, 96.4, 0.866667, 0.866667, 5e+16, 7.8050383e-06, 124976.335, 0.862517093, 125245.633, -124976.291, -7.80502694e-06, -125245.593, -103.731796, 1.29710704e-08, -97.7608069, 0, 1.20955905e-08, 1.20955905e-08, 7.84730669e+10, 7.84730669e+10, 0, 0.27, 3.332, 0, -124976.291, -103.731796, 0, 4.05686625e+16, 5.20868799e-08, 5.20874879e-08, 0, 0
17.7526042, 0, 0, 5e+16, 0, 1.50180143e-21, 3.718e+18, 6.44e+20, 4.85, 4, 470.846763, 35.4262838, 0.866667, 565092.857, 4.15242573e+16, 4.30348616e+16, 110213576, 124570.893, -468.604414, -472.573996, 5e+16, 9.11681874e+15, -565092.711, 392.557657, 301.667212, 35.4262838, 96.4, 0.866667, 0.866667, 5e+16, 7.56709384e-06, 124570.893, 0.863189132, 124846.377, -124570.853, -7.56708394e-06, -124846.341, -98.9665385, 1.19822397e-08, -93.2321962, 0, 1.20948081e-08, 1.20948081e-08, 7.83157141e+10, 7.83157141e+10, 0, 0.27, 3.332, 0, -124570.853, -98.9665385, 0, 4.05893631e+16, 5.36585013e-08, 5.36589442e-08, 0, 0
17.84375, 0, 0, 5e+16, 0, 1.49572353e-21, 3.718e+18, 6.44e+20, 4.85, 4, 475.996634, 35.3944991, 0.866667, 565542.895, 4.2336351e+16, 4.27704388e+16, 107657516, 123856.366, -473.754439, -477.723292, 5e+16, 8.90188325e+15, -565542.788, 344.502358, 301.654055, 35.3944991, 96.4, 0.866667, 0.866667, 5e+16, 7.40755895e-06, 123856.366, 0.863478268, 124138.918, -123856.328, -7.40754959e-06, -124138.883, -96.3666752, 1.14105276e-08, -91.0936528, 0, 1.2094059e-08, 1.2094059e-08, 7.78703314e+10, 7.78703314e+10, 0, 0.27, 3.332, 0, -123856.328, -96.3666752, 0, 4.06362366e+16, 5.50334443e-08, 5.50336788e-08, 0, 0
17.9479167, 0, 0, 5e+16, 0, 1.48929395e-21, 3.718e+18, 6.44e+20, 4.85, 4, 481.89172, 35.3643456, 0.866667, 565964.768, 4.320841e+16, 4.26447246e+16, 104403187, 123461.987, -479.649595, -483.617618, 5e+16, 8.63830543e+15, -565964.679, 305.853374, 301.640168, 35.3643456, 96.4, 0.866667, 0.866667, 5e+16, 7.15952018e-06, 123461.987, 0.864122664, 123749.83, -123461.947, -7.15951234e-06, -123749.795, -96.8279461, 1.03442058e-08, -91.7992709, 0, 1.20932684e-08, 1.20932684e-08, 7.77039556e+10, 7.77039556e+10, 0, 0.27, 3.332, 0, -123461.947, -96.8279461, 0, 4.06570172e+16, 5.63419188e-08, 5.63420307e-08, 0, 0
18.0390625, 0, 0, 5e+16, 0, 1.48324575e-21, 3.718e+18, 6.44e+20, 4.85, 4, 487.049822, 35.338, 0.866667, 566316.697, 4.38266377e+16, 4.23783184e+16, 101738514, 122774.808, -484.807854, -488.775083, 5e+16, 8.41358662e+15, -566316.637, 256.627217, 301.626964, 35.338, 96.4, 0.866667, 0.866667, 5e+16, 6.99162288e-06, 122774.808, 0.864396881, 123068.697, -122774.769, -6.99161556e-06, -123068.661, -97.07206, 9.73456542e-09, -92.5084878, 0, 1.20925167e-08, 1.20925167e-08, 7.72632323e+10, 7.72632323e+10, 0, 0.27, 3.332, 0, -122774.769, -97.07206, 0, 4.07042702e+16, 5.74868333e-08, 5.74867611e-08, 0, 0
18.1432292, 0, 0, 5e+16, 0, 1.47681295e-21, 3.718e+18, 6.44e+20, 4.85, 4, 492.951979, 35.3154353, 0.866667, 566634.663, 4.44745305e+16, 4.22606683e+16, 98399653.9, 122392.128, -490.710076, -494.67641, 5e+16, 8.14366982e+15, -566634.615, 222.685323, 301.612959, 35.3154353, 96.4, 0.866667, 0.866667, 5e+16, 6.73725228e-06, 122392.128, 0.86501351, 122690.426, -122392.093, -6.73724609e-06, -122690.393, -92.2641101, 8.85045086e-09, -87.9378947, 0, 1.20917194e-08, 1.20917194e-08, 7.70889246e+10, 7.70889246e+10, 0, 0.27, 3.332, 0, -122392.093, -92.2641101, 0, 4.07237633e+16, 5.85093132e-08, 5.85091152e-08, 0, 0
18.234375, 0, 0, 5e+16, 0, 1.47080519e-21, 3.718e+18, 6.44e+20, 4.85, 4, 498.116286, 35.2956325, 0.866667, 566899.797, 4.48899945e+16, 4.20151618e+16, 95643740.1, 121732.101, -495.874527, -499.840013, 5e+16, 7.91062156e+15, -566899.769, 178.059789, 301.59973, 35.2956325, 96.4, 0.866667, 0.866667, 5e+16, 6.56363071e-06, 121732.101, 0.865272997, 122035.435, -121732.068, -6.56362488e-06, -122035.404, -89.6775198, 8.35758385e-09, -85.8074143, 0, 1.20909663e-08, 1.20909663e-08, 7.66537686e+10, 7.66537686e+10, 0, 0.27, 3.332, 0, -121732.068, -89.6775198, 0, 4.07672214e+16, 5.9404055e-08, 5.94036779e-08, 0, 0
18.3385417, 0, 0, 5e+16, 0, 1.46439365e-21, 3.718e+18, 6.44e+20, 4.85, 4, 504.023781, 35.2786306, 0.866667, 567117.701, 4.5305774e+16, 4.18987832e+16, 92264857.8, 121362.746, -501.782087, -505.746611, 5e+16, 7.6379198e+15, -567117.681, 142.613717, 301.585659, 35.2786306, 96.4, 0.866667, 0.866667, 5e+16, 6.30653368e-06, 121362.746, 0.865858784, 121669.626, -121362.712, -6.30652895e-06, -121669.594, -89.5807358, 7.4389009e-09, -85.9509359, 0, 1.20901653e-08, 1.20901653e-08, 7.64733652e+10, 7.64733652e+10, 0, 0.27, 3.332, 0, -121362.712, -89.5807358, 0, 4.0786613e+16, 6.01231273e-08, 6.01226714e-08, 0, 0
18.4296875, 0, 0, 5e+16, 0, 1.45844966e-21, 3.718e+18, 6.44e+20, 4.85, 4, 509.192748, 35.2637868, 0.866667, 567292.624, 4.55175495e+16, 4.16536288e+16, 89477532.1, 120732.696, -506.951201, -510.914817, 5e+16, 7.40161939e+15, -567292.616, 97.3117805, 301.572458, 35.2637868, 96.4, 0.866667, 0.866667, 5e+16, 6.12988114e-06, 120732.696, 0.866102064, 121043.625, -120732.662, -6.12987674e-06, -121043.593, -89.5471955, 6.932901e-09, -86.3716518, 0, 1.20894138e-08, 1.20894138e-08, 7.60469418e+10, 7.60469418e+10, 0, 0.27, 3.332, 0, -120732.662, -89.5471955, 0, 4.08300279e+16, 6.07525523e-08, 6.07519524e-08, 0, 0
18.5338542, 0, 0, 5e+16, 0, 1.45206926e-21, 3.718e+18, 6.44e+20, 4.85, 4, 515.103427, 35.2536603, 0.866667, 567415.493, 4.57032362e+16, 4.15454794e+16, 86099869.5, 120377.106, -512.861941, -516.824534, 5e+16, 7.12946167e+15, -567415.488, 66.4002519, 301.558344, 35.2536603, 96.4, 0.866667, 0.866667, 5e+16, 5.87335838e-06, 120377.106, 0.866657401, 120690.73, -120377.075, -5.87335477e-06, -120690.703, -84.7793619, 6.18411572e-09, -81.8407889, 0, 1.20886104e-08, 1.20886104e-08, 7.58614267e+10, 7.58614267e+10, 0, 0.27, 3.332, 0, -120377.075, -84.7793619, 0, 4.0848073e+16, 6.11646952e-08, 6.11640253e-08, 0, 0
18.625, 0, 0, 5e+16, 0, 1.44619565e-21, 3.718e+18, 6.44e+20, 4.85, 4, 520.275198, 35.2447448, 0.866667, 567511.09, 4.57156542e+16, 4.13210219e+16, 83298574.1, 119776.356, -518.033846, -521.99548, 5e+16, 6.89141615e+15, -567511.089, 25.6319842, 301.545186, 35.2447448, 96.4, 0.866667, 0.866667, 5e+16, 5.69604652e-06, 119776.356, 0.866884947, 120093.06, -119776.326, -5.69604312e-06, -120093.033, -82.2510861, 5.78639079e-09, -79.7597697, 0, 1.20878615e-08, 1.20878615e-08, 7.54442069e+10, 7.54442069e+10, 0, 0.27, 3.332, 0, -119776.326, -82.2510861, 0, 4.08877321e+16, 6.15256471e-08, 6.15248535e-08, 0, 0
18.7291667, 0, 0, 5e+16, 0, 1.439866e-21, 3.718e+18, 6.44e+20, 4.85, 4, 526.187481, 35.2396475, 0.866667, 567543.136, 4.56780409e+16, 4.12149062e+16, 79960183, 119435.856, -523.946189, -527.906739, 5e+16, 6.6228008e+15, -567543.136, -6.37823679, 301.531071, 35.2396475, 96.4, 0.866667, 0.866667, 5e+16, 5.44309716e-06, 119435.856, 0.867407541, 119754.427, -119435.827, -5.44309452e-06, -119754.4, -81.7245976, 5.03217766e-09, -79.4691542, 0, 1.2087058e-08, 1.2087058e-08, 7.52552325e+10, 7.52552325e+10, 0, 0.27, 3.332, 0, -119435.827, -81.7245976, 0, 4.09055242e+16, 6.1634207e-08, 6.16333877e-08, 0, 0
18.8203125, 0, 0, 5e+16, 0, 1.43408069e-21, 3.718e+18, 6.44e+20, 4.85, 4, 531.360646, 35.2352152, 0.866667, 567556.972, 4.55021924e+16, 4.09926045e+16, 77194673.6, 118866.501, -529.119489, -533.079025, 5e+16, 6.38728651e+15, -567556.969, -47.4148622, 301.518001, 35.2352152, 96.4, 0.866667, 0.866667, 5e+16, 5.26741931e-06, 118866.501, 0.867618308, 119187.205, -118866.472, -5.26741683e-06, -119187.178, -81.4828286, 4.63727322e-09, -79.6687699, 0, 1.2086314e-08, 1.2086314e-08, 7.48497692e+10, 7.48497692e+10, 0, 0.27, 3.332, 0, -118866.472, -81.4828286, 0, 4.0944813e+16, 6.17296257e-08, 6.17287195e-08, 0, 0
18.9244792, 0, 0, 5e+16, 0, 1.42780823e-21, 3.718e+18, 6.44e+20, 4.85, 4, 537.272586, 35.2363051, 0.866667, 567503.377, 4.52560117e+16, 4.08947292e+16, 73928715, 118541.288, -535.031484, -538.98988, 5e+16, 6.12486043e+15, -567503.371, -75.0763216, 301.503902, 35.2363051, 96.4, 0.866667, 0.866667, 5e+16, 5.0206425e-06, 118541.288, 0.868108981, 118863.044, -118541.262, -5.02064056e-06, -118863.02, -76.8226554, 4.03422656e-09, -75.2454753, 0, 1.20855115e-08, 1.20855115e-08, 7.46581608e+10, 7.46581608e+10, 0, 0.27, 3.332, 0, -118541.262, -76.8226554, 0, 4.09612257e+16, 6.15484515e-08, 6.15475333e-08, 0, 0
19.015625, 0, 0, 5e+16, 0, 1.42211433e-21, 3.718e+18, 6.44e+20, 4.85, 4, 542.445468, 35.2372076, 0.866667, 567445.816, 4.49064253e+16, 4.06926487e+16, 71213161.3, 118002.327, -540.204488, -544.161824, 5e+16, 5.89313693e+15, -567445.804, -111.668326, 301.490929, 35.2372076, 96.4, 0.866667, 0.866667, 5e+16, 4.8485021e-06, 118002.327, 0.868303659, 118325.285, -118002.302, -4.84850025e-06, -118325.262, -74.3836671, 3.73465893e-09, -73.2442679, 0, 1.20847731e-08, 1.20847731e-08, 7.42645809e+10, 7.42645809e+10, 0, 0.27, 3.332, 0, -118002.302, -74.3836671, 0, 4.0996847e+16, 6.13904487e-08, 6.138947e-08, 0, 0
19.1197917, 0, 0, 5e+16, 0, 1.4159147e-21, 3.718e+18, 6.44e+20, 4.85, 4, 548.355647, 35.2428044, 0.866667, 567311.063, 4.44695446e+16, 4.05974194e+16, 68048903.3, 117693.498, -546.11472, -550.07086, 5e+16, 5.63917458e+15, -567311.045, -140.034687, 301.476881, 35.2428044, 96.4, 0.866667, 0.866667, 5e+16, 4.61012974e-06, 117693.498, 0.868760628, 118016.713, -117693.475, -4.61012838e-06, -118016.69, -73.5077415, 3.14387025e-09, -72.6006624, 0, 1.20839735e-08, 1.20839735e-08, 7.40718316e+10, 7.40718316e+10, 0, 0.27, 3.332, 0, -117693.475, -73.5077415, 0, 4.10128775e+16, 6.09397996e-08, 6.09388443e-08, 0, 0
19.2109375, 0, 0, 5e+16, 0, 1.41032611e-21, 3.718e+18, 6.44e+20, 4.85, 4, 553.52698, 35.2477248, 0.866667, 567180.533, 4.39656093e+16, 4.03989846e+16, 65421561.2, 117186.604, -551.286175, -555.241205, 5e+16, 5.41457094e+15, -567180.503, -176.501735, 301.46404, 35.2477248, 96.4, 0.866667, 0.866667, 5e+16, 4.44327554e-06, 117186.604, 0.868938448, 117510.112, -117186.581, -4.44327424e-06, -117510.089, -73.098628, 2.85578656e-09, -72.6206262, 0, 1.20832427e-08, 1.20832427e-08, 7.36922825e+10, 7.36922825e+10, 0, 0.27, 3.332, 0, -117186.581, -73.098628, 0, 4.1047858e+16, 6.05460509e-08, 6.05450663e-08, 0, 0
19.3151042, 0, 0, 5e+16, 0, 1.40420356e-21, 3.718e+18, 6.44e+20, 4.85, 4, 559.433664, 35.2588418, 0.866667, 566969.941, 4.33611737e+16, 4.03119528e+16, 62382710.6, 116894.265, -557.192908, -561.146692, 5e+16, 5.17094288e+15, -566969.905, -200.657552, 301.450056, 35.2588418, 96.4, 0.866667, 0.866667, 5e+16, 4.21511308e-06, 116894.265, 0.869362635, 117217.245, -116894.245, -4.21511213e-06, -117217.224, -68.5538992, 2.39394226e-09, -68.3140606, 0, 1.20824468e-08, 1.20824468e-08, 7.34991413e+10, 7.34991413e+10, 0, 0.27, 3.332, 0, -116894.245, -68.5538992, 0, 4.10624861e+16, 5.98524834e-08, 5.98515348e-08, 0, 0
19.40625, 0, 0, 5e+16, 0, 1.39872144e-21, 3.718e+18, 6.44e+20, 4.85, 4, 564.601955, 35.2685211, 0.866667, 566776.326, 4.27236433e+16, 4.01332461e+16, 59852736.5, 116418.451, -562.361308, -566.313941, 5e+16, 4.95430574e+15, -566776.275, -232.731502, 301.437356, 35.2685211, 96.4, 0.866667, 0.866667, 5e+16, 4.05489158e-06, 116418.451, 0.86952433, 116740.827, -116418.432, -4.05489064e-06, -116740.807, -66.2034087, 2.18586506e-09, -66.3934007, 0, 1.20817239e-08, 1.20817239e-08, 7.31336594e+10, 7.31336594e+10, 0, 0.27, 3.332, 0, -116418.432, -66.2034087, 0, 4.10938904e+16, 5.92462715e-08, 5.92453181e-08, 0, 0
19.5104167, 0, 0, 5e+16, 0, 1.392689e-21, 3.718e+18, 6.44e+20, 4.85, 4, 570.503898, 35.2836234, 0.866667, 566494.672, 4.1975972e+16, 4.00494317e+16, 56959006.4, 116143.639, -568.263298, -572.214635, 5e+16, 4.72251634e+15, -566494.612, -257.169279, 301.423469, 35.2836234, 96.4, 0.866667, 0.866667, 5e+16, 3.83837091e-06, 116143.639, 0.86991412, 116464.719, -116143.62, -3.83837027e-06, -116464.7, -64.9973626, 1.74496057e-09, -65.4179348, 0, 1.20809335e-08, 1.20809335e-08, 7.29415582e+10, 7.29415582e+10, 0, 0.27, 3.332, 0, -116143.62, -64.9973626, 0, 4.11080124e+16, 5.83411093e-08, 5.83402156e-08, 0, 0
19.6015625, 0, 0, 5e+16, 0, 1.38732476e-21, 3.718e+18, 6.44e+20, 4.85, 4, 575.668034, 35.2968564, 0.866667, 566237.246, 4.12283835e+16, 3.98757986e+16, 54553183.9, 115700.489, -573.427541, -577.377684, 5e+16, 4.51620828e+15, -566237.168, -288.694772, 301.410939, 35.2968564, 96.4, 0.866667, 0.866667, 5e+16, 3.68594387e-06, 115700.489, 0.870059028, 116020.088, -115700.471, -3.68594322e-06, -116020.07, -64.4303453, 1.55151032e-09, -65.2700167, 0, 1.20802204e-08, 1.20802204e-08, 7.25921332e+10, 7.25921332e+10, 0, 0.27, 3.332, 0, -115700.471, -64.4303453, 0, 4.11385165e+16, 5.75497502e-08, 5.75488724e-08, 0, 0
19.7057292, 0, 0, 5e+16, 0, 1.38138561e-21, 3.718e+18, 6.44e+20, 4.85, 4, 581.563723, 35.3168156, 0.866667, 565890.074, 4.03643952e+16, 3.98001922e+16, 51818792.8, 115443.384, -579.323272, -583.272075, 5e+16, 4.29736216e+15, -565889.987, -308.984704, 301.397158, 35.3168156, 96.4, 0.866667, 0.866667, 5e+16, 3.48209922e-06, 115443.384, 0.870415135, 115760.926, -115443.368, -3.48209876e-06, -115760.91, -59.9542704, 1.2162393e-09, -61.0354606, 0, 1.20794361e-08, 1.20794361e-08, 7.24018527e+10, 7.24018527e+10, 0, 0.27, 3.332, 0, -115443.368, -59.9542704, 0, 4.11512049e+16, 5.64664785e-08, 5.64656682e-08, 0, 0
19.796875, 0, 0, 5e+16, 0, 1.37613983e-21, 3.718e+18, 6.44e+20, 4.85, 4, 586.722401, 35.3342342, 0.866667, 565578.363, 3.9529752e+16, 3.96460004e+16, 49540746.1, 115032.21, -584.482046, -588.429619, 5e+16, 4.10175814e+15, -565578.258, -336.097489, 301.384806, 35.3342342, 96.4, 0.866667, 0.866667, 5e+16, 3.33825919e-06, 115032.21, 0.870543888, 115347.403, -115032.195, -3.33825871e-06, -115347.388, -57.6647399, 1.08683101e-09, -59.1706446, 0, 1.20787332e-08, 1.20787332e-08, 7.20686558e+10, 7.20686558e+10, 0, 0.27, 3.332, 0, -115032.195, -57.6647399, 0, 4.11781867e+16, 5.55193495e-08, 5.55185729e-08, 0, 0
19.9010417, 0, 0, 5e+16, 0, 1.37030529e-21, 3.718e+18, 6.44e+20, 4.85, 4, 592.610774, 35.3576361, 0.866667, 565170.834, 3.85756872e+16, 3.95742306e+16, 46976370, 114793.928, -590.370458, -594.316649, 5e+16, 3.89664237e+15, -565170.719, -356.203501, 301.371162, 35.3576361, 96.4, 0.866667, 0.866667, 5e+16, 3.14779951e-06, 114793.928, 0.870864621, 115106.315, -114793.914, -3.14779919e-06, -115106.301, -56.1035038, 7.74699845e-10, -57.840443, 0, 1.20779567e-08, 1.20779567e-08, 7.18816587e+10, 7.18816587e+10, 0, 0.27, 3.332, 0, -114793.914, -56.1035038, 0, 4.11902352e+16, 5.42940585e-08, 5.42933608e-08, 0, 0
19.9921875, 0, 0, 5e+16, 0, 1.36518797e-21, 3.718e+18, 6.44e+20, 4.85, 4, 597.763046, 35.3781262, 0.866667, 564805, 3.76778781e+16, 3.9426655e+16, 44842586.3, 114416.456, -595.522822, -599.467747, 5e+16, 3.71322288e+15, -564804.864, -382.292342, 301.359015, 35.3781262, 96.4, 0.866667, 0.866667, 5e+16, 3.01316916e-06, 114416.456, 0.870976548, 114725.64, -114416.442, -3.01316881e-06, -114725.625, -55.3663447, 6.59330638e-10, -57.5154838, 0, 1.20772655e-08, 1.20772655e-08, 7.15667042e+10, 7.15667042e+10, 0, 0.27, 3.332, 0, -114416.442, -55.3663447, 0, 4.12160367e+16, 5.32226257e-08, 5.32219707e-08, 0, 0
20.0963542, 0, 0, 5e+16, 0, 1.35946092e-21, 3.718e+18, 6.44e+20, 4.85, 4, 603.642822, 35.4056998, 0.866667, 564343.021, 3.66603207e+16, 3.93632355e+16, 42454213.8, 114197.376, -601.402633, -605.346139, 5e+16, 3.5222857e+15, -564342.875, -398.223606, 301.345519, 35.4056998, 96.4, 0.866667, 0.866667, 5e+16, 2.83648623e-06, 114197.376, 0.87126221, 114503.01, -114197.364, -2.83648597e-06, -114502.998, -50.8750233, 4.30514766e-10, -53.2710306, 0, 1.20764974e-08, 1.20764974e-08, 7.13838927e+10, 7.13838927e+10, 0, 0.27, 3.332, 0, -114197.364, -50.8750233, 0, 4.12265981e+16, 5.18901319e-08, 5.18895578e-08, 0, 0
20.1875, 0, 0, 5e+16, 0, 1.35447284e-21, 3.718e+18, 6.44e+20, 4.85, 4, 608.787586, 35.4297824, 0.866667, 563932.399, 3.57212604e+16, 3.92351705e+16, 40463444.5, 113853.401, -606.547475, -610.489689, 5e+16, 3.35100084e+15, -563932.234, -419.786769, 301.333587, 35.4297824, 96.4, 0.866667, 0.866667, 5e+16, 2.71139194e-06, 113853.401, 0.871357751, 114154.981, -113853.391, -2.71139165e-06, -114154.97, -48.601459, 3.64084766e-10, -51.4198959, 0, 1.20758184e-08, 1.20758184e-08, 7.10876432e+10, 7.10876432e+10, 0, 0.27, 3.332, 0, -113853.391, -48.601459, 0, 4.12488668e+16, 5.07249535e-08, 5.07244315e-08, 0, 0
20.2916667, 0, 0, 5e+16, 0, 1.34886358e-21, 3.718e+18, 6.44e+20, 4.85, 4, 614.657904, 35.4602072, 0.866667, 563421.652, 3.46646998e+16, 3.91763182e+16, 38254523, 113654.819, -612.417826, -616.358586, 5e+16, 3.17446266e+15, -563421.478, -435.012535, 301.320267, 35.4602072, 96.4, 0.866667, 0.866667, 5e+16, 2.54863886e-06, 113654.819, 0.871606396, 113952.115, -113654.809, -2.54863865e-06, -113952.104, -46.6278075, 1.56719939e-10, -49.6791988, 0, 1.20750604e-08, 1.20750604e-08, 7.09105869e+10, 7.09105869e+10, 0, 0.27, 3.332, 0, -113654.809, -46.6278075, 0, 4.12586334e+16, 4.93206024e-08, 4.93201623e-08, 0, 0
20.3828125, 0, 0, 5e+16, 0, 1.34401407e-21, 3.718e+18, 6.44e+20, 4.85, 4, 619.794391, 35.4868372, 0.866667, 562967.365, 3.37057443e+16, 3.90566547e+16, 36415168.7, 113346.372, -617.554386, -621.493825, 5e+16, 3.01609066e+15, -562967.171, -455.003163, 301.308576, 35.4868372, 96.4, 0.866667, 0.866667, 5e+16, 2.43328232e-06, 113346.372, 0.871684789, 113638.774, -113346.362, -2.43328208e-06, -113638.763, -45.6926766, 1.01752981e-10, -49.1514163, 0, 1.20743952e-08, 1.20743952e-08, 7.0635219e+10, 7.0635219e+10, 0, 0.27, 3.332, 0, -113346.362, -45.6926766, 0, 4.12793978e+16, 4.80924906e-08, 4.80921012e-08, 0, 0
20.4869792, 0, 0, 5e+16, 0, 1.33852575e-21, 3.718e+18, 6.44e+20, 4.85, 4, 625.65422, 35.5206964, 0.866667, 562414.302, 3.26334597e+16, 3.90064909e+16, 34385653.5, 113168.972, -623.414242, -627.352201, 5e+16, 2.85392354e+15, -562414.101, -465.917238, 301.295445, 35.5206964, 96.4, 0.866667, 0.866667, 5e+16, 2.28438413e-06, 113168.972, 0.87189613, 113456.356, -113168.965, -2.28438393e-06, -113456.347, -41.0695777, -4.20796481e-11, -44.7809399, 0, 1.20736479e-08, 1.20736479e-08, 7.04650249e+10, 7.04650249e+10, 0, 0.27, 3.332, 0, -113168.965, -41.0695777, 0, 4.12875901e+16, 4.66480179e-08, 4.66477072e-08, 0, 0
20.578125, 0, 0, 5e+16, 0, 1.33381643e-21, 3.718e+18, 6.44e+20, 4.85, 4, 630.781542, 35.5502794, 0.866667, 561925.714, 3.16731761e+16, 3.89068955e+16, 32693028.5, 112896.492, -628.541624, -632.478245, 5e+16, 2.70810819e+15, -561925.497, -481.148998, 301.284007, 35.5502794, 96.4, 0.866667, 0.866667, 5e+16, 2.17874628e-06, 112896.492, 0.87195754, 113178.144, -112896.485, -2.17874605e-06, -113178.136, -38.7514127, -6.13005655e-11, -42.8833767, 0, 1.20729971e-08, 1.20729971e-08, 7.02114339e+10, 7.02114339e+10, 0, 0.27, 3.332, 0, -112896.485, -38.7514127, 0, 4.13047224e+16, 4.53848372e-08, 4.53845787e-08, 0, 0
20.6822917, 0, 0, 5e+16, 0, 1.3284589e-21, 3.718e+18, 6.44e+20, 4.85, 4, 636.630249, 35.5863156, 0.866667, 561336.729, 3.06055296e+16, 3.88621991e+16, 30841166.8, 112741.842, -634.390355, -638.325474, 5e+16, 2.5601305e+15, -561336.505, -490.761996, 301.271094, 35.5863156, 96.4, 0.866667, 0.866667, 5e+16, 2.04345226e-06, 112741.842, 0.872129201, 113017.752, -112741.836, -2.04345207e-06, -113017.745, -36.2761521, -1.87435566e-10, -40.641706, 0, 1.20722624e-08, 1.20722624e-08, 7.0049856e+10, 7.0049856e+10, 0, 0.27, 3.332, 0, -112741.836, -36.2761521, 0, 4.13119338e+16, 4.39309286e-08, 4.39307423e-08, 0, 0
20.7734375, 0, 0, 5e+16, 0, 1.3238991e-21, 3.718e+18, 6.44e+20, 4.85, 4, 641.747839, 35.6178498, 0.866667, 560816.038, 2.96610507e+16, 3.87731586e+16, 29297757.8, 112507.825, -639.507998, -643.441762, 5e+16, 2.42712969e+15, -560815.799, -503.774972, 301.259937, 35.6178498, 96.4, 0.866667, 0.866667, 5e+16, 1.94741743e-06, 112507.825, 0.872172689, 112777.176, -112507.819, -1.94741722e-06, -112777.168, -35.0993787, -1.98613805e-10, -39.8653388, 0, 1.20716275e-08, 1.20716275e-08, 6.98205208e+10, 6.98205208e+10, 0, 0.27, 3.332, 0, -112507.819, -35.0993787, 0, 4.13271712e+16, 4.26594243e-08, 4.26592816e-08, 0, 0
20.8776042, 0, 0, 5e+16, 0, 1.31867632e-21, 3.718e+18, 6.44e+20, 4.85, 4, 647.584665, 35.6564939, 0.866667, 560198.371, 2.86164052e+16, 3.87377482e+16, 27619002.4, 112377.015, -645.344841, -649.277091, 5e+16, 2.29296236e+15, -560198.129, -508.805602, 301.247256, 35.6564939, 96.4, 0.866667, 0.866667, 5e+16, 1.82529955e-06, 112377.015, 0.872303595, 112639.904, -112377.011, -1.82529935e-06, -112639.898, -30.1927479, -2.78109534e-10, -35.2133198, 0, 1.2070906e-08, 1.2070906e-08, 6.96689589e+10, 6.96689589e+10, 0, 0.27, 3.332, 0, -112377.011, -30.1927479, 0, 4.13326758e+16, 4.12220047e-08, 4.12219275e-08, 0, 0
20.96875, 0, 0, 5e+16, 0, 1.31426913e-21, 3.718e+18, 6.44e+20, 4.85, 4, 652.691873, 35.6902627, 0.866667, 559655.241, 2.77018763e+16, 3.86699598e+16, 26217507, 112182.719, -650.452089, -654.382977, 5e+16, 2.17218156e+15, -559654.989, -516.67756, 301.236396, 35.6902627, 96.4, 0.866667, 0.866667, 5e+16, 1.73857807e-06, 112182.719, 0.872328947, 112438.226, -112182.715, -1.73857786e-06, -112438.221, -27.7521475, -2.64610169e-10, -33.1856511, 0, 1.2070288e-08, 1.2070288e-08, 6.946536e+10, 6.946536e+10, 0, 0.27, 3.332, 0, -112182.715, -27.7521475, 0, 4.13440677e+16, 3.99649494e-08, 3.99649118e-08, 0, 0
21.0729167, 0, 0, 5e+16, 0, 1.30919096e-21, 3.718e+18, 6.44e+20, 4.85, 4, 658.516445, 35.7302853, 0.866667, 559016.233, 2.66954354e+16, 3.86411451e+16, 24705927.4, 112077.679, -656.276674, -660.206043, 5e+16, 2.05132389e+15, -559015.979, -519.717321, 301.223978, 35.7302853, 96.4, 0.866667, 0.866667, 5e+16, 1.62907624e-06, 112077.679, 0.87241609, 112326.02, -112077.676, -1.62907605e-06, -112326.016, -24.650654, -3.31244669e-10, -30.3112097, 0, 1.20695815e-08, 1.20695815e-08, 6.93258357e+10, 6.93258357e+10, 0, 0.27, 3.332, 0, -112077.676, -24.650654, 0, 4.13483646e+16, 3.85679792e-08, 3.85679966e-08, 0, 0
21.1640625, 0, 0, 5e+16, 0, 1.30494621e-21, 3.718e+18, 6.44e+20, 4.85, 4, 663.612932, 35.7653013, 0.866667, 558454.092, 2.582323e+16, 3.85865659e+16, 23444156.3, 111926.24, -661.373193, -665.301198, 5e+16, 1.94260409e+15, -558453.832, -524.599989, 301.213444, 35.7653013, 96.4, 0.866667, 0.866667, 5e+16, 1.55130432e-06, 111926.24, 0.872422084, 112166.397, -111926.238, -1.55130412e-06, -112166.393, -23.1705843, -3.13384351e-10, -29.2136288, 0, 1.20689822e-08, 1.20689822e-08, 6.915091e+10, 6.915091e+10, 0, 0.27, 3.332, 0, -111926.238, -23.1705843, 0, 4.13573801e+16, 3.73462519e-08, 3.73462964e-08, 0, 0
21.2682292, 0, 0, 5e+16, 0, 1.30001785e-21, 3.718e+18, 6.44e+20, 4.85, 4, 669.424801, 35.8069717, 0.866667, 557802.08, 2.48680971e+16, 3.85679631e+16, 22091713.9, 111848.573, -667.185068, -671.111558, 5e+16, 1.83440771e+15, -557801.821, -522.62422, 301.201308, 35.8069717, 96.4, 0.866667, 0.866667, 5e+16, 1.45374466e-06, 111848.573, 0.872463353, 112080.878, -111848.571, -1.45374446e-06, -112080.875, -17.786113, -3.47171717e-10, -24.0742385, 0, 1.20682917e-08, 1.20682917e-08, 6.90252149e+10, 6.90252149e+10, 0, 0.27, 3.332, 0, -111848.571, -17.786113, 0, 4.13597806e+16, 3.60088418e-08, 3.60089331e-08, 0, 0
21.359375, 0, 0, 5e+16, 0, 1.29594057e-21, 3.718e+18, 6.44e+20, 4.85, 4, 674.510186, 35.8433862, 0.866667, 557231.223, 2.40479169e+16, 3.85366063e+16, 20960342.6, 111742.276, -672.270469, -676.195608, 5e+16, 1.73696626e+15, -557230.965, -521.800581, 301.191122, 35.8433862, 96.4, 0.866667, 0.866667, 5e+16, 1.38444495e-06, 111742.276, 0.872449265, 111965.614, -111742.275, -1.38444475e-06, -111965.612, -15.1236569, -3.13448946e-10, -21.799494, 0, 1.20677121e-08, 1.20677121e-08, 6.88812119e+10, 6.88812119e+10, 0, 0.27, 3.332, 0, -111742.275, -15.1236569, 0, 4.13645942e+16, 3.48392395e-08, 3.48393512e-08, 0, 0
21.4635417, 0, 0, 5e+16, 0, 1.2911724e-21, 3.718e+18, 6.44e+20, 4.85, 4, 680.309283, 35.8854624, 0.866667, 556574.796, 2.31542794e+16, 3.85260238e+16, 19758347.6, 111694.373, -678.069567, -681.993205, 5e+16, 1.64072322e+15, -556574.541, -517.02319, 301.1793, 35.8854624, 96.4, 0.866667, 0.866667, 5e+16, 1.29809482e-06, 111694.373, 0.872440748, 111909.21, -111694.372, -1.29809464e-06, -111909.209, -11.225778, -3.38909684e-10, -18.1053159, 0, 1.20670395e-08, 1.20670395e-08, 6.87717347e+10, 6.87717347e+10, 0, 0.27, 3.332, 0, -111694.372, -11.225778, 0, 4.13655089e+16, 3.35782889e-08, 3.35784357e-08, 0, 0
21.5546875, 0, 0, 5e+16, 0, 1.28727361e-21, 3.718e+18, 6.44e+20, 4.85, 4, 685.383497, 35.9222682, 0.866667, 556000.095, 2.23941622e+16, 3.85111955e+16, 18752156.2, 111637.222, -683.143785, -687.06609, 5e+16, 1.554126e+15, -555999.844, -512.281606, 301.169496, 35.9222682, 96.4, 0.866667, 0.866667, 5e+16, 1.23676514e-06, 111637.222, 0.872404909, 111842.352, -111637.221, -1.23676496e-06, -111842.351, -9.35697167, -3.03939794e-10, -16.5755613, 0, 1.20664817e-08, 1.20664817e-08, 6.86622494e+10, 6.86622494e+10, 0, 0.27, 3.332, 0, -111637.221, -9.35697167, 0, 4.13673433e+16, 3.2475535e-08, 3.24756891e-08, 0, 0
21.6588542, 0, 0, 5e+16, 0, 1.28267272e-21, 3.718e+18, 6.44e+20, 4.85, 4, 691.169727, 35.9648458, 0.866667, 555349.067, 2.15705528e+16, 3.85121642e+16, 17690916.9, 111621.325, -688.930008, -692.85084, 5e+16, 1.46906391e+15, -555348.824, -501.854979, 301.158013, 35.9648458, 96.4, 0.866667, 0.866667, 5e+16, 1.16085872e-06, 111621.325, 0.87234311, 111817.353, -111621.325, -1.16085854e-06, -111817.353, -3.24232224, -3.0665256e-10, -10.6738192, 0, 1.20658284e-08, 1.20658284e-08, 6.85712967e+10, 6.85712967e+10, 0, 0.27, 3.332, 0, -111621.325, -3.24232224, 0, 4.13661019e+16, 3.13038433e-08, 3.13040244e-08, 0, 0
21.75, 0, 0, 5e+16, 0, 1.27896022e-21, 3.718e+18, 6.44e+20, 4.85, 4, 696.232697, 36.0020498, 0.866667, 554781.853, 2.08765671e+16, 3.85235262e+16, 16799963.2, 111616.918, -693.992966, -697.912496, 5e+16, 1.39246295e+15, -554781.623, -490.614553, 301.148619, 36.0020498, 96.4, 0.866667, 0.866667, 5e+16, 1.10695196e-06, 111616.918, 0.872284084, 111802.553, -111616.918, -1.1069518e-06, -111802.553, -0.228201538, -2.62061076e-10, -7.98782355, 0, 1.2065294e-08, 1.2065294e-08, 6.84996012e+10, 6.84996012e+10, 0, 0.27, 3.332, 0, -111616.918, -0.228201538, 0, 4.13631958e+16, 3.02791972e-08, 3.02793784e-08, 0, 0
21.8541667, 0, 0, 5e+16, 0, 1.27453823e-21, 3.718e+18, 6.44e+20, 4.85, 4, 702.006357, 36.0438265, 0.866667, 554146.459, 2.01292088e+16, 3.85343258e+16, 15869984.6, 111636.007, -699.766614, -703.68471, 5e+16, 1.31781994e+15, -554146.239, -476.418859, 301.137511, 36.0438265, 96.4, 0.866667, 0.866667, 5e+16, 1.04073356e-06, 111636.007, 0.872163798, 111812.014, -111636.007, -1.04073339e-06, -111812.014, 4.69990218, -2.5962617e-10, -3.21149601, 0, 1.20646621e-08, 1.20646621e-08, 6.84300594e+10, 6.84300594e+10, 0, 0.27, 3.332, 0, -111636.007, 4.69990218, 0, 4.13601265e+16, 2.9207681e-08, 2.92078782e-08, 0, 0
21.9453125, 0, 0, 5e+16, 0, 1.27102521e-21, 3.718e+18, 6.44e+20, 4.85, 4, 707.058335, 36.080362, 0.866667, 553593.326, 1.95062055e+16, 3.85664256e+16, 15087947.8, 111689.536, -704.818565, -708.735402, 5e+16, 1.25067461e+15, -553593.122, -460.129264, 301.128569, 36.080362, 96.4, 0.866667, 0.866667, 5e+16, 9.93721622e-07, 111689.536, 0.872079241, 111854.55, -111689.536, -9.93721478e-07, -111854.55, 7.07696281, -2.15758233e-10, -1.08671947, 0, 1.20641534e-08, 1.20641534e-08, 6.8400693e+10, 6.8400693e+10, 0, 0.27, 3.332, 0, -111689.536, 7.07696281, 0, 4.13534761e+16, 2.82706554e-08, 2.8270841e-08, 0, 0
22.0494792, 0, 0, 5e+16, 0, 1.26679166e-21, 3.718e+18, 6.44e+20, 4.85, 4, 712.819747, 36.1212434, 0.866667, 552985.35, 1.88405277e+16, 3.85906465e+16, 14279646.8, 111746.658, -710.579955, -714.495416, 5e+16, 1.18569348e+15, -552985.158, -439.4003, 301.117868, 36.1212434, 96.4, 0.866667, 0.866667, 5e+16, 9.36463149e-07, 111746.658, 0.871895083, 111901.612, -111746.657, -9.36462999e-07, -111901.611, 14.2565086, -1.97130794e-10, 5.94532907, 0, 1.20635446e-08, 1.20635446e-08, 6.8355549e+10, 6.8355549e+10, 0, 0.27, 3.332, 0, -111746.657, 14.2565086, 0, 4.13479043e+16, 2.73074971e-08, 2.73076913e-08, 0, 0
22.140625, 0, 0, 5e+16, 0, 1.26348977e-21, 3.718e+18, 6.44e+20, 4.85, 4, 717.861025, 36.156957, 0.866667, 552459.186, 1.82923799e+16, 3.86532e+16, 13597231, 111863.457, -715.621186, -719.535447, 5e+16, 1.12720181e+15, -552459.018, -415.534426, 301.109416, 36.156957, 96.4, 0.866667, 0.866667, 5e+16, 8.9582236e-07, 111863.457, 0.871782543, 112006.927, -111863.455, -8.95822236e-07, -112006.927, 17.7964076, -1.47457331e-10, 9.2672554, 0, 1.20630637e-08, 1.20630637e-08, 6.83731791e+10, 6.83731791e+10, 0, 0.27, 3.332, 0, -111863.455, 17.7964076, 0, 4.1335738e+16, 2.64652961e-08, 2.64654729e-08, 0, 0
22.2447917, 0, 0, 5e+16, 0, 1.25945799e-21, 3.718e+18, 6.44e+20, 4.85, 4, 723.610931, 36.1955242, 0.866667, 551891.02, 1.77123928e+16, 3.86895759e+16, 12901796.6, 111962.351, -721.371062, -725.28402, 5e+16, 1.07118398e+15, -551890.866, -389.864999, 301.099164, 36.1955242, 96.4, 0.866667, 0.866667, 5e+16, 8.46854502e-07, 111962.351, 0.871527459, 112095.462, -111962.348, -8.46854371e-07, -112095.46, 24.0795354, -1.25319069e-10, 15.4859694, 0, 1.20624805e-08, 1.20624805e-08, 6.83560003e+10, 6.83560003e+10, 0, 0.27, 3.332, 0, -111962.348, 24.0795354, 0, 4.13279157e+16, 2.56176069e-08, 2.56177826e-08, 0, 0
22.3359375, 0, 0, 5e+16, 0, 1.25638367e-21, 3.718e+18, 6.44e+20, 4.85, 4, 728.642149, 36.2292422, 0.866667, 551400.516, 1.7242489e+16, 3.87782931e+16, 12312973.3, 112149.281, -726.402216, -730.314048, 5e+16, 1.02082078e+15, -551400.389, -359.556902, 301.091252, 36.2292422, 96.4, 0.866667, 0.866667, 5e+16, 8.12110189e-07, 112149.281, 0.871383582, 112270.567, -112149.278, -8.12110083e-07, -112270.565, 27.1341634, -7.71329405e-11, 18.4290816, 0, 1.20620305e-08, 1.20620305e-08, 6.84265458e+10, 6.84265458e+10, 0, 0.27, 3.332, 0, -112149.278, 27.1341634, 0, 4.13110172e+16, 2.48764389e-08, 2.48765882e-08, 0, 0
22.4401042, 0, 0, 5e+16, 0, 1.25256622e-21, 3.718e+18, 6.44e+20, 4.85, 4, 734.381369, 36.2651914, 0.866667, 550886.566, 1.67526524e+16, 3.88306599e+16, 11722178.6, 112294.029, -732.141397, -736.052021, 5e+16, 9.73123624e+14, -550886.453, -326.154289, 301.08149, 36.2651914, 96.4, 0.866667, 0.866667, 5e+16, 7.70838075e-07, 112294.029, 0.871049583, 112404.805, -112294.022, -7.70837953e-07, -112404.8, 35.8312813, -4.22294019e-11, 27.0761793, 0, 1.20614751e-08, 1.20614751e-08, 6.84412359e+10, 6.84412359e+10, 0, 0.27, 3.332, 0, -112294.022, 35.8312813, 0, 4.13002369e+16, 2.41504806e-08, 2.41506227e-08, 0, 0
22.53125, 0, 0, 5e+16, 0, 1.24973627e-21, 3.718e+18, 6.44e+20, 4.85, 4, 739.403258, 36.2965802, 0.866667, 550446.84, 1.63647035e+16, 3.89558308e+16, 11219178.4, 112558.816, -737.163197, -741.072792, 5e+16, 9.30209926e+14, -550446.757, -286.830375, 301.074171, 36.2965802, 96.4, 0.866667, 0.866667, 5e+16, 7.41558422e-07, 112558.816, 0.870870482, 112657.596, -112558.808, -7.41558327e-07, -112657.591, 40.1362001, 1.00744269e-11, 31.3227167, 0, 1.20610587e-08, 1.20610587e-08, 6.8571337e+10, 6.8571337e+10, 0, 0.27, 3.332, 0, -112558.808, 40.1362001, 0, 4.12767296e+16, 2.35158563e-08, 2.35159684e-08, 0, 0
22.6354167, 0, 0, 5e+16, 0, 1.24614902e-21, 3.718e+18, 6.44e+20, 4.85, 4, 745.133081, 36.3283088, 0.866667, 550002.346, 1.59692942e+16, 3.90233829e+16, 10726046.2, 112754.166, -742.892971, -746.801476, 5e+16, 8.90290168e+14, -550002.275, -247.048964, 301.064947, 36.3283088, 96.4, 0.866667, 0.866667, 5e+16, 7.07491577e-07, 112754.166, 0.870447887, 112842.467, -112754.154, -7.07491459e-07, -112842.458, 48.2295631, 4.86848765e-11, 39.4604256, 0, 1.20605341e-08, 1.20605341e-08, 6.86224109e+10, 6.86224109e+10, 0, 0.27, 3.332, 0, -112754.154, 48.2295631, 0, 4.12631719e+16, 2.29181598e-08, 2.29182565e-08, 0, 0
22.7265625, 0, 0, 5e+16, 0, 1.24358466e-21, 3.718e+18, 6.44e+20, 4.85, 4, 750.146758, 36.3560318, 0.866667, 549624.715, 1.56676475e+16, 3.91818564e+16, 10304252.8, 113106.087, -747.906539, -751.814131, 5e+16, 8.54412802e+14, -549624.673, -199.54736, 301.058284, 36.3560318, 96.4, 0.866667, 0.866667, 5e+16, 6.83323651e-07, 113106.087, 0.870228751, 113182.426, -113106.074, -6.83323557e-07, -113182.417, 52.2042919, 1.00067935e-10, 43.4978344, 0, 1.20601551e-08, 1.20601551e-08, 6.88200477e+10, 6.88200477e+10, 0, 0.27, 3.332, 0, -113106.074, 52.2042919, 0, 4.12336313e+16, 2.23958081e-08, 2.23958693e-08, 0, 0
22.8307292, 0, 0, 5e+16, 0, 1.24024438e-21, 3.718e+18, 6.44e+20, 4.85, 4, 755.868618, 36.383002, 0.866667, 549267.585, 1.53732196e+16, 3.9268925e+16, 9903077.62, 113357.486, -753.628336, -757.534985, 5e+16, 8.21837761e+14, -549267.551, -150.431088, 301.049652, 36.383002, 96.4, 0.866667, 0.866667, 5e+16, 6.56100994e-07, 113357.486, 0.869705995, 113423.552, -113357.468, -6.56100861e-07, -113423.537, 63.0403433, 1.51340122e-10, 54.3791428, 0, 1.2059664e-08, 1.2059664e-08, 6.89126767e+10, 6.89126767e+10, 0, 0.27, 3.332, 0, -113357.468, 63.0403433, 0, 4.12165196e+16, 2.19346641e-08, 2.19347051e-08, 0, 0
22.921875, 0, 0, 5e+16, 0, 1.23796969e-21, 3.718e+18, 6.44e+20, 4.85, 4, 760.875349, 36.4065219, 0.866667, 548970.292, 1.51644248e+16, 3.94722626e+16, 9557183.61, 113807.678, -758.63493, -762.540811, 5e+16, 7.92519756e+14, -548970.281, -92.008743, 301.043718, 36.4065219, 96.4, 0.866667, 0.866667, 5e+16, 6.36778128e-07, 113807.678, 0.86944096, 113862.015, -113807.657, -6.36778014e-07, -113861.998, 68.4453649, 2.07357457e-10, 59.8840119, 0, 1.20593265e-08, 1.20593265e-08, 6.91873937e+10, 6.91873937e+10, 0, 0.27, 3.332, 0, -113807.657, 68.4453649, 0, 4.11788364e+16, 2.15318632e-08, 2.1531868e-08, 0, 0
23.0260417, 0, 0, 5e+16, 0, 1.23489623e-21, 3.718e+18, 6.44e+20, 4.85, 4, 766.591215, 36.4268673, 0.866667, 548719.58, 1.49793276e+16, 3.95785504e+16, 9244168.88, 114121.265, -764.350722, -768.255837, 5e+16, 7.67013402e+14, -548719.566, -34.7282071, 301.035738, 36.4268673, 96.4, 0.866667, 0.866667, 5e+16, 6.16211502e-07, 114121.265, 0.868804697, 114165.696, -114121.236, -6.16211332e-07, -114165.672, 78.9894067, 2.65310725e-10, 70.5419916, 0, 1.20588726e-08, 1.20588726e-08, 6.93274528e+10, 6.93274528e+10, 0, 0.27, 3.332, 0, -114121.236, 78.9894067, 0, 4.11582825e+16, 2.12181185e-08, 2.12180957e-08, 0, 0
23.1171875, 0, 0, 5e+16, 0, 1.23293988e-21, 3.718e+18, 6.44e+20, 4.85, 4, 771.592718, 36.4446171, 0.866667, 548517.327, 1.4872553e+16, 3.98248117e+16, 8972328.55, 114682.639, -769.352061, -773.25658, 5e+16, 7.44066331e+14, -548517.324, 34.0546386, 301.030616, 36.4446171, 96.4, 0.866667, 0.866667, 5e+16, 6.01592817e-07, 114682.639, 0.868486931, 114715.755, -114682.607, -6.01592656e-07, -114715.729, 84.2339391, 3.22868946e-10, 75.9653731, 0, 1.20585812e-08, 1.20585812e-08, 6.96904071e+10, 6.96904071e+10, 0, 0.27, 3.332, 0, -114682.607, 84.2339391, 0, 4.11128112e+16, 2.09444105e-08, 2.09443505e-08, 0, 0
23.2213542, 0, 0, 5e+16, 0, 1.23015591e-21, 3.718e+18, 6.44e+20, 4.85, 4, 777.304785, 36.4575377, 0.866667, 548395.686, 1.48105761e+16, 3.99554877e+16, 8745989.7, 115065.714, -775.064039, -778.968005, 5e+16, 7.25550606e+14, -548395.666, 102.775779, 301.023356, 36.4575377, 96.4, 0.866667, 0.866667, 5e+16, 5.87720841e-07, 115065.714, 0.867720742, 115089.377, -115065.67, -5.87720591e-07, -115089.338, 98.0670788, 3.97962432e-10, 89.8411398, 0, 1.20581682e-08, 1.20581682e-08, 6.9884866e+10, 6.9884866e+10, 0, 0.27, 3.332, 0, -115065.67, 98.0670788, 0, 4.10879238e+16, 2.07949001e-08, 2.07948083e-08, 0, 0
23.3125, 0, 0, 5e+16, 0, 1.22855272e-21, 3.718e+18, 6.44e+20, 4.85, 4, 782.302991, 36.468748, 0.866667, 548311.076, 1.48205393e+16, 4.02584626e+16, 8546908.87, 115754.45, -780.062046, -783.965626, 5e+16, 7.08824647e+14, -548311.045, 184.974313, 301.019145, 36.468748, 96.4, 0.866667, 0.866667, 5e+16, 5.77824304e-07, 115754.45, 0.867341751, 115767.306, -115754.401, -5.77824049e-07, -115767.263, 105.046533, 4.63705531e-10, 96.9320087, 0, 1.20579287e-08, 1.20579287e-08, 7.03500158e+10, 7.03500158e+10, 0, 0.27, 3.332, 0, -115754.401, 105.046533, 0, 4.1032149e+16, 2.06650405e-08, 2.06649156e-08, 0, 0
23.4166667, 0, 0, 5e+16, 0, 1.22608384e-21, 3.718e+18, 6.44e+20, 4.85, 4, 788.014097, 36.4720178, 0.866667, 548342.756, 1.4901225e+16, 4.04138409e+16, 8408968.51, 116215.07, -785.773048, -789.676329, 5e+16, 6.97492743e+14, -548342.685, 264.070871, 301.012682, 36.4720178, 96.4, 0.866667, 0.866667, 5e+16, 5.71002175e-07, 116215.07, 0.866427324, 116218.893, -116215.006, -5.71001792e-07, -116218.837, 118.934303, 5.53585428e-10, 110.830281, 0, 1.2057561e-08, 1.2057561e-08, 7.06067271e+10, 7.06067271e+10, 0, 0.27, 3.332, 0, -116215.006, 118.934303, 0, 4.10029715e+16, 2.07037835e-08, 2.07036198e-08, 0, 0
23.5078125, 0, 0, 5e+16, 0, 1.22487386e-21, 3.718e+18, 6.44e+20, 4.85, 4, 793.011482, 36.4748113, 0.866667, 548394.997, 1.5049537e+16, 4.07729913e+16, 8285972.99, 117049.601, -790.770201, -794.673341, 5e+16, 6.87215596e+14, -548394.879, 359.365299, 301.009496, 36.4748113, 96.4, 0.866667, 0.866667, 5e+16, 5.66072293e-07, 117049.601, 0.865977643, 117043.084, -117049.531, -5.66071882e-07, -117043.023, 125.950411, 6.26834787e-10, 117.876444, 0, 1.20573799e-08, 1.20573799e-08, 7.11902204e+10, 7.11902204e+10, 0, 0.27, 3.332, 0, -117049.531, 125.950411, 0, 4.09369939e+16, 2.0738902e-08, 2.07387115e-08, 0, 0
23.6119792, 0, 0, 5e+16, 0, 1.22275063e-21, 3.718e+18, 6.44e+20, 4.85, 4, 798.724786, 36.4673351, 0.866667, 548609.178, 1.53046075e+16, 4.09595264e+16, 8242601.86, 117597.553, -796.483383, -800.386524, 5e+16, 6.8364481e+14, -548608.986, 452.585113, 301.003919, 36.4673351, 96.4, 0.866667, 0.866667, 5e+16, 5.67108319e-07, 117597.553, 0.864892166, 117582.166, -117597.46, -5.6710771e-07, -117582.082, 143.949087, 7.46750212e-10, 135.639888, 0, 1.20570627e-08, 1.20570627e-08, 7.15187292e+10, 7.15187292e+10, 0, 0.27, 3.332, 0, -117597.46, 143.949087, 0, 4.09024687e+16, 2.10044541e-08, 2.1004221e-08, 0, 0
23.703125, 0, 0, 5e+16, 0, 1.22198433e-21, 3.718e+18, 6.44e+20, 4.85, 4, 803.724127, 36.460678, 0.866667, 548826.984, 1.56258604e+16, 4.13921352e+16, 8201821.6, 118601.584, -801.48245, -805.385743, 5e+16, 6.80260861e+14, -548826.693, 564.465478, 301.001898, 36.460678, 96.4, 0.866667, 0.866667, 5e+16, 5.67713775e-07, 118601.584, 0.864359968, 118576.023, -118601.483, -5.677131e-07, -118575.932, 153.168735, 8.37473606e-10, 144.558837, 0, 1.20569477e-08, 1.20569477e-08, 7.22413492e+10, 7.22413492e+10, 0, 0.27, 3.332, 0, -118601.483, 153.168735, 0, 4.08231399e+16, 2.12383318e-08, 2.12380868e-08, 0, 0
23.8072917, 0, 0, 5e+16, 0, 1.22023995e-21, 3.718e+18, 6.44e+20, 4.85, 4, 809.443587, 36.4397588, 0.866667, 549255.119, 1.61024716e+16, 4.16108827e+16, 8265545.54, 119247.443, -807.201771, -811.105417, 5e+16, 6.85580958e+14, -549254.706, 670.672482, 300.997302, 36.4397588, 96.4, 0.866667, 0.866667, 5e+16, 5.78100679e-07, 119247.443, 0.8630788, 119212.622, -119247.314, -5.78099708e-07, -119212.503, 171.590157, 9.91896641e-10, 162.501484, 0, 1.20566863e-08, 1.20566863e-08, 7.26523489e+10, 7.26523489e+10, 0, 0.27, 3.332, 0, -119247.314, 171.590157, 0, 4.07832529e+16, 2.17876739e-08, 2.17873804e-08, 0, 0
23.8984375, 0, 0, 5e+16, 0, 1.21997414e-21, 3.718e+18, 6.44e+20, 4.85, 4, 814.448342, 36.4213704, 0.866667, 549663.841, 1.6649121e+16, 4.21180135e+16, 8321051.7, 120447.621, -812.206209, -816.110347, 5e+16, 6.90167252e+14, -549663.255, 798.909077, 300.9966, 36.4213704, 96.4, 0.866667, 0.866667, 5e+16, 5.8529989e-07, 120447.621, 0.862451449, 120402.156, -120447.482, -5.85298794e-07, -120402.03, 181.07086, 1.10424551e-09, 171.256966, 0, 1.20566464e-08, 1.20566464e-08, 7.35380235e+10, 7.35380235e+10, 0, 0.27, 3.332, 0, -120447.482, 181.07086, 0, 4.06903904e+16, 2.22704033e-08, 2.22701235e-08, 0, 0
24.0026042, 0, 0, 5.00000002e+16, 0, 1.21864873e-21, 3.718e+18, 6.44e+20, 4.85, 4, 820.178364, 36.3855864, 0.866666999, 550344.173, 1.74238334e+16, 4.23771902e+16, 8514209.95, 121204.192, -817.93607, -821.840974, 5.00000002e+16, 7.06369922e+14, -550343.399, 922.338225, 300.993101, 36.3855864, 96.3999999, 0.866666999, 0.866666999, 5.00000002e+16, 6.076033e-07, 121204.192, 0.860944067, 121148.061, -121204.009, -6.07601735e-07, -121147.895, 204.711301, 1.32138911e-09, 193.866659, 0, 1.20564473e-08, 1.20564473e-08, 7.40446299e+10, 7.40446299e+10, 0, 0.27, 3.332, 0, -121204.009, 204.711301, 0, 4.06438838e+16, 2.31961611e-08, 2.31958319e-08, 0, 0
24.09375, 0, 0, 5.00000004e+16, 0, 1.21895577e-21, 3.718e+18, 6.44e+20, 4.85, 4, 825.192402, 36.3541376, 0.866666998, 550981.098, 1.82810448e+16, 4.29809724e+16, 8688494.18, 122634.908, -822.94974, -826.855536, 5.00000004e+16, 7.20653058e+14, -550980.044, 1070.78518, 300.993911, 36.3541376, 96.3999999, 0.866666999, 0.866666998, 5.00000004e+16, 6.23232151e-07, 122634.908, 0.860205937, 122566.503, -122634.71, -6.23230357e-07, -122566.325, 217.047535, 1.47449357e-09, 204.668111, 0, 1.20564934e-08, 1.20564934e-08, 7.51244548e+10, 7.51244548e+10, 0, 0.27, 3.332, 0, -122634.71, 217.047535, 0, 4.05334724e+16, 2.40089011e-08, 2.4008633e-08, 0, 0
24.1979167, 0, 0, 5.00000014e+16, 0, 1.21809074e-21, 3.718e+18, 6.44e+20, 4.85, 4, 830.938419, 36.300203, 0.866666992, 551955.097, 1.94735035e+16, 4.32823194e+16, 9048484.96, 123515.399, -828.695573, -832.602612, 5.00000014e+16, 7.51069142e+14, -551953.772, 1209.68161, 300.991623, 36.300203, 96.3999995, 0.866666995, 0.866666992, 5.00000014e+16, 6.61775485e-07, 123515.399, 0.858441139, 123433.386, -123515.151, -6.61772967e-07, -123433.162, 241.326076, 1.77679311e-09, 227.347216, 0, 1.20563633e-08, 1.20563633e-08, 7.57411376e+10, 7.57411376e+10, 0, 0.27, 3.332, 0, -123515.151, 241.326076, 0, 4.04803398e+16, 2.54539096e-08, 2.54535937e-08, 0, 0
24.2890625, 0, 0, 5.00000023e+16, 0, 1.21904949e-21, 3.718e+18, 6.44e+20, 4.85, 4, 835.966482, 36.2529127, 0.866666987, 552854.019, 2.07767097e+16, 4.39848937e+16, 9381691.17, 125214.066, -833.723217, -837.631606, 5.00000023e+16, 7.78148533e+14, -552852.275, 1377.58773, 300.994151, 36.2529127, 96.3999992, 0.866666992, 0.866666987, 5.00000023e+16, 6.8893923e-07, 125214.066, 0.857576621, 125116.382, -125213.8, -6.88936317e-07, -125116.145, 254.087982, 1.98807008e-09, 237.597748, 0, 1.2056507e-08, 1.2056507e-08, 7.70503141e+10, 7.70503141e+10, 0, 0.27, 3.332, 0, -125213.8, 254.087982, 0, 4.03520307e+16, 2.67221375e-08, 2.672197e-08, 0, 0
24.3932292, 0, 0, 5.00000085e+16, 0, 1.21869308e-21, 3.718e+18, 6.44e+20, 4.85, 4, 841.73454, 36.1790718, 0.866666951, 554172.422, 2.25873305e+16, 4.43384759e+16, 9971104.32, 126233.652, -839.491067, -843.401247, 5.00000085e+16, 8.28363554e+14, -554170.293, 1536.04963, 300.993207, 36.1790718, 96.3999971, 0.866666971, 0.866666951, 5.00000085e+16, 7.51022267e-07, 126233.652, 0.855517725, 126117.132, -126233.312, -7.51018159e-07, -126116.831, 284.683383, 2.44069991e-09, 265.621174, 0, 1.20564533e-08, 1.20564533e-08, 7.77945286e+10, 7.77945286e+10, 0, 0.27, 3.332, 0, -126233.312, 284.683383, 0, 4.02908821e+16, 2.89263581e-08, 2.89261597e-08, 0, 0
24.484375, 0, 0, 5.00000139e+16, 0, 1.22040118e-21, 3.718e+18, 6.44e+20, 4.85, 4, 846.781938, 36.1143067, 0.866666919, 555382.444, 2.45655176e+16, 4.51668446e+16, 10528481.8, 128246.679, -844.537985, -848.450043, 5.00000139e+16, 8.73253758e+14, -555379.713, 1726.71603, 300.9977, 36.1143067, 96.3999952, 0.866666953, 0.866666919, 5.00000139e+16, 7.95004363e-07, 128246.679, 0.854508611, 128108.486, -128246.314, -7.94999547e-07, -128108.168, 300.986675, 2.75626915e-09, 277.914811, 0, 1.20567089e-08, 1.20567089e-08, 7.93777829e+10, 7.93777829e+10, 0, 0.27, 3.332, 0, -128246.314, 300.986675, 0, 4.01398274e+16, 3.08602957e-08, 3.08604065e-08, 0, 0
24.5885417, 0, 0, 5.00000483e+16, 0, 1.22059628e-21, 3.718e+18, 6.44e+20, 4.85, 4, 852.579424, 36.0165957, 0.866666721, 557100.275, 2.73283737e+16, 4.55739695e+16, 11451443.4, 129418.822, -850.335238, -854.249707, 5.00000483e+16, 9.52618443e+14, -557097.029, 1900.4397, 300.998217, 36.0165957, 96.3999833, 0.866666836, 0.866666721, 5.00000483e+16, 8.93112596e-07, 129418.822, 0.852124715, 129253.525, -129418.373, -8.93105839e-07, -129253.138, 331.367157, 3.43669947e-09, 304.77274, 0, 1.20567383e-08, 1.20567383e-08, 8.02677881e+10, 8.02677881e+10, 0, 0.27, 3.332, 0, -129418.373, 331.367157, 0, 4.00709433e+16, 3.42170572e-08, 3.42171799e-08, 0, 0
24.6796875, 0, 0, 5.00000783e+16, 0, 1.22314924e-21, 3.718e+18, 6.44e+20, 4.85, 4, 857.652602, 35.9310078, 0.866666548, 558666.407, 3.03699364e+16, 4.65268319e+16, 12346385.5, 131790.671, -855.40788, -859.324818, 5.00000783e+16, 1.02400447e+15, -558662.347, 2110.24364, 301.004908, 35.9310078, 96.3999729, 0.866666733, 0.866666548, 5.00000783e+16, 9.62975434e-07, 131790.671, 0.850956734, 131594.22, -131790.195, -9.62967441e-07, -131593.818, 347.683995, 3.9161085e-09, 315.401913, 0, 1.20571189e-08, 1.20571189e-08, 8.21720423e+10, 8.21720423e+10, 0, 0.27, 3.332, 0, -131790.195, 347.683995, 0, 3.98975169e+16, 3.71618572e-08, 3.71626037e-08, 0, 0
24.7838542, 0, 0, 5.00002539e+16, 0, 1.22393522e-21, 3.718e+18, 6.44e+20, 4.85, 4, 863.48774, 35.8074205, 0.866665533, 560850.715, 3.46770434e+16, 4.69974327e+16, 13779867.1, 133127.359, -861.242757, -865.1628, 5.00002539e+16, 1.14851038e+15, -560845.986, 2299.98196, 301.006987, 35.8074205, 96.3999122, 0.866666127, 0.866665533, 5.00002539e+16, 1.11868334e-06, 133127.359, 0.848222256, 132891.504, -133126.771, -1.118672e-06, -132891.012, 383.672979, 5.00076428e-09, 346.434047, 0, 1.20572372e-08, 1.20572372e-08, 8.32281343e+10, 8.32281343e+10, 0, 0.27, 3.332, 0, -133126.771, 383.672979, 0, 3.981987e+16, 4.23700969e-08, 4.23709625e-08, 0, 0
24.875, 0, 0, 5.00004076e+16, 0, 1.22743168e-21, 3.718e+18, 6.44e+20, 4.85, 4, 868.59391, 35.6991488, 0.866664645, 562837.31, 3.94794787e+16, 4.8098889e+16, 15204608.4, 135902.298, -866.348328, -870.271496, 5.00004076e+16, 1.26101205e+15, -562831.524, 2527.43239, 301.016104, 35.6991488, 96.3998591, 0.866665596, 0.866664645, 5.00004076e+16, 1.2301602e-06, 135902.298, 0.846884989, 135621.211, -135901.675, -1.23014662e-06, -135620.702, 403.217035, 5.77487624e-09, 357.992395, 0, 1.20577557e-08, 1.20577557e-08, 8.55056971e+10, 8.55056971e+10, 0, 0.27, 3.332, 0, -135901.675, 403.217035, 0, 3.96199585e+16, 4.69374085e-08, 4.69395051e-08, 0, 0
24.9791667, 0, 0, 5.00012384e+16, 0, 1.22881301e-21, 3.718e+18, 6.44e+20, 4.85, 4, 874.476672, 35.5450955, 0.866659845, 565559.227, 4.6395522e+16, 4.86283294e+16, 17448334.4, 137405.449, -872.230806, -876.157817, 5.00012384e+16, 1.45795836e+15, -565552.661, 2719.08482, 301.019753, 35.5450955, 96.399572, 0.866662689, 0.866659845, 5.00012384e+16, 1.48046595e-06, 137405.449, 0.843811071, 137067.732, -137404.727, -1.48044679e-06, -137067.152, 432.836112, 7.50477259e-09, 381.341178, 0, 1.20579633e-08, 1.20579633e-08, 8.67448321e+10, 8.67448321e+10, 0, 0.27, 3.332, 0, -137404.727, 432.836112, 0, 3.9535384e+16, 5.52335145e-08, 5.52359907e-08, 0, 0
25.0703125, 0, 0, 5.00019653e+16, 0, 1.2332918e-21, 3.718e+18, 6.44e+20, 4.85, 4, 879.62452, 35.4102955, 0.866655645, 568023.762, 5.42308377e+16, 4.98512591e+16, 19738481.9, 140594.778, -877.378012, -881.308832, 5.00019653e+16, 1.63695344e+15, -568015.954, 2948.64355, 301.031353, 35.4102955, 96.3993208, 0.866660145, 0.866655645, 5.00019653e+16, 1.66049199e-06, 140594.778, 0.842316543, 140192.119, -140594.027, -1.66046884e-06, -140191.534, 448.884085, 8.76522599e-09, 387.004244, 0, 1.20586231e-08, 1.20586231e-08, 8.94298737e+10, 8.94298737e+10, 0, 0.27, 3.332, 0, -140594.027, 448.884085, 0, 3.93145454e+16, 6.25054936e-08, 6.25104718e-08, 0, 0
25.1744792, 0, 0, 5.00056e+16, 0, 1.23521299e-21, 3.718e+18, 6.44e+20, 4.85, 4, 885.565944, 35.2239183, 0.866634646, 571365.847, 6.57730662e+16, 5.04388361e+16, 23294058.2, 142249.829, -883.319134, -887.254538, 5.00056e+16, 1.95224472e+15, -571357.231, 3125.95002, 301.036414, 35.2239183, 96.3980646, 0.866647245, 0.866634646, 5.00056e+16, 2.06519209e-06, 142249.829, 0.838980772, 141767.261, -142248.997, -2.06515946e-06, -141766.629, 472.911466, 1.15868617e-08, 402.819649, 0, 1.20589111e-08, 1.20589111e-08, 9.08628666e+10, 9.08628666e+10, 0, 0.27, 3.332, 0, -142248.997, 472.911466, 0, 3.92254308e+16, 7.62426315e-08, 7.62486327e-08, 0, 0
25.265625, 0, 0, 5.00087805e+16, 0, 1.24059344e-21, 3.718e+18, 6.44e+20, 4.85, 4, 890.765118, 35.0608784, 0.866616271, 574385.996, 7.90683558e+16, 5.17606205e+16, 27009681, 145800.793, -888.517639, -892.457513, 5.00087805e+16, 2.23984644e+15, -574376.124, 3333.76313, 301.050234, 35.0608784, 96.3969655, 0.866635958, 0.866616271, 5.00087805e+16, 2.35720168e-06, 145800.793, 0.837381626, 145226.657, -145799.94, -2.35716194e-06, -145226.032, 485.62657, 1.3688186e-08, 402.030803, 0, 1.20596972e-08, 1.20596972e-08, 9.39500157e+10, 9.39500157e+10, 0, 0.27, 3.332, 0, -145799.94, 485.62657, 0, 3.89895641e+16, 8.82705048e-08, 8.82816729e-08, 0, 0
25.3697917, 0, 0, 5.00234812e+16, 0, 1.24283546e-21, 3.718e+18, 6.44e+20, 4.85, 4, 896.778357, 34.8376538, 0.866531349, 578421.684, 9.9101478e+16, 5.2372727e+16, 32641391.2, 147551.953, -894.530576, -898.475649, 5.00234812e+16, 2.74332711e+15, -578411.295, 3444.17552, 301.056124, 34.8376538, 96.3918852, 0.866582997, 0.866531349, 5.00234812e+16, 2.99633984e-06, 147551.953, 0.834038549, 146867.673, -147551.163, -2.99628584e-06, -146867.138, 472.950093, 1.79810325e-08, 379.260859, 0, 1.20600322e-08, 1.20600322e-08, 9.55640246e+10, 9.55640246e+10, 0, 0.27, 3.332, 0, -147551.163, 472.950093, 0, 3.89079475e+16, 1.11902319e-07, 1.11916482e-07, 0, 0
25.4609375, 0, 0, 5.00363477e+16, 0, 1.24867328e-21, 3.718e+18, 6.44e+20, 4.85, 4, 902.040255, 34.6427145, 0.866457042, 582050.408, 1.22473799e+17, 5.36410861e+16, 38636800.4, 151226.836, -899.791856, -903.741881, 5.00363477e+16, 3.20387652e+15, -582039.265, 3566.42835, 301.070979, 34.6427145, 96.38744, 0.866536656, 0.866457042, 5.00363477e+16, 3.45801596e-06, 151226.836, 0.832494971, 150416.378, -151226.077, -3.45795045e-06, -150415.886, 464.021313, 2.12838489e-08, 353.615141, 0, 1.20608773e-08, 1.20608773e-08, 9.8913148e+10, 9.8913148e+10, 0, 0.27, 3.332, 0, -151226.077, 464.021313, 0, 3.86903345e+16, 1.32555189e-07, 1.32580593e-07, 0, 0
25.5651042, 0, 0, 5.00912888e+16, 0, 1.25069543e-21, 3.718e+18, 6.44e+20, 4.85, 4, 908.139269, 34.3829753, 0.866139824, 586826.199, 1.58443304e+17, 5.42202686e+16, 47239593.1, 152941.16, -905.890593, -909.846095, 5.00912888e+16, 3.97500038e+15, -586815.361, 3520.40555, 301.076274, 34.3829753, 96.3684566, 0.866335586, 0.866139824, 5.00912888e+16, 4.38121904e-06, 152941.16, 0.829746989, 151982.17, -152940.667, -4.38113685e-06, -151981.931, 385.979065, 2.68339136e-08, 262.2359, 0, 1.20611785e-08, 1.20611785e-08, 1.00645346e+11, 1.00645346e+11, 0, 0.27, 3.332, 0, -152940.667, 385.979065, 0, 3.86469263e+16, 1.74742701e-07, 1.74778674e-07, 0, 0
25.65625, 0, 0, 5.01394117e+16, 0, 1.25578441e-21, 3.718e+18, 6.44e+20, 4.85, 4, 913.475967, 34.156486, 0.865862259, 591098.387, 2.00414173e+17, 5.51669544e+16, 56444738.3, 156129.476, -911.226845, -915.187377, 5.01394117e+16, 4.68033497e+15, -591088.219, 3437.11349, 301.089108, 34.156486, 96.3518462, 0.86615965, 0.865862259, 5.01394117e+16, 5.04877425e-06, 156129.476, 0.828630772, 155000.294, -156129.078, -5.04867702e-06, -155000.108, 337.642825, 3.13251471e-08, 192.71667, 0, 1.20619086e-08, 1.20619086e-08, 1.03826223e+11, 1.03826223e+11, 0, 0.27, 3.332, 0, -156129.078, 337.642825, 0, 3.85149882e+16, 2.11471292e-07, 2.11532114e-07, 0, 0
25.7604167, 0, 0, 5.03289775e+16, 0, 1.25632521e-21, 3.718e+18, 6.44e+20, 4.85, 4, 919.675674, 33.8607219, 0.864769806, 596526.706, 2.65104814e+17, 5.55480257e+16, 68121359.9, 157497.578, -917.426373, -921.391958, 5.03289775e+16, 5.71834917e+15, -596518.387, 3029.89323, 301.090521, 33.8607219, 96.2863902, 0.865454815, 0.864769806, 5.03289775e+16, 6.10883155e-06, 157497.578, 0.827821035, 156172.422, -157497.496, -6.10873433e-06, -156172.373, 95.1141534, 3.43047939e-08, -67.7168147, 0, 1.2061989e-08, 1.2061989e-08, 1.05482045e+11, 1.05482045e+11, 0, 0.27, 3.332, 0, -157497.496, 95.1141534, 0, 3.86047e+16, 2.86938269e-07, 2.87048822e-07, 0, 0
25.8515625, 0, 0, 5.04954354e+16, 0, 1.25777265e-21, 3.718e+18, 6.44e+20, 4.85, 4, 925.099828, 33.6038126, 0.86381391, 601316.963, 3.38040748e+17, 5.54904637e+16, 80438042.7, 158790.604, -922.850556, -926.820416, 5.04954354e+16, 6.66989019e+15, -601311.827, 2473.45834, 301.094152, 33.6038126, 96.2291162, 0.864838084, 0.86381391, 5.04954354e+16, 6.88062393e-06, 158790.604, 0.827948649, 157240.612, -158790.593, -6.88052208e-06, -157240.408, -51.2667052, 3.73982746e-08, -240.918656, 0, 1.20621956e-08, 1.20621956e-08, 1.07398997e+11, 1.07398997e+11, 0, 0.27, 3.332, 0, -158790.593, -51.2667052, 0, 3.8743233e+16, 3.52192812e-07, 3.5235667e-07, 0, 0
25.9557292, 0, 0, 5.10980984e+16, 0, 1.25415461e-21, 3.718e+18, 6.44e+20, 4.85, 4, 931.410832, 33.2878574, 0.860362743, 606950.386, 4.44339734e+17, 5.53202759e+16, 91991975.2, 159095.037, -929.161636, -933.134927, 5.10980984e+16, 7.67001302e+15, -606947.483, 1315.59915, 301.084675, 33.2878574, 96.0215176, 0.862566274, 0.860362743, 5.10980984e+16, 7.48406642e-06, 159095.037, 0.831715648, 157291.312, -159093.252, -7.4840083e-06, -157288.632, -582.412017, 2.64827802e-08, -799.867416, 0, 1.20616565e-08, 1.20616565e-08, 1.08461147e+11, 1.08461147e+11, 0, 0.27, 3.332, 0, -159093.252, -582.412017, 0, 3.92301047e+16, 4.76135722e-07, 4.76555041e-07, 0, 0
26.046875, 0, 0, 5.16313259e+16, 0, 1.24618665e-21, 3.718e+18, 6.44e+20, 4.85, 4, 936.93101, 33.0151354, 0.857342972, 611776.658, 5.49258194e+17, 5.30179785e+16, 103695818, 155748.274, -934.682914, -938.658267, 5.16313259e+16, 8.60004994e+15, -611776.484, -274.087044, 301.06458, 33.0151354, 95.8398688, 0.860578441, 0.857342972, 5.16313259e+16, 7.94682474e-06, 155748.274, 0.834642349, 153652.546, -155745.65, -7.9467997e-06, -153648.238, -894.85558, 1.97298557e-08, -1149.39569, 0, 1.20605133e-08, 1.20605133e-08, 1.06833964e+11, 1.06833964e+11, 0, 0.27, 3.332, 0, -155745.65, -894.85558, 0, 4.00602065e+16, 5.81878813e-07, 5.8237775e-07, 0, 0
26.1510417, 0, 0, 5.33894851e+16, 0, 1.2331024e-21, 3.718e+18, 6.44e+20, 4.85, 4, 943.350595, 32.7174141, 0.84747203, 616185.32, 6.63379504e+17, 5.13798112e+16, 105443240, 153140.738, -941.103299, -945.078377, 5.33894851e+16, 8.74450795e+15, -616173.894, -3039.60412, 301.029873, 32.7174141, 95.2391659, 0.853917386, 0.84747203, 5.33894851e+16, 7.2360015e-06, 153140.738, 0.847368842, 150722.446, -153125.297, -7.23586535e-06, -150702.806, -1888.80085, -2.10523716e-08, -2192.17969, 0, 1.20585393e-08, 1.20585393e-08, 1.05901956e+11, 1.05901956e+11, 0, 0.27, 3.332, 0, -153125.297, -1888.80085, 0, 4.16893799e+16, 7.20044006e-07, 7.21383357e-07, 0, 0
26.2421875, 0, 0, 5.49769168e+16, 0, 1.20699276e-21, 3.718e+18, 6.44e+20, 4.85, 4, 948.962691, 32.4650619, 0.838834955, 619540.957, 7.2183963e+17, 4.46810703e+16, 107663560, 141003.957, -946.719002, -950.691195, 5.49769168e+16, 8.93493537e+15, -619498.589, -6968.90105, 300.962124, 32.4650619, 94.7135508, 0.848088963, 0.838834955, 5.49769168e+16, 6.77569695e-06, 141003.957, 0.8554234, 138212.384, -140982.747, -6.77550674e-06, -138184.149, -2428.98685, -5.06516771e-08, -2789.30384, 0, 1.20546855e-08, 1.20546855e-08, 9.70872541e+10, 9.70872541e+10, 0, 0.27, 3.332, 0, -140982.747, -2428.98685, 0, 4.42307711e+16, 8.34247648e-07, 8.3558903e-07, 0, 0
26.3463542, 0, 0, 5.96523738e+16, 0, 1.17634648e-21, 3.718e+18, 6.44e+20, 4.85, 4, 955.445058, 32.2973723, 0.81404439, 619004.395, 6.5555941e+17, 3.96937251e+16, 87852782.1, 130821.614, -953.204406, -957.168515, 5.96523738e+16, 7.46685626e+15, -618850.123, -13254.2894, 300.878039, 32.2973723, 93.1580442, 0.830758209, 0.81404439, 5.96523738e+16, 4.90090119e-06, 130821.614, 0.881052368, 127624.699, -130762.513, -4.89917734e-06, -127550.222, -3619.53772, -1.01572879e-07, -4080.60497, 0, 1.20499036e-08, 1.20499036e-08, 9.07439327e+10, 9.07439327e+10, 0, 0.27, 3.332, 0, -130762.513, -3619.53772, 0, 4.90407315e+16, 8.15478889e-07, 8.11255556e-07, 0, 0
26.4375, 0, 0, 6.40684418e+16, 0, 1.12835923e-21, 3.718e+18, 6.44e+20, 4.85, 4, 961.105107, 32.1688914, 0.792352646, 617191.875, 5.03587947e+17, 2.76418212e+16, 74725061.9, 108232.469, -958.87379, -962.824724, 6.40684418e+16, 6.21176603e+15, -616764.409, -22234.2142, 300.74514, 32.1688914, 91.7969759, 0.8155938, 0.792352646, 6.40684418e+16, 3.55840224e-06, 108232.469, 0.895194782, 104568.092, -108155.682, -3.55561693e-06, -104465.165, -4074.5218, -1.40711319e-07, -4634.35757, 0, 1.20423461e-08, 1.20423461e-08, 7.30661344e+10, 7.30661344e+10, 0, 0.27, 3.332, 0, -108155.682, -4074.5218, 0, 5.53901893e+16, 7.91539548e-07, 7.84487196e-07, 0, 0
26.5416667, 0, 0, 7.53532779e+16, 0, 1.07871927e-21, 3.718e+18, 6.44e+20, 4.85, 4, 967.498493, 32.4069484, 0.740835675, 603273.627, 2.08609373e+17, 1.94990072e+16, 41539693.7, 85259.4809, -965.27616, -969.203298, 7.53532779e+16, 4.0971244e+15, -602191.275, -35378.8425, 300.599749, 32.4069484, 88.3327156, 0.777440033, 0.740835675, 7.53532779e+16, 2.03817816e-06, 85259.4809, 0.928621898, 81070.8129, -85154.4673, -2.03255238e-06, -80919.4528, -4128.54117, -1.25748862e-07, -4863.53632, 0, 1.20340804e-08, 1.20340804e-08, 5.79170803e+10, 5.79170803e+10, 0, 0.27, 3.332, 0, -85154.4673, -4128.54117, 0, 6.81175155e+16, 5.52410272e-07, 5.92678224e-07, 0, 0
26.6328125, 0, 0, 8.68466134e+16, 0, 1.02649766e-21, 3.718e+18, 6.44e+20, 4.85, 4, 973.066238, 32.6556486, 0.695758325, 588471.206, 7.11992223e+16, 9.38556594e+15, 25401081.7, 62254.7978, -970.862756, -974.75874, 8.68466134e+16, 2.11747075e+15, -585991.608, -52567.0181, 300.440687, 32.6556486, 85.3014878, 0.744055486, 0.695758325, 8.68466134e+16, 8.88607249e-07, 62254.7978, 0.943378399, 57479.7476, -62145.6567, -8.81246844e-07, -57290.4529, -3682.0929, -1.13984554e-07, -4544.8075, 0, 1.2025039e-08, 1.2025039e-08, 3.96628581e+10, 3.96628581e+10, 0, 0.27, 3.332, 0, -62145.6567, -3682.0929, 0, 8.15012308e+16, 3.47683862e-07, 3.57236295e-07, 0, 0
26.7369792, 0, 0, 1.11785301e+17, 0, 9.78736925e-22, 3.718e+18, 6.44e+20, 4.85, 4, 978.979844, 34.0613954, 0.614281126, 544433.133, 3.28058831e+15, 5.03646654e+15, 6671349.52, 35716.8607, -976.792395, -980.638182, 1.11785301e+17, 1.14797987e+15, -539647.135, -71244.1746, 300.288377, 34.0613954, 79.0788058, 0.677558401, 0.614281126, 1.11785301e+17, 4.21388498e-07, 35716.8607, 0.970036784, 30165.3108, -35642.7013, -4.16879286e-07, -29981.6415, -2300.18841, -5.71468263e-08, -3321.97019, 0, 1.20163833e-08, 1.20163833e-08, 2.25199448e+10, 2.25199448e+10, 0, 0.27, 3.332, 0, -35642.7013, -2300.18841, 0, 1.08745408e+17, 1.73591194e-07, 1.36432524e-07, 0, 0
26.828125, 0, 0, 1.39415975e+17, 0, 9.45809658e-22, 3.718e+18, 6.44e+20, 4.85, 4, 984.110502, 35.3590019, 0.542988577, 502093.175, 1.47510863e+14, 1.86124634e+15, 1989914.55, 24260.9676, -981.948722, -985.737858, 1.39415975e+17, 1.65745292e+14, -493040.982, -92916.7939, 300.17885, 35.3590019, 73.633959, 0.619373451, 0.542988577, 1.39415975e+17, 5.2732585e-08, 24260.9676, 0.978864575, 19545.4284, -24207.3185, -5.02140139e-08, -17667.7048, -1610.39024, -1.60594447e-08, -2701.59612, 0, 1.20101601e-08, 1.20101601e-08, 1.35794795e+10, 1.35794795e+10, 0, 0.27, 3.332, 0, -24207.3185, -1610.39024, 0, 1.36875412e+17, 3.21030617e-08, 2.8731397e-08, 0, 0
26.9322917, 0, 0, 1.90787085e+17, 0, 9.19572858e-22, 3.718e+18, 6.44e+20, 4.85, 4, 988.708064, 40.5540178, 0.450899203, 408778.936, 1668753.58, 1.09251095e+15, 27291.8217, 8800.88238, -986.560005, -990.224781, 1.90787085e+17, 7.95907194e+13, -396383.602, -99555.0501, 300.089158, 40.5540178, 65.2323053, 0.532590165, 0.450899203, 1.90787085e+17, 2.19392892e-08, 8800.88238, 0.991361171, 3425.5358, -8777.36151, -2.10646593e-08, -1618.16122, -642.769828, -6.13216155e-09, -1131.71948, 0, 1.20050645e-08, 1.20050645e-08, 4.40366608e+09, 4.40366608e+09, 0, 0.27, 3.332, 0, -8777.36151, -642.769828, 0, 1.89335243e+17, 1.3657837e-08, 1.40816538e-08, 0, 0
27.0234375, 0, 0, 2.51047471e+17, 0, 9.0719997e-22, 3.718e+18, 6.44e+20, 4.85, 4, 992.696518, 45.1301306, 0.370321001, 321939.837, 0, 3.94512491e+14, 582.825851, 6366.12613, -990.574755, -994.113917, 2.51047471e+17, 4.8688096e+10, -306017.48, -98787.8819, 300.045881, 45.1301306, 57.8808584, 0.456654789, 0.370321001, 2.51047471e+17, 9.9638986e-12, 6366.12613, 0.994585193, 6201.90194, -6349.4174, -8.55140126e-12, 1446.69038, -460.577841, -5.11386263e-12, -436.122023, 0, 1.20026062e-08, 1.20026062e-08, 2.64332105e+09, 2.64332105e+09, 0, 0.27, 3.332, 0, -6349.4174, -460.577841, 0, 2.49413723e+17, 4.6342111e-12, 9.20446944e-12, 0, 0
27.1276042, 0, 0, 3.50293849e+17, 0, 9.0039573e-22, 3.718e+18, 6.44e+20, 4.85, 4, 994.859657, 43.7087375, 0.294702397, 220623.297, 0, 3.07529094e+15, 12.9870043, 12093.4343, -992.684652, -994.85911, 3.50293849e+17, 2.09542717e+10, -207842.039, -73601.6577, 300.021847, 47.8411592, 49.5682525, 0.3728008, 0.294702397, 3.50293849e+17, 3.69255289e-12, 12093.4343, 0.990282789, 13011.5176, -12042.0105, -3.17773924e-12, -5232.66155, 1061.9624, -1.88067015e-12, 1725.34272, 0, 1.20012409e-08, 1.20012409e-08, 1.08843682e+09, 1.08843682e+09, 0, 0.27, 3.332, 0, -12042.0105, 1061.9624, 0, 2.75148921e+17, 1.54468626e-12, 5.86925267e-12, 0, 0
27.21875, 0, 0, 4.68839926e+17, 0, 8.97860205e-22, 3.718e+18, 6.44e+20, 4.85, 4, 996.825545, 42.2947223, 0.228536119, 135133.121, 0, 1.59875403e+16, 7.54070892e-43, 11951.6881, -994.607913, -995.549842, 4.68839926e+17, 6.28361876e-35, -129030.992, -40126.451, 300.012826, 50.0355693, 42.2947223, 0.29942856, 0.228536119, 4.68839926e+17, 4.34853591e-56, 11951.6881, 0.989174801, 12308.8007, -11900.026, -4.09366816e-57, -6123.99515, 1108.95174, -4.32916492e-56, 2810.09146, 0, 1.20007285e-08, 1.20007285e-08, 936377181, 936377181, 0, 0.27, 3.332, 0, -11900.026, 1108.95174, 0, 3.6654782e+17, 0, 0, 0, 0
27.3229167, 0, 0, 6.47338344e+17, 0, 8.97981253e-22, 3.718e+18, 6.44e+20, 4.85, 4, 997.523459, 35.9545123, 0.178988235, 88379.2412, 0, 2.78877208e+16, 4.04027286e-43, 25492.6409, -995.291194, -996.238618, 6.47338344e+17, 3.36750836e-35, -85034.1036, -23494.4065, 300.013256, 42.7330424, 35.9545123, 0.236845316, 0.178988235, 6.47338344e+17, 2.1444481e-56, 25492.6409, 0.974475271, 27218.5621, -25458.3671, -4.9415493e-58, -21165.3234, 1312.0923, -2.14329067e-56, 2368.97248, 0, 1.2000753e-08, 1.2000753e-08, 1.37001755e+09, 1.37001755e+09, 0, 0.27, 3.332, 0, -25458.3671, 1312.0923, 0, 3.82818074e+17, 0, 0, 0, 0
27.4140625, 0, 0, 8.58469228e+17, 0, 8.98468303e-22, 3.718e+18, 6.44e+20, 4.85, 4, 998.17615, 30.4068285, 0.135633836, 55326.9764, 0, 2.26797276e+17, 3.74752365e-43, 31333.3592, -995.88951, -996.858772, 8.58469228e+17, 3.12356003e-35, -54695.9597, -7899.06138, 300.014993, 36.3507748, 30.4068285, 0.182084977, 0.135633836, 8.58469228e+17, 2.05213977e-56, 31333.3592, 0.968815397, 28707.3308, -31267.9366, -3.65925278e-58, -28599.0103, 1914.96831, -2.05181349e-56, 2119.36089, 0, 1.20008517e-08, 1.20008517e-08, 1.6867221e+09, 1.6867221e+09, 0, 0.27, 3.332, 0, -31267.9366, 1914.96831, 0, 3.74436952e+17, 0, 0, 0, 0
27.5182292, 0, 0, 1.1544e+18, 0, 8.98098678e-22, 3.718e+18, 6.44e+20, 4.85, 4, 998.630574, 26.3159518, 0.106740351, 46304.4536, 0, 2.7696061e+17, 2.12045182e-45, 34158.3965, -996.338594, -997.02229, 1.1544e+18, 1.7671236e-37, -46183.3964, -3159.91541, 300.013678, 31.1352316, 26.3159518, 0.142864293, 0.106740351, 1.1544e+18, 9.54440857e-59, 34158.3965, 0.960036513, 31989.1944, -34124.5875, -1.74862519e-60, -31914.7519, 895.967983, -9.5428066e-59, 1090.20859, 0, 1.2000777e-08, 1.2000777e-08, 1.46419037e+09, 1.46419037e+09, 0, 0.27, 3.332, 0, -34124.5875, 895.967983, 0, 4.38702211e+17, 0, 0, 0, 0
27.609375, 0, 0, 1.49592203e+18, 0, 8.98444591e-22, 3.718e+18, 6.44e+20, 4.85, 4, 999.031891, 22.7364346, 0.0814585508, 39667.9342, 0, 3.94061588e+17, 2.56828165e-52, 41919.8005, -996.730575, -997.163284, 1.49592203e+18, 2.14137924e-44, -39631.5432, -1698.75193, 300.014911, 26.5716315, 22.7364346, 0.108546194, 0.0814585508, 1.49592203e+18, 1.15999426e-65, 41919.8005, 0.954826348, 40296.9236, -41916.2995, -9.73551262e-68, -40291.7209, 517.429847, -1.15995341e-65, 588.589864, 0, 1.2000847e-08, 1.2000847e-08, 1.82329375e+09, 1.82329375e+09, 0, 0.27, 3.332, 0, -41916.2995, 517.429847, 0, 4.61154233e+17, 0, 0, 0, 0
27.7135417, 0, 0, 1.94448133e+18, 0, 8.97948101e-22, 3.718e+18, 6.44e+20, 4.85, 4, 999.412224, 20.2973619, 0.0652464437, 36070.733, 0, 4.58544044e+17, 9.04184391e-55, 39739.0274, -997.106807, -997.279522, 1.94448133e+18, 7.53765338e-47, -36048.4227, -1224.97129, 300.013143, 23.3066568, 20.2973619, 0.0859933974, 0.0652464437, 1.94448133e+18, 3.4054558e-68, 39739.0274, 0.953978183, 38266.6066, -39736.7178, -2.73300887e-70, -38262.6722, 165.17965, -3.40534613e-68, 241.464127, 0, 1.20007466e-08, 1.20007466e-08, 1.56395351e+09, 1.56395351e+09, 0, 0.27, 3.332, 0, -39736.7178, 165.17965, 0, 5.33169629e+17, 0, 0, 0, 0
27.8046875, 0, 0, 2.44602981e+18, 0, 8.97767094e-22, 3.718e+18, 6.44e+20, 4.85, 4, 999.745846, 18.1631733, 0.05106085, 32964.4182, 0, 5.47781334e+17, 1.88935512e-60, 41834.9122, -997.435641, -997.442708, 2.44602981e+18, 3.47723261e-53, -32952.9172, -868.75977, 300.012499, 20.449804, 18.1631733, 0.0662597004, 0.05106085, 2.44602981e+18, 1.89784279e-74, 41834.9122, 0.952538738, 40536.8746, -41834.7664, -4.43251474e-76, -40536.6037, -53.6050382, -1.8868387e-74, -1.81966827, 0, 1.20007099e-08, 1.20007099e-08, 1.54412036e+09, 1.54412036e+09, 0, 0.27, 3.332, 0, -41834.7664, -53.6050382, 0, 5.87785082e+17, 0, 0, 0, 0
27.9088542, 0, 0, 3.06280007e+18, 0, 8.97346561e-22, 3.718e+18, 6.44e+20, 4.85, 4, 1000.0615, 16.7416781, 0.0419373142, 31305.1643, 0, 6.19755871e+17, 1.2557874e-60, 39722.4321, -997.747906, -997.748373, 3.06280007e+18, -4.92378188e-54, -31295.07, -789.55375, 300.011, 18.5195201, 16.7416781, 0.0535918789, 0.0419373142, 3.06280007e+18, 2.49766921e-76, 39722.4321, 0.953909666, 38526.4615, -39721.7965, -2.43589339e-76, -38525.7215, -144.554279, -4.4104289e-77, -92.6854224, 0, 1.20006248e-08, 1.20006248e-08, 1.34609962e+09, 1.34609962e+09, 0, 0.27, 3.332, 0, -39721.7965, -144.554279, 0, 6.63903811e+17, 0, 0, 0, 0
28, 0, 0, 3.72879441e+18, 0, 8.9705185e-22, 3.718e+18, 6.44e+20, 4.85, 4, 1000.33803, 15.4978698, 0.0339542203, 30334.0181, 0, 7.01521474e+17, 1.11619029e-60, 39359.5109, -998.021057, -998.022069, 3.72879441e+18, -2.60352287e-54, -30326.6692, -667.568855, 300.009949, 16.8305216, 15.4978698, 0.0425075351, 0.0339542203, 3.72879441e+18, 1.68605888e-76, 39359.5109, 0.954067946, 38280.0073, -39358.8661, -1.68582001e-76, -38279.4333, -202.289001, -2.81830236e-78, -161.176715, 0, 1.20005651e-08, 1.20005651e-08, 1.22758674e+09, 1.22758674e+09, 0, 0.27, 3.332, 0, -39358.8661, -202.289001, 0, 7.30058158e+17, 0, 0, 0, 0
28, 0, 0, 3.72879441e+18, 0, 8.9705185e-22, 3.718e+18, 6.44e+20, 4.85, 4, 1000.33803, 15.4978698, 0.0339542203, 24683.4168, 0, 7.01521474e+17, 1.11619029e-60, 39359.5109, -998.021057, -998.022069, 3.72879441e+18, -2.60352287e-54, -24678.5449, -486.398645, 300.009949, 16.8305216, 15.4978698, 0.0425075351, 0.0339542203, 3.72879441e+18, 1.68605888e-76, 39359.5109, 0.954067946, 38280.0073, -39358.8661, -1.68582001e-76, -38279.4333, -202.289001, -2.81830236e-78, -161.176715, 0, 1.20005651e-08, 1.20005651e-08, 1.22758674e+09, 1.22758674e+09, 0, 0.27, 3.332, 0, -39358.8661, -202.289001, 0, 7.30058158e+17, 0, 0, 0, 0
28.0666667, 0, 0, 4.21896004e+18, 0, 8.96688246e-22, 3.718e+18, 6.44e+20, 4.85, 4, 1000.50252, 14.9164858, 0.03028897, 23892.469, 0, 7.49645535e+17, 1.04767892e-60, 37280.6797, -998.1837, -998.184882, 4.21896004e+18, -2.39307936e-54, -23887.7533, -470.513293, 300.008652, 15.829082, 14.9164858, 0.036113142, 0.03028897, 4.21896004e+18, 1.21080465e-76, 37280.6797, 0.956095724, 36292.1752, -37279.9608, -1.21061504e-76, -36291.5216, -204.24646, -2.13275096e-78, -164.552604, 0, 1.20004915e-08, 1.20004915e-08, 1.0601512e+09, 1.0601512e+09, 0, 0.27, 3.332, 0, -37279.9608, -204.24646, 0, 7.79356096e+17, 0, 0, 0, 0
28.125, 0, 0, 4.70043188e+18, 0, 8.96403057e-22, 3.718e+18, 6.44e+20, 4.85, 4, 1000.64662, 14.4077748, 0.0270818759, 22965.9119, 0, 8.00057983e+17, 9.86468803e-61, 36339.6235, -998.326, -998.327495, 4.70043188e+18, -1.5034912e-54, -22962.3763, -402.852874, 300.007635, 14.9528223, 14.4077748, 0.0305180481, 0.0270818759, 4.70043188e+18, 8.79892131e-77, 36339.6235, 0.956748571, 35455.0305, -36338.8728, -8.79768945e-77, -35454.3659, -215.951776, -1.46821398e-78, -184.891482, 0, 1.20004337e-08, 1.20004337e-08, 934888090, 934888090, 0, 0.27, 3.332, 0, -36338.8728, -215.951776, 0, 8.20563843e+17, 0, 0, 0, 0
28.1916667, 0, 0, 5.23278599e+18, 0, 8.96208978e-22, 3.718e+18, 6.44e+20, 4.85, 4, 1000.79126, 13.993803, 0.0244949864, 21526.5434, 0, 8.46640911e+17, 9.33933671e-61, 34975.1031, -998.469058, -998.470693, 5.23278599e+18, -1.4086136e-54, -21523.7337, -345.338686, 300.006943, 14.4551444, 13.993803, 0.0273919781, 0.0244949864, 5.23278599e+18, 7.00093488e-77, 34975.1031, 0.958345916, 34140.0322, -34974.4768, -7.00003392e-77, -34139.4828, -194.53678, -1.11064367e-78, -164.71457, 0, 1.20003943e-08, 1.20003943e-08, 847843390, 847843390, 0, 0.27, 3.332, 0, -34974.4768, -194.53678, 0, 8.6799472e+17, 0, 0, 0, 0
28.25, 0, 0, 5.74782825e+18, 0, 8.96051337e-22, 3.718e+18, 6.44e+20, 4.85, 4, 1000.91793, 13.6315776, 0.022231458, 20309.3398, 0, 8.93161028e+17, 8.87380969e-61, 34223.3949, -998.594239, -998.596091, 5.74782825e+18, -9.71784275e-55, -20307.277, -289.449214, 300.00638, 14.0196762, 13.6315776, 0.0246566669, 0.022231458, 5.74782825e+18, 5.75188008e-77, 34223.3949, 0.958976402, 33444.9812, -34222.7696, -5.75131312e-77, -33444.4249, -193.07836, -8.06466969e-79, -168.957961, 0, 1.20003624e-08, 1.20003624e-08, 778273199, 778273199, 0, 0.27, 3.332, 0, -34222.7696, -193.07836, 0, 9.08720619e+17, 0, 0, 0, 0
28.3166667, 0, 0, 6.29499965e+18, 0, 8.95910033e-22, 3.718e+18, 6.44e+20, 4.85, 4, 1001.04647, 13.3366182, 0.0203997781, 19175.6809, 0, 9.36490437e+17, 8.47395706e-61, 33151.4149, -998.721451, -998.723427, 6.29499965e+18, -9.13805273e-55, -19174.1507, -239.713131, 300.005876, 13.6652106, 13.3366182, 0.0224473822, 0.0203997781, 6.29499965e+18, 4.71567423e-77, 33151.4149, 0.960365347, 32411.8566, -33151.0231, -4.71528386e-77, -32411.5232, -154.361829, -5.97582565e-79, -131.545911, 0, 1.20003337e-08, 1.20003337e-08, 714891685, 714891685, 0, 0.27, 3.332, 0, -33151.0231, -154.361829, 0, 9.52559033e+17, 0, 0, 0, 0
28.375, 0, 0, 6.81633846e+18, 0, 8.95793594e-22, 3.718e+18, 6.44e+20, 4.85, 4, 1001.15904, 13.0785288, 0.0187970582, 18228.46, 0, 9.78730813e+17, 8.12113728e-61, 32519.7458, -998.832776, -998.834925, 6.81633846e+18, -6.52466605e-55, -18227.4157, -195.123784, 300.00546, 13.3550532, 13.0785288, 0.0205142581, 0.0187970582, 6.81633846e+18, 3.99729969e-77, 32519.7458, 0.960956166, 31824.6057, -32519.3789, -3.99706155e-77, -31824.2796, -144.260585, -4.35777278e-79, -126.193541, 0, 1.20003101e-08, 1.20003101e-08, 662752831, 662752831, 0, 0.27, 3.332, 0, -32519.3789, -144.260585, 0, 9.90351215e+17, 0, 0, 0, 0
28.4416667, 0, 0, 7.34345162e+18, 0, 8.95702093e-22, 3.718e+18, 6.44e+20, 4.85, 4, 1001.27537, 12.8698377, 0.0175068364, 17418.5954, 0, 1.01706827e+18, 7.82149018e-61, 31830.5236, -998.948013, -998.950268, 7.34345162e+18, -6.17370497e-55, -17417.961, -142.520422, 300.005133, 13.103228, 12.8698377, 0.0189533073, 0.0175068364, 7.34345162e+18, 3.39673645e-77, 31830.5236, 0.961991872, 31163.2906, -31830.4097, -3.39659265e-77, -31163.2075, -84.8137035, -2.99372231e-79, -68.182852, 0, 1.20002916e-08, 1.20002916e-08, 621525125, 621525125, 0, 0.27, 3.332, 0, -31830.4097, -84.8137035, 0, 1.02896185e+18, 0, 0, 0, 0
28.5, 0, 0, 7.83800783e+18, 0, 8.95626429e-22, 3.718e+18, 6.44e+20, 4.85, 4, 1001.37723, 12.687233, 0.0163778924, 16759.895, 0, 1.05386012e+18, 7.55766664e-61, 31424.8294, -999.048869, -999.051264, 7.83800783e+18, -4.52245842e-55, -16759.5892, -101.184329, 300.004863, 12.8828809, 12.687233, 0.0175874753, 0.0163778924, 7.83800783e+18, 2.98085049e-77, 31424.8294, 0.962477777, 30789.476, -31424.7462, -2.98077937e-77, -30789.4036, -66.5023657, -2.04771498e-79, -54.0642929, 0, 1.20002763e-08, 1.20002763e-08, 587329764, 587329764, 0, 0.27, 3.332, 0, -31424.7462, -66.5023657, 0, 1.0621437e+18, 0, 0, 0, 0
28.5666667, 0, 0, 8.30589435e+18, 0, 8.9559256e-22, 3.718e+18, 6.44e+20, 4.85, 4, 1001.48556, 12.5428993, 0.0154883222, 16339.8246, 0, 1.08561169e+18, 7.34035637e-61, 31330.5903, -999.156354, -999.158834, 8.30589435e+18, -4.33718235e-55, -16339.627, -21.156497, 300.004742, 12.7063685, 12.5428993, 0.0164975794, 0.0154883222, 8.30589435e+18, 2.65077712e-77, 31330.5903, 0.962911717, 30710.1247, -31330.504, -2.65074026e-77, -30710.0437, 41.324966, -8.41737319e-80, 51.7617993, 0, 1.20002694e-08, 1.20002694e-08, 571047172, 571047172, 0, 0.27, 3.332, 0, -31330.504, 41.324966, 0, 1.09400303e+18, 0, 0, 0, 0
28.625, 0, 0, 8.73815056e+18, 0, 8.95565464e-22, 3.718e+18, 6.44e+20, 4.85, 4, 1001.58043, 12.4166073, 0.0147099483, 16041.2736, 0, 1.11588173e+18, 7.14911945e-61, 31319.0834, -999.250443, -999.253035, 8.73815056e+18, -3.22578607e-55, -16041.2258, 34.5483208, 300.004646, 12.5519202, 12.4166073, 0.0155439204, 0.0147099483, 8.73815056e+18, 2.42256629e-77, 31319.0834, 0.963199349, 30715.5096, -31318.9834, -2.42256288e-77, -30715.3948, 77.1513627, -1.44120753e-80, 83.4584128, 0, 1.20002639e-08, 1.20002639e-08, 558125655, 558125655, 0, 0.27, 3.332, 0, -31318.9834, 77.1513627, 0, 1.12106524e+18, 0, 0, 0, 0
28.6916667, 0, 0, 9.10784232e+18, 0, 8.95641135e-22, 3.718e+18, 6.44e+20, 4.85, 4, 1001.68633, 12.322259, 0.0141296699, 16278.9956, 0, 1.13968986e+18, 7.00178237e-61, 32521.2404, -999.355732, -999.35838, 9.10784232e+18, -3.23020721e-55, -16274.7666, 279.661276, 300.004916, 12.4325792, 12.322259, 0.0148089961, 0.0141296699, 9.10784232e+18, 2.30709473e-77, 32521.2404, 0.962241834, 31910.8059, -32518.3793, -2.3069199e-77, -31907.964, 357.871743, 1.88116071e-79, 359.815044, 0, 1.20002792e-08, 1.20002792e-08, 587474683, 587474683, 0, 0.27, 3.332, 0, -32518.3793, 357.871743, 0, 1.1448515e+18, 0, 0, 0, 0
28.75, 0, 0, 9.44413063e+18, 0, 8.95711108e-22, 3.718e+18, 6.44e+20, 4.85, 4, 1001.77913, 12.2397042, 0.0136219263, 16648.6709, 0, 1.16286347e+18, 6.87162474e-61, 33442.9439, -999.447961, -999.450702, 9.44413063e+18, -2.33884434e-55, -16641.8877, 473.03882, 300.005165, 12.3281558, 12.2397042, 0.0141659373, 0.0136219263, 9.44413063e+18, 2.22809958e-77, 33442.9439, 0.962047145, 32823.6976, -33439.5635, -2.22790121e-77, -32820.3305, 456.582865, 2.82300963e-79, 452.891315, 0, 1.20002934e-08, 1.20002934e-08, 616171573, 616171573, 0, 0.27, 3.332, 0, -33439.5635, 456.582865, 0, 1.16422374e+18, 0, 0, 0, 0
28.8166667, 0, 0, 9.68195779e+18, 0, 8.96274993e-22, 3.718e+18, 6.44e+20, 4.85, 4, 1001.89371, 12.1863583, 0.0132942534, 18991.9972, 0, 1.1777495e+18, 6.78379992e-61, 39294.7143, -999.562172, -999.56491, 9.68195779e+18, -3.15196005e-55, -18740.3655, 2543.52616, 300.007178, 12.2543087, 12.1863583, 0.0137119617, 0.0132942534, 9.68195779e+18, 2.42662616e-77, 39294.7143, 0.954768746, 38600.2403, -39230.1794, -2.4224668e-77, -38536.5203, 1931.03761, 1.18794066e-78, 1907.08899, 0, 1.20004077e-08, 1.20004077e-08, 842198136, 842198136, 0, 0.27, 3.332, 0, -39230.1794, 1931.03761, 0, 1.17884873e+18, 0, 0, 0, 0
28.875, 0, 0, 9.89496437e+18, 0, 8.96913749e-22, 3.718e+18, 6.44e+20, 4.85, 4, 1001.99475, 12.1396807, 0.0130075396, 23299.9335, 0, 1.19676117e+18, 6.69290667e-61, 45216.1272, -999.662754, -999.665568, 9.89496437e+18, -2.47670699e-55, -21921.3259, 7459.76727, 300.009457, 12.1896924, 12.1396807, 0.013314733, 0.0130075396, 9.89496437e+18, 2.21210998e-77, 45216.1272, 0.951942873, 44410.3404, -45137.4035, -2.20620973e-77, -44332.8205, 2569.24876, 1.6143668e-78, 2526.51258, 0, 1.20005372e-08, 1.20005372e-08, 1.16705835e+09, 1.16705835e+09, 0, 0.27, 3.332, 0, -45137.4035, 2569.24876, 0, 1.1861202e+18, 0, 0, 0, 0
28.9416667, 0, 0, 9.97735004e+18, 0, 8.98187903e-22, 3.718e+18, 6.44e+20, 4.85, 4, 1002.15833, 12.1224201, 0.0129015835, 24662.2262, 0, 1.20766152e+18, 6.48605737e-61, 51026.7389, -999.826076, -999.828256, 9.97735004e+18, -1.62545487e-54, -18509.0841, 15138.7374, 300.013995, 12.1543892, 12.1224201, 0.0130979185, 0.0129015835, 9.97735004e+18, 2.02599598e-77, 51026.7389, 0.847650859, 50182.4447, -35683.8126, -1.60362009e-77, -35013.9757, 27749.5274, 1.01970251e-77, 27399.1894, 0, 1.2000795e-08, 1.2000795e-08, 1.68503266e+09, 1.68503266e+09, 0, 0.27, 3.332, 0, -35683.8126, 27749.5274, 0, 1.18547524e+18, 0, 0, 0, 0
29, 0, 0, 1.005e+19, 0, 8.99540878e-22, 3.718e+18, 6.44e+20, 4.85, 4, 1002.32754, 12.1073171, 0.0128088719, 26161.2317, 0, 1.80482742e+18, 4.38722056e-61, 55022.0573, -999.983044, -999.983877, 1.005e+19, -1.56717749e-54, -12236.0716, 22821.1707, 300.018812, 12.1234989, 12.1073171, 0.0129082058, 0.0128088719, 1.005e+19, 1.78926047e-77, 55022.0573, 0.771979608, 54340.5553, -28444.8387, -1.14901209e-77, -27946.923, 47097.7149, 1.36243557e-77, 46602.84, 0, 1.20010685e-08, 1.20010685e-08, 2.31048935e+09, 2.31048935e+09, 0, 0.27, 3.332, 0, -28444.8387, 47097.7149, 0, 7.71669235e+17, 0, 0, 0, 0
29.0666667, 0, 0, 1.005e+19, 0, 8.97447294e-22, 3.718e+18, 6.44e+20, 4.85, 4, 1002.33776, 12.1073171, 0.0128088719, 22358.2924, 0, 1.80874147e+18, 4.3938928e-61, 35846.1507, -999.993196, -999.994241, 1.005e+19, -1.13006618e-54, -5189.30391, 21494.0163, 300.011348, 12.1148686, 12.1073171, 0.0128552277, 0.0128088719, 1.005e+19, 9.02196555e-78, 35846.1507, 0.630235429, 35419.7331, -13572.2219, -3.08732132e-78, -13283.6326, 32296.4475, 8.29018047e-78, 31987.8778, 0, 1.20006446e-08, 1.20006446e-08, 1.4268842e+09, 1.4268842e+09, 0, 0.27, 3.332, 0, -13572.2219, 32296.4475, 0, 7.69960709e+17, 0, 0, 0, 0
29.125, 0, 0, 1.005e+19, 0, 8.95323116e-22, 3.718e+18, 6.44e+20, 4.85, 4, 1002.33776, 12.1073171, 0.0128088719, 17881.5843, 0, 1.80867303e+18, 4.38355278e-61, 20737.5444, -999.993196, -999.994241, 1.005e+19, -1.13006618e-54, -505.495124, 17870.2828, 300.00378, 12.1073171, 12.1073171, 0.0128088719, 0.0128088719, 1.005e+19, 5.90000552e-78, 20737.5444, 0.526668092, 20517.1545, -1225.28831, -6.79448733e-79, -1206.53407, 20676.1358, 5.84716053e-78, 20456.889, 0, 1.20002147e-08, 1.20002147e-08, 409583136, 409583136, 0, 0.27, 3.332, 0, -1225.28831, 20676.1358, 0, 7.69917741e+17, 0, 0, 0, 0
29.1916667, 0, 0, 1.005e+19, 0, 8.95042722e-22, 3.718e+18, 6.44e+20, 4.85, 4, 1002.34062, 12.1073171, 0.0128088719, 15588.4122, 0, 1.81005535e+18, 4.38587203e-61, 15743.5934, -999.996038, -999.997131, 1.005e+19, -1.03397557e-54, -226.504874, 15586.1807, 300.002778, 12.1073171, 12.1073171, 0.0128088719, 0.0128088719, 1.005e+19, 3.96882239e-78, 15743.5934, 0.456878617, 15584.9657, -401.558436, -2.2135739e-79, -395.627154, 15732.4869, 3.95878109e-78, 15574.0569, 0, 1.20001578e-08, 1.20001578e-08, 307931933, 307931933, 0, 0.27, 3.332, 0, -401.558436, 15732.4869, 0, 7.69330472e+17, 0, 0, 0, 0
29.25, 0, 0, 1.005e+19, 0, 8.94771304e-22, 3.718e+18, 6.44e+20, 4.85, 4, 1002.34062, 12.1073171, 0.0128088719, 14476.9722, 0, 1.81004658e+18, 4.38455467e-61, 12272.6425, -999.996038, -999.997131, 1.005e+19, -1.03397557e-54, -192.689877, 14474.9166, 300.001808, 12.1073171, 12.1073171, 0.0128088719, 0.0128088719, 1.005e+19, 3.23918911e-78, 12272.6425, 0.408208319, 12145.1781, -401.353593, -2.23003481e-79, -395.422311, 12261.536, 3.22914904e-78, 12134.2693, 0, 1.20001027e-08, 1.20001027e-08, 199091550, 199091550, 0, 0.27, 3.332, 0, -401.353593, 12261.536, 0, 7.69324971e+17, 0, 0, 0, 0
29.3166667, 0, 0, 1.005e+19, 0, 8.94667433e-22, 3.718e+18, 6.44e+20, 4.85, 4, 1002.34204, 12.1073171, 0.0128088719, 13507.3915, 0, 1.81078033e+18, 4.38573629e-61, 9740.27007, -999.997441, -999.998557, 1.005e+19, -9.89050352e-55, -120.039447, 13506.6283, 300.001437, 12.1073171, 12.1073171, 0.0128088719, 0.0128088719, 1.005e+19, 2.26238184e-78, 9740.27007, 0.36545809, 9643.37096, -210.987884, -1.17081148e-79, -207.94102, 9735.55739, 2.25781697e-78, 9638.73976, 0, 1.20000816e-08, 1.20000816e-08, 160861525, 160861525, 0, 0.27, 3.332, 0, -210.987884, 9735.55739, 0, 7.69014969e+17, 0, 0, 0, 0
29.375, 0, 0, 1.005e+19, 0, 8.94561206e-22, 3.718e+18, 6.44e+20, 4.85, 4, 1002.34204, 12.1073171, 0.0128088719, 12937.4626, 0, 1.8107769e+18, 4.38522094e-61, 7987.64634, -999.997441, -999.998557, 1.005e+19, -9.89050352e-55, -106.462821, 12936.7417, 300.001057, 12.1073171, 12.1073171, 0.0128088719, 0.0128088719, 1.005e+19, 1.89275975e-78, 7987.64634, 0.335730799, 7905.79793, -210.965889, -1.17256888e-79, -207.919025, 7982.93366, 1.88819492e-78, 7901.16673, 0, 1.200006e-08, 1.200006e-08, 115602222, 115602222, 0, 0.27, 3.332, 0, -210.965889, 7982.93366, 0, 7.69012816e+17, 0, 0, 0, 0
29.4416667, 0, 0, 1.005e+19, 0, 8.94509605e-22, 3.718e+18, 6.44e+20, 4.85, 4, 1002.34287, 12.1073171, 0.0128088719, 12382.5611, 0, 1.81122494e+18, 4.38592683e-61, 6477.35577, -999.998267, -999.999396, 1.005e+19, -9.63239563e-55, -72.956617, 12382.2429, 300.000873, 12.1073171, 12.1073171, 0.0128088719, 0.0128088719, 1.005e+19, 1.31003375e-78, 6477.35577, 0.307538529, 6413.48145, -127.743969, -7.09468754e-80, -125.92479, 6474.81623, 1.30731042e-78, 6410.98517, 0, 1.20000496e-08, 1.20000496e-08, 96964845, 96964845, 0, 0.27, 3.332, 0, -127.743969, 6474.81623, 0, 7.68824001e+17, 0, 0, 0, 0
29.5, 0, 0, 1.005e+19, 0, 8.94454264e-22, 3.718e+18, 6.44e+20, 4.85, 4, 1002.34287, 12.1073171, 0.0128088719, 12041.2101, 0, 1.81122315e+18, 4.3856584e-61, 5433.32609, -999.998267, -999.999396, 1.005e+19, -9.63239563e-55, -65.8273223, 12040.9066, 300.000675, 12.1073171, 12.1073171, 0.0128088719, 0.0128088719, 1.005e+19, 1.08940454e-78, 5433.32609, 0.287932778, 5378.198, -127.736445, -7.10069332e-80, -125.917267, 5430.78655, 1.08668121e-78, 5375.70172, 0, 1.20000383e-08, 1.20000383e-08, 73017626.1, 73017626.1, 0, 0.27, 3.332, 0, -127.736445, 5430.78655, 0, 7.68822879e+17, 0, 0, 0, 0
29.5666667, 0, 0, 1.005e+19, 0, 8.94425227e-22, 3.718e+18, 6.44e+20, 4.85, 4, 1002.3434, 12.1073171, 0.0128088719, 11692.4534, 0, 1.81151309e+18, 4.38611024e-61, 4469.67931, -999.99879, -999.999927, 1.005e+19, -9.471272e-55, -47.0327991, 11692.31, 300.000571, 12.1073171, 12.1073171, 0.0128088719, 0.0128088719, 1.005e+19, 7.17530645e-79, 4469.67931, 0.268628183, 4425.9051, -82.1745647, -4.56530128e-80, -81.0161972, 4468.17834, 7.15650891e-79, 4424.42948, 0, 1.20000324e-08, 1.20000324e-08, 62738074.2, 62738074.2, 0, 0.27, 3.332, 0, -82.1745647, 4468.17834, 0, 7.68700873e+17, 0, 0, 0, 0
29.625, 0, 0, 1.005e+19, 0, 8.9439288e-22, 3.718e+18, 6.44e+20, 4.85, 4, 1002.3434, 12.1073171, 0.0128088719, 11474.1844, 0, 1.81151204e+18, 4.38595336e-61, 3803.79201, -999.99879, -999.999927, 1.005e+19, -9.471272e-55, -42.8304123, 11474.0469, 300.000455, 12.1073171, 12.1073171, 0.0128088719, 0.0128088719, 1.005e+19, 5.76629532e-79, 3803.79201, 0.255194361, 3765.53871, -82.1709834, -4.5681587e-80, -81.0126159, 3802.29104, 5.74749747e-79, 3764.06308, 0, 1.20000258e-08, 1.20000258e-08, 48622873.8, 48622873.8, 0, 0.27, 3.332, 0, -82.1709834, 3802.29104, 0, 7.68700218e+17, 0, 0, 0, 0
29.6916667, 0, 0, 1.005e+19, 0, 8.94375289e-22, 3.718e+18, 6.44e+20, 4.85, 4, 1002.34374, 12.1073171, 0.0128088719, 11245.0569, 0, 1.81170566e+18, 4.38625371e-61, 3166.01328, -999.999135, -1000.00028, 1.005e+19, -9.3660568e-55, -31.3545524, 11244.9894, 300.000392, 12.1073171, 12.1073171, 0.0128088719, 0.0128088719, 1.005e+19, 3.30542353e-79, 3166.01328, 0.241621269, 3135.21241, -54.7028885, -3.03962985e-80, -53.9383605, 3165.08497, 3.29048972e-79, 3134.2997, 0, 1.20000223e-08, 1.20000223e-08, 42506952.1, 42506952.1, 0, 0.27, 3.332, 0, -54.7028885, 3165.08497, 0, 7.68618818e+17, 0, 0, 0, 0
29.75, 0, 0, 1.005e+19, 0, 8.94355106e-22, 3.718e+18, 6.44e+20, 4.85, 4, 1002.34374, 12.1073171, 0.0128088719, 11100.3393, 0, 1.81170501e+18, 4.38615583e-61, 2725.37706, -999.999135, -1000.00028, 1.005e+19, -9.3660568e-55, -28.7271026, 11100.2744, 300.00032, 12.1073171, 12.1073171, 0.0128088719, 0.0128088719, 1.005e+19, 3.84714686e-79, 2725.37706, 0.232166939, 2698.22096, -54.7009331, -3.04118959e-80, -53.9364051, 2724.44876, 2.35729882e-79, 2697.30825, 0, 1.20000182e-08, 1.20000182e-08, 33658229.4, 33658229.4, 0, 0.27, 3.332, 0, -54.7009331, 2724.44876, 0, 7.68618409e+17, 0, 0, 0, 0
29.8166667, 0, 0, 1.005e+19, 0, 8.94343894e-22, 3.718e+18, 6.44e+20, 4.85, 4, 1002.34398, 12.1073171, 0.0128088719, 10945.5841, 0, 1.81183709e+18, 4.38636059e-61, 2292.84253, -999.999368, -1000.00051, 1.005e+19, -9.29528347e-55, -21.4061289, 10945.5513, 300.00028, 12.1073171, 12.1073171, 0.0128088719, 0.0128088719, 1.005e+19, 2.1803204e-79, 2292.84253, 0.222404997, 2270.70195, -37.3037639, -2.07307727e-80, -36.7864945, 2292.25253, 6.90395915e-80, 2270.12183, 0, 1.20000159e-08, 1.20000159e-08, 29821173.9, 29821173.9, 0, 0.27, 3.332, 0, -37.3037639, 2292.25253, 0, 7.68562911e+17, 0, 0, 0, 0
29.875, 0, 0, 1.005e+19, 0, 8.94330741e-22, 3.718e+18, 6.44e+20, 4.85, 4, 1002.34398, 12.1073171, 0.0128088719, 10847.2175, 0, 1.81183667e+18, 4.3862968e-61, 1994.03154, -999.999368, -1000.00051, 1.005e+19, -9.29528347e-55, -19.7085965, 10847.1859, 300.000233, 12.1073171, 12.1073171, 0.0128088719, 0.0128088719, 1.005e+19, 2.81352878e-79, 1994.03154, 0.215597406, 1974.36751, -37.3026104, -2.07399726e-80, -36.785341, 1993.44154, 5.71874973e-81, 1973.78739, 0, 1.20000133e-08, 1.20000133e-08, 24042084.5, 24042084.5, 0, 0.27, 3.332, 0, -37.3026104, 1993.44154, 0, 7.68562644e+17, 0, 0, 0, 0
29.9416667, 0, 0, 1.005e+19, 0, 8.9432331e-22, 3.718e+18, 6.44e+20, 4.85, 4, 1002.34414, 12.1073171, 0.0128088719, 10740.4552, 0, 1.81192843e+18, 4.3864393e-61, 1694.74624, -999.999529, -1000.00068, 1.005e+19, -9.24654965e-55, -14.8964096, 10740.4389, 300.000206, 12.1073171, 12.1073171, 0.0128088719, 0.0128088719, 1.005e+19, 1.68050532e-79, 1694.74624, 0.208424372, 1678.52749, -25.936298, -1.44148222e-80, -25.5792321, 1694.36405, -1.09649378e-79, 1678.15169, 0, 1.20000117e-08, 1.20000117e-08, 21533838.9, 21533838.9, 0, 0.27, 3.332, 0, -25.936298, 1694.36405, 0, 7.68524106e+17, 0, 0, 0, 0
30, 0, 0, 1.005e+19, 0, 8.9431445e-22, 3.718e+18, 6.44e+20, 4.85, 4, 1002.34414, 12.1073171, 0.0128088719, 10672.2418, 0, 1.81192814e+18, 4.38639633e-61, 1488.00147, -999.999529, -1000.00068, 1.005e+19, -9.24654965e-55, -13.7685902, 10672.226, 300.000175, 12.1073171, 12.1073171, 0.0128088719, 0.0128088719, 1.005e+19, 2.11880259e-79, 1488.00147, 0.203415663, 1473.50411, -25.9355813, -1.44205371e-80, -25.5785155, 1487.61928, -1.53479106e-79, 1473.12831, 0, 1.20000099e-08, 1.20000099e-08, 17639730.3, 17639730.3, 0, 0.27, 3.332, 0, -25.9355813, 1487.61928, 0, 7.68523926e+17, 0, 0, 0, 0
30.0666667, 0, 0, 1.005e+19, 0, 8.94309379e-22, 3.718e+18, 6.44e+20, 4.85, 4, 1002.34426, 12.1073171, 0.0128088719, 10597.3263, 0, 1.81199284e+18, 4.38649711e-61, 1277.54582, -999.999642, -1000.00079, 1.005e+19, -9.21237344e-55, -10.5264402, 10597.3179, 300.000156, 12.1073171, 12.1073171, 0.0128088719, 0.0128088719, 1.005e+19, 2.35578723e-79, 1277.54582, 0.198031594, 1265.45556, -18.3145314, -1.01794956e-80, -18.0639547, 1277.29536, -2.34620571e-79, 1265.2093, 0, 1.20000089e-08, 1.20000089e-08, 15947734.9, 15947734.9, 0, 0.27, 3.332, 0, -18.3145314, 1277.29536, 0, 7.68496759e+17, 0, 0, 0, 0
30.125, 0, 0, 1.005e+19, 0, 8.94303259e-22, 3.718e+18, 6.44e+20, 4.85, 4, 1002.34426, 12.1073171, 0.0128088719, 10549.26, 0, 1.81199264e+18, 4.38646744e-61, 1132.17046, -999.999642, -1000.00079, 1.005e+19, -9.21237344e-55, -9.76003927, 10549.2519, 300.000135, 12.1073171, 12.1073171, 0.0128088719, 0.0128088719, 1.005e+19, 2.66407641e-79, 1132.17046, 0.194267006, 1121.29833, -18.3140675, -1.01831944e-80, -18.0634909, 1131.92, -2.65449489e-79, 1121.05207, 0, 1.20000077e-08, 1.20000077e-08, 13260531.7, 13260531.7, 0, 0.27, 3.332, 0, -18.3140675, 1131.92, 0, 7.68496635e+17, 0, 0, 0, 0
30.1916667, 0, 0, 1.005e+19, 0, 8.94299721e-22, 3.718e+18, 6.44e+20, 4.85, 4, 1002.34434, 12.1073171, 0.0128088719, 10496.0026, 0, 1.81203883e+18, 4.38653964e-61, 982.218232, -999.999722, -1000.00087, 1.005e+19, -9.18805685e-55, -7.51415789, 10495.9983, 300.000122, 12.1073171, 12.1073171, 0.0128088719, 0.0128088719, 1.005e+19, 3.2350938e-79, 982.218232, 0.190136044, 973.051975, -13.0688592, -7.26423031e-81, -12.8909238, 982.053907, -3.23272547e-79, 972.890416, 0, 1.2000007e-08, 1.2000007e-08, 12091129.2, 12091129.2, 0, 0.27, 3.332, 0, -13.0688592, 982.053907, 0, 7.68477245e+17, 0, 0, 0, 0
30.25, 0, 0, 1.005e+19, 0, 8.94295413e-22, 3.718e+18, 6.44e+20, 4.85, 4, 1002.34434, 12.1073171, 0.0128088719, 10461.7367, 0, 1.81203869e+18, 4.38651876e-61, 878.642919, -999.999722, -1000.00087, 1.005e+19, -9.18805685e-55, -6.97693722, 10461.7325, 300.000107, 12.1073171, 12.1073171, 0.0128088719, 0.0128088719, 1.005e+19, 3.45478971e-79, 878.642919, 0.187244047, 870.351028, -13.0685477, -7.26671404e-81, -12.8906123, 878.478594, -3.45242138e-79, 870.189468, 0, 1.20000061e-08, 1.20000061e-08, 10202220.2, 10202220.2, 0, 0.27, 3.332, 0, -13.0685477, 878.478594, 0, 7.68477158e+17, 0, 0, 0, 0
30.3166667, 0, 0, 1.005e+19, 0, 8.94292913e-22, 3.718e+18, 6.44e+20, 4.85, 4, 1002.3444, 12.1073171, 0.0128088719, 10423.6429, 0, 1.81207183e+18, 4.38657076e-61, 771.177319, -999.99978, -1000.00093, 1.005e+19, -9.17064101e-55, -5.37446054, 10423.6407, 300.000098, 12.1073171, 12.1073171, 0.0128088719, 0.0128088719, 1.005e+19, 3.86774613e-79, 771.177319, 0.183998689, 764.103297, -9.34782832, -5.19608325e-81, -9.22097798, 771.071333, -3.86686197e-79, 763.999111, 0, 1.20000056e-08, 1.20000056e-08, 9382654.22, 9382654.22, 0, 0.27, 3.332, 0, -9.34782832, 771.071333, 0, 7.68463245e+17, 0, 0, 0, 0
30.375, 0, 0, 1.005e+19, 0, 8.9428985e-22, 3.718e+18, 6.44e+20, 4.85, 4, 1002.3444, 12.1073171, 0.0128088719, 10399.1231, 0, 1.81207174e+18, 4.38655591e-61, 696.952106, -999.99978, -1000.00093, 1.005e+19, -9.17064101e-55, -4.98699182, 10399.1209, 300.000087, 12.1073171, 12.1073171, 0.0128088719, 0.0128088719, 1.005e+19, 4.02521318e-79, 696.952106, 0.181724572, 690.509794, -9.34761111, -5.19781514e-81, -9.22076076, 696.84612, -4.02432902e-79, 690.405608, 0, 1.20000049e-08, 1.20000049e-08, 8042109.42, 8042109.42, 0, 0.27, 3.332, 0, -9.34761111, 696.84612, 0, 7.68463183e+17, 0, 0, 0, 0
30.4416667, 0, 0, 1.005e+19, 0, 8.94288082e-22, 3.718e+18, 6.44e+20, 4.85, 4, 1002.34444, 12.1073171, 0.0128088719, 10371.9845, 0, 1.81209544e+18, 4.38659323e-61, 620.16766, -999.999821, -1000.00098, 1.005e+19, -9.15820027e-55, -3.7986348, 10371.9834, 300.00008, 12.1073171, 12.1073171, 0.0128088719, 0.0128088719, 1.005e+19, 4.32084174e-79, 620.16766, 0.17910573, 614.593473, -6.613083, -3.67597667e-81, -6.52350631, 620.102476, -4.32047092e-79, 614.529409, 0, 1.20000046e-08, 1.20000046e-08, 7466009.99, 7466009.99, 0, 0.27, 3.332, 0, -6.613083, 620.102476, 0, 7.68453234e+17, 0, 0, 0, 0
30.5, 0, 0, 1.005e+19, 0, 8.94285906e-22, 3.718e+18, 6.44e+20, 4.85, 4, 1002.34444, 12.1073171, 0.0128088719, 10354.5783, 0, 1.81209537e+18, 4.38658268e-61, 567.137788, -999.999821, -1000.00098, 1.005e+19, -9.15820027e-55, -3.50653023, 10354.5773, 300.000073, 12.1073171, 12.1073171, 0.0128088719, 0.0128088719, 1.005e+19, 4.43335738e-79, 567.137788, 0.177269967, 562.01863, -6.61292526, -3.67723436e-81, -6.52334857, 567.072604, -4.43298656e-79, 561.954566, 0, 1.20000041e-08, 1.20000041e-08, 6514958.25, 6514958.25, 0, 0.27, 3.332, 0, -6.61292526, 567.072604, 0, 7.6845319e+17, 0, 0, 0, 0
30.5666667, 0, 0, 1.005e+19, 0, 8.94284679e-22, 3.718e+18, 6.44e+20, 4.85, 4, 1002.34447, 12.1073171, 0.0128088719, 10335.689, 0, 1.81211193e+18, 4.38660882e-61, 513.509028, -999.99985, -1000.001, 1.005e+19, -9.14951152e-55, -2.58669894, 10335.6885, 300.000068, 12.1073171, 12.1073171, 0.0128088719, 0.0128088719, 1.005e+19, 4.63998272e-79, 513.509028, 0.175088874, 508.995693, -4.51380995, -2.50899245e-81, -4.45270138, 513.472882, -4.63982753e-79, 508.960177, 0, 1.20000039e-08, 1.20000039e-08, 6117278.06, 6117278.06, 0, 0.27, 3.332, 0, -4.51380995, 513.472882, 0, 7.68446237e+17, 0, 0, 0, 0
30.625, 0, 0, 1.005e+19, 0, 8.94283165e-22, 3.718e+18, 6.44e+20, 4.85, 4, 1002.34447, 12.1073171, 0.0128088719, 10323.7078, 0, 1.81211188e+18, 4.38660148e-61, 476.473301, -999.99985, -1000.001, 1.005e+19, -9.14951152e-55, -2.35715409, 10323.7074, 300.000063, 12.1073171, 12.1073171, 0.0128088719, 0.0128088719, 1.005e+19, 4.71857001e-79, 476.473301, 0.173560769, 472.280233, -4.51368987, -2.50994986e-81, -4.4525813, 476.437155, -4.71841482e-79, 472.244717, 0, 1.20000036e-08, 1.20000036e-08, 5456376.43, 5456376.43, 0, 0.27, 3.332, 0, -4.51368987, 476.437155, 0, 7.68446207e+17, 0, 0, 0, 0
30.6916667, 0, 0, 1.005e+19, 0, 8.94282359e-22, 3.718e+18, 6.44e+20, 4.85, 4, 1002.34448, 12.1073171, 0.0128088719, 10311.3231, 0, 1.81212284e+18, 4.38661879e-61, 441.054264, -999.999868, -1000.00102, 1.005e+19, -9.14377307e-55, -1.60370213, 10311.3229, 300.00006, 12.1073171, 12.1073171, 0.0128088719, 0.0128088719, 1.005e+19, 4.85508186e-79, 441.054264, 0.171674055, 437.261365, -2.81606979, -1.56513653e-81, -2.77793638, 441.038174, -4.85502525e-79, 437.245559, 0, 1.20000035e-08, 1.20000035e-08, 5195855.75, 5195855.75, 0, 0.27, 3.332, 0, -2.81606979, 441.038174, 0, 7.68441613e+17, 0, 0, 0, 0
30.75, 0, 0, 1.005e+19, 0, 8.94281361e-22, 3.718e+18, 6.44e+20, 4.85, 4, 1002.34448, 12.1073171, 0.0128088719, 10303.6848, 0, 1.8121228e+18, 4.38661395e-61, 416.596395, -999.999868, -1000.00102, 1.005e+19, -9.14377307e-55, -1.41138114, 10303.6846, 300.000056, 12.1073171, 12.1073171, 0.0128088719, 0.0128088719, 1.005e+19, 4.90698303e-79, 416.596395, 0.170354453, 413.016415, -2.81597324, -1.56590631e-81, -2.77783983, 416.580304, -4.90692643e-79, 413.000609, 0, 1.20000032e-08, 1.20000032e-08, 4760896, 4760896, 0, 0.27, 3.332, 0, -2.81597324, 416.580304, 0, 7.68441593e+17, 0, 0, 0, 0
30.8166667, 0, 0, 1.005e+19, 0, 8.94280903e-22, 3.718e+18, 6.44e+20, 4.85, 4, 1002.3445, 12.1073171, 0.0128088719, 10296.7497, 0, 1.81212903e+18, 4.38662382e-61, 396.44589, -999.999879, -1000.00103, 1.005e+19, -9.14050821e-55, -0.754711326, 10296.7497, 300.000055, 12.1073171, 12.1073171, 0.0128088719, 0.0128088719, 1.005e+19, 4.98465717e-79, 396.44589, 0.168647468, 393.09373, -1.35364106, -7.52030004e-82, -1.33530158, 396.441842, -4.98464454e-79, 393.089754, 0, 1.20000031e-08, 1.20000031e-08, 4613432.29, 4613432.29, 0, 0.27, 3.332, 0, -1.35364106, 396.441842, 0, 7.68438979e+17, 0, 0, 0, 0
30.875, 0, 0, 1.005e+19, 0, 8.94280336e-22, 3.718e+18, 6.44e+20, 4.85, 4, 1002.3445, 12.1073171, 0.0128088719, 10292.8161, 0, 1.81212901e+18, 4.38662107e-61, 382.531796, -999.999879, -1000.00103, 1.005e+19, -9.14050821e-55, -0.583641403, 10292.816, 300.000052, 12.1073171, 12.1073171, 0.0128088719, 0.0128088719, 1.005e+19, 5.01418495e-79, 382.531796, 0.167457255, 379.301372, -1.3535582, -7.52690592e-82, -1.33521872, 382.527747, -5.01417232e-79, 379.297396, 0, 1.2000003e-08, 1.2000003e-08, 4366512.38, 4366512.38, 0, 0.27, 3.332, 0, -1.3535582, 382.527747, 0, 7.68438968e+17, 0, 0, 0, 0
30.9416667, 0, 0, 1.005e+19, 0, 8.94280188e-22, 3.718e+18, 6.44e+20, 4.85, 4, 1002.3445, 12.1073171, 0.0128088719, 11485.4743, 0, 1.81213104e+18, 4.38662429e-61, 375.968244, -999.999883, -1000.00103, 1.005e+19, -9.13944464e-55, -0.271513709, 11485.4743, 300.000052, 12.1073171, 12.1073171, 0.0128088719, 0.0128088719, 1.005e+19, 5.03949488e-79, 375.968244, 0.165832293, 372.812069, -0.665147029, -3.69545707e-82, -0.656131419, 375.967237, -5.03949186e-79, 372.81108, 0, 1.2000003e-08, 1.2000003e-08, 4318594.57, 4318594.57, 0, 0.27, 3.332, 0, -0.665147029, 375.967237, 0, 7.68438116e+17, 0, 0, 0, 0
31, 0, 0, 1.005e+19, 0, 8.94280003e-22, 3.718e+18, 6.44e+20, 4.85, 4, 1002.3445, 12.1073171, 0.0128088719, 11484.3725, 0, 1.81213103e+18, 4.38662339e-61, 371.435916, -999.999883, -1000.00103, 1.005e+19, -9.13944464e-55, -0.188879102, 11484.3725, 300.000051, 12.1073171, 12.1073171, 0.0128088719, 0.0128088719, 1.005e+19, 5.04911331e-79, 371.435916, 0.165260293, 368.31951, -0.665108077, -3.69856264e-82, -0.656092466, 371.434909, -5.0491103e-79, 368.318522, 0, 1.20000029e-08, 1.20000029e-08, 4238246.57, 4238246.57, 0, 0.27, 3.332, 0, -0.665108077, 371.434909, 0, 7.68438112e+17, 0, 0, 0, 0
