"depth", "composition x", "composition y", "donor conc", "acceptor conc", "ni", "nc", "nv", "eg", "electron affinity", "potential", "e- mobility", "h+ mobility", "electric field", "impact gen rate", "electron conc", "hole conc", "cond. current density", "electron qfl", "hole qfl", "net doping", "recombination rate", "e field x", "e field y", "lattice temperature", "e- mobility x", "e- mobility y", "h+ mobility x", "h+ mobility y", "total doping", "h+ current density", "e- current density", "current flowlines", "total current density", "je- x", "jh+ x", "jtot x", "je- y", "jh+ y", "jtot y", "seu generation rate", "e- srh tno", "h+ srh tno", "joule heat power", "total heat power", "rec heat power", "heat conductivity", "heat capacity", "peltier-thomson heat power", "cond current x", "cond current y", "ionized acceptor concentration", "ionized donor concentration", "e- ionization coefficient", "h+ ionization coefficient", "acceptor trap dos #1", "acceptor trap ionized density #1"
-7.10542736e-15, 0, 0, 5e+15, 0, 8.94265554e-22, 3.718e+18, 6.44e+20, 4.85, 4, 1.90170435, 116.280936, 1.25944174, 23939.1521, 0, 2.20897802e+10, 1.7184097e-07, 0.0116086874, -0.0330040536, -2.75196123, 5e+15, 4.82528093e+21, 117.014028, 23938.8661, 300, 117.19603, 116.280936, 1.28078819, 1.25944174, 5e+15, 9.2748145e-22, 0.0116086874, 0.320202609, 59.4845108, -2.40448991e-05, -1.72563807e-24, -0.0286233469, -0.0116086625, -9.27479844e-22, -59.4845039, 0, 1.2e-08, 1.2e-08, 198.756378, 198.756378, 0, 0.27, 3.332, 0, -2.40448991e-05, -0.0116086625, 0, 1.49999982e+15, 0, 0, 2e+18, 2.06403895e+16
3.55271368e-15, 0, 0, 1.5e+15, 0, 8.94265554e-22, 3.718e+18, 6.44e+20, 4.85, 4, 1.90170435, 116.280936, 1.25944174, 25462.3395, 0, 2.20897802e+10, 1.7184097e-07, 0.0116086874, -0.0330040536, -2.75196123, 1.5e+15, 4.82528093e+21, 117.014028, -25462.0706, 300, 117.19603, 116.280936, 1.28078819, 1.25944174, 1.5e+15, 9.2748145e-22, 0.0116086874, 0.320202609, 59.4845108, -2.40448991e-05, -1.72563807e-24, -0.0286233469, -0.0116086625, -9.27479844e-22, -59.4845039, 0, 1.2e-08, 1.2e-08, 198.756378, 198.756378, 0, 0.27, 3.332, 0, -2.40448991e-05, -0.0116086625, 0, 1.49999982e+15, 0, 0, 2e+18, 2.06403895e+16
0.125, 0, 0, 1.5e+15, 0, 8.94265555e-22, 3.718e+18, 6.44e+20, 4.85, 4, 1.90024168, 116.280936, 1.25944174, 25531.7877, 0, 2.02726862e+10, 1.860271e-07, 0.00979016686, -0.0337605334, -2.75254921, 1.5e+15, 4.43153228e+21, -81.4603199, -25531.6577, 300, 117.19603, 116.280936, 1.28078819, 1.25944174, 1.5e+15, 9.59303342e-22, 0.00979016686, 0.319847021, 54.0347244, -1.11640329e-05, -6.35403994e-23, -0.0694110384, -0.00979016049, -9.57196698e-22, -54.0346798, 0, 1.2e-08, 1.2e-08, 165.073707, 165.073707, 0, 0.27, 3.332, 0, -1.11640329e-05, -0.00979016049, 0, 1.49999983e+15, 0, 0, 2e+18, 1.92205856e+16
0.125, 0, 0, 5e+15, 0, 8.94265555e-22, 3.718e+18, 6.44e+20, 4.85, 4, 1.90024168, 116.280936, 1.25944174, 24084.195, 0, 2.02726862e+10, 1.860271e-07, 0.00979016686, -0.0337605334, -2.75254921, 5e+15, 4.43153228e+21, -9.58023727, 24084.1931, 300, 117.19603, 116.280936, 1.28078819, 1.25944174, 5e+15, 9.59303342e-22, 0.00979016686, 0.319847021, 54.0347244, -1.11640329e-05, -6.35403994e-23, -0.0694110384, -0.00979016049, -9.57196698e-22, -54.0346798, 0, 1.2e-08, 1.2e-08, 165.073707, 165.073707, 0, 0.27, 3.332, 0, -1.11640329e-05, -0.00979016049, 0, 1.49999983e+15, 0, 0, 2e+18, 1.92205856e+16
0.25, 0, 0, 5e+15, 0, 8.94265554e-22, 3.718e+18, 6.44e+20, 4.85, 4, 1.90298131, 116.280936, 1.25944174, 23962.9563, 0, 2.31244543e+10, 2.11602953e-07, 0.0121898856, -0.0330976182, -2.75861909, 5e+15, 5.05128322e+21, -121.349014, 23962.6491, 300, 117.19603, 116.280936, 1.28078819, 1.25944174, 5e+15, 1.17611187e-21, 0.0121898856, 0.320835918, 59.6194504, -3.64961672e-06, -1.59511344e-23, -0.0752271241, -0.012189885, -1.1760037e-21, -59.619403, 0, 1.2e-08, 1.2e-08, 209.882461, 209.882461, 0, 0.27, 3.332, 0, -3.64961672e-06, -0.012189885, 0, 1.49999981e+15, 0, 0, 2e+18, 2.06448724e+16
0.25, 0, 0, 1.5e+15, 0, 8.94265554e-22, 3.718e+18, 6.44e+20, 4.85, 4, 1.90298131, 116.280936, 1.25944174, 25548.4625, 0, 2.31244543e+10, 2.11602953e-07, 0.0121898856, -0.0330976182, -2.75861909, 1.5e+15, 5.05128322e+21, -101.569305, -25548.2607, 300, 117.19603, 116.280936, 1.28078819, 1.25944174, 1.5e+15, 1.17611187e-21, 0.0121898856, 0.320835918, 59.6194504, -3.64961672e-06, -1.59511344e-23, -0.0752271241, -0.012189885, -1.1760037e-21, -59.619403, 0, 1.2e-08, 1.2e-08, 209.882461, 209.882461, 0, 0.27, 3.332, 0, -3.64961672e-06, -0.012189885, 0, 1.49999981e+15, 0, 0, 2e+18, 2.06448724e+16
0.375, 0, 0, 1.5e+15, 0, 8.94265555e-22, 3.718e+18, 6.44e+20, 4.85, 4, 1.90278091, 116.280936, 1.25944174, 25704.8091, 0, 2.22058405e+10, 2.41861639e-07, 0.0107890023, -0.0339451391, -2.76187392, 1.5e+15, 4.85408895e+21, -243.048134, -25703.6601, 300, 117.19603, 116.280936, 1.28078819, 1.25944174, 1.5e+15, 1.25634956e-21, 0.0107890023, 0.32119188, 54.2671536, -3.65372803e-05, -1.08397785e-22, -0.192397939, -0.0107889404, -1.25166455e-21, -54.2668126, 0, 1.2e-08, 1.2e-08, 184.01552, 184.01552, 0, 0.27, 3.332, 0, -3.65372803e-05, -0.0107889404, 0, 1.49999982e+15, 0, 0, 2e+18, 1.92301925e+16
0.375, 0, 0, 5e+15, 0, 8.94265555e-22, 3.718e+18, 6.44e+20, 4.85, 4, 1.90278091, 116.280936, 1.25944174, 23963.2266, 0, 2.22058405e+10, 2.41861639e-07, 0.0107890023, -0.0339451391, -2.76187392, 5e+15, 4.85408895e+21, -105.855389, 23962.9928, 300, 117.19603, 116.280936, 1.28078819, 1.25944174, 5e+15, 1.25634956e-21, 0.0107890023, 0.32119188, 54.2671536, -3.65372803e-05, -1.08397785e-22, -0.192397939, -0.0107889404, -1.25166455e-21, -54.2668126, 0, 1.2e-08, 1.2e-08, 184.01552, 184.01552, 0, 0.27, 3.332, 0, -3.65372803e-05, -0.0107889404, 0, 1.49999982e+15, 0, 0, 2e+18, 1.92301925e+16
0.5, 0, 0, 5e+15, 0, 8.94265553e-22, 3.718e+18, 6.44e+20, 4.85, 4, 1.90678586, 116.280937, 1.25944174, 23770.3435, 0, 2.65021831e+10, 2.83652582e-07, 0.0140989024, -0.0333775924, -2.76999928, 5e+15, 5.78906243e+21, -218.408359, 23769.3401, 300, 117.19603, 116.280937, 1.28078819, 1.25944174, 5e+15, 1.57414923e-21, 0.0140989024, 0.322296058, 59.9992603, -8.47192903e-06, -3.03994158e-23, -0.136823006, -0.0140988999, -1.57385567e-21, -59.9991043, 0, 1.2e-08, 1.2e-08, 246.804602, 246.804602, 0, 0.27, 3.332, 0, -8.47192903e-06, -0.0140988999, 0, 1.49999978e+15, 0, 0, 2e+18, 2.06614821e+16
0.5, 0, 0, 1.5e+15, 0, 8.94265553e-22, 3.718e+18, 6.44e+20, 4.85, 4, 1.90678586, 116.280937, 1.25944174, 25806.8414, 0, 2.65021831e+10, 2.83652582e-07, 0.0140989024, -0.0333775924, -2.76999928, 1.5e+15, 5.78906243e+21, -203.770983, -25806.0369, 300, 117.19603, 116.280937, 1.28078819, 1.25944174, 1.5e+15, 1.57414923e-21, 0.0140989024, 0.322296058, 59.9992603, -8.47192903e-06, -3.03994158e-23, -0.136823006, -0.0140988999, -1.57385567e-21, -59.9991043, 0, 1.2e-08, 1.2e-08, 246.804602, 246.804602, 0, 0.27, 3.332, 0, -8.47192903e-06, -0.0140988999, 0, 1.49999978e+15, 0, 0, 2e+18, 2.06614821e+16
0.625, 0, 0, 1.5e+15, 0, 8.94265555e-22, 3.718e+18, 6.44e+20, 4.85, 4, 1.90787519, 116.280936, 1.25944174, 26053.0269, 0, 2.6653702e+10, 3.31365818e-07, 0.013107694, -0.0343195352, -2.7751079, 1.5e+15, 5.82631306e+21, -408.777549, -26049.8198, 300, 117.19603, 116.280936, 1.28078819, 1.25944174, 1.5e+15, 1.79491802e-21, 0.013107694, 0.322667714, 54.725733, -7.39709496e-05, -2.06600281e-22, -0.298229742, -0.0131074853, -1.78298823e-21, -54.7249204, 0, 1.2e-08, 1.2e-08, 228.688535, 228.688535, 0, 0.27, 3.332, 0, -7.39709496e-05, -0.0131074853, 0, 1.49999978e+15, 0, 0, 2e+18, 1.92495193e+16
0.625, 0, 0, 5e+15, 0, 8.94265555e-22, 3.718e+18, 6.44e+20, 4.85, 4, 1.90787519, 116.280936, 1.25944174, 23696.618, 0, 2.6653702e+10, 3.31365818e-07, 0.013107694, -0.0343195352, -2.7751079, 5e+15, 5.82631306e+21, -204.228033, 23695.7379, 300, 117.19603, 116.280936, 1.28078819, 1.25944174, 5e+15, 1.79491802e-21, 0.013107694, 0.322667714, 54.725733, -7.39709496e-05, -2.06600281e-22, -0.298229742, -0.0131074853, -1.78298823e-21, -54.7249204, 0, 1.2e-08, 1.2e-08, 228.688535, 228.688535, 0, 0.27, 3.332, 0, -7.39709496e-05, -0.0131074853, 0, 1.49999978e+15, 0, 0, 2e+18, 1.92495193e+16
0.75, 0, 0, 5e+15, 0, 8.94265553e-22, 3.718e+18, 6.44e+20, 4.85, 4, 1.91317664, 116.280937, 1.25944174, 23428.8222, 0, 3.33131343e+10, 3.932343e-07, 0.0179943449, -0.0338553718, -2.78483478, 5e+15, 7.27673255e+21, -317.012675, 23426.6774, 300, 117.19603, 116.280937, 1.28078819, 1.25944174, 5e+15, 2.34209227e-21, 0.0179943449, 0.323821808, 60.6358264, -1.63141039e-05, -4.92513969e-23, -0.168753216, -0.0179943375, -2.34157436e-21, -60.6355916, 0, 1.2e-08, 1.2e-08, 323.697893, 323.697893, 0, 0.27, 3.332, 0, -1.63141039e-05, -0.0179943375, 0, 1.49999973e+15, 0, 0, 2e+18, 2.06873123e+16
0.75, 0, 0, 1.5e+15, 0, 8.94265553e-22, 3.718e+18, 6.44e+20, 4.85, 4, 1.91317664, 116.280937, 1.25944174, 26242.2951, 0, 3.33131343e+10, 3.932343e-07, 0.0179943449, -0.0338553718, -2.78483478, 1.5e+15, 7.27673255e+21, -307.388808, -26240.4947, 300, 117.19603, 116.280937, 1.28078819, 1.25944174, 1.5e+15, 2.34209227e-21, 0.0179943449, 0.323821808, 60.6358264, -1.63141039e-05, -4.92513969e-23, -0.168753216, -0.0179943375, -2.34157436e-21, -60.6355916, 0, 1.2e-08, 1.2e-08, 323.697893, 323.697893, 0, 0.27, 3.332, 0, -1.63141039e-05, -0.0179943375, 0, 1.49999973e+15, 0, 0, 2e+18, 2.06873123e+16
0.875, 0, 0, 1.5e+15, 0, 8.94265554e-22, 3.718e+18, 6.44e+20, 4.85, 4, 1.91555991, 116.280937, 1.25944174, 26580.9333, 0, 3.50906198e+10, 4.50040788e-07, 0.0175713704, -0.0348947922, -2.79070632, 1.5e+15, 7.67045073e+21, -576.533476, -26574.6801, 300, 117.19603, 116.280937, 1.28078819, 1.25944174, 1.5e+15, 2.6306306e-21, 0.0175713704, 0.324186691, 55.3971778, -0.00013794517, -2.91813549e-22, -0.349348695, -0.0175708289, -2.61439519e-21, -55.3960763, 0, 1.2e-08, 1.2e-08, 316.952477, 316.952477, 0, 0.27, 3.332, 0, -0.00013794517, -0.0175708289, 0, 1.49999971e+15, 0, 0, 2e+18, 1.92788661e+16
0.875, 0, 0, 5e+15, 0, 8.94265554e-22, 3.718e+18, 6.44e+20, 4.85, 4, 1.91555991, 116.280937, 1.25944174, 23279.5337, 0, 3.50906198e+10, 4.50040788e-07, 0.0175713704, -0.0348947922, -2.79070632, 5e+15, 7.67045073e+21, -303.095852, 23277.5605, 300, 117.19603, 116.280937, 1.28078819, 1.25944174, 5e+15, 2.6306306e-21, 0.0175713704, 0.324186691, 55.3971778, -0.00013794517, -2.91813549e-22, -0.349348695, -0.0175708289, -2.61439519e-21, -55.3960763, 0, 1.2e-08, 1.2e-08, 316.952477, 316.952477, 0, 0.27, 3.332, 0, -0.00013794517, -0.0175708289, 0, 1.49999971e+15, 0, 0, 2e+18, 1.92788661e+16
1, 0, 0, 5e+15, 0, 8.94265552e-22, 3.718e+18, 6.44e+20, 4.85, 4, 1.92216956, 116.280938, 1.25944174, 22935.8038, 0, 4.59351898e+10, 5.25796491e-07, 0.0253432042, -0.0345425507, -2.80133794, 5e+15, 1.00336272e+22, -417.800482, 22931.9981, 300, 117.19603, 116.280938, 1.28078819, 1.25944174, 5e+15, 3.40051096e-21, 0.0253432042, 0.325387411, 61.4900555, -3.10259572e-05, -1.14612507e-22, -0.148426001, -0.0253431852, -3.39857893e-21, -61.4898764, 0, 1.2e-08, 1.2e-08, 473.183846, 473.183846, 0, 0.27, 3.332, 0, -3.10259572e-05, -0.0253431852, 0, 1.49999962e+15, 0, 0, 2e+18, 2.07259178e+16
1, 0, 0, 1.5e+15, 0, 8.94265552e-22, 3.718e+18, 6.44e+20, 4.85, 4, 1.92216956, 116.280938, 1.25944174, 26858.7677, 0, 4.59351898e+10, 5.25796491e-07, 0.0253432042, -0.0345425507, -2.80133794, 1.5e+15, 1.00336272e+22, -413.947151, -26855.5777, 300, 117.19603, 116.280938, 1.28078819, 1.25944174, 1.5e+15, 3.40051096e-21, 0.0253432042, 0.325387411, 61.4900555, -3.10259572e-05, -1.14612507e-22, -0.148426001, -0.0253431852, -3.39857893e-21, -61.4898764, 0, 1.2e-08, 1.2e-08, 473.183846, 473.183846, 0, 0.27, 3.332, 0, -3.10259572e-05, -0.0253431852, 0, 1.49999962e+15, 0, 0, 2e+18, 2.07259178e+16
1.125, 0, 0, 1.5e+15, 0, 8.94265554e-22, 3.718e+18, 6.44e+20, 4.85, 4, 1.92590858, 116.280938, 1.25944174, 27296.0211, 0, 5.07771583e+10, 7.70804183e-07, 0.0260427392, -0.0356908093, -2.81496589, 1.5e+15, 1.10991448e+22, -753.74699, -27285.6122, 300, 117.19603, 116.280938, 1.28078819, 1.25944174, 1.5e+15, 2.62587019e-20, 0.0260427392, 0.325740073, 56.2588316, -0.000262480999, -1.01708998e-20, -0.328289632, -0.0260414164, -2.42089286e-20, -56.2578738, 0, 1.2e-08, 1.2e-08, 490.534954, 490.534954, 0, 0.27, 3.332, 0, -0.000262480999, -0.0260414164, 0, 1.49999958e+15, 0, 0, 2e+18, 1.93186284e+16
1.125, 0, 0, 5e+15, 0, 8.94265554e-22, 3.718e+18, 6.44e+20, 4.85, 4, 1.92590858, 116.280938, 1.25944174, 22706.4942, 0, 5.07771583e+10, 7.70804183e-07, 0.0260427392, -0.0356908093, -2.81496589, 5e+15, 1.10991448e+22, -407.005644, 22702.8462, 300, 117.19603, 116.280938, 1.28078819, 1.25944174, 5e+15, 2.62587019e-20, 0.0260427392, 0.325740073, 56.2588316, -0.000262480999, -1.01708998e-20, -0.328289632, -0.0260414164, -2.42089286e-20, -56.2578738, 0, 1.2e-08, 1.2e-08, 490.534954, 490.534954, 0, 0.27, 3.332, 0, -0.000262480999, -0.0260414164, 0, 1.49999958e+15, 0, 0, 2e+18, 1.93186284e+16
1.25, 0, 0, 5e+15, 0, 8.94265552e-22, 3.718e+18, 6.44e+20, 4.85, 4, 1.93390716, 116.280939, 1.25944174, 22280.0642, 0, 6.97814437e+10, 1.07101197e-06, 0.0395564156, -0.0354704615, -2.83146785, 5e+15, 1.5241991e+22, -524.72271, 22273.8844, 300, 117.19603, 116.280939, 1.28078819, 1.25944174, 5e+15, 4.94450946e-20, 0.0395564156, 0.326993476, 62.5547809, -6.24212974e-05, -2.77017917e-22, -0.0401977038, -0.0395563663, -4.94443186e-20, -62.554768, 0, 1.2e-08, 1.2e-08, 773.80307, 773.80307, 0, 0.27, 3.332, 0, -6.24212974e-05, -0.0395563663, 0, 1.49999943e+15, 0, 0, 2e+18, 2.07746336e+16
1.25, 0, 0, 1.5e+15, 0, 8.94265552e-22, 3.718e+18, 6.44e+20, 4.85, 4, 1.93390716, 116.280939, 1.25944174, 27666.9644, 0, 6.97814437e+10, 1.07101197e-06, 0.0395564156, -0.0354704615, -2.83146785, 1.5e+15, 1.5241991e+22, -527.20711, -27661.9408, 300, 117.19603, 116.280939, 1.28078819, 1.25944174, 1.5e+15, 4.94450946e-20, 0.0395564156, 0.326993476, 62.5547809, -6.24212974e-05, -2.77017917e-22, -0.0401977038, -0.0395563663, -4.94443186e-20, -62.554768, 0, 1.2e-08, 1.2e-08, 773.80307, 773.80307, 0, 0.27, 3.332, 0, -6.24212974e-05, -0.0395563663, 0, 1.49999943e+15, 0, 0, 2e+18, 2.07746336e+16
1.375, 0, 0, 1.5e+15, 0, 8.94265553e-22, 3.718e+18, 6.44e+20, 4.85, 4, 1.93908876, 116.280939, 1.25944174, 28208.5134, 0, 8.11490097e+10, 1.52704659e-06, 0.0428773757, -0.0367505005, -2.84581999, 1.5e+15, 1.77375313e+22, -943.761466, -28192.7214, 300, 117.19603, 116.280939, 1.28078819, 1.25944174, 1.5e+15, 9.6292272e-20, 0.0428773757, 0.327327409, 57.2791523, -0.000530203841, -2.35087915e-20, -0.166801195, -0.0428740974, -9.33784684e-20, -57.2789094, 0, 1.2e-08, 1.2e-08, 851.1143, 851.1143, 0, 0.27, 3.332, 0, -0.000530203841, -0.0428740974, 0, 1.49999933e+15, 0, 0, 2e+18, 1.93695416e+16
1.375, 0, 0, 5e+15, 0, 8.94265553e-22, 3.718e+18, 6.44e+20, 4.85, 4, 1.93908876, 116.280939, 1.25944174, 21964.5157, 0, 8.11490097e+10, 1.52704659e-06, 0.0428773757, -0.0367505005, -2.84581999, 5e+15, 1.77375313e+22, -519.274171, 21958.3767, 300, 117.19603, 116.280939, 1.28078819, 1.25944174, 5e+15, 9.6292272e-20, 0.0428773757, 0.327327409, 57.2791523, -0.000530203841, -2.35087915e-20, -0.166801195, -0.0428740974, -9.33784684e-20, -57.2789094, 0, 1.2e-08, 1.2e-08, 851.1143, 851.1143, 0, 0.27, 3.332, 0, -0.000530203841, -0.0428740974, 0, 1.49999933e+15, 0, 0, 2e+18, 1.93695416e+16
1.5, 0, 0, 5e+15, 0, 8.94265551e-22, 3.718e+18, 6.44e+20, 4.85, 4, 1.94863067, 116.280939, 1.25944174, 21448.4949, 0, 1.17527834e+11, 2.31149433e-06, 0.0688437988, -0.0367171127, -2.86607908, 5e+15, 2.56701624e+22, -648.220023, 21438.6973, 300, 117.19603, 116.280939, 1.28078819, 1.25944174, 5e+15, 1.55097444e-19, 0.0688437988, 0.328638137, 63.7763551, -0.000149152752, -9.55666548e-21, 0.220745658, -0.0688436372, -1.54802736e-19, -63.775973, 0, 1.2e-08, 1.2e-08, 1422.94164, 1422.94164, 0, 0.27, 3.332, 0, -0.000149152752, -0.0688436372, 0, 1.49999903e+15, 0, 0, 2e+18, 2.08377362e+16
1.5, 0, 0, 1.5e+15, 0, 8.94265551e-22, 3.718e+18, 6.44e+20, 4.85, 4, 1.94863067, 116.280939, 1.25944174, 28676.121, 0, 1.17527834e+11, 2.31149433e-06, 0.0688437988, -0.0367171127, -2.86607908, 1.5e+15, 2.56701624e+22, -659.959235, -28668.5258, 300, 117.19603, 116.280939, 1.28078819, 1.25944174, 1.5e+15, 1.55097444e-19, 0.0688437988, 0.328638137, 63.7763551, -0.000149152752, -9.55666548e-21, 0.220745658, -0.0688436372, -1.54802736e-19, -63.775973, 0, 1.2e-08, 1.2e-08, 1422.94164, 1422.94164, 0, 0.27, 3.332, 0, -0.000149152752, -0.0688436372, 0, 1.49999903e+15, 0, 0, 2e+18, 2.08377362e+16
1.625, 0, 0, 1.5e+15, 0, 8.94265553e-22, 3.718e+18, 6.44e+20, 4.85, 4, 1.95558774, 116.28094, 1.25944174, 29327.3796, 0, 1.44862143e+11, 3.99345845e-05, 0.0793031799, -0.0382683368, -2.94669765, 1.5e+15, 3.1662923e+22, -1171.67082, -29303.9653, 300, 117.19603, 116.28094, 1.28078819, 1.25944174, 1.5e+15, 4.88069857e-18, 0.0793031799, 0.328939171, 58.4244089, -0.00122582154, -2.05014253e-18, 0.216650494, -0.0792937053, -4.42923629e-18, -58.4240072, 0, 1.2e-08, 1.2e-08, 1672.41828, 1672.41828, 0, 0.27, 3.332, 0, -0.00122582154, -0.0792937053, 0, 1.49999881e+15, 0, 0, 2e+18, 1.94325756e+16
1.625, 0, 0, 5e+15, 0, 8.94265553e-22, 3.718e+18, 6.44e+20, 4.85, 4, 1.95558774, 116.28094, 1.25944174, 21034.5121, 0, 1.44862143e+11, 3.99345845e-05, 0.0793031799, -0.0382683368, -2.94669765, 5e+15, 3.1662923e+22, -663.542462, 21024.0436, 300, 117.19603, 116.28094, 1.28078819, 1.25944174, 5e+15, 4.88069857e-18, 0.0793031799, 0.328939171, 58.4244089, -0.00122582154, -2.05014253e-18, 0.216650494, -0.0792937053, -4.42923629e-18, -58.4240072, 0, 1.2e-08, 1.2e-08, 1672.41828, 1672.41828, 0, 0.27, 3.332, 0, -0.00122582154, -0.0792937053, 0, 1.49999881e+15, 0, 0, 2e+18, 1.94325756e+16
1.75, 0, 0, 5e+15, 0, 8.94265551e-22, 3.718e+18, 6.44e+20, 4.85, 4, 1.96724507, 116.28094, 1.25944174, 20416.4245, 0, 2.22586588e+11, 8.43853628e-05, 0.135473771, -0.0388213343, -2.97769622, 5e+15, 4.86149982e+22, -826.684802, 20399.6809, 300, 117.19603, 116.28094, 1.28078819, 1.25944174, 5e+15, 9.47064749e-18, 0.135473771, 0.330308415, 65.1513682, -0.000632541266, -4.39175922e-20, 0.745016945, -0.135472294, -9.47054566e-18, -65.1471084, 0, 1.2e-08, 1.2e-08, 2979.29202, 2979.29202, 0, 0.27, 3.332, 0, -0.000632541266, -0.135472294, 0, 1.49999817e+15, 0, 0, 2e+18, 2.09131655e+16
1.75, 0, 0, 1.5e+15, 0, 8.94265551e-22, 3.718e+18, 6.44e+20, 4.85, 4, 1.96724507, 116.28094, 1.25944174, 29892.3329, 0, 2.22586588e+11, 8.43853628e-05, 0.135473771, -0.0388213343, -2.97769622, 1.5e+15, 4.86149982e+22, -853.616043, -29880.1424, 300, 117.19603, 116.28094, 1.28078819, 1.25944174, 1.5e+15, 9.47064749e-18, 0.135473771, 0.330308415, 65.1513682, -0.000632541266, -4.39175922e-20, 0.745016945, -0.135472294, -9.47054566e-18, -65.1471084, 0, 1.2e-08, 1.2e-08, 2979.29202, 2979.29202, 0, 0.27, 3.332, 0, -0.000632541266, -0.135472294, 0, 1.49999817e+15, 0, 0, 2e+18, 2.09131655e+16
1.875, 0, 0, 1.5e+15, 0, 8.94265553e-22, 3.718e+18, 6.44e+20, 4.85, 4, 1.97692814, 116.28094, 1.25944174, 30638.1412, 0, 2.88822125e+11, 0.000169564432, 0.164673931, -0.0417700886, -3.00541986, 1.5e+15, 6.31261951e+22, -1481.11966, -30602.3198, 300, 117.19603, 116.28094, 1.28078819, 1.25944174, 1.5e+15, 1.97020786e-17, 0.164673931, 0.33055459, 59.6950179, -0.00391855177, -5.06917813e-18, 0.966761117, -0.164627302, -1.9038785e-17, -59.6871891, 0, 1.2e-08, 1.2e-08, 3708.6081, 3708.6081, 0, 0.27, 3.332, 0, -0.00391855177, -0.164627302, 0, 1.49999763e+15, 0, 0, 2e+18, 1.95095448e+16
1.875, 0, 0, 5e+15, 0, 8.94265553e-22, 3.718e+18, 6.44e+20, 4.85, 4, 1.97692814, 116.28094, 1.25944174, 19906.4697, 0, 2.88822125e+11, 0.000169564432, 0.164673931, -0.0417700886, -3.00541986, 5e+15, 6.31261951e+22, -897.929923, 19886.2078, 300, 117.19603, 116.28094, 1.28078819, 1.25944174, 5e+15, 1.97020786e-17, 0.164673931, 0.33055459, 59.6950179, -0.00391855177, -5.06917813e-18, 0.966761117, -0.164627302, -1.9038785e-17, -59.6871891, 0, 1.2e-08, 1.2e-08, 3708.6081, 3708.6081, 0, 0.27, 3.332, 0, -0.00391855177, -0.164627302, 0, 1.49999763e+15, 0, 0, 2e+18, 1.95095448e+16
2, 0, 0, 5e+15, 0, 8.94265569e-22, 3.718e+18, 6.44e+20, 4.85, 4, 1.99216136, 116.280941, 1.25944174, 19236.1504, 0, 4.47234818e+11, 0.000316251202, 0.284001691, -0.0456989085, -3.03676676, 5e+15, 9.76756293e+22, -1132.26677, 19202.7981, 300, 117.19603, 116.280941, 1.28078819, 1.25944174, 5e+15, 3.20788177e-17, 0.284001691, 0.331971194, 66.68912, -0.00442228053, -1.85665099e-18, 1.63339153, -0.283967259, -3.20250432e-17, -66.669114, 0, 1.2e-08, 1.2e-08, 6663.73183, 6663.73183, 0, 0.27, 3.332, 0, -0.00442228053, -0.283967259, 0, 1.49999632e+15, 0, 0, 2e+18, 2.10068603e+16
2, 0, 0, 1.5e+15, 0, 8.94265569e-22, 3.718e+18, 6.44e+20, 4.85, 4, 1.99216136, 116.280941, 1.25944174, 31276.5247, 0, 4.47234818e+11, 0.000316251202, 0.284001691, -0.0456989085, -3.03676676, 1.5e+15, 9.76756293e+22, -1173.04289, -31254.5192, 300, 117.19603, 116.280941, 1.28078819, 1.25944174, 1.5e+15, 3.20788177e-17, 0.284001691, 0.331971194, 66.68912, -0.00442228053, -1.85665099e-18, 1.63339153, -0.283967259, -3.20250432e-17, -66.669114, 0, 1.2e-08, 1.2e-08, 6663.73183, 6663.73183, 0, 0.27, 3.332, 0, -0.00442228053, -0.283967259, 0, 1.49999632e+15, 0, 0, 2e+18, 2.10068603e+16
2.125, 0, 0, 1.5e+15, 0, 8.94265607e-22, 3.718e+18, 6.44e+20, 4.85, 4, 2.00625422, 116.280941, 1.25944174, 32090.1711, 0, 5.40230105e+11, 0.00670155543, 0.32137192, -0.0549080177, -3.12980035, 1.5e+15, 1.18069426e+23, -1870.9221, -32035.5854, 300, 117.19603, 116.280941, 1.28078819, 1.25944174, 1.5e+15, 8.05185919e-16, 0.32137192, 0.332125825, 61.0851531, -0.0127462499, -3.3679282e-16, 2.12190107, -0.32111905, -7.31365135e-16, -61.048288, 0, 1.2e-08, 1.2e-08, 7740.8376, 7740.8376, 0, 0.27, 3.332, 0, -0.0127462499, -0.32111905, 0, 1.49999556e+15, 0, 0, 2e+18, 1.96023939e+16
2.125, 0, 0, 5e+15, 0, 8.94265607e-22, 3.718e+18, 6.44e+20, 4.85, 4, 2.00625422, 116.280941, 1.25944174, 18753.4181, 0, 5.40230105e+11, 0.00670155543, 0.32137192, -0.0549080177, -3.12980035, 5e+15, 1.18069426e+23, -1250.93558, 18711.6501, 300, 117.19603, 116.280941, 1.28078819, 1.25944174, 5e+15, 8.05185919e-16, 0.32137192, 0.332125825, 61.0851531, -0.0127462499, -3.3679282e-16, 2.12190107, -0.32111905, -7.31365135e-16, -61.048288, 0, 1.2e-08, 1.2e-08, 7740.8376, 7740.8376, 0, 0.27, 3.332, 0, -0.0127462499, -0.32111905, 0, 1.49999556e+15, 0, 0, 2e+18, 1.96023939e+16
2.25, 0, 0, 5e+15, 0, 8.94265635e-22, 3.718e+18, 6.44e+20, 4.85, 4, 2.02577075, 116.280941, 1.25944174, 18123.8689, 0, 7.94427845e+11, 0.0141501454, 0.526523779, -0.064455305, -3.16863832, 5e+15, 1.7349249e+23, -1453.26344, 18065.5099, 300, 117.19603, 116.280941, 1.28078819, 1.25944174, 5e+15, 1.54592502e-15, 0.526523779, 0.33357, 68.3048124, -0.0121382384, -9.80309712e-18, 2.85912967, -0.526383846, -1.54589394e-15, -68.2449469, 0, 1.2e-08, 1.2e-08, 13208.264, 13208.264, 0, 0.27, 3.332, 0, -0.0121382384, -0.526383846, 0, 1.49999347e+15, 0, 0, 2e+18, 2.11172161e+16
2.25, 0, 0, 1.5e+15, 0, 8.94265635e-22, 3.718e+18, 6.44e+20, 4.85, 4, 2.02577075, 116.280941, 1.25944174, 32781.708, 0, 7.94427845e+11, 0.0141501454, 0.526523779, -0.064455305, -3.16863832, 1.5e+15, 1.7349249e+23, -1480.31152, -32748.268, 300, 117.19603, 116.280941, 1.28078819, 1.25944174, 1.5e+15, 1.54592502e-15, 0.526523779, 0.33357, 68.3048124, -0.0121382384, -9.80309712e-18, 2.85912967, -0.526383846, -1.54589394e-15, -68.2449469, 0, 1.2e-08, 1.2e-08, 13208.264, 13208.264, 0, 0.27, 3.332, 0, -0.0121382384, -0.526383846, 0, 1.49999347e+15, 0, 0, 2e+18, 2.11172161e+16
2.375, 0, 0, 1.5e+15, 0, 8.94265641e-22, 3.718e+18, 6.44e+20, 4.85, 4, 2.043262, 116.280941, 1.25944174, 33708.3985, 0, 1.00884359e+12, 0.0293763859, 0.627477933, -0.075769525, -3.20501362, 1.5e+15, 2.20474103e+23, -2198.51968, -33636.6265, 300, 117.19603, 116.280941, 1.28078819, 1.25944174, 1.5e+15, 3.30635073e-15, 0.627477933, 0.333588077, 62.4355598, -0.0274502181, -8.75351328e-16, 3.7824714, -0.626877214, -3.18837187e-15, -62.3208796, 0, 1.2e-08, 1.2e-08, 16198.5663, 16198.5663, 0, 0.27, 3.332, 0, -0.0274502181, -0.626877214, 0, 1.49999171e+15, 0, 0, 2e+18, 1.97149952e+16
2.375, 0, 0, 5e+15, 0, 8.94265641e-22, 3.718e+18, 6.44e+20, 4.85, 4, 2.043262, 116.280941, 1.25944174, 17585.1726, 0, 1.00884359e+12, 0.0293763859, 0.627477933, -0.075769525, -3.20501362, 5e+15, 2.20474103e+23, -1501.56494, 17520.9474, 300, 117.19603, 116.280941, 1.28078819, 1.25944174, 5e+15, 3.30635073e-15, 0.627477933, 0.333588077, 62.4355598, -0.0274502181, -8.75351328e-16, 3.7824714, -0.626877214, -3.18837187e-15, -62.3208796, 0, 1.2e-08, 1.2e-08, 16198.5663, 16198.5663, 0, 0.27, 3.332, 0, -0.0274502181, -0.626877214, 0, 1.49999171e+15, 0, 0, 2e+18, 1.97149952e+16
2.5, 0, 0, 5e+15, 0, 8.94265682e-22, 3.718e+18, 6.44e+20, 4.85, 4, 2.06561682, 116.280941, 1.25944174, 16817.1836, 0, 1.61408924e+12, 0.0546488731, 1.12164994, -0.0859747533, -3.24341577, 5e+15, 3.52470988e+23, -1676.37565, 16733.4225, 300, 117.19603, 116.280941, 1.28078819, 1.25944174, 5e+15, 5.39004107e-15, 1.12164994, 0.33501759, 69.8869396, -0.0260625276, -2.94009749e-16, 4.69613691, -1.12134711, -5.38201644e-15, -69.7289798, 0, 1.2e-08, 1.2e-08, 30190.868, 30190.868, 0, 0.27, 3.332, 0, -0.0260625276, -1.12134711, 0, 1.49998674e+15, 0, 0, 2e+18, 2.12538398e+16
2.5, 0, 0, 1.5e+15, 0, 8.94265682e-22, 3.718e+18, 6.44e+20, 4.85, 4, 2.06561682, 116.280941, 1.25944174, 34506.4541, 0, 1.61408924e+12, 0.0546488731, 1.12164994, -0.0859747533, -3.24341577, 1.5e+15, 3.52470988e+23, -1717.92679, -34463.6635, 300, 117.19603, 116.280941, 1.28078819, 1.25944174, 1.5e+15, 5.39004107e-15, 1.12164994, 0.33501759, 69.8869396, -0.0260625276, -2.94009749e-16, 4.69613691, -1.12134711, -5.38201644e-15, -69.7289798, 0, 1.2e-08, 1.2e-08, 30190.868, 30190.868, 0, 0.27, 3.332, 0, -0.0260625276, -1.12134711, 0, 1.49998674e+15, 0, 0, 2e+18, 2.12538398e+16
2.625, 0, 0, 1.5e+15, 0, 8.9426572e-22, 3.718e+18, 6.44e+20, 4.85, 4, 2.08621017, 116.280941, 1.25944174, 35566.709, 0, 2.27928181e+12, 0.936229845, 1.48985632, -0.0976468333, -3.33745305, 1.5e+15, 4.98083719e+23, -2581.70809, -35472.885, 300.000001, 117.19603, 116.280941, 1.28078819, 1.25944174, 1.5e+15, 1.07510764e-13, 1.48985632, 0.334838487, 63.8567647, -0.0688362132, -4.47062843e-14, 6.48933751, -1.48826525, -9.77748047e-14, -63.5261749, 0, 1.2e-08, 1.2e-08, 41457.8131, 41457.8131, 0, 0.27, 3.332, 0, -0.0688362132, -1.48826525, 0, 1.49998127e+15, 0, 0, 2e+18, 1.98463065e+16
2.625, 0, 0, 5e+15, 0, 8.9426572e-22, 3.718e+18, 6.44e+20, 4.85, 4, 2.08621017, 116.280941, 1.25944174, 16084.1838, 0, 2.27928181e+12, 0.936229845, 1.48985632, -0.0976468333, -3.33745305, 5e+15, 4.98083719e+23, -1772.32258, 15986.2391, 300.000001, 117.19603, 116.280941, 1.28078819, 1.25944174, 5e+15, 1.07510764e-13, 1.48985632, 0.334838487, 63.8567647, -0.0688362132, -4.47062843e-14, 6.48933751, -1.48826525, -9.77748047e-14, -63.5261749, 0, 1.2e-08, 1.2e-08, 41457.8131, 41457.8131, 0, 0.27, 3.332, 0, -0.0688362132, -1.48826525, 0, 1.49998127e+15, 0, 0, 2e+18, 1.98463065e+16
2.75, 0, 0, 5e+15, 0, 8.9426589e-22, 3.718e+18, 6.44e+20, 4.85, 4, 2.11306805, 116.280942, 1.25944174, 15044.9498, 0, 4.19385024e+12, 1.958017, 3.06847946, -0.108741194, -3.38338525, 5e+15, 9.15764139e+23, -2098.93386, 14897.8184, 300.000001, 117.19603, 116.280942, 1.28078819, 1.25944174, 5e+15, 2.04581258e-13, 3.06847946, 0.336211547, 72.1830403, -0.082488683, -1.77319931e-15, 7.74346458, -3.0673705, -2.04573574e-13, -71.7664968, 0, 1.20000001e-08, 1.20000001e-08, 89041.0498, 89041.0498, 0, 0.27, 3.332, 0, -0.082488683, -3.0673705, 0, 1.49996554e+15, 0, 0, 2e+18, 2.13624871e+16
2.75, 0, 0, 1.5e+15, 0, 8.9426589e-22, 3.718e+18, 6.44e+20, 4.85, 4, 2.11306805, 116.280942, 1.25944174, 36469.8826, 0, 4.19385024e+12, 1.958017, 3.06847946, -0.108741194, -3.38338525, 1.5e+15, 9.15764139e+23, -2205.69899, -36403.1211, 300.000001, 117.19603, 116.280942, 1.28078819, 1.25944174, 1.5e+15, 2.04581258e-13, 3.06847946, 0.336211547, 72.1830403, -0.082488683, -1.77319931e-15, 7.74346458, -3.0673705, -2.04573574e-13, -71.7664968, 0, 1.20000001e-08, 1.20000001e-08, 89041.0498, 89041.0498, 0, 0.27, 3.332, 0, -0.082488683, -3.0673705, 0, 1.49996554e+15, 0, 0, 2e+18, 2.13624871e+16
2.875, 0, 0, 1.5e+15, 0, 8.94266143e-22, 3.718e+18, 6.44e+20, 4.85, 4, 2.14135265, 116.280942, 1.25944174, 37521.8261, 0, 7.13324235e+12, 4.14572624, 4.91197595, -0.123294555, -3.43106264, 1.5e+15, 1.55886368e+24, -3309.10949, -37375.6234, 300.000002, 117.19603, 116.280942, 1.28078819, 1.25944174, 1.5e+15, 4.46110511e-13, 4.91197595, 0.335795163, 67.3417876, -0.302744376, -1.21324652e-13, 10.2528069, -4.90263741, -4.29295838e-13, -66.5567149, 0, 1.20000001e-08, 1.20000001e-08, 147456.363, 147456.363, 0, 0.27, 3.332, 0, -0.302744376, -4.90263741, 0, 1.49994138e+15, 0, 0, 2e+18, 1.97585895e+16
2.875, 0, 0, 5e+15, 0, 8.94266143e-22, 3.718e+18, 6.44e+20, 4.85, 4, 2.14135265, 116.280942, 1.25944174, 13858.1646, 0, 7.13324235e+12, 4.14572624, 4.91197595, -0.123294555, -3.43106264, 5e+15, 1.55886368e+24, -2451.36583, 13639.6309, 300.000002, 117.19603, 116.280942, 1.28078819, 1.25944174, 5e+15, 4.46110511e-13, 4.91197595, 0.335795163, 67.3417876, -0.302744376, -1.21324652e-13, 10.2528069, -4.90263741, -4.29295838e-13, -66.5567149, 0, 1.20000001e-08, 1.20000001e-08, 147456.363, 147456.363, 0, 0.27, 3.332, 0, -0.302744376, -4.90263741, 0, 1.49994138e+15, 0, 0, 2e+18, 1.97585895e+16
3, 0, 0, 5e+15, 0, 8.94267e-22, 3.718e+18, 6.44e+20, 4.85, 4, 2.17978271, 116.280942, 1.25944174, 12156.2211, 0, 1.37079763e+13, 7.7068781, 10.5142864, -0.144837738, -3.48552187, 5e+15, 2.99430415e+24, -2895.41582, 11806.366, 300.000005, 117.19603, 116.280942, 1.28078819, 1.25944174, 5e+15, 7.21848423e-13, 10.5142864, 0.337081232, 78.9370412, -0.500164209, -4.4150497e-14, 10.5626706, -10.5023832, -7.20496967e-13, -78.2271466, 0, 1.20000003e-08, 1.20000003e-08, 328209.46, 328209.46, 0, 0.27, 3.332, 0, -0.500164209, -10.5023832, 0, 1.49988736e+15, 0, 0, 2e+18, 2.06490083e+16
3, 0, 0, 1.5e+15, 0, 8.94267e-22, 3.718e+18, 6.44e+20, 4.85, 4, 2.17978271, 116.280942, 1.25944174, 38339.2929, 0, 1.37079763e+13, 7.7068781, 10.5142864, -0.144837738, -3.48552187, 1.5e+15, 2.99430415e+24, -3019.45022, -38220.208, 300.000005, 117.19603, 116.280942, 1.28078819, 1.25944174, 1.5e+15, 7.21848423e-13, 10.5142864, 0.337081232, 78.9370412, -0.500164209, -4.4150497e-14, 10.5626706, -10.5023832, -7.20496967e-13, -78.2271466, 0, 1.20000003e-08, 1.20000003e-08, 328209.46, 328209.46, 0, 0.27, 3.332, 0, -0.500164209, -10.5023832, 0, 1.49988736e+15, 0, 0, 2e+18, 2.06490083e+16
3.125, 0, 0, 1.5e+15, 0, 8.94267521e-22, 3.718e+18, 6.44e+20, 4.85, 4, 2.2168389, 116.280942, 1.25944174, 39353.1703, 0, 1.73552004e+13, 105.4635, 12.449752, -0.175795055, -3.59021353, 1.5e+15, 3.793957e+24, -3750.39233, -39174.0549, 300.000007, 117.19603, 116.280942, 1.28078819, 1.25944174, 1.5e+15, 1.15314119e-11, 12.449752, 0.336408138, 74.1436343, -1.05478401, -4.77306986e-12, 11.9727191, -12.4049892, -1.04972027e-11, -73.1705713, 0, 1.20000004e-08, 1.20000004e-08, 400628.467, 400628.467, 0, 0.27, 3.332, 0, -1.05478401, -12.4049892, 0, 1.49985739e+15, 0, 0, 2e+18, 1.90895801e+16
3.125, 0, 0, 5e+15, 0, 8.94267521e-22, 3.718e+18, 6.44e+20, 4.85, 4, 2.2168389, 116.280942, 1.25944174, 10981.4642, 0, 1.73552004e+13, 105.4635, 12.449752, -0.175795055, -3.59021353, 5e+15, 3.793957e+24, -2996.58212, 10564.7078, 300.000007, 117.19603, 116.280942, 1.28078819, 1.25944174, 5e+15, 1.15314119e-11, 12.449752, 0.336408138, 74.1436343, -1.05478401, -4.77306986e-12, 11.9727191, -12.4049892, -1.04972027e-11, -73.1705713, 0, 1.20000004e-08, 1.20000004e-08, 400628.467, 400628.467, 0, 0.27, 3.332, 0, -1.05478401, -12.4049892, 0, 1.49985739e+15, 0, 0, 2e+18, 1.90895801e+16
3.25, 0, 0, 5e+15, 0, 8.94268709e-22, 3.718e+18, 6.44e+20, 4.85, 4, 2.25708545, 116.280942, 1.25944174, 10171.9987, 0, 2.34349932e+13, 216.772032, 18.7537219, -0.208277239, -3.64908598, 5e+15, 5.11910744e+24, -3038.6288, 9707.53788, 300.000011, 117.19603, 116.280942, 1.28078819, 1.25944174, 5e+15, 2.16274e-11, 18.7537219, 0.337576229, 85.8729469, -1.08177189, -2.38989532e-13, 11.1208199, -18.7224959, -2.16260795e-11, -85.1498113, 0, 1.20000006e-08, 1.20000006e-08, 624789.909, 624789.909, 0, 0.27, 3.332, 0, -1.08177189, -18.7224959, 0, 1.49980744e+15, 0, 0, 2e+18, 2.05956881e+16
3.25, 0, 0, 1.5e+15, 0, 8.94268709e-22, 3.718e+18, 6.44e+20, 4.85, 4, 2.25708545, 116.280942, 1.25944174, 40202.5454, 0, 2.34349932e+13, 216.772032, 18.7537219, -0.208277239, -3.64908598, 1.5e+15, 5.11910744e+24, -3036.91456, -40087.6765, 300.000011, 117.19603, 116.280942, 1.28078819, 1.25944174, 1.5e+15, 2.16274e-11, 18.7537219, 0.337576229, 85.8729469, -1.08177189, -2.38989532e-13, 11.1208199, -18.7224959, -2.16260795e-11, -85.1498113, 0, 1.20000006e-08, 1.20000006e-08, 624789.909, 624789.909, 0, 0.27, 3.332, 0, -1.08177189, -18.7224959, 0, 1.49980744e+15, 0, 0, 2e+18, 2.05956881e+16
3.375, 0, 0, 1.5e+15, 0, 8.94269196e-22, 3.718e+18, 6.44e+20, 4.85, 4, 2.29276177, 116.280942, 1.25944174, 41398.3493, 0, 2.58459088e+13, 457.206556, 19.4112064, -0.241422065, -3.70405539, 1.5e+15, 5.64922414e+24, -3746.69558, -41228.4561, 300.000013, 117.19603, 116.280942, 1.28078819, 1.25944174, 1.5e+15, 4.69885981e-11, 19.4112064, 0.336600268, 79.7743794, -1.64683424, -1.28122967e-11, 11.9459047, -19.3412221, -4.52081121e-11, -78.8748817, 0, 1.20000007e-08, 1.20000007e-08, 665813.228, 665813.228, 0, 0.27, 3.332, 0, -1.64683425, -19.3412221, 0, 1.49978763e+15, 0, 0, 2e+18, 1.93701704e+16
3.375, 0, 0, 5e+15, 0, 8.94269196e-22, 3.718e+18, 6.44e+20, 4.85, 4, 2.29276177, 116.280942, 1.25944174, 9674.42046, 0, 2.58459088e+13, 457.206556, 19.4112064, -0.241422065, -3.70405539, 5e+15, 5.64922414e+24, -2902.10588, 9228.8782, 300.000013, 117.19603, 116.280942, 1.28078819, 1.25944174, 5e+15, 4.69885981e-11, 19.4112064, 0.336600268, 79.7743794, -1.64683424, -1.28122967e-11, 11.9459047, -19.3412221, -4.52081121e-11, -78.8748817, 0, 1.20000007e-08, 1.20000007e-08, 665813.228, 665813.228, 0, 0.27, 3.332, 0, -1.64683425, -19.3412221, 0, 1.49978763e+15, 0, 0, 2e+18, 1.93701704e+16
3.5, 0, 0, 5e+15, 0, 8.94271183e-22, 3.718e+18, 6.44e+20, 4.85, 4, 2.33092267, 116.280942, 1.25944174, 9107.14444, 0, 3.29878244e+13, 837.85779, 27.7593968, -0.273275411, -3.75787518, 5e+15, 7.20405758e+24, -2874.18288, 8641.71006, 300.00002, 117.19603, 116.280942, 1.28078819, 1.25944174, 5e+15, 7.6273101e-11, 27.7593968, 0.337573888, 93.1069389, -1.48380111, -3.90999145e-12, 10.8264068, -27.7197122, -7.61728161e-11, -92.4753534, 0, 1.20000011e-08, 1.20000011e-08, 987022.915, 987022.915, 0, 0.27, 3.332, 0, -1.48380111, -27.7197122, 0, 1.49972895e+15, 0, 0, 2e+18, 2.10564726e+16
3.5, 0, 0, 1.5e+15, 0, 8.94271183e-22, 3.718e+18, 6.44e+20, 4.85, 4, 2.33092267, 116.280942, 1.25944174, 42434.3459, 0, 3.29878244e+13, 837.85779, 27.7593968, -0.273275411, -3.75787518, 1.5e+15, 7.20405758e+24, -2859.22243, -42337.9092, 300.00002, 117.19603, 116.280942, 1.28078819, 1.25944174, 1.5e+15, 7.6273101e-11, 27.7593968, 0.337573888, 93.1069389, -1.48380111, -3.90999145e-12, 10.8264068, -27.7197122, -7.61728161e-11, -92.4753534, 0, 1.20000011e-08, 1.20000011e-08, 987022.915, 987022.915, 0, 0.27, 3.332, 0, -1.48380111, -27.7197122, 0, 1.49972895e+15, 0, 0, 2e+18, 2.10564726e+16
3.625, 0, 0, 1.5e+15, 0, 8.94272025e-22, 3.718e+18, 6.44e+20, 4.85, 4, 2.36424233, 116.280942, 1.25944174, 43838.2762, 0, 3.52883923e+13, 9798.67382, 27.9450407, -0.30485224, -3.85476901, 1.5e+15, 7.7110053e+24, -3697.91651, -43682.0315, 300.000023, 117.19603, 116.280942, 1.28078819, 1.25944174, 1.5e+15, 1.01512311e-09, 27.9450407, 0.336258727, 86.6482799, -2.20290143, -4.1540338e-10, 11.1580022, -27.8580783, -9.26236994e-10, -85.9268491, 0, 1.20000013e-08, 1.20000013e-08, 1026050.75, 1026050.75, 0, 0.27, 3.332, 0, -2.20290143, -27.8580783, 0, 1.49971006e+15, 0, 0, 2e+18, 1.98859569e+16
3.625, 0, 0, 5e+15, 0, 8.94272025e-22, 3.718e+18, 6.44e+20, 4.85, 4, 2.36424233, 116.280942, 1.25944174, 8686.90529, 0, 3.52883923e+13, 9798.67382, 27.9450407, -0.30485224, -3.85476901, 5e+15, 7.7110053e+24, -2714.92543, 8251.7576, 300.000023, 117.19603, 116.280942, 1.28078819, 1.25944174, 5e+15, 1.01512311e-09, 27.9450407, 0.336258727, 86.6482799, -2.20290143, -4.1540338e-10, 11.1580022, -27.8580783, -9.26236994e-10, -85.9268491, 0, 1.20000013e-08, 1.20000013e-08, 1026050.75, 1026050.75, 0, 0.27, 3.332, 0, -2.20290143, -27.8580783, 0, 1.49971006e+15, 0, 0, 2e+18, 1.98859569e+16
3.75, 0, 0, 5e+15, 0, 8.9427549e-22, 3.718e+18, 6.44e+20, 4.85, 4, 2.39994523, 116.280942, 1.25944174, 8157.13337, 0, 4.37436045e+13, 20173.2913, 38.9554331, -0.335002339, -3.90913995, 5e+15, 9.54967775e+24, -2672.99481, 7706.74533, 300.000035, 117.19603, 116.280942, 1.28078819, 1.25944174, 5e+15, 1.91080006e-09, 38.9554331, 0.337017452, 102.462457, -1.85748623, -2.02791904e-11, 9.91103991, -38.9111233, -1.91069245e-09, -101.981991, 0, 1.2000002e-08, 1.2000002e-08, 1485781.98, 1485781.98, 0, 0.27, 3.332, 0, -1.85748623, -38.9111233, 0, 1.4996406e+15, 0, 0, 2e+18, 2.17121255e+16
3.75, 0, 0, 1.5e+15, 0, 8.9427549e-22, 3.718e+18, 6.44e+20, 4.85, 4, 2.39994523, 116.280942, 1.25944174, 45074.2176, 0, 4.37436045e+13, 20173.2913, 38.9554331, -0.335002339, -3.90913995, 1.5e+15, 9.54967775e+24, -2652.47755, -44996.1049, 300.000035, 117.19603, 116.280942, 1.28078819, 1.25944174, 1.5e+15, 1.91080006e-09, 38.9554331, 0.337017452, 102.462457, -1.85748623, -2.02791904e-11, 9.91103991, -38.9111233, -1.91069245e-09, -101.981991, 0, 1.2000002e-08, 1.2000002e-08, 1485781.98, 1485781.98, 0, 0.27, 3.332, 0, -1.85748623, -38.9111233, 0, 1.4996406e+15, 0, 0, 2e+18, 2.17121255e+16
3.875, 0, 0, 1.5e+15, 0, 8.94276955e-22, 3.718e+18, 6.44e+20, 4.85, 4, 2.43055427, 116.280942, 1.25944174, 46730.8129, 0, 4.55533308e+13, 43037.8199, 38.289625, -0.364563377, -3.95933758, 1.5e+15, 9.95036898e+24, -3653.47072, -46587.7776, 300.000041, 117.19603, 116.280942, 1.28078819, 1.25944174, 1.5e+15, 4.2005291e-09, 38.289625, 0.335376559, 95.6053246, -2.76875066, -1.14566295e-09, 9.41706159, -38.1893886, -4.04127469e-09, -95.140407, 0, 1.20000023e-08, 1.20000023e-08, 1513487.72, 1513487.72, 0, 0.27, 3.332, 0, -2.76875066, -38.1893886, 0, 1.49962574e+15, 0, 0, 2e+18, 2.05919685e+16
3.875, 0, 0, 5e+15, 0, 8.94276955e-22, 3.718e+18, 6.44e+20, 4.85, 4, 2.43055427, 116.280942, 1.25944174, 7774.67104, 0, 4.55533308e+13, 43037.8199, 38.289625, -0.364563377, -3.95933758, 5e+15, 9.95036898e+24, -2499.89242, 7361.7965, 300.000041, 117.19603, 116.280942, 1.28078819, 1.25944174, 5e+15, 4.2005291e-09, 38.289625, 0.335376559, 95.6053246, -2.76875066, -1.14566295e-09, 9.41706159, -38.1893886, -4.04127469e-09, -95.140407, 0, 1.20000023e-08, 1.20000023e-08, 1513487.72, 1513487.72, 0, 0.27, 3.332, 0, -2.76875066, -38.1893886, 0, 1.49962574e+15, 0, 0, 2e+18, 2.05919685e+16
4, 0, 0, 5e+15, 0, 8.94282864e-22, 3.718e+18, 6.44e+20, 4.85, 4, 2.46348695, 116.280942, 1.25944174, 7286.65607, 0, 5.48442229e+13, 78044.5062, 52.0463186, -0.392697581, -4.00765734, 5e+15, 1.19675041e+25, -2452.71891, 6861.45223, 300.000062, 117.19603, 116.280942, 1.28078819, 1.25944174, 5e+15, 6.87613149e-09, 52.0463186, 0.335889925, 114.444159, -2.17185945, -2.8076316e-10, 8.30147707, -52.0009837, -6.8703971e-09, -114.142679, 0, 1.20000035e-08, 1.20000035e-08, 2142043.7, 2142043.7, 0, 0.27, 3.332, 0, -2.17185945, -52.0009837, 0, 1.49954942e+15, 0, 0, 2e+18, 2.26038535e+16
4, 0, 0, 1.5e+15, 0, 8.94282864e-22, 3.718e+18, 6.44e+20, 4.85, 4, 2.46348695, 116.280942, 1.25944174, 48211.3674, 0, 5.48442229e+13, 78044.5062, 52.0463186, -0.392697581, -4.00765734, 1.5e+15, 1.19675041e+25, -2428.72688, -48150.153, 300.000062, 117.19603, 116.280942, 1.28078819, 1.25944174, 1.5e+15, 6.87613149e-09, 52.0463186, 0.335889925, 114.444159, -2.17185945, -2.8076316e-10, 8.30147707, -52.0009837, -6.8703971e-09, -114.142679, 0, 1.20000035e-08, 1.20000035e-08, 2142043.7, 2142043.7, 0, 0.27, 3.332, 0, -2.17185945, -52.0009837, 0, 1.49954942e+15, 0, 0, 2e+18, 2.26038535e+16
4.125, 0, 0, 1.5e+15, 0, 8.94285467e-22, 3.718e+18, 6.44e+20, 4.85, 4, 2.49127244, 116.280942, 1.25944174, 50240.1656, 0, 5.57874188e+13, 765901.327, 50.1992575, -0.420042261, -4.09448305, 1.5e+15, 1.21797658e+25, -3690.05658, -50104.4681, 300.000071, 117.19603, 116.280942, 1.28078819, 1.25944174, 1.5e+15, 7.46801304e-08, 50.1992574, 0.333924012, 107.301578, -3.33605663, -3.00744103e-08, 6.77867463, -50.0882838, -6.83567972e-08, -107.087245, 0, 1.2000004e-08, 1.2000004e-08, 2152822.46, 2152822.46, 0, 0.27, 3.332, 0, -3.33605666, -50.0882838, 0, 1.49954168e+15, 0, 0, 2e+18, 2.15541287e+16
4.125, 0, 0, 5e+15, 0, 8.94285467e-22, 3.718e+18, 6.44e+20, 4.85, 4, 2.49127244, 116.280942, 1.25944174, 6946.40108, 0, 5.57874188e+13, 765901.327, 50.1992575, -0.420042261, -4.09448305, 5e+15, 1.21797658e+25, -2282.16245, 6560.80959, 300.000071, 117.19603, 116.280942, 1.28078819, 1.25944174, 5e+15, 7.46801304e-08, 50.1992574, 0.333924012, 107.301578, -3.33605663, -3.00744103e-08, 6.77867463, -50.0882838, -6.83567972e-08, -107.087245, 0, 1.2000004e-08, 1.2000004e-08, 2152822.46, 2152822.46, 0, 0.27, 3.332, 0, -3.33605666, -50.0882838, 0, 1.49954168e+15, 0, 0, 2e+18, 2.15541287e+16
4.25, 0, 0, 5e+15, 0, 8.94295679e-22, 3.718e+18, 6.44e+20, 4.85, 4, 2.52157302, 116.280942, 1.25944174, 6498.42286, 0, 6.57162448e+13, 1578451.99, 67.1114498, -0.446108343, -4.14347833, 5e+15, 1.43308203e+25, -2258.68446, 6093.26219, 300.000108, 117.19603, 116.280942, 1.28078819, 1.25944174, 5e+15, 1.40883495e-07, 67.1114496, 0.334202247, 130.324181, -2.43172253, -1.5050573e-09, 6.46079006, -67.0673795, -1.40875455e-07, -130.163937, 0, 1.20000061e-08, 1.20000061e-08, 3007432.07, 3007432.07, 0, 0.27, 3.332, 0, -2.43172253, -67.0673797, 0, 1.49946014e+15, 0, 0, 2e+18, 2.38274242e+16
4.25, 0, 0, 1.5e+15, 0, 8.94295679e-22, 3.718e+18, 6.44e+20, 4.85, 4, 2.52157302, 116.280942, 1.25944174, 52075.2848, 0, 6.57162448e+13, 1578451.99, 67.1114498, -0.446108343, -4.14347833, 1.5e+15, 1.43308203e+25, -2240.32649, -52027.0721, 300.000108, 117.19603, 116.280942, 1.28078819, 1.25944174, 1.5e+15, 1.40883495e-07, 67.1114496, 0.334202247, 130.324181, -2.43172253, -1.5050573e-09, 6.46079006, -67.0673795, -1.40875455e-07, -130.163937, 0, 1.20000061e-08, 1.20000061e-08, 3007432.07, 3007432.07, 0, 0.27, 3.332, 0, -2.43172253, -67.0673797, 0, 1.49946014e+15, 0, 0, 2e+18, 2.38274242e+16
4.375, 0, 0, 1.5e+15, 0, 8.94301195e-22, 3.718e+18, 6.44e+20, 4.85, 4, 2.5472806, 116.280942, 1.25944174, 54726.3917, 0, 6.6191614e+13, 3634864.31, 64.6249873, -0.471629617, -4.19074977, 1.5e+15, 1.44410553e+25, -4008.58754, -54579.3842, 300.000127, 117.19603, 116.280942, 1.28078819, 1.25944174, 1.5e+15, 3.36468254e-07, 64.624987, 0.331957439, 123.924919, -4.1289869, -9.5817608e-08, 3.87598922, -64.4929485, -3.22536621e-07, -123.86429, 0, 1.20000072e-08, 1.20000072e-08, 3046357.26, 3046357.26, 0, 0.27, 3.332, 0, -4.12898699, -64.4929489, 0, 1.49945623e+15, 0, 0, 2e+18, 2.29265164e+16
4.375, 0, 0, 5e+15, 0, 8.94301195e-22, 3.718e+18, 6.44e+20, 4.85, 4, 2.5472806, 116.280942, 1.25944174, 6197.86777, 0, 6.6191614e+13, 3634864.31, 64.6249873, -0.471629617, -4.19074977, 5e+15, 1.44410553e+25, -2163.95486, 5807.82785, 300.000127, 117.19603, 116.280942, 1.28078819, 1.25944174, 5e+15, 3.36468254e-07, 64.624987, 0.331957439, 123.924919, -4.1289869, -9.5817608e-08, 3.87598922, -64.4929485, -3.22536621e-07, -123.86429, 0, 1.20000072e-08, 1.20000072e-08, 3046357.26, 3046357.26, 0, 0.27, 3.332, 0, -4.12898699, -64.4929489, 0, 1.49945623e+15, 0, 0, 2e+18, 2.29265164e+16
4.5, 0, 0, 5e+15, 0, 8.94321421e-22, 3.718e+18, 6.44e+20, 4.85, 4, 2.57728008, 116.280942, 1.25944174, 5825.0299, 0, 7.83950512e+13, 6679265.88, 87.5330862, -0.497254792, -4.23647837, 5e+15, 1.70794567e+25, -2380.72567, 5316.30686, 300.0002, 117.19603, 116.280942, 1.28078819, 1.25944174, 5e+15, 5.62060792e-07, 87.5330856, 0.332020732, 155.070337, -3.13812721, -2.03469088e-08, 5.1717195, -87.4768154, -5.61692387e-07, -154.984073, 0, 1.20000113e-08, 1.20000113e-08, 4334307.09, 4334307.09, 0, 0.27, 3.332, 0, -3.13812723, -87.476816, 0, 1.49935602e+15, 0, 0, 2e+18, 2.56756325e+16
4.5, 0, 0, 1.5e+15, 0, 8.94321421e-22, 3.718e+18, 6.44e+20, 4.85, 4, 2.57728008, 116.280942, 1.25944174, 57129.6915, 0, 7.83950512e+13, 6679265.88, 87.5330862, -0.497254792, -4.23647837, 1.5e+15, 1.70794567e+25, -2439.51065, -57077.5826, 300.0002, 117.19603, 116.280942, 1.28078819, 1.25944174, 1.5e+15, 5.62060792e-07, 87.5330856, 0.332020732, 155.070337, -3.13812721, -2.03469088e-08, 5.1717195, -87.4768154, -5.61692387e-07, -154.984073, 0, 1.20000113e-08, 1.20000113e-08, 4334307.09, 4334307.09, 0, 0.27, 3.332, 0, -3.13812723, -87.476816, 0, 1.49935602e+15, 0, 0, 2e+18, 2.56756325e+16
4.625, 0, 0, 1.5e+15, 0, 8.943404e-22, 3.718e+18, 6.44e+20, 4.85, 4, 2.60826837, 116.280942, 1.25944174, 60951.3885, 0, 8.36128412e+13, 52426472, 90.8963926, -0.526577326, -4.32073215, 1.5e+15, 1.82199411e+25, -5703.03177, -60683.9945, 300.000268, 117.19603, 116.280942, 1.28078819, 1.25944174, 1.5e+15, 4.77500786e-06, 90.8963881, 0.329600549, 157.527129, -7.37821836, -1.89460418e-06, -1.43953158, -90.5964417, -4.38305544e-06, -157.520552, 0, 1.20000152e-08, 1.20000152e-08, 4824543.61, 4824543.61, 0, 0.27, 3.332, 0, -7.37822026, -90.5964461, 0, 1.49931318e+15, 0, 0, 2e+18, 2.52604009e+16
4.625, 0, 0, 5e+15, 0, 8.943404e-22, 3.718e+18, 6.44e+20, 4.85, 4, 2.60826837, 116.280942, 1.25944174, 5699.76816, 0, 8.36128412e+13, 52426472, 90.8963926, -0.526577326, -4.32073215, 5e+15, 1.82199411e+25, -2967.92731, 4866.08308, 300.000268, 117.19603, 116.280942, 1.28078819, 1.25944174, 5e+15, 4.77500786e-06, 90.8963881, 0.329600549, 157.527129, -7.37821836, -1.89460418e-06, -1.43953158, -90.5964417, -4.38305544e-06, -157.520552, 0, 1.20000152e-08, 1.20000152e-08, 4824543.61, 4824543.61, 0, 0.27, 3.332, 0, -7.37822026, -90.5964461, 0, 1.49931318e+15, 0, 0, 2e+18, 2.52604009e+16
4.75, 0, 0, 5e+15, 0, 8.94402101e-22, 3.718e+18, 6.44e+20, 4.85, 4, 2.65842239, 116.280942, 1.25944174, 6363.33815, 0, 1.14294772e+14, 108481050, 143.756342, -0.568650563, -4.38968428, 5e+15, 2.48548495e+25, -5090.923, 3817.66624, 300.000488, 117.19603, 116.280942, 1.28078819, 1.25944174, 5e+15, 8.85601585e-06, 143.756334, 0.329756034, 222.759577, -10.9305941, -2.76308694e-07, -7.8682379, -143.340174, -8.85170437e-06, -222.620574, 0, 1.20000277e-08, 1.20000277e-08, 8055012.31, 8055012.31, 0, 0.27, 3.332, 0, -10.9305944, -143.340183, 0, 1.49906131e+15, 0, 0, 2e+18, 2.92280161e+16
4.75, 0, 0, 1.5e+15, 0, 8.94402101e-22, 3.718e+18, 6.44e+20, 4.85, 4, 2.65842239, 116.280942, 1.25944174, 64308.2093, 0, 1.14294772e+14, 108481050, 143.756342, -0.568650563, -4.38968428, 1.5e+15, 2.48548495e+25, -5770.81966, -64048.7581, 300.000488, 117.19603, 116.280942, 1.28078819, 1.25944174, 1.5e+15, 8.85601585e-06, 143.756334, 0.329756034, 222.759577, -10.9305941, -2.76308694e-07, -7.8682379, -143.340174, -8.85170437e-06, -222.620574, 0, 1.20000277e-08, 1.20000277e-08, 8055012.31, 8055012.31, 0, 0.27, 3.332, 0, -10.9305944, -143.340183, 0, 1.49906131e+15, 0, 0, 2e+18, 2.92280161e+16
4.875, 0, 0, 1.5e+15, 0, 8.94478361e-22, 3.718e+18, 6.44e+20, 4.85, 4, 2.75253886, 116.280942, 1.25944174, 70086.9072, 0, 1.69158512e+14, 289954808, 216.068532, -0.652631716, -4.50921652, 1.5e+15, 3.67793095e+25, -14522.9601, -68565.7217, 300.000761, 117.19603, 116.280942, 1.28078819, 1.25944174, 1.5e+15, 2.49350461e-05, 216.068508, 0.327964972, 310.906611, -42.1633526, -8.5099077e-06, -76.587813, -211.914727, -2.34379605e-05, -301.325784, 0, 1.20000432e-08, 1.20000432e-08, 13539815, 13539815, 0, 0.27, 3.332, 0, -42.1633611, -211.914751, 0, 1.49861114e+15, 0, 0, 2e+18, 2.94418605e+16
4.875, 0, 0, 5e+15, 0, 8.94478361e-22, 3.718e+18, 6.44e+20, 4.85, 4, 2.75253886, 116.280942, 1.25944174, 10183.1648, 0, 1.69158512e+14, 289954808, 216.068532, -0.652631716, -4.50921652, 5e+15, 3.67793095e+25, -10142.3666, 910.629257, 300.000761, 117.19603, 116.280942, 1.28078819, 1.25944174, 5e+15, 2.49350461e-05, 216.068508, 0.327964972, 310.906611, -42.1633526, -8.5099077e-06, -76.587813, -211.914727, -2.34379605e-05, -301.325784, 0, 1.20000432e-08, 1.20000432e-08, 13539815, 13539815, 0, 0.27, 3.332, 0, -42.1633611, -211.914751, 0, 1.49861114e+15, 0, 0, 2e+18, 2.94418605e+16
5, 0, 0, 5e+15, 0, 8.94453834e-22, 3.718e+18, 6.44e+20, 4.85, 4, 2.95378861, 116.280942, 1.25944174, 18802.103, 0, 1.7846509e+14, 548429281, 255.981385, -0.852496797, -4.7269429, 5e+15, 3.88877944e+25, -16187.044, -9565.49439, 300.000673, 117.196029, 116.280942, 1.28078819, 1.25944174, 5e+15, 3.96757235e-05, 255.981345, 0.329195657, 374.668752, -57.6367692, -5.81357071e-06, -141.814431, -249.408203, -3.92474895e-05, -346.792937, 0, 1.20000382e-08, 1.20000382e-08, 17198896.1, 17198896.1, 0, 0.27, 3.332, 0, -57.636775, -249.408243, 0, 1.4985348e+15, 0, 0, 2e+18, 2.51061867e+16
5, 0, 0, 1.5e+15, 0, 8.94453834e-22, 3.718e+18, 6.44e+20, 4.85, 4, 2.95378861, 116.280942, 1.25944174, 73864.0665, 0, 1.7846509e+14, 548429281, 255.981385, -0.852496797, -4.7269429, 1.5e+15, 3.88877944e+25, -17619.116, -71731.9112, 300.000673, 117.196029, 116.280942, 1.28078819, 1.25944174, 1.5e+15, 3.96757235e-05, 255.981345, 0.329195657, 374.668752, -57.6367692, -5.81357071e-06, -141.814431, -249.408203, -3.92474895e-05, -346.792937, 0, 1.20000382e-08, 1.20000382e-08, 17198896.1, 17198896.1, 0, 0.27, 3.332, 0, -57.636775, -249.408243, 0, 1.4985348e+15, 0, 0, 2e+18, 2.51061867e+16
5.125, 0, 0, 1.5e+15, 0, 8.94339925e-22, 3.718e+18, 6.44e+20, 4.85, 4, 3.19301676, 116.280921, 1.25944174, 79765.7783, 0, 8.38479878e+13, 2.49895888e+09, 121.072391, -1.11125311, -5.00537858, 1.5e+15, 1.83363346e+25, -22349.2149, -76570.8298, 300.000266, 117.196029, 116.280921, 1.28078819, 1.25944174, 1.5e+15, 0.000218231547, 121.072173, 0.326945636, 277.669652, -50.9578063, -9.10691806e-05, -182.985203, -109.826104, -0.000198321488, -208.846478, 0, 1.20000151e-08, 1.20000151e-08, 8975327.21, 8975327.21, 0, 0.27, 3.332, 0, -50.9578974, -109.826302, 0, 1.49931125e+15, 0, 0, 2e+18, 1.82198516e+16
5.125, 0, 0, 5e+15, 0, 8.94339925e-22, 3.718e+18, 6.44e+20, 4.85, 4, 3.19301676, 116.280921, 1.25944174, 29776.2104, 0, 8.38479878e+13, 2.49895888e+09, 121.072391, -1.11125311, -5.00537858, 5e+15, 1.83363346e+25, -18038.2312, -23690.6083, 300.000266, 117.196029, 116.280921, 1.28078819, 1.25944174, 5e+15, 0.000218231547, 121.072173, 0.326945636, 277.669652, -50.9578063, -9.10691806e-05, -182.985203, -109.826104, -0.000198321488, -208.846478, 0, 1.20000151e-08, 1.20000151e-08, 8975327.21, 8975327.21, 0, 0.27, 3.332, 0, -50.9578974, -109.826302, 0, 1.49931125e+15, 0, 0, 2e+18, 1.82198516e+16
5.25, 0, 0, 5e+15, 0, 8.94286546e-22, 3.718e+18, 6.44e+20, 4.85, 4, 3.42660655, 116.280733, 1.25944174, 39417.0039, 0, 2.35990484e+13, 4.62902711e+09, 39.5875674, -1.37761807, -5.25490592, 5e+15, 5.16300497e+24, -17534.8665, -35301.9638, 300.000075, 117.196029, 116.280733, 1.28078819, 1.25944174, 5e+15, 0.000365575879, 39.5872318, 0.325893914, 202.650678, -18.5432779, -2.92080333e-05, -134.627791, -34.9756453, -0.000364407209, -151.468331, 0, 1.20000043e-08, 1.20000043e-08, 3105288.17, 3105288.17, 0, 0.27, 3.332, 0, -18.5433071, -34.9760097, 0, 1.49980609e+15, 0, 0, 2e+18, 1.74995705e+16
5.25, 0, 0, 1.5e+15, 0, 8.94286546e-22, 3.718e+18, 6.44e+20, 4.85, 4, 3.42660655, 116.280733, 1.25944174, 83442.8014, 0, 2.35990484e+13, 4.62902711e+09, 39.5875674, -1.37761807, -5.25490592, 1.5e+15, 5.16300497e+24, -17988.1628, -81480.8389, 300.000075, 117.196029, 116.280733, 1.28078819, 1.25944174, 1.5e+15, 0.000365575879, 39.5872318, 0.325893914, 202.650678, -18.5432779, -2.92080333e-05, -134.627791, -34.9756453, -0.000364407209, -151.468331, 0, 1.20000043e-08, 1.20000043e-08, 3105288.17, 3105288.17, 0, 0.27, 3.332, 0, -18.5433071, -34.9760097, 0, 1.49980609e+15, 0, 0, 2e+18, 1.74995705e+16
5.375, 0, 0, 1.5e+15, 0, 8.94269599e-22, 3.718e+18, 6.44e+20, 4.85, 4, 3.64272083, 116.280229, 1.25944174, 90572.7493, 0, 4.44066685e+12, 1.14600146e+10, 7.78842177, -1.63691563, -5.49445566, 1.5e+15, 9.72083373e+23, -21785.3065, -87913.7266, 300.000014, 117.196029, 116.280229, 1.28078819, 1.25944174, 1.5e+15, 0.000982033991, 7.78747639, 0.321480412, 175.860689, -4.60196178, -0.000344261253, -121.783628, -6.28225566, -0.000919714602, -126.868947, 0, 1.20000008e-08, 1.20000008e-08, 629299.763, 629299.763, 0, 0.27, 3.332, 0, -4.60230604, -6.28317538, 0, 1.49996351e+15, 0, 0, 2e+18, 1.64161204e+16
5.375, 0, 0, 5e+15, 0, 8.94269599e-22, 3.718e+18, 6.44e+20, 4.85, 4, 3.64272083, 116.280229, 1.25944174, 46449.3508, 0, 4.44066685e+12, 1.14600146e+10, 7.78842177, -1.63691563, -5.49445566, 5e+15, 9.72083373e+23, -16802.8589, -43303.6502, 300.000014, 117.196029, 116.280229, 1.28078819, 1.25944174, 5e+15, 0.000982033991, 7.78747639, 0.321480412, 175.860689, -4.60196178, -0.000344261253, -121.783628, -6.28225566, -0.000919714602, -126.868947, 0, 1.20000008e-08, 1.20000008e-08, 629299.763, 629299.763, 0, 0.27, 3.332, 0, -4.60230604, -6.28317538, 0, 1.49996351e+15, 0, 0, 2e+18, 1.64161204e+16
5.5, 0, 0, 5e+15, 0, 8.94266321e-22, 3.718e+18, 6.44e+20, 4.85, 4, 3.85773763, 116.279082, 1.25944174, 52484.5574, 0, 7.13573899e+11, 2.14286953e+10, 1.44136639, -1.89919705, -5.72565243, 5e+15, 1.56075099e+23, -16793.9107, -49725.178, 300.000003, 117.196029, 116.279082, 1.28078819, 1.25944174, 5e+15, 0.00158158784, 1.43997372, 0.319132724, 179.768485, -0.832680153, -0.000193356441, -89.4467217, -1.17480555, -0.00156972398, -155.935859, 0, 1.20000002e-08, 1.20000002e-08, 124416.423, 124416.423, 0, 0.27, 3.332, 0, -0.832873509, -1.17637527, 0, 1.49999414e+15, 0, 0, 2e+18, 1.809126e+16
5.5, 0, 0, 1.5e+15, 0, 8.94266321e-22, 3.718e+18, 6.44e+20, 4.85, 4, 3.85773763, 116.279082, 1.25944174, 95917.1605, 0, 7.13573899e+11, 2.14286953e+10, 1.44136639, -1.89919705, -5.72565243, 1.5e+15, 1.56075099e+23, -17210.6604, -94360.4517, 300.000003, 117.196029, 116.279082, 1.28078819, 1.25944174, 1.5e+15, 0.00158158784, 1.43997372, 0.319132724, 179.768485, -0.832680153, -0.000193356441, -89.4467217, -1.17480555, -0.00156972398, -155.935859, 0, 1.20000002e-08, 1.20000002e-08, 124416.423, 124416.423, 0, 0.27, 3.332, 0, -0.832873509, -1.17637527, 0, 1.49999414e+15, 0, 0, 2e+18, 1.809126e+16
5.625, 0, 0, 1.5e+15, 0, 8.94265719e-22, 3.718e+18, 6.44e+20, 4.85, 4, 4.07298734, 116.276978, 1.25944174, 104500.257, 0, 9.86761596e+10, 8.80131309e+10, 0.212599124, -2.16559355, -5.97742476, 1.5e+15, 2.1589393e+22, -23063.223, -101923.459, 300.000001, 117.196029, 116.276978, 1.28078819, 1.25944174, 1.5e+15, 0.00731944281, 0.205554337, 0.314260383, 185.976751, -0.131524191, -0.00294912225, -96.5639977, -0.157968264, -0.00669902389, -158.942588, 0, 1.2e-08, 1.2e-08, 19303.3883, 19303.3883, 0, 0.27, 3.332, 0, -0.134473314, -0.164667288, 0, 1.49999919e+15, 0, 0, 2e+18, 1.78171562e+16
5.625, 0, 0, 5e+15, 0, 8.94265719e-22, 3.718e+18, 6.44e+20, 4.85, 4, 4.07298734, 116.276978, 1.25944174, 58066.2199, 0, 9.86761596e+10, 8.80131309e+10, 0.212599124, -2.16559355, -5.97742476, 5e+15, 2.1589393e+22, -17237.959, -55448.5227, 300.000001, 117.196029, 116.276978, 1.28078819, 1.25944174, 5e+15, 0.00731944281, 0.205554337, 0.314260383, 185.976751, -0.131524191, -0.00294912225, -96.5639977, -0.157968264, -0.00669902389, -158.942588, 0, 1.2e-08, 1.2e-08, 19303.3883, 19303.3883, 0, 0.27, 3.332, 0, -0.134473314, -0.164667288, 0, 1.49999919e+15, 0, 0, 2e+18, 1.78171562e+16
5.75, 0, 0, 5e+15, 0, 8.94265609e-22, 3.718e+18, 6.44e+20, 4.85, 4, 4.3026181, 116.272584, 1.25944174, 63973.1571, 0, 1.35474144e+10, 1.67273689e+11, 0.0431072475, -2.44655736, -6.22365629, 5e+15, 2.9611925e+21, -18433.938, -61259.732, 300, 117.196029, 116.272584, 1.28078819, 1.25944174, 5e+15, 0.012446221, 0.032047594, 0.311531779, 211.807213, -0.0195337604, -0.00119760875, -76.4369438, -0.0254063079, -0.0123884685, -197.53402, 0, 1.2e-08, 1.2e-08, 4502.69969, 4502.69969, 0, 0.27, 3.332, 0, -0.0207313692, -0.0377947764, 0, 1.49999989e+15, 0, 0, 2e+18, 2.00668158e+16
5.75, 0, 0, 1.5e+15, 0, 8.94265609e-22, 3.718e+18, 6.44e+20, 4.85, 4, 4.3026181, 116.272584, 1.25944174, 110955.041, 0, 1.35474144e+10, 1.67273689e+11, 0.0431072475, -2.44655736, -6.22365629, 1.5e+15, 2.9611925e+21, -19063.2238, -109305.145, 300, 117.196029, 116.272584, 1.28078819, 1.25944174, 1.5e+15, 0.012446221, 0.032047594, 0.311531779, 211.807213, -0.0195337604, -0.00119760875, -76.4369438, -0.0254063079, -0.0123884685, -197.53402, 0, 1.2e-08, 1.2e-08, 4502.69969, 4502.69969, 0, 0.27, 3.332, 0, -0.0207313692, -0.0377947764, 0, 1.49999989e+15, 0, 0, 2e+18, 2.00668158e+16
5.875, 0, 0, 1.5e+15, 0, 8.94265597e-22, 3.718e+18, 6.44e+20, 4.85, 4, 4.54956793, 116.264549, 1.25944174, 121547.314, 0, 1.79128913e+09, 4.35248157e+11, 0.0392054712, -2.74581262, -6.49532805, 1.5e+15, 3.91528377e+20, -27397.094, -118419.376, 300, 117.196028, 116.264549, 1.28078819, 1.25944174, 1.5e+15, 0.0350585979, 0.00436602985, 0.306481272, 218.195213, -0.0028622648, -0.0129329889, -89.7869504, -0.00329691627, -0.0325859339, -198.865419, 0, 1.2e-08, 1.2e-08, 4773.05572, 4773.05572, 0, 0.27, 3.332, 0, -0.0157952537, -0.0358828502, 0, 1.49999999e+15, 0, 0, 2e+18, 2.01767776e+16
5.875, 0, 0, 5e+15, 0, 8.94265597e-22, 3.718e+18, 6.44e+20, 4.85, 4, 4.54956793, 116.264549, 1.25944174, 70196.1012, 0, 1.79128913e+09, 4.35248157e+11, 0.0392054712, -2.74581262, -6.49532805, 5e+15, 3.91528377e+20, -20272.3127, -67205.1037, 300, 117.196028, 116.264549, 1.28078819, 1.25944174, 5e+15, 0.0350585979, 0.00436602985, 0.306481272, 218.195213, -0.0028622648, -0.0129329889, -89.7869504, -0.00329691627, -0.0325859339, -198.865419, 0, 1.2e-08, 1.2e-08, 4773.05572, 4773.05572, 0, 0.27, 3.332, 0, -0.0157952537, -0.0358828502, 0, 1.49999999e+15, 0, 0, 2e+18, 2.01767776e+16
6, 0, 0, 5e+15, 0, 8.94265598e-22, 3.718e+18, 6.44e+20, 4.85, 4, 4.83070579, 116.24768, 1.25944174, 77312.6041, 0, 254699741, 8.30423848e+11, 0.0574951749, -3.07737762, -6.79316684, 5e+15, 5.5590012e+19, -23242.1355, -73736.2997, 300, 117.196026, 116.24768, 1.28078819, 1.25944174, 5e+15, 0.0568810822, 0.00070346009, 0.303422395, 252.456203, -0.000440687202, -0.00931102524, -74.567459, -0.000548316412, -0.0561138336, -241.192513, 0, 1.2e-08, 1.2e-08, 7391.95884, 7391.95884, 0, 0.27, 3.332, 0, -0.00975171244, -0.05666215, 0, 1.5e+15, 0, 0, 2e+18, 2.30367071e+16
6, 0, 0, 1.5e+15, 0, 8.94265598e-22, 3.718e+18, 6.44e+20, 4.85, 4, 4.83070579, 116.24768, 1.25944174, 129404.754, 0, 254699741, 8.30423848e+11, 0.0574951749, -3.07737762, -6.79316684, 1.5e+15, 5.5590012e+19, -24300.8523, -127102.553, 300, 117.196026, 116.24768, 1.28078819, 1.25944174, 1.5e+15, 0.0568810822, 0.00070346009, 0.303422395, 252.456203, -0.000440687202, -0.00931102524, -74.567459, -0.000548316412, -0.0561138336, -241.192513, 0, 1.2e-08, 1.2e-08, 7391.95884, 7391.95884, 0, 0.27, 3.332, 0, -0.00975171244, -0.05666215, 0, 1.5e+15, 0, 0, 2e+18, 2.30367071e+16
6.125, 0, 0, 1.5e+15, 0, 8.94265662e-22, 3.718e+18, 6.44e+20, 4.85, 4, 5.15708924, 116.213943, 1.25944174, 143303.584, 0, 37691904.9, 2.76019031e+12, 0.213707847, -3.45315503, -7.15060167, 1.5e+15, 8.22359544e+18, -36736.8926, -138514.685, 300, 117.196018, 116.213943, 1.28078819, 1.25944174, 1.5e+15, 0.213604586, 0.000108129361, 0.298233022, 257.561989, -7.2905591e-05, -0.0907178739, -92.3568012, -7.98544521e-05, -0.193383522, -240.433773, 0, 1.2e-08, 1.2e-08, 31015.4247, 31015.4247, 0, 0.27, 3.332, 0, -0.0907907794, -0.193463377, 0, 1.5e+15, 0, 0, 2e+18, 2.36682371e+16
6.125, 0, 0, 5e+15, 0, 8.94265662e-22, 3.718e+18, 6.44e+20, 4.85, 4, 5.15708924, 116.213943, 1.25944174, 85527.3504, 0, 37691904.9, 2.76019031e+12, 0.213707847, -3.45315503, -7.15060167, 5e+15, 8.22359544e+18, -27550.6812, -80968.436, 300, 117.196018, 116.213943, 1.28078819, 1.25944174, 5e+15, 0.213604586, 0.000108129361, 0.298233022, 257.561989, -7.2905591e-05, -0.0907178739, -92.3568012, -7.98544521e-05, -0.193383522, -240.433773, 0, 1.2e-08, 1.2e-08, 31015.4247, 31015.4247, 0, 0.27, 3.332, 0, -0.0907907794, -0.193463377, 0, 1.5e+15, 0, 0, 2e+18, 2.36682371e+16
6.25, 0, 0, 5e+15, 0, 8.94265727e-22, 3.718e+18, 6.44e+20, 4.85, 4, 5.55605385, 116.133782, 1.25944174, 95823.1566, 0, 6392554.53, 5.25189692e+12, 0.350177531, -3.89798923, -7.56619664, 5e+15, 1.39200419e+18, -33952.6627, -89606.3281, 300.000001, 117.195978, 116.133782, 1.28078819, 1.25944174, 5e+15, 0.350159432, 2.08200498e-05, 0.294894469, 298.634811, -1.36875146e-05, -0.0696835366, -79.4616029, -1.56884167e-05, -0.343155698, -287.869074, 0, 1.2e-08, 1.2e-08, 53300.6019, 53300.6019, 0, 0.27, 3.332, 0, -0.0696972242, -0.343171386, 0, 1.5e+15, 0, 0, 2e+18, 2.70358811e+16
6.25, 0, 0, 1.5e+15, 0, 8.94265727e-22, 3.718e+18, 6.44e+20, 4.85, 4, 5.55605385, 116.133782, 1.25944174, 153273.926, 0, 6392554.53, 5.25189692e+12, 0.350177531, -3.89798923, -7.56619664, 1.5e+15, 1.39200419e+18, -35894.474, -149011.688, 300.000001, 117.195978, 116.133782, 1.28078819, 1.25944174, 1.5e+15, 0.350159432, 2.08200498e-05, 0.294894469, 298.634811, -1.36875146e-05, -0.0696835366, -79.4616029, -1.56884167e-05, -0.343155698, -287.869074, 0, 1.2e-08, 1.2e-08, 53300.6019, 53300.6019, 0, 0.27, 3.332, 0, -0.0696972242, -0.343171386, 0, 1.5e+15, 0, 0, 2e+18, 2.70358811e+16
6.375, 0, 0, 1.5e+15, 0, 8.94266054e-22, 3.718e+18, 6.44e+20, 4.85, 4, 6.05445109, 115.928927, 1.25944174, 171898.128, 0, 1208388.27, 1.28293632e+13, 0.954090846, -4.43945201, -8.08768356, 1.5e+15, 2.6270978e+17, -54837.9517, -162916.438, 300.000002, 117.195752, 115.928927, 1.28078819, 1.25944174, 1.5e+15, 0.954086973, 4.09083053e-06, 0.289649303, 302.900065, -2.91144403e-06, -0.426891406, -101.692514, -2.87374113e-06, -0.853255929, -285.319263, 0, 1.20000001e-08, 1.20000001e-08, 166525.311, 166525.311, 0, 0.27, 3.332, 0, -0.426894317, -0.853258802, 0, 1.5e+15, 0, 0, 2e+18, 2.76730916e+16
6.375, 0, 0, 5e+15, 0, 8.94266054e-22, 3.718e+18, 6.44e+20, 4.85, 4, 6.05445109, 115.928927, 1.25944174, 109170.116, 0, 1208388.27, 1.28293632e+13, 0.954090846, -4.43945201, -8.08768356, 5e+15, 2.6270978e+17, -42977.4634, -100354.63, 300.000002, 117.195752, 115.928927, 1.28078819, 1.25944174, 5e+15, 0.954086973, 4.09083053e-06, 0.289649303, 302.900065, -2.91144403e-06, -0.426891406, -101.692514, -2.87374113e-06, -0.853255929, -285.319263, 0, 1.20000001e-08, 1.20000001e-08, 166525.311, 166525.311, 0, 0.27, 3.332, 0, -0.426894317, -0.853258802, 0, 1.5e+15, 0, 0, 2e+18, 2.76730916e+16
6.5, 0, 0, 5e+15, 0, 8.94266386e-22, 3.718e+18, 6.44e+20, 4.85, 4, 6.69806682, 115.246379, 1.25944174, 127646.875, 0, 274833.738, 2.32079507e+13, 1.47811118, -5.12135143, -8.74662331, 5e+15, 5.93715068e+16, -55050.6398, -115165.758, 300.000003, 117.194128, 115.246379, 1.28078819, 1.25944174, 5e+15, 1.47811023, 1.05759486e-06, 0.286078531, 350.751342, -7.53039686e-07, -0.467130566, -89.9833005, -7.42588795e-07, -1.40235477, -339.01255, 0, 1.20000002e-08, 1.20000002e-08, 271613.854, 271613.854, 0, 0.27, 3.332, 0, -0.467131319, -1.40235551, 0, 1.5e+15, 0, 0, 2e+18, 2.89947596e+16
6.5, 0, 0, 1.5e+15, 0, 8.94266386e-22, 3.718e+18, 6.44e+20, 4.85, 4, 6.69806682, 115.246379, 1.25944174, 184502.687, 0, 274833.738, 2.32079507e+13, 1.47811118, -5.12135143, -8.74662331, 1.5e+15, 5.93715068e+16, -58477.8932, -174990.221, 300.000003, 117.194128, 115.246379, 1.28078819, 1.25944174, 1.5e+15, 1.47811023, 1.05759486e-06, 0.286078531, 350.751342, -7.53039686e-07, -0.467130566, -89.9833005, -7.42588795e-07, -1.40235477, -339.01255, 0, 1.20000002e-08, 1.20000002e-08, 271613.854, 271613.854, 0, 0.27, 3.332, 0, -0.467131319, -1.40235551, 0, 1.5e+15, 0, 0, 2e+18, 2.89947596e+16
6.625, 0, 0, 1.5e+15, 0, 8.94268178e-22, 3.718e+18, 6.44e+20, 4.85, 4, 7.51639842, 112.752429, 1.25944174, 208088.7, 0, 72663.6066, 5.12907133e+13, 3.93180107, -5.97407469, -9.58545595, 1.5e+15, 1.54795472e+16, -82829.2435, -190893.225, 300.000009, 117.184456, 112.752429, 1.28078819, 1.25944174, 1.5e+15, 3.9318008, 2.82766105e-07, 0.280855207, 355.378235, -2.13957948e-07, -1.98039291, -117.273444, -1.84874733e-07, -3.3966309, -335.470758, 0, 1.20000005e-08, 1.20000005e-08, 828975.245, 828975.245, 0, 0.27, 3.332, 0, -1.98039312, -3.39663108, 0, 1.5e+15, 0, 0, 2e+18, 2.46158728e+16
6.625, 0, 0, 5e+15, 0, 8.94268178e-22, 3.718e+18, 6.44e+20, 4.85, 4, 7.51639842, 112.752429, 1.25944174, 152395.035, 0, 72663.6066, 5.12907133e+13, 3.93180107, -5.97407469, -9.58545595, 5e+15, 1.54795472e+16, -68533.7526, -136115.287, 300.000009, 117.184456, 112.752429, 1.28078819, 1.25944174, 5e+15, 3.9318008, 2.82766105e-07, 0.280855207, 355.378235, -2.13957948e-07, -1.98039291, -117.273444, -1.84874733e-07, -3.3966309, -335.470758, 0, 1.20000005e-08, 1.20000005e-08, 828975.245, 828975.245, 0, 0.27, 3.332, 0, -1.98039312, -3.39663108, 0, 1.5e+15, 0, 0, 2e+18, 2.46158728e+16
6.75, 0, 0, 5e+15, 0, 8.94269709e-22, 3.718e+18, 6.44e+20, 4.85, 4, 8.50772964, 105.290664, 1.25944174, 182775.254, 0, 22568.3653, 8.05833211e+13, 5.75834139, -6.99563451, -10.5884667, 5e+15, 4.68037494e+15, -80253.5744, -164213.755, 300.000015, 117.147142, 105.290664, 1.28078819, 1.25944174, 5e+15, 5.7583413, 9.69718139e-08, 0.27715785, 410.859938, -7.27635946e-08, -1.96287564, -104.805159, -6.41014195e-08, -5.41346597, -397.267878, 0, 1.20000008e-08, 1.20000008e-08, 1267643.23, 1267643.23, 0, 0.27, 3.332, 0, -1.96287571, -5.41346603, 0, 1.5e+15, 0, 0, 2e+18, 1.73895232e+16
6.75, 0, 0, 1.5e+15, 0, 8.94269709e-22, 3.718e+18, 6.44e+20, 4.85, 4, 8.50772964, 105.290664, 1.25944174, 221103.526, 0, 22568.3653, 8.05833211e+13, 5.75834139, -6.99563451, -10.5884667, 1.5e+15, 4.68037494e+15, -83782.3091, -204614.989, 300.000015, 117.147142, 105.290664, 1.28078819, 1.25944174, 1.5e+15, 5.7583413, 9.69718139e-08, 0.27715785, 410.859938, -7.27635946e-08, -1.96287564, -104.805159, -6.41014195e-08, -5.41346597, -397.267878, 0, 1.20000008e-08, 1.20000008e-08, 1267643.23, 1267643.23, 0, 0.27, 3.332, 0, -1.96287571, -5.41346603, 0, 1.5e+15, 0, 0, 2e+18, 1.73895232e+16
6.875, 0, 0, 1.5e+15, 0, 8.94276016e-22, 3.718e+18, 6.44e+20, 4.85, 4, 9.61095615, 93.4081126, 1.25944174, 247885.73, 0, 7455.80449, 1.44348795e+14, 12.0714672, -8.12749369, -11.7067633, 1.5e+15, 1.49636517e+15, -104390.822, -224833.03, 300.000037, 117.087005, 93.4081126, 1.28078819, 1.25944174, 1.5e+15, 12.0714672, 3.09818383e-08, 0.272083668, 414.618757, -2.36665619e-08, -6.02779807, -136.356992, -1.99942031e-08, -10.4587748, -391.555213, 0, 1.20000021e-08, 1.20000021e-08, 3020697.09, 3020697.09, 0, 0.27, 3.332, 0, -6.02779809, -10.4587748, 0, 1.5e+15, 0, 0, 2e+18, 9.5216349e+15
6.875, 0, 0, 5e+15, 0, 8.94276016e-22, 3.718e+18, 6.44e+20, 4.85, 4, 9.61095615, 93.4081126, 1.25944174, 215408.147, 0, 7455.80449, 1.44348795e+14, 12.0714672, -8.12749369, -11.7067633, 5e+15, 1.49636517e+15, -87419.9739, -196871.578, 300.000037, 117.087005, 93.4081126, 1.28078819, 1.25944174, 5e+15, 12.0714672, 3.09818384e-08, 0.272083668, 414.618757, -2.36665619e-08, -6.02779807, -136.356992, -1.99942031e-08, -10.4587748, -391.555213, 0, 1.20000021e-08, 1.20000021e-08, 3020697.09, 3020697.09, 0, 0.27, 3.332, 0, -6.02779809, -10.4587748, 0, 1.5e+15, 0, 0, 2e+18, 9.5216349e+15
7, 0, 0, 5e+15, 0, 8.94281843e-22, 3.718e+18, 6.44e+20, 4.85, 4, 10.767029, 82.031641, 1.25944174, 247740.605, 0, 2603.86734, 2.19099503e+14, 17.1524721, -9.31076287, -12.8736241, 5e+15, 5.09009777e+14, -91336.4126, -230289.095, 300.000058, 117.041286, 82.031641, 1.28078819, 1.25944174, 5e+15, 17.152472, 1.16002257e-08, 0.268370113, 477.550656, -8.80069599e-09, -5.92054778, -122.364609, -7.5573134e-09, -16.0982736, -461.607552, 0, 1.20000033e-08, 1.20000033e-08, 4491284.1, 4491284.1, 0, 0.27, 3.332, 0, -5.92054778, -16.0982736, 0, 1.5e+15, 0, 0, 2e+18, 4.33565287e+15
7, 0, 0, 1.5e+15, 0, 8.94281843e-22, 3.718e+18, 6.44e+20, 4.85, 4, 10.767029, 82.031641, 1.25944174, 261871.37, 0, 2603.86734, 2.19099503e+14, 17.1524721, -9.31076287, -12.8736241, 1.5e+15, 5.09009777e+14, -94088.7935, -244384.765, 300.000058, 117.041286, 82.031641, 1.28078819, 1.25944174, 1.5e+15, 17.152472, 1.16002257e-08, 0.268370113, 477.550656, -8.80069599e-09, -5.92054778, -122.364609, -7.5573134e-09, -16.0982736, -461.607552, 0, 1.20000033e-08, 1.20000033e-08, 4491284.1, 4491284.1, 0, 0.27, 3.332, 0, -5.92054778, -16.0982736, 0, 1.5e+15, 0, 0, 2e+18, 4.33565287e+15
7.125, 0, 0, 1.5e+15, 0, 8.94306334e-22, 3.718e+18, 6.44e+20, 4.85, 4, 11.963176, 72.5227945, 1.25944174, 294553.862, 0, 887.611581, 3.91253231e+14, 34.6084548, -10.5347326, -14.0847607, 1.5e+15, 1.70136982e+14, -115528.962, -270952.093, 300.000146, 116.996414, 72.5227945, 1.28078819, 1.25944174, 1.5e+15, 34.6084548, 3.84170563e-09, 0.263581343, 481.979764, -2.89948822e-09, -16.9457232, -157.59805, -2.52025203e-09, -30.1759442, -455.485837, 0, 1.20000083e-08, 1.20000083e-08, 10293773.4, 10293773.4, 0, 0.27, 3.332, 0, -16.9457232, -30.1759442, 0, 1.5e+15, 0, 0, 2e+18, 1.72140653e+15
7.125, 0, 0, 5e+15, 0, 8.94306334e-22, 3.718e+18, 6.44e+20, 4.85, 4, 11.963176, 72.5227945, 1.25944174, 279958.912, 0, 887.611581, 3.91253231e+14, 34.6084548, -10.5347326, -14.0847607, 5e+15, 1.70136982e+14, -94300.2196, -263599.054, 300.000146, 116.996414, 72.5227945, 1.28078819, 1.25944174, 5e+15, 34.6084548, 3.84170563e-09, 0.263581343, 481.979764, -2.89948821e-09, -16.9457232, -157.59805, -2.52025202e-09, -30.1759442, -455.485837, 0, 1.20000083e-08, 1.20000083e-08, 10293773.4, 10293773.4, 0, 0.27, 3.332, 0, -16.9457232, -30.1759442, 0, 1.5e+15, 0, 0, 2e+18, 1.72140653e+15
7.25, 0, 0, 5e+15, 0, 8.94330111e-22, 3.718e+18, 6.44e+20, 4.85, 4, 13.190464, 65.0342431, 1.25944174, 311963.964, 0, 318.856091, 5.80034741e+14, 49.3049269, -11.7884881, -15.3222275, 5e+15, 6.13946817e+13, -97783.5977, -296242.946, 300.000231, 116.954226, 65.0342431, 1.28078819, 1.25944174, 5e+15, 49.3049269, 1.46080866e-09, 0.260082519, 554.845418, -1.12523428e-09, -15.8292017, -136.897113, -9.31563076e-10, -46.6948839, -537.691937, 0, 1.20000131e-08, 1.20000131e-08, 15511686.3, 15511686.3, 0, 0.27, 3.332, 0, -15.8292017, -46.6948839, 0, 1.5e+15, 0, 0, 2e+18, 6.0250097e+14
7.25, 0, 0, 1.5e+15, 0, 8.94330111e-22, 3.718e+18, 6.44e+20, 4.85, 4, 13.190464, 65.0342431, 1.25944174, 313763.9, 0, 318.856091, 5.80034741e+14, 49.3049269, -11.7884881, -15.3222275, 1.5e+15, 6.13946817e+13, -100813.984, -297126.784, 300.000231, 116.954226, 65.0342431, 1.28078819, 1.25944174, 1.5e+15, 49.3049269, 1.46080866e-09, 0.260082519, 554.845418, -1.12523428e-09, -15.8292017, -136.897113, -9.31563076e-10, -46.6948839, -537.691937, 0, 1.20000131e-08, 1.20000131e-08, 15511686.3, 15511686.3, 0, 0.27, 3.332, 0, -15.8292017, -46.6948839, 0, 1.5e+15, 0, 0, 2e+18, 6.0250097e+14
7.375, 0, 0, 1.5e+15, 0, 8.94407592e-22, 3.718e+18, 6.44e+20, 4.85, 4, 14.4835256, 58.5495469, 1.25944174, 351916.075, 0, 111.472306, 9.40850404e+14, 86.5502044, -13.1087202, -16.6277932, 1.5e+15, 2.16099575e+13, -127567.078, -327981.043, 300.000508, 116.839463, 58.5495469, 1.28078819, 1.25944174, 1.5e+15, 86.5502044, 5.03110596e-10, 0.255844648, 558.210599, -3.84156448e-10, -40.6434768, -171.205377, -3.24875508e-10, -76.4136485, -531.307624, 0, 1.20000288e-08, 1.20000288e-08, 30679893.6, 30679893.6, 0, 0.27, 3.332, 0, -40.6434768, -76.4136485, 0, 1.5e+15, 0, 0, 2e+18, 2.01163532e+14
7.375, 0, 0, 5e+15, 0, 8.94407592e-22, 3.718e+18, 6.44e+20, 4.85, 4, 14.4835256, 58.5495469, 1.25944174, 345575.857, 0, 111.472306, 9.40850404e+14, 86.5502044, -13.1087202, -16.6277932, 5e+15, 2.16099575e+13, -102934.382, -329889.657, 300.000508, 116.839463, 58.5495469, 1.28078819, 1.25944174, 5e+15, 86.5502044, 5.03110596e-10, 0.255844648, 558.210599, -3.84156448e-10, -40.6434768, -171.205377, -3.24875508e-10, -76.4136485, -531.307624, 0, 1.20000288e-08, 1.20000288e-08, 30679893.6, 30679893.6, 0, 0.27, 3.332, 0, -40.6434768, -76.4136485, 0, 1.5e+15, 0, 0, 2e+18, 2.01163532e+14
7.5, 0, 0, 5e+15, 0, 8.94489685e-22, 3.718e+18, 6.44e+20, 4.85, 4, 15.8432406, 53.2100426, 1.25944174, 380377.679, 0, 42.1696872, 1.33085976e+15, 120.908841, -14.4935664, -17.9964733, 5e+15, 8.3728182e+12, -109544.833, -364262.416, 300.000801, 116.678738, 53.2100426, 1.28078819, 1.25944174, 5e+15, 120.908841, 2.01851094e-10, 0.252906996, 645.491507, -1.59667395e-10, -39.246941, -141.083287, -1.23491648e-10, -114.361819, -629.884745, 0, 1.20000455e-08, 1.20000455e-08, 45588710.8, 45588710.8, 0, 0.27, 3.332, 0, -39.246941, -114.361819, 0, 1.5e+15, 0, 0, 2e+18, 6.28831943e+13
7.5, 0, 0, 1.5e+15, 0, 8.94489685e-22, 3.718e+18, 6.44e+20, 4.85, 4, 15.8432406, 53.2100426, 1.25944174, 375516.701, 0, 42.1696872, 1.33085976e+15, 120.908841, -14.4935664, -17.9964733, 1.5e+15, 8.3728182e+12, -113368.587, -357994.911, 300.000801, 116.678738, 53.2100426, 1.28078819, 1.25944174, 1.5e+15, 120.908841, 2.01851094e-10, 0.252906996, 645.491507, -1.59667395e-10, -39.246941, -141.083287, -1.23491648e-10, -114.361819, -629.884745, 0, 1.20000455e-08, 1.20000455e-08, 45588710.8, 45588710.8, 0, 0.27, 3.332, 0, -39.246941, -114.361819, 0, 1.5e+15, 0, -9.2765473e-26, 2e+18, 6.28831943e+13
7.625, 0, 0, 1.5e+15, 0, 8.94731524e-22, 3.718e+18, 6.44e+20, 4.85, 4, 17.3177403, 48.3113639, 1.25944174, 418890.563, 0, 19.298386, 2.01546384e+15, 195.866114, -15.9882772, -19.4817011, 1.5e+15, 3.96797682e+12, -146196.844, -392550.361, 300.001666, 116.259106, 48.3113639, 1.28078819, 1.25944174, 1.5e+15, 195.866114, 8.57179218e-11, 0.249634125, 658.299419, -6.26323191e-11, -91.1624728, -177.411424, -5.85214074e-11, -173.357832, -633.942672, 0, 1.20000946e-08, 1.20000946e-08, 82429399.4, 82429399.4, 0, 0.27, 3.332, 0, -91.1624728, -173.357832, 0, 1.5e+15, 0, 1.63194746e-12, 2e+18, 1.96481771e+13
7.625, 0, 0, 5e+15, 0, 8.94731524e-22, 3.718e+18, 6.44e+20, 4.85, 4, 17.3177403, 48.3113639, 1.25944174, 418265.383, 0, 19.298386, 2.01546384e+15, 195.866114, -15.9882772, -19.4817011, 5e+15, 3.96797692e+12, -118321.242, -401180.775, 300.001666, 116.259106, 48.3113639, 1.28078819, 1.25944174, 5e+15, 195.866114, 8.57179241e-11, 0.249634125, 658.299419, -6.26323191e-11, -91.1624728, -177.411424, -5.85214074e-11, -173.357832, -633.942672, 0, 1.20000946e-08, 1.20000946e-08, 82429399.4, 82429399.4, 0, 0.27, 3.332, 0, -91.1624728, -173.357832, 0, 1.5e+15, 0, 1.63194746e-12, 2e+18, 1.96481771e+13
7.75, 0, 0, 5e+15, 0, 8.94991513e-22, 3.718e+18, 6.44e+20, 4.85, 4, 18.9012321, 44.1929887, 1.25944174, 458108.728, 3.85705354e+10, 69.0078304, 2.67636387e+15, 266.994471, -17.5388315, -21.0725238, 5e+15, 1.5144598e+13, -128736.767, -439648.1, 300.002595, 115.631185, 44.1929887, 1.28078819, 1.25944174, 5e+15, 266.994471, 2.62389481e-10, 0.247944189, 775.291622, -1.11222108e-10, -87.0040403, -138.353008, -2.37650757e-10, -252.420967, -762.846999, 0, 1.20001474e-08, 1.20001474e-08, 119776302, 119776302, 0, 0.27, 3.332, 0, -87.0040403, -252.420967, 0, 1.5e+15, 4.87368589e-11, 1.71529103e-11, 2e+18, 6.18265322e+12
7.75, 0, 0, 1.5e+15, 0, 8.94991513e-22, 3.718e+18, 6.44e+20, 4.85, 4, 18.9012321, 44.1929887, 1.25944174, 446210.135, 3.85705354e+10, 69.0078304, 2.67636387e+15, 266.994471, -17.5388315, -21.0725238, 1.5e+15, 1.5144598e+13, -133626.681, -425731.599, 300.002595, 115.631185, 44.1929887, 1.28078819, 1.25944174, 1.5e+15, 266.994471, 2.62389481e-10, 0.247944189, 775.291622, -1.11222108e-10, -87.0040403, -138.353008, -2.37650757e-10, -252.420967, -762.846999, 0, 1.20001474e-08, 1.20001474e-08, 119776302, 119776302, 0, 0.27, 3.332, 0, -87.0040403, -252.420967, 0, 1.5e+15, 4.87368589e-11, 1.71529103e-11, 2e+18, 6.18265322e+12
7.875, 0, 0, 1.5e+15, 0, 8.95607515e-22, 3.718e+18, 6.44e+20, 4.85, 4, 20.6584073, 40.2883044, 1.25944174, 495266.683, 1.2710483e+12, 798.181314, 3.62032312e+15, 380.375786, -19.2327244, -22.8375065, 1.5e+15, 1.76207085e+14, -173558.072, -463860.628, 300.004796, 113.981031, 40.2883044, 1.28078819, 1.25944174, 1.5e+15, 380.375786, 2.98745972e-09, 0.246346483, 799.807253, -1.07780724e-09, -174.444365, -189.948137, -2.78626042e-09, -338.016127, -776.924286, 0, 1.20002724e-08, 1.20002724e-08, 189132473, 189132473, 0, 0.27, 3.332, 0, -174.444365, -338.016127, 0, 1.5e+15, 3.87057419e-10, 2.19790615e-09, 2e+18, 1.95484313e+12
7.875, 0, 0, 5e+15, 0, 8.95607515e-22, 3.718e+18, 6.44e+20, 4.85, 4, 20.6584073, 40.2883044, 1.25944174, 502327.439, 1.2710483e+12, 798.181314, 3.62032312e+15, 380.375786, -19.2327244, -22.8375065, 5e+15, 1.76207085e+14, -142225.974, -481772.382, 300.004796, 113.981031, 40.2883044, 1.28078819, 1.25944174, 5e+15, 380.375786, 2.98745972e-09, 0.246346483, 799.807253, -1.07780724e-09, -174.444365, -189.948137, -2.78626042e-09, -338.016127, -776.924286, 0, 1.20002724e-08, 1.20002724e-08, 189132473, 189132473, 0, 0.27, 3.332, 0, -174.444365, -338.016127, 0, 1.5e+15, 3.87057419e-10, 2.19790615e-09, 2e+18, 1.95484313e+12
8, 0, 0, 5e+15, 0, 8.96303335e-22, 3.718e+18, 6.44e+20, 4.85, 4, 22.587232, 36.9800615, 1.25944174, 549438.868, 3.79689466e+13, 9518.1958, 4.48485725e+15, 498.301883, -21.097478, -24.7718645, 5e+15, 2.10156699e+15, -158726.408, -526012.354, 300.00728, 111.353763, 36.9800615, 1.28078819, 1.25944174, 5e+15, 498.301883, 3.68436544e-08, 0.24668197, 951.095728, -1.52251458e-08, -172.646264, -171.379325, -3.3550705e-08, -467.437733, -935.527772, 0, 1.20004135e-08, 1.20004135e-08, 264261822, 264261822, 0, 0.27, 3.332, 0, -172.646264, -467.437733, 0, 1.5e+15, 4.04797981e-09, 8.38530707e-09, 2e+18, 6.60250238e+11
8, 0, 0, 1.5e+15, 0, 8.96303335e-22, 3.718e+18, 6.44e+20, 4.85, 4, 22.587232, 36.9800615, 1.25944174, 526474.644, 3.79689466e+13, 9518.1958, 4.48485725e+15, 498.301883, -21.097478, -24.7718645, 1.5e+15, 2.10156699e+15, -165378.601, -499825.439, 300.00728, 111.353763, 36.9800615, 1.28078819, 1.25944174, 1.5e+15, 498.301883, 3.68436544e-08, 0.24668197, 951.095728, -1.52251458e-08, -172.646264, -171.379325, -3.3550705e-08, -467.437733, -935.527772, 0, 1.20004135e-08, 1.20004135e-08, 264261822, 264261822, 0, 0.27, 3.332, 0, -172.646264, -467.437733, 0, 1.5e+15, 4.04797981e-09, 8.38530707e-09, 2e+18, 6.60250238e+11
8.125, 0, 0, 1.5e+15, 0, 8.97802917e-22, 3.718e+18, 6.44e+20, 4.85, 4, 24.7928723, 33.7467467, 1.25944174, 583236.453, 6.76672155e+14, 98504.3089, 5.61405609e+15, 659.745637, -23.2427185, -26.9833044, 1.5e+15, 2.17489739e+16, -216358.912, -541621.253, 300.012626, 104.996342, 33.7467467, 1.28078819, 1.25944174, 1.5e+15, 659.745636, 3.77542182e-07, 0.247466093, 1001.74915, -1.51072673e-07, -312.368954, -280.973366, -3.45998767e-07, -581.110954, -961.538005, 0, 1.20007172e-08, 1.20007172e-08, 386796686, 386796686, 0, 0.27, 3.332, 0, -312.368954, -581.110955, 0, 1.5e+15, 9.11009236e-08, 4.58303321e-07, 2e+18, 2.26013999e+11
8.125, 0, 0, 5e+15, 0, 8.97802917e-22, 3.718e+18, 6.44e+20, 4.85, 4, 24.7928723, 33.7467467, 1.25944174, 603114.371, 6.76672155e+14, 98504.3089, 5.61405609e+15, 659.745637, -23.2427185, -26.9833044, 5e+15, 2.17489739e+16, -180827.547, -575368.006, 300.012626, 104.996342, 33.7467467, 1.28078819, 1.25944174, 5e+15, 659.745636, 3.77542182e-07, 0.247466093, 1001.74915, -1.51072673e-07, -312.368954, -280.973366, -3.45998767e-07, -581.110954, -961.538005, 0, 1.20007172e-08, 1.20007172e-08, 386796686, 386796686, 0, 0.27, 3.332, 0, -312.368954, -581.110955, 0, 1.5e+15, 9.11009236e-08, 4.58303321e-07, 2e+18, 2.26013999e+11
8.25, 0, 0, 5e+15, 0, 8.99519402e-22, 3.718e+18, 6.44e+20, 4.85, 4, 27.2921837, 31.0367189, 1.25944174, 661102.343, 1.26615745e+16, 1073951.58, 6.56588464e+15, 835.285732, -25.6802827, -29.4866579, 5e+15, 2.3711564e+17, -209158.901, -627143.414, 300.018736, 96.5597963, 31.0367189, 1.28078819, 1.25944174, 5e+15, 835.285728, 4.22810065e-06, 0.250720247, 1182.09796, -1.85502424e-06, -321.824578, -315.993157, -3.79943683e-06, -770.799058, -1139.08029, 0, 1.20010642e-08, 1.20010642e-08, 523070422, 523070422, 0, 0.27, 3.332, 0, -321.824579, -770.799062, 0, 1.5e+15, 8.6171721e-07, 1.55421026e-06, 2e+18, 8.51186277e+10
8.25, 0, 0, 1.5e+15, 0, 8.99519402e-22, 3.718e+18, 6.44e+20, 4.85, 4, 27.2921837, 31.0367189, 1.25944174, 619680.491, 1.26615745e+16, 1073951.58, 6.56588464e+15, 835.285732, -25.6802827, -29.4866579, 1.5e+15, 2.3711564e+17, -218941.028, -579714.359, 300.018736, 96.5597963, 31.0367189, 1.28078819, 1.25944174, 1.5e+15, 835.285728, 4.22810065e-06, 0.250720247, 1182.09796, -1.85502424e-06, -321.824578, -315.993157, -3.79943683e-06, -770.799058, -1139.08029, 0, 1.20010642e-08, 1.20010642e-08, 523070422, 523070422, 0, 0.27, 3.332, 0, -321.824579, -770.799062, 0, 1.5e+15, 8.6171721e-07, 1.55421026e-06, 2e+18, 8.51186277e+10
8.375, 0, 0, 1.5e+15, 0, 9.02762856e-22, 3.718e+18, 6.44e+20, 4.85, 4, 30.266398, 28.3866259, 1.25944174, 684063.506, 1.32339645e+17, 9442597.21, 7.66475378e+15, 1036.23705, -28.5983221, -32.4648602, 1.5e+15, 2.08473877e+18, -286571.945, -621143.623, 300.030249, 83.1781168, 28.3866259, 1.28078819, 1.25944174, 1.5e+15, 1036.23701, 3.65043401e-05, 0.254460931, 1248.83007, -1.52307043e-05, -534.036862, -502.84048, -3.31751788e-05, -888.026903, -1143.12204, 0, 1.20017182e-08, 1.20017182e-08, 715334376, 715334376, 0, 0.27, 3.332, 0, -534.036877, -888.026936, 0, 1.5e+15, 2.63086988e-05, 3.34466905e-05, 2e+18, 3.3217886e+10
8.375, 0, 0, 5e+15, 0, 9.02762856e-22, 3.718e+18, 6.44e+20, 4.85, 4, 30.266398, 28.3866259, 1.25944174, 728211.848, 1.32339645e+17, 9442597.21, 7.66475378e+15, 1036.23705, -28.5983221, -32.4648602, 5e+15, 2.08473877e+18, -248496.791, -684501.162, 300.030249, 83.1781168, 28.3866259, 1.28078819, 1.25944174, 5e+15, 1036.23701, 3.65043401e-05, 0.254460931, 1248.83007, -1.52307043e-05, -534.036862, -502.84048, -3.31751788e-05, -888.026903, -1143.12204, 0, 1.20017182e-08, 1.20017182e-08, 715334376, 715334376, 0, 0.27, 3.332, 0, -534.036877, -888.026936, 0, 1.5e+15, 2.63086988e-05, 3.34466905e-05, 2e+18, 3.3217886e+10
8.5, 0, 0, 5e+15, 0, 9.06662966e-22, 3.718e+18, 6.44e+20, 4.85, 4, 33.7870014, 26.2878131, 1.25944174, 800666.745, 1.69991168e+18, 77408855.7, 8.61008105e+15, 1267.99702, -32.0645617, -35.9884555, 5e+15, 1.70896222e+19, -300698.055, -742056.545, 300.044039, 70.7951774, 26.2878131, 1.28078819, 1.25944174, 5e+15, 1267.99671, 0.000306381781, 0.261027592, 1430.96946, -0.000139027074, -598.741101, -586.397631, -0.000273022469, -1117.73197, -1305.30127, 0, 1.20025015e-08, 1.20025015e-08, 937452576, 937452576, 0, 0.27, 3.332, 0, -598.74124, -1117.73225, 0, 1.5e+15, 9.49239937e-05, 0.000135683009, 2e+18, 1.62201828e+10
8.5, 0, 0, 1.5e+15, 0, 9.06662966e-22, 3.718e+18, 6.44e+20, 4.85, 4, 33.7870014, 26.2878131, 1.25944174, 727792.115, 1.69991168e+18, 77408855.7, 8.61008105e+15, 1267.99702, -32.0645617, -35.9884555, 1.5e+15, 1.70896222e+19, -315848.205, -655683.822, 300.044039, 70.7951774, 26.2878131, 1.28078819, 1.25944174, 1.5e+15, 1267.99671, 0.000306381781, 0.261027592, 1430.96946, -0.000139027074, -598.741101, -586.397631, -0.000273022469, -1117.73197, -1305.30127, 0, 1.20025015e-08, 1.20025015e-08, 937452576, 937452576, 0, 0.27, 3.332, 0, -598.74124, -1117.73225, 0, 1.5e+15, 9.49239937e-05, 0.000135683009, 2e+18, 1.62201828e+10
8.625, 0, 0, 1.5e+15, 0, 9.13708346e-22, 3.718e+18, 6.44e+20, 4.85, 4, 38.1626031, 24.2799731, 1.25944174, 796617.599, 1.0627907e+19, 581399420, 9.74234508e+15, 1552.87039, -36.3880807, -40.3672248, 1.5e+15, 1.28346321e+20, -406816.369, -684908.783, 300.068804, 57.1008597, 24.2799731, 1.28078819, 1.25944174, 1.5e+15, 1552.86819, 0.00225259795, 0.267755948, 1557.95925, -0.000957529182, -948.891422, -849.013199, -0.00203895449, -1229.2293, -1306.29767, 0, 1.20039083e-08, 1.20039083e-08, 1.25871055e+09, 1.25871055e+09, 0, 0.27, 3.332, 0, -948.89238, -1229.23134, 0, 1.5e+15, 0.000617117461, 0.00131328631, 2e+18, 2.49183871e+10
8.625, 0, 0, 5e+15, 0, 9.13708346e-22, 3.718e+18, 6.44e+20, 4.85, 4, 38.1626031, 24.2799731, 1.25944174, 885167.621, 1.0627907e+19, 581399420, 9.74234508e+15, 1552.87039, -36.3880807, -40.3672248, 5e+15, 1.28346321e+20, -372977.219, -802751.338, 300.068804, 57.1008597, 24.2799731, 1.28078819, 1.25944174, 5e+15, 1552.86819, 0.00225259795, 0.267755948, 1557.95925, -0.000957529182, -948.891422, -849.013199, -0.00203895449, -1229.2293, -1306.29767, 0, 1.20039083e-08, 1.20039083e-08, 1.25871055e+09, 1.25871055e+09, 0, 0.27, 3.332, 0, -948.89238, -1229.23134, 0, 1.5e+15, 0.000617117461, 0.00131328631, 2e+18, 2.49183871e+10
8.75, 0, 0, 5e+15, 0, 9.22507807e-22, 3.718e+18, 6.44e+20, 4.85, 4, 43.5553352, 22.9290935, 1.25944174, 975817.976, 1.09570459e+20, 6.48631498e+09, 1.07567218e+16, 1864.71127, -41.7185002, -45.762485, 5e+15, 1.43174596e+21, -468351.423, -856076.904, 300.099474, 46.3529267, 22.9290935, 1.28078819, 1.25944174, 5e+15, 1864.68624, 0.0255858427, 0.277970239, 1799.91356, -0.0113226223, -1154.13609, -1024.27908, -0.0229441403, -1464.59027, -1480.0477, 0, 1.20056505e-08, 1.20056505e-08, 1.63472744e+09, 1.63472744e+09, 0, 0.27, 3.332, 0, -1154.14741, -1464.61322, 0, 1.49999995e+15, 0.00535098193, 0.00667718626, 2e+18, 2.58790018e+11
8.75, 0, 0, 1.5e+15, 0, 9.22507807e-22, 3.718e+18, 6.44e+20, 4.85, 4, 43.5553352, 22.9290935, 1.25944174, 856490.018, 1.09570459e+20, 6.48631498e+09, 1.07567218e+16, 1864.71127, -41.7185002, -45.762485, 1.5e+15, 1.43174596e+21, -491670.894, -701309.406, 300.099474, 46.3529267, 22.9290935, 1.28078819, 1.25944174, 1.5e+15, 1864.68624, 0.0255858427, 0.277970239, 1799.91356, -0.0113226223, -1154.13609, -1024.27908, -0.0229441403, -1464.59027, -1480.0477, 0, 1.20056505e-08, 1.20056505e-08, 1.63472744e+09, 1.63472744e+09, 0, 0.27, 3.332, 0, -1154.14741, -1464.61322, 0, 1.49999995e+15, 0.00535098193, 0.00667718626, 2e+18, 2.58790018e+11
8.875, 0, 0, 1.5e+15, 0, 9.36498384e-22, 3.718e+18, 6.44e+20, 4.85, 4, 50.4543755, 22.1458402, 1.25944174, 912063.22, 3.60350613e+20, 1.35740666e+11, 1.19710897e+16, 2292.61098, -48.5389744, -52.66424, 1.5e+15, 2.99579775e+22, -601487.489, -685618.055, 300.147653, 36.236217, 22.1458402, 1.28078819, 1.25944174, 1.5e+15, 2292.14051, 0.522647108, 0.287335163, 2100.91038, -0.206755142, -1733.23059, -1506.69687, -0.480012824, -1499.93995, -1464.13421, 0, 1.20083876e-08, 1.20083876e-08, 2.16927435e+09, 2.16927435e+09, 0, 0.27, 3.332, 0, -1733.43735, -1500.41996, 0, 1.49999889e+15, 0.0111441146, 0.0253674446, 2e+18, 5.78474614e+12
8.875, 0, 0, 5e+15, 0, 9.36498384e-22, 3.718e+18, 6.44e+20, 4.85, 4, 50.4543755, 22.1458402, 1.25944174, 1073104.75, 3.60350613e+20, 1.35740666e+11, 1.19710897e+16, 2292.61098, -48.5389744, -52.66424, 5e+15, 2.99579775e+22, -595336.559, -892820.354, 300.147653, 36.236217, 22.1458402, 1.28078819, 1.25944174, 5e+15, 2292.14051, 0.522647108, 0.287335163, 2100.91038, -0.206755142, -1733.23059, -1506.69687, -0.480012824, -1499.93995, -1464.13421, 0, 1.20083876e-08, 1.20083876e-08, 2.16927435e+09, 2.16927435e+09, 0, 0.27, 3.332, 0, -1733.43735, -1500.41996, 0, 1.49999889e+15, 0.0111441146, 0.0253674446, 2e+18, 5.78474614e+12
9, 0, 0, 5e+15, 0, 9.52576349e-22, 3.718e+18, 6.44e+20, 4.85, 4, 59.0585408, 23.4837431, 1.25944174, 1141099.3, 2.23780141e+21, 9.42061982e+12, 1.31098849e+16, 2720.30829, -57.0335429, -61.2706979, 5e+15, 2.07835372e+24, -739790.085, -868802.769, 300.202158, 29.0555869, 23.4837431, 1.28078819, 1.25944174, 5e+15, 2687.95008, 36.9065281, 0.300352166, 2495.85277, -15.3097776, -2159.13078, -1945.32863, -33.5812824, -1601.00902, -1563.6424, 0, 1.20114842e-08, 1.20114842e-08, 2.77727367e+09, 2.77727367e+09, 0, 0.27, 3.332, 0, -2174.44056, -1634.5903, 0, 1.49992278e+15, 0.0613223819, 0.09843857, 2e+18, 3.99379887e+14
9, 0, 0, 1.5e+15, 0, 9.52576349e-22, 3.718e+18, 6.44e+20, 4.85, 4, 59.0585408, 23.4837431, 1.25944174, 999312.963, 2.23780141e+21, 9.42061982e+12, 1.31098849e+16, 2720.30829, -57.0335429, -61.2706979, 1.5e+15, 2.07835372e+24, -760373.379, -648427.886, 300.202158, 29.0555869, 23.4837431, 1.28078819, 1.25944174, 1.5e+15, 2687.95008, 36.9065281, 0.300352166, 2495.85277, -15.3097776, -2159.13078, -1945.32863, -33.5812824, -1601.00902, -1563.6424, 0, 1.20114842e-08, 1.20114842e-08, 2.77727367e+09, 2.77727367e+09, 0, 0.27, 3.332, 0, -2174.44056, -1634.5903, 0, 1.49992278e+15, 0.0613223819, 0.09843857, 2e+18, 3.99379887e+14
9.125, 0, 0, 1.5e+15, 0, 9.67995999e-22, 3.718e+18, 6.44e+20, 4.85, 4, 69.4637099, 24.0264982, 1.25944174, 980641.142, 1.76202584e+21, 4.00766818e+13, 1.44371564e+16, 3265.97699, -67.4013131, -71.6783078, 1.5e+15, 8.83428659e+24, -802599.508, -563463.469, 300.253591, 24.0264982, 28.8715797, 1.28078819, 1.25944174, 1.5e+15, 3137.12072, 156.460244, 0.310367307, 2986.22269, -72.3159207, -2792.39263, -2594.40617, -138.745146, -1429.7097, -1478.70976, 0, 1.20144065e-08, 1.20144065e-08, 3.34177353e+09, 3.34177353e+09, 0, 0.27, 3.332, 0, -2864.70855, -1568.45485, 0, 1.49967178e+15, 0.0278469169, 0.0685576461, 2e+18, 1.67484954e+15
9.125, 0, 0, 5e+15, 0, 9.67995999e-22, 3.718e+18, 6.44e+20, 4.85, 4, 69.4637099, 24.0264982, 1.25944174, 1142489.46, 1.76202584e+21, 4.00766818e+13, 1.44371564e+16, 3265.97699, -67.4013131, -71.6783078, 5e+15, 8.83428659e+24, -865573.427, -745697.538, 300.253591, 24.0264982, 28.8715797, 1.28078819, 1.25944174, 5e+15, 3137.12072, 156.460244, 0.310367307, 2986.22269, -72.3159207, -2792.39263, -2594.40617, -138.745146, -1429.7097, -1478.70976, 0, 1.20144065e-08, 1.20144065e-08, 3.34177353e+09, 3.34177353e+09, 0, 0.27, 3.332, 0, -2864.70855, -1568.45485, 0, 1.49967178e+15, 0.0278469169, 0.0685576461, 2e+18, 1.67484954e+15
9.25, 0, 0, 5e+15, 0, 9.7764739e-22, 3.718e+18, 6.44e+20, 4.85, 4, 80.7150447, 22.2195749, 1.25944174, 1080603.97, 2.09796733e+21, 8.29009869e+13, 1.56252405e+16, 3605.75969, -78.6338748, -82.9316556, 5e+15, 1.82555651e+25, -915449.45, -574157.861, 300.285378, 22.2195749, 38.8428945, 1.28078819, 1.25944174, 5e+15, 3307.68882, 344.876927, 0.324146, 3351.19149, -197.026664, -3033.58044, -3012.69237, -283.055805, -1318.40624, -1467.7088, 0, 1.20162127e-08, 1.20162127e-08, 3.68362312e+09, 3.68362312e+09, 0, 0.27, 3.332, 0, -3230.6071, -1601.46205, 0, 1.49932149e+15, 0.0146905304, 0.0687320897, 2e+18, 3.42959407e+15
9.25, 0, 0, 1.5e+15, 0, 9.7764739e-22, 3.718e+18, 6.44e+20, 4.85, 4, 80.7150447, 22.2195749, 1.25944174, 1019067.84, 2.09796733e+21, 8.29009869e+13, 1.56252405e+16, 3605.75969, -78.6338748, -82.9316556, 1.5e+15, 1.82555651e+25, -905336.439, -467830.296, 300.285378, 22.2195749, 38.8428945, 1.28078819, 1.25944174, 1.5e+15, 3307.68882, 344.876927, 0.324146, 3351.19149, -197.026664, -3033.58044, -3012.69237, -283.055805, -1318.40624, -1467.7088, 0, 1.20162127e-08, 1.20162127e-08, 3.68362312e+09, 3.68362312e+09, 0, 0.27, 3.332, 0, -3230.6071, -1601.46205, 0, 1.49932149e+15, 0.0146905304, 0.0687320897, 2e+18, 3.42959407e+15
9.375, 0, 0, 1.5e+15, 0, 9.823119e-22, 3.718e+18, 6.44e+20, 4.85, 4, 92.0971209, 21.9643484, 1.25944174, 916651.649, 4.588039e+20, 1.2650502e+14, 1.70230426e+16, 3971.63767, -90.00503, -94.3159331, 1.5e+15, 2.78303046e+25, -834860.775, -378494.032, 300.300631, 21.9643484, 52.8657101, 1.28078819, 1.25944174, 1.5e+15, 3532.05608, 457.36087, 0.331628434, 3720.29026, -374.939168, -3360.81944, -3521.13507, -261.915227, -1086.42204, -1200.90273, 0, 1.20170794e-08, 1.20170794e-08, 3.76011037e+09, 3.76011037e+09, 0, 0.27, 3.332, 0, -3735.75861, -1348.33727, 0, 1.49896505e+15, 0.00653874659, 0.0193527137, 2e+18, 5.19739366e+15
9.375, 0, 0, 5e+15, 0, 9.823119e-22, 3.718e+18, 6.44e+20, 4.85, 4, 92.0971209, 21.9643484, 1.25944174, 1003947.47, 4.588039e+20, 1.2650502e+14, 1.70230426e+16, 3971.63767, -90.00503, -94.3159331, 5e+15, 2.78303046e+25, -910136.58, -423747.472, 300.300631, 21.9643484, 52.8657101, 1.28078819, 1.25944174, 5e+15, 3532.05608, 457.36087, 0.331628434, 3720.29026, -374.939168, -3360.81944, -3521.13507, -261.915227, -1086.42204, -1200.90273, 0, 1.20170794e-08, 1.20170794e-08, 3.76011037e+09, 3.76011037e+09, 0, 0.27, 3.332, 0, -3735.75861, -1348.33727, 0, 1.49896505e+15, 0.00653874659, 0.0193527137, 2e+18, 5.19739366e+15
9.5, 0, 0, 5e+15, 0, 9.81401215e-22, 3.718e+18, 6.44e+20, 4.85, 4, 103.121356, 22.6772981, 1.25944174, 928299.079, 2.05541071e+20, 1.17572793e+14, 1.81780432e+16, 3955.71506, -101.031157, -105.34187, 5e+15, 2.58708855e+25, -873831.086, -313302.432, 300.297658, 22.6772981, 70.9755815, 1.28078819, 1.25944174, 5e+15, 3467.84757, 544.089428, 0.343362985, 3748.17759, -391.060089, -3336.033, -3577.57263, -378.292628, -947.02196, -1117.94871, 0, 1.20169105e-08, 1.20169105e-08, 3.59238946e+09, 3.59238946e+09, 0, 0.27, 3.332, 0, -3727.09308, -1325.31459, 0, 1.49903805e+15, 0.00119945058, 0.00827210943, 2e+18, 4.80339177e+15
9.5, 0, 0, 1.5e+15, 0, 9.81401215e-22, 3.718e+18, 6.44e+20, 4.85, 4, 103.121356, 22.6772981, 1.25944174, 908801.144, 2.05541071e+20, 1.17572793e+14, 1.81780432e+16, 3955.71506, -101.031157, -105.34187, 1.5e+15, 2.58708855e+25, -860045.179, -293669.559, 300.297658, 22.6772981, 70.9755815, 1.28078819, 1.25944174, 1.5e+15, 3467.84757, 544.089428, 0.343362985, 3748.17759, -391.060089, -3336.033, -3577.57263, -378.292628, -947.02196, -1117.94871, 0, 1.20169105e-08, 1.20169105e-08, 3.59238946e+09, 3.59238946e+09, 0, 0.27, 3.332, 0, -3727.09308, -1325.31459, 0, 1.49903805e+15, 0.00119945058, 0.00827210943, 2e+18, 4.80339177e+15
9.625, 0, 0, 1.5e+15, 0, 9.80891818e-22, 3.718e+18, 6.44e+20, 4.85, 4, 113.59825, 23.862012, 1.25944174, 805566.482, 3.06883649e+19, 1.23576664e+14, 1.96648364e+16, 4125.83818, -111.506761, -115.820801, 1.5e+15, 2.71892949e+25, -772114.558, -229731.291, 300.295995, 23.862012, 91.6132434, 1.28078819, 1.25944174, 1.5e+15, 3646.34507, 483.418601, 0.345909043, 3942.67089, -455.798532, -3570.75415, -3882.05529, -161.06285, -738.611679, -688.694801, 0, 1.2016816e-08, 1.2016816e-08, 3.40382432e+09, 3.40382432e+09, 0, 0.27, 3.332, 0, -4026.55268, -899.674529, 0, 1.49898894e+15, 0.000192020776, 0.00130827573, 2e+18, 4.99978719e+15
9.625, 0, 0, 5e+15, 0, 9.80891818e-22, 3.718e+18, 6.44e+20, 4.85, 4, 113.59825, 23.862012, 1.25944174, 859877.881, 3.06883649e+19, 1.23576664e+14, 1.96648364e+16, 4125.83818, -111.506761, -115.820801, 5e+15, 2.71892949e+25, -826949.525, -235678.707, 300.295995, 23.862012, 91.6132434, 1.28078819, 1.25944174, 5e+15, 3646.34507, 483.418601, 0.345909043, 3942.67089, -455.798532, -3570.75415, -3882.05529, -161.06285, -738.611679, -688.694801, 0, 1.2016816e-08, 1.2016816e-08, 3.40382432e+09, 3.40382432e+09, 0, 0.27, 3.332, 0, -4026.55268, -899.674529, 0, 1.49898894e+15, 0.000192020776, 0.00130827573, 2e+18, 4.99978719e+15
9.75, 0, 0, 5e+15, 0, 9.77430983e-22, 3.718e+18, 6.44e+20, 4.85, 4, 123.48563, 25.2847254, 1.25944174, 798938.229, 9.83590716e+18, 8.39112199e+13, 2.11322388e+16, 3901.10088, -121.404146, -125.710054, 5e+15, 1.84788074e+25, -777943.833, -181949.683, 300.284669, 25.2847254, 107.70553, 1.28078819, 1.25944174, 5e+15, 3526.65655, 408.860794, 0.352820312, 3751.0815, -332.43708, -3466.19615, -3699.66699, -238.018354, -650.223528, -618.931783, 0, 1.20161724e-08, 1.20161724e-08, 3.06662877e+09, 3.06662877e+09, 0, 0.27, 3.332, 0, -3798.63323, -888.241882, 0, 1.49931322e+15, 0.000101794714, 0.00043841149, 2e+18, 3.35205345e+15
9.75, 0, 0, 1.5e+15, 0, 9.77430983e-22, 3.718e+18, 6.44e+20, 4.85, 4, 123.48563, 25.2847254, 1.25944174, 786074.25, 9.83590716e+18, 8.39112199e+13, 2.11322388e+16, 3901.10088, -121.404146, -125.710054, 1.5e+15, 1.84788074e+25, -766749.982, -173225.841, 300.284669, 25.2847254, 107.70553, 1.28078819, 1.25944174, 1.5e+15, 3526.65655, 408.860794, 0.352820312, 3751.0815, -332.43708, -3466.19615, -3699.66699, -238.018354, -650.223528, -618.931783, 0, 1.20161724e-08, 1.20161724e-08, 3.06662877e+09, 3.06662877e+09, 0, 0.27, 3.332, 0, -3798.63323, -888.241882, 0, 1.49931322e+15, 0.000101794714, 0.00043841149, 2e+18, 3.35205345e+15
9.875, 0, 0, 1.5e+15, 0, 9.78736277e-22, 3.718e+18, 6.44e+20, 4.85, 4, 132.767, 26.9356219, 1.25944174, 703461.044, 1.25120807e+18, 7.66286967e+13, 2.29859821e+16, 4103.47759, -130.68787, -134.993596, 1.5e+15, 1.68777328e+25, -691500.555, -129168.193, 300.288945, 26.9356219, 114.455807, 1.28078819, 1.25944174, 1.5e+15, 3780.9702, 322.669855, 0.35039854, 3978.63832, -318.776378, -3752.6627, -3970.46522, -49.9745593, -461.798989, -254.889888, 0, 1.20164154e-08, 1.20164154e-08, 2.94147339e+09, 2.94147339e+09, 0, 0.27, 3.332, 0, -4071.43908, -511.773549, 0, 1.49937284e+15, 8.14197157e-06, 5.07252347e-05, 2e+18, 3.02655787e+15
9.875, 0, 0, 5e+15, 0, 9.78736277e-22, 3.718e+18, 6.44e+20, 4.85, 4, 132.767, 26.9356219, 1.25944174, 743720.348, 1.25120807e+18, 7.66286967e+13, 2.29859821e+16, 4103.47759, -130.68787, -134.993596, 5e+15, 1.68777328e+25, -729931.694, -142547.108, 300.288945, 26.9356219, 114.455807, 1.28078819, 1.25944174, 5e+15, 3780.9702, 322.669855, 0.35039854, 3978.63832, -318.776378, -3752.6627, -3970.46522, -49.9745593, -461.798989, -254.889888, 0, 1.20164154e-08, 1.20164154e-08, 2.94147339e+09, 2.94147339e+09, 0, 0.27, 3.332, 0, -4071.43908, -511.773549, 0, 1.49937284e+15, 8.14197157e-06, 5.07252347e-05, 2e+18, 3.02655787e+15
10, 0, 0, 5e+15, 0, 9.77379293e-22, 3.718e+18, 6.44e+20, 4.85, 4, 141.487321, 28.6685733, 1.25944174, 693635.283, 3.45842609e+17, 5.34070657e+13, 2.52367683e+16, 3915.91673, -139.417528, -143.716338, 5e+15, 1.17696984e+25, -684440.866, -112563.791, 300.284499, 28.6685733, 115.945106, 1.28078819, 1.25944174, 5e+15, 3698.63133, 225.87425, 0.352932484, 3815.10152, -208.339867, -3675.56166, -3809.99887, -87.2563855, -412.456302, -197.251599, 0, 1.20161628e-08, 1.20161628e-08, 2.66821227e+09, 2.66821227e+09, 0, 0.27, 3.332, 0, -3883.90152, -499.712687, 0, 1.49956281e+15, 7.64327515e-06, 1.54234305e-05, 2e+18, 1.98157904e+15
10, 0, 0, 1.5e+15, 0, 9.77379293e-22, 3.718e+18, 6.44e+20, 4.85, 4, 141.487321, 28.6685733, 1.25944174, 681402.946, 3.45842609e+17, 5.34070657e+13, 2.52367683e+16, 3915.91673, -139.417528, -143.716338, 1.5e+15, 1.17696984e+25, -675138.506, -92184.4508, 300.284499, 28.6685733, 115.945106, 1.28078819, 1.25944174, 1.5e+15, 3698.63133, 225.87425, 0.352932484, 3815.10152, -208.339867, -3675.56166, -3809.99887, -87.2563855, -412.456302, -197.251599, 0, 1.20161628e-08, 1.20161628e-08, 2.66821227e+09, 2.66821227e+09, 0, 0.27, 3.332, 0, -3883.90152, -499.712687, 0, 1.49956281e+15, 7.64327515e-06, 1.54234305e-05, 2e+18, 1.98157904e+15
10.125, 0, 0, 1.5e+15, 0, 9.81810267e-22, 3.718e+18, 6.44e+20, 4.85, 4, 149.645463, 30.6440644, 1.25944174, 610455.841, 3.13785381e+16, 4.80104344e+13, 2.79121881e+16, 4273.67665, -147.578442, -151.877073, 1.5e+15, 1.05811251e+25, -607948.817, -55268.1573, 300.298994, 30.6440644, 116.240304, 1.28078819, 1.25944174, 1.5e+15, 4063.09504, 210.585208, 0.346650999, 4198.41071, -210.403199, -4058.49833, -4197.72998, -8.75350792, -193.216392, 75.6006537, 0, 1.20169864e-08, 1.20169864e-08, 2.66088755e+09, 2.66088755e+09, 0, 0.27, 3.332, 0, -4268.90153, -201.9699, 0, 1.49960705e+15, 4.70006475e-07, 1.33166156e-06, 2e+18, 1.76915229e+15
10.125, 0, 0, 5e+15, 0, 9.81810267e-22, 3.718e+18, 6.44e+20, 4.85, 4, 149.645463, 30.6440644, 1.25944174, 646164.867, 3.13785381e+16, 4.80104344e+13, 2.79121881e+16, 4273.67665, -147.578442, -151.877073, 5e+15, 1.05811251e+25, -640341.422, -86555.7508, 300.298994, 30.6440644, 116.240304, 1.28078819, 1.25944174, 5e+15, 4063.09504, 210.585208, 0.346650999, 4198.41071, -210.403199, -4058.49833, -4197.72998, -8.75350792, -193.216392, 75.6006537, 0, 1.20169864e-08, 1.20169864e-08, 2.66088755e+09, 2.66088755e+09, 0, 0.27, 3.332, 0, -4268.90153, -201.9699, 0, 1.49960705e+15, 4.70006475e-07, 1.33166156e-06, 2e+18, 1.76915229e+15
10.25, 0, 0, 5e+15, 0, 9.84292723e-22, 3.718e+18, 6.44e+20, 4.85, 4, 157.278327, 32.7528052, 1.25944174, 600328.068, 6.76670398e+15, 3.96075213e+13, 3.16912986e+16, 4216.84931, -155.216294, -159.513215, 5e+15, 8.73094482e+24, -597105.776, -62116.674, 300.307086, 32.7528052, 116.278346, 1.28078819, 1.25944174, 5e+15, 4075.91079, 141.476028, 0.345756369, 4170.99721, -140.372239, -4073.22554, -4168.31648, -17.6380536, -147.927361, 149.517246, 0, 1.20174462e-08, 1.20174462e-08, 2.48040701e+09, 2.48040701e+09, 0, 0.27, 3.332, 0, -4213.59778, -165.565414, 0, 1.49967584e+15, 2.90851099e-07, 3.2060293e-07, 2e+18, 1.33568572e+15
10.25, 0, 0, 1.5e+15, 0, 9.84292723e-22, 3.718e+18, 6.44e+20, 4.85, 4, 157.278327, 32.7528052, 1.25944174, 588481.538, 6.76670398e+15, 3.96075213e+13, 3.16912986e+16, 4216.84931, -155.216294, -159.513215, 1.5e+15, 8.73094482e+24, -587951.344, -24974.7451, 300.307086, 32.7528052, 116.278346, 1.28078819, 1.25944174, 1.5e+15, 4075.91079, 141.476028, 0.345756369, 4170.99721, -140.372239, -4073.22554, -4168.31648, -17.6380536, -147.927361, 149.517246, 0, 1.20174462e-08, 1.20174462e-08, 2.48040701e+09, 2.48040701e+09, 0, 0.27, 3.332, 0, -4213.59778, -165.565414, 0, 1.49967584e+15, 2.90851099e-07, 3.2060293e-07, 2e+18, 1.33568572e+15
10.375, 0, 0, 1.5e+15, 0, 1.00065268e-21, 3.718e+18, 6.44e+20, 4.85, 4, 164.344246, 35.3805237, 1.25944174, 531965.125, 4.4144207e+14, 3.37329301e+13, 3.59916524e+16, 5458.45131, -162.286428, -166.582376, 1.5e+15, 7.43552993e+24, -531953.588, 3503.52746, 300.359924, 35.3805237, 116.280938, 1.28078819, 1.25944174, 1.5e+15, 5285.5102, 173.257841, 0.342814004, 5342.63022, -172.743478, -5234.87292, -5318.10237, -13.3405537, -729.87916, -511.355893, 0, 1.20204488e-08, 1.20204488e-08, 2.90291388e+09, 2.90291388e+09, 0, 0.27, 3.332, 0, -5407.6164, -743.219714, 0, 1.4997241e+15, 1.67550395e-08, 1.93145971e-08, 2e+18, 1.14388282e+15
10.375, 0, 0, 5e+15, 0, 1.00065268e-21, 3.718e+18, 6.44e+20, 4.85, 4, 164.344246, 35.3805237, 1.25944174, 556197.65, 4.4144207e+14, 3.37329301e+13, 3.59916524e+16, 5458.45131, -162.286428, -166.582376, 5e+15, 7.43552993e+24, -555224.971, -32879.4395, 300.359924, 35.3805237, 116.280938, 1.28078819, 1.25944174, 5e+15, 5285.5102, 173.257841, 0.342814004, 5342.63022, -172.743478, -5234.87292, -5318.10237, -13.3405537, -729.87916, -511.355893, 0, 1.20204488e-08, 1.20204488e-08, 2.90291388e+09, 2.90291388e+09, 0, 0.27, 3.332, 0, -5407.6164, -743.219714, 0, 1.4997241e+15, 1.67550395e-08, 1.93145971e-08, 2e+18, 1.14388282e+15
10.5, 0, 0, 5e+15, 0, 9.98782182e-22, 3.718e+18, 6.44e+20, 4.85, 4, 170.953614, 37.8240824, 1.25944174, 511522.518, 2.00596096e+13, 3.83226228e+13, 4.50676241e+16, 5212.11929, -168.892487, -173.19757, 5e+15, 8.44745375e+24, -511492.782, -5515.44139, 300.353926, 37.8240824, 116.280942, 1.28078819, 1.25944174, 5e+15, 5095.71261, 117.599791, 0.358041192, 5252.5048, -115.440499, -5089.90961, -5221.46275, 22.4321626, 243.119647, 570.204712, 0, 1.2020108e-08, 1.2020108e-08, 2.60652916e+09, 2.60652916e+09, 0, 0.27, 3.332, 0, -5205.35011, 265.55181, 0, 1.49968654e+15, 1.73452576e-09, 2.82732502e-09, 2e+18, 1.11356317e+15
10.5, 0, 0, 1.5e+15, 0, 9.98782182e-22, 3.718e+18, 6.44e+20, 4.85, 4, 170.953614, 37.8240824, 1.25944174, 479047.003, 2.00596096e+13, 3.83226228e+13, 4.50676241e+16, 5212.11929, -168.892487, -173.19757, 1.5e+15, 8.44745375e+24, -477064.217, 43540.3733, 300.353926, 37.8240824, 116.280942, 1.28078819, 1.25944174, 1.5e+15, 5095.71261, 117.599791, 0.358041192, 5252.5048, -115.440499, -5089.90961, -5221.46275, 22.4321626, 243.119647, 570.204712, 0, 1.2020108e-08, 1.2020108e-08, 2.60652916e+09, 2.60652916e+09, 0, 0.27, 3.332, 0, -5205.35011, 265.55181, 0, 1.49968654e+15, 1.73452576e-09, 2.82732502e-09, 2e+18, 1.11356317e+15
10.625, 0, 0, 1.5e+15, 0, 1.00286397e-21, 3.718e+18, 6.44e+20, 4.85, 4, 176.853108, 42.3738311, 1.25944174, 427951.216, -8.90249698e-13, 3.70055907e+13, 5.46188384e+16, 5679.0842, -174.792901, -179.102027, 1.5e+15, 8.15695048e+24, -419874.191, 82752.0822, 300.367001, 42.3738311, 116.280454, 1.28078819, 1.25944174, 1.5e+15, 5550.69929, 130.152436, 0.349135052, 5744.00967, -127.658173, -5548.33579, -5724.60823, 25.3583761, 161.964588, 471.707218, 0, 1.2020851e-08, 1.2020851e-08, 2.47301307e+09, 2.47301307e+09, 0, 0.27, 3.332, 0, -5675.99396, 187.322964, 0, 1.49969737e+15, 3.02732752e-11, 8.59667988e-11, 2e+18, 1.08509272e+15
10.625, 0, 0, 5e+15, 0, 1.00286397e-21, 3.718e+18, 6.44e+20, 4.85, 4, 176.853108, 42.3738311, 1.25944174, 453054.847, 0, 3.70055907e+13, 5.46188384e+16, 5679.0842, -174.792901, -179.102027, 5e+15, 8.15695048e+24, -452070.538, 29848.3343, 300.367001, 42.3738311, 116.280454, 1.28078819, 1.25944174, 5e+15, 5550.69929, 130.152436, 0.349135052, 5744.00967, -127.658173, -5548.33579, -5724.60823, 25.3583761, 161.964588, 471.707218, 0, 1.2020851e-08, 1.2020851e-08, 2.47301307e+09, 2.47301307e+09, 0, 0.27, 3.332, 0, -5675.99396, 187.322964, 0, 1.49969737e+15, 3.02732752e-11, 8.59667988e-11, 2e+18, 1.08509272e+15
10.75, 0, 0, 5e+15, 0, 1.00343774e-21, 3.718e+18, 6.44e+20, 4.85, 4, 181.905525, 49.4712227, 1.25944174, 375526.028, 0, 3.9449805e+13, 7.49391127e+16, 6686.09649, -179.843665, -184.16263, 5e+15, 8.69527932e+24, -365757.545, 85095.3322, 300.368834, 49.4712227, 116.174247, 1.28078819, 1.25944174, 5e+15, 6549.79782, 141.630049, 0.34865526, 6930.56512, -121.35413, -6323.70089, -6605.12425, 73.0222281, 1706.0652, 2098.82503, 0, 1.20209552e-08, 1.20209552e-08, 2.60334968e+09, 2.60334968e+09, 0, 0.27, 3.332, 0, -6445.05502, 1779.08742, 0, 1.49967739e+15, 0, 0, 2e+18, 1.17486329e+15
10.75, 0, 0, 1.5e+15, 0, 1.00343774e-21, 3.718e+18, 6.44e+20, 4.85, 4, 181.905525, 49.4712227, 1.25944174, 358874.981, 0, 3.9449805e+13, 7.49391127e+16, 6686.09649, -179.843665, -184.16263, 1.5e+15, 8.69527932e+24, -339258.075, 117026.538, 300.368834, 49.4712227, 116.174247, 1.28078819, 1.25944174, 1.5e+15, 6549.79782, 141.630049, 0.34865526, 6930.56512, -121.35413, -6323.70089, -6605.12425, 73.0222281, 1706.0652, 2098.82503, 0, 1.20209552e-08, 1.20209552e-08, 2.60334968e+09, 2.60334968e+09, 0, 0.27, 3.332, 0, -6445.05502, 1779.08742, 0, 1.49967739e+15, 0, 0, 2e+18, 1.17486329e+15
10.8125, 0, 0, 1.5e+15, 0, 9.9323724e-22, 3.718e+18, 6.44e+20, 4.85, 4, 183.903718, 62.4828054, 1.25944174, 303272.609, 0, 3.77637998e+13, 9.63264763e+16, 6996.27243, -181.842952, -186.167351, 1.5e+15, 8.32472229e+24, -270977.562, 136181.629, 300.33608, 62.4828054, 115.31862, 1.28078819, 1.25944174, 1.5e+15, 6849.14099, 149.682386, 0.330483328, 7377.45553, -124.405769, -6301.05158, -6681.7314, 83.2347366, 2684.67526, 3127.50948, 0, 1.20190938e-08, 1.20190938e-08, 2.2810845e+09, 2.2810845e+09, 0, 0.27, 3.332, 0, -6425.45735, 2767.90999, 0, 1.49969104e+15, 0, 0, 2e+18, 1.12880233e+15
10.8125, 0, 0, 5e+15, 0, 9.9323724e-22, 3.718e+18, 6.44e+20, 4.85, 4, 183.903718, 62.4828054, 1.25944174, 304246.153, 0, 3.77637998e+13, 9.63264763e+16, 6996.27243, -181.842952, -186.167351, 5e+15, 8.32472229e+24, -277909.553, 123822.461, 300.33608, 62.4828054, 115.31862, 1.28078819, 1.25944174, 5e+15, 6849.14099, 149.682386, 0.330483328, 7377.45553, -124.405769, -6301.05158, -6681.7314, 83.2347366, 2684.67526, 3127.50948, 0, 1.20190938e-08, 1.20190938e-08, 2.2810845e+09, 2.2810845e+09, 0, 0.27, 3.332, 0, -6425.45735, 2767.90999, 0, 1.49969104e+15, 0, 0, 2e+18, 1.12880233e+15
10.84375, 0, 0, 5e+15, 0, 9.84700963e-22, 3.718e+18, 6.44e+20, 4.85, 4, 184.702777, 77.732876, 1.25944174, 272374.021, 0, 3.67234776e+13, 1.16709357e+17, 7132.37757, -182.642703, -186.971402, 5e+15, 8.09621762e+24, -237942.242, 132556.012, 300.308415, 77.732876, 114.258646, 1.28078819, 1.25944174, 5e+15, 6986.59965, 146.616482, 0.319464419, 7611.37803, -119.32234, -6090.86083, -6535.63776, 85.1972544, 3422.57052, 3901.09147, 0, 1.20175218e-08, 1.20175218e-08, 2.03953604e+09, 2.03953604e+09, 0, 0.27, 3.332, 0, -6210.18317, 3507.76777, 0, 1.49969945e+15, 0, 0, 2e+18, 1.10089192e+15
10.84375, 0, 0, 1.5e+15, 0, 9.84700963e-22, 3.718e+18, 6.44e+20, 4.85, 4, 184.702777, 77.732876, 1.25944174, 268995.368, 0, 3.67234776e+13, 1.16709357e+17, 7132.37757, -182.642703, -186.971402, 1.5e+15, 8.09621762e+24, -228238.108, 142358.26, 300.308415, 77.732876, 114.258646, 1.28078819, 1.25944174, 1.5e+15, 6986.59965, 146.616482, 0.319464419, 7611.37803, -119.32234, -6090.86083, -6535.63776, 85.1972544, 3422.57052, 3901.09147, 0, 1.20175218e-08, 1.20175218e-08, 2.03953604e+09, 2.03953604e+09, 0, 0.27, 3.332, 0, -6210.18317, 3507.76777, 0, 1.49969945e+15, 0, 0, 2e+18, 1.10089192e+15
10.8515625, 0, 0, 1.5e+15, 0, 9.82365876e-22, 3.718e+18, 6.44e+20, 4.85, 4, 184.874797, 89.1893656, 1.25944174, 251567.254, 0, 3.65667568e+13, 1.31885346e+17, 7231.09651, -182.814825, -187.146592, 1.5e+15, 8.06189426e+24, -206582.464, 143561.029, 300.300807, 89.1893656, 114.012081, 1.28078819, 1.25944174, 1.5e+15, 7088.24435, 143.085712, 0.312275568, 7783.8849, -114.562096, -5910.75416, -6419.22642, 85.7265837, 3912.31302, 4402.54429, 0, 1.20170894e-08, 1.20170894e-08, 1.84692671e+09, 1.84692671e+09, 0, 0.27, 3.332, 0, -6025.31626, 3998.03961, 0, 1.4997007e+15, 0, 0, 2e+18, 1.09467504e+15
10.8515625, 0, 0, 5e+15, 0, 9.82365876e-22, 3.718e+18, 6.44e+20, 4.85, 4, 184.874797, 89.1893656, 1.25944174, 253590.281, 0, 3.65667568e+13, 1.31885346e+17, 7231.09651, -182.814825, -187.146592, 5e+15, 8.06189426e+24, -215276.267, 134030.444, 300.300807, 89.1893656, 114.012081, 1.28078819, 1.25944174, 5e+15, 7088.24435, 143.085712, 0.312275568, 7783.8849, -114.562096, -5910.75416, -6419.22642, 85.7265837, 3912.31302, 4402.54429, 0, 1.20170894e-08, 1.20170894e-08, 1.84692671e+09, 1.84692671e+09, 0, 0.27, 3.332, 0, -6025.31626, 3998.03961, 0, 1.4997007e+15, 0, 0, 2e+18, 1.09467504e+15
10.859375, 0, 0, 5e+15, 0, 9.80068035e-22, 3.718e+18, 6.44e+20, 4.85, 4, 185.033929, 95.1743857, 1.25944174, 240355.096, 0, 3.68131285e+13, 1.40219548e+17, 7300.30032, -182.973774, -187.307316, 5e+15, 8.11621451e+24, -198216.432, 135944.173, 300.293302, 95.1743857, 113.799174, 1.28078819, 1.25944174, 5e+15, 7158.15507, 142.219584, 0.308380045, 7896.50061, -112.538826, -5804.13416, -6350.06804, 86.9564419, 4189.41649, 4693.75733, 0, 1.2016663e-08, 1.2016663e-08, 1.76638269e+09, 1.76638269e+09, 0, 0.27, 3.332, 0, -5916.67299, 4276.37294, 0, 1.49969866e+15, 0, 0, 2e+18, 1.1427411e+15
10.859375, 0, 0, 1.5e+15, 0, 9.80068035e-22, 3.718e+18, 6.44e+20, 4.85, 4, 185.033929, 95.1743857, 1.25944174, 239069.373, 0, 3.68131285e+13, 1.40219548e+17, 7300.30032, -182.973774, -187.307316, 1.5e+15, 8.11621451e+24, -190593.675, 144319.84, 300.293302, 95.1743857, 113.799174, 1.28078819, 1.25944174, 1.5e+15, 7158.15507, 142.219584, 0.308380045, 7896.50061, -112.538826, -5804.13416, -6350.06804, 86.9564419, 4189.41649, 4693.75733, 0, 1.2016663e-08, 1.2016663e-08, 1.76638269e+09, 1.76638269e+09, 0, 0.27, 3.332, 0, -5916.67299, 4276.37294, 0, 1.49969866e+15, 0, 0, 2e+18, 1.1427411e+15
10.8671875, 0, 0, 1.5e+15, 0, 9.77848662e-22, 3.718e+18, 6.44e+20, 4.85, 4, 185.179132, 101.723677, 1.25944174, 225710.637, 0, 3.7873661e+13, 1.50635842e+17, 7399.04054, -183.118235, -187.45438, 1.5e+15, 8.34902981e+24, -173350.541, 144550.62, 300.286038, 101.723677, 113.603751, 1.28078819, 1.25944174, 1.5e+15, 7256.96851, 142.078786, 0.30418675, 8045.21934, -110.337932, -5680.4845, -6272.57128, 89.5093408, 4516.15853, 5037.89677, 0, 1.20162502e-08, 1.20162502e-08, 1.68370192e+09, 1.68370192e+09, 0, 0.27, 3.332, 0, -5790.82243, 4605.66787, 0, 1.49968995e+15, 0, 0, 2e+18, 1.43598629e+15
10.8671875, 0, 0, 5e+15, 0, 9.77848662e-22, 3.718e+18, 6.44e+20, 4.85, 4, 185.179132, 101.723677, 1.25944174, 226360.37, 0, 3.7873661e+13, 1.50635842e+17, 7399.04054, -183.118235, -187.45438, 5e+15, 8.34902981e+24, -179777.762, 137546.259, 300.286038, 101.723677, 113.603751, 1.28078819, 1.25944174, 5e+15, 7256.96851, 142.078786, 0.30418675, 8045.21934, -110.337932, -5680.4845, -6272.57128, 89.5093408, 4516.15853, 5037.89677, 0, 1.20162502e-08, 1.20162502e-08, 1.68370192e+09, 1.68370192e+09, 0, 0.27, 3.332, 0, -5790.82243, 4605.66787, 0, 1.49968995e+15, 0, 0, 2e+18, 1.43598629e+15
10.875, 0, 0, 5e+15, 0, 9.75751386e-22, 3.718e+18, 6.44e+20, 4.85, 4, 185.309128, 108.170911, 1.25944174, 212009.399, 0, 4.03403317e+13, 1.64334504e+17, 7553.3139, -183.24659, -187.586635, 5e+15, 8.87159594e+24, -159847.258, 139272.536, 300.279158, 108.170911, 113.353571, 1.28078819, 1.25944174, 5e+15, 7410.21201, 143.105872, 0.299678682, 8256.69426, -107.677011, -5538.72225, -6188.12536, 94.2600232, 4922.78355, 5466.26972, 0, 1.20158593e-08, 1.20158593e-08, 1.60322794e+09, 1.60322794e+09, 0, 0.27, 3.332, 0, -5646.39926, 5017.04357, 0, 1.49966973e+15, 0, 0, 2e+18, 6.40769326e+15
10.875, 0, 0, 1.5e+15, 0, 9.75751386e-22, 3.718e+18, 6.44e+20, 4.85, 4, 185.309128, 108.170911, 1.25944174, 211480.647, 0, 4.03403317e+13, 1.64334504e+17, 7553.3139, -183.24659, -187.586635, 1.5e+15, 8.87159594e+24, -154736.481, 144155.075, 300.279158, 108.170911, 113.353571, 1.28078819, 1.25944174, 1.5e+15, 7410.21201, 143.105872, 0.299678682, 8256.69426, -107.677011, -5538.72225, -6188.12536, 94.2600232, 4922.78355, 5466.26972, 0, 1.20158593e-08, 1.20158593e-08, 1.60322794e+09, 1.60322794e+09, 0, 0.27, 3.332, 0, -5646.39926, 5017.04357, 0, 1.49966973e+15, 0, 0, 2e+18, 6.40769326e+15
10.8828125, 0, 0, 1.5e+15, 0, 9.73817692e-22, 3.718e+18, 6.44e+20, 4.85, 4, 185.422635, 112.883035, 1.25944174, 197537.653, 0, 4.39154381e+13, 1.83004436e+17, 7805.12796, -183.357893, -187.702932, 1.5e+15, 9.48891077e+24, -136146.744, 143126.477, 300.272802, 113.19889, 112.883035, 1.28078819, 1.25944174, 1.5e+15, 7659.74444, 145.41239, 0.294796909, 8562.7745, -104.188845, -5379.67718, -6087.21146, 101.436915, 5452.59188, 6022.20589, 0, 1.20154981e-08, 1.20154981e-08, 1.54120762e+09, 1.54120762e+09, 0, 0.27, 3.332, 0, -5483.86603, 5554.0288, 0, 1.49964044e+15, 0, 0, 2e+18, 4.26893696e+16
10.8828125, 0, 0, 5e+15, 0, 9.73817692e-22, 3.718e+18, 6.44e+20, 4.85, 4, 185.422635, 112.883035, 1.25944174, 199127.238, 0, 4.39154381e+13, 1.83004436e+17, 7805.12796, -183.357893, -187.702932, 5e+15, 9.48891077e+24, -139618.323, 141980.212, 300.272802, 113.19889, 112.883035, 1.28078819, 1.25944174, 5e+15, 7659.74444, 145.41239, 0.294796909, 8562.7745, -104.188845, -5379.67718, -6087.21146, 101.436915, 5452.59188, 6022.20589, 0, 1.20154981e-08, 1.20154981e-08, 1.54120762e+09, 1.54120762e+09, 0, 0.27, 3.332, 0, -5483.86603, 5554.0288, 0, 1.49964044e+15, 0, 0, 2e+18, 4.26893696e+16
10.890625, 0, 0, 5e+15, 0, 9.72074084e-22, 3.718e+18, 6.44e+20, 4.85, 4, 185.520885, 112.345537, 1.25944174, 189217.385, 0, 4.74711156e+13, 2.04728524e+17, 8126.04433, -183.454122, -187.804089, 5e+15, 9.97892626e+24, -121348.242, 145182.034, 300.26706, 115.710234, 112.345537, 1.28078819, 1.25944174, 5e+15, 7978.66335, 147.457414, 0.289481555, 8917.63594, -99.7013014, -5200.81636, -5944.38259, 108.643175, 6050.66758, 6647.4466, 0, 1.20151719e-08, 1.20151719e-08, 1.50380018e+09, 1.50380018e+09, 0, 0.27, 3.332, 0, -5300.51766, 6159.31075, 0, 1.49961131e+15, 0, 0, 2e+18, 9.83612079e+16
10.890625, 0, 0, 1.5e+15, 0, 9.72074084e-22, 3.718e+18, 6.44e+20, 4.85, 4, 185.520885, 112.345537, 1.25944174, 185892.624, 0, 4.74711156e+13, 2.04728524e+17, 8126.04433, -183.454122, -187.804089, 1.5e+15, 9.97892626e+24, -120449.294, 141591.085, 300.26706, 115.710234, 112.345537, 1.28078819, 1.25944174, 1.5e+15, 7978.66335, 147.457414, 0.289481555, 8917.63594, -99.7013014, -5200.81636, -5944.38259, 108.643175, 6050.66758, 6647.4466, 0, 1.20151719e-08, 1.20151719e-08, 1.50380018e+09, 1.50380018e+09, 0, 0.27, 3.332, 0, -5300.51766, 6159.31075, 0, 1.49961131e+15, 0, 0, 2e+18, 9.83612079e+16
10.8984375, 0, 0, 1.5e+15, 0, 9.70526362e-22, 3.718e+18, 6.44e+20, 4.85, 4, 185.606777, 112.25806, 1.25944174, 176035.248, 0, 5.16923201e+13, 2.25515584e+17, 8413.55414, -183.537804, -187.892488, 1.5e+15, 1.07178491e+25, -107450.718, 139437.268, 300.261955, 116.636475, 112.25806, 1.28078819, 1.25944174, 1.5e+15, 8265.91385, 147.772883, 0.283734512, 9222.09611, -94.0190264, -4981.81413, -5738.33013, 114.005472, 6595.97299, 7219.32296, 0, 1.20148818e-08, 1.20148818e-08, 1.46610689e+09, 1.46610689e+09, 0, 0.27, 3.332, 0, -5075.83316, 6709.97846, 0, 1.49957672e+15, 0, 0, 2e+18, 1.26082678e+17
10.8984375, 0, 0, 5e+15, 0, 9.70526362e-22, 3.718e+18, 6.44e+20, 4.85, 4, 185.606777, 112.25806, 1.25944174, 180286.685, 0, 5.16923201e+13, 2.25515584e+17, 8413.55414, -183.537804, -187.892488, 5e+15, 1.07178491e+25, -104952.552, 146588.712, 300.261955, 116.636475, 112.25806, 1.28078819, 1.25944174, 5e+15, 8265.91385, 147.772883, 0.283734512, 9222.09611, -94.0190264, -4981.81413, -5738.33013, 114.005472, 6595.97299, 7219.32296, 0, 1.20148818e-08, 1.20148818e-08, 1.46610689e+09, 1.46610689e+09, 0, 0.27, 3.332, 0, -5075.83316, 6709.97846, 0, 1.49957672e+15, 0, 0, 2e+18, 1.26082678e+17
10.90625, 0, 0, 5e+15, 0, 9.69175425e-22, 3.718e+18, 6.44e+20, 4.85, 4, 185.680666, 112.625634, 1.25944174, 170330.545, 0, 5.93082069e+13, 2.48894293e+17, 8709.30552, -183.608132, -187.968933, 5e+15, 1.21565463e+25, -88835.2832, 145329.925, 300.257492, 117.01313, 112.625634, 1.28078819, 1.25944174, 5e+15, 8562.69442, 146.803215, 0.277575089, 9527.43472, -86.8402874, -4702.3522, -5460.21048, 118.363627, 7155.94994, 7807.56773, 0, 1.20146282e-08, 1.20146282e-08, 1.42325283e+09, 1.42325283e+09, 0, 0.27, 3.332, 0, -4789.19249, 7274.31357, 0, 1.49951435e+15, 0, 0, 2e+18, 1.49295671e+17
10.90625, 0, 0, 1.5e+15, 0, 9.69175425e-22, 3.718e+18, 6.44e+20, 4.85, 4, 185.680666, 112.625634, 1.25944174, 166154.776, 0, 5.93082069e+13, 2.48894293e+17, 8709.30552, -183.608132, -187.968933, 1.5e+15, 1.21565463e+25, -94974.7574, 136334.901, 300.257492, 117.01313, 112.625634, 1.28078819, 1.25944174, 1.5e+15, 8562.69442, 146.803215, 0.277575089, 9527.43472, -86.8402874, -4702.3522, -5460.21048, 118.363627, 7155.94994, 7807.56773, 0, 1.20146282e-08, 1.20146282e-08, 1.42325283e+09, 1.42325283e+09, 0, 0.27, 3.332, 0, -4789.19249, 7274.31357, 0, 1.49951435e+15, 0, 0, 2e+18, 1.49295671e+17
10.9140625, 0, 0, 1.5e+15, 0, 9.68020049e-22, 3.718e+18, 6.44e+20, 4.85, 4, 185.742431, 113.277524, 1.25944174, 155857.97, 0, 9.36660827e+13, 2.77359401e+17, 9054.74862, -183.658069, -188.033503, 1.5e+15, 1.89035057e+25, -82561.1959, 132194.386, 300.253671, 117.148274, 113.277524, 1.28078819, 1.25944174, 1.5e+15, 8909.89712, 145.087286, 0.270982266, 9872.67334, -78.1546, -4360.34289, -5103.34134, 122.238206, 7770.04997, 8451.36593, 0, 1.20144111e-08, 1.20144111e-08, 1.38033331e+09, 1.38033331e+09, 0, 0.27, 3.332, 0, -4438.49749, 7892.28817, 0, 1.49923312e+15, 0, 0, 2e+18, 1.80406029e+17
10.9140625, 0, 0, 5e+15, 0, 9.68020049e-22, 3.718e+18, 6.44e+20, 4.85, 4, 185.742431, 113.277524, 1.25944174, 159463.986, 0, 9.36660827e+13, 2.77359401e+17, 9054.74862, -183.658069, -188.033503, 5e+15, 1.89035057e+25, -72917.7379, 141815.959, 300.253671, 117.148274, 113.277524, 1.28078819, 1.25944174, 5e+15, 8909.89712, 145.087286, 0.270982266, 9872.67334, -78.1546, -4360.34289, -5103.34134, 122.238206, 7770.04997, 8451.36593, 0, 1.20144111e-08, 1.20144111e-08, 1.38033331e+09, 1.38033331e+09, 0, 0.27, 3.332, 0, -4438.49749, 7892.28817, 0, 1.49923312e+15, 0, 0, 2e+18, 1.80406029e+17
10.921875, 0, 0, 5e+15, 0, 9.67053281e-22, 3.718e+18, 6.44e+20, 4.85, 4, 185.792429, 114.034853, 1.25944174, 148247.878, 0, 2.85769973e+14, 3.11984521e+17, 9465.52945, -183.679202, -188.086548, 5e+15, 5.64909198e+25, -57792.0161, 136519.288, 300.25047, 117.186272, 114.034853, 1.28078819, 1.25944174, 5e+15, 9323.67039, 142.151509, 0.263920246, 10267.9787, -68.6060676, -3962.94716, -4664.10483, 124.500036, 8439.54261, 9147.54132, 0, 1.20142292e-08, 1.20142292e-08, 1.34117098e+09, 1.34117098e+09, 0, 0.27, 3.332, 0, -4031.55323, 8564.04264, 0, 1.4976626e+15, 0, 0, 2e+18, 2.21305877e+17
10.921875, 0, 0, 1.5e+15, 0, 9.67053281e-22, 3.718e+18, 6.44e+20, 4.85, 4, 185.792429, 114.034853, 1.25944174, 145385.423, 0, 2.85769973e+14, 3.11984521e+17, 9465.52945, -183.679202, -188.086548, 1.5e+15, 5.64909198e+25, -70552.1874, 127119.275, 300.25047, 117.186272, 114.034853, 1.28078819, 1.25944174, 1.5e+15, 9323.67039, 142.151509, 0.263920246, 10267.9787, -68.6060676, -3962.94716, -4664.10483, 124.500036, 8439.54261, 9147.54132, 0, 1.20142292e-08, 1.20142292e-08, 1.34117098e+09, 1.34117098e+09, 0, 0.27, 3.332, 0, -4031.55323, 8564.04264, 0, 1.4976626e+15, 0, 0, 2e+18, 2.21305877e+17
10.9296875, 0, 0, 1.5e+15, 0, 9.66260032e-22, 3.718e+18, 6.44e+20, 4.85, 4, 185.831535, 114.7271, 1.25944174, 135073.073, 0, 1.05574636e+15, 3.53486706e+17, 9944.85027, -183.684492, -188.128888, 1.5e+15, 2.03142194e+26, -59403.4556, 121309.375, 300.247841, 117.194491, 114.7271, 1.28078819, 1.25944174, 1.5e+15, 9810.06729, 135.347222, 0.256358464, 10714.7354, -60.0288073, -3525.04811, -4151.50013, 121.307102, 9154.85969, 9877.78326, 0, 1.20140798e-08, 1.20140798e-08, 1.3077332e+09, 1.3077332e+09, 0, 0.27, 3.332, 0, -3585.07692, 9276.16679, 0, 1.49139994e+15, 0, 0, 2e+18, 2.7290906e+17
10.9296875, 0, 0, 5e+15, 0, 9.66260032e-22, 3.718e+18, 6.44e+20, 4.85, 4, 185.831535, 114.7271, 1.25944174, 137283.127, 0, 1.05574636e+15, 3.53486706e+17, 9944.85027, -183.684492, -188.128888, 5e+15, 2.03142194e+26, -44167.9128, 129984.047, 300.247841, 117.194491, 114.7271, 1.28078819, 1.25944174, 5e+15, 9810.06729, 135.347222, 0.256358464, 10714.7354, -60.0288073, -3525.04811, -4151.50013, 121.307102, 9154.85969, 9877.78326, 0, 1.20140798e-08, 1.20140798e-08, 1.3077332e+09, 1.3077332e+09, 0, 0.27, 3.332, 0, -3585.07692, 9276.16679, 0, 1.49139994e+15, 0, 0, 2e+18, 2.7290906e+17
10.9375, 0, 0, 5e+15, 0, 9.65616443e-22, 3.718e+18, 6.44e+20, 4.85, 4, 185.861141, 115.252474, 1.25944174, 127207.884, 0, 3.14520367e+15, 4.01643694e+17, 10470.7635, -183.685847, -188.161801, 5e+15, 5.85234341e+26, -32696.5842, 122934.043, 300.245707, 117.19584, 115.252474, 1.28078819, 1.25944174, 5e+15, 10352.4036, 120.234152, 0.248284674, 11195.6349, -55.4039047, -3070.01628, -3596.19937, 106.708288, 9886.72139, 10602.339, 0, 1.20139585e-08, 1.20139585e-08, 1.27872319e+09, 1.27872319e+09, 0, 0.27, 3.332, 0, -3125.42019, 9993.42968, 0, 1.47466115e+15, 0, 0, 2e+18, 3.33873491e+17
10.9375, 0, 0, 1.5e+15, 0, 9.65616443e-22, 3.718e+18, 6.44e+20, 4.85, 4, 185.861141, 115.252474, 1.25944174, 125237.751, 0, 3.14520367e+15, 4.01643694e+17, 10470.7635, -183.685847, -188.161801, 1.5e+15, 5.85234341e+26, -49525.9129, 115029.032, 300.245707, 117.19584, 115.252474, 1.28078819, 1.25944174, 1.5e+15, 10352.4036, 120.234152, 0.248284674, 11195.6349, -55.4039047, -3070.01628, -3596.19937, 106.708288, 9886.72139, 10602.339, 0, 1.20139585e-08, 1.20139585e-08, 1.27872319e+09, 1.27872319e+09, 0, 0.27, 3.332, 0, -3125.42019, 9993.42968, 0, 1.47466115e+15, 0, 0, 2e+18, 3.33873491e+17
10.9453125, 0, 0, 1.5e+15, 0, 9.65091866e-22, 3.718e+18, 6.44e+20, 4.85, 4, 185.883021, 115.602095, 1.25944174, 116112.362, 0, 7.18616529e+15, 4.54603587e+17, 10990.0886, -183.686338, -188.186888, 1.5e+15, 1.2868159e+27, -41154.7956, 108574.23, 300.243966, 117.19601, 115.602095, 1.28078819, 1.25944174, 1.5e+15, 10901.4088, 96.0559649, 0.23972078, 11665.8261, -57.3134264, -2625.22402, -3045.78462, 77.0838476, 10580.5913, 11261.2031, 0, 1.20138596e-08, 1.20138596e-08, 1.24934275e+09, 1.24934275e+09, 0, 0.27, 3.332, 0, -2682.53745, 10657.6751, 0, 1.44331345e+15, 0, 0, 2e+18, 3.99538431e+17
10.9453125, 0, 0, 5e+15, 0, 9.65091866e-22, 3.718e+18, 6.44e+20, 4.85, 4, 185.883021, 115.602095, 1.25944174, 118503.049, 0, 7.18616529e+15, 4.54603587e+17, 10990.0886, -183.686338, -188.186888, 5e+15, 1.2868159e+27, -23719.5408, 116104.935, 300.243966, 117.19601, 115.602095, 1.28078819, 1.25944174, 5e+15, 10901.4088, 96.0559649, 0.23972078, 11665.8261, -57.3134264, -2625.22402, -3045.78462, 77.0838476, 10580.5913, 11261.2031, 0, 1.20138596e-08, 1.20138596e-08, 1.24934275e+09, 1.24934275e+09, 0, 0.27, 3.332, 0, -2682.53745, 10657.6751, 0, 1.44331345e+15, 0, 0, 2e+18, 3.99538431e+17
10.953125, 0, 0, 5e+15, 0, 9.64653261e-22, 3.718e+18, 6.44e+20, 4.85, 4, 185.899027, 115.819032, 1.25944174, 111338.176, 0, 1.31990084e+16, 5.09189503e+17, 11438.2106, -183.686598, -188.205829, 5e+15, 2.27079659e+27, -17125.4743, 110013.215, 300.24251, 117.196028, 115.819032, 1.28078819, 1.25944174, 5e+15, 11391.2518, 74.7303303, 0.230731104, 12066.8122, -66.23895, -2213.61198, -2544.14157, 34.5980313, 11174.1013, 11795.5627, 0, 1.20137769e-08, 1.20137769e-08, 1.21414914e+09, 1.21414914e+09, 0, 0.27, 3.332, 0, -2279.85093, 11208.6993, 0, 1.39901824e+15, 0, 0, 2e+18, 4.64004826e+17
10.953125, 0, 0, 1.5e+15, 0, 9.64653261e-22, 3.718e+18, 6.44e+20, 4.85, 4, 185.899027, 115.819032, 1.25944174, 107813.46, 0, 1.31990084e+16, 5.09189503e+17, 11438.2106, -183.686598, -188.205829, 1.5e+15, 2.27079659e+27, -34267.0951, 102222.837, 300.24251, 117.196028, 115.819032, 1.28078819, 1.25944174, 1.5e+15, 11391.2518, 74.7303303, 0.230731104, 12066.8122, -66.23895, -2213.61198, -2544.14157, 34.5980313, 11174.1013, 11795.5627, 0, 1.20137769e-08, 1.20137769e-08, 1.21414914e+09, 1.21414914e+09, 0, 0.27, 3.332, 0, -2279.85093, 11208.6993, 0, 1.39901824e+15, 0, 0, 2e+18, 4.64004826e+17
10.9609375, 0, 0, 1.5e+15, 0, 9.64269763e-22, 3.718e+18, 6.44e+20, 4.85, 4, 185.910777, 115.951383, 1.25944174, 100367.109, 0, 2.06243954e+16, 5.62025715e+17, 11767.3666, -183.686781, -188.220136, 1.5e+15, 3.41399843e+27, -28640.2314, 96194.0424, 300.241236, 117.19603, 115.951383, 1.28078819, 1.25944174, 1.5e+15, 11769.0168, 82.0214865, 0.221414514, 12352.7435, -80.6784252, -1847.25479, -2113.80673, -14.7822855, 11623.1409, 12170.5421, 0, 1.20137045e-08, 1.20137045e-08, 1.17032019e+09, 1.17032019e+09, 0, 0.27, 3.332, 0, -1927.93322, 11608.3587, 0, 1.34786814e+15, 0, 0, 2e+18, 5.22851449e+17
10.9609375, 0, 0, 5e+15, 0, 9.64269763e-22, 3.718e+18, 6.44e+20, 4.85, 4, 185.910777, 115.951383, 1.25944174, 105610.362, 0, 2.06243954e+16, 5.62025715e+17, 11767.3666, -183.686781, -188.220136, 5e+15, 3.41399843e+27, -12466.1784, 104872.031, 300.241236, 117.19603, 115.951383, 1.28078819, 1.25944174, 5e+15, 11769.0168, 82.0214865, 0.221414514, 12352.7435, -80.6784252, -1847.25479, -2113.80673, -14.7822855, 11623.1409, 12170.5421, 0, 1.20137045e-08, 1.20137045e-08, 1.17032019e+09, 1.17032019e+09, 0, 0.27, 3.332, 0, -1927.93322, 11608.3587, 0, 1.34786814e+15, 0, 0, 2e+18, 5.22851449e+17
10.96875, 0, 0, 5e+15, 0, 9.63915339e-22, 3.718e+18, 6.44e+20, 4.85, 4, 185.919502, 116.0336, 1.25944174, 101083.019, 0, 2.87034049e+16, 6.10491199e+17, 11959.8465, -183.686933, -188.231002, 5e+15, 4.58755831e+27, -9199.92347, 100663.489, 300.240058, 117.19603, 116.0336, 1.28078819, 1.25944174, 5e+15, 12011.4259, 118.08504, 0.211885264, 12505.5569, -98.5180498, -1527.02629, -1755.19847, -65.102001, 11913.9642, 12381.7701, 0, 1.20136376e-08, 1.20136376e-08, 1.11852998e+09, 1.11852998e+09, 0, 0.27, 3.332, 0, -1625.54434, 11848.8622, 0, 1.29622738e+15, 0, 0, 2e+18, 5.73937238e+17
10.96875, 0, 0, 1.5e+15, 0, 9.63915339e-22, 3.718e+18, 6.44e+20, 4.85, 4, 185.919502, 116.0336, 1.25944174, 93754.573, 0, 2.87034049e+16, 6.10491199e+17, 11959.8465, -183.686933, -188.231002, 1.5e+15, 4.58755831e+27, -23985.0866, 90634.6269, 300.240058, 117.19603, 116.0336, 1.28078819, 1.25944174, 1.5e+15, 12011.4259, 118.08504, 0.211885264, 12505.5569, -98.5180498, -1527.02629, -1755.19847, -65.102001, 11913.9642, 12381.7701, 0, 1.20136376e-08, 1.20136376e-08, 1.11852998e+09, 1.11852998e+09, 0, 0.27, 3.332, 0, -1625.54434, 11848.8622, 0, 1.29622738e+15, 0, 0, 2e+18, 5.73937238e+17
10.9765625, 0, 0, 1.5e+15, 0, 9.63569191e-22, 3.718e+18, 6.44e+20, 4.85, 4, 185.926057, 116.086457, 1.25944174, 87941.9918, 0, 3.67531475e+16, 6.52972428e+17, 12022.9327, -183.687071, -188.239298, 1.5e+15, 5.69737623e+27, -20044.3774, 85627.1969, 300.238908, 117.19603, 116.086457, 1.28078819, 1.25944174, 1.5e+15, 12121.7542, 162.867402, 0.202253938, 12531.8582, -118.012268, -1246.64165, -1456.31878, -112.244801, 12057.4794, 12446.9517, 0, 1.20135722e-08, 1.20135722e-08, 1.06164937e+09, 1.06164937e+09, 0, 0.27, 3.332, 0, -1364.65392, 11945.2346, 0, 1.24849294e+15, 0, 0, 2e+18, 6.16738526e+17
10.9765625, 0, 0, 5e+15, 0, 9.63569191e-22, 3.718e+18, 6.44e+20, 4.85, 4, 185.926057, 116.086457, 1.25944174, 97502.3537, 0, 3.67531475e+16, 6.52972428e+17, 12022.9327, -183.687071, -188.239298, 5e+15, 5.69737623e+27, -6864.63382, 97260.4019, 300.238908, 117.19603, 116.086457, 1.28078819, 1.25944174, 5e+15, 12121.7542, 162.867402, 0.202253938, 12531.8582, -118.012268, -1246.64165, -1456.31878, -112.244801, 12057.4794, 12446.9517, 0, 1.20135722e-08, 1.20135722e-08, 1.06164937e+09, 1.06164937e+09, 0, 0.27, 3.332, 0, -1364.65392, 11945.2346, 0, 1.24849294e+15, 0, 0, 2e+18, 6.16738526e+17
10.984375, 0, 0, 5e+15, 0, 9.63214903e-22, 3.718e+18, 6.44e+20, 4.85, 4, 185.931006, 116.121716, 1.25944174, 94654.6931, 0, 4.42434092e+16, 6.88643001e+17, 11976.8709, -183.687203, -188.245626, 5e+15, 6.68490546e+27, -5129.37, 94515.6098, 300.23773, 117.19603, 116.121716, 1.28078819, 1.25944174, 5e+15, 12118.0174, 206.730957, 0.192615719, 12451.524, -137.958841, -997.338046, -1202.05096, -153.964433, 12076.9061, 12393.3661, 0, 1.20135053e-08, 1.20135053e-08, 1.00305107e+09, 1.00305107e+09, 0, 0.27, 3.332, 0, -1135.29689, 11922.9417, 0, 1.20706884e+15, 0, 0, 2e+18, 6.51499738e+17
10.984375, 0, 0, 1.5e+15, 0, 9.63214903e-22, 3.718e+18, 6.44e+20, 4.85, 4, 185.931006, 116.121716, 1.25944174, 82891.4268, 0, 4.42434092e+16, 6.88643001e+17, 11976.8709, -183.687203, -188.245626, 1.5e+15, 6.68490546e+27, -16626.032, 81206.919, 300.23773, 117.19603, 116.121716, 1.28078819, 1.25944174, 1.5e+15, 12118.0174, 206.730957, 0.192615719, 12451.524, -137.958841, -997.338046, -1202.05096, -153.964433, 12076.9061, 12393.3661, 0, 1.20135053e-08, 1.20135053e-08, 1.00305107e+09, 1.00305107e+09, 0, 0.27, 3.332, 0, -1135.29689, 11922.9417, 0, 1.20706884e+15, 0, 0, 2e+18, 6.51499738e+17
10.9921875, 0, 0, 1.5e+15, 0, 9.6283939e-22, 3.718e+18, 6.44e+20, 4.85, 4, 185.934717, 116.145992, 1.25944174, 78563.3549, 0, 5.07802824e+16, 7.17150354e+17, 11844.98, -183.687332, -188.250388, 1.5e+15, 7.51582839e+27, -13597.6515, 77377.6751, 300.236481, 117.19603, 116.145992, 1.28078819, 1.25944174, 1.5e+15, 12022.6658, 246.321447, 0.183046489, 12287.7583, -157.502122, -771.023827, -979.140734, -189.386739, 11997.9171, 12248.6851, 0, 1.20134343e-08, 1.20134343e-08, 945567047, 945567047, 0, 0.27, 3.332, 0, -928.525949, 11808.5304, 0, 1.17305489e+15, 0, 0, 2e+18, 6.78710311e+17
10.9921875, 0, 0, 5e+15, 0, 9.6283939e-22, 3.718e+18, 6.44e+20, 4.85, 4, 185.934717, 116.145992, 1.25944174, 92379.7624, 0, 5.07802824e+16, 7.17150354e+17, 11844.98, -183.687332, -188.250388, 5e+15, 7.51582839e+27, -3777.21848, 92302.5088, 300.236481, 117.19603, 116.145992, 1.28078819, 1.25944174, 5e+15, 12022.6658, 246.321447, 0.183046489, 12287.7583, -157.502122, -771.023827, -979.140734, -189.386739, 11997.9171, 12248.6851, 0, 1.20134343e-08, 1.20134343e-08, 945567047, 945567047, 0, 0.27, 3.332, 0, -928.525949, 11808.5304, 0, 1.17305489e+15, 0, 0, 2e+18, 6.78710311e+17
11, 0, 0, 5e+15, 0, 9.62432186e-22, 3.718e+18, 6.44e+20, 4.85, 4, 185.937428, 116.163091, 1.25944174, 90562.7614, 0, 5.60780591e+16, 7.38387686e+17, 11647.5113, -183.687462, -188.253855, 5e+15, 8.17063269e+27, -2649.52091, 90523.9956, 300.235126, 117.19603, 116.163091, 1.28078819, 1.25944174, 5e+15, 11856.127, 281.25426, 0.173061416, 12060.7495, -177.032424, -549.012664, -765.735973, -218.548575, 11843.4089, 12036.4167, 0, 1.20133573e-08, 1.20133573e-08, 891065621, 891065621, 0, 0.27, 3.332, 0, -726.045088, 11624.8603, 0, 1.14683276e+15, 0, 0, 2e+18, 6.98878752e+17
11, 0, 0, 1.5e+15, 0, 9.62432186e-22, 3.718e+18, 6.44e+20, 4.85, 4, 185.937428, 116.163091, 1.25944174, 74790.8983, 0, 5.60780591e+16, 7.38387686e+17, 11647.5113, -183.687462, -188.253855, 1.5e+15, 8.17063269e+27, -10726.6114, 74017.6889, 300.235126, 117.19603, 116.163091, 1.28078819, 1.25944174, 1.5e+15, 11856.127, 281.25426, 0.173061416, 12060.7495, -177.032424, -549.012664, -765.735973, -218.548575, 11843.4089, 12036.4167, 0, 1.20133573e-08, 1.20133573e-08, 891065621, 891065621, 0, 0.27, 3.332, 0, -726.045088, 11624.8603, 0, 1.14683276e+15, 0, 0, 2e+18, 6.98878752e+17
11.0087891, 0, 0, 1.5e+15, 0, 9.61926565e-22, 3.718e+18, 6.44e+20, 4.85, 4, 185.93947, 116.176516, 1.25944174, 71485.9375, 0, 6.03096082e+16, 7.53644506e+17, 11370.184, -183.687611, -188.256427, 1.5e+15, 8.68364848e+27, -7969.30773, 71040.3364, 300.233443, 117.19603, 116.176516, 1.28078819, 1.25944174, 1.5e+15, 11607.5727, 312.769403, 0.163295756, 11753.099, -194.417625, -341.619541, -568.806154, -245.003034, 11602.5445, 11739.3269, 0, 1.20132617e-08, 1.20132617e-08, 834966484, 834966484, 0, 0.27, 3.332, 0, -536.037166, 11357.5415, 0, 1.12669487e+15, 0, 0, 2e+18, 7.13656013e+17
11.0087891, 0, 0, 5e+15, 0, 9.61926565e-22, 3.718e+18, 6.44e+20, 4.85, 4, 185.93947, 116.176516, 1.25944174, 89030.2857, 0, 6.03096082e+16, 7.53644506e+17, 11370.184, -183.687611, -188.256427, 5e+15, 8.68364848e+27, -1630.90967, 89015.3465, 300.233443, 117.19603, 116.176516, 1.28078819, 1.25944174, 5e+15, 11607.5727, 312.769403, 0.163295756, 11753.099, -194.417625, -341.619541, -568.806154, -245.003034, 11602.5445, 11739.3269, 0, 1.20132617e-08, 1.20132617e-08, 834966484, 834966484, 0, 0.27, 3.332, 0, -536.037166, 11357.5415, 0, 1.12669487e+15, 0, 0, 2e+18, 7.13656013e+17
11.0175781, 0, 0, 5e+15, 0, 9.61362524e-22, 3.718e+18, 6.44e+20, 4.85, 4, 185.940587, 116.185657, 1.25944174, 87820.4459, 0, 6.25810548e+16, 7.59926237e+17, 11048.718, -183.687764, -188.25776, 5e+15, 8.95748115e+27, -700.024039, 87817.6559, 300.231564, 117.19603, 116.185657, 1.28078819, 1.25944174, 5e+15, 11309.7719, 338.341322, 0.153242676, 11404.1783, -209.554445, -135.659756, -373.388994, -265.634683, 11308.9583, 11398.064, 0, 1.2013155e-08, 1.2013155e-08, 784690086, 784690086, 0, 0.27, 3.332, 0, -345.214201, 11043.3236, 0, 1.11616375e+15, 0, 0, 2e+18, 7.20606539e+17
11.0175781, 0, 0, 1.5e+15, 0, 9.61362524e-22, 3.718e+18, 6.44e+20, 4.85, 4, 185.940587, 116.185657, 1.25944174, 68929.51, 0, 6.25810548e+16, 7.59926237e+17, 11048.718, -183.687764, -188.25776, 1.5e+15, 8.95748115e+27, -5426.0409, 68715.6127, 300.231564, 117.19603, 116.185657, 1.28078819, 1.25944174, 1.5e+15, 11309.7719, 338.341322, 0.153242676, 11404.1783, -209.554445, -135.659756, -373.388994, -265.634683, 11308.9583, 11398.064, 0, 1.2013155e-08, 1.2013155e-08, 784690086, 784690086, 0, 0.27, 3.332, 0, -345.214201, 11043.3236, 0, 1.11616375e+15, 0, 0, 2e+18, 7.20606539e+17
11.0263672, 0, 0, 1.5e+15, 0, 9.60736114e-22, 3.718e+18, 6.44e+20, 4.85, 4, 185.940872, 116.191708, 1.25944174, 67069.5615, 0, 6.28784942e+16, 7.57542857e+17, 10696.1536, -183.687925, -188.257965, 1.5e+15, 8.99792632e+27, -3075.21841, 66999.0233, 300.229476, 117.19603, 116.191708, 1.28078819, 1.25944174, 1.5e+15, 10976.2766, 357.256563, 0.143476312, 11026.9458, -220.325594, 56.7347244, -188.947167, -281.22746, 10976.1299, 11025.3269, 0, 1.20130363e-08, 1.20130363e-08, 740330404, 740330404, 0, 0.27, 3.332, 0, -163.59087, 10694.9025, 0, 1.1147922e+15, 0, 0, 2e+18, 7.20162724e+17
11.0263672, 0, 0, 5e+15, 0, 9.60736114e-22, 3.718e+18, 6.44e+20, 4.85, 4, 185.940872, 116.191708, 1.25944174, 86950.9386, 0, 6.28784942e+16, 7.57542857e+17, 10696.1536, -183.687925, -188.257965, 5e+15, 8.99792632e+27, 148.927298, 86950.8111, 300.229476, 117.19603, 116.191708, 1.28078819, 1.25944174, 5e+15, 10976.2766, 357.256563, 0.143476312, 11026.9458, -220.325594, 56.7347244, -188.947167, -281.22746, 10976.1299, 11025.3269, 0, 1.20130363e-08, 1.20130363e-08, 740330404, 740330404, 0, 0.27, 3.332, 0, -163.59087, 10694.9025, 0, 1.1147922e+15, 0, 0, 2e+18, 7.20162724e+17
11.0351563, 0, 0, 5e+15, 0, 9.60047728e-22, 3.718e+18, 6.44e+20, 4.85, 4, 185.940386, 116.195439, 1.25944174, 86373.506, 0, 6.13160053e+16, 7.46917472e+17, 10320.93, -183.688093, -188.257116, 5e+15, 8.81958649e+27, 945.886275, 86368.3266, 300.22718, 117.19603, 116.195439, 1.28078819, 1.25944174, 5e+15, 10615.1686, 368.900011, 0.134019296, 10629.6842, -225.897483, 234.756975, -14.8007486, -291.646268, 10612.5724, 10629.6739, 0, 1.20129059e-08, 1.20129059e-08, 701505833, 701505833, 0, 0.27, 3.332, 0, 8.85949271, 10320.9262, 0, 1.12198554e+15, 0, 0, 2e+18, 7.12712078e+17
11.0351563, 0, 0, 1.5e+15, 0, 9.60047728e-22, 3.718e+18, 6.44e+20, 4.85, 4, 185.940386, 116.195439, 1.25944174, 65853.223, 0, 6.13160053e+16, 7.46917472e+17, 10320.93, -183.688093, -188.257116, 1.5e+15, 8.81958649e+27, -884.089729, 65847.2882, 300.22718, 117.19603, 116.195439, 1.28078819, 1.25944174, 1.5e+15, 10615.1686, 368.900011, 0.134019296, 10629.6842, -225.897483, 234.756975, -14.8007486, -291.646268, 10612.5724, 10629.6739, 0, 1.20129059e-08, 1.20129059e-08, 701505833, 701505833, 0, 0.27, 3.332, 0, 8.85949271, 10320.9262, 0, 1.12198554e+15, 0, 0, 2e+18, 7.12712078e+17
11.0439454, 0, 0, 1.5e+15, 0, 9.59302099e-22, 3.718e+18, 6.44e+20, 4.85, 4, 185.939171, 116.197377, 1.25944174, 65229.54, 0, 5.81190655e+16, 7.28595607e+17, 9928.69172, -183.68827, -188.25526, 1.5e+15, 8.44502057e+27, 1170.55521, 65219.0362, 300.224692, 117.19603, 116.197377, 1.28078819, 1.25944174, 1.5e+15, 10230.7773, 372.175008, 0.124888503, 10217.8778, -225.79247, 396.913378, 148.437355, -295.858069, 10223.075, 10216.7995, 0, 1.20127645e-08, 1.20127645e-08, 667613276, 667613276, 0, 0.27, 3.332, 0, 171.120908, 9927.21698, 0, 1.13699891e+15, 0, 0, 2e+18, 6.98623452e+17
11.0439454, 0, 0, 5e+15, 0, 9.59302099e-22, 3.718e+18, 6.44e+20, 4.85, 4, 185.939171, 116.197377, 1.25944174, 86045.6444, 0, 5.81190655e+16, 7.28595607e+17, 9928.69172, -183.68827, -188.25526, 5e+15, 8.44502057e+27, 1711.25003, 86028.6263, 300.224692, 117.19603, 116.197377, 1.28078819, 1.25944174, 5e+15, 10230.7773, 372.175008, 0.124888503, 10217.8778, -225.79247, 396.913378, 148.437355, -295.858069, 10223.075, 10216.7995, 0, 1.20127645e-08, 1.20127645e-08, 667613276, 667613276, 0, 0.27, 3.332, 0, 171.120908, 9927.21698, 0, 1.13699891e+15, 0, 0, 2e+18, 6.98623452e+17
11.0527344, 0, 0, 5e+15, 0, 9.58508065e-22, 3.718e+18, 6.44e+20, 4.85, 4, 185.937254, 116.197918, 1.25944174, 85926.5262, 0, 5.35989383e+16, 7.03242224e+17, 9522.55665, -183.688457, -188.252427, 5e+15, 7.90360816e+27, 2459.85893, 85891.3092, 300.222039, 117.19603, 116.197918, 1.28078819, 1.25944174, 5e+15, 9824.59555, 366.030134, 0.116096829, 9794.49907, -220.004989, 541.488957, 299.31167, -292.533526, 9809.66194, 9789.92465, 0, 1.20126138e-08, 1.20126138e-08, 637891123, 637891123, 0, 0.27, 3.332, 0, 321.483968, 9517.12841, 0, 1.15891335e+15, 0, 0, 2e+18, 6.78276655e+17
11.0527344, 0, 0, 1.5e+15, 0, 9.58508065e-22, 3.718e+18, 6.44e+20, 4.85, 4, 185.937254, 116.197918, 1.25944174, 65148.3208, 0, 5.35989383e+16, 7.03242224e+17, 9522.55665, -183.688457, -188.252427, 1.5e+15, 7.90360816e+27, 3104.02719, 65074.3322, 300.222039, 117.19603, 116.197918, 1.28078819, 1.25944174, 1.5e+15, 9824.59555, 366.030134, 0.116096829, 9794.49907, -220.004989, 541.488957, 299.31167, -292.533526, 9809.66194, 9789.92465, 0, 1.20126138e-08, 1.20126138e-08, 637891123, 637891123, 0, 0.27, 3.332, 0, 321.483968, 9517.12841, 0, 1.15891335e+15, 0, 0, 2e+18, 6.78276655e+17
11.0615234, 0, 0, 1.5e+15, 0, 9.57678055e-22, 3.718e+18, 6.44e+20, 4.85, 4, 185.934649, 116.197394, 1.25944174, 65558.7783, 0, 4.81201117e+16, 6.71630511e+17, 9103.02419, -183.688654, -188.248635, 1.5e+15, 7.23000137e+27, 4925.20927, 65373.5094, 300.219265, 117.19603, 116.197394, 1.28078819, 1.25944174, 1.5e+15, 9396.07023, 350.104441, 0.107655393, 9359.92635, -209.005691, 666.876651, 435.907476, -280.873176, 9372.3749, 9349.77037, 0, 1.20124561e-08, 1.20124561e-08, 611430632, 611430632, 0, 0.27, 3.332, 0, 457.870961, 9091.50173, 0, 1.186612e+15, 0, 0, 2e+18, 6.52088499e+17
11.0615234, 0, 0, 5e+15, 0, 9.57678055e-22, 3.718e+18, 6.44e+20, 4.85, 4, 185.934649, 116.197394, 1.25944174, 85974.2869, 0, 4.81201117e+16, 6.71630511e+17, 9103.02419, -183.688654, -188.248635, 5e+15, 7.23000137e+27, 3203.52074, 85914.5824, 300.219265, 117.19603, 116.197394, 1.28078819, 1.25944174, 5e+15, 9396.07023, 350.104441, 0.107655393, 9359.92635, -209.005691, 666.876651, 435.907476, -280.873176, 9372.3749, 9349.77037, 0, 1.20124561e-08, 1.20124561e-08, 611430632, 611430632, 0, 0.27, 3.332, 0, 457.870961, 9091.50173, 0, 1.186612e+15, 0, 0, 2e+18, 6.52088499e+17
11.0703125, 0, 0, 5e+15, 0, 9.56827459e-22, 3.718e+18, 6.44e+20, 4.85, 4, 185.931366, 116.196129, 1.25944174, 86144.2954, 0, 4.20651512e+16, 6.34625919e+17, 8668.15078, -183.688863, -188.243887, 5e+15, 6.46222652e+27, 3952.76018, 86053.5608, 300.216419, 117.19603, 116.196129, 1.28078819, 1.25944174, 5e+15, 8943.38436, 325.12544, 0.0995754035, 8912.12312, -193.639251, 771.829142, 556.236663, -261.171194, 8910.01704, 8894.74785, 0, 1.20122944e-08, 1.20122944e-08, 587187286, 587187286, 0, 0.27, 3.332, 0, 578.189891, 8648.84584, 0, 1.21877231e+15, 0, 0, 2e+18, 6.20534565e+17
11.0703125, 0, 0, 1.5e+15, 0, 9.56827459e-22, 3.718e+18, 6.44e+20, 4.85, 4, 185.931366, 116.196129, 1.25944174, 66408.2953, 0, 4.20651512e+16, 6.34625919e+17, 8668.15078, -183.688863, -188.243887, 1.5e+15, 6.46222652e+27, 6637.96308, 66075.7075, 300.216419, 117.19603, 116.196129, 1.28078819, 1.25944174, 1.5e+15, 8943.38436, 325.12544, 0.0995754035, 8912.12312, -193.639251, 771.829142, 556.236663, -261.171194, 8910.01704, 8894.74785, 0, 1.20122944e-08, 1.20122944e-08, 587187286, 587187286, 0, 0.27, 3.332, 0, 578.189891, 8648.84584, 0, 1.21877231e+15, 0, 0, 2e+18, 6.20534565e+17
11.0791016, 0, 0, 1.5e+15, 0, 9.55973933e-22, 3.718e+18, 6.44e+20, 4.85, 4, 185.927403, 116.194473, 1.25944174, 67641.2574, 0, 3.58012565e+16, 5.93166147e+17, 8214.25567, -183.689085, -188.238177, 1.5e+15, 5.63951585e+27, 8242.27043, 67137.2079, 300.21356, 117.19603, 116.194473, 1.28078819, 1.25944174, 1.5e+15, 8464.22311, 292.869108, 0.091869725, 8447.34455, -174.967822, 855.655867, 658.606241, -234.85863, 8420.86254, 8421.63095, 0, 1.2012132e-08, 1.2012132e-08, 564015524, 564015524, 0, 0.27, 3.332, 0, 680.688046, 8186.00391, 0, 1.25389049e+15, 0, 0, 2e+18, 5.84163706e+17
11.0791016, 0, 0, 5e+15, 0, 9.55973933e-22, 3.718e+18, 6.44e+20, 4.85, 4, 185.927403, 116.194473, 1.25944174, 86388.2702, 0, 3.58012565e+16, 5.93166147e+17, 8214.25567, -183.689085, -188.238177, 5e+15, 5.63951585e+27, 4718.31324, 86259.3226, 300.21356, 117.19603, 116.194473, 1.28078819, 1.25944174, 5e+15, 8464.22311, 292.869108, 0.091869725, 8447.34455, -174.967822, 855.655867, 658.606241, -234.85863, 8420.86254, 8421.63095, 0, 1.2012132e-08, 1.2012132e-08, 564015524, 564015524, 0, 0.27, 3.332, 0, 680.688046, 8186.00391, 0, 1.25389049e+15, 0, 0, 2e+18, 5.84163706e+17
11.0878906, 0, 0, 5e+15, 0, 9.55136642e-22, 3.718e+18, 6.44e+20, 4.85, 4, 185.92275, 116.192823, 1.25944174, 86654.2764, 0, 2.96519511e+16, 5.48235146e+17, 7737.01328, -183.689321, -188.231487, 5e+15, 4.79995461e+27, 5512.87665, 86478.7362, 300.210754, 117.19603, 116.192823, 1.28078819, 1.25944174, 5e+15, 7956.47096, 255.766991, 0.0845537178, 7961.22899, -154.120447, 918.388605, 741.936005, -204.116735, 7903.28998, 7926.58173, 0, 1.20119726e-08, 1.20119726e-08, 540727034, 540727034, 0, 0.27, 3.332, 0, 764.268158, 7699.17324, 0, 1.29035068e+15, 0, 0, 2e+18, 5.43599367e+17
11.0878906, 0, 0, 1.5e+15, 0, 9.55136642e-22, 3.718e+18, 6.44e+20, 4.85, 4, 185.92275, 116.192823, 1.25944174, 69197.5628, 0, 2.96519511e+16, 5.48235146e+17, 7737.01328, -183.689321, -188.231487, 1.5e+15, 4.79995461e+27, 9734.60257, 68509.4169, 300.210754, 117.19603, 116.192823, 1.28078819, 1.25944174, 1.5e+15, 7956.47096, 255.766991, 0.0845537178, 7961.22899, -154.120447, 918.388605, 741.936005, -204.116735, 7903.28998, 7926.58173, 0, 1.20119726e-08, 1.20119726e-08, 540727034, 540727034, 0, 0.27, 3.332, 0, 764.268158, 7699.17324, 0, 1.29035068e+15, 0, 0, 2e+18, 5.43599367e+17
11.0966797, 0, 0, 1.5e+15, 0, 9.54335529e-22, 3.718e+18, 6.44e+20, 4.85, 4, 185.917384, 116.191629, 1.25944174, 71012.9268, 0, 2.38768487e+16, 5.00832909e+17, 7232.58457, -183.689572, -188.223784, 1.5e+15, 3.97815175e+27, 11117.816, 70137.2222, 300.208067, 117.19603, 116.191629, 1.28078819, 1.25944174, 1.5e+15, 7418.78776, 216.406287, 0.0776453894, 7449.9297, -132.184284, 960.937374, 806.009948, -171.34467, 7356.29059, 7406.20014, 0, 1.20118199e-08, 1.20118199e-08, 516158527, 516158527, 0, 0.27, 3.332, 0, 828.75309, 7184.94592, 0, 1.32653749e+15, 0, 0, 2e+18, 4.99524026e+17
11.0966797, 0, 0, 5e+15, 0, 9.54335529e-22, 3.718e+18, 6.44e+20, 4.85, 4, 185.917384, 116.191629, 1.25944174, 86887.745, 0, 2.38768487e+16, 5.00832909e+17, 7232.58457, -183.689572, -188.223784, 5e+15, 3.97815175e+27, 6353.83339, 86655.1155, 300.208067, 117.19603, 116.191629, 1.28078819, 1.25944174, 5e+15, 7418.78776, 216.406287, 0.0776453894, 7449.9297, -132.184284, 960.937374, 806.009948, -171.34467, 7356.29059, 7406.20014, 0, 1.20118199e-08, 1.20118199e-08, 516158527, 516158527, 0, 0.27, 3.332, 0, 828.75309, 7184.94592, 0, 1.32653749e+15, 0, 0, 2e+18, 4.99524026e+17
11.1054688, 0, 0, 5e+15, 0, 9.53590739e-22, 3.718e+18, 6.44e+20, 4.85, 4, 185.911265, 116.191362, 1.25944174, 87033.9514, 0, 1.86614085e+16, 4.51951936e+17, 6698.92021, -183.68984, -188.215009, 5e+15, 3.20324129e+27, 7267.90421, 86729.9617, 300.205566, 117.19603, 116.191362, 1.28078819, 1.25944174, 5e+15, 6851.46138, 177.141146, 0.0711641646, 6911.38933, -110.141039, 985.220302, 851.650329, -138.736935, 6780.25545, 6858.71666, 0, 1.20116778e-08, 1.20116778e-08, 489289295, 489289295, 0, 0.27, 3.332, 0, 875.079263, 6641.51852, 0, 1.36097226e+15, 0, 0, 2e+18, 4.52652147e+17
11.1054688, 0, 0, 1.5e+15, 0, 9.53590739e-22, 3.718e+18, 6.44e+20, 4.85, 4, 185.911265, 116.191362, 1.25944174, 73028.1219, 0, 1.86614085e+16, 4.51951936e+17, 6698.92021, -183.68984, -188.215009, 1.5e+15, 3.20324129e+27, 12431.4307, 71962.2548, 300.205566, 117.19603, 116.191362, 1.28078819, 1.25944174, 1.5e+15, 6851.46138, 177.141146, 0.0711641646, 6911.38933, -110.141039, 985.220302, 851.650329, -138.736935, 6780.25545, 6858.71666, 0, 1.20116778e-08, 1.20116778e-08, 489289295, 489289295, 0, 0.27, 3.332, 0, 875.079263, 6641.51852, 0, 1.36097226e+15, 0, 0, 2e+18, 4.52652147e+17
11.1142579, 0, 0, 1.5e+15, 0, 9.52922002e-22, 3.718e+18, 6.44e+20, 4.85, 4, 185.904318, 116.192461, 1.25944174, 75209.2213, 0, 1.41156817e+16, 4.02562426e+17, 6137.50948, -183.690125, -188.20507, 1.5e+15, 2.49731728e+27, 13781.2788, 73935.8054, 300.20332, 117.19603, 116.192461, 1.28078819, 1.25944174, 1.5e+15, 6257.89674, 139.888899, 0.0651289923, 6346.98605, -88.847724, 994.106637, 880.727383, -108.050849, 6178.43213, 6285.5828, 0, 1.20115502e-08, 1.20115502e-08, 459469156, 459469156, 0, 0.27, 3.332, 0, 905.258913, 6070.38129, 0, 1.39244914e+15, 0, 0, 2e+18, 4.03710854e+17
11.1142579, 0, 0, 5e+15, 0, 9.52922002e-22, 3.718e+18, 6.44e+20, 4.85, 4, 185.904318, 116.192461, 1.25944174, 87042.7359, 0, 1.41156817e+16, 4.02562426e+17, 6137.50948, -183.690125, -188.20507, 5e+15, 2.49731728e+27, 8297.28704, 86646.3669, 300.20332, 117.19603, 116.192461, 1.28078819, 1.25944174, 5e+15, 6257.89674, 139.888899, 0.0651289923, 6346.98605, -88.847724, 994.106637, 880.727383, -108.050849, 6178.43213, 6285.5828, 0, 1.20115502e-08, 1.20115502e-08, 459469156, 459469156, 0, 0.27, 3.332, 0, 905.258913, 6070.38129, 0, 1.39244914e+15, 0, 0, 2e+18, 4.03710854e+17
11.1230469, 0, 0, 5e+15, 0, 9.52347999e-22, 3.718e+18, 6.44e+20, 4.85, 4, 185.896422, 116.195254, 1.25944174, 86873.5892, 0, 1.02840668e+16, 3.53597903e+17, 5554.72485, -183.69043, -188.193819, 5e+15, 1.87514909e+27, 9503.0789, 86352.2553, 300.20139, 117.19603, 116.195254, 1.28078819, 1.25944174, 5e+15, 5645.87787, 106.09084, 0.0595545656, 5762.74735, -69.0499402, 991.01218, 895.939758, -80.5442244, 5558.222, 5692.67502, 0, 1.20114406e-08, 1.20114406e-08, 426652351, 426652351, 0, 0.27, 3.332, 0, 921.96224, 5477.67777, 0, 1.42011353e+15, 0, 0, 2e+18, 3.53450723e+17
11.1230469, 0, 0, 1.5e+15, 0, 9.52347999e-22, 3.718e+18, 6.44e+20, 4.85, 4, 185.896422, 116.195254, 1.25944174, 77565.8354, 0, 1.02840668e+16, 3.53597903e+17, 5554.72485, -183.69043, -188.193819, 1.5e+15, 1.87514909e+27, 15327.6836, 76036.3132, 300.20139, 117.19603, 116.195254, 1.28078819, 1.25944174, 1.5e+15, 5645.87787, 106.09084, 0.0595545656, 5762.74735, -69.0499402, 991.01218, 895.939758, -80.5442244, 5558.222, 5692.67502, 0, 1.20114406e-08, 1.20114406e-08, 426652351, 426652351, 0, 0.27, 3.332, 0, 921.96224, 5477.67777, 0, 1.42011353e+15, 0, 0, 2e+18, 3.53450723e+17
11.1318359, 0, 0, 1.5e+15, 0, 9.51885477e-22, 3.718e+18, 6.44e+20, 4.85, 4, 185.887389, 116.200006, 1.25944174, 80143.8329, 0, 7.16391187e+15, 3.05833769e+17, 4959.91726, -183.690756, -188.181032, 1.5e+15, 1.34573784e+27, 17214.086, 78273.2981, 300.199834, 117.19603, 116.200006, 1.28078819, 1.25944174, 1.5e+15, 5025.7054, 76.756474, 0.0544478847, 5167.36312, -51.379623, 979.476824, 900.324366, -57.0235972, 4929.33463, 5088.32562, 0, 1.20113522e-08, 1.20113522e-08, 391307413, 391307413, 0, 0.27, 3.332, 0, 928.097202, 4872.31103, 0, 1.44345194e+15, 0, 0, 2e+18, 3.02365403e+17
11.1318359, 0, 0, 5e+15, 0, 9.51885477e-22, 3.718e+18, 6.44e+20, 4.85, 4, 185.887389, 116.200006, 1.25944174, 86491.7479, 0, 7.16391187e+15, 3.05833769e+17, 4959.91726, -183.690756, -188.181032, 5e+15, 1.34573784e+27, 10970.8909, 85793.1349, 300.199834, 117.19603, 116.200006, 1.28078819, 1.25944174, 5e+15, 5025.7054, 76.756474, 0.0544478847, 5167.36312, -51.379623, 979.476824, 900.324366, -57.0235972, 4929.33463, 5088.32562, 0, 1.20113522e-08, 1.20113522e-08, 391307413, 391307413, 0, 0.27, 3.332, 0, 928.097202, 4872.31103, 0, 1.44345194e+15, 0, 0, 2e+18, 3.02365403e+17
11.140625, 0, 0, 5e+15, 0, 9.51548302e-22, 3.718e+18, 6.44e+20, 4.85, 4, 185.876938, 116.206972, 1.25944174, 85862.9479, 0, 4.71984873e+15, 2.59781741e+17, 4361.38088, -183.691105, -188.16636, 5e+15, 9.13351275e+26, 12858.4646, 84894.6742, 300.1987, 117.19603, 116.206972, 1.28078819, 1.25944174, 5e+15, 4406.20262, 52.4644245, 0.049806489, 4568.10882, -36.2923672, 963.591285, 896.712475, -37.886408, 4299.54804, 4479.23262, 0, 1.20112877e-08, 1.20112877e-08, 354005567, 354005567, 0, 0.27, 3.332, 0, 927.298918, 4261.66163, 0, 1.46226666e+15, 0, 0, 2e+18, 2.49922327e+17
11.140625, 0, 0, 1.5e+15, 0, 9.51548302e-22, 3.718e+18, 6.44e+20, 4.85, 4, 185.876938, 116.206972, 1.25944174, 82984.9629, 0, 4.71984873e+15, 2.59781741e+17, 4361.38088, -183.691105, -188.16636, 1.5e+15, 9.13351275e+26, 19527.9718, 80654.5869, 300.1987, 117.19603, 116.206972, 1.28078819, 1.25944174, 1.5e+15, 4406.20262, 52.4644245, 0.049806489, 4568.10882, -36.2923672, 963.591285, 896.712475, -37.886408, 4299.54804, 4479.23262, 0, 1.20112877e-08, 1.20112877e-08, 354005567, 354005567, 0, 0.27, 3.332, 0, 927.298918, 4261.66163, 0, 1.46226666e+15, 0, 0, 2e+18, 2.49922327e+17
11.1494141, 0, 0, 1.5e+15, 0, 9.5134675e-22, 3.718e+18, 6.44e+20, 4.85, 4, 185.864573, 116.215752, 1.25944174, 86072.4273, 0, 2.88471024e+15, 2.16230534e+17, 3771.17148, -183.691481, -188.149248, 1.5e+15, 5.75107352e+26, 22350.0148, 83120.0312, 300.198021, 117.19603, 116.215752, 1.28078819, 1.25944174, 1.5e+15, 3799.51839, 33.3784863, 0.0456151423, 3975.86702, -24.085437, 948.088902, 887.749396, -23.1087662, 3679.32975, 3875.48959, 0, 1.20112492e-08, 1.20112492e-08, 315635230, 315635230, 0, 0.27, 3.332, 0, 924.003465, 3656.22099, 0, 1.47671388e+15, 0, 0, 2e+18, 1.95798999e+17
11.1494141, 0, 0, 5e+15, 0, 9.5134675e-22, 3.718e+18, 6.44e+20, 4.85, 4, 185.864573, 116.215752, 1.25944174, 85029.958, 0, 2.88471024e+15, 2.16230534e+17, 3771.17148, -183.691481, -188.149248, 5e+15, 5.75107352e+26, 15459.4519, 83612.7927, 300.198021, 117.19603, 116.215752, 1.28078819, 1.25944174, 5e+15, 3799.51839, 33.3784863, 0.0456151423, 3975.86702, -24.085437, 948.088902, 887.749396, -23.1087662, 3679.32975, 3875.48959, 0, 1.20112492e-08, 1.20112492e-08, 315635230, 315635230, 0, 0.27, 3.332, 0, 924.003465, 3656.22099, 0, 1.47671388e+15, 0, 0, 2e+18, 1.95798999e+17
11.1582031, 0, 0, 5e+15, 0, 9.51286828e-22, 3.718e+18, 6.44e+20, 4.85, 4, 185.849422, 116.224349, 1.25944174, 84436.1732, 0, 1.58054378e+15, 1.76593358e+17, 3205.96974, -183.691898, -188.128859, 5e+15, 3.23859933e+26, 19695.3054, 82107.0173, 300.19782, 117.196029, 116.224349, 1.28078819, 1.25944174, 5e+15, 3221.06946, 16.7376714, 0.0404555202, 3406.20317, -11.2361502, 924.164619, 865.672438, -12.4055863, 3085.64551, 3294.36356, 0, 1.20112377e-08, 1.20112377e-08, 279177635, 279177635, 0, 0.27, 3.332, 0, 912.928469, 3073.23992, 0, 1.48715281e+15, 0, 0, 2e+18, 1.44765936e+17
11.1582031, 0, 0, 1.5e+15, 0, 9.51286828e-22, 3.718e+18, 6.44e+20, 4.85, 4, 185.849422, 116.224349, 1.25944174, 90229.9586, 0, 1.58054378e+15, 1.76593358e+17, 3205.96974, -183.691898, -188.128859, 1.5e+15, 3.23859933e+26, 26740.299, 86176.5736, 300.19782, 117.196029, 116.224349, 1.28078819, 1.25944174, 1.5e+15, 3221.06946, 16.7376714, 0.0404555202, 3406.20317, -11.2361502, 924.164619, 865.672438, -12.4055863, 3085.64551, 3294.36356, 0, 1.20112377e-08, 1.20112377e-08, 279177635, 279177635, 0, 0.27, 3.332, 0, 912.928469, 3073.23992, 0, 1.48715281e+15, 0, 0, 2e+18, 1.44765936e+17
11.1757813, 0, 0, 1.5e+15, 0, 9.51590156e-22, 3.718e+18, 6.44e+20, 4.85, 4, 185.808105, 116.252269, 1.25944174, 96368.846, 0, 3.0651984e+14, 1.24373554e+17, 2469.58231, -183.693016, -188.078471, 1.5e+15, 6.49876256e+25, 33768.954, 90258.5853, 300.198841, 117.196025, 116.252269, 1.28078819, 1.25944174, 1.5e+15, 2474.68207, 5.30121989, 0.0338673639, 2654.94777, -3.27688996, 941.065247, 899.675194, -4.16712425, 2288.76551, 2497.86553, 0, 1.20112957e-08, 1.20112957e-08, 227336861, 227336861, 0, 0.27, 3.332, 0, 937.788357, 2284.59839, 0, 1.49749152e+15, 0, 0, 2e+18, 7.97620116e+16
11.1757813, 0, 0, 5e+15, 0, 9.51590156e-22, 3.718e+18, 6.44e+20, 4.85, 4, 185.808105, 116.252269, 1.25944174, 81923.4322, 0, 3.0651984e+14, 1.24373554e+17, 2469.58231, -183.693016, -188.078471, 5e+15, 6.49876256e+25, 28299.086, 76880.4948, 300.198841, 117.196025, 116.252269, 1.28078819, 1.25944174, 5e+15, 2474.68207, 5.30121989, 0.0338673639, 2654.94777, -3.27688996, 941.065247, 899.675194, -4.16712425, 2288.76551, 2497.86553, 0, 1.20112957e-08, 1.20112957e-08, 227336861, 227336861, 0, 0.27, 3.332, 0, 937.788357, 2284.59839, 0, 1.49749152e+15, 0, 0, 2e+18, 7.97620116e+16
11.2109375, 0, 0, 5e+15, 0, 9.53637533e-22, 3.718e+18, 6.44e+20, 4.85, 4, 185.683736, 116.251008, 1.25944174, 82539.0176, 0, 2.18479442e+12, 8.30318924e+16, 1705.53472, -183.696548, -187.943643, 5e+15, 4.6696884e+23, 34869.9883, 74811.5856, 300.205723, 117.195917, 116.251008, 1.28078819, 1.25944174, 5e+15, 1705.51418, 0.107114387, 0.0247631396, 1912.4439, -0.085934321, 736.846258, 809.100072, 0.0639436038, 1538.1275, 1732.85855, 0, 1.20116868e-08, 1.20116868e-08, 161294005, 161294005, 0, 0.27, 3.332, 0, 736.760324, 1538.19144, 0, 1.49998209e+15, 0, 0, 2e+18, 6.38734871e+16
11.2109375, 0, 0, 1.5e+15, 0, 9.53637533e-22, 3.718e+18, 6.44e+20, 4.85, 4, 185.683736, 116.251008, 1.25944174, 100414.189, 0, 2.18479442e+12, 8.30318924e+16, 1705.53472, -183.696548, -187.943643, 1.5e+15, 4.6696884e+23, 35548.8413, 93911.0705, 300.205723, 117.195917, 116.251008, 1.28078819, 1.25944174, 1.5e+15, 1705.51418, 0.107114387, 0.0247631396, 1912.4439, -0.085934321, 736.846258, 809.100072, 0.0639436038, 1538.1275, 1732.85855, 0, 1.20116868e-08, 1.20116868e-08, 161294005, 161294005, 0, 0.27, 3.332, 0, 736.760324, 1538.19144, 0, 1.49998209e+15, 0, 0, 2e+18, 6.38734871e+16
11.28125, 0, 0, 1.5e+15, 0, 9.59693203e-22, 3.718e+18, 6.44e+20, 4.85, 4, 185.444602, 116.141072, 1.25944174, 96424.0292, 0, 2.44333883e+09, 1.71181717e+16, 355.136742, -183.633263, -187.663636, 1.5e+15, 5.23920723e+20, -6328.15895, 96216.1516, 300.225997, 117.195946, 116.141072, 1.28078819, 1.25944174, 1.5e+15, 355.132611, 0.0056210868, 0.0189577137, 676.143697, -0.00095215071, 193.173168, 526.672177, 0.00553985792, 297.998823, 424.012639, 0, 1.20128387e-08, 1.20128387e-08, 35023519.6, 35023519.6, 0, 0.27, 3.332, 0, 193.172216, 298.004363, 0, 1.49999998e+15, 0, 0, 2e+18, 5.65915189e+16
11.28125, 0, 0, 5e+15, 0, 9.59693203e-22, 3.718e+18, 6.44e+20, 4.85, 4, 185.444602, 116.141072, 1.25944174, 86507.4694, 0, 2.44333883e+09, 1.71181717e+16, 355.136742, -183.633263, -187.663636, 5e+15, 5.23920723e+20, 5090.71229, 86357.5527, 300.225997, 117.195946, 116.141072, 1.28078819, 1.25944174, 5e+15, 355.132611, 0.00562108679, 0.0189577137, 676.143697, -0.00095215071, 193.173168, 526.672177, 0.00553985791, 297.998823, 424.012639, 0, 1.20128387e-08, 1.20128387e-08, 35023519.6, 35023519.6, 0, 0.27, 3.332, 0, 193.172216, 298.004363, 0, 1.49999998e+15, 0, 0, 2e+18, 5.65915189e+16
11.421875, 0, 0, 5e+15, 0, 9.58236255e-22, 3.718e+18, 6.44e+20, 4.85, 4, 186.10085, 115.660914, 1.25944174, 132931.178, 0, 1.61395243e+09, 25641741, 0.0061981121, -184.300229, -187.794208, 5e+15, 3.48445952e+20, -80644.5235, 105674.78, 300.221131, 117.195122, 115.660914, 1.28078819, 1.25944174, 5e+15, 7.02646168e-07, 0.00619741281, 0.0182752316, 395.689487, -0.00405835621, -4.06091587e-07, 375.137864, 0.00468376668, 5.73411946e-07, 125.864026, 0, 1.20125622e-08, 1.20125622e-08, 924.723571, 924.723571, 0, 0.27, 3.332, 0, -0.00405876231, 0.00468434009, 0, 1.49999999e+15, 0, 0, 2e+18, 4.23694276e+16
11.421875, 0, 0, 1.5e+15, 0, 9.58236255e-22, 3.718e+18, 6.44e+20, 4.85, 4, 186.10085, 115.660914, 1.25944174, 144200.894, 0, 1.61395243e+09, 25641741, 0.0061981121, -184.300229, -187.794208, 1.5e+15, 3.48445952e+20, -92699.8436, 110456.493, 300.221131, 117.195122, 115.660914, 1.28078819, 1.25944174, 1.5e+15, 7.02646168e-07, 0.00619741281, 0.0182752316, 395.689487, -0.00405835621, -4.06091587e-07, 375.137864, 0.00468376668, 5.73411946e-07, 125.864026, 0, 1.20125622e-08, 1.20125622e-08, 924.723571, 924.723571, 0, 0.27, 3.332, 0, -0.00405876231, 0.00468434009, 0, 1.49999999e+15, 0, 0, 2e+18, 4.23694276e+16
11.5625, 0, 0, 1.5e+15, 0, 9.5301516e-22, 3.718e+18, 6.44e+20, 4.85, 4, 188.139488, 113.255691, 1.25944174, 218166.116, 0, 1.45965357e+09, 15080360, 0.00578643865, -186.341431, -189.819163, 1.5e+15, 3.1662505e+20, -183356.395, 118223.884, 300.203633, 113.255691, 115.314704, 1.28078819, 1.25944174, 1.5e+15, 6.31307701e-07, 0.0057858107, 0.0164202689, 340.167622, -0.00442145329, -5.21824617e-07, 285.566205, 0.00373180335, 3.55314625e-07, 184.840347, 0, 1.2011568e-08, 1.2011568e-08, 1259.44083, 1259.44083, 0, 0.27, 3.332, 0, -0.00442197511, 0.00373215867, 0, 1.49999999e+15, 0, 0, 2e+18, 3.32052652e+16
11.5625, 0, 0, 5e+15, 0, 9.5301516e-22, 3.718e+18, 6.44e+20, 4.85, 4, 188.139488, 113.255691, 1.25944174, 207276.825, 0, 1.45965357e+09, 15080360, 0.00578643865, -186.341431, -189.819163, 5e+15, 3.1662505e+20, -170978.049, 117175.89, 300.203633, 113.255691, 115.314704, 1.28078819, 1.25944174, 5e+15, 6.31307701e-07, 0.0057858107, 0.0164202689, 340.167622, -0.00442145329, -5.21824617e-07, 285.566205, 0.00373180335, 3.55314625e-07, 184.840347, 0, 1.2011568e-08, 1.2011568e-08, 1259.44083, 1259.44083, 0, 0.27, 3.332, 0, -0.00442197511, 0.00373215867, 0, 1.49999999e+15, 0, 0, 2e+18, 3.32052652e+16
11.703125, 0, 0, 5e+15, 0, 9.36443966e-22, 3.718e+18, 6.44e+20, 4.85, 4, 191.257748, 88.6412345, 1.25944174, 265025.464, 0, 1.25259226e+09, 13078116.9, 0.00657543572, -189.463537, -192.933898, 5e+15, 2.73039711e+20, -237111.272, 118392.321, 300.147467, 88.6412345, 115.410037, 1.28078819, 1.25944174, 5e+15, 8.82315088e-07, 0.00657455443, 0.0166810469, 272.415067, -0.0060775883, -8.3089947e-07, 255.473587, 0.00250752593, 2.96792831e-07, 94.5685731, 0, 1.2008377e-08, 1.2008377e-08, 1744.92025, 1744.92025, 0, 0.27, 3.332, 0, -0.0060784192, 0.00250782273, 0, 1.49999999e+15, 0, 0, 2e+18, 2.39188995e+16
11.703125, 0, 0, 1.5e+15, 0, 9.36443966e-22, 3.718e+18, 6.44e+20, 4.85, 4, 191.257748, 88.6412345, 1.25944174, 267525.324, 0, 1.25259226e+09, 13078116.9, 0.00657543572, -189.463537, -192.933898, 1.5e+15, 2.73039711e+20, -241409.472, 115287.753, 300.147467, 88.6412345, 115.410037, 1.28078819, 1.25944174, 1.5e+15, 8.82315088e-07, 0.00657455443, 0.0166810469, 272.415067, -0.0060775883, -8.3089947e-07, 255.473587, 0.00250752593, 2.96792831e-07, 94.5685731, 0, 1.2008377e-08, 1.2008377e-08, 1744.92025, 1744.92025, 0, 0.27, 3.332, 0, -0.0060784192, 0.00250782273, 0, 1.49999999e+15, 0, 0, 2e+18, 2.39188995e+16
11.84375, 0, 0, 1.5e+15, 0, 9.24277283e-22, 3.718e+18, 6.44e+20, 4.85, 4, 195.028597, 74.2599001, 1.25944174, 315123.623, 0, 1.12559191e+09, 12095806.7, 0.0047053765, -193.237066, -196.702847, 1.5e+15, 2.45803714e+20, -290206.792, 122812.524, 300.105607, 74.2599001, 114.837921, 1.28078819, 1.25944174, 1.5e+15, 7.60094047e-07, 0.0047046347, 0.0154148365, 255.210143, -0.00379920901, -6.96815321e-07, 185.301723, 0.00277481504, 3.03630317e-07, 175.486434, 0, 1.20059989e-08, 1.20059989e-08, 1440.03017, 1440.03017, 0, 0.27, 3.332, 0, -0.00379990583, 0.00277511867, 0, 1.49999999e+15, 0, 0, 2e+18, 2.05690955e+16
11.84375, 0, 0, 5e+15, 0, 9.24277283e-22, 3.718e+18, 6.44e+20, 4.85, 4, 195.028597, 74.2599001, 1.25944174, 309113.197, 0, 1.12559191e+09, 12095806.7, 0.0047053765, -193.237066, -196.702847, 5e+15, 2.45803714e+20, -283360.518, 123522.409, 300.105607, 74.2599001, 114.837921, 1.28078819, 1.25944174, 5e+15, 7.60094047e-07, 0.0047046347, 0.0154148365, 255.210143, -0.00379920901, -6.96815321e-07, 185.301723, 0.00277481504, 3.03630317e-07, 175.486434, 0, 1.20059989e-08, 1.20059989e-08, 1440.03017, 1440.03017, 0, 0.27, 3.332, 0, -0.00379990583, 0.00277511867, 0, 1.49999999e+15, 0, 0, 2e+18, 2.05690955e+16
11.984375, 0, 0, 5e+15, 0, 9.18265673e-22, 3.718e+18, 6.44e+20, 4.85, 4, 199.419814, 63.9582694, 1.25944174, 346427.2, 0, 874253094, 11362875, 0.00428208009, -197.634776, -201.092507, 5e+15, 1.91340356e+20, -322359.215, 126871.357, 300.084725, 63.9582694, 114.77561, 1.28078819, 1.25944174, 5e+15, 8.71925842e-07, 0.00428121054, 0.0158165665, 209.208637, -0.00398992604, -8.33710208e-07, 160.170681, 0.00155217714, 2.55307584e-07, 134.5868, 0, 1.20048126e-08, 1.20048126e-08, 1480.78516, 1480.78516, 0, 0.27, 3.332, 0, -0.00399075975, 0.00155243245, 0, 1.49999999e+15, 0, 0, 2e+18, 1.63085697e+16
11.984375, 0, 0, 1.5e+15, 0, 9.18265673e-22, 3.718e+18, 6.44e+20, 4.85, 4, 199.419814, 63.9582694, 1.25944174, 348586.566, 0, 874253094, 11362875, 0.00428208009, -197.634776, -201.092507, 1.5e+15, 1.91340356e+20, -327072.437, 120566.225, 300.084725, 63.9582694, 114.77561, 1.28078819, 1.25944174, 1.5e+15, 8.71925842e-07, 0.00428121054, 0.0158165665, 209.208637, -0.00398992604, -8.33710208e-07, 160.170681, 0.00155217714, 2.55307584e-07, 134.5868, 0, 1.20048126e-08, 1.20048126e-08, 1480.78516, 1480.78516, 0, 0.27, 3.332, 0, -0.00399075975, 0.00155243245, 0, 1.49999999e+15, 0, 0, 2e+18, 1.63085697e+16
12.125, 0, 0, 1.5e+15, 0, 9.12216586e-22, 3.718e+18, 6.44e+20, 4.85, 4, 204.235029, 58.3674318, 1.25944174, 377030.949, 0, 770545928, 11101146.5, 0.00323432409, -202.453213, -205.90718, 1.5e+15, 1.68795166e+20, -356172.846, 123665.84, 300.063576, 58.3674318, 114.601265, 1.28078819, 1.25944174, 1.5e+15, 8.43948826e-07, 0.00323351223, 0.0143047832, 188.243733, -0.00263386834, -7.95030987e-07, 123.004389, 0.00187572357, 2.83152523e-07, 142.497801, 0, 1.20036113e-08, 1.20036113e-08, 1168.97194, 1168.97194, 0, 0.27, 3.332, 0, -0.00263466337, 0.00187600672, 0, 1.49999999e+15, 0, 0, 2e+18, 1.46466306e+16
12.125, 0, 0, 5e+15, 0, 9.12216586e-22, 3.718e+18, 6.44e+20, 4.85, 4, 204.235029, 58.3674318, 1.25944174, 374423.627, 0, 770545928, 11101146.5, 0.00323432409, -202.453213, -205.90718, 5e+15, 1.68795166e+20, -351704.261, 128441.291, 300.063576, 58.3674318, 114.601265, 1.28078819, 1.25944174, 5e+15, 8.43948826e-07, 0.00323351223, 0.0143047832, 188.243733, -0.00263386834, -7.95030987e-07, 123.004389, 0.00187572357, 2.83152523e-07, 142.497801, 0, 1.20036113e-08, 1.20036113e-08, 1168.97194, 1168.97194, 0, 0.27, 3.332, 0, -0.00263466337, 0.00187600672, 0, 1.49999999e+15, 0, 0, 2e+18, 1.46466306e+16
12.265625, 0, 0, 5e+15, 0, 9.1011624e-22, 3.718e+18, 6.44e+20, 4.85, 4, 209.437175, 54.0428822, 1.25944174, 397253.79, 0, 572727744, 10671122.4, 0.00289659629, -207.663015, -211.108326, 5e+15, 1.25637146e+20, -376321.669, 127250.051, 300.056201, 54.0428822, 114.841614, 1.28078819, 1.25944174, 5e+15, 9.49469904e-07, 0.0028956481, 0.0145073971, 153.642221, -0.00274577814, -9.14752751e-07, 106.252817, 0.000919500038, 2.54402247e-07, 110.978696, 0, 1.20031924e-08, 1.20031924e-08, 1151.63838, 1151.63838, 0, 0.27, 3.332, 0, -0.00274669289, 0.00091975444, 0, 1.5e+15, 0, 0, 2e+18, 1.19113632e+16
12.265625, 0, 0, 1.5e+15, 0, 9.1011624e-22, 3.718e+18, 6.44e+20, 4.85, 4, 209.437175, 54.0428822, 1.25944174, 399459.95, 0, 572727744, 10671122.4, 0.00289659629, -207.663015, -211.108326, 1.5e+15, 1.25637146e+20, -381050.694, 119869.177, 300.056201, 54.0428822, 114.841614, 1.28078819, 1.25944174, 1.5e+15, 9.49469904e-07, 0.0028956481, 0.0145073971, 153.642221, -0.00274577814, -9.14752751e-07, 106.252817, 0.000919500038, 2.54402247e-07, 110.978696, 0, 1.20031924e-08, 1.20031924e-08, 1151.63838, 1151.63838, 0, 0.27, 3.332, 0, -0.00274669289, 0.00091975444, 0, 1.5e+15, 0, 0, 2e+18, 1.19113632e+16
12.40625, 0, 0, 1.5e+15, 0, 9.06698856e-22, 3.718e+18, 6.44e+20, 4.85, 4, 214.915894, 51.3212632, 1.25944174, 416443.752, 0, 503948329, 10659994.5, 0.00209371783, -213.145017, -216.587052, 1.5e+15, 1.10606454e+20, -398912.136, 119559.636, 300.044166, 51.3212632, 114.971147, 1.28078819, 1.25944174, 1.5e+15, 8.95804488e-07, 0.00209286257, 0.0132717019, 143.126805, -0.00172466254, -8.55753346e-07, 81.4756555, 0.00118558545, 2.64862025e-07, 117.673276, 0, 1.20025087e-08, 1.20025087e-08, 829.595396, 829.595396, 0, 0.27, 3.332, 0, -0.00172551829, 0.00118585031, 0, 1.5e+15, 0, 0, 2e+18, 1.0957963e+16
12.40625, 0, 0, 5e+15, 0, 9.06698856e-22, 3.718e+18, 6.44e+20, 4.85, 4, 214.915894, 51.3212632, 1.25944174, 415049.64, 0, 503948329, 10659994.5, 0.00209371783, -213.145017, -216.587052, 5e+15, 1.10606454e+20, -395709.273, 125221.303, 300.044166, 51.3212632, 114.971147, 1.28078819, 1.25944174, 5e+15, 8.95804488e-07, 0.00209286257, 0.0132717019, 143.126805, -0.00172466254, -8.55753346e-07, 81.4756555, 0.00118558545, 2.64862025e-07, 117.673276, 0, 1.20025087e-08, 1.20025087e-08, 829.595396, 829.595396, 0, 0.27, 3.332, 0, -0.00172551829, 0.00118585031, 0, 1.5e+15, 0, 0, 2e+18, 1.0957963e+16
12.546875, 0, 0, 5e+15, 0, 9.06046384e-22, 3.718e+18, 6.44e+20, 4.85, 4, 220.656579, 48.983181, 1.25944174, 430321.365, -3.60245804e-13, 368409961, 10257540.3, 0.00189632331, -218.893797, -222.326749, 5e+15, 8.09362844e+19, -412682.092, 121942.479, 300.041863, 48.983181, 115.251052, 1.28078819, 1.25944174, 5e+15, 9.92588112e-07, 0.00189533124, 0.0135505028, 115.22642, -0.00181769909, -9.60536316e-07, 68.5935627, 0.000536889659, 2.5020221e-07, 92.5853716, 0, 1.20023779e-08, 1.20023779e-08, 818.030098, 818.030098, 0, 0.27, 3.332, 0, -0.00181865963, 0.000537139862, 0, 1.5e+15, 0, -1.26466522e-24, 2e+18, 9.06366105e+15
12.546875, 0, 0, 1.5e+15, 0, 9.06046384e-22, 3.718e+18, 6.44e+20, 4.85, 4, 220.656579, 48.983181, 1.25944174, 432680.984, -6.89501483e-16, 368409961, 10257540.3, 0.00189632331, -218.893797, -222.326749, 1.5e+15, 8.09362844e+19, -416937.304, 115655.173, 300.041863, 48.983181, 115.251052, 1.28078819, 1.25944174, 1.5e+15, 9.92588112e-07, 0.00189533124, 0.0135505028, 115.22642, -0.00181769909, -9.60536316e-07, 68.5935627, 0.000536889659, 2.5020221e-07, 92.5853716, 0, 1.20023779e-08, 1.20023779e-08, 818.030098, 818.030098, 0, 0.27, 3.332, 0, -0.00181865963, 0.000537139862, 0, 1.5e+15, -2.6147015e-28, -3.60131379e-28, 2e+18, 9.06366105e+15
12.6875, 0, 0, 1.5e+15, 0, 9.03898541e-22, 3.718e+18, 6.44e+20, 4.85, 4, 226.595461, 47.3504855, 1.25944174, 444276.552, 57.9692001, 330660509, 10321514.5, 0.00135472151, -224.835458, -228.265813, 1.5e+15, 7.26649985e+19, -429335.152, 114249.646, 300.03427, 47.3504855, 115.410843, 1.28078819, 1.25944174, 1.5e+15, 9.2273844e-07, 0.00135384731, 0.0125553395, 111.122386, -0.00111990446, -8.89115531e-07, 51.8536898, 0.000760734215, 2.46819373e-07, 98.2821419, 0, 1.20019466e-08, 1.20019466e-08, 567.935524, 567.935524, 0, 0.27, 3.332, 0, -0.00112079357, 0.000760981035, 0, 1.5e+15, 0, 1.66861694e-11, 2e+18, 8.51145564e+15
12.6875, 0, 0, 5e+15, 0, 9.03898541e-22, 3.718e+18, 6.44e+20, 4.85, 4, 226.595461, 47.3504855, 1.25944174, 443039.805, 57.9692001, 330660509, 10321514.5, 0.00135472151, -224.835458, -228.265813, 5e+15, 7.26649985e+19, -426832.986, 118734.452, 300.03427, 47.3504855, 115.410843, 1.28078819, 1.25944174, 5e+15, 9.2273844e-07, 0.00135384731, 0.0125553395, 111.122386, -0.00111990446, -8.89115531e-07, 51.8536898, 0.000760734215, 2.46819373e-07, 98.2821419, 0, 1.20019466e-08, 1.20019466e-08, 567.935524, 567.935524, 0, 0.27, 3.332, 0, -0.00112079357, 0.000760981035, 0, 1.5e+15, -7.92439789e-26, 1.66861694e-11, 2e+18, 8.51145564e+15
12.828125, 0, 0, 5e+15, 0, 9.03736356e-22, 3.718e+18, 6.44e+20, 4.85, 4, 232.73163, 45.8295541, 1.25944174, 454489.105, 232162.145, 242155452, 9869696.68, 0.0012626708, -230.97968, -234.400827, 5e+15, 5.32520896e+19, -439716.105, 114935.175, 300.033696, 45.8295541, 115.618662, 1.28078819, 1.25944174, 5e+15, 1.01009012e-06, 0.0012616609, 0.0128894293, 88.6654214, -0.00121839178, -9.80446159e-07, 41.5107686, 0.000327581584, 2.42914354e-07, 78.3480251, 0, 1.2001914e-08, 1.2001914e-08, 576.053338, 576.053338, 0, 0.27, 3.332, 0, -0.00121937223, 0.000327824499, 0, 1.5e+15, 1.45190296e-13, 1.407079e-11, 2e+18, 7.14746803e+15
12.828125, 0, 0, 1.5e+15, 0, 9.03736356e-22, 3.718e+18, 6.44e+20, 4.85, 4, 232.73163, 45.8295541, 1.25944174, 457184.285, 232162.145, 242155452, 9869696.68, 0.0012626708, -230.97968, -234.400827, 1.5e+15, 5.32520896e+19, -443695.84, 110233.717, 300.033696, 45.8295541, 115.618662, 1.28078819, 1.25944174, 1.5e+15, 1.01009012e-06, 0.0012616609, 0.0128894293, 88.6654214, -0.00121839178, -9.80446159e-07, 41.5107686, 0.000327581584, 2.42914354e-07, 78.3480251, 0, 1.2001914e-08, 1.2001914e-08, 576.053338, 576.053338, 0, 0.27, 3.332, 0, -0.00121937223, 0.000327824499, 0, 1.5e+15, 1.45190296e-13, 1.407079e-11, 2e+18, 7.14746803e+15
12.96875, 0, 0, 1.5e+15, 0, 9.02255082e-22, 3.718e+18, 6.44e+20, 4.85, 4, 239.020604, 44.7168821, 1.25944174, 465434.4, 360.435207, 219297820, 9955696.85, 0.000883689737, -237.271207, -240.69004, 1.5e+15, 4.82344681e+19, -452696.331, 108144.407, 300.028449, 44.7168821, 115.736938, 1.28078819, 1.25944174, 1.5e+15, 9.29080012e-07, 0.000882811166, 0.0120537724, 88.9656165, -0.00073927426, -9.0091773e-07, 30.0547349, 0.000482523703, 2.27017426e-07, 83.7352604, 0, 1.20016159e-08, 1.20016159e-08, 387.172199, 387.172199, 0, 0.27, 3.332, 0, -0.000740175178, 0.000482750721, 0, 1.5e+15, 7.94001766e-12, 7.14535547e-11, 2e+18, 6.81184972e+15
12.96875, 0, 0, 5e+15, 0, 9.02255082e-22, 3.718e+18, 6.44e+20, 4.85, 4, 239.020604, 44.7168821, 1.25944174, 464279.602, 360.435207, 219297820, 9955696.85, 0.000883689737, -237.271207, -240.69004, 5e+15, 4.82344681e+19, -450692.044, 111499.911, 300.028449, 44.7168821, 115.736938, 1.28078819, 1.25944174, 5e+15, 9.29080012e-07, 0.000882811166, 0.0120537724, 88.9656165, -0.00073927426, -9.0091773e-07, 30.0547349, 0.000482523703, 2.27017426e-07, 83.7352604, 0, 1.20016159e-08, 1.20016159e-08, 387.172199, 387.172199, 0, 0.27, 3.332, 0, -0.000740175178, 0.000482750721, 0, 1.5e+15, 7.94001766e-12, 7.14535547e-11, 2e+18, 6.81184972e+15
13.109375, 0, 0, 5e+15, 0, 9.02236883e-22, 3.718e+18, 6.44e+20, 4.85, 4, 245.463715, 43.6478255, 1.25944174, 473293.562, 719717.495, 160922442, 9446767.41, 0.000845302607, -243.722319, -247.131794, 5e+15, 3.54134872e+19, -460827.801, 107909.838, 300.028384, 43.6478255, 115.863434, 1.28078819, 1.25944174, 5e+15, 1.00622963e-06, 0.000844296401, 0.0123916967, 70.8617696, -0.000819982276, -9.78875679e-07, 21.2451158, 0.000201160336, 2.33024604e-07, 67.6020373, 0, 1.20016123e-08, 1.20016123e-08, 401.623003, 401.623003, 0, 0.27, 3.332, 0, -0.000820961151, 0.00020139336, 0, 1.5e+15, 1.61983752e-11, 6.28673813e-11, 2e+18, 5.76984598e+15
13.109375, 0, 0, 1.5e+15, 0, 9.02236883e-22, 3.718e+18, 6.44e+20, 4.85, 4, 245.463715, 43.6478255, 1.25944174, 475852.734, 719717.495, 160922442, 9446767.41, 0.000845302607, -243.722319, -247.131794, 1.5e+15, 3.54134872e+19, -464199.542, 104664.272, 300.028384, 43.6478255, 115.863434, 1.28078819, 1.25944174, 1.5e+15, 1.00622963e-06, 0.000844296401, 0.0123916967, 70.8617696, -0.000819982276, -9.78875679e-07, 21.2451158, 0.000201160336, 2.33024604e-07, 67.6020373, 0, 1.20016123e-08, 1.20016123e-08, 401.623003, 401.623003, 0, 0.27, 3.332, 0, -0.000820961151, 0.00020139336, 0, 1.5e+15, 1.61983752e-11, 6.28673813e-11, 2e+18, 5.76984598e+15
13.25, 0, 0, 1.5e+15, 0, 9.01177782e-22, 3.718e+18, 6.44e+20, 4.85, 4, 252.028386, 42.8400234, 1.25944174, 482392.441, 82862.7215, 147934744, 9534461, 0.00058766747, -250.289158, -253.696715, 1.5e+15, 3.25581958e+19, -471329.738, 102716.82, 300.024627, 42.8400234, 115.933178, 1.28078819, 1.25944174, 1.5e+15, 9.18620806e-07, 0.000586801091, 0.0116807563, 74.0370465, -0.000494817385, -8.94770144e-07, 13.5588409, 0.000315422378, 2.07967723e-07, 72.7849029, 0, 1.20013989e-08, 1.20013989e-08, 266.0027, 266.0027, 0, 0.27, 3.332, 0, -0.000495712155, 0.000315630345, 0, 1.5e+15, 2.29693783e-11, 2.61419513e-10, 2e+18, 5.62157174e+15
13.25, 0, 0, 5e+15, 0, 9.01177782e-22, 3.718e+18, 6.44e+20, 4.85, 4, 252.028386, 42.8400234, 1.25944174, 481241.428, 82862.7215, 147934744, 9534461, 0.00058766747, -250.289158, -253.696715, 5e+15, 3.25581958e+19, -469673.03, 104883.541, 300.024627, 42.8400234, 115.933178, 1.28078819, 1.25944174, 5e+15, 9.18620806e-07, 0.000586801091, 0.0116807563, 74.0370465, -0.000494817385, -8.94770144e-07, 13.5588409, 0.000315422378, 2.07967723e-07, 72.7849029, 0, 1.20013989e-08, 1.20013989e-08, 266.0027, 266.0027, 0, 0.27, 3.332, 0, -0.000495712155, 0.000315630345, 0, 1.5e+15, 2.29693783e-11, 2.61419513e-10, 2e+18, 5.62157174e+15
13.390625, 0, 0, 5e+15, 0, 9.01211208e-22, 3.718e+18, 6.44e+20, 4.85, 4, 258.719864, 42.0285732, 1.25944174, 488698.044, 1580754.09, 109465105, 8973255.52, 0.000578423095, -256.988422, -260.386624, 5e+15, 2.41015842e+19, -477987.055, 101755.362, 300.024746, 42.0285732, 116.009206, 1.28078819, 1.25944174, 5e+15, 9.85488355e-07, 0.000577437607, 0.0120062949, 59.7180482, -0.00056272588, -9.6022051e-07, 5.72600594, 0.000129513608, 2.21729269e-07, 59.4428981, 0, 1.20014056e-08, 1.20014056e-08, 283.753721, 283.753721, 0, 0.27, 3.332, 0, -0.0005636861, 0.000129735337, 0, 1.5e+15, 6.03309298e-11, 1.97778622e-10, 2e+18, 4.80591495e+15
13.390625, 0, 0, 1.5e+15, 0, 9.01211208e-22, 3.718e+18, 6.44e+20, 4.85, 4, 258.719864, 42.0285732, 1.25944174, 491152.887, 1580754.09, 109465105, 8973255.52, 0.000578423095, -256.988422, -260.386624, 1.5e+15, 2.41015842e+19, -480959.537, 99544.3762, 300.024746, 42.0285732, 116.009206, 1.28078819, 1.25944174, 1.5e+15, 9.85488355e-07, 0.000577437607, 0.0120062949, 59.7180482, -0.00056272588, -9.6022051e-07, 5.72600594, 0.000129513608, 2.21729269e-07, 59.4428981, 0, 1.20014056e-08, 1.20014056e-08, 283.753721, 283.753721, 0, 0.27, 3.332, 0, -0.0005636861, 0.000129735337, 0, 1.5e+15, 6.03309298e-11, 1.97778622e-10, 2e+18, 4.80591495e+15
13.53125, 0, 0, 1.5e+15, 0, 9.00430633e-22, 3.718e+18, 6.44e+20, 4.85, 4, 265.510473, 41.4152816, 1.25944174, 496291.4, 172467.46, 100964462, 9049614.73, 0.000395923315, -263.781115, -267.177461, 1.5e+15, 2.22304615e+19, -486595.451, 97621.8234, 300.021974, 41.4152816, 116.050639, 1.28078819, 1.25944174, 1.5e+15, 8.9352696e-07, 0.00039507946, 0.0114077412, 64.4242854, -0.000337131742, -8.73317458e-07, 0.882753996, 0.000205985359, 1.88963084e-07, 64.4182372, 0, 1.20012482e-08, 1.20012482e-08, 184.560926, 184.560926, 0, 0.27, 3.332, 0, -0.000338005059, 0.000206174322, 0, 1.5e+15, 7.09490382e-11, 7.1350748e-10, 2e+18, 4.7811487e+15
13.53125, 0, 0, 5e+15, 0, 9.00430633e-22, 3.718e+18, 6.44e+20, 4.85, 4, 265.510473, 41.4152816, 1.25944174, 495255.219, 172467.46, 100964462, 9049614.73, 0.000395923315, -263.781115, -267.177461, 5e+15, 2.22304615e+19, -485228.636, 99150.9104, 300.021974, 41.4152816, 116.050639, 1.28078819, 1.25944174, 5e+15, 8.9352696e-07, 0.00039507946, 0.0114077412, 64.4242854, -0.000337131742, -8.73317458e-07, 0.882753996, 0.000205985359, 1.88963084e-07, 64.4182372, 0, 1.20012482e-08, 1.20012482e-08, 184.560926, 184.560926, 0, 0.27, 3.332, 0, -0.000338005059, 0.000206174322, 0, 1.5e+15, 7.09490382e-11, 7.1350748e-10, 2e+18, 4.7811487e+15
13.671875, 0, 0, 5e+15, 0, 9.00448377e-22, 3.718e+18, 6.44e+20, 4.85, 4, 272.405361, 40.7891553, 1.25944174, 501445.306, 2678800.67, 75066121, 8447156.86, 0.000397808924, -270.683666, -274.070567, 5e+15, 1.65339983e+19, -492064.361, 96540.4573, 300.022037, 40.7891553, 116.095429, 1.28078819, 1.25944174, 5e+15, 9.49847586e-07, 0.000396859114, 0.0117229855, 53.5484144, -0.000387879938, -9.26539029e-07, -6.26623278, 8.39422981e-05, 2.09131215e-07, 53.1805135, 0, 1.20012517e-08, 1.20012517e-08, 200.108972, 200.108972, 0, 0.27, 3.332, 0, -0.000388806477, 8.41514294e-05, 0, 1.5e+15, 1.35348123e-10, 4.84733459e-10, 2e+18, 4.0865383e+15
13.671875, 0, 0, 1.5e+15, 0, 9.00448377e-22, 3.718e+18, 6.44e+20, 4.85, 4, 272.405361, 40.7891553, 1.25944174, 503523.878, 2678800.67, 75066121, 8447156.86, 0.000397808924, -270.683666, -274.070567, 1.5e+15, 1.65339983e+19, -494465.031, 95082.2188, 300.022037, 40.7891553, 116.095429, 1.28078819, 1.25944174, 1.5e+15, 9.49847586e-07, 0.000396859114, 0.0117229855, 53.5484144, -0.000387879938, -9.26539029e-07, -6.26623278, 8.39422981e-05, 2.09131215e-07, 53.1805135, 0, 1.20012517e-08, 1.20012517e-08, 200.108972, 200.108972, 0, 0.27, 3.332, 0, -0.000388806477, 8.41514294e-05, 0, 1.5e+15, 1.35348123e-10, 4.84733459e-10, 2e+18, 4.0865383e+15
13.8125, 0, 0, 1.5e+15, 0, 8.99856475e-22, 3.718e+18, 6.44e+20, 4.85, 4, 279.381578, 40.3137876, 1.25944174, 507971.123, 272254.134, 69854166.5, 8506280.66, 0.000271286345, -277.661739, -281.046971, 1.5e+15, 1.53852636e+19, -499279.161, 93568.056, 300.019934, 40.3137876, 116.118307, 1.28078819, 1.25944174, 1.5e+15, 8.56439387e-07, 0.000270477964, 0.0112257041, 58.658801, -0.000232180494, -8.39107584e-07, -8.93477161, 0.000138746342, 1.71426037e-07, 57.9743459, 0, 1.20011323e-08, 1.20011323e-08, 129.317222, 129.317222, 0, 0.27, 3.332, 0, -0.000233019601, 0.000138917768, 0, 1.5e+15, 1.64646497e-10, 1.59916836e-09, 2e+18, 4.2020724e+15
13.8125, 0, 0, 5e+15, 0, 8.99856475e-22, 3.718e+18, 6.44e+20, 4.85, 4, 279.381578, 40.3137876, 1.25944174, 506999.095, 272254.134, 69854166.5, 8506280.66, 0.000271286345, -277.661739, -281.046971, 5e+15, 1.53852636e+19, -498116.054, 94490.6319, 300.019934, 40.3137876, 116.118307, 1.28078819, 1.25944174, 5e+15, 8.56439387e-07, 0.000270477964, 0.0112257041, 58.658801, -0.000232180494, -8.39107584e-07, -8.93477161, 0.000138746342, 1.71426037e-07, 57.9743459, 0, 1.20011323e-08, 1.20011323e-08, 129.317222, 129.317222, 0, 0.27, 3.332, 0, -0.000233019601, 0.000138917768, 0, 1.5e+15, 1.64646497e-10, 1.59916836e-09, 2e+18, 4.2020724e+15
13.953125, 0, 0, 5e+15, 0, 8.99845522e-22, 3.718e+18, 6.44e+20, 4.85, 4, 286.447587, 39.8016615, 1.25944174, 512328.537, 3916429.81, 52397802.3, 7877737.42, 0.000278438941, -284.735182, -288.110995, 5e+15, 1.1544142e+19, -503940.212, 92329.8057, 300.019895, 39.8016615, 116.147003, 1.28078819, 1.25944174, 5e+15, 9.03268222e-07, 0.000277535745, 0.0115336112, 50.7687946, -0.000271673686, -8.81777308e-07, -15.6034292, 5.67406231e-05, 1.95862863e-07, 48.3115255, 0, 1.20011301e-08, 1.20011301e-08, 143.048653, 143.048653, 0, 0.27, 3.332, 0, -0.000272555463, 5.6936486e-05, 0, 1.5e+15, 2.74944299e-10, 1.00622691e-09, 2e+18, 3.5929444e+15
13.953125, 0, 0, 1.5e+15, 0, 8.99845522e-22, 3.718e+18, 6.44e+20, 4.85, 4, 286.447587, 39.8016615, 1.25944174, 514215.37, 3916429.81, 52397802.3, 7877737.42, 0.000278438941, -284.735182, -288.110995, 1.5e+15, 1.1544142e+19, -506046.844, 91290.9531, 300.019895, 39.8016615, 116.147003, 1.28078819, 1.25944174, 1.5e+15, 9.03268222e-07, 0.000277535745, 0.0115336112, 50.7687946, -0.000271673686, -8.81777308e-07, -15.6034292, 5.67406231e-05, 1.95862863e-07, 48.3115255, 0, 1.20011301e-08, 1.20011301e-08, 143.048653, 143.048653, 0, 0.27, 3.332, 0, -0.000272555463, 5.6936486e-05, 0, 1.5e+15, 2.74944299e-10, 1.00622691e-09, 2e+18, 3.5929444e+15
14.09375, 0, 0, 1.5e+15, 0, 8.99382315e-22, 3.718e+18, 6.44e+20, 4.85, 4, 293.581564, 39.422563, 1.25944174, 517851.138, 413890.05, 48740814.2, 7921930.47, 0.000187764719, -291.871026, -295.245121, 1.5e+15, 1.0737581e+19, -509993.173, 89870.8189, 300.018248, 39.422563, 116.161237, 1.28078819, 1.25944174, 1.5e+15, 8.10506555e-07, 0.000186997992, 0.0111238824, 55.4394785, -0.000162037713, -7.95655566e-07, -16.5565835, 9.33382476e-05, 1.54444476e-07, 52.9095012, 0, 1.20010365e-08, 1.20010365e-08, 91.4324208, 91.4324208, 0, 0.27, 3.332, 0, -0.000162833369, 9.34926921e-05, 0, 1.5e+15, 3.57596845e-10, 3.07958022e-09, 2e+18, 3.76923053e+15
14.09375, 0, 0, 5e+15, 0, 8.99382315e-22, 3.718e+18, 6.44e+20, 4.85, 4, 293.581564, 39.422563, 1.25944174, 517019.65, 413890.05, 48740814.2, 7921930.47, 0.000187764719, -291.871026, -295.245121, 5e+15, 1.0737581e+19, -509016.314, 90618.485, 300.018248, 39.422563, 116.161237, 1.28078819, 1.25944174, 5e+15, 8.10506555e-07, 0.000186997992, 0.0111238824, 55.4394785, -0.000162037713, -7.95655566e-07, -16.5565835, 9.33382476e-05, 1.54444476e-07, 52.9095012, 0, 1.20010365e-08, 1.20010365e-08, 91.4324208, 91.4324208, 0, 0.27, 3.332, 0, -0.000162833369, 9.34926921e-05, 0, 1.5e+15, 3.57596845e-10, 3.07958022e-09, 2e+18, 3.76923053e+15
14.234375, 0, 0, 5e+15, 0, 8.99332821e-22, 3.718e+18, 6.44e+20, 4.85, 4, 300.791145, 39.0092631, 1.25944174, 521524.653, 4973626.65, 36726240, 7286902.07, 0.000195377805, -299.087924, -302.452543, 5e+15, 8.09318521e+18, -513901.586, 88843.2531, 300.018072, 39.0092631, 116.179586, 1.28078819, 1.25944174, 5e+15, 8.48728508e-07, 0.000194529212, 0.0114243473, 49.9980184, -0.000190714784, -8.28959197e-07, -22.8422311, 3.83338673e-05, 1.82117353e-07, 44.4750978, 0, 1.20010265e-08, 1.20010265e-08, 102.104408, 102.104408, 0, 0.27, 3.332, 0, -0.000191543743, 3.85159847e-05, 0, 1.5e+15, 4.80921746e-10, 1.8205511e-09, 2e+18, 3.19383356e+15
14.234375, 0, 0, 1.5e+15, 0, 8.99332821e-22, 3.718e+18, 6.44e+20, 4.85, 4, 300.791145, 39.0092631, 1.25944174, 523041.433, 4973626.65, 36726240, 7286902.07, 0.000195377805, -299.087924, -302.452543, 1.5e+15, 8.09318521e+18, -515566.024, 88113.6517, 300.018072, 39.0092631, 116.179586, 1.28078819, 1.25944174, 1.5e+15, 8.48728508e-07, 0.000194529212, 0.0114243473, 49.9980184, -0.000190714784, -8.28959197e-07, -22.8422311, 3.83338673e-05, 1.82117353e-07, 44.4750978, 0, 1.20010265e-08, 1.20010265e-08, 102.104408, 102.104408, 0, 0.27, 3.332, 0, -0.000191543743, 3.85159847e-05, 0, 1.5e+15, 4.80921746e-10, 1.8205511e-09, 2e+18, 3.19383356e+15
14.375, 0, 0, 1.5e+15, 0, 8.98975055e-22, 3.718e+18, 6.44e+20, 4.85, 4, 308.057159, 38.7063669, 1.25944174, 526342.885, 519513.886, 34345998.2, 7317452.78, 0.000131583766, -306.355667, -309.718668, 1.5e+15, 7.56758492e+18, -519091.509, 87068.0061, 300.016799, 38.7063669, 116.187373, 1.28078819, 1.25944174, 1.5e+15, 7.5835146e-07, 0.000130866294, 0.0110912147, 53.8195131, -0.000113867792, -7.45467376e-07, -22.4592198, 6.44989375e-05, 1.39195287e-07, 48.9093389, 0, 1.20009542e-08, 1.20009542e-08, 65.1143357, 65.1143357, 0, 0.27, 3.332, 0, -0.000114613259, 6.46381328e-05, 0, 1.5e+15, 6.38005054e-10, 5.31371561e-09, 2e+18, 3.49161998e+15
14.375, 0, 0, 5e+15, 0, 8.98975055e-22, 3.718e+18, 6.44e+20, 4.85, 4, 308.057159, 38.7063669, 1.25944174, 525581.752, 519513.886, 34345998.2, 7317452.78, 0.000131583766, -306.355667, -309.718668, 5e+15, 7.56758492e+18, -518236.991, 87559.1183, 300.016799, 38.7063669, 116.187373, 1.28078819, 1.25944174, 5e+15, 7.5835146e-07, 0.000130866294, 0.0110912147, 53.8195131, -0.000113867792, -7.45467376e-07, -22.4592198, 6.44989375e-05, 1.39195287e-07, 48.9093389, 0, 1.20009542e-08, 1.20009542e-08, 65.1143357, 65.1143357, 0, 0.27, 3.332, 0, -0.000114613259, 6.46381328e-05, 0, 1.5e+15, 6.38005054e-10, 5.31371561e-09, 2e+18, 3.49161998e+15
14.515625, 0, 0, 5e+15, 0, 8.98903833e-22, 3.718e+18, 6.44e+20, 4.85, 4, 315.390594, 38.3505941, 1.25944174, 529571.286, 5866095.65, 26078792.4, 6682132.7, 0.000138975438, -313.69622, -317.049756, 5e+15, 5.74765786e+18, -522527.282, 86087.0862, 300.016546, 38.3505941, 116.200489, 1.28078819, 1.25944174, 5e+15, 7.88382827e-07, 0.000138187214, 0.0113859934, 50.2461799, -0.000135569248, -7.70216993e-07, -28.4489381, 2.67709772e-05, 1.68265463e-07, 41.4166212, 0, 1.20009398e-08, 1.20009398e-08, 73.7252925, 73.7252925, 0, 0.27, 3.332, 0, -0.000136339465, 2.69392427e-05, 0, 1.5e+15, 1.32255098e-09, 7.302226e-09, 2e+18, 2.95080006e+15
14.515625, 0, 0, 1.5e+15, 0, 8.98903833e-22, 3.718e+18, 6.44e+20, 4.85, 4, 315.390594, 38.3505941, 1.25944174, 530953.905, 5866095.65, 26078792.4, 6682132.7, 0.000138975438, -313.69622, -317.049756, 1.5e+15, 5.74765786e+18, -524035.535, 85433.0567, 300.016546, 38.3505941, 116.200489, 1.28078819, 1.25944174, 1.5e+15, 7.88382827e-07, 0.000138187214, 0.0113859934, 50.2461799, -0.000135569248, -7.70216993e-07, -28.4489381, 2.67709772e-05, 1.68265463e-07, 41.4166212, 0, 1.20009398e-08, 1.20009398e-08, 73.7252925, 73.7252925, 0, 0.27, 3.332, 0, -0.000136339465, 2.69392427e-05, 0, 1.5e+15, 1.32255098e-09, 7.302226e-09, 2e+18, 2.95080006e+15
14.65625, 0, 0, 1.5e+15, 0, 8.9862538e-22, 3.718e+18, 6.44e+20, 4.85, 4, 322.772194, 38.1004114, 1.25944174, 533678.364, 651759.825, 24337087.6, 6690086.93, 9.2831326e-05, -321.079605, -324.431389, 1.5e+15, 5.36298449e+18, -526961.409, 84405.3874, 300.015555, 38.1004114, 116.20588, 1.28078819, 1.25944174, 1.5e+15, 7.00140542e-07, 9.21673283e-05, 0.0111164769, 53.0675886, -8.07736364e-05, -6.89005653e-07, -27.000494, 4.43895942e-05, 1.24370367e-07, 45.6852524, 0, 1.20008835e-08, 1.20008835e-08, 46.6801567, 46.6801567, 0, 0.27, 3.332, 0, -8.14626421e-05, 4.45139646e-05, 0, 1.5e+15, 1.11620501e-09, 8.38715313e-09, 2e+18, 3.26400786e+15
14.65625, 0, 0, 5e+15, 0, 8.9862538e-22, 3.718e+18, 6.44e+20, 4.85, 4, 322.772194, 38.1004114, 1.25944174, 533050.002, 651759.825, 24337087.6, 6690086.93, 9.2831326e-05, -321.079605, -324.431389, 5e+15, 5.36298449e+18, -526232.21, 84982.1485, 300.015555, 38.1004114, 116.20588, 1.28078819, 1.25944174, 5e+15, 7.00140542e-07, 9.21673283e-05, 0.0111164769, 53.0675886, -8.07736364e-05, -6.89005653e-07, -27.000494, 4.43895942e-05, 1.24370367e-07, 45.6852524, 0, 1.20008835e-08, 1.20008835e-08, 46.6801567, 46.6801567, 0, 0.27, 3.332, 0, -8.14626421e-05, 4.45139646e-05, 0, 1.5e+15, 1.11620501e-09, 8.38715313e-09, 2e+18, 3.26400786e+15
14.796875, 0, 0, 5e+15, 0, 8.98524801e-22, 3.718e+18, 6.44e+20, 4.85, 4, 330.211383, 37.8055225, 1.25944174, 536453.221, 6330790.45, 18544419.9, 6055720.05, 9.89098049e-05, -328.525821, -331.868004, 5e+15, 4.08766294e+18, -529876.536, 83743.1445, 300.015197, 37.8055225, 116.215085, 1.28078819, 1.25944174, 5e+15, 7.21089744e-07, 9.81889254e-05, 0.0114043987, 50.8726122, -9.6415985e-05, -7.04555664e-07, -32.7282428, 1.85747921e-05, 1.53530896e-07, 38.9472052, 0, 1.20008632e-08, 1.20008632e-08, 53.1198139, 53.1198139, 0, 0.27, 3.332, 0, -9.71205407e-05, 1.8728323e-05, 0, 1.5e+15, 1.20890747e-09, 4.55350832e-09, 2e+18, 2.71784872e+15
14.796875, 0, 0, 1.5e+15, 0, 8.98524801e-22, 3.718e+18, 6.44e+20, 4.85, 4, 330.211383, 37.8055225, 1.25944174, 537525.159, 6330790.45, 18544419.9, 6055720.05, 9.89098049e-05, -328.525821, -331.868004, 1.5e+15, 4.08766294e+18, -531050.57, 83178.0569, 300.015197, 37.8055225, 116.215085, 1.28078819, 1.25944174, 1.5e+15, 7.21089744e-07, 9.81889254e-05, 0.0114043987, 50.8726122, -9.6415985e-05, -7.04555664e-07, -32.7282428, 1.85747921e-05, 1.53530896e-07, 38.9472052, 0, 1.20008632e-08, 1.20008632e-08, 53.1198139, 53.1198139, 0, 0.27, 3.332, 0, -9.71205407e-05, 1.8728323e-05, 0, 1.5e+15, 1.20890747e-09, 4.55350832e-09, 2e+18, 2.71784872e+15
14.9375, 0, 0, 1.5e+15, 0, 8.98304398e-22, 3.718e+18, 6.44e+20, 4.85, 4, 337.690833, 37.6020669, 1.25944174, 540080.367, 708266.339, 17369072.2, 6024556.15, 6.60793913e-05, -336.006962, -339.347323, 1.5e+15, 3.82782308e+18, -533748.467, 82458.3338, 300.014412, 37.6020669, 116.217921, 1.28078819, 1.25944174, 1.5e+15, 6.343229e-07, 6.54774758e-05, 0.0111861472, 52.7520776, -5.75388238e-05, -6.24636096e-07, -30.4475326, 3.12503376e-05, 1.10432284e-07, 43.0781784, 0, 1.20008186e-08, 1.20008186e-08, 33.62774, 33.62774, 0, 0.27, 3.332, 0, -5.81634599e-05, 3.13607699e-05, 0, 1.5e+15, 1.68843756e-09, 1.23603014e-08, 2e+18, 3.12493421e+15
14.9375, 0, 0, 5e+15, 0, 8.98304398e-22, 3.718e+18, 6.44e+20, 4.85, 4, 337.690833, 37.6020669, 1.25944174, 539506.001, 708266.339, 17369072.2, 6024556.15, 6.60793913e-05, -336.006962, -339.347323, 5e+15, 3.82782308e+18, -533094.096, 82930.1462, 300.014412, 37.6020669, 116.217921, 1.28078819, 1.25944174, 5e+15, 6.343229e-07, 6.54774758e-05, 0.0111861472, 52.7520776, -5.75388238e-05, -6.24636096e-07, -30.4475326, 3.12503376e-05, 1.10432284e-07, 43.0781784, 0, 1.20008186e-08, 1.20008186e-08, 33.62774, 33.62774, 0, 0.27, 3.332, 0, -5.81634599e-05, 3.13607699e-05, 0, 1.5e+15, 1.68843756e-09, 1.23603014e-08, 2e+18, 3.12493421e+15
15.078125, 0, 0, 5e+15, 0, 8.98177739e-22, 3.718e+18, 6.44e+20, 4.85, 4, 345.223059, 37.3386446, 1.25944174, 542580.981, 6565967.46, 13319773.1, 5383602.46, 7.11581922e-05, -343.54605, -346.876642, 5e+15, 2.93625489e+18, -536369.774, 81863.2175, 300.013961, 37.3386446, 116.225272, 1.28078819, 1.25944174, 5e+15, 6.44858631e-07, 7.05135407e-05, 0.0114640619, 51.54184, -6.92610492e-05, -6.30118447e-07, -35.9482456, 1.32312691e-05, 1.37089009e-07, 36.9362276, 0, 1.2000793e-08, 1.2000793e-08, 38.6444674, 38.6444674, 0, 0.27, 3.332, 0, -6.98911676e-05, 1.33683581e-05, 0, 1.5e+15, 1.77777804e-09, 6.9187749e-09, 2e+18, 2.58898082e+15
15.078125, 0, 0, 1.5e+15, 0, 8.98177739e-22, 3.718e+18, 6.44e+20, 4.85, 4, 345.223059, 37.3386446, 1.25944174, 543593.448, 6565967.46, 13319773.1, 5383602.46, 7.11581922e-05, -343.54605, -346.876642, 1.5e+15, 2.93625489e+18, -537488.44, 81240.4679, 300.013961, 37.3386446, 116.225272, 1.28078819, 1.25944174, 1.5e+15, 6.44858631e-07, 7.05135407e-05, 0.0114640619, 51.54184, -6.92610492e-05, -6.30118447e-07, -35.9482456, 1.32312691e-05, 1.37089009e-07, 36.9362276, 0, 1.2000793e-08, 1.2000793e-08, 38.6444674, 38.6444674, 0, 0.27, 3.332, 0, -6.98911676e-05, 1.33683581e-05, 0, 1.5e+15, 1.77777804e-09, 6.9187749e-09, 2e+18, 2.58898082e+15
15.21875, 0, 0, 1.5e+15, 0, 8.97995831e-22, 3.718e+18, 6.44e+20, 4.85, 4, 352.790098, 37.166896, 1.25944174, 545666.108, 780472.873, 12444370.9, 5288580.25, 4.72417251e-05, -351.114845, -354.443223, 1.5e+15, 2.74276535e+18, -539701.253, 80461.5341, 300.013313, 37.166896, 116.22766, 1.28078819, 1.25944174, 1.5e+15, 5.57966734e-07, 4.67108146e-05, 0.0112690531, 52.5873974, -4.12781219e-05, -5.49678687e-07, -33.0076145, 2.18635965e-05, 9.58134549e-08, 40.9381454, 0, 1.20007562e-08, 1.20007562e-08, 24.3398819, 24.3398819, 0, 0.27, 3.332, 0, -4.18278006e-05, 2.195941e-05, 0, 1.5e+15, 2.56187913e-09, 1.71578582e-08, 2e+18, 2.96835951e+15
15.21875, 0, 0, 5e+15, 0, 8.97995831e-22, 3.718e+18, 6.44e+20, 4.85, 4, 352.790098, 37.166896, 1.25944174, 545204.417, 780472.873, 12444370.9, 5288580.25, 4.72417251e-05, -351.114845, -354.443223, 5e+15, 2.74276535e+18, -539139.587, 81094.772, 300.013313, 37.166896, 116.22766, 1.28078819, 1.25944174, 5e+15, 5.57966734e-07, 4.67108146e-05, 0.0112690531, 52.5873974, -4.12781219e-05, -5.49678687e-07, -33.0076145, 2.18635965e-05, 9.58134549e-08, 40.9381454, 0, 1.20007562e-08, 1.20007562e-08, 24.3398819, 24.3398819, 0, 0.27, 3.332, 0, -4.18278006e-05, 2.195941e-05, 0, 1.5e+15, 2.56187913e-09, 1.71578582e-08, 2e+18, 2.96835951e+15
15.359375, 0, 0, 5e+15, 0, 8.97835137e-22, 3.718e+18, 6.44e+20, 4.85, 4, 360.402157, 36.947121, 1.25944174, 547783.874, 6384484.75, 9569952.63, 4639812.71, 5.11655445e-05, -358.733692, -362.051899, 5e+15, 2.10984377e+18, -541891.598, 80129.075, 300.012741, 36.947121, 116.233363, 1.28078819, 1.25944174, 5e+15, 5.56248756e-07, 5.0609493e-05, 0.0115162016, 52.0701091, -4.97416664e-05, -5.43768148e-07, -38.2857625, 9.33206355e-06, 1.171703e-07, 35.2915946, 0, 1.20007237e-08, 1.20007237e-08, 28.0425101, 28.0425101, 0, 0.27, 3.332, 0, -5.02854345e-05, 9.44923385e-06, 0, 1.5e+15, 3.19195486e-09, 9.25636892e-09, 2e+18, 2.41730224e+15
15.359375, 0, 0, 1.5e+15, 0, 8.97835137e-22, 3.718e+18, 6.44e+20, 4.85, 4, 360.402157, 36.947121, 1.25944174, 548596.635, 6384484.75, 9569952.63, 4639812.71, 5.11655445e-05, -358.733692, -362.051899, 1.5e+15, 2.10984377e+18, -542811.563, 79459.8929, 300.012741, 36.947121, 116.233363, 1.28078819, 1.25944174, 1.5e+15, 5.56248756e-07, 5.0609493e-05, 0.0115162016, 52.0701091, -4.97416664e-05, -5.43768148e-07, -38.2857625, 9.33206355e-06, 1.171703e-07, 35.2915946, 0, 1.20007237e-08, 1.20007237e-08, 28.0425101, 28.0425101, 0, 0.27, 3.332, 0, -5.02854345e-05, 9.44923385e-06, 0, 1.5e+15, 3.19195486e-09, 9.25636892e-09, 2e+18, 2.41730224e+15
15.5, 0, 0, 1.5e+15, 0, 8.97654239e-22, 3.718e+18, 6.44e+20, 4.85, 4, 368.04212, 36.8121954, 1.25944174, 550506.128, 1239118.59, 8306157.03, 4451356.84, 3.15648367e-05, -366.377315, -369.690793, 1.5e+15, 1.83089326e+18, -544835.725, 78810.0843, 300.012097, 36.8121954, 116.234641, 1.28078819, 1.25944174, 1.5e+15, 4.5388889e-07, 3.11248698e-05, 0.011364445, 52.5396731, -2.83107345e-05, -4.4668458e-07, -34.9871093, 1.29328973e-05, 8.05481821e-08, 39.1959109, 0, 1.20006871e-08, 1.20006871e-08, 16.6984695, 16.6984695, 0, 0.27, 3.332, 0, -2.87574191e-05, 1.30134455e-05, 0, 1.5e+15, 6.10962563e-09, 2.27194633e-08, 2e+18, 2.78401852e+15
15.5, 0, 0, 5e+15, 0, 8.97654239e-22, 3.718e+18, 6.44e+20, 4.85, 4, 368.04212, 36.8121954, 1.25944174, 550082.065, 1239118.59, 8306157.03, 4451356.84, 3.15648367e-05, -366.377315, -369.690793, 5e+15, 1.83089326e+18, -544302.134, 79532.7938, 300.012097, 36.8121954, 116.234641, 1.28078819, 1.25944174, 5e+15, 4.5388889e-07, 3.11248698e-05, 0.011364445, 52.5396731, -2.83107345e-05, -4.4668458e-07, -34.9871093, 1.29328973e-05, 8.05481821e-08, 39.1959109, 0, 1.20006871e-08, 1.20006871e-08, 16.6984695, 16.6984695, 0, 0.27, 3.332, 0, -2.87574191e-05, 1.30134455e-05, 0, 1.5e+15, 6.10962563e-09, 2.27194633e-08, 2e+18, 2.78401852e+15
15.6953125, 0, 0, 5e+15, 0, 8.97184292e-22, 3.718e+18, 6.44e+20, 4.85, 4, 378.713705, 36.6034438, 1.25944174, 553051.111, 1525605.68, 7651204.58, 3665561.54, 4.50384468e-05, -377.05102, -380.357362, 5e+15, 1.68661914e+18, -547395.275, 78891.9744, 300.010422, 36.6034438, 116.238098, 1.28078819, 1.25944174, 5e+15, 5.70301106e-07, 4.44693353e-05, 0.0114013269, 74.9112173, -3.99260079e-05, -5.27268514e-07, -62.3503233, 1.95815136e-05, 2.17327553e-07, 41.5226162, 0, 1.2000592e-08, 1.2000592e-08, 23.7177811, 23.7177811, 0, 0.27, 3.332, 0, -4.04532764e-05, 1.97988412e-05, 0, 1.5e+15, 2.24757175e-08, 1.38194756e-08, 2e+18, 2.66181481e+15
15.6953125, 0, 0, 1.5e+15, 0, 8.97184292e-22, 3.718e+18, 6.44e+20, 4.85, 4, 378.713705, 36.6034438, 1.25944174, 553947.307, 1525605.68, 7651204.58, 3665561.54, 4.50384468e-05, -377.05102, -380.357362, 1.5e+15, 1.68661914e+18, -548552.247, 77123.6043, 300.010422, 36.6034438, 116.238098, 1.28078819, 1.25944174, 1.5e+15, 5.70301106e-07, 4.44693353e-05, 0.0114013269, 74.9112173, -3.99260079e-05, -5.27268514e-07, -62.3503233, 1.95815136e-05, 2.17327553e-07, 41.5226162, 0, 1.2000592e-08, 1.2000592e-08, 23.7177811, 23.7177811, 0, 0.27, 3.332, 0, -4.04532764e-05, 1.97988412e-05, 0, 1.5e+15, 2.24757175e-08, 1.38194756e-08, 2e+18, 2.66181481e+15
15.890625, 0, 0, 1.5e+15, 0, 8.96510906e-22, 3.718e+18, 6.44e+20, 4.85, 4, 389.446519, 36.3946631, 1.25944174, 556440.429, 2948547.42, 6003753.07, 3258035.58, 2.33516303e-05, -387.790096, -391.087135, 1.5e+15, 1.32336398e+18, -551193.049, 76237.6097, 300.00802, 36.3946631, 116.240611, 1.28078819, 1.25944174, 1.5e+15, 3.51818287e-07, 2.30040024e-05, 0.011325011, 52.4184714, -2.18774541e-05, -3.47403637e-07, -36.6572954, 7.1106349e-06, 5.55591545e-08, 37.4691719, 0, 1.20004555e-08, 1.20004555e-08, 12.792773, 12.792773, 0, 0.27, 3.332, 0, -2.22248577e-05, 7.16619405e-06, 0, 1.5e+15, 1.92383582e-08, 3.2298515e-08, 2e+18, 2.82233882e+15
15.890625, 0, 0, 5e+15, 0, 8.96510906e-22, 3.718e+18, 6.44e+20, 4.85, 4, 389.446519, 36.3946631, 1.25944174, 556133.867, 2948547.42, 6003753.07, 3258035.58, 2.33516303e-05, -387.790096, -391.087135, 5e+15, 1.32336398e+18, -550608.49, 78199.5438, 300.00802, 36.3946631, 116.240611, 1.28078819, 1.25944174, 5e+15, 3.51818287e-07, 2.30040024e-05, 0.011325011, 52.4184714, -2.18774541e-05, -3.47403637e-07, -36.6572954, 7.1106349e-06, 5.55591545e-08, 37.4691719, 0, 1.20004555e-08, 1.20004555e-08, 12.792773, 12.792773, 0, 0.27, 3.332, 0, -2.22248577e-05, 7.16619405e-06, 0, 1.5e+15, 1.92383582e-08, 3.2298515e-08, 2e+18, 2.82233882e+15
16.0859375, 0, 0, 5e+15, 0, 8.96309692e-22, 3.718e+18, 6.44e+20, 4.85, 4, 400.244684, 36.1744302, 1.25944174, 558813.766, 4969059.2, 4340490.09, 2885954.32, 2.06313037e-05, -398.596646, -401.882167, 5e+15, 9.56996491e+17, -553472.312, 77079.3387, 300.007302, 36.1744302, 116.24562, 1.28078819, 1.25944174, 5e+15, 3.38017978e-07, 2.02940856e-05, 0.0116193765, 52.4390311, -2.00644597e-05, -3.2987429e-07, -39.6267204, 3.04423474e-06, 7.37502964e-08, 34.3449416, 0, 1.20004148e-08, 1.20004148e-08, 11.5368309, 11.5368309, 0, 0.27, 3.332, 0, -2.0394334e-05, 3.11798503e-06, 0, 1.5e+15, 9.65244983e-09, 1.40956954e-08, 2e+18, 2.32445546e+15
16.0859375, 0, 0, 1.5e+15, 0, 8.96309692e-22, 3.718e+18, 6.44e+20, 4.85, 4, 400.244684, 36.1744302, 1.25944174, 559624.209, 4969059.2, 4340490.09, 2885954.32, 2.06313037e-05, -398.596646, -401.882167, 1.5e+15, 9.56996491e+17, -554523.91, 75382.2805, 300.007302, 36.1744302, 116.24562, 1.28078819, 1.25944174, 1.5e+15, 3.38017978e-07, 2.02940856e-05, 0.0116193765, 52.4390311, -2.00644597e-05, -3.2987429e-07, -39.6267204, 3.04423474e-06, 7.37502964e-08, 34.3449416, 0, 1.20004148e-08, 1.20004148e-08, 11.5368309, 11.5368309, 0, 0.27, 3.332, 0, -2.0394334e-05, 3.11798503e-06, 0, 1.5e+15, 9.65244983e-09, 1.40956954e-08, 2e+18, 2.32445546e+15
16.28125, 0, 0, 1.5e+15, 0, 8.96109489e-22, 3.718e+18, 6.44e+20, 4.85, 4, 411.081785, 36.044481, 1.25944174, 561225.441, 1602392.12, 3547553.55, 2735467.33, 1.38335629e-05, -409.43896, -412.717886, 1.5e+15, 7.82068041e+17, -556222.152, 74772.4083, 300.006588, 36.044481, 116.246894, 1.28078819, 1.25944174, 1.5e+15, 2.96796518e-07, 1.3543267e-05, 0.0113548984, 51.7568545, -1.26379183e-05, -2.93203249e-07, -37.356836, 4.86858303e-06, 4.60437575e-08, 35.8223225, 0, 1.20003742e-08, 1.20003742e-08, 7.55864379, 7.55864379, 0, 0.27, 3.332, 0, -1.29311216e-05, 4.91462679e-06, 0, 1.5e+15, 1.74707809e-08, 4.2243038e-08, 2e+18, 2.58740229e+15
16.28125, 0, 0, 5e+15, 0, 8.96109489e-22, 3.718e+18, 6.44e+20, 4.85, 4, 411.081785, 36.044481, 1.25944174, 560975.431, 1602392.12, 3547553.55, 2735467.33, 1.38335629e-05, -409.43896, -412.717886, 5e+15, 7.82068041e+17, -555752.004, 76375.0232, 300.006588, 36.044481, 116.246894, 1.28078819, 1.25944174, 5e+15, 2.96796518e-07, 1.3543267e-05, 0.0113548984, 51.7568545, -1.26379183e-05, -2.93203249e-07, -37.356836, 4.86858303e-06, 4.60437575e-08, 35.8223225, 0, 1.20003742e-08, 1.20003742e-08, 7.55864379, 7.55864379, 0, 0.27, 3.332, 0, -1.29311216e-05, 4.91462679e-06, 0, 1.5e+15, 1.74707809e-08, 4.2243038e-08, 2e+18, 2.58740229e+15
16.4765625, 0, 0, 5e+15, 0, 8.95974242e-22, 3.718e+18, 6.44e+20, 4.85, 4, 421.972112, 35.8683392, 1.25944174, 563130.074, 3749682.93, 2680725.43, 2402941.52, 1.29398945e-05, -420.336529, -423.604863, 5e+15, 5.91095067e+17, -558049.819, 75471.0548, 300.006105, 35.8683392, 116.250624, 1.28078819, 1.25944174, 5e+15, 2.82680408e-07, 1.26572979e-05, 0.0114490568, 51.8558782, -1.24158791e-05, -2.75851488e-07, -40.007823, 2.46031216e-06, 6.17589652e-08, 32.9910018, 0, 1.20003468e-08, 1.20003468e-08, 7.27854411, 7.27854411, 0, 0.27, 3.332, 0, -1.26917306e-05, 2.52207113e-06, 0, 1.5e+15, 9.3537207e-09, 1.78405672e-08, 2e+18, 2.1950712e+15
16.4765625, 0, 0, 1.5e+15, 0, 8.95974242e-22, 3.718e+18, 6.44e+20, 4.85, 4, 421.972112, 35.8683392, 1.25944174, 563978.955, 3749682.93, 2680725.43, 2402941.52, 1.29398945e-05, -420.336529, -423.604863, 1.5e+15, 5.91095067e+17, -559126.209, 73825.0899, 300.006105, 35.8683392, 116.250624, 1.28078819, 1.25944174, 1.5e+15, 2.82680408e-07, 1.26572979e-05, 0.0114490568, 51.8558782, -1.24158791e-05, -2.75851488e-07, -40.007823, 2.46031216e-06, 6.17589652e-08, 32.9910018, 0, 1.20003468e-08, 1.20003468e-08, 7.27854411, 7.27854411, 0, 0.27, 3.332, 0, -1.26917306e-05, 2.52207113e-06, 0, 1.5e+15, 9.3537207e-09, 1.78405672e-08, 2e+18, 2.1950712e+15
16.671875, 0, 0, 1.5e+15, 0, 8.95838013e-22, 3.718e+18, 6.44e+20, 4.85, 4, 432.892612, 35.7692486, 1.25944174, 564968.777, 1046078.64, 2235046.61, 2262469.53, 8.75489193e-06, -431.261729, -434.523808, 1.5e+15, 4.92752077e+17, -560223.874, 73067.9889, 300.005619, 35.7692486, 116.251638, 1.28078819, 1.25944174, 1.5e+15, 2.46148982e-07, 8.51544435e-06, 0.0111478873, 50.9293764, -7.8758653e-06, -2.43279505e-07, -37.4798399, 3.23782923e-06, 3.74753742e-08, 34.4827926, 0, 1.20003191e-08, 1.20003191e-08, 4.78730315, 4.78730315, 0, 0.27, 3.332, 0, -8.11914481e-06, 3.27530461e-06, 0, 1.5e+15, 1.76556303e-08, 5.19488376e-08, 2e+18, 2.47249025e+15
16.671875, 0, 0, 5e+15, 0, 8.95838013e-22, 3.718e+18, 6.44e+20, 4.85, 4, 432.892612, 35.7692486, 1.25944174, 564826.835, 1046078.64, 2235046.61, 2262469.53, 8.75489193e-06, -431.261729, -434.523808, 5e+15, 4.92752077e+17, -559844.651, 74855.3265, 300.005619, 35.7692486, 116.251638, 1.28078819, 1.25944174, 5e+15, 2.46148982e-07, 8.51544435e-06, 0.0111478873, 50.9293764, -7.8758653e-06, -2.43279505e-07, -37.4798399, 3.23782923e-06, 3.74753742e-08, 34.4827926, 0, 1.20003191e-08, 1.20003191e-08, 4.78730315, 4.78730315, 0, 0.27, 3.332, 0, -8.11914481e-06, 3.27530461e-06, 0, 1.5e+15, 1.76556303e-08, 5.19488376e-08, 2e+18, 2.47249025e+15
16.8671875, 0, 0, 5e+15, 0, 8.95728031e-22, 3.718e+18, 6.44e+20, 4.85, 4, 443.855857, 35.6298059, 1.25944174, 566495.75, 2789249.22, 1727236.83, 1970465.68, 8.43375723e-06, -442.231636, -445.483481, 5e+15, 3.80866798e+17, -561639.046, 74020.3791, 300.005226, 35.6298059, 116.254681, 1.28078819, 1.25944174, 5e+15, 2.32423176e-07, 8.20133761e-06, 0.0111703142, 51.017489, -8.01279451e-06, -2.26798517e-07, -39.8132116, 1.74844581e-06, 5.0822879e-08, 31.9012909, 0, 1.20002968e-08, 1.20002968e-08, 4.76373457, 4.76373457, 0, 0.27, 3.332, 0, -8.23959302e-06, 1.79926869e-06, 0, 1.5e+15, 9.98932389e-09, 2.13243735e-08, 2e+18, 2.11631165e+15
16.8671875, 0, 0, 1.5e+15, 0, 8.95728031e-22, 3.718e+18, 6.44e+20, 4.85, 4, 443.855857, 35.6298059, 1.25944174, 567257.212, 2789249.22, 1727236.83, 1970465.68, 8.43375723e-06, -442.231636, -445.483481, 1.5e+15, 3.80866798e+17, -562652.419, 72131.8185, 300.005226, 35.6298059, 116.254681, 1.28078819, 1.25944174, 1.5e+15, 2.32423176e-07, 8.20133761e-06, 0.0111703142, 51.017489, -8.01279451e-06, -2.26798517e-07, -39.8132116, 1.74844581e-06, 5.0822879e-08, 31.9012909, 0, 1.20002968e-08, 1.20002968e-08, 4.76373457, 4.76373457, 0, 0.27, 3.332, 0, -8.23959302e-06, 1.79926869e-06, 0, 1.5e+15, 9.98932389e-09, 2.13243735e-08, 2e+18, 2.11631165e+15
17.0625, 0, 0, 1.5e+15, 0, 8.95632466e-22, 3.718e+18, 6.44e+20, 4.85, 4, 454.840612, 35.5600442, 1.25944174, 567748.171, 763643.562, 1451126.92, 1843454.46, 5.71133773e-06, -453.220893, -456.466515, 1.5e+15, 3.19934631e+17, -563249.357, 71331.2537, 300.004885, 35.5600442, 116.255589, 1.28078819, 1.25944174, 1.5e+15, 2.00826542e-07, 5.51628113e-06, 0.010870982, 49.9316598, -5.09225769e-06, -1.98569597e-07, -37.1026198, 2.12091233e-06, 3.00235805e-08, 33.4150604, 0, 1.20002775e-08, 1.20002775e-08, 3.13329104, 3.13329104, 0, 0.27, 3.332, 0, -5.29082728e-06, 2.15093591e-06, 0, 1.5e+15, 1.93545645e-08, 6.04569172e-08, 2e+18, 2.38289916e+15
17.0625, 0, 0, 5e+15, 0, 8.95632466e-22, 3.718e+18, 6.44e+20, 4.85, 4, 454.840612, 35.5600442, 1.25944174, 567726.777, 763643.562, 1451126.92, 1843454.46, 5.71133773e-06, -453.220893, -456.466515, 5e+15, 3.19934631e+17, -562958.036, 73429.8518, 300.004885, 35.5600442, 116.255589, 1.28078819, 1.25944174, 5e+15, 2.00826542e-07, 5.51628113e-06, 0.010870982, 49.9316598, -5.09225769e-06, -1.98569597e-07, -37.1026198, 2.12091233e-06, 3.00235805e-08, 33.4150604, 0, 1.20002775e-08, 1.20002775e-08, 3.13329104, 3.13329104, 0, 0.27, 3.332, 0, -5.29082728e-06, 2.15093591e-06, 0, 1.5e+15, 1.93545645e-08, 6.04569172e-08, 2e+18, 2.38289916e+15
17.2578125, 0, 0, 5e+15, 0, 8.95538128e-22, 3.718e+18, 6.44e+20, 4.85, 4, 465.857785, 35.455424, 1.25944174, 568912.297, 2047131.86, 1133104.01, 1592898.94, 5.58162607e-06, -464.244461, -467.479912, 5e+15, 2.49861186e+17, -564256.1, 72637.8345, 300.004548, 35.455424, 116.258113, 1.28078819, 1.25944174, 5e+15, 1.88125729e-07, 5.39350035e-06, 0.0108515789, 49.9588259, -5.26250481e-06, -1.83566007e-07, -39.1485987, 1.18147752e-06, 4.11680844e-08, 31.0366156, 0, 1.20002583e-08, 1.20002583e-08, 3.16294946, 3.16294946, 0, 0.27, 3.332, 0, -5.44607081e-06, 1.22264561e-06, 0, 1.5e+15, 1.10680916e-08, 2.41579954e-08, 2e+18, 2.04508061e+15
17.2578125, 0, 0, 1.5e+15, 0, 8.95538128e-22, 3.718e+18, 6.44e+20, 4.85, 4, 465.857785, 35.455424, 1.25944174, 569530.306, 2047131.86, 1133104.01, 1592898.94, 5.58162607e-06, -464.244461, -467.479912, 1.5e+15, 2.49861186e+17, -565154.332, 70465.2432, 300.004548, 35.455424, 116.258113, 1.28078819, 1.25944174, 1.5e+15, 1.88125729e-07, 5.39350035e-06, 0.0108515789, 49.9588259, -5.26250481e-06, -1.83566007e-07, -39.1485987, 1.18147752e-06, 4.11680844e-08, 31.0366156, 0, 1.20002583e-08, 1.20002583e-08, 3.16294946, 3.16294946, 0, 0.27, 3.332, 0, -5.44607081e-06, 1.22264561e-06, 0, 1.5e+15, 1.10680916e-08, 2.41579954e-08, 2e+18, 2.04508061e+15
17.453125, 0, 0, 1.5e+15, 0, 8.9547133e-22, 3.718e+18, 6.44e+20, 4.85, 4, 476.88786, 35.4139551, 1.25944174, 569593.429, 572997.025, 953675.297, 1481768.46, 3.7732417e-06, -475.278992, -478.508118, 1.5e+15, 2.10262503e+17, -565315.215, 69680.5719, 300.004309, 35.4139551, 116.258919, 1.28078819, 1.25944174, 1.5e+15, 1.61442785e-07, 3.61635879e-06, 0.0105621435, 48.7865876, -3.34336231e-06, -1.59687454e-07, -36.3211302, 1.37839738e-06, 2.37421541e-08, 32.5715617, 0, 1.20002448e-08, 1.20002448e-08, 2.07799604, 2.07799604, 0, 0.27, 3.332, 0, -3.50304977e-06, 1.40213954e-06, 0, 1.5e+15, 2.16176984e-08, 6.67949434e-08, 2e+18, 2.29493684e+15
17.453125, 0, 0, 5e+15, 0, 8.9547133e-22, 3.718e+18, 6.44e+20, 4.85, 4, 476.88786, 35.4139551, 1.25944174, 569685.685, 572997.025, 953675.297, 1481768.46, 3.7732417e-06, -475.278992, -478.508118, 5e+15, 2.10262503e+17, -565108.693, 72069.0271, 300.004309, 35.4139551, 116.258919, 1.28078819, 1.25944174, 5e+15, 1.61442785e-07, 3.61635879e-06, 0.0105621435, 48.7865876, -3.34336231e-06, -1.59687454e-07, -36.3211302, 1.37839738e-06, 2.37421541e-08, 32.5715617, 0, 1.20002448e-08, 1.20002448e-08, 2.07799604, 2.07799604, 0, 0.27, 3.332, 0, -3.50304977e-06, 1.40213954e-06, 0, 1.5e+15, 2.16176984e-08, 6.67949434e-08, 2e+18, 2.29493684e+15
17.6484375, 0, 0, 5e+15, 0, 8.95388498e-22, 3.718e+18, 6.44e+20, 4.85, 4, 487.94041, 35.3419499, 1.25944174, 570407.008, 1458697.73, 748079.008, 1271527.75, 3.71328151e-06, -486.337819, -489.556714, 5e+15, 1.64958996e+17, -565930.281, 71323.7123, 300.004013, 35.3419499, 116.261002, 1.28078819, 1.25944174, 5e+15, 1.5017796e-07, 3.56310355e-06, 0.0105137867, 48.7196814, -3.47649259e-06, -1.46531285e-07, -38.1065418, 7.80836875e-07, 3.28938029e-08, 30.3561992, 0, 1.2000228e-08, 1.2000228e-08, 2.10868459, 2.10868459, 0, 0.27, 3.332, 0, -3.62302387e-06, 8.13730678e-07, 0, 1.5e+15, 1.2146813e-08, 2.60275142e-08, 2e+18, 1.9722881e+15
17.6484375, 0, 0, 1.5e+15, 0, 8.95388498e-22, 3.718e+18, 6.44e+20, 4.85, 4, 487.94041, 35.3419499, 1.25944174, 570868.894, 1458697.73, 748079.008, 1271527.75, 3.71328151e-06, -486.337819, -489.556714, 1.5e+15, 1.64958996e+17, -566694.838, 68907.5833, 300.004013, 35.3419499, 116.261002, 1.28078819, 1.25944174, 1.5e+15, 1.5017796e-07, 3.56310355e-06, 0.0105137867, 48.7196814, -3.47649259e-06, -1.46531285e-07, -38.1065418, 7.80836875e-07, 3.28938029e-08, 30.3561992, 0, 1.2000228e-08, 1.2000228e-08, 2.10868459, 2.10868459, 0, 0.27, 3.332, 0, -3.62302387e-06, 8.13730678e-07, 0, 1.5e+15, 1.2146813e-08, 2.60275142e-08, 2e+18, 1.9722881e+15
17.84375, 0, 0, 1.5e+15, 0, 8.95342766e-22, 3.718e+18, 6.44e+20, 4.85, 4, 498.99765, 35.326963, 1.25944174, 570553.496, 422201.167, 629199.966, 1177105.91, 2.50484645e-06, -497.399532, -500.61196, 1.5e+15, 1.38721898e+17, -566467.069, 68164.1578, 300.00385, 35.326963, 116.261701, 1.28078819, 1.25944174, 1.5e+15, 1.28130457e-07, 2.38016647e-06, 0.0102360575, 47.52129, -2.2066269e-06, -1.26776566e-07, -35.214135, 8.92182817e-07, 1.85773074e-08, 31.909837, 0, 1.20002187e-08, 1.20002187e-08, 1.38391093, 1.38391093, 0, 0.27, 3.332, 0, -2.33340346e-06, 9.10760125e-07, 0, 1.5e+15, 2.36757134e-08, 7.03135022e-08, 2e+18, 2.20479909e+15
17.84375, 0, 0, 5e+15, 0, 8.95342766e-22, 3.718e+18, 6.44e+20, 4.85, 4, 498.99765, 35.326963, 1.25944174, 570746.967, 422201.167, 629199.966, 1177105.91, 2.50484645e-06, -497.399532, -500.61196, 5e+15, 1.38721898e+17, -566340.592, 70784.4203, 300.00385, 35.326963, 116.261701, 1.28078819, 1.25944174, 5e+15, 1.28130457e-07, 2.38016647e-06, 0.0102360575, 47.52129, -2.2066269e-06, -1.26776566e-07, -35.214135, 8.92182817e-07, 1.85773074e-08, 31.909837, 0, 1.20002187e-08, 1.20002187e-08, 1.38391093, 1.38391093, 0, 0.27, 3.332, 0, -2.33340346e-06, 9.10760125e-07, 0, 1.5e+15, 2.36757134e-08, 7.03135022e-08, 2e+18, 2.20479909e+15
18.0390625, 0, 0, 5e+15, 0, 8.95268977e-22, 3.718e+18, 6.44e+20, 4.85, 4, 510.06803, 35.2850363, 1.25944174, 571034.056, 1000248.98, 494545.663, 1004236.15, 2.47323039e-06, -508.476137, -511.678234, 5e+15, 1.09049354e+17, -566715.984, 70091.9869, 300.003587, 35.2850363, 116.263412, 1.28078819, 1.25944174, 5e+15, 1.18492028e-07, 2.35473868e-06, 0.0101659855, 47.3371421, -2.29865439e-06, -1.15608519e-07, -36.7597488, 5.10864222e-07, 2.59813553e-08, 29.8249207, 0, 1.20002037e-08, 1.20002037e-08, 1.40570109, 1.40570109, 0, 0.27, 3.332, 0, -2.41426291e-06, 5.36845578e-07, 0, 1.5e+15, 1.29227516e-08, 2.67693108e-08, 2e+18, 1.89757084e+15
18.0390625, 0, 0, 1.5e+15, 0, 8.95268977e-22, 3.718e+18, 6.44e+20, 4.85, 4, 510.06803, 35.2850363, 1.25944174, 571345.499, 1000248.98, 494545.663, 1004236.15, 2.47323039e-06, -508.476137, -511.678234, 1.5e+15, 1.09049354e+17, -567345.481, 67489.1439, 300.003587, 35.2850363, 116.263412, 1.28078819, 1.25944174, 1.5e+15, 1.18492028e-07, 2.35473868e-06, 0.0101659855, 47.3371421, -2.29865439e-06, -1.15608519e-07, -36.7597488, 5.10864222e-07, 2.59813553e-08, 29.8249207, 0, 1.20002037e-08, 1.20002037e-08, 1.40570109, 1.40570109, 0, 0.27, 3.332, 0, -2.41426291e-06, 5.36845578e-07, 0, 1.5e+15, 1.29227516e-08, 2.67693108e-08, 2e+18, 1.89757084e+15
18.234375, 0, 0, 1.5e+15, 0, 8.9523868e-22, 3.718e+18, 6.44e+20, 4.85, 4, 521.135461, 35.2944372, 1.25944174, 570690.203, 299979.085, 415306.832, 926100.642, 1.66559142e-06, -519.548082, -522.743571, 1.5e+15, 9.1559955e+16, -566767.733, 66795.5387, 300.003478, 35.2944372, 116.264008, 1.28078819, 1.25944174, 1.5e+15, 1.00630439e-07, 1.56751194e-06, 0.00989964521, 46.1623773, -1.45773298e-06, -9.95923767e-08, -33.8429937, 5.76288316e-07, 1.44167859e-08, 31.3945354, 0, 1.20001976e-08, 1.20001976e-08, 0.922153995, 0.922153995, 0, 0.27, 3.332, 0, -1.55732536e-06, 5.90705102e-07, 0, 1.5e+15, 2.50120754e-08, 7.07918826e-08, 2e+18, 2.11332512e+15
18.234375, 0, 0, 5e+15, 0, 8.9523868e-22, 3.718e+18, 6.44e+20, 4.85, 4, 521.135461, 35.2944372, 1.25944174, 570972.086, 299979.085, 415306.832, 926100.642, 1.66559142e-06, -519.548082, -522.743571, 5e+15, 9.1559955e+16, -566715.636, 69588.15, 300.003478, 35.2944372, 116.264008, 1.28078819, 1.25944174, 5e+15, 1.00630439e-07, 1.56751194e-06, 0.00989964521, 46.1623773, -1.45773298e-06, -9.95923767e-08, -33.8429937, 5.76288316e-07, 1.44167859e-08, 31.3945354, 0, 1.20001976e-08, 1.20001976e-08, 0.922153995, 0.922153995, 0, 0.27, 3.332, 0, -1.55732536e-06, 5.90705102e-07, 0, 1.5e+15, 2.50120754e-08, 7.07918826e-08, 2e+18, 2.11332512e+15
18.4296875, 0, 0, 5e+15, 0, 8.95172128e-22, 3.718e+18, 6.44e+20, 4.85, 4, 532.207395, 35.2800856, 1.25944174, 570858.773, 658625.755, 326739.4, 786543.632, 1.64700899e-06, -530.626216, -533.811283, 5e+15, 7.20426879e+16, -566679.261, 68951.8191, 300.003241, 35.2800856, 116.26541, 1.28078819, 1.25944174, 5e+15, 9.26395722e-08, 1.55437077e-06, 0.00981245677, 45.8442521, -1.51834054e-06, -9.03802163e-08, -35.164368, 3.32731868e-07, 2.03348678e-08, 29.4136478, 0, 1.20001841e-08, 1.20001841e-08, 0.935707453, 0.935707453, 0, 0.27, 3.332, 0, -1.60872076e-06, 3.53066736e-07, 0, 1.5e+15, 1.32268201e-08, 2.63822564e-08, 2e+18, 1.8221636e+15
18.4296875, 0, 0, 1.5e+15, 0, 8.95172128e-22, 3.718e+18, 6.44e+20, 4.85, 4, 532.207395, 35.2800856, 1.25944174, 571031.292, 658625.755, 326739.4, 786543.632, 1.64700899e-06, -530.626216, -533.811283, 1.5e+15, 7.20426879e+16, -567179.086, 66216.4666, 300.003241, 35.2800856, 116.26541, 1.28078819, 1.25944174, 1.5e+15, 9.26395722e-08, 1.55437077e-06, 0.00981245677, 45.8442521, -1.51834054e-06, -9.03802163e-08, -35.164368, 3.32731868e-07, 2.03348678e-08, 29.4136478, 0, 1.20001841e-08, 1.20001841e-08, 0.935707453, 0.935707453, 0, 0.27, 3.332, 0, -1.60872076e-06, 3.53066736e-07, 0, 1.5e+15, 1.32268201e-08, 2.63822564e-08, 2e+18, 1.8221636e+15
18.625, 0, 0, 1.5e+15, 0, 8.95153003e-22, 3.718e+18, 6.44e+20, 4.85, 4, 543.269376, 35.3118227, 1.25944174, 570070.084, 204546.31, 273896.012, 723460.676, 1.10824421e-06, -541.692758, -544.871103, 1.5e+15, 6.03782889e+16, -566286.028, 65574.6535, 300.003172, 35.3118227, 116.265914, 1.28078819, 1.25944174, 1.5e+15, 7.8426213e-08, 1.03168038e-06, 0.00955632356, 44.7345072, -9.62316334e-07, -7.76331353e-08, -32.255072, 3.71902783e-07, 1.11250704e-08, 30.9965556, 0, 1.20001802e-08, 1.20001802e-08, 0.614083161, 0.614083161, 0, 0.27, 3.332, 0, -1.03994947e-06, 3.83027853e-07, 0, 1.5e+15, 2.53653107e-08, 6.84171638e-08, 2e+18, 2.02192345e+15
18.625, 0, 0, 5e+15, 0, 8.95153003e-22, 3.718e+18, 6.44e+20, 4.85, 4, 543.269376, 35.3118227, 1.25944174, 570428.539, 204546.31, 273896.012, 723460.676, 1.10824421e-06, -541.692758, -544.871103, 5e+15, 6.03782889e+16, -566302.327, 68486.4418, 300.003172, 35.3118227, 116.265914, 1.28078819, 1.25944174, 5e+15, 7.8426213e-08, 1.03168038e-06, 0.00955632356, 44.7345072, -9.62316334e-07, -7.76331353e-08, -32.255072, 3.71902783e-07, 1.11250704e-08, 30.9965556, 0, 1.20001802e-08, 1.20001802e-08, 0.614083161, 0.614083161, 0, 0.27, 3.332, 0, -1.03994947e-06, 3.83027853e-07, 0, 1.5e+15, 2.53653107e-08, 6.84171638e-08, 2e+18, 2.02192345e+15
18.8203125, 0, 0, 5e+15, 0, 8.95092246e-22, 3.718e+18, 6.44e+20, 4.85, 4, 554.327943, 35.3227251, 1.25944174, 569949.491, 416990.527, 215608.425, 612656.931, 1.09642769e-06, -552.75751, -555.925373, 5e+15, 4.75337399e+16, -565889.603, 67907.1399, 300.002955, 35.3227251, 116.267061, 1.28078819, 1.25944174, 5e+15, 7.19893836e-08, 1.02444087e-06, 0.00945514646, 44.2701367, -1.00134078e-06, -7.02305781e-08, -33.3636794, 2.16323214e-07, 1.5815728e-08, 29.0982801, 0, 1.20001679e-08, 1.20001679e-08, 0.621873322, 0.621873322, 0, 0.27, 3.332, 0, -1.07157136e-06, 2.32138942e-07, 0, 1.5e+15, 1.30087711e-08, 2.50032173e-08, 2e+18, 1.74718182e+15
18.8203125, 0, 0, 1.5e+15, 0, 8.95092246e-22, 3.718e+18, 6.44e+20, 4.85, 4, 554.327943, 35.3227251, 1.25944174, 569995.177, 416990.527, 215608.425, 612656.931, 1.09642769e-06, -552.75751, -555.925373, 1.5e+15, 4.75337399e+16, -566266.79, 65087.8223, 300.002955, 35.3227251, 116.267061, 1.28078819, 1.25944174, 1.5e+15, 7.19893836e-08, 1.02444087e-06, 0.00945514646, 44.2701367, -1.00134078e-06, -7.02305781e-08, -33.3636794, 2.16323214e-07, 1.5815728e-08, 29.0982801, 0, 1.20001679e-08, 1.20001679e-08, 0.621873322, 0.621873322, 0, 0.27, 3.332, 0, -1.07157136e-06, 2.32138942e-07, 0, 1.5e+15, 1.30087711e-08, 2.50032173e-08, 2e+18, 1.74718182e+15
19.015625, 0, 0, 1.5e+15, 0, 8.95081017e-22, 3.718e+18, 6.44e+20, 4.85, 4, 565.3702, 35.3748916, 1.25944174, 568760.79, 133987.457, 180421.384, 562936.573, 7.37871599e-07, -563.804373, -566.965442, 1.5e+15, 3.9765878e+16, -565091.87, 64498.1713, 300.002915, 35.3748916, 116.267485, 1.28078819, 1.25944174, 1.5e+15, 6.0861921e-08, 6.78361717e-07, 0.00920769839, 43.2601285, -6.34504453e-07, -6.0256446e-08, -30.4869073, 2.39955659e-07, 8.56353563e-09, 30.69181, 0, 1.20001656e-08, 1.20001656e-08, 0.408683198, 0.408683198, 0, 0.27, 3.332, 0, -6.94760899e-07, 2.48519194e-07, 0, 1.5e+15, 2.46976164e-08, 6.36889541e-08, 2e+18, 1.93165374e+15
19.015625, 0, 0, 5e+15, 0, 8.95081017e-22, 3.718e+18, 6.44e+20, 4.85, 4, 565.3702, 35.3748916, 1.25944174, 569184.944, 133987.457, 180421.384, 562936.573, 7.37871599e-07, -563.804373, -566.965442, 5e+15, 3.9765878e+16, -565170.528, 67481.666, 300.002915, 35.3748916, 116.267485, 1.28078819, 1.25944174, 5e+15, 6.0861921e-08, 6.78361717e-07, 0.00920769839, 43.2601285, -6.34504453e-07, -6.0256446e-08, -30.4869073, 2.39955659e-07, 8.56353563e-09, 30.69181, 0, 1.20001656e-08, 1.20001656e-08, 0.408683198, 0.408683198, 0, 0.27, 3.332, 0, -6.94760899e-07, 2.48519194e-07, 0, 1.5e+15, 2.46976164e-08, 6.36889541e-08, 2e+18, 1.93165374e+15
19.2109375, 0, 0, 5e+15, 0, 8.95024877e-22, 3.718e+18, 6.44e+20, 4.85, 4, 576.401844, 35.4089183, 1.25944174, 568374.803, 254575.996, 142091.46, 476279.832, 7.29956745e-07, -574.842191, -577.992765, 5e+15, 3.1319704e+16, -564416.822, 66959.4411, 300.002714, 35.4089183, 116.268422, 1.28078819, 1.25944174, 5e+15, 5.58182482e-08, 6.7414191e-07, 0.00909475958, 42.6406456, -6.5932179e-07, -5.44536178e-08, -31.3910636, 1.40577705e-07, 1.22670429e-08, 28.8587211, 0, 1.20001542e-08, 1.20001542e-08, 0.412852714, 0.412852714, 0, 0.27, 3.332, 0, -7.13775408e-07, 1.52844748e-07, 0, 1.5e+15, 1.23119857e-08, 2.28625018e-08, 2e+18, 1.67332169e+15
19.2109375, 0, 0, 1.5e+15, 0, 8.95024877e-22, 3.718e+18, 6.44e+20, 4.85, 4, 576.401844, 35.4089183, 1.25944174, 568304.402, 254575.996, 142091.46, 476279.832, 7.29956745e-07, -574.842191, -577.992765, 1.5e+15, 3.1319704e+16, -564677.794, 64100.5657, 300.002714, 35.4089183, 116.268422, 1.28078819, 1.25944174, 1.5e+15, 5.58182482e-08, 6.7414191e-07, 0.00909475958, 42.6406456, -6.5932179e-07, -5.44536178e-08, -31.3910636, 1.40577705e-07, 1.22670429e-08, 28.8587211, 0, 1.20001542e-08, 1.20001542e-08, 0.412852714, 0.412852714, 0, 0.27, 3.332, 0, -7.13775408e-07, 1.52844748e-07, 0, 1.5e+15, 1.23119857e-08, 2.28625018e-08, 2e+18, 1.67332169e+15
19.40625, 0, 0, 1.5e+15, 0, 8.95019073e-22, 3.718e+18, 6.44e+20, 4.85, 4, 587.411463, 35.4797464, 1.25944174, 566830.263, 84613.8624, 118710.437, 438053.987, 4.91877647e-07, -585.856458, -589.000222, 1.5e+15, 2.61573715e+16, -563254.961, 63564.1094, 300.002694, 35.4797464, 116.268777, 1.28078819, 1.25944174, 1.5e+15, 4.72358729e-08, 4.45623509e-07, 0.00885438564, 41.7597341, -4.17847066e-07, -4.67722831e-08, -28.5666742, 1.54868141e-07, 6.60160754e-09, 30.4601464, 0, 1.2000153e-08, 1.2000153e-08, 0.272003703, 0.272003703, 0, 0.27, 3.332, 0, -4.64619349e-07, 1.61469749e-07, 0, 1.5e+15, 2.31386949e-08, 5.72893115e-08, 2e+18, 1.84317241e+15
19.40625, 0, 0, 5e+15, 0, 8.95019073e-22, 3.718e+18, 6.44e+20, 4.85, 4, 587.411463, 35.4797464, 1.25944174, 567309.859, 84613.8624, 118710.437, 438053.987, 4.91877647e-07, -585.856458, -589.000222, 5e+15, 2.61573715e+16, -563389.946, 66575.1069, 300.002694, 35.4797464, 116.268777, 1.28078819, 1.25944174, 5e+15, 4.72358729e-08, 4.45623509e-07, 0.00885438564, 41.7597341, -4.17847066e-07, -4.67722831e-08, -28.5666742, 1.54868141e-07, 6.60160754e-09, 30.4601464, 0, 1.2000153e-08, 1.2000153e-08, 0.272003703, 0.272003703, 0, 0.27, 3.332, 0, -4.64619349e-07, 1.61469749e-07, 0, 1.5e+15, 2.31386949e-08, 5.72893115e-08, 2e+18, 1.84317241e+15
19.6015625, 0, 0, 5e+15, 0, 8.94966676e-22, 3.718e+18, 6.44e+20, 4.85, 4, 598.403991, 35.5349041, 1.25944174, 566203.466, 150420.296, 93532.895, 371218.214, 4.86414612e-07, -596.855147, -599.98847, 5e+15, 2.06099854e+16, -562330.679, 66110.3075, 300.002506, 35.5349041, 116.269539, 1.28078819, 1.25944174, 5e+15, 4.33966816e-08, 4.4302163e-07, 0.00873132841, 40.9791593, -4.33495657e-07, -4.23371054e-08, -29.2722115, 9.13765862e-08, 9.53107963e-09, 28.6780252, 0, 1.20001424e-08, 1.20001424e-08, 0.274045047, 0.274045047, 0, 0.27, 3.332, 0, -4.75832762e-07, 1.00907666e-07, 0, 1.5e+15, 1.12414277e-08, 2.02332706e-08, 2e+18, 1.60102477e+15
19.6015625, 0, 0, 1.5e+15, 0, 8.94966676e-22, 3.718e+18, 6.44e+20, 4.85, 4, 598.403991, 35.5349041, 1.25944174, 566025.856, 150420.296, 93532.895, 371218.214, 4.86414612e-07, -596.855147, -599.98847, 1.5e+15, 2.06099854e+16, -562480.359, 63254.3737, 300.002506, 35.5349041, 116.269539, 1.28078819, 1.25944174, 1.5e+15, 4.33966816e-08, 4.4302163e-07, 0.00873132841, 40.9791593, -4.33495657e-07, -4.23371054e-08, -29.2722115, 9.13765862e-08, 9.53107963e-09, 28.6780252, 0, 1.20001424e-08, 1.20001424e-08, 0.274045047, 0.274045047, 0, 0.27, 3.332, 0, -4.75832762e-07, 1.00907666e-07, 0, 1.5e+15, 1.12414277e-08, 2.02332706e-08, 2e+18, 1.60102477e+15
19.796875, 0, 0, 1.5e+15, 0, 8.94964538e-22, 3.718e+18, 6.44e+20, 4.85, 4, 609.369423, 35.6226985, 1.25944174, 564347.66, 51769.7108, 78029.7096, 342665.236, 3.28659245e-07, -607.825265, -610.951834, 1.5e+15, 1.71863292e+16, -560845.548, 62773.8248, 300.002499, 35.6226985, 116.26983, 1.28078819, 1.25944174, 1.5e+15, 3.687237e-08, 2.92504298e-07, 0.0084964566, 40.252312, -2.74871047e-07, -3.65147074e-08, -26.5159897, 1.00023356e-07, 5.12326179e-09, 30.2844996, 0, 1.20001419e-08, 1.20001419e-08, 0.181271259, 0.181271259, 0, 0.27, 3.332, 0, -3.11385754e-07, 1.05146618e-07, 0, 1.5e+15, 2.09198915e-08, 4.99523548e-08, 2e+18, 1.75698067e+15
19.796875, 0, 0, 5e+15, 0, 8.94964538e-22, 3.718e+18, 6.44e+20, 4.85, 4, 609.369423, 35.6226985, 1.25944174, 564872.611, 51769.7108, 78029.7096, 342665.236, 3.28659245e-07, -607.825265, -610.951834, 5e+15, 1.71863292e+16, -561030.737, 65769.1358, 300.002499, 35.6226985, 116.26983, 1.28078819, 1.25944174, 5e+15, 3.687237e-08, 2.92504298e-07, 0.0084964566, 40.252312, -2.74871047e-07, -3.65147074e-08, -26.5159897, 1.00023356e-07, 5.12326179e-09, 30.2844996, 0, 1.20001419e-08, 1.20001419e-08, 0.181271259, 0.181271259, 0, 0.27, 3.332, 0, -3.11385754e-07, 1.05146618e-07, 0, 1.5e+15, 2.09198915e-08, 4.99523548e-08, 2e+18, 1.75698067e+15
19.9921875, 0, 0, 5e+15, 0, 8.94915288e-22, 3.718e+18, 6.44e+20, 4.85, 4, 620.31202, 35.6970289, 1.25944174, 563505.892, 86399.0201, 61508.6594, 291828.311, 3.24852953e-07, -618.774012, -621.890279, 5e+15, 1.35469367e+16, -559702.204, 65363.0864, 300.002323, 35.6970289, 116.270445, 1.28078819, 1.25944174, 5e+15, 3.40527994e-08, 2.90803627e-07, 0.00836453326, 39.3074177, -2.84665647e-07, -3.3225187e-08, -27.0267013, 5.94324728e-08, 7.46190943e-09, 28.5417326, 0, 1.20001319e-08, 1.20001319e-08, 0.182141094, 0.182141094, 0, 0.27, 3.332, 0, -3.17890834e-07, 6.68943822e-08, 0, 1.5e+15, 9.93131299e-09, 1.73861097e-08, 2e+18, 1.53062003e+15
19.9921875, 0, 0, 1.5e+15, 0, 8.94915288e-22, 3.718e+18, 6.44e+20, 4.85, 4, 620.31202, 35.6970289, 1.25944174, 563227.991, 86399.0201, 61508.6594, 291828.311, 3.24852953e-07, -618.774012, -621.890279, 1.5e+15, 1.35469367e+16, -559743.619, 62552.7867, 300.002323, 35.6970289, 116.270445, 1.28078819, 1.25944174, 1.5e+15, 3.40527994e-08, 2.90803627e-07, 0.00836453326, 39.3074177, -2.84665647e-07, -3.3225187e-08, -27.0267013, 5.94324728e-08, 7.46190943e-09, 28.5417326, 0, 1.20001319e-08, 1.20001319e-08, 0.182141094, 0.182141094, 0, 0.27, 3.332, 0, -3.17890834e-07, 6.68943822e-08, 0, 1.5e+15, 9.93131299e-09, 1.73861097e-08, 2e+18, 1.53062003e+15
20.1875, 0, 0, 1.5e+15, 0, 8.94915534e-22, 3.718e+18, 6.44e+20, 4.85, 4, 631.223117, 35.800071, 1.25944174, 561385.143, 30886.774, 51249.4723, 271350.285, 2.2052569e-07, -629.689826, -632.799495, 1.5e+15, 1.12807257e+16, -557936.151, 62133.168, 300.002324, 35.800071, 116.270678, 1.28078819, 1.25944174, 1.5e+15, 2.91736864e-08, 1.9188372e-07, 0.00813369666, 38.7558436, -1.80656641e-07, -2.8893877e-08, -24.3511655, 6.46725584e-08, 4.03086253e-09, 30.1502264, 0, 1.2000132e-08, 1.2000132e-08, 0.121207978, 0.121207978, 0, 0.27, 3.332, 0, -2.09550518e-07, 6.8703421e-08, 0, 1.5e+15, 1.83116772e-08, 4.2356482e-08, 2e+18, 1.67339411e+15
20.1875, 0, 0, 5e+15, 0, 8.94915534e-22, 3.718e+18, 6.44e+20, 4.85, 4, 631.223117, 35.800071, 1.25944174, 561945.079, 30886.774, 51249.4723, 271350.285, 2.2052569e-07, -629.689826, -632.799495, 5e+15, 1.12807257e+16, -558165.196, 65068.3165, 300.002324, 35.800071, 116.270678, 1.28078819, 1.25944174, 5e+15, 2.91736864e-08, 1.9188372e-07, 0.00813369666, 38.7558436, -1.80656641e-07, -2.8893877e-08, -24.3511655, 6.46725584e-08, 4.03086253e-09, 30.1502264, 0, 1.2000132e-08, 1.2000132e-08, 0.121207978, 0.121207978, 0, 0.27, 3.332, 0, -2.09550518e-07, 6.8703421e-08, 0, 1.5e+15, 1.83116772e-08, 4.2356482e-08, 2e+18, 1.67339411e+15
20.3828125, 0, 0, 5e+15, 0, 8.94868897e-22, 3.718e+18, 6.44e+20, 4.85, 4, 642.106401, 35.8915475, 1.25944174, 560355.938, 48512.6319, 40417.3275, 233332.504, 2.17920977e-07, -640.579248, -643.678877, 5e+15, 8.8952762e+15, -556605.45, 64723.6511, 300.002157, 35.8915475, 116.271166, 1.28078819, 1.25944174, 5e+15, 2.72171924e-08, 1.90706647e-07, 0.00799389278, 37.6463051, -1.86740959e-07, -2.65624111e-08, -24.6690566, 3.8689008e-08, 5.93412854e-09, 28.4373335, 0, 1.20001225e-08, 1.20001225e-08, 0.121497188, 0.121497188, 0, 0.27, 3.332, 0, -2.1330337e-07, 4.46231366e-08, 0, 1.5e+15, 8.51734498e-09, 1.4554672e-08, 2e+18, 1.46226524e+15
20.3828125, 0, 0, 1.5e+15, 0, 8.94868897e-22, 3.718e+18, 6.44e+20, 4.85, 4, 642.106401, 35.8915475, 1.25944174, 559982.777, 48512.6319, 40417.3275, 233332.504, 2.17920977e-07, -640.579248, -643.678877, 1.5e+15, 8.8952762e+15, -556539.476, 62004.2076, 300.002157, 35.8915475, 116.271166, 1.28078819, 1.25944174, 1.5e+15, 2.72171924e-08, 1.90706647e-07, 0.00799389278, 37.6463051, -1.86740959e-07, -2.65624111e-08, -24.6690566, 3.8689008e-08, 5.93412854e-09, 28.4373335, 0, 1.20001225e-08, 1.20001225e-08, 0.121497188, 0.121497188, 0, 0.27, 3.332, 0, -2.1330337e-07, 4.46231366e-08, 0, 1.5e+15, 8.51734498e-09, 1.4554672e-08, 2e+18, 1.46226524e+15
20.578125, 0, 0, 1.5e+15, 0, 8.94870437e-22, 3.718e+18, 6.44e+20, 4.85, 4, 652.954483, 36.0079993, 1.25944174, 558019.779, 18131.0086, 33640.9335, 219700.967, 1.49080692e-07, -651.432074, -654.525403, 1.5e+15, 7.39784357e+15, -554603.409, 61653.3275, 300.002162, 36.0079993, 116.271342, 1.28078819, 1.25944174, 1.5e+15, 2.3657417e-08, 1.25827137e-07, 0.00776576212, 37.2877802, -1.18653132e-07, -2.34334738e-08, -22.0840089, 4.18796207e-08, 3.24741163e-09, 30.044552, 0, 1.20001228e-08, 1.20001228e-08, 0.081600852, 0.081600852, 0, 0.27, 3.332, 0, -1.42086606e-07, 4.51270323e-08, 0, 1.5e+15, 1.55729824e-08, 3.50509528e-08, 2e+18, 1.59257555e+15
20.578125, 0, 0, 5e+15, 0, 8.94870437e-22, 3.718e+18, 6.44e+20, 4.85, 4, 652.954483, 36.0079993, 1.25944174, 558603.56, 18131.0086, 33640.9335, 219700.967, 1.49080692e-07, -651.432074, -654.525403, 5e+15, 7.39784357e+15, -554869.578, 64480.137, 300.002162, 36.0079993, 116.271342, 1.28078819, 1.25944174, 5e+15, 2.3657417e-08, 1.25827137e-07, 0.00776576212, 37.2877802, -1.18653132e-07, -2.34334738e-08, -22.0840089, 4.18796207e-08, 3.24741163e-09, 30.044552, 0, 1.20001228e-08, 1.20001228e-08, 0.081600852, 0.081600852, 0, 0.27, 3.332, 0, -1.42086606e-07, 4.51270323e-08, 0, 1.5e+15, 1.55729824e-08, 3.50509528e-08, 2e+18, 1.59257555e+15
20.7734375, 0, 0, 5e+15, 0, 8.94825878e-22, 3.718e+18, 6.44e+20, 4.85, 4, 663.770597, 36.1144106, 1.25944174, 556833.037, 26840.0577, 26542.3738, 192064.621, 1.47427645e-07, -662.254314, -665.338042, 5e+15, 5.83534952e+15, -553119.545, 64201.2474, 300.002003, 36.1144106, 116.271717, 1.28078819, 1.25944174, 5e+15, 2.24590507e-08, 1.24970591e-07, 0.00761888042, 36.0165868, -1.22400957e-07, -2.19293273e-08, -22.2093822, 2.52121852e-08, 4.84907842e-09, 28.3537981, 0, 1.20001138e-08, 1.20001138e-08, 0.0816754507, 0.0816754507, 0, 0.27, 3.332, 0, -1.44330284e-07, 3.00612636e-08, 0, 1.5e+15, 7.116836e-09, 1.1915746e-08, 2e+18, 1.39605692e+15
20.7734375, 0, 0, 1.5e+15, 0, 8.94825878e-22, 3.718e+18, 6.44e+20, 4.85, 4, 663.770597, 36.1144106, 1.25944174, 556367.856, 26840.0577, 26542.3738, 192064.621, 1.47427645e-07, -662.254314, -665.338042, 1.5e+15, 5.83534952e+15, -552944.687, 61622.7573, 300.002003, 36.1144106, 116.271717, 1.28078819, 1.25944174, 1.5e+15, 2.24590507e-08, 1.24970591e-07, 0.00761888042, 36.0165868, -1.22400957e-07, -2.19293273e-08, -22.2093822, 2.52121852e-08, 4.84907842e-09, 28.3537981, 0, 1.20001138e-08, 1.20001138e-08, 0.0816754507, 0.0816754507, 0, 0.27, 3.332, 0, -1.44330284e-07, 3.00612636e-08, 0, 1.5e+15, 7.116836e-09, 1.1915746e-08, 2e+18, 1.39605692e+15
20.96875, 0, 0, 1.5e+15, 0, 8.94827807e-22, 3.718e+18, 6.44e+20, 4.85, 4, 674.548569, 36.2421929, 1.25944174, 554336.107, 10617.8345, 22074.3892, 184600.831, 1.02172677e-07, -673.037052, -676.11499, 1.5e+15, 4.84752305e+15, -550930.562, 61351.7403, 300.00201, 36.2421929, 116.271833, 1.28078819, 1.25944174, 1.5e+15, 1.99956697e-08, 8.24960031e-08, 0.00739227787, 35.8654814, -7.78917242e-08, -1.98099397e-08, -19.7222549, 2.71748014e-08, 2.71902434e-09, 29.9560581, 0, 1.20001142e-08, 1.20001142e-08, 0.0556727466, 0.0556727466, 0, 0.27, 3.332, 0, -9.77016639e-08, 2.98938257e-08, 0, 1.5e+15, 1.2917619e-08, 2.84218459e-08, 2e+18, 1.51465667e+15
20.96875, 0, 0, 5e+15, 0, 8.94827807e-22, 3.718e+18, 6.44e+20, 4.85, 4, 674.548569, 36.2421929, 1.25944174, 554931.271, 10617.8345, 22074.3892, 184600.831, 1.02172677e-07, -673.037052, -676.11499, 5e+15, 4.84752305e+15, -551226.518, 64015.9463, 300.00201, 36.2421929, 116.271833, 1.28078819, 1.25944174, 5e+15, 1.99956697e-08, 8.24960031e-08, 0.00739227787, 35.8654814, -7.78917242e-08, -1.98099397e-08, -19.7222549, 2.71748014e-08, 2.71902434e-09, 29.9560581, 0, 1.20001142e-08, 1.20001142e-08, 0.0556727466, 0.0556727466, 0, 0.27, 3.332, 0, -9.77016639e-08, 2.98938257e-08, 0, 1.5e+15, 1.2917619e-08, 2.84218459e-08, 2e+18, 1.51465667e+15
21.1640625, 0, 0, 5e+15, 0, 8.9478491e-22, 3.718e+18, 6.44e+20, 4.85, 4, 685.291322, 36.3609964, 1.25944174, 553025.048, 14821.7796, 17423.4742, 165817.739, 1.0138597e-07, -683.785921, -686.854969, 5e+15, 3.82451743e+15, -549331.466, 63809.437, 300.001857, 36.3609964, 116.272103, 1.28078819, 1.25944174, 5e+15, 1.95386242e-08, 8.18483481e-08, 0.00723899725, 34.4396215, -8.01781105e-08, -1.90944144e-08, -19.6536571, 1.64506135e-08, 4.14260472e-09, 28.281112, 0, 1.20001055e-08, 1.20001055e-08, 0.0557837368, 0.0557837368, 0, 0.27, 3.332, 0, -9.92725249e-08, 2.05932182e-08, 0, 1.5e+15, 5.81775777e-09, 9.58356844e-09, 2e+18, 1.33208012e+15
21.1640625, 0, 0, 1.5e+15, 0, 8.9478491e-22, 3.718e+18, 6.44e+20, 4.85, 4, 685.291322, 36.3609964, 1.25944174, 552469.287, 14821.7796, 17423.4742, 165817.739, 1.0138597e-07, -683.785921, -686.854969, 1.5e+15, 3.82451743e+15, -549043.482, 61429.3792, 300.001857, 36.3609964, 116.272103, 1.28078819, 1.25944174, 1.5e+15, 1.95386242e-08, 8.18483481e-08, 0.00723899725, 34.4396215, -8.01781105e-08, -1.90944144e-08, -19.6536571, 1.64506135e-08, 4.14260472e-09, 28.281112, 0, 1.20001055e-08, 1.20001055e-08, 0.0557837368, 0.0557837368, 0, 0.27, 3.332, 0, -9.92725249e-08, 2.05932182e-08, 0, 1.5e+15, 5.81775777e-09, 9.58356844e-09, 2e+18, 1.33208012e+15
21.359375, 0, 0, 1.5e+15, 0, 8.94786534e-22, 3.718e+18, 6.44e+20, 4.85, 4, 695.993848, 36.4976417, 1.25944174, 550429.388, 6353.61381, 14482.7963, 164757.582, 7.19121475e-08, -694.493226, -697.557329, 1.5e+15, 3.17391142e+15, -547010.538, 61253.4234, 300.001863, 36.4976417, 116.272153, 1.28078819, 1.25944174, 1.5e+15, 1.80895627e-08, 5.40898594e-08, 0.00701289983, 34.5066266, -5.11188231e-08, -1.79267657e-08, -17.2696928, 1.76798987e-08, 2.42143524e-09, 29.8741525, 0, 1.20001058e-08, 1.20001058e-08, 0.0390079863, 0.0390079863, 0, 0.27, 3.332, 0, -6.90455888e-08, 2.01013339e-08, 0, 1.5e+15, 1.04980855e-08, 2.2691356e-08, 2e+18, 1.4397485e+15
21.359375, 0, 0, 5e+15, 0, 8.94786534e-22, 3.718e+18, 6.44e+20, 4.85, 4, 695.993848, 36.4976417, 1.25944174, 551021.489, 6353.61381, 14482.7963, 164757.582, 7.19121475e-08, -694.493226, -697.557329, 5e+15, 3.17391142e+15, -547328.073, 63691.9231, 300.001863, 36.4976417, 116.272153, 1.28078819, 1.25944174, 5e+15, 1.80895627e-08, 5.40898594e-08, 0.00701289983, 34.5066266, -5.11188231e-08, -1.79267657e-08, -17.2696928, 1.76798987e-08, 2.42143524e-09, 29.8741525, 0, 1.20001058e-08, 1.20001058e-08, 0.0390079863, 0.0390079863, 0, 0.27, 3.332, 0, -6.90455888e-08, 2.01013339e-08, 0, 1.5e+15, 1.04980855e-08, 2.2691356e-08, 2e+18, 1.4397485e+15
21.5546875, 0, 0, 5e+15, 0, 8.94744998e-22, 3.718e+18, 6.44e+20, 4.85, 4, 706.658921, 36.6257904, 1.25944174, 549031.712, 8369.52987, 11435.2038, 154632.213, 7.21090075e-08, -705.164406, -708.220763, 5e+15, 2.50426273e+15, -545339.377, 63567.1664, 300.001714, 36.6257904, 116.272321, 1.28078819, 1.25944174, 5e+15, 1.8521537e-08, 5.35876286e-08, 0.00685381877, 32.9380895, -5.24982479e-08, -1.8126994e-08, -17.0037347, 1.07502512e-08, 3.80255454e-09, 28.2097634, 0, 1.20000974e-08, 1.20000974e-08, 0.0393918195, 0.0393918195, 0, 0.27, 3.332, 0, -7.0625242e-08, 1.45528058e-08, 0, 1.5e+15, 4.67571264e-09, 7.61485702e-09, 2e+18, 1.27041166e+15
21.5546875, 0, 0, 1.5e+15, 0, 8.94744998e-22, 3.718e+18, 6.44e+20, 4.85, 4, 706.658921, 36.6257904, 1.25944174, 548384.902, 8369.52987, 11435.2038, 154632.213, 7.21090075e-08, -705.164406, -708.220763, 1.5e+15, 2.50426273e+15, -544930.708, 61453.4265, 300.001714, 36.6257904, 116.272321, 1.28078819, 1.25944174, 1.5e+15, 1.8521537e-08, 5.35876286e-08, 0.00685381877, 32.9380895, -5.24982479e-08, -1.8126994e-08, -17.0037347, 1.07502512e-08, 3.80255454e-09, 28.2097634, 0, 1.20000974e-08, 1.20000974e-08, 0.0393918195, 0.0393918195, 0, 0.27, 3.332, 0, -7.0625242e-08, 1.45528058e-08, 0, 1.5e+15, 4.67571264e-09, 7.61485702e-09, 2e+18, 1.27041166e+15
21.75, 0, 0, 1.5e+15, 0, 8.94745745e-22, 3.718e+18, 6.44e+20, 4.85, 4, 717.282661, 36.7682655, 1.25944174, 546409.645, 4059.74712, 9503.43618, 161951.082, 5.34703512e-08, -715.79293, -718.845698, 1.5e+15, 2.07646402e+15, -542949.737, 61392.8576, 300.001717, 36.7682655, 116.272294, 1.28078819, 1.25944174, 1.5e+15, 1.82354587e-08, 3.54770125e-08, 0.00662735675, 33.2296282, -3.35469277e-08, -1.80797987e-08, -14.7260225, 1.15421858e-08, 2.37756937e-09, 29.7884617, 0, 1.20000975e-08, 1.20000975e-08, 0.0288903502, 0.0288903502, 0, 0.27, 3.332, 0, -5.16267264e-08, 1.39197552e-08, 0, 1.5e+15, 8.4039719e-09, 1.7940443e-08, 2e+18, 1.36795525e+15
21.75, 0, 0, 5e+15, 0, 8.94745745e-22, 3.718e+18, 6.44e+20, 4.85, 4, 717.282661, 36.7682655, 1.25944174, 546981.401, 4059.74712, 9503.43618, 161951.082, 5.34703512e-08, -715.79293, -718.845698, 5e+15, 2.07646402e+15, -543279.441, 63530.3295, 300.001717, 36.7682655, 116.272294, 1.28078819, 1.25944174, 5e+15, 1.82354587e-08, 3.54770125e-08, 0.00662735675, 33.2296282, -3.35469277e-08, -1.80797987e-08, -14.7260225, 1.15421858e-08, 2.37756937e-09, 29.7884617, 0, 1.20000975e-08, 1.20000975e-08, 0.0288903502, 0.0288903502, 0, 0.27, 3.332, 0, -5.16267264e-08, 1.39197552e-08, 0, 1.5e+15, 8.4039719e-09, 1.7940443e-08, 2e+18, 1.36795525e+15
21.9453125, 0, 0, 5e+15, 0, 8.94705329e-22, 3.718e+18, 6.44e+20, 4.85, 4, 727.867895, 36.9019955, 1.25944174, 544968.996, 5070.22223, 7505.53957, 162593.561, 5.51071668e-08, -726.384265, -729.431035, 5e+15, 1.63811813e+15, -541256.803, 63500.2379, 300.001572, 36.9019955, 116.272353, 1.28078819, 1.25944174, 5e+15, 2.00252025e-08, 3.5082153e-08, 0.00646302754, 31.5367766, -3.43688184e-08, -1.96395983e-08, -14.2570754, 7.03859265e-09, 3.91087119e-09, 28.1301276, 0, 1.20000893e-08, 1.20000893e-08, 0.0298896122, 0.0298896122, 0, 0.27, 3.332, 0, -5.40084167e-08, 1.09494638e-08, 0, 1.5e+15, 3.71686533e-09, 6.0195805e-09, 2e+18, 1.21113571e+15
21.9453125, 0, 0, 1.5e+15, 0, 8.94705329e-22, 3.718e+18, 6.44e+20, 4.85, 4, 727.867895, 36.9019955, 1.25944174, 544228.547, 5070.22223, 7505.53957, 162593.561, 5.51071668e-08, -726.384265, -729.431035, 1.5e+15, 1.63811813e+15, -540715.744, 61734.8853, 300.001572, 36.9019955, 116.272353, 1.28078819, 1.25944174, 1.5e+15, 2.00252025e-08, 3.5082153e-08, 0.00646302754, 31.5367766, -3.43688184e-08, -1.96395983e-08, -14.2570754, 7.03859265e-09, 3.91087119e-09, 28.1301276, 0, 1.20000893e-08, 1.20000893e-08, 0.0298896122, 0.0298896122, 0, 0.27, 3.332, 0, -5.40084167e-08, 1.09494638e-08, 0, 1.5e+15, 3.71686533e-09, 6.0195805e-09, 2e+18, 1.21113571e+15
22.140625, 0, 0, 1.5e+15, 0, 8.94704703e-22, 3.718e+18, 6.44e+20, 4.85, 4, 738.411838, 37.0464813, 1.25944174, 542406.871, 2979.25519, 6239.26753, 183692.747, 4.45050002e-08, -736.932986, -739.978133, 1.5e+15, 1.35732776e+15, -538872.825, 61816.6088, 300.00157, 37.0464813, 116.27223, 1.28078819, 1.25944174, 1.5e+15, 2.1453605e-08, 2.32857837e-08, 0.00623548145, 32.0540847, -2.20212706e-08, -2.12833111e-08, -12.0864481, 7.56910572e-09, 2.69774589e-09, 29.6880804, 0, 1.20000892e-08, 1.20000892e-08, 0.0239728335, 0.0239728335, 0, 0.27, 3.332, 0, -4.33045817e-08, 1.02668516e-08, 0, 1.5e+15, 6.67063403e-09, 1.41475218e-08, 2e+18, 1.29939632e+15
22.140625, 0, 0, 5e+15, 0, 8.94704703e-22, 3.718e+18, 6.44e+20, 4.85, 4, 738.411838, 37.0464813, 1.25944174, 542937.034, 2979.25519, 6239.26753, 183692.747, 4.45050002e-08, -736.932986, -739.978133, 5e+15, 1.35732776e+15, -539203.663, 63561.2483, 300.00157, 37.0464813, 116.27223, 1.28078819, 1.25944174, 5e+15, 2.1453605e-08, 2.32857837e-08, 0.00623548145, 32.0540847, -2.20212706e-08, -2.12833111e-08, -12.0864481, 7.56910572e-09, 2.69774589e-09, 29.6880804, 0, 1.20000892e-08, 1.20000892e-08, 0.0239728335, 0.0239728335, 0, 0.27, 3.332, 0, -4.33045817e-08, 1.02668516e-08, 0, 1.5e+15, 6.67063403e-09, 1.41475218e-08, 2e+18, 1.29939632e+15
22.3359375, 0, 0, 5e+15, 0, 8.9466523e-22, 3.718e+18, 6.44e+20, 4.85, 4, 748.917615, 37.1810454, 1.25944174, 540974.711, 3577.77981, 4928.41598, 201278.068, 4.86199238e-08, -747.444859, -750.486273, 5e+15, 1.07033112e+15, -537217.985, 63643.3331, 300.001429, 37.1810454, 116.272165, 1.28078819, 1.25944174, 5e+15, 2.56479245e-08, 2.29737461e-08, 0.00606644017, 30.2634535, -2.25044398e-08, -2.52079366e-08, -11.4062074, 4.61986982e-09, 4.73032375e-09, 28.0316794, 0, 1.20000812e-08, 1.20000812e-08, 0.0261930947, 0.0261930947, 0, 0.27, 3.332, 0, -4.77123764e-08, 9.35019358e-09, 0, 1.5e+15, 2.94444434e-09, 4.7723891e-09, 2e+18, 1.15436205e+15
22.3359375, 0, 0, 1.5e+15, 0, 8.9466523e-22, 3.718e+18, 6.44e+20, 4.85, 4, 748.917615, 37.1810454, 1.25944174, 540135.609, 3577.77981, 4928.41598, 201278.068, 4.86199238e-08, -747.444859, -750.486273, 1.5e+15, 1.07033112e+15, -536527.506, 62327.4511, 300.001429, 37.1810454, 116.272165, 1.28078819, 1.25944174, 1.5e+15, 2.56479245e-08, 2.29737461e-08, 0.00606644017, 30.2634535, -2.25044398e-08, -2.52079366e-08, -11.4062074, 4.61986982e-09, 4.73032375e-09, 28.0316794, 0, 1.20000812e-08, 1.20000812e-08, 0.0261930947, 0.0261930947, 0, 0.27, 3.332, 0, -4.77123764e-08, 9.35019358e-09, 0, 1.5e+15, 2.94444434e-09, 4.7723891e-09, 2e+18, 1.15436205e+15
22.53125, 0, 0, 1.5e+15, 0, 8.94662808e-22, 3.718e+18, 6.44e+20, 4.85, 4, 759.383521, 37.322661, 1.25944174, 538577.886, 2708.57335, 4100.49707, 247593.722, 4.50299336e-08, -757.91552, -760.957534, 1.5e+15, 8.86408773e+14, -534928.98, 62586.9465, 300.00142, 37.322661, 116.271912, 1.28078819, 1.25944174, 1.5e+15, 2.99501498e-08, 1.53030954e-08, 0.00583723991, 31.001334, -1.44656723e-08, -2.97266933e-08, -9.34098549, 4.99290043e-09, 3.65173663e-09, 29.5605937, 0, 1.20000807e-08, 1.20000807e-08, 0.0241808332, 0.0241808332, 0, 0.27, 3.332, 0, -4.41923655e-08, 8.64463706e-09, 0, 1.5e+15, 5.29337566e-09, 1.12315283e-08, 2e+18, 1.23422812e+15
22.53125, 0, 0, 5e+15, 0, 8.94662808e-22, 3.718e+18, 6.44e+20, 4.85, 4, 759.383521, 37.322661, 1.25944174, 539039.673, 2708.57335, 4100.49707, 247593.722, 4.50299336e-08, -757.91552, -760.957534, 5e+15, 8.86408773e+14, -535247.742, 63824.951, 300.00142, 37.322661, 116.271912, 1.28078819, 1.25944174, 5e+15, 2.99501498e-08, 1.53030954e-08, 0.00583723991, 31.001334, -1.44656723e-08, -2.97266933e-08, -9.34098549, 4.99290043e-09, 3.65173663e-09, 29.5605937, 0, 1.20000807e-08, 1.20000807e-08, 0.0241808332, 0.0241808332, 0, 0.27, 3.332, 0, -4.41923655e-08, 8.64463706e-09, 0, 1.5e+15, 5.29337566e-09, 1.12315283e-08, 2e+18, 1.23422812e+15
22.7265625, 0, 0, 5e+15, 0, 8.94624198e-22, 3.718e+18, 6.44e+20, 4.85, 4, 769.813278, 37.451998, 1.25944174, 537215.894, 3185.33551, 3239.30467, 294100.136, 5.34323972e-08, -768.351371, -771.391741, 5e+15, 6.98425248e+14, -533384.893, 64042.7482, 300.001282, 37.451998, 116.271691, 1.28078819, 1.25944174, 5e+15, 3.8378994e-08, 1.5056667e-08, 0.00566403657, 29.1498831, -1.47460811e-08, -3.77664905e-08, -8.43787386, 3.04241918e-09, 6.82930259e-09, 27.9019349, 0, 1.20000728e-08, 1.20000728e-08, 0.0286063021, 0.0286063021, 0, 0.27, 3.332, 0, -5.25125716e-08, 9.87172176e-09, 0, 1.5e+15, 2.34660774e-09, 3.82764208e-09, 2e+18, 1.10024358e+15
22.7265625, 0, 0, 1.5e+15, 0, 8.94624198e-22, 3.718e+18, 6.44e+20, 4.85, 4, 769.813278, 37.451998, 1.25944174, 536270.321, 3185.33551, 3239.30467, 294100.136, 5.34323972e-08, -768.351371, -771.391741, 1.5e+15, 6.98425248e+14, -532521.004, 63302.7501, 300.001282, 37.451998, 116.271691, 1.28078819, 1.25944174, 1.5e+15, 3.8378994e-08, 1.5056667e-08, 0.00566403657, 29.1498831, -1.47460811e-08, -3.77664905e-08, -8.43787386, 3.04241918e-09, 6.82930259e-09, 27.9019349, 0, 1.20000728e-08, 1.20000728e-08, 0.0286063021, 0.0286063021, 0, 0.27, 3.332, 0, -5.25125716e-08, 9.87172176e-09, 0, 1.5e+15, 2.34660774e-09, 3.82764208e-09, 2e+18, 1.10024358e+15
22.921875, 0, 0, 1.5e+15, 0, 8.94619658e-22, 3.718e+18, 6.44e+20, 4.85, 4, 780.20627, 37.5844575, 1.25944174, 535115.466, 3053.43599, 2699.70912, 384507.865, 5.70928148e-08, -778.749073, -781.791662, 1.5e+15, 5.78247463e+14, -531300.112, 63786.7823, 300.001266, 37.5844575, 116.271253, 1.28078819, 1.25944174, 1.5e+15, 4.72045946e-08, 1.00774573e-08, 0.00543276617, 30.0951936, -9.51517811e-09, -4.68542229e-08, -6.47340963, 3.31911593e-09, 5.74069251e-09, 29.3907408, 0, 1.20000719e-08, 1.20000719e-08, 0.0305244565, 0.0305244565, 0, 0.27, 3.332, 0, -5.6369401e-08, 9.05980845e-09, 0, 1.5e+15, 4.24309671e-09, 9.0842313e-09, 2e+18, 1.1726623e+15
22.921875, 0, 0, 5e+15, 0, 8.94619658e-22, 3.718e+18, 6.44e+20, 4.85, 4, 780.20627, 37.5844575, 1.25944174, 535474.365, 3053.43599, 2699.70912, 384507.865, 5.70928148e-08, -778.749073, -781.791662, 5e+15, 5.78247463e+14, -531590.675, 64375.0679, 300.001266, 37.5844575, 116.271253, 1.28078819, 1.25944174, 5e+15, 4.72045946e-08, 1.00774573e-08, 0.00543276617, 30.0951936, -9.51517811e-09, -4.68542229e-08, -6.47340963, 3.31911593e-09, 5.74069251e-09, 29.3907408, 0, 1.20000719e-08, 1.20000719e-08, 0.0305244565, 0.0305244565, 0, 0.27, 3.332, 0, -5.6369401e-08, 9.05980845e-09, 0, 1.5e+15, 4.24309671e-09, 9.0842313e-09, 2e+18, 1.1726623e+15
23.1171875, 0, 0, 5e+15, 0, 8.94581969e-22, 3.718e+18, 6.44e+20, 4.85, 4, 790.567189, 37.7007819, 1.25944174, 533898.623, 3517.16751, 2132.85419, 475135.912, 7.18851583e-08, -789.116084, -792.158053, 5e+15, 4.55034935e+14, -529956.491, 64760.0014, 300.001131, 37.7007819, 116.270816, 1.28078819, 1.25944174, 5e+15, 6.20042068e-08, 9.88362471e-09, 0.00525599996, 28.2329911, -9.67649779e-09, -6.10019715e-08, -5.33177186, 2.01281593e-09, 1.11032034e-08, 27.7249707, 0, 1.20000643e-08, 1.20000643e-08, 0.0382658967, 0.0382658967, 0, 0.27, 3.332, 0, -7.06784693e-08, 1.31160193e-08, 0, 1.5e+15, 1.90407785e-09, 3.14274936e-09, 2e+18, 1.04898871e+15
23.1171875, 0, 0, 1.5e+15, 0, 8.94581969e-22, 3.718e+18, 6.44e+20, 4.85, 4, 790.567189, 37.7007819, 1.25944174, 532835.622, 3517.16751, 2132.85419, 475135.912, 7.18851583e-08, -789.116084, -792.158053, 1.5e+15, 4.55034935e+14, -528886.051, 64756.0407, 300.001131, 37.7007819, 116.270816, 1.28078819, 1.25944174, 1.5e+15, 6.20042068e-08, 9.88362471e-09, 0.00525599996, 28.2329911, -9.67649779e-09, -6.10019715e-08, -5.33177186, 2.01281593e-09, 1.11032034e-08, 27.7249707, 0, 1.20000643e-08, 1.20000643e-08, 0.0382658967, 0.0382658967, 0, 0.27, 3.332, 0, -7.06784693e-08, 1.31160193e-08, 0, 1.5e+15, 1.90407785e-09, 3.14274936e-09, 2e+18, 1.04898871e+15
23.3125, 0, 0, 1.5e+15, 0, 8.94575141e-22, 3.718e+18, 6.44e+20, 4.85, 4, 800.89654, 37.8159737, 1.25944174, 532260.679, 3883.8675, 1782.62111, 628615.436, 8.26797335e-08, -799.450073, -802.494641, 1.5e+15, 3.76746987e+14, -528211.828, 65526.2961, 300.001107, 37.8159737, 116.270098, 1.28078819, 1.25944174, 1.5e+15, 7.61633728e-08, 6.65746011e-09, 0.00502241258, 29.3630352, -6.27316299e-09, -7.55555917e-08, -3.4597032, 2.2291705e-09, 9.60270322e-09, 29.1585029, 0, 1.20000629e-08, 1.20000629e-08, 0.0439937314, 0.0439937314, 0, 0.27, 3.332, 0, -8.18287547e-08, 1.18318737e-08, 0, 1.5e+15, 3.48075517e-09, 7.60326021e-09, 2e+18, 1.11497241e+15
23.3125, 0, 0, 5e+15, 0, 8.94575141e-22, 3.718e+18, 6.44e+20, 4.85, 4, 800.89654, 37.8159737, 1.25944174, 532471.259, 3883.8675, 1782.62111, 628615.436, 8.26797335e-08, -799.450073, -802.494641, 5e+15, 3.76746987e+14, -528454.173, 65282.6858, 300.001107, 37.8159737, 116.270098, 1.28078819, 1.25944174, 5e+15, 7.61633728e-08, 6.65746011e-09, 0.00502241258, 29.3630352, -6.27316299e-09, -7.55555917e-08, -3.4597032, 2.2291705e-09, 9.60270322e-09, 29.1585029, 0, 1.20000629e-08, 1.20000629e-08, 0.0439937314, 0.0439937314, 0, 0.27, 3.332, 0, -8.18287547e-08, 1.18318737e-08, 0, 1.5e+15, 3.48075517e-09, 7.60326021e-09, 2e+18, 1.11497241e+15
23.5078125, 0, 0, 5e+15, 0, 8.94538633e-22, 3.718e+18, 6.44e+20, 4.85, 4, 811.200463, 37.9092802, 1.25944174, 531281.188, 4281.48003, 1408.49834, 765664.672, 1.04010112e-07, -809.760085, -812.803663, 5e+15, 2.95907609e+14, -527181.19, 65876.3475, 300.000976, 37.9092802, 116.269337, 1.28078819, 1.25944174, 5e+15, 9.75053711e-08, 6.505845e-09, 0.0048427784, 27.5562493, -6.36628879e-09, -9.57786839e-08, -2.05871457, 1.34029334e-09, 1.82685823e-08, 27.4792388, 0, 1.20000555e-08, 1.20000555e-08, 0.0551013128, 0.0551013128, 0, 0.27, 3.332, 0, -1.02144973e-07, 1.96088757e-08, 0, 1.5e+15, 1.5967849e-09, 2.6897914e-09, 2e+18, 1.00086009e+15
23.5078125, 0, 0, 1.5e+15, 0, 8.94538633e-22, 3.718e+18, 6.44e+20, 4.85, 4, 811.200463, 37.9092802, 1.25944174, 530086.675, 4281.48003, 1408.49834, 765664.672, 1.04010112e-07, -809.760085, -812.803663, 1.5e+15, 2.95907609e+14, -525859.117, 66813.7112, 300.000976, 37.9092802, 116.269337, 1.28078819, 1.25944174, 1.5e+15, 9.75053711e-08, 6.505845e-09, 0.0048427784, 27.5562493, -6.36628879e-09, -9.57786839e-08, -2.05871457, 1.34029334e-09, 1.82685823e-08, 27.4792388, 0, 1.20000555e-08, 1.20000555e-08, 0.0551013128, 0.0551013128, 0, 0.27, 3.332, 0, -1.02144973e-07, 1.96088757e-08, 0, 1.5e+15, 1.5967849e-09, 2.6897914e-09, 2e+18, 1.00086009e+15
23.703125, 0, 0, 1.50000001e+15, 0, 8.94529588e-22, 3.718e+18, 6.44e+20, 4.85, 4, 821.480657, 37.9967652, 1.25944174, 530319.783, 4979.55788, 1182.4529, 974176.134, 1.18054323e-07, -820.044801, -823.090083, 1.50000001e+15, 2.45109562e+14, -525948.344, 67951.5344, 300.000944, 37.9967652, 116.268166, 1.28078819, 1.25944174, 1.50000001e+15, 1.13732178e-07, 4.41982948e-09, 0.00460682859, 28.8374573, -4.15107839e-09, -1.12684141e-07, -0.265771998, 1.51770908e-09, 1.54043066e-08, 28.8362325, 0, 1.20000536e-08, 1.20000536e-08, 0.0625937766, 0.0625937766, 0, 0.27, 3.332, 0, -1.16835219e-07, 1.69220157e-08, 0, 1.50000001e+15, 2.96977102e-09, 6.72236453e-09, 2e+18, 1.06147788e+15
23.703125, 0, 0, 5.00000001e+15, 0, 8.94529588e-22, 3.718e+18, 6.44e+20, 4.85, 4, 821.480657, 37.9967652, 1.25944174, 530320.962, 4979.55788, 1182.4529, 974176.134, 1.18054323e-07, -820.044801, -823.090083, 5.00000001e+15, 2.45109562e+14, -526117.163, 66641.2312, 300.000944, 37.9967652, 116.268166, 1.28078819, 1.25944174, 5.00000001e+15, 1.13732178e-07, 4.41982948e-09, 0.00460682859, 28.8374573, -4.15107839e-09, -1.12684141e-07, -0.265771998, 1.51770908e-09, 1.54043066e-08, 28.8362325, 0, 1.20000536e-08, 1.20000536e-08, 0.0625937766, 0.0625937766, 0, 0.27, 3.332, 0, -1.16835219e-07, 1.69220157e-08, 0, 1.50000001e+15, 2.96977102e-09, 6.72236453e-09, 2e+18, 1.06147788e+15
23.8984375, 0, 0, 5.00000005e+15, 0, 8.94494783e-22, 3.718e+18, 6.44e+20, 4.85, 4, 831.74532, 38.0542419, 1.25944174, 529692.086, 5091.80483, 934.595677, 1114064.9, 1.40166872e-07, -830.315546, -833.358216, 5.00000005e+15, 1.9199438e+14, -525373.93, 67497.6935, 300.00082, 38.0542419, 116.26688, 1.28078819, 1.25944174, 5.00000005e+15, 1.35865103e-07, 4.30190772e-09, 0.00442518362, 27.171435, -4.20655098e-09, -1.33081174e-07, 1.42204158, 9.00743539e-10, 2.73628851e-08, 27.1341976, 0, 1.20000466e-08, 1.20000466e-08, 0.0740172713, 0.0740172713, 0, 0.27, 3.332, 0, -1.37287725e-07, 2.82636286e-08, 0, 1.50000005e+15, 1.40971466e-09, 2.45902113e-09, 2e+18, 9.56151411e+14
23.8984375, 0, 0, 1.50000005e+15, 0, 8.94494783e-22, 3.718e+18, 6.44e+20, 4.85, 4, 831.74532, 38.0542419, 1.25944174, 528350.004, 5091.80483, 934.595677, 1114064.9, 1.40166872e-07, -830.315546, -833.358216, 1.50000005e+15, 1.9199438e+14, -523740.04, 69642.6421, 300.00082, 38.0542419, 116.26688, 1.28078819, 1.25944174, 1.50000005e+15, 1.35865103e-07, 4.30190772e-09, 0.00442518362, 27.171435, -4.20655098e-09, -1.33081174e-07, 1.42204158, 9.00743539e-10, 2.73628851e-08, 27.1341976, 0, 1.20000466e-08, 1.20000466e-08, 0.0740172713, 0.0740172713, 0, 0.27, 3.332, 0, -1.37287725e-07, 2.82636286e-08, 0, 1.50000005e+15, 1.40971466e-09, 2.45902113e-09, 2e+18, 9.56151411e+14
24.09375, 0, 0, 1.50000034e+15, 0, 8.94483941e-22, 3.718e+18, 6.44e+20, 4.85, 4, 841.997474, 38.1006669, 1.25944173, 529688.116, 5919.38501, 789.892953, 1303904.24, 1.46986943e-07, -840.572048, -843.614437, 1.50000034e+15, 1.59213682e+14, -524873.548, 71254.8846, 300.000781, 38.1006669, 116.264932, 1.28078819, 1.25944173, 1.50000034e+15, 1.4409618e-07, 2.9564936e-09, 0.00418708803, 28.5590528, -2.7628788e-09, -1.42467142e-07, 3.15592488, 1.05230944e-09, 2.16060773e-08, 28.3841441, 0, 1.20000444e-08, 1.20000444e-08, 0.0778339564, 0.0778339564, 0, 0.27, 3.332, 0, -1.45230021e-07, 2.26583868e-08, 0, 1.50000034e+15, 2.6875206e-09, 6.44492428e-09, 2e+18, 1.01250363e+15
24.09375, 0, 0, 5.00000034e+15, 0, 8.94483941e-22, 3.718e+18, 6.44e+20, 4.85, 4, 841.997474, 38.1006669, 1.25944173, 529395.822, 5919.38501, 789.892953, 1303904.24, 1.46986943e-07, -840.572048, -843.614437, 5.00000034e+15, 1.59213682e+14, -524936.142, 68571.0032, 300.000781, 38.1006669, 116.264932, 1.28078819, 1.25944173, 5.00000034e+15, 1.4409618e-07, 2.9564936e-09, 0.00418708803, 28.5590528, -2.7628788e-09, -1.42467142e-07, 3.15592488, 1.05230944e-09, 2.16060773e-08, 28.3841441, 0, 1.20000444e-08, 1.20000444e-08, 0.0778339564, 0.0778339564, 0, 0.27, 3.332, 0, -1.45230021e-07, 2.26583868e-08, 0, 1.50000034e+15, 2.6875206e-09, 6.44492428e-09, 2e+18, 1.01250363e+15
24.2890625, 0, 0, 5.00000221e+15, 0, 8.94451661e-22, 3.718e+18, 6.44e+20, 4.85, 4, 852.248193, 38.1059954, 1.25944171, 529555.649, 5439.4301, 624.803173, 1341544.72, 1.57407412e-07, -850.828828, -853.865893, 5.00000221e+15, 1.2423968e+14, -524941.014, 69757.5583, 300.000665, 38.1059954, 116.262735, 1.28078818, 1.25944171, 5.00000221e+15, 1.54542324e-07, 2.86515075e-09, 0.0040045527, 27.141183, -2.79872519e-09, -1.50734732e-07, 5.16666079, 6.13372755e-10, 3.40935539e-08, 26.6448762, 0, 1.20000378e-08, 1.20000378e-08, 0.0830485766, 0.0830485766, 0, 0.27, 3.332, 0, -1.53533457e-07, 3.47069266e-08, 0, 1.50000221e+15, 1.33933886e-09, 2.47733009e-09, 2e+18, 9.15153436e+14
24.2890625, 0, 0, 1.50000221e+15, 0, 8.94451661e-22, 3.718e+18, 6.44e+20, 4.85, 4, 852.248193, 38.1059954, 1.25944171, 528052.167, 5439.4301, 624.803173, 1341544.72, 1.57407412e-07, -850.828828, -853.865893, 1.50000221e+15, 1.2423968e+14, -522917.387, 73460.8595, 300.000665, 38.1059954, 116.262735, 1.28078818, 1.25944171, 1.50000221e+15, 1.54542324e-07, 2.86515075e-09, 0.0040045527, 27.141183, -2.79872519e-09, -1.50734732e-07, 5.16666079, 6.13372755e-10, 3.40935539e-08, 26.6448762, 0, 1.20000378e-08, 1.20000378e-08, 0.0830485766, 0.0830485766, 0, 0.27, 3.332, 0, -1.53533457e-07, 3.47069266e-08, 0, 1.50000221e+15, 1.33933886e-09, 2.47733009e-09, 2e+18, 9.15153436e+14
24.484375, 0, 0, 1.5000134e+15, 0, 8.94439866e-22, 3.718e+18, 6.44e+20, 4.85, 4, 862.502043, 38.0943671, 1.25944157, 530886.907, 6136.06403, 533.346634, 1385042.58, 1.44906316e-07, -861.086769, -864.120567, 1.5000134e+15, 1.03258488e+14, -525464.035, 75686.5645, 300.000623, 38.0943671, 116.259374, 1.28078809, 1.25944157, 1.5000134e+15, 1.4294988e-07, 2.0004585e-09, 0.0037648983, 28.5812212, -1.85552296e-09, -1.40856137e-07, 6.87131281, 7.47575262e-10, 2.4376565e-08, 27.7429499, 0, 1.20000354e-08, 1.20000354e-08, 0.07687221, 0.07687221, 0, 0.27, 3.332, 0, -1.4271166e-07, 2.51241402e-08, 0, 1.5000134e+15, 2.63993969e-09, 6.90898607e-09, 2e+18, 9.68354912e+14
24.484375, 0, 0, 5.0000134e+15, 0, 8.94439866e-22, 3.718e+18, 6.44e+20, 4.85, 4, 862.502043, 38.0943671, 1.25944157, 530181.684, 6136.06403, 533.346634, 1385042.58, 1.44906316e-07, -861.086769, -864.120567, 5.0000134e+15, 1.03258488e+14, -525376.526, 71218.8457, 300.000623, 38.0943671, 116.259374, 1.28078809, 1.25944157, 5.0000134e+15, 1.4294988e-07, 2.0004585e-09, 0.0037648983, 28.5812212, -1.85552296e-09, -1.40856137e-07, 6.87131281, 7.47575262e-10, 2.4376565e-08, 27.7429499, 0, 1.20000354e-08, 1.20000354e-08, 0.07687221, 0.07687221, 0, 0.27, 3.332, 0, -1.4271166e-07, 2.51241402e-08, 0, 1.5000134e+15, 2.63993969e-09, 6.90898607e-09, 2e+18, 9.68354912e+14
24.6796875, 0, 0, 5.00007525e+15, 0, 8.94411181e-22, 3.718e+18, 6.44e+20, 4.85, 4, 872.774132, 38.0267363, 1.25944082, 531433.228, 4900.77307, 422.534697, 1227690.52, 1.3414965e-07, -871.364879, -874.389539, 5.00007525e+15, 8.0152842e+13, -526421.937, 72809.4715, 300.000521, 38.0267363, 116.255489, 1.28078763, 1.25944082, 5.00007525e+15, 1.32220575e-07, 1.92969843e-09, 0.00358301448, 27.5432879, -1.88219076e-09, -1.28176387e-07, 9.25222034, 4.2555136e-10, 3.2451414e-08, 25.9428049, 0, 1.20000296e-08, 1.20000296e-08, 0.0709415908, 0.0709415908, 0, 0.27, 3.332, 0, -1.30058578e-07, 3.28769653e-08, 0, 1.50007525e+15, 1.40454866e-09, 2.85574784e-09, 2e+18, 8.78176354e+14
24.6796875, 0, 0, 1.50007525e+15, 0, 8.94411181e-22, 3.718e+18, 6.44e+20, 4.85, 4, 872.774132, 38.0267363, 1.25944082, 529768.215, 4900.77307, 422.534697, 1227690.52, 1.3414965e-07, -871.364879, -874.389539, 1.50007525e+15, 8.0152842e+13, -523912.68, 78548.4897, 300.000521, 38.0267363, 116.255489, 1.28078763, 1.25944082, 1.50007525e+15, 1.32220575e-07, 1.92969843e-09, 0.00358301448, 27.5432879, -1.88219076e-09, -1.28176387e-07, 9.25222034, 4.2555136e-10, 3.2451414e-08, 25.9428049, 0, 1.20000296e-08, 1.20000296e-08, 0.0709415908, 0.0709415908, 0, 0.27, 3.332, 0, -1.30058578e-07, 3.28769653e-08, 0, 1.50007525e+15, 1.40454866e-09, 2.85574784e-09, 2e+18, 8.78176354e+14
24.875, 0, 0, 1.50039159e+15, 0, 8.94399672e-22, 3.718e+18, 6.44e+20, 4.85, 4, 883.07102, 37.9351758, 1.25943694, 534632.571, 5226.74416, 365.98583, 1066847.4, 1.03096282e-07, -881.665481, -884.682797, 1.50039159e+15, 6.69055275e+13, -528373.78, 81566.7456, 300.00048, 37.9351758, 116.249326, 1.28078525, 1.25943694, 1.50039159e+15, 1.01748676e-07, 1.37726035e-09, 0.00334294789, 28.9788565, -1.26332497e-09, -9.97137316e-08, 10.9719062, 5.48503492e-10, 2.02475871e-08, 26.8214727, 0, 1.20000272e-08, 1.20000272e-08, 0.0550116297, 0.0550116297, 0, 0.27, 3.332, 0, -1.00977057e-07, 2.07960906e-08, 0, 1.50039159e+15, 2.89137714e-09, 8.5104416e-09, 2e+18, 9.29436944e+14
24.875, 0, 0, 5.00039159e+15, 0, 8.94399672e-22, 3.718e+18, 6.44e+20, 4.85, 4, 883.07102, 37.9351758, 1.25943694, 533334.701, 5226.74416, 365.98583, 1066847.4, 1.03096282e-07, -881.665481, -884.682797, 5.00039159e+15, 6.69055275e+13, -528072.233, 74737.0068, 300.00048, 37.9351758, 116.249326, 1.28078525, 1.25943694, 5.00039159e+15, 1.01748676e-07, 1.37726035e-09, 0.00334294789, 28.9788565, -1.26332497e-09, -9.97137316e-08, 10.9719062, 5.48503492e-10, 2.02475871e-08, 26.8214727, 0, 1.20000272e-08, 1.20000272e-08, 0.0550116297, 0.0550116297, 0, 0.27, 3.332, 0, -1.00977057e-07, 2.07960906e-08, 0, 1.50039159e+15, 2.89137714e-09, 8.5104416e-09, 2e+18, 9.29436944e+14
25.0703125, 0, 0, 5.00188825e+15, 0, 8.94375704e-22, 3.718e+18, 6.44e+20, 4.85, 4, 893.413733, 37.7671301, 1.25941859, 536107.118, 3496.18602, 290.779873, 773116.132, 7.85822039e-08, -892.01414, -895.017185, 5.00188825e+15, 5.15582956e+13, -530580.644, 76779.0469, 300.000394, 37.7671301, 116.241668, 1.28077381, 1.25941859, 5.00188825e+15, 7.7261789e-08, 1.32200704e-09, 0.00316393361, 28.4788398, -1.28682314e-09, -7.42373204e-08, 13.7846423, 3.02966728e-10, 2.1405707e-08, 24.9204324, 0, 1.20000224e-08, 1.20000224e-08, 0.0418270781, 0.0418270781, 0, 0.27, 3.332, 0, -7.55241436e-08, 2.17086737e-08, 0, 1.50188825e+15, 1.67525501e-09, 3.98346011e-09, 2e+18, 8.45805248e+14
25.0703125, 0, 0, 1.50188825e+15, 0, 8.94375704e-22, 3.718e+18, 6.44e+20, 4.85, 4, 893.413733, 37.7671301, 1.25941859, 534321.183, 3496.18602, 290.779873, 773116.132, 7.85822039e-08, -892.01414, -895.017185, 1.50188825e+15, 5.15582956e+13, -527474.361, 85263.8547, 300.000394, 37.7671301, 116.241668, 1.28077381, 1.25941859, 1.50188825e+15, 7.7261789e-08, 1.32200704e-09, 0.00316393361, 28.4788398, -1.28682314e-09, -7.42373204e-08, 13.7846423, 3.02966728e-10, 2.1405707e-08, 24.9204324, 0, 1.20000224e-08, 1.20000224e-08, 0.0418270781, 0.0418270781, 0, 0.27, 3.332, 0, -7.55241436e-08, 2.17086737e-08, 0, 1.50188825e+15, 1.67525501e-09, 3.98346011e-09, 2e+18, 8.45805248e+14
25.265625, 0, 0, 1.50843626e+15, 0, 8.94365945e-22, 3.718e+18, 6.44e+20, 4.85, 4, 903.811981, 37.5654647, 1.25933831, 542004.413, 3386.86685, 257.314589, 531860.224, 4.74750835e-08, -902.415549, -905.405763, 1.50843626e+15, 4.34099125e+13, -534595.471, 89311.0627, 300.000359, 37.5654647, 116.227451, 1.28072306, 1.25933831, 1.50843626e+15, 4.65218506e-08, 9.73338377e-10, 0.00292549098, 29.8650267, -8.7812928e-10, -4.51853233e-08, 15.5865117, 4.19853027e-10, 1.10710951e-08, 25.4750952, 0, 1.20000204e-08, 1.20000204e-08, 0.0256064872, 0.0256064872, 0, 0.27, 3.332, 0, -4.60634525e-08, 1.14909481e-08, 0, 1.50843626e+15, 3.65642541e-09, 1.20962136e-08, 2e+18, 8.96810263e+14
25.265625, 0, 0, 5.00843626e+15, 0, 8.94365945e-22, 3.718e+18, 6.44e+20, 4.85, 4, 903.811981, 37.5654647, 1.25933831, 539811.171, 3386.86685, 257.314589, 531860.224, 4.74750835e-08, -902.415549, -905.405763, 5.00843626e+15, 4.34099125e+13, -533971.519, 79186.5962, 300.000359, 37.5654647, 116.227451, 1.28072306, 1.25933831, 5.00843626e+15, 4.65218506e-08, 9.73338377e-10, 0.00292549098, 29.8650267, -8.7812928e-10, -4.51853233e-08, 15.5865117, 4.19853027e-10, 1.10710951e-08, 25.4750952, 0, 1.20000204e-08, 1.20000204e-08, 0.0256064872, 0.0256064872, 0, 0.27, 3.332, 0, -4.60634525e-08, 1.14909481e-08, 0, 1.50843626e+15, 3.65642541e-09, 1.20962136e-08, 2e+18, 8.96810263e+14
25.4609375, 0, 0, 5.03492253e+15, 0, 8.94347635e-22, 3.718e+18, 6.44e+20, 4.85, 4, 914.296369, 37.2568815, 1.25901372, 544777.838, 1840.48876, 205.510335, 292994.425, 2.800854e-08, -912.905748, -915.874737, 5.03492253e+15, 3.31266539e+13, -538635.405, 81576.9219, 300.000293, 37.2568815, 116.202071, 1.28051471, 1.25901372, 5.03492253e+15, 2.70820822e-08, 9.29312083e-10, 0.00275266194, 30.0902584, -9.02096472e-10, -2.56872727e-08, 18.9137855, 2.23255243e-10, 8.57923073e-09, 23.4028281, 0, 1.20000167e-08, 1.20000167e-08, 0.0150906905, 0.0150906905, 0, 0.27, 3.332, 0, -2.65893691e-08, 8.80248597e-09, 0, 1.53492253e+15, 2.37806247e-09, 6.67547767e-09, 2e+18, 8.19850879e+14
25.4609375, 0, 0, 1.53492253e+15, 0, 8.94347635e-22, 3.718e+18, 6.44e+20, 4.85, 4, 914.296369, 37.2568815, 1.25901372, 543004.399, 1840.48876, 205.510335, 292994.425, 2.800854e-08, -912.905748, -915.874737, 1.53492253e+15, 3.31266539e+13, -534787.057, 94109.4093, 300.000293, 37.2568815, 116.202071, 1.28051471, 1.25901372, 1.53492253e+15, 2.70820822e-08, 9.29312083e-10, 0.00275266194, 30.0902584, -9.02096472e-10, -2.56872727e-08, 18.9137855, 2.23255243e-10, 8.57923073e-09, 23.4028281, 0, 1.20000167e-08, 1.20000167e-08, 0.0150906905, 0.0150906905, 0, 0.27, 3.332, 0, -2.65893691e-08, 8.80248597e-09, 0, 1.53492253e+15, 2.37806247e-09, 6.67547767e-09, 2e+18, 8.19850879e+14
25.65625, 0, 0, 1.63394531e+15, 0, 8.94341264e-22, 3.718e+18, 6.44e+20, 4.85, 4, 924.882552, 36.8986828, 1.25780164, 554788.708, 1489.97359, 187.792471, 145955.112, 1.2404653e-08, -923.494263, -926.442906, 1.63394531e+15, 2.84076359e+13, -545784.214, 99549.4952, 300.000271, 36.8986828, 116.133226, 1.27972394, 1.25780164, 1.63394531e+15, 1.17023879e-08, 7.15698473e-10, 0.00251936103, 31.4304709, -6.30132047e-10, -1.11998108e-08, 20.9116584, 3.39349243e-10, 3.39265674e-09, 23.4643782, 0, 1.20000154e-08, 1.20000154e-08, 0.00680096387, 0.00680096387, 0, 0.27, 3.332, 0, -1.18299429e-08, 3.73200599e-09, 0, 1.63394531e+15, 5.68445312e-09, 1.74388348e-08, 2e+18, 8.7396983e+14
25.65625, 0, 0, 5.13394531e+15, 0, 8.94341264e-22, 3.718e+18, 6.44e+20, 4.85, 4, 924.882552, 36.8986828, 1.25780164, 551115.13, 1489.97359, 187.792471, 145955.112, 1.2404653e-08, -923.494263, -926.442906, 5.13394531e+15, 2.84076359e+13, -544645.852, 84194.9085, 300.000271, 36.8986828, 116.133226, 1.27972394, 1.25780164, 5.13394531e+15, 1.17023879e-08, 7.15698473e-10, 0.00251936103, 31.4304709, -6.30132047e-10, -1.11998108e-08, 20.9116584, 3.39349243e-10, 3.39265674e-09, 23.4643782, 0, 1.20000154e-08, 1.20000154e-08, 0.00680096387, 0.00680096387, 0, 0.27, 3.332, 0, -1.18299429e-08, 3.73200599e-09, 0, 1.63394531e+15, 5.68445312e-09, 1.74388348e-08, 2e+18, 8.7396983e+14
25.8515625, 0, 0, 5.47600909e+15, 0, 8.94329726e-22, 3.718e+18, 6.44e+20, 4.85, 4, 935.616064, 36.3922866, 1.25363255, 559141.949, 716.426997, 151.641615, 54959.1327, 5.40821101e-09, -934.233302, -937.151168, 5.47600909e+15, 2.14319692e+13, -552440.98, 86305.7472, 300.000229, 36.3922866, 115.942283, 1.27695494, 1.25363255, 5.47600909e+15, 4.73265323e-09, 6.7950256e-10, 0.00235788738, 32.6185098, -6.57321104e-10, -4.40983341e-09, 24.8867126, 1.72199578e-10, 1.7179569e-09, 21.0859839, 0, 1.2000013e-08, 1.2000013e-08, 0.0029783436, 0.0029783436, 0, 0.27, 3.332, 0, -5.06715451e-09, 1.89015648e-09, 0, 1.97600909e+15, 4.3890532e-09, 1.45108882e-08, 2e+18, 8.06820723e+14
25.8515625, 0, 0, 1.97600909e+15, 0, 8.94329726e-22, 3.718e+18, 6.44e+20, 4.85, 4, 935.616064, 36.3922866, 1.25363255, 557648.023, 716.426997, 151.641615, 54959.1327, 5.40821101e-09, -934.233302, -937.151168, 1.97600909e+15, 2.14319692e+13, -547480.887, 105999.978, 300.000229, 36.3922866, 115.942283, 1.27695494, 1.25363255, 1.97600909e+15, 4.73265323e-09, 6.7950256e-10, 0.00235788738, 32.6185098, -6.57321104e-10, -4.40983341e-09, 24.8867126, 1.72199578e-10, 1.7179569e-09, 21.0859839, 0, 1.2000013e-08, 1.2000013e-08, 0.0029783436, 0.0029783436, 0, 0.27, 3.332, 0, -5.06715451e-09, 1.89015648e-09, 0, 1.97600909e+15, 4.3890532e-09, 1.45108882e-08, 2e+18, 8.06820723e+14
26.046875, 0, 0, 3.06736068e+15, 0, 8.94330066e-22, 3.718e+18, 6.44e+20, 4.85, 4, 946.514195, 35.842636, 1.24051393, 574276.49, 375.556707, 145.590151, 17627.2202, 1.87211241e-09, -945.132486, -948.019901, 3.06736068e+15, 1.91171799e+13, -562951.068, 113488.246, 300.000231, 35.842636, 115.364666, 1.26806037, 1.24051393, 3.06736068e+15, 1.32072514e-09, 5.58724556e-10, 0.00213593674, 34.0798511, -4.76212929e-10, -1.23747642e-09, 27.3367554, 2.92223162e-10, 4.61483481e-10, 20.3503822, 0, 1.20000131e-08, 1.20000131e-08, 0.00104431758, 0.00104431758, 0, 0.27, 3.332, 0, -1.71368935e-09, 7.53706643e-10, 0, 3.06736068e+15, 1.1687797e-08, 3.4279625e-08, 2e+18, 8.72377012e+14
26.046875, 0, 0, 6.56736068e+15, 0, 8.94330066e-22, 3.718e+18, 6.44e+20, 4.85, 4, 946.514195, 35.842636, 1.24051393, 568232.342, 375.556707, 145.590151, 17627.2202, 1.87211241e-09, -945.132486, -948.019901, 6.56736068e+15, 1.91171799e+13, -561369.201, 88048.9286, 300.000231, 35.842636, 115.364666, 1.26806037, 1.24051393, 6.56736068e+15, 1.32072514e-09, 5.58724556e-10, 0.00213593674, 34.0798511, -4.76212929e-10, -1.23747642e-09, 27.3367554, 2.92223162e-10, 4.61483481e-10, 20.3503822, 0, 1.20000131e-08, 1.20000131e-08, 0.00104431758, 0.00104431758, 0, 0.27, 3.332, 0, -1.71368935e-09, 7.53706643e-10, 0, 3.06736068e+15, 1.1687797e-08, 3.4279625e-08, 2e+18, 8.72377012e+14
26.2421875, 0, 0, 9.78176912e+15, 0, 8.94330569e-22, 3.718e+18, 6.44e+20, 4.85, 4, 957.60634, 35.2157442, 1.20342284, 575931.39, 363.971276, 121.186614, 4216.99468, 8.76063435e-10, -956.229374, -959.07507, 9.78176912e+15, 1.43372833e+13, -569126.424, 88272.7583, 300.000232, 35.2157442, 113.742654, 1.24223741, 1.20342284, 9.78176912e+15, 3.48740541e-10, 5.29142725e-10, 0.00199456185, 36.6329523, -5.09381699e-10, -3.20422774e-10, 32.2653694, 1.43256093e-10, 1.37656132e-10, 17.3470208, 0, 1.20000132e-08, 1.20000132e-08, 0.000502021103, 0.000502021103, 0, 0.27, 3.332, 0, -8.29804473e-10, 2.80912225e-10, 0, 6.28176912e+15, 9.97748842e-09, 3.12995762e-08, 2e+18, 8.31777359e+14
26.2421875, 0, 0, 6.28176912e+15, 0, 8.94330569e-22, 3.718e+18, 6.44e+20, 4.85, 4, 957.60634, 35.2157442, 1.20342284, 574769.368, 363.971276, 121.186614, 4216.99468, 8.76063435e-10, -956.229374, -959.07507, 6.28176912e+15, 1.43372833e+13, -561606.94, 122300.739, 300.000232, 35.2157442, 113.742654, 1.24223741, 1.20342284, 6.28176912e+15, 3.48740541e-10, 5.29142725e-10, 0.00199456185, 36.6329523, -5.09381699e-10, -3.20422774e-10, 32.2653694, 1.43256093e-10, 1.37656132e-10, 17.3470208, 0, 1.20000132e-08, 1.20000132e-08, 0.000502021103, 0.000502021103, 0, 0.27, 3.332, 0, -8.29804473e-10, 2.80912225e-10, 0, 6.28176912e+15, 9.97748842e-09, 3.12995762e-08, 2e+18, 8.31777359e+14
26.4375, 0, 0, 1.50168104e+16, 0, 8.94354455e-22, 3.718e+18, 6.44e+20, 4.85, 4, 968.770622, 34.9881086, 1.1129918, 577661.259, 41.6309937, 123.718458, 1010.36105, 5.42875647e-10, -967.393121, -970.202413, 1.50168104e+16, 1.35278335e+13, -562478.795, 131567.988, 300.000318, 34.9881086, 109.562279, 1.17671672, 1.1129918, 1.50168104e+16, 7.39782557e-11, 4.70276591e-10, 0.00179612142, 38.9021596, -3.92372084e-10, -6.88133982e-11, 35.8384211, 2.59237767e-10, 2.71569245e-11, 15.1322702, 0, 1.20000181e-08, 1.20000181e-08, 0.00029688453, 0.00029688453, 0, 0.27, 3.332, 0, -4.61185482e-10, 2.86394691e-10, 0, 1.50168104e+16, 1.4348158e-08, 8.37527196e-08, 2e+18, 9.23339524e+14
26.4375, 0, 0, 1.85168104e+16, 0, 8.94354455e-22, 3.718e+18, 6.44e+20, 4.85, 4, 968.770622, 34.9881086, 1.1129918, 572363.579, 41.6309937, 123.718458, 1010.36105, 5.42875647e-10, -967.393121, -970.202413, 1.85168104e+16, 1.35278335e+13, -565528.811, 88188.612, 300.000318, 34.9881086, 109.562279, 1.17671672, 1.1129918, 1.85168104e+16, 7.39782557e-11, 4.70276591e-10, 0.00179612142, 38.9021596, -3.92372084e-10, -6.88133982e-11, 35.8384211, 2.59237767e-10, 2.71569245e-11, 15.1322702, 0, 1.20000181e-08, 1.20000181e-08, 0.00029688453, 0.00029688453, 0, 0.27, 3.332, 0, -4.61185482e-10, 2.86394691e-10, 0, 1.50168104e+16, 1.4348158e-08, 8.37527196e-08, 2e+18, 9.23339524e+14
26.6328125, 0, 0, 4.0401837e+16, 0, 8.94393761e-22, 3.718e+18, 6.44e+20, 4.85, 4, 979.578168, 36.1422339, 0.936653025, 529656.869, 13.7616112, 111.150447, 311.758617, 4.7625959e-10, -978.203438, -980.979561, 4.0401837e+16, 8.92436963e+12, -521533.86, 92405.8037, 300.000458, 36.1422339, 100.401996, 1.03992773, 0.936653025, 4.0401837e+16, 2.2869986e-11, 4.53434283e-10, 0.00169234725, 43.448862, -4.29780875e-10, -2.11657067e-11, 42.1444749, 1.4453736e-10, 8.66308947e-12, 10.5663069, 0, 1.2000026e-08, 1.2000026e-08, 0.000251872615, 0.000251872615, 0, 0.27, 3.332, 0, -4.50946582e-10, 1.5320045e-10, 0, 3.6901837e+16, 2.47526396e-09, 6.51210741e-10, 2e+18, 1.04577656e+15
26.6328125, 0, 0, 3.6901837e+16, 0, 8.94393761e-22, 3.718e+18, 6.44e+20, 4.85, 4, 979.578168, 36.1422339, 0.936653025, 525861.216, 13.7616112, 111.150447, 311.758617, 4.7625959e-10, -978.203438, -980.979561, 3.6901837e+16, 8.92436963e+12, -508552.273, 133808.083, 300.000458, 36.1422339, 100.401996, 1.03992773, 0.936653025, 3.6901837e+16, 2.2869986e-11, 4.53434283e-10, 0.00169234725, 43.448862, -4.29780875e-10, -2.11657067e-11, 42.1444749, 1.4453736e-10, 8.66308947e-12, 10.5663069, 0, 1.2000026e-08, 1.2000026e-08, 0.000251872615, 0.000251872615, 0, 0.27, 3.332, 0, -4.50946582e-10, 1.5320045e-10, 0, 3.6901837e+16, 2.47526396e-09, 6.51210741e-10, 2e+18, 1.04577656e+15
26.828125, 0, 0, 8.74099244e+16, 0, 8.94447848e-22, 3.718e+18, 6.44e+20, 4.85, 4, 988.506057, 43.733595, 0.685871415, 374193.685, 0, 442.064375, 165.511683, 8.66224887e-10, -987.095636, -989.89108, 8.74099244e+16, -4.41783052e+14, -352981.091, 124198.483, 300.000652, 43.733595, 83.8051451, 0.821626407, 0.685871415, 8.74099244e+16, 6.04140485e-12, 8.60206108e-10, 0.00154549815, 46.8961568, -7.98896325e-10, -5.39529794e-12, 46.6111479, 3.18934493e-10, 2.71833272e-12, 5.16240415, 0, 1.2000037e-08, 1.2000037e-08, 0.000280138944, 0.000280138944, 0, 0.27, 3.332, 0, -8.04291623e-10, 3.21652826e-10, 0, 8.74099244e+16, 8.05568111e-12, 1.32630405e-10, 2e+18, 3.60331413e+16
26.828125, 0, 0, 9.09099244e+16, 0, 8.94447848e-22, 3.718e+18, 6.44e+20, 4.85, 4, 988.506057, 43.733595, 0.685871415, 416084.463, 0, 442.064375, 165.511683, 8.66224887e-10, -987.095636, -989.89108, 9.09099244e+16, -4.41783052e+14, -390786.363, 142871.617, 300.000652, 43.733595, 83.8051451, 0.821626407, 0.685871415, 9.09099244e+16, 6.04140485e-12, 8.60206108e-10, 0.00154549815, 46.8961568, -7.98896325e-10, -5.39529794e-12, 46.6111479, 3.18934493e-10, 2.71833272e-12, 5.16240415, 0, 1.2000037e-08, 1.2000037e-08, 0.000280138944, 0.000280138944, 0, 0.27, 3.332, 0, -8.04291623e-10, 3.21652826e-10, 0, 8.74099244e+16, 8.05568111e-12, 1.32630405e-10, 2e+18, 3.60331413e+16
27.0234375, 0, 0, 1.98164287e+17, 0, 8.94460704e-22, 3.718e+18, 6.44e+20, 4.85, 4, 993.366492, 48.1677408, 0.437269107, 401818.501, 0, 3264.50377, 36.7372158, 3.4760405e-09, -991.904383, -994.712601, 1.98164287e+17, -2.71259754e+15, -231942.186, 328117.251, 300.000698, 70.4534337, 48.1677408, 0.567423867, 0.437269107, 1.98164287e+17, 6.70243256e-13, 3.47538573e-09, 0.00151675813, 48.6216009, -2.14421856e-09, -5.16671616e-13, 48.5450159, 2.73507453e-09, 4.26938477e-13, -2.72791177, 0, 1.20000396e-08, 1.20000396e-08, 0.000861506607, 0.000861506607, 0, 0.27, 3.332, 0, -2.14473523e-09, 2.73550147e-09, 0, 1.94664287e+17, -1.78872053e-27, -4.91852535e-26, 2e+18, 2.24679771e+17
27.0234375, 0, 0, 1.94664287e+17, 0, 8.94460704e-22, 3.718e+18, 6.44e+20, 4.85, 4, 993.366492, 48.1677408, 0.437269107, 245756.972, 0, 3264.50377, 36.7372158, 3.4760405e-09, -991.904383, -994.712601, 1.94664287e+17, -2.71259754e+15, -211121.755, 125793.854, 300.000698, 70.4534337, 48.1677408, 0.567423867, 0.437269107, 1.94664287e+17, 6.70243256e-13, 3.47538573e-09, 0.00151675813, 48.6216009, -2.14421856e-09, -5.16671616e-13, 48.5450159, 2.73507453e-09, 4.26938477e-13, -2.72791177, 0, 1.20000396e-08, 1.20000396e-08, 0.000861506607, 0.000861506607, 0, 0.27, 3.332, 0, -2.14473523e-09, 2.73550147e-09, 0, 1.94664287e+17, 0, 0, 2e+18, 2.24679771e+17
27.21875, 0, 0, 4.03916978e+17, 0, 8.94703865e-22, 3.718e+18, 6.44e+20, 4.85, 4, 996.632026, 39.8808901, 0.25614027, 172431.723, 0, 9977.88405, 3.01949626, 1.06510538e-08, -995.141036, -997.913535, 4.03916978e+17, -5.04801816e+15, -126353.748, 117334.689, 300.001567, 55.2262787, 39.8808901, 0.34958025, 0.25614027, 4.03916978e+17, 2.22053591e-14, 1.0651032e-08, 0.00146885018, 39.0498856, -5.07520049e-09, -1.41389294e-14, 37.5316096, 9.36412425e-09, 1.71221683e-14, -10.7829422, 0, 1.2000089e-08, 1.2000089e-08, 0.00221138137, 0.00221138137, 0, 0.27, 3.332, 0, -5.07521463e-09, 9.36414137e-09, 0, 4.03916978e+17, 2.01128352e-10, 0, 2e+18, 4.52511693e+17
27.21875, 0, 0, 4.07416978e+17, 0, 8.94703865e-22, 3.718e+18, 6.44e+20, 4.85, 4, 996.632026, 39.8808901, 0.25614027, 472799.401, 0, 9977.88405, 3.01949626, 1.06510538e-08, -995.141036, -997.913535, 4.07416978e+17, -5.04801816e+15, -142663.112, 450762.144, 300.001567, 55.2262787, 39.8808901, 0.34958025, 0.25614027, 4.07416978e+17, 2.22053591e-14, 1.0651032e-08, 0.00146885018, 39.0498856, -5.07520049e-09, -1.41389294e-14, 37.5316096, 9.36412425e-09, 1.71221683e-14, -10.7829422, 0, 1.2000089e-08, 1.2000089e-08, 0.00221138137, 0.00221138137, 0, 0.27, 3.332, 0, -5.07521463e-09, 9.36414137e-09, 0, 4.03916978e+17, 2.01128352e-10, -4.42783523e-28, 2e+18, 4.52511693e+17
27.4140625, 0, 0, 7.81768696e+17, 0, 8.95222329e-22, 3.718e+18, 6.44e+20, 4.85, 4, 998.302186, 31.6883982, 0.147118987, 453555.524, 0, 25338.6768, 0.000620664316, 1.43966215e-08, -996.787107, -999.364205, 7.81768696e+17, -9.14066191e+15, -71053.5097, 447955.368, 300.00342, 38.9231573, 31.6883982, 0.202999587, 0.147118987, 7.81768696e+17, 2.4729808e-18, 1.43966215e-08, 0.00150952657, 26.6665119, -3.78285181e-09, -1.31682658e-18, 24.3354805, 1.38907591e-08, 2.09322761e-18, -10.9035429, 0, 1.20001942e-08, 1.20001942e-08, 0.00240204923, 0.00240204923, 0, 0.27, 3.332, 0, -3.78285181e-09, 1.38907591e-08, 0, 7.78268696e+17, 1.31735697e-12, 0, 2e+18, 8.31429706e+17
27.4140625, 0, 0, 7.78268696e+17, 0, 8.95222329e-22, 3.718e+18, 6.44e+20, 4.85, 4, 998.302186, 31.6883982, 0.147118987, 130217.546, 0, 25338.6768, 0.000620664316, 1.43966215e-08, -996.787107, -999.364205, 7.78268696e+17, -9.14066191e+15, -85609.0396, 98120.8517, 300.00342, 38.9231573, 31.6883982, 0.202999587, 0.147118987, 7.78268696e+17, 2.4729808e-18, 1.43966215e-08, 0.00150952657, 26.6665119, -3.782738e-09, -1.31682658e-18, 24.3354805, 1.3890774e-08, 2.09322761e-18, -10.9035429, 0, 1.20001942e-08, 1.20001942e-08, 0.00240204923, 0.00240204923, 0, 0.27, 3.332, 0, -3.782738e-09, 1.3890774e-08, 0, 7.78268696e+17, 1.31735697e-12, 0, 2e+18, 8.31429706e+17
27.609375, 0, 0, 1.39072662e+18, 0, 8.95923381e-22, 3.718e+18, 6.44e+20, 4.85, 4, 999.214654, 23.5035986, 0.0867269574, 94352.8657, 0, 62373.719, 3.18104549e-08, 2.37399231e-08, -997.676295, -1000.02127, 1.39072662e+18, -1.79914183e+16, -58370.7749, 74130.398, 300.005923, 27.8292618, 23.5035986, 0.117613049, 0.0867269574, 1.39072662e+18, 4.27305569e-23, 2.37399231e-08, 0.00148060417, 17.4703833, -1.00224669e-08, -1.40022777e-23, 15.2542213, 2.15205507e-08, 4.03712362e-23, -8.51604512, 0, 1.20003365e-08, 1.20003365e-08, 0.00333828191, 0.00333828191, 0, 0.27, 3.332, 0, -1.00224669e-08, 2.15205507e-08, 0, 1.39072662e+18, 0, 0, 2e+18, 1.45603383e+18
27.609375, 0, 0, 1.39422662e+18, 0, 8.95923381e-22, 3.718e+18, 6.44e+20, 4.85, 4, 999.214654, 23.5035986, 0.0867269574, 389983.051, 0, 62373.719, 3.18104549e-08, 2.37399231e-08, -997.676295, -1000.02127, 1.39422662e+18, -1.79914183e+16, -51323.0249, 386591.163, 300.005923, 27.8292618, 23.5035986, 0.117613049, 0.0867269574, 1.39422662e+18, 4.27305569e-23, 2.37399231e-08, 0.00148060417, 17.4703833, -1.00235006e-08, -1.40022777e-23, 15.2542213, 2.15204183e-08, 4.03712362e-23, -8.51604512, 0, 1.20003365e-08, 1.20003365e-08, 0.00333828191, 0.00333828191, 0, 0.27, 3.332, 0, -1.00235006e-08, 2.15204183e-08, 0, 1.39072662e+18, -4.12473566e-28, 0, 2e+18, 1.45603383e+18
27.8046875, 0, 0, 2.30708013e+18, 0, 8.96750817e-22, 3.718e+18, 6.44e+20, 4.85, 4, 1000.58229, 18.5846842, 0.0538065393, 142095.038, 0, 2.34954458e+16, -7.06288927e-24, 933.923535, -998.354787, -1000.20733, 2.30708013e+18, -4.4180746e+14, -39666.1989, 136446.299, 300.008876, 21.1031725, 18.5846842, 0.0706468359, 0.0538065393, 2.30708013e+18, -9.48423885e-39, 933.923535, 0.00403289159, 924.185569, -809.419629, -2.81503022e-43, -796.034003, -465.889507, -8.96037472e-39, -469.519788, 0, 1.20005042e-08, 1.20005042e-08, 16681531.4, 16681531.4, 0, 0.27, 3.332, 0, -809.419629, -465.889507, 0, 2.0403778e+18, 0, 0, 2e+18, 2e+18
27.8046875, 0, 0, 2.30358013e+18, 0, 8.96750817e-22, 3.718e+18, 6.44e+20, 4.85, 4, 1000.58229, 18.5846842, 0.0538065393, 89654.4887, 0, 2.34954458e+16, 4.50620926e-28, 933.923535, -998.354787, -1000.20733, 2.30358013e+18, -4.4180746e+14, -81000.9637, 38428.7812, 300.008876, 21.1031725, 18.5846842, 0.0706468359, 0.0538065393, 2.30358013e+18, 3.85077245e-42, 933.923535, 0.00403289159, 924.185569, -809.419629, -5.11452203e-37, -796.034003, -465.889507, 3.84046931e-42, -469.519788, 0, 1.20005042e-08, 1.20005042e-08, 16681531.4, 16681531.4, 0, 0.27, 3.332, 0, -809.419629, -465.889507, 0, 2.0403778e+18, 0, 0, 2e+18, 2e+18
28, 0, 0, 3.53604682e+18, 0, 8.97706069e-22, 3.718e+18, 6.44e+20, 4.85, 4, 1001.01656, 15.7533219, 0.0355750115, 19183.5574, 0, 1.20511936e+17, 9.66153771e-35, 2969.46331, -998.746552, -1000.24458, 3.53604682e+18, 1.89346054e+13, -18922.0099, -3156.96273, 300.012281, 17.2045784, 15.7533219, 0.0449205156, 0.0355750115, 3.53604682e+18, 7.60018193e-49, 2969.46331, 0.0179047489, 2961.55343, -2663.7262, -7.19737964e-51, -2655.66091, -1312.35478, 7.59984113e-49, -1310.82564, 0, 1.20006976e-08, 1.20006976e-08, 47810474.6, 47810474.6, 0, 0.27, 3.332, 0, -2663.7262, -1312.35478, 0, 2.12025587e+18, 0, 0, 2e+18, 2e+18
28, 0, 0, 3.53954682e+18, 0, 8.97706069e-22, 3.718e+18, 6.44e+20, 4.85, 4, 1001.01656, 15.7533219, 0.0355750115, 24106.2602, 0, 1.20511936e+17, 9.66086346e-35, 2969.46331, -998.746552, -1000.24458, 3.53954682e+18, 1.89346054e+13, -19421.3216, 14280.1978, 300.012281, 17.2045784, 15.7533219, 0.0449205156, 0.0355750115, 3.53954682e+18, 7.60017153e-49, 2969.46331, 0.0179047489, 2961.55343, -2663.7262, -7.19737964e-51, -2655.66091, -1312.35478, 7.59983723e-49, -1310.82564, 0, 1.20006976e-08, 1.20006976e-08, 47810474.6, 47810474.6, 0, 0.27, 3.332, 0, -2663.7262, -1312.35478, 0, 2.12025587e+18, 0, 0, 2e+18, 2e+18
28.125, 0, 0, 4.47308584e+18, 0, 8.98269945e-22, 3.718e+18, 6.44e+20, 4.85, 4, 1001.21168, 14.6033179, 0.0283094469, 17930.4601, 0, 1.8742595e+17, 7.468214e-40, 5813.98409, -998.930088, -1000.13537, 4.47308584e+18, 1.89346054e+13, -15090.2717, 9684.27072, 300.01429, 15.203595, 14.6033179, 0.0321020167, 0.0283094469, 4.47308584e+18, 6.12223751e-54, 5813.98409, 0.035927395, 5807.3158, -5504.5977, 1.96455698e-54, -5498.09129, -1871.31374, 5.79847462e-54, -1869.73499, 0, 1.20008117e-08, 1.20008117e-08, 85423687.3, 85423687.3, 0, 0.27, 3.332, 0, -5504.5977, -1871.31374, 0, 2.18550574e+18, 0, 0, 2e+18, 2e+18
28.125, 0, 0, 4.46958584e+18, 0, 8.98269945e-22, 3.718e+18, 6.44e+20, 4.85, 4, 1001.21168, 14.6033179, 0.0283094469, 15929.9478, 0, 1.8742595e+17, 7.468214e-40, 5813.98409, -998.930088, -1000.13537, 4.46958584e+18, 1.89346054e+13, -15518.7921, -3595.87668, 300.01429, 15.203595, 14.6033179, 0.0321020167, 0.0283094469, 4.46958584e+18, 6.12223751e-54, 5813.98409, 0.035927395, 5807.3158, -5504.5977, 1.96455698e-54, -5498.09129, -1871.31374, 5.79847462e-54, -1869.73499, 0, 1.20008117e-08, 1.20008117e-08, 85423687.3, 85423687.3, 0, 0.27, 3.332, 0, -5504.5977, -1871.31374, 0, 2.18550574e+18, 0, 0, 2e+18, 2e+18
28.25, 0, 0, 5.47591321e+18, 0, 8.98261219e-22, 3.718e+18, 6.44e+20, 4.85, 4, 1001.38685, 13.7872729, 0.0232015551, 13765.7845, 0, 2.54903472e+17, 4.84155739e-45, 6875.22264, -999.097137, -1000.00169, 5.47591321e+18, 2.52461406e+13, -13121.9814, -4160.58021, 300.014259, 14.2156165, 13.7872729, 0.0258827473, 0.0232015551, 5.47591321e+18, 4.48407088e-59, 6875.22264, 0.0668485923, 6869.32497, -6356.30785, 2.46601443e-59, -6350.70545, -2620.31235, 3.74508538e-59, -2618.42811, 0, 1.20008099e-08, 1.20008099e-08, 91423821.5, 91423821.5, 0, 0.27, 3.332, 0, -6356.30785, -2620.31235, 0, 2.25299991e+18, 0, 0, 2e+18, 2e+18
28.25, 0, 0, 5.47941321e+18, 0, 8.98261219e-22, 3.718e+18, 6.44e+20, 4.85, 4, 1001.38685, 13.7872729, 0.0232015551, 16316.6938, 0, 2.54903472e+17, 4.84155739e-45, 6875.22264, -999.097137, -1000.00169, 5.47941321e+18, 2.52461406e+13, -13378.2218, 9341.18174, 300.014259, 14.2156165, 13.7872729, 0.0258827473, 0.0232015551, 5.47941321e+18, 4.48407088e-59, 6875.22264, 0.0668485923, 6869.32497, -6356.30785, 2.46601443e-59, -6350.70545, -2620.31235, 3.74508538e-59, -2618.42811, 0, 1.20008099e-08, 1.20008099e-08, 91423821.5, 91423821.5, 0, 0.27, 3.332, 0, -6356.30785, -2620.31235, 0, 2.25299991e+18, 0, 0, 2e+18, 2e+18
28.375, 0, 0, 6.50602654e+18, 0, 8.97871524e-22, 3.718e+18, 6.44e+20, 4.85, 4, 1001.53973, 13.2072518, 0.0195948331, 14902.3274, 0, 3.1971506e+17, 3.34035593e-50, 7338.98132, -999.244006, -999.847349, 6.50602654e+18, 3.78692109e+13, -11792.9171, 9110.78861, 300.012871, 13.5141102, 13.2072518, 0.021502983, 0.0195948331, 6.50602654e+18, 3.703794e-64, 7338.98132, 0.0908719388, 7333.86234, -7049.2832, 2.68548567e-64, -7044.32081, -2041.63002, 2.5507365e-64, -2040.36297, 0, 1.20007311e-08, 1.20007311e-08, 84308099.3, 84308099.3, 0, 0.27, 3.332, 0, -7049.2832, -2041.63002, 0, 2.31793029e+18, 0, 0, 2e+18, 2e+18
28.375, 0, 0, 6.50252654e+18, 0, 8.97871524e-22, 3.718e+18, 6.44e+20, 4.85, 4, 1001.53973, 13.2072518, 0.0195948331, 10287.5308, 0, 3.1971506e+17, 3.34035593e-50, 7338.98132, -999.244006, -999.847349, 6.50252654e+18, 3.78692109e+13, -9870.79154, -2898.40708, 300.012871, 13.5141102, 13.2072518, 0.021502983, 0.0195948331, 6.50252654e+18, 3.703794e-64, 7338.98132, 0.0908719388, 7333.86234, -7049.2832, 2.68548567e-64, -7044.32081, -2041.63002, 2.5507365e-64, -2040.36297, 0, 1.20007311e-08, 1.20007311e-08, 84308099.3, 84308099.3, 0, 0.27, 3.332, 0, -7049.2832, -2041.63002, 0, 2.31793029e+18, 0, 0, 2e+18, 2e+18
28.5, 0, 0, 7.48413568e+18, 0, 8.97558936e-22, 3.718e+18, 6.44e+20, 4.85, 4, 1001.67629, 12.7975838, 0.0170592368, 10548.355, 0, 3.78455595e+17, 2.57839825e-55, 7572.91823, -999.376063, -999.679588, 7.48413568e+18, 2.52461406e+13, -10403.9982, -1739.14178, 300.011757, 13.0168258, 12.7975838, 0.0184162238, 0.0170592368, 7.48413568e+18, 3.37733809e-69, 7572.91823, 0.114626874, 7568.38652, -7423.04645, 2.74543765e-69, -7418.59393, -1499.15708, 1.96697348e-69, -1498.31194, 0, 1.20006678e-08, 1.20006678e-08, 78693511.8, 78693511.8, 0, 0.27, 3.332, 0, -7423.04645, -1499.15708, 0, 2.37669216e+18, 0, 0, 2e+18, 2e+18
28.5, 0, 0, 7.48763568e+18, 0, 8.97558936e-22, 3.718e+18, 6.44e+20, 4.85, 4, 1001.67629, 12.7975838, 0.0170592368, 14016.4341, 0, 3.78455595e+17, 2.57839825e-55, 7572.91823, -999.376063, -999.679588, 7.48763568e+18, 2.52461406e+13, -10586.5108, 9186.19699, 300.011757, 13.0168258, 12.7975838, 0.0184162238, 0.0170592368, 7.48763568e+18, 3.37733809e-69, 7572.91823, 0.114626874, 7568.38652, -7423.04645, 2.74543765e-69, -7418.59393, -1499.15708, 1.96697348e-69, -1498.31194, 0, 1.20006678e-08, 1.20006678e-08, 78693511.8, 78693511.8, 0, 0.27, 3.332, 0, -7423.04645, -1499.15708, 0, 2.37669216e+18, 0, 0, 2e+18, 2e+18
28.625, 0, 0, 8.35248331e+18, 0, 8.9720833e-22, 3.718e+18, 6.44e+20, 4.85, 4, 1001.79983, 12.5145958, 0.0153133951, 13477.7822, 0, 4.2788525e+17, 4.5769752e-60, 7655.66602, -999.496306, -999.520338, 8.35248331e+18, 3.78692109e+13, -9597.83716, 9462.14225, 300.010507, 12.6688013, 12.5145958, 0.0162647426, 0.0153133951, 8.35248331e+18, 3.10848639e-74, 7655.66602, 0.125219068, 7651.59298, -7611.35341, 3.10807277e-74, -7607.29836, -822.509246, -5.07083472e-76, -822.123306, 0, 1.20005968e-08, 1.20005968e-08, 70994809.5, 70994809.5, 0, 0.27, 3.332, 0, -7611.35341, -822.509246, 0, 2.42625602e+18, 0, 0, 2e+18, 2e+18
28.625, 0, 0, 8.34898331e+18, 0, 8.9720833e-22, 3.718e+18, 6.44e+20, 4.85, 4, 1001.79983, 12.5145958, 0.0153133951, 8127.14045, 0, 4.2788525e+17, 4.57697519e-60, 7655.66602, -999.496306, -999.520338, 8.34898331e+18, 3.78692109e+13, -8091.51256, -760.155444, 300.010507, 12.6688013, 12.5145958, 0.0162647426, 0.0153133951, 8.34898331e+18, 3.10848638e-74, 7655.66602, 0.125219068, 7651.59298, -7611.35341, 3.10807276e-74, -7607.29836, -822.509246, -5.07083528e-76, -822.123306, 0, 1.20005968e-08, 1.20005968e-08, 70994809.5, 70994809.5, 0, 0.27, 3.332, 0, -7611.35341, -822.509246, 0, 2.42625602e+18, 0, 0, 2e+18, 2e+18
28.75, 0, 0, 9.0272815e+18, 0, 8.96880904e-22, 3.718e+18, 6.44e+20, 4.85, 4, 1001.91181, 12.3297634, 0.0141756036, 8475.29189, 0, 4.65317489e+17, 1.7188915e-60, 7464.70705, -999.60602, -999.607012, 9.0272815e+18, 6.31153514e+13, -8474.03546, 145.930603, 300.00934, 12.4337504, 12.3297634, 0.014815729, 0.0141756036, 9.0272815e+18, 3.24428301e-77, 7464.70705, 0.133444126, 7461.05786, -7464.27627, -3.24292172e-77, -7460.6272, -80.1948616, -9.39730215e-79, -80.1630931, 0, 1.20005305e-08, 1.20005305e-08, 63581513.1, 63581513.1, 0, 0.27, 3.332, 0, -7464.27627, -80.1948616, 0, 2.46369461e+18, 0, 0, 2e+18, 2e+18
28.75, 0, 0, 9.0307815e+18, 0, 8.96880904e-22, 3.718e+18, 6.44e+20, 4.85, 4, 1001.91181, 12.3297634, 0.0141756036, 13267.4625, 0, 4.65317489e+17, 1.7188915e-60, 7464.70705, -999.60602, -999.607012, 9.0307815e+18, 6.31153514e+13, -8680.87368, 10033.3441, 300.00934, 12.4337504, 12.3297634, 0.014815729, 0.0141756036, 9.0307815e+18, 3.24428301e-77, 7464.70705, 0.133444126, 7461.05786, -7464.27627, -3.24292172e-77, -7460.6272, -80.1948616, -9.39730215e-79, -80.1630931, 0, 1.20005305e-08, 1.20005305e-08, 63581513.1, 63581513.1, 0, 0.27, 3.332, 0, -7464.27627, -80.1948616, 0, 2.46369461e+18, 0, 0, 2e+18, 2e+18
28.875, 0, 0, 9.4639378e+18, 0, 8.96403542e-22, 3.718e+18, 6.44e+20, 4.85, 4, 1002.01168, 12.2253097, 0.0135334768, 13345.7075, 0, 4.88613235e+17, 1.63563406e-60, 6840.13932, -999.704576, -999.705633, 9.4639378e+18, 1.26230703e+13, -7629.83599, 10949.5895, 300.007637, 12.288404, 12.2253097, 0.0139213482, 0.0135334768, 9.4639378e+18, 2.70677764e-77, 6840.13932, 0.129017644, 6836.92756, -6822.45923, -2.67978433e-77, -6819.26379, 491.483491, 3.81315009e-78, 491.141314, 0, 1.20004338e-08, 1.20004338e-08, 51559051.6, 51559051.6, 0, 0.27, 3.332, 0, -6822.45923, 491.483491, 0, 2.48713825e+18, 0, 0, 2e+18, 2e+18
28.875, 0, 0, 9.4604378e+18, 0, 8.96403542e-22, 3.718e+18, 6.44e+20, 4.85, 4, 1002.01168, 12.2253097, 0.0135334768, 6415.08437, 0, 4.88613235e+17, 1.63563406e-60, 6840.13932, -999.704576, -999.705633, 9.4604378e+18, 1.26230703e+13, -6351.29657, 902.407517, 300.007637, 12.288404, 12.2253097, 0.0139213482, 0.0135334768, 9.4604378e+18, 2.70677764e-77, 6840.13932, 0.129017644, 6836.92756, -6822.45923, -2.67978433e-77, -6819.26379, 491.483491, 3.81315009e-78, 491.141314, 0, 1.20004338e-08, 1.20004338e-08, 51559051.6, 51559051.6, 0, 0.27, 3.332, 0, -6822.45923, 491.483491, 0, 2.48713825e+18, 0, 0, 2e+18, 2e+18
29, 0, 0, 9.60939439e+18, 0, 8.95846614e-22, 3.718e+18, 6.44e+20, 4.85, 4, 1002.09547, 12.1915208, 0.0133258952, 6099.61372, 0, 4.96530304e+17, 1.60989887e-60, 5763.88646, -999.787924, -999.789038, 9.60939439e+18, 3.78692109e+13, -5897.43172, 1557.42953, 300.005649, 12.2189472, 12.1915208, 0.0134943887, 0.0133258952, 9.60939439e+18, 2.15583277e-77, 5763.88646, 0.122351037, 5761.25245, -5674.43867, -2.04517337e-77, -5671.87206, 1011.50032, 6.81821707e-78, 1010.88928, 0, 1.20003209e-08, 1.20003209e-08, 37638340.1, 37638340.1, 0, 0.27, 3.332, 0, -5674.43867, 1011.50032, 0, 2.495049e+18, 0, 0, 2e+18, 2e+18
29, 0, 0, 9.61289439e+18, 0, 8.95846614e-22, 3.718e+18, 6.44e+20, 4.85, 4, 1002.09547, 12.1915208, 0.0133258952, 13553.4236, 0, 4.96530304e+17, 1.60989887e-60, 5763.88646, -999.787924, -999.789038, 9.61289439e+18, 3.78692109e+13, -6239.63047, 12031.7207, 300.005649, 12.2189472, 12.1915208, 0.0134943887, 0.0133258952, 9.61289439e+18, 2.15583277e-77, 5763.88646, 0.122351037, 5761.25245, -5674.43867, -2.04517337e-77, -5671.87206, 1011.50032, 6.81821707e-78, 1010.88928, 0, 1.20003209e-08, 1.20003209e-08, 37638340.1, 37638340.1, 0, 0.27, 3.332, 0, -5674.43867, 1011.50032, 0, 2.495049e+18, 0, 0, 2e+18, 2e+18
29.125, 0, 0, 9.61289439e+18, 0, 8.952499e-22, 3.718e+18, 6.44e+20, 4.85, 4, 1002.15912, 12.1915208, 0.0133258952, 13298.1616, 0, 4.96512961e+17, 1.61001821e-60, 4396.27959, -999.851577, -999.852727, 9.61289439e+18, 1.26230703e+13, -4609.32642, 12473.7809, 300.003518, 12.2019708, 12.1915208, 0.0133900843, 0.0133258952, 9.61289439e+18, 1.76031885e-77, 4396.27959, 0.107979388, 4394.21466, -4227.67352, -1.55101632e-77, -4225.74326, 1205.84028, 8.32508769e-78, 1205.07941, 0, 1.20001998e-08, 1.20001998e-08, 23160945.9, 23160945.9, 0, 0.27, 3.332, 0, -4227.67352, 1205.84028, 0, 2.49506549e+18, 0, 0, 2e+18, 2e+18
29.125, 0, 0, 9.60939439e+18, 0, 8.952499e-22, 3.718e+18, 6.44e+20, 4.85, 4, 1002.15912, 12.1915208, 0.0133258952, 4441.43324, 0, 4.96512961e+17, 1.61001821e-60, 4396.27959, -999.851577, -999.852727, 9.60939439e+18, 1.26230703e+13, -4043.40054, 1837.72721, 300.003518, 12.2019708, 12.1915208, 0.0133900843, 0.0133258952, 9.60939439e+18, 1.76031885e-77, 4396.27959, 0.107979388, 4394.21466, -4227.67352, -1.55101632e-77, -4225.74326, 1205.84028, 8.32508769e-78, 1205.07941, 0, 1.20001998e-08, 1.20001998e-08, 23160945.9, 23160945.9, 0, 0.27, 3.332, 0, -4227.67352, 1205.84028, 0, 2.49506549e+18, 0, 0, 2e+18, 2e+18
29.25, 0, 0, 9.60939439e+18, 0, 8.94837948e-22, 3.718e+18, 6.44e+20, 4.85, 4, 1002.20439, 12.1915208, 0.0133258952, 3647.07683, 0, 4.9652194e+17, 1.61104794e-60, 3211.80799, -999.896846, -999.898038, 9.60939439e+18, 2.52461406e+13, -3048.37514, 2002.14346, 300.002046, 12.2019708, 12.1915208, 0.0133900843, 0.0133258952, 9.60939439e+18, 1.37450978e-77, 3211.80799, 0.0952208174, 3210.27166, -2959.00372, -1.05371529e-77, -2957.6717, 1249.00261, 8.82587798e-78, 1248.2076, 0, 1.20001162e-08, 1.20001162e-08, 13472546, 13472546, 0, 0.27, 3.332, 0, -2959.00372, 1249.00261, 0, 2.49499525e+18, 0, 0, 2e+18, 2e+18
29.25, 0, 0, 9.61289439e+18, 0, 8.94837948e-22, 3.718e+18, 6.44e+20, 4.85, 4, 1002.20439, 12.1915208, 0.0133258952, 12612.1213, 0, 4.9652194e+17, 1.61104794e-60, 3211.80799, -999.896846, -999.898038, 9.61289439e+18, 2.52461406e+13, -3208.16072, 12197.2665, 300.002046, 12.2019708, 12.1915208, 0.0133900843, 0.0133258952, 9.61289439e+18, 1.37450978e-77, 3211.80799, 0.0952208174, 3210.27166, -2959.00372, -1.05371529e-77, -2957.6717, 1249.00261, 8.82587798e-78, 1248.2076, 0, 1.20001162e-08, 1.20001162e-08, 13472546, 13472546, 0, 0.27, 3.332, 0, -2959.00372, 1249.00261, 0, 2.49499525e+18, 0, 0, 2e+18, 2e+18
29.375, 0, 0, 9.61289439e+18, 0, 8.94596288e-22, 3.718e+18, 6.44e+20, 4.85, 4, 1002.23533, 12.1915208, 0.0133258952, 11876.0773, 0, 4.96519502e+17, 1.61114282e-60, 2353.90868, -999.927785, -999.928992, 9.61289439e+18, 5.04922811e+13, -2173.23963, 11675.5403, 300.001183, 12.2019708, 12.1915208, 0.0133900843, 0.0133258952, 9.61289439e+18, 1.13629929e-77, 2353.90868, 0.0801525045, 2352.71609, -2043.88849, -7.6180529e-78, -2042.94779, 1167.64975, 8.43106625e-78, 1166.89216, 0, 1.20000672e-08, 1.20000672e-08, 7936174.3, 7936174.3, 0, 0.27, 3.332, 0, -2043.88849, 1167.64975, 0, 2.49498405e+18, 0, 0, 2e+18, 2e+18
29.375, 0, 0, 9.60939439e+18, 0, 8.94596288e-22, 3.718e+18, 6.44e+20, 4.85, 4, 1002.23533, 12.1915208, 0.0133258952, 2946.48349, 0, 4.96519502e+17, 1.61114282e-60, 2353.90868, -999.927785, -999.928992, 9.60939439e+18, 5.04922811e+13, -2231.73631, 1923.82899, 300.001183, 12.2019708, 12.1915208, 0.0133900843, 0.0133258952, 9.60939439e+18, 1.13629929e-77, 2353.90868, 0.0801525045, 2352.71609, -2043.88849, -7.6180529e-78, -2042.94779, 1167.64975, 8.43106625e-78, 1166.89216, 0, 1.20000672e-08, 1.20000672e-08, 7936174.3, 7936174.3, 0, 0.27, 3.332, 0, -2043.88849, 1167.64975, 0, 2.49498405e+18, 0, 0, 2e+18, 2e+18
29.5, 0, 0, 9.60939439e+18, 0, 8.94463109e-22, 3.718e+18, 6.44e+20, 4.85, 4, 1002.25632, 12.1915208, 0.0133258952, 2272.12291, 0, 4.96537922e+17, 1.61057438e-60, 1728.24479, -999.948772, -999.949979, 9.60939439e+18, 2.52461406e+13, -1408.62049, 1782.78738, 300.000706, 12.2019708, 12.1915208, 0.0133900843, 0.0133258952, 9.60939439e+18, 9.13919623e-78, 1728.24479, 0.0683002622, 1727.34136, -1367.32912, -4.86785827e-78, -1366.71556, 1056.99627, 7.734912e-78, 1056.3128, 0, 1.20000401e-08, 1.20000401e-08, 4785431.61, 4785431.61, 0, 0.27, 3.332, 0, -1367.32912, 1056.99627, 0, 2.49490089e+18, 0, 0, 2e+18, 2e+18
29.5, 0, 0, 9.61289439e+18, 0, 8.94463109e-22, 3.718e+18, 6.44e+20, 4.85, 4, 1002.25632, 12.1915208, 0.0133258952, 11274.7922, 0, 4.96537922e+17, 1.61057438e-60, 1728.24479, -999.948772, -999.949979, 9.61289439e+18, 2.52461406e+13, -1467.3709, 11178.8981, 300.000706, 12.2019708, 12.1915208, 0.0133900843, 0.0133258952, 9.61289439e+18, 9.13919623e-78, 1728.24479, 0.0683002622, 1727.34136, -1367.32912, -4.86785827e-78, -1366.71556, 1056.99627, 7.734912e-78, 1056.3128, 0, 1.20000401e-08, 1.20000401e-08, 4785431.61, 4785431.61, 0, 0.27, 3.332, 0, -1367.32912, 1056.99627, 0, 2.49490089e+18, 0, 0, 2e+18, 2e+18
29.625, 0, 0, 9.61289439e+18, 0, 8.9439227e-22, 3.718e+18, 6.44e+20, 4.85, 4, 1002.27054, 12.1915208, 0.0133258952, 10832.871, 0, 4.96536671e+17, 1.61111446e-60, 1332.51171, -999.962999, -999.964219, 9.61289439e+18, 2.52461406e+13, -997.117877, 10786.8832, 300.000453, 12.2019708, 12.1915208, 0.0133900843, 0.0133258952, 9.61289439e+18, 7.73322409e-78, 1332.51171, 0.0561356459, 1331.77739, -966.610839, -3.68612153e-78, -966.163414, 917.19733, 6.79818085e-78, 916.60202, 0, 1.20000257e-08, 1.20000257e-08, 3165227.54, 3165227.54, 0, 0.27, 3.332, 0, -966.610839, 917.19733, 0, 2.49489969e+18, 0, 0, 2e+18, 2e+18
29.625, 0, 0, 9.60939439e+18, 0, 8.9439227e-22, 3.718e+18, 6.44e+20, 4.85, 4, 1002.27054, 12.1915208, 0.0133258952, 2023.37361, 0, 4.96536671e+17, 1.61111446e-60, 1332.51171, -999.962999, -999.964219, 9.60939439e+18, 2.52461406e+13, -1231.5893, 1605.3749, 300.000453, 12.2019708, 12.1915208, 0.0133900843, 0.0133258952, 9.60939439e+18, 7.73322409e-78, 1332.51171, 0.0561356459, 1331.77739, -966.610839, -3.68612153e-78, -966.163414, 917.19733, 6.79818085e-78, 916.60202, 0, 1.20000257e-08, 1.20000257e-08, 3165227.54, 3165227.54, 0, 0.27, 3.332, 0, -966.610839, 917.19733, 0, 2.49489969e+18, 0, 0, 2e+18, 2e+18
29.75, 0, 0, 9.60939439e+18, 0, 8.94348673e-22, 3.718e+18, 6.44e+20, 4.85, 4, 1002.28036, 12.1915208, 0.0133258952, 1550.32691, 0, 4.96553719e+17, 1.61087233e-60, 1020.26554, -999.972817, -999.974037, 9.60939439e+18, 2.52461406e+13, -665.598515, 1400.17576, 300.000297, 12.2019708, 12.1915208, 0.0133900843, 0.0133258952, 9.60939439e+18, 6.33196629e-78, 1020.26554, 0.0469901566, 1019.69189, -646.097897, -2.3007935e-78, -645.810079, 789.619701, 5.89916488e-78, 789.113987, 0, 1.20000169e-08, 1.20000169e-08, 2070477.37, 2070477.37, 0, 0.27, 3.332, 0, -646.097897, 789.619701, 0, 2.49482956e+18, 0, 0, 2e+18, 2e+18
29.75, 0, 0, 9.61289439e+18, 0, 8.94348673e-22, 3.718e+18, 6.44e+20, 4.85, 4, 1002.28036, 12.1915208, 0.0133258952, 10512.5828, 0, 4.96553719e+17, 1.61087233e-60, 1020.26554, -999.972817, -999.974037, 9.61289439e+18, 2.52461406e+13, -687.647637, 10490.0686, 300.000297, 12.2019708, 12.1915208, 0.0133900843, 0.0133258952, 9.61289439e+18, 6.33196629e-78, 1020.26554, 0.0469901566, 1019.69189, -646.097897, -2.3007935e-78, -645.810079, 789.619701, 5.89916488e-78, 789.113987, 0, 1.20000169e-08, 1.20000169e-08, 2070477.37, 2070477.37, 0, 0.27, 3.332, 0, -646.097897, 789.619701, 0, 2.49482956e+18, 0, 0, 2e+18, 2e+18
29.875, 0, 0, 9.61289439e+18, 0, 8.94324028e-22, 3.718e+18, 6.44e+20, 4.85, 4, 1002.28718, 12.1915208, 0.0133258952, 10282.5507, 0, 4.9654982e+17, 1.61127197e-60, 821.127548, -999.979638, -999.980865, 9.61289439e+18, 2.52461406e+13, -480.603967, 10271.3129, 300.000209, 12.2019708, 12.1915208, 0.0133900843, 0.0133258952, 9.61289439e+18, 5.35444561e-78, 821.127548, 0.0380969738, 820.652443, -481.52049, -1.88466002e-78, -481.296986, 665.122897, 5.01180052e-78, 664.69816, 0, 1.20000119e-08, 1.20000119e-08, 1486461.12, 1486461.12, 0, 0.27, 3.332, 0, -481.52049, 665.122897, 0, 2.49484263e+18, 0, 0, 2e+18, 2e+18
29.875, 0, 0, 9.60939439e+18, 0, 8.94324028e-22, 3.718e+18, 6.44e+20, 4.85, 4, 1002.28718, 12.1915208, 0.0133258952, 1424.68617, 0, 4.9654982e+17, 1.61127197e-60, 821.127548, -999.979638, -999.980865, 9.60939439e+18, 2.52461406e+13, -703.816302, 1238.69823, 300.000209, 12.2019708, 12.1915208, 0.0133900843, 0.0133258952, 9.60939439e+18, 5.35444561e-78, 821.127548, 0.0380969738, 820.652443, -481.52049, -1.88466002e-78, -481.296986, 665.122897, 5.01180052e-78, 664.69816, 0, 1.20000119e-08, 1.20000119e-08, 1486461.12, 1486461.12, 0, 0.27, 3.332, 0, -481.52049, 665.122897, 0, 2.49484263e+18, 0, 0, 2e+18, 2e+18
30, 0, 0, 9.60939439e+18, 0, 8.94306645e-22, 3.718e+18, 6.44e+20, 4.85, 4, 1002.29205, 12.1915208, 0.0133258952, 1115.90245, 0, 4.96564454e+17, 1.6115096e-60, 646.800453, -999.984503, -999.985735, 9.60939439e+18, 5.04922811e+13, -333.525018, 1064.89405, 300.000147, 12.2019708, 12.1915208, 0.0133900843, 0.0133258952, 9.60939439e+18, 4.40054419e-78, 646.800453, 0.0315155768, 646.424135, -323.756709, -1.15422512e-78, -323.613493, 559.939657, 4.24647543e-78, 559.587767, 0, 1.20000083e-08, 1.20000083e-08, 1027332.58, 1027332.58, 0, 0.27, 3.332, 0, -323.756709, 559.939657, 0, 2.49478415e+18, 0, 0, 2e+18, 2e+18
30, 0, 0, 9.61289439e+18, 0, 8.94306645e-22, 3.718e+18, 6.44e+20, 4.85, 4, 1002.29205, 12.1915208, 0.0133258952, 10112.2707, 0, 4.96564454e+17, 1.6115096e-60, 646.800453, -999.984503, -999.985735, 9.61289439e+18, 5.04922811e+13, -342.065252, 10106.4835, 300.000147, 12.2019708, 12.1915208, 0.0133900843, 0.0133258952, 9.61289439e+18, 4.40054419e-78, 646.800453, 0.0315155768, 646.424135, -323.756709, -1.15422512e-78, -323.613493, 559.939657, 4.24647543e-78, 559.587767, 0, 1.20000083e-08, 1.20000083e-08, 1027332.58, 1027332.58, 0, 0.27, 3.332, 0, -323.756709, 559.939657, 0, 2.49478415e+18, 0, 0, 2e+18, 2e+18
30.125, 0, 0, 9.61289439e+18, 0, 8.94296128e-22, 3.718e+18, 6.44e+20, 4.85, 4, 1002.29552, 12.1915208, 0.0133258952, 9986.97505, 0, 4.96558313e+17, 1.61179165e-60, 531.744066, -999.987976, -999.989213, 9.61289439e+18, 2.52461406e+13, -245.872883, 9983.94797, 300.000109, 12.2019708, 12.1915208, 0.0133900843, 0.0133258952, 9.61289439e+18, 3.7109611e-78, 531.744066, 0.0252710592, 531.431191, -254.02959, -1.01798289e-78, -253.91128, 467.141005, 3.56860521e-78, 466.849197, 0, 1.20000062e-08, 1.20000062e-08, 770931.732, 770931.732, 0, 0.27, 3.332, 0, -254.02959, 467.141005, 0, 2.49480716e+18, 0, 0, 2e+18, 2e+18
30.125, 0, 0, 9.60939439e+18, 0, 8.94296128e-22, 3.718e+18, 6.44e+20, 4.85, 4, 1002.29552, 12.1915208, 0.0133258952, 1032.29392, 0, 4.96558313e+17, 1.61179165e-60, 531.744066, -999.987976, -999.989213, 9.60939439e+18, 2.52461406e+13, -411.467087, 946.74472, 300.000109, 12.2019708, 12.1915208, 0.0133900843, 0.0133258952, 9.60939439e+18, 3.7109611e-78, 531.744066, 0.0252710592, 531.431191, -254.02959, -1.01798289e-78, -253.91128, 467.141005, 3.56860521e-78, 466.849197, 0, 1.20000062e-08, 1.20000062e-08, 770931.732, 770931.732, 0, 0.27, 3.332, 0, -254.02959, 467.141005, 0, 2.49480716e+18, 0, 0, 2e+18, 2e+18
30.25, 0, 0, 9.60939439e+18, 0, 8.94288243e-22, 3.718e+18, 6.44e+20, 4.85, 4, 1002.29807, 12.1915208, 0.0133258952, 841.222073, 0, 4.96571117e+17, 1.61180873e-60, 426.554378, -999.990522, -999.99176, 9.60939439e+18, 3.78692109e+13, -175.29927, 822.754363, 300.000081, 12.2019708, 12.1915208, 0.0133900843, 0.0133258952, 9.60939439e+18, 3.06796493e-78, 426.554378, 0.0206606263, 426.303852, -170.166045, -6.05778628e-79, -170.090897, 391.142115, 3.00756397e-78, 390.901601, 0, 1.20000046e-08, 1.20000046e-08, 559535.986, 559535.986, 0, 0.27, 3.332, 0, -170.166045, 391.142115, 0, 2.49475662e+18, 0, 0, 2e+18, 2e+18
30.25, 0, 0, 9.61289439e+18, 0, 8.94288243e-22, 3.718e+18, 6.44e+20, 4.85, 4, 1002.29807, 12.1915208, 0.0133258952, 9891.6598, 0, 4.96571117e+17, 1.61180873e-60, 426.554378, -999.990522, -999.99176, 9.61289439e+18, 3.78692109e+13, -178.994246, 9890.04017, 300.000081, 12.2019708, 12.1915208, 0.0133900843, 0.0133258952, 9.61289439e+18, 3.06796493e-78, 426.554378, 0.0206606263, 426.303852, -170.166045, -6.05778628e-79, -170.090897, 391.142115, 3.00756397e-78, 390.901601, 0, 1.20000046e-08, 1.20000046e-08, 559535.986, 559535.986, 0, 0.27, 3.332, 0, -170.166045, 391.142115, 0, 2.49475662e+18, 0, 0, 2e+18, 2e+18
30.375, 0, 0, 9.61289439e+18, 0, 8.94283278e-22, 3.718e+18, 6.44e+20, 4.85, 4, 1002.2999, 12.1915208, 0.0133258952, 9821.04445, 0, 4.96563452e+17, 1.61162499e-60, 356.69623, -999.992358, -999.993594, 9.61289439e+18, 5.04922811e+13, -129.771995, 9820.18703, 300.000063, 12.2019708, 12.1915208, 0.0133900843, 0.0133258952, 9.61289439e+18, 2.61105417e-78, 356.69623, 0.0163245289, 356.485812, -136.934088, -5.57912801e-79, -136.870021, 329.364928, 2.55075228e-78, 329.163685, 0, 1.20000036e-08, 1.20000036e-08, 436736.399, 436736.399, 0, 0.27, 3.332, 0, -136.934088, 329.364928, 0, 2.49478605e+18, 0, 0, 2e+18, 2e+18
30.375, 0, 0, 9.60939439e+18, 0, 8.94283278e-22, 3.718e+18, 6.44e+20, 4.85, 4, 1002.2999, 12.1915208, 0.0133258952, 783.317106, 0, 4.96563452e+17, 1.61162499e-60, 356.69623, -999.992358, -999.993594, 9.60939439e+18, 5.04922811e+13, -236.821666, 746.660021, 300.000063, 12.2019708, 12.1915208, 0.0133900843, 0.0133258952, 9.60939439e+18, 2.61105417e-78, 356.69623, 0.0163245289, 356.485812, -136.934088, -5.57912801e-79, -136.870021, 329.364928, 2.55075228e-78, 329.163685, 0, 1.20000036e-08, 1.20000036e-08, 436736.399, 436736.399, 0, 0.27, 3.332, 0, -136.934088, 329.364928, 0, 2.49478605e+18, 0, 0, 2e+18, 2e+18
30.5, 0, 0, 9.60939439e+18, 0, 8.94279592e-22, 3.718e+18, 6.44e+20, 4.85, 4, 1002.30125, 12.1915208, 0.0133258952, 673.706194, 0, 4.96575019e+17, 1.61176333e-60, 294.155642, -999.993705, -999.994944, 9.60939439e+18, 5.04922811e+13, -91.3413016, 667.485433, 300.00005, 12.2019708, 12.1915208, 0.0133900843, 0.0133258952, 9.60939439e+18, 2.21129534e-78, 294.155642, 0.0130208362, 293.982493, -88.6668899, -3.15447281e-79, -88.6275966, 280.474107, 2.18867999e-78, 280.304933, 0, 1.20000028e-08, 1.20000028e-08, 338245.764, 338245.764, 0, 0.27, 3.332, 0, -88.6668899, 280.474107, 0, 2.49474068e+18, 0, 0, 2e+18, 2e+18
30.5, 0, 0, 9.61289439e+18, 0, 8.94279592e-22, 3.718e+18, 6.44e+20, 4.85, 4, 1002.30125, 12.1915208, 0.0133258952, 9767.3553, 0, 4.96575019e+17, 1.61176333e-60, 294.155642, -999.993705, -999.994944, 9.61289439e+18, 5.04922811e+13, -93.5537568, 9766.90725, 300.00005, 12.2019708, 12.1915208, 0.0133900843, 0.0133258952, 9.61289439e+18, 2.21129534e-78, 294.155642, 0.0130208362, 293.982493, -88.6668899, -3.15447281e-79, -88.6275966, 280.474107, 2.18867999e-78, 280.304933, 0, 1.20000028e-08, 1.20000028e-08, 338245.764, 338245.764, 0, 0.27, 3.332, 0, -88.6668899, 280.474107, 0, 2.49474068e+18, 0, 0, 2e+18, 2e+18
30.625, 0, 0, 9.61289439e+18, 0, 8.94277246e-22, 3.718e+18, 6.44e+20, 4.85, 4, 1002.30219, 12.1915208, 0.0133258952, 9729.10125, 0, 4.96566328e+17, 1.61145762e-60, 254.22176, -999.994642, -999.995875, 9.61289439e+18, 3.78692109e+13, -64.7156153, 9728.88601, 300.000042, 12.2019708, 12.1915208, 0.0133900843, 0.0133258952, 9.61289439e+18, 1.94357322e-78, 254.22176, 0.00989377983, 254.071648, -68.4152697, -2.82059057e-79, -68.38308, 244.842917, 1.92299755e-78, 244.696049, 0, 1.20000024e-08, 1.20000024e-08, 280023.408, 280023.408, 0, 0.27, 3.332, 0, -68.4152697, 244.842917, 0, 2.49477433e+18, 0, 0, 2e+18, 2e+18
30.625, 0, 0, 9.60939439e+18, 0, 8.94277246e-22, 3.718e+18, 6.44e+20, 4.85, 4, 1002.30219, 12.1915208, 0.0133258952, 637.987163, 0, 4.96566328e+17, 1.61145762e-60, 254.22176, -999.994642, -999.995875, 9.60939439e+18, 3.78692109e+13, -122.563247, 626.103722, 300.000042, 12.2019708, 12.1915208, 0.0133900843, 0.0133258952, 9.60939439e+18, 1.94357322e-78, 254.22176, 0.00989377983, 254.071648, -68.4152697, -2.82059057e-79, -68.38308, 244.842917, 1.92299755e-78, 244.696049, 0, 1.20000024e-08, 1.20000024e-08, 280023.408, 280023.408, 0, 0.27, 3.332, 0, -68.4152697, 244.842917, 0, 2.49477433e+18, 0, 0, 2e+18, 2e+18
30.75, 0, 0, 9.60939439e+18, 0, 8.94275677e-22, 3.718e+18, 6.44e+20, 4.85, 4, 1002.30282, 12.1915208, 0.0133258952, 584.172138, 0, 4.96577042e+17, 1.6118856e-60, 222.471062, -999.995277, -999.996518, 9.60939439e+18, 3.78692109e+13, -39.5337047, 582.832886, 300.000036, 12.2019708, 12.1915208, 0.0133900843, 0.0133258952, 9.60939439e+18, 1.73861607e-78, 222.471062, 0.00733393262, 222.339835, -38.3762592, -1.37347709e-79, -38.359169, 219.136113, 1.73318246e-78, 219.005882, 0, 1.20000021e-08, 1.20000021e-08, 238611.634, 238611.634, 0, 0.27, 3.332, 0, -38.3762592, 219.136113, 0, 2.49473247e+18, 0, 0, 2e+18, 2e+18
30.75, 0, 0, 9.61289439e+18, 0, 8.94275677e-22, 3.718e+18, 6.44e+20, 4.85, 4, 1002.30282, 12.1915208, 0.0133258952, 9701.79286, 0, 4.96577042e+17, 1.6118856e-60, 222.471062, -999.995277, -999.996518, 9.61289439e+18, 3.78692109e+13, -41.6846444, 9701.70331, 300.000036, 12.2019708, 12.1915208, 0.0133900843, 0.0133258952, 9.61289439e+18, 1.73861607e-78, 222.471062, 0.00733393262, 222.339835, -38.3762592, -1.37347709e-79, -38.359169, 219.136113, 1.73318246e-78, 219.005882, 0, 1.20000021e-08, 1.20000021e-08, 238611.634, 238611.634, 0, 0.27, 3.332, 0, -38.3762592, 219.136113, 0, 2.49473247e+18, 0, 0, 2e+18, 2e+18
30.875, 0, 0, 9.61289439e+18, 0, 8.94274814e-22, 3.718e+18, 6.44e+20, 4.85, 4, 1002.30318, 12.1915208, 0.0133258952, 9685.61471, 0, 4.96567615e+17, 1.61175144e-60, 206.131115, -999.99563, -999.996868, 9.61289439e+18, 5.04922811e+13, -21.305134, 9685.59128, 300.000033, 12.2019708, 12.1915208, 0.0133900843, 0.0133258952, 9.61289439e+18, 1.62960482e-78, 206.131115, 0.00485417058, 206.009129, -20.8718455, -8.44983172e-80, -20.8619879, 205.071701, 1.62741264e-78, 204.950088, 0, 1.20000019e-08, 1.20000019e-08, 217232.945, 217232.945, 0, 0.27, 3.332, 0, -20.8718455, 205.071701, 0, 2.49476911e+18, 0, 0, 2e+18, 2e+18
30.875, 0, 0, 9.60939439e+18, 0, 8.94274814e-22, 3.718e+18, 6.44e+20, 4.85, 4, 1002.30318, 12.1915208, 0.0133258952, 571.329084, 0, 4.96567615e+17, 1.61175144e-60, 206.131115, -999.99563, -999.996868, 9.60939439e+18, 5.04922811e+13, -38.0860036, 570.058224, 300.000033, 12.2019708, 12.1915208, 0.0133900843, 0.0133258952, 9.60939439e+18, 1.62960482e-78, 206.131115, 0.00485417058, 206.009129, -20.8718455, -8.44983172e-80, -20.8619879, 205.071701, 1.62741264e-78, 204.950088, 0, 1.20000019e-08, 1.20000019e-08, 217232.945, 217232.945, 0, 0.27, 3.332, 0, -20.8718455, 205.071701, 0, 2.49476911e+18, 0, 0, 2e+18, 2e+18
31, 0, 0, 9.60939439e+18, 0, 8.94274544e-22, 3.718e+18, 6.44e+20, 4.85, 4, 1002.3033, 12.1915208, 0.0133258952, 555.937023, 0, 4.9657767e+17, 1.610977e-60, 199.657019, -999.995754, -999.99698, 9.60939439e+18, 3.78692109e+13, -9.95251638, 555.847929, 300.000032, 12.2019708, 12.1915208, 0.0133900843, 0.0133258952, 9.60939439e+18, 1.58535447e-78, 199.657019, 0.00253144005, 199.539121, -9.61926245, -3.09690478e-80, -9.61496618, 199.425162, 1.58505196e-78, 199.307334, 0, 1.20000018e-08, 1.20000018e-08, 209807.538, 209807.538, 0, 0.27, 3.332, 0, -9.61926245, 199.425162, 0, 2.49472992e+18, 0, 0, 2e+18, 2e+18
31, 0, 0, 9.61289439e+18, 0, 8.94274544e-22, 3.718e+18, 6.44e+20, 4.85, 4, 1002.3033, 12.1915208, 0.0133258952, 9678.75308, 0, 4.9657767e+17, 1.610977e-60, 199.657019, -999.995754, -999.99698, 9.61289439e+18, 3.78692109e+13, -9.37680784, 9678.74854, 300.000032, 12.2019708, 12.1915208, 0.0133900843, 0.0133258952, 9.61289439e+18, 1.58535447e-78, 199.657019, 0.00253144005, 199.539121, -9.61926245, -3.09690478e-80, -9.61496618, 199.425162, 1.58505196e-78, 199.307334, 0, 1.20000018e-08, 1.20000018e-08, 209807.538, 209807.538, 0, 0.27, 3.332, 0, -9.61926245, 199.425162, 0, 2.49472992e+18, 0, 0, 2e+18, 2e+18
