"depth", "composition x", "composition y", "donor conc", "acceptor conc", "ni", "nc", "nv", "eg", "electron affinity", "potential", "e- mobility", "h+ mobility", "electric field", "impact gen rate", "electron conc", "hole conc", "cond. current density", "electron qfl", "hole qfl", "net doping", "recombination rate", "e field x", "e field y", "lattice temperature", "e- mobility x", "e- mobility y", "h+ mobility x", "h+ mobility y", "total doping", "h+ current density", "e- current density", "current flowlines", "total current density", "je- x", "jh+ x", "jtot x", "je- y", "jh+ y", "jtot y", "seu generation rate", "e- srh tno", "h+ srh tno", "joule heat power", "total heat power", "rec heat power", "heat conductivity", "heat capacity", "peltier-thomson heat power", "cond current x", "cond current y", "ionized acceptor concentration", "ionized donor concentration", "e- ionization coefficient", "h+ ionization coefficient", "acceptor trap dos #1", "acceptor trap ionized density #1"
-0.42, 0, 0, 0, 0, 0, 0, 0, 0, 0, 144.499189, 0, 0, 864182.168, 0, 0, 0, 0, 0, 0, 0, 0, -864164.767, 5484.07121, 309.535915, 0, 0, 0, 0, 0, 0, 0, 0.952120001, 0.0337623213, 0, 0, 0.0337592029, 0, 0, 0.000458141226, 0, 0, 0, 0, 0, 0, 0.014, 3.066, 0, 0, 0, 0, 0, 0, 0, 0, 0
-0.405714286, 0, 0, 0, 0, 0, 0, 0, 0, 0, 144.491306, 0, 0, 863599.182, 0, 0, 0, 0, 0, 0, 0, 0, -863566.726, 7060.75729, 309.535568, 0, 0, 0, 0, 0, 0, 0, 0.953442584, 0.0337762876, 0, 0, 0.0337700702, 0, 0, 0.000597981776, 0, 0, 0, 0, 0, 0, 0.014, 3.066, 0, 0, 0, 0, 0, 0, 0, 0, 0
-0.37, 0, 0, 0, 0, 0, 0, 0, 0, 0, 144.471917, 0, 0, 862164.174, 0, 0, 0, 0, 0, 0, 0, 0, -862094.781, 10938.5686, 309.534807, 0, 0, 0, 0, 0, 0, 0, 0.956953233, 0.0338107896, 0, 0, 0.0337983156, 0, 0, 0.000916900968, 0, 0, 0, 0, 0, 0, 0.014, 3.066, 0, 0, 0, 0, 0, 0, 0, 0, 0
-0.355714286, 0, 0, 0, 0, 0, 0, 0, 0, 0, 144.448268, 0, 0, 862154.196, 0, 0, 0, 0, 0, 0, 0, 0, -862024.719, 14092.2015, 309.533776, 0, 0, 0, 0, 0, 0, 0, 0.958039549, 0.0338559412, 0, 0, 0.0338310823, 0, 0, 0.0011973222, 0, 0, 0, 0, 0, 0, 0.014, 3.066, 0, 0, 0, 0, 0, 0, 0, 0, 0
-0.32, 0, 0, 0, 0, 0, 0, 0, 0, 0, 144.390103, 0, 0, 862126.529, 0, 0, 0, 0, 0, 0, 0, 0, -861849.668, 21847.2413, 309.531516, 0, 0, 0, 0, 0, 0, 0, 0.960872447, 0.0339660769, 0, 0, 0.0339162458, 0, 0, 0.00183627864, 0, 0, 0, 0, 0, 0, 0.014, 3.066, 0, 0, 0, 0, 0, 0, 0, 0, 0
-0.305714286, 0, 0, 0, 0, 0, 0, 0, 0, 0, 144.350685, 0, 0, 862108.707, 0, 0, 0, 0, 0, 0, 0, 0, -861731.706, 25001.5239, 309.529832, 0, 0, 0, 0, 0, 0, 0, 0.962064498, 0.0340418669, 0, 0, 0.0339714259, 0, 0, 0.00211869592, 0, 0, 0, 0, 0, 0, 0.014, 3.066, 0, 0, 0, 0, 0, 0, 0, 0, 0
-0.27, 0, 0, 0, 0, 0, 0, 0, 0, 0, 144.253751, 0, 0, 862060.352, 0, 0, 0, 0, 0, 0, 0, 0, -861437.857, 32754.6357, 309.526144, 0, 0, 0, 0, 0, 0, 0, 0.965109821, 0.0342266956, 0, 0, 0.0341148225, 0, 0, 0.00276061021, 0, 0, 0, 0, 0, 0, 0.014, 3.066, 0, 0, 0, 0, 0, 0, 0, 0, 0
-0.255714286, 0, 0, 0, 0, 0, 0, 0, 0, 0, 144.198563, 0, 0, 862032.636, 0, 0, 0, 0, 0, 0, 0, 0, -861269.848, 35909.64, 309.523858, 0, 0, 0, 0, 0, 0, 0, 0.966438198, 0.0343340063, 0, 0, 0.0341933438, 0, 0, 0.00304607611, 0, 0, 0, 0, 0, 0, 0.014, 3.066, 0, 0, 0, 0, 0, 0, 0, 0, 0
-0.22, 0, 0, 0, 0, 0, 0, 0, 0, 0, 144.062878, 0, 0, 861960.281, 0, 0, 0, 0, 0, 0, 0, 0, -860853.915, 43658.4596, 309.518862, 0, 0, 0, 0, 0, 0, 0, 0.969733822, 0.0345955471, 0, 0, 0.0343972904, 0, 0, 0.0036923367, 0, 0, 0, 0, 0, 0, 0.014, 3.066, 0, 0, 0, 0, 0, 0, 0, 0, 0
-0.205714286, 0, 0, 0, 0, 0, 0, 0, 0, 0, 143.991918, 0, 0, 861645.917, 0, 0, 0, 0, 0, 0, 0, 0, -860347, 46992.5464, 309.516044, 0, 0, 0, 0, 0, 0, 0, 0.97119237, 0.0343775652, 0, 0, 0.0341335121, 0, 0, 0.00401428197, 0, 0, 0, 0, 0, 0, 0.014, 3.066, 0, 0, 0, 0, 0, 0, 0, 0, 0
-0.17, 0, 0, 0, 0, 0, 0, 0, 0, 0, 143.817516, 0, 0, 860877.105, 0, 0, 0, 0, 0, 0, 0, 0, -859107.301, 55172.6984, 309.509906, 0, 0, 0, 0, 0, 0, 0, 0.974728936, 0.0337906187, 0, 0, 0.033455352, 0, 0, 0.00474020468, 0, 0, 0, 0, 0, 0, 0.014, 3.066, 0, 0, 0, 0, 0, 0, 0, 0, 0
-0.141428624, 0, 0, 0, 0, 0, 0, 0, 0, 0, 143.643421, 0, 0, 861213.635, 0, 0, 0, 0, 0, 0, 0, 0, -859003.745, 61416.7903, 309.503851, 0, 0, 0, 0, 0, 0, 0, 0.977155998, 0.0360337687, 0, 0, 0.0356781604, 0, 0, 0.00504780219, 0, 0, 0, 0, 0, 0, 0.014, 3.066, 0, 0, 0, 0, 0, 0, 0, 0, 0
-0.12, 0, 0, 0, 0, 0, 0, 0, 0, 0, 143.517215, 0, 0, 861427.843, 0, 0, 0, 0, 0, 0, 0, 0, -858863.431, 66418.394, 309.499632, 0, 0, 0, 0, 0, 0, 0, 0.979216381, 0.03671241, 0, 0, 0.0363129232, 0, 0, 0.00539874682, 0, 0, 0, 0, 0, 0, 0.014, 3.066, 0, 0, 0, 0, 0, 0, 0, 0, 0
-0.0771427527, 0, 0, 0, 0, 0, 0, 0, 0, 0, 143.213157, 0, 0, 861255.248, 0, 0, 0, 0, 0, 0, 0, 0, -857941.79, 75378.7596, 309.490007, 0, 0, 0, 0, 0, 0, 0, 0.981358453, 0.0370693999, 0, 0, 0.0365305869, 0, 0, 0.00628439803, 0, 0, 0, 0, 0, 0, 0.014, 3.066, 0, 0, 0, 0, 0, 0, 0, 0, 0
-0.07, 0, 0, 0, 0, 0, 0, 0, 0, 0, 143.162502, 0, 0, 861193.588, 0, 0, 0, 0, 0, 0, 0, 0, -857736.547, 77086.0411, 309.48834, 0, 0, 0, 0, 0, 0, 0, 0.981791171, 0.0368746472, 0, 0, 0.0363013871, 0, 0, 0.00647499682, 0, 0, 0, 0, 0, 0, 0.014, 3.066, 0, 0, 0, 0, 0, 0, 0, 0, 0
-0.0557145992, 0, 0, 0, 0, 0, 0, 0, 0, 0, 143.045667, 0, 0, 861131.177, 0, 0, 0, 0, 0, 0, 0, 0, -857564.025, 78270.4534, 309.484916, 0, 0, 0, 0, 0, 0, 0, 0.982051623, 0.0421260903, 0, 0, 0.0415902365, 0, 0, 0.0066358636, 0, 0, 0, 0, 0, 0, 0.014, 3.066, 0, 0, 0, 0, 0, 0, 0, 0, 0
-0.02, 0, 0, 0, 0, 0, 0, 0, 0, 0, 142.754597, 0, 0, 860591.963, 0, 0, 0, 0, 0, 0, 0, 0, -856718.279, 81561.744, 309.476534, 0, 0, 0, 0, 0, 0, 0, 0.982967528, 0.0549925392, 0, 0, 0.0545314551, 0, 0, 0.00710628243, 0, 0, 0, 0, 0, 0, 0.014, 3.066, 0, 0, 0, 0, 0, 0, 0, 0, 0
-0.02, 0, 0, 0, 0, 0, 0, 0, 0, 0, 142.754597, 0, 0, 856941.507, 0, 0, 0, 0, 0, 0, 0, 0, -856825.206, 14117.8199, 309.476534, 0, 0, 0, 0, 0, 0, 0, 0.982967528, 0.0549925392, 0, 0, 0.0545314551, 0, 0, 0.00710628243, 0, 0, 0, 0, 0, 0, 0.023, 0, 0, 0, 0, 0, 0, 0, 0, 0, 0
-0.0185714599, 0, 0, 0, 0, 0, 0, 0, 0, 0, 142.752578, 0, 0, 856869.26, 0, 0, 0, 0, 0, 0, 0, 0, -856750.414, 14268.7306, 309.476326, 0, 0, 0, 0, 0, 0, 0, 0.98332424, 0.106071506, 0, 0, 0.105701527, 0, 0, 0.00743168894, 0, 0, 0, 0, 0, 0, 0.023, 0, 0, 0, 0, 0, 0, 0, 0, 0, 0
-0.015, 0, 0, 0, 0, 0, 0, 0, 0, 0, 142.747544, 0, 0, 856688.053, 0, 0, 0, 0, 0, 0, 0, 0, -856562.866, 14645.076, 309.475818, 0, 0, 0, 0, 0, 0, 0, 0.984043804, 0.234360395, 0, 0, 0.23421711, 0, 0, 0.00819364054, 0, 0, 0, 0, 0, 0, 0.023, 0, 0, 0, 0, 0, 0, 0, 0, 0, 0
-0.0135714599, 0, 0, 0, 0, 0, 0, 0, 0, 0, 142.745372, 0, 0, 856685.631, 0, 0, 0, 0, 0, 0, 0, 0, -856554.982, 14953.0286, 309.475611, 0, 0, 0, 0, 0, 0, 0, 0.984278818, 0.234392186, 0, 0, 0.234242082, 0, 0, 0.00837943465, 0, 0, 0, 0, 0, 0, 0.023, 0, 0, 0, 0, 0, 0, 0, 0, 0, 0
-0.01, 0, 0, 0, 0, 0, 0, 0, 0, 0, 142.739953, 0, 0, 856680.111, 0, 0, 0, 0, 0, 0, 0, 0, -856535.852, 15720.8988, 309.475105, 0, 0, 0, 0, 0, 0, 0, 0.984863924, 0.234471447, 0, 0, 0.234304865, 0, 0, 0.00883653566, 0, 0, 0, 0, 0, 0, 0.023, 0, 0, 0, 0, 0, 0, 0, 0, 0, 0
-0.00857145992, 0, 0, 0, 0, 0, 0, 0, 0, 0, 142.737626, 0, 0, 856677.447, 0, 0, 0, 0, 0, 0, 0, 0, -856527.338, 16028.8823, 309.474898, 0, 0, 0, 0, 0, 0, 0, 0.985103069, 0.234506102, 0, 0, 0.234332184, 0, 0, 0.00902253271, 0, 0, 0, 0, 0, 0, 0.023, 0, 0, 0, 0, 0, 0, 0, 0, 0, 0
-0.005, 0, 0, 0, 0, 0, 0, 0, 0, 0, 142.731824, 0, 0, 856670.957, 0, 0, 0, 0, 0, 0, 0, 0, -856506.278, 16796.5578, 309.474392, 0, 0, 0, 0, 0, 0, 0, 0.985698693, 0.234592481, 0, 0, 0.234400859, 0, 0, 0.00947965566, 0, 0, 0, -0.000993844021, -0.000993844021, 0, 0.023, 0, 0, 0, 0, 0, 0, 0, 0, 0, 0
-0.00357145992, 0, 0, 0, 0, 0, 0, 0, 0, 0, 142.729343, 0, 0, 856597.766, 0, 0, 0, 0, 0, 0, 0, 0, -856430.09, 16946.1971, 309.474185, 0, 0, 0, 0, 0, 0, 0, 0.873888266, 0.208871523, 0, 0, 0.208632304, 0, 0, 0.00966094206, 0, 0, 0, 1.81671001e+09, 1.81671001e+09, 0, 0.023, 0, 0, 0, 0, 0, 0, 0, 0, 0, 0
0, 0, 0, 0, 0, 0, 0, 0, 0, 0, 142.723157, 0, 0, 856415.395, 0, 0, 0, 0, 0, 0, 0, 0, -856240.255, 17319.181, 309.473681, 0, 0, 0, 0, 0, 0, 0, 0.594851873, 0.144320022, 0, 0, 0.143965745, 0, 0, 0.0101057263, 0, 0, 0, 6.34275565e+09, 6.34275565e+09, 0, 0.023, 0, 0, 0, 0, 0, 0, 0, 0, 0, 0
0, 0, 0, 5e+16, 0, 1.57961965e-20, 3.718e+18, 6.44e+20, 4.85, 4, 142.723157, 23.3715399, 0.866667, 858054.336, 6.89708221e+19, 2.31307474e+15, 8.71981527e+09, 4829.43228, -140.562898, -144.546154, 5e+16, 6.95331286e+17, -856667.316, 48768.3489, 309.473681, 23.3715399, 96.399762, 0.866667, 0.866667, 5e+16, 0.000687107188, 4829.43159, 0.594851873, 4829.57623, -4829.42791, -0.000686839332, -4829.57256, 5.9665701, 1.91838217e-05, 5.95651046, 0, 1.25416521e-08, 1.25416521e-08, 6.34275565e+09, 6.34275565e+09, 0, 0.27, 3.332, 0, -4829.42859, 5.96658928, 0, 4.94428788e+16, 0.00229221963, 0.00233407526, 0, 0
0.00267851265, 0, 0, 5e+16, 0, 1.5782304e-20, 3.718e+18, 6.44e+20, 4.85, 4, 142.710083, 23.3727622, 0.866667, 858040.869, 4.80965037e+19, 1.42609126e+15, 1.22508151e+10, 3838.61983, -140.562721, -144.542153, 5e+16, 1.1595773e+18, -856566.727, 50221.6557, 309.470692, 23.3727622, 96.3995422, 0.866667, 0.866667, 5e+16, 0.00150014953, 3838.61833, 0.503587053, 3838.75007, -3838.61191, -0.00149940165, -3838.74368, 6.01598321, 4.72185427e-05, 6.00584033, 0, 1.25414801e-08, 1.25414801e-08, 4.86115115e+09, 4.86115115e+09, 0, 0.27, 3.332, 0, -3838.61341, 6.01603043, 0, 4.95722186e+16, 0.00229290321, 0.00233727264, 0, 0
0.009375, 0, 0, 5e+16, 0, 1.57478398e-20, 3.718e+18, 6.44e+20, 4.85, 4, 142.677473, 23.3758105, 0.866667, 858007.897, 1.96026616e+19, 4.27103418e+14, 2.86002856e+10, 1370.76695, -140.56226, -144.532169, 5e+16, 2.28064079e+18, -856316.197, 53852.779, 309.463247, 23.3758105, 96.3995422, 0.866667, 0.866667, 5e+16, 0.0034610282, 1370.76349, 0.275432404, 1370.86278, -1370.74965, -0.00345912517, -1370.84899, 6.15964387, 0.000114757291, 6.14929592, 0, 1.25410516e-08, 1.25410516e-08, 1.17411389e+09, 1.17411389e+09, 0, 0.27, 3.332, 0, -1370.7531, 6.15975862, 0, 4.98961904e+16, 0.00229483405, 0.00234500871, 0, 0
0.0120535127, 0, 0, 5e+16, 0, 1.57289499e-20, 3.718e+18, 6.44e+20, 4.85, 4, 142.661653, 23.3771049, 0.866667, 858162.437, 1.10246535e+19, 2.39623213e+14, 3.49157751e+10, 1031.87503, -140.56185, -144.521679, 5e+16, 2.95360698e+18, -856268.594, 56791.3663, 309.459168, 23.3771049, 96.3995422, 0.866667, 0.866667, 5e+16, 0.00448473129, 1031.87055, 0.239768133, 1031.97091, -1031.85779, -0.00448066833, -1031.95822, 4.97711233, 0.000186327138, 4.96669577, 0, 1.25408169e-08, 1.25408169e-08, 883495350, 883495350, 0, 0.27, 3.332, 0, -1031.86227, 4.97729865, 0, 4.99218422e+16, 0.00229857636, 0.0023569903, 0, 0
0.01875, 0, 0, 5e+16, 0, 1.56820232e-20, 3.718e+18, 6.44e+20, 4.85, 4, 142.622186, 23.3803344, 0.866667, 858548.923, 2.6286119e+18, 5.67643116e+13, 5.75706238e+10, 182.832532, -140.560776, -144.495569, 5e+16, 4.58669037e+18, -856150.207, 64133.2751, 309.448995, 23.3803344, 96.3990008, 0.866667, 0.866667, 5e+16, 0.00696450783, 182.825573, 0.150247236, 182.928521, -182.815659, -0.00695523574, -182.918722, 1.90360347, 0.000359256403, 1.8930159, 0, 1.25402315e-08, 1.25402315e-08, 156638266, 156638266, 0, 0.27, 3.332, 0, -182.822614, 1.90396272, 0, 4.99861762e+16, 0.00230818842, 0.0023859296, 0, 0
0.0214285127, 0, 0, 5e+16, 0, 1.56625488e-20, 3.718e+18, 6.44e+20, 4.85, 4, 142.603601, 23.3817008, 0.866667, 858736.948, 1.3555773e+18, 2.90993399e+13, 6.66344747e+10, 135.997666, -140.560006, -144.480893, 5e+16, 5.44497537e+18, -856099.982, 67083.9674, 309.444772, 23.3817008, 96.3965372, 0.866667, 0.866667, 5e+16, 0.00832620912, 135.989348, 0.145873854, 136.093677, -135.980866, -0.00831211518, -136.085351, 1.49063104, 0.000480327032, 1.48002065, 0, 1.25399885e-08, 1.25399885e-08, 116467930, 116467930, 0, 0.27, 3.332, 0, -135.989177, 1.49111137, 0, 4.9989719e+16, 0.00231826663, 0.00239809599, 0, 0
0.028125, 0, 0, 5e+16, 0, 1.56141522e-20, 3.718e+18, 6.44e+20, 4.85, 4, 142.557225, 23.3851105, 0.866667, 859207.181, 2.6064828e+17, 5.50972223e+12, 9.61232356e+10, 17.8440516, -140.557993, -144.444309, 5e+16, 7.53490588e+18, -855975.037, 74456.1414, 309.434236, 23.3851105, 96.394858, 0.866667, 0.866667, 5e+16, 0.0116289273, 17.832434, 0.134814219, 17.9401165, -17.8279441, -0.0116031626, -17.9358883, 0.400094361, 0.000773672149, 0.389424014, 0, 1.25393822e-08, 1.25393822e-08, 15298634.7, 15298634.7, 0, 0.27, 3.332, 0, -17.8395473, 0.400868032, 0, 4.99986576e+16, 0.00234263675, 0.00242756699, 0, 0
0.0308035127, 0, 0, 5e+16, 0, 1.55947008e-20, 3.718e+18, 6.44e+20, 4.85, 4, 142.535873, 23.3865493, 0.866667, 859427.979, 1.3101521e+17, 2.70701894e+12, 1.07740283e+11, 13.241116, -140.555586, -144.426008, 5e+16, 7.85671605e+18, -855922.179, 77408.171, 309.43, 23.3865493, 96.394858, 0.866667, 0.866667, 5e+16, 0.0132982649, 13.227826, 0.134611406, 13.3369372, -13.2227764, -0.0132636275, -13.332451, 0.32853006, 0.000954955076, 0.317896658, 0, 1.25391385e-08, 1.25391385e-08, 11348637.7, 11348637.7, 0, 0.27, 3.332, 0, -13.23604, 0.329485014, 0, 4.99990045e+16, 0.00233314865, 0.00244148939, 0, 0
0.0375, 0, 0, 5e+16, 0, 1.55463576e-20, 3.718e+18, 6.44e+20, 4.85, 4, 142.482583, 23.3901409, 0.866667, 859980.163, 2.35541281e+16, 4.60162036e+11, 1.43429459e+11, 1.51779115, -140.54953, -144.380368, 5e+16, 8.72061277e+18, -855790.637, 84783.6346, 309.419432, 23.3901409, 96.3904539, 0.866667, 0.866667, 5e+16, 0.0173549663, 1.50043717, 0.134082697, 1.61302428, -1.49420266, -0.0172988149, -1.60808848, 0.136637964, 0.00139494001, 0.126090222, 0, 1.25385303e-08, 1.25385303e-08, 1305071.54, 1305071.54, 0, 0.27, 3.332, 0, -1.51150148, 0.138032904, 0, 4.99998879e+16, 0.00230985497, 0.00247520719, 0, 0
0.0401785127, 0, 0, 5e+16, 0, 1.55269884e-20, 3.718e+18, 6.44e+20, 4.85, 4, 142.458463, 23.3916534, 0.866667, 860233.493, 1.35673897e+16, 2.94176185e+11, 1.57443662e+11, 1.19088714, -140.537334, -144.358744, 5e+16, 7.66859013e+18, -855735.109, 87735.5194, 309.415196, 23.3916534, 96.3776612, 0.866667, 0.866667, 5e+16, 0.0193134392, 1.17176929, 0.134277801, 1.28462893, -1.16207077, -0.0192428807, -1.27797422, 0.128733083, 0.00164479016, 0.118290302, 0, 1.25382866e-08, 1.25382866e-08, 1021845.88, 1021845.88, 0, 0.27, 3.332, 0, -1.18131365, 0.130377873, 0, 4.99999127e+16, 0.00207669708, 0.00249114635, 0, 0
0.046875, 0, 0, 5e+16, 0, 1.5478849e-20, 3.718e+18, 6.44e+20, 4.85, 4, 142.398258, 23.3954309, 0.866667, 860866.999, 3.39665842e+15, 9.51484731e+10, 1.98910745e+11, 0.348322866, -140.507207, -144.304793, 5e+16, 5.13326174e+18, -855596.855, 95110.5269, 309.404627, 23.3954309, 96.3674621, 0.866667, 0.866667, 5e+16, 0.0240780123, 0.324903612, 0.134763953, 0.438383185, -0.306674739, -0.0239724598, -0.427492809, 0.107297718, 0.00225207747, 0.0971066257, 0, 1.25376784e-08, 1.25376784e-08, 293308.478, 293308.478, 0, 0.27, 3.332, 0, -0.330647198, 0.109549795, 0, 4.99999768e+16, 0.00152347568, 0.0025297585, 0, 0
0.0495535127, 0, 0, 5e+16, 0, 1.54595662e-20, 3.718e+18, 6.44e+20, 4.85, 4, 142.371372, 23.3970188, 0.866667, 861152.692, 2.85609874e+15, 8.67897748e+10, 2.15146982e+11, 0.327606268, -140.482765, -144.280007, 5e+16, 4.90634367e+18, -855538.603, 98062.1465, 309.400392, 23.3970188, 96.3674621, 0.866667, 0.866667, 5e+16, 0.0263047445, 0.302227691, 0.134985373, 0.41698975, -0.282490433, -0.0261775897, -0.405590855, 0.106542194, 0.00257825522, 0.0965317337, 0, 1.25374347e-08, 1.25374347e-08, 274746.373, 274746.373, 0, 0.27, 3.332, 0, -0.308668022, 0.109120449, 0, 4.99999786e+16, 0.00135086317, 0.00254792976, 0, 0
0.05625, 0, 0, 5e+16, 0, 1.54116411e-20, 3.718e+18, 6.44e+20, 4.85, 4, 142.304253, 23.4009869, 0.866667, 861867.068, 1.82548317e+15, 6.85453305e+10, 2.61930566e+11, 0.273615292, -140.421921, -144.218155, 5e+16, 4.33342019e+18, -855393.484, 105436.381, 309.389824, 23.4009869, 96.3460208, 0.866667, 0.866667, 5e+16, 0.031726354, 0.243471807, 0.135540058, 0.361271722, -0.219925404, -0.0315466662, -0.348589172, 0.104457295, 0.00337185204, 0.0948833157, 0, 1.25368267e-08, 1.25368267e-08, 226478.455, 226478.455, 0, 0.27, 3.332, 0, -0.25147207, 0.107829147, 0, 4.99999833e+16, 0.000929163774, 0.00259194914, 0, 0
0.0589285127, 0, 0, 5e+16, 0, 1.53924448e-20, 3.718e+18, 6.44e+20, 4.85, 4, 142.274599, 23.4026521, 0.866667, 862184.95, 1.77029465e+15, 6.63624132e+10, 2.80195721e+11, 0.269781222, -140.393123, -144.190307, 5e+16, 4.27144487e+18, -855332.452, 108387.766, 309.385591, 23.4026521, 96.2985226, 0.866667, 0.866667, 5e+16, 0.0341982251, 0.237371756, 0.13576143, 0.357227441, -0.213172334, -0.033987968, -0.344358349, 0.104311563, 0.00378087069, 0.0950003422, 0, 1.2536583e-08, 1.2536583e-08, 223120.76, 223120.76, 0, 0.27, 3.332, 0, -0.247160302, 0.108092434, 0, 4.99999838e+16, 0.000864077307, 0.00261252501, 0, 0
0.065625, 0, 0, 5e+16, 0, 1.53447346e-20, 3.718e+18, 6.44e+20, 4.85, 4, 142.200567, 23.4068161, 0.866667, 862979.732, 1.63251861e+15, 6.11484101e+10, 3.31798083e+11, 0.259815931, -140.321255, -144.120803, 5e+16, 4.1187312e+18, -855180.297, 115761.294, 309.375026, 23.4068161, 96.2568347, 0.866667, 0.866667, 5e+16, 0.0402214863, 0.221887774, 0.136316716, 0.346728625, -0.196055665, -0.0399368213, -0.333394205, 0.103905512, 0.00477684705, 0.0952314948, 0, 1.25359752e-08, 1.25359752e-08, 214401.396, 214401.396, 0, 0.27, 3.332, 0, -0.235992487, 0.108682359, 0, 4.99999851e+16, 0.000704350395, 0.00266236762, 0, 0
0.0683035127, 0, 0, 5e+16, 0, 1.53256248e-20, 3.718e+18, 6.44e+20, 4.85, 4, 142.168147, 23.4085605, 0.866667, 863329.62, 1.62145977e+15, 5.95606537e+10, 3.51965138e+11, 0.257944812, -140.289529, -144.089964, 5e+16, 4.05929557e+18, -855116.422, 118712.5, 309.370794, 23.4085605, 96.2041276, 0.866667, 0.866667, 5e+16, 0.0429257303, 0.21754081, 0.136536498, 0.344707925, -0.191121921, -0.0425996776, -0.331208056, 0.103837792, 0.00527475975, 0.0955146558, 0, 1.25357316e-08, 1.25357316e-08, 212818.179, 212818.179, 0, 0.27, 3.332, 0, -0.233721599, 0.109112551, 0, 4.99999855e+16, 0.000668099735, 0.00268550946, 0, 0
0.075, 0, 0, 5e+16, 0, 1.52781292e-20, 3.718e+18, 6.44e+20, 4.85, 4, 142.087203, 23.4129263, 0.866667, 864204.313, 1.58957023e+15, 5.57531656e+10, 4.08081718e+11, 0.253036628, -140.210328, -144.012985, 5e+16, 3.91310531e+18, -854957.048, 126085.45, 309.360231, 23.4129263, 95.9976267, 0.866667, 0.866667, 5e+16, 0.049518067, 0.206600293, 0.137088337, 0.339420412, -0.178716255, -0.0490911926, -0.325507165, 0.103654126, 0.00648797085, 0.0961836383, 0, 1.25351239e-08, 1.25351239e-08, 208658.351, 208658.351, 0, 0.27, 3.332, 0, -0.227807448, 0.110142097, 0, 4.99999864e+16, 0.000580004834, 0.00274156703, 0, 0
0.0776785127, 0, 0, 5e+16, 0, 1.52591058e-20, 3.718e+18, 6.44e+20, 4.85, 4, 142.052016, 23.414752, 0.866667, 864586.012, 1.60290413e+15, 5.44592203e+10, 4.2998044e+11, 0.252230653, -140.17576, -143.9792, 5e+16, 3.85401187e+18, -854890.263, 129036.548, 309.356, 23.414752, 95.9116039, 0.866667, 0.866667, 5e+16, 0.0524350407, 0.203128782, 0.137306306, 0.338501531, -0.1746858, -0.0519539599, -0.324428085, 0.103611402, 0.00708016754, 0.0965852478, 0, 1.25348804e-08, 1.25348804e-08, 208044.706, 208044.706, 0, 0.27, 3.332, 0, -0.22663976, 0.110691569, 0, 4.99999867e+16, 0.000551508271, 0.00276746622, 0, 0
0.084375, 0, 0, 5e+16, 0, 1.52118247e-20, 3.718e+18, 6.44e+20, 4.85, 4, 141.964159, 23.4193258, 0.866667, 865540.09, 1.632956e+15, 5.13482373e+10, 4.90192792e+11, 0.250019427, -140.089454, -143.894858, 5e+16, 3.70816895e+18, -854723.468, 136409.093, 309.345441, 23.4193258, 95.9116039, 0.866667, 0.866667, 5e+16, 0.0595502, 0.194420548, 0.137854093, 0.336002493, -0.164579052, -0.0589369958, -0.32152742, 0.103504024, 0.00852389896, 0.0975591048, 0, 1.25342729e-08, 1.25342729e-08, 206332.692, 206332.692, 0, 0.27, 3.332, 0, -0.223516047, 0.112027922, 0, 4.99999875e+16, 0.000482372951, 0.0028301977, 0, 0
0.0870535127, 0, 0, 5e+16, 0, 1.51928876e-20, 3.718e+18, 6.44e+20, 4.85, 4, 141.926206, 23.4212352, 0.866667, 865953.397, 1.66592154e+15, 5.02729872e+10, 5.13714776e+11, 0.25004349, -140.052057, -143.858162, 5e+16, 3.65235098e+18, -854653.702, 139360.177, 309.341211, 23.4212352, 95.9116039, 0.866667, 0.866667, 5e+16, 0.0626695234, 0.19159161, 0.138070102, 0.335947536, -0.161223252, -0.0619872872, -0.32131447, 0.103469744, 0.00921517448, 0.0980673388, 0, 1.25340295e-08, 1.25340295e-08, 206483.675, 206483.675, 0, 0.27, 3.332, 0, -0.223210539, 0.112684918, 0, 4.99999877e+16, 0.000459878933, 0.00285904416, 0, 0
0.09375, 0, 0, 5e+16, 0, 1.51458206e-20, 3.718e+18, 6.44e+20, 4.85, 4, 141.831438, 23.4260237, 0.866667, 866986.31, 1.7482364e+15, 4.76822347e+10, 5.77762317e+11, 0.24992177, -139.958682, -143.766546, 5e+16, 3.51435282e+18, -854479.271, 146732.536, 309.330654, 23.4260237, 95.6983828, 0.866667, 0.866667, 5e+16, 0.0702806567, 0.184515289, 0.138613421, 0.335622593, -0.152825211, -0.0694300629, -0.320592253, 0.103394124, 0.0109012415, 0.0993131991, 0, 1.25334222e-08, 1.25334222e-08, 206691.155, 206691.155, 0, 0.27, 3.332, 0, -0.222255275, 0.114295366, 0, 4.99999884e+16, 0.000405294216, 0.00292891083, 0, 0
0.0964285127, 0, 0, 5e+16, 0, 1.51269696e-20, 3.718e+18, 6.44e+20, 4.85, 4, 141.790718, 23.4280192, 0.866667, 867431.014, 1.79818774e+15, 4.67811125e+10, 6.02764295e+11, 0.250628139, -139.918463, -143.726963, 5e+16, 3.46333045e+18, -854406.447, 149683.718, 309.326425, 23.4280192, 95.3674483, 0.866667, 0.866667, 5e+16, 0.0735864417, 0.182186632, 0.138827333, 0.336280656, -0.150008234, -0.0726498469, -0.321091655, 0.103358661, 0.0116959025, 0.0999226635, 0, 1.25331788e-08, 1.25331788e-08, 207477.047, 207477.047, 0, 0.27, 3.332, 0, -0.222658081, 0.115054564, 0, 4.99999886e+16, 0.000388018038, 0.0029609297, 0, 0
0.103125, 0, 0, 5e+16, 0, 1.50801163e-20, 3.718e+18, 6.44e+20, 4.85, 4, 141.689038, 23.4330298, 0.866667, 868542.19, 1.92711528e+15, 4.46060793e+10, 6.70302511e+11, 0.252220667, -139.818035, -143.628135, 5e+16, 3.33712558e+18, -854224.149, 157056.162, 309.315873, 23.4330298, 95.0361912, 0.866667, 0.866667, 5e+16, 0.0816562773, 0.176378878, 0.139365784, 0.337747111, -0.142971695, -0.0805098525, -0.322158395, 0.103288924, 0.013634929, 0.101425101, 0, 1.25325717e-08, 1.25325717e-08, 209275.812, 209275.812, 0, 0.27, 3.332, 0, -0.223481548, 0.116923853, 0, 4.99999891e+16, 0.000346075011, 0.00303847199, 0, 0
0.105803513, 0, 0, 5e+16, 0, 1.50613513e-20, 3.718e+18, 6.44e+20, 4.85, 4, 141.645551, 23.435114, 0.866667, 869018.074, 1.9927571e+15, 4.38495908e+10, 6.96677801e+11, 0.253512347, -139.774996, -143.585684, 5e+16, 3.29161887e+18, -854148.186, 160007.575, 309.311645, 23.435114, 95.0361912, 0.866667, 0.866667, 5e+16, 0.0851380505, 0.174453318, 0.139577465, 0.339017938, -0.140603327, -0.0838865355, -0.323267432, 0.10324612, 0.0145366359, 0.102133218, 0, 1.25323284e-08, 1.25323284e-08, 210610.914, 210610.914, 0, 0.27, 3.332, 0, -0.224489862, 0.117782756, 0, 4.99999893e+16, 0.000333337858, 0.00307395869, 0, 0
0.1125, 0, 0, 5e+16, 0, 1.50147115e-20, 3.718e+18, 6.44e+20, 4.85, 4, 141.53696, 23.4403543, 0.866667, 870206.926, 2.16519535e+15, 4.20207538e+10, 7.67446322e+11, 0.256570646, -139.667522, -143.479692, 5e+16, 3.17907331e+18, -853957.777, 167380.431, 309.301096, 23.4403543, 94.5464786, 0.866667, 0.866667, 5e+16, 0.0936400573, 0.169665862, 0.140110652, 0.342019463, -0.134697681, -0.0921320244, -0.325861013, 0.103165104, 0.0167376941, 0.103883953, 0, 1.25317215e-08, 1.25317215e-08, 213782.309, 213782.309, 0, 0.27, 3.332, 0, -0.226829705, 0.119902798, 0, 4.99999897e+16, 0.000302393016, 0.00315987642, 0, 0
0.115178513, 0, 0, 5e+16, 0, 1.49960323e-20, 3.718e+18, 6.44e+20, 4.85, 4, 141.490706, 23.4425301, 0.866667, 870713.77, 2.24332749e+15, 4.13883884e+10, 7.94006034e+11, 0.258235132, -139.621665, -143.434353, 5e+16, 3.13918248e+18, -853878.587, 170332.232, 309.296869, 23.4425301, 93.9004566, 0.866667, 0.866667, 5e+16, 0.0971333576, 0.168073806, 0.140319976, 0.343678908, -0.132715068, -0.095499031, -0.327350351, 0.103111183, 0.0177346198, 0.104675031, 0, 1.25314784e-08, 1.25314784e-08, 215470.236, 215470.236, 0, 0.27, 3.332, 0, -0.228214099, 0.120845803, 0, 4.99999899e+16, 0.000293623614, 0.00319930939, 0, 0
0.121875, 0, 0, 5e+16, 0, 1.49496053e-20, 3.718e+18, 6.44e+20, 4.85, 4, 141.375203, 23.4480081, 0.866667, 871979.701, 2.45105683e+15, 3.98572673e+10, 8.65033938e+11, 0.262273227, -139.507148, -143.321153, 5e+16, 3.04061816e+18, -853679.81, 177705.881, 309.286323, 23.4480081, 93.2124751, 0.866667, 0.866667, 5e+16, 0.105709314, 0.164128611, 0.140847519, 0.347703229, -0.12777953, -0.103766583, -0.330946827, 0.103007729, 0.0201731332, 0.106638116, 0, 1.25308716e-08, 1.25308716e-08, 219566.915, 219566.915, 0, 0.27, 3.332, 0, -0.231546112, 0.123180862, 0, 4.99999903e+16, 0.000272289862, 0.00329471519, 0, 0
0.124553513, 0, 0, 5e+16, 0, 1.49310117e-20, 3.718e+18, 6.44e+20, 4.85, 4, 141.326181, 23.4502783, 0.866667, 872517.283, 2.53575774e+15, 3.9333398e+10, 8.89454041e+11, 0.263968662, -139.458472, -143.272881, 5e+16, 3.0062047e+18, -853597.302, 180658.248, 309.282098, 23.4502783, 93.2124751, 0.866667, 0.866667, 5e+16, 0.108900614, 0.162816729, 0.141054393, 0.349393161, -0.12613484, -0.1068114, -0.332456223, 0.102940523, 0.0212186635, 0.107463273, 0, 1.25306285e-08, 1.25306285e-08, 221292.739, 221292.739, 0, 0.27, 3.332, 0, -0.232946239, 0.124159187, 0, 4.99999904e+16, 0.000267043202, 0.00333802845, 0, 0
0.13125, 0, 0, 5e+16, 0, 1.48847972e-20, 3.718e+18, 6.44e+20, 4.85, 4, 141.203764, 23.4560026, 0.866667, 873859.692, 2.76283695e+15, 3.80631573e+10, 9.5480225e+11, 0.268195672, -139.336912, -143.152374, 5e+16, 2.92129338e+18, -853389.888, 188033.128, 309.271555, 23.4560026, 92.295626, 0.866667, 0.866667, 5e+16, 0.116835447, 0.159577579, 0.141575988, 0.353610843, -0.122047464, -0.114387466, -0.336220372, 0.102807685, 0.0237913741, 0.109528271, 0, 1.2530022e-08, 1.2530022e-08, 225586.801, 225586.801, 0, 0.27, 3.332, 0, -0.23643493, 0.126599059, 0, 4.99999907e+16, 0.000254236755, 0.00344292833, 0, 0
0.133928513, 0, 0, 5e+16, 0, 1.4866289e-20, 3.718e+18, 6.44e+20, 4.85, 4, 141.151974, 23.4583702, 0.866667, 874427.788, 2.69559358e+15, 3.76341317e+10, 9.18275081e+11, 0.263728208, -139.285417, -143.099552, 5e+16, 2.88583418e+18, -853303.968, 190986.257, 309.267332, 23.4583702, 92.3586519, 0.866667, 0.919727019, 5e+16, 0.112903242, 0.158501005, 0.141780909, 0.348626176, -0.120698963, -0.110116165, -0.330714273, 0.102725959, 0.0247490087, 0.110249664, 0, 1.2529779e-08, 1.2529779e-08, 221314.379, 221314.379, 0, 0.27, 3.332, 0, -0.230815129, 0.127474967, 0, 4.99999908e+16, 0.000250260845, 0.00348050403, 0, 0
0.140625, 0, 0, 5e+16, 0, 1.48202863e-20, 3.718e+18, 6.44e+20, 4.85, 4, 141.022643, 23.4643494, 0.866667, 875846.073, 2.53737972e+15, 3.65927332e+10, 8.33789222e+11, 0.252912415, -139.156815, -142.967669, 5e+16, 2.79780875e+18, -853087.639, 198362.848, 309.256793, 23.4643494, 91.2007679, 0.866667, 0.919727019, 5e+16, 0.103401942, 0.155853872, 0.142297699, 0.336532798, -0.117354195, -0.0997826713, -0.317322756, 0.10255936, 0.0271178937, 0.112073915, 0, 1.25291727e-08, 1.25291727e-08, 210968.516, 210968.516, 0, 0.27, 3.332, 0, -0.217136866, 0.129677253, 0, 4.99999911e+16, 0.00024050925, 0.00357171949, 0, 0
0.143303513, 0, 0, 5e+16, 0, 1.48018633e-20, 3.718e+18, 6.44e+20, 4.85, 4, 140.968084, 23.4668335, 0.919727019, 876053.549, 2.74243111e+15, 3.58136748e+10, 8.18695341e+11, 0.259718312, -139.102823, -142.912631, 5e+16, 2.74025406e+18, -852958.277, 199817.455, 309.252571, 23.4668335, 91.2007679, 0.97278704, 0.919727019, 5e+16, 0.11314415, 0.154005498, 0.142484915, 0.343850244, -0.114928146, -0.109614908, -0.324847192, 0.102483993, 0.0279329499, 0.112683746, 0, 1.25289298e-08, 1.25289298e-08, 217649.88, 217649.88, 0, 0.27, 3.332, 0, -0.224543054, 0.130416943, 0, 2.58977427e+16, 0.000224413445, 0.00360425723, 0, 0
0.15, 0, 0, 5e+16, 0, 1.47560721e-20, 3.718e+18, 6.44e+20, 4.85, 4, 140.831836, 23.4731172, 1.05238114, 876571.472, 3.32814196e+15, 3.3943185e+10, 7.82292014e+11, 0.276270004, -138.967987, -142.775191, 5e+16, 2.596644e+18, -852634.462, 203450.282, 309.242036, 23.4731172, 92.5423865, 1.23809529, 1.05238114, 5e+16, 0.136991759, 0.149409891, 0.14295698, 0.361660608, -0.108868571, -0.133679391, -0.343150441, 0.102327658, 0.0299426541, 0.114219513, 0, 1.25283238e-08, 1.25283238e-08, 233888.546, 233888.546, 0, 0.27, 3.332, 0, -0.242547962, 0.132270313, 0, 4.99999917e+15, 0.000185405458, 0.00368271587, 0, 0
0.15, 0, 0, 5e+15, 0, 1.47560721e-20, 3.718e+18, 6.44e+20, 4.85, 4, 140.831836, 23.4731172, 1.05238114, 877466.83, 3.32814196e+15, 3.3943185e+10, 7.82292014e+11, 0.276270004, -138.967987, -142.775191, 5e+15, 2.596644e+18, -852947.637, 205981.458, 309.242036, 23.4731172, 92.5423865, 1.23809529, 1.05238114, 5e+15, 0.136991759, 0.149409891, 0.14295698, 0.361660608, -0.108868571, -0.133679391, -0.343150441, 0.102327658, 0.0299426541, 0.114219513, 0, 1.25283238e-08, 1.25283238e-08, 233888.546, 233888.546, 0, 0.27, 3.332, 0, -0.242547962, 0.132270313, 0, 4.99999917e+15, 0.000185405458, 0.00368271587, 0, 0
0.151785675, 0, 0, 5e+15, 0, 1.47438373e-20, 3.718e+18, 6.44e+20, 4.85, 4, 140.795038, 23.4748203, 1.10544116, 877417.119, 3.40500127e+15, 3.36522222e+10, 8.00731597e+11, 0.278819785, -138.931414, -142.73902, 5e+15, 2.57780234e+18, -852835.946, 206231.688, 309.239222, 23.4748203, 92.7749537, 1.23809529, 1.10544116, 5e+15, 0.140444599, 0.148690383, 0.143175755, 0.364261963, -0.107950812, -0.136989399, -0.345624115, 0.102247837, 0.030958566, 0.115024611, 0, 1.25281619e-08, 1.25281619e-08, 236199.483, 236199.483, 0, 0.27, 3.332, 0, -0.24494021, 0.133206403, 0, 4.99999918e+15, 0.000176392831, 0.00369530271, 0, 0
0.15625, 0, 0, 5e+15, 0, 1.47134269e-20, 3.718e+18, 6.44e+20, 4.85, 4, 140.703147, 23.4791343, 1.23809529, 877292.024, 3.60178283e+15, 3.29422075e+10, 8.48199723e+11, 0.284940099, -138.840078, -142.648676, 5e+15, 2.53122559e+18, -852556.465, 206854.458, 309.232201, 23.4791343, 93.8574125, 1.23809529, 1.23809529, 5e+15, 0.148784258, 0.146925143, 0.143727719, 0.370503857, -0.105672455, -0.14497842, -0.3515403, 0.102080018, 0.0334366999, 0.117014657, 0, 1.2527758e-08, 1.2527758e-08, 241729.732, 241729.732, 0, 0.27, 3.332, 0, -0.250650875, 0.135516718, 0, 4.9999992e+15, 0.000154521405, 0.00372577262, 0, 0
0.158035675, 0, 0, 5e+15, 0, 1.47012297e-20, 3.718e+18, 6.44e+20, 4.85, 4, 140.666009, 23.4808846, 1.23809529, 877359.617, 3.6988355e+15, 3.29003964e+10, 8.70204665e+11, 0.288767354, -138.802968, -142.612226, 5e+15, 2.53043807e+18, -852493.195, 207399.604, 309.229388, 23.4808846, 93.8574125, 1.23809529, 1.23809529, 5e+15, 0.152885202, 0.146782732, 0.14392843, 0.374493686, -0.105543891, -0.148964216, -0.35548107, 0.102008109, 0.0344026864, 0.11780311, 0, 1.25275962e-08, 1.25275962e-08, 245266.469, 245266.469, 0, 0.27, 3.332, 0, -0.254508107, 0.136410796, 0, 4.9999992e+15, 0.000154545607, 0.00373108446, 0, 0
0.1625, 0, 0, 5e+15, 0, 1.46709128e-20, 3.718e+18, 6.44e+20, 4.85, 4, 140.573269, 23.4853227, 1.23809529, 877525.968, 3.94744727e+15, 3.28040942e+10, 9.26494846e+11, 0.297920125, -138.710295, -142.521169, 5e+15, 2.52907999e+18, -852333.254, 208757.866, 309.222369, 23.4853227, 93.3712091, 1.23809529, 1.23809529, 5e+15, 0.16267852, 0.146462121, 0.144434704, 0.384045534, -0.105247448, -0.158478176, -0.364909509, 0.101853461, 0.0367282968, 0.119715902, 0, 1.25271924e-08, 1.25271924e-08, 253716.284, 253716.284, 0, 0.27, 3.332, 0, -0.263725624, 0.138581758, 0, 4.9999992e+15, 0.000154580423, 0.00374389544, 0, 0
0.164285675, 0, 0, 5e+15, 0, 1.46587532e-20, 3.718e+18, 6.44e+20, 4.85, 4, 140.53579, 23.4871212, 1.23809529, 877593.29, 4.06399788e+15, 3.27625393e+10, 9.52929766e+11, 0.302583496, -138.672844, -142.484445, 5e+15, 2.52828626e+18, -852268.313, 209303.719, 309.219557, 23.4871212, 92.9819149, 1.23809529, 1.23809529, 5e+15, 0.167631324, 0.146314032, 0.144632329, 0.388886344, -0.105119697, -0.163293046, -0.36968232, 0.101772508, 0.037889842, 0.120690064, 0, 1.25270306e-08, 1.25270306e-08, 258001.752, 258001.752, 0, 0.27, 3.332, 0, -0.268412744, 0.13966235, 0, 4.9999992e+15, 0.000155759481, 0.00374913745, 0, 0
0.16875, 0, 0, 5e+15, 0, 1.46285295e-20, 3.718e+18, 6.44e+20, 4.85, 4, 140.4422, 23.4916865, 1.23809529, 877758.707, 4.3634659e+15, 3.26668515e+10, 1.02073287e+12, 0.313692154, -138.579321, -142.392701, 5e+15, 2.52691843e+18, -852103.968, 210663.65, 309.212539, 23.4916865, 92.4963056, 1.23809529, 1.23809529, 5e+15, 0.179422366, 0.145978922, 0.145130857, 0.4004327, -0.104825333, -0.174752938, -0.381064281, 0.101594761, 0.0406668772, 0.123029284, 0, 1.25266269e-08, 1.25266269e-08, 268204.108, 268204.108, 0, 0.27, 3.332, 0, -0.279578271, 0.142261637, 0, 4.9999992e+15, 0.000158582151, 0.00376166426, 0, 0
0.170535675, 0, 0, 5e+15, 0, 1.46164074e-20, 3.718e+18, 6.44e+20, 4.85, 4, 140.40438, 23.4935342, 1.23809529, 877825.751, 4.50041468e+15, 3.26235432e+10, 1.05179457e+12, 0.319225046, -138.541531, -142.355684, 5e+15, 2.52588334e+18, -852037.322, 211210.294, 309.209727, 23.4935342, 92.4963056, 1.23809529, 1.23809529, 5e+15, 0.185255477, 0.145820583, 0.145325223, 0.406149399, -0.104691877, -0.180419026, -0.386684796, 0.101504934, 0.0420542802, 0.124219575, 0, 1.25264651e-08, 1.25264651e-08, 273258.523, 273258.523, 0, 0.27, 3.332, 0, -0.285110904, 0.143559214, 0, 4.9999992e+15, 0.000159830828, 0.00376705695, 0, 0
0.175, 0, 0, 5e+15, 0, 1.45862767e-20, 3.718e+18, 6.44e+20, 4.85, 4, 140.30994, 23.4982296, 1.23809529, 877990.21, 4.85519678e+15, 3.25233053e+10, 1.1321401e+12, 0.332444742, -138.447161, -142.263219, 5e+15, 2.52394038e+18, -851868.479, 212572.106, 309.202711, 23.4982296, 92.0116177, 1.23809529, 1.23809529, 5e+15, 0.199191389, 0.145458835, 0.145815548, 0.41982734, -0.104382722, -0.193955602, -0.400134273, 0.101304097, 0.0453699547, 0.127072326, 0, 1.25260616e-08, 1.25260616e-08, 285329.782, 285329.782, 0, 0.27, 3.332, 0, -0.298338324, 0.146674052, 0, 4.99999921e+15, 0.000162824092, 0.00377979497, 0, 0
0.176785675, 0, 0, 5e+15, 0, 1.4574192e-20, 3.718e+18, 6.44e+20, 4.85, 4, 140.271778, 23.5001276, 1.23809529, 878056.972, 5.01118982e+15, 3.24782547e+10, 1.16745399e+12, 0.338773467, -138.409031, -142.22588, 5e+15, 2.5225768e+18, -851800.095, 213119.631, 309.1999, 23.5001276, 91.6243019, 1.23809529, 1.23809529, 5e+15, 0.205820428, 0.145290452, 0.146006492, 0.426337624, -0.104243514, -0.200385762, -0.406515341, 0.10120575, 0.0469848768, 0.128480705, 0, 1.25258999e-08, 1.25258999e-08, 291079.77, 291079.77, 0, 0.27, 3.332, 0, -0.304629276, 0.148190627, 0, 4.99999921e+15, 0.000164132904, 0.00378547654, 0, 0
0.18125, 0, 0, 5e+15, 0, 1.4544154e-20, 3.718e+18, 6.44e+20, 4.85, 4, 140.176486, 23.5049561, 1.23809529, 878220.449, 5.41902154e+15, 3.23733664e+10, 1.25968102e+12, 0.353995515, -138.313813, -142.132628, 5e+15, 2.51983461e+18, -851626.658, 214483.544, 309.192886, 23.5049561, 91.1408316, 1.23809529, 1.23809529, 5e+15, 0.221766917, 0.144901993, 0.146488181, 0.442017769, -0.103919021, -0.215855847, -0.421888728, 0.100982298, 0.050860776, 0.131868912, 0, 1.25254964e-08, 1.25254964e-08, 304903.531, 304903.531, 0, 0.27, 3.332, 0, -0.319774867, 0.151843074, 0, 4.99999921e+15, 0.000167273819, 0.00379879724, 0, 0
0.183035675, 0, 0, 5e+15, 0, 1.45321066e-20, 3.718e+18, 6.44e+20, 4.85, 4, 140.137981, 23.5069055, 1.23809529, 878286.926, 5.59151085e+15, 3.23266518e+10, 1.29857989e+12, 0.360987577, -138.275341, -142.094938, 5e+15, 2.5180983e+18, -851556.5, 215032.043, 309.190076, 23.5069055, 91.1408316, 1.23809529, 1.23809529, 5e+15, 0.229052328, 0.144724037, 0.146675558, 0.449183203, -0.103774235, -0.222911199, -0.428891689, 0.100875934, 0.0526832463, 0.133475852, 0, 1.25253347e-08, 1.25253347e-08, 311227.239, 311227.239, 0, 0.27, 3.332, 0, -0.326685433, 0.15355918, 0, 4.99999921e+15, 0.000168641691, 0.00380476987, 0, 0
0.1875, 0, 0, 5e+15, 0, 1.45021611e-20, 3.718e+18, 6.44e+20, 4.85, 4, 140.041836, 23.5118702, 1.23809529, 878449.401, 6.04576117e+15, 3.22171856e+10, 1.40096176e+12, 0.377930135, -138.179276, -142.000828, 5e+15, 2.51441883e+18, -851378.37, 216398.288, 309.183063, 23.5118702, 90.6588459, 1.23809529, 1.23809529, 5e+15, 0.246708557, 0.144309477, 0.147148221, 0.466567696, -0.103434413, -0.240013396, -0.445887721, 0.100630748, 0.0570848637, 0.137365748, 0, 1.25249313e-08, 1.25249313e-08, 326541.147, 326541.147, 0, 0.27, 3.332, 0, -0.343447809, 0.157715612, 0, 4.99999921e+15, 0.000171927434, 0.00381875239, 0, 0
0.189285675, 0, 0, 5e+15, 0, 1.44901508e-20, 3.718e+18, 6.44e+20, 4.85, 4, 140.002988, 23.5138722, 1.23809529, 878515.591, 6.23214078e+15, 3.21689345e+10, 1.44276693e+12, 0.385451342, -138.140462, -141.962769, 5e+15, 2.51231143e+18, -851306.403, 216947.858, 309.180254, 23.5138722, 90.2743169, 1.23809529, 1.23809529, 5e+15, 0.254513389, 0.144122633, 0.147331909, 0.474251585, -0.103284383, -0.24755972, -0.453378734, 0.100517006, 0.0590861268, 0.139143069, 0, 1.25247697e-08, 1.25247697e-08, 333318.919, 333318.919, 0, 0.27, 3.332, 0, -0.350844103, 0.159603133, 0, 4.99999921e+15, 0.000173353438, 0.00382492706, 0, 0
0.19375, 0, 0, 5e+15, 0, 1.44602975e-20, 3.718e+18, 6.44e+20, 4.85, 4, 139.905989, 23.5189763, 1.23809529, 878677.046, 6.72509368e+15, 3.20550985e+10, 1.55332209e+12, 0.403792591, -138.043545, -141.867749, 5e+15, 2.50766778e+18, -851123.48, 218316.677, 309.173244, 23.5189763, 89.7940547, 1.23809529, 1.23809529, 5e+15, 0.273548509, 0.143683182, 0.147795211, 0.493010463, -0.102929687, -0.265968403, -0.471672367, 0.100251364, 0.0639499434, 0.143472255, 0, 1.25243664e-08, 1.25243664e-08, 349834.153, 349834.153, 0, 0.27, 3.332, 0, -0.368898091, 0.164201308, 0, 4.99999922e+15, 0.000176781235, 0.00383941058, 0, 0
0.195535675, 0, 0, 5e+15, 0, 1.44483242e-20, 3.718e+18, 6.44e+20, 4.85, 4, 139.866797, 23.5210321, 1.23809529, 878742.948, 6.9234476e+15, 3.20054821e+10, 1.59752449e+12, 0.411743947, -138.004389, -141.82931, 5e+15, 2.50522221e+18, -851049.668, 218867.42, 309.170435, 23.5210321, 89.6030399, 1.23809529, 1.23809529, 5e+15, 0.281773907, 0.143488326, 0.147975108, 0.501113866, -0.102774905, -0.273909975, -0.479556246, 0.100131002, 0.0661040022, 0.145394646, 0, 1.25242049e-08, 1.25242049e-08, 356979.805, 356979.805, 0, 0.27, 3.332, 0, -0.37668488, 0.166235004, 0, 4.99999922e+15, 0.000178264639, 0.00384568043, 0, 0
0.2, 0, 0, 5e+15, 0, 1.44185628e-20, 3.718e+18, 6.44e+20, 4.85, 4, 139.768941, 23.5262788, 1.23809529, 878903.371, 7.44882253e+15, 3.18876128e+10, 1.71462779e+12, 0.43122202, -137.90662, -141.733352, 5e+15, 2.49967317e+18, -850861.85, 220239.067, 309.163426, 23.5262788, 88.6485046, 1.23809529, 1.23809529, 5e+15, 0.301924778, 0.143025762, 0.148428773, 0.520983797, -0.102406226, -0.293369238, -0.498892594, 0.09984655, 0.0713656887, 0.150100272, 0, 1.25238017e-08, 1.25238017e-08, 374466.937, 374466.937, 0, 0.27, 3.332, 0, -0.395775464, 0.171212239, 0, 4.99999922e+15, 0.000181831868, 0.00386042199, 0, 0
0.201785675, 0, 0, 5e+15, 0, 1.44066264e-20, 3.718e+18, 6.44e+20, 4.85, 4, 139.729404, 23.5283894, 1.23809529, 878968.987, 7.6581857e+15, 3.18368376e+10, 1.76094923e+12, 0.439551238, -137.867121, -141.694531, 5e+15, 2.49693711e+18, -850786.157, 220791.089, 309.160618, 23.5283894, 88.4584116, 1.23809529, 1.23809529, 5e+15, 0.31051979, 0.142823922, 0.148604794, 0.529455744, -0.102247308, -0.301657437, -0.507121383, 0.099720408, 0.0736557675, 0.152151727, 0, 1.25236402e-08, 1.25236402e-08, 381936.471, 381936.471, 0, 0.27, 3.332, 0, -0.403904745, 0.173376175, 0, 4.99999922e+15, 0.000183372266, 0.00386670717, 0, 0
0.20625, 0, 0, 5e+15, 0, 1.43769566e-20, 3.718e+18, 6.44e+20, 4.85, 4, 139.63069, 23.5337823, 1.23809529, 879128.366, 8.21227771e+15, 3.17153857e+10, 1.88360107e+12, 0.460007874, -137.768496, -141.597624, 5e+15, 2.49058841e+18, -850593.338, 222165.829, 309.153611, 23.5337823, 88.4584116, 1.23809529, 1.23809529, 5e+15, 0.331630697, 0.142340537, 0.149048592, 0.550280844, -0.101865941, -0.322017676, -0.527352276, 0.0994191053, 0.0792687529, 0.157189, 0, 1.25232371e-08, 1.25232371e-08, 400260.563, 400260.563, 0, 0.27, 3.332, 0, -0.423883617, 0.178687858, 0, 4.99999922e+15, 0.000187076776, 0.00388150199, 0, 0
0.208035675, 0, 0, 5e+15, 0, 1.43650571e-20, 3.718e+18, 6.44e+20, 4.85, 4, 139.590808, 23.535949, 1.23809529, 879193.7, 8.43254586e+15, 3.16636832e+10, 1.93197085e+12, 0.468703549, -137.728653, -141.558422, 5e+15, 2.48761278e+18, -850515.73, 222719.244, 309.150804, 23.535949, 88.4584116, 1.23809529, 1.23809529, 5e+15, 0.340585294, 0.142132848, 0.149220664, 0.559111561, -0.101703604, -0.330643491, -0.535917732, 0.0992880784, 0.0816886474, 0.159364128, 0, 1.25230756e-08, 1.25230756e-08, 408046.094, 408046.094, 0, 0.27, 3.332, 0, -0.432347095, 0.180976726, 0, 4.99999923e+15, 0.000188674212, 0.00388775916, 0, 0
0.2125, 0, 0, 5e+15, 0, 1.43354786e-20, 3.718e+18, 6.44e+20, 4.85, 4, 139.491234, 23.5414914, 1.23809529, 879352.032, 9.01421377e+15, 3.15391921e+10, 2.05978845e+12, 0.49008213, -137.629171, -141.460567, 5e+15, 2.4805869e+18, -850317.805, 224097.357, 309.143799, 23.5414914, 87.984484, 1.23809529, 1.23809529, 5e+15, 0.362602896, 0.141631347, 0.149654399, 0.580838938, -0.101311195, -0.351854684, -0.556994933, 0.0989721192, 0.0876307127, 0.164712827, 0, 1.25226727e-08, 1.25226727e-08, 427162.434, 427162.434, 0, 0.27, 3.332, 0, -0.453165879, 0.186602832, 0, 4.99999923e+15, 0.000192514685, 0.00390248207, 0, 0
0.214285675, 0, 0, 5e+15, 0, 1.43236157e-20, 3.718e+18, 6.44e+20, 4.85, 4, 139.451006, 23.5437153, 1.23809529, 879417.092, 9.24588584e+15, 3.14868058e+10, 2.11028047e+12, 0.499160457, -137.588983, -141.420989, 5e+15, 2.47741977e+18, -850238.245, 224652.282, 309.140992, 23.5437153, 87.6072728, 1.23809529, 1.23809529, 5e+15, 0.371934197, 0.141418996, 0.14982246, 0.59004606, -0.101146216, -0.360834964, -0.565914733, 0.0988371118, 0.0901829281, 0.167014952, 0, 1.25225113e-08, 1.25225113e-08, 435280.063, 435280.063, 0, 0.27, 3.332, 0, -0.46198118, 0.18902004, 0, 4.99999923e+15, 0.000194169767, 0.00390869616, 0, 0
0.21875, 0, 0, 5e+15, 0, 1.42941283e-20, 3.718e+18, 6.44e+20, 4.85, 4, 139.350569, 23.5494108, 1.23809529, 879574.378, 9.85591752e+15, 3.13598834e+10, 2.24334208e+12, 0.521479901, -137.488642, -141.322194, 5e+15, 2.46983826e+18, -850035.109, 226034.066, 309.133989, 23.5494108, 87.1357613, 1.23809529, 1.23809529, 5e+15, 0.394879827, 0.140902371, 0.150245967, 0.61269825, -0.100744671, -0.382918658, -0.587861842, 0.0985088295, 0.0964540268, 0.172677155, 0, 1.25221085e-08, 1.25221085e-08, 455209.876, 455209.876, 0, 0.27, 3.332, 0, -0.483663328, 0.194962856, 0, 4.99999923e+15, 0.000198146066, 0.00392329244, 0, 0
0.220535675, 0, 0, 5e+15, 0, 1.4282302e-20, 3.718e+18, 6.44e+20, 4.85, 4, 139.309993, 23.5516931, 1.23809529, 879639.176, 1.00998207e+16, 3.13070562e+10, 2.29610803e+12, 0.530971285, -137.448106, -141.282243, 5e+15, 2.46652231e+18, -849953.563, 226590.624, 309.131183, 23.5516931, 87.1357613, 1.23809529, 1.23809529, 5e+15, 0.404618638, 0.140686538, 0.15040996, 0.622313282, -0.100577846, -0.392282966, -0.597166399, 0.0983707176, 0.0991467402, 0.175115238, 0, 1.25219471e-08, 1.25219471e-08, 463687.822, 463687.822, 0, 0.27, 3.332, 0, -0.492860812, 0.197517458, 0, 4.99999923e+15, 0.000199860046, 0.00392946492, 0, 0
0.225, 0, 0, 5e+15, 0, 1.42529052e-20, 3.718e+18, 6.44e+20, 4.85, 4, 139.208692, 23.557545, 1.23809529, 879795.428, 1.07401493e+16, 3.11783417e+10, 2.43476311e+12, 0.55429451, -137.346901, -141.182516, 5e+15, 2.45849734e+18, -849745.114, 227976.392, 309.124182, 23.557545, 86.666779, 1.23809529, 1.23809529, 5e+15, 0.428556325, 0.140157921, 0.150823094, 0.645956106, -0.100169238, -0.415300838, -0.620047315, 0.0980324766, 0.105762648, 0.181108859, 0, 1.25215444e-08, 1.25215444e-08, 484490.123, 484490.123, 0, 0.27, 3.332, 0, -0.515470076, 0.203795125, 0, 4.99999924e+15, 0.000203973539, 0.00394392539, 0, 0
0.226785675, 0, 0, 5e+15, 0, 1.42411153e-20, 3.718e+18, 6.44e+20, 4.85, 4, 139.167768, 23.5598868, 1.23809529, 879859.979, 1.09972175e+16, 3.11253022e+10, 2.48997886e+12, 0.564233169, -137.306018, -141.142194, 5e+15, 2.45506908e+18, -849661.55, 228534.715, 309.121377, 23.5598868, 86.2937961, 1.23809529, 1.23809529, 5e+15, 0.438736879, 0.139939721, 0.150982969, 0.656014039, -0.100001338, -0.425081571, -0.629769848, 0.0978920681, 0.108606815, 0.183694564, 0, 1.2521383e-08, 1.2521383e-08, 493359.643, 493359.643, 0, 0.27, 3.332, 0, -0.525082909, 0.206498882, 0, 4.99999924e+15, 0.000205748348, 0.00395006533, 0, 0
0.23125, 0, 0, 5e+15, 0, 1.4211809e-20, 3.718e+18, 6.44e+20, 4.85, 4, 139.065599, 23.5658986, 1.23809529, 880015.221, 1.16702466e+16, 3.0995431e+10, 2.6346858e+12, 0.588640182, -137.203948, -141.041542, 5e+15, 2.44670015e+18, -849447.687, 229924.801, 309.114377, 23.5658986, 85.8274341, 1.23809529, 1.23809529, 5e+15, 0.463746637, 0.139402219, 0.1513856, 0.680729621, -0.0995877854, -0.449109559, -0.653662782, 0.097546151, 0.115592161, 0.190046271, 0, 1.25209803e-08, 1.25209803e-08, 515107.648, 515107.648, 0, 0.27, 3.332, 0, -0.548697345, 0.213138312, 0, 4.99999924e+15, 0.000210002131, 0.00396440428, 0, 0
0.233035675, 0, 0, 5e+15, 0, 1.42000554e-20, 3.718e+18, 6.44e+20, 4.85, 4, 139.024325, 23.5683009, 1.23809529, 880079.549, 1.19413844e+16, 3.09423825e+10, 2.69251831e+12, 0.599057982, -137.162715, -141.000852, 5e+15, 2.44319001e+18, -849362.078, 230485.025, 309.111573, 23.5683009, 85.8274341, 1.23809529, 1.23809529, 5e+15, 0.474400616, 0.13918265, 0.151541312, 0.691262857, -0.0994195162, -0.459336294, -0.66383363, 0.0974041536, 0.118599391, 0.192791814, 0, 1.2520819e-08, 1.2520819e-08, 524397.72, 524397.72, 0, 0.27, 3.332, 0, -0.558755811, 0.216003545, 0, 4.99999924e+15, 0.000211840363, 0.0039705229, 0, 0
0.2375, 0, 0, 5e+15, 0, 1.41708392e-20, 3.718e+18, 6.44e+20, 4.85, 4, 138.921286, 23.5744759, 1.23809529, 880233.818, 1.26495395e+16, 3.08119505e+10, 2.84373621e+12, 0.62462809, -137.059777, -140.899281, 5e+15, 2.43456297e+18, -849142.709, 231879.78, 309.104575, 23.5744759, 85.3637627, 1.23809529, 1.23809529, 5e+15, 0.500561093, 0.138639192, 0.15193333, 0.717131991, -0.0990030665, -0.484448071, -0.688814455, 0.0970526571, 0.125982039, 0.199531306, 0, 1.25204165e-08, 1.25204165e-08, 547163.454, 547163.454, 0, 0.27, 3.332, 0, -0.583451138, 0.223034696, 0, 4.99999925e+15, 0.000216239366, 0.00398476343, 0, 0
0.239285675, 0, 0, 5e+15, 0, 1.41591218e-20, 3.718e+18, 6.44e+20, 4.85, 4, 138.879661, 23.5769397, 1.23809529, 880297.951, 1.29355583e+16, 3.07590619e+10, 2.90432783e+12, 0.635551755, -137.018193, -140.858223, 5e+15, 2.43099557e+18, -849055.028, 232442.051, 309.101771, 23.5769397, 84.9952132, 1.23809529, 1.23809529, 5e+15, 0.511715004, 0.138419096, 0.15208484, 0.728167646, -0.0988350329, -0.495145162, -0.699458632, 0.0969096562, 0.129163376, 0.202448202, 0, 1.25202553e-08, 1.25202553e-08, 556898.421, 556898.421, 0, 0.27, 3.332, 0, -0.593980195, 0.226073032, 0, 4.99999925e+15, 0.000218144212, 0.00399087165, 0, 0
0.24375, 0, 0, 5e+15, 0, 1.41299953e-20, 3.718e+18, 6.44e+20, 4.85, 4, 138.775749, 23.5832807, 1.23809529, 880451.306, 1.36810503e+16, 3.06285951e+10, 3.06245928e+12, 0.662354246, -136.914382, -140.755735, 5e+15, 2.42218257e+18, -848830.072, 233841.85, 309.094775, 23.5832807, 84.5342831, 1.23809529, 1.23809529, 5e+15, 0.539094598, 0.137872285, 0.152466147, 0.755260698, -0.098417551, -0.521403856, -0.725592498, 0.0965544028, 0.136970819, 0.209604519, 0, 1.25198529e-08, 1.25198529e-08, 580744.777, 580744.777, 0, 0.27, 3.332, 0, -0.619821407, 0.233525222, 0, 4.99999925e+15, 0.000222695157, 0.0040050382, 0, 0
0.245535675, 0, 0, 5e+15, 0, 1.41183139e-20, 3.718e+18, 6.44e+20, 4.85, 4, 138.733772, 23.5858067, 1.23809529, 880515.283, 1.39826555e+16, 3.05759953e+10, 3.12592435e+12, 0.673804892, -136.872446, -140.71431, 5e+15, 2.41857717e+18, -848740.302, 234406.316, 309.091972, 23.5858067, 84.5342831, 1.23809529, 1.23809529, 5e+15, 0.550769417, 0.137652321, 0.152613423, 0.766820202, -0.0982502356, -0.532590193, -0.73672943, 0.0964108504, 0.140336223, 0.212703065, 0, 1.25196917e-08, 1.25196917e-08, 590944.005, 590944.005, 0, 0.27, 3.332, 0, -0.630840428, 0.236747074, 0, 4.99999925e+15, 0.000224670285, 0.00401114586, 0, 0
0.25, 0, 0, 5e+15, 0, 1.40892768e-20, 3.718e+18, 6.44e+20, 4.85, 4, 138.628983, 23.5923164, 1.23809529, 880667.807, 1.47674044e+16, 3.04459263e+10, 3.29129637e+12, 0.701896047, -136.767759, -140.610907, 5e+15, 2.40963683e+18, -848509.692, 235811.554, 309.084977, 23.5923164, 84.0761267, 1.23809529, 1.23809529, 5e+15, 0.57942363, 0.137104333, 0.152983939, 0.795194289, -0.0978333091, -0.560046091, -0.764068367, 0.0960533268, 0.148593804, 0.220302736, 0, 1.25192894e-08, 1.25192894e-08, 615922.296, 615922.296, 0, 0.27, 3.332, 0, -0.6578794, 0.24464713, 0, 4.99999926e+15, 0.000229381486, 0.00402526139, 0, 0
0.251785675, 0, 0, 5e+15, 0, 1.40776314e-20, 3.718e+18, 6.44e+20, 4.85, 4, 138.586653, 23.5949051, 1.23809529, 880731.676, 1.50852023e+16, 3.03937026e+10, 3.3577227e+12, 0.713889564, -136.725469, -140.569114, 5e+15, 2.40600777e+18, -848417.822, 236378.37, 309.082175, 23.5949051, 83.7121093, 1.23809529, 1.23809529, 5e+15, 0.591635234, 0.136884969, 0.153126953, 0.807293801, -0.0976670576, -0.57173557, -0.77571235, 0.0959095406, 0.152152069, 0.223591919, 0, 1.25191282e-08, 1.25191282e-08, 626600.538, 626600.538, 0, 0.27, 3.332, 0, -0.669402627, 0.248061609, 0, 4.99999926e+15, 0.000231430899, 0.00403137755, 0, 0
0.25625, 0, 0, 5e+15, 0, 1.40486834e-20, 3.718e+18, 6.44e+20, 4.85, 4, 138.480984, 23.6015853, 1.23809529, 880883.485, 1.59108406e+16, 3.02643554e+10, 3.53058673e+12, 0.743312707, -136.619902, -140.464794, 5e+15, 2.39698571e+18, -848181.516, 237789.461, 309.075183, 23.6015853, 83.2567426, 1.23809529, 1.23809529, 5e+15, 0.621606913, 0.136337475, 0.153486611, 0.836992955, -0.0972519325, -0.600426519, -0.8042956, 0.0955508694, 0.16088241, 0.231658381, 0, 1.25187261e-08, 1.25187261e-08, 652750.642, 652750.642, 0, 0.27, 3.332, 0, -0.697678452, 0.256433279, 0, 4.99999926e+15, 0.000236311944, 0.00404546374, 0, 0
0.258035675, 0, 0, 5e+15, 0, 1.40370737e-20, 3.718e+18, 6.44e+20, 4.85, 4, 138.438299, 23.6042368, 1.23809529, 880947.306, 1.62453551e+16, 3.02125556e+10, 3.60003924e+12, 0.755860553, -136.577258, -140.422633, 5e+15, 2.39334305e+18, -848087.545, 238358.788, 309.072381, 23.6042368, 83.2567426, 1.23809529, 1.23809529, 5e+15, 0.634366889, 0.136119002, 0.15362534, 0.849644181, -0.0970869579, -0.612628849, -0.816456609, 0.0954070473, 0.164641256, 0.23514599, 0, 1.25185649e-08, 1.25185649e-08, 663918.756, 663918.756, 0, 0.27, 3.332, 0, -0.709715808, 0.260048303, 0, 4.99999926e+15, 0.00023843983, 0.00405159724, 0, 0
0.2625, 0, 0, 5e+15, 0, 1.40082145e-20, 3.718e+18, 6.44e+20, 4.85, 4, 138.331746, 23.6110886, 1.23809529, 881098.549, 1.71132685e+16, 3.0084143e+10, 3.78057983e+12, 0.786647537, -136.470805, -140.317395, 5e+15, 2.38427276e+18, -847845.53, 239776.165, 309.06539, 23.6110886, 82.8041667, 1.23809529, 1.23809529, 5e+15, 0.665687807, 0.13557316, 0.153974087, 0.880700885, -0.0966745083, -0.642581866, -0.846312207, 0.0950479929, 0.173864321, 0.243699638, 0, 1.25181629e-08, 1.25181629e-08, 691270.475, 691270.475, 0, 0.27, 3.332, 0, -0.739256374, 0.268912314, 0, 4.99999926e+15, 0.000243501184, 0.00406567573, 0, 0
0.264285675, 0, 0, 5e+15, 0, 1.39966404e-20, 3.718e+18, 6.44e+20, 4.85, 4, 138.288704, 23.6138028, 1.23809529, 881162.399, 1.74649565e+16, 3.00327813e+10, 3.85310398e+12, 0.799757419, -136.427804, -140.274865, 5e+15, 2.38062296e+18, -847749.471, 240348.162, 309.06259, 23.6138028, 82.4447013, 1.23809529, 1.23809529, 5e+15, 0.679004121, 0.135355709, 0.154108514, 0.893911763, -0.0965109023, -0.655303229, -0.858996561, 0.094904232, 0.177830541, 0.247392431, 0, 1.25180018e-08, 1.25180018e-08, 702936.026, 702936.026, 0, 0.27, 3.332, 0, -0.751814131, 0.272734773, 0, 4.99999926e+15, 0.000245711781, 0.00407183583, 0, 0
0.26875, 0, 0, 5e+15, 0, 1.39678697e-20, 3.718e+18, 6.44e+20, 4.85, 4, 138.181264, 23.6208261, 1.23809529, 881313.275, 1.83763317e+16, 2.9905412e+10, 4.04144869e+12, 0.831930289, -136.320465, -140.168707, 5e+15, 2.37152713e+18, -847501.774, 241772.271, 309.0556, 23.6208261, 81.9949053, 1.23809529, 1.23809529, 5e+15, 0.71169664, 0.134812192, 0.15444631, 0.926348645, -0.0961016394, -0.686536147, -0.890142986, 0.0945452385, 0.187563928, 0.256450964, 0, 1.25175998e-08, 1.25175998e-08, 731510.574, 731510.574, 0, 0.27, 3.332, 0, -0.782637786, 0.282109166, 0, 4.99999927e+15, 0.000250964375, 0.00408592995, 0, 0
0.270535675, 0, 0, 5e+15, 0, 1.39563311e-20, 3.718e+18, 6.44e+20, 4.85, 4, 138.137863, 23.6236023, 1.23809529, 881377.246, 1.87456038e+16, 2.98544768e+10, 4.11707448e+12, 0.845607026, -136.277105, -140.125806, 5e+15, 2.36787389e+18, -847403.655, 242347.097, 309.0528, 23.6236023, 81.9949053, 1.23809529, 1.23809529, 5e+15, 0.725574464, 0.134595778, 0.154576423, 0.940124206, -0.0959393976, -0.699780005, -0.90335419, 0.0944015634, 0.191743554, 0.260354863, 0, 1.25174387e-08, 1.25174387e-08, 743678.599, 743678.599, 0, 0.27, 3.332, 0, -0.795719403, 0.286145117, 0, 4.99999927e+15, 0.000253261887, 0.00409212685, 0, 0
0.275, 0, 0, 5e+15, 0, 1.39276484e-20, 3.718e+18, 6.44e+20, 4.85, 4, 138.02953, 23.6307952, 1.23809529, 881528.005, 1.97014869e+16, 2.97281723e+10, 4.31330517e+12, 0.879179981, -136.168873, -140.018725, 5e+15, 2.35876632e+18, -847150.353, 243778.391, 309.045813, 23.6307952, 81.5478687, 1.23809529, 1.23809529, 5e+15, 0.759653451, 0.13405485, 0.154903239, 0.973955997, -0.0955335104, -0.732303355, -0.935802275, 0.0940428163, 0.20200287, 0.269933717, 0, 1.25170368e-08, 1.25170368e-08, 773490.345, 773490.345, 0, 0.27, 3.332, 0, -0.827836866, 0.296045686, 0, 4.99999927e+15, 0.000258716781, 0.00410626326, 0, 0
0.276785675, 0, 0, 5e+15, 0, 1.39161451e-20, 3.718e+18, 6.44e+20, 4.85, 4, 137.98577, 23.6336321, 1.23809529, 881592.207, 2.0088723e+16, 2.96776349e+10, 4.3920501e+12, 0.89342608, -136.125153, -139.975451, 5e+15, 2.35511141e+18, -847050.223, 244356.196, 309.043013, 23.6336321, 81.1929351, 1.23809529, 1.23809529, 5e+15, 0.774095717, 0.133839402, 0.155029027, 0.988298946, -0.0953725582, -0.746070988, -0.949541567, 0.0938992037, 0.206401319, 0.274053983, 0, 1.25168758e-08, 1.25168758e-08, 786163.869, 786163.869, 0, 0.27, 3.332, 0, -0.841443547, 0.300300523, 0, 4.99999927e+15, 0.00026110534, 0.00411250861, 0, 0
0.28125, 0, 0, 5e+15, 0, 1.38875501e-20, 3.718e+18, 6.44e+20, 4.85, 4, 137.87654, 23.640991, 1.23809529, 881743.169, 2.1090073e+16, 2.95523518e+10, 4.59621221e+12, 0.928407133, -136.016023, -139.867443, 5e+15, 2.34599914e+18, -846791.457, 245795.123, 309.036028, 23.640991, 80.7486319, 1.23809529, 1.23809529, 5e+15, 0.809570105, 0.133301021, 0.155344843, 1.02353415, -0.0949699854, -0.779889521, -0.983296094, 0.0935407084, 0.217200574, 0.284166812, 0, 1.25164741e-08, 1.25164741e-08, 817221.81, 817221.81, 0, 0.27, 3.332, 0, -0.874859507, 0.310741282, 0, 4.99999928e+15, 0.000266773531, 0.004126719, 0, 0
0.283035675, 0, 0, 5e+15, 0, 1.3876082e-20, 3.718e+18, 6.44e+20, 4.85, 4, 137.832417, 23.6438863, 1.23809529, 881807.734, 2.14956361e+16, 2.9502175e+10, 4.67808333e+12, 0.943223256, -135.971941, -139.823796, 5e+15, 2.34234316e+18, -846689.388, 246376.049, 309.033229, 23.6438863, 80.7486319, 1.23809529, 1.23809529, 5e+15, 0.824577917, 0.13308643, 0.155466299, 1.03844533, -0.0948102122, -0.794180421, -0.997562888, 0.0933971161, 0.221822767, 0.288508188, 0, 1.25163132e-08, 1.25163132e-08, 830402.255, 830402.255, 0, 0.27, 3.332, 0, -0.888990633, 0.315219883, 0, 4.99999928e+15, 0.00026925723, 0.00413302635, 0, 0
0.2875, 0, 0, 5e+15, 0, 1.38475743e-20, 3.718e+18, 6.44e+20, 4.85, 4, 137.722285, 23.651405, 1.23809529, 881959.287, 2.25433701e+16, 2.93778308e+10, 4.89019245e+12, 0.979615415, -135.86191, -139.714857, 5e+15, 2.33322876e+18, -846425.38, 247823.039, 309.026245, 23.651405, 80.3070351, 1.23809529, 1.23809529, 5e+15, 0.861451785, 0.132550362, 0.155771104, 1.07508738, -0.0944107242, -0.829294131, -1.03262369, 0.0930387746, 0.233174659, 0.29916723, 0, 1.25159115e-08, 1.25159115e-08, 862711.078, 862711.078, 0, 0.27, 3.332, 0, -0.923704856, 0.326213433, 0, 4.99999928e+15, 0.00027514962, 0.00414734904, 0, 0
0.289285675, 0, 0, 5e+15, 0, 1.38361413e-20, 3.718e+18, 6.44e+20, 4.85, 4, 137.677799, 23.6543556, 1.23809529, 882024.367, 2.2967611e+16, 2.93279761e+10, 4.97518645e+12, 0.995000381, -135.817463, -139.670834, 5e+15, 2.32957176e+18, -846321.473, 248407.204, 309.023447, 23.6543556, 79.9566292, 1.23809529, 1.23809529, 5e+15, 0.877024402, 0.132336505, 0.155888223, 1.09056576, -0.0942520047, -0.844105979, -1.04741556, 0.0928951556, 0.238025032, 0.303733985, 0, 1.25157506e-08, 1.25157506e-08, 876398.273, 876398.273, 0, 0.27, 3.332, 0, -0.938357984, 0.330920188, 0, 4.99999928e+15, 0.000277732585, 0.00415373422, 0, 0
0.29375, 0, 0, 5e+15, 0, 1.38077206e-20, 3.718e+18, 6.44e+20, 4.85, 4, 137.566759, 23.662025, 1.23809529, 882176.987, 2.40626318e+16, 2.9204472e+10, 5.19523049e+12, 1.03280204, -135.706524, -139.56096, 5e+15, 2.32045539e+18, -846052.535, 249862.649, 309.016464, 23.662025, 79.5177162, 1.23809529, 1.23809529, 5e+15, 0.915297256, 0.131802428, 0.156182013, 1.12861341, -0.0938552863, -0.880510379, -1.08377785, 0.0925368314, 0.249941069, 0.314950258, 0, 1.2515349e-08, 1.2515349e-08, 909958.722, 909958.722, 0, 0.27, 3.332, 0, -0.974365666, 0.3424779, 0, 4.99999928e+15, 0.000283860144, 0.00416821554, 0, 0
0.295535675, 0, 0, 5e+15, 0, 1.37963224e-20, 3.718e+18, 6.44e+20, 4.85, 4, 137.521907, 23.6650269, 1.23809529, 882242.759, 2.45058989e+16, 2.91549041e+10, 5.28333462e+12, 1.04875306, -135.661711, -139.51656, 5e+15, 2.31679731e+18, -845946.922, 250450.139, 309.013667, 23.6650269, 79.3442332, 1.23809529, 1.23809529, 5e+15, 0.931432301, 0.131589192, 0.156294792, 1.14465634, -0.0936975019, -0.895839264, -1.09909076, 0.0923931463, 0.255023583, 0.319746196, 0, 1.25151881e-08, 1.25151881e-08, 924151.119, 924151.119, 0, 0.27, 3.332, 0, -0.989536767, 0.347416729, 0, 4.99999929e+15, 0.000286546635, 0.00417469672, 0, 0
0.3, 0, 0, 5e+15, 0, 1.37679883e-20, 3.718e+18, 6.44e+20, 4.85, 4, 137.409955, 23.672834, 1.23809529, 882397.011, 2.56491314e+16, 2.90321437e+10, 5.51127617e+12, 1.08795857, -135.54986, -139.405745, 5e+15, 2.30767831e+18, -845673.48, 251914.369, 309.006686, 23.672834, 78.4744354, 1.23809529, 1.23809529, 5e+15, 0.97109957, 0.131056787, 0.156577566, 1.18410424, -0.0933032285, -0.933525882, -1.13674572, 0.0920347168, 0.267514118, 0.331529597, 0, 1.25147867e-08, 1.25147867e-08, 958960.538, 958960.538, 0, 0.27, 3.332, 0, -1.02682911, 0.359548835, 0, 4.99999929e+15, 0.000292920698, 0.00418939216, 0, 0
0.301785675, 0, 0, 5e+15, 0, 1.37566249e-20, 3.718e+18, 6.44e+20, 4.85, 4, 137.364734, 23.6758818, 1.23809529, 882463.671, 2.61117655e+16, 2.89828324e+10, 5.6024659e+12, 1.10447082, -135.50468, -139.360966, 5e+15, 2.30401915e+18, -845566.326, 252505.229, 309.003889, 23.6758818, 78.3021312, 1.23809529, 1.23809529, 5e+15, 0.987792579, 0.130844083, 0.156686003, 1.20070698, -0.0931462787, -0.949365849, -1.15257361, 0.0918909387, 0.272832177, 0.336558, 0, 1.25146258e-08, 1.25146258e-08, 973654.83, 973654.83, 0, 0.27, 3.332, 0, -1.04251213, 0.364723115, 0, 4.99999929e+15, 0.000295715192, 0.00419599015, 0, 0
0.30625, 0, 0, 5e+15, 0, 1.3728377e-20, 3.718e+18, 6.44e+20, 4.85, 4, 137.251865, 23.6838096, 1.23809529, 882620.213, 2.7304159e+16, 2.88607323e+10, 5.83823837e+12, 1.14506978, -135.39191, -139.249206, 5e+15, 2.29489709e+18, -845288.929, 253978.475, 308.99691, 23.6838096, 78.3021312, 1.23809529, 1.23809529, 5e+15, 1.02884482, 0.13031308, 0.156957765, 1.24154491, -0.0927541604, -0.988321445, -1.19150762, 0.0915323145, 0.285906252, 0.348917186, 0, 1.25142245e-08, 1.25142245e-08, 1009706.54, 1009706.54, 0, 0.27, 3.332, 0, -1.0810756, 0.377438567, 0, 4.99999929e+15, 0.00030234779, 0.00421096531, 0, 0
0.308035675, 0, 0, 5e+15, 0, 1.37170482e-20, 3.718e+18, 6.44e+20, 4.85, 4, 137.206273, 23.6868966, 1.23809529, 882687.977, 2.77864466e+16, 2.88116524e+10, 5.9324672e+12, 1.16213429, -135.346359, -139.204045, 5e+15, 2.29123695e+18, -845180.439, 254572.691, 308.994114, 23.6868966, 78.3021312, 1.23809529, 1.23809529, 5e+15, 1.04608714, 0.130100832, 0.15706186, 1.25869858, -0.0925979617, -1.00466243, -1.20784032, 0.0913884223, 0.29146231, 0.354180417, 0, 1.25140636e-08, 1.25140636e-08, 1024895.81, 1024895.81, 0, 0.27, 3.332, 0, -1.0972604, 0.382850732, 0, 4.99999929e+15, 0.000305255018, 0.0042177036, 0, 0
0.3125, 0, 0, 5e+15, 0, 1.36888861e-20, 3.718e+18, 6.44e+20, 4.85, 4, 137.09248, 23.6949234, 1.23809529, 882847.56, 2.90288913e+16, 2.86901461e+10, 6.17595305e+12, 1.20410753, -135.232667, -139.091336, 5e+15, 2.28211196e+18, -844899.773, 256055.046, 308.987137, 23.6949234, 77.8712945, 1.23809529, 1.23809529, 5e+15, 1.08850602, 0.129571026, 0.157322618, 1.30090746, -0.0922077656, -1.04486504, -1.24803104, 0.0910295485, 0.305126893, 0.367122054, 0, 1.25136624e-08, 1.25136624e-08, 1062175.62, 1062175.62, 0, 0.27, 3.332, 0, -1.1370728, 0.396156442, 0, 4.9999993e+15, 0.000312159152, 0.00423303499, 0, 0
0.314285675, 0, 0, 5e+15, 0, 1.36775917e-20, 3.718e+18, 6.44e+20, 4.85, 4, 137.046516, 23.6980416, 1.23809529, 882916.657, 2.95309751e+16, 2.86412752e+10, 6.27313356e+12, 1.22170757, -135.186744, -139.045793, 5e+15, 2.27845089e+18, -844790.186, 256652.533, 308.984341, 23.6980416, 77.5304139, 1.23809529, 1.23809529, 5e+15, 1.10628119, 0.12935917, 0.157422371, 1.31859533, -0.0920522486, -1.06168932, -1.26485069, 0.0908855229, 0.310921595, 0.372620699, 0, 1.25135016e-08, 1.25135016e-08, 1077846.11, 1077846.11, 0, 0.27, 3.332, 0, -1.15374157, 0.401807118, 0, 4.9999993e+15, 0.000315184047, 0.00423993943, 0, 0
0.31875, 0, 0, 5e+15, 0, 1.36495151e-20, 3.718e+18, 6.44e+20, 4.85, 4, 136.931794, 23.7061408, 1.23809529, 883080.114, 3.08241074e+16, 2.85203098e+10, 6.52412102e+12, 1.26501943, -135.072121, -138.932126, 5e+15, 2.26932346e+18, -844507.082, 258143.905, 308.977365, 23.7061408, 77.1023783, 1.23809529, 1.23809529, 5e+15, 1.15003171, 0.128830414, 0.157672138, 1.36213944, -0.0916637998, -1.10310065, -1.30625942, 0.0905263682, 0.325179773, 0.386147678, 0, 1.25131004e-08, 1.25131004e-08, 1116325.46, 1116325.46, 0, 0.27, 3.332, 0, -1.19476445, 0.415706141, 0, 4.9999993e+15, 0.000322373762, 0.00425571407, 0, 0
0.320535675, 0, 0, 5e+15, 0, 1.36382549e-20, 3.718e+18, 6.44e+20, 4.85, 4, 136.885455, 23.709281, 1.23809529, 883150.775, 3.13459044e+16, 2.84716265e+10, 6.62410835e+12, 1.28312743, -135.025824, -138.886197, 5e+15, 2.26566133e+18, -844396.67, 258744.484, 308.97457, 23.709281, 77.1023783, 1.23809529, 1.23809529, 5e+15, 1.16831237, 0.128618888, 0.157767553, 1.38033393, -0.091508901, -1.12038, -1.32353767, 0.0903821853, 0.331210867, 0.391879464, 0, 1.25129397e-08, 1.25129397e-08, 1132453.86, 1132453.86, 0, 0.27, 3.332, 0, -1.2118889, 0.421593052, 0, 4.9999993e+15, 0.000325521307, 0.00426281096, 0, 0
0.325, 0, 0, 5e+15, 0, 1.36102635e-20, 3.718e+18, 6.44e+20, 4.85, 4, 136.769798, 23.717421, 1.23809529, 883318.996, 3.26898991e+16, 2.8351156e+10, 6.88224796e+12, 1.32771815, -134.910267, -138.77157, 5e+15, 2.25653188e+18, -844112.093, 260244.541, 308.967596, 23.717421, 76.677277, 1.23809529, 1.23809529, 5e+15, 1.21333534, 0.128091059, 0.158006348, 1.42515335, -0.0911220594, -1.16293834, -1.36610225, 0.0900227172, 0.346059357, 0.405988399, 0, 1.25125386e-08, 1.25125386e-08, 1172083.15, 1172083.15, 0, 0.27, 3.332, 0, -1.25406039, 0.436082075, 0, 4.99999931e+15, 0.000333011462, 0.00427912264, 0, 0
0.326785675, 0, 0, 5e+15, 0, 1.35990374e-20, 3.718e+18, 6.44e+20, 4.85, 4, 136.723083, 23.7205729, 1.23809529, 883391.445, 3.32313654e+16, 2.83026372e+10, 6.98489353e+12, 1.34630695, -134.863593, -138.725254, 5e+15, 2.25286832e+18, -844001.159, 260847.925, 308.964802, 23.7205729, 76.3419037, 1.23809529, 1.23809529, 5e+15, 1.23209465, 0.127879792, 0.158097432, 1.44382735, -0.0909677124, -1.18064559, -1.38381175, 0.0898783425, 0.352322544, 0.411949043, 0, 1.25123779e-08, 1.25123779e-08, 1188646.61, 1188646.61, 0, 0.27, 3.332, 0, -1.2716133, 0.442200887, 0, 4.99999931e+15, 0.000336286442, 0.0042864345, 0, 0
0.33125, 0, 0, 5e+15, 0, 1.35711305e-20, 3.718e+18, 6.44e+20, 4.85, 4, 136.606485, 23.7287177, 1.23809529, 883565.341, 3.46264217e+16, 2.81826148e+10, 7.24979613e+12, 1.39211178, -134.747096, -138.60966, 5e+15, 2.24373682e+18, -843716.196, 262356.038, 308.957829, 23.7287177, 75.9199355, 1.23809529, 1.23809529, 5e+15, 1.27832601, 0.127352752, 0.158325281, 1.48985726, -0.090582343, -1.22428566, -1.4274664, 0.0895185041, 0.367752641, 0.426631233, 0, 1.25119769e-08, 1.25119769e-08, 1229372.15, 1229372.15, 0, 0.27, 3.332, 0, -1.31486801, 0.457271145, 0, 4.99999931e+15, 0.000344092142, 0.00430337478, 0, 0
0.333035675, 0, 0, 5e+15, 0, 1.35599384e-20, 3.718e+18, 6.44e+20, 4.85, 4, 136.559393, 23.7318702, 1.23809529, 883639.778, 3.51883137e+16, 2.81342349e+10, 7.35508849e+12, 1.41118506, -134.700045, -138.562956, 5e+15, 2.24007127e+18, -843605.055, 262961.816, 308.955035, 23.7318702, 75.9199355, 1.23809529, 1.23809529, 5e+15, 1.29756811, 0.127141657, 0.158412041, 1.50901469, -0.0904284718, -1.24242447, -1.44561064, 0.0893738908, 0.37424882, 0.432821698, 0, 1.25118162e-08, 1.25118162e-08, 1246375.22, 1246375.22, 0, 0.27, 3.332, 0, -1.33285295, 0.463622712, 0, 4.99999931e+15, 0.000347498799, 0.00431115847, 0, 0
0.3375, 0, 0, 5e+15, 0, 1.35321159e-20, 3.718e+18, 6.44e+20, 4.85, 4, 136.44185, 23.7399806, 1.23809529, 883820.227, 3.66361106e+16, 2.80146071e+10, 7.62658359e+12, 1.45818788, -134.582603, -138.44639, 5e+15, 2.23093707e+18, -843320.88, 264477.004, 308.948063, 23.7399806, 75.5013753, 1.23809529, 1.23809529, 5e+15, 1.34499273, 0.126615236, 0.158628977, 1.55623916, -0.0900444236, -1.28712956, -1.490338, 0.0890135926, 0.390260083, 0.448076823, 0, 1.25114154e-08, 1.25114154e-08, 1288186.63, 1288186.63, 0, 0.27, 3.332, 0, -1.37717398, 0.479273675, 0, 4.99999931e+15, 0.000355634498, 0.00432939318, 0, 0
0.339285675, 0, 0, 5e+15, 0, 1.35209575e-20, 3.718e+18, 6.44e+20, 4.85, 4, 136.394379, 23.7431224, 1.23809529, 883896.807, 3.70649341e+16, 2.7966338e+10, 7.69757408e+12, 1.47161155, -134.535172, -138.39917, 5e+15, 2.2272323e+18, -843209.853, 265084.627, 308.94527, 23.7431224, 75.1784569, 1.23809529, 1.24419414, 5e+15, 1.35850855, 0.126404214, 0.158711771, 1.56966354, -0.0898909445, -1.2992122, -1.50242901, 0.0888686859, 0.396955342, 0.454463315, 0, 1.25112547e-08, 1.25112547e-08, 1300144.72, 1300144.72, 0, 0.27, 3.332, 0, -1.38910313, 0.485824028, 0, 4.99999931e+15, 0.000359154418, 0.00432024524, 0, 0
0.34375, 0, 0, 5e+15, 0, 1.34932188e-20, 3.718e+18, 6.44e+20, 4.85, 4, 136.275887, 23.7511577, 1.23809529, 884084.588, 3.81614269e+16, 2.78470424e+10, 7.87901429e+12, 1.50469332, -134.416782, -138.28131, 5e+15, 2.21799984e+18, -842927.669, 266605.514, 308.9383, 23.7511577, 74.7636632, 1.23809529, 1.24419414, 5e+15, 1.39181842, 0.125878193, 0.158918694, 1.60275811, -0.0895080347, -1.32899169, -1.53223778, 0.0885078029, 0.413448441, 0.470192304, 0, 1.25108539e-08, 1.25108539e-08, 1329548.18, 1329548.18, 0, 0.27, 3.332, 0, -1.41849972, 0.501956244, 0, 4.99999932e+15, 0.000367580046, 0.0042978035, -1.21738214e-11, -1.10223123e-11
0.345535675, 0, 0, 5e+15, 0, 1.34820941e-20, 3.718e+18, 6.44e+20, 4.85, 4, 136.228035, 23.7542787, 1.24419414, 884015.702, 4.25174605e+16, 2.77966363e+10, 8.87067486e+12, 1.72879516, -134.368974, -138.236619, 5e+15, 1.66426725e+21, -842771.758, 266869.534, 308.935507, 23.7542787, 74.7636632, 1.25029299, 1.24419414, 5e+15, 1.61644089, 0.125791705, 0.158695098, 1.82737797, -0.0893477503, -1.54659029, -1.74984037, 0.0885465015, 0.469845636, 0.526492084, 0, 1.25106933e-08, 1.25106933e-08, 1525826.94, 1525826.94, 0, 0.27, 3.332, 0, -1.63593804, 0.558392137, 0, 3.54469846e+15, 0.000342837306, 0.00415477058, 103211.399, 32434.7304
0.35, 0, 0, 5e+15, 0, 1.34544389e-20, 3.718e+18, 6.44e+20, 4.85, 4, 136.108591, 23.7622015, 1.25944174, 883841.214, 5.56739151e+16, 2.76720278e+10, 1.19368802e+13, 2.27932342, -134.249638, -138.12509, 5e+15, 5.845369e+21, -842379.282, 267530.248, 308.928539, 23.7622015, 74.368118, 1.28078819, 1.25944174, 5e+15, 2.16827819, 0.1255922, 0.158150688, 2.37919033, -0.0889476778, -2.08119368, -2.28446117, 0.0886662905, 0.608328205, 0.664668107, 0, 1.25102926e-08, 1.25102926e-08, 2006989.48, 2006989.48, 0, 0.27, 3.332, 0, -2.17014135, 0.696994496, 0, 1.4999998e+15, 0.000282596592, 0.00380428795, 2e+18, 3.49388645e+16
0.35, 0, 0, 1.5e+15, 0, 1.34544389e-20, 3.718e+18, 6.44e+20, 4.85, 4, 136.108591, 23.7622015, 1.25944174, 879099.997, 5.56739151e+16, 2.76720278e+10, 1.19368802e+13, 2.27932342, -134.249638, -138.12509, 1.5e+15, 5.845369e+21, -841139.841, 255539.768, 308.928539, 23.7622015, 74.368118, 1.28078819, 1.25944174, 1.5e+15, 2.16827819, 0.1255922, 0.158150688, 2.37919033, -0.0889476778, -2.08119368, -2.28446117, 0.0886662905, 0.608328205, 0.664668107, 0, 1.25102926e-08, 1.25102926e-08, 2006989.48, 2006989.48, 0, 0.27, 3.332, 0, -2.17014135, 0.696994496, 0, 1.4999998e+15, 0.000282596592, 0.00380428795, 2e+18, 3.49388645e+16
0.368883528, 0, 0, 1.5e+15, 0, 1.33387625e-20, 3.718e+18, 6.44e+20, 4.85, 4, 135.625658, 23.8035903, 1.26554059, 877557.358, 6.03412389e+16, 2.77236448e+10, 1.38329322e+13, 2.67780283, -133.766603, -137.646129, 1.5e+15, 5.86356042e+21, -840047.903, 253814.762, 308.899022, 23.8035903, 76.3609365, 1.28078819, 1.26554059, 1.5e+15, 2.56758297, 0.12576766, 0.157605671, 2.78010042, -0.0891182851, -2.47839142, -2.68316864, 0.0887435789, 0.667518532, 0.72458175, 0, 1.25085954e-08, 1.25085954e-08, 2350289.28, 2350289.28, 0, 0.27, 3.332, 0, -2.5675097, 0.756262111, 0, 1.4999998e+15, 0.000266213459, 0.00364350058, 2e+18, 3.26716636e+16
0.4160938, 0, 0, 1.5e+15, 0, 1.30511984e-20, 3.718e+18, 6.44e+20, 4.85, 4, 134.420784, 23.9117401, 1.28078819, 873608.722, 7.38565754e+16, 2.7860965e+10, 2.01010356e+13, 3.67295888, -132.561469, -136.451324, 1.5e+15, 5.91121378e+21, -837235.429, 249457.483, 308.825376, 23.9117401, 81.4034571, 1.28078819, 1.28078819, 1.5e+15, 3.56482137, 0.126245314, 0.156258247, 3.78150573, -0.0895724212, -3.47037065, -3.6791216, 0.0889643785, 0.815155134, 0.873984742, 0, 1.25043608e-08, 1.25043608e-08, 3205455.15, 3205455.15, 0, 0.27, 3.332, 0, -3.55994307, 0.904119513, 0, 1.49999979e+15, 0.000226344046, 0.00324705016, 2e+18, 2.75898198e+16
0.4349773, 0, 0, 1.5e+15, 0, 1.29388845e-20, 3.718e+18, 6.44e+20, 4.85, 4, 133.960077, 23.9620488, 1.28078819, 871219.449, 7.62020292e+16, 2.79233739e+10, 2.18302434e+13, 4.00965276, -132.100651, -135.99286, 1.5e+15, 5.92924391e+21, -835473.438, 246979.099, 308.795851, 23.9620488, 81.4034571, 1.28078819, 1.28078819, 1.5e+15, 3.90105324, 0.126418135, 0.15500722, 4.11921883, -0.0897834441, -3.79249233, -4.00233392, 0.0889968233, 0.913378146, 0.973805167, 0, 1.25026633e-08, 1.25026633e-08, 3489220.31, 3489220.31, 0, 0.27, 3.332, 0, -3.88227578, 1.00237497, 0, 1.49999979e+15, 0.000209606335, 0.00310712413, 2e+18, 2.61356825e+16
0.4821875, 0, 0, 1.5e+15, 0, 1.2659676e-20, 3.718e+18, 6.44e+20, 4.85, 4, 132.81127, 24.0895581, 1.28078819, 865175.92, 8.24926142e+16, 2.80967734e+10, 2.69188548e+13, 4.85648905, -130.95155, -134.849746, 1.5e+15, 5.97828318e+21, -831019.821, 240697.791, 308.722185, 24.0895581, 81.4034571, 1.28078819, 1.28078819, 1.5e+15, 4.74666157, 0.126929715, 0.151906465, 4.96868896, -0.0903679008, -4.60290818, -4.81563967, 0.0891335791, 1.15932338, 1.22371706, 0, 1.2498428e-08, 1.2498428e-08, 4201267.48, 4201267.48, 0, 0.27, 3.332, 0, -4.69327608, 1.24845696, 0, 1.49999979e+15, 0.000169214248, 0.00276871158, 2e+18, 2.28179207e+16
0.501071028, 0, 0, 1.5e+15, 0, 1.25505154e-20, 3.718e+18, 6.44e+20, 4.85, 4, 132.361122, 24.1515682, 1.28078819, 862870.587, 8.16590445e+16, 2.80878881e+10, 2.81366353e+13, 5.07433538, -130.50136, -134.400823, 1.5e+15, 5.98039423e+21, -828891.055, 239760.466, 308.692618, 24.1515682, 81.9993982, 1.28078819, 1.28078819, 1.5e+15, 4.96434241, 0.126781305, 0.150351035, 5.18746167, -0.0903529499, -4.80838352, -5.0218325, 0.0889370401, 1.23409605, 1.29990158, 0, 1.24967284e-08, 1.24967284e-08, 4377436.65, 4377436.65, 0, 0.27, 3.332, 0, -4.89873647, 1.32303309, 0, 1.49999979e+15, 0.000160519294, 0.00263556288, 2e+18, 2.15159704e+16
0.5482813, 0, 0, 1.5e+15, 0, 1.22791398e-20, 3.718e+18, 6.44e+20, 4.85, 4, 131.23935, 24.3064489, 1.28078819, 857098.922, 7.97135242e+16, 2.80866384e+10, 3.14902205e+13, 5.62599642, -129.379461, -133.282164, 1.5e+15, 5.99032292e+21, -823587.305, 237323.616, 308.618852, 24.3064489, 83.5562657, 1.28078819, 1.28078819, 1.5e+15, 5.51550523, 0.126501567, 0.146482194, 5.74144054, -0.0903823811, -5.32901116, -5.54432891, 0.0885080301, 1.42212364, 1.49149411, 0, 1.24924881e-08, 1.24924881e-08, 4822955.71, 4822955.71, 0, 0.27, 3.332, 0, -5.41939354, 1.51063167, 0, 1.49999979e+15, 0.00013968504, 0.00231765986, 2e+18, 1.85420871e+16
0.5671648, 0, 0, 1.5e+15, 0, 1.21730006e-20, 3.718e+18, 6.44e+20, 4.85, 4, 130.791031, 24.3803327, 1.28078819, 854746.897, 7.69315635e+16, 2.79856975e+10, 3.22227985e+13, 5.74463704, -128.931186, -132.834503, 1.5e+15, 5.97181067e+21, -821096.97, 237465.747, 308.589231, 24.3803327, 83.5562657, 1.28078819, 1.28078819, 1.5e+15, 5.63436383, 0.125956748, 0.144744462, 5.86088359, -0.0900760107, -5.43824788, -5.65395784, 0.0880418901, 1.47321927, 1.54323105, 0, 1.24907856e-08, 1.24907856e-08, 4910675.04, 4910675.04, 0, 0.27, 3.332, 0, -5.52832389, 1.56126117, 0, 1.49999979e+15, 0.000134379134, 0.00219662139, 2e+18, 1.76493721e+16
0.614375, 0, 0, 1.5e+15, 0, 1.19091267e-20, 3.718e+18, 6.44e+20, 4.85, 4, 129.674444, 24.5646668, 1.28078819, 848875.517, 7.04452501e+16, 2.7758318e+10, 3.41687897e+13, 6.04681762, -127.814686, -131.719592, 1.5e+15, 5.93021734e+21, -814907.73, 237728.847, 308.515329, 24.5646668, 83.5562657, 1.28078819, 1.28078819, 1.5e+15, 5.93700268, 0.124686781, 0.140412622, 6.16503232, -0.0893789066, -5.71680828, -5.93352824, 0.0869379335, 1.60190537, 1.67357818, 0, 1.24865381e-08, 1.24865381e-08, 5134301.33, 5134301.33, 0, 0.27, 3.332, 0, -5.80618719, 1.6888433, 0, 1.49999979e+15, 0.000121711426, 0.00190838006, 2e+18, 1.55738236e+16
0.633258528, 0, 0, 1.5e+15, 0, 1.18059319e-20, 3.718e+18, 6.44e+20, 4.85, 4, 129.222417, 24.6511632, 1.28078819, 846375.233, 6.67186391e+16, 2.75586602e+10, 3.45066851e+13, 6.08962158, -127.362799, -131.267873, 1.5e+15, 5.89009819e+21, -812060.903, 238539.209, 308.485652, 24.6511632, 83.0395842, 1.28078819, 1.28078819, 1.5e+15, 5.98041174, 0.123725151, 0.138589999, 6.20852929, -0.0887612067, -5.75259696, -5.96941422, 0.0861935628, 1.6345277, 1.7060773, 0, 1.24848326e-08, 1.24848326e-08, 5155168.63, 5155168.63, 0, 0.27, 3.332, 0, -5.84135817, 1.72072126, 0, 1.4999998e+15, 0.000117697385, 0.00179963278, 2e+18, 1.50257339e+16
0.6804688, 0, 0, 1.5e+15, 0, 1.15493654e-20, 3.718e+18, 6.44e+20, 4.85, 4, 128.09717, 24.8674134, 1.28078819, 840125.478, 5.82434199e+16, 2.70891215e+10, 3.53930089e+13, 6.20094446, -126.23788, -130.143417, 1.5e+15, 5.79386769e+21, -804974.407, 240472.384, 308.411613, 24.8674134, 81.7996912, 1.28078819, 1.28078819, 1.5e+15, 6.09317229, 0.121400052, 0.13404024, 6.3215435, -0.0872775715, -5.84635072, -6.06342334, 0.0843836363, 1.71666172, 1.78796153, 0, 1.24805778e-08, 1.24805778e-08, 5210849.88, 5210849.88, 0, 0.27, 3.332, 0, -5.93362829, 1.80104537, 0, 1.4999998e+15, 0.000108125363, 0.00154036643, 2e+18, 1.37173184e+16
0.6993523, 0, 0, 1.5e+15, 0, 1.1449075e-20, 3.718e+18, 6.44e+20, 4.85, 4, 127.638138, 24.9674657, 1.28078819, 837412.148, 5.42865248e+16, 2.67974043e+10, 3.54329466e+13, 6.18858897, -125.779084, -129.684462, 1.5e+15, 5.73405738e+21, -801770.036, 241684.549, 308.381891, 24.9674657, 81.7996912, 1.28078819, 1.28078819, 1.5e+15, 6.08178132, 0.120056994, 0.132205477, 6.30981765, -0.0863710321, -5.82896398, -6.0458846, 0.0833888799, 1.73488695, 1.80548102, 0, 1.24788699e-08, 1.24788699e-08, 5183673.55, 5183673.55, 0, 0.27, 3.332, 0, -5.91533501, 1.81827584, 0, 1.4999998e+15, 0.000104444426, 0.00144363837, 2e+18, 1.33922563e+16
0.7465625, 0, 0, 1.5e+15, 0, 1.11997147e-20, 3.718e+18, 6.44e+20, 4.85, 4, 126.495996, 25.2181553, 1.28078819, 830615.681, 4.55004981e+16, 2.61028289e+10, 3.55529265e+13, 6.1609923, -124.637509, -128.542526, 1.5e+15, 5.58743218e+21, -793777.397, 244621.691, 308.307738, 25.2181553, 81.7996912, 1.28078819, 1.28078819, 1.5e+15, 6.05654072, 0.116755852, 0.127620943, 6.2837646, -0.0841480497, -5.78880839, -6.00535179, 0.0809384611, 1.78083609, 1.84971433, 0, 1.24746092e-08, 1.24746092e-08, 5118519.42, 5118519.42, 0, 0.27, 3.332, 0, -5.87295645, 1.86177455, 0, 1.49999981e+15, 9.56636564e-05, 0.00121278761, 2e+18, 1.25945424e+16
0.765446028, 0, 0, 1.5e+15, 0, 1.11023093e-20, 3.718e+18, 6.44e+20, 4.85, 4, 126.027945, 25.3328842, 1.28078819, 827652.97, 4.17919434e+16, 2.57358095e+10, 3.53766967e+13, 6.10983175, -124.169782, -128.074389, 1.5e+15, 5.51179136e+21, -790213.401, 246078.974, 308.277988, 25.3328842, 80.9135838, 1.28078819, 1.28078819, 1.5e+15, 6.00664329, 0.115101544, 0.125826004, 6.23320671, -0.0830078906, -5.7342503, -5.95045751, 0.0797373098, 1.78790906, 1.85567824, 0, 1.24728999e-08, 1.24728999e-08, 5058152.07, 5058152.07, 0, 0.27, 3.332, 0, -5.81725819, 1.86764637, 0, 1.49999981e+15, 9.20074665e-05, 0.00112856851, 2e+18, 1.24133544e+16
0.8126563, 0, 0, 1.5e+15, 0, 1.08601063e-20, 3.718e+18, 6.44e+20, 4.85, 4, 124.86387, 25.6207763, 1.28078819, 820220.002, 3.37466562e+16, 2.48599224e+10, 3.49557341e+13, 5.98444512, -123.006498, -126.910114, 1.5e+15, 5.32455082e+21, -781310.649, 249628.546, 308.203764, 25.6207763, 78.7382028, 1.28078819, 1.28078819, 1.5e+15, 5.88437751, 0.110999813, 0.121337617, 6.10930978, -0.0801856643, -5.60041661, -5.81578329, 0.0767542683, 1.80588633, 1.8709156, 0, 1.24686358e-08, 1.24686358e-08, 4909451.03, 4909451.03, 0, 0.27, 3.332, 0, -5.68060227, 1.88264061, 0, 1.49999982e+15, 8.3317244e-05, 0.00092760746, 2e+18, 1.19529119e+16
0.8315398, 0, 0, 1.5e+15, 0, 1.07655778e-20, 3.718e+18, 6.44e+20, 4.85, 4, 124.385575, 25.7515098, 1.28078819, 816986.273, 3.05286757e+16, 2.4432372e+10, 3.45908625e+13, 5.9011512, -122.528611, -126.431587, 1.5e+15, 5.23636457e+21, -777387.637, 251223.855, 308.174008, 25.7515098, 78.7382028, 1.28078819, 1.28078819, 1.5e+15, 5.80258271, 0.109104745, 0.119621571, 6.02660152, -0.0788588844, -5.51510247, -5.72999193, 0.075399672, 1.80330748, 1.8669782, 0, 1.24669264e-08, 1.24669264e-08, 4822503.38, 4822503.38, 0, 0.27, 3.332, 0, -5.59396135, 1.87870715, 0, 1.49999982e+15, 7.9557651e-05, 0.000856371837, 2e+18, 1.18833657e+16
0.87875, 0, 0, 1.5e+15, 0, 1.05305115e-20, 3.718e+18, 6.44e+20, 4.85, 4, 123.19651, 26.0798919, 1.28078819, 808865.27, 2.37222523e+16, 2.34113314e+10, 3.37116438e+13, 5.69534547, -121.340548, -125.241955, 1.5e+15, 5.01643793e+21, -767578.441, 255120.013, 308.099769, 26.0798919, 78.7382028, 1.28078819, 1.28078819, 1.5e+15, 5.60051174, 0.104373989, 0.115327508, 5.82225537, -0.075550146, -5.30430924, -5.51799743, 0.0720146167, 1.79722748, 1.85751315, 0, 1.24626619e-08, 1.24626619e-08, 4607357.48, 4607357.48, 0, 0.27, 3.332, 0, -5.37985939, 1.8692421, 0, 1.49999983e+15, 7.06670022e-05, 0.00068663026, 2e+18, 1.1687686e+16
0.897633528, 0, 0, 1.5e+15, 0, 1.04388561e-20, 3.718e+18, 6.44e+20, 4.85, 4, 122.707367, 26.2277165, 1.28078819, 805355.348, 2.11708027e+16, 2.29442146e+10, 3.32590184e+13, 5.5973997, -120.851888, -124.7525, 1.5e+15, 4.92021071e+21, -763306.214, 256779.263, 308.070033, 26.2277165, 77.795607, 1.28078819, 1.28078819, 1.5e+15, 5.50424094, 0.102328475, 0.113715641, 5.72490028, -0.0741028939, -5.20584542, -5.4189621, 0.0705681999, 1.78726387, 1.84607732, 0, 1.2460954e-08, 1.2460954e-08, 4509136.36, 4509136.36, 0, 0.27, 3.332, 0, -5.27994831, 1.85783206, 0, 1.49999983e+15, 6.6875707e-05, 0.000628592328, 2e+18, 1.16910907e+16
0.9448438, 0, 0, 1.5e+15, 0, 1.02109174e-20, 3.718e+18, 6.44e+20, 4.85, 4, 121.491781, 26.5993265, 1.28078819, 796534.924, 1.58918721e+16, 2.18295078e+10, 3.21647951e+13, 5.35388046, -119.637494, -123.536144, 1.5e+15, 4.6789917e+21, -752616.196, 260838.214, 307.995843, 26.5993265, 75.4670761, 1.28078819, 1.28078819, 1.5e+15, 5.26491656, 0.0971967705, 0.109679824, 5.4828606, -0.0704751396, -4.96106112, -5.17273409, 0.0669362899, 1.762728, 1.81784902, 0, 1.24566929e-08, 1.24566929e-08, 4264938.36, 4264938.36, 0, 0.27, 3.332, 0, -5.03153626, 1.8296643, 0, 1.49999984e+15, 5.79603742e-05, 0.000490613825, 2e+18, 1.16730745e+16
0.9637273, 0, 0, 1.5e+15, 0, 1.01221285e-20, 3.718e+18, 6.44e+20, 4.85, 4, 120.991549, 26.7656556, 1.28078819, 792751.448, 1.39932996e+16, 2.13424216e+10, 3.16644896e+13, 5.24888121, -119.137809, -123.035543, 1.5e+15, 4.57881307e+21, -748006.829, 262511.26, 307.966155, 26.7656556, 75.4670761, 1.28078819, 1.28078819, 1.5e+15, 5.16168409, 0.0950863232, 0.108183292, 5.37843913, -0.0689680863, -4.85642115, -5.06746329, 0.0654584493, 1.74834045, 1.80199069, 0, 1.2454988e-08, 1.2454988e-08, 4162221.08, 4162221.08, 0, 0.27, 3.332, 0, -4.92538923, 1.8137989, 0, 1.49999984e+15, 5.42880231e-05, 0.00044517991, 2e+18, 1.1737315e+16
1.0109375, 0, 0, 1.5e+15, 0, 9.90130178e-21, 3.718e+18, 6.44e+20, 4.85, 4, 119.748822, 27.1840542, 1.28078819, 783239.455, 1.01516437e+16, 2.01808101e+10, 3.04568809e+13, 4.98727653, -117.896436, -121.791902, 1.5e+15, 4.32659164e+21, -736467.007, 266608.688, 307.892083, 27.1840542, 75.4670761, 1.28078819, 1.28078819, 1.5e+15, 4.90452456, 0.0897709776, 0.10443452, 5.11828893, -0.065173523, -4.59577544, -4.80521749, 0.0617352437, 1.71265874, 1.76259999, 0, 1.24507343e-08, 1.24507343e-08, 3906428.38, 3906428.38, 0, 0.27, 3.332, 0, -4.66094896, 1.77439399, 0, 1.49999985e+15, 4.56908067e-05, 0.000337505906, 2e+18, 1.18683123e+16
1.02982103, 0, 0, 1.5e+15, 0, 9.81536596e-21, 3.718e+18, 6.44e+20, 4.85, 4, 119.237559, 27.3701588, 1.28078819, 779194.009, 8.82749938e+15, 1.9693682e+10, 2.9963839e+13, 4.88425201, -117.385767, -121.280252, 1.5e+15, 4.22655736e+21, -731538.67, 268259.511, 307.86247, 27.3701588, 74.5962589, 1.28078819, 1.28078819, 1.5e+15, 4.80329008, 0.0876724096, 0.103055406, 5.01582399, -0.0636688351, -4.49377121, -4.70255412, 0.0602721213, 1.69597346, 1.74453044, 0, 1.24490339e-08, 1.24490339e-08, 3806832.6, 3806832.6, 0, 0.27, 3.332, 0, -4.55744005, 1.75624558, 0, 1.49999985e+15, 4.23549622e-05, 0.000303465016, 2e+18, 1.19775752e+16
1.0770313, 0, 0, 1.5e+15, 0, 9.60161869e-21, 3.718e+18, 6.44e+20, 4.85, 4, 117.967797, 27.8385932, 1.28078819, 769020.147, 6.20251026e+15, 1.85339481e+10, 2.87716698e+13, 4.6269014, -116.117484, -120.00953, 1.5e+15, 3.97414894e+21, -719194.767, 272306.164, 307.788583, 27.8385932, 72.4370036, 1.28078819, 1.28078819, 1.5e+15, 4.55045281, 0.0823753888, 0.0995995439, 4.75988611, -0.0598719825, -4.23902043, -4.44613282, 0.0565778258, 1.65448409, 1.69953264, 0, 1.24447915e-08, 1.24447915e-08, 3558284.48, 3558284.48, 0, 0.27, 3.332, 0, -4.29889241, 1.71106192, 0, 1.49999986e+15, 3.45883091e-05, 0.000223102967, 2e+18, 1.22217546e+16
1.0959148, 0, 0, 1.5e+15, 0, 9.51851399e-21, 3.718e+18, 6.44e+20, 4.85, 4, 117.445739, 28.0461598, 1.28078819, 764725.562, 5.32236744e+15, 1.80569524e+10, 2.8285826e+13, 4.52648058, -115.596065, -119.487068, 1.5e+15, 3.87632285e+21, -713966.94, 273902.627, 307.759071, 28.0461598, 72.4370036, 1.28078819, 1.28078819, 1.5e+15, 4.45179689, 0.0803319429, 0.0983347395, 4.65997718, -0.0584005854, -4.13983322, -4.34626006, 0.0551596908, 1.63677557, 1.68058491, 0, 1.24430972e-08, 1.24430972e-08, 3462504.82, 3462504.82, 0, 0.27, 3.332, 0, -4.1982338, 1.69193526, 0, 1.49999987e+15, 3.17166716e-05, 0.000198694699, 2e+18, 1.23801006e+16
1.143125, 0, 0, 1.5e+15, 0, 9.31179277e-21, 3.718e+18, 6.44e+20, 4.85, 4, 116.14951, 28.5689024, 1.28078819, 753922.985, 3.61572518e+15, 1.69228142e+10, 2.71132771e+13, 4.27564034, -114.301425, -118.189833, 1.5e+15, 3.62897189e+21, -700867.989, 277819.517, 307.685437, 28.5689024, 72.4370036, 1.28078819, 1.28078819, 1.5e+15, 4.20541624, 0.075164373, 0.0951644144, 4.41043452, -0.0546797432, -3.89214327, -4.09683336, 0.0515733326, 1.59271396, 1.63336507, 0, 1.24388698e-08, 1.24388698e-08, 3223494.2, 3223494.2, 0, 0.27, 3.332, 0, -3.94682301, 1.64428729, 0, 1.49999987e+15, 2.50687285e-05, 0.000141344118, 2e+18, 1.27474137e+16
1.16200853, 0, 0, 1.5e+15, 0, 9.2314888e-21, 3.718e+18, 6.44e+20, 4.85, 4, 115.617135, 28.7993073, 1.28078819, 749399.392, 3.06276999e+15, 1.64654578e+10, 2.66600788e+13, 4.18164334, -113.769723, -117.657058, 1.5e+15, 3.53527995e+21, -695368.198, 279332.804, 307.656052, 28.7993073, 71.6935683, 1.28078819, 1.28078819, 1.5e+15, 4.11312916, 0.073210695, 0.0940084793, 4.31689658, -0.0532710192, -3.79964558, -4.00362118, 0.0502195517, 1.57461986, 1.61421604, 0, 1.2437183e-08, 1.2437183e-08, 3134608.1, 3134608.1, 0, 0.27, 3.332, 0, -3.85291661, 1.62483941, 0, 1.49999988e+15, 2.27388192e-05, 0.000124661308, 2e+18, 1.29478061e+16
1.2092188, 0, 0, 1.5e+15, 0, 9.03171924e-21, 3.718e+18, 6.44e+20, 4.85, 4, 114.295578, 29.3799599, 1.28078819, 738018.368, 2.01306126e+15, 1.5380017e+10, 2.55645367e+13, 3.94653791, -112.449843, -116.334506, 1.5e+15, 3.29816621e+21, -681582.135, 283048.843, 307.582734, 29.3799599, 69.8445054, 1.28078819, 1.28078819, 1.5e+15, 3.8823476, 0.0682655455, 0.0911102963, 4.08295752, -0.0497054528, -3.5683172, -3.7704897, 0.0467926561, 1.52961669, 1.56650639, 0, 1.24329744e-08, 1.24329744e-08, 2912561.01, 2912561.01, 0, 0.27, 3.332, 0, -3.61802265, 1.57640935, 0, 1.49999989e+15, 1.73791686e-05, 8.5673435e-05, 2e+18, 1.34238746e+16
1.2281023, 0, 0, 1.5e+15, 0, 8.95417769e-21, 3.718e+18, 6.44e+20, 4.85, 4, 113.75351, 29.6350841, 1.28078819, 733285.201, 1.68207148e+15, 1.49453348e+10, 2.51397802e+13, 3.85858106, -111.908483, -115.792041, 1.5e+15, 3.20921745e+21, -675837.438, 284453.442, 307.5535, 29.6350841, 69.8445054, 1.28078819, 1.28078819, 1.5e+15, 3.79602813, 0.0664142755, 0.0900559244, 3.99538264, -0.0483684534, -3.48187081, -3.68328248, 0.0455120638, 1.51174894, 1.54778919, 0, 1.24312965e-08, 1.24312965e-08, 2830259.73, 2830259.73, 0, 0.27, 3.332, 0, -3.53023927, 1.55726101, 0, 1.49999989e+15, 1.5588314e-05, 7.48033873e-05, 2e+18, 1.36704111e+16
1.2753125, 0, 0, 1.5e+15, 0, 8.76126576e-21, 3.718e+18, 6.44e+20, 4.85, 4, 112.408144, 30.278479, 1.28078819, 721374.713, 1.06774246e+15, 1.39154966e+10, 2.41137009e+13, 3.63861665, -110.564877, -114.445688, 1.5e+15, 2.98390672e+21, -661431.59, 287905.31, 307.480558, 30.278479, 69.8445054, 1.28078819, 1.28078819, 1.5e+15, 3.58020752, 0.061725188, 0.0874118033, 3.77639396, -0.0449812066, -3.26570871, -3.46520715, 0.0422692547, 1.46731903, 1.50116083, 0, 1.242711e-08, 1.242711e-08, 2624693.06, 2624693.06, 0, 0.27, 3.332, 0, -3.31068992, 1.50958828, 0, 1.4999999e+15, 1.14957496e-05, 4.95590856e-05, 2e+18, 1.42658316e+16
1.29419603, 0, 0, 1.5e+15, 0, 8.68644104e-21, 3.718e+18, 6.44e+20, 4.85, 4, 111.857194, 30.5600414, 1.28078819, 716453.841, 8.79832408e+14, 1.35060387e+10, 2.37240628e+13, 3.55754785, -110.014666, -113.894353, 1.5e+15, 2.90021678e+21, -655472.911, 289176.839, 307.451498, 30.5600414, 69.2575391, 1.28078819, 1.28078819, 1.5e+15, 3.5006967, 0.0599821803, 0.0864515432, 3.69562338, -0.0437241773, -3.18621917, -3.38489292, 0.0410616259, 1.44981953, 1.48302356, 0, 1.24254424e-08, 1.24254424e-08, 2549556.84, 2549556.84, 0, 0.27, 3.332, 0, -3.22994334, 1.49088115, 0, 1.4999999e+15, 1.01967627e-05, 4.28258044e-05, 2e+18, 1.4555966e+16
1.3414063, 0, 0, 1.5e+15, 0, 8.50027455e-21, 3.718e+18, 6.44e+20, 4.85, 4, 110.489986, 31.2706835, 1.28078819, 704068.668, 5.38936508e+14, 1.25386665e+10, 2.27819937e+13, 3.35471798, -108.649296, -112.526189, 1.5e+15, 2.68828824e+21, -640524.034, 292303.603, 307.378989, 31.2706835, 67.7942119, 1.28078819, 1.28078819, 1.5e+15, 3.30180854, 0.0555673923, 0.0840428978, 3.49356013, -0.0405407159, -2.9873261, -3.18393803, 0.0380024399, 1.40634843, 1.43787855, 0, 1.24212813e-08, 1.24212813e-08, 2361821.81, 2361821.81, 0, 0.27, 3.332, 0, -3.02786682, 1.44435087, 0, 1.49999991e+15, 7.25182054e-06, 2.73002495e-05, 2e+18, 1.52666761e+16
1.3602898, 0, 0, 1.5e+15, 0, 8.42811533e-21, 3.718e+18, 6.44e+20, 4.85, 4, 109.931104, 31.5810783, 1.28078819, 698975.878, 4.37281718e+14, 1.21514134e+10, 2.24119161e+13, 3.27847372, -108.091192, -111.966919, 1.5e+15, 2.60925793e+21, -634381.432, 293409.493, 307.350125, 31.5810783, 67.7942119, 1.28078819, 1.28078819, 1.5e+15, 3.22704728, 0.0539252171, 0.0831699974, 3.41751139, -0.039353854, -2.9126702, -3.10836381, 0.0368673618, 1.38900577, 1.42011413, 0, 1.24196251e-08, 1.24196251e-08, 2292258.53, 2292258.53, 0, 0.27, 3.332, 0, -2.95202406, 1.42587314, 0, 1.49999991e+15, 6.35371211e-06, 2.33355038e-05, 2e+18, 1.56142042e+16
1.4075, 0, 0, 1.5e+15, 0, 8.24856775e-21, 3.718e+18, 6.44e+20, 4.85, 4, 108.54439, 32.3651122, 1.28078819, 686156.828, 2.57511971e+14, 1.12384205e+10, 2.15195141e+13, 3.08794266, -106.706415, -110.579245, 1.5e+15, 2.40892941e+21, -618964.587, 296131.378, 307.278101, 32.3651122, 67.7942119, 1.28078819, 1.28078819, 1.5e+15, 3.04027247, 0.0497614362, 0.0809798819, 3.22749121, -0.0363451123, -2.72608132, -2.91948453, 0.0339887238, 1.34600583, 1.37597379, 0, 1.24154925e-08, 1.24154925e-08, 2118624.2, 2118624.2, 0, 0.27, 3.332, 0, -2.76242643, 1.37999456, 0, 1.49999992e+15, 4.33518651e-06, 1.42693657e-05, 2e+18, 1.64747365e+16
1.42638353, 0, 0, 1.5e+15, 0, 8.17901785e-21, 3.718e+18, 6.44e+20, 4.85, 4, 107.978809, 32.7059303, 1.28078819, 680914.38, 2.05615305e+14, 1.08759164e+10, 2.11729401e+13, 3.01689874, -106.141651, -110.013281, 1.5e+15, 2.33506386e+21, -612679.911, 297035.482, 307.249452, 32.7059303, 67.3962999, 1.28078819, 1.28078819, 1.5e+15, 2.9706277, 0.0482306211, 0.0801884712, 3.15654391, -0.0352357161, -2.6568658, -2.84924038, 0.0329338217, 1.32851729, 1.35829028, 0, 1.24138489e-08, 1.24138489e-08, 2054849.64, 2054849.64, 0, 0.27, 3.332, 0, -2.69210152, 1.36145111, 0, 1.49999992e+15, 3.74782807e-06, 1.20606965e-05, 2e+18, 1.6880769e+16
1.4735938, 0, 0, 1.5e+15, 0, 8.00595048e-21, 3.718e+18, 6.44e+20, 4.85, 4, 106.575594, 33.5677543, 1.28078819, 667716.655, 1.16213026e+14, 1.00227461e+10, 2.03375357e+13, 2.83935549, -104.740468, -108.609116, 1.5e+15, 2.14760309e+21, -596897.345, 299263.891, 307.177964, 33.5677543, 66.4014099, 1.28078819, 1.28078819, 1.5e+15, 2.79663264, 0.0443440751, 0.0782021157, 2.97926225, -0.0324201266, -2.48380475, -2.67361971, 0.0302544606, 1.28524839, 1.3144414, 0, 1.24097475e-08, 1.24097475e-08, 1895664.81, 1895664.81, 0, 0.27, 3.332, 0, -2.51622488, 1.31550285, 0, 1.49999992e+15, 2.43955615e-06, 7.05715716e-06, 2e+18, 1.78975889e+16
1.4924773, 0, 0, 1.5e+15, 0, 7.93895014e-21, 3.718e+18, 6.44e+20, 4.85, 4, 106.004751, 33.9409846, 1.28078819, 662345.924, 9.12124462e+13, 9.68762329e+09, 2.00087569e+13, 2.77281242, -104.170473, -108.037887, 1.5e+15, 2.07940361e+21, -590514.469, 299931.324, 307.149549, 33.9409846, 66.4014099, 1.28078819, 1.28078819, 1.5e+15, 2.73139036, 0.0429364387, 0.0774863879, 2.91270787, -0.0313953944, -2.41929953, -2.60796491, 0.0292893643, 1.26761351, 1.29684632, 0, 1.24081175e-08, 1.24081175e-08, 1837091.17, 1837091.17, 0, 0.27, 3.332, 0, -2.45069492, 1.29690287, 0, 1.49999993e+15, 2.07898499e-06, 5.8952023e-06, 2e+18, 1.83705963e+16
1.5396875, 0, 0, 1.5e+15, 0, 7.77221541e-21, 3.718e+18, 6.44e+20, 4.85, 4, 104.588555, 34.8859519, 1.28078819, 648823.308, 4.93347346e+13, 8.89942306e+09, 1.92178876e+13, 2.60662412, -102.756392, -106.620739, 1.5e+15, 1.90600641e+21, -574474.261, 301580.55, 307.078646, 34.8859519, 66.4014099, 1.28078819, 1.28078819, 1.5e+15, 2.56850649, 0.0393572923, 0.0756892646, 2.74651028, -0.0287897406, -2.25808365, -2.44389174, 0.0268355602, 1.22404255, 1.25327875, 0, 1.24040503e-08, 1.24040503e-08, 1690970.62, 1690970.62, 0, 0.27, 3.332, 0, -2.28687339, 1.25087811, 0, 1.49999993e+15, 1.28325735e-06, 3.29083581e-06, 2e+18, 1.95663746e+16
1.55857103, 0, 0, 1.5e+15, 0, 7.70770164e-21, 3.718e+18, 6.44e+20, 4.85, 4, 104.014138, 35.2925581, 1.28078819, 643352.053, 3.80428276e+13, 8.59577973e+09, 1.89097801e+13, 2.54486167, -102.182841, -106.04594, 1.5e+15, 1.84425521e+21, -568045.44, 301981.524, 307.050483, 35.2925581, 66.2296916, 1.28078819, 1.28078819, 1.5e+15, 2.50793288, 0.0380832226, 0.0750436111, 2.68463127, -0.0278621435, -2.1986697, -2.38320208, 0.0259621394, 1.20625651, 1.23576135, 0, 1.2402435e-08, 1.2402435e-08, 1637691.22, 1637691.22, 0, 0.27, 3.332, 0, -2.22653184, 1.23221865, 0, 1.49999994e+15, 1.07801719e-06, 2.71602998e-06, 2e+18, 2.01025993e+16
1.6057813, 0, 0, 1.5e+15, 0, 7.54714374e-21, 3.718e+18, 6.44e+20, 4.85, 4, 102.589087, 36.3236506, 1.28078819, 629573.668, 1.9661947e+13, 7.88256028e+09, 1.81691707e+13, 2.39061035, -100.759952, -104.619947, 1.5e+15, 1.6872262e+21, -551876.264, 302977.646, 306.980208, 36.3236506, 65.7968497, 1.28078819, 1.28078819, 1.5e+15, 2.35670198, 0.0348430933, 0.0734216822, 2.53010459, -0.0255031893, -2.05010947, -2.23147939, 0.0237408612, 1.16236516, 1.19244521, 0, 1.23984044e-08, 1.23984044e-08, 1504781.01, 1504781.01, 0, 0.27, 3.332, 0, -2.07561266, 1.18610602, 0, 1.49999994e+15, 6.29851516e-07, 1.44313281e-06, 2e+18, 2.14706223e+16
1.6246648, 0, 0, 1.5e+15, 0, 7.48505148e-21, 3.718e+18, 6.44e+20, 4.85, 4, 102.012932, 36.7650778, 1.28078819, 624023.92, 1.48753903e+13, 7.60777311e+09, 1.78735988e+13, 2.33265996, -100.184684, -104.043404, 1.5e+15, 1.63138765e+21, -545451.796, 303081.267, 306.952314, 36.7650778, 65.7968497, 1.28078819, 1.28078819, 1.5e+15, 2.29983515, 0.0336919699, 0.0728408327, 2.47192447, -0.0246645212, -1.99480754, -2.17475728, 0.0229523448, 1.14435549, 1.17491356, 0, 1.23968048e-08, 1.23968048e-08, 1456026.16, 1456026.16, 0, 0.27, 3.332, 0, -2.01947207, 1.16730784, 0, 1.49999994e+15, 5.21401534e-07, 1.1760954e-06, 2e+18, 2.20792553e+16
1.671875, 0, 0, 1.5e+15, 0, 7.33050952e-21, 3.718e+18, 6.44e+20, 4.85, 4, 100.58354, 37.8863549, 1.28078819, 610046.419, 7.32100041e+12, 6.96312765e+09, 1.7165435e+13, 2.18808249, -98.7575039, -102.613055, 1.5e+15, 1.48934256e+21, -529279.088, 303348.294, 306.882709, 37.8863549, 65.7968497, 1.28078819, 1.28078819, 1.5e+15, 2.1580114, 0.0307639941, 0.0713808823, 2.32678659, -0.0225309074, -1.85663199, -2.0330659, 0.020947113, 1.09996775, 1.13162551, 0, 1.23928131e-08, 1.23928131e-08, 1334513.15, 1334513.15, 0, 0.27, 3.332, 0, -1.8791629, 1.12091486, 0, 1.49999995e+15, 2.87468337e-07, 5.92872561e-07, 2e+18, 2.3642085e+16
1.69075853, 0, 0, 1.5e+15, 0, 7.2707719e-21, 3.718e+18, 6.44e+20, 4.85, 4, 100.007736, 38.3622033, 1.28078819, 604446.685, 5.43028252e+12, 6.71535507e+09, 1.68819863e+13, 2.13381324, -98.1826068, -102.036857, 1.5e+15, 1.43904466e+21, -522918.518, 303127.592, 306.855101, 38.3622033, 65.8903779, 1.28078819, 1.28078819, 1.5e+15, 2.1047279, 0.0297257496, 0.0708601215, 2.27217912, -0.0217757014, -1.80547377, -1.98032686, 0.020234595, 1.08157631, 1.11389558, 0, 1.239123e-08, 1.239123e-08, 1290101.82, 1290101.82, 0, 0.27, 3.332, 0, -1.82724947, 1.1018109, 0, 1.49999995e+15, 2.34437917e-07, 4.76904609e-07, 2e+18, 2.43169955e+16
1.7379688, 0, 0, 1.5e+15, 0, 7.12208038e-21, 3.718e+18, 6.44e+20, 4.85, 4, 98.5791155, 39.5734663, 1.28078819, 590340.96, 2.53970838e+12, 6.1353011e+09, 1.62043626e+13, 1.99847666, -96.756246, -100.607266, 1.5e+15, 1.31115625e+21, -506889.1, 302598.479, 306.786206, 39.5734663, 66.1178092, 1.28078819, 1.28078819, 1.5e+15, 1.97189513, 0.0270862677, 0.0695502936, 2.13600647, -0.0198554708, -1.67763114, -1.84857521, 0.0184235224, 1.03630261, 1.07018292, 0, 1.23872796e-08, 1.23872796e-08, 1179457.61, 1179457.61, 0, 0.27, 3.332, 0, -1.69748661, 1.05472613, 0, 1.49999995e+15, 1.21618692e-07, 2.27548935e-07, 2e+18, 2.60606211e+16
1.7568523, 0, 0, 1.5e+15, 0, 7.06462977e-21, 3.718e+18, 6.44e+20, 4.85, 4, 98.0058649, 40.0836752, 1.28078819, 584715.401, 1.84455922e+12, 5.91042523e+09, 1.59271203e+13, 1.94723239, -96.1839311, -100.033604, 1.5e+15, 1.26558532e+21, -500646.29, 302033.852, 306.758898, 40.0836752, 66.1178092, 1.28078819, 1.28078819, 1.5e+15, 1.92155233, 0.0261443715, 0.0690852553, 2.08431204, -0.0191712955, -1.62998589, -1.79917549, 0.0177760882, 1.01747387, 1.05216453, 0, 1.2385714e-08, 1.2385714e-08, 1138859.23, 1138859.23, 0, 0.27, 3.332, 0, -1.64915718, 1.03524996, 0, 1.49999996e+15, 9.76740021e-08, 1.80562069e-07, 2e+18, 2.68041874e+16
1.8040625, 0, 0, 1.5e+15, 0, 6.92162128e-21, 3.718e+18, 6.44e+20, 4.85, 4, 96.5834353, 41.3854805, 1.28078819, 570542.237, 8.17084648e+11, 5.38542245e+09, 1.52668565e+13, 1.81955625, -94.7638322, -98.6101672, 1.5e+15, 1.14976274e+21, -484894.251, 300659.267, 306.69075, 41.3854805, 66.1178092, 1.28078819, 1.28078819, 1.5e+15, 1.79616452, 0.0237515997, 0.0679145929, 1.95551687, -0.0174323709, -1.51098282, -1.67583476, 0.0161322947, 0.971152621, 1.00778116, 0, 1.23818069e-08, 1.23818069e-08, 1037796.32, 1037796.32, 0, 0.27, 3.332, 0, -1.52841519, 0.987284916, 0, 1.49999996e+15, 4.7524599e-08, 8.13056136e-08, 2e+18, 2.87328456e+16
1.82294603, 0, 0, 1.5e+15, 0, 6.86638932e-21, 3.718e+18, 6.44e+20, 4.85, 4, 96.0150797, 41.9278713, 1.28078819, 564919.43, 5.80638684e+11, 5.18016226e+09, 1.49944038e+13, 1.77115397, -94.1964523, -98.0413802, 1.5e+15, 1.10827934e+21, -478825.737, 299739.65, 306.663756, 41.9278713, 66.5187433, 1.28078819, 1.28078819, 1.5e+15, 1.74859277, 0.0228901813, 0.0675013292, 1.90655562, -0.0168098104, -1.46677166, -1.62968893, 0.0155367304, 0.95182829, 0.989373776, 0, 1.23802595e-08, 1.23802595e-08, 1000800.9, 1000800.9, 0, 0.27, 3.332, 0, -1.48358147, 0.96736502, 0, 1.49999996e+15, 3.75800932e-08, 6.36116843e-08, 2e+18, 2.95351585e+16
1.8701563, 0, 0, 1.5e+15, 0, 6.72889453e-21, 3.718e+18, 6.44e+20, 4.85, 4, 94.6045903, 43.3156811, 1.28078819, 550749.983, 2.43082543e+11, 4.70336015e+09, 1.43475869e+13, 1.65060674, -92.7883871, -96.6298366, 1.5e+15, 1.00303156e+21, -463491.815, 297490.977, 306.596392, 43.3156811, 67.5127274, 1.28078819, 1.28078819, 1.5e+15, 1.63015045, 0.0207053078, 0.0664599193, 1.78461268, -0.0152305685, -1.35633123, -1.51446486, 0.0140263876, 0.904298572, 0.944053962, 0, 1.23763978e-08, 1.23763978e-08, 908745.97, 908745.97, 0, 0.27, 3.332, 0, -1.37156181, 0.91832496, 0, 1.49999996e+15, 1.71249476e-08, 2.69774814e-08, 2e+18, 3.162418e+16
1.8890398, 0, 0, 1.5e+15, 0, 6.67581305e-21, 3.718e+18, 6.44e+20, 4.85, 4, 94.0434848, 43.8883215, 1.28078819, 545149.801, 1.6872597e+11, 4.51187658e+09, 1.40721504e+13, 1.60428921, -92.2283288, -96.0682632, 1.5e+15, 9.64514337e+20, -457647.038, 296203.165, 306.569725, 43.8883215, 67.5127274, 1.28078819, 1.28078819, 1.5e+15, 1.58461106, 0.0199040717, 0.0660949562, 1.73762291, -0.0146521413, -1.31481634, -1.47082955, 0.0134716713, 0.884378857, 0.925114577, 0, 1.23748693e-08, 1.23748693e-08, 874798.004, 874798.004, 0, 0.27, 3.332, 0, -1.32946849, 0.897850528, 0, 1.49999997e+15, 1.33233151e-08, 2.07932692e-08, 2e+18, 3.24934923e+16
1.93625, 0, 0, 1.5e+15, 0, 6.54366314e-21, 3.718e+18, 6.44e+20, 4.85, 4, 92.6507515, 45.3579819, 1.28078819, 531035.448, 6.64682952e+10, 4.06971657e+09, 1.34217044e+13, 1.48905368, -90.8381934, -94.6743897, 1.5e+15, 8.6682044e+20, -442855.992, 293048.13, 306.503177, 45.3579819, 67.5127274, 1.28078819, 1.28078819, 1.5e+15, 1.47134745, 0.0178723114, 0.0651740598, 1.62070508, -0.0131854931, -1.21119779, -1.36196108, 0.0120649195, 0.835382093, 0.878491101, 0, 1.2371055e-08, 1.2371055e-08, 790412.256, 790412.256, 0, 0.27, 3.332, 0, -1.22438328, 0.847447012, 0, 1.49999997e+15, 5.66434287e-09, 8.27896796e-09, 2e+18, 3.47618405e+16
1.95513353, 0, 0, 1.5e+15, 0, 6.4926641e-21, 3.718e+18, 6.44e+20, 4.85, 4, 92.0994024, 45.9547743, 1.28078819, 525487.898, 4.50329455e+10, 3.89012194e+09, 1.31408854e+13, 1.4446272, -90.2879857, -94.1225259, 1.5e+15, 8.3092778e+20, -437293.202, 291385.393, 306.476851, 45.9547743, 68.2806194, 1.28078819, 1.28078819, 1.5e+15, 1.42765163, 0.0171252365, 0.0648544047, 1.57549727, -0.0126456141, -1.17228868, -1.3207568, 0.0115482116, 0.814772198, 0.858886055, 0, 1.23695462e-08, 1.23695462e-08, 759329.13, 759329.13, 0, 0.27, 3.332, 0, -1.18493429, 0.826320409, 0, 1.49999997e+15, 4.3322298e-09, 6.28233677e-09, 2e+18, 3.56802138e+16
2.0023438, 0, 0, 1.5e+15, 0, 6.36569042e-21, 3.718e+18, 6.44e+20, 4.85, 4, 90.7305772, 47.4920037, 1.28078819, 511503.008, 1.66585158e+10, 3.4782645e+09, 1.24806574e+13, 1.33411891, -88.9219899, -92.7524484, 1.5e+15, 7.39840447e+20, -423190.337, 287306.821, 306.411152, 47.4920037, 70.188535, 1.28078819, 1.28078819, 1.5e+15, 1.31899633, 0.0152295484, 0.0640464894, 1.46302804, -0.0112762475, -1.07516497, -1.21793765, 0.0102364733, 0.764049425, 0.810603973, 0, 1.2365781e-08, 1.2365781e-08, 682097.239, 682097.239, 0, 0.27, 3.332, 0, -1.08644122, 0.774285899, 0, 1.49999997e+15, 1.7104604e-09, 2.34508948e-09, 2e+18, 3.80836339e+16
2.0212273, 0, 0, 1.5e+15, 0, 6.31670665e-21, 3.718e+18, 6.44e+20, 4.85, 4, 90.1914404, 48.1070343, 1.28078819, 506037.246, 1.10077419e+10, 3.31036367e+09, 1.21900962e+13, 1.29129424, -88.3841091, -92.212733, 1.5e+15, 7.06548585e+20, -417955.582, 285278.165, 306.385179, 48.1070343, 70.188535, 1.28078819, 1.28078819, 1.5e+15, 1.27685214, 0.0145379159, 0.063769388, 1.41931248, -0.010774179, -1.03851612, -1.17885092, 0.0097604957, 0.742829208, 0.790371853, 0, 1.23642926e-08, 1.23642926e-08, 653627.56, 653627.56, 0, 0.27, 3.332, 0, -1.0492903, 0.752589704, 0, 1.49999997e+15, 1.28524342e-09, 1.7507425e-09, 2e+18, 3.9039465e+16
2.0684375, 0, 0, 1.5e+15, 0, 6.1947427e-21, 3.718e+18, 6.44e+20, 4.85, 4, 88.8525933, 49.6976147, 1.28078819, 492254.368, 3.8150462e+09, 2.9280449e+09, 1.15105988e+13, 1.18476769, -87.0483768, -90.8724796, 1.5e+15, 6.21903047e+20, -404658.018, 280296.467, 306.320358, 49.6976147, 70.188535, 1.28078819, 1.28078819, 1.5e+15, 1.17205444, 0.0127801309, 0.0630675688, 1.3105467, -0.0094984664, -0.947043187, -1.08131056, 0.00855048996, 0.690521926, 0.740472903, 0, 1.23605782e-08, 1.23605782e-08, 582913.594, 582913.594, 0, 0.27, 3.332, 0, -0.956541653, 0.699072416, 0, 1.49999998e+15, 4.70189299e-10, 6.12484831e-10, 2e+18, 4.15445545e+16
2.08732103, 0, 0, 1.5e+15, 0, 6.14770766e-21, 3.718e+18, 6.44e+20, 4.85, 4, 88.3280481, 50.3214514, 1.28078819, 486909.276, 2.46055213e+09, 2.77391916e+09, 1.12116363e+13, 1.1437658, -86.5252089, -90.3472828, 1.5e+15, 5.91604411e+20, -399793.04, 277930.344, 306.294748, 50.3214514, 71.3851287, 1.28078819, 1.28078819, 1.5e+15, 1.13167471, 0.0121506577, 0.0628303613, 1.26855068, -0.00904034023, -0.912801352, -1.0445383, 0.0081184956, 0.668928116, 0.719805443, 0, 1.23591109e-08, 1.23591109e-08, 557080.291, 557080.291, 0, 0.27, 3.332, 0, -0.921841692, 0.677046611, 0, 1.49999998e+15, 3.46994543e-10, 4.49619717e-10, 2e+18, 4.25038199e+16
2.1345313, 0, 0, 1.5e+15, 0, 6.03058848e-21, 3.718e+18, 6.44e+20, 4.85, 4, 87.0250431, 51.9419831, 1.28078819, 473425.29, 800141141, 2.42588224e+09, 1.05154221e+13, 1.04165562, -85.2256179, -89.0426927, 1.5e+15, 5.14479177e+20, -387408.721, 272113.427, 306.230835, 51.9419831, 74.3605049, 1.28078819, 1.28078819, 1.5e+15, 1.0311474, 0.0105488178, 0.0622280364, 1.16393658, -0.00787520138, -0.827251272, -0.952668786, 0.00701845842, 0.615564518, 0.668708108, 0, 1.23554489e-08, 1.23554489e-08, 492884.339, 492884.339, 0, 0.27, 3.332, 0, -0.835126473, 0.622582976, 0, 1.49999998e+15, 1.17904881e-10, 1.47866367e-10, 2e+18, 4.50227874e+16
2.1534148, 0, 0, 1.5e+15, 0, 5.98543688e-21, 3.718e+18, 6.44e+20, 4.85, 4, 86.5171793, 52.566791, 1.28078819, 468233.288, 503928965, 2.28578118e+09, 1.02067863e+13, 1.00248919, -84.7192741, -88.5340853, 1.5e+15, 4.87208748e+20, -382935.674, 269448.829, 306.2056, 52.566791, 74.3605049, 1.28078819, 1.28078819, 1.5e+15, 0.992541387, 0.00998383694, 0.0620280663, 1.12367359, -0.00746141543, -0.795215062, -0.918063207, 0.00663353244, 0.593941491, 0.647904361, 0, 1.23540032e-08, 1.23540032e-08, 469560.459, 469560.459, 0, 0.27, 3.332, 0, -0.802676478, 0.600575024, 0, 1.49999998e+15, 8.40813341e-11, 1.0665649e-10, 2e+18, 4.5967856e+16
2.200625, 0, 0, 1.5e+15, 0, 5.87300054e-21, 3.718e+18, 6.44e+20, 4.85, 4, 85.2552122, 54.1970002, 1.28078819, 455131.098, 153921059, 1.97208833e+09, 9.491979e+12, 0.904821993, -83.4610782, -87.2703084, 1.5e+15, 4.17613405e+20, -371526.704, 262891.201, 306.142622, 54.1970002, 74.3605049, 1.28078819, 1.28078819, 1.5e+15, 0.89630383, 0.00854241491, 0.0615186759, 1.02324108, -0.00640652897, -0.715127124, -0.831532687, 0.00565059628, 0.540326561, 0.596301617, 0, 1.23503952e-08, 1.23503952e-08, 411573.539, 411573.539, 0, 0.27, 3.332, 0, -0.721533654, 0.545977158, 0, 1.49999998e+15, 2.34848184e-11, 3.023084e-11, 2e+18, 4.84487719e+16
2.21950853, 0, 0, 1.5e+15, 0, 5.829668e-21, 3.718e+18, 6.44e+20, 4.85, 4, 84.7658841, 54.8116733, 1.28078819, 450130.936, 533477.623, 1.84813776e+09, 9.17845361e+12, 0.867918964, -82.9734132, -86.7801363, 1.5e+15, 3.9372829e+20, -367462.131, 259978.707, 306.117772, 54.8116733, 76.0191189, 1.28078819, 1.28078819, 1.5e+15, 0.859890913, 0.00804970121, 0.0613532379, 0.985150024, -0.00604261767, -0.685534947, -0.799395891, 0.00531828921, 0.519089534, 0.575740263, 0, 1.23489718e-08, 1.23489718e-08, 390819.761, 390819.761, 0, 0.27, 3.332, 0, -0.691577565, 0.524407823, 0, 1.49999999e+15, 1.57561036e-11, 1.94111379e-11, 2e+18, 4.93367401e+16
2.2667188, 0, 0, 1.5e+15, 0, 5.72175484e-21, 3.718e+18, 6.44e+20, 4.85, 4, 83.549547, 56.4224202, 1.28078819, 437508.902, 0, 1.57270763e+09, 8.45557535e+12, 0.775671731, -81.7612099, -85.5617402, 1.5e+15, 3.3256419e+20, -357077.007, 252803.106, 306.055753, 56.4224202, 80.143954, 1.28078819, 1.28078819, 1.5e+15, 0.768898378, 0.00678830042, 0.060930125, 0.889900701, -0.00511188695, -0.611426978, -0.718876406, 0.00446650136, 0.466219382, 0.524537704, 0, 1.23454192e-08, 1.23454192e-08, 339155.918, 339155.918, 0, 0.27, 3.332, 0, -0.616538864, 0.470685884, 0, 1.49999999e+15, 2.52983654e-12, 3.14833309e-12, 2e+18, 5.16674669e+16
2.2856023, 0, 0, 1.5e+15, 0, 5.68017837e-21, 3.718e+18, 6.44e+20, 4.85, 4, 83.0801864, 57.0198079, 1.28078819, 432731.325, 0, 1.46724789e+09, 8.14079766e+12, 0.74132839, -81.2936307, -85.0914208, 1.5e+15, 3.12416644e+20, -353413.963, 249705.466, 306.031298, 57.0198079, 80.143954, 1.28078819, 1.28078819, 1.5e+15, 0.734966476, 0.00637553071, 0.0607963467, 0.854286832, -0.00480351077, -0.584272724, -0.689265147, 0.00419209133, 0.445870667, 0.504693443, 0, 1.23440185e-08, 1.23440185e-08, 320919.437, 320919.437, 0, 0.27, 3.332, 0, -0.589076234, 0.450062759, 0, 1.49999999e+15, 1.58569345e-12, 1.65272733e-12, 2e+18, 5.24723267e+16
2.3328125, 0, 0, 1.5e+15, 0, 5.57663209e-21, 3.718e+18, 6.44e+20, 4.85, 4, 81.9130787, 58.5911991, 1.28078819, 420668.291, 0, 1.23394366e+09, 7.41898035e+12, 0.655247305, -80.1309675, -83.9219685, 1.5e+15, 2.60587282e+20, -344043.494, 242064.107, 305.970263, 58.5911991, 80.143954, 1.28078819, 1.28078819, 1.5e+15, 0.649943125, 0.00531441547, 0.0604524656, 0.764990439, -0.00401121921, -0.51616153, -0.614932014, 0.00348613426, 0.394970804, 0.45504809, 0, 1.23405227e-08, 1.23405227e-08, 275456.975, 275456.975, 0, 0.27, 3.332, 0, -0.520172749, 0.398456938, 0, 1.49999999e+15, 0, 0, 2e+18, 5.45772558e+16
2.35169603, 0, 0, 1.5e+15, 0, 5.53674963e-21, 3.718e+18, 6.44e+20, 4.85, 4, 81.4647018, 59.1635797, 1.28078819, 416139.405, 0, 1.14930407e+09, 7.10851985e+12, 0.623789786, -79.6844152, -83.4725059, 1.5e+15, 2.44488178e+20, -340767.574, 238840.759, 305.946212, 59.1635797, 82.233599, 1.28078819, 1.28078819, 1.5e+15, 0.618813695, 0.00498567027, 0.0603473974, 0.732193298, -0.00376395888, -0.491532867, -0.587988968, 0.00326948278, 0.375930251, 0.43631936, 0, 1.23391453e-08, 1.23391453e-08, 259678.126, 259678.126, 0, 0.27, 3.332, 0, -0.495296825, 0.379199733, 0, 1.49999999e+15, 0, 0, 2e+18, 5.52795475e+16
2.3989063, 0, 0, 1.5e+15, 0, 5.43741629e-21, 3.718e+18, 6.44e+20, 4.85, 4, 80.3493823, 60.6736241, 1.28078819, 404704.645, 0, 962145463, 6.40078914e+12, 0.544706396, -78.5736602, -82.3545245, 1.5e+15, 2.02954219e+20, -332383.593, 230880.78, 305.886183, 60.6736241, 87.4283962, 1.28078819, 1.28078819, 1.5e+15, 0.540575874, 0.00413845609, 0.0600754893, 0.649714027, -0.00312686904, -0.429639766, -0.520206183, 0.00271099771, 0.328070944, 0.389247496, 0, 1.23357076e-08, 1.23357076e-08, 220280.007, 220280.007, 0, 0.27, 3.332, 0, -0.432766634, 0.330781942, 0, 1.49999999e+15, 0, 0, 2e+18, 5.71069056e+16
2.4177898, 0, 0, 1.5e+15, 0, 5.39916708e-21, 3.718e+18, 6.44e+20, 4.85, 4, 79.922638, 61.215396, 1.28078819, 400114.382, 0, 896842645, 6.03954855e+12, 0.511744413, -78.1487199, -81.92629, 1.5e+15, 1.90531619e+20, -329346.887, 227183.517, 305.862543, 61.215396, 87.4283962, 1.28078819, 1.28078819, 1.5e+15, 0.507883102, 0.00386784733, 0.0599796317, 0.615316801, -0.00293581412, -0.404109885, -0.492536672, 0.00251790303, 0.307625758, 0.368812116, 0, 1.23343539e-08, 1.23343539e-08, 204869.936, 204869.936, 0, 0.27, 3.332, 0, -0.407045699, 0.31014366, 0, 1.49999999e+15, 0, 0, 2e+18, 5.78198045e+16
2.465, 0, 0, 1.5e+15, 0, 5.30389606e-21, 3.718e+18, 6.44e+20, 4.85, 4, 78.8607685, 62.6472815, 1.28078819, 388535.66, 0, 752070387, 5.235986e+12, 0.428694159, -77.0913697, -80.8607596, 1.5e+15, 1.58447289e+20, -321579.392, 218049.063, 305.80354, 62.6472815, 87.4283962, 1.28078819, 1.28078819, 1.5e+15, 0.425527297, 0.00317013805, 0.0597300928, 0.528640336, -0.00244296193, -0.339930642, -0.422889028, 0.00202032474, 0.25596775, 0.317214938, 0, 1.23309752e-08, 1.23309752e-08, 166377.301, 166377.301, 0, 0.27, 3.332, 0, -0.342373604, 0.257988075, 0, 1.49999999e+15, 0, 0, 2e+18, 5.96705137e+16
2.49075838, 0, 0, 1.5e+15, 0, 5.25424605e-21, 3.718e+18, 6.44e+20, 4.85, 4, 78.3157917, 63.3093737, 1.28078819, 383499.984, 0, 692593447, 4.87409796e+12, 0.398925108, -76.5484983, -80.313951, 1.5e+15, 1.47328911e+20, -318413.229, 213702.541, 305.771969, 63.3093737, 88.8893928, 1.28078819, 1.28078819, 1.5e+15, 0.395982581, 0.00294519933, 0.0596596392, 0.496916567, -0.0022715279, -0.315888179, -0.396353494, 0.00187465549, 0.238781956, 0.299701306, 0, 1.23291676e-08, 1.23291676e-08, 153095.047, 153095.047, 0, 0.27, 3.332, 0, -0.318159707, 0.240656611, 0, 1.49999999e+15, 0, 0, 2e+18, 6.01428463e+16
2.5551563, 0, 0, 1.5e+15, 0, 5.13057019e-21, 3.718e+18, 6.44e+20, 4.85, 4, 76.9590552, 65.0602744, 1.28078819, 370803.843, 0, 563643788, 4.08204621e+12, 0.323392315, -75.1970271, -78.9526798, 1.5e+15, 1.18664146e+20, -310330.71, 202950.492, 305.693169, 65.0602744, 92.5120409, 1.28078819, 1.28078819, 1.5e+15, 0.321027404, 0.00236624049, 0.0594744047, 0.416398362, -0.00183015337, -0.254973941, -0.329028336, 0.00149987753, 0.195053691, 0.255201539, 0, 1.2324656e-08, 1.2324656e-08, 119737.282, 119737.282, 0, 0.27, 3.332, 0, -0.256804095, 0.196553568, 0, 1.5e+15, 0, 0, 2e+18, 6.13571295e+16
2.58091465, 0, 0, 1.5e+15, 0, 5.08370281e-21, 3.718e+18, 6.44e+20, 4.85, 4, 76.4553457, 65.6489267, 1.28078819, 366062.788, 0, 511958750, 3.78243355e+12, 0.298971264, -74.6957862, -78.447017, 1.5e+15, 1.09178222e+20, -307531.761, 198504.012, 305.662394, 65.6489267, 94.1993775, 1.28078819, 1.28078819, 1.5e+15, 0.296799912, 0.00217268051, 0.0594181151, 0.390079762, -0.00168370455, -0.236376728, -0.308300475, 0.00137316689, 0.179462479, 0.238982642, 0, 1.23228943e-08, 1.23228943e-08, 109492.504, 109492.504, 0, 0.27, 3.332, 0, -0.238060432, 0.180835646, 0, 1.5e+15, 0, 0, 2e+18, 6.15750444e+16
2.6453125, 0, 0, 1.5e+15, 0, 4.96695147e-21, 3.718e+18, 6.44e+20, 4.85, 4, 75.200817, 67.201685, 1.28078819, 354120.783, 0, 402660932, 3.12932115e+12, 0.236691793, -73.4474216, -77.1876318, 1.5e+15, 8.47520642e+19, -300416.531, 187483.09, 305.585581, 67.201685, 98.3815151, 1.28078819, 1.28078819, 1.5e+15, 0.235018118, 0.00167501073, 0.0592685165, 0.322985321, -0.00130720166, -0.189129135, -0.255555351, 0.00104732262, 0.139509954, 0.197511813, 0, 1.2318497e-08, 1.2318497e-08, 83682.8508, 83682.8508, 0, 0.27, 3.332, 0, -0.190436336, 0.140557277, 0, 1.5e+15, 0, 0, 2e+18, 6.21297484e+16
2.67107088, 0, 0, 1.5e+15, 0, 4.92273481e-21, 3.718e+18, 6.44e+20, 4.85, 4, 74.7360478, 67.7257792, 1.28078819, 349946.694, 0, 365259627, 2.88830839e+12, 0.218295333, -72.9851555, -76.7208062, 1.5e+15, 7.79076683e+19, -298055.919, 183306.136, 305.555622, 67.7257792, 99.9395732, 1.28078819, 1.28078819, 1.5e+15, 0.216761436, 0.00153516671, 0.0592368497, 0.302778857, -0.00120142063, -0.174970354, -0.239597757, 0.000955627363, 0.127922169, 0.185115697, 0, 1.23167822e-08, 1.23167822e-08, 76399.5803, 76399.5803, 0, 0.27, 3.332, 0, -0.176171775, 0.128877796, 0, 1.5e+15, 0, 0, 2e+18, 6.21761071e+16
2.7354688, 0, 0, 1.5e+15, 0, 4.81258011e-21, 3.718e+18, 6.44e+20, 4.85, 4, 73.5781152, 69.1036772, 1.28078819, 339444.576, 0, 286334122, 2.3652755e+12, 0.171262661, -71.8334739, -75.5577478, 1.5e+15, 6.02725253e+19, -292084.551, 172938.431, 305.480846, 69.1036772, 103.793278, 1.28078819, 1.28078819, 1.5e+15, 0.170088363, 0.00117545449, 0.0591498038, 0.2511512, -0.000929336618, -0.138956942, -0.19893554, 0.000719740663, 0.0980847254, 0.153302173, 0, 1.23125022e-08, 1.23125022e-08, 58034.1964, 58034.1964, 0, 0.27, 3.332, 0, -0.139886278, 0.0988044661, 0, 1.5e+15, 0, 0, 2e+18, 6.2304983e+16
2.76122715, 0, 0, 1.5e+15, 0, 4.77089037e-21, 3.718e+18, 6.44e+20, 4.85, 4, 73.1497466, 69.5728227, 1.28078819, 335764.204, 0, 259277244, 2.1701902e+12, 0.157378772, -71.4076551, -75.1271665, 1.5e+15, 5.5334529e+19, -290071.515, 169030.392, 305.451724, 69.5728227, 105.095837, 1.28078819, 1.28078819, 1.5e+15, 0.156304869, 0.00107491309, 0.0591365117, 0.235572125, -0.000852987134, -0.128053769, -0.186506876, 0.000654031271, 0.0896093248, 0.143907606, 0, 1.23108356e-08, 1.23108356e-08, 52828.2951, 52828.2951, 0, 0.27, 3.332, 0, -0.128906756, 0.0902633562, 0, 1.5e+15, 0, 0, 2e+18, 6.2255693e+16
2.825625, 0, 0, 1.5e+15, 0, 4.66702452e-21, 3.718e+18, 6.44e+20, 4.85, 4, 72.0822261, 70.8020898, 1.28078819, 326513.542, 0, 202330471, 1.75113859e+12, 0.121882637, -70.3465053, -74.0541313, 1.5e+15, 4.26010785e+19, -285002.653, 159320.737, 305.379036, 70.8020898, 108.309401, 1.28078819, 1.28078819, 1.5e+15, 0.121067219, 0.000816157467, 0.059096145, 0.195770343, -0.000656466972, -0.100347552, -0.15485837, 0.000484937169, 0.0677304955, 0.119770243, 0, 1.23066757e-08, 1.23066757e-08, 39717.389, 39717.389, 0, 0.27, 3.332, 0, -0.10100402, 0.0682154327, 0, 1.5e+15, 0, 0, 2e+18, 6.21556543e+16
2.85138338, 0, 0, 1.5e+15, 0, 4.62774358e-21, 3.718e+18, 6.44e+20, 4.85, 4, 71.6879379, 71.2197876, 1.28078819, 323273.029, 0, 182757599, 1.59972587e+12, 0.111682313, -69.9548324, -73.6575159, 1.5e+15, 3.90400738e+19, -283277.049, 155675.879, 305.350772, 71.2197876, 109.291032, 1.28078819, 1.28078819, 1.5e+15, 0.110938505, 0.000744429168, 0.0590963051, 0.184002809, -0.000601397897, -0.0922322481, -0.14545364, 0.000438661955, 0.0616305228, 0.112695219, 0, 1.23050583e-08, 1.23050583e-08, 36077.1973, 36077.1973, 0, 0.27, 3.332, 0, -0.0928336465, 0.0620691848, 0, 1.5e+15, 0, 0, 2e+18, 6.20257487e+16
2.9157813, 0, 0, 1.5e+15, 0, 4.52987298e-21, 3.718e+18, 6.44e+20, 4.85, 4, 70.7051201, 72.3108451, 1.28078819, 315134.145, 0, 141703946, 1.27630748e+12, 0.0855708533, -68.9785547, -72.6688855, 1.5e+15, 2.98482442e+19, -278949.335, 146613.107, 305.280221, 72.3108451, 111.705989, 1.28078819, 1.28078819, 1.5e+15, 0.0850115679, 0.000559688088, 0.0590900993, 0.153913484, -0.000459528268, -0.0715823125, -0.121473113, 0.000319506602, 0.0458565365, 0.094517948, 0, 1.23010214e-08, 1.23010214e-08, 26908.8314, 26908.8314, 0, 0.27, 3.332, 0, -0.0720418408, 0.0461760431, 0, 1.5e+15, 0, 0, 2e+18, 6.17357728e+16
2.94153965, 0, 0, 1.5e+15, 0, 4.49288762e-21, 3.718e+18, 6.44e+20, 4.85, 4, 70.3424887, 72.6858034, 1.28078819, 312281.138, 0, 127588798, 1.15903297e+12, 0.0781195937, -68.6186225, -72.3037702, 1.5e+15, 2.72887609e+19, -277454.808, 143229.973, 305.252832, 72.6858034, 112.367494, 1.28078819, 1.28078819, 1.5e+15, 0.0776106501, 0.000509266996, 0.0590997522, 0.14503489, -0.0004199358, -0.0655283621, -0.114322055, 0.000288046056, 0.0415738151, 0.089249007, 0, 1.22994543e-08, 1.22994543e-08, 24367.3244, 24367.3244, 0, 0.27, 3.332, 0, -0.0659482979, 0.0418618611, 0, 1.5e+15, 0, 0, 2e+18, 6.15614559e+16
3.0059375, 0, 0, 1.5e+15, 0, 4.40073118e-21, 3.718e+18, 6.44e+20, 4.85, 4, 69.438422, 73.6619615, 1.28078819, 305120.365, 0, 98079369.5, 9.11096437e+11, 0.0590534007, -67.7213231, -71.3935006, 1.5e+15, 2.06692778e+19, -273720.541, 134811.795, 305.184465, 73.6619615, 113.992199, 1.28078819, 1.28078819, 1.5e+15, 0.0586743601, 0.000379227513, 0.0591176482, 0.122346245, -0.000317742626, -0.0501358146, -0.0961002441, 0.0002070099, 0.0304798988, 0.0757188243, 0, 1.22955428e-08, 1.22955428e-08, 17975.4865, 17975.4865, 0, 0.27, 3.332, 0, -0.0504535572, 0.0306869087, 0, 1.5e+15, 0, 0, 2e+18, 6.11649333e+16
3.03169588, 0, 0, 1.5e+15, 0, 4.36593393e-21, 3.718e+18, 6.44e+20, 4.85, 4, 69.105146, 73.9992402, 1.28078819, 302608.051, 0, 88360584.9, 8.24268735e+11, 0.0537792583, -67.3907314, -71.0576415, 1.5e+15, 1.8903889e+19, -272414.545, 131681.446, 305.157967, 73.9992402, 114.4007, 1.28078819, 1.28078819, 1.5e+15, 0.053434222, 0.000345183885, 0.0591337041, 0.115776384, -0.000290456981, -0.0457888031, -0.0908192035, 0.000186461767, 0.0275320572, 0.071804322, 0, 1.22940269e-08, 1.22940269e-08, 16247.8915, 16247.8915, 0, 0.27, 3.332, 0, -0.0460792601, 0.0277185189, 0, 1.5e+15, 0, 0, 2e+18, 6.09590166e+16
3.0960938, 0, 0, 1.5e+15, 0, 4.27922462e-21, 3.718e+18, 6.44e+20, 4.85, 4, 68.2741445, 74.8745013, 1.28078819, 296306.716, 0, 68003169.9, 6.41604423e+11, 0.0402744967, -66.5664671, -70.2201783, 1.5e+15, 1.43387379e+19, -269162.314, 123887.689, 305.091826, 74.8745013, 115.402955, 1.28078819, 1.28078819, 1.5e+15, 0.0400171574, 0.000257425197, 0.0591678398, 0.0989876985, -0.000220040379, -0.0347245282, -0.0773507742, 0.000133603711, 0.0198885194, 0.0617690163, 0, 1.22902432e-08, 1.22902432e-08, 11904.2469, 11904.2469, 0, 0.27, 3.332, 0, -0.0349445685, 0.0200221231, 0, 1.5e+15, 0, 0, 2e+18, 6.04856802e+16
3.12185215, 0, 0, 1.5e+15, 0, 4.24651349e-21, 3.718e+18, 6.44e+20, 4.85, 4, 67.967967, 75.1809076, 1.28078819, 294089.443, 0, 61375054.9, 5.75698348e+11, 0.0364902101, -66.2629271, -69.9112011, 1.5e+15, 1.31304234e+19, -268008.604, 120995.337, 305.066236, 75.1809076, 115.639168, 1.28078819, 1.28078819, 1.5e+15, 0.0362556809, 0.000234586152, 0.0591879415, 0.0940402647, -0.00020140287, -0.0315282289, -0.0733511152, 0.000120236437, 0.0178951121, 0.058846869, 0, 1.22887794e-08, 1.22887794e-08, 10710.2249, 10710.2249, 0, 0.27, 3.332, 0, -0.0317296318, 0.0180153486, 0, 1.5e+15, 0, 0, 2e+18, 6.02707107e+16
3.18625, 0, 0, 1.5e+15, 0, 4.16499801e-21, 3.718e+18, 6.44e+20, 4.85, 4, 67.2044565, 75.9735286, 1.28078819, 288532.332, 0, 47460470.2, 4.39182931e+11, 0.0268205061, -65.5060297, -69.1406991, 1.5e+15, 1.0012735e+19, -265144.373, 113790.747, 305.002359, 75.9735286, 116.218636, 1.28078819, 1.28078819, 1.5e+15, 0.0266446817, 0.000175840129, 0.0592323148, 0.0814240749, -0.000153412326, -0.0234103, -0.0631707105, 8.59325661e-05, 0.0127234312, 0.0513743843, 0, 1.22851257e-08, 1.22851257e-08, 7716.81111, 7716.81111, 0, 0.27, 3.332, 0, -0.0235637123, 0.0128093638, 0, 1.5e+15, 0, 0, 2e+18, 5.97736411e+16
3.21200838, 0, 0, 1.5e+15, 0, 4.13427695e-21, 3.718e+18, 6.44e+20, 4.85, 4, 66.9233386, 76.252134, 1.28078819, 286573.216, 0, 42749346.2, 3.92938331e+11, 0.0242503513, -65.2276022, -68.8567058, 1.5e+15, 9.1547097e+18, -264118.018, 111120.053, 304.977692, 76.252134, 116.35017, 1.28078819, 1.28078819, 1.5e+15, 0.0240903731, 0.00015998534, 0.0592546709, 0.0777968916, -0.000140211208, -0.0212199001, -0.0602874162, 7.70044662e-05, 0.0113991162, 0.0491699787, 0, 1.2283715e-08, 1.2283715e-08, 6932.30417, 6932.30417, 0, 0.27, 3.332, 0, -0.0213601112, 0.0114761207, 0, 1.5e+15, 0, 0, 2e+18, 5.95502547e+16
3.2764063, 0, 0, 1.5e+15, 0, 4.05771664e-21, 3.718e+18, 6.44e+20, 4.85, 4, 66.2222588, 76.9707562, 1.28078819, 281666.923, 0, 32911777.6, 2.97400115e+11, 0.0176739418, -64.533253, -68.1484263, 1.5e+15, 6.94724399e+18, -261576.738, 104465.083, 304.916119, 76.9707562, 116.672846, 1.28078819, 1.28078819, 1.5e+15, 0.0175546401, 0.00011930283, 0.0593047227, 0.0685498362, -0.000106320919, -0.0156447148, -0.0529374851, 5.41204749e-05, 0.00796262322, 0.0435509967, 0, 1.22801935e-08, 1.22801935e-08, 4964.4039, 4964.4039, 0, 0.27, 3.332, 0, -0.0157510358, 0.0080167437, 0, 1.5e+15, 0, 0, 2e+18, 5.90310412e+16
3.30216465, 0, 0, 1.5e+15, 0, 4.02889498e-21, 3.718e+18, 6.44e+20, 4.85, 4, 65.9642434, 77.2266726, 1.28078819, 279931.102, 0, 29342428.4, 2.64879422e+11, 0.015936103, -64.2781979, -67.8874161, 1.5e+15, 6.30414482e+18, -260654.454, 102001.9, 304.89239, 77.2266726, 116.744089, 1.28078819, 1.28078819, 1.5e+15, 0.0158282781, 0.000107825317, 0.0593279221, 0.0658582723, -9.6434449e-05, -0.0141365851, -0.0508244435, 4.82126618e-05, 0.00711647735, 0.0418824907, 0, 1.22788365e-08, 1.22788365e-08, 4449.09963, 4449.09963, 0, 0.27, 3.332, 0, -0.0142330196, 0.00716469002, 0, 1.5e+15, 0, 0, 2e+18, 5.8810398e+16
3.3665625, 0, 0, 1.5e+15, 0, 3.95706461e-21, 3.718e+18, 6.44e+20, 4.85, 4, 65.3207463, 77.8849647, 1.28078819, 275587.567, 0, 22007706.6, 1.98237899e+11, 0.011495256, -63.642119, -67.2364236, 1.5e+15, 4.64790051e+18, -258376.136, 95861.7888, 304.833156, 77.8849647, 116.918939, 1.28078819, 1.28078819, 1.5e+15, 0.0114169145, 7.83458563e-05, 0.0593800728, 0.0590111531, -7.10280397e-05, -0.0103030498, -0.0454455105, 3.30619116e-05, 0.00491845067, 0.0376431867, 0, 1.22754492e-08, 1.22754492e-08, 3159.10272, 3159.10272, 0, 0.27, 3.332, 0, -0.0103740779, 0.00495151258, 0, 1.5e+15, 0, 0, 2e+18, 5.82952737e+16
3.39232088, 0, 0, 1.5e+15, 0, 3.93005742e-21, 3.718e+18, 6.44e+20, 4.85, 4, 65.0840462, 78.120944, 1.28078819, 274045.073, 0, 19531736.5, 1.76570315e+11, 0.0103658446, -63.4084996, -66.9967298, 1.5e+15, 4.20350149e+18, -257541.017, 93588.7805, 304.810378, 78.120944, 116.956996, 1.28078819, 1.28078819, 1.5e+15, 0.010295224, 7.06249742e-05, 0.0594030961, 0.0570143338, -6.42032675e-05, -0.00931247939, -0.0439241501, 2.94135693e-05, 0.00438699255, 0.0363496673, 0, 1.22741467e-08, 1.22741467e-08, 2832.63731, 2832.63731, 0, 0.27, 3.332, 0, -0.00937668271, 0.00441640612, 0, 1.5e+15, 0, 0, 2e+18, 5.80814551e+16
3.4567188, 0, 0, 1.5e+15, 0, 3.8627459e-21, 3.718e+18, 6.44e+20, 4.85, 4, 64.4936898, 78.7265402, 1.28078819, 270188.469, 0, 14476309.2, 1.32098472e+11, 0.00747914519, -62.8258752, -66.3988678, 1.5e+15, 3.05864979e+18, -255481.867, 87921.181, 304.753516, 78.7265402, 117.050424, 1.28078819, 1.28078819, 1.5e+15, 0.00742835782, 5.07906331e-05, 0.0594547536, 0.0519438912, -4.66598849e-05, -0.006792609, -0.0400513184, 2.00634822e-05, 0.00300668875, 0.0330764172, 0, 1.22708955e-08, 1.22708955e-08, 2015.70371, 2015.70371, 0, 0.27, 3.332, 0, -0.00683926888, 0.00302675223, 0, 1.5e+15, 0, 0, 2e+18, 5.75806928e+16
3.48247715, 0, 0, 1.5e+15, 0, 3.83747338e-21, 3.718e+18, 6.44e+20, 4.85, 4, 64.2766632, 78.9458102, 1.28078819, 268812.318, 0, 12894458, 1.16456958e+11, 0.00670166188, -62.6118343, -66.1785771, 1.5e+15, 2.77304773e+18, -254719.926, 85819.6883, 304.731702, 78.9458102, 117.070561, 1.28078819, 1.28078819, 1.5e+15, 0.00665575559, 4.59103549e-05, 0.059476893, 0.0503829371, -4.22829217e-05, -0.00609431016, -0.0388829537, 1.78782693e-05, 0.00267450789, 0.0320399145, 0, 1.22696483e-08, 1.22696483e-08, 1796.287, 1796.287, 0, 0.27, 3.332, 0, -0.00613659308, 0.00269238616, 0, 1.5e+15, 0, 0, 2e+18, 5.73792909e+16
3.546875, 0, 0, 1.5e+15, 0, 3.77448247e-21, 3.718e+18, 6.44e+20, 4.85, 4, 63.735369, 79.5073626, 1.28078819, 265374.486, 0, 9646273.95, 8.50008336e+10, 0.00472290201, -62.0780297, -65.629128, 1.5e+15, 2.03883354e+18, -252844.012, 80578.7137, 304.677248, 79.5073626, 117.120012, 1.28078819, 1.28078819, 1.5e+15, 0.00468950885, 3.33999628e-05, 0.0595262577, 0.0464338184, -3.10554549e-05, -0.0043250696, -0.035918213, 1.2292933e-05, 0.00181245567, 0.0294274124, 0, 1.22665349e-08, 1.22665349e-08, 1249.81355, 1249.81355, 0, 0.27, 3.332, 0, -0.00435612506, 0.0018247486, 0, 1.5e+15, 0, 0, 2e+18, 5.69066585e+16
3.57263338, 0, 0, 1.5e+15, 0, 3.75087026e-21, 3.718e+18, 6.44e+20, 4.85, 4, 63.5365631, 79.711142, 1.28078819, 264143.743, 0, 8606750.85, 7.50211667e+10, 0.00423417428, -61.8821662, -65.4270875, 1.5e+15, 1.85049467e+18, -252146.113, 78631.6835, 304.656411, 79.711142, 117.130618, 1.28078819, 1.28078819, 1.5e+15, 0.00420396364, 3.02182069e-05, 0.0595470124, 0.0452265581, -2.81787554e-05, -0.00388484518, -0.0350603508, 1.09038743e-05, 0.00160551571, 0.0285692607, 0, 1.22653436e-08, 1.22653436e-08, 1114.83225, 1114.83225, 0, 0.27, 3.332, 0, -0.00391302394, 0.00161641958, 0, 1.5e+15, 0, 0, 2e+18, 5.67161515e+16
3.6370313, 0, 0, 1.5e+15, 0, 3.69201502e-21, 3.718e+18, 6.44e+20, 4.85, 4, 63.0407125, 80.2321358, 1.28078819, 261071.584, 0, 6473465.51, 5.48531623e+10, 0.00298766328, -61.3936657, -64.9231269, 1.5e+15, 1.36854823e+18, -250429.802, 73775.1892, 304.604395, 80.2321358, 117.156666, 1.28078819, 1.28078819, 1.5e+15, 0.00296557655, 2.20962255e-05, 0.0595928146, 0.0421766791, -2.08342818e-05, -0.0027661691, -0.0328813614, 7.36042552e-06, 0.00106904022, 0.0264136543, 0, 1.226237e-08, 1.226237e-08, 778.098887, 778.098887, 0, 0.27, 3.332, 0, -0.00278700338, 0.00107640064, 0, 1.5e+15, 0, 0, 2e+18, 5.62681616e+16
3.66278965, 0, 0, 1.5e+15, 0, 3.66999343e-21, 3.718e+18, 6.44e+20, 4.85, 4, 62.8587954, 80.4226678, 1.28078819, 259967.269, 0, 5661444.73, 4.8222014e+10, 0.00267209257, -61.2152171, -64.7378708, 1.5e+15, 1.22464434e+18, -249787.114, 71968.0475, 304.584546, 80.4226678, 117.162209, 1.28078819, 1.28078819, 1.5e+15, 0.00265237801, 1.97244032e-05, 0.059611797, 0.0412067736, -1.86379553e-05, -0.00247761662, -0.0322186407, 6.4510114e-06, 0.000946283792, 0.0256891313, 0, 1.22612355e-08, 1.22612355e-08, 692.527105, 692.527105, 0, 0.27, 3.332, 0, -0.00249625458, 0.000952734804, 0, 1.5e+15, 0, 0, 2e+18, 5.60903193e+16
3.7271875, 0, 0, 1.5e+15, 0, 3.61510072e-21, 3.718e+18, 6.44e+20, 4.85, 4, 62.4050756, 80.9090292, 1.28078819, 257212.877, 0, 4048974.26, 3.49270594e+10, 0.00186931315, -60.7701722, -64.2757918, 1.5e+15, 8.55945634e+17, -248207.978, 67459.8522, 304.534997, 80.9090292, 117.175826, 1.28078819, 1.28078819, 1.5e+15, 0.00185566056, 1.36625503e-05, 0.0596530591, 0.0387632248, -1.30239216e-05, -0.00174622704, -0.0305388417, 4.12828506e-06, 0.000627798703, 0.023873852, 0, 1.22584032e-08, 1.22584032e-08, 479.700213, 479.700213, 0, 0.27, 3.332, 0, -0.00175925096, 0.000631926987, 0, 1.5e+15, 0, 0, 2e+18, 5.56712834e+16
3.75294588, 0, 0, 1.5e+15, 0, 3.59460511e-21, 3.718e+18, 6.44e+20, 4.85, 4, 62.2388557, 81.0871723, 1.28078819, 256219.789, 0, 3486416.49, 3.07878805e+10, 0.00167484189, -60.60783, -64.1063033, 1.5e+15, 7.57890328e+17, -247614.49, 65778.7508, 304.516149, 81.0871723, 117.178705, 1.28078819, 1.28078819, 1.5e+15, 0.00166277293, 1.20777256e-05, 0.059669998, 0.0379705448, -1.15277424e-05, -0.00156726391, -0.0300239308, 3.60174116e-06, 0.000554958029, 0.023243906, 0, 1.22573258e-08, 1.22573258e-08, 427.833932, 427.833932, 0, 0.27, 3.332, 0, -0.00157879165, 0.00055855977, 0, 1.5e+15, 0, 0, 2e+18, 5.55061055e+16
3.8173438, 0, 0, 1.5e+15, 0, 3.54351419e-21, 3.718e+18, 6.44e+20, 4.85, 4, 61.8242963, 81.5413645, 1.28078819, 253744.621, 0, 2395848.15, 2.24392859e+10, 0.00118005697, -60.2029952, -63.6835468, 1.5e+15, 5.06198444e+17, -246157.081, 61584.5735, 304.469097, 81.5413645, 117.185778, 1.28078819, 1.28078819, 1.5e+15, 0.001172041, 8.02025886e-06, 0.0597060362, 0.0359772706, -7.69648625e-06, -0.00111335705, -0.0287195373, 2.25580307e-06, 0.000366200988, 0.0216690405, 0, 1.22546365e-08, 1.22546365e-08, 298.86489, 298.86489, 0, 0.27, 3.332, 0, -0.00112105354, 0.000368456792, 0, 1.5e+15, 0, 0, 2e+18, 5.51162208e+16
3.84310215, 0, 0, 1.5e+15, 0, 3.5244843e-21, 3.718e+18, 6.44e+20, 4.85, 4, 61.6726929, 81.7085578, 1.28078819, 252849.208, 0, 2082092.55, 1.94161452e+10, 0.00104490353, -60.0550283, -63.5281868, 1.5e+15, 4.50855999e+17, -245607.319, 60016.657, 304.45126, 81.7085578, 117.18726, 1.28078819, 1.28078819, 1.5e+15, 0.00103777216, 7.13539222e-06, 0.0597207374, 0.0352974215, -6.85271283e-06, -0.000986348204, -0.0282898436, 1.98814673e-06, 0.000322531526, 0.0211077106, 0, 1.22536171e-08, 1.22536171e-08, 263.407754, 263.407754, 0, 0.27, 3.332, 0, -0.00099320092, 0.000324519673, 0, 1.5e+15, 0, 0, 2e+18, 5.49639272e+16
3.9075, 0, 0, 1.5e+15, 0, 3.4770454e-21, 3.718e+18, 6.44e+20, 4.85, 4, 61.2946026, 82.1343492, 1.28078819, 250619.099, 0, 1463195.4, 1.35310566e+10, 0.000702929948, -59.6860778, -63.140722, 1.5e+15, 3.08794164e+17, -244257.847, 56104.6464, 304.406731, 82.1343492, 117.190899, 1.28078819, 1.28078819, 1.5e+15, 0.000698062448, 4.870229e-06, 0.0597510633, 0.0335917319, -4.69196703e-06, -0.000665871172, -0.0272039619, 1.30559398e-06, 0.000209530382, 0.0197064677, 0, 1.22510722e-08, 1.22510722e-08, 175.748255, 175.748255, 0, 0.27, 3.332, 0, -0.000670563139, 0.000210835975, 0, 1.5e+15, 0, 0, 2e+18, 5.46039292e+16
3.93325838, 0, 0, 1.5e+15, 0, 3.45942563e-21, 3.718e+18, 6.44e+20, 4.85, 4, 61.1566546, 82.2907927, 1.28078819, 249811.229, 0, 1309817.16, 1.17850759e+10, 0.000624974994, -59.5509904, -62.9991885, 1.5e+15, 2.80760149e+17, -243748.612, 54638.8256, 304.389915, 82.2907927, 117.191654, 1.28078819, 1.28078819, 1.5e+15, 0.000620556953, 4.42069614e-06, 0.0597633736, 0.0330147881, -4.26639944e-06, -0.000592790188, -0.0268582513, 1.15633719e-06, 0.000183357762, 0.0191972237, 0, 1.22501113e-08, 1.22501113e-08, 155.600255, 155.600255, 0, 0.27, 3.332, 0, -0.000597056587, 0.000184514098, 0, 1.5e+15, 0, 0, 2e+18, 5.44633135e+16
3.9976563, 0, 0, 1.5e+15, 0, 3.41550043e-21, 3.718e+18, 6.44e+20, 4.85, 4, 60.8126346, 82.6888782, 1.28078819, 247800.439, 0, 993464.143, 8.33331667e+09, 0.000426863078, -59.2141117, -62.6461734, 1.5e+15, 2.0935652e+17, -242498.862, 50981.4185, 304.347936, 82.6888782, 117.193507, 1.28078819, 1.28078819, 1.5e+15, 0.00042358675, 3.27860924e-06, 0.0597876037, 0.0315683602, -3.18513164e-06, -0.00040747308, -0.0259840926, 7.77312571e-07, 0.000115715433, 0.0179272133, 0, 1.22477123e-08, 1.22477123e-08, 105.587246, 105.587246, 0, 0.27, 3.332, 0, -0.000410658212, 0.000116492746, 0, 1.5e+15, 0, 0, 2e+18, 5.4130367e+16
4.02341465, 0, 0, 1.5e+15, 0, 3.39923914e-21, 3.718e+18, 6.44e+20, 4.85, 4, 60.6874626, 82.8356247, 1.28078819, 247070.573, 0, 864996.147, 7.2225323e+09, 0.000378362657, -59.0925294, -62.5172864, 1.5e+15, 1.86595959e+17, -242026.539, 49608.0079, 304.332151, 82.8356247, 117.193886, 1.28078819, 1.28078819, 1.5e+15, 0.000375445651, 2.91930978e-06, 0.0597973867, 0.0310649477, -2.83990573e-06, -0.000361483314, -0.0256918806, 6.75348964e-07, 0.000101361146, 0.0174605255, 0, 1.22468103e-08, 1.22468103e-08, 93.2002293, 93.2002293, 0, 0.27, 3.332, 0, -0.00036432322, 0.000102036495, 0, 1.5e+15, 0, 0, 2e+18, 5.40011224e+16
4.0878125, 0, 0, 1.5e+15, 0, 3.3586993e-21, 3.718e+18, 6.44e+20, 4.85, 4, 60.3753223, 83.2087119, 1.28078819, 245255.108, 0, 612094.928, 5.04884729e+09, 0.000255546183, -58.7893541, -62.1958478, 1.5e+15, 1.28570832e+17, -240867.524, 46181.1034, 304.292745, 83.2087119, 117.194815, 1.28078819, 1.28078819, 1.5e+15, 0.000253542712, 2.0056799e-06, 0.0598151806, 0.029804526, -1.96204075e-06, -0.000245277758, -0.0249540429, 4.1611044e-07, 6.42053737e-05, 0.016297324, 0, 1.22445586e-08, 1.22445586e-08, 62.5701844, 62.5701844, 0, 0.27, 3.332, 0, -0.000247239799, 6.46214841e-05, 0, 1.5e+15, 0, 0, 2e+18, 5.36946129e+16
4.11357088, 0, 0, 1.5e+15, 0, 3.34374918e-21, 3.718e+18, 6.44e+20, 4.85, 4, 60.2621387, 83.3457675, 1.28078819, 244596.109, 0, 514756.931, 4.39986092e+09, 0.000227295378, -58.6806718, -62.0790914, 1.5e+15, 1.1197128e+17, -240430.132, 44891.3968, 304.278, 83.3457675, 117.195002, 1.28078819, 1.28078819, 1.5e+15, 0.000225550284, 1.74701052e-06, 0.059822323, 0.0293617646, -1.7102545e-06, -0.000218431136, -0.0247052463, 3.56221925e-07, 5.61542607e-05, 0.0158639306, 0, 1.22437161e-08, 1.22437161e-08, 55.4350757, 55.4350757, 0, 0.27, 3.332, 0, -0.000220141391, 5.65104826e-05, 0, 1.5e+15, 0, 0, 2e+18, 5.35762735e+16
4.1779688, 0, 0, 1.5e+15, 0, 3.30647699e-21, 3.718e+18, 6.44e+20, 4.85, 4, 59.9799103, 83.6940322, 1.28078819, 242957.798, 0, 333653.051, 3.11618011e+09, 0.000155723836, -58.409713, -61.7879048, 1.5e+15, 6.95564748e+16, -239356.747, 41673.3453, 304.241192, 83.6940322, 117.195461, 1.28078819, 1.28078819, 1.5e+15, 0.000154636978, 1.08782831e-06, 0.0598333979, 0.0282540155, -1.06858672e-06, -0.000150541339, -0.0240772943, 2.0369789e-07, 3.53521174e-05, 0.0147841478, 0, 1.22416129e-08, 1.22416129e-08, 37.7874498, 37.7874498, 0, 0.27, 3.332, 0, -0.000151609926, 3.55558153e-05, 0, 1.5e+15, 0, 0, 2e+18, 5.32951796e+16
4.20372715, 0, 0, 1.5e+15, 0, 3.29279441e-21, 3.718e+18, 6.44e+20, 4.85, 4, 59.877994, 83.8221288, 1.28078819, 242362.905, 0, 279427.071, 2.62424893e+09, 0.000135555782, -58.3124086, -61.6815172, 1.5e+15, 6.03431129e+16, -238951.979, 40459.4752, 304.227497, 83.8221288, 117.195551, 1.28078819, 1.28078819, 1.5e+15, 0.00013461119, 9.45438261e-07, 0.0598377975, 0.0278573234, -9.28761175e-07, -0.000131053774, -0.023857991, 1.7679396e-07, 3.07380827e-05, 0.0143777325, 0, 1.22408305e-08, 1.22408305e-08, 32.7537582, 32.7537582, 0, 0.27, 3.332, 0, -0.000131982535, 3.09148766e-05, 0, 1.5e+15, 0, 0, 2e+18, 5.31871822e+16
4.268125, 0, 0, 1.5e+15, 0, 3.25868143e-21, 3.718e+18, 6.44e+20, 4.85, 4, 59.6238805, 84.1474339, 1.28078819, 240884.754, 0, 178882.907, 1.70998594e+09, 8.47702205e-05, -58.0698937, -61.4162576, 1.5e+15, 3.67456716e+16, -237958.538, 37430.7427, 304.193306, 84.1474339, 117.195771, 1.28078819, 1.28078819, 1.5e+15, 8.41888776e-05, 5.81768844e-07, 0.0598418983, 0.0268656022, -5.71593786e-07, -8.20546182e-05, -0.0233050565, 1.08330649e-07, 1.88355165e-05, 0.0133653681, 0, 1.2238877e-08, 1.2238877e-08, 20.3806493, 20.3806493, 0, 0.27, 3.332, 0, -8.26262119e-05, 1.89438472e-05, 0, 1.5e+15, 0, 0, 2e+18, 5.29302659e+16
4.29388338, 0, 0, 1.5e+15, 0, 3.24622679e-21, 3.718e+18, 6.44e+20, 4.85, 4, 59.5325843, 84.2662566, 1.28078819, 240349.351, 0, 162015.926, 1.46711469e+09, 7.46663888e-05, -57.9811581, -61.320977, 1.5e+15, 3.361122e+16, -237585.611, 36285.8637, 304.180668, 84.2662566, 117.195814, 1.28078819, 1.28078819, 1.5e+15, 7.41337724e-05, 5.32994931e-07, 0.0598434554, 0.0265141275, -5.2419031e-07, -7.23334593e-05, -0.0231162897, 9.63157443e-08, 1.62070471e-05, 0.0129814383, 0, 1.2238155e-08, 1.2238155e-08, 17.8851383, 17.8851383, 0, 0.27, 3.332, 0, -7.28576496e-05, 1.63033629e-05, 0, 1.5e+15, 0, 0, 2e+18, 5.28320921e+16
4.3582813, 0, 0, 1.5e+15, 0, 3.21517446e-21, 3.718e+18, 6.44e+20, 4.85, 4, 59.3049674, 84.5679245, 1.28078819, 239019.558, 0, 126510.579, 998647247, 4.90501079e-05, -57.7599371, -61.0833551, 1.5e+15, 2.56516885e+16, -236670.053, 33429.3973, 304.149115, 84.5679245, 117.195916, 1.28078819, 1.28078819, 1.5e+15, 4.86408538e-05, 4.09483337e-07, 0.0598403327, 0.0256356776, -4.04143904e-07, -4.77170897e-05, -0.0226402649, 6.59113557e-08, 9.43410299e-06, 0.012025176, 0, 1.22363524e-08, 1.22363524e-08, 11.7106897, 11.7106897, 0, 0.27, 3.332, 0, -4.81212336e-05, 9.50001434e-06, 0, 1.5e+15, 0, 0, 2e+18, 5.25981748e+16
4.38403965, 0, 0, 1.5e+15, 0, 3.20391152e-21, 3.718e+18, 6.44e+20, 4.85, 4, 59.223695, 84.678023, 1.28078819, 238538.849, 0, 111307.811, 851344475, 4.30307908e-05, -57.6819874, -60.9979293, 1.5e+15, 2.29178542e+16, -236327.493, 32347.263, 304.137541, 84.678023, 117.195936, 1.28078819, 1.28078819, 1.5e+15, 4.26636763e-05, 3.67345442e-07, 0.0598389451, 0.0253218831, -3.62841151e-07, -4.18751035e-05, -0.0224744996, 5.722233e-08, 8.15656343e-06, 0.0116605242, 0, 1.22356912e-08, 1.22356912e-08, 10.2349869, 10.2349869, 0, 0.27, 3.332, 0, -4.22379446e-05, 8.21378576e-06, 0, 1.5e+15, 0, 0, 2e+18, 5.25093377e+16
4.4484375, 0, 0, 1.5e+15, 0, 3.17582973e-21, 3.718e+18, 6.44e+20, 4.85, 4, 59.0210882, 84.9574318, 1.28078819, 237345.388, 0, 80846.8136, 571044842, 2.78470968e-05, -57.4876788, -60.7849287, 1.5e+15, 1.59738716e+16, -235486.245, 29647.5122, 304.108646, 84.9574318, 117.195983, 1.28078819, 1.28078819, 1.5e+15, 2.75866999e-05, 2.60618833e-07, 0.0598283437, 0.0245379984, -2.58228042e-07, -2.71558143e-05, -0.0220567436, 3.52200773e-08, 4.85648364e-06, 0.0107523118, 0, 1.22340405e-08, 1.22340405e-08, 6.60274145, 6.60274145, 0, 0.27, 3.332, 0, -2.74140424e-05, 4.89170372e-06, 0, 1.5e+15, 0, 0, 2e+18, 5.22973317e+16
4.47419588, 0, 0, 1.5e+15, 0, 3.165726e-21, 3.718e+18, 6.44e+20, 4.85, 4, 58.9493039, 85.0583694, 1.28078819, 236916.317, 0, 67672.0169, 491143820, 2.45629046e-05, -57.4205257, -60.7092212, 1.5e+15, 1.37318832e+16, -235173.881, 28622.5019, 304.098142, 85.0583694, 117.195991, 1.28078819, 1.28078819, 1.5e+15, 2.43367675e-05, 2.26330929e-07, 0.0598239101, 0.0242590509, -2.24358742e-07, -2.39721577e-05, -0.0219117937, 2.97596066e-08, 4.18909533e-06, 0.0104038055, 0, 1.22334405e-08, 1.22334405e-08, 5.80357476, 5.80357476, 0, 0.27, 3.332, 0, -2.41965165e-05, 4.21885494e-06, 0, 1.5e+15, 0, 0, 2e+18, 5.22175991e+16
4.5385938, 0, 0, 1.5e+15, 0, 3.14053392e-21, 3.718e+18, 6.44e+20, 4.85, 4, 58.7703661, 85.3145208, 1.28078819, 235851.323, 0, 43365.3536, 336607089, 1.62741603e-05, -57.253174, -60.5204496, 1.5e+15, 8.02723449e+15, -234406.422, 26065.4686, 304.071921, 85.3145208, 117.196011, 1.28078819, 1.28078819, 1.5e+15, 1.61349238e-05, 1.39343178e-07, 0.0598055756, 0.0235624022, -1.38431752e-07, -1.59447379e-05, -0.0215465558, 1.59113475e-08, 2.46991193e-06, 0.00953581465, 0, 1.22319426e-08, 1.22319426e-08, 3.83573726, 3.83573726, 0, 0.27, 3.332, 0, -1.60831697e-05, 2.48582328e-06, 0, 1.5e+15, 0, 0, 2e+18, 5.20270243e+16
4.56435215, 0, 0, 1.5e+15, 0, 3.1315601e-21, 3.718e+18, 6.44e+20, 4.85, 4, 58.7075762, 85.4066684, 1.28078819, 235470.628, 0, 34847.1687, 271424613, 1.38126184e-05, -57.1960865, -60.4520448, 1.5e+15, 6.6393212e+15, -234123.502, 25092.383, 304.062495, 85.4066684, 117.196014, 1.28078819, 1.28078819, 1.5e+15, 1.36944965e-05, 1.18215073e-07, 0.0597979919, 0.0233151162, -1.17436867e-07, -1.35310448e-05, -0.0214194365, 1.35414472e-08, 2.10951666e-06, 0.00920099291, 0, 1.22314042e-08, 1.22314042e-08, 3.24189295, 3.24189295, 0, 0.27, 3.332, 0, -1.36484817e-05, 2.12305811e-06, 0, 1.5e+15, 0, 0, 2e+18, 5.19559488e+16
4.62875, 0, 0, 1.5e+15, 0, 3.10918485e-21, 3.718e+18, 6.44e+20, 4.85, 4, 58.5510765, 85.6404877, 1.28078819, 234525.928, 0, 20106.2596, 158770445, 7.6368852e-06, -57.053927, -60.2815563, 1.5e+15, 3.09706701e+15, -233428.042, 22665.1658, 304.038963, 85.6404877, 117.196023, 1.28078819, 1.28078819, 1.5e+15, 7.57247859e-06, 6.44571013e-08, 0.0597716636, 0.0226977401, -6.40157236e-08, -7.47954862e-06, -0.0210992586, 7.53027341e-09, 1.18265516e-06, 0.00836707424, 0, 1.223006e-08, 1.223006e-08, 1.788415, 1.788415, 0, 0.27, 3.332, 0, -7.54356434e-06, 1.19018543e-06, 0, 1.5e+15, 0, 0, 2e+18, 5.17857819e+16
4.65450838, 0, 0, 1.5e+15, 0, 3.10131516e-21, 3.718e+18, 6.44e+20, 4.85, 4, 58.4968375, 85.7231526, 1.28078819, 234192.046, 0, 18462.3811, 134023465, 6.66173039e-06, -57.001898, -60.2229003, 1.5e+15, 2.78743982e+15, -233175.183, 21739.2212, 304.03062, 85.7231526, 117.196024, 1.28078819, 1.28078819, 1.5e+15, 6.60207308e-06, 5.96983452e-08, 0.0597608221, 0.0224819669, -5.93180927e-08, -6.52637473e-06, -0.0209900414, 6.70968544e-09, 9.9221195e-07, 0.00804386676, 0, 1.22295834e-08, 1.22295834e-08, 1.55480986, 1.55480986, 0, 0.27, 3.332, 0, -6.58569282e-06, 9.98921633e-07, 0, 1.5e+15, 0, 0, 2e+18, 5.17232699e+16
4.7189063, 0, 0, 1.5e+15, 0, 3.0816926e-21, 3.718e+18, 6.44e+20, 4.85, 4, 58.3616643, 85.932951, 1.28078819, 233363.564, 0, 14910.5426, 87531576.5, 4.19324933e-06, -56.8722606, -60.0766213, 1.5e+15, 2.0021258e+15, -232553.21, 19429.895, 304.00979, 85.932951, 117.196028, 1.28078819, 1.28078819, 1.5e+15, 4.14559273e-06, 4.76703678e-08, 0.0597262287, 0.0219433446, -4.7444058e-08, -4.11497106e-06, -0.0207149398, 4.63953777e-09, 5.02914435e-07, 0.00723885832, 0, 1.22283937e-08, 1.22283937e-08, 0.978024446, 0.978024446, 0, 0.27, 3.332, 0, -4.16241512e-06, 5.07553973e-07, 0, 1.5e+15, 0, 0, 2e+18, 5.15733753e+16
4.74466465, 0, 0, 1.5e+15, 0, 3.07490422e-21, 3.718e+18, 6.44e+20, 4.85, 4, 58.3155705, 86.0063851, 1.28078819, 233074.387, 0, 13361.141, 73197102.6, 3.63662796e-06, -56.8290192, -60.0258621, 1.5e+15, 1.71807208e+15, -232330.209, 18546.4026, 304.002535, 86.0063851, 117.196028, 1.28078819, 1.28078819, 1.5e+15, 3.59331123e-06, 4.33304674e-08, 0.0597120176, 0.0217572892, -4.31411683e-08, -3.56773761e-06, -0.020621729, 4.02997439e-09, 4.27178733e-07, 0.00692547303, 0, 1.22279793e-08, 1.22279793e-08, 0.845227731, 0.845227731, 0, 0.27, 3.332, 0, -3.61087879e-06, 4.31208707e-07, 0, 1.5e+15, 0, 0, 2e+18, 5.1519102e+16
4.8090625, 0, 0, 1.5e+15, 0, 3.0579776e-21, 3.718e+18, 6.44e+20, 4.85, 4, 58.2007111, 86.1927879, 1.28078819, 232356.843, 0, 10149.0319, 46789585.2, 2.23746098e-06, -56.7213087, -59.899329, 1.5e+15, 9.97866192e+14, -231781.305, 16343.2989, 303.984421, 86.1927879, 117.196029, 1.28078819, 1.28078819, 1.5e+15, 2.20510856e-06, 3.23652081e-08, 0.0596688775, 0.0212929756, -3.22690923e-08, -2.19287573e-06, -0.0203870172, 2.49246149e-09, 2.31936384e-07, 0.00614490985, 0, 1.22269447e-08, 1.22269447e-08, 0.519655299, 0.519655299, 0, 0.27, 3.332, 0, -2.22514482e-06, 2.34428845e-07, 0, 1.5e+15, 0, 0, 2e+18, 5.13887239e+16
4.83482088, 0, 0, 1.5e+15, 0, 3.05225109e-21, 3.718e+18, 6.44e+20, 4.85, 4, 58.162402, 86.2561753, 1.28078819, 232111.822, 0, 8621.03914, 39576765, 1.95343357e-06, -56.6872551, -59.8566515, 1.5e+15, 7.33601197e+14, -231589.263, 15497.7723, 303.978257, 86.2561753, 117.196029, 1.28078819, 1.28078819, 1.5e+15, 1.92509667e-06, 2.8348119e-08, 0.0596511817, 0.0211361723, -2.82705675e-08, -1.91502314e-06, -0.0203092631, 2.08550558e-09, 1.95979863e-07, 0.00583964408, 0, 1.22265927e-08, 1.22265927e-08, 0.452210504, 0.452210504, 0, 0.27, 3.332, 0, -1.94329371e-06, 1.98065369e-07, 0, 1.5e+15, 0, 0, 2e+18, 5.13427194e+16
4.8992188, 0, 0, 1.5e+15, 0, 3.03797197e-21, 3.718e+18, 6.44e+20, 4.85, 4, 58.066952, 86.4171602, 1.28078819, 231503.716, 0, 5721.2182, 26018069.3, 1.23923151e-06, -56.6024985, -59.7502567, 1.5e+15, 6.30538438e+13, -231116.136, 13389.7225, 303.96287, 86.4171602, 117.19603, 1.28078819, 1.28078819, 1.5e+15, 1.22104699e-06, 1.81909419e-08, 0.0595992048, 0.0207449088, -1.81601089e-08, -1.21663841e-06, -0.0201134726, 1.05868209e-09, 1.03661229e-07, 0.00507928868, 0, 1.22257138e-08, 1.22257138e-08, 0.286813055, 0.286813055, 0, 0.27, 3.332, 0, -1.23479851e-06, 1.04719911e-07, 0, 1.5e+15, 0, 0, 2e+18, 5.12320299e+16
4.92497715, 0, 0, 1.5e+15, 0, 3.03329068e-21, 3.718e+18, 6.44e+20, 4.85, 4, 58.036104, 86.4705875, 1.28078819, 231301.887, 0, 4486.74312, 19270088.1, 1.0094127e-06, -56.5780011, -59.711559, 1.5e+15, -1.33409698e+14, -230955.512, 12577.6188, 303.957802, 86.4705875, 117.19603, 1.28078819, 1.28078819, 1.5e+15, 9.94209566e-07, 1.52094969e-08, 0.0595779061, 0.0206167386, -1.51839415e-08, -9.904716e-07, -0.0200503767, 8.81291045e-10, 8.60774253e-08, 0.00478060857, 0, 1.22254243e-08, 1.22254243e-08, 0.232550945, 0.232550945, 0, 0.27, 3.332, 0, -1.00565554e-06, 8.69587167e-08, 0, 1.5e+15, 0, 0, 2e+18, 5.11940839e+16
4.989375, 0, 0, 1.5e+15, 0, 3.02161774e-21, 3.718e+18, 6.44e+20, 4.85, 4, 57.9592553, 86.6063675, 1.28078819, 230800.83, 0, 2422.67988, 9119926.83, 4.34300473e-07, -56.5172545, -59.6151516, 1.5e+15, -6.33039981e+14, -230559.404, 10553.3799, 303.945148, 86.6063675, 117.19603, 1.28078819, 1.28078819, 1.5e+15, 4.26651506e-07, 7.65481823e-09, 0.0595167929, 0.0202969922, -7.64247946e-09, -4.24677324e-07, -0.0198915363, 4.3445274e-10, 4.09945948e-08, 0.00403664289, 0, 1.22247017e-08, 1.22247017e-08, 0.10013083, 0.10013083, 0, 0.27, 3.332, 0, -4.32319803e-07, 4.14290475e-08, 0, 1.5e+15, 0, 0, 2e+18, 5.11025733e+16
5.01513338, 0, 0, 1.5e+15, 0, 3.01796833e-21, 3.718e+18, 6.44e+20, 4.85, 4, 57.9355886, 86.6486616, 1.28078819, 230642.926, 0, 2289.64214, 7584947.12, 3.76043272e-07, -56.4950545, -59.5866695, 1.5e+15, -6.58343336e+14, -230432.148, 9769.71033, 303.941178, 86.6486616, 117.19603, 1.28078819, 1.28078819, 1.5e+15, 3.68792133e-07, 7.25553818e-09, 0.0594917699, 0.0201975577, -7.24514001e-09, -3.67273576e-07, -0.0198430055, 3.85727899e-10, 3.2886459e-08, 0.00374312696, 0, 1.2224475e-08, 1.2224475e-08, 0.0864324569, 0.0864324569, 0, 0.27, 3.332, 0, -3.74518717e-07, 3.32721869e-08, 0, 1.5e+15, 0, 0, 2e+18, 5.10729186e+16
5.0795313, 0, 0, 1.5e+15, 0, 3.00886826e-21, 3.718e+18, 6.44e+20, 4.85, 4, 57.876636, 86.7562091, 1.28078819, 230250.753, 0, 1982.82903, 4768681.62, 2.2872895e-07, -56.4398389, -59.5155904, 1.5e+15, -7.22602875e+14, -230118.014, 7816.81146, 303.931268, 86.7562091, 117.19603, 1.28078819, 1.28078819, 1.5e+15, 2.22481544e-07, 6.24785522e-09, 0.0594212128, 0.019949508, -6.24225406e-09, -2.22151335e-07, -0.0197208149, 2.64497401e-10, 1.21162193e-08, 0.00301201342, 0, 1.2223909e-08, 1.2223909e-08, 0.052656811, 0.052656811, 0, 0.27, 3.332, 0, -2.28393589e-07, 1.23807168e-08, 0, 1.5e+15, 0, 0, 2e+18, 5.10013067e+16
5.10528965, 0, 0, 1.5e+15, 0, 3.00624002e-21, 3.718e+18, 6.44e+20, 4.85, 4, 57.8599186, 86.7874803, 1.28078819, 230136.505, 0, 1872.41724, 3913553.15, 1.96636355e-07, -56.4246129, -59.4937056, 1.5e+15, -7.43769657e+14, -230024.863, 7055.99435, 303.928399, 86.7874803, 117.19603, 1.28078819, 1.28078819, 1.5e+15, 1.90720249e-07, 5.91655651e-09, 0.0593923409, 0.0198784573, -5.91204073e-09, -1.90456162e-07, -0.0196862924, 2.27809573e-10, 9.97356486e-09, 0.00272231871, 0, 1.22237451e-08, 1.22237451e-08, 0.0451214207, 0.0451214207, 0, 0.27, 3.332, 0, -1.96368203e-07, 1.02013745e-08, 0, 1.5e+15, 0, 0, 2e+18, 5.09798118e+16
5.1696875, 0, 0, 1.5e+15, 0, 2.99968626e-21, 3.718e+18, 6.44e+20, 4.85, 4, 57.8182831, 86.8671036, 1.28078819, 229852.561, 0, 1617.14684, 2386775.03, 1.16233901e-07, -56.3867934, -59.4391402, 1.5e+15, -7.97499918e+14, -229794.617, 5160.51301, 303.921236, 86.8671036, 117.19603, 1.28078819, 1.28078819, 1.5e+15, 1.11153892e-07, 5.08043335e-09, 0.0593120241, 0.0197012504, -5.07859085e-09, -1.11064301e-07, -0.0195993972, 1.36813292e-10, 4.4616919e-09, 0.00200071339, 0, 1.2223336e-08, 1.2223336e-08, 0.0267133424, 0.0267133424, 0, 0.27, 3.332, 0, -1.16142892e-07, 4.59850519e-09, 0, 1.5e+15, 0, 0, 2e+18, 5.0927742e+16
5.19544588, 0, 0, 1.5e+15, 0, 2.99807167e-21, 3.718e+18, 6.44e+20, 4.85, 4, 57.808334, 86.88609, 1.28078819, 229783.407, 0, 1510.29816, 1991246.77, 1.00999159e-07, -56.3786288, -59.4244512, 1.5e+15, -8.1808094e+14, -229737.774, 4416.36364, 303.919468, 86.88609, 117.19603, 1.28078819, 1.28078819, 1.5e+15, 9.62359307e-08, 4.76363482e-09, 0.0592791769, 0.0196586736, -4.7622473e-09, -9.61658944e-08, -0.0195788106, 1.10849543e-10, 3.62681974e-09, 0.00171353319, 0, 1.22232351e-08, 1.22232351e-08, 0.0231441701, 0.0231441701, 0, 0.27, 3.332, 0, -1.00928142e-07, 3.73766928e-09, 0, 1.5e+15, 0, 0, 2e+18, 5.0914728e+16
5.2598438, 0, 0, 1.5e+15, 0, 2.99404547e-21, 3.718e+18, 6.44e+20, 4.85, 4, 57.7835569, 86.9344792, 1.28078819, 229611.374, 0, 1266.65949, 1264805.71, 6.28232389e-08, -56.3584451, -59.3878015, 1.5e+15, -8.7028504e+14, -229597.069, 2562.85619, 303.915058, 86.9344792, 117.19603, 1.28078819, 1.28078819, 1.5e+15, 5.88596425e-08, 3.96393492e-09, 0.0591887783, 0.0195524733, -3.96365799e-09, -5.88407726e-08, -0.0195269769, 4.68539424e-11, 1.49021622e-09, 0.000998185722, 0, 1.22229832e-08, 1.22229832e-08, 0.0144236249, 0.0144236249, 0, 0.27, 3.332, 0, -6.28044307e-08, 1.53707017e-09, 0, 1.5e+15, 0, 0, 2e+18, 5.08831696e+16
5.28560215, 0, 0, 1.5e+15, 0, 2.99343965e-21, 3.718e+18, 6.44e+20, 4.85, 4, 57.7802574, 86.9412779, 1.28078819, 229304.974, 0, 1180.50614, 863824.64, 5.01628782e-08, -56.3569882, -59.3745179, 1.5e+15, -8.87154846e+14, -229293.701, 2194.01799, 303.914394, 86.9412779, 117.19603, 1.28078819, 1.28078819, 1.5e+15, 4.645591e-08, 3.70798291e-09, 0.0591160697, 0.0195400626, -3.7077814e-09, -4.64369035e-08, -0.0195200738, 3.65395735e-11, 1.2887969e-09, 0.000855079893, 0, 1.22229453e-08, 1.22229453e-08, 0.0114628793, 0.0114628793, 0, 0.27, 3.332, 0, -5.0144685e-08, 1.32533648e-09, 0, 1.5e+15, 0, 0, 2e+18, 5.08786568e+16
5.35, 0, 0, 1.5e+15, 0, 2.99192891e-21, 3.718e+18, 6.44e+20, 4.85, 4, 57.772043, 86.9586953, 1.28078819, 228566.735, 0, 982.976817, 334347.241, 1.85824093e-08, -56.353564, -59.34145, 1.5e+15, -9.29975091e+14, -228563.177, 1275.32885, 303.912737, 86.9586953, 117.19603, 1.28078819, 1.28078819, 1.5e+15, 1.5524324e-08, 3.06080668e-09, 0.0589174118, 0.0195090827, -3.06078596e-09, -1.55050591e-08, -0.0195027101, 1.12561821e-11, 7.73136966e-10, 0.000498605982, 0, 1.22228506e-08, 1.22228506e-08, 0.0042620151, 0.0042620151, 0, 0.27, 3.332, 0, -1.85658451e-08, 7.84393149e-10, 0, 1.5e+15, 0, 0, 2e+18, 5.08676218e+16
