"depth", "composition x", "composition y", "donor conc", "acceptor conc", "ni", "nc", "nv", "eg", "electron affinity", "potential", "e- mobility", "h+ mobility", "electric field", "impact gen rate", "electron conc", "hole conc", "cond. current density", "electron qfl", "hole qfl", "net doping", "recombination rate", "e field x", "e field y", "lattice temperature", "e- mobility x", "e- mobility y", "h+ mobility x", "h+ mobility y", "total doping", "h+ current density", "e- current density", "current flowlines", "total current density", "je- x", "jh+ x", "jtot x", "je- y", "jh+ y", "jtot y", "seu generation rate", "e- srh tno", "h+ srh tno", "joule heat power", "total heat power", "rec heat power", "heat conductivity", "heat capacity", "peltier-thomson heat power", "cond current x", "cond current y", "ionized acceptor concentration", "ionized donor concentration", "e- ionization coefficient", "h+ ionization coefficient", "acceptor trap dos #1", "acceptor trap ionized density #1"
-1.77635684e-15, 0, 0, 1e+19, 0, 8.94250085e-22, 3.718e+18, 6.44e+20, 4.85, 4, 2.34456597, 12.1176471, 0.0128722772, 8997.03375, 0, 1.8098468e+18, 1.4788287e-17, 45.2086988, 1.42897222e-05, -1.38658463, 1e+19, 1.23850422e-09, 0.000831641734, 8997.03375, 299.999944, 12.1176471, 12.1176471, 0.0128722772, 0.0128722772, 1e+19, 2.34803966e-32, 45.2086988, 0.136557456, 45.0866719, 0.00101388069, -3.91693154e-36, 0.00100871384, 45.2086988, -2.34803962e-32, 45.0866719, 0, 1.19999968e-08, 1.19999968e-08, 803.936984, 159972.58, -228.238358, 0.27, 3.332, 159396.882, 0.00101388069, 45.2086988, 0, 7.65563431e+17, 0, 0, 0, 0
0.0666666667, 0, 0, 1e+19, 0, 8.94250083e-22, 3.718e+18, 6.44e+20, 4.85, 4, 2.34456596, 12.1176471, 0.0128722772, 10199.4492, 0, 1.80984679e+18, 1.57066086e-17, 45.218655, 1.42950833e-05, -1.38741529, 1e+19, 1.31541273e-09, 0.0016185122, 10199.4492, 299.999944, 12.1176471, 12.1176471, 0.0128722772, 0.0128722772, 1e+19, 2.48954435e-32, 45.218655, 0.136094466, 45.0965859, 0.00252234706, -8.54061755e-36, 0.0025093596, 45.2186549, -2.4895442e-32, 45.0965858, 0, 1.19999968e-08, 1.19999968e-08, 804.289681, 160032.586, -228.357411, 0.27, 3.332, 159456.653, 0.00252234706, 45.2186549, 0, 7.65563433e+17, 0, 0, 0, 0
0.125, 0, 0, 1e+19, 0, 8.94250081e-22, 3.718e+18, 6.44e+20, 4.85, 4, 2.34456596, 12.1176471, 0.0128722772, 10199.4539, 0, 1.80984679e+18, 1.57066086e-17, 45.2255835, 1.42950833e-05, -1.38741529, 1e+19, 1.31541273e-09, 0.00193109184, 10199.4539, 299.999944, 12.1176471, 12.1176471, 0.0128722772, 0.0128722772, 1e+19, 2.49059332e-32, 45.2255835, 0.135941987, 45.1034964, 0.00252041973, -8.54061755e-36, 0.00250743227, 45.2255834, -2.49059317e-32, 45.1034963, 0, 1.19999968e-08, 1.19999968e-08, 804.537095, 160032.833, -228.357411, 0.27, 3.332, 159456.653, 0.00252041973, 45.2255834, 0, 7.65563433e+17, 0, 0, 0, 0
0.191666667, 0, 0, 1e+19, 0, 8.9425006e-22, 3.718e+18, 6.44e+20, 4.85, 4, 2.34456594, 12.1176471, 0.0128722772, 10199.468, 0, 1.80984678e+18, 1.87929761e-17, 45.2655566, 1.43164028e-05, -1.38988881, 1e+19, 1.57389292e-09, 0.00299116343, 10199.468, 299.999944, 12.1176471, 12.1176471, 0.0128722772, 0.0128722772, 1e+19, 2.9827946e-32, 45.2655566, 0.135554945, 45.1432975, 0.00502486556, -1.30284351e-35, 0.00499889788, 45.2655561, -2.98279432e-32, 45.143297, 0, 1.19999968e-08, 1.19999968e-08, 805.95718, 160271.558, -228.878554, 0.27, 3.332, 159694.479, 0.00502486556, 45.2655561, 0, 7.65563438e+17, 0, 0, 0, 0
0.25, 0, 0, 1e+19, 0, 8.9425004e-22, 3.718e+18, 6.44e+20, 4.85, 4, 2.34456594, 12.1176471, 0.0128722772, 10199.4797, 0, 1.80984678e+18, 1.87929761e-17, 45.2931112, 1.43164028e-05, -1.38988881, 1e+19, 1.57389292e-09, 0.00323912748, 10199.4797, 299.999944, 12.1176471, 12.1176471, 0.0128722772, 0.0128722772, 1e+19, 2.98632004e-32, 45.2931112, 0.135256716, 45.1707753, 0.00502270205, -1.30284351e-35, 0.00499673437, 45.2931107, -2.98631975e-32, 45.1707748, 0, 1.19999968e-08, 1.19999968e-08, 806.942112, 160272.543, -228.878554, 0.27, 3.332, 159694.479, 0.00502270205, 45.2931107, 0, 7.65563437e+17, 0, 0, 0, 0
0.316666667, 0, 0, 1e+19, 0, 8.94250014e-22, 3.718e+18, 6.44e+20, 4.85, 4, 2.34456591, 12.1176471, 0.0128722772, 10199.502, 0, 1.80984676e+18, 2.18156559e-17, 45.3526365, 1.43482526e-05, -1.39194515, 1e+19, 1.82703933e-09, 0.00446864419, 10199.502, 299.999944, 12.1176471, 12.1176471, 0.0128722772, 0.0128722772, 1e+19, 3.45529614e-32, 45.3526365, 0.134906629, 45.2300442, 0.0074993933, -1.84010789e-35, 0.00746042279, 45.3526354, -3.45529564e-32, 45.2300431, 0, 1.19999968e-08, 1.19999968e-08, 809.059371, 160629.128, -229.637876, 0.27, 3.332, 160049.707, 0.0074993933, 45.3526354, 0, 7.65563444e+17, 0, 0, 0, 0
0.375, 0, 0, 1e+19, 0, 8.94249991e-22, 3.718e+18, 6.44e+20, 4.85, 4, 2.34456591, 12.1176471, 0.0128722772, 10199.5195, 0, 1.80984676e+18, 2.18156559e-17, 45.3937979, 1.43482526e-05, -1.39194515, 1e+19, 1.82703933e-09, 0.00483748021, 10199.5195, 299.999944, 12.1176471, 12.1176471, 0.0128722772, 0.0128722772, 1e+19, 3.4587488e-32, 45.3937979, 0.134625948, 45.2710988, 0.00749727622, -1.84010789e-35, 0.00745830571, 45.3937969, -3.45874831e-32, 45.2710978, 0, 1.19999968e-08, 1.19999968e-08, 810.533423, 160630.602, -229.637876, 0.27, 3.332, 160049.707, 0.00749727622, 45.3937969, 0, 7.65563444e+17, 0, 0, 0, 0
0.441666667, 0, 0, 1e+19, 0, 8.94249947e-22, 3.718e+18, 6.44e+20, 4.85, 4, 2.34456586, 12.1176471, 0.0128722772, 10199.551, 0, 1.80984673e+18, 2.74212901e-17, 45.482791, 1.43957671e-05, -1.39509825, 1e+19, 2.29650557e-09, 0.00586258244, 10199.551, 299.999944, 12.1176471, 12.1176471, 0.0128722772, 0.0128722772, 1e+19, 4.34796873e-32, 45.482791, 0.134311678, 45.3597052, 0.0099312336, -2.43486761e-35, 0.00987921323, 45.4827891, -4.34796805e-32, 45.3597034, 0, 1.19999968e-08, 1.19999968e-08, 813.708968, 161162.617, -230.80208, 0.27, 3.332, 160579.71, 0.0099312336, 45.4827891, 0, 7.65563455e+17, 0, 0, 0, 0
0.5, 0, 0, 1e+19, 0, 8.94249906e-22, 3.718e+18, 6.44e+20, 4.85, 4, 2.34456586, 12.1176471, 0.0128722772, 10199.575, 0, 1.80984673e+18, 2.74212901e-17, 45.5441996, 1.43957671e-05, -1.39509825, 1e+19, 2.29650557e-09, 0.0060999605, 10199.575, 299.999944, 12.1176471, 12.1176471, 0.0128722772, 0.0128722772, 1e+19, 4.35437178e-32, 45.5441996, 0.134048297, 45.4209611, 0.0099291303, -2.43486761e-35, 0.00987710992, 45.5441978, -4.3543711e-32, 45.4209593, 0, 1.19999968e-08, 1.19999968e-08, 815.914184, 161164.822, -230.80208, 0.27, 3.332, 160579.71, 0.0099291303, 45.5441978, 0, 7.65563454e+17, 0, 0, 0, 0
0.566666667, 0, 0, 1e+19, 0, 8.94249856e-22, 3.718e+18, 6.44e+20, 4.85, 4, 2.3445658, 12.1176471, 0.0128722772, 10199.6144, 0, 1.80984669e+18, 3.32328513e-17, 45.6518996, 1.44533599e-05, -1.39774846, 1e+19, 2.783218e-09, 0.00727911748, 10199.6144, 299.999943, 12.1176471, 12.1176471, 0.0128722772, 0.0128722772, 1e+19, 5.27351363e-32, 45.6518996, 0.133770871, 45.5281893, 0.0123031534, -3.26097739e-35, 0.0122380307, 45.6518968, -5.27351262e-32, 45.5281866, 0, 1.19999968e-08, 1.19999968e-08, 819.770092, 161809.636, -232.208799, 0.27, 3.332, 161222.075, 0.0123031534, 45.6518968, 0, 7.65563467e+17, 0, 0, 0, 0
0.625, 0, 0, 1e+19, 0, 8.94249813e-22, 3.718e+18, 6.44e+20, 4.85, 4, 2.3445658, 12.1176471, 0.0128722772, 10199.6439, 0, 1.80984669e+18, 3.32328513e-17, 45.7263316, 1.44533599e-05, -1.39774846, 1e+19, 2.783218e-09, 0.00763294374, 10199.6439, 299.999943, 12.1176471, 12.1176471, 0.0128722772, 0.0128722772, 1e+19, 5.28015186e-32, 45.7263316, 0.133525824, 45.6024617, 0.0123011039, -3.26097739e-35, 0.0122359811, 45.7263287, -5.28015084e-32, 45.6024589, 0, 1.19999968e-08, 1.19999968e-08, 822.45275, 161812.318, -232.208799, 0.27, 3.332, 161222.075, 0.0123011039, 45.7263287, 0, 7.65563466e+17, 0, 0, 0, 0
0.691666667, 0, 0, 1e+19, 0, 8.94249746e-22, 3.718e+18, 6.44e+20, 4.85, 4, 2.34456573, 12.1176471, 0.0128722772, 10199.6921, 0, 1.80984664e+18, 4.27121924e-17, 45.8623133, 1.45259833e-05, -1.40120837, 1e+19, 3.57710334e-09, 0.00859231185, 10199.6921, 299.999943, 12.1176471, 12.1176471, 0.0128722772, 0.0128722772, 1e+19, 6.80078865e-32, 45.8623133, 0.133287923, 45.7378408, 0.0145991149, -3.70990804e-35, 0.0145207785, 45.8623094, -6.80078764e-32, 45.7378369, 0, 1.19999968e-08, 1.19999968e-08, 827.344444, 162625.464, -234.026959, 0.27, 3.332, 162032.146, 0.0145991149, 45.8623094, 0, 7.65563483e+17, 0, 0, 0, 0
0.75, 0, 0, 1e+19, 0, 8.94249685e-22, 3.718e+18, 6.44e+20, 4.85, 4, 2.34456573, 12.1176471, 0.0128722772, 10199.7278, 0, 1.80984664e+18, 4.27121924e-17, 45.9561734, 1.45259833e-05, -1.40120837, 1e+19, 3.57710334e-09, 0.00881074309, 10199.7278, 299.999943, 12.1176471, 12.1176471, 0.0128722772, 0.0128722772, 1e+19, 6.81161635e-32, 45.9561734, 0.133062947, 45.8315341, 0.0145969102, -3.70990804e-35, 0.0145185738, 45.9561695, -6.81161534e-32, 45.8315302, 0, 1.19999968e-08, 1.19999968e-08, 830.742594, 162628.862, -234.026959, 0.27, 3.332, 162032.146, 0.0145969102, 45.9561695, 0, 7.65563482e+17, 0, 0, 0, 0
0.816666667, 0, 0, 1e+19, 0, 8.94249612e-22, 3.718e+18, 6.44e+20, 4.85, 4, 2.34456565, 12.1176471, 0.0128722772, 10199.7834, 0, 1.8098466e+18, 5.06289206e-17, 46.1093511, 1.4607883e-05, -1.40355274, 1e+19, 4.2401214e-09, 0.00995593978, 10199.7834, 299.999943, 12.1176471, 12.1176471, 0.0128722772, 0.0128722772, 1e+19, 8.0565083e-32, 46.1093511, 0.13286877, 45.9840222, 0.0168761479, -4.59160863e-35, 0.0167840933, 46.1093459, -8.05650702e-32, 45.984017, 0, 1.19999967e-08, 1.19999967e-08, 836.281003, 163545.816, -236.096969, 0.27, 3.332, 162945.632, 0.0168761479, 46.1093459, 0, 7.655635e+17, 0, 0, 0, 0
0.875, 0, 0, 1e+19, 0, 8.94249547e-22, 3.718e+18, 6.44e+20, 4.85, 4, 2.34456565, 12.1176471, 0.0128722772, 10199.8243, 0, 1.80984659e+18, 5.06289206e-17, 46.2151984, 1.4607883e-05, -1.40355274, 1e+19, 4.2401214e-09, 0.0103052887, 10199.8243, 299.999942, 12.1176471, 12.1176471, 0.0128722772, 0.0128722772, 1e+19, 8.06555102e-32, 46.2151984, 0.132666232, 46.0897596, 0.0168733675, -4.59160863e-35, 0.0167813129, 46.2151931, -8.06554974e-32, 46.0897544, 0, 1.19999967e-08, 1.19999967e-08, 840.133555, 163549.669, -236.096969, 0.27, 3.332, 162945.632, 0.0168733675, 46.2151931, 0, 7.65563499e+17, 0, 0, 0, 0
0.941666667, 0, 0, 1e+19, 0, 8.94249451e-22, 3.718e+18, 6.44e+20, 4.85, 4, 2.34456555, 12.1176471, 0.0128722772, 10199.889, 0, 1.80984653e+18, 6.424272e-17, 46.3962617, 1.47046201e-05, -1.40683613, 1e+19, 5.38026347e-09, 0.0114301776, 10199.889, 299.999942, 12.1176471, 12.1176471, 0.0128722772, 0.0128722772, 1e+19, 1.03104924e-31, 46.3962617, 0.132521645, 46.2699939, 0.0194241887, -6.93617381e-35, 0.0193163737, 46.3962548, -1.03104901e-31, 46.2699871, 0, 1.19999967e-08, 1.19999967e-08, 846.721346, 164632.771, -238.609891, 0.27, 3.332, 164024.659, 0.0194241887, 46.3962548, 0, 7.65563521e+17, 0, 0, 0, 0
1, 0, 0, 1e+19, 0, 8.94249363e-22, 3.718e+18, 6.44e+20, 4.85, 4, 2.34456555, 12.1176471, 0.0128722772, 10199.9364, 0, 1.80984653e+18, 6.424272e-17, 46.5212861, 1.47046201e-05, -1.40683613, 1e+19, 5.38026347e-09, 0.0117165033, 10199.9364, 299.999942, 12.1176471, 12.1176471, 0.0128722772, 0.0128722772, 1e+19, 1.03260425e-31, 46.5212861, 0.132344679, 46.3950023, 0.0194189711, -6.93617381e-35, 0.0193111561, 46.5212792, -1.03260401e-31, 46.3949955, 0, 1.19999967e-08, 1.19999967e-08, 851.299843, 164637.349, -238.609891, 0.27, 3.332, 164024.659, 0.0194189711, 46.5212792, 0, 7.65563519e+17, 0, 0, 0, 0
1.06666667, 0, 0, 1e+19, 0, 8.94249231e-22, 3.718e+18, 6.44e+20, 4.85, 4, 2.34456544, 12.1176471, 0.0128722772, 10200.0118, 0, 1.80984646e+18, 8.31533141e-17, 46.7248112, 1.48135271e-05, -1.41039351, 1e+19, 6.96400683e-09, 0.013922517, 10200.0118, 299.999941, 12.1176471, 12.1176471, 0.0128722772, 0.0128722772, 1e+19, 1.46361712e-31, 46.7248112, 0.132257597, 46.5975786, 0.0235286761, -1.02009001e-34, 0.023397123, 46.7248012, -1.46361676e-31, 46.5975687, 0, 1.19999966e-08, 1.19999966e-08, 858.75445, 165856.611, -241.479547, 0.27, 3.332, 165239.336, 0.0235286761, 46.7248012, 0, 7.65563543e+17, 0, 0, 0, 0
1.125, 0, 0, 1e+19, 0, 8.94249115e-22, 3.718e+18, 6.44e+20, 4.85, 4, 2.34456544, 12.1176471, 0.0128722772, 10200.068, 0, 1.80984646e+18, 8.31533141e-17, 46.8655621, 1.48135271e-05, -1.41039351, 1e+19, 6.96400683e-09, 0.0146610669, 10200.068, 299.999941, 12.1176471, 12.1176471, 0.0128722772, 0.0128722772, 1e+19, 1.46577713e-31, 46.8655621, 0.13211037, 46.7385229, 0.0235161834, -1.02009001e-34, 0.0233846303, 46.8655521, -1.46577677e-31, 46.738513, 0, 1.19999966e-08, 1.19999966e-08, 863.944999, 165861.801, -241.479547, 0.27, 3.332, 165239.336, 0.0235161834, 46.8655521, 0, 7.65563541e+17, 0, 0, 0, 0
1.19166667, 0, 0, 1e+19, 0, 8.94248876e-22, 3.718e+18, 6.44e+20, 4.85, 4, 2.3445653, 12.1176471, 0.0128722772, 10200.1688, 0, 1.80984637e+18, 1.1207586e-16, 47.1273719, 1.49538162e-05, -1.41450889, 1e+19, 9.38624117e-09, 0.0203956982, 10200.1688, 299.99994, 12.1176471, 12.1176471, 0.0128722772, 0.0128722772, 1e+19, 2.10541721e-31, 47.1273719, 0.132091291, 46.9991155, 0.0342300089, -1.15905443e-34, 0.034044574, 47.1273509, -2.10541689e-31, 46.9990946, 0, 1.19999966e-08, 1.19999966e-08, 873.612476, 167432.364, -245.186733, 0.27, 3.332, 166803.939, 0.0342300089, 47.1273509, 0, 7.65563571e+17, 0, 0, 0, 0
1.25, 0, 0, 1e+19, 0, 8.94248665e-22, 3.718e+18, 6.44e+20, 4.85, 4, 2.3445653, 12.1176471, 0.0128722772, 10200.2477, 0, 1.80984636e+18, 1.1207586e-16, 47.3086806, 1.49538162e-05, -1.41450889, 1e+19, 9.38624117e-09, 0.022328937, 10200.2477, 299.999939, 12.1176471, 12.1176471, 0.0128722772, 0.0128722772, 1e+19, 2.10872078e-31, 47.3086806, 0.131979379, 47.1809174, 0.0341991433, -1.15905443e-34, 0.0340137085, 47.3086596, -2.10872046e-31, 47.1808965, 0, 1.19999965e-08, 1.19999965e-08, 880.355141, 167439.107, -245.186733, 0.27, 3.332, 166803.939, 0.0341991433, 47.3086596, 0, 7.65563567e+17, 0, 0, 0, 0
1.31666667, 0, 0, 1e+19, 0, 8.9424818e-22, 3.718e+18, 6.44e+20, 4.85, 4, 2.34456507, 12.1176471, 0.0128722772, 10200.4262, 0, 1.80984621e+18, 1.37503876e-16, 47.7217877, 1.51762468e-05, -1.41732794, 1e+19, 1.15158122e-08, 0.0427436599, 10200.4262, 299.999938, 12.1176471, 12.1176471, 0.0128722772, 0.0128722772, 1e+19, 2.69462716e-31, 47.7217877, 0.132041803, 47.5921988, 0.0708333248, -1.82968855e-34, 0.0704827034, 47.7216993, -2.69462654e-31, 47.5921109, 0, 1.19999965e-08, 1.19999965e-08, 895.779274, 169929.13, -250.744384, 0.27, 3.332, 169284.095, 0.0708333248, 47.7216993, 0, 7.65563613e+17, 0, 0, 0, 0
1.375, 0, 0, 1e+19, 0, 8.94247761e-22, 3.718e+18, 6.44e+20, 4.85, 4, 2.34456507, 12.1176471, 0.0128722772, 10200.5789, 0, 1.8098462e+18, 1.37503876e-16, 48.009246, 1.51762468e-05, -1.41732794, 1e+19, 1.15158122e-08, 0.0499355048, 10200.5789, 299.999936, 12.1176471, 12.1176471, 0.0128722772, 0.0128722772, 1e+19, 2.69753148e-31, 48.009246, 0.131972475, 47.8805411, 0.0707883071, -1.82968855e-34, 0.0704376858, 48.0091575, -2.69753086e-31, 47.8804532, 0, 1.19999964e-08, 1.19999964e-08, 906.599847, 169939.951, -250.744384, 0.27, 3.332, 169284.095, 0.0707883071, 48.0091575, 0, 7.65563605e+17, 0, 0, 0, 0
1.44166667, 0, 0, 1e+19, 0, 8.94247036e-22, 3.718e+18, 6.44e+20, 4.85, 4, 2.34456454, 12.1176471, 0.0128722772, 10201.0415, 0, 1.80984586e+18, 1.97877625e-16, 48.9860317, 1.57041172e-05, -1.42234612, 1e+19, 1.65720537e-08, 0.125010078, 10201.0415, 299.999934, 12.1176471, 12.1176471, 0.0128722772, 0.0128722772, 1e+19, 4.2946965e-31, 48.9860317, 0.132131796, 48.8534256, 0.206016697, -1.04001515e-33, 0.205095951, 48.9853084, -4.29468386e-31, 48.8527066, 0, 1.19999962e-08, 1.19999962e-08, 943.945245, 175850.395, -262.835497, 0.27, 3.332, 175169.285, 0.206016697, 48.9853084, 0, 7.65563721e+17, 0, 0, 0, 0
1.5, 0, 0, 1e+19, 0, 8.94246384e-22, 3.718e+18, 6.44e+20, 4.85, 4, 2.34456454, 12.1176471, 0.0128722772, 10201.4663, 0, 1.80984584e+18, 1.97877625e-16, 49.6682558, 1.57041172e-05, -1.42234612, 1e+19, 1.65720537e-08, 0.151441746, 10201.4663, 299.999931, 12.1176471, 12.1176471, 0.0128722772, 0.0128722772, 1e+19, 4.30159202e-31, 49.6682558, 0.1321133, 49.5365775, 0.206204632, -1.04001515e-33, 0.205283887, 49.6675325, -4.30157938e-31, 49.5358585, 0, 1.19999961e-08, 1.19999961e-08, 970.265199, 175876.715, -262.835497, 0.27, 3.332, 175169.285, 0.206204632, 49.6675325, 0, 7.65563708e+17, 0, 0, 0, 0
1.56666667, 0, 0, 1e+19, 0, 8.94248306e-22, 3.718e+18, 6.44e+20, 4.85, 4, 2.34456288, 12.1176471, 0.0128722772, 10202.9864, 0, 1.80984495e+18, 6.25218389e-16, 52.7180505, 1.73537733e-05, -1.43820656, 1e+19, 5.23614126e-08, 0.434288791, 10202.9864, 299.999938, 12.1176471, 12.1176471, 0.0128722772, 0.0128722772, 1e+19, 1.8261954e-30, 52.7180505, 0.132378379, 52.5752685, 0.715687222, -2.02631506e-33, 0.712720118, 52.710152, -1.82619428e-30, 52.5674109, 0, 1.19999965e-08, 1.19999965e-08, 1095.0426, 194357.94, -298.038121, 0.27, 3.332, 193560.935, 0.715687222, 52.710152, 0, 7.65564139e+17, 0, 0, 0, 0
1.625, 0, 0, 1e+19, 0, 8.9424973e-22, 3.718e+18, 6.44e+20, 4.85, 4, 2.34456288, 12.1176471, 0.0128722772, 10204.4303, 0, 1.809845e+18, 6.25218389e-16, 54.8502708, 1.73537733e-05, -1.43820656, 1e+19, 5.23614126e-08, 0.534284219, 10204.4302, 299.999944, 12.1176471, 12.1176471, 0.0128722772, 0.0128722772, 1e+19, 1.83107597e-30, 54.8502708, 0.13241441, 54.7064304, 0.717919762, -2.02631506e-33, 0.714952658, 54.8423721, -1.83107485e-30, 54.6985726, 0, 1.19999968e-08, 1.19999968e-08, 1183.1046, 194446.002, -298.038121, 0.27, 3.332, 193560.935, 0.717919762, 54.8423721, 0, 7.65564168e+17, 0, 0, 0, 0
1.69166667, 0, 0, 1e+19, 0, 8.94275765e-22, 3.718e+18, 6.44e+20, 4.85, 4, 2.34455692, 12.1176471, 0.0128722772, 10209.988, 0, 1.80984255e+18, 1.14843973e-15, 65.7719833, 2.32442558e-05, -1.44658371, 1e+19, 9.61805941e-08, 1.64207024, 10209.9877, 300.000037, 12.1176471, 12.1176471, 0.0128722772, 0.0128722772, 1e+19, 3.49340418e-30, 65.7719833, 0.132748363, 65.5907738, 2.7205615, -2.36302578e-33, 2.70985951, 65.6866611, -3.49340338e-30, 65.5058514, 0, 1.2000002e-08, 1.2000002e-08, 1732.50456, 260548.412, -415.177196, 0.27, 3.332, 259231.085, 2.7205615, 65.6866611, 0, 7.65566024e+17, 0, 0, 0, 0
1.75, 0, 0, 1e+19, 0, 8.94297003e-22, 3.718e+18, 6.44e+20, 4.85, 4, 2.34455692, 12.1176471, 0.0128722772, 10215.4085, 0, 1.80984324e+18, 1.14843973e-15, 73.3859347, 2.32442558e-05, -1.44658371, 1e+19, 9.61805941e-08, 2.03857423, 10215.4082, 300.000112, 12.1176471, 12.1176471, 0.0128722772, 0.0128722772, 1e+19, 3.49937669e-30, 73.3859347, 0.132812311, 73.1927944, 2.73235421, -2.36302578e-33, 2.72165221, 73.3006093, -3.49937589e-30, 73.1078688, 0, 1.20000064e-08, 1.20000064e-08, 2118.71264, 260934.621, -415.177196, 0.27, 3.332, 259231.085, 2.73235421, 73.3006093, 0, 7.65566453e+17, 0, 0, 0, 0
1.81666667, 0, 0, 1e+19, 0, 8.94436e-22, 3.718e+18, 6.44e+20, 4.85, 4, 2.34453398, 12.1176471, 0.0128722772, 10237.3292, 0, 1.80983527e+18, 1.73601148e-15, 115.709033, 4.59468039e-05, -1.45225413, 1e+19, 1.45388446e-07, 7.60170538, 10237.3226, 300.000609, 12.1176471, 12.1176471, 0.0128722772, 0.0128722772, 1e+19, 5.31146416e-30, 115.709033, 0.132961043, 115.377148, 13.2292261, -5.74336144e-33, 13.1789823, 114.683584, -5.31146105e-30, 114.356188, 0, 1.20000346e-08, 1.20000346e-08, 5796.24223, 517168.147, -818.306096, 0.27, 3.332, 512190.211, 13.2292261, 114.683584, 0, 7.65574237e+17, 0, 0, 0, 0
1.875, 0, 0, 1e+19, 0, 8.94553072e-22, 3.718e+18, 6.44e+20, 4.85, 4, 2.34453398, 12.1176471, 0.0128722772, 10262.7926, 0, 1.80983906e+18, 1.73601148e-15, 145.048245, 4.59468039e-05, -1.45225413, 1e+19, 1.45388446e-07, 9.81505613, 10262.7854, 300.001028, 12.1176471, 12.1176471, 0.0128722772, 0.0128722772, 1e+19, 5.31815414e-30, 145.048245, 0.132881977, 144.658099, 13.263086, -5.74336144e-33, 13.2128422, 144.02278, -5.31815102e-30, 143.637123, 0, 1.20000584e-08, 1.20000584e-08, 8332.92276, 519704.827, -818.306096, 0.27, 3.332, 512190.211, 13.263086, 144.02278, 0, 7.655766e+17, 0, 0, 0, 0
1.94166667, 0, 0, 1e+19, 0, 8.94957601e-22, 3.718e+18, 6.44e+20, 4.85, 4, 2.34441618, 12.1176471, 0.0128722772, 10271.9953, 0, 1.8097797e+18, 3.86778286e-15, 404.68399, 0.000162470494, -1.4631714, 1e+19, 3.23916878e-07, 94.375197, 10270.8886, 300.002473, 12.1176471, 12.1176471, 0.0128722772, 0.0128722772, 1e+19, 1.21267453e-29, 404.68399, 0.131400446, 403.413144, 207.567128, -4.23573974e-32, 206.787057, 335.369628, -1.21266712e-29, 334.394578, 0, 1.20001405e-08, 1.20001405e-08, 114310.587, 1923050.15, -2720.74951, 0.27, 3.332, 1811460.31, 207.567128, 335.369628, 0, 7.65614292e+17, 0, 0, 0, 0
2, 0, 0, 1e+19, 0, 8.95311088e-22, 3.718e+18, 6.44e+20, 4.85, 4, 2.34441618, 12.1176471, 0.0128722772, 8169.85272, 0, 1.80979113e+18, 3.86778286e-15, 644.316742, 0.000162470494, -1.4631714, 1e+19, 3.23916878e-07, 525.584185, 8147.16738, 300.003737, 12.1176471, 12.1176471, 0.0128722772, 0.0128722772, 1e+19, 1.21508449e-29, 644.316742, 0.13008941, 642.275916, 420.544588, -4.25090478e-32, 418.861059, 485.821136, -1.21507705e-29, 484.61756, 0, 1.20002122e-08, 1.20002122e-08, 243360.402, 2052099.97, -2720.74951, 0.27, 3.332, 1811460.31, 420.544588, 485.821136, 0, 7.65621424e+17, 0, 0, 0, 0
2.06666667, 0, 0, 1e+19, 0, 8.95610836e-22, 3.718e+18, 6.44e+20, 4.85, 4, 2.34206113, 12.1176471, 0.0128722772, 5679.83163, 0, 1.79350151e+18, 2.39475169e-14, 659.721084, 0.00225691112, -1.48594689, 1e+19, 2.00519227e-06, 783.315778, 5610.64321, 300.004807, 12.1176471, 12.1176471, 0.0128722772, 0.0128722772, 1e+19, 7.77718148e-29, 659.721084, 0.129262615, 657.482928, 572.757583, -1.05941962e-31, 570.502874, 236.318371, -7.77717425e-29, 235.876893, 0, 1.2000273e-08, 1.2000273e-08, 237766.447, 245272.986, 84.0872469, 0.27, 3.332, 7422.45157, 572.757583, 236.318371, 0, 7.72456046e+17, 0, 0, 0, 0
2.125, 0, 0, 1e+19, 0, 8.95869543e-22, 3.718e+18, 6.44e+20, 4.85, 4, 2.32784838, 12.1176471, 0.0128722772, 1768.54816, 0, 1.19966631e+18, 2.41193942e-14, 687.987356, 0.00421656949, -2.72826091, 1e+19, 2.01958451e-06, 811.762646, 1280.29162, 300.005731, 12.1176471, 12.1176471, 0.0128722772, 0.0128722772, 1e+19, 7.81932897e-29, 687.987356, 0.128448476, 685.021935, 686.67639, -1.06305394e-31, 683.715672, 41.3407345, -7.81932174e-29, 41.1817781, 0, 1.20003255e-08, 1.20003255e-08, 233816.532, 723811.898, -27.3996045, 0.27, 3.332, 490022.766, 686.67639, 41.3407345, 0, 1.19581751e+18, 0, 0, 0, 0
2.19166667, 0, 0, 1e+19, 0, 8.95935032e-22, 3.718e+18, 6.44e+20, 4.85, 4, 2.32609218, 12.1176471, 0.0128722772, 597.198675, 0, 1.19962649e+18, 6.13404064e-14, 636.885403, 0.00597176883, -2.73943308, 1e+19, 5.1361899e-06, 596.37094, 31.1230019, 300.005965, 12.1176471, 12.1176471, 0.0128722772, 0.0128722772, 1e+19, 2.00437114e-28, 636.885403, 0.128994852, 634.113997, 636.502256, -1.71158628e-31, 633.732071, 20.1805181, -2.00437041e-28, 20.1002083, 0, 1.20003388e-08, 1.20003388e-08, 206035.45, 688655.921, -9.04004827, 0.27, 3.332, 482629.51, 636.502256, 20.1805181, 0, 1.19585966e+18, 0, 0, 0, 0
2.25, 0, 0, 1e+19, 0, 8.95985287e-22, 3.718e+18, 6.44e+20, 4.85, 4, 2.32450144, 12.1176471, 0.0128722772, 250.216346, 0, 1.19788914e+18, 6.15953577e-14, 524.673878, 0.00752076144, -2.74881494, 1e+19, 5.15753723e-06, 249.903069, 11.1219265, 300.006144, 12.1176471, 12.1176471, 0.0128722772, 0.0128722772, 1e+19, 2.01163425e-28, 524.673878, 0.128957721, 522.181051, 524.619532, -1.71560934e-31, 522.126993, 7.24343113, -2.01163352e-28, 7.20553888, 0, 1.2000349e-08, 1.2000349e-08, 146087.016, 147943.832, 812.509215, 0.27, 3.332, 1044.30556, 524.619532, 7.24343113, 0, 1.19756189e+18, 0, 0, 0, 0
2.31666667, 0, 0, 1e+19, 0, 8.95962492e-22, 3.718e+18, 6.44e+20, 4.85, 4, 2.32292858, 12.1176471, 0.0128722772, 236.010415, 0, 1.19788503e+18, 1.20002857e-13, 494.046391, 0.00909353562, -2.75648503, 1e+19, 1.00481534e-05, 235.968174, 4.46037269, 300.006063, 12.1176471, 12.1176471, 0.0128722772, 0.0128722772, 1e+19, 3.92247932e-28, 494.046391, 0.12910178, 491.671425, 494.007914, -4.22306896e-31, 491.633178, 6.00457243, -3.92247705e-28, 5.97100267, 0, 1.20003444e-08, 1.20003444e-08, 131468.656, 133292.449, 805.763766, 0.27, 3.332, 1018.02877, 494.007914, 6.00457243, 0, 1.19756477e+18, 0, 0, 0, 0
2.375, 0, 0, 1e+19, 0, 8.95941055e-22, 3.718e+18, 6.44e+20, 4.85, 4, 2.32154794, 12.1176471, 0.0128722772, 223.512132, 0, 1.1977202e+18, 1.20403179e-13, 471.717606, 0.0104702336, -2.76308688, 1e+19, 1.00816733e-05, 223.492415, 2.34657454, 300.005987, 12.1176471, 12.1176471, 0.0128722772, 0.0128722772, 1e+19, 3.93386424e-28, 471.717606, 0.129004897, 469.483008, 471.682531, -4.23867989e-31, 469.448182, 5.49576461, -3.93386195e-28, 5.45882702, 0, 1.20003401e-08, 1.20003401e-08, 117965.909, 119193.617, 1090.88106, 0.27, 3.332, 136.826551, 471.682531, 5.49576461, 0, 1.19772515e+18, 0, 0, 0, 0
2.44166667, 0, 0, 1e+19, 0, 8.95897872e-22, 3.718e+18, 6.44e+20, 4.85, 4, 2.32012164, 12.1176471, 0.0128722772, 211.840503, 0, 1.19771631e+18, 2.90859157e-13, 444.653333, 0.0118964846, -2.77387834, 1e+19, 2.435443e-05, 211.835255, 1.23006671, 300.005833, 12.1176471, 12.1176471, 0.0128722772, 0.0128722772, 1e+19, 9.47057796e-28, 444.653333, 0.128945518, 442.523689, 444.616178, -1.30895208e-29, 442.486799, 5.42529243, -9.4696715e-28, 5.38818497, 0, 1.20003313e-08, 1.20003313e-08, 106376.452, 107600.64, 1090.7669, 0.27, 3.332, 133.420967, 444.616178, 5.42529243, 0, 1.1977268e+18, 0, 0, 0, 0
2.5, 0, 0, 1e+19, 0, 8.95860627e-22, 3.718e+18, 6.44e+20, 4.85, 4, 2.31887051, 12.1176471, 0.0128722772, 201.69976, 0, 1.19758483e+18, 2.92153929e-13, 425.872691, 0.0131444825, -2.78399405, 1e+19, 2.44628446e-05, 201.678914, -0.664055939, 300.0057, 12.1176471, 12.1176471, 0.0128722772, 0.0128722772, 1e+19, 9.50902043e-28, 425.872691, 0.128795353, 423.86308, 425.835206, -1.55772494e-29, 423.8259, 5.39691642, -9.50286964e-28, 5.3561842, 0, 1.20003237e-08, 1.20003237e-08, 96201.6333, 97626.9288, 1302.7193, 0.27, 3.332, 122.576182, 425.835206, 5.39691642, 0, 1.19785374e+18, 0, 0, 0, 0
2.56666667, 0, 0, 1e+19, 0, 8.95798275e-22, 3.718e+18, 6.44e+20, 4.85, 4, 2.31758859, 12.1176471, 0.0128722772, 190.222131, 0, 1.19757924e+18, 6.59447024e-12, 399.1563, 0.0144263157, -2.82578285, 1e+19, 0.00055217401, 190.205938, -2.00643003, 300.005477, 12.1176471, 12.1176471, 0.0128722772, 0.0128722772, 1e+19, 1.09136878e-25, 399.1563, 0.128632591, 397.252699, 399.115832, -1.09013888e-25, 397.212557, 5.35105215, -5.10717143e-27, 5.31017101, 0, 1.20003111e-08, 1.20003111e-08, 85920.7139, 87343.8817, 1303.10235, 0.27, 3.332, 120.065529, 399.115832, 5.35105215, 0, 1.19785611e+18, 0, 0, 0, 0
2.625, 0, 0, 1e+19, 0, 8.9574547e-22, 3.718e+18, 6.44e+20, 4.85, 4, 2.31646247, 12.1176471, 0.0128722772, 180.531753, 0, 1.19739006e+18, 8.14369629e-12, 380.657109, 0.0155479345, -2.9042181, 1e+19, 0.00068189455, 180.373708, -5.42367739, 300.005288, 12.1176471, 12.1176471, 0.0128722772, 0.0128722772, 1e+19, 1.37275674e-25, 380.657109, 0.128448128, 378.87443, 380.61613, -1.37156209e-25, 378.833793, 5.33502002, -5.1962324e-27, 5.29420879, 0, 1.20003003e-08, 1.20003003e-08, 76919.8266, 78413.8608, 1290.82043, 0.27, 3.332, 203.213779, 380.61613, 5.33502002, 0, 1.19803883e+18, 0, 0, 0, 0
2.69166667, 0, 0, 1e+19, 0, 8.95610251e-22, 3.718e+18, 6.44e+20, 4.85, 4, 2.31532318, 12.1176471, 0.0128722772, 171.203898, 0, 1.19737704e+18, 5.32877124e-08, 356.572932, 0.0166870241, -3.02713941, 1e+19, 4.46195197, 170.96037, -9.01024907, 300.004806, 12.1176471, 12.1176471, 0.0128722772, 0.0128722772, 1e+19, 1.01649841e-21, 356.572932, 0.128226149, 354.895653, 356.540674, -1.0164932e-21, 354.863725, 4.6157852, -3.25486753e-24, 4.57620335, 0, 1.20002729e-08, 1.20002729e-08, 68603.1501, 70366.3294, 1271.11368, 0.27, 3.332, 492.065582, 356.540674, 4.6157852, 0, 1.19804481e+18, 0, 0, 0, 0
2.75, 0, 0, 1e+19, 0, 8.95495554e-22, 3.718e+18, 6.44e+20, 4.85, 4, 2.31431597, 12.1176471, 0.0128722772, 171.998745, 0, 1.19694569e+18, 7.07198028e-08, 339.803307, 0.0176839679, -3.13866052, 1e+19, 5.92157938, 166.394931, -33.8991228, 300.004396, 12.1176471, 12.1176471, 0.0128722772, 0.0128722772, 1e+19, 1.30585967e-21, 339.803307, 0.128015011, 338.244947, 339.772469, -1.30585371e-21, 338.214377, 4.37706589, -3.91109755e-24, 4.34449882, 0, 1.20002497e-08, 1.20002497e-08, 61344.7941, 64339.0787, 835.728711, 0.27, 3.332, 2158.55587, 339.772469, 4.37706589, 0, 1.19846191e+18, 0, 0, 0, 0
2.81666667, 0, 0, 1e+19, 0, 8.95240436e-22, 3.718e+18, 6.44e+20, 4.85, 4, 2.31326885, 12.1176471, 0.0128722772, 2072.03355, 0, 1.19597387e+18, 0.000495196789, 335.163309, 0.0187079356, -3.26359843, 1e+19, 41464.1569, 2066.17845, 6.58996153, 300.003484, 12.1176471, 12.1176471, 0.0128722772, 0.0128722772, 1e+19, 8.00506128e-18, 335.163309, 0.127806778, 333.486352, 335.131678, -8.00501974e-18, 333.45468, -2.13266347, -2.57858143e-20, -2.15136123, 0, 1.20001979e-08, 1.20001979e-08, 63749.7062, 748571.278, 140.661902, 0.27, 3.332, 684680.909, 335.131678, -2.13266347, 0, 1.1994029e+18, 0, 0, 0, 0
2.875, 0, 0, 1e+19, 0, 8.95013102e-22, 3.718e+18, 6.44e+20, 4.85, 4, 2.31223328, 12.1176471, 0.0128722772, 4237.08975, 0, 1.19029051e+18, 0.000674648938, 338.661326, 0.0196067293, -3.37403479, 1e+19, 56488.7498, 4224.40773, 271.954061, 300.002672, 12.1176471, 12.1176471, 0.0128722772, 0.0128722772, 1e+19, 1.06018403e-17, 338.661326, 0.127594298, 336.825938, 338.625039, -1.06017923e-17, 336.789958, -4.88079464, -3.15605938e-20, -4.83669904, 0, 1.20001517e-08, 1.20001517e-08, 68105.1443, 1374219.11, -4139.68912, 0.27, 3.332, 1310253.66, 338.625039, -4.88079464, 0, 1.20499269e+18, 0, 0, 0, 0
2.94166667, 0, 0, 1e+19, 0, 8.95372601e-22, 3.718e+18, 6.44e+20, 4.85, 4, 2.26389707, 34.5929412, 0.24055087, 6087.82554, 0, 2.09538481e+17, 0.826080847, 334.34664, 0.0215351653, -3.43101759, 1e+19, 85740599.9, 6051.26904, 665.784165, 300.003957, 34.5929412, 57.0682353, 0.24055087, 0.468229463, 1e+19, 2.8552469e-15, 334.34664, 0.127338048, 332.090555, 334.307228, -2.63516143e-16, 332.041594, 1.78451713, -2.84069799e-15, 2.34176428, 0, 1.20002247e-08, 1.20002247e-08, 99666.9441, 1435345.83, 1459.68792, 0.27, 3.332, 1334219.2, 334.307228, 1.78451713, 0, 1.96181948e+17, 0, 0, 0, 0
3, 0, 0, 1e+19, 0, 8.95681657e-22, 3.718e+18, 6.44e+20, 4.85, 4, 2.22333421, 54.2588235, 0.439769639, 7193.08572, 0, 4.89563345e+16, 1.33424997, 336.624867, 0.0232167885, -3.48281104, 1e+19, 117320617, 7059.16139, 1281.3687, 300.00506, 54.2588235, 96.4, 0.439769639, 0.866667, 1e+19, 3.51797931e-15, 336.624867, 0.127094651, 333.896797, 336.588698, -3.38784456e-16, 333.848333, 4.72125923, -3.50144959e-15, 5.45560449, 0, 1.20002874e-08, 1.20002874e-08, 130446.567, 1507692.62, 5125.41561, 0.27, 3.332, 1372120.65, 336.588698, 4.72125923, 0, 3.93728007e+16, 0, 0, 0, 0
3, 0, 0, 5e+16, 0, 8.95681657e-22, 3.718e+18, 6.44e+20, 4.85, 4, 2.22333421, 54.2588235, 0.439769639, 1320.0636, 0, 4.89563345e+16, 1.33424997, 336.624867, 0.0232167885, -3.48281104, 5e+16, 117320617, 775.678387, 1068.12351, 300.00506, 54.2588235, 96.4, 0.439769639, 0.866667, 5e+16, 3.51797931e-15, 336.624867, 0.127094651, 333.896797, 336.588698, -3.38784456e-16, 333.848333, 4.72125923, -3.50144959e-15, 5.45560449, 0, 1.20002874e-08, 1.20002874e-08, 130446.567, 1507692.62, 5125.41561, 0.27, 3.332, 1372120.65, 336.588698, 4.72125923, 0, 3.93728007e+16, 0, 0, 0, 0
3.06666667, 0, 0, 5e+16, 0, 8.96423134e-22, 3.718e+18, 6.44e+20, 4.85, 4, 2.21840943, 76.7341176, 0.667448232, 1148.32896, 0, 4.61366801e+16, 2.74794252, 306.225839, 0.0266002622, -3.49509769, 5e+16, 330522941, 722.64211, 889.267245, 300.007706, 76.7341176, 96.4, 0.667448232, 0.866667, 5e+16, 1.05825512e-14, 306.225839, 0.126707547, 303.434174, 306.090918, -9.89407359e-16, 303.270155, 7.77302709, -1.05359981e-14, 8.60628284, 0, 1.20004377e-08, 1.20004377e-08, 139747.06, 843783.259, 13766.2441, 0.27, 3.332, 690269.958, 306.090918, 7.77302709, 0, 3.98291098e+16, 0, 0, 0, 0
3.125, 0, 0, 5e+16, 0, 8.97065692e-22, 3.718e+18, 6.44e+20, 4.85, 4, 2.21293563, 96.4, 0.866667, 830.75272, 0, 4.18745255e+16, 4.68790334, 279.895786, 0.0295556985, -3.50568924, 5e+16, 418675762, 618.87993, 547.725914, 300.009999, 96.4, 96.4, 0.866667, 0.866667, 5e+16, 1.23825828e-14, 279.895786, 0.126398199, 277.039692, 279.740034, -1.19401195e-15, 276.856884, 8.97442847, -1.23243662e-14, 9.57974852, 0, 1.2000568e-08, 1.2000568e-08, 146305.062, 237093.995, 24207.7301, 0.27, 3.332, 66581.2034, 279.740034, 8.97442847, 0, 4.06394791e+16, 0, 0, 0, 0
3.19166667, 0, 0, 5e+16, 0, 8.97322121e-22, 3.718e+18, 6.44e+20, 4.85, 4, 2.21000113, 96.4, 0.866667, 618.12597, 0, 4.16516341e+16, 7.93990485, 236.625647, 0.0323512008, -3.51625094, 5e+16, 915494023, 484.341215, 381.531415, 300.010913, 96.4, 96.4, 0.866667, 0.866667, 5e+16, 2.90454442e-14, 236.625647, 0.125940797, 234.204393, 236.408768, -2.71062564e-15, 233.948822, 9.22577487, -2.89180674e-14, 9.83978559, 0, 1.20006199e-08, 1.20006199e-08, 113627.668, 185739.114, 26726.2262, 0.27, 3.332, 45385.2198, 236.408768, 9.22577487, 0, 4.06796429e+16, 0, 0, 0, 0
3.25, 0, 0, 5e+16, 0, 8.97536579e-22, 3.718e+18, 6.44e+20, 4.85, 4, 2.20725922, 96.4, 0.866667, 476.213601, 0, 4.11808291e+16, 12.4871915, 202.199547, 0.0347976501, -3.52541384, 5e+16, 1.11705008e+09, 361.286869, 309.486837, 300.011677, 96.4, 96.4, 0.866667, 0.866667, 5e+16, 3.32305437e-14, 202.199547, 0.125592871, 200.247271, 201.975754, -3.19871973e-15, 199.987441, 9.08481261, -3.30746103e-14, 9.60279392, 0, 1.20006633e-08, 1.20006633e-08, 82036.2843, 120432.238, 29957.116, 0.27, 3.332, 8438.83747, 201.975754, 9.08481261, 0, 4.07671769e+16, 0, 0, 0, 0
3.31666667, 0, 0, 5e+16, 0, 8.97532225e-22, 3.718e+18, 6.44e+20, 4.85, 4, 2.20533342, 96.4, 0.866667, 395.71444, 0, 4.11201072e+16, 20.5204609, 154.785197, 0.036685167, -3.53631286, 5e+16, 2.33837006e+09, 280.133255, 275.047188, 300.011662, 96.4, 96.4, 0.866667, 0.866667, 5e+16, 7.44448317e-14, 154.785197, 0.125091109, 153.35537, 154.418309, -9.01271606e-15, 152.926956, 9.24995208, -7.38971517e-14, 9.75831947, 0, 1.20006624e-08, 1.20006624e-08, 55577.6578, 93305.8745, 30852.6668, 0.27, 3.332, 6875.54984, 154.418309, 9.24995208, 0, 4.07782283e+16, 0, 0, 0, 0
3.375, 0, 0, 5e+16, 0, 8.97525481e-22, 3.718e+18, 6.44e+20, 4.85, 4, 2.20359155, 96.4, 0.866667, 323.672303, 0, 4.09770824e+16, 31.6797254, 120.821218, 0.0383366145, -3.5458261, 5e+16, 2.83376549e+09, 207.349289, 248.205453, 300.011638, 96.4, 96.4, 0.866667, 0.866667, 5e+16, 8.48128085e-14, 120.821218, 0.124712816, 119.950775, 120.430124, -1.08801249e-14, 119.502237, 9.27389288, -8.41042256e-14, 9.73341259, 0, 1.20006611e-08, 1.20006611e-08, 31727.0143, 67557.2132, 32149.6013, 0.27, 3.332, 3680.5976, 120.430124, 9.27389288, 0, 4.08047288e+16, 0, 0, 0, 0
3.44166667, 0, 0, 5e+16, 0, 8.97438557e-22, 3.718e+18, 6.44e+20, 4.85, 4, 2.20264287, 96.4, 0.866667, 271.479647, 0, 4.09407323e+16, 56.9134398, 72.7338471, 0.0392624209, -3.56002179, 5e+16, 6.86580138e+09, 128.818109, 230.605524, 300.011328, 96.4, 96.4, 0.866667, 0.866667, 5e+16, 2.21082161e-13, 72.7338471, 0.124167275, 72.4939995, 71.6090279, -3.37935006e-14, 71.1952932, 9.3219484, -2.18484099e-13, 9.76252102, 0, 1.20006435e-08, 1.20006435e-08, 18292.4516, 54088.983, 32537.7168, 0.27, 3.332, 3258.81457, 71.6090279, 9.3219484, 0, 4.08113406e+16, 0, 0, 0, 0
3.5, 0, 0, 5e+16, 0, 8.97363051e-22, 3.718e+18, 6.44e+20, 4.85, 4, 2.20177537, 96.4, 0.866667, 219.19071, 0, 4.08499653e+16, 95.1704544, 38.5340644, 0.0400724532, -3.57245216, 5e+16, 8.50782066e+09, 59.7820244, 210.880689, 300.011059, 96.4, 96.4, 0.866667, 0.866667, 5e+16, 2.55512819e-13, 38.5340644, 0.123754999, 38.8581741, 37.2800188, -4.11707304e-14, 37.4521764, 9.32682005, -2.52136247e-13, 9.73263985, 0, 1.20006281e-08, 1.20006281e-08, 6322.15478, 42037.1314, 33249.2373, 0.27, 3.332, 2465.73927, 37.2800188, 9.32682005, 0, 4.08281242e+16, 0, 0, 0, 0
3.56666667, 0, 0, 5e+16, 0, 8.97251608e-22, 3.718e+18, 6.44e+20, 4.85, 4, 2.20180568, 96.4, 0.866667, 205.469562, 0, 4.0814597e+16, 181.734539, 43.590348, 0.0400198754, -3.58920733, 5e+16, 2.28026652e+10, -18.4930914, 195.172443, 300.010662, 96.4, 96.4, 0.866667, 0.866667, 5e+16, 7.32570259e-13, 43.590348, 0.123165449, 43.213583, -11.8241362, -8.11695211e-14, -11.1202773, 9.28521679, -7.27859237e-13, 9.66951857, 0, 1.20006056e-08, 1.20006056e-08, 7102.6638, 42656.3127, 33432.6312, 0.27, 3.332, 2121.01767, -11.8241362, 9.28521679, 0, 4.08345633e+16, 0, 0, 0, 0
3.625, 0, 0, 5e+16, 0, 8.97155764e-22, 3.718e+18, 6.44e+20, 4.85, 4, 2.20179605, 96.4, 0.866667, 196.850147, 0, 4.07270218e+16, 320.624593, 47.1164273, 0.0399739299, -3.60387692, 5e+16, 2.86438261e+10, -86.6590405, 174.264631, 300.01032, 96.4, 96.4, 0.866667, 0.866667, 5e+16, 8.52518092e-13, 47.1164273, 0.122717026, 45.9522935, -46.1101551, -9.40303369e-14, -44.7994952, 9.26102719, -8.47257807e-13, 9.61800429, 0, 1.20005862e-08, 1.20005862e-08, 7772.52151, 43172.0073, 33879.6293, 0.27, 3.332, 1519.85645, -46.1101551, 9.26102719, 0, 4.08507451e+16, 0, 0, 0, 0
3.69166667, 0, 0, 5e+16, 0, 8.97036452e-22, 3.718e+18, 6.44e+20, 4.85, 4, 2.20280208, 96.4, 0.866667, 227.171567, 0, 4.06839243e+16, 489.178319, 95.3036541, 0.0389406372, -3.61580623, 5e+16, 5.32202224e+10, -164.0933, 155.053528, 300.009894, 96.4, 96.4, 0.866667, 0.866667, 5e+16, 1.67912424e-12, 95.3036541, 0.122082304, 93.4719126, -94.8555724, -1.64329628e-13, -92.9895322, 9.12479642, -1.67094058e-12, 9.45061917, 0, 1.20005621e-08, 1.20005621e-08, 22818.5719, 57655.5789, 33821.837, 0.27, 3.332, 1015.16995, -94.8555724, 9.12479642, 0, 4.08586144e+16, 0, 0, 0, 0
3.75, 0, 0, 5e+16, 0, 8.96934019e-22, 3.718e+18, 6.44e+20, 4.85, 4, 2.20363704, 96.4, 0.866667, 269.078817, 0, 4.05756367e+16, 708.414065, 128.976921, 0.0380366962, -3.62621597, 5e+16, 6.32725791e+10, -230.898697, 127.322404, 300.00953, 96.4, 96.4, 0.866667, 0.866667, 5e+16, 1.88704217e-12, 128.976921, 0.121595251, 126.522654, -128.626959, -1.87112136e-13, -126.126653, 9.06453286, -1.87763397e-12, 9.36575286, 0, 1.20005413e-08, 1.20005413e-08, 36025.3069, 70173.8571, 34028.228, 0.27, 3.332, 120.322153, -128.626959, 9.06453286, 0, 4.08786263e+16, 0, 0, 0, 0
3.81666667, 0, 0, 5e+16, 0, 8.96812368e-22, 3.718e+18, 6.44e+20, 4.85, 4, 2.20560344, 96.4, 0.866667, 322.34982, 0, 4.05142929e+16, 1028.1784, 176.459637, 0.0360312559, -3.63781452, 5e+16, 1.0867236e+11, -306.379066, 99.7206936, 300.009095, 96.4, 96.4, 0.866667, 0.866667, 5e+16, 3.42046055e-12, 176.459637, 0.120913995, 173.393798, -176.240173, -4.25699349e-13, -173.153499, 8.77324289, -3.39386294e-12, 9.03235339, 0, 1.20005166e-08, 1.20005166e-08, 64554.2198, 97502.6768, 33683.3371, 0.27, 3.332, -734.880384, -176.240173, 8.77324289, 0, 4.0889874e+16, 0, 0, 0, 0
3.875, 0, 0, 5e+16, 0, 8.96707957e-22, 3.718e+18, 6.44e+20, 4.85, 4, 2.2072587, 96.4, 0.866667, 382.493085, 0, 4.03595959e+16, 1428.0202, 209.004188, 0.0342769069, -3.64796382, 5e+16, 1.27422647e+11, -370.614405, 58.5422604, 300.008723, 96.4, 96.4, 0.866667, 0.866667, 5e+16, 3.81029197e-12, 209.004188, 0.120385446, 205.271818, -208.807449, -5.03642954e-13, -205.051163, 8.65158267, -3.77645596e-12, 8.88958813, 0, 1.20004955e-08, 1.20004955e-08, 89384.8771, 120633.17, 33594.6522, 0.27, 3.332, -2346.35997, -208.807449, 8.65158267, 0, 4.09184741e+16, 0, 0, 0, 0
3.94166667, 0, 0, 5e+16, 0, 8.96586612e-22, 3.718e+18, 6.44e+20, 4.85, 4, 2.21015317, 96.4, 0.866667, 443.820325, 0, 4.02676614e+16, 2309.35063, 254.316762, 0.0313234763, -3.66328668, 5e+16, 2.59537329e+11, -442.34684, 15.8055965, 300.00829, 96.4, 96.4, 0.866667, 0.866667, 5e+16, 8.31138725e-12, 254.316762, 0.119656404, 249.947242, -254.18391, -1.42220267e-12, -249.802521, 8.14170859, -8.18875521e-12, 8.31971186, 0, 1.20004709e-08, 1.20004709e-08, 129526.617, 158476.415, 32791.328, 0.27, 3.332, -3841.52955, -254.18391, 8.14170859, 0, 4.09354165e+16, 0, 0, 0, 0
4, 0, 0, 5e+16, 0, 8.96482382e-22, 3.718e+18, 6.44e+20, 4.85, 4, 2.2125849, 96.4, 0.866667, 514.557308, 0, 4.00325182e+16, 3530.96311, 284.606819, 0.0287399616, -3.67669694, 5e+16, 3.14597473e+11, -502.038122, -48.5423707, 300.007919, 96.4, 96.4, 0.866667, 0.866667, 5e+16, 9.46764532e-12, 284.606819, 0.119083004, 279.525907, -284.485226, -1.72749859e-12, -279.3908, 7.93054133, -9.30663181e-12, 8.09253484, 0, 1.20004498e-08, 1.20004498e-08, 163916.427, 189382.761, 32243.8298, 0.27, 3.332, -6777.49663, -284.485226, 7.93054133, 0, 4.09789022e+16, 0, 0, 0, 0
4.06666667, 0, 0, 5e+16, 0, 8.96361913e-22, 3.718e+18, 6.44e+20, 4.85, 4, 2.21634856, 96.4, 0.866667, 581.527204, 0, 3.98875145e+16, 6428.28532, 326.164957, 0.0248823496, -3.69595141, 5e+16, 7.76205104e+11, -567.527369, -116.28385, 300.007489, 96.4, 96.4, 0.866667, 0.866667, 5e+16, 2.52578585e-11, 326.164957, 0.118305004, 320.405101, -326.085771, -5.80530802e-12, -320.319823, 7.10128396, -2.45815994e-11, 7.19054231, 0, 1.20004254e-08, 1.20004254e-08, 212317.13, 233842.23, 30871.805, 0.27, 3.332, -9346.70503, -326.085771, 7.10128396, 0, 4.10058055e+16, 0, 0, 0, 0
4.125, 0, 0, 5e+16, 0, 8.96258291e-22, 3.718e+18, 6.44e+20, 4.85, 4, 2.2194817, 96.4, 0.866667, 672.401226, 0, 3.95184298e+16, 10950.9907, 352.628148, 0.0215081717, -3.71285815, 5e+16, 9.72661023e+11, -619.731063, -219.319971, 300.007119, 96.4, 96.4, 0.866667, 0.866667, 5e+16, 2.94240535e-11, 352.628148, 0.117682619, 346.105966, -352.556543, -7.28372501e-12, -346.026941, 6.75750348, -2.84898761e-11, 6.84584856, 0, 1.20004044e-08, 1.20004044e-08, 252561.946, 267659.319, 29651.8734, 0.27, 3.332, -14554.5007, -352.556543, 6.75750348, 0, 4.10740686e+16, 0, 0, 0, 0
4.19166667, 0, 0, 5e+16, 0, 8.9613825e-22, 3.718e+18, 6.44e+20, 4.85, 4, 2.22401999, 96.4, 0.866667, 754.018886, 0, 3.92842885e+16, 22547.8849, 388.282808, 0.016815899, -3.73606895, 5e+16, 2.93823432e+12, -675.232792, -329.036456, 300.006691, 96.4, 96.4, 0.866667, 0.866667, 5e+16, 1.27796549e-10, 388.282808, 0.11685458, 381.0337, -388.243475, -9.23771774e-11, -380.991914, 5.47604251, -8.71935261e-11, 5.49037099, 0, 1.200038e-08, 1.200038e-08, 304011.312, 312566.884, 27527.0099, 0.27, 3.332, -18971.4381, -388.243475, 5.47604251, 0, 4.11179372e+16, 0, 0, 0, 0
4.25, 0, 0, 5e+16, 0, 8.96034619e-22, 3.718e+18, 6.44e+20, 4.85, 4, 2.22773155, 96.4, 0.866667, 892.986134, 0, 3.86946907e+16, 43953.463, 408.629342, 0.0127121478, -3.75703815, 5e+16, 3.85607547e+12, -715.068817, -498.633299, 300.006321, 96.4, 96.4, 0.866667, 0.866667, 5e+16, 1.62491141e-10, 408.629342, 0.116177893, 400.565792, -408.595741, -1.25123124e-10, -400.528396, 4.9405306, -1.02917869e-10, 4.98827192, 0, 1.2000359e-08, 1.2000359e-08, 344248.334, 341470.91, 25282.6442, 0.27, 3.332, -28060.0678, -408.595741, 4.9405306, 0, 4.12269699e+16, 0, 0, 0, 0
4.31666667, 0, 0, 5e+16, 0, 8.95911967e-22, 3.718e+18, 6.44e+20, 4.85, 4, 2.23289332, 96.4, 0.866667, 1020.39199, 0, 3.83007577e+16, 195516.449, 435.083563, 0.00728508023, -3.80078661, 5e+16, 4.47116554e+13, -753.635491, -684.127108, 300.005883, 96.4, 96.4, 0.866667, 0.866667, 5e+16, 2.82647411e-09, 435.083563, 0.115299913, 426.254109, -435.07399, -2.52982537e-09, -426.244052, 2.88535822, -1.26012713e-09, 2.89662243, 0, 1.20003341e-08, 1.20003341e-08, 390970.586, 377010.486, 22208.128, 0.27, 3.332, -36168.2278, -435.07399, 2.88535822, 0, 4.13019011e+16, 0, 0, 0, 0
4.375, 0, 0, 5e+16, 0, 8.95805298e-22, 3.718e+18, 6.44e+20, 4.85, 4, 2.23697476, 96.4, 0.866667, 1273.22496, 0, 3.73328518e+16, 749677.433, 445.642814, 0.00253980408, -3.83961507, 5e+16, 6.49974027e+13, -770.057563, -981.26425, 300.005502, 96.4, 96.4, 0.866667, 0.866667, 5e+16, 3.81418427e-09, 445.642814, 0.114562254, 435.965637, -445.636856, -3.46483312e-09, -435.957922, 2.01961042, -1.58149107e-09, 2.14227629, 0, 1.20003125e-08, 1.20003125e-08, 422190.021, 387953.15, 18407.4924, 0.27, 3.332, -52644.3627, -445.636856, 2.01961041, 0, 4.14808252e+16, 0, 0, 0, 0
4.44166667, 0, 0, 5e+16, 0, 8.9567631e-22, 3.718e+18, 6.44e+20, 4.85, 4, 2.24248626, 96.4, 0.866667, 1546.02234, 0, 3.66068938e+16, 4361519.44, 455.635204, -0.00348095315, -3.89065242, 5e+16, 1.20310198e+15, -766.951687, -1341.76435, 300.005041, 96.4, 96.4, 0.866667, 0.866667, 5e+16, 6.93851657e-08, 455.635204, 0.113644115, 445.205227, -455.625821, -5.92176359e-08, -445.198474, -2.03916696, -3.61172725e-08, -1.81667056, 0, 1.20002863e-08, 1.20002863e-08, 450928.449, 391713.138, 14032.1806, 0.27, 3.332, -73247.491, -455.625821, -2.03916699, 0, 4.16223281e+16, 0, 0, 0, 0
4.5, 0, 0, 5e+16, 0, 8.95562397e-22, 3.718e+18, 6.44e+20, 4.85, 4, 2.24650764, 96.4, 0.866667, 2124.60502, 0, 3.48986629e+16, 20638412.6, 448.218891, -0.00874155782, -3.93485838, 5e+16, 1.78249771e+15, -712.037107, -1974.33674, 300.004634, 96.4, 96.4, 0.866667, 0.866667, 5e+16, 9.34504704e-08, 448.218891, 0.112840058, 436.994748, -448.203076, -8.12599137e-08, -436.982588, -3.76068968, -4.57818723e-08, -3.248537, 0, 1.20002632e-08, 1.20002632e-08, 456888.485, 354787.972, 7879.17108, 0.27, 3.332, -109979.684, -448.203076, -3.76068973, 0, 4.19379741e+16, 0, 0, 0, 0
4.56666667, 0, 0, 5e+16, 0, 8.95423424e-22, 3.718e+18, 6.44e+20, 4.85, 4, 2.25153654, 96.4, 0.866667, 3101.15245, 0, 3.30840297e+16, 111590029, 412.790263, -0.0151553146, -3.98351914, 5e+16, 2.85749269e+16, -458.693921, -3060.69422, 300.004138, 96.4, 96.4, 0.866667, 0.866667, 5e+16, 1.31150908e-06, 412.790263, 0.111947172, 400.945623, -412.383857, -8.65846851e-07, -400.583387, -15.5337203, -9.8185806e-07, -14.4370404, 0, 1.2000235e-08, 1.2000235e-08, 435358.792, 233056.313, 1901.36211, 0.27, 3.332, -204203.842, -412.383857, -15.5337213, 0, 4.23064218e+16, 0, 0, 0, 0
4.625, 0, 0, 5e+16, 0, 8.95298539e-22, 3.718e+18, 6.44e+20, 4.85, 4, 2.25398096, 96.4, 0.866667, 5237.24674, 0, 2.93072143e+16, 503633426, 362.472534, -0.0207417179, -4.02492476, 5e+16, 4.31540324e+16, 64.7936181, -5221.3301, 300.003692, 96.4, 96.4, 0.866667, 0.866667, 5e+16, 1.72827483e-06, 362.472533, 0.11108638, 350.197341, -361.913907, -1.18452034e-06, -349.720372, -20.1027046, -1.25201292e-06, -18.2320253, 0, 1.20002097e-08, 1.20002097e-08, 379391.107, 93919.6717, -6940.77279, 0.27, 3.332, -278530.663, -361.913908, -20.1027059, 0, 4.30071828e+16, 0, 0, 0, 0
4.69166667, 0, 0, 5e+16, 0, 8.95152692e-22, 3.718e+18, 6.44e+20, 4.85, 4, 2.25228537, 96.4, 0.866667, 11703.4894, 0, 2.10849016e+16, 2.38776285e+09, 224.595264, -0.0275787903, -4.06346346, 5e+16, 5.3281596e+17, 3412.0074, -11059.4849, 300.003171, 96.4, 96.4, 0.866667, 0.866667, 5e+16, 2.60484073e-05, 224.595262, 0.110229223, 212.757821, -221.925654, 3.80989772e-06, -210.81019, -29.3487766, -2.55479213e-05, -24.5157595, 0, 1.20001801e-08, 1.20001801e-08, 247867.981, 100509.021, -22790.1659, 0.27, 3.332, -124568.794, -221.92565, -29.3488022, 0, 4.47612416e+16, 0, 0, 0, 0
4.75, 0, 0, 5e+16, 0, 8.95022703e-22, 3.718e+18, 6.44e+20, 4.85, 4, 2.24255989, 96.4, 0.866667, 21342.3885, 0, 1.15134345e+16, 1.0928499e+10, 146.932814, -0.0335155586, -4.09306091, 5e+16, 9.12800393e+17, 8311.34826, -19657.3629, 300.002706, 96.4, 96.4, 0.866667, 0.866667, 5e+16, 3.53578258e-05, 146.932815, 0.109251456, 136.958837, -144.029337, 8.46941174e-06, -135.096619, -28.7179079, -3.40109724e-05, -20.9177554, 0, 1.20001537e-08, 1.20001537e-08, 154375.451, 113239.326, -29776.1998, 0.27, 3.332, -11359.925, -144.029329, -28.7179419, 0, 4.6716742e+16, 0, 0, 0, 0
4.81666667, 0, 0, 5e+16, 0, 8.94855581e-22, 3.718e+18, 6.44e+20, 4.85, 4, 2.15633983, 96.3998442, 0.866667, 49560.4838, 0, 2.50062052e+14, 9.74022879e+10, 38.6991542, -0.0463215465, -4.06339324, 5e+16, 3.01654197e+19, 25007.4843, -42621.7056, 300.002109, 96.4, 96.3998442, 0.866667, 0.866667, 5e+16, 0.00359143072, 38.7003602, 0.10803677, 51.4253267, -38.2946251, 0.00170586542, -38.956817, -5.58908448, -0.00316043537, 15.8750183, 0, 1.20001198e-08, 1.20001198e-08, 44965.7371, -12422.2281, -13609.8858, 0.27, 3.332, -43778.0794, -38.2929193, -5.5922449, 0, 4.91489304e+16, 0, 0, 0, 0
4.875, 0, 0, 5e+16, 0, 8.94712874e-22, 3.718e+18, 6.44e+20, 4.85, 4, 2.04901788, 96.3997078, 0.866667, 86492.5374, 0, 2.59174896e+12, 1.21133946e+12, 1.16941458, -0.0571353906, -4.02123628, 5e+16, 4.24537605e+19, 45891.094, -73303.5799, 300.001599, 96.3999999, 96.3997078, 0.866667, 0.866667, 5e+16, 0.00870144729, 1.1750364, 0.106779392, 35.7879766, -1.16168228, 0.00653248769, -16.5821403, -0.176646424, -0.00484699171, 31.1722128, 0, 1.20000908e-08, 1.20000908e-08, 1358.31613, -8968.13528, -116.952063, 0.27, 3.332, -10209.4994, -1.1551498, -0.181493415, 0, 4.99979262e+16, 0, 0, 0, 0
4.94166667, 0, 0, 5e+16, 0, 8.94587678e-22, 3.718e+18, 6.44e+20, 4.85, 4, 1.61503124, 94.7831715, 0.866667, 127611.143, 0, 181414.765, 3.33362065e+13, 4.54272426, -0.0784714017, -3.67294815, 5e+16, 1.26835052e+19, 44628.9247, -118046.744, 300.001151, 96.3988795, 94.7831715, 0.866667, 0.866667, 5e+16, 4.52298954, 0.0292732999, 0.104971606, 75.7711075, -0.0289620445, -0.101633682, -14.1541363, -0.00425747186, -4.51831047, 72.0372994, 0, 1.20000654e-08, 1.20000654e-08, 381816.522, 637973.849, 3297.37003, 0.27, 3.332, 252859.959, -0.130595727, -4.52256794, 0, 4.99999512e+16, 0, 0, 0, 0
5, 0, 0, 5e+16, 0, 8.94493382e-22, 3.718e+18, 6.44e+20, 4.85, 4, 1.12646615, 93.3687022, 0.866667, 159372.975, 0, 0.0336227779, 1.74295988e+16, 102.593724, -0.0960616764, -3.34620928, 5e+16, 2030742.23, 31158.7945, -156139.521, 300.000814, 96.3923616, 93.3687022, 0.866667, 0.866667, 5e+16, 102.593724, 6.21682973e-14, 0.103317187, 174.323239, -6.32821423e-14, -98.1333064, -111.582683, -9.22604181e-15, -7.61685023, 100.313263, 0, 1.20000463e-08, 1.20000463e-08, 737752.168, 2997511.48, 1606094.76, 0.27, 3.332, 653664.553, -98.1333064, -7.61685023, 0, 5e+16, 0, 0, 0, 0
5.06666667, 0, 0, 5e+16, 0, 8.94464807e-22, 3.718e+18, 6.44e+20, 4.85, 4, 1.13485926, 93.5921933, 0.866667, 170204.288, 0, 0.000197266653, 3.424378e+16, 113.786104, -0.175315567, -3.37206138, 5e+16, 16438.8587, 10570.746, -169214.018, 300.000713, 96.393482, 93.5921933, 0.866667, 0.866667, 5e+16, 113.786104, 7.31149711e-16, 0.101148615, 188.692908, -7.23469429e-16, -98.5354736, -102.450357, -1.05697157e-16, -18.8022487, 114.57187, 0, 1.20000405e-08, 1.20000405e-08, 1891664.28, 4676408.38, 1607179.29, 0.27, 3.332, 1177564.8, -98.5354736, -18.8022487, 0, 5e+16, 0, 0, 0, 0
5.125, 0, 0, 5e+16, 0, 8.9444603e-22, 3.718e+18, 6.44e+20, 4.85, 4, 1.14558491, 93.7877481, 0.866667, 171132.414, 0, 0.000197160476, 3.76606218e+16, 212.809292, -0.243979055, -3.38524812, 5e+16, 16429.9869, -3341.3092, -171099.064, 300.000645, 96.4, 93.7877481, 0.866667, 0.866667, 5e+16, 212.809292, 7.30967569e-16, 0.0991205605, 276.797093, -7.23289189e-16, -197.309618, -189.703487, -1.05670901e-16, -26.5373676, 131.618434, 0, 1.20000367e-08, 1.20000367e-08, 2646037.92, 5732865.53, 989661.851, 0.27, 3.332, 2097165.76, -197.309618, -26.5373676, 0, 5e+16, 0, 0, 0, 0
5.19166667, 0, 0, 5e+16, 0, 8.94505926e-22, 3.718e+18, 6.44e+20, 4.85, 4, 1.17864073, 92.3750853, 0.866667, 180043.954, 0, 1.18186613e-06, 4.96304621e+16, 226.636523, -0.347597197, -3.4254386, 5e+16, 98.4886351, -4330.44193, -179987.513, 300.000859, 96.4, 92.3750853, 0.866667, 0.866667, 5e+16, 226.636523, 8.45041942e-18, 0.0966874608, 303.175289, -8.35974087e-18, -197.842232, -190.242743, -1.23463396e-18, -40.3544751, 158.083655, 0, 1.20000488e-08, 1.20000488e-08, 5139448.99, 8813749.01, 986648.465, 0.27, 3.332, 2687651.57, -197.842232, -40.3544751, 0, 5e+16, 0, 0, 0, 0
5.25, 0, 0, 5e+16, 0, 8.94559761e-22, 3.718e+18, 6.44e+20, 4.85, 4, 1.19019785, 91.1390053, 0.866667, 190017.507, 0, 1.18098945e-06, 5.04157727e+16, 246.200252, -0.431381024, -3.43740188, 5e+16, 98.4152824, -4552.16827, -189958.747, 300.001052, 96.4, 91.1390053, 0.866667, 0.866667, 5e+16, 246.200252, 8.44836694e-18, 0.0943598371, 328.279036, -8.35771011e-18, -216.741119, -210.727659, -1.23433617e-18, -49.9230889, 176.098283, 0, 1.20000598e-08, 1.20000598e-08, 7205472.32, 13065993.1, 2083297.38, 0.27, 3.332, 3777223.4, -216.741119, -49.9230889, 0, 5e+16, 0, 0, 0, 0
5.31666667, 0, 0, 5e+16, 0, 8.94701126e-22, 3.718e+18, 6.44e+20, 4.85, 4, 1.22980868, 88.5538273, 0.866667, 202662.423, 0, 6.36063848e-09, 5.95683727e+16, 262.225694, -0.543026567, -3.48132479, 5e+16, 0.530048903, -4906.16198, -202598.742, 300.001558, 96.4, 88.5538273, 0.866667, 0.866667, 5e+16, 262.225694, 5.83980019e-20, 0.0916801281, 354.501087, -5.77680878e-20, -217.195652, -211.131976, -8.55421591e-21, -65.94233, 202.363311, 0, 1.20000885e-08, 1.20000885e-08, 11484610, 18001500.3, 2080184.06, 0.27, 3.332, 4436706.33, -217.195652, -65.94233, 0, 5e+16, 0, 0, 0, 0
5.375, 0, 0, 5e+16, 0, 8.94820275e-22, 3.718e+18, 6.44e+20, 4.85, 4, 1.24311343, 86.2917966, 0.866667, 214190.174, 0, 6.35843465e-09, 6.04806076e+16, 308.368333, -0.632870181, -3.49502259, 5e+16, 0.529864456, -5096.38545, -214124.926, 300.001983, 96.4, 86.2917966, 0.866667, 0.866667, 5e+16, 308.368333, 5.83806039e-20, 0.0891348955, 403.111864, -5.77508796e-20, -262.406865, -256.332653, -8.55165316e-21, -77.035811, 220.315329, 0, 1.20001127e-08, 1.20001127e-08, 15833495.1, 24626208.1, 3198856.2, 0.27, 3.332, 5593856.75, -262.406865, -77.035811, 0, 5e+16, 0, 0, 0, 0
5.44166667, 0, 0, 5e+16, 0, 8.95038009e-22, 3.718e+18, 6.44e+20, 4.85, 4, 1.28624217, 83.024358, 0.866667, 227495.809, 0, 3.33279299e-11, 6.76714664e+16, 325.652698, -0.748407028, -3.54105471, 5e+16, 0.0027772831, -5280.48848, -227430.872, 300.002761, 96.4, 83.024358, 0.866667, 0.866667, 5e+16, 325.652698, 3.37630594e-22, 0.0863103764, 426.689254, -3.33982232e-22, -262.795493, -257.149824, -4.9500373e-23, -94.3164786, 243.929926, 0, 1.20001568e-08, 1.20001568e-08, 21399050, 30891784.9, 3195461.35, 0.27, 3.332, 6297273.49, -262.795493, -94.3164786, 0, 5e+16, 0, 0, 0, 0
5.5, 0, 0, 5e+16, 0, 8.95218391e-22, 3.718e+18, 6.44e+20, 4.85, 4, 1.3018545, 80.1653493, 0.866667, 239201.313, 0, 3.33240565e-11, 6.91662343e+16, 381.643203, -0.841799537, -3.55723208, 5e+16, 0.00277695883, -5430.06702, -239135.517, 300.003406, 96.4, 80.1653493, 0.866667, 0.866667, 5e+16, 381.643203, 3.3758416e-22, 0.083671002, 483.949342, -3.33936306e-22, -317.703578, -312.206207, -4.94935192e-23, -106.282653, 260.023295, 0, 1.20001935e-08, 1.20001935e-08, 27113254, 38918136.2, 4283579.78, 0.27, 3.332, 7521302.49, -317.703578, -106.282653, 0, 5e+16, 0, 0, 0, 0
5.56666667, 0, 0, 5e+16, 0, 8.95519063e-22, 3.718e+18, 6.44e+20, 4.85, 4, 1.34656283, 76.9071436, 0.866667, 252259.34, 0, 1.73073295e-13, 7.50303262e+16, 399.494117, -0.959043973, -3.60404302, 5e+16, 1.44224016e-05, -5505.76558, -252196.347, 300.004479, 96.4, 76.9071436, 0.866667, 0.866667, 5e+16, 399.494117, 1.82486192e-24, 0.0808130722, 504.309822, -1.80512724e-24, -318.018258, -313.243681, -2.67650252e-25, -124.131856, 280.410231, 0, 1.20002545e-08, 1.20002545e-08, 33519136.9, 46049800.4, 4279366.8, 0.27, 3.332, 8251296.73, -318.018258, -124.131856, 0, 5e+16, 0, 0, 0, 0
5.625, 0, 0, 5e+16, 0, 8.95766662e-22, 3.718e+18, 6.44e+20, 4.85, 4, 1.36409464, 74.0562137, 0.866667, 263586.179, 0, 1.73067153e-13, 7.7172787e+16, 456.695359, -1.0546009, -3.62230299, 5e+16, 1.44218871e-05, -5608.73489, -263523.011, 300.005364, 96.4, 74.0562137, 0.866667, 0.866667, 5e+16, 456.695359, 1.82477378e-24, 0.0781919646, 561.921534, -1.80504007e-24, -374.028016, -369.620916, -2.67637234e-25, -136.499313, 293.606, 0, 1.20003047e-08, 1.20003047e-08, 39892817.5, 54807782.1, 5396661.22, 0.27, 3.332, 9518303.41, -374.028016, -136.499313, 0, 5e+16, 0, 0, 0, 0
5.69166667, 0, 0, 5e+16, 0, 8.96154574e-22, 3.718e+18, 6.44e+20, 4.85, 4, 1.40931177, 71.166061, 0.866667, 276044.415, 0, 8.92231822e-16, 8.21782963e+16, 474.808322, -1.17245876, -3.66914322, 5e+16, 7.43498066e-08, -5645.4449, -275984.292, 300.006749, 96.4, 71.166061, 0.866667, 0.866667, 5e+16, 474.808322, 9.57048676e-27, 0.0753885906, 579.277334, -9.46695936e-27, -374.297874, -370.618629, -1.40388658e-27, -154.611395, 310.976378, 0, 1.20003833e-08, 1.20003833e-08, 47003425.1, 62663736.8, 5392633.36, 0.27, 3.332, 10267678.3, -374.297874, -154.611395, 0, 5e+16, 0, 0, 0, 0
5.75, 0, 0, 5e+16, 0, 8.96473327e-22, 3.718e+18, 6.44e+20, 4.85, 4, 1.42834024, 68.6371773, 0.866667, 286790.96, 0, 8.92222276e-16, 8.49087251e+16, 537.895083, -1.26942652, -3.68901706, 5e+16, 7.43490066e-08, -5737.29595, -286730.716, 300.007886, 96.4, 68.6371773, 0.866667, 0.866667, 5e+16, 537.895083, 9.57033806e-27, 0.0728606285, 641.650757, -9.46681229e-27, -436.195539, -432.918198, -1.40386461e-27, -167.16107, 320.97129, 0, 1.20004479e-08, 1.20004479e-08, 53942621.4, 72106439.7, 6597908.72, 0.27, 3.332, 11565909.6, -436.195539, -167.16107, 0, 5e+16, 0, 0, 0, 0
5.81666667, 0, 0, 5e+16, 0, 8.96971228e-22, 3.718e+18, 6.44e+20, 4.85, 4, 1.47400699, 66.1787056, 0.866667, 298572.831, 0, 4.60250985e-18, 8.93716392e+16, 556.18492, -1.38772975, -3.73600613, 5e+16, 3.83521755e-10, -5796.58946, -298514.465, 300.009662, 96.4, 66.1787056, 0.866667, 0.866667, 5e+16, 556.18492, 4.97697788e-29, 0.0701687369, 656.564312, -4.92314731e-29, -436.465514, -433.839386, -7.30020117e-30, -185.449721, 335.891714, 0, 1.20005488e-08, 1.20005488e-08, 61722510.8, 80652039.1, 6593659.78, 0.27, 3.332, 12335868.5, -436.465514, -185.449721, 0, 5e+16, 0, 0, 0, 0
5.875, 0, 0, 5e+16, 0, 8.97380415e-22, 3.718e+18, 6.44e+20, 4.85, 4, 1.49458979, 64.0275428, 0.866667, 308732.737, 0, 4.6024949e-18, 9.26970637e+16, 633.960118, -1.48592916, -3.75753381, 5e+16, 3.83520502e-10, -5909.15361, -308673.835, 300.011121, 96.4, 64.0275428, 0.866667, 0.866667, 5e+16, 633.960118, 4.97695366e-29, 0.0677755391, 732.674516, -4.92312336e-29, -513.202574, -510.96118, -7.30016539e-30, -198.125751, 343.328491, 0, 1.20006317e-08, 1.20006317e-08, 69320416.9, 90844882, 7859604.98, 0.27, 3.332, 13664860, -513.202574, -198.125751, 0, 5e+16, 0, 0, 0, 0
5.94166667, 0, 0, 5e+16, 0, 8.98004612e-22, 3.718e+18, 6.44e+20, 4.85, 4, 1.54122024, 61.9385653, 0.866667, 319929.743, 0, 2.40799726e-20, 9.68618615e+16, 652.611791, -1.60500612, -3.80529795, 5e+16, 2.00651631e-12, -6027.0352, -319871.02, 300.013344, 96.4, 61.9385653, 0.866667, 0.866667, 5e+16, 652.611791, 2.61528741e-31, 0.0652301017, 745.332343, -2.58701712e-31, -513.516846, -511.932069, -3.83497913e-32, -216.77512, 355.988309, 0, 1.2000758e-08, 1.2000758e-08, 77832067.6, 100153166, 7855769.71, 0.27, 3.332, 14465328.8, -513.516846, -216.77512, 0, 5e+16, 0, 0, 0, 0
6, 0, 0, 5e+16, 0, 8.98517781e-22, 3.718e+18, 6.44e+20, 4.85, 4, 1.56362664, 60.11071, 0.866667, 329618.438, 0, 2.40799489e-20, 1.00803392e+17, 754.128666, -1.67776881, -3.82873594, 5e+16, 2.00651432e-12, -6181.60963, -329558.485, 300.015172, 96.4, 60.11071, 0.866667, 0.866667, 5e+16, 754.128666, 2.61528347e-31, 0.0629950792, 844.490339, -2.58701313e-31, -614.245932, -613.076128, -3.83497334e-32, -229.698656, 360.814009, 0, 1.20008618e-08, 1.20008618e-08, 86278073.2, 111335993, 9218289.75, 0.27, 3.332, 15839629.7, -614.245932, -229.698656, 0, 5e+16, 0, 0, 0, 0
6.06666667, 0, 0, 5e+16, 0, 8.99312842e-22, 3.718e+18, 6.44e+20, 4.85, 4, 1.61213092, 58.3081051, 0.866667, 340404.212, 0, 1.38460934e-22, 1.04927811e+17, 773.646151, -1.79742451, -3.87827377, 5e+16, 1.15372705e-14, -6375.39527, -340342.604, 300.018, 96.4, 58.3081051, 0.866667, 0.866667, 5e+16, 773.646151, 1.36001981e-33, 0.0606244997, 854.330231, -1.34153403e-33, -614.631335, -614.413726, -2.23420841e-34, -249.2124, 370.649475, 0, 1.20010224e-08, 1.20010224e-08, 95724219.7, 121631929, 9214268.62, 0.27, 3.332, 16693440.4, -614.631335, -249.2124, 0, 5e+16, 0, 0, 0, 0
6.125, 0, 0, 5e+16, 0, 8.99967408e-22, 3.718e+18, 6.44e+20, 4.85, 4, 1.63687065, 56.7308258, 0.866667, 349793.805, 0, 1.39781911e-22, 1.09556834e+17, 906.88402, -1.72352417, -3.90413002, 5e+16, 1.16485528e-14, -6577.45865, -349730.204, 300.020328, 96.4, 56.7308258, 0.866667, 0.866667, 5e+16, 906.88402, 1.37764575e-33, 0.0585678906, 985.053173, -1.32422618e-33, -747.324647, -747.804919, -2.26754295e-34, -262.735271, 372.494379, 0, 1.20011546e-08, 1.20011546e-08, 105333835, 134148584, 10664097.8, 0.27, 3.332, 18150651.6, -747.324647, -262.735271, 0, 5e+16, 0, 0, 0, 0
6.19166667, 0, 0, 5e+16, 0, 9.00931556e-22, 3.718e+18, 6.44e+20, 4.85, 4, 1.68820051, 55.135305, 0.866667, 360402.787, 0, 4.14101336e-20, 1.13552729e+17, 927.055278, -1.6962752, -3.95638222, 5e+16, 3.45039967e-12, -6885.68274, -360334.969, 300.023751, 96.4, 55.135305, 0.866667, 0.866667, 5e+16, 927.055278, 5.08119529e-31, 0.0563994522, 991.77466, 5.02423347e-31, -747.83638, -750.118448, -7.58697659e-32, -282.900129, 379.19026, 0, 1.20013491e-08, 1.20013491e-08, 115731685, 145446435, 10660800.4, 0.27, 3.332, 19053949.8, -747.83638, -282.900129, 0, 5e+16, 0, 0, 0, 0
6.25, 0, 0, 5e+16, 0, 9.01725937e-22, 3.718e+18, 6.44e+20, 4.85, 4, 1.71571191, 53.7392243, 0.866667, 369720.011, 0, 4.67058675e-20, 1.18886624e+17, 1111.7044, -1.62371356, -3.98508083, 5e+16, 3.89756837e-12, -7174.41576, -369648.778, 300.026572, 96.4, 53.7392243, 0.866667, 0.866667, 5e+16, 1111.7044, 5.3017793e-31, 0.0545474992, 1174.38089, 5.19966648e-31, -932.299628, -936.03604, -8.92446231e-32, -296.871043, 376.390719, 0, 1.20015093e-08, 1.20015093e-08, 126829352, 159792778, 12385044.8, 0.27, 3.332, 20578381.2, -932.299628, -296.871043, 0, 5e+16, 0, 0, 0, 0
6.31666667, 0, 0, 5e+16, 0, 9.02929137e-22, 3.718e+18, 6.44e+20, 4.85, 4, 1.77174996, 52.2830948, 0.866667, 380451.359, 0, 4.450893e-16, 1.23082356e+17, 1133.61472, -1.55178375, -4.04201084, 5e+16, 3.70845846e-08, -7691.62639, -380371.087, 300.030835, 96.4, 52.2830948, 0.866667, 0.866667, 5e+16, 1133.61472, 1.30546026e-27, 0.052622153, 1175.23112, 1.08606704e-27, -933.060651, -941.267898, -7.24351266e-28, -318.769592, 377.097785, 0, 1.20017514e-08, 1.20017514e-08, 138723870, 172684834, 12381952, 0.27, 3.332, 21579011.8, -933.060651, -318.769592, 0, 5e+16, 0, 0, 0, 0
6.375, 0, 0, 5e+16, 0, 9.03922803e-22, 3.718e+18, 6.44e+20, 4.85, 4, 1.80319751, 51.0089815, 0.866667, 389995.367, 0, 4.51854608e-16, 1.29320012e+17, 1418.69587, -1.4969509, -4.07473699, 5e+16, 3.76576062e-08, -8145.79523, -389908.716, 300.034356, 96.4, 51.0089815, 0.866667, 0.866667, 5e+16, 1418.69587, 1.55224638e-27, 0.05102625, 1460.60571, 1.33226395e-27, -1218.38709, -1230.64201, -7.41446855e-28, -333.943582, 365.28846, 0, 1.20019515e-08, 1.20019515e-08, 152636845, 190509464, 14643330.3, 0.27, 3.332, 23229288.9, -1218.38709, -333.943582, 0, 5e+16, 0, 0, 0, 0
6.44166667, 0, 0, 5e+16, 0, 9.05416299e-22, 3.718e+18, 6.44e+20, 4.85, 4, 1.8672282, 49.6265336, 0.866667, 401253.057, 0, 1.55221855e-12, 1.33768706e+17, 1442.93701, -1.44853479, -4.13963631, 5e+16, 0.000129323892, -9131.77809, -401145.062, 300.039632, 96.4, 49.6265336, 0.866667, 0.866667, 5e+16, 1442.93701, 2.73371346e-24, 0.0494158561, 1453.07374, -1.17457531e-25, -1219.737, -1245.92433, -2.73094841e-24, -358.158056, 356.614974, 0, 1.20022512e-08, 1.20022512e-08, 166560237, 205565669, 14640797.3, 0.27, 3.332, 24364635.1, -1219.737, -358.158056, 0, 5e+16, 0, 0, 0, 0
6.5, 0, 0, 5e+16, 0, 9.06655199e-22, 3.718e+18, 6.44e+20, 4.85, 4, 1.90477737, 48.4168916, 0.866667, 411448.741, 0, 1.6870326e-12, 1.41294091e+17, 1989.23717, -1.36667257, -4.17860116, 5e+16, 0.000140791286, -10011.7941, -411325.374, 300.044012, 96.4, 48.4168916, 0.866667, 0.866667, 5e+16, 1989.23717, 5.93807178e-24, 0.0481993972, 2010.63777, 3.06872743e-24, -1767.03293, -1808.00318, -3.07173972e-24, -374.954157, 322.676329, 0, 1.20024999e-08, 1.20024999e-08, 187152716, 232050602, 18794809.1, 0.27, 3.332, 26103077.5, -1767.03293, -374.954157, 0, 5e+16, 0, 0, 0, 0
6.56666667, 0, 0, 5e+16, 0, 9.08593441e-22, 3.718e+18, 6.44e+20, 4.85, 4, 1.98522531, 47.0483762, 0.866667, 423611.339, 0, 9.62078715e-11, 1.46485235e+17, 2018.01039, -1.39027075, -4.25997447, 5e+16, 0.00801535879, -12241.1905, -423424.332, 300.050835, 96.4, 47.0483762, 0.866667, 0.866667, 5e+16, 2018.01039, 9.01556121e-20, 0.0469971628, 2003.30762, 8.9873244e-20, -1769.98889, -1851.18305, -7.129807e-21, -403.647851, 305.909307, 0, 1.20028875e-08, 1.20028875e-08, 204518727, 250807493, 18791956.7, 0.27, 3.332, 27496808.8, -1769.98889, -403.647851, 0, 5e+16, 0, 0, 0, 0
6.625, 0, 0, 5e+16, 0, 9.10230065e-22, 3.718e+18, 6.44e+20, 4.85, 4, 2.03530837, 45.8509253, 0.866667, 434740.068, 0, 3.90758583e-09, 1.56616059e+17, 3517.45727, -1.31671346, -4.31178768, 5e+16, 0.334402168, -14390.1587, -434500.676, 300.056601, 96.4, 45.8509253, 0.866667, 0.866667, 5e+16, 3517.45727, 1.66934494e-19, 0.0465012745, 3550.8212, 1.66044917e-19, -3271.50276, -3401.49225, -1.67668753e-20, -423.618911, 207.780344, 0, 1.20032151e-08, 1.20032151e-08, 254288812, 314046871, 30832704.8, 0.27, 3.332, 28925353.9, -3271.50276, -423.618911, 0, 5e+16, 0, 0, 0, 0
6.69166667, 0, 0, 5e+16, 0, 9.1276356e-22, 3.718e+18, 6.44e+20, 4.85, 4, 2.1554307, 44.539458, 0.866667, 447330.593, 399378.362, 0.00391726917, 1.62226553e+17, 3549.66233, -1.19521613, -4.43281033, 5e+16, 326325.932, -19386.6391, -446879.223, 300.06548, 96.3999999, 44.539458, 0.866667, 0.866667, 5e+16, 3549.66233, 7.94256905e-15, 0.0456407933, 3600.68388, -9.40310246e-16, -3278.25213, -3479.3941, -7.88663481e-15, -455.546206, 225.308763, 0, 1.20037194e-08, 1.20037194e-08, 274985600, 336461407, 30829394.3, 0.27, 3.332, 30646413.1, -3278.25213, -455.546206, 0, 5e+16, 3.04644348e-12, 8.25217312e-12, 0, 0
6.75, 0, 0, 5e+16, 0, 9.15066663e-22, 3.718e+18, 6.44e+20, 4.85, 4, 2.23885108, 43.3919241, 0.866667, 458416.488, 399396.776, 0.00479866214, 1.79293361e+17, 8542.63859, -1.12963558, -4.51882052, 5e+16, 402893.2, -24444.5204, -457764.054, 300.073558, 96.3999999, 43.3919241, 0.866667, 0.866667, 5e+16, 8542.63859, 1.0176541e-14, 0.0467227651, 8693.01771, -1.09092017e-15, -8273.51366, -8567.85241, -1.01155965e-14, -477.904453, -32.0282414, 0, 1.20041783e-08, 1.20041783e-08, 496989131, 595396667, 69775750.4, 0.27, 3.332, 28631786.4, -8273.51366, -477.904453, 0, 5e+16, 3.99327324e-11, 1.58526428e-11, 0, 0
6.81666667, 0, 0, 5e+16, 0, 9.19007371e-22, 3.718e+18, 6.44e+20, 4.85, 4, 2.44611651, 42.4125768, 0.866667, 469184.505, 1043955.69, 0.0262352979, 1.85809271e+17, 8575.97007, -1.31119788, -4.72699403, 5e+16, 2188934.85, -32803.4006, -467972.235, 300.087279, 96.3999957, 42.4125768, 0.866667, 0.866667, 5e+16, 8575.97007, 5.4152589e-14, 0.0457479683, 8814.43007, -1.08028598e-14, -8285.34346, -8621.84543, -5.30429731e-14, -510.468461, 77.3676594, 0, 1.20049577e-08, 1.20049577e-08, 518672105, 619168816, 69769364.1, 0.27, 3.332, 30727347.4, -8285.34346, -510.468461, 0, 5e+16, 7.17148729e-11, 5.76677182e-11, 0, 0
6.875, 0, 0, 5e+16, 0, 9.23237104e-22, 3.718e+18, 6.44e+20, 4.85, 4, 2.60961991, 41.555648, 0.866667, 477677.503, 1075522.43, 0.0309250403, 2.18004455e+17, 22138.8663, -1.45251678, -4.89463827, 5e+16, 2615650.74, -40931.3901, -475920.559, 300.102003, 96.399994, 41.555648, 0.866667, 0.866667, 5e+16, 22138.8663, 6.61167104e-14, 0.0497873788, 22443.8277, -1.24342857e-14, -21849.4653, -22243.2631, -6.48999044e-14, -533.280811, -390.159874, 0, 1.20057942e-08, 1.20057942e-08, 1.45700836e+09, 1.62605121e+09, 150595865, 0.27, 3.332, 18446985.4, -21849.4653, -533.280811, 0, 5e+16, 1.33607702e-10, 9.31662803e-11, 0, 0
6.94166667, 0, 0, 5e+16, 0, 9.3032829e-22, 3.718e+18, 6.44e+20, 4.85, 4, 2.94023641, 41.0924699, 0.866667, 484498.11, 1918568.59, 0.0750168619, 2.25461977e+17, 22167.8695, -1.76931159, -5.22609804, 5e+16, 6297049.94, -50221.567, -481821.458, 300.126425, 96.3998534, 41.0924699, 0.866667, 0.866667, 5e+16, 22167.8695, 1.59948938e-13, 0.0482938416, 22541.6319, -4.67985643e-14, -21863.788, -22218.614, -1.52710545e-13, -560.934849, -269.736652, 0, 1.20071816e-08, 1.20071816e-08, 1.47484179e+09, 1.64602599e+09, 150587693, 0.27, 3.332, 20596504.2, -21863.788, -560.934849, 0, 5e+16, 1.77689033e-10, 1.71423624e-10, 0, 0
7, 0, 0, 5e+16, 0, 9.38952667e-22, 3.718e+18, 6.44e+20, 4.85, 4, 3.22052421, 40.687189, 0.866667, 489133.367, 13116286.5, 0.0843236774, 2.73833705e+17, 47448.9097, -2.03788595, -5.51142751, 5e+16, 7271847.51, -58503.1901, -485622.036, 300.156016, 96.3997552, 40.687189, 0.866667, 0.866667, 5e+16, 47448.9097, 1.84056152e-13, 0.0560264923, 47775.829, -5.25440891e-14, -47145.3228, -47449.7262, -1.76183123e-13, -580.120312, -735.317502, 0, 1.20088626e-08, 1.20088626e-08, 3.86120982e+09, 4.09134684e+09, 231763815, 0.27, 3.332, -1626799.63, -47145.3228, -580.120312, 0, 5e+16, 2.64585906e-10, 2.33633126e-10, 0, 0
7.06666667, 0, 0, 5e+16, 0, 9.51755604e-22, 3.718e+18, 6.44e+20, 4.85, 4, 3.65865488, 40.5184566, 0.866667, 492716.026, 17861438.2, 0.132848003, 2.83362346e+17, 47476.128, -2.4688331, -5.95039607, 5e+16, 11348240.8, -65651.6935, -488284.108, 300.199261, 96.3986967, 40.5184566, 0.866667, 0.866667, 5e+16, 47476.128, 2.93758904e-13, 0.0541853261, 47808.4543, -1.12546287e-13, -47158.2157, -47384.2743, -2.7042658e-13, -605.8366, -681.842091, 0, 1.20113196e-08, 1.20113196e-08, 3.87652545e+09, 4.10874081e+09, 231754587, 0.27, 3.332, 460767.833, -47158.2157, -605.8366, 0, 5e+16, 2.96653963e-10, 3.11687239e-10, 0, 0
7.125, 0, 0, 5e+16, 0, 9.67520433e-22, 3.718e+18, 6.44e+20, 4.85, 4, 4.03864425, 40.3708157, 0.866667, 495067.798, 198573803, 0.141524859, 3.38830395e+17, 81706.7258, -2.8435198, -6.33502641, 5e+16, 12643072.3, -71590.2212, -489864.213, 300.251911, 96.3978114, 40.3708157, 0.866667, 0.866667, 5e+16, 81706.7258, 3.17091015e-13, 0.0647931732, 81937.7602, -1.2174816e-13, -81389.0123, -81515.6448, -2.92191867e-13, -623.539772, -941.139377, 0, 1.20143111e-08, 1.20143111e-08, 7.73025429e+09, 7.98507124e+09, 274742381, 0.27, 3.332, -19925430.5, -81389.0123, -623.539772, 0, 5e+16, 3.5142008e-10, 3.59977862e-10, 0, 0
7.19166667, 0, 0, 5e+16, 0, 9.87874755e-22, 3.718e+18, 6.44e+20, 4.85, 4, 4.54635, 40.2652634, 0.866667, 497345.952, 243489365, 0.190288466, 3.50208245e+17, 81733.5644, -3.34664566, -6.84351488, 5e+16, 16782463.4, -75919.585, -491501.405, 300.318531, 96.3953702, 40.2652634, 0.866667, 0.866667, 5e+16, 81733.5644, 4.3383331e-13, 0.0629807588, 81943.0527, -1.92831448e-13, -81399.2324, -81459.4406, -3.87222805e-13, -649.10135, -926.902907, 0, 1.20180966e-08, 1.20180966e-08, 7.74490675e+09, 8.00173422e+09, 274733720, 0.27, 3.332, -17906248.1, -81399.2324, -649.10135, 0, 5e+16, 3.73373751e-10, 4.28208301e-10, 0, 0
7.25, 0, 0, 5e+16, 0, 1.01206315e-21, 3.718e+18, 6.44e+20, 4.85, 4, 4.98845439, 40.1729052, 0.866667, 499154.281, 1.56447826e+09, 0.198730182, 4.05734594e+17, 119576.565, -3.78540408, -7.28944208, 5e+16, 18739046.8, -79319.4407, -492811.378, 300.395944, 96.39328, 40.1729052, 0.866667, 0.866667, 5e+16, 119576.565, 4.56802171e-13, 0.0749129871, 119702.358, -2.02669632e-13, -119242.321, -119222.195, -4.08225877e-13, -666.717335, -977.899834, 0, 1.20224959e-08, 1.20224959e-08, 1.22988235e+10, 1.25535716e+10, 283702648, 0.27, 3.332, -28954490.2, -119242.321, -666.717335, 0, 5e+16, 4.25925006e-10, 4.68120744e-10, 0, 0
7.31666667, 0, 0, 5e+16, 0, 1.04143068e-21, 3.718e+18, 6.44e+20, 4.85, 4, 5.53406513, 40.0220595, 0.866667, 501495.793, 1.92707379e+09, 0.268312224, 4.2040954e+17, 119607.649, -4.32642344, -7.83587398, 5e+16, 24762373.6, -81468.6228, -494828.846, 300.487797, 96.3906626, 40.0220595, 0.866667, 0.866667, 5e+16, 119607.649, 6.21300132e-13, 0.0733508667, 119698.13, -2.89541479e-13, -119250.407, -119184.22, -5.48178221e-13, -696.875946, -979.6561, 0, 1.20277164e-08, 1.20277164e-08, 1.23159632e+10, 1.257288e+10, 283692849, 0.27, 3.332, -26775947.1, -119250.407, -696.875946, 0, 5e+16, 4.8114941e-10, 5.59129369e-10, 0, 0
7.375, 0, 0, 5e+16, 0, 1.07463945e-21, 3.718e+18, 6.44e+20, 4.85, 4, 6.00838222, 39.8900695, 0.866667, 503677.989, 8.2646337e+09, 0.281648059, 4.73436221e+17, 156850.423, -4.79702362, -8.31327726, 5e+16, 28630216.7, -83008.102, -496789.796, 300.588075, 96.38852, 39.8900695, 0.866667, 0.866667, 5e+16, 156850.423, 6.56019246e-13, 0.0852967107, 156884.308, -3.01387941e-13, -156493.218, -156373.556, -5.8082453e-13, -717.709168, -880.90626, 0, 1.20334166e-08, 1.20334166e-08, 1.67438402e+10, 1.69850777e+10, 270079629, 0.27, 3.332, -28842069.9, -156493.218, -717.709168, 0, 5e+16, 6.1643139e-10, 6.1829796e-10, 0, 0
7.44166667, 0, 0, 5e+16, 0, 1.11385334e-21, 3.718e+18, 6.44e+20, 4.85, 4, 6.5695765, 39.6578976, 0.866667, 506749.076, 1.07150082e+10, 0.409807069, 4.91408557e+17, 156886.716, -5.35232731, -8.87531325, 5e+16, 40255621.5, -83651.9109, -499795.582, 300.703657, 96.3870439, 39.6578976, 0.866667, 0.866667, 5e+16, 156886.716, 9.61733742e-13, 0.0841105444, 156877.446, -4.4286026e-13, -156499.928, -156349.608, -8.51941969e-13, -753.37957, -887.62848, 0, 1.20399874e-08, 1.20399874e-08, 1.67645248e+10, 1.70081674e+10, 270069045, 0.27, 3.332, -26426491, -156499.928, -753.37957, 0, 5e+16, 7.42971474e-10, 7.87662111e-10, 0, 0
7.5, 0, 0, 5e+16, 0, 1.15614721e-21, 3.718e+18, 6.44e+20, 4.85, 4, 7.05577576, 39.4547472, 0.866667, 509734.278, 3.46298079e+10, 0.43710861, 5.41244217e+17, 190749.715, -5.83356662, -9.36402192, 5e+16, 49054020.8, -83927.2497, -502775.59, 300.822542, 96.3859775, 39.4547472, 0.866667, 0.866667, 5e+16, 190749.715, 1.02876434e-12, 0.0951806365, 190703.576, -4.62531186e-13, -190362.937, -190178.213, -9.16041475e-13, -778.07585, -688.649294, 0, 1.20467475e-08, 1.20467475e-08, 2.04965593e+10, 2.07167564e+10, 242142850, 0.27, 3.332, -21945778.8, -190362.937, -778.07585, 0, 5e+16, 1.04546876e-09, 9.00911609e-10, 0, 0
7.56666667, 0, 0, 5e+16, 0, 1.20663495e-21, 3.718e+18, 6.44e+20, 4.85, 4, 7.61735197, 39.1248694, 0.866667, 513905.51, 4.84446075e+10, 0.695932755, 5.64120737e+17, 190795.033, -6.38725607, -9.9265244, 5e+16, 75505550.6, -83521.7096, -507072.844, 300.960936, 96.3859378, 39.1248694, 0.866667, 0.866667, 5e+16, 190795.033, 1.71019952e-12, 0.0944755055, 190693.77, -7.52878502e-13, -190368.668, -190163.621, -1.53330299e-12, -823.072526, -698.927116, 0, 1.20546179e-08, 1.20546179e-08, 2.05233306e+10, 2.07463816e+10, 242129853, 0.27, 3.332, -19078976.9, -190368.668, -823.072526, 0, 5e+16, 1.32996239e-09, 1.26593657e-09, 0, 0
7.625, 0, 0, 5e+16, 0, 1.25866632e-21, 3.718e+18, 6.44e+20, 4.85, 4, 8.10166008, 38.8362264, 0.866667, 517956.125, 1.31675125e+11, 0.765662919, 6.10827503e+17, 219479.126, -6.86482851, -10.4128978, 5e+16, 98382652.2, -82914.1785, -511273.758, 301.095588, 96.3861192, 38.8362264, 0.866667, 0.866667, 5e+16, 219479.126, 1.8612707e-12, 0.104113568, 219354.062, -7.93177024e-13, -219052.749, -218825.696, -1.67899627e-12, -854.228057, -435.740547, 0, 1.20622775e-08, 1.20622775e-08, 2.32366828e+10, 2.3432091e+10, 205152063, 0.27, 3.332, -9743903.09, -219052.749, -854.228057, 0, 5e+16, 2.00222327e-09, 1.50941869e-09, 0, 0
7.69166667, 0, 0, 5e+16, 0, 1.3215701e-21, 3.718e+18, 6.44e+20, 4.85, 4, 8.65267952, 38.4094571, 0.866667, 523471.735, 2.00070588e+11, 1.28565628, 6.37395508e+17, 219532.621, -7.40573222, -10.9648548, 5e+16, 166089093, -81767.5247, -517046.112, 301.25402, 96.387153, 38.4094571, 0.866667, 0.866667, 5e+16, 219532.621, 3.57856684e-12, 0.103993873, 219343.593, -1.48219918e-12, -219057.852, -218817.412, -3.25364292e-12, -907.608126, -446.687067, 0, 1.20712909e-08, 1.20712909e-08, 2.32697945e+10, 2.34684879e+10, 205138063, 0.27, 3.332, -6444642.82, -219057.852, -907.608126, 0, 5e+16, 2.68634289e-09, 2.38120042e-09, 0, 0
7.75, 0, 0, 5e+16, 0, 1.38372602e-21, 3.718e+18, 6.44e+20, 4.85, 4, 9.12533353, 38.036034, 0.866667, 528796.893, 4.89508003e+11, 1.51220513, 6.8106328e+17, 241867.565, -7.86981758, -11.4392274, 5e+16, 232137852, -80526.5703, -522625.715, 301.400796, 96.388174, 38.036034, 0.866667, 0.866667, 5e+16, 241867.565, 3.95356677e-12, 0.111869491, 241663.589, -1.57532429e-12, -241392.765, -241138.588, -3.61708173e-12, -944.60748, -141.652024, 0, 1.20796436e-08, 1.20796436e-08, 2.48179478e+10, 2.49867725e+10, 162517390, 0.27, 3.332, 6307290.31, -241392.765, -944.60748, 0, 5e+16, 4.32662254e-09, 2.94671511e-09, 0, 0
7.81666667, 0, 0, 5e+16, 0, 1.46260715e-21, 3.718e+18, 6.44e+20, 4.85, 4, 9.65808988, 37.5036387, 0.866667, 535977.681, 8.19412411e+11, 2.65573621, 7.14077091e+17, 241935.689, -8.38984871, -11.9730242, 5e+16, 436498392, -78832.4845, -530148.189, 301.581202, 96.3896833, 37.5036387, 0.866667, 0.866667, 5e+16, 241935.689, 9.05348088e-12, 0.112473287, 241648.081, -3.47879509e-12, -241397.552, -241134.823, -8.35216351e-12, -1012.81641, -157.460029, 0, 1.20899118e-08, 1.20899118e-08, 2.48619106e+10, 2.50347906e+10, 162500315, 0.27, 3.332, 10379708.4, -241397.552, -1012.81641, 0, 5e+16, 6.24493501e-09, 5.34580051e-09, 0, 0
7.875, 0, 0, 5e+16, 0, 1.53738692e-21, 3.718e+18, 6.44e+20, 4.85, 4, 10.1118424, 37.0377929, 0.866667, 542884.009, 1.92723823e+12, 3.62231245, 7.54948123e+17, 257153.141, -8.83284733, -12.4282165, 5e+16, 659039103, -77105.6767, -537375.63, 301.741052, 96.3910259, 37.0377929, 0.866667, 0.866667, 5e+16, 257153.141, 1.01461665e-11, 0.118430248, 256856.954, -3.72596488e-12, -256614.947, -256344.345, -9.41695663e-12, -1060.07881, 169.955429, 0, 1.20990127e-08, 1.20990127e-08, 2.52243435e+10, 2.53671494e+10, 116597647, 0.27, 3.332, 26208240.1, -256614.947, -1060.07881, 0, 5e+16, 1.08893403e-08, 6.85028941e-09, 0, 0
7.94166667, 0, 0, 5e+16, 0, 1.6372523e-21, 3.718e+18, 6.44e+20, 4.85, 4, 10.6203546, 36.3975696, 0.866667, 552125.403, 3.58040058e+12, 6.86618508, 7.93968252e+17, 257238.016, -9.32575111, -12.9378264, 5e+16, 1.39949553e+09, -75007.9438, -547005.844, 301.945783, 96.3925722, 36.3975696, 0.866667, 0.866667, 5e+16, 257238.016, 2.82859763e-11, 0.119956314, 256836.153, -9.9952528e-12, -256619.697, -256344.065, -2.64473137e-11, -1145.16365, 149.07097, 0, 1.21106711e-08, 1.21106711e-08, 2.52820181e+10, 2.54297772e+10, 116578482, 0.27, 3.332, 31180635.2, -256619.697, -1145.16365, 0, 5e+16, 1.72945853e-08, 1.4646789e-08, 0, 0
8, 0, 0, 5e+16, 0, 1.72827682e-21, 3.718e+18, 6.44e+20, 4.85, 4, 11.049467, 35.8373742, 0.866667, 561004.483, 8.39347494e+12, 11.1931263, 8.32145422e+17, 264836.102, -9.74183131, -13.3681478, 5e+16, 2.27174492e+09, -72900.5652, -556241.728, 302.120375, 96.393854, 35.8373742, 0.866667, 0.866667, 5e+16, 264836.102, 3.20146854e-11, 0.123987368, 264430.59, -1.07578904e-11, -264217.69, -263938.683, -3.00981696e-11, -1204.14342, 486.275111, 0, 1.21206163e-08, 1.21206163e-08, 2.45221776e+10, 2.46410039e+10, 69159181, 0.27, 3.332, 49667160.4, -264217.69, -1204.14342, 0, 5e+16, 3.29982978e-08, 1.92612921e-08, 0, 0
8.06666667, 0, 0, 5e+16, 0, 1.86113025e-21, 3.718e+18, 6.44e+20, 4.85, 4, 11.5294408, 35.0755559, 0.866667, 572907.527, 1.75953751e+13, 23.9520641, 8.80915106e+17, 264948.835, -10.2028611, -13.8493571, 5e+16, 5.63836e+09, -70489.7611, -568553.386, 302.360471, 96.3951532, 35.0755559, 0.866667, 0.866667, 5e+16, 264948.835, 1.12881221e-10, 0.126731811, 264397.118, -3.63308498e-11, -264222.446, -263941.076, -1.06838435e-10, -1317.24542, 452.887363, 0, 1.21342965e-08, 1.21342965e-08, 2.46027476e+10, 2.4728003e+10, 69135186.8, 0.27, 3.332, 56120151.8, -264222.446, -1317.24542, 0, 5e+16, 5.94977022e-08, 5.03510405e-08, 0, 0
8.125, 0, 0, 5e+16, 0, 1.97796477e-21, 3.718e+18, 6.44e+20, 4.85, 4, 11.9291377, 34.4089648, 0.866667, 584345.597, 4.28290235e+13, 44.7869405, 9.16525927e+17, 264604.127, -10.5868414, -14.2500639, 5e+16, 9.80860917e+09, -68057.9497, -580361.323, 302.559093, 96.3961699, 34.4089648, 0.866667, 0.866667, 5e+16, 264604.127, 1.28601705e-10, 0.128978616, 264052.859, -3.91727755e-11, -263877.579, -263596.569, -1.22302767e-10, -1395.59105, 784.994733, 0, 1.21456167e-08, 1.21456167e-08, 2.28515293e+10, 2.2951017e+10, 21662947.6, 0.27, 3.332, 77824708.9, -263877.579, -1395.59105, 0, 5e+16, 1.24674783e-07, 6.7418552e-08, 0, 0
8.19166667, 0, 0, 5e+16, 0, 2.16465488e-21, 3.718e+18, 6.44e+20, 4.85, 4, 12.3769981, 33.5212967, 0.866667, 599717.607, 1.02107456e+14, 110.755088, 9.73374101e+17, 264749.157, -11.0120548, -14.6991971, 5e+16, 2.95372673e+10, -65439.2221, -596135.495, 302.849487, 96.3971396, 33.5212967, 0.866667, 0.866667, 5e+16, 264749.157, 5.91640871e-10, 0.133346522, 264006.664, -1.72780349e-10, -263882.587, -263601.166, -5.65722703e-10, -1541.06127, 739.018001, 0, 1.21621743e-08, 1.21621743e-08, 2.29625039e+10, 2.30701477e+10, 21635594, 0.27, 3.332, 86008175, -263882.587, -1541.06127, 0, 5e+16, 2.65084328e-07, 2.239887e-07, 0, 0
8.25, 0, 0, 5e+16, 0, 2.32385033e-21, 3.718e+18, 6.44e+20, 4.85, 4, 12.7430168, 32.7445871, 0.866667, 614533.344, 2.62906782e+14, 231.661734, 1.00630204e+18, 256271.794, -11.3596251, -15.0660472, 5e+16, 5.37884937e+10, -62740.9757, -611312.841, 303.084768, 96.3978372, 32.7445871, 0.866667, 0.866667, 5e+16, 256271.794, 6.73294396e-10, 0.134094017, 255533.396, -1.85643664e-10, -255404.958, -255127.237, -6.46366073e-10, -1641.85982, 1057.26802, 0, 1.21755926e-08, 1.21755926e-08, 2.03985593e+10, 2.04850241e+10, -24583063, 0.27, 3.332, 111047888, -255404.958, -1641.85982, 0, 5e+16, 6.09409214e-07, 3.00483935e-07, 0, 0
8.31666667, 0, 0, 5e+16, 0, 2.62021935e-21, 3.718e+18, 6.44e+20, 4.85, 4, 13.1567566, 31.7102221, 0.866667, 634695.458, 7.29648984e+14, 680.836077, 1.07759633e+18, 256473.77, -11.7463966, -15.4811901, 5e+16, 2.11424934e+11, -60006.2262, -631851.594, 303.466153, 96.3984744, 31.7102221, 0.866667, 0.866667, 5e+16, 256473.77, 4.28427618e-09, 0.140702712, 255458.491, -1.12950565e-09, -255410.586, -255133.676, -4.13213786e-09, -1844.36512, 982.636331, 0, 1.21973572e-08, 1.21973572e-08, 2.05641369e+10, 2.06617563e+10, -24618326.3, 0.27, 3.332, 122237764, -255410.586, -1844.36512, 0, 5e+16, 1.60144423e-06, 1.3429272e-06, 0, 0
8.375, 0, 0, 5e+16, 0, 2.86691334e-21, 3.718e+18, 6.44e+20, 4.85, 4, 13.4851248, 30.8051528, 0.866667, 654229.1, 2.05868974e+15, 1622.93382, 1.10771475e+18, 239734.751, -12.0530723, -15.8102173, 5e+16, 3.93544678e+11, -57066.4875, -651723.389, 303.772398, 96.3988891, 30.8051528, 0.866667, 0.866667, 5e+16, 239734.751, 4.84065117e-09, 0.140443116, 238726.963, -1.2035695e-09, -238671.069, -238401.097, -4.68360474e-09, -1984.61734, 1268.16265, 0, 1.22148368e-08, 1.22148368e-08, 1.74180299e+10, 1.7502405e+10, -68261637.4, 0.27, 3.332, 152636766, -238671.069, -1984.61734, 0, 5e+16, 3.98794852e-06, 1.77917046e-06, 0, 0
8.44166667, 0, 0, 5e+16, 0, 3.41667382e-21, 3.718e+18, 6.44e+20, 4.85, 4, 13.8635655, 29.6125492, 0.866667, 681223.009, 6.75926311e+15, 5838.14527, 1.19306243e+18, 240015.117, -12.3995818, -16.1900579, 5e+16, 2.20691146e+12, -54393.0147, -679047.681, 304.317364, 96.3992713, 29.6125492, 0.866667, 0.866667, 5e+16, 240015.117, 4.52947632e-08, 0.150243814, 238614.744, -1.08172434e-08, -238677.871, -238408.816, -4.3980487e-08, -2265.52271, 1156.20643, 0, 1.22459738e-08, 1.22459738e-08, 1.76697119e+10, 1.77693849e+10, -68304749.1, 0.27, 3.332, 167977661, -238677.871, -2265.52271, 0, 5e+16, 1.38103576e-05, 1.14276314e-05, 0, 0
8.5, 0, 0, 5e+16, 0, 3.8646632e-21, 3.718e+18, 6.44e+20, 4.85, 4, 14.1502307, 28.5690211, 0.866667, 707608.348, 2.12693503e+16, 15996.4254, 1.21992895e+18, 214878.679, -12.6612083, -16.4772015, 5e+16, 3.99573459e+12, -51267.3483, -705732.211, 304.755153, 96.3994816, 28.5690211, 0.866667, 0.866667, 5e+16, 214878.679, 5.03321679e-08, 0.149758633, 213489.125, -1.13648151e-08, -213540.441, -213281.749, -4.89882979e-08, -2460.0889, 1394.88319, 0, 1.22709889e-08, 1.22709889e-08, 1.42101655e+10, 1.43079102e+10, -107918996, 0.27, 3.332, 205663651, -213540.441, -2460.0889, 0, 5e+16, 3.66505939e-05, 1.46458934e-05, 0, 0
8.56666667, 0, 0, 5e+16, 0, 5.22611104e-21, 3.718e+18, 6.44e+20, 4.85, 4, 14.4950599, 27.1859002, 0.866667, 745298.934, 8.58974732e+16, 73928.589, 1.32546362e+18, 215293.158, -12.9682134, -16.8233263, 5e+16, 3.6919486e+13, -49049.862, -743683.072, 305.653536, 96.3996829, 27.1859002, 0.866667, 0.866667, 5e+16, 215293.158, 7.67546768e-07, 0.164253557, 213312.262, -1.69036678e-07, -213548.411, -213288.044, -7.48666585e-07, -2875.17039, 1215.32334, 0, 1.23224145e-08, 1.23224145e-08, 1.46243872e+10, 1.47445249e+10, -107974494, 0.27, 3.332, 228112178, -213548.411, -2875.17039, 0, 5e+16, 0.000186580852, 0.000152118209, 0, 0
8.625, 0, 0, 5e+16, 0, 6.30892635e-21, 3.718e+18, 6.44e+20, 4.85, 4, 14.7356256, 25.9756694, 0.866667, 782753.378, 3.13258777e+17, 240072.358, 1.34831082e+18, 181516.423, -13.1799325, -17.0641451, 5e+16, 6.15890596e+13, -45840.3654, -781385.096, 306.380765, 96.3997695, 25.9756694, 0.866667, 0.866667, 5e+16, 181516.423, 8.32729474e-07, 0.164766012, 179549.411, -1.74454041e-07, -179769.389, -179523.387, -8.13626011e-07, -3162.46417, 1377.73835, 0, 1.23640398e-08, 1.23640398e-08, 1.11955611e+10, 1.13324587e+10, -141671508, 0.27, 3.332, 278569121, -179769.389, -3162.46417, 0, 5e+16, 0.000517345654, 0.000184775333, 0, 0
8.69166667, 0, 0, 5e+16, 0, 1.22665928e-20, 3.718e+18, 6.44e+20, 4.85, 4, 15.0543622, 24.3470391, 0.866667, 840478.634, 1.67615854e+18, 1653603.21, 1.45195977e+18, 182081.837, -13.4519453, -17.3830725, 5e+16, 1.30801838e+15, -45959.7428, -839214.504, 308.195761, 96.3998583, 24.3470391, 0.866667, 0.866667, 5e+16, 182081.837, 2.75718177e-05, 0.185812771, 179737.499, -6.30507772e-06, -179778.897, -179517.421, -2.68404527e-05, -3728.40534, 1168.60444, 0, 1.24682968e-08, 1.24682968e-08, 1.18711248e+10, 1.20391641e+10, -141728662, 0.27, 3.332, 309767963, -179778.897, -3728.40537, 0, 5e+16, 0.00556037385, 0.00447169683, 0, 0
8.75, 0, 0, 5e+16, 0, 1.68210962e-20, 3.718e+18, 6.44e+20, 4.85, 4, 15.2435023, 22.9219875, 0.866667, 900729.592, 7.39488971e+18, 6579951.08, 1.46894162e+18, 139447.539, -13.6085207, -17.5720909, 5e+16, 1.81915964e+15, -43397.2691, -899634.844, 309.683852, 96.3998848, 22.9219875, 0.866667, 0.866667, 5e+16, 139447.539, 2.88648166e-05, 0.188861964, 137119.53, -6.37762658e-06, -137138.888, -136896.772, -2.81314437e-05, -4120.04592, 1270.52035, 0, 1.25537495e-08, 1.25537495e-08, 8.90703357e+09, 9.11735629e+09, -166564342, 0.27, 3.332, 376887042, -137138.888, -4120.04594, 0, 5e+16, 0.0163996725, 0.00497315008, 0, 0
8.81666667, 0, 0, 5e+16, 0, 1.21409835e-19, 3.718e+18, 6.44e+20, 4.85, 4, 15.5770584, 20.7999782, 0.866667, 1014180.99, 6.93727393e+19, 99499636.8, 1.48828422e+18, 140033.094, -13.8784203, -17.901451, 5e+16, 2.01086151e+17, -60402.7666, -1012193.02, 314.356432, 96.39984, 20.7999782, 0.866667, 0.866667, 5e+16, 140033.09, 0.0046972995, 0.216431242, 137083.378, -0.00200999936, -137168.379, -136809.223, -0.0042454198, -4704.86502, 1341.56775, 0, 1.28243624e-08, 1.28243624e-08, 9.95842951e+09, 1.02059491e+10, -166583570, 0.27, 3.332, 414103112, -137168.381, -4704.86926, 0, 4.99999994e+16, 0.963785451, 0.771155898, 0, 0
8.875, 0, 0, 5e+16, 0, 1.96846043e-19, 3.718e+18, 6.44e+20, 4.85, 4, 15.7085643, 18.94322, 0.866667, 1164293.23, 4.50180754e+20, 598911823, 1.49526146e+18, 89569.1835, -13.9710407, -18.0319079, 5e+16, 2.26123416e+17, -65381.4906, -1162223.71, 318.289291, 96.3998448, 18.94322, 0.866667, 0.866667, 5e+16, 89569.1792, 0.00476159859, 0.222335064, 86636.7413, -0.00199407007, -86689.5529, -86353.4422, -0.00430777931, -5110.97365, 1587.72572, 0, 1.30519825e-08, 1.30519825e-08, 8.05734123e+09, 8.37555921e+09, -175782491, 0.27, 3.332, 494000471, -86689.5549, -5110.97796, 0, 4.99999994e+16, 5.50510749, 0.789473781, 0, 0
8.94166667, 0, 0, 5e+16, 0, 2.30401538e-17, 3.718e+18, 6.44e+20, 4.85, 4, 16.3890871, 15.2901894, 0.866667, 1357545.54, 3.37734177e+21, 5.75758741e+09, 1.18037264e+18, 89584.851, -14.6061204, -18.694897, 5e+16, 1.2816624e+19, -347699.168, -1284711.22, 329.148052, 96.3670865, 15.2901894, 0.866667, 0.866667, 5e+16, 89584.4007, 0.495679182, 0.245195222, 88973.5165, -0.296584458, -87155.4448, -84752.1465, -0.397129229, -5063.80412, 3548.25595, 0, 1.36929279e-08, 1.36929279e-08, 1.01994923e+10, 1.05386936e+10, -175700767, 0.27, 3.332, 514902038, -87155.7414, -5064.20126, 0, 4.99999681e+16, 21.7723222, 36.7857198, 0, 0
9, 0, 0, 5e+16, 0, 4.2490032e-17, 3.718e+18, 6.44e+20, 4.85, 4, 16.4613335, 12.0937877, 0.866667, 1493706.92, 1.32448576e+23, 2.11537942e+11, 1.15130869e+18, 41075.28, -14.5954959, -18.7634001, 5e+16, 6.4772053e+19, -726064.666, -1300596.64, 338.906854, 96.3670868, 12.0937877, 0.866667, 0.866667, 5e+16, 41074.7493, 0.656905709, 0.246812757, 37794.1736, -0.369140259, -38612.9506, -33443.437, -0.541124961, -5073.87057, 5042.96552, 0, 1.42686593e-08, 1.42686593e-08, 2.41687951e+10, 2.47560618e+10, -102876838, 0.27, 3.332, 690143552, -38613.3197, -5074.41169, 0, 4.99999582e+16, 36.6943731, 97.8473843, 0, 0
9.06666667, 0, 0, 5e+16, 0, 2.63691824e-17, 3.718e+18, 6.44e+20, 4.85, 4, 24.437678, 14.5590161, 0.866667, 1419049.79, 4.4341748e+22, 1.57091739e+11, 7.89264906e+17, 39098.3021, -22.5764032, -26.7315264, 5e+16, 5.9454481e+19, -991222.67, -969818.782, 336.307031, 53.9019151, 24.6916021, 0.866667, 0.866667, 5e+16, 39097.7167, 0.669330021, 0.253806744, 38115.3449, -0.538259084, -38899.5384, -32391.9322, -0.347057302, -2629.17028, 3825.32658, 0, 1.41136897e-08, 1.41136897e-08, 2.01877374e+10, 2.05933956e+10, -102815797, 0.27, 3.332, 508473964, -38900.0766, -2629.51734, 0, 4.99999708e+16, 24.6089587, 79.0483355, 0, 0
9.125, 0, 0, 5e+16, 0, 1.27297422e-17, 3.718e+18, 6.44e+20, 4.85, 4, 32.3740461, 15.7753687, 0.866667, 1262237.62, 1.03342977e+23, 9.49313848e+10, 4.87924146e+16, 14795.1749, -30.5236054, -34.587901, 5e+16, 8.85829241e+18, -1117472.73, -575910.484, 334.057935, 15.7753687, 35.7146897, 0.866667, 0.866667, 5e+16, 14794.571, 0.617220322, 0.250537773, 11967.6745, -0.56331064, -14650.0435, -6373.3452, -0.251954097, -877.855034, 1176.60399, 0, 1.39796408e-08, 1.39796408e-08, 2.26699538e+10, 2.28414296e+10, -4352939.03, 0.27, 3.332, 175828832, -14650.6068, -878.106988, 0, 4.99999772e+16, 8.0924989, 19.2777519, 0, 0
9.19166667, 0, 0, 5e+16, 0, 6.04090574e-18, 3.718e+18, 6.44e+20, 4.85, 4, 38.9365171, 17.696135, 0.866667, 1056973.5, 4.24193965e+21, 3.53054806e+10, 4.55300436e+16, 14535.3523, -37.1010164, -41.1568246, 5e+16, 2.63090771e+18, -997698.208, -345626.661, 326.297793, 17.696135, 62.6376351, 0.866667, 0.866667, 5e+16, 14535.0544, 0.308751419, 0.248414495, 11115.1023, -0.295240528, -14513.498, -7183.51124, -0.0765718478, -515.42641, 876.606056, 0, 1.35227392e-08, 1.35227392e-08, 2.20750035e+10, 2.22379581e+10, -4366112.25, 0.27, 3.332, 167320769, -14513.7932, -515.502982, 0, 4.99999929e+16, 2.98227339, 1.34542967, 0, 0
9.25, 0, 0, 5e+16, 0, 2.64965077e-19, 3.718e+18, 6.44e+20, 4.85, 4, 44.9802801, 19.8443767, 0.866667, 904459.566, 2.82785808e+20, 1.12159452e+10, 4.34237384e+16, 10728.9572, -43.1644233, -47.204974, 5e+16, 1.37263811e+18, -875958.294, -222493.018, 319.373732, 19.8443767, 86.1952123, 0.866667, 0.866667, 5e+16, 10728.7309, 0.22700473, 0.245603818, 8714.05138, -0.22480766, -10710.948, -4793.69472, -0.0315055302, -283.136474, 600.502951, 0, 1.3115171e-08, 1.3115171e-08, 1.21799735e+10, 1.21847119e+10, -5310922.53, 0.27, 3.332, 10049407.5, -10711.1728, -283.167979, 0, 4.99999961e+16, 0.0481961579, 0.0555145931, 0, 0
9.31666667, 0, 0, 5e+16, 0, 1.33482454e-19, 3.718e+18, 6.44e+20, 4.85, 4, 50.1367706, 22.7988721, 0.866667, 802380.927, 2.06947728e+19, 5.23370446e+09, 5.03837435e+16, 10813.2699, -48.3341119, -52.3699892, 5e+16, 4.35715431e+17, -788516.842, -147461.988, 315.192232, 22.7988721, 91.5669989, 0.866667, 0.866667, 5e+16, 10813.2097, 0.0604534639, 0.243025984, 8098.18481, -0.0599943403, -10806.6251, -5394.54799, -0.00735153666, -220.416901, 452.166366, 0, 1.28725473e-08, 1.28725473e-08, 1.21015965e+10, 1.2104453e+10, -5370699.52, 0.27, 3.332, 8227242.69, -10806.6851, -220.424253, 0, 4.99999987e+16, 0.0241333803, 0.0201279068, 0, 0
9.375, 0, 0, 5e+16, 0, 2.92637635e-20, 3.718e+18, 6.44e+20, 4.85, 4, 54.7381248, 25.6227072, 0.866667, 723403.65, 1.93886754e+18, 1.97742224e+09, 5.10197989e+16, 8671.88639, -52.9546434, -56.9746597, 5e+16, 3.25446031e+17, -715214.508, -108121.776, 311.584494, 25.6227072, 96.2673121, 0.866667, 0.866667, 5e+16, 8671.85095, 0.0354191636, 0.240411382, 6576.77373, -0.0352206054, -8665.54394, -3876.40409, -0.00374346228, -183.712043, 337.314634, 0, 1.26632963e-08, 1.26632963e-08, 7.85261729e+09, 7.85236522e+09, -6209775.89, 0.27, 3.332, 5957723.35, -8665.57916, -183.715787, 0, 4.9999999e+16, 0.00021019007, 0.000201573541, 0, 0
9.44166667, 0, 0, 5e+16, 0, 1.92282278e-20, 3.718e+18, 6.44e+20, 4.85, 4, 59.174934, 27.8593986, 0.866667, 674588.257, 3.33188135e+17, 1.24089443e+09, 6.04649242e+16, 8823.91088, -57.4005271, -61.4178619, 5e+16, 1.47313205e+17, -669988.871, -77403.1049, 309.807016, 27.8593986, 96.337026, 0.866667, 0.866667, 5e+16, 8823.8995, 0.0113560474, 0.238267582, 6097.92837, -0.0113190971, -8821.37487, -4351.70496, -0.000885249657, -147.724615, 279.157634, 0, 1.25609318e-08, 1.25609318e-08, 7.87507054e+09, 7.87370944e+09, -6328878.96, 0.27, 3.332, 4967792.71, -8821.38619, -147.7255, 0, 4.99999995e+16, 0.000110519267, 9.73868738e-05, 0, 0
9.5, 0, 0, 5e+16, 0, 1.11453522e-20, 3.718e+18, 6.44e+20, 4.85, 4, 63.0995806, 29.8993815, 0.866667, 635355.234, 6.03017126e+16, 654124039, 5.76839003e+16, 6970.48733, -61.3389903, -65.3425033, 5e+16, 1.35226042e+17, -632677.903, -58233.811, 308.290457, 29.8993815, 96.3980257, 0.866667, 0.866667, 5e+16, 6970.47805, 0.00928398041, 0.236145934, 4622.39274, -0.00926229469, -6968.09673, -2876.73261, -0.000632999528, -124.215267, 237.577557, 0, 1.24736165e-08, 1.24736165e-08, 5.49071216e+09, 5.48910811e+09, -7024131.88, 0.27, 3.332, 5420072.51, -6968.10599, -124.2159, 0, 4.99999996e+16, 4.20385248e-06, 4.16660111e-06, 0, 0
9.56666667, 0, 0, 5e+16, 0, 9.23367377e-21, 3.718e+18, 6.44e+20, 4.85, 4, 67.1346953, 31.4945039, 0.866667, 608217.238, 1.76558827e+16, 1.00685657e+09, 6.57004422e+16, 7070.66615, -65.3613783, -69.3817601, 5e+16, 3.00089468e+17, -606653.287, -42087.2625, 307.611655, 31.4945039, 96.3990578, 0.866667, 0.866667, 5e+16, 7070.65733, 0.00885301657, 0.234080934, 4266.11166, -0.00883645501, -7069.98132, -3236.3339, 0.00047967809, -88.0672299, 231.199178, 0, 1.24346466e-08, 1.24346466e-08, 5.5015189e+09, 5.49899723e+09, -7259732.12, 0.27, 3.332, 4738046.33, -7069.99015, -88.0667505, 0, 4.99999991e+16, 2.25126082e-06, 2.19517421e-06, 0, 0
9.625, 0, 0, 5e+16, 0, 7.65331021e-21, 3.718e+18, 6.44e+20, 4.85, 4, 70.6883709, 32.9423066, 0.866667, 585867.524, 4.99311869e+15, 1.74008247e+09, 5.98240881e+16, 5477.52007, -68.8992829, -72.9334424, 5e+16, 3.09508464e+17, -585012.167, -31598.5392, 307.026332, 32.9423066, 96.3999608, 0.866667, 0.866667, 5e+16, 5477.5113, 0.00880411399, 0.232064364, 2976.05014, -0.00878803686, -5477.01911, -1944.8693, 0.000531088854, -59.6040214, 235.199665, 0, 1.240105e-08, 1.240105e-08, 3.92221724e+09, 3.91831982e+09, -7728018.16, 0.27, 3.332, 3830589.6, -5477.02789, -59.6034903, 0, 4.9999999e+16, 1.32205682e-07, 2.8279362e-07, 0, 0
9.69166667, 0, 0, 5e+16, 0, 7.28624559e-21, 3.718e+18, 6.44e+20, 4.85, 4, 74.4773602, 34.0865376, 0.866667, 568955.798, 1.98282731e+15, 6.10156963e+09, 6.31636755e+16, 5460.63181, -72.6547972, -76.724034, 5e+16, 3.12819358e+18, -568429.274, -22520.6156, 306.861339, 34.0865376, 96.3999812, 0.866667, 0.866667, 5e+16, 5460.56386, 0.0685984673, 0.229816824, 2760.44986, -0.0679527306, -5460.46142, -2175.29725, 0.00938657346, -29.4685751, 254.136508, 0, 1.2391588e-08, 1.2391588e-08, 3.87915891e+09, 3.87467218e+09, -8073655.57, 0.27, 3.332, 3586915.12, -5460.52937, -29.4591886, 0, 4.99999902e+16, 6.24692004e-08, 1.61155983e-07, 0, 0
9.75, 0, 0, 5e+16, 0, 6.96118314e-21, 3.718e+18, 6.44e+20, 4.85, 4, 77.8058245, 35.1227018, 0.866667, 554761.552, 7.4774047e+14, 2.75168532e+10, 5.56717467e+16, 4173.03367, -75.9431386, -80.0492908, 5e+16, 3.45831937e+18, -554509.607, -16334.9739, 306.708959, 35.1227018, 96.3999991, 0.866667, 0.866667, 5e+16, 4172.96041, 0.0739637168, 0.227625014, 1764.68492, -0.0732664609, -4172.95472, -1174.50555, 0.0101319547, -5.52076507, 279.156158, 0, 1.2382851e-08, 1.2382851e-08, 2.78811859e+09, 2.78244728e+09, -8198849.17, 0.27, 3.332, 2527544.52, -4173.02799, -5.5106331, 0, 4.99999892e+16, 1.18128972e-08, 4.28037232e-08, 0, 0
9.81666667, 0, 0, 5e+16, 0, 7.16234359e-21, 3.718e+18, 6.44e+20, 4.85, 4, 81.4277998, 35.9875137, 0.866667, 543237.559, 3.53315246e+14, 5.88403186e+10, 5.48961912e+16, 4047.40911, -79.5451636, -83.6708029, 5e+16, 1.3283958e+19, -543064.27, -10687.2195, 306.80122, 35.9875137, 96.3999996, 0.866667, 0.866667, 5e+16, 4047.08426, 0.326365193, 0.225131168, 1669.88423, -0.324227975, -4046.90153, -1306.90317, 0.0372768786, 12.9248889, 307.787251, 0, 1.23881415e-08, 1.23881415e-08, 2.6976173e+09, 2.69159491e+09, -8575309.28, 0.27, 3.332, 2552929.94, -4047.22576, 12.9621658, 0, 4.99999586e+16, 5.78197448e-09, 2.63206502e-08, 0, 0
9.875, 0, 0, 5e+16, 0, 7.30839472e-21, 3.718e+18, 6.44e+20, 4.85, 4, 84.6056251, 36.7623758, 0.866667, 533529.129, 1.5878017e+14, 1.53861499e+11, 4.70260036e+16, 3022.5029, -82.6977072, -86.8444761, 5e+16, 1.56346232e+19, -533473.834, -6408.70317, 306.87149, 36.7623758, 96.4, 0.866667, 0.866667, 5e+16, 3022.13605, 0.368597284, 0.222700411, 958.723064, -0.366201322, -3021.94284, -579.991665, 0.0419589078, 26.8628573, 338.60102, 0, 1.239217e-08, 1.239217e-08, 1.91422898e+09, 1.90772984e+09, -8315399, 0.27, 3.332, 1816250.61, -3022.30905, 26.9048162, 0, 4.99999513e+16, 3.11883873e-09, 1.06503693e-08, 0, 0
9.94166667, 0, 0, 5e+16, 0, 7.75073134e-21, 3.718e+18, 6.44e+20, 4.85, 4, 88.1091557, 37.4255084, 0.866667, 525814.763, 8.67851452e+13, 2.3566217e+11, 4.36176596e+16, 2832.32488, -86.1902366, -90.3458262, 5e+16, 3.14287747e+19, -525748.105, -2271.97042, 307.059327, 37.4255084, 96.4, 0.866667, 0.866667, 5e+16, 2831.46808, 0.858505184, 0.220116289, 948.729473, -0.854748926, -2831.01432, -648.109732, 0.0801056787, 34.6302575, 372.37358, 0, 1.24029449e-08, 1.24029449e-08, 1.80117983e+09, 1.79449526e+09, -8644857.94, 0.27, 3.332, 1960287.62, -2831.86906, 34.7103632, 0, 4.99999024e+16, 2.37607187e-09, 7.20420537e-09, 0, 0
10, 0, 0, 5e+16, 0, 8.1077669e-21, 3.718e+18, 6.44e+20, 4.85, 4, 91.1816178, 38.0125003, 0.866667, 519488.317, 4.49484788e+13, 4.3349029e+11, 3.57702961e+16, 2060.95877, -89.2468344, -93.4128953, 5e+16, 3.86646626e+19, -519468.696, 1231.96026, 307.219112, 38.0125003, 96.4, 0.866667, 0.866667, 5e+16, 2059.95903, 1.00181524, 0.217614424, 533.240599, -0.997531496, -2059.44704, -173.700786, 0.0925438096, 40.2060508, 403.524249, 0, 1.24121084e-08, 1.24121084e-08, 1.25225505e+09, 1.2459663e+09, -7847773.4, 0.27, 3.332, 1559022.49, -2060.44457, 40.2985947, 0, 4.99998799e+16, 2.54977671e-09, 3.99397909e-09, 0, 0
10.0583333, 0, 0, 5e+16, 0, 8.5401729e-21, 3.718e+18, 6.44e+20, 4.85, 4, 94.1821782, 38.4518835, 0.866667, 515123.435, 2.80002763e+13, 5.53401909e+11, 3.11219831e+16, 1826.29379, -92.2411662, -96.4095966, 5e+16, 5.52854364e+19, -515044.405, 4754.13557, 307.385792, 38.4518835, 96.4, 0.866667, 0.866667, 5e+16, 1824.6253, 1.66978248, 0.214857734, 552.198312, -1.66486727, -1823.97604, -207.145502, 0.127608372, 39.2554697, 433.812293, 0, 1.24216741e-08, 1.24216741e-08, 1.12482424e+09, 1.1185467e+09, -7989196.44, 0.27, 3.332, 1711658.74, -1825.6409, 39.3830781, 0, 4.99998286e+16, 2.11590081e-09, 3.03320805e-09, 0, 0
10.109375, 0, 0, 5e+16, 0, 8.90320094e-21, 3.718e+18, 6.44e+20, 4.85, 4, 96.8136326, 38.8349561, 0.866667, 511722.4, 1.61295547e+13, 8.42527813e+11, 2.4175655e+16, 1237.26529, -94.8617138, -99.0342216, 5e+16, 6.97604621e+19, -511642.612, 8038.6758, 307.533379, 38.8349561, 96.4, 0.866667, 0.866667, 5e+16, 1235.2476, 2.01904166, 0.212221803, 461.970942, -2.01360573, -1234.54565, 76.6887149, 0.148028065, 38.5972437, 455.24667, 0, 1.24301419e-08, 1.24301419e-08, 726635373, 721383616, -6603696.47, 0.27, 3.332, 1351939.75, -1236.55925, 38.7452717, 0, 4.99997838e+16, 1.90679197e-09, 2.15165797e-09, 0, 0
10.1677083, 0, 0, 5e+16, 0, 9.22648468e-21, 3.718e+18, 6.44e+20, 4.85, 4, 99.7826187, 39.0552048, 0.866667, 510291.086, 1.12715847e+13, 9.65164488e+11, 1.95045469e+16, 1015.91907, -97.8272605, -101.997393, 5e+16, 8.28609171e+19, -510098.841, 11747.5224, 307.648788, 39.0552048, 96.4, 0.866667, 0.866667, 5e+16, 1013.30591, 2.61395867, 0.209577147, 475.960483, -2.60785609, -1012.57847, 60.6935228, 0.17847816, 33.4395646, 472.069751, 0, 1.24367675e-08, 1.24367675e-08, 611974614, 606930226, -6442296.31, 0.27, 3.332, 1397908.49, -1015.18632, 33.6180427, 0, 4.99997435e+16, 1.77719004e-09, 1.9429914e-09, 0, 0
10.21875, 0, 0, 5e+16, 0, 9.50698102e-21, 3.718e+18, 6.44e+20, 4.85, 4, 102.387029, 39.2429554, 0.866667, 509425.261, 7.12074448e+12, 1.35317516e+12, 1.40131341e+16, 650.960224, -100.422867, -104.592934, 5e+16, 1.08744779e+20, -509180.043, 15351.9321, 307.754184, 39.2429554, 96.4, 0.866667, 0.866667, 5e+16, 647.710873, 3.2498097, 0.207104495, 508.821304, -3.2430826, -646.950145, 159.557549, 0.208458733, 30.2390145, 474.126044, 0, 1.24428168e-08, 1.24428168e-08, 372908084, 369171407, -4721349.47, 0.27, 3.332, 984672.682, -650.193227, 30.4474732, 0, 4.99996635e+16, 1.70380324e-09, 1.75570882e-09, 0, 0
10.2770833, 0, 0, 5e+16, 0, 9.66062617e-21, 3.718e+18, 6.44e+20, 4.85, 4, 105.35388, 39.258017, 0.866667, 510771.549, 5.32148299e+12, 1.409653e+12, 1.00240875e+16, 471.61107, -103.388707, -107.550839, 5e+16, 1.13366826e+20, -510344.199, 19470.9292, 307.80659, 39.258017, 96.3999999, 0.866667, 0.866667, 5e+16, 468.005694, 3.60583679, 0.204601607, 496.243582, -3.59855075, -467.378181, 143.474591, 0.228711347, 22.3393424, 462.951738, 0, 1.2445826e-08, 1.2445826e-08, 281738017, 278440261, -4229796.72, 0.27, 3.332, 932041.088, -470.976732, 22.5680537, 0, 4.99996493e+16, 1.89151692e-09, 1.91771212e-09, 0, 0
10.328125, 0, 0, 5e+16, 0, 9.80180174e-21, 3.718e+18, 6.44e+20, 4.85, 4, 107.957055, 39.2666906, 0.866667, 512332.883, 3.49752962e+12, 1.84514656e+12, 6.33509027e+15, 275.970584, -105.984813, -110.14179, 5e+16, 1.52545324e+20, -511788.627, 23350.2397, 307.857127, 39.2666906, 96.3999999, 0.866667, 0.866667, 5e+16, 271.33921, 4.63148495, 0.202328721, 462.237984, -4.62378607, -270.735103, 122.69642, 0.263131565, 17.8449651, 435.441673, 0, 1.24487273e-08, 1.24487273e-08, 155334586, 153281954, -2649958.63, 0.27, 3.332, 597325.759, -275.358889, 18.1080967, 0, 4.99995282e+16, 2.09023195e-09, 2.07896095e-09, 0, 0
10.3864583, 0, 0, 5e+16, 0, 9.76592928e-21, 3.718e+18, 6.44e+20, 4.85, 4, 110.951534, 39.07344, 0.866667, 516355.625, 2.65462848e+12, 1.76197492e+12, 3.81873987e+15, 166.690816, -108.980499, -113.122852, 5e+16, 1.47307384e+20, -515554.023, 27780.8041, 307.845024, 39.07344, 96.399999, 0.866667, 0.866667, 5e+16, 162.070785, 4.62074262, 0.200151252, 421.060434, -4.61289994, -161.686228, 100.870393, 0.264929876, 10.7175307, 394.356781, 0, 1.24480323e-08, 1.24480323e-08, 99856059.7, 98297039.6, -2031061.23, 0.27, 3.332, 472040.865, -166.299127, 10.9824605, 0, 4.99995443e+16, 2.81521041e-09, 2.73838184e-09, 0, 0
10.4375, 0, 0, 5e+16, 0, 9.74549721e-21, 3.718e+18, 6.44e+20, 4.85, 4, 113.579165, 38.9033251, 0.866667, 520202.168, 1.79085012e+12, 2.16135367e+12, 2.02811467e+15, 89.9618111, -111.602702, -115.733709, 5e+16, 1.96194153e+20, -519220.994, 31751.5003, 307.837808, 38.9033251, 96.3999983, 0.866667, 0.866667, 5e+16, 83.9525889, 6.01243235, 0.198240887, 347.975782, -6.00473486, -83.6347456, 32.2077744, 0.289410382, 7.27317286, 342.538151, 0, 1.2447618e-08, 1.2447618e-08, 50359413.6, 49547699, -1065696.72, 0.27, 3.332, 253982.118, -89.6394805, 7.56258322, 0, 4.99993921e+16, 3.50771201e-09, 3.41505378e-09, 0, 0
10.4958333, 0, 0, 5e+16, 0, 9.51357924e-21, 3.718e+18, 6.44e+20, 4.85, 4, 116.628453, 38.5302709, 0.866667, 526618.264, 1.29303976e+12, 1.91045679e+12, 9.61298604e+14, 43.7227362, -114.655149, -118.763294, 5e+16, 1.84224136e+20, -525312.154, 36336.7718, 307.75758, 38.5302709, 96.399991, 0.866667, 0.866667, 5e+16, 38.0570487, 5.66966373, 0.19648453, 300.211923, -5.66249415, -37.9070655, 11.003467, 0.270003177, 3.31999901, 291.34276, 0, 1.24430114e-08, 1.24430114e-08, 26627918.2, 26144534, -632902.059, 0.27, 3.332, 149517.941, -43.5695597, 3.59000219, 0, 4.99994288e+16, 5.60935112e-09, 5.00298199e-09, 0, 0
10.546875, 0, 0, 5e+16, 0, 9.3226969e-21, 3.718e+18, 6.44e+20, 4.85, 4, 119.303992, 38.206007, 0.866667, 532504.634, 1.06533852e+12, 2.2103757e+12, 4.04461735e+14, 24.3270115, -117.326732, -121.41597, 5e+16, 2.31801298e+20, -530966.074, 40296.9613, 307.688547, 38.206007, 96.3999847, 0.866667, 0.866667, 5e+16, 17.0900558, 7.24477683, 0.194991825, 242.967472, -7.23824504, -16.9912318, -47.4211855, 0.271962352, 1.83459733, 238.040978, 0, 1.24390485e-08, 1.24390485e-08, 14076261.9, 13869953.6, -272223.914, 0.27, 3.332, 65915.5932, -24.2294769, 2.10655969, 0, 4.99992703e+16, 7.59880712e-09, 6.89528231e-09, 0, 0
10.6052083, 0, 0, 5e+16, 0, 8.86103266e-21, 3.718e+18, 6.44e+20, 4.85, 4, 122.431893, 37.6936744, 0.866667, 541130.262, 7.6119537e+11, 1.82589768e+12, 1.32544064e+14, 11.9062447, -120.459451, -124.514541, 5e+16, 2.17776708e+20, -539203.583, 45033.8244, 307.517573, 37.6936744, 96.3999488, 0.866667, 0.866667, 5e+16, 5.18392672, 6.72997886, 0.193600922, 213.274438, -6.72442422, -5.15218039, -62.7793561, 0.240007509, 0.56934537, 200.799882, 0, 1.24292346e-08, 1.24292346e-08, 7584992.33, 7501705.24, -109009.615, 0.27, 3.332, 25722.5223, -11.8766046, 0.80935288, 0, 4.99993127e+16, 1.40768897e-08, 9.83486789e-09, 0, 0
10.65625, 0, 0, 5e+16, 0, 8.47336839e-21, 3.718e+18, 6.44e+20, 4.85, 4, 125.176258, 37.2475661, 0.866667, 548953.931, 1.06743714e+12, 2.01643098e+12, 3.95068974e+13, 10.034081, -123.200993, -127.227064, 5e+16, 2.08177533e+20, -546743.189, 49079.7399, 307.367504, 37.2475661, 96.3999174, 0.866667, 0.866667, 5e+16, 1.79677942, 8.24023955, 0.192443891, 191.945088, -8.23537907, -1.78181976, -96.4314956, 0.22168322, 0.23137179, 165.676439, 0, 1.24206225e-08, 1.24206225e-08, 6489003.54, 6468714.3, -34277.8499, 0.27, 3.332, 13988.6065, -10.0171989, 0.45305501, 0, 4.99991706e+16, 2.02559789e-08, 1.1787177e-08, 0, 0
10.7145833, 0, 0, 5e+16, 0, 7.6418274e-21, 3.718e+18, 6.44e+20, 4.85, 4, 128.405967, 36.6209943, 0.866667, 558439.325, 1.09495044e+12, 1.63339023e+12, 3.90851638e+12, 8.11339668, -126.435753, -130.396155, 5e+16, 1.90720867e+20, -555813.962, 53618.0521, 307.012371, 36.6209943, 96.3997744, 0.866667, 0.866667, 5e+16, 0.290258027, 7.82479234, 0.191442638, 182.470396, -7.82038176, -0.287875032, -106.2594, 0.200197728, 0.0370213135, 148.137467, 0, 1.24002516e-08, 1.24002516e-08, 5468829.21, 5471415.2, -6293.41167, 0.27, 3.332, 8879.40224, -8.10825683, 0.237219041, 0, 4.99992026e+16, 3.32806515e-08, 2.3560793e-08, 0, 0
10.765625, 0, 0, 5e+16, 0, 6.95183395e-21, 3.718e+18, 6.44e+20, 4.85, 4, 131.239816, 36.0732864, 0.866667, 566601.962, 1.81797725e+12, 1.72800839e+12, 3.64353494e+11, 8.88012815, -129.26772, -133.167808, 5e+16, 1.87056687e+19, -563699.452, 57124.8674, 306.704531, 36.0732864, 96.3996492, 0.866667, 0.866667, 5e+16, 0.0302486762, 8.84989591, 0.190616841, 181.286095, -8.84580873, -0.0300968447, -123.154812, 0.185211902, 0.00302652988, 132.132222, 0, 1.23825972e-08, 1.23825972e-08, 6140227.07, 6149801.26, 717.328938, 0.27, 3.332, 8856.85114, -8.87590557, 0.188238432, 0, 4.99991024e+16, 4.5420958e-08, 4.19574854e-08, 0, 0
10.7947917, 0, 0, 5e+16, 0, 6.23535192e-21, 3.718e+18, 6.44e+20, 4.85, 4, 132.902978, 35.5140706, 0.866667, 574323.119, 2.27973889e+12, 1.50182056e+12, 7.95994183e+10, 8.52317135, -130.934023, -134.791553, 5e+16, 6.46674399e+18, -571225.176, 59317.7251, 306.330913, 35.5140706, 96.3994798, 0.866667, 0.866667, 5e+16, 0.0047659088, 8.5184207, 0.189746934, 184.163633, -8.51461551, -0.00475230507, -133.033887, 0.168059597, 0.000301559232, 127.250227, 0, 1.2361186e-08, 1.2361186e-08, 5952644.86, 5963357.52, 1155.59353, 0.27, 3.332, 9557.06151, -8.51936781, 0.168361157, 0, 4.99991176e+16, 7.45941301e-08, 8.09059932e-08, 0, 0
10.8203125, 0, 0, 5e+16, 0, 5.63595633e-21, 3.718e+18, 6.44e+20, 4.85, 4, 134.362263, 35.0263829, 0.866667, 580195.092, 3.11045776e+12, 1.51537343e+12, 2.44968464e+10, 9.36333333, -132.392658, -136.220444, 5e+16, 2.50143512e+18, -577023.977, 60369.644, 306.004705, 35.0263829, 96.3993315, 0.866667, 0.866667, 5e+16, 0.00274833083, 9.36059033, 0.189032802, 188.35783, -9.34617057, -0.00274758272, -144.337872, -0.365377891, 5.14462241e-05, 119.620868, 0, 1.23424955e-08, 1.23424955e-08, 6668641.73, 6666485.07, 1236.38959, 0.27, 3.332, -3393.04778, -9.34891817, -0.365326444, 0, 4.99990941e+16, 9.87105411e-08, 1.07173686e-07, 0, 0
10.8458334, 0, 0, 5e+16, 0, 4.97835803e-21, 3.718e+18, 6.44e+20, 4.85, 4, 135.84699, 34.2720749, 0.866667, 585003.301, 3.14728754e+12, 2.70919012e+12, 1.93055396e+10, 11.2234876, -133.861503, -137.699808, 5e+16, 1.61487599e+18, -581967.57, 59497.5668, 305.590644, 34.2720749, 96.3982927, 0.866667, 0.866667, 5e+16, 0.00160742739, 11.221917, 0.188267642, 182.674779, -11.0378696, -0.00160540932, -134.53592, -2.00358583, 7.80898111e-05, 123.551779, 0, 1.23187875e-08, 1.23187875e-08, 6290048.94, 6250289.85, 1036.00474, 0.27, 3.332, -40795.1038, -11.039475, -2.00350774, 0, 4.99992512e+16, 1.39413912e-07, 1.40969822e-07, 0, 0
10.8476563, 0, 0, 5e+16, 0, 4.92921471e-21, 3.718e+18, 6.44e+20, 4.85, 4, 135.952556, 34.2362619, 0.866667, 585413.669, 3.17811185e+12, 2.72446486e+12, 1.91700975e+10, 11.2065607, -133.966875, -137.805253, 5e+16, 1.59395712e+18, -582339.749, 59848.3931, 305.560243, 34.2362619, 96.3982185, 0.866667, 0.866667, 5e+16, 0.00157934576, 11.2050177, 0.188235306, 182.989933, -11.0208712, -0.00157668772, -135.062763, -2.00341197, 9.09821769e-05, 123.462356, 0, 1.23170467e-08, 1.23170467e-08, 6281030.66, 6241320.68, 1036.7085, 0.27, 3.332, -40746.6924, -11.022448, -2.00332099, 0, 4.99992506e+16, 1.42545023e-07, 1.43318045e-07, 0, 0
10.848112, 0, 0, 5e+16, 0, 4.91710341e-21, 3.718e+18, 6.44e+20, 4.85, 4, 135.979149, 34.2187932, 0.866667, 585593.05, 3.22146463e+12, 2.72399701e+12, 1.92412611e+10, 11.2122829, -133.99346, -137.831961, 5e+16, 1.60657592e+18, -582524.924, 59810.8486, 305.552079, 34.2187932, 96.3979313, 0.866667, 0.866667, 5e+16, 0.00159779265, 11.2107215, 0.188189817, 183.246642, -11.0265547, -0.0015950885, -135.446557, -2.00291621, 9.22859071e-05, 123.423539, 0, 1.23165793e-08, 1.23165793e-08, 6284673.9, 6244922.68, 1036.56276, 0.27, 3.332, -40787.7861, -11.0281499, -2.00282393, 0, 4.99992506e+16, 1.44504367e-07, 1.45774603e-07, 0, 0
10.8544922, 0, 0, 5e+16, 0, 4.74999086e-21, 3.718e+18, 6.44e+20, 4.85, 4, 136.352075, 34.2187932, 0.866667, 588253.718, 9.63341071e+12, 2.49873797e+12, 1.99954223e+10, 9.0195986, -134.368504, -138.206154, 5e+16, 1.66284331e+18, -585190.325, 59898.5753, 305.437409, 34.2187932, 96.399117, 0.866667, 0.866667, 5e+16, 0.00172473744, 9.01787487, 0.187474166, 187.543196, -8.98910461, -0.00172247765, -143.888154, 0.719337368, 8.65836183e-05, 120.274011, 0, 1.23100162e-08, 1.23100162e-08, 5275838.74, 5273941.61, 951.891518, 0.27, 3.332, -2849.01, -8.99082708, 0.719423952, 0, 4.99993152e+16, 1.71774285e-07, 1.7424663e-07, 0, 0
10.8549479, 0, 0, 5e+16, 0, 4.73799257e-21, 3.718e+18, 6.44e+20, 4.85, 4, 136.378743, 34.212299, 0.866667, 588367.404, 9.68114993e+12, 2.49465465e+12, 2.00267653e+10, 9.01841309, -134.395203, -138.232881, 5e+16, 1.6676988e+18, -585299.652, 59941.7865, 305.429019, 34.212299, 96.3990907, 0.866667, 0.866667, 5e+16, 0.00173277581, 9.01668135, 0.187435593, 187.630574, -8.98789912, -0.00173048344, -144.03777, 0.719382781, 8.73244179e-05, 120.236877, 0, 1.23095361e-08, 1.23095361e-08, 5275264.95, 5273327.13, 951.560495, 0.27, 3.332, -2889.37061, -8.9896296, 0.719470106, 0, 4.99993153e+16, 1.7281564e-07, 1.75328391e-07, 0, 0
10.8613281, 0, 0, 5e+16, 0, 4.57227198e-21, 3.718e+18, 6.44e+20, 4.85, 4, 136.752665, 34.1272702, 0.866667, 589924.004, 9.62838185e+12, 2.31846717e+12, 2.03785352e+10, 8.28102452, -134.770893, -138.607524, 5e+16, 1.69399904e+18, -586810.078, 60475.484, 305.311045, 34.1272702, 96.3990539, 0.866667, 0.866667, 5e+16, 0.00176414217, 8.27926115, 0.186959231, 188.278907, -8.25643748, -0.00176178442, -145.435113, 0.613586066, 8.94670068e-05, 119.562042, 0, 1.2302785e-08, 1.2302785e-08, 4856562.06, 4859356.14, 885.507757, 0.27, 3.332, 1908.5743, -8.25819926, 0.613675532, 0, 4.99993655e+16, 1.88988871e-07, 1.89582822e-07, 0, 0
10.8617838, 0, 0, 5e+16, 0, 4.56042231e-21, 3.718e+18, 6.44e+20, 4.85, 4, 136.77941, 34.1208367, 0.866667, 590039.076, 9.66449677e+12, 2.31246082e+12, 2.041117e+10, 8.27825967, -134.797693, -138.63433, 5e+16, 1.69851809e+18, -586920.872, 60517.9229, 305.302441, 34.1208367, 96.3990253, 0.866667, 0.866667, 5e+16, 0.001772556, 8.2764879, 0.186927968, 188.369028, -8.25367307, -0.00177016375, -145.585012, 0.613353587, 9.02466667e-05, 119.5268, 0, 1.23022927e-08, 1.23022927e-08, 4855072.9, 4857831.45, 885.046886, 0.27, 3.332, 1873.50383, -8.25544323, 0.613443834, 0, 4.99993657e+16, 1.90080223e-07, 1.9076672e-07, 0, 0
10.8681641, 0, 0, 5e+16, 0, 4.3967512e-21, 3.718e+18, 6.44e+20, 4.85, 4, 137.15438, 34.0322974, 0.866667, 591637.373, 9.73661006e+12, 2.1729655e+12, 2.07829223e+10, 7.70042405, -135.174136, -139.010043, 5e+16, 1.72635677e+18, -588471.449, 61066.3104, 305.181436, 34.0322974, 96.3974487, 0.866667, 0.866667, 5e+16, 0.00180577336, 7.69861884, 0.186573451, 189.220955, -7.68037127, -0.0018033132, -147.184933, 0.528658364, 9.24798556e-05, 118.90702, 0, 1.22953695e-08, 1.22953695e-08, 4528860.55, 4534398.97, 832.656638, 0.27, 3.332, 4705.76284, -7.68217459, 0.528750844, 0, 4.99994053e+16, 2.07188842e-07, 2.06651707e-07, 0, 0
10.8686198, 0, 0, 5e+16, 0, 4.38508845e-21, 3.718e+18, 6.44e+20, 4.85, 4, 137.181201, 34.0258286, 0.866667, 591754.135, 9.76564261e+12, 2.16594698e+12, 2.08168897e+10, 7.69673692, -135.201028, -139.036925, 5e+16, 1.73060212e+18, -588583.93, 61108.6945, 305.172636, 34.0258286, 96.3974182, 0.866667, 0.866667, 5e+16, 0.00181458617, 7.69492289, 0.186548098, 189.314581, -7.67669716, -0.00181208961, -147.336152, 0.528257222, 9.32987717e-05, 118.873719, 0, 1.2294866e-08, 1.2294866e-08, 4526829.06, 4532338.2, 832.123698, 0.27, 3.332, 4677.01053, -7.67850925, 0.528350521, 0, 4.99994056e+16, 2.08382567e-07, 2.07954818e-07, 0, 0
10.875, 0, 0, 5e+16, 0, 4.22404243e-21, 3.718e+18, 6.44e+20, 4.85, 4, 137.557234, 33.9356278, 0.866667, 593381.7, 9.94245461e+12, 2.05398854e+12, 2.12098636e+10, 7.2373535, -135.578289, -139.413724, 5e+16, 1.76007172e+18, -590162.765, 61665.7061, 305.048866, 33.9356278, 96.3972655, 0.866667, 0.866667, 5e+16, 0.00184971411, 7.23550419, 0.186276987, 190.32789, -7.22078989, -0.00184714586, -149.087813, 0.459786388, 9.5650233e-05, 118.302083, 0, 1.22877858e-08, 1.22877858e-08, 4269034.66, 4276116.19, 789.887528, 0.27, 3.332, 6291.64199, -7.22263704, 0.459882038, 0, 4.99994372e+16, 2.26605636e-07, 2.25502899e-07, 0, 0
10.8754557, 0, 0, 5e+16, 0, 4.21260306e-21, 3.718e+18, 6.44e+20, 4.85, 4, 137.584132, 33.9291046, 0.866667, 593500.164, 9.96711644e+12, 2.04647539e+12, 2.12452166e+10, 7.23318316, -135.60527, -139.440685, 5e+16, 1.764074e+18, -590276.923, 61708.2364, 305.039886, 33.9291046, 96.3975848, 0.866667, 0.866667, 5e+16, 0.00185894548, 7.23132462, 0.186256081, 190.425319, -7.21663978, -0.00185633884, -149.240819, 0.459289406, 9.65102126e-05, 118.270697, 0, 1.22872722e-08, 1.22872722e-08, 4266711.77, 4273769.6, 789.321099, 0.27, 3.332, 6268.50334, -7.21849613, 0.459385916, 0, 4.99994375e+16, 2.27927165e-07, 2.2693847e-07, 0, 0
10.8818359, 0, 0, 5e+16, 0, 4.05469874e-21, 3.718e+18, 6.44e+20, 4.85, 4, 137.961252, 33.8378582, 0.866667, 595152.512, 1.02365836e+13, 1.95524015e+12, 2.1660629e+10, 6.86226494, -135.983416, -139.818594, 5e+16, 1.79526146e+18, -591879.793, 62271.0544, 304.913625, 33.8378582, 96.3991781, 0.866667, 0.866667, 5e+16, 0.00189607798, 6.86036916, 0.186040363, 191.571377, -6.84839209, -0.00189339539, -151.110826, 0.403465447, 9.89924731e-05, 117.741493, 0, 1.22800509e-08, 1.22800509e-08, 4059926.45, 4067804.1, 754.668529, 0.27, 3.332, 7122.98228, -6.85028549, 0.403564439, 0, 4.99994631e+16, 2.4748346e-07, 2.46276371e-07, 0, 0
10.8822916, 0, 0, 5e+16, 0, 4.04351678e-21, 3.718e+18, 6.44e+20, 4.85, 4, 137.988229, 33.8312794, 0.866667, 595272.642, 1.02586648e+13, 1.94753815e+12, 2.1697427e+10, 6.85790258, -136.010483, -139.845635, 5e+16, 1.79903375e+18, -591995.586, 62313.7733, 304.904488, 33.8312794, 96.3991656, 0.866667, 0.866667, 5e+16, 0.00190574728, 6.85599712, 0.186022631, 191.672722, -6.84405346, -0.00190302419, -151.26586, 0.40292182, 9.98956381e-05, 117.711963, 0, 1.22795284e-08, 1.22795284e-08, 4057479.9, 4065338.29, 754.094021, 0.27, 3.332, 7104.30036, -6.84595648, 0.403021715, 0, 4.99994635e+16, 2.48949923e-07, 2.47858264e-07, 0, 0
10.8886719, 0, 0, 5e+16, 0, 3.88922774e-21, 3.718e+18, 6.44e+20, 4.85, 4, 138.366458, 33.7392135, 0.866667, 596948.005, 1.06130899e+13, 1.87195008e+12, 2.21365261e+10, 6.55336754, -136.389576, -140.224675, 5e+16, 1.83202543e+18, -593620.874, 62880.8029, 304.776031, 33.7392135, 96.3991124, 0.866667, 0.866667, 5e+16, 0.00194499373, 6.55142277, 0.185841326, 192.930774, -6.54157572, -0.00194219009, -153.230753, 0.357045686, 0.000102517298, 117.220447, 0, 1.22721827e-08, 1.22721827e-08, 3888936.08, 3897144.74, 725.132526, 0.27, 3.332, 7483.52306, -6.54351792, 0.357148203, 0, 4.99994847e+16, 2.70086096e-07, 2.6915438e-07, 0, 0
10.8891276, 0, 0, 5e+16, 0, 3.87833461e-21, 3.718e+18, 6.44e+20, 4.85, 4, 138.393515, 33.7325813, 0.866667, 597069.771, 1.06338665e+13, 1.86424492e+12, 2.21748316e+10, 6.54900272, -136.416727, -140.251797, 5e+16, 1.83557053e+18, -593738.272, 62923.703, 304.766758, 33.7325813, 96.3990991, 0.866667, 0.866667, 5e+16, 0.00195512095, 6.54704782, 0.185825752, 193.036062, -6.53723555, -0.00195227459, -153.38795, 0.356488433, 0.000103465846, 117.192702, 0, 1.22716525e-08, 1.22716525e-08, 3886476.04, 3894668.79, 724.566266, 0.27, 3.332, 7468.18605, -6.53918783, 0.356591899, 0, 4.9999485e+16, 2.71712513e-07, 2.70897893e-07, 0, 0
10.8955079, 0, 0, 5e+16, 0, 3.72809512e-21, 3.718e+18, 6.44e+20, 4.85, 4, 138.772861, 33.6397884, 0.866667, 598767.467, 1.10684352e+13, 1.80051887e+12, 2.26389034e+10, 6.29451804, -136.796808, -140.631975, 5e+16, 1.87045356e+18, -595385.4, 63493.9276, 304.636425, 33.6397884, 96.3970362, 0.866667, 0.866667, 5e+16, 0.00199660026, 6.29252162, 0.18566424, 194.390661, -6.28434137, -0.0019936685, -155.430682, 0.318499178, 0.00010623486, 116.735129, 0, 1.22642011e-08, 1.22642011e-08, 3746746.55, 3754998.57, 699.897291, 0.27, 3.332, 7552.1317, -6.28633505, 0.318605413, 0, 4.99995028e+16, 2.94692915e-07, 2.9435053e-07, 0, 0
10.8959636, 0, 0, 5e+16, 0, 3.71751906e-21, 3.718e+18, 6.44e+20, 4.85, 4, 138.799999, 33.6331051, 0.866667, 598890.851, 1.10888791e+13, 1.79292499e+12, 2.26787812e+10, 6.29027041, -136.824042, -140.659179, 5e+16, 1.87376808e+18, -595504.388, 63536.9871, 304.627041, 33.6331051, 96.3970221, 0.866667, 0.866667, 5e+16, 0.00200720616, 6.28826337, 0.185650075, 194.499869, -6.2801176, -0.00200422934, -155.590108, 0.317949995, 0.000107231044, 116.70909, 0, 1.22636646e-08, 1.22636646e-08, 3744343.34, 3752581.92, 699.349339, 0.27, 3.332, 7539.23925, -6.28212183, 0.318057226, 0, 4.99995031e+16, 2.96494511e-07, 2.96272725e-07, 0, 0
10.9023438, 0, 0, 5e+16, 0, 3.57171822e-21, 3.718e+18, 6.44e+20, 4.85, 4, 139.180473, 33.5396319, 0.866667, 600610.578, 1.16008455e+13, 1.73823609e+12, 2.31691654e+10, 6.07371865, -137.205148, -141.040507, 5e+16, 1.91063213e+18, -597173.129, 64109.6719, 304.495177, 33.5396319, 96.396824, 0.866667, 0.866667, 5e+16, 0.00205104555, 6.07166778, 0.185498951, 195.939195, -6.06480067, -0.00204797818, -157.698083, 0.286254282, 0.000110155572, 116.282299, 0, 1.22561272e-08, 1.22561272e-08, 3626436.96, 3634557.58, 677.936499, 0.27, 3.332, 7442.68482, -6.06684864, 0.286364437, 0, 4.99995183e+16, 3.21594737e-07, 3.22106141e-07, 0, 0
10.9027995, 0, 0, 5e+16, 0, 3.56148376e-21, 3.718e+18, 6.44e+20, 4.85, 4, 139.207693, 33.5328993, 0.866667, 600735.572, 1.16217442e+13, 1.73082415e+12, 2.32106837e+10, 6.06966007, -137.232465, -141.067793, 5e+16, 1.91370907e+18, -597293.704, 64152.8658, 304.485706, 33.5328993, 96.3963622, 0.866667, 0.866667, 5e+16, 0.00206215161, 6.06759807, 0.18548567, 196.052266, -6.06076403, -0.00205903672, -157.859762, 0.285726936, 0.000111201745, 116.257886, 0, 1.22555859e-08, 1.22555859e-08, 3624133.47, 3632242.45, 677.412636, 0.27, 3.332, 7431.56668, -6.06282306, 0.285838137, 0, 4.99995186e+16, 3.23587944e-07, 3.24226074e-07, 0, 0
10.9091797, 0, 0, 5e+16, 0, 3.42045905e-21, 3.718e+18, 6.44e+20, 4.85, 4, 139.589315, 33.4387693, 0.866667, 602477.289, 1.2210082e+13, 1.68306182e+12, 2.37287954e+10, 5.88202962, -137.614638, -141.450288, 5e+16, 1.95264855e+18, -598984.076, 64727.4765, 304.352672, 33.4387693, 96.3984381, 0.866667, 0.866667, 5e+16, 0.00210848627, 5.87992132, 0.185339204, 197.567217, -5.87409641, -0.00210527539, -160.02354, 0.259089675, 0.000114290612, 115.859329, 0, 1.22479829e-08, 1.22479829e-08, 3522848.62, 3530735.44, 658.485968, 0.27, 3.332, 7228.33172, -5.87620169, 0.259203966, 0, 4.99995319e+16, 3.51095233e-07, 3.52692043e-07, 0, 0
10.9096354, 0, 0, 5e+16, 0, 3.41058746e-21, 3.718e+18, 6.44e+20, 4.85, 4, 139.616617, 33.4319886, 0.866667, 602603.89, 1.22321081e+13, 1.67587478e+12, 2.37720256e+10, 5.87819946, -137.642038, -141.477658, 5e+16, 1.95547883e+18, -599106.237, 64770.7792, 304.343142, 33.4319886, 96.3983949, 0.866667, 0.866667, 5e+16, 0.002120115, 5.87607951, 0.185326456, 197.684079, -5.87028561, -0.002116854, -160.18747, 0.258592384, 0.000115389217, 115.836466, 0, 1.22474384e-08, 1.22474384e-08, 3520668.97, 3528545.47, 657.989086, 0.27, 3.332, 7218.51545, -5.87240246, 0.258707773, 0, 4.99995322e+16, 3.53298217e-07, 3.55030957e-07, 0, 0
10.9160156, 0, 0, 5e+16, 0, 3.27463057e-21, 3.718e+18, 6.44e+20, 4.85, 4, 139.999403, 33.3372193, 0.866667, 604367.584, 1.28971378e+13, 1.63346127e+12, 2.43193658e+10, 5.71276774, -138.025311, -141.861336, 5e+16, 1.9965937e+18, -600818.282, 65346.8558, 304.209322, 33.3372193, 96.3983241, 0.866667, 0.866667, 5e+16, 0.00216908997, 5.71059886, 0.185181259, 199.267493, -5.70560783, -0.00216572721, -162.399978, 0.236044729, 0.000118651803, 115.463887, 0, 1.22397921e-08, 1.22397921e-08, 3432121.69, 3439718.7, 640.975821, 0.27, 3.332, 6956.02356, -5.70777357, 0.236163381, 0, 4.99995439e+16, 3.8351427e-07, 3.86409508e-07, 0, 0
10.9164713, 0, 0, 5e+16, 0, 3.26513948e-21, 3.718e+18, 6.44e+20, 4.85, 4, 140.02679, 33.3303916, 0.866667, 604495.792, 1.29208971e+13, 1.62652406e+12, 2.43643825e+10, 5.70918388, -138.052794, -141.888791, 5e+16, 1.99916717e+18, -600942.034, 65390.2424, 304.19976, 33.3303916, 96.3982784, 0.866667, 0.866667, 5e+16, 0.00218126431, 5.70700281, 0.185168813, 199.388056, -5.70204036, -0.0021778487, -162.566135, 0.235581894, 0.000119805391, 115.442499, 0, 1.22392459e-08, 1.22392459e-08, 3430077.44, 3437665.14, 640.506894, 0.27, 3.332, 6947.1879, -5.70421822, 0.2357017, 0, 4.99995442e+16, 3.8594724e-07, 3.88991024e-07, 0, 0
10.9228516, 0, 0, 5e+16, 0, 3.1344912e-21, 3.718e+18, 6.44e+20, 4.85, 4, 140.410758, 33.2349943, 0.866667, 606281.534, 1.36642032e+13, 1.58827749e+12, 2.49425397e+10, 5.56093124, -138.437201, -142.273671, 5e+16, 2.04256321e+18, -602675.865, 65967.4075, 304.065554, 33.2349943, 96.3955996, 0.866667, 0.866667, 5e+16, 0.0022330326, 5.55869845, 0.185022929, 201.034256, -5.55438007, -0.00222950916, -164.821936, 0.216365192, 0.000123251826, 115.094056, 0, 1.22315789e-08, 1.22315789e-08, 3351363.6, 3358644.64, 624.979808, 0.27, 3.332, 6656.06746, -5.55660957, 0.216488444, 0, 4.99995548e+16, 4.19192496e-07, 4.23593853e-07, 0, 0
10.9233073, 0, 0, 5e+16, 0, 3.12539518e-21, 3.718e+18, 6.44e+20, 4.85, 4, 140.43823, 33.2281207, 0.866667, 606411.349, 1.36902617e+13, 1.58160297e+12, 2.49894199e+10, 5.55759728, -138.464768, -142.301211, 5e+16, 2.04486917e+18, -602801.21, 66010.8527, 304.055991, 33.2281207, 96.3955514, 0.866667, 0.866667, 5e+16, 0.00224577658, 5.55535173, 0.185010637, 201.158429, -5.55105937, -0.0022421974, -164.990288, 0.215938582, 0.000124463024, 115.074071, 0, 1.22310326e-08, 1.22310326e-08, 3349457.94, 3356730.48, 624.53856, 0.27, 3.332, 6648.00027, -5.55330157, 0.216063045, 0, 4.9999555e+16, 4.21878047e-07, 4.26444224e-07, 0, 0
10.9296875, 0, 0, 5e+16, 0, 3.00025372e-21, 3.718e+18, 6.44e+20, 4.85, 4, 140.823386, 33.1321094, 0.866667, 608219.143, 1.45144452e+13, 1.54663657e+12, 2.5600072e+10, 5.42275879, -138.850324, -142.687295, 5e+16, 2.09065799e+18, -604556.88, 66588.7409, 303.921816, 33.1321094, 96.3952982, 0.866667, 0.866667, 5e+16, 0.00230050285, 5.42045858, 0.18486299, 202.862839, -5.41668736, -0.00229680938, -167.285258, 0.199449192, 0.000128103979, 114.748085, 0, 1.22233691e-08, 1.22233691e-08, 3278396.14, 3285354.01, 610.178452, 0.27, 3.332, 6347.68252, -5.41898418, 0.199577297, 0, 4.99995647e+16, 4.58497824e-07, 4.64616683e-07, 0, 0
10.9301432, 0, 0, 5e+16, 0, 2.99156355e-21, 3.718e+18, 6.44e+20, 4.85, 4, 140.850943, 33.125191, 0.866667, 608350.566, 1.45433556e+13, 1.54022926e+12, 2.56488958e+10, 5.41966946, -138.877975, -142.714923, 5e+16, 2.09268569e+18, -604683.823, 66632.2213, 303.912282, 33.125191, 96.3958116, 0.866667, 0.866667, 5e+16, 0.00231384096, 5.4173559, 0.184850755, 202.990523, -5.41360814, -0.00231008872, -167.455762, 0.199058825, 0.000129375539, 114.729434, 0, 1.22228246e-08, 1.22228246e-08, 3276626.99, 3283577.01, 609.763812, 0.27, 3.332, 6340.25038, -5.41591823, 0.199188202, 0, 4.99995649e+16, 4.61461214e-07, 4.67765094e-07, 0, 0
10.9365234, 0, 0, 5e+16, 0, 2.87207375e-21, 3.718e+18, 6.44e+20, 4.85, 4, 141.237307, 33.0285778, 0.866667, 610180.484, 1.54520828e+13, 1.5078745e+12, 2.62938235e+10, 5.29542028, -139.264709, -143.102231, 5e+16, 2.14098557e+18, -606461.441, 67210.5264, 303.778568, 33.0285778, 96.3984999, 0.866667, 0.866667, 5e+16, 0.0023716997, 5.29304893, 0.1847008, 204.749404, -5.28972647, -0.0023678263, -169.786652, 0.18481873, 0.000133222533, 114.424507, 0, 1.22151889e-08, 1.22151889e-08, 3211577.7, 3218217.28, 596.330961, 0.27, 3.332, 6043.24921, -5.2920943, 0.184951953, 0, 4.99995739e+16, 5.01830322e-07, 5.09891201e-07, 0, 0
10.9369791, 0, 0, 5e+16, 0, 2.86379701e-21, 3.718e+18, 6.44e+20, 4.85, 4, 141.264952, 33.0216156, 0.866667, 610313.516, 1.54843976e+13, 1.5017334e+12, 2.63446755e+10, 5.2925648, -139.292447, -143.129947, 5e+16, 2.14272487e+18, -606589.987, 67254.0188, 303.769092, 33.0216156, 96.3984796, 0.866667, 0.866667, 5e+16, 0.00238565718, 5.29017949, 0.184688566, 204.880498, -5.28687802, -0.00238172183, -169.959261, 0.184463492, 0.000134557332, 114.407121, 0, 1.22146479e-08, 1.22146479e-08, 3209939.66, 3216571.97, 595.941394, 0.27, 3.332, 6036.36534, -5.28925974, 0.184598049, 0, 4.99995741e+16, 5.05099796e-07, 5.13370078e-07, 0, 0
10.9433594, 0, 0, 5e+16, 0, 2.75005888e-21, 3.718e+18, 6.44e+20, 4.85, 4, 141.652544, 32.9244136, 0.866667, 612165.556, 1.64822234e+13, 1.47148681e+12, 2.70257872e+10, 5.17677652, -139.680386, -143.518498, 5e+16, 2.19366251e+18, -608389.595, 67832.4226, 303.636275, 32.9244136, 96.3983871, 0.866667, 0.866667, 5e+16, 0.00244683498, 5.17433012, 0.184536077, 206.690683, -5.17137873, -0.00244277123, -172.323527, 0.172086833, 0.00013862261, 114.121876, 0, 1.22070649e-08, 1.22070649e-08, 3149665.59, 3155999, 583.256055, 0.27, 3.332, 5750.14595, -5.1738215, 0.172225456, 0, 4.99995825e+16, 5.4962749e-07, 5.59874844e-07, 0, 0
10.9438151, 0, 0, 5e+16, 0, 2.74220036e-21, 3.718e+18, 6.44e+20, 4.85, 4, 141.680278, 32.9174085, 0.866667, 612300.196, 1.65185067e+13, 1.46560721e+12, 2.70787547e+10, 5.17414109, -139.70821, -143.546303, 5e+16, 2.19510395e+18, -608519.745, 67875.904, 303.62689, 32.9174085, 96.3983656, 0.866667, 0.866667, 5e+16, 0.00246143774, 5.17168007, 0.184523808, 206.825089, -5.16874736, -0.00245730868, -172.498193, 0.171764912, 0.000140023617, 114.105693, 0, 1.22065292e-08, 1.22065292e-08, 3148151.37, 3154478.02, 582.889779, 0.27, 3.332, 5743.75315, -5.17120467, 0.171904936, 0, 4.99995827e+16, 5.5323459e-07, 5.63720165e-07, 0, 0
10.9501954, 0, 0, 5e+16, 0, 2.6342746e-21, 3.718e+18, 6.44e+20, 4.85, 4, 142.069107, 32.8196304, 0.866667, 614174.386, 1.76109528e+13, 1.43708765e+12, 2.779807e+10, 5.06520679, -140.09737, -143.936107, 5e+16, 2.24881283e+18, -610341.409, 68454.1075, 303.495416, 32.8196304, 96.3949155, 0.866667, 0.866667, 5e+16, 0.00252613392, 5.06268116, 0.184368758, 208.683968, -5.06003901, -0.00252186877, -174.893827, 0.16094321, 0.000144320213, 113.838987, 0, 1.21990243e-08, 1.21990243e-08, 3091717.03, 3097760.57, 570.816498, 0.27, 3.332, 5472.71353, -5.06256088, 0.16108753, 0, 4.99995906e+16, 6.02372606e-07, 6.15075767e-07, 0, 0
10.9506511, 0, 0, 5e+16, 0, 2.62683629e-21, 3.718e+18, 6.44e+20, 4.85, 4, 142.09693, 32.8125837, 0.866667, 614310.63, 1.76517902e+13, 1.43146218e+12, 2.7853243e+10, 5.06277616, -140.125281, -143.964001, 5e+16, 2.24994779e+18, -610473.165, 68497.5552, 303.486154, 32.8125837, 96.3948928, 0.866667, 0.866667, 5e+16, 0.00254140845, 5.06023524, 0.184356436, 208.821588, -5.05760963, -0.00253707446, -175.070501, 0.160652389, 0.000145790491, 113.823946, 0, 1.21984957e-08, 1.21984957e-08, 3090318.41, 3096355.66, 570.471619, 0.27, 3.332, 5466.77411, -5.06014671, 0.160798179, 0, 4.99995908e+16, 6.0635254e-07, 6.19327464e-07, 0, 0
10.9570313, 0, 0, 5e+16, 0, 2.52474436e-21, 3.718e+18, 6.44e+20, 4.85, 4, 142.487006, 32.7142463, 0.866667, 616206.927, 1.88452244e+13, 1.40438037e+12, 2.86129018e+10, 4.95947916, -140.515677, -144.355066, 5e+16, 2.30656871e+18, -612316.883, 69075.2546, 303.356475, 32.7142463, 96.3945743, 0.866667, 0.866667, 5e+16, 0.00260983606, 4.95686991, 0.18419893, 210.726884, -4.9544875, -0.00260535782, -177.495891, 0.15113263, 0.000150332192, 113.574648, 0, 1.21910948e-08, 1.21910948e-08, 3037014.72, 3042786.73, 558.908062, 0.27, 3.332, 5213.10006, -4.95709286, 0.151282962, 0, 4.99995983e+16, 6.60598409e-07, 6.7605626e-07, 0, 0
10.957487, 0, 0, 5e+16, 0, 2.51772554e-21, 3.718e+18, 6.44e+20, 4.85, 4, 142.51492, 32.7071593, 0.866667, 616344.773, 1.88912344e+13, 1.39899994e+12, 2.86703744e+10, 4.95723771, -140.543676, -144.383051, 5e+16, 2.3073898e+18, -612450.244, 69118.6475, 303.347368, 32.7071593, 96.3938425, 0.866667, 0.866667, 5e+16, 0.00262580929, 4.95461248, 0.184186547, 210.867623, -4.95224466, -0.0026212585, -177.674523, 0.150870505, 0.000151874947, 113.56069, 0, 1.21905751e-08, 1.21905751e-08, 3035723.15, 3041489.33, 558.582669, 0.27, 3.332, 5207.58654, -4.95486592, 0.15102238, 0, 4.99995985e+16, 6.64990452e-07, 6.80758697e-07, 0, 0
10.9638672, 0, 0, 5e+16, 0, 2.42145078e-21, 3.718e+18, 6.44e+20, 4.85, 4, 142.906264, 32.6082768, 0.866667, 618263.193, 2.0193035e+13, 1.37313452e+12, 2.94726655e+10, 4.85865457, -140.935331, -144.775395, 5e+16, 2.36707263e+18, -614316.073, 69695.5851, 303.219933, 32.6082768, 96.3972963, 0.866667, 0.866667, 5e+16, 0.0026981957, 4.85595705, 0.184026774, 212.817394, -4.85379439, -0.00269349203, -180.128329, 0.142449399, 0.000156676611, 113.327863, 0, 1.21833036e-08, 1.21833036e-08, 2985011.39, 2990531.13, 547.450855, 0.27, 3.332, 4972.28029, -4.85648788, 0.142606076, 0, 4.99996057e+16, 7.24894877e-07, 7.43441268e-07, 0, 0
10.9643229, 0, 0, 5e+16, 0, 2.41484863e-21, 3.718e+18, 6.44e+20, 4.85, 4, 142.93427, 32.6011505, 0.866667, 618402.638, 2.02448726e+13, 1.36798905e+12, 2.95325358e+10, 4.8565869, -140.96342, -144.803472, 5e+16, 2.36757389e+18, -614451.04, 69738.9028, 303.211012, 32.6011505, 96.3972307, 0.866667, 0.866667, 5e+16, 0.00271489536, 4.85387267, 0.184014331, 212.96116, -4.85172286, -0.00271011523, -180.308874, 0.142213513, 0.000158295162, 113.314933, 0, 1.21827946e-08, 1.21827946e-08, 2983818.4, 2989332.72, 547.143084, 0.27, 3.332, 4967.16984, -4.85443297, 0.142371808, 0, 4.99996058e+16, 7.29742859e-07, 7.4864371e-07, 0, 0
10.9707031, 0, 0, 5e+16, 0, 2.32434573e-21, 3.718e+18, 6.44e+20, 4.85, 4, 143.326897, 32.5017396, 0.866667, 620343.123, 2.16632728e+13, 1.34317106e+12, 3.03799071e+10, 4.76201169, -141.356352, -145.197111, 5e+16, 2.43047805e+18, -616338.957, 70314.8048, 303.08627, 32.5017396, 96.3971124, 0.866667, 0.866667, 5e+16, 0.00279148552, 4.75922099, 0.183852518, 214.953674, -4.75724561, -0.00278654335, -182.790031, 0.134720993, 0.000163372547, 113.0976, 0, 1.21756781e-08, 1.21756781e-08, 2935286.8, 2940573.32, 536.383795, 0.27, 3.332, 4750.12997, -4.76003216, 0.134884365, 0, 4.99996128e+16, 7.95915698e-07, 8.17922459e-07, 0, 0
10.9711588, 0, 0, 5e+16, 0, 2.3181555e-21, 3.718e+18, 6.44e+20, 4.85, 4, 143.354995, 32.4945753, 0.866667, 620484.16, 2.17216397e+13, 1.33824998e+12, 3.04422768e+10, 4.76010315, -141.384532, -145.225281, 5e+16, 2.43065517e+18, -616475.527, 70358.0276, 303.077569, 32.4945753, 96.3970435, 0.866667, 0.866667, 5e+16, 0.00280893924, 4.75729499, 0.183840018, 215.100377, -4.75533091, -0.00280391651, -182.97244, 0.134508945, 0.00016507034, 113.085645, 0, 1.21751817e-08, 1.21751817e-08, 2934184.26, 2939465.76, 536.091868, 0.27, 3.332, 4745.40118, -4.75813482, 0.134674015, 0, 4.99996129e+16, 8.01268343e-07, 8.23679528e-07, 0, 0
10.9775391, 0, 0, 5e+16, 0, 2.23335215e-21, 3.718e+18, 6.44e+20, 4.85, 4, 143.748927, 32.3946512, 0.866667, 622446.688, 2.32659482e+13, 1.31434913e+12, 3.13373393e+10, 4.66899844, -141.778764, -145.620235, 5e+16, 2.4969495e+18, -618385.547, 70932.6531, 302.955965, 32.3946512, 96.3926427, 0.866667, 0.866667, 5e+16, 0.0028899933, 4.66610933, 0.183676396, 217.134082, -4.66429466, -0.0028847988, -185.479979, 0.127808068, 0.000170440357, 112.883003, 0, 1.21682457e-08, 1.21682457e-08, 2887519.29, 2892591.07, 525.659613, 0.27, 3.332, 4546.11722, -4.66717946, 0.127978507, 0, 4.99996197e+16, 8.74384472e-07, 9.00267092e-07, 0, 0
10.9779948, 0, 0, 5e+16, 0, 2.22756784e-21, 3.718e+18, 6.44e+20, 4.85, 4, 143.777118, 32.3874505, 0.866667, 622589.31, 2.33315943e+13, 1.3096417e+12, 3.14023129e+10, 4.66723524, -141.807037, -145.648499, 5e+16, 2.4967998e+18, -618523.716, 70975.7612, 302.947514, 32.3874505, 96.3925705, 0.866667, 0.866667, 5e+16, 0.00290822947, 4.66432789, 0.183663845, 217.283638, -4.66252313, -0.0029029501, -185.66421, 0.127617553, 0.00017222091, 112.871972, 0, 1.21677637e-08, 1.21677637e-08, 2886499.52, 2891566.65, 525.381861, 0.27, 3.332, 4541.74853, -4.66542608, 0.127789773, 0, 4.99996198e+16, 8.80296055e-07, 9.06639375e-07, 0, 0
10.984375, 0, 0, 5e+16, 0, 2.14837471e-21, 3.718e+18, 6.44e+20, 4.85, 4, 144.172357, 32.2870328, 0.866667, 624573.763, 2.50120208e+13, 1.2865577e+12, 3.23478435e+10, 4.57918577, -142.202574, -146.044769, 5e+16, 2.5666624e+18, -620455.761, 71548.8515, 302.829498, 32.2870328, 96.3921766, 0.866667, 0.866667, 5e+16, 0.00299402872, 4.57619274, 0.18349863, 219.357141, -4.57451692, -0.00298856728, -188.197354, 0.12159153, 0.000177901392, 112.683184, 0, 1.21610332e-08, 1.21610332e-08, 2841459.47, 2846333.86, 515.241773, 0.27, 3.332, 4359.14528, -4.57750549, 0.121769431, 0, 4.99996264e+16, 9.61104728e-07, 9.91323417e-07, 0, 0
10.9848307, 0, 0, 5e+16, 0, 2.14298886e-21, 3.718e+18, 6.44e+20, 4.85, 4, 144.200644, 32.279797, 0.866667, 624717.962, 2.5085758e+13, 1.2820531e+12, 3.24155288e+10, 4.57755519, -142.230939, -146.073127, 5e+16, 2.56618493e+18, -620595.523, 71591.8269, 302.821329, 32.279797, 96.3929812, 0.866667, 0.866667, 5e+16, 0.00301307553, 4.57454311, 0.183486036, 219.509465, -4.57287597, -0.00300752468, -188.383361, 0.121420385, 0.000179768355, 112.673029, 0, 1.21605674e-08, 1.21605674e-08, 2840515.35, 2845385.44, 514.976632, 0.27, 3.332, 4355.11692, -4.57588349, 0.121600154, 0, 4.99996265e+16, 9.67635568e-07, 9.98378149e-07, 0, 0
10.9912109, 0, 0, 5e+16, 0, 2.06929673e-21, 3.718e+18, 6.44e+20, 4.85, 4, 144.597211, 32.1789044, 0.866667, 626724.285, 2.69137246e+13, 1.25970689e+12, 3.34144927e+10, 4.49224253, -142.627806, -146.470735, 5e+16, 2.63980435e+18, -622549.569, 72163.1684, 302.707334, 32.1789044, 96.3973767, 0.866667, 0.866667, 5e+16, 0.00310391996, 4.48913972, 0.183319425, 221.621478, -4.48758464, -0.00309817615, -190.941368, 0.115974732, 0.000185778484, 112.497407, 0, 1.21540675e-08, 1.21540675e-08, 2796915.24, 2801608.57, 505.101186, 0.27, 3.332, 4188.22552, -4.49068282, 0.116160511, 0, 4.99996328e+16, 1.05696598e-06, 1.09203255e-06, 0, 0
10.9916666, 0, 0, 5e+16, 0, 2.06430101e-21, 3.718e+18, 6.44e+20, 4.85, 4, 144.625594, 32.1716349, 0.866667, 626870.053, 2.69964305e+13, 1.25539463e+12, 3.34850021e+10, 4.49073289, -142.656266, -146.499189, 5e+16, 2.63900033e+18, -622690.92, 72205.9939, 302.699478, 32.1716349, 96.3973456, 0.866667, 0.866667, 5e+16, 0.00312380568, 4.48761019, 0.183306795, 221.776488, -4.48606271, -0.00311796769, -191.129109, 0.115820954, 0.000187735639, 112.488079, 0, 1.21536196e-08, 1.21536196e-08, 2796040.23, 2800729.6, 504.847214, 0.27, 3.332, 4184.5159, -4.48918068, 0.116008689, 0, 4.9999633e+16, 1.06418314e-06, 1.09984431e-06, 0, 0
10.9980469, 0, 0, 5e+16, 0, 1.99598968e-21, 3.718e+18, 6.44e+20, 4.85, 4, 145.02351, 32.0702869, 0.866667, 628898.109, 2.89844046e+13, 1.23372512e+12, 3.4540595e+10, 4.4079098, -143.054482, -146.898153, 5e+16, 2.71657824e+18, -624666.867, 72775.3504, 302.589932, 32.0702869, 96.397197, 0.866667, 0.866667, 5e+16, 0.00322001805, 4.40469102, 0.18313896, 223.925767, -4.40324162, -0.0032139755, -193.711327, 0.110873411, 0.000194095861, 112.324833, 0, 1.21473744e-08, 1.21473744e-08, 2753737.16, 2758264.38, 495.215182, 0.27, 3.332, 4032.01483, -4.40645559, 0.111067507, 0, 4.99996392e+16, 1.16295173e-06, 1.20343423e-06, 0, 0
10.9985026, 0, 0, 5e+16, 0, 1.99137536e-21, 3.718e+18, 6.44e+20, 4.85, 4, 145.051991, 32.0629853, 0.866667, 629045.435, 2.90770291e+13, 1.22959513e+12, 3.46140436e+10, 4.40651045, -143.083038, -146.926705, 5e+16, 2.7154509e+18, -624809.798, 72818.0087, 302.58242, 32.0629853, 96.3971643, 0.866667, 0.866667, 5e+16, 0.00324077079, 4.40327092, 0.183126299, 224.083386, -4.40182817, -0.00323462905, -193.900762, 0.110735163, 0.000196147067, 112.316288, 0, 1.21469462e-08, 1.21469462e-08, 2752925.26, 2757448.84, 494.971057, 0.27, 3.332, 4028.60156, -4.4050628, 0.11093131, 0, 4.99996393e+16, 1.17092972e-06, 1.21208567e-06, 0, 0
11.0048829, 0, 0, 5e+16, 0, 1.9283195e-21, 3.718e+18, 6.44e+20, 4.85, 4, 145.451265, 31.961201, 0.866667, 631095.123, 3.12388235e+13, 1.20855404e+12, 3.57296703e+10, 4.32598494, -143.482615, -147.327033, 5e+16, 2.79719986e+18, -626807.582, 73385.162, 302.477753, 31.961201, 96.3916106, 0.866667, 0.866667, 5e+16, 0.00334269799, 4.3226436, 0.182957372, 226.268828, -4.32128727, -0.00333633942, -196.506607, 0.106219143, 0.000202879164, 112.164778, 0, 1.21409801e-08, 1.21409801e-08, 2711809.01, 2716183.85, 485.565583, 0.27, 3.332, 3889.27981, -4.32462361, 0.106422021, 0, 4.99996454e+16, 1.28015525e-06, 1.32668094e-06, 0, 0
11.0053386, 0, 0, 5e+16, 0, 1.92407753e-21, 3.718e+18, 6.44e+20, 4.85, 4, 145.479843, 31.9538688, 0.866667, 631243.994, 3.13423974e+13, 1.20459663e+12, 3.58061748e+10, 4.32468625, -143.511267, -147.355682, 5e+16, 2.79575436e+18, -626952.085, 73427.6366, 302.470615, 31.9538688, 96.3915764, 0.866667, 0.866667, 5e+16, 0.00336434545, 4.32132327, 0.182944687, 226.42898, -4.31997276, -0.00335788243, -196.697695, 0.106094751, 0.000205028345, 112.156971, 0, 1.21405732e-08, 1.21405732e-08, 2711054.81, 2715426.28, 485.330091, 0.27, 3.332, 3886.14106, -4.32333065, 0.106299778, 0, 4.99996455e+16, 1.28897676e-06, 1.33626366e-06, 0, 0
11.0117188, 0, 0, 5e+16, 0, 1.86614848e-21, 3.718e+18, 6.44e+20, 4.85, 4, 145.880484, 31.8516708, 0.866667, 633315.146, 3.36930469e+13, 1.18414585e+12, 3.69854673e+10, 4.24630838, -143.912215, -147.757383, 5e+16, 2.88189867e+18, -628971.566, 73992.3619, 302.371241, 31.8516708, 96.391097, 0.866667, 0.866667, 5e+16, 0.00347236074, 4.24283752, 0.182774776, 228.649511, -4.24156369, -0.0034656679, -199.326641, 0.101951299, 0.000212155416, 112.016492, 0, 1.21349098e-08, 1.21349098e-08, 2671040.28, 2675275.09, 476.137763, 0.27, 3.332, 3758.6681, -4.24502937, 0.102163454, 0, 4.99996514e+16, 1.40978512e-06, 1.46304519e-06, 0, 0
11.0121745, 0, 0, 5e+16, 0, 1.86226965e-21, 3.718e+18, 6.44e+20, 4.85, 4, 145.909162, 31.8443096, 0.866667, 633465.552, 3.38086963e+13, 1.1803518e+12, 3.70651484e+10, 4.24510166, -143.940965, -147.786131, 5e+16, 2.88014223e+18, -629117.632, 74034.6384, 302.364506, 31.8443096, 96.3899767, 0.866667, 0.866667, 5e+16, 0.00349492985, 4.24160823, 0.182762071, 228.812124, -4.2403395, -0.00348812704, -199.519344, 0.101839253, 0.000214406632, 112.009383, 0, 1.2134526e-08, 1.2134526e-08, 2670338.88, 2674570.57, 475.909796, 0.27, 3.332, 3755.78258, -4.24382763, 0.102053659, 0, 4.99996515e+16, 1.41954199e-06, 1.4736608e-06, 0, 0
11.0185547, 0, 0, 5e+16, 0, 1.8093374e-21, 3.718e+18, 6.44e+20, 4.85, 4, 146.311191, 31.7417174, 0.866667, 635558.069, 3.63648764e+13, 1.16045999e+12, 3.83120156e+10, 4.16875399, -144.343306, -148.189225, 5e+16, 2.97092075e+18, -631158.748, 74596.7608, 302.27083, 31.7417174, 96.3955127, 0.866667, 0.866667, 5e+16, 0.00360943438, 4.1651462, 0.18259129, 231.066761, -4.1639459, -0.00360238797, -202.170878, 0.0980216308, 0.000221953579, 111.879372, 0, 1.21291879e-08, 1.21291879e-08, 2631360.24, 2635466.25, 466.91935, 0.27, 3.332, 3639.1049, -4.16754829, 0.0982435837, 0, 4.99996573e+16, 1.55318081e-06, 1.61393763e-06, 0, 0
11.0190104, 0, 0, 5e+16, 0, 1.80581277e-21, 3.718e+18, 6.44e+20, 4.85, 4, 146.339969, 31.7343289, 0.866667, 635709.998, 3.64938267e+13, 1.15682059e+12, 3.83949967e+10, 4.16763136, -144.372155, -148.218073, 5e+16, 2.96886265e+18, -631306.369, 74638.8255, 302.264528, 31.7343289, 96.3954188, 0.866667, 0.866667, 5e+16, 0.00363295163, 4.16400005, 0.182578571, 231.231766, -4.16280422, -0.00362578944, -202.365163, 0.0979205685, 0.000224310971, 111.872919, 0, 1.21288288e-08, 1.21288288e-08, 2630707.18, 2634810.32, 466.697897, 0.27, 3.332, 3636.45157, -4.16643001, 0.0981448787, 0, 4.99996574e+16, 1.56397508e-06, 1.62569882e-06, 0, 0
11.0253906, 0, 0, 5e+16, 0, 1.757752e-21, 3.718e+18, 6.44e+20, 4.85, 4, 146.743401, 31.6313639, 0.866667, 637823.713, 3.92736243e+13, 1.13746285e+12, 3.97136474e+10, 4.09321892, -144.775903, -148.622573, 5e+16, 3.0645298e+18, -633368.982, 75198.1537, 302.176947, 31.6313639, 96.3952353, 0.866667, 0.866667, 5e+16, 0.00375438037, 4.08946634, 0.182407036, 233.519569, -4.088332, -0.00374695999, -205.038854, 0.0943858117, 0.000232304305, 111.752724, 0, 1.21238388e-08, 1.21238388e-08, 2592712.26, 2596699.53, 457.900193, 0.27, 3.332, 3529.36555, -4.09207896, 0.094618116, 0, 4.99996631e+16, 1.71182572e-06, 1.78091547e-06, 0, 0
11.0258463, 0, 0, 5e+16, 0, 1.75457297e-21, 3.718e+18, 6.44e+20, 4.85, 4, 146.772281, 31.6239495, 0.866667, 637977.153, 3.94172156e+13, 1.13396997e+12, 3.9800054e+10, 4.09217334, -144.804854, -148.651521, 5e+16, 3.06218131e+18, -633518.147, 75239.9939, 302.171104, 31.6239495, 96.3951375, 0.866667, 0.866667, 5e+16, 0.00377887037, 4.08839627, 0.182394308, 233.686897, -4.08726584, -0.00377132811, -205.234681, 0.0942945199, 0.000234772104, 111.746889, 0, 1.21235059e-08, 1.21235059e-08, 2592103.56, 2596088.17, 457.684339, 0.27, 3.332, 3526.92397, -4.09103716, 0.094529292, 0, 4.99996632e+16, 1.72377041e-06, 1.793947e-06, 0, 0
11.0322266, 0, 0, 5e+16, 0, 1.7112642e-21, 3.718e+18, 6.44e+20, 4.85, 4, 147.177136, 31.5206308, 0.866667, 640111.949, 4.24406292e+13, 1.11512545e+12, 4.11950098e+10, 4.01962193, -145.210031, -149.057449, 5e+16, 3.16300707e+18, -635602.167, 75796.3744, 302.090002, 31.5206308, 96.3882079, 0.866667, 0.866667, 5e+16, 0.00390768917, 4.01571619, 0.182222119, 236.006953, -4.01464133, -0.00389987324, -207.930045, 0.091009395, 0.000243240308, 111.635997, 0, 1.21188856e-08, 1.21188856e-08, 2555052.52, 2558930.08, 449.071449, 0.27, 3.332, 3428.49488, -4.0185412, 0.0912526354, 0, 4.99996688e+16, 1.88735975e-06, 1.96570091e-06, 0, 0
11.0326823, 0, 0, 5e+16, 0, 1.70842289e-21, 3.718e+18, 6.44e+20, 4.85, 4, 147.206118, 31.5131922, 0.866667, 640266.886, 4.26003191e+13, 1.11177148e+12, 4.12849675e+10, 4.01864702, -145.239082, -149.086498, 5e+16, 3.16038119e+18, -635752.863, 75837.9775, 302.084646, 31.5131922, 96.3881063, 0.866667, 0.866667, 5e+16, 0.00393317559, 4.0147158, 0.182209387, 236.17654, -4.01364435, -0.00392523139, -208.127383, 0.0909267838, 0.00024582275, 111.630742, 0, 1.21185805e-08, 1.21185805e-08, 2554484.57, 2558359.68, 448.860367, 0.27, 3.332, 3426.24513, -4.01756958, 0.0911726066, 0, 4.99996689e+16, 1.90058026e-06, 1.98014097e-06, 0, 0
11.0390625, 0, 0, 5e+16, 0, 1.66975738e-21, 3.718e+18, 6.44e+20, 4.85, 4, 147.612398, 31.4095429, 0.866667, 642422.552, 4.5888974e+13, 1.09342325e+12, 4.27610756e+10, 3.94789418, -145.645692, -149.493854, 5e+16, 3.26665108e+18, -637858.11, 76391.24, 302.010397, 31.4095429, 96.3875323, 0.866667, 0.866667, 5e+16, 0.00406989162, 3.94382641, 0.182036612, 238.527996, -3.94280548, -0.00406165736, -210.844025, 0.0878598237, 0.000254796008, 111.528571, 0, 1.21143511e-08, 1.21143511e-08, 2518344.85, 2522120.68, 440.425584, 0.27, 3.332, 3335.39531, -3.94686714, 0.0881146197, 0, 4.99996744e+16, 2.08160098e-06, 2.17019179e-06, 0, 0
11.0395182, 0, 0, 5e+16, 0, 1.66724648e-21, 3.718e+18, 6.44e+20, 4.85, 4, 147.641484, 31.4020818, 0.866667, 642578.972, 4.60663627e+13, 1.090201e+12, 4.28547105e+10, 3.94698422, -145.674846, -149.523006, 5e+16, 3.26376228e+18, -638010.328, 76432.5956, 302.005553, 31.4020818, 96.3887493, 0.866667, 0.866667, 5e+16, 0.00409639558, 3.94288995, 0.182023877, 238.699776, -3.94187201, -0.00408802633, -211.042839, 0.0877849252, 0.000257497397, 111.523861, 0, 1.21140751e-08, 1.21140751e-08, 2517814.43, 2521587.98, 440.218522, 0.27, 3.332, 3333.31984, -3.94596003, 0.0880424226, 0, 4.99996745e+16, 2.09623625e-06, 2.18619349e-06, 0, 0
11.0458984, 0, 0, 5e+16, 0, 1.63312443e-21, 3.718e+18, 6.44e+20, 4.85, 4, 148.049211, 31.2981232, 0.866667, 644755.376, 4.96441676e+13, 1.07233371e+12, 4.4417188e+10, 3.87797985, -146.082909, -149.93181, 5e+16, 3.37577943e+18, -640136.692, 76982.6189, 301.938515, 31.2981232, 96.3956448, 0.866667, 0.866667, 5e+16, 0.00424155455, 3.8737406, 0.18185056, 241.081792, -3.8727688, -0.00423287788, -213.78031, 0.0849121732, 0.000267008197, 111.429953, 0, 1.21102569e-08, 1.21102569e-08, 2482560.84, 2486242.15, 431.955409, 0.27, 3.332, 3249.35727, -3.87700168, 0.0851791815, 0, 4.99996799e+16, 2.29655798e-06, 2.39648583e-06, 0, 0
11.0463541, 0, 0, 5e+16, 0, 1.63093748e-21, 3.718e+18, 6.44e+20, 4.85, 4, 148.078402, 31.290641, 0.866667, 644913.266, 4.98410056e+13, 1.06923651e+12, 4.45146278e+10, 3.87712968, -146.112168, -149.961066, 5e+16, 3.3726438e+18, -640290.419, 77023.7174, 301.934207, 31.290641, 96.3956002, 0.866667, 0.866667, 5e+16, 0.00426909479, 3.87286289, 0.181837823, 241.255705, -3.87189371, -0.00426027607, -213.980566, 0.0848441252, 0.000269832905, 111.425751, 0, 1.21100116e-08, 1.21100116e-08, 2482065.02, 2485744.21, 431.75169, 0.27, 3.332, 3247.43889, -3.87615399, 0.0851139582, 0, 4.99996799e+16, 2.31276198e-06, 2.41421875e-06, 0, 0
11.0527344, 0, 0, 5e+16, 0, 1.6012719e-21, 3.718e+18, 6.44e+20, 4.85, 4, 148.487595, 31.1863946, 0.866667, 647110.204, 5.37338574e+13, 1.05183771e+12, 4.61691382e+10, 3.80983118, -146.521704, -150.371337, 5e+16, 3.49073335e+18, -642437.722, 77570.3572, 301.874719, 31.1863946, 96.3953774, 0.866667, 0.866667, 5e+16, 0.00442328859, 3.80541039, 0.181663958, 243.667427, -3.80448363, -0.00441414409, -216.738442, 0.0821418983, 0.000279916031, 111.339528, 0, 1.21066236e-08, 1.21066236e-08, 2447677.04, 2451270.19, 423.654678, 0.27, 3.332, 3169.48776, -3.80889777, 0.0824218144, 0, 4.99996852e+16, 2.53444682e-06, 2.6468908e-06, 0, 0
11.0531901, 0, 0, 5e+16, 0, 1.59940341e-21, 3.718e+18, 6.44e+20, 4.85, 4, 148.516892, 31.178893, 0.866667, 647269.55, 5.39520582e+13, 1.04885939e+12, 4.62705076e+10, 3.80903616, -146.551068, -150.400698, 5e+16, 3.48736821e+18, -642592.946, 77611.189, 301.870971, 31.178893, 96.3953309, 0.866667, 0.866667, 5e+16, 0.00445188076, 3.80458677, 0.181651216, 243.843412, -3.8036623, -0.0044425868, -216.940109, 0.0820799375, 0.000282868393, 111.335801, 0, 1.21064101e-08, 1.21064101e-08, 2447213.19, 2450804.36, 423.453697, 0.27, 3.332, 3167.71027, -3.80810489, 0.0823628059, 0, 4.99996853e+16, 2.55238998e-06, 2.66654257e-06, 0, 0
11.0595704, 0, 0, 5e+16, 0, 1.574122e-21, 3.718e+18, 6.44e+20, 4.85, 4, 148.92756, 31.0743792, 0.866667, 649486.863, 5.81884819e+13, 1.03191791e+12, 4.80231401e+10, 3.74340753, -146.962087, -150.812445, 5e+16, 3.61187429e+18, -644761.053, 78154.3227, 301.819353, 31.0743792, 96.3867841, 0.866667, 0.866667, 5e+16, 0.00461575129, 3.73879447, 0.18147674, 246.284069, -3.73790916, -0.00460611207, -219.717989, 0.0795305883, 0.000293561024, 111.256814, 0, 1.21034708e-08, 1.21034708e-08, 2413674.45, 2417185.1, 415.517443, 0.27, 3.332, 3095.13044, -3.74251527, 0.0798241493, 0, 4.99996905e+16, 2.79772574e-06, 2.92395248e-06, 0, 0
11.0600261, 0, 0, 5e+16, 0, 1.5725675e-21, 3.718e+18, 6.44e+20, 4.85, 4, 148.956963, 31.0668598, 0.866667, 649647.649, 5.84301399e+13, 1.02905266e+12, 4.81285595e+10, 3.74266346, -146.991557, -150.84191, 5e+16, 3.60829781e+18, -644917.76, 78194.8792, 301.816186, 31.0668598, 96.3867357, 0.866667, 0.866667, 5e+16, 0.00464540722, 3.73802075, 0.18146399, 246.462068, -3.73713743, -0.00463561077, -219.921035, 0.0794740337, 0.000296645315, 111.253528, 0, 1.21032904e-08, 1.21032904e-08, 2413240.19, 2416748.99, 415.318663, 0.27, 3.332, 3093.47922, -3.74177304, 0.0797706791, 0, 4.99996905e+16, 2.81759656e-06, 2.94573073e-06, 0, 0
11.0664063, 0, 0, 5e+16, 0, 1.55161252e-21, 3.718e+18, 6.44e+20, 4.85, 4, 149.369114, 30.962102, 0.866667, 651885.113, 6.3041065e+13, 1.01255878e+12, 4.99858712e+10, 3.6786735, -147.404067, -151.25514, 5e+16, 3.73958512e+18, -647106.471, 78734.378, 301.772738, 30.962102, 96.3860588, 0.866667, 0.866667, 5e+16, 0.0048196515, 3.67385675, 0.181288793, 248.93088, -3.67300978, -0.00480948922, -222.718537, 0.0770597987, 0.000307987052, 111.181249, 0, 1.21008163e-08, 1.21008163e-08, 2380537.36, 2383970.44, 407.538127, 0.27, 3.332, 3025.54409, -3.67781927, 0.0773677857, 0, 4.99996957e+16, 3.08910628e-06, 3.23046572e-06, 0, 0
11.066862, 0, 0, 5e+16, 0, 1.55036849e-21, 3.718e+18, 6.44e+20, 4.85, 4, 149.398624, 30.9545665, 0.866667, 652047.325, 6.33084824e+13, 1.00980117e+12, 5.00954577e+10, 3.67797658, -147.433643, -151.284712, 5e+16, 3.73581617e+18, -647264.65, 78774.6526, 301.77017, 30.9545665, 96.3844115, 0.866667, 0.866667, 5e+16, 0.00485037837, 3.6731291, 0.181276028, 249.110837, -3.67228389, -0.00484005069, -222.92293, 0.0770080515, 0.000311207552, 111.178373, 0, 1.21006701e-08, 1.21006701e-08, 2380130.54, 2383561.9, 407.341068, 0.27, 3.332, 3024.00602, -3.67712394, 0.0773192591, 0, 4.99996957e+16, 3.11111344e-06, 3.25460041e-06, 0, 0
11.0732422, 0, 0, 5e+16, 0, 1.53369679e-21, 3.718e+18, 6.44e+20, 4.85, 4, 149.812279, 30.8495842, 0.866667, 654304.813, 6.83281077e+13, 9.93745182e+11, 5.20645675e+10, 3.61559774, -147.847665, -151.699445, 5e+16, 3.87427477e+18, -649473.854, 79310.4414, 301.735161, 30.8495842, 96.3929036, 0.866667, 0.866667, 5e+16, 0.00503575289, 3.61056511, 0.181099999, 251.607078, -3.60975374, -0.0050250376, -225.739651, 0.0747168946, 0.000323241179, 111.112412, 0, 1.20986767e-08, 1.20986767e-08, 2348252.52, 2351612.52, 399.7109, 0.27, 3.332, 2960.29774, -3.61477878, 0.0750401358, 0, 4.99997007e+16, 3.41158735e-06, 3.56950807e-06, 0, 0
11.0736979, 0, 0, 5e+16, 0, 1.53276083e-21, 3.718e+18, 6.44e+20, 4.85, 4, 149.841898, 30.8420341, 0.866667, 654468.438, 6.86238036e+13, 9.91090114e+11, 5.21784319e+10, 3.61494452, -147.87735, -151.729125, 5e+16, 3.8703327e+18, -649633.492, 79350.4283, 301.733209, 30.8420341, 96.392777, 0.866667, 0.866667, 5e+16, 0.00506755309, 3.60988009, 0.181087212, 251.788939, -3.60907026, -0.00505666383, -225.945364, 0.074669421, 0.000326602097, 111.109915, 0, 1.20985655e-08, 1.20985655e-08, 2347871.19, 2351229.57, 399.515143, 0.27, 3.332, 2958.86067, -3.61412692, 0.0749960231, 0, 4.99997008e+16, 3.43596172e-06, 3.59625381e-06, 0, 0
11.0800781, 0, 0, 5e+16, 0, 1.5203453e-21, 3.718e+18, 6.44e+20, 4.85, 4, 150.25707, 30.7368484, 0.866667, 656745.749, 7.40891553e+13, 9.75463469e+11, 5.42670746e+10, 3.55414986, -148.292898, -152.145374, 5e+16, 4.01637994e+18, -651863.01, 79882.416, 301.706876, 30.7368484, 96.3925111, 0.866667, 0.866667, 5e+16, 0.00526488567, 3.54888834, 0.180910235, 254.311904, -3.54811018, -0.00525358577, -228.780968, 0.0724878834, 0.000339373411, 111.049774, 0, 1.20970663e-08, 1.20970663e-08, 2316807.47, 2320098.3, 392.030181, 0.27, 3.332, 2898.79361, -3.55336375, 0.0728272568, 0, 4.99997057e+16, 3.76848269e-06, 3.944449e-06, 0, 0
11.0805338, 0, 0, 5e+16, 0, 1.51971606e-21, 3.718e+18, 6.44e+20, 4.85, 4, 150.286799, 30.7292851, 0.866667, 656910.774, 7.44158943e+13, 9.72906193e+11, 5.43853183e+10, 3.55353722, -148.322693, -152.175162, 5e+16, 4.01228435e+18, -652024.094, 79922.1107, 301.705554, 30.7292851, 96.3923802, 0.866667, 0.866667, 5e+16, 0.0052977544, 3.54824282, 0.180897418, 254.495614, -3.547466, -0.00528627151, -228.987967, 0.0724442162, 0.000342878853, 111.047627, 0, 1.2096991e-08, 1.2096991e-08, 2316449.86, 2319739.15, 391.835366, 0.27, 3.332, 2897.44657, -3.55275227, 0.0727870951, 0, 4.99997058e+16, 3.79547915e-06, 3.97408717e-06, 0, 0
11.0869141, 0, 0, 5e+16, 0, 1.51154503e-21, 3.718e+18, 6.44e+20, 4.85, 4, 150.703508, 30.6239141, 0.866667, 659207.774, 8.03678469e+13, 9.57700241e+11, 5.66018875e+10, 3.49430287, -148.739788, -152.592946, 5e+16, 4.16636548e+18, -654273.803, 80450.2489, 301.6881, 30.6239141, 96.3819594, 0.866667, 0.866667, 5e+16, 0.00550794189, 3.48879854, 0.180719359, 257.044595, -3.48805142, -0.00549602399, -231.842039, 0.0703641153, 0.000356437225, 110.99295, 0, 1.20959973e-08, 1.20959973e-08, 2286191.68, 2289416.88, 384.490083, 0.27, 3.332, 2840.70258, -3.49354745, 0.0707205525, 0, 4.99997106e+16, 4.16344787e-06, 4.35897645e-06, 0, 0
11.0873698, 0, 0, 5e+16, 0, 1.51122222e-21, 3.718e+18, 6.44e+20, 4.85, 4, 150.733347, 30.6163392, 0.866667, 659374.182, 8.07286444e+13, 9.55236293e+11, 5.67245976e+10, 3.49372793, -148.769692, -152.622843, 5e+16, 4.16213588e+18, -654436.32, 80489.6468, 301.687419, 30.6163392, 96.381824, 0.866667, 0.866667, 5e+16, 0.00554186781, 3.48818967, 0.1807065, 257.230105, -3.48744373, -0.00552975745, -232.050297, 0.0703238368, 0.000360091064, 110.991124, 0, 1.20959585e-08, 1.20959585e-08, 2285856.16, 2289079.9, 384.295909, 0.27, 3.332, 2839.43532, -3.49297349, 0.0706839278, 0, 4.99997106e+16, 4.19334775e-06, 4.39181819e-06, 0, 0
11.09375, 0, 0, 5e+16, 0, 1.50729953e-21, 3.718e+18, 6.44e+20, 4.85, 4, 151.151595, 30.5108048, 0.866667, 661690.641, 8.72113629e+13, 9.40443001e+11, 5.90781881e+10, 3.43602851, -149.188333, -153.042166, 5e+16, 4.32472454e+18, -656706.006, 81013.8754, 301.679005, 30.5108048, 96.3810365, 0.866667, 0.866667, 5e+16, 0.00576589592, 3.43026648, 0.180527177, 259.804441, -3.42954851, -0.00575332482, -234.9225, 0.0683353382, 0.000374489165, 110.941476, 0, 1.20954795e-08, 1.20954795e-08, 2256394, 2259556.61, 377.084732, 0.27, 3.332, 2785.51988, -3.43530183, 0.0687098273, 0, 4.99997154e+16, 4.60052656e-06, 4.81710154e-06, 0, 0
11.0942057, 0, 0, 5e+16, 0, 1.50728386e-21, 3.718e+18, 6.44e+20, 4.85, 4, 151.181545, 30.5032199, 0.866667, 661858.419, 8.760953e+13, 9.38068099e+11, 5.92054349e+10, 3.43548865, -149.218349, -153.072172, 5e+16, 4.32037995e+18, -656869.941, 81052.9742, 301.678972, 30.5032199, 96.3828054, 0.866667, 0.866667, 5e+16, 0.00580085824, 3.42969166, 0.180514263, 259.991697, -3.42897471, -0.00578808471, -235.131986, 0.0682980822, 0.000378295091, 110.939946, 0, 1.20954776e-08, 1.20954776e-08, 2256079.1, 2259240.31, 376.890958, 0.27, 3.332, 2784.32405, -3.4347628, 0.0686763773, 0, 4.99997154e+16, 4.6336404e-06, 4.85349084e-06, 0, 0
11.1005859, 0, 0, 5e+16, 0, 1.50762751e-21, 3.718e+18, 6.44e+20, 4.85, 4, 151.601351, 30.3975417, 0.866667, 664194.199, 9.46717818e+13, 9.23678413e+11, 6.17059412e+10, 3.37929979, -149.638558, -153.493051, 5e+16, 4.4919818e+18, -659159.475, 81573.2916, 301.67971, 30.3975417, 96.3931468, 0.866667, 0.866667, 5e+16, 0.00603980045, 3.37326415, 0.180333458, 262.590723, -3.37257355, -0.006026539, -238.021907, 0.0663958866, 0.000393589842, 110.895024, 0, 1.20955196e-08, 1.20955196e-08, 2227403.85, 2230506.74, 369.807528, 0.27, 3.332, 2733.09117, -3.37860009, 0.0667894765, 0, 4.99997201e+16, 5.08417586e-06, 5.32318005e-06, 0, 0
11.1010416, 0, 0, 5e+16, 0, 1.50792068e-21, 3.718e+18, 6.44e+20, 4.85, 4, 151.631415, 30.3899482, 0.866667, 664363.331, 9.51109365e+13, 9.21388534e+11, 6.18377762e+10, 3.3787926, -149.668687, -153.523169, 5e+16, 4.48754087e+18, -659324.815, 81612.0897, 301.680329, 30.3899482, 96.3930864, 0.866667, 0.866667, 5e+16, 0.00607576842, 3.37272099, 0.180320473, 262.779674, -3.37203129, -0.00606229406, -238.232589, 0.0663613283, 0.000397551336, 110.893763, 0, 1.20955548e-08, 1.20955548e-08, 2227108.17, 2230209.74, 369.613967, 0.27, 3.332, 2731.95882, -3.37809359, 0.0667588797, 0, 4.99997201e+16, 5.1208461e-06, 5.36349694e-06, 0, 0
11.1074219, 0, 0, 5e+16, 0, 1.51256279e-21, 3.718e+18, 6.44e+20, 4.85, 4, 152.052799, 30.2841461, 0.866667, 666718.21, 1.02805465e+14, 9.07394036e+11, 6.44960457e+10, 3.32408855, -150.090484, -153.945627, 5e+16, 4.66870104e+18, -661633.981, 82128.4825, 301.690281, 30.2841461, 96.3927736, 0.866667, 0.866667, 5e+16, 0.00633080226, 3.31776221, 0.18013792, 265.402694, -3.31709744, -0.00631681124, -241.139831, 0.0645381093, 0.000413804134, 110.853149, 0, 1.20961214e-08, 1.20961214e-08, 2199209.89, 2202255.58, 362.651802, 0.27, 3.332, 2683.0385, -3.32341424, 0.0649519135, 0, 4.99997247e+16, 5.61929996e-06, 5.88188782e-06, 0, 0
11.1078776, 0, 0, 5e+16, 0, 1.51316736e-21, 3.718e+18, 6.44e+20, 4.85, 4, 152.082975, 30.2765455, 0.866667, 666888.677, 1.03289548e+14, 9.05185367e+11, 6.46324913e+10, 3.3236118, -150.120726, -153.975856, 5e+16, 4.66418169e+18, -661800.707, 82166.9788, 301.691552, 30.2765455, 96.3927111, 0.866667, 0.866667, 5e+16, 0.00636773329, 3.31724853, 0.180124844, 265.59329, -3.31658454, -0.00635351834, -241.351679, 0.0645059641, 0.000417924286, 110.852134, 0, 1.20961938e-08, 1.20961938e-08, 2198932.18, 2201976.61, 362.458333, 0.27, 3.332, 2681.96245, -3.32293806, 0.0649238884, 0, 4.99997248e+16, 5.65990328e-06, 5.92655151e-06, 0, 0
11.1142579, 0, 0, 5e+16, 0, 1.52215282e-21, 3.718e+18, 6.44e+20, 4.85, 4, 152.505945, 30.1706387, 0.866667, 669262.476, 1.11674333e+14, 8.91576888e+11, 6.74603283e+10, 3.27036568, -150.544116, -154.399898, 5e+16, 4.85548074e+18, -664129.331, 82679.4799, 301.710726, 30.1706387, 96.3801455, 0.866667, 0.866667, 5e+16, 0.00664015111, 3.26373029, 0.179940216, 268.239683, -3.26308987, -0.00662538916, -244.27585, 0.0627586492, 0.000435201257, 110.815555, 0, 1.20972854e-08, 1.20972854e-08, 2171800.04, 2174790.85, 355.610244, 0.27, 3.332, 2635.20362, -3.26971527, 0.0631938505, 0, 4.99997292e+16, 6.211323e-06, 6.49820726e-06, 0, 0
11.1147136, 0, 0, 5e+16, 0, 1.5230722e-21, 3.718e+18, 6.44e+20, 4.85, 4, 152.536236, 30.1630327, 0.866667, 669434.258, 1.1220763e+14, 8.89445743e+11, 6.76013706e+10, 3.26991731, -150.574473, -154.430239, 5e+16, 4.85089984e+18, -664297.422, 82717.6743, 301.712644, 30.1630327, 96.3800808, 0.866667, 0.866667, 5e+16, 0.0066779889, 3.26324408, 0.179927031, 268.431875, -3.26260435, -0.0066629914, -244.488831, 0.0627286647, 0.000439482691, 110.814763, 0, 1.20973947e-08, 1.20973947e-08, 2171539.12, 2174528.71, 355.416813, 0.27, 3.332, 2634.17768, -3.26926734, 0.0631681474, 0, 4.99997293e+16, 6.25627326e-06, 6.54767961e-06, 0, 0
11.1210938, 0, 0, 5e+16, 0, 1.53645753e-21, 3.718e+18, 6.44e+20, 4.85, 4, 152.960797, 30.0570442, 0.866667, 671826.703, 1.21345299e+14, 8.76213707e+11, 7.06116453e+10, 3.21809969, -150.999464, -154.855873, 5e+16, 5.05295659e+18, -666645.226, 83226.3446, 301.740988, 30.0570442, 96.3791753, 0.866667, 0.866667, 5e+16, 0.00696921138, 3.21113559, 0.179740008, 271.100985, -3.21051816, -0.00695363487, -247.429523, 0.0610529947, 0.000457854955, 110.781892, 0, 1.20990085e-08, 1.20990085e-08, 2145160.51, 2148098.47, 348.674983, 0.27, 3.332, 2589.29254, -3.21747179, 0.0615108497, 0, 4.99997337e+16, 6.86620454e-06, 7.1773262e-06, 0, 0
11.1215495, 0, 0, 5e+16, 0, 1.53769585e-21, 3.718e+18, 6.44e+20, 4.85, 4, 152.991203, 30.0494347, 0.866667, 671999.775, 1.21932468e+14, 8.74156488e+11, 7.07572285e+10, 3.21767775, -151.029936, -154.886328, 5e+16, 5.0483298e+18, -666814.657, 83264.2391, 301.743546, 30.0494347, 96.3768494, 0.866667, 0.866667, 5e+16, 0.0070078834, 3.21067498, 0.179726697, 271.294719, -3.21005815, -0.00699205907, -247.643599, 0.0610249535, 0.000462299869, 110.781301, 0, 1.20991542e-08, 1.20991542e-08, 2144915.26, 2147852.05, 348.481602, 0.27, 3.332, 2588.31154, -3.2170502, 0.0614872534, 0, 4.99997337e+16, 6.91595609e-06, 7.23211556e-06, 0, 0
11.1279297, 0, 0, 5e+16, 0, 1.55554841e-21, 3.718e+18, 6.44e+20, 4.85, 4, 153.417376, 29.9433859, 0.866667, 674410.635, 1.31891807e+14, 8.61289259e+11, 7.39640768e+10, 3.16725527, -151.456548, -155.313575, 5e+16, 5.26180894e+18, -669181.398, 83769.2481, 301.780948, 29.9433859, 96.3893061, 0.866667, 0.866667, 5e+16, 0.00731947244, 3.15994126, 0.179537058, 273.985905, -3.15934547, -0.00730303529, -250.600335, 0.0594219016, 0.000481844946, 110.751987, 0, 1.21012838e-08, 1.21012838e-08, 2119274.43, 2122161.56, 341.836832, 0.27, 3.332, 2545.29398, -3.16664851, 0.0599037466, 0, 4.9999738e+16, 7.59049973e-06, 7.92449485e-06, 0, 0
11.1283854, 0, 0, 5e+16, 0, 1.55711042e-21, 3.718e+18, 6.44e+20, 4.85, 4, 153.447899, 29.9357748, 0.866667, 674584.966, 1.32537863e+14, 8.5930246e+11, 7.41140923e+10, 3.16685794, -151.487136, -155.344144, 5e+16, 5.25715063e+18, -669352.139, 83806.8448, 301.784133, 29.9357748, 96.3891434, 0.866667, 0.866667, 5e+16, 0.0073588886, 3.15950452, 0.179523612, 274.181129, -3.15890925, -0.00734219068, -250.815469, 0.0593956116, 0.000486454949, 110.751581, 0, 1.21014652e-08, 1.21014652e-08, 2119043.81, 2121929.81, 341.643587, 0.27, 3.332, 2544.35334, -3.16625145, 0.0598820666, 0, 4.99997381e+16, 7.6455494e-06, 7.98515914e-06, 0, 0
11.1347656, 0, 0, 5e+16, 0, 1.57950644e-21, 3.718e+18, 6.44e+20, 4.85, 4, 153.875696, 29.8296923, 0.866667, 677013.825, 1.43392428e+14, 8.46786895e+11, 7.75330635e+10, 3.11778918, -151.915381, -155.773016, 5e+16, 5.48276604e+18, -671737.372, 84308.4179, 301.830421, 29.8296923, 96.3887785, 0.866667, 0.866667, 5e+16, 0.0076925741, 3.11010243, 0.179331309, 276.893713, -3.10952696, -0.00767522766, -253.787742, 0.057865642, 0.000507256905, 110.725635, 0, 1.2104101e-08, 1.2104101e-08, 2094119.18, 2096957.24, 335.085439, 0.27, 3.332, 2502.97531, -3.11720219, 0.058372899, 0, 4.99997423e+16, 8.39138762e-06, 8.7446663e-06, 0, 0
11.1352213, 0, 0, 5e+16, 0, 1.58139738e-21, 3.718e+18, 6.44e+20, 4.85, 4, 153.906336, 29.822082, 0.866667, 677189.37, 1.44102737e+14, 8.44867086e+11, 7.76873351e+10, 3.11741474, -151.946086, -155.8037, 5e+16, 5.47808916e+18, -671909.378, 84345.7195, 301.834217, 29.822082, 96.3886111, 0.866667, 0.866667, 5e+16, 0.00773262194, 3.10968794, 0.179317735, 277.090365, -3.10911292, -0.00771500102, -254.003886, 0.0578409384, 0.00051203289, 110.725395, 0, 1.21043171e-08, 1.21043171e-08, 2093902.17, 2096739.13, 334.892496, 0.27, 3.332, 2502.07137, -3.11682792, 0.0583529714, 0, 4.99997423e+16, 8.45227643e-06, 8.81181456e-06, 0, 0
11.1416016, 0, 0, 5e+16, 0, 1.60842031e-21, 3.718e+18, 6.44e+20, 4.85, 4, 154.335776, 29.7159995, 0.866667, 679635.628, 1.55931846e+14, 8.32685773e+11, 8.13355355e+10, 3.06964804, -152.375983, -156.234219, 5e+16, 5.71660419e+18, -674312.465, 84844.1977, 301.88916, 29.7159995, 96.3736148, 0.866667, 0.866667, 5e+16, 0.00809030496, 3.06156397, 0.17912299, 279.823494, -3.06100734, -0.00807199782, -256.990895, 0.0563927719, 0.00053418319, 110.702871, 0, 1.2107446e-08, 1.2107446e-08, 2069663.61, 2072454.32, 328.408048, 0.27, 3.332, 2462.29857, -3.06907934, 0.0569269551, 0, 4.99997465e+16, 9.27666095e-06, 9.64183199e-06, 0, 0
11.1420573, 0, 0, 5e+16, 0, 1.61064564e-21, 3.718e+18, 6.44e+20, 4.85, 4, 154.366534, 29.7083927, 0.866667, 679812.331, 1.5671208e+14, 8.30829657e+11, 8.14938004e+10, 3.06929484, -152.406806, -156.265018, 5e+16, 5.71192042e+18, -674485.679, 84881.2094, 301.893545, 29.7083927, 96.3734427, 0.866667, 0.866667, 5e+16, 0.00813084894, 3.06117022, 0.179109313, 280.02152, -3.06061398, -0.00811225281, -257.208011, 0.0563694964, 0.000539125094, 110.702775, 0, 1.21076958e-08, 1.21076958e-08, 2069459.25, 2072248.9, 328.215668, 0.27, 3.332, 2461.42879, -3.06872623, 0.0569086215, 0, 4.99997465e+16, 9.34397799e-06, 9.71612967e-06, 0, 0
11.1484375, 0, 0, 5e+16, 0, 1.6423818e-21, 3.718e+18, 6.44e+20, 4.85, 4, 154.797616, 29.6023692, 0.866667, 682274.727, 1.69597204e+14, 8.1895822e+11, 8.53900617e+10, 3.02275489, -152.838353, -156.697182, 5e+16, 5.96414739e+18, -676905.319, 85376.872, 301.956847, 29.6023692, 96.3724104, 0.866667, 0.866667, 5e+16, 0.00851464117, 3.01424688, 0.178912779, 282.773936, -3.01370738, -0.0084953191, -260.208489, 0.0550186621, 0.000562721203, 110.683793, 0, 1.2111301e-08, 1.2111301e-08, 2045857.59, 2048602.18, 321.788217, 0.27, 3.332, 2422.80109, -3.02220269, 0.0555813833, 0, 4.99997506e+16, 1.02546583e-05, 1.06176327e-05, 0, 0
11.1488932, 0, 0, 5e+16, 0, 1.64494722e-21, 3.718e+18, 6.44e+20, 4.85, 4, 154.828492, 29.5947678, 0.866667, 682452.54, 1.70453467e+14, 8.17162981e+11, 8.55519503e+10, 3.02242138, -152.869295, -156.728098, 5e+16, 5.95946822e+18, -677079.688, 85413.6246, 301.961796, 29.5947678, 96.3748816, 0.866667, 0.866667, 5e+16, 0.00855551825, 3.0138725, 0.178899057, 282.973312, -3.01333334, -0.00853589175, -260.426574, 0.0549966274, 0.000567828173, 110.68381, 0, 1.21115828e-08, 1.21115828e-08, 2045665, 2048406.04, 321.596775, 0.27, 3.332, 2419.44773, -3.02186922, 0.0555644557, 0, 4.99997506e+16, 1.03289296e-05, 1.0699822e-05, 0, 0
11.1552734, 0, 0, 5e+16, 0, 1.6814843e-21, 3.718e+18, 6.44e+20, 4.85, 4, 155.261232, 29.4889158, 0.866667, 684928.491, 1.84474642e+14, 8.05559571e+11, 8.97171368e+10, 2.97698696, -153.30251, -157.161926, 5e+16, 6.22626853e+18, -679513.324, 85906.1446, 302.033105, 29.4889158, 96.3897189, 0.866667, 0.866667, 5e+16, 0.00896773894, 2.96802628, 0.178702124, 285.742399, -2.96750145, -0.00894734507, -263.43767, 0.0537849884, 0.000592968937, 110.668777, 0, 1.21156445e-08, 1.21156445e-08, 2022611.81, 2025032.94, 315.201062, 0.27, 3.332, 2105.9219, -2.97644879, 0.0543779573, 0, 4.99997546e+16, 1.13328228e-05, 1.16684317e-05, 0, 0
11.1557291, 0, 0, 5e+16, 0, 1.68439557e-21, 3.718e+18, 6.44e+20, 4.85, 4, 155.292229, 29.4813162, 0.866667, 685152.107, 1.85577784e+14, 8.03149557e+11, 8.9882145e+10, 2.97654342, -153.333593, -157.19296, 5e+16, 6.21938158e+18, -679733.002, 85949.5912, 302.03859, 29.4813162, 96.3896422, 0.866667, 0.866667, 5e+16, 0.00902902206, 2.96752147, 0.178686229, 286.044196, -2.96699874, -0.00900840513, -263.766943, 0.0537387215, 0.00059824059, 110.668814, 0, 1.2115957e-08, 1.2115957e-08, 2022358.68, 2024774.48, 314.99301, 0.27, 3.332, 2100.81084, -2.97600714, 0.0543369621, 0, 4.99997547e+16, 1.14397959e-05, 1.17974498e-05, 0, 0
11.1621094, 0, 0, 5e+16, 0, 1.72581617e-21, 3.718e+18, 6.44e+20, 4.85, 4, 155.72664, 29.3759041, 0.866667, 688249.759, 2.03693102e+14, 7.88106539e+11, 9.4339675e+10, 2.91491181, -153.76861, -157.628465, 5e+16, 6.49904015e+18, -682785.446, 86503.5946, 302.117489, 29.3759041, 96.389198, 0.866667, 0.866667, 5e+16, 0.00970101902, 2.90521836, 0.178469065, 290.219252, -2.90477365, -0.00968000498, -268.293161, 0.0486512766, 0.000625001388, 110.653856, 0, 1.21204514e-08, 1.21204514e-08, 1991579.71, 1992415.1, 306.944324, 0.27, 3.332, 528.452328, -2.91445366, 0.049276278, 0, 4.99997598e+16, 1.32422094e-05, 1.34528309e-05, 0, 0
11.1630209, 0, 0, 5e+16, 0, 1.73271914e-21, 3.718e+18, 6.44e+20, 4.85, 4, 155.788996, 29.3644854, 0.866667, 688612.999, 2.05694364e+14, 7.83320319e+11, 9.45878301e+10, 2.914242, -153.831146, -157.690865, 5e+16, 6.48459421e+18, -683156.722, 86472.8191, 302.129975, 29.3644854, 96.3890561, 0.866667, 0.866667, 5e+16, 0.00980344043, 2.90444614, 0.178453841, 290.740415, -2.90400448, -0.0097820737, -268.859644, 0.0485822398, 0.000633596219, 110.653667, 0, 1.21211628e-08, 1.21211628e-08, 1991200.2, 1992100.2, 306.606667, 0.27, 3.332, 593.400405, -2.91378655, 0.049215836, 0, 4.99997599e+16, 1.3656889e-05, 1.37850433e-05, 0, 0
11.1757813, 0, 0, 5e+16, 0, 1.83075885e-21, 3.718e+18, 6.44e+20, 4.85, 4, 156.662785, 29.2084351, 0.866667, 694165.122, 2.36431e+14, 7.35680694e+11, 1.01723735e+11, 2.76447597, -154.706827, -158.566175, 5e+16, 6.89881008e+18, -688741.892, 86554.2571, 302.309078, 29.2084351, 96.3705412, 0.866667, 0.866667, 5e+16, 0.0108091775, 2.7538338, 0.178267791, 290.079345, -2.75365845, -0.0106512142, -266.53246, 0.0271718494, -0.00153302856, 114.481355, 0, 1.21313673e-08, 1.21313673e-08, 1903692.19, 1907443.53, 282.876467, 0.27, 3.332, 3468.4531, -2.76430966, 0.0256388209, 0, 4.9999776e+16, 1.74308145e-05, 1.5086545e-05, 0, 0
11.1776042, 0, 0, 5e+16, 0, 1.8492624e-21, 3.718e+18, 6.44e+20, 4.85, 4, 156.789061, 29.1842921, 0.866667, 695268.485, 2.62671154e+14, 7.85443946e+11, 1.02216272e+11, 2.78655415, -154.831447, -158.692517, 5e+16, 7.12753255e+18, -689804.505, 86916.8004, 302.339441, 29.1842921, 96.3639405, 0.866667, 0.866667, 5e+16, 0.0111186583, 2.77560288, 0.178250361, 292.074114, -2.77544284, -0.0109632903, -268.698271, 0.0276668063, -0.00155189624, 114.427423, 0, 1.21330981e-08, 1.21330981e-08, 1919343.38, 1923034.71, 284.467642, 0.27, 3.332, 3406.85414, -2.78640613, 0.0261149101, 0, 4.99997747e+16, 1.79306099e-05, 1.67688787e-05, 0, 0
11.203125, 0, 0, 5e+16, 0, 2.10774621e-21, 3.718e+18, 6.44e+20, 4.85, 4, 158.553241, 28.8501785, 0.866667, 711505.976, 5.26921395e+14, 8.90321843e+11, 1.84988798e+10, 10.6807705, -156.592979, -160.411214, 5e+16, 3.49242594e+18, -704983.563, 95832.8018, 302.767217, 28.8501785, 96.3217985, 0.866667, 0.866667, 5e+16, 0.0142291624, 10.6665448, 0.178080466, 379.597079, -10.6658783, -0.0141952879, -361.437554, 0.101471533, 0.000981023164, 114.746787, 0, 1.21574819e-08, 1.21574819e-08, 9614266.11, 9610398.81, 1450.93803, 0.27, 3.332, -5318.27361, -10.6800736, 0.102452556, 0, 4.99988845e+16, 3.01445899e-05, 4.46017601e-05, 0, 0
11.2614583, 0, 0, 5e+16, 0, 3.35394358e-21, 3.718e+18, 6.44e+20, 4.85, 4, 162.753035, 28.2674723, 0.866667, 733175.702, 8.61208801e+14, 5.32008383e+11, 2.00907295e+10, 10.5715282, -160.80842, -164.610575, 5e+16, 1.72160879e+18, -726558.315, 98048.8152, 304.066667, 28.2674723, 96.3715603, 0.866667, 0.866667, 5e+16, 0.0174969003, 10.5540471, 0.177698798, 396.165967, -10.5527472, -0.0174547866, -378.917809, 0.105549152, 0.00121301022, 115.022131, 0, 1.22317035e-08, 1.22317035e-08, 9542179, 9538596.71, 1426.13549, 0.27, 3.332, -5008.46493, -10.5702019, 0.106762162, 0, 4.99988951e+16, 6.76730566e-05, 9.83803666e-05, 0, 0
11.3125, 0, 0, 5e+16, 0, 4.43049812e-21, 3.718e+18, 6.44e+20, 4.85, 4, 166.433475, 27.7590263, 0.866667, 754995.575, 1.61884077e+15, 5.41886543e+11, 2.11242157e+10, 10.8276722, -164.489797, -168.289515, 5e+16, 1.72555891e+18, -748079.419, 101788.123, 305.206691, 27.7590263, 96.364834, 0.866667, 0.866667, 5e+16, 0.0175073886, 10.8101806, 0.177377085, 413.955697, -10.8092495, -0.0174653175, -398.149431, 0.0345721085, 0.00121296852, 111.50098, 0, 1.22968143e-08, 1.22968143e-08, 10146428.7, 10151021.5, 1486.92137, 0.27, 3.332, 3105.92986, -10.8267148, 0.035785077, 0, 4.99988852e+16, 0.000105605452, 0.000146055366, 0, 0
11.3708333, 0, 0, 5e+16, 0, 7.52272987e-21, 3.718e+18, 6.44e+20, 4.85, 4, 170.913986, 26.8308615, 0.866667, 781225.663, 2.47367336e+15, 3.75684202e+11, 2.42946891e+10, 10.7521472, -168.982558, -172.770783, 5e+16, 9.58723033e+17, -774253.717, 104031.22, 306.690492, 26.8308615, 96.3579318, 0.866667, 0.866667, 5e+16, 0.0241150647, 10.7280726, 0.17681191, 442.599107, -10.7275125, -0.0240596493, -428.326878, 0.0265158549, 0.00163386825, 110.918453, 0, 1.23818705e-08, 1.23818705e-08, 10095791.5, 10100034.8, 1463.56057, 0.27, 3.332, 2779.71357, -10.7515721, 0.0281497231, 0, 4.99988884e+16, 0.000298786191, 0.00039029554, 0, 0
11.421875, 0, 0, 5e+16, 0, 1.0232968e-20, 3.718e+18, 6.44e+20, 4.85, 4, 174.837967, 26.0275694, 0.866667, 804172.593, 4.95869398e+15, 3.80384198e+11, 2.81348222e+10, 11.1066529, -172.907841, -176.695424, 5e+16, 9.73891828e+17, -797185.523, 105588.75, 308.003107, 26.0275694, 96.3518923, 0.866667, 0.866667, 5e+16, 0.0241420172, 11.0825515, 0.176330516, 476.513737, -11.0820047, -0.0240865098, -463.131391, 0.0157543185, 0.0016360968, 110.36021, 0, 1.24571101e-08, 1.24571101e-08, 11101503.1, 11104592.4, 1505.39147, 0.27, 3.332, 1583.93158, -11.1060913, 0.0173904153, 0, 4.99988972e+16, 0.000486447764, 0.000603256034, 0, 0
11.4802083, 0, 0, 5e+16, 0, 1.70440336e-20, 3.718e+18, 6.44e+20, 4.85, 4, 179.610334, 25.1783296, 0.866667, 830859.617, 8.75512076e+15, 3.14206016e+11, 3.22088167e+10, 11.0900905, -177.687912, -181.468521, 5e+16, 7.08053726e+17, -823972.73, 106676.237, 309.470023, 25.1783296, 96.3478647, 0.866667, 0.866667, 5e+16, 0.0326938579, 11.0574631, 0.175752321, 505.52523, -11.0570602, -0.0326235975, -493.488078, 0.012949226, 0.0021421452, 109.066229, 0, 1.25415161e-08, 1.25415161e-08, 11092276.4, 11095194.3, 1480.33617, 0.27, 3.332, 1437.63784, -11.0896838, 0.0150913712, 0, 4.99988981e+16, 0.00120264433, 0.00143323467, 0, 0
11.53125, 0, 0, 5e+16, 0, 2.31190777e-20, 3.718e+18, 6.44e+20, 4.85, 4, 183.78785, 24.4415538, 0.866667, 854148.779, 1.64016451e+16, 3.17539373e+11, 3.84759939e+10, 11.3663376, -181.866768, -185.647616, 5e+16, 7.33991628e+17, -847351.604, 107340.64, 310.775418, 24.4415538, 96.3443405, 0.866667, 0.866667, 5e+16, 0.0327394659, 11.3336647, 0.175251757, 539.582077, -11.3332637, -0.0326690707, -528.316984, 0.00942428351, 0.00214565045, 107.955175, 0, 1.26166286e-08, 1.26166286e-08, 12081269, 12083807.3, 1516.20421, 0.27, 3.332, 1022.10299, -11.3659328, 0.0115699339, 0, 4.99989105e+16, 0.00188295255, 0.00215417731, 0, 0
11.5895833, 0, 0, 5e+16, 0, 3.71552677e-20, 3.718e+18, 6.44e+20, 4.85, 4, 188.854464, 23.684384, 0.866667, 880707.469, 3.099049e+16, 2.96665898e+11, 4.3626142e+10, 11.3693342, -186.937743, -190.71488, 5e+16, 6.55246369e+17, -874104.368, 107578.609, 312.182114, 23.684384, 96.3434543, 0.866667, 0.866667, 5e+16, 0.043280544, 11.3261197, 0.174668469, 568.206247, -11.3258177, -0.0431948567, -558.15684, 0.00820422769, 0.00272187707, 105.815353, 0, 1.26978648e-08, 1.26978648e-08, 12087536.2, 12089981.4, 1487.37572, 0.27, 3.332, 957.808055, -11.3690126, 0.0109261048, 0, 4.99989108e+16, 0.00402347066, 0.00456580334, 0, 0
11.640625, 0, 0, 5e+16, 0, 4.98672732e-20, 3.718e+18, 6.44e+20, 4.85, 4, 193.288097, 23.0256517, 0.866667, 903869.265, 5.41467957e+16, 2.99600477e+11, 5.27046269e+10, 11.6217323, -191.372668, -195.150602, 5e+16, 6.95767591e+17, -897414.099, 107621.246, 313.436074, 23.0256517, 96.3426789, 0.866667, 0.866667, 5e+16, 0.043353897, 11.5784446, 0.174162575, 601.685623, -11.5781431, -0.043268019, -592.332083, 0.00685866239, 0.00272717464, 104.030009, 0, 1.27702858e-08, 1.27702858e-08, 13086920, 13089251.6, 1521.17405, 0.27, 3.332, 810.442417, -11.6214111, 0.00958583705, 0, 4.99989227e+16, 0.00604829289, 0.00665805104, 0, 0
11.6989583, 0, 0, 5e+16, 0, 7.71450521e-20, 3.718e+18, 6.44e+20, 4.85, 4, 198.645873, 22.3582792, 0.866667, 930026.313, 1.00689969e+17, 2.98417966e+11, 5.90555204e+10, 11.6324593, -196.732962, -200.508898, 5e+16, 6.87824205e+17, -923804.745, 107334.635, 314.770532, 22.3582792, 96.3438328, 0.866667, 0.866667, 5e+16, 0.055848841, 11.576657, 0.173586744, 629.265121, -11.5764409, -0.0557477704, -621.019576, 0.00614026381, 0.00335803116, 101.00443, 0, 1.28476162e-08, 1.28476162e-08, 13100626.3, 13102893.6, 1488.85414, 0.27, 3.332, 778.380326, -11.6321887, 0.00949829497, 0, 4.99989228e+16, 0.0115138892, 0.0127772291, 0, 0
11.75, 0, 0, 5e+16, 0, 1.02120311e-19, 3.718e+18, 6.44e+20, 4.85, 4, 203.333474, 21.7761481, 0.866667, 952846.956, 1.64989469e+17, 3.01264084e+11, 7.14187431e+10, 11.8774507, -201.421779, -205.198858, 5e+16, 7.48377141e+17, -946795.416, 107003.913, 315.958286, 21.7761481, 96.3448424, 0.866667, 0.866667, 5e+16, 0.0559633089, 11.8215343, 0.17308877, 661.469168, -11.8213183, -0.055861973, -653.858073, 0.0054622067, 0.00336584975, 98.5049272, 0, 1.29164544e-08, 1.29164544e-08, 14114939.1, 14117181, 1521.80077, 0.27, 3.332, 720.127656, -11.8771803, 0.00882805646, 0, 4.99989331e+16, 0.0166934066, 0.0180851371, 0, 0
11.8083333, 0, 0, 5e+16, 0, 1.52374067e-19, 3.718e+18, 6.44e+20, 4.85, 4, 208.977487, 21.1871757, 0.866667, 978505.465, 2.92603433e+17, 3.10601251e+11, 7.9094985e+10, 11.8924413, -207.067235, -210.84326, 5e+16, 7.76680677e+17, -972697.65, 106393.066, 317.218689, 21.1871757, 96.3471558, 0.866667, 0.866667, 5e+16, 0.0703858273, 11.8220815, 0.172532894, 687.397778, -11.8219331, -0.0702700012, -680.794279, 0.00494477025, 0.00403560488, 94.5935026, 0, 1.29897299e-08, 1.29897299e-08, 14133819.7, 14136008.3, 1487.27624, 0.27, 3.332, 701.367581, -11.8922031, 0.00898037513, 0, 4.99989331e+16, 0.0290404011, 0.0319234531, 0, 0
11.859375, 0, 0, 5e+16, 0, 1.98712114e-19, 3.718e+18, 6.44e+20, 4.85, 4, 213.915043, 20.6727105, 0.866667, 1000895.45, 4.53429759e+17, 3.13493138e+11, 9.53809081e+10, 12.1352046, -212.005925, -215.783337, 5e+16, 8.65133268e+17, -995262.091, 105825.935, 318.337354, 20.6727105, 96.34918, 0.866667, 0.866667, 5e+16, 0.0705609096, 12.0646701, 0.172054417, 717.65667, -12.0645219, -0.0704447208, -711.63063, 0.00449582988, 0.00404693131, 91.3783746, 0, 1.30547773e-08, 1.30547773e-08, 15163083.3, 15165278.5, 1519.79203, 0.27, 3.332, 675.366953, -12.1349666, 0.00854276119, 0, 4.99989416e+16, 0.0407798948, 0.0439300723, 0, 0
11.9177083, 0, 0, 5e+16, 0, 2.86977434e-19, 3.718e+18, 6.44e+20, 4.85, 4, 219.839493, 20.150867, 0.866667, 1026007.19, 7.64296439e+17, 3.30503133e+11, 1.04564069e+11, 12.1535999, -217.931062, -221.70807, 5e+16, 9.2104595e+17, -1020613.24, 105007.199, 319.52654, 20.150867, 96.3520305, 0.866667, 0.866667, 5e+16, 0.0869813405, 12.0666306, 0.171529546, 741.34174, -12.0665298, -0.0868516973, -736.218589, 0.00411124212, 0.00474615499, 86.636128, 0, 1.31241225e-08, 1.31241225e-08, 15186835.8, 15188984.5, 1484.71584, 0.27, 3.332, 663.963195, -12.1533815, 0.00885739714, 0, 4.99989415e+16, 0.0659819529, 0.0723039557, 0, 0
11.96875, 0, 0, 5e+16, 0, 3.68704393e-19, 3.718e+18, 6.44e+20, 4.85, 4, 225.022108, 19.6946558, 0.866667, 1047921, 1.12900847e+18, 3.33526356e+11, 1.2556643e+11, 12.3961382, -223.114729, -226.893317, 5e+16, 1.04834664e+18, -1042696.99, 104287.261, 320.57876, 19.6946558, 96.3545247, 0.866667, 0.866667, 5e+16, 0.0872449249, 12.3089058, 0.171080031, 769.004573, -12.3088051, -0.0871147916, -764.399052, 0.0037763836, 0.00476232562, 82.7540087, 0, 1.31854942e-08, 1.31854942e-08, 16230162.7, 16232333.3, 1516.99842, 0.27, 3.332, 653.610074, -12.3959198, 0.00853870924, 0, 4.99989483e+16, 0.0900454505, 0.0969329046, 0, 0
12.0270833, 0, 0, 5e+16, 0, 5.17364332e-19, 3.718e+18, 6.44e+20, 4.85, 4, 231.220716, 19.2301388, 0.866667, 1072449.58, 1.81694683e+18, 3.56965497e+11, 1.36579119e+11, 12.41798, -229.313467, -233.092147, 5e+16, 1.12978695e+18, -1067452.9, 103340.267, 321.701806, 19.2301388, 96.3575163, 0.866667, 0.866667, 5e+16, 0.105920396, 12.3120643, 0.170594573, 789.997276, -12.3119958, -0.105777823, -786.162912, 0.00348210178, 0.00549219832, 77.4591775, 0, 1.32511688e-08, 1.32511688e-08, 16259259.7, 16261389, 1482.83303, 0.27, 3.332, 646.475929, -12.4177736, 0.00897430007, 0, 4.99989481e+16, 0.137356862, 0.150407866, 0, 0
12.078125, 0, 0, 5e+16, 0, 6.55282683e-19, 3.718e+18, 6.44e+20, 4.85, 4, 236.643007, 18.823833, 0.866667, 1093854.65, 2.57587725e+18, 3.60185744e+11, 1.63262814e+11, 12.6613951, -234.736736, -238.517151, 5e+16, 1.31084715e+18, -1089018.06, 102531.68, 322.692587, 18.823833, 96.360134, 0.866667, 0.866667, 5e+16, 0.106311465, 12.555089, 0.170180765, 814.558147, -12.5550205, -0.106168236, -811.16674, 0.00321493566, 0.00551498666, 73.1287464, 0, 1.3309123e-08, 1.3309123e-08, 17315744.1, 17317904.2, 1514.98658, 0.27, 3.332, 645.117378, -12.6611888, 0.00872992229, 0, 4.99989533e+16, 0.182702679, 0.196858144, 0, 0
12.1364583, 0, 0, 5e+16, 0, 8.96672506e-19, 3.718e+18, 6.44e+20, 4.85, 4, 243.109047, 18.408665, 0.866667, 1117798.75, 3.98321875e+18, 3.88953446e+11, 1.76656692e+11, 12.6871529, -241.202526, -244.983408, 5e+16, 1.41649789e+18, -1113171.81, 101532.137, 323.755381, 18.408665, 96.3629277, 0.866667, 0.866667, 5e+16, 0.127764128, 12.5593914, 0.169739775, 832.626393, -12.5593429, -0.12760888, -829.863014, 0.00301574503, 0.00629394954, 67.5769772, 0, 1.33714403e-08, 1.33714403e-08, 17351129.8, 17353254.3, 1482.51306, 0.27, 3.332, 641.987803, -12.6869517, 0.00930969455, 0, 4.9998953e+16, 0.265687176, 0.290741463, 0, 0
12.1875, 0, 0, 5e+16, 0, 1.12070654e-18, 3.718e+18, 6.44e+20, 4.85, 4, 248.765266, 18.0453095, 0.866667, 1138698.19, 5.45183646e+18, 3.92426816e+11, 2.10157946e+11, 12.932313, -246.859654, -250.642392, 5e+16, 1.67097553e+18, -1134217.95, 100693.245, 324.690538, 18.0453095, 96.3653721, 0.866667, 0.866667, 5e+16, 0.128336182, 12.8039803, 0.169365397, 853.814862, -12.8039318, -0.128180064, -851.413078, 0.00281762202, 0.00632575878, 63.0356529, 0, 1.34262879e-08, 1.34262879e-08, 18420723.9, 18422887.4, 1514.63082, 0.27, 3.332, 648.877016, -12.9321119, 0.00914338079, 0, 4.99989567e+16, 0.345402464, 0.372349757, 0, 0
12.2458333, 0, 0, 5e+16, 0, 1.50056647e-18, 3.718e+18, 6.44e+20, 4.85, 4, 255.492259, 17.6720179, 0.866667, 1162073.45, 8.14984778e+18, 4.25782287e+11, 2.26807709e+11, 12.9627628, -253.586143, -257.369655, 5e+16, 1.80074432e+18, -1157783.62, 99686.0277, 325.69936, 17.6720179, 96.3678717, 0.866667, 0.866667, 5e+16, 0.153353025, 12.8094132, 0.168970838, 868.911653, -12.8093766, -0.15318457, -866.997482, 0.00270161669, 0.0071821119, 57.5075436, 0, 1.34855893e-08, 1.34855893e-08, 18463768.3, 18465900.8, 1483.53355, 0.27, 3.332, 648.927693, -12.9625611, 0.00988372858, 0, 4.99989564e+16, 0.482898746, 0.527506588, 0, 0
12.296875, 0, 0, 5e+16, 0, 1.85285298e-18, 3.718e+18, 6.44e+20, 4.85, 4, 261.376793, 17.3452376, 0.866667, 1182478.56, 1.0824231e+19, 4.29557614e+11, 2.68498555e+11, 13.2105244, -259.471523, -263.256983, 5e+16, 2.15421257e+18, -1178321.24, 98850.6587, 326.584988, 17.3452376, 96.3700588, 0.866667, 0.866667, 5e+16, 0.154177234, 13.0563518, 0.168636982, 886.670457, -13.0563151, -0.154007629, -885.03778, 0.00256132694, 0.00722597266, 52.9821276, 0, 1.35376633e-08, 1.35376633e-08, 19547355.6, 19549534.1, 1515.66865, 0.27, 3.332, 662.788542, -13.2103228, 0.00978729959, 0, 4.99989587e+16, 0.614968843, 0.662479076, 0, 0
12.3552083, 0, 0, 5e+16, 0, 2.43481015e-18, 3.718e+18, 6.44e+20, 4.85, 4, 268.358367, 17.0079536, 0.866667, 1205317.48, 1.57241182e+19, 4.66599396e+11, 2.89592322e+11, 13.2466376, -266.452452, -270.238921, 5e+16, 2.30697034e+18, -1201330.47, 97877.6795, 327.545961, 17.0079536, 96.3721826, 0.866667, 0.866667, 5e+16, 0.183737329, 13.0629057, 0.168288256, 898.898012, -13.0628746, -0.183554062, -897.626512, 0.00255470024, 0.00819876743, 47.7104242, 0, 1.35942864e-08, 1.35942864e-08, 19599784.3, 19601936.1, 1484.53184, 0.27, 3.332, 667.245857, -13.2464286, 0.0107534676, 0, 4.99989583e+16, 0.832056386, 0.906197882, 0, 0
12.40625, 0, 0, 5e+16, 0, 2.97372711e-18, 3.718e+18, 6.44e+20, 4.85, 4, 274.465718, 16.7125979, 0.866667, 1225259.76, 2.03534978e+19, 4.70723749e+11, 3.41008457e+11, 13.4979522, -272.560595, -276.349065, 5e+16, 2.79085521e+18, -1221390.68, 97077.8798, 328.387958, 16.7125979, 96.3740409, 0.866667, 0.866667, 5e+16, 0.184905339, 13.3130538, 0.167993925, 913.344467, -13.3130227, -0.184720565, -912.282038, 0.00249326615, 0.00825852135, 43.3909611, 0, 1.36439128e-08, 1.36439128e-08, 20699095.8, 20701302.7, 1516.74773, 0.27, 3.332, 690.109864, -13.4977432, 0.0107517875, 0, 4.99989595e+16, 1.0402227, 1.11835257, 0, 0
12.4645833, 0, 0, 5e+16, 0, 3.8456076e-18, 3.718e+18, 6.44e+20, 4.85, 4, 281.696051, 16.405971, 0.866667, 1247601.95, 2.88441471e+19, 5.10667987e+11, 3.67997124e+11, 13.5407342, -279.79022, -283.579876, 5e+16, 2.96530033e+18, -1243884.12, 96160.3843, 329.307179, 16.405971, 96.3758218, 0.866667, 0.866667, 5e+16, 0.220052883, 13.3206889, 0.167688431, 922.929877, -13.3206593, -0.219852319, -922.121454, 0.00258390992, 0.00938482402, 38.5748962, 0, 1.3698198e-08, 1.3698198e-08, 20762822.1, 20765004, 1483.24556, 0.27, 3.332, 698.584119, -13.5405116, 0.0119687339, 0, 4.99989591e+16, 1.3688056, 1.48495766, 0, 0
12.515625, 0, 0, 5e+16, 0, 4.65145445e-18, 3.718e+18, 6.44e+20, 4.85, 4, 288.021146, 16.1374439, 0.866667, 1267114.03, 3.65219083e+19, 5.15183347e+11, 4.30857939e+11, 13.7966881, -286.116058, -289.907731, 5e+16, 3.61717752e+18, -1263500.44, 95411.6875, 330.111333, 16.1374439, 96.37738, 0.866667, 0.866667, 5e+16, 0.221678665, 13.5750191, 0.167431055, 934.324813, -13.5749895, -0.22147615, -933.663908, 0.00259370945, 0.0094649903, 34.6231671, 0, 1.3745701e-08, 1.3745701e-08, 21880437.6, 21882683, 1515.55568, 0.27, 3.332, 729.751357, -13.7964656, 0.0120586997, 0, 4.99989591e+16, 1.68300305, 1.80428697, 0, 0
12.5739583, 0, 0, 5e+16, 0, 5.93369799e-18, 3.718e+18, 6.44e+20, 4.85, 4, 295.494788, 15.8572796, 0.866667, 1289008.31, 5.06367259e+19, 5.57066497e+11, 4.65282009e+11, 13.8470267, -293.589001, -297.381959, 5e+16, 3.81035421e+18, -1285527.92, 94569.4705, 330.994531, 15.8572796, 96.3788299, 0.866667, 0.866667, 5e+16, 0.263383345, 13.5836531, 0.167164763, 941.584795, -13.5836213, -0.263162164, -941.093573, 0.00280121747, 0.0107801089, 30.3892893, 0, 1.37979713e-08, 1.37979713e-08, 21957370.3, 21959590.6, 1476.99298, 0.27, 3.332, 743.368478, -13.8467834, 0.0135813263, 0, 4.99989586e+16, 2.16256632, 2.33602403, 0, 0
12.625, 0, 0, 5e+16, 0, 7.11634271e-18, 3.718e+18, 6.44e+20, 4.85, 4, 302.032904, 15.6118863, 0.866667, 1308134.68, 6.29128819e+19, 5.62014038e+11, 5.41372055e+11, 14.1088187, -300.127817, -303.922771, 5e+16, 4.67265717e+18, -1304745.75, 93885.8085, 331.766256, 15.6118863, 96.3800986, 0.866667, 0.866667, 5e+16, 0.265604664, 13.8432262, 0.166940676, 950.292034, -13.8431944, -0.265380987, -949.899703, 0.00290043856, 0.0108860826, 26.9098814, 0, 1.38436566e-08, 1.38436566e-08, 23096584.3, 23098878.1, 1509.40129, 0.27, 3.332, 784.386229, -14.1085754, 0.0137865211, 0, 4.99989576e+16, 2.6197802, 2.79942259, 0, 0
12.6833333, 0, 0, 5e+16, 0, 8.97368006e-18, 3.718e+18, 6.44e+20, 4.85, 4, 309.745088, 15.3543726, 0.866667, 1329624.06, 8.5501341e+19, 6.05202761e+11, 5.84710911e+11, 14.1673744, -307.839346, -311.635621, 5e+16, 4.88226888e+18, -1326352.34, 93122.4844, 332.618767, 15.3543726, 96.3812871, 0.866667, 0.866667, 5e+16, 0.314635682, 13.8527505, 0.16670869, 955.594785, -13.8527141, -0.314390171, -955.309626, 0.00319770365, 0.0124110049, 23.3353977, 0, 1.38942147e-08, 1.38942147e-08, 23188447.9, 23190713.1, 1463.21651, 0.27, 3.332, 801.961409, -14.1671042, 0.0156087086, 0, 4.99989571e+16, 3.29752514, 3.54671104, 0, 0
12.734375, 0, 0, 5e+16, 0, 1.06831257e-17, 3.718e+18, 6.44e+20, 4.85, 4, 316.492044, 15.1288372, 0.866667, 1348399.81, 1.04507779e+20, 6.10617894e+11, 6.75886916e+11, 14.436248, -314.586964, -318.385183, 5e+16, 6.00198489e+18, -1345208.18, 92507.0677, 333.363047, 15.1288372, 96.382327, 0.866667, 0.866667, 5e+16, 0.317614463, 14.1186484, 0.166513585, 962.037147, -14.118612, -0.317365806, -961.814712, 0.00336615311, 0.012548726, 20.3918565, 0, 1.39383661e-08, 1.39383661e-08, 24352954.9, 24355301.5, 1495.64933, 0.27, 3.332, 850.949243, -14.4359778, 0.0159148791, 0, 4.99989552e+16, 3.94177824, 4.19828522, 0, 0
12.7927083, 0, 0, 5e+16, 0, 1.33405552e-17, 3.718e+18, 6.44e+20, 4.85, 4, 324.438351, 14.8911279, 0.866667, 1369533.04, 1.39427667e+20, 6.54047925e+11, 7.29361349e+11, 14.5033696, -322.532705, -326.332198, 5e+16, 6.22267736e+18, -1366443.57, 91836.9374, 334.189746, 14.8911279, 96.3832693, 0.866667, 0.866667, 5e+16, 0.374485228, 14.1288986, 0.166310609, 965.766396, -14.1288544, -0.374211245, -965.608015, 0.00376940674, 0.0143006806, 17.4876846, 0, 1.39874908e-08, 1.39874908e-08, 24461133.2, 24463446.6, 1439.92342, 0.27, 3.332, 873.425659, -14.5030657, 0.0180700873, 0, 4.99989547e+16, 4.87358355, 5.22090909, 0, 0
12.84375, 0, 0, 5e+16, 0, 1.57815807e-17, 3.718e+18, 6.44e+20, 4.85, 4, 331.390316, 14.6829093, 0.866667, 1388004.12, 1.68028595e+20, 6.5996557e+11, 8.37396454e+11, 14.7806316, -329.4853, -333.286661, 5e+16, 7.64908693e+18, -1384984.07, 91301.3333, 334.91113, 14.6829093, 96.3840939, 0.866667, 0.866667, 5e+16, 0.378409746, 14.40224, 0.166139907, 970.384944, -14.4021959, -0.378131833, -970.264237, 0.0040267842, 0.0144772289, 15.0909393, 0, 1.40303686e-08, 1.40303686e-08, 25655120.6, 25657524.9, 1472.30395, 0.27, 3.332, 932.019201, -14.7803277, 0.0185040132, 0, 4.99989519e+16, 5.75725421, 6.1129318, 0, 0
12.9020833, 0, 0, 5.00000001e+16, 0, 1.95485468e-17, 3.718e+18, 6.44e+20, 4.85, 4, 339.567026, 14.4622663, 0.866666999, 1408832.14, 2.20333904e+20, 7.02879795e+11, 9.01942475e+11, 14.8563505, -337.661556, -341.464082, 5.00000001e+16, 7.87612231e+18, -1405900.81, 90726.9295, 335.716819, 14.4622663, 96.3848398, 0.866667, 0.866666999, 5.00000001e+16, 0.443376832, 14.4129913, 0.165960635, 972.909617, -14.4129371, -0.443070145, -972.824967, 0.00450484624, 0.0164596113, 12.8335925, 0, 1.40783368e-08, 1.40783368e-08, 25780594.1, 25782958, 1405.91664, 0.27, 3.332, 957.928435, -14.8560072, 0.0209644575, 0, 4.99989514e+16, 7.00839333, 7.48075232, 0, 0
12.953125, 0, 0, 5.00000001e+16, 0, 2.30028839e-17, 3.718e+18, 6.44e+20, 4.85, 4, 346.72074, 14.2690113, 0.866666999, 1427041.31, 2.62299488e+20, 7.09326041e+11, 1.02864901e+12, 15.1433493, -344.815871, -348.620172, 5.00000001e+16, 9.66186655e+18, -1424169.9, 90272.4257, 336.419746, 14.2690113, 96.3854925, 0.866667, 0.866666999, 5.00000001e+16, 0.448465119, 14.6949065, 0.165809785, 976.128758, -14.6948524, -0.448153584, -976.065435, 0.00482831678, 0.0166828476, 10.9654979, 0, 1.41201976e-08, 1.41201976e-08, 27008843.1, 27011305, 1438.08752, 0.27, 3.332, 1023.89807, -15.1430059, 0.0215111644, 0, 4.99989477e+16, 8.19241151, 8.67436184, 0, 0
13.0114583, 0, 0, 5.00000002e+16, 0, 2.83060504e-17, 3.718e+18, 6.44e+20, 4.85, 4, 355.124616, 14.0633131, 0.866666999, 1447621.36, 3.38481666e+20, 7.50786207e+11, 1.10486073e+12, 15.2274492, -353.21943, -357.024726, 5.00000002e+16, 9.88874607e+18, -1444826.41, 89799.1209, 337.208894, 14.0633131, 96.3860588, 0.866666999, 0.866666999, 5.00000002e+16, 0.521565957, 14.7059053, 0.165649156, 977.783086, -14.705838, -0.521222085, -977.738916, 0.00539577274, 0.0188995374, 9.29363221, 0, 1.41672689e-08, 1.41672689e-08, 27152239.1, 27154653.8, 1360.78925, 0.27, 3.332, 1053.90289, -15.2270601, 0.0242953101, 0, 4.99989473e+16, 9.83911862, 10.4693504, 0, 0
13.0625, 0, 0, 5.00000003e+16, 0, 3.31627095e-17, 3.718e+18, 6.44e+20, 4.85, 4, 362.477266, 13.8831355, 0.866666999, 1465620.29, 3.98700492e+20, 7.57785402e+11, 1.25199797e+12, 15.5255717, -360.572657, -364.379628, 5.00000003e+16, 1.2088404e+19, -1462876.7, 89428.0433, 337.897494, 13.8831355, 96.3865544, 0.866666999, 0.866666999, 5.00000003e+16, 0.528072107, 14.9975275, 0.165513841, 979.988231, -14.9974601, -0.527722284, -979.955466, 0.00580064255, 0.0191790284, 7.90584774, 0, 1.42083529e-08, 1.42083529e-08, 28420076.2, 28422597.1, 1392.5815, 0.27, 3.332, 1128.33016, -15.5251824, 0.0249796709, 0, 4.99989428e+16, 11.3950758, 12.0361453, 0, 0
13.1208333, 0, 0, 5.00000005e+16, 0, 4.05911083e-17, 3.718e+18, 6.44e+20, 4.85, 4, 371.105829, 13.6903364, 0.866666997, 1485999.23, 5.06906743e+20, 7.9760141e+11, 1.34022835e+12, 15.6176839, -369.201032, -373.00881, 5.00000005e+16, 1.23124196e+19, -1483321.69, 89046.7506, 338.674075, 13.6903364, 96.3869895, 0.866666998, 0.866666997, 5.00000005e+16, 0.609149874, 15.0085624, 0.165367201, 981.059545, -15.0084796, -0.608764417, -981.03633, 0.00642155188, 0.0216202757, 6.74895411, 0, 1.42547591e-08, 1.42547591e-08, 28581759.6, 28584224.7, 1304.79367, 0.27, 3.332, 1160.33003, -15.617244, 0.0280418275, 0, 4.99989426e+16, 13.5249011, 14.352201, 0, 0
13.171875, 0, 0, 5.00000008e+16, 0, 4.738778e-17, 3.718e+18, 6.44e+20, 4.85, 4, 378.655217, 13.5214895, 0.866666996, 1503825.75, 5.91596005e+20, 8.05168881e+11, 1.50968447e+12, 15.9282791, -376.750976, -380.560327, 5.00000008e+16, 1.49849998e+19, -1501192.29, 88752.2333, 339.351977, 13.5214895, 96.3873702, 0.866666997, 0.866666996, 5.00000008e+16, 0.617369307, 15.3109453, 0.165243454, 982.582764, -15.3108624, -0.616976618, -982.565279, 0.00687325812, 0.0219664259, 5.7845805, 0, 1.42952784e-08, 1.42952784e-08, 29894662.1, 29897238.4, 1335.93826, 0.27, 3.332, 1240.42054, -15.927839, 0.0288396839, 0, 4.99989376e+16, 15.5345145, 16.374381, 0, 0
13.2302083, 0, 0, 5.00000015e+16, 0, 5.77551333e-17, 3.718e+18, 6.44e+20, 4.85, 4, 387.506342, 13.3401637, 0.866666992, 1524052.31, 7.41932222e+20, 8.42583749e+11, 1.60999739e+12, 16.027899, -385.602055, -389.411993, 5.00000015e+16, 1.51999498e+19, -1521475.28, 88467.3012, 340.119418, 13.3401637, 96.3876766, 0.866666994, 0.866666992, 5.00000015e+16, 0.706126085, 15.3218098, 0.165106616, 983.309208, -15.3217079, -0.705694245, -983.296166, 0.0075706002, 0.0246340569, 5.0621879, 0, 1.43412208e-08, 1.43412208e-08, 30074743.8, 30077257.8, 1238.61005, 0.27, 3.332, 1275.43558, -16.0274022, 0.0322046571, 0, 4.99989378e+16, 18.2479936, 19.3203117, 0, 0
13.28125, 0, 0, 5.00000021e+16, 0, 6.72360663e-17, 3.718e+18, 6.44e+20, 4.85, 4, 395.250629, 13.1813531, 0.866666988, 1541752.13, 8.58921459e+20, 8.50737091e+11, 1.80360776e+12, 16.3523736, -393.346883, -397.158293, 5.00000021e+16, 1.84060636e+19, -1539212.45, 88252.9323, 340.789747, 13.1813531, 96.3879447, 0.866666992, 0.866666988, 5.00000021e+16, 0.716406718, 15.6360124, 0.164990868, 984.426959, -15.6359104, -0.715966106, -984.416604, 0.00809536753, 0.0250601827, 4.45642512, 0, 1.43813592e-08, 1.43813592e-08, 31438569.6, 31441202.1, 1268.84966, 0.27, 3.332, 1363.61374, -16.3518766, 0.0331555502, 0, 4.99989325e+16, 20.8062394, 21.8929857, 0, 0
13.3395833, 0, 0, 5.00000042e+16, 0, 8.1674939e-17, 3.718e+18, 6.44e+20, 4.85, 4, 404.322877, 13.0100099, 0.866666976, 1561872.86, 1.06372919e+21, 8.85577002e+11, 1.91594213e+12, 16.4588759, -402.41922, -406.230993, 5.00000042e+16, 1.86091198e+19, -1559381.27, 88057.8921, 341.551307, 13.0100099, 96.3881508, 0.866666984, 0.866666976, 5.00000042e+16, 0.812432179, 15.6464919, 0.164860108, 984.999422, -15.6463683, -0.81194897, -984.990847, 0.00883376401, 0.0279459177, 4.09648364, 0, 1.44270301e-08, 1.44270301e-08, 31636916.4, 31639479.2, 1163.15655, 0.27, 3.332, 1399.62634, -16.4583173, 0.0367796818, 0, 4.99989341e+16, 24.2189397, 25.5934636, 0, 0
13.390625, 0, 0, 5.00000059e+16, 0, 9.48783281e-17, 3.718e+18, 6.44e+20, 4.85, 4, 412.260783, 12.8599655, 0.866666966, 1579484.29, 1.22278624e+21, 8.9432334e+11, 2.13582249e+12, 16.7987078, -410.357653, -414.170802, 5.00000059e+16, 2.24161476e+19, -1577024.23, 87918.0012, 342.217014, 12.8599655, 96.3883312, 0.866666977, 0.866666966, 5.00000059e+16, 0.825187019, 15.9735792, 0.16474918, 985.934384, -15.9734555, -0.82469323, -985.926901, 0.00939881201, 0.0284669535, 3.79053698, 0, 1.44669621e-08, 1.44669621e-08, 33058080.1, 33060765.5, 1192.12307, 0.27, 3.332, 1493.22233, -16.7981488, 0.0378657655, 0, 4.99989291e+16, 27.4341541, 28.8257183, 0, 0
13.4489583, 0, 0, 5.00000113e+16, 0, 1.14967408e-16, 3.718e+18, 6.44e+20, 4.85, 4, 421.553113, 12.6975269, 0.866666935, 1599549.68, 1.49705971e+21, 9.26004823e+11, 2.25988959e+12, 16.9113752, -419.650215, -423.463487, 5.00000113e+16, 2.2602016e+19, -1597130.16, 87812.2856, 342.975588, 12.6975269, 96.3884351, 0.866666955, 0.866666935, 5.00000113e+16, 0.927959488, 15.9834783, 0.16462118, 986.50378, -15.9833293, -0.927419236, -986.496587, 0.0101928673, 0.031576062, 3.72647248, 0, 1.45125336e-08, 1.45125336e-08, 33274345.8, 33276956.2, 1079.42111, 0.27, 3.332, 1530.95802, -16.9107485, 0.0417689293, 0, 4.99989341e+16, 31.6787113, 33.4256164, 0, 0
13.5, 0, 0, 5.00000161e+16, 0, 1.33344498e-16, 3.718e+18, 6.44e+20, 4.85, 4, 429.683738, 12.5552748, 0.866666907, 1617118.54, 1.71030505e+21, 9.35351242e+11, 2.50823573e+12, 17.2681068, -427.781356, -431.595917, 5.00000161e+16, 2.7080954e+19, -1614725.36, 87744.5302, 343.639297, 12.5552748, 96.388526, 0.866666936, 0.866666907, 5.00000161e+16, 0.943683785, 16.3244981, 0.164512232, 987.433216, -16.3243489, -0.943130768, -987.426225, 0.0108162818, 0.0322111869, 3.66610539, 0, 1.45524154e-08, 1.45524154e-08, 34759812.3, 34762550.4, 1106.72129, 0.27, 3.332, 1631.38924, -17.2674797, 0.0430274688, 0, 4.99989315e+16, 35.6766945, 37.4438112, 0, 0
13.5583333, 0, 0, 5.00000301e+16, 0, 1.61281299e-16, 3.718e+18, 6.44e+20, 4.85, 4, 439.195791, 12.4005994, 0.866666826, 1637165.82, 2.07189913e+21, 9.64294244e+11, 2.64360969e+12, 17.3861313, -437.293761, -441.108222, 5.00000301e+16, 2.72508682e+19, -1634807.07, 87713.5563, 344.397224, 12.4005994, 96.3885565, 0.86666688, 0.866666826, 5.00000301e+16, 1.05249934, 16.3337125, 0.164384007, 988.117627, -16.3335361, -1.05189613, -988.109825, 0.0116178537, 0.0355290902, 3.84500301, 0, 1.45980272e-08, 1.45980272e-08, 34993406, 34996062.5, 988.434935, 0.27, 3.332, 1668.06304, -17.3854323, 0.0471469439, 0, 4.99989452e+16, 40.9037882, 43.1059776, 0, 0
13.609375, 0, 0, 5.00000424e+16, 0, 1.86856709e-16, 3.718e+18, 6.44e+20, 4.85, 4, 447.518781, 12.2651789, 0.866666755, 1654721.04, 2.3541284e+21, 9.74236547e+11, 2.92300276e+12, 17.7612762, -445.61726, -449.432929, 5.00000424e+16, 3.24817399e+19, -1652384.4, 87707.0273, 345.061018, 12.2651789, 96.3885832, 0.866666831, 0.866666755, 5.00000424e+16, 1.07178211, 16.6895895, 0.164274478, 989.18109, -16.6894129, -1.07116361, -989.172831, 0.0122496396, 0.0362989057, 3.9866382, 0, 1.46379835e-08, 1.46379835e-08, 36550242, 36553027.2, 1013.50712, 0.27, 3.332, 1771.61803, -17.7605766, 0.0485485452, 0, 4.99989495e+16, 45.8258244, 48.0526446, 0, 0
13.6677083, 0, 0, 5.00000783e+16, 0, 2.2570043e-16, 3.718e+18, 6.44e+20, 4.85, 4, 457.250412, 12.1175825, 0.866666548, 1674789.4, 2.82411606e+21, 9.99916708e+11, 3.06882058e+12, 17.8836525, -455.349371, -459.164708, 5.00000783e+16, 3.2631207e+19, -1672481.43, 87753.1639, 345.820153, 12.1175825, 96.3885236, 0.866666686, 0.866666548, 5.00000783e+16, 1.18572086, 16.6980343, 0.164143284, 990.07392, -16.6978272, -1.18504772, -990.063714, 0.0130795184, 0.0398337929, 4.36505329, 0, 1.46837471e-08, 1.46837471e-08, 36800144.9, 36802844.7, 891.272527, 0.27, 3.332, 1808.49088, -17.882875, 0.0529133113, 0, 4.9998985e+16, 52.2053958, 54.9644311, 0, 0
13.71875, 0, 0, 5.00001096e+16, 0, 2.61300624e-16, 3.718e+18, 6.44e+20, 4.85, 4, 465.765663, 11.9883496, 0.866666367, 1692368.88, 3.19332538e+21, 1.01045609e+12, 3.3817756e+12, 18.2788183, -463.865122, -467.681595, 5.00001096e+16, 3.86948449e+19, -1690079.02, 87809.9303, 346.485678, 11.9883496, 96.3884715, 0.86666656, 0.866666367, 5.00001096e+16, 1.20926957, 17.0696691, 0.164030818, 991.382776, -17.0694618, -1.20857805, -991.37144, 0.0137517438, 0.0407658344, 4.67295884, 0, 1.4723877e-08, 1.4723877e-08, 38435905.3, 38438736.9, 913.538715, 0.27, 3.332, 1918.07711, -18.2780399, 0.0545175781, 0, 4.99990077e+16, 58.2139479, 61.0031572, 0, 0
13.7770833, 0, 0, 5.00001985e+16, 0, 3.15337525e-16, 3.718e+18, 6.44e+20, 4.85, 4, 475.717329, 11.8469798, 0.866665853, 1712495.56, 3.79606741e+21, 1.03310725e+12, 3.53685911e+12, 18.4042451, -473.817382, -477.6333, 5.00001985e+16, 3.88244736e+19, -1710229.53, 87923.9538, 347.247792, 11.8469798, 96.3883287, 0.8666662, 0.866665853, 5.00001985e+16, 1.32713473, 17.0772393, 0.163894072, 992.558906, -17.0770006, -1.32638402, -992.544219, 0.0145554613, 0.0445029686, 5.21898757, 0, 1.47698999e-08, 1.47698999e-08, 38700473.8, 38703215.4, 789.113974, 0.27, 3.332, 1952.43995, -18.4033846, 0.0590584298, 0, 4.99990963e+16, 65.9414716, 69.3772206, 0, 0
13.828125, 0, 0, 5.00002763e+16, 0, 3.64934553e-16, 3.718e+18, 6.44e+20, 4.85, 4, 484.42521, 11.7232212, 0.866665404, 1730129.19, 4.27399854e+21, 1.04423104e+12, 3.88636012e+12, 18.8211798, -482.525759, -486.342749, 5.00002763e+16, 4.58122218e+19, -1727877.92, 88036.0087, 347.916615, 11.7232212, 96.3882037, 0.866665885, 0.866665404, 5.00002763e+16, 1.35580142, 17.4655283, 0.163776445, 994.203743, -17.4652894, -1.35502872, -994.18711, 0.0152181221, 0.0456275308, 5.66669245, 0, 1.48102986e-08, 1.48102986e-08, 40423515.9, 40426387.7, 807.777402, 0.27, 3.332, 2063.97598, -18.8203182, 0.0608456529, 0, 4.99991648e+16, 73.2207012, 76.6939231, 0, 0
13.8864583, 0, 0, 5.00004915e+16, 0, 4.40173642e-16, 3.718e+18, 6.44e+20, 4.85, 4, 494.597645, 11.5875268, 0.86666416, 1750357.76, 5.0373713e+21, 1.0634156e+12, 4.04879688e+12, 18.948009, -492.698909, -496.515109, 5.00004915e+16, 4.59185306e+19, -1748125.93, 88215.9689, 348.683239, 11.5875268, 96.3879399, 0.866665006, 0.86666416, 5.00004915e+16, 1.47602507, 17.4721433, 0.163631642, 995.725635, -17.471872, -1.4751877, -995.703859, 0.0159979472, 0.0495703396, 6.35711094, 0, 1.48566739e-08, 1.48566739e-08, 40700340.3, 40703120.1, 683.272581, 0.27, 3.332, 2096.55047, -18.9470597, 0.065568287, 0, 4.99993799e+16, 82.5188151, 86.7772518, 0, 0
13.9375, 0, 0, 5.00006799e+16, 0, 5.09354394e-16, 3.718e+18, 6.44e+20, 4.85, 4, 503.498811, 11.4687309, 0.866663072, 1768085.79, 5.65019779e+21, 1.07511128e+12, 4.4377852e+12, 19.3885379, -501.600568, -505.417783, 5.00006799e+16, 5.39224675e+19, -1765865.79, 88379.1547, 349.356712, 11.4687309, 96.3877091, 0.866664237, 0.866663072, 5.00006799e+16, 1.51083985, 17.8778827, 0.163506699, 997.782678, -17.8776111, -1.50997612, -997.757915, 0.0166664227, 0.0509269429, 6.92531381, 0, 1.48974242e-08, 1.48974242e-08, 42519791.9, 42522700.3, 697.434761, 0.27, 3.332, 2210.93372, -19.3875872, 0.0675933657, 0, 4.99995583e+16, 91.2816342, 95.5868584, 0, 0
13.9958333, 0, 0, 5.00011886e+16, 0, 6.14187506e-16, 3.718e+18, 6.44e+20, 4.85, 4, 513.893384, 11.3380123, 0.866660132, 1788447.57, 6.60480039e+21, 1.09173038e+12, 4.60489952e+12, 19.5146789, -511.995949, -515.81216, 5.00011886e+16, 5.40109612e+19, -1786243.92, 88605.5334, 350.128856, 11.3380123, 96.3872964, 0.866662146, 0.866660132, 5.00011886e+16, 1.63129631, 17.883576, 0.163351344, 999.704275, -17.8832749, -1.6303626, -999.672116, 0.017350052, 0.0550352977, 7.74450025, 0, 1.49442146e-08, 1.49442146e-08, 42805425, 42808238.5, 575.322057, 0.27, 3.332, 2238.15727, -19.5136375, 0.0723853497, 0, 5.00000669e+16, 102.405483, 107.654396, 0, 0
14.046875, 0, 0, 5.00016338e+16, 0, 7.10772783e-16, 3.718e+18, 6.44e+20, 4.85, 4, 522.988983, 11.2236052, 0.86665756, 1806293.27, 7.3833795e+21, 1.103972e+12, 5.03669723e+12, 19.9806222, -521.092038, -524.909215, 5.00016338e+16, 6.31322024e+19, -1804099.44, 88803.8611, 350.807814, 11.2236052, 96.3869352, 0.866660316, 0.86665756, 5.00016338e+16, 1.67348396, 18.3073615, 0.163216939, 1002.24062, -18.3070603, -1.67251885, -1002.20416, 0.0179515055, 0.0566645991, 8.4201599, 0, 1.49853684e-08, 1.49853684e-08, 44730702.7, 44733636.2, 583.763577, 0.27, 3.332, 2349.6965, -19.9795791, 0.0746161047, 0, 5.00005015e+16, 112.890496, 118.19714, 0, 0
14.1052083, 0, 0, 5.00028068e+16, 0, 8.56896505e-16, 3.718e+18, 6.44e+20, 4.85, 4, 533.6072, 11.0975258, 0.866650783, 1826823.81, 8.5617368e+21, 1.11790471e+12, 5.20426342e+12, 20.1033489, -531.711154, -535.527107, 5.00028068e+16, 6.32019583e+19, -1824643.62, 89072.7784, 351.586034, 11.0975258, 96.3862323, 0.866655457, 0.866650783, 5.00028068e+16, 1.79134704, 18.3122329, 0.163048484, 1004.61126, -18.3119048, -1.79030555, -1004.56462, 0.0185555555, 0.0609236499, 9.3597213, 0, 1.5032609e-08, 1.5032609e-08, 45020232.7, 45023073.2, 467.207038, 0.27, 3.332, 2373.20812, -20.1022104, 0.0794792055, 0, 5.00016744e+16, 126.126061, 132.565453, 0, 0
14.15625, 0, 0, 5.00038331e+16, 0, 9.91811813e-16, 3.718e+18, 6.44e+20, 4.85, 4, 542.898562, 10.9871736, 0.866644854, 1844822.02, 9.54227374e+21, 1.13067809e+12, 5.68159281e+12, 20.5966589, -541.003004, -544.819879, 5.00038331e+16, 7.35306641e+19, -1842649.99, 89301.3661, 352.270882, 10.9871736, 96.3856173, 0.866651206, 0.866644854, 5.00038331e+16, 1.84236196, 18.7545634, 0.16290243, 1007.68895, -18.7542351, -1.84128306, -1007.63639, 0.0191226669, 0.0628792333, 10.1356945, 0, 1.50741925e-08, 1.50741925e-08, 47061549.4, 47064502.6, 468.618224, 0.27, 3.332, 2484.61535, -20.5955182, 0.0820019002, 0, 5.00026896e+16, 138.606285, 145.116852, 0, 0
14.2145833, 0, 0, 5.00064717e+16, 0, 1.19557608e-15, 3.718e+18, 6.44e+20, 4.85, 4, 553.742522, 10.8651849, 0.86662961, 1865556.25, 1.09765161e+22, 1.14312035e+12, 5.84372782e+12, 20.7124123, -551.84792, -555.663371, 5.00064717e+16, 7.35894137e+19, -1863396.48, 89590.3031, 353.055635, 10.8651849, 96.3843808, 0.866640196, 0.86662961, 5.00064717e+16, 1.95391804, 18.7587656, 0.162718217, 1010.55556, -18.7584172, -1.95275649, -1010.48945, 0.0195870153, 0.067217627, 11.1914098, 0, 1.51219131e-08, 1.51219131e-08, 47348110.2, 47350973.3, 361.417888, 0.27, 3.332, 2501.72266, -20.7111737, 0.0868046426, 0, 5.00053281e+16, 154.289284, 162.14465, 0, 0
14.265625, 0, 0, 5.00087805e+16, 0, 1.38411743e-15, 3.718e+18, 6.44e+20, 4.85, 4, 563.23143, 10.7584428, 0.866616271, 1883733.88, 1.22009713e+22, 1.15640654e+12, 6.36931279e+12, 21.2352929, -561.337315, -565.15365, 5.00087805e+16, 8.5217103e+19, -1881581.69, 89827.2321, 353.746653, 10.7584428, 96.3832989, 0.866630562, 0.866616271, 5.00087805e+16, 2.01546132, 19.2201446, 0.162558243, 1014.23527, -19.219796, -2.01425557, -1014.16129, 0.0200565567, 0.0695526302, 12.0641353, 0, 1.5163945e-08, 1.5163945e-08, 49516997.5, 49519959.1, 354.124751, 0.27, 3.332, 2607.49175, -21.2340516, 0.0896091872, 0, 5.00076253e+16, 169.076456, 177.016946, 0, 0
14.3239583, 0, 0, 5.00145709e+16, 0, 1.66828052e-15, 3.718e+18, 6.44e+20, 4.85, 4, 574.303477, 10.6402394, 0.86658282, 1904713.96, 1.39196488e+22, 1.16822619e+12, 6.51730843e+12, 21.3395313, -572.410351, -576.225066, 5.00145709e+16, 8.52704359e+19, -1902573.91, 90113.1151, 354.538064, 10.6402394, 96.3809589, 0.866606214, 0.86658282, 5.00145709e+16, 2.11584757, 19.2239981, 0.162355459, 1017.64525, -19.2236364, -2.11455222, -1017.55361, 0.0203889399, 0.0738998078, 13.2381674, 0, 1.5212155e-08, 1.5212155e-08, 49791299.9, 49794180.7, 261.101397, 0.27, 3.332, 2619.71365, -21.3381886, 0.0942887477, 0, 5.00134155e+16, 187.591605, 197.12111, 0, 0
14.375, 0, 0, 5.00196381e+16, 0, 1.93174444e-15, 3.718e+18, 6.44e+20, 4.85, 4, 583.991964, 10.5368191, 0.86655355, 1923109.04, 1.54359681e+22, 1.18202504e+12, 7.09254278e+12, 21.8943289, -582.099325, -585.914889, 5.00196381e+16, 9.82629366e+19, -1920977.18, 90332.1064, 355.235175, 10.5368191, 96.3789114, 0.86658491, 0.86655355, 5.00196381e+16, 2.18985321, 19.7048387, 0.162179172, 1021.98885, -19.7044769, -2.18850592, -1021.88697, 0.0207756421, 0.0766758256, 14.2091493, 0, 1.52546323e-08, 1.52546323e-08, 52100471.7, 52103434.6, 243.295683, 0.27, 3.332, 2719.8582, -21.8929828, 0.0974514676, 0, 5.00184703e+16, 205.045209, 214.67457, 0, 0
14.4333333, 0, 0, 5.00320341e+16, 0, 2.3275831e-15, 3.718e+18, 6.44e+20, 4.85, 4, 595.295089, 10.4219306, 0.866481951, 1944362.33, 1.74564731e+22, 1.19648214e+12, 7.21418896e+12, 21.9813382, -593.403383, -597.217194, 5.00320341e+16, 9.83315423e+19, -1942245.29, 90558.6764, 356.032541, 10.4219306, 96.3743655, 0.866532385, 0.866481951, 5.00320341e+16, 2.27270708, 19.7089892, 0.161954811, 1025.99151, -19.7086275, -2.27126503, -1025.8671, 0.0208988025, 0.0808540421, 15.505191, 0, 1.53032907e-08, 1.53032907e-08, 52350162.5, 52353056.4, 170.358937, 0.27, 3.332, 2723.88827, -21.9798925, 0.101752844, 0, 5.00308659e+16, 226.844073, 238.312402, 0, 0
14.484375, 0, 0, 5.0042883e+16, 0, 2.69514507e-15, 3.718e+18, 6.44e+20, 4.85, 4, 605.185661, 10.3214649, 0.866419302, 1962991.83, 1.93168898e+22, 1.21080729e+12, 7.83905696e+12, 22.5702791, -603.294441, -607.109068, 5.0042883e+16, 1.12729094e+20, -1960885.9, 90706.3325, 356.734776, 10.3214649, 96.3703879, 0.866486425, 0.866419302, 5.0042883e+16, 2.36120741, 20.2094855, 0.161759675, 1031.06449, -20.2091238, -2.35970561, -1030.92703, 0.021108748, 0.0841113175, 16.5774364, 0, 1.53461562e-08, 1.53461562e-08, 54812431.6, 54815381.1, 139.894951, 0.27, 3.332, 2809.33884, -22.5688294, 0.105220065, 0, 5.0041702e+16, 247.366566, 258.943025, 0, 0
14.5427083, 0, 0, 5.00687681e+16, 0, 3.24490202e-15, 3.718e+18, 6.44e+20, 4.85, 4, 616.722926, 10.2097477, 0.866269844, 1984542.62, 2.1635447e+22, 1.23126475e+12, 7.91664164e+12, 22.6330106, -614.832502, -618.645289, 5.00687681e+16, 1.12834009e+20, -1982457.02, 90812.7884, 357.536317, 10.2097477, 96.3613328, 0.866375897, 0.866269844, 5.00687681e+16, 2.41842763, 20.2149854, 0.161510509, 1035.71381, -20.214638, -2.41682717, -1035.54793, 0.0210282438, 0.0879171948, 18.0053909, 0, 1.53951559e-08, 1.53951559e-08, 55021497.9, 55024399.8, 94.4465613, 0.27, 3.332, 2807.15347, -22.6314652, 0.108945439, 0, 5.00675862e+16, 272.954394, 286.626709, 0, 0
14.59375, 0, 0, 5.00914284e+16, 0, 3.75566773e-15, 3.718e+18, 6.44e+20, 4.85, 4, 626.818186, 10.1120883, 0.866139069, 2003427.62, 2.38942318e+22, 1.24618106e+12, 8.58709482e+12, 23.2579029, -624.928244, -628.741812, 5.00914284e+16, 1.28598072e+20, -2001358.52, 90826.663, 358.24157, 10.1120883, 96.3534095, 0.866279185, 0.866139069, 5.00914284e+16, 2.52329335, 20.7350743, 0.161293818, 1041.58751, -20.7347268, -2.52162578, -1041.40519, 0.0210668319, 0.0916787019, 19.1866337, 0, 1.54382821e-08, 1.54382821e-08, 57648955.9, 57651880.1, 49.3910847, 0.27, 3.332, 2875.22731, -23.2563526, 0.112745534, 0, 5.00902328e+16, 296.99245, 310.774565, 0, 0
14.6520833, 0, 0, 5.01441467e+16, 0, 4.51490202e-15, 3.718e+18, 6.44e+20, 4.85, 4, 638.593108, 10.0032365, 0.865834906, 2025282.82, 2.64698222e+22, 1.27977405e+12, 8.59633007e+12, 23.2881529, -636.703656, -640.515419, 5.01441467e+16, 1.28784445e+20, -2023244.5, 90701.9505, 359.044163, 10.0032365, 96.3354097, 0.866052374, 0.865834906, 5.01441467e+16, 2.54498165, 20.7436176, 0.161016383, 1046.94388, -20.7433053, -2.54321718, -1046.72618, 0.0206765511, 0.0947400123, 20.7555019, 0, 1.54874326e-08, 1.54874326e-08, 57797759.7, 57800662.2, 40.1457567, 0.27, 3.332, 2862.71792, -23.2865225, 0.115416564, 0, 5.01429495e+16, 326.959963, 343.044766, 0, 0
14.703125, 0, 0, 5.01903208e+16, 0, 5.21949326e-15, 3.718e+18, 6.44e+20, 4.85, 4, 648.895936, 9.90816549, 0.865568763, 2044418.52, 2.91776768e+22, 1.2953955e+12, 9.30353311e+12, 23.9495528, -647.006959, -650.819461, 5.01903208e+16, 1.457858e+20, -2042406.33, 90471.753, 359.748865, 9.90816549, 96.3196598, 0.865853915, 0.865568763, 5.01903208e+16, 2.66733736, 21.2827277, 0.160775267, 1053.69701, -21.2824156, -2.66550141, -1053.45886, 0.0204012365, 0.0989445647, 22.0529684, 0, 1.55306015e-08, 1.55306015e-08, 60599256.3, 60602130.3, -21.2224033, 0.27, 3.332, 2895.44897, -23.947917, 0.119345801, 0, 5.01891086e+16, 354.993357, 371.172476, 0, 0
14.7614583, 0, 0, 5.02950207e+16, 0, 6.25699451e-15, 3.718e+18, 6.44e+20, 4.85, 4, 660.911879, 9.80217038, 0.864965601, 2066562.74, 3.19145156e+22, 1.35268232e+12, 9.21126203e+12, 23.938955, -659.02286, -662.833754, 5.02950207e+16, 1.46123376e+20, -2064598.06, 89962.6539, 360.546833, 9.80217038, 96.2842096, 0.865400253, 0.864965601, 5.02950207e+16, 2.64214218, 21.2973051, 0.160465864, 1059.83174, -21.2970514, -2.64021939, -1059.54988, 0.0196063425, 0.100777892, 23.7774392, 0, 1.55795545e-08, 1.55795545e-08, 60666254.6, 60669140.7, 15.7352127, 0.27, 3.332, 2870.56066, -23.9372708, 0.120384235, 0, 5.02938053e+16, 389.97718, 408.575458, 0, 0
14.8125, 0, 0, 5.03868122e+16, 0, 7.2160191e-15, 3.718e+18, 6.44e+20, 4.85, 4, 671.424992, 9.70968303, 0.864437835, 2085926.37, 3.51085583e+22, 1.36921183e+12, 9.9375788e+12, 24.6342144, -669.536437, -673.348016, 5.03868122e+16, 1.64057321e+20, -2084002.84, 89332.2961, 361.244721, 9.70968303, 96.2531906, 0.865003298, 0.864437835, 5.03868122e+16, 2.78125001, 21.8535207, 0.160197297, 1067.55207, -21.8532673, -2.77925749, -1067.24503, 0.0188777531, 0.105238509, 25.2023043, 0, 1.5622381e-08, 1.5622381e-08, 63641197.2, 63643978.3, -62.4057827, 0.27, 3.332, 2843.34696, -24.6325248, 0.124116262, 0, 5.03855803e+16, 422.475213, 441.142905, 0, 0
14.8708333, 0, 0, 5.05895314e+16, 0, 8.60546876e-15, 3.718e+18, 6.44e+20, 4.85, 4, 683.685203, 9.60651276, 0.863273485, 2108276.49, 3.78448588e+22, 1.47136135e+12, 9.70131251e+12, 24.5770499, -681.795673, -685.606157, 5.05895314e+16, 1.64696531e+20, -2106426.43, 88191.5314, 362.027454, 9.60651276, 96.1846593, 0.864119542, 0.863273485, 5.05895314e+16, 2.6976567, 21.8799439, 0.159852023, 1074.55271, -21.8797771, -2.69560583, -1074.19222, 0.0173251049, 0.10509043, 27.0926859, 0, 1.56704822e-08, 1.56704822e-08, 63608754.1, 63611578.1, 31.19434, 0.27, 3.332, 2792.68228, -24.575383, 0.122415535, 0, 5.05882932e+16, 463.125874, 484.097079, 0, 0
14.921875, 0, 0, 5.07675796e+16, 0, 9.87847112e-15, 3.718e+18, 6.44e+20, 4.85, 4, 694.411017, 9.5166523, 0.862254678, 2127771.53, 4.15294506e+22, 1.48907586e+12, 1.04180323e+13, 25.2961338, -692.521931, -696.333025, 5.07675796e+16, 1.83021763e+20, -2125985.06, 86918.0845, 362.707157, 9.5166523, 96.1246944, 0.863346255, 0.862254678, 5.07675796e+16, 2.84885545, 22.4478799, 0.159552862, 1083.33565, -22.4477138, -2.84674961, -1082.94445, 0.0156522541, 0.109341302, 28.6524614, 0, 1.57122643e-08, 1.57122643e-08, 66733101.4, 66735675.8, -62.2226247, 0.27, 3.332, 2636.84635, -25.2944634, 0.124993556, 0, 5.07663223e+16, 500.415756, 521.449976, 0, 0
14.9802083, 0, 0, 5.11500918e+16, 0, 1.16697784e-14, 3.718e+18, 6.44e+20, 4.85, 4, 706.917295, 9.41679636, 0.860070272, 2150154.39, 4.40870844e+22, 1.67348275e+12, 9.98699147e+12, 25.1959605, -705.025756, -708.836716, 5.11500918e+16, 1.84266971e+20, -2148477.45, 84814.7028, 363.455503, 9.41679636, 95.9951286, 0.861671877, 0.860070272, 5.11500918e+16, 2.69822378, 22.4983967, 0.159167687, 1091.31786, -22.4983332, -2.69611507, -1090.8619, 0.0126533475, 0.106331544, 30.7223694, 0, 1.57583289e-08, 1.57583289e-08, 66602420.9, 66605063.2, 97.5548953, 0.27, 3.332, 2545.00554, -25.1944483, 0.118984892, 0, 5.11488223e+16, 547.293115, 570.096002, 0, 0
15.03125, 0, 0, 5.14871534e+16, 0, 1.32823205e-14, 3.718e+18, 6.44e+20, 4.85, 4, 717.856866, 9.33000964, 0.858158917, 2169604.78, 4.82107022e+22, 1.69262689e+12, 1.06494832e+13, 25.9132753, -715.965743, -719.777203, 5.14871534e+16, 2.02037017e+20, -2168021.5, 82567.6559, 364.096965, 9.33000964, 95.8817585, 0.860206796, 0.858158917, 5.14871534e+16, 2.8497969, 23.0641598, 0.158834746, 1101.26419, -23.064097, -2.84766791, -1100.77118, 0.00907269656, 0.109534014, 32.4256379, 0, 1.5797825e-08, 1.5797825e-08, 69802023.8, 69804122.9, -5.715848, 0.27, 3.332, 2104.80839, -25.9117649, 0.118606711, 0, 5.1485861e+16, 589.346296, 612.322035, 0, 0
15.0895833, 0, 0, 5.21901695e+16, 0, 1.54258453e-14, 3.718e+18, 6.44e+20, 4.85, 4, 730.608805, 9.2341632, 0.854187396, 2191687.15, 5.06685719e+22, 2.03921317e+12, 9.97343234e+12, 25.799387, -728.712903, -732.525927, 5.21901695e+16, 2.04654726e+20, -2190260.35, 79013.3295, 364.776254, 9.2341632, 95.6434859, 0.857128832, 0.854187396, 5.21901695e+16, 2.63178004, 23.1685445, 0.158405632, 1110.39342, -23.1685441, -2.62974803, -1109.82313, 0.00241936856, 0.102618347, 34.676292, 0, 1.58397034e-08, 1.58397034e-08, 69631709.4, 69633875, 227.057192, 0.27, 3.332, 1938.5204, -25.7982921, 0.105037715, 0, 5.21888534e+16, 643.171727, 666.191097, 0, 0
15.140625, 0, 0, 5.28131785e+16, 0, 1.72895694e-14, 3.718e+18, 6.44e+20, 4.85, 4, 741.760955, 9.15115478, 0.850712315, 2210754.15, 5.51006495e+22, 2.05900133e+12, 1.05217641e+13, 26.4540105, -739.865432, -743.678795, 5.28131785e+16, 2.20324198e+20, -2209457.66, 75309.2357, 365.343901, 9.15115478, 95.4349974, 0.854435614, 0.850712315, 5.28131785e+16, 2.76081093, 23.6941084, 0.158035807, 1121.595, -23.6941075, -2.7588212, -1120.98076, -0.00611020174, 0.103381556, 36.5199019, 0, 1.58747069e-08, 1.58747069e-08, 72719384.2, 72720232.9, 122.777618, 0.27, 3.332, 726.136712, -26.4529287, 0.0972713545, 0, 5.28118344e+16, 689.249365, 712.809549, 0, 0
15.1989583, 0, 0, 5.40707927e+16, 0, 1.94674294e-14, 3.718e+18, 6.44e+20, 4.85, 4, 754.75334, 9.06085258, 0.843746908, 2231958.38, 5.88452328e+22, 2.74295576e+12, 9.57140425e+12, 26.4259335, -752.849618, -756.667261, 5.40707927e+16, 2.26388688e+20, -2230870.89, 69642.8955, 365.889533, 9.06085258, 95.0109563, 0.84896715, 0.843746908, 5.40707927e+16, 2.49041378, 23.9371683, 0.157558936, 1132.14058, -23.9369241, -2.48867194, -1131.43594, -0.0234888898, 0.0918051404, 38.9433589, 0, 1.59083897e-08, 1.59083897e-08, 72731056.3, 72731960.6, 434.33205, 0.27, 3.332, 470.174205, -26.425596, 0.0683162506, 0, 5.40694013e+16, 752.117283, 770.387194, 0, 0
15.25, 0, 0, 5.51957468e+16, 0, 2.12189566e-14, 3.718e+18, 6.44e+20, 4.85, 4, 766.112432, 8.98302932, 0.837652177, 2250077.08, 6.33637675e+22, 2.75551565e+12, 9.93300574e+12, 26.8655604, -764.209082, -768.026798, 5.51957468e+16, 2.37268279e+20, -2249155.3, 63823.6813, 366.318451, 8.98302932, 94.6399203, 0.844182244, 0.837652177, 5.51957468e+16, 2.55948682, 24.3076337, 0.157149424, 1144.63495, -24.3073726, -2.55787302, -1143.87933, -0.0466171423, 0.0883477175, 40.9110033, 0, 1.5934871e-08, 1.5934871e-08, 75232994.9, 75230203.6, 334.299829, 0.27, 3.332, -3125.90652, -26.8652456, 0.0417305753, 0, 5.51943248e+16, 800.464569, 819.909206, 0, 0
15.3083333, 0, 0, 5.73837651e+16, 0, 2.25710491e-14, 3.718e+18, 6.44e+20, 4.85, 4, 779.332255, 8.90063554, 0.825952746, 2269416.74, 7.43827957e+22, 4.18433498e+12, 8.74050739e+12, 27.2410758, -777.416139, -781.242081, 5.73837651e+16, 2.52395604e+20, -2268746.95, 55132.6468, 366.607495, 8.90063554, 93.9140174, 0.834849825, 0.825952746, 5.73837651e+16, 2.27130686, 24.9727093, 0.15662165, 1157.12827, -24.9706396, -2.27011417, -1156.27151, -0.102316257, 0.0722309192, 43.4504127, 0, 1.59527302e-08, 1.59527302e-08, 76161421.6, 76158825.1, 750.700655, 0.27, 3.332, -3347.46754, -27.2407537, -0.0300853375, 0, 5.73822402e+16, 868.320839, 877.876662, 0, 0
15.359375, 0, 0, 5.93693149e+16, 0, 2.33584624e-14, 3.718e+18, 6.44e+20, 4.85, 4, 790.885354, 8.83020917, 0.815715744, 2285631.73, 7.84594765e+22, 4.13107267e+12, 8.84432753e+12, 27.0207335, -788.969846, -792.795267, 5.93693149e+16, 2.53223764e+20, -2285141.4, 46300.326, 366.776848, 8.83020917, 93.2788524, 0.826683959, 0.815715744, 5.93693149e+16, 2.23174349, 24.7918194, 0.156170411, 1170.70933, -24.7895392, -2.23075657, -1169.79631, -0.176987166, 0.0630836234, 45.4723637, 0, 1.59631937e-08, 1.59631937e-08, 76706105.6, 76691873.2, 611.846709, 0.27, 3.332, -14843.995, -27.0202958, -0.113903542, 0, 5.93677825e+16, 915.803697, 927.176233, 0, 0
15.4177083, 0, 0, 6.30695394e+16, 0, 2.24353295e-14, 3.718e+18, 6.44e+20, 4.85, 4, 804.305681, 8.75988917, 0.797094151, 2301528.24, 1.11996018e+23, 6.97713779e+12, 7.55182616e+12, 28.7740728, -802.37334, -806.210942, 6.30695394e+16, 2.82624229e+20, -2301284.23, 33426.966, 366.583011, 8.75988917, 92.0911411, 0.811523447, 0.797094151, 6.30695394e+16, 1.9689622, 26.8086403, 0.155590329, 1186.39471, -26.7975526, -1.96844421, -1185.37969, -0.372384359, 0.0447669398, 47.9651616, 0, 1.59512159e-08, 1.59512159e-08, 80838071.9, 80824312.1, 1246.06148, 0.27, 3.332, -15005.7474, -28.7659968, -0.327617419, 0, 6.30677527e+16, 959.100417, 979.27976, 0, 0
15.46875, 0, 0, 6.64959321e+16, 0, 2.10496049e-14, 3.718e+18, 6.44e+20, 4.85, 4, 816.027276, 8.70061487, 0.780800257, 2314348.48, 1.11947911e+23, 6.44000529e+12, 7.34762453e+12, 26.4813603, -814.097093, -817.93219, 6.64959321e+16, 2.61097871e+20, -2314228.71, 20440.5597, 366.276026, 8.70061487, 91.0518937, 0.798257999, 0.780800257, 6.64959321e+16, 1.7833324, 24.7016021, 0.155097232, 1199.95781, -24.6877864, -1.7830167, -1198.88732, -0.624333764, 0.0309029331, 49.8499355, 0, 1.5932252e-08, 1.5932252e-08, 75109899.1, 75067446.3, 824.986144, 0.27, 3.332, -43277.6666, -26.4708031, -0.593430831, 0, 6.6494295e+16, 1000.61128, 1022.84075, 0, 0
15.5270833, 0, 0, 7.25790901e+16, 0, 1.71082829e-14, 3.718e+18, 6.44e+20, 4.85, 4, 829.599444, 8.64874402, 0.753107891, 2324348.52, 1.68093641e+23, 9.64402606e+12, 6.1662924e+12, 30.5642754, -827.655149, -831.500693, 7.25790901e+16, 2.75991882e+20, -2324340.88, 1932.18841, 365.233639, 8.64874402, 89.2099704, 0.775101019, 0.753107891, 7.25790901e+16, 1.56513479, 29.0017198, 0.154466533, 1220.1437, -28.9619531, -1.56505046, -1218.98936, -1.1042557, 0.0154906005, 52.0117244, 0, 1.58679247e-08, 1.58679247e-08, 84724800.1, 84678958.8, 1642.75398, 0.27, 3.332, -47483.9134, -30.5270036, -1.08876509, 0, 7.2576962e+16, 1028.44075, 1057.91869, 0, 0
15.578125, 0, 0, 7.83566581e+16, 0, 1.3379547e-14, 3.718e+18, 6.44e+20, 4.85, 4, 841.444422, 8.60640926, 0.72887707, 2331482.18, 1.45745729e+23, 7.12744893e+12, 5.65571421e+12, 23.8262489, -839.508241, -843.344855, 7.83566581e+16, 2.10344379e+20, -2331379.48, -16629.7291, 364.113777, 8.60640926, 87.5982875, 0.754838662, 0.72887707, 7.83566581e+16, 1.25779808, 22.5718204, 0.153933657, 1231.72431, -22.5121418, -1.2577931, -1230.52137, -1.57505285, 0.00245856859, 53.5876419, 0, 1.5798867e-08, 1.5798867e-08, 65386482.3, 65329020.4, 621.906872, 0.27, 3.332, -58083.8539, -23.7699349, -1.57259427, 0, 7.83551115e+16, 1056.03328, 1086.01417, 0, 0
15.6364583, 0, 0, 8.80897143e+16, 0, 8.68468941e-15, 3.718e+18, 6.44e+20, 4.85, 4, 855.085148, 8.58336729, 0.691032652, 2331918.7, 1.63150042e+23, 6.54585254e+12, 4.60222993e+12, 25.6880556, -853.148584, -856.983349, 8.80897143e+16, 1.91437589e+20, -2331511.46, -42440.384, 361.791079, 8.58336729, 84.9228473, 0.722070271, 0.691032652, 8.80897143e+16, 1.07864712, 24.611627, 0.15325373, 1252.43744, -24.5238696, -1.0785684, -1251.15827, -1.94487867, -0.00581738726, 55.5805075, 0, 1.56560511e-08, 1.56560511e-08, 69775594.8, 69713658.1, 614.155187, 0.27, 3.332, -62550.7831, -25.602438, -1.95069606, 0, 8.80880614e+16, 1057.59532, 1087.40397, 0, 0
15.6875, 0, 0, 9.75929253e+16, 0, 4.99414735e-15, 3.718e+18, 6.44e+20, 4.85, 4, 866.977709, 8.56727583, 0.657918786, 2330006.14, 1.10571412e+23, 3.44520835e+12, 3.92063388e+12, 16.9034443, -865.058068, -868.874869, 9.75929253e+16, 1.05882761e+20, -2328940.2, -68202.4534, 359.494933, 8.56727583, 82.5818372, 0.693397928, 0.657918786, 9.75929253e+16, 0.759930051, 16.1465241, 0.152677933, 1265.07805, -16.0470315, -0.759819122, -1263.7358, -1.78699891, -0.0119914247, 57.5017033, 0, 1.55150546e-08, 1.55150546e-08, 43881625.5, 43851532.5, -45.460216, 0.27, 3.332, -30047.5431, -16.8068506, -1.79899033, 0, 9.75918849e+16, 1059.7497, 1085.50994, 0, 0
15.7458333, 0, 0, 1.12777495e+17, 0, 2.56869054e-15, 3.718e+18, 6.44e+20, 4.85, 4, 880.551999, 8.58960108, 0.611135972, 2315546.28, 8.33047755e+22, 2.06338152e+12, 2.92647829e+12, 13.278694, -878.642894, -882.447282, 1.12777495e+17, 7.86420893e+19, -2313198.93, -103084.326, 355.648954, 8.58960108, 78.9653739, 0.651084312, 0.611135972, 1.12777495e+17, 0.629652492, 12.6512076, 0.151944457, 1283.91907, -12.570028, -0.629314754, -1282.4954, -1.42562902, -0.0142073101, 59.5131308, 0, 1.52801699e-08, 1.52801699e-08, 35351212.7, 35321593.5, -471.522353, 0.27, 3.332, -29147.6425, -13.1993427, -1.43983632, 0, 1.12776808e+17, 1019.8182, 1033.26807, 0, 0
15.796875, 0, 0, 1.27989999e+17, 0, 9.61949631e-16, 3.718e+18, 6.44e+20, 4.85, 4, 892.37074, 8.61462103, 0.57020101, 2299778.04, 4.21116876e+22, 8.51208668e+11, 2.37909059e+12, 8.0871826, -890.4834, -894.266022, 1.27989999e+17, 3.80501185e+19, -2295539.23, -137738.702, 352.033552, 8.61462103, 75.8009685, 0.614059898, 0.57020101, 1.27989999e+17, 0.397438185, 7.6912154, 0.151319929, 1304.09804, -7.63234084, -0.397066005, -1302.62985, -0.949710887, -0.0145694413, 61.0464156, 0, 1.50598076e-08, 1.50598076e-08, 19961229.3, 19950160.1, -426.901772, 0.27, 3.332, -10642.257, -8.02940684, -0.96428033, 0, 1.27989533e+17, 979.923031, 984.746262, 0, 0
15.8552083, 0, 0, 1.51127767e+17, 0, 4.11876455e-16, 3.718e+18, 6.44e+20, 4.85, 4, 905.666746, 8.71055977, 0.518417315, 2262933.65, 2.12219489e+22, 3.99560918e+11, 1.6203107e+12, 3.9663907, -903.794644, -907.560235, 1.51127767e+17, 1.96970697e+19, -2255394.34, -183163.488, 346.911808, 8.71055977, 70.9516508, 0.564776644, 0.518417315, 1.51127767e+17, 0.325736379, 3.64198746, 0.150531719, 1327.09842, -3.61280674, -0.325183949, -1325.6345, -0.460098598, -0.0127401627, 61.5942867, 0, 1.47501286e-08, 1.47501286e-08, 10262418.5, 10256135.8, -588.134333, 0.27, 3.332, -5694.60562, -3.93799069, -0.472838761, 0, 1.51127567e+17, 878.784771, 864.291761, 0, 0
15.90625, 0, 0, 1.74779891e+17, 0, 9.99538931e-17, 3.718e+18, 6.44e+20, 4.85, 4, 917.223346, 8.80199127, 0.473106582, 2226714.51, 8.92922678e+21, 1.4103886e+11, 1.30339947e+12, 2.53532388, -915.374697, -919.118606, 1.74779891e+17, 1.13328526e+19, -2214816.76, -228057.786, 342.289483, 8.80199127, 66.7084979, 0.521653796, 0.473106582, 1.74779891e+17, 0.185742943, 2.35010481, 0.149862636, 1356.06984, -2.33110336, -0.185196374, -1354.63985, -0.298108273, -0.0107565435, 61.2739666, 0, 1.44713591e-08, 1.44713591e-08, 6021777.64, 6018345.99, -399.08804, 0.27, 3.332, -3032.56408, -2.51629974, -0.308864816, 0, 1.74779733e+17, 782.438992, 759.04165, 0, 0
15.9645833, 0, 0, 2.09239453e+17, 0, 3.85602251e-17, 3.718e+18, 6.44e+20, 4.85, 4, 929.919925, 9.022931, 0.421795449, 2157322.33, 3.17291017e+21, 5.75216439e+10, 8.35973366e+11, 0.867358529, -928.088448, -931.813337, 2.09239453e+17, 3.72944283e+18, -2138241.16, -284444.685, 336.63973, 9.022931, 59.9956793, 0.470106382, 0.421795449, 2.09239453e+17, 0.155180279, 0.712794709, 0.149032031, 1387.66549, -0.706648994, -0.154669755, -1386.43591, -0.0933254169, -0.00775844055, 58.0740156, 0, 1.41339527e-08, 1.41339527e-08, 2145661.63, 2144714.43, -410.552078, 0.27, 3.332, -536.645165, -0.861318749, -0.101083857, 0, 2.09239404e+17, 626.177825, 585.626703, 0, 0
16.015625, 0, 0, 2.44921367e+17, 0, 7.30256795e-18, 3.718e+18, 6.44e+20, 4.85, 4, 940.931713, 9.22687896, 0.376898207, 2091961.99, 1.2561767e+21, 1.86913657e+10, 6.58198717e+11, 0.592810923, -939.123717, -942.827185, 2.44921367e+17, 2.71118019e+18, -2063855.42, -339748.169, 331.721025, 9.22687896, 54.1219631, 0.425002395, 0.376898207, 2.44921367e+17, 0.0762227565, 0.516790658, 0.148331063, 1424.31964, -0.512521804, -0.0757351645, -1423.23707, -0.0662631176, -0.00578317983, 54.4037975, 0, 1.38410217e-08, 1.38410217e-08, 1343690.69, 1342893.82, -256.27286, 0.27, 3.332, -540.594651, -0.588256969, -0.0720462973, 0, 2.44921323e+17, 486.35064, 439.600301, 0, 0
16.0739583, 0, 0, 2.95064146e+17, 0, 2.77882509e-18, 3.718e+18, 6.44e+20, 4.85, 4, 952.555124, 9.67935014, 0.330893058, 1976835.49, 2.98477611e+20, 7.14752142e+09, 3.89437052e+11, 0.178363044, -950.765026, -954.446662, 2.95064146e+17, 6.22546122e+17, -1934468, -404452.241, 326.376745, 9.67935014, 47.3313158, 0.376344254, 0.330893058, 2.95064146e+17, 0.0652228286, 0.113360034, 0.147484618, 1465.15101, -0.112382451, -0.0649069665, -1464.51136, -0.0148358319, -0.00359175971, 43.2371525, 0, 1.3525982e-08, 1.3525982e-08, 415759.461, 415573.543, -241.063354, 0.27, 3.332, 55.1439001, -0.177289418, -0.0184275916, 0, 2.95064134e+17, 330.032168, 289.12444, 0, 0
16.125, 0, 0, 3.47292164e+17, 0, 5.40486467e-19, 3.718e+18, 6.44e+20, 4.85, 4, 962.609964, 10.0910829, 0.290638553, 1871640.34, 9.70216789e+19, 2.25948104e+09, 2.89065609e+11, 0.116950709, -960.842977, -964.501561, 3.47292164e+17, 5.25089347e+17, -1811852.63, -466922.841, 321.873642, 10.0910829, 41.3894994, 0.33376838, 0.290638553, 3.47292164e+17, 0.024856205, 0.0922241414, 0.146775084, 1509.7202, -0.0914662142, -0.0245603075, -1509.34162, -0.0117965582, -0.00230288522, 32.54787, 0, 1.32612176e-08, 1.32612176e-08, 244958.74, 244797.831, -131.322985, 0.27, 3.332, -29.5864907, -0.116026522, -0.0140994434, 0, 3.47292152e+17, 197.200942, 162.937222, 0, 0
16.1833333, 0, 0, 4.18509291e+17, 0, 2.20522648e-19, 3.718e+18, 6.44e+20, 4.85, 4, 972.483714, 11.0396525, 0.252609133, 1694481.37, 1.11353685e+19, 846414938, 1.39989454e+11, 0.0383991271, -970.735091, -974.365133, 4.18509291e+17, 9.84672025e+16, -1608759, -528115.103, 317.3197, 11.0396525, 36.626584, 0.291751096, 0.252609133, 4.18509291e+17, 0.0216414767, 0.0168301602, 0.145975378, 1559.8802, -0.0166893047, -0.0215195955, -1559.69411, -0.0021701651, -0.00121322468, 1.40932426, 0, 1.29959859e-08, 1.29959859e-08, 82108.1583, 82044.2038, -121.015017, 0.27, 3.332, 57.0605091, -0.0382089002, -0.00338338979, 0, 4.18509288e+17, 109.372304, 92.0256887, 0, 0
16.234375, 0, 0, 4.92707257e+17, 0, 5.30022586e-20, 3.718e+18, 6.44e+20, 4.85, 4, 981.003139, 11.8935107, 0.219333391, 1537385.55, 1.65827709e+18, 264434418, 8.89960813e+10, 0.0197047994, -979.277879, -982.879407, 4.92707257e+17, 8.9809704e+16, -1420978.23, -584148.531, 313.592605, 11.8935107, 32.459033, 0.254985972, 0.219333391, 4.92707257e+17, 0.00483828179, 0.0149293396, 0.145324749, 1609.28517, -0.0148088624, -0.00472874896, -1609.06558, -0.00189257599, -0.000561788441, -26.4886502, 0, 1.27793586e-08, 1.27793586e-08, 35487.3741, 35450.1647, -46.8144536, 0.27, 3.332, 9.60499402, -0.0195376113, -0.00245436443, 0, 4.92707254e+17, 37.808634, 31.6009002, 0, 0
16.2927083, 0, 0, 5.91317793e+17, 0, 2.48341696e-20, 3.718e+18, 6.44e+20, 4.85, 4, 988.20759, 14.226394, 0.189714633, 1275280.56, 1.82079503e+16, 101739580, 1.27630883e+10, 0.00671063967, -986.500754, -990.040084, 5.91317793e+17, 1.16623505e+16, -1124479.3, -595970.935, 310.075528, 14.226394, 30.1409701, 0.221161883, 0.189714633, 5.91317793e+17, 0.00422864622, 0.00248497222, 0.144820286, 1665.38375, -0.00246398069, -0.00421985524, -1658.01562, -0.000322130095, -0.000225688885, -123.368696, 0, 1.25765741e-08, 1.25765741e-08, 12156.3265, 12132.1019, -43.1943041, 0.27, 3.332, 18.9696751, -0.00668383594, -0.00054781898, 0, 5.91317793e+17, 17.234774, 14.6388515, 0, 0
16.34375, 0, 0, 6.93663652e+17, 0, 8.2529466e-21, 3.718e+18, 6.44e+20, 4.85, 4, 994.436509, 16.280708, 0.16379822, 1050229.24, 1.36856058e+14, 31866883.1, 2.49197838e+09, 0.00240141069, -992.753728, -996.231367, 6.93663652e+17, 1.09202728e+16, -862739.587, -596563.161, 307.261165, 16.280708, 28.112665, 0.191565806, 0.16379822, 6.93663652e+17, 7.96061712e-05, 0.00232407273, 0.144473674, 1690.91002, -0.00230478858, -7.62905398e-05, -1678.21955, -0.000298752383, -1.23615384e-05, -205.943912, 0, 1.24145259e-08, 1.24145259e-08, 2984.06207, 2984.61133, -0.604903139, 0.27, 3.332, 1.15416297, -0.00238107912, -0.000311113922, 0, 6.93663651e+17, 1.03987902, 1.04344005, 0, 0
16.4020833, 0, 0, 8.2662519e+17, 0, 4.84972368e-21, 3.718e+18, 6.44e+20, 4.85, 4, 997.915576, 22.6762212, 0.141620053, 750086.31, 16573345, 18492101.6, 78959720.9, 0.000388930455, -996.242486, -999.625513, 8.2662519e+17, 1.18460633e+14, -553863.052, -500229.917, 305.110157, 23.3545046, 28.1493883, 0.165667343, 0.141620053, 8.2662519e+17, 6.91320317e-05, 0.000319835668, 0.14570314, 1643.99177, -0.00031573603, -6.89558845e-05, -1394.15604, -5.10366242e-05, -4.88390067e-06, -658.769129, 0, 1.22913994e-08, 1.22913994e-08, 308.076985, 319.225411, -0.597214272, 0.27, 3.332, 11.7456407, -0.000384691916, -5.59205249e-05, 0, 8.2662519e+17, 0.450916324, 0.3331539, 0, 0
16.453125, 0, 0, 9.63714452e+17, 0, 2.57216385e-21, 3.718e+18, 6.44e+20, 4.85, 4, 1001.10638, 28.1815212, 0.122214156, 488496.805, 7.28360741, 6442713.28, 3930174.85, 0.000306563852, -999.456476, -1002.74177, 9.63714452e+17, 5.64166814e+13, -301833.494, -383607.752, 303.413502, 29.1847464, 28.1815212, 0.143006188, 0.122214156, 9.63714452e+17, 5.08871265e-08, 0.000306515887, 0.146685191, 1488.35243, -0.000302556775, -4.67937345e-08, -1100.62023, -4.91058555e-05, -1.11011273e-08, -992.891832, 0, 1.21943502e-08, 1.21943502e-08, 176.104846, 186.960712, 0.0259201581, 0.27, 3.332, 10.8299467, -0.000302603569, -4.91169566e-05, 0, 9.63714451e+17, 1.66487818e-06, 1.73209018e-06, 0, 0
16.5114583, 0, 0, 1.13810651e+18, 0, 1.97249032e-21, 3.718e+18, 6.44e+20, 4.85, 4, 1001.47245, 26.0816458, 0.105984132, 289257.524, -1.74285027e-13, 5.44922553e+11, 70615.3001, 111.866014, -999.5251, -1003.00619, 1.13810651e+18, 7.30346974e+12, -151285.197, -244066.473, 302.473802, 27.5577877, 26.0816458, 0.123802093, 0.105984132, 1.13810651e+18, 4.29019978e-08, 111.866014, 0.148269271, 995.584566, -111.621844, -4.26902418e-08, -799.202711, -7.38709878, -4.25098404e-09, -593.676628, 0, 1.21407753e-08, 1.21407753e-08, 39843.8795, 2136757.18, 1874738.74, 0.27, 3.332, 222174.566, -111.621844, -7.38709878, 0, 7.26379123e+17, 9.83495968e-07, 6.07114943e-07, 0, 0
16.5625, 0, 0, 1.31640078e+18, 0, 1.53549905e-21, 3.718e+18, 6.44e+20, 4.85, 4, 1002.15552, 24.2442548, 0.0917828616, 112726.931, 0, 7.15556877e+15, 507.606834, 112.108608, -999.959626, -1003.56305, 1.31640078e+18, 4.2689019e+10, -47203.6564, -101451.077, 301.738281, 26.4027514, 24.2442548, 0.106998509, 0.0917828616, 1.31640078e+18, 1.26771644e-12, 112.108608, 0.149723506, 575.531529, -111.843353, -3.4495881e-13, -393.059016, -7.48601986, -1.20917061e-12, -409.722826, 0, 1.20988546e-08, 1.20988546e-08, 39869.0462, 2166829.4, 1887062.11, 0.27, 3.332, 239898.247, -111.843353, -7.48601986, 0, 8.39902658e+17, -1.36643469e-19, 2.62635974e-10, 0, 0
16.6208333, 0, 0, 1.53866542e+18, 0, 1.39166619e-21, 3.718e+18, 6.44e+20, 4.85, 4, 1002.16652, 22.5137222, 0.0800339993, 55297.8804, 0, 9.97489759e+15, 19.8085609, 253.104217, -999.961611, -1003.48915, 1.53866542e+18, 1.60862376e+10, -25786.9319, -47895.6683, 301.412646, 24.3862852, 22.5137222, 0.0930090659, 0.0800339993, 1.53866542e+18, 3.89242783e-13, 253.104217, 0.149796677, 554.747145, -253.079359, -1.71921786e-13, -425.193147, 1.28241789, -3.44695215e-13, -255.344615, 0, 1.20803198e-08, 1.20803198e-08, 87654.6063, 488151.781, 139361.936, 0.27, 3.332, 261135.239, -253.079359, 1.28241789, 0, 7.84863189e+17, 0, -1.70576936e-23, 0, 0
16.671875, 0, 0, 1.76372451e+18, 0, 1.28290922e-21, 3.718e+18, 6.44e+20, 4.85, 4, 1002.25283, 20.9995062, 0.0697537448, 20076.3674, 0, 2.5474721e+17, 0.637942285, 291.886793, -999.963438, -1003.47827, 1.76372451e+18, 58029757.4, -5169.19819, -19213.2144, 301.158437, 22.6218808, 20.9995062, 0.0807683032, 0.0697537448, 1.76372451e+18, 3.46387704e-15, 291.886793, 0.15018373, 328.490843, -291.86076, 3.24799302e-15, -318.888077, 0.0634205993, -9.59816339e-16, -44.1873503, 0, 1.20658526e-08, 1.20658526e-08, 104054.358, 1318484.44, 840741.468, 0.27, 3.332, 373688.618, -291.86076, 0.0634205993, 0, 6.97198589e+17, 0, 0, 0, 0
16.7302083, 0, 0, 2.03868856e+18, 0, 1.23665183e-21, 3.718e+18, 6.44e+20, 4.85, 4, 1002.25753, 19.7150276, 0.061270903, 10448.7462, 0, 2.81564852e+17, 0.0590550141, 323.525796, -999.965381, -1003.38625, 2.03868856e+18, 4905482.12, -3660.43575, -9704.23578, 301.039451, 21.1143751, 19.7150276, 0.0706524511, 0.061270903, 2.03868856e+18, 1.22983272e-16, 323.525796, 0.149847776, 358.283455, -323.488903, 1.51016106e-17, -348.730605, -4.20337262, -1.16852318e-16, -42.5561046, 0, 1.2059084e-08, 1.2059084e-08, 110929.934, 1122289.27, 756031.486, 0.27, 3.332, 255327.847, -323.488903, -4.20337262, 0, 7.45216763e+17, 0, 0, 0, 0
16.78125, 0, 0, 2.31422725e+18, 0, 1.20086849e-21, 3.718e+18, 6.44e+20, 4.85, 4, 1002.26959, 18.5911089, 0.0538484164, 6417.17864, 0, 4.15962789e+17, 0.000611874414, 386.703285, -999.967087, -1003.31158, 2.31422725e+18, 50805.4443, -1220.94401, -6298.97547, 300.9457, 19.7953076, 18.5911089, 0.0618010806, 0.0538484164, 2.31422725e+18, 6.66604144e-18, 386.703285, 0.149680268, 385.143635, -386.672441, 6.63719833e-18, -383.543549, -4.70575864, -6.03249597e-19, -23.5372225, 0, 1.20537513e-08, 1.20537513e-08, 136943.085, 1042248.85, 586190.248, 0.27, 3.332, 319115.516, -386.672441, -4.70575864, 0, 6.85443196e+17, 0, 0, 0, 0
16.8395833, 0, 0, 2.6439828e+18, 0, 1.17464285e-21, 3.718e+18, 6.44e+20, 4.85, 4, 1002.27367, 17.6422876, 0.0477077264, 4917.46372, 0, 4.50456905e+17, 4.39728325e-05, 386.443461, -999.968962, -1003.21027, 2.6439828e+18, 3649.70817, -1092.97113, -4793.14723, 300.874474, 18.6786576, 17.6422876, 0.0544893147, 0.0477077264, 2.6439828e+18, 3.26299689e-19, 386.443461, 0.149395586, 384.935925, -386.3976, 3.20838952e-19, -383.340575, -5.92567108, -5.9213702e-20, -23.3005504, 0, 1.20497006e-08, 1.20497006e-08, 131991.537, 993625.571, 566124.598, 0.27, 3.332, 295509.436, -386.3976, -5.92567108, 0, 7.33524171e+17, 0, 0, 0, 0
16.890625, 0, 0, 2.97084279e+18, 0, 1.15364711e-21, 3.718e+18, 6.44e+20, 4.85, 4, 1002.28048, 16.812069, 0.0423346226, 3448.59287, 0, 5.45757117e+17, 2.89976715e-07, 424.110811, -999.970605, -1003.12361, 2.97084279e+18, 24.1010539, -863.056876, -3338.8263, 300.816676, 17.7015889, 16.812069, 0.0480915195, 0.0423346226, 2.97084279e+18, 4.70103938e-21, 424.110811, 0.149177729, 420.681155, -424.061444, 4.69557201e-21, -420.121892, -6.45387338, -2.23516716e-22, -17.3846982, 0, 1.20464137e-08, 1.20464137e-08, 145126.136, 832706.636, 434916.473, 0.27, 3.332, 252664.026, -424.061444, -6.45387338, 0, 7.19777798e+17, 0, 0, 0, 0
16.9489583, 0, 0, 3.35361868e+18, 0, 1.13196396e-21, 3.718e+18, 6.44e+20, 4.85, 4, 1002.28414, 16.1111628, 0.0378650747, 3158.6231, 0, 5.8430046e+17, 1.88594593e-08, 417.765407, -999.972366, -1003.01436, 3.35361868e+18, 1.5668649, -847.226535, -3041.7545, 300.75552, 16.8767252, 16.1111628, 0.0427864006, 0.0378650747, 3.35361868e+18, 2.36923484e-22, 417.765407, 0.148894417, 414.466299, -417.716997, 2.36123878e-22, -413.920558, -6.34171256, -1.94208417e-23, -16.5994414, 0, 1.20429363e-08, 1.20429363e-08, 137013.803, 795803.128, 425211.677, 0.27, 3.332, 233577.647, -417.716997, -6.34171256, 0, 7.66485321e+17, 0, 0, 0, 0
17, 0, 0, 3.72879441e+18, 0, 1.11422954e-21, 3.718e+18, 6.44e+20, 4.85, 4, 1002.28903, 15.4978698, 0.0339542203, 2585.00976, 0, 6.60259316e+17, 7.97324573e-11, 437.675129, -999.973908, -1002.9195, 3.72879441e+18, 0.00663307386, -839.623415, -2443.70519, 300.704943, 16.1549694, 15.4978698, 0.0381444215, 0.0339542203, 3.72879441e+18, 1.68283121e-24, 437.675129, 0.148663062, 434.035673, -437.631067, 1.68206768e-24, -433.786188, -6.20936598, -5.0153358e-26, -12.8975453, 0, 1.20400606e-08, 1.20400606e-08, 140648.334, 638600.155, 304877.588, 0.27, 3.332, 193074.232, -437.631067, -6.20936598, 0, 7.73589173e+17, 0, 0, 0, 0
17, 0, 0, 3.72879441e+18, 0, 1.11422954e-21, 3.718e+18, 6.44e+20, 4.85, 4, 1002.28903, 15.4978698, 0.0339542203, 1523.05964, 0, 6.60259316e+17, 7.97324573e-11, 437.675129, -999.973908, -1002.9195, 3.72879441e+18, 0.00663307386, -600.998976, -1388.21823, 300.704943, 16.1549694, 15.4978698, 0.0381444215, 0.0339542203, 3.72879441e+18, 1.68283121e-24, 437.675129, 0.148663062, 434.035673, -437.631067, 1.68206768e-24, -433.786188, -6.20936598, -5.0153358e-26, -12.8975453, 0, 1.20400606e-08, 1.20400606e-08, 140648.334, 638600.155, 304877.588, 0.27, 3.332, 193074.232, -437.631067, -6.20936598, 0, 7.73589173e+17, 0, 0, 0, 0
17.0666667, 0, 0, 4.21896004e+18, 0, 1.0938239e-21, 3.718e+18, 6.44e+20, 4.85, 4, 1002.29277, 14.9164858, 0.03028897, 1528.07317, 0, 7.0604021e+17, 4.8102363e-12, 429.885696, -999.975774, -1002.80184, 4.21896004e+18, 0.000400042446, -600.412038, -1394.49491, 300.645372, 15.5138243, 14.9164858, 0.0340770224, 0.03028897, 4.21896004e+18, 8.1754464e-26, 429.885696, 0.14840208, 426.385415, -429.851194, 8.16560837e-26, -426.15299, -5.4309463, -4.00605998e-27, -11.7360037, 0, 1.20366737e-08, 1.20366737e-08, 132474.568, 609501.201, 299288.632, 0.27, 3.332, 177738.001, -429.851194, -5.4309463, 0, 8.2488418e+17, 0, 0, 0, 0
17.125, 0, 0, 4.70043188e+18, 0, 1.07702448e-21, 3.718e+18, 6.44e+20, 4.85, 4, 1002.29706, 14.4077748, 0.0270818759, 1182.76102, 0, 7.77110108e+17, 1.18536176e-14, 438.437795, -999.977409, -1002.69998, 4.70043188e+18, 9.8713315e-07, -581.442707, -1028.96242, 300.595871, 14.9528223, 14.4077748, 0.0305180481, 0.0270818759, 4.70043188e+18, 3.46617523e-28, 438.437795, 0.148187022, 434.895955, -438.409931, 3.46563604e-28, -434.789512, -4.92935709, -6.05784489e-30, -8.85455954, 0, 1.20338595e-08, 1.20338595e-08, 131061.059, 474692.782, 195670.221, 0.27, 3.332, 147961.503, -438.409931, -4.92935709, 0, 8.47101008e+17, 0, 0, 0, 0
17.1916667, 0, 0, 5.23278599e+18, 0, 1.0600393e-21, 3.718e+18, 6.44e+20, 4.85, 4, 1002.30038, 13.993803, 0.0244949864, 987.050555, 0, 8.22533269e+17, 7.20917143e-16, 430.702323, -999.979127, -1002.59285, 5.23278599e+18, 6.00223501e-08, -542.10103, -812.67981, 300.54469, 14.4551444, 13.993803, 0.0273919781, 0.0244949864, 5.23278599e+18, 1.60374991e-29, 430.702323, 0.147913272, 427.299297, -430.682768, 1.60311019e-29, -427.204418, -4.09757032, -4.52752866e-31, -7.82867688, 0, 1.20309503e-08, 1.20309503e-08, 123481.524, 451164.784, 192708.677, 0.27, 3.332, 134974.583, -430.682768, -4.09757032, 0, 8.9543695e+17, 0, 0, 0, 0
17.25, 0, 0, 5.74782825e+18, 0, 1.04598715e-21, 3.718e+18, 6.44e+20, 4.85, 4, 1002.30382, 13.6315776, 0.022231458, 756.900413, 0, 8.81416757e+17, 6.00614656e-18, 433.727701, -999.980631, -1002.52749, 5.74782825e+18, 5.00639375e-10, -495.128444, -570.794631, 300.502018, 14.0196762, 13.6315776, 0.0246566669, 0.022231458, 5.74782825e+18, 4.2315026e-32, 433.727701, 0.147689747, 430.395984, -433.712356, 4.23116405e-32, -430.349784, -3.62794865, -5.3150026e-34, -5.9621919, 0, 1.20285247e-08, 1.20285247e-08, 120024.945, 356265.781, 122634.413, 0.27, 3.332, 113606.423, -433.712356, -3.62794865, 0, 9.24730418e+17, 0, 0, 0, 0
17.3166667, 0, 0, 6.29499965e+18, 0, 1.03301198e-21, 3.718e+18, 6.44e+20, 4.85, 4, 1002.30676, 13.3366182, 0.0203997781, 657.558126, 0, 9.2415697e+17, 2.44667725e-18, 428.22611, -999.982225, -1002.47977, 6.29499965e+18, 2.03930006e-10, -462.563086, -455.000018, 300.461887, 13.6652106, 13.3366182, 0.0224473822, 0.0203997781, 6.29499965e+18, 2.01110888e-33, 428.22611, 0.147409784, 425.007207, -428.217309, 2.01073698e-33, -424.968998, -2.72738593, -3.85988744e-35, -4.96088599, 0, 1.20262437e-08, 1.20262437e-08, 114374.134, 338198.648, 121070.244, 0.27, 3.332, 102754.269, -428.217309, -2.72738593, 0, 9.68954269e+17, 0, 0, 0, 0
17.375, 0, 0, 6.81633846e+18, 0, 1.02226189e-21, 3.718e+18, 6.44e+20, 4.85, 4, 1002.30963, 13.0785288, 0.0187970582, 537.192799, 0, 9.73361379e+17, 1.72912458e-19, 428.874243, -999.983622, -1002.4423, 6.81633846e+18, 1.44260827e-11, -427.798242, -323.004356, 300.428419, 13.3550532, 13.0785288, 0.0205142581, 0.0187970582, 6.81633846e+18, 1.6566147e-35, 428.874243, 0.147188059, 425.744511, -428.868137, 1.6566081e-35, -425.726883, -2.27559678, -4.66764926e-38, -3.67688723, 0, 1.20243415e-08, 1.20243415e-08, 110971.14, 274838.489, 76077.5572, 0.27, 3.332, 87789.7914, -428.868137, -2.27559678, 0, 1.00017681e+18, 0, 0, 0, 0
17.4416667, 0, 0, 7.34345162e+18, 0, 1.01355314e-21, 3.718e+18, 6.44e+20, 4.85, 4, 1002.31222, 12.8698377, 0.0175068364, 482.807724, 0, 1.01140981e+18, 8.46889982e-20, 427.516229, -999.985126, -1002.39738, 7.34345162e+18, 7.06546511e-12, -400.574206, -259.167944, 300.400957, 13.103228, 12.8698377, 0.0189533073, 0.0175068364, 7.34345162e+18, 5.76553923e-36, 427.516229, 0.146896994, 424.462179, -427.514122, 5.7655211e-36, -424.44921, -1.17133829, -1.38167497e-38, -2.52096574, 0, 1.20227808e-08, 1.20227808e-08, 107900.761, 261631.019, 75261.1551, 0.27, 3.332, 78469.1027, -427.514122, -1.17133829, 0, 1.03894121e+18, 0, 0, 0, 0
17.5, 0, 0, 7.83800783e+18, 0, 1.00633949e-21, 3.718e+18, 6.44e+20, 4.85, 4, 1002.31466, 12.687233, 0.0163778924, 417.901908, 0, 1.05194729e+18, 5.41986461e-21, 428.971551, -999.986443, -1002.35811, 7.83800783e+18, 4.5252781e-13, -373.746584, -185.321836, 300.378081, 12.8828809, 12.687233, 0.0175874753, 0.0163778924, 7.83800783e+18, 4.07163768e-37, 428.971551, 0.146678824, 425.984653, -428.97099, 4.07163587e-37, -425.980794, -0.690444244, 2.06238006e-40, -1.54200769, 0, 1.20214807e-08, 1.20214807e-08, 105975.25, 220526.642, 47176.8545, 0.27, 3.332, 67374.5374, -428.97099, -0.690444244, 0, 1.0685174e+18, 0, 0, 0, 0
17.5666667, 0, 0, 8.30589435e+18, 0, 1.00245706e-21, 3.718e+18, 6.44e+20, 4.85, 4, 1002.31697, 12.5428993, 0.0154883222, 385.593268, 0, 1.08358872e+18, 2.63310035e-21, 435.542013, -999.987901, -1002.31123, 8.30589435e+18, 2.19848041e-13, -352.343304, -148.679225, 300.365698, 12.7063685, 12.5428993, 0.0164975794, 0.0154883222, 8.30589435e+18, 1.74951992e-37, 435.542013, 0.146360901, 432.575397, -435.537901, 1.74951967e-37, -432.568361, 1.1047572, -6.3336931e-41, 0.275729061, 0, 1.2020777e-08, 1.2020777e-08, 106936.459, 213001.524, 46841.046, 0.27, 3.332, 59224.0187, -435.537901, 1.1047572, 0, 1.1004734e+18, 0, 0, 0, 0
17.625, 0, 0, 8.73815056e+18, 0, 9.99277109e-22, 3.718e+18, 6.44e+20, 4.85, 4, 1002.31908, 12.4166073, 0.0147099483, 349.408113, 0, 1.11566772e+18, 1.52097884e-22, 441.460655, -999.989179, -1002.27023, 8.73815056e+18, 1.27065374e-14, -332.646435, -105.748303, 300.355504, 12.5519202, 12.4166073, 0.0155439204, 0.0147099483, 8.73815056e+18, 1.14524561e-38, 441.460655, 0.146142989, 438.506515, -441.456427, 1.14524473e-38, -438.502906, 1.79482617, 1.20077983e-41, 1.26148182, 0, 1.20201977e-08, 1.20201977e-08, 108200.237, 188511.256, 29760.4851, 0.27, 3.332, 50550.534, -441.456427, 1.79482617, 0, 1.12582166e+18, 0, 0, 0, 0
17.6916667, 0, 0, 9.10784232e+18, 0, 1.00239864e-21, 3.718e+18, 6.44e+20, 4.85, 4, 1002.32117, 12.322259, 0.0141296699, 333.302263, 0, 1.13952644e+18, 7.34889146e-23, 468.0918, -999.990665, -1002.22178, 9.10784232e+18, 6.139428e-15, -321.379266, -80.5159848, 300.365468, 12.4325792, 12.322259, 0.0148089961, 0.0141296699, 9.10784232e+18, 4.88948045e-39, 468.0918, 0.145744836, 465.04391, -468.024767, 4.88948004e-39, -464.978145, 6.58040437, 1.45898377e-42, 6.04027736, 0, 1.20207639e-08, 1.20207639e-08, 119075.514, 192818.578, 30426.1339, 0.27, 3.332, 43316.9297, -468.024767, 6.58040437, 0, 1.14979056e+18, 0, 0, 0, 0
17.75, 0, 0, 9.44413063e+18, 0, 1.00518426e-21, 3.718e+18, 6.44e+20, 4.85, 4, 1002.32306, 12.2397042, 0.0136219263, 317.389329, 0, 1.16306528e+18, 3.9267599e-24, 488.588137, -999.991968, -1002.17939, 9.44413063e+18, 3.28138302e-16, -314.274595, -44.3410733, 300.374401, 12.3281558, 12.2397042, 0.0141659373, 0.0136219263, 9.44413063e+18, 2.96080041e-40, 488.588137, 0.145507985, 485.41689, -488.509783, 2.96079766e-40, -485.342569, 8.36695811, 3.52953349e-43, 7.98956471, 0, 1.20212716e-08, 1.20212716e-08, 129616.219, 187930.985, 21252.2331, 0.27, 3.332, 37062.5328, -488.509783, 8.36695811, 0, 1.16903632e+18, 0, 0, 0, 0
17.8166667, 0, 0, 9.68195779e+18, 0, 1.01781596e-21, 3.718e+18, 6.44e+20, 4.85, 4, 1002.3251, 12.1863583, 0.0132942534, 343.482873, 0, 1.1781472e+18, 1.89020882e-24, 578.566686, -999.993655, -1002.12982, 9.68195779e+18, 1.57955934e-16, -334.598105, 31.2811688, 300.414148, 12.2543087, 12.1863583, 0.0137119617, 0.0132942534, 9.68195779e+18, 1.25831572e-40, 578.566686, 0.144688298, 574.983644, -576.519054, 1.25831558e-40, -572.950854, 41.3793986, 5.4681872e-44, 40.8493799, 0, 1.20235305e-08, 1.20235305e-08, 179778.362, 243088.668, 25729.4235, 0.27, 3.332, 37580.8821, -576.519054, 41.3793986, 0, 1.18405697e+18, 0, 0, 0, 0
17.875, 0, 0, 9.89496437e+18, 0, 1.0291365e-21, 3.718e+18, 6.44e+20, 4.85, 4, 1002.32699, 12.1396807, 0.0130075396, 2436.4721, 0, 1.19447567e+18, 9.53703135e-26, 730.791076, -999.99515, -1002.0864, 9.89496437e+18, 7.96873107e-18, -690.863591, 2238.12776, 300.449925, 12.1896924, 12.1396807, 0.013314733, 0.0130075396, 9.89496437e+18, 7.1726605e-42, 730.791076, 0.14424206, 726.626967, -728.176864, 7.17265607e-42, -724.039255, 59.3868934, 4.34702618e-45, 58.8524716, 0, 1.20255638e-08, 1.20255638e-08, 272496.689, 880200.542, 24269.1428, 0.27, 3.332, 583434.709, -728.176864, 59.3868934, 0, 1.1944765e+18, 0, 0, 0, 0
17.9416667, 0, 0, 9.97735004e+18, 0, 1.03278372e-21, 3.718e+18, 6.44e+20, 4.85, 4, 1002.32973, 12.1224201, 0.0129015835, 4885.88262, 0, 1.21041422e+18, 4.51641955e-26, 820.183429, -999.997516, -1002.03045, 9.97735004e+18, 3.77385343e-18, -808.364795, 4810.87333, 300.461236, 12.1543892, 12.1224201, 0.0130979185, 0.0129015835, 9.97735004e+18, 3.01797992e-42, 820.183429, 0.139532247, 815.907346, -589.035616, 3.01746446e-42, -585.615915, 423.51937, -1.15980566e-44, 421.556775, 0, 1.20262066e-08, 1.20262066e-08, 337456.849, 3516274.37, 24917.2803, 0.27, 3.332, 3153900.24, -589.035616, 423.51937, 0, 1.18902059e+18, 0, 0, 0, 0
18, 0, 0, 1.005e+19, 0, 1.03683561e-21, 3.718e+18, 6.44e+20, 4.85, 4, 1002.34437, 12.1073171, 0.0128088719, 9168.21211, 0, 1.81674478e+18, 7.32165019e-28, 856.927429, -999.999769, -1001.05678, 1.005e+19, 6.11836037e-20, -697.380978, 9138.81309, 300.47384, 12.1234989, 12.1073171, 0.0129082058, 0.0128088719, 1.005e+19, 1.38392689e-43, 856.927429, 0.136152035, 853.434993, -484.784724, 1.37000796e-43, -482.266101, 703.442193, -1.8355121e-44, 700.989849, 0, 1.20269231e-08, 1.20269231e-08, 388965.976, 2985510.29, 7082.23733, 0.27, 3.332, 2589462.08, -484.784724, 703.442193, 0, 7.70882543e+17, 0, 0, 0, 0
18.0666667, 0, 0, 1.005e+19, 0, 9.92096581e-22, 3.718e+18, 6.44e+20, 4.85, 4, 1002.34451, 12.1073171, 0.0128088719, 10337.71, 0, 1.81530054e+18, 1.62473762e-29, 578.897451, -999.999899, -1001.00576, 1.005e+19, 1.3594233e-21, -399.74053, 10325.8248, 300.329769, 12.1148686, 12.1073171, 0.0128552277, 0.0128088719, 1.005e+19, 4.10371652e-44, 578.897451, 0.129587056, 576.639285, -267.882148, 4.01440396e-44, -266.440637, 489.027136, -8.49889893e-45, 487.452419, 0, 1.20187359e-08, 1.20187359e-08, 229012.387, 1359186.82, -2167.9778, 0.27, 3.332, 1132342.41, -267.882148, 489.027136, 0, 7.70183979e+17, 0, 0, 0, 0
18.125, 0, 0, 1.005e+19, 0, 9.52911496e-22, 3.718e+18, 6.44e+20, 4.85, 4, 1002.34451, 12.1073171, 0.0128088719, 10275.5735, 0, 1.81415412e+18, 1.62473762e-29, 321.728882, -999.999899, -1001.00576, 1.005e+19, 1.3594233e-21, -7.1559598, 10275.5684, 300.203282, 12.1073171, 12.1073171, 0.0128088719, 0.0128088719, 1.005e+19, 1.74738015e-45, 321.728882, 0.124776585, 320.533044, -25.9063233, 1.5466522e-45, -25.8254557, 320.501421, -4.09558186e-46, 319.309515, 0, 1.2011548e-08, 1.2011548e-08, 40687.8826, 1170862.32, -2167.9778, 0.27, 3.332, 1132342.41, -25.9063233, 320.501421, 0, 7.69467602e+17, 0, 0, 0, 0
18.1916667, 0, 0, 1.005e+19, 0, 9.32489333e-22, 3.718e+18, 6.44e+20, 4.85, 4, 1002.34455, 12.1073171, 0.0128088719, 10243.2899, 0, 1.81343348e+18, 3.52301421e-31, 250.339161, -999.999937, -1000.95366, 1.005e+19, 2.94951577e-23, -3.34500463, 10243.2891, 300.133345, 12.1073171, 12.1073171, 0.0128088719, 0.0128088719, 1.005e+19, 2.19224832e-46, 250.339161, 0.120906063, 249.439109, -12.7761771, 3.44248117e-47, -12.7490248, 249.996594, -1.89496493e-46, 249.096973, 0, 1.20075749e-08, 1.20075749e-08, 26043.9189, 729965.238, -2331.32986, 0.27, 3.332, 706252.651, -12.7761771, 249.996594, 0, 7.6913684e+17, 0, 0, 0, 0
18.25, 0, 0, 1.005e+19, 0, 9.15264802e-22, 3.718e+18, 6.44e+20, 4.85, 4, 1002.34455, 12.1073171, 0.0128088719, 10226.8228, 0, 1.81289798e+18, 3.52301421e-31, 200.763906, -999.999937, -1000.95366, 1.005e+19, 2.94951577e-23, -2.84829853, 10226.8221, 300.07425, 12.1073171, 12.1073171, 0.0128088719, 0.0128088719, 1.005e+19, 3.87993099e-47, 200.763906, 0.118369512, 200.026121, -9.74674313, 3.44248117e-47, -9.71959081, 200.49658, -9.07097098e-48, 199.759473, 0, 1.20042176e-08, 1.20042176e-08, 15834.0244, 719755.343, -2331.32986, 0.27, 3.332, 706252.651, -9.74674313, 200.49658, 0, 7.68802052e+17, 0, 0, 0, 0
18.3166667, 0, 0, 1.005e+19, 0, 9.08303836e-22, 3.718e+18, 6.44e+20, 4.85, 4, 1002.34457, 12.1073171, 0.0128088719, 10212.6726, 0, 1.81264918e+18, 7.62617061e-33, 164.03446, -999.999956, -1000.90108, 1.005e+19, 6.38609904e-25, -1.77864537, 10212.6724, 300.049756, 12.1073171, 12.1073171, 0.0128088719, 0.0128088719, 1.005e+19, 4.75885548e-48, 164.03446, 0.115707726, 163.445633, -5.93937296, 7.4682736e-49, -5.9249572, 163.92079, -4.116545e-48, 163.332185, 0, 1.20028263e-08, 1.20028263e-08, 10953.57, 497035.09, -1327.0595, 0.27, 3.332, 487408.58, -5.93937296, 163.92079, 0, 7.68684742e+17, 0, 0, 0, 0
18.375, 0, 0, 1.005e+19, 0, 9.02518736e-22, 3.718e+18, 6.44e+20, 4.85, 4, 1002.34457, 12.1073171, 0.0128088719, 10204.1915, 0, 1.81246458e+18, 7.62617061e-33, 138.580693, -999.999956, -1000.90108, 1.005e+19, 6.38609904e-25, -1.57416634, 10204.1913, 300.029384, 12.1073171, 12.1073171, 0.0128088719, 0.0128088719, 1.005e+19, 8.42050809e-49, 138.580693, 0.113997688, 138.076521, -4.46172883, 7.4682736e-49, -4.44731307, 138.492807, -1.99740331e-49, 137.988943, 0, 1.2001669e-08, 1.2001669e-08, 7546.28195, 493627.802, -1327.0595, 0.27, 3.332, 487408.58, -4.46172883, 138.492807, 0, 7.68569309e+17, 0, 0, 0, 0
18.4416667, 0, 0, 1.005e+19, 0, 9.00048063e-22, 3.718e+18, 6.44e+20, 4.85, 4, 1002.34458, 12.1073171, 0.0128088719, 10196.0551, 0, 1.81237818e+18, 1.66884238e-34, 116.56387, -999.999968, -1000.84849, 1.005e+19, 1.39758336e-26, -1.07892273, 10196.055, 300.020606, 12.1073171, 12.1073171, 0.0128088719, 0.0128088719, 1.005e+19, 1.03085052e-49, 116.56387, 0.112037924, 116.148303, -2.88001823, 1.61698473e-50, -2.87119423, 116.521855, -8.92404132e-50, 116.106437, 0, 1.20011705e-08, 1.20011705e-08, 5477.78004, 361015.32, -799.417296, 0.27, 3.332, 356336.957, -2.88001823, 116.521855, 0, 7.68526129e+17, 0, 0, 0, 0
18.5, 0, 0, 1.005e+19, 0, 8.98000868e-22, 3.718e+18, 6.44e+20, 4.85, 4, 1002.34458, 12.1073171, 0.0128088719, 10191.0003, 0, 1.81231226e+18, 1.66884238e-34, 101.328202, -999.999968, -1000.84849, 1.005e+19, 1.39758336e-26, -0.973949566, 10191.0002, 300.013331, 12.1073171, 12.1073171, 0.0128088719, 0.0128088719, 1.005e+19, 1.82636358e-50, 101.328202, 0.1107916, 100.963623, -2.38418346, 1.61698473e-50, -2.37535946, 101.290636, -4.41899746e-51, 100.926222, 0, 1.20007572e-08, 1.20007572e-08, 4034.82574, 359572.366, -799.417296, 0.27, 3.332, 356336.957, -2.38418346, 101.290636, 0, 7.68484906e+17, 0, 0, 0, 0
18.5666667, 0, 0, 1.005e+19, 0, 8.96995636e-22, 3.718e+18, 6.44e+20, 4.85, 4, 1002.34459, 12.1073171, 0.0128088719, 10185.851, 0, 1.81227858e+18, 3.69030425e-36, 87.153398, -999.999975, -1000.79597, 1.005e+19, 3.09056704e-28, -0.702947296, 10185.851, 300.009748, 12.1073171, 12.1073171, 0.0128088719, 0.0128088719, 1.005e+19, 2.25689015e-51, 87.153398, 0.109289369, 86.8456773, -1.60544828, 3.53889294e-52, -1.59967341, 87.1335097, -1.95496543e-51, 86.8258794, 0, 1.20005537e-08, 1.20005537e-08, 3042.8126, 274489.73, -548.07128, 0.27, 3.332, 271994.988, -1.60544828, 87.1335097, 0, 7.68466604e+17, 0, 0, 0, 0
18.625, 0, 0, 1.005e+19, 0, 8.96161056e-22, 3.718e+18, 6.44e+20, 4.85, 4, 1002.34459, 12.1073171, 0.0128088719, 10182.5963, 0, 1.81225162e+18, 3.69030425e-36, 77.3513017, -999.999975, -1000.79597, 1.005e+19, 3.09056704e-28, -0.642865495, 10182.5962, 300.006772, 12.1073171, 12.1073171, 0.0128088719, 0.0128088719, 1.005e+19, 4.00355662e-52, 77.3513017, 0.108341218, 77.0764265, -1.43739342, 3.53889294e-52, -1.43161855, 77.3322003, -9.84309442e-53, 77.057418, 0, 1.20003847e-08, 1.20003847e-08, 2351.31249, 273798.23, -548.07128, 0.27, 3.332, 271994.988, -1.43739342, 77.3322003, 0, 7.68449741e+17, 0, 0, 0, 0
18.6916667, 0, 0, 1.005e+19, 0, 8.95697665e-22, 3.718e+18, 6.44e+20, 4.85, 4, 1002.3446, 12.1073171, 0.0128088719, 10179.1462, 0, 1.81223703e+18, 8.23005381e-38, 67.7642202, -999.999981, -1000.74356, 1.005e+19, 6.89262971e-30, -0.480395664, 10179.1462, 300.005118, 12.1073171, 12.1073171, 0.0128088719, 0.0128088719, 1.005e+19, 4.99229828e-53, 67.7642202, 0.107158396, 67.5276377, -1.00202897, 7.82610992e-54, -0.998085991, 67.753315, -4.32643271e-53, 67.5167873, 0, 1.20002907e-08, 1.20002907e-08, 1831.23002, 216389.539, -410.085869, 0.27, 3.332, 214968.395, -1.00202897, 67.753315, 0, 7.68440897e+17, 0, 0, 0, 0
18.75, 0, 0, 1.005e+19, 0, 8.95311837e-22, 3.718e+18, 6.44e+20, 4.85, 4, 1002.3446, 12.1073171, 0.0128088719, 10176.9402, 0, 1.81222455e+18, 8.23005381e-38, 61.1369746, -999.999981, -1000.74356, 1.005e+19, 6.89262971e-30, -0.443270958, 10176.9401, 300.00374, 12.1073171, 12.1073171, 0.0128088719, 0.0128088719, 1.005e+19, 8.86520192e-54, 61.1369746, 0.106416818, 60.9224962, -0.937094844, 7.82610992e-54, -0.933151868, 61.1262429, -2.20654617e-54, 60.9118198, 0, 1.20002124e-08, 1.20002124e-08, 1468.87901, 216027.188, -410.085869, 0.27, 3.332, 214968.395, -0.937094844, 61.1262429, 0, 7.6843309e+17, 0, 0, 0, 0
18.8166667, 0, 0, 1.005e+19, 0, 8.95078217e-22, 3.718e+18, 6.44e+20, 4.85, 4, 1002.3446, 12.1073171, 0.0128088719, 10174.535, 0, 1.81221776e+18, 1.84808055e-39, 54.4203829, -999.999985, -1000.69123, 1.005e+19, 1.54776971e-31, -0.34011889, 10174.535, 300.002905, 12.1073171, 12.1073171, 0.0128088719, 0.0128088719, 1.005e+19, 1.11363655e-54, 54.4203829, 0.105468365, 54.2325594, -0.671934407, 1.74544575e-55, -0.669156668, 54.4139338, -9.65450167e-55, 54.2261441, 0, 1.2000165e-08, 1.2000165e-08, 1177.04258, 175875.073, -324.155432, 0.27, 3.332, 175022.186, -0.671934407, 54.4139338, 0, 7.68428385e+17, 0, 0, 0, 0
18.875, 0, 0, 1.005e+19, 0, 8.94883151e-22, 3.718e+18, 6.44e+20, 4.85, 4, 1002.3446, 12.1073171, 0.0128088719, 10172.9837, 0, 1.81221145e+18, 1.84808055e-39, 49.7781632, -999.999985, -1000.69123, 1.005e+19, 1.54776971e-31, -0.316157199, 10172.9837, 300.002208, 12.1073171, 12.1073171, 0.0128088719, 0.0128088719, 1.005e+19, 1.97926773e-55, 49.7781632, 0.104877501, 49.6056835, -0.643444104, 1.74544575e-55, -0.640666366, 49.7717611, -4.97403853e-56, 49.5993152, 0, 1.20001254e-08, 1.20001254e-08, 973.771505, 175671.802, -324.155432, 0.27, 3.332, 175022.186, -0.643444104, 49.7717611, 0, 7.68424435e+17, 0, 0, 0, 0
18.9416667, 0, 0, 1.005e+19, 0, 8.94756901e-22, 3.718e+18, 6.44e+20, 4.85, 4, 1002.3446, 12.1073171, 0.0128088719, 10171.2543, 0, 1.81220816e+18, 4.17324276e-41, 44.927926, -999.999987, -1000.63898, 1.005e+19, 3.49510969e-33, -0.247321397, 10171.2543, 300.001757, 12.1073171, 12.1073171, 0.0128088719, 0.0128088719, 1.005e+19, 2.50113412e-56, 44.927926, 0.10410747, 44.7745393, -0.472060534, 3.91956045e-57, -0.470054947, 44.9239401, -2.16894885e-56, 44.7705747, 0, 1.20000998e-08, 1.20000998e-08, 800.185989, 146713.988, -266.192269, 0.27, 3.332, 146179.995, -0.472060534, 44.9239401, 0, 7.68421733e+17, 0, 0, 0, 0
19, 0, 0, 1.005e+19, 0, 8.946512e-22, 3.718e+18, 6.44e+20, 4.85, 4, 1002.3446, 12.1073171, 0.0128088719, 10170.1312, 0, 1.81220473e+18, 4.17324276e-41, 41.5761496, -999.999987, -1000.63898, 1.005e+19, 3.49510969e-33, -0.231000298, 10170.1312, 300.001379, 12.1073171, 12.1073171, 0.0128088719, 0.0128088719, 1.005e+19, 4.44845443e-57, 41.5761496, 0.103630763, 41.4337131, -0.458356872, 3.91956045e-57, -0.456351285, 41.5721784, -1.12660175e-57, 41.4297632, 0, 1.20000783e-08, 1.20000783e-08, 679.309672, 146593.112, -266.192269, 0.27, 3.332, 146179.995, -0.458356872, 41.5721784, 0, 7.68419592e+17, 0, 0, 0, 0
19.0666667, 0, 0, 1.005e+19, 0, 8.94579214e-22, 3.718e+18, 6.44e+20, 4.85, 4, 1002.34461, 12.1073171, 0.0128088719, 10168.8605, 0, 1.81220311e+18, 9.46777915e-43, 38.0038621, -999.999989, -1000.58678, 1.005e+19, 7.92932576e-35, -0.183199988, 10168.8604, 300.001122, 12.1073171, 12.1073171, 0.0128088719, 0.0128088719, 1.005e+19, 5.6486754e-58, 38.0038621, 0.103000158, 37.8753619, -0.341770729, 8.85112949e-59, -0.340297247, 38.001343, -4.89961989e-58, 37.8728564, 0, 1.20000637e-08, 1.20000637e-08, 571.390308, 125284.655, -225.282473, 0.27, 3.332, 124938.547, -0.341770729, 38.001343, 0, 7.68417947e+17, 0, 0, 0, 0
19.125, 0, 0, 1.005e+19, 0, 8.94518778e-22, 3.718e+18, 6.44e+20, 4.85, 4, 1002.34461, 12.1073171, 0.0128088719, 10168.0314, 0, 1.81220115e+18, 9.46777915e-43, 35.5353831, -999.999989, -1000.58678, 1.005e+19, 7.92932576e-35, -0.171738194, 10168.0314, 300.000905, 12.1073171, 12.1073171, 0.0128088719, 0.0128088719, 1.005e+19, 1.00526812e-58, 35.5353831, 0.102612222, 35.4148462, -0.334690816, 8.85112949e-59, -0.333217334, 35.5328691, -2.56212602e-59, 35.4123458, 0, 1.20000515e-08, 1.20000515e-08, 496.250786, 125209.515, -225.282473, 0.27, 3.332, 124938.547, -0.334690816, 35.5328691, 0, 7.68416723e+17, 0, 0, 0, 0
19.1916667, 0, 0, 1.005e+19, 0, 8.94475807e-22, 3.718e+18, 6.44e+20, 4.85, 4, 1002.34461, 12.1073171, 0.0128088719, 10167.0839, 0, 1.81220035e+18, 2.15638064e-44, 32.8635498, -999.99999, -1000.53464, 1.005e+19, 1.80598505e-36, -0.136987939, 10167.0839, 300.000752, 12.1073171, 12.1073171, 0.0128088719, 0.0128088719, 1.005e+19, 1.28163679e-59, 32.8635498, 0.102092275, 32.7533425, -0.251734037, 2.0080708e-60, -0.25064081, 32.8619516, -1.11190396e-59, 32.7517529, 0, 1.20000427e-08, 1.20000427e-08, 426.584461, 109284.01, -195.541933, 0.27, 3.332, 109052.967, -0.251734037, 32.8619516, 0, 7.68415671e+17, 0, 0, 0, 0
19.25, 0, 0, 1.005e+19, 0, 8.94439633e-22, 3.718e+18, 6.44e+20, 4.85, 4, 1002.34461, 12.1073171, 0.0128088719, 10166.4644, 0, 1.81219918e+18, 2.15638064e-44, 31.0174868, -999.99999, -1000.53464, 1.005e+19, 1.80598505e-36, -0.128484526, 10166.4644, 300.000623, 12.1073171, 12.1073171, 0.0128088719, 0.0128088719, 1.005e+19, 2.28205224e-60, 31.0174868, 0.101774432, 30.9131608, -0.247856725, 2.0080708e-60, -0.246763498, 31.0158905, -5.84723926e-61, 30.9115732, 0, 1.20000353e-08, 1.20000353e-08, 378.086952, 109235.513, -195.541933, 0.27, 3.332, 109052.967, -0.247856725, 31.0158905, 0, 7.68414938e+17, 0, 0, 0, 0
19.3166667, 0, 0, 1.005e+19, 0, 8.94413133e-22, 3.718e+18, 6.44e+20, 4.85, 4, 1002.34461, 12.1073171, 0.0128088719, 10165.7558, 0, 1.81219879e+18, 4.92781003e-46, 29.0156322, -999.999991, -1000.48254, 1.005e+19, 4.1270815e-38, -0.102235086, 10165.7558, 300.000528, 12.1073171, 12.1073171, 0.0128088719, 0.0128088719, 1.005e+19, 2.91928655e-61, 29.0156322, 0.101342758, 28.9189806, -0.186018099, 4.573625e-62, -0.185207819, 29.0146389, -2.53310151e-61, 28.9179926, 0, 1.20000299e-08, 1.20000299e-08, 332.087543, 97309.5096, -173.694325, 0.27, 3.332, 97151.1168, -0.186018099, 29.0146389, 0, 7.68414243e+17, 0, 0, 0, 0
19.375, 0, 0, 1.005e+19, 0, 8.94390764e-22, 3.718e+18, 6.44e+20, 4.85, 4, 1002.34461, 12.1073171, 0.0128088719, 10165.2929, 0, 1.81219807e+18, 4.92781003e-46, 27.6325203, -999.999991, -1000.48254, 1.005e+19, 4.1270815e-38, -0.095746624, 10165.2929, 300.000448, 12.1073171, 12.1073171, 0.0128088719, 0.0128088719, 1.005e+19, 5.20034899e-62, 27.6325203, 0.101080506, 27.5402251, -0.183774391, 4.573625e-62, -0.182964111, 27.6315278, -1.33849856e-62, 27.5392379, 0, 1.20000254e-08, 1.20000254e-08, 300.0675, 97277.4896, -173.694325, 0.27, 3.332, 97151.1168, -0.183774391, 27.6315278, 0, 7.6841379e+17, 0, 0, 0, 0
19.4416667, 0, 0, 1.005e+19, 0, 8.94374044e-22, 3.718e+18, 6.44e+20, 4.85, 4, 1002.34461, 12.1073171, 0.0128088719, 10164.7675, 0, 1.81219789e+18, 1.12935935e-47, 26.1427678, -999.999992, -1000.43049, 1.005e+19, 9.45848261e-40, -0.074931455, 10164.7675, 300.000388, 12.1073171, 12.1073171, 0.0128088719, 0.0128088719, 1.005e+19, 6.67163977e-63, 26.1427678, 0.100718763, 26.0561424, -0.135599689, 1.0451827e-63, -0.135008572, 26.1421817, -5.78990949e-63, 26.0555594, 0, 1.20000221e-08, 1.20000221e-08, 269.280708, 88406.2688, -157.661407, 0.27, 3.332, 88294.6496, -0.135599689, 26.1421817, 0, 7.68413322e+17, 0, 0, 0, 0
19.5, 0, 0, 1.005e+19, 0, 8.94359894e-22, 3.718e+18, 6.44e+20, 4.85, 4, 1002.34461, 12.1073171, 0.0128088719, 10164.4262, 0, 1.81219744e+18, 1.12935935e-47, 25.1135631, -999.999992, -1000.43049, 1.005e+19, 9.45848261e-40, -0.069676331, 10164.4262, 300.000337, 12.1073171, 12.1073171, 0.0128088719, 0.0128088719, 1.005e+19, 1.18893753e-63, 25.1135631, 0.100500257, 25.030148, -0.134233145, 1.0451827e-63, -0.133642028, 25.1129773, -3.07207248e-64, 25.0295653, 0, 1.20000192e-08, 1.20000192e-08, 247.852705, 88384.8408, -157.661407, 0.27, 3.332, 88294.6496, -0.134233145, 25.1129773, 0, 7.68413036e+17, 0, 0, 0, 0
19.5666667, 0, 0, 1.005e+19, 0, 8.94349337e-22, 3.718e+18, 6.44e+20, 4.85, 4, 1002.34461, 12.1073171, 0.0128088719, 10164.0484, 0, 1.81219737e+18, 2.59475026e-49, 24.0393262, -999.999993, -1000.37846, 1.005e+19, 2.17312659e-41, -0.0525193392, 10164.0484, 300.000299, 12.1073171, 12.1073171, 0.0128088719, 0.0128088719, 1.005e+19, 1.52908844e-64, 24.0393262, 0.100192717, 23.9599763, -0.0949015049, 2.39537164e-65, -0.0944880233, 24.0390152, -1.32717111e-64, 23.9596669, 0, 1.2000017e-08, 1.2000017e-08, 227.477532, 81989.5981, -146.206711, 0.27, 3.332, 81908.3269, -0.0949015049, 24.0390152, 0, 7.68412723e+17, 0, 0, 0, 0
19.625, 0, 0, 1.005e+19, 0, 8.9434038e-22, 3.718e+18, 6.44e+20, 4.85, 4, 1002.34461, 12.1073171, 0.0128088719, 10163.8063, 0, 1.81219708e+18, 2.59475026e-49, 23.2971752, -999.999993, -1000.37846, 1.005e+19, 2.17312659e-41, -0.0481472207, 10163.8063, 300.000268, 12.1073171, 12.1073171, 0.0128088719, 0.0128088719, 1.005e+19, 2.72589871e-65, 23.2971752, 0.100007871, 23.2201225, -0.0940193791, 2.39537164e-65, -0.0936058975, 23.2968643, -7.06725379e-66, 23.2198133, 0, 1.20000152e-08, 1.20000152e-08, 213.296133, 81975.4167, -146.206711, 0.27, 3.332, 81908.3269, -0.0940193791, 23.2968643, 0, 7.68412541e+17, 0, 0, 0, 0
19.6916667, 0, 0, 1.005e+19, 0, 8.94333918e-22, 3.718e+18, 6.44e+20, 4.85, 4, 1002.34461, 12.1073171, 0.0128088719, 10163.5523, 0, 1.81219706e+18, 5.97459515e-51, 22.5689191, -999.999993, -1000.32646, 1.005e+19, 5.00377798e-43, -0.0332421238, 10163.5523, 300.000245, 12.1073171, 12.1073171, 0.0128088719, 0.0128088719, 1.005e+19, 3.51328453e-66, 22.5689191, 0.0997404883, 22.4946109, -0.0603933188, 5.50349077e-67, -0.0601306708, 22.5687859, -3.04969287e-66, 22.4944785, 0, 1.20000139e-08, 1.20000139e-08, 200.352612, 77641.0514, -138.494969, 0.27, 3.332, 77579.1936, -0.0603933188, 22.5687859, 0, 7.68412341e+17, 0, 0, 0, 0
19.75, 0, 0, 1.005e+19, 0, 8.94328426e-22, 3.718e+18, 6.44e+20, 4.85, 4, 1002.34461, 12.1073171, 0.0128088719, 10163.3943, 0, 1.81219688e+18, 5.97459515e-51, 22.0658342, -999.999993, -1000.32646, 1.005e+19, 5.00377798e-43, -0.0293592611, 10163.3943, 300.000225, 12.1073171, 12.1073171, 0.0128088719, 0.0128088719, 1.005e+19, 6.26504918e-67, 22.0658342, 0.0995804487, 21.993075, -0.0597835327, 5.50349077e-67, -0.0595208847, 22.0657012, -1.62913258e-67, 21.9929426, 0, 1.20000128e-08, 1.20000128e-08, 191.344682, 77632.0434, -138.494969, 0.27, 3.332, 77579.1936, -0.0597835327, 22.0657012, 0, 7.6841223e+17, 0, 0, 0, 0
19.8166667, 0, 0, 1.005e+19, 0, 8.94324935e-22, 3.718e+18, 6.44e+20, 4.85, 4, 1002.34461, 12.1073171, 0.0128088719, 10163.2498, 0, 1.81219688e+18, 1.37907719e-52, 21.6451788, -999.999993, -1000.2745, 1.005e+19, 1.15498986e-44, -0.0158428141, 10163.2498, 300.000212, 12.1073171, 12.1073171, 0.0128088719, 0.0128088719, 1.005e+19, 8.08919279e-68, 21.6451788, 0.0993402506, 21.5740007, -0.0295326279, 1.26654731e-68, -0.0294049991, 21.6451462, -7.02316459e-68, 21.5739683, 0, 1.20000121e-08, 1.20000121e-08, 184.188507, 75128.5768, -134.053867, 0.27, 3.332, 75078.4421, -0.0295326279, 21.6451462, 0, 7.68412118e+17, 0, 0, 0, 0
19.875, 0, 0, 1.005e+19, 0, 8.94321963e-22, 3.718e+18, 6.44e+20, 4.85, 4, 1002.34461, 12.1073171, 0.0128088719, 10163.1674, 0, 1.81219678e+18, 1.37907719e-52, 21.354568, -999.999993, -1000.2745, 1.005e+19, 1.15498986e-44, -0.0122849617, 10163.1674, 300.000202, 12.1073171, 12.1073171, 0.0128088719, 0.0128088719, 1.005e+19, 1.44245495e-68, 21.354568, 0.0991972616, 21.2842813, -0.0290691842, 1.26654731e-68, -0.0289415554, 21.3545355, -3.76426759e-69, 21.2842489, 0, 1.20000115e-08, 1.20000115e-08, 179.207857, 75123.5961, -134.053867, 0.27, 3.332, 75078.4421, -0.0290691842, 21.3545355, 0, 7.68412058e+17, 0, 0, 0, 0
19.9416667, 0, 0, 1.005e+19, 0, 8.94320856e-22, 3.718e+18, 6.44e+20, 4.85, 4, 1002.34461, 12.1073171, 0.0128088719, 11362.6607, 0, 1.81219678e+18, 6.37048469e-54, 21.2158186, -999.999993, -1000.23211, 1.005e+19, 5.33533947e-46, -0.00575139214, 11362.6607, 300.000198, 12.1073171, 12.1073171, 0.0128088719, 0.0128088719, 1.005e+19, 2.13792755e-69, 21.2158186, 0.0989735586, 21.1460527, -0.0146145377, 5.58286768e-70, -0.0145512978, 21.2158105, -1.67198971e-69, 21.1460446, 0, 1.20000112e-08, 1.20000112e-08, 176.898646, 74298.0207, -132.592404, 0.27, 3.332, 74253.7141, -0.0146145377, 21.2158105, 0, 7.68412021e+17, 0, 0, 0, 0
20, 0, 0, 1.005e+19, 0, 8.94319912e-22, 3.718e+18, 6.44e+20, 4.85, 4, 1002.34461, 12.1073171, 0.0128088719, 11362.6374, 0, 1.81219675e+18, 6.37048469e-54, 21.1199779, -999.999993, -1000.23211, 1.005e+19, 5.33533947e-46, -0.00400096844, 11362.6374, 300.000194, 12.1073171, 12.1073171, 0.0128088719, 0.0128088719, 1.005e+19, 6.39985659e-70, 21.1199779, 0.098908642, 21.0505054, -0.0144079218, 5.58286768e-70, -0.0143446818, 21.1199699, -1.74047816e-70, 21.0504974, 0, 1.2000011e-08, 1.2000011e-08, 175.291865, 74296.4139, -132.592404, 0.27, 3.332, 74253.7141, -0.0144079218, 21.1199699, 0, 7.68412002e+17, 0, 0, 0, 0
