"depth", "composition x", "composition y", "donor conc", "acceptor conc", "ni", "nc", "nv", "eg", "electron affinity", "potential", "e- mobility", "h+ mobility", "electric field", "impact gen rate", "electron conc", "hole conc", "cond. current density", "electron qfl", "hole qfl", "net doping", "recombination rate", "e field x", "e field y", "lattice temperature", "e- mobility x", "e- mobility y", "h+ mobility x", "h+ mobility y", "total doping", "h+ current density", "e- current density", "current flowlines", "total current density", "je- x", "jh+ x", "jtot x", "je- y", "jh+ y", "jtot y", "seu generation rate", "e- srh tno", "h+ srh tno", "joule heat power", "total heat power", "rec heat power", "heat conductivity", "heat capacity", "peltier-thomson heat power", "cond current x", "cond current y", "ionized acceptor concentration", "ionized donor concentration", "e- ionization coefficient", "h+ ionization coefficient", "acceptor trap dos #1", "acceptor trap ionized density #1"
-0.42, 0, 0, 0, 0, 0, 0, 0, 0, 0, 335.065794, 0, 0, 444340.875, 0, 0, 0, 0, 0, 0, 0, 0, -443817.762, -21532.6324, 300, 0, 0, 0, 0, 0, 0, 0, 0.785011407, 192.672266, 0, 0, 192.276954, 0, 0, 12.1696025, 0, 0, 0, 0, 0, 0, 0.014, 3.066, 0, 0, 0, 0, 0, 0, 0, 0, 0
-0.405714286, 0, 0, 0, 0, 0, 0, 0, 0, 0, 335.094295, 0, 0, 445615.971, 0, 0, 0, 0, 0, 0, 0, 0, -444702.28, -27246.5149, 300, 0, 0, 0, 0, 0, 0, 0, 0.788118519, 193.655597, 0, 0, 192.754556, 0, 0, 16.3471184, 0, 0, 0, 0, 0, 0, 0.014, 3.066, 0, 0, 0, 0, 0, 0, 0, 0, 0
-0.37, 0, 0, 0, 0, 0, 0, 0, 0, 0, 335.180734, 0, 0, 450581.434, 0, 0, 0, 0, 0, 0, 0, 0, -448361.615, -44635.3737, 300, 0, 0, 0, 0, 0, 0, 0, 0.796477339, 196.522839, 0, 0, 194.890812, 0, 0, 24.9359062, 0, 0, 0, 0, 0, 0, 0.014, 3.066, 0, 0, 0, 0, 0, 0, 0, 0, 0
-0.355714286, 0, 0, 0, 0, 0, 0, 0, 0, 0, 335.266712, 0, 0, 448620.578, 0, 0, 0, 0, 0, 0, 0, 0, -444714.325, -56188.3444, 300, 0, 0, 0, 0, 0, 0, 0, 0.799044075, 200.049436, 0, 0, 196.304233, 0, 0, 33.8523596, 0, 0, 0, 0, 0, 0, 0.014, 3.066, 0, 0, 0, 0, 0, 0, 0, 0, 0
-0.32, 0, 0, 0, 0, 0, 0, 0, 0, 0, 335.528323, 0, 0, 446198.125, 0, 0, 0, 0, 0, 0, 0, 0, -436676.723, -91624.8006, 300, 0, 0, 0, 0, 0, 0, 0, 0.80585663, 209.693646, 0, 0, 202.860921, 0, 0, 52.3903922, 0, 0, 0, 0, 0, 0, 0.014, 3.066, 0, 0, 0, 0, 0, 0, 0, 0, 0
-0.305714286, 0, 0, 0, 0, 0, 0, 0, 0, 0, 335.673204, 0, 0, 442997.656, 0, 0, 0, 0, 0, 0, 0, 0, -430325.982, -103516.856, 300, 0, 0, 0, 0, 0, 0, 0, 0.808682553, 215.899292, 0, 0, 205.127934, 0, 0, 62.9185868, 0, 0, 0, 0, 0, 0, 0.014, 3.066, 0, 0, 0, 0, 0, 0, 0, 0, 0
-0.27, 0, 0, 0, 0, 0, 0, 0, 0, 0, 336.11714, 0, 0, 439557.743, 0, 0, 0, 0, 0, 0, 0, 0, -416367.887, -140808.792, 300, 0, 0, 0, 0, 0, 0, 0, 0.816070851, 233.239486, 0, 0, 216.568423, 0, 0, 85.4694101, 0, 0, 0, 0, 0, 0, 0.014, 3.066, 0, 0, 0, 0, 0, 0, 0, 0, 0
-0.255714286, 0, 0, 0, 0, 0, 0, 0, 0, 0, 336.323287, 0, 0, 435204.28, 0, 0, 0, 0, 0, 0, 0, 0, -406808.87, -153203.282, 300, 0, 0, 0, 0, 0, 0, 0, 0.819217435, 242.714249, 0, 0, 219.449535, 0, 0, 98.788361, 0, 0, 0, 0, 0, 0, 0.014, 3.066, 0, 0, 0, 0, 0, 0, 0, 0, 0
-0.22, 0, 0, 0, 0, 0, 0, 0, 0, 0, 336.962425, 0, 0, 431621.131, 0, 0, 0, 0, 0, 0, 0, 0, -385746.497, -193563.28, 300, 0, 0, 0, 0, 0, 0, 0, 0.827279522, 270.16349, 0, 0, 236.60901, 0, 0, 128.743688, 0, 0, 0, 0, 0, 0, 0.014, 3.066, 0, 0, 0, 0, 0, 0, 0, 0, 0
-0.205714286, 0, 0, 0, 0, 0, 0, 0, 0, 0, 337.233002, 0, 0, 427448.977, 0, 0, 0, 0, 0, 0, 0, 0, -370423.328, -210659.46, 300, 0, 0, 0, 0, 0, 0, 0, 0.830701242, 282.763037, 0, 0, 237.098625, 0, 0, 147.24698, 0, 0, 0, 0, 0, 0, 0.014, 3.066, 0, 0, 0, 0, 0, 0, 0, 0, 0
-0.17, 0, 0, 0, 0, 0, 0, 0, 0, 0, 338.087587, 0, 0, 431032.296, 0, 0, 0, 0, 0, 0, 0, 0, -338389.97, -266965.561, 300, 0, 0, 0, 0, 0, 0, 0, 0.839373888, 321.190539, 0, 0, 255.8408, 0, 0, 191.69196, 0, 0, 0, 0, 0, 0, 0.014, 3.066, 0, 0, 0, 0, 0, 0, 0, 0, 0
-0.141428624, 0, 0, 0, 0, 0, 0, 0, 0, 0, 338.881552, 0, 0, 420695.779, 0, 0, 0, 0, 0, 0, 0, 0, -292209.379, -298724.93, 300.000003, 0, 0, 0, 0, 0, 0, 0, 0.844779578, 369.617668, 0, 0, 278.090652, 0, 0, 240.615703, 0, 0, 0, 0, 0, 0, 0.014, 3.066, 0, 0, 0, 0, 0, 0, 0, 0, 0
-0.12, 0, 0, 0, 0, 0, 0, 0, 0, 0, 339.533487, 0, 0, 418564.432, 0, 0, 0, 0, 0, 0, 0, 0, -255067.425, -331830.757, 300.000006, 0, 0, 0, 0, 0, 0, 0, 0.84949787, 413.3062, 0, 0, 299.89232, 0, 0, 283.948937, 0, 0, 0, 0, 0, 0, 0.014, 3.066, 0, 0, 0, 0, 0, 0, 0, 0, 0
-0.0771427527, 0, 0, 0, 0, 0, 0, 0, 0, 0, 341.100521, 0, 0, 429930.176, 0, 0, 0, 0, 0, 0, 0, 0, -164758.423, -394557.065, 300.000446, 0, 0, 0, 0, 0, 0, 0, 0.854100948, 540.196452, 0, 0, 305.14398, 0, 0, 444.578599, 0, 0, 0, 0, 0, 0, 0.014, 3.066, 0, 0, 0, 0, 0, 0, 0, 0, 0
-0.07, 0, 0, 0, 0, 0, 0, 0, 0, 0, 341.341045, 0, 0, 430271.818, 0, 0, 0, 0, 0, 0, 0, 0, -146370.94, -404511.498, 300.000516, 0, 0, 0, 0, 0, 0, 0, 0.855032138, 557.537215, 0, 0, 300.734399, 0, 0, 469.207868, 0, 0, 0, 0, 0, 0, 0.014, 3.066, 0, 0, 0, 0, 0, 0, 0, 0, 0
-0.0557145992, 0, 0, 0, 0, 0, 0, 0, 0, 0, 341.94284, 0, 0, 433379.498, 0, 0, 0, 0, 0, 0, 0, 0, -128501.575, -412252.184, 300.009538, 0, 0, 0, 0, 0, 0, 0, 0.855567061, 576.938019, 0, 0, 266.263263, 0, 0, 504.858755, 0, 0, 0, 0, 0, 0, 0.014, 3.066, 0, 0, 0, 0, 0, 0, 0, 0, 0
-0.02, 0, 0, 0, 0, 0, 0, 0, 0, 0, 343.521264, 0, 0, 438157.306, 0, 0, 0, 0, 0, 0, 0, 0, -37720.9359, -435988.965, 300.032891, 0, 0, 0, 0, 0, 0, 0, 0.857491872, 644.514262, 0, 0, 199.253979, 0, 0, 612.595132, 0, 0, 0, 0, 0, 0, 0.014, 3.066, 0, 0, 0, 0, 0, 0, 0, 0, 0
-0.02, 0, 0, 0, 0, 0, 0, 0, 0, 0, 343.521264, 0, 0, 74584.4096, 0, 0, 0, 0, 0, 0, 0, 0, -21078.1174, -71529.4608, 300.032891, 0, 0, 0, 0, 0, 0, 0, 0.857491872, 644.514262, 0, 0, 199.253979, 0, 0, 612.595132, 0, 0, 0, 0, 0, 0, 0.023, 4.01281937, 0, 0, 0, 0, 0, 0, 0, 0, 0
-0.0185714599, 0, 0, 0, 0, 0, 0, 0, 0, 0, 343.531214, 0, 0, 75250.415, 0, 0, 0, 0, 0, 0, 0, 0, -20622.6364, -72326.0673, 300.044897, 0, 0, 0, 0, 0, 0, 0, 0.858297238, 765.440108, 0, 0, 322.427159, 0, 0, 686.763659, 0, 0, 0, 0, 0, 0, 0.023, 4.01283455, 0, 0, 0, 0, 0, 0, 0, 0, 0
-0.015, 0, 0, 0, 0, 0, 0, 0, 0, 0, 343.557802, 0, 0, 77308.8732, 0, 0, 0, 0, 0, 0, 0, 0, -19422.3851, -74816.0522, 300.075746, 0, 0, 0, 0, 0, 0, 0, 0.859919342, 1221.97233, 0, 0, 762.340055, 0, 0, 953.895644, 0, 0, 0, 0, 0, 0, 0.023, 4.01287356, 0, 0, 0, 0, 0, 0, 0, 0, 0
-0.0135714599, 0, 0, 0, 0, 0, 0, 0, 0, 0, 343.568152, 0, 0, 77832.6578, 0, 0, 0, 0, 0, 0, 0, 0, -18305.5248, -75569.6277, 300.091693, 0, 0, 0, 0, 0, 0, 0, 0.86046421, 1237.40433, 0, 0, 729.070837, 0, 0, 991.138059, 0, 0, 0, 0, 0, 0, 0.023, 4.01289372, 0, 0, 0, 0, 0, 0, 0, 0, 0
-0.01, 0, 0, 0, 0, 0, 0, 0, 0, 0, 343.596124, 0, 0, 79606.6645, 0, 0, 0, 0, 0, 0, 0, 0, -14969.5384, -78177.8489, 300.132866, 0, 0, 0, 0, 0, 0, 0, 0.861826271, 1288.51944, 0, 0, 616.80078, 0, 0, 1130.73096, 0, 0, 0, 0, 0, 0, 0.023, 4.01294575, 0, 0, 0, 0, 0, 0, 0, 0, 0
-0.00857145992, 0, 0, 0, 0, 0, 0, 0, 0, 0, 343.606805, 0, 0, 80025.5635, 0, 0, 0, 0, 0, 0, 0, 0, -13696.867, -78771.7361, 300.154385, 0, 0, 0, 0, 0, 0, 0, 0.86238231, 1299.05699, 0, 0, 572.977308, 0, 0, 1158.93636, 0, 0, 0, 0, 0, 0, 0.023, 4.01297294, 0, 0, 0, 0, 0, 0, 0, 0, 0
-0.005, 0, 0, 0, 0, 0, 0, 0, 0, 0, 343.635925, 0, 0, 81424.0162, 0, 0, 0, 0, 0, 0, 0, 0, -9782.68605, -80829.5368, 300.210421, 0, 0, 0, 0, 0, 0, 0, 0.863774868, 1336.1659, 0, 0, 420.118675, 0, 0, 1268.17378, 0, 0, 0, -9.64039009e-06, -0.000356093799, -0.000332408132, 0.023, 4.01304374, -1.40452763e-05, 0, 0, 0, 0, 0, 0, 0, 0
-0.00357145992, 0, 0, 0, 0, 0, 0, 0, 0, 0, 343.646845, 0, 0, 82259.0537, 0, 0, 0, 0, 0, 0, 0, 0, -8932.0746, -81737.0845, 300.239654, 0, 0, 0, 0, 0, 0, 0, 0.862098576, 1208.74478, 0, 0, 353.14314, 0, 0, 1152.45061, 0, 0, 0, 17622275.5, 650926257, 607629735, 0.023, 4.01308066, 25674244.1, 0, 0, 0, 0, 0, 0, 0, 0
0, 0, 0, 0, 0, 0, 0, 0, 0, 0, 343.676792, 0, 0, 84924.58, 0, 0, 0, 0, 0, 0, 0, 0, -6281.92877, -84689.3665, 300.316832, 0, 0, 0, 0, 0, 0, 0, 0.858226264, 808.407763, 0, 0, 111.839173, 0, 0, 800.610222, 0, 0, 0, 78685693.6, 2.4122972e+09, 2.20981221e+09, 0.023, 4.0131781, 123799292, 0, 0, 0, 0, 0, 0, 0, 0
0, 0, 0, 5e+16, 0, 9.93875182e-22, 3.718e+18, 6.44e+20, 4.84965604, 4, 343.676792, 96.4, 0.866667, 5150.68578, 0, 1.06925334e+19, 1.30834841e+19, 55772.0571, -341.265819, -346.067385, 5e+16, 1.09016994e+27, -3377.89456, -3874.92847, 300.316832, 96.4, 96.4, 0.866667, 0.866667, 5e+16, 5484.59203, 50350.6334, 0.858226264, 55870.5991, -50294.5234, -5449.88516, -55856.261, 2371.6124, -615.705178, 1263.72626, 0, 1.20180001e-08, 1.20180001e-08, 78685693.6, 2.4122972e+09, 2.20981221e+09, 0.27, 3.332, 123799292, -55744.4085, 1755.90722, 0, 3.20293348e+14, 0, 0, 0, 0
0.00267851265, 0, 0, 5e+16, 0, 9.95519659e-22, 3.718e+18, 6.44e+20, 4.84965064, 4, 343.67777, 96.4, 0.866667, 4810.92259, 0, 1.08977984e+19, 1.26576441e+19, 66091.7616, -341.265814, -346.067493, 5e+16, 1.08121489e+27, -3334.7263, -3464.61035, 300.321802, 96.4, 96.4, 0.866667, 0.866667, 5e+16, 5797.49399, 60382.5093, 0.853754239, 66180.6374, -60262.2374, -5752.18755, -66113.749, 3708.0698, -712.137426, 2615.0292, 0, 1.20182825e-08, 1.20182825e-08, 78337353.7, 2.38400781e+09, 2.18788517e+09, 0.27, 3.332, 117785289, -66014.4248, 2995.93237, 0, 3.08439627e+14, 0, 0, 0, 0
0.009375, 0, 0, 5e+16, 0, 9.99882822e-22, 3.718e+18, 6.44e+20, 4.84963638, 4, 343.680579, 96.4, 0.866667, 3947.63592, 0, 1.15191726e+19, 1.15500754e+19, 90597.2253, -341.265801, -346.067896, 5e+16, 1.06160416e+27, -3146.50385, -2375.58326, 300.334931, 96.4, 96.4, 0.866667, 0.866667, 5e+16, 6911.59008, 83869.3286, 0.843239431, 90646.1545, -83566.396, -6828.8146, -90446.3013, 7112.63318, -1066.22248, 6015.69025, 0, 1.20190285e-08, 1.20190285e-08, 72117150.7, 2.28747113e+09, 2.11718256e+09, 0.27, 3.332, 98171414.8, -90395.2106, 6046.4107, 0, 2.76807117e+14, 0, 0, 0, 0
0.0120535127, 0, 0, 5e+16, 0, 1.00119489e-21, 3.718e+18, 6.44e+20, 4.8496321, 4, 343.680683, 96.4, 0.866667, 3643.10488, 0, 1.1545273e+19, 1.15705622e+19, 91005.5363, -341.265786, -346.06804, 5e+16, 1.06644503e+27, -3063.71174, -1887.05139, 300.338876, 96.4, 96.4, 0.866667, 0.866667, 5e+16, 6785.84506, 84439.8384, 0.8363001, 91052.7295, -83924.9252, -6695.62416, -90669.8629, 8995.78912, -1095.68549, 7873.57849, 0, 1.20192527e-08, 1.20192527e-08, 71764635, 2.276777e+09, 2.10881813e+09, 0.27, 3.332, 96194234.1, -90620.5494, 7900.10364, 0, 2.75561749e+14, 0, 0, 0, 0
0.01875, 0, 0, 5e+16, 0, 1.00460685e-21, 3.718e+18, 6.44e+20, 4.84962101, 4, 343.681066, 96.4, 0.866667, 2789.67281, 0, 1.16397788e+19, 1.16485583e+19, 92306.9873, -341.265746, -346.068582, 5e+16, 1.08302584e+27, -2741.05938, -518.519019, 300.349088, 96.4, 96.4, 0.866667, 0.866667, 5e+16, 6300.70596, 86368.1962, 0.819907773, 92346.3526, -85273.8129, -6184.28961, -91499.5704, 13694.0868, -1205.34216, 12476.0521, 0, 1.20198331e-08, 1.20198331e-08, 68279108, 2.23048564e+09, 2.07341348e+09, 0.27, 3.332, 88793045.3, -91458.1025, 12488.7446, 0, 2.71161078e+14, 0, 0, 0, 0
0.0214285127, 0, 0, 5e+16, 0, 1.00561805e-21, 3.718e+18, 6.44e+20, 4.84961771, 4, 343.681161, 96.4, 0.866667, 2729.66499, 0, 1.16660123e+19, 1.16746306e+19, 92792.4152, -341.265721, -346.06873, 5e+16, 1.08843665e+27, -2682.17514, -506.956351, 300.352117, 96.4, 96.4, 0.866667, 0.866667, 5e+16, 6165.92628, 87014.0963, 0.812916161, 92830.1339, -85623.164, -6048.0693, -91711.2184, 15383.3005, -1198.05618, 14172.8363, 0, 1.20200052e-08, 1.20200052e-08, 68042834.9, 2.22014873e+09, 2.06607631e+09, 0.27, 3.332, 86029579, -91671.2333, 14185.2443, 0, 2.69938647e+14, 0, 0, 0, 0
0.028125, 0, 0, 5e+16, 0, 1.00820233e-21, 3.718e+18, 6.44e+20, 4.84960935, 4, 343.681518, 96.4, 0.866667, 2502.29567, 0, 1.176015e+19, 1.17681212e+19, 94363.5208, -341.265659, -346.069283, 5e+16, 1.1065959e+27, -2458.1312, -468.054051, 300.35982, 96.4, 96.4, 0.866667, 0.866667, 5e+16, 5681.82057, 89164.7293, 0.796305527, 94394.7767, -87011.8224, -5560.3911, -92606.2279, 19466.4866, -1168.02216, 18287.5848, 0, 1.20204429e-08, 1.20204429e-08, 65342565.9, 2.17891169e+09, 2.03659464e+09, 0.27, 3.332, 76974479.5, -92572.2136, 18298.4645, 0, 2.65654271e+14, 0, 0, 0, 0
0.0308035127, 0, 0, 5e+16, 0, 1.00895164e-21, 3.718e+18, 6.44e+20, 4.84960692, 4, 343.6816, 96.4, 0.866667, 2445.60683, 0, 1.17854919e+19, 1.17933678e+19, 94813.8679, -341.265627, -346.069418, 5e+16, 1.11188099e+27, -2403.78473, -450.074721, 300.362057, 96.4, 96.4, 0.866667, 0.866667, 5e+16, 5551.39867, 89754.1084, 0.78927526, 94843.9121, -87264.1291, -5434.47263, -92731.4848, 20940.5013, -1133.2924, 19796.72, 0, 1.202057e-08, 1.202057e-08, 65178889.2, 2.17053076e+09, 2.03085231e+09, 0.27, 3.332, 74499559.1, -92698.6018, 19807.2089, 0, 2.64501665e+14, 0, 0, 0, 0
0.0375, 0, 0, 5e+16, 0, 1.0108403e-21, 3.718e+18, 6.44e+20, 4.84960082, 4, 343.681913, 96.4, 0.866667, 2242.88884, 0, 1.18743406e+19, 1.18818122e+19, 96277.2504, -341.265547, -346.069916, 5e+16, 1.12935412e+27, -2209.08047, -387.954571, 300.36767, 96.4, 96.4, 0.866667, 0.866667, 5e+16, 5109.91637, 91691.9005, 0.772464609, 96302.9446, -88392.7373, -5008.38079, -93429.783, 24369.9229, -1013.18855, 23348.0183, 0, 1.2020889e-08, 1.2020889e-08, 63188370, 2.1389654e+09, 2.0089914e+09, 0.27, 3.332, 66785628.4, -93401.1181, 23356.7343, 0, 2.60548809e+14, 0, 0, 0, 0
0.0401785127, 0, 0, 5e+16, 0, 1.01136725e-21, 3.718e+18, 6.44e+20, 4.84959912, 4, 343.681974, 96.4, 0.866667, 2192.43177, 0, 1.18967246e+19, 1.19041211e+19, 96594.1758, -341.265508, -346.070024, 5e+16, 1.13406537e+27, -2161.91579, -362.622412, 300.36924, 96.4, 96.4, 0.866667, 0.866667, 5e+16, 4992.01465, 92119.0641, 0.765429949, 96619.0459, -88468.3271, -4898.96928, -93395.1483, 25640.7277, -958.607539, 24673.8396, 0, 1.20209782e-08, 1.20209782e-08, 63014057, 2.13270891e+09, 2.0049264e+09, 0.27, 3.332, 64768461.6, -93367.2963, 24682.1202, 0, 2.59554313e+14, 0, 0, 0, 0
0.046875, 0, 0, 5e+16, 0, 1.01268023e-21, 3.718e+18, 6.44e+20, 4.84959489, 4, 343.682219, 96.4, 0.866667, 2020.64763, 0, 1.19739866e+19, 1.19810774e+19, 97633.5857, -341.265412, -346.070431, 5e+16, 1.14951706e+27, -2001.08288, -280.380824, 300.373134, 96.4, 96.4, 0.866667, 0.866667, 5e+16, 4611.54124, 93520.1666, 0.748508699, 97655.7047, -89078.7873, -4544.65488, -93648.44, 28476.3361, -782.404347, 27687.3922, 0, 1.20211995e-08, 1.20211995e-08, 61395462.5, 2.11021295e+09, 1.99021224e+09, 0.27, 3.332, 58605241, -93623.4422, 27693.9318, 0, 2.56187569e+14, 0, 0, 0, 0
0.0495535127, 0, 0, 5e+16, 0, 1.01302324e-21, 3.718e+18, 6.44e+20, 4.84959378, 4, 343.682255, 96.4, 0.866667, 1978.54684, 0, 1.19919014e+19, 1.19989373e+19, 97759.7704, -341.265367, -346.070504, 5e+16, 1.15331595e+27, -1961.77742, -249.917158, 300.374154, 96.4, 96.4, 0.866667, 0.866667, 5e+16, 4511.06392, 93727.3312, 0.741521007, 97781.3658, -88926.8388, -4453.32381, -93404.6036, 29578.9387, -713.17349, 28859.6626, 0, 1.20212575e-08, 1.20212575e-08, 61145229.6, 2.10585082e+09, 1.98761588e+09, 0.27, 3.332, 57089714.6, -93380.1626, 28865.7653, 0, 2.5540775e+14, 0, 0, 0, 0
0.05625, 0, 0, 5e+16, 0, 1.01386794e-21, 3.718e+18, 6.44e+20, 4.84959106, 4, 343.682418, 96.4, 0.866667, 1839.54443, 0, 1.20536576e+19, 1.20604764e+19, 98195.6559, -341.265258, -346.070796, 5e+16, 1.16584105e+27, -1832.81566, -155.938729, 300.376655, 96.4, 96.4, 0.866667, 0.866667, 5e+16, 4196.9581, 94425.4378, 0.724636599, 98215.6051, -88854.6164, -4166.97591, -93044.1692, 31953.2901, -500.647339, 31448.1389, 0, 1.20213996e-08, 1.20213996e-08, 59598457.6, 2.09071164e+09, 1.97874688e+09, 0.27, 3.332, 52366308.2, -93021.5922, 31452.6427, 0, 2.52762439e+14, 0, 0, 0, 0
0.0589285127, 0, 0, 5e+16, 0, 1.01406511e-21, 3.718e+18, 6.44e+20, 4.84959043, 4, 343.682423, 96.4, 0.866667, 1807.3119, 0, 1.20659418e+19, 1.20727255e+19, 98118.9015, -341.265209, -346.070826, 5e+16, 1.16845964e+27, -1801.14805, -121.308179, 300.377241, 96.4, 96.4, 0.866667, 0.866667, 5e+16, 4118.14069, 94401.8098, 0.717756618, 98138.5625, -88457.1682, -4093.41316, -92572.807, 32933.9672, -419.334891, 32510.5678, 0, 1.20214329e-08, 1.20214329e-08, 59250751, 2.08796347e+09, 1.97735633e+09, 0.27, 3.332, 51356388, -92550.5813, 32514.6323, 0, 2.52236356e+14, 0, 0, 0, 0
0.065625, 0, 0, 5e+16, 0, 1.01454364e-21, 3.718e+18, 6.44e+20, 4.84958888, 4, 343.682495, 96.4, 0.866667, 1700.74924, 0, 1.21095379e+19, 1.21161832e+19, 97924.382, -341.26509, -346.070991, 5e+16, 1.17739679e+27, -1700.24537, -18.5235382, 300.378657, 96.4, 96.4, 0.866667, 0.866667, 5e+16, 3872.28504, 94384.711, 0.701088308, 97943.1977, -87649.0263, -3867.75079, -91537.8781, 35015.8878, -178.846217, 34834.4856, 0, 1.20215134e-08, 1.20215134e-08, 57640114.1, 2.07868345e+09, 1.97309781e+09, 0.27, 3.332, 47945521.6, -91516.7771, 34837.0416, 0, 2.50392234e+14, 0, 0, 0, 0
0.0683035127, 0, 0, 5e+16, 0, 1.01463439e-21, 3.718e+18, 6.44e+20, 4.84958859, 4, 343.682466, 96.4, 0.866667, 1680.12135, 0, 1.21151742e+19, 1.21218041e+19, 97670.8825, -341.265036, -346.070973, 5e+16, 1.17860122e+27, -1675.85742, 20.3248691, 300.378926, 96.4, 96.4, 0.866667, 0.866667, 5e+16, 3820.46675, 94157.1381, 0.694377552, 97689.6175, -87019.0235, -3811.30976, -90851.2608, 35918.8146, -85.7966866, 35830.9295, 0, 1.20215287e-08, 1.20215287e-08, 57219477, 2.07738796e+09, 1.97272577e+09, 0.27, 3.332, 47442712.5, -90830.3333, 35833.018, 0, 2.5015373e+14, 0, 0, 0, 0
0.075, 0, 0, 5e+16, 0, 1.01485175e-21, 3.718e+18, 6.44e+20, 4.8495879, 4, 343.682439, 96.4, 0.866667, 1606.48262, 0, 1.21383857e+19, 1.21449507e+19, 96949.535, -341.264907, -346.070995, 5e+16, 1.18339306e+27, -1599.88878, 132.560895, 300.379569, 96.4, 96.4, 0.866667, 0.866667, 5e+16, 3646.73497, 93536.6155, 0.67810609, 96968.1012, -85529.4931, -3640.26338, -89190.1724, 37864.9626, 182.254701, 38046.6671, 0, 1.20215652e-08, 1.20215652e-08, 55586641.6, 2.07316781e+09, 1.97227914e+09, 0.27, 3.332, 45302025.7, -89169.7565, 38047.2173, 0, 2.49179143e+14, 0, 0, 0, 0
0.0776785127, 0, 0, 5e+16, 0, 1.01487848e-21, 3.718e+18, 6.44e+20, 4.84958781, 4, 343.682372, 96.4, 0.866667, 1599.77762, 0, 1.21363244e+19, 1.21428951e+19, 96568.5241, -341.264849, -346.070923, 5e+16, 1.18295247e+27, -1582.65746, 176.476764, 300.379649, 96.4, 96.4, 0.866667, 0.866667, 5e+16, 3628.95456, 93153.1983, 0.671619477, 96587.2238, -84701.6315, -3600.73375, -88322.7804, 38721.0112, 288.523807, 39009.5231, 0, 1.20215697e-08, 1.20215697e-08, 55150563.1, 2.07336354e+09, 1.97288881e+09, 0.27, 3.332, 45324171.8, -88302.3653, 39009.535, 0, 2.49266642e+14, 0, 0, 0, 0
0.084375, 0, 0, 5e+16, 0, 1.01494898e-21, 3.718e+18, 6.44e+20, 4.84958758, 4, 343.682236, 96.4, 0.866667, 1561.84497, 0, 1.21367601e+19, 1.21433399e+19, 95497.8994, -341.264711, -346.070787, 5e+16, 1.18304313e+27, -1530.06164, 301.210337, 300.379857, 96.4, 96.4, 0.866667, 0.866667, 5e+16, 3536.06498, 92106.595, 0.655901246, 95517.1236, -82658.3952, -3481.16075, -86160.0448, 40634.2336, 589.397964, 41225.3448, 0, 1.20215816e-08, 1.20215816e-08, 53660056.1, 2.07423539e+09, 1.97605709e+09, 0.27, 3.332, 44518249.4, -86139.556, 41223.6316, 0, 2.49249256e+14, 0, 0, 0, 0
0.0870535127, 0, 0, 5e+16, 0, 1.0149585e-21, 3.718e+18, 6.44e+20, 4.84958755, 4, 343.682125, 96.4, 0.866667, 1571.85142, 0, 1.21257578e+19, 1.21323681e+19, 95043.627, -341.264648, -346.070653, 5e+16, 1.18070271e+27, -1520.28323, 351.797304, 300.379885, 96.4, 96.4, 0.866667, 0.866667, 5e+16, 3560.09721, 91618.3549, 0.649682671, 95063.2427, -81675.9965, -3459.15902, -85155.8331, 41455.6964, 712.073714, 42170.1545, 0, 1.20215832e-08, 1.20215832e-08, 53282796.2, 2.07622186e+09, 1.97782841e+09, 0.27, 3.332, 45110650.4, -85135.1555, 42167.7702, 0, 2.49714805e+14, 0, 0, 0, 0
0.09375, 0, 0, 5e+16, 0, 1.01501016e-21, 3.718e+18, 6.44e+20, 4.84958739, 4, 343.681865, 96.4, 0.866667, 1575.35987, 0, 1.2100371e+19, 1.21070739e+19, 93808.5493, -341.2645, -346.070339, 5e+16, 1.17545682e+27, -1491.33777, 494.176823, 300.380038, 96.4, 96.4, 0.866667, 0.866667, 5e+16, 3562.81052, 90322.1556, 0.634635468, 93829.5232, -79229.0304, -3391.41554, -82641.836, 43368.0376, 1055.90526, 44428.4455, 0, 1.20215918e-08, 1.20215918e-08, 52156968.6, 2.08313301e+09, 1.98516746e+09, 0.27, 3.332, 45808578.9, -82620.4459, 44423.9429, 0, 2.50788225e+14, 0, 0, 0, 0
0.0964285127, 0, 0, 5e+16, 0, 1.01505527e-21, 3.718e+18, 6.44e+20, 4.84958724, 4, 343.681704, 96.4, 0.866667, 1605.08681, 0, 1.20788185e+19, 1.20855837e+19, 93326.2553, -341.264434, -346.070131, 5e+16, 1.17091238e+27, -1489.88083, 553.96139, 300.380171, 96.4, 96.4, 0.866667, 0.866667, 5e+16, 3635.5296, 89768.7718, 0.628716786, 93347.9687, -78132.1724, -3388.69097, -81542.6745, 44149.7462, 1200.12108, 45355.2685, 0, 1.20215995e-08, 1.20215995e-08, 51922455.9, 2.08756922e+09, 1.98859086e+09, 0.27, 3.332, 47055907.4, -81520.8634, 45349.8672, 0, 2.51708055e+14, 0, 0, 0, 0
0.103125, 0, 0, 5e+16, 0, 1.01523356e-21, 3.718e+18, 6.44e+20, 4.84958667, 4, 343.681301, 96.4, 0.866667, 1659.19291, 0, 1.20234097e+19, 1.20303725e+19, 92069.7179, -341.264276, -346.069608, 5e+16, 1.15954204e+27, -1486.99291, 721.768818, 300.380698, 96.4, 96.4, 0.866667, 0.866667, 5e+16, 3755.01607, 88349.6707, 0.614418597, 92093.9129, -75410.4843, -3377.16305, -78810.9516, 46031.3373, 1602.59528, 47642.1491, 0, 1.20216295e-08, 1.20216295e-08, 51415612, 2.10262579e+09, 2.00166748e+09, 0.27, 3.332, 49542692.7, -78787.6473, 47633.9326, 0, 2.54083258e+14, 0, 0, 0, 0
0.105803513, 0, 0, 5e+16, 0, 1.01537497e-21, 3.718e+18, 6.44e+20, 4.84958622, 4, 343.681078, 96.4, 0.866667, 1712.15603, 0, 1.19891172e+19, 1.19961866e+19, 91589.0893, -341.264205, -346.06931, 5e+16, 1.15241315e+27, -1495.5382, 794.630052, 300.381118, 96.4, 96.4, 0.866667, 0.866667, 5e+16, 3882.55436, 87752.314, 0.608821178, 91614.5341, -74228.7206, -3397.0218, -77649.7807, 46755.4986, 1776.0954, 48541.0901, 0, 1.20216533e-08, 1.20216533e-08, 51427492.4, 2.11071884e+09, 2.00770306e+09, 0.27, 3.332, 51588286, -77625.7424, 48531.594, 0, 2.55573021e+14, 0, 0, 0, 0
0.1125, 0, 0, 5e+16, 0, 1.01584746e-21, 3.718e+18, 6.44e+20, 4.84958469, 4, 343.680504, 96.4, 0.866667, 1830.44361, 0, 1.18977101e+19, 1.19051222e+19, 90393.6286, -341.264035, -346.068536, 5e+16, 1.13390218e+27, -1523.95703, 999.693408, 300.382514, 96.4, 96.4, 0.866667, 0.866667, 5e+16, 4147.14869, 86267.1813, 0.595317941, 90423.2046, -71317.7289, -3451.27331, -74795.5862, 48536.5241, 2260.55286, 50810.5763, 0, 1.20217326e-08, 1.20217326e-08, 51867073.7, 2.13775824e+09, 2.02957777e+09, 0.27, 3.332, 56313392.9, -74769.0022, 50797.077, 0, 2.59585577e+14, 0, 0, 0, 0
0.115178513, 0, 0, 5e+16, 0, 1.01615647e-21, 3.718e+18, 6.44e+20, 4.8495837, 4, 343.680206, 96.4, 0.866667, 1911.93363, 0, 1.1847603e+19, 1.18551883e+19, 89929.1102, -341.26396, -346.068126, 5e+16, 1.12370169e+27, -1545.4379, 1091.67198, 300.383431, 96.4, 96.4, 0.866667, 0.866667, 5e+16, 4337.90273, 85627.4854, 0.590055436, 89960.7343, -70067.5501, -3499.27338, -73594.5986, 49177.7094, 2474.90604, 51668.0352, 0, 1.20217847e-08, 1.20217847e-08, 52283180, 2.15161127e+09, 2.03993528e+09, 0.27, 3.332, 59392815.3, -73566.8235, 51652.6155, 0, 2.61825536e+14, 0, 0, 0, 0
0.121875, 0, 0, 5e+16, 0, 1.01711955e-21, 3.718e+18, 6.44e+20, 4.84958061, 4, 343.679419, 96.4, 0.866667, 2114.95943, 0, 1.1711547e+19, 1.17196925e+19, 88823.8258, -341.26378, -346.067035, 5e+16, 1.09672026e+27, -1614.76983, 1352.50344, 300.386274, 96.4, 96.4, 0.866667, 0.866667, 5e+16, 4786.11197, 84066.4225, 0.577372012, 88862.1775, -67005.2761, -3636.26556, -70673.4122, 50768.6432, 3076.14331, 53866.2393, 0, 1.20219463e-08, 1.20219463e-08, 54201031.1, 2.19732073e+09, 2.07604561e+09, 0.27, 3.332, 67074098.6, -70641.5417, 53844.7866, 0, 2.68016853e+14, 0, 0, 0, 0
0.124553513, 0, 0, 5e+16, 0, 1.01768172e-21, 3.718e+18, 6.44e+20, 4.8495788, 4, 343.679023, 96.4, 0.866667, 2233.82683, 0, 1.16412033e+19, 1.16496204e+19, 88378.7923, -341.2637, -346.066481, 5e+16, 1.08281867e+27, -1654.15939, 1472.72455, 300.387939, 96.4, 96.4, 0.866667, 0.866667, 5e+16, 5055.14703, 83368.2554, 0.572453166, 88420.5018, -65690.5253, -3721.34409, -69445.6476, 51296.2269, 3348.8073, 54669.4938, 0, 1.20220409e-08, 1.20220409e-08, 55309594.4, 2.22054997e+09, 2.09368202e+09, 0.27, 3.332, 71558354.9, -69411.8694, 54645.0342, 0, 2.71297359e+14, 0, 0, 0, 0
0.13125, 0, 0, 5e+16, 0, 1.01936986e-21, 3.718e+18, 6.44e+20, 4.8495734, 4, 343.677959, 96.4, 0.866667, 2553.56331, 0, 1.14477857e+19, 1.14570921e+19, 87358.7994, -341.263509, -346.064975, 5e+16, 1.04562733e+27, -1781.22611, 1817.79495, 300.392913, 96.4, 96.4, 0.866667, 0.866667, 5e+16, 5742.9607, 81666.5639, 0.560603123, 87411.552, -62473.8022, -3969.2296, -66483.3749, 52597.0537, 4119.43085, 56750.4763, 0, 1.20223236e-08, 1.20223236e-08, 59728283, 2.29650436e+09, 2.15344595e+09, 0.27, 3.332, 83330112.8, -66443.0318, 56716.4846, 0, 2.80566828e+14, 0, 0, 0, 0
0.133928513, 0, 0, 5e+16, 0, 1.02028952e-21, 3.718e+18, 6.44e+20, 4.84957045, 4, 343.677434, 96.4, 0.866667, 2672.28725, 0, 1.13509262e+19, 1.13598907e+19, 86931.4572, -341.263425, -346.064224, 5e+16, 1.02719785e+27, -1844.20742, 1918.72636, 300.39563, 96.4, 99.1093483, 0.866667, 0.919727019, 5e+16, 6117.36871, 80877.6589, 0.556033792, 86988.8254, -61088.0099, -4105.39254, -65236.8416, 52973.5941, 4477.75695, 57488.8233, 0, 1.2022478e-08, 1.2022478e-08, 61291425.4, 2.33282934e+09, 2.18344396e+09, 0.27, 3.332, 88093950.8, -65193.4025, 57451.3511, 0, 2.8536521e+14, 0, 0, 0, 0
0.140625, 0, 0, 5e+16, 0, 1.02298655e-21, 3.718e+18, 6.44e+20, 4.84956184, 4, 343.675998, 96.4, 0.866667, 3030.23046, 0, 1.10817775e+19, 1.10900371e+19, 85980.3419, -341.263222, -346.062149, 5e+16, 9.77510008e+26, -2049.47082, 2221.38969, 300.403552, 96.4, 99.1093483, 0.866667, 0.919727019, 5e+16, 7132.55197, 78925.001, 0.545025446, 86053.1771, -57683.4032, -4509.1426, -62246.7497, 53868.0778, 5500.47199, 59417.2485, 0, 1.20229283e-08, 1.20229283e-08, 68009589.5, 2.45230308e+09, 2.28313966e+09, 0.27, 3.332, 101153831, -62192.5458, 59368.5498, 0, 2.99242929e+14, 0, 0, 0, 0
0.143303513, 0, 0, 5e+16, 0, 1.02439457e-21, 3.718e+18, 6.44e+20, 4.84955734, 4, 343.675416, 99.1093483, 0.919727019, 3130.04106, 0, 1.0973416e+19, 1.09814218e+19, 88180.8977, -341.263141, -346.061304, 5e+16, 9.57877733e+26, -2142.64774, 2276.22124, 300.407697, 101.818697, 99.1093483, 0.97278704, 0.919727019, 5e+16, 7739.91058, 80481.73, 0.541195159, 88258.6453, -59531.0529, -5147.14417, -64736.6657, 54134.1957, 5780.37881, 59965.8516, 0, 1.20231638e-08, 1.20231638e-08, 71455536.8, 2.50351272e+09, 2.32551738e+09, 0.27, 3.332, 106539797, -64678.1971, 59914.5745, 0, 1.58020043e+14, 0, 0, 0, 0
0.15, 0, 0, 5e+16, 0, 1.02845273e-21, 3.718e+18, 6.44e+20, 4.84954445, 4, 343.673793, 105.882927, 1.05238114, 3467.46874, 0, 1.0667646e+19, 1.06751545e+19, 93908.401, -341.262947, -346.058926, 5e+16, 9.04559864e+26, -2438.06429, 2456.22055, 300.419564, 115.365854, 105.882927, 1.23809529, 1.05238114, 5e+16, 9961.64419, 83969.61, 0.53193362, 94003.1053, -63669.3774, -7437.19972, -71180.1819, 54745.5109, 6593.45492, 61398.6232, 0, 1.20238383e-08, 1.20238383e-08, 87261751.9, 2.67620916e+09, 2.46452111e+09, 0.27, 3.332, 124426298, -71106.5772, 61338.9659, 0, 3.22338231e+13, 0, 0, 0, 0
0.15, 0, 0, 5e+15, 0, 1.02845273e-21, 3.718e+18, 6.44e+20, 4.84954445, 4, 343.673793, 105.882927, 1.05238114, 3233.56901, 0, 1.0667646e+19, 1.06751545e+19, 93908.401, -341.262947, -346.058926, 5e+15, 9.04559864e+26, -2339.55173, 2221.77988, 300.419564, 115.365854, 105.882927, 1.23809529, 1.05238114, 5e+15, 9961.64419, 83969.61, 0.53193362, 94003.1053, -63669.3774, -7437.19972, -71180.1819, 54745.5109, 6593.45492, 61398.6232, 0, 1.20238383e-08, 1.20238383e-08, 87261751.9, 2.67620916e+09, 2.46452111e+09, 0.27, 3.332, 124426298, -71106.5772, 61338.9659, 0, 3.22338231e+13, 0, 0, 0, 0
0.151785675, 0, 0, 5e+15, 0, 1.02975767e-21, 3.718e+18, 6.44e+20, 4.8495403, 4, 343.673416, 108.592275, 1.10544116, 3332.26667, 0, 1.05990315e+19, 1.06074875e+19, 93683.5669, -341.262896, -346.058377, 5e+15, 8.92647363e+26, -2423.02826, 2280.2698, 300.423387, 115.365854, 108.592275, 1.23809529, 1.10544116, 5e+15, 10237.2251, 83463.5473, 0.527928715, 93783.2269, -62772.2684, -7609.22754, -70458.4518, 54997.9778, 6809.15317, 61870.5015, 0, 1.20240555e-08, 1.20240555e-08, 88921360.1, 2.71614482e+09, 2.49992802e+09, 0.27, 3.332, 127295436, -70381.496, 61807.131, 0, 3.2640784e+13, 0, 0, 0, 0
0.15625, 0, 0, 5e+15, 0, 1.03347104e-21, 3.718e+18, 6.44e+20, 4.84952856, 4, 343.672351, 115.365854, 1.23809529, 3656.65932, 0, 1.04010205e+19, 1.04123614e+19, 93216.0863, -341.262771, -346.056812, 5e+15, 8.60127283e+26, -2690.2459, 2467.3572, 300.43419, 115.365854, 115.365854, 1.23809529, 1.23809529, 5e+15, 11057.2279, 82179.1952, 0.518193882, 93332.6614, -60547.4063, -8137.65524, -68774.1138, 55564.2003, 7455.11981, 63094.6847, 0, 1.20246695e-08, 1.20246695e-08, 96888664.4, 2.84662956e+09, 2.61372502e+09, 0.27, 3.332, 136015882, -68685.0615, 63019.3201, 0, 3.38441107e+13, 0, 0, 0, 0
0.158035675, 0, 0, 5e+15, 0, 1.03513815e-21, 3.718e+18, 6.44e+20, 4.84952328, 4, 343.671927, 115.365854, 1.23809529, 3775.71433, 0, 1.03239479e+19, 1.03357344e+19, 92938.1591, -341.262717, -346.056188, 5e+15, 8.47160367e+26, -2767.17811, 2558.24472, 300.43905, 115.365854, 115.365854, 1.23809529, 1.23809529, 5e+15, 11373.7884, 81579.5208, 0.515231864, 93061.7043, -59648.5584, -8341.63744, -68083.6409, 55647.2236, 7697.26089, 63425.3678, 0, 1.20249457e-08, 1.20249457e-08, 100007764, 2.90162321e+09, 2.66077664e+09, 0.27, 3.332, 140838819, -67990.1958, 63344.4844, 0, 3.43317932e+13, 0, 0, 0, 0
0.1625, 0, 0, 5e+15, 0, 1.03984596e-21, 3.718e+18, 6.44e+20, 4.84950848, 4, 343.670715, 115.365854, 1.23809529, 4160.51216, 0, 1.00992981e+19, 1.01126718e+19, 92336.5441, -341.262588, -346.054386, 5e+15, 8.11698538e+26, -3030.5774, 2841.68831, 300.45267, 115.365854, 115.365854, 1.23809529, 1.23809529, 5e+15, 12323.2819, 80033.9143, 0.508027821, 92484.1083, -57405.0573, -8974.32117, -66488.9419, 55767.5725, 8416.84829, 64283.3825, 0, 1.20257199e-08, 1.20257199e-08, 113239472, 3.0791726e+09, 2.81081829e+09, 0.27, 3.332, 155114837, -66379.3784, 64184.4207, 0, 3.57937039e+13, 0, 0, 0, 0
0.164285675, 0, 0, 5e+15, 0, 1.04195769e-21, 3.718e+18, 6.44e+20, 4.84950183, 4, 343.670225, 115.365854, 1.23809529, 4319.53174, 0, 1.00103585e+19, 1.0024322e+19, 92058.3912, -341.262533, -346.053658, 5e+15, 7.97335325e+26, -3127.74091, 2967.92579, 300.458789, 115.365854, 115.365854, 1.23809529, 1.23809529, 5e+15, 12730.1129, 79346.0796, 0.505193784, 92215.6879, -56486.2811, -9220.31679, -65822.1117, 55719.2372, 8741.94328, 64567.9666, 0, 1.20260676e-08, 1.20260676e-08, 118021167, 3.15286023e+09, 2.87346388e+09, 0.27, 3.332, 161375187, -65706.5979, 64461.1805, 0, 3.64000974e+13, 0, 0, 0, 0
0.16875, 0, 0, 5e+15, 0, 1.04788375e-21, 3.718e+18, 6.44e+20, 4.84948333, 4, 343.668806, 115.365854, 1.23809529, 4835.88256, 0, 9.74850636e+18, 9.76462822e+18, 91455.363, -341.2624, -346.05153, 5e+15, 7.58046046e+26, -3465.96946, 3363.89636, 300.475813, 115.365854, 115.365854, 1.23809529, 1.23809529, 5e+15, 13946.4564, 77530.8586, 0.498284384, 91646.8005, -54169.6313, -9990.50586, -64297.9619, 55467.2177, 9704.58502, 65304.7387, 0, 1.20270352e-08, 1.20270352e-08, 138034589, 3.39071606e+09, 3.07255742e+09, 0.27, 3.332, 180124062, -64160.1371, 65171.8026, 0, 3.82466363e+13, 0, 0, 0, 0
0.170535675, 0, 0, 5e+15, 0, 1.05054042e-21, 3.718e+18, 6.44e+20, 4.84947504, 4, 343.668224, 115.365854, 1.23809529, 5051.24472, 0, 9.64345251e+18, 9.66040485e+18, 91164.9546, -341.262344, -346.050657, 5e+15, 7.41888921e+26, -3592.08873, 3539.32754, 300.48345, 115.365854, 115.365854, 1.23809529, 1.23809529, 5e+15, 14471.9926, 76713.6676, 0.495574374, 91370.4287, -53208.8013, -10291.6648, -63646.6402, 55258.3594, 10138.1045, 65540.8246, 0, 1.20274692e-08, 1.20274692e-08, 145564444, 3.49039352e+09, 3.15650441e+09, 0.27, 3.332, 188324668, -63500.4661, 65396.4638, 0, 3.90294554e+13, 0, 0, 0, 0
0.175, 0, 0, 5e+15, 0, 1.05795609e-21, 3.718e+18, 6.44e+20, 4.84945209, 4, 343.666519, 115.365854, 1.23809529, 5759.0055, 0, 9.33093544e+18, 9.35101799e+18, 90526.2816, -341.262206, -346.04807, 5e+15, 6.97774308e+26, -4039.96296, 4096.04088, 300.504569, 115.365854, 115.365854, 1.23809529, 1.23809529, 5e+15, 16043.0789, 74505.2689, 0.488947809, 90782.2147, -50752.0068, -11242.7213, -62173.117, 54545.3381, 11420.0364, 66148.9157, 0, 1.20286697e-08, 1.20286697e-08, 176945989, 3.81340865e+09, 3.42329232e+09, 0.27, 3.332, 213170337, -61994.7281, 65965.3744, 0, 4.14582131e+13, 0, 0, 0, 0
0.176785675, 0, 0, 5e+15, 0, 1.06127976e-21, 3.718e+18, 6.44e+20, 4.84944181, 4, 343.665809, 115.365854, 1.23809529, 6058.05742, 0, 9.20404265e+18, 9.22534379e+18, 90210.2162, -341.262149, -346.046993, 5e+15, 6.79387754e+26, -4208.94252, 4344.24059, 300.514031, 115.365854, 115.365854, 1.23809529, 1.23809529, 5e+15, 16726.8915, 73505.3596, 0.486359727, 90487.2865, -49719.7224, -11616.8833, -61527.2335, 54136.582, 11997.3599, 66334.8866, 0, 1.20292074e-08, 1.20292074e-08, 189236531, 3.95034291e+09, 3.53703131e+09, 0.27, 3.332, 224075059, -61336.6057, 66133.9419, 0, 4.25126221e+13, 0, 0, 0, 0
0.18125, 0, 0, 5e+15, 0, 1.07051275e-21, 3.718e+18, 6.44e+20, 4.84941354, 4, 343.663696, 115.365854, 1.23809529, 7060.24632, 0, 8.82232009e+18, 8.84840875e+18, 89497.0413, -341.262009, -346.043753, 5e+15, 6.29412324e+26, -4824.51882, 5146.62346, 300.540044, 115.365854, 115.365854, 1.23809529, 1.23809529, 5e+15, 18775.3181, 70741.9733, 0.480008887, 89852.7732, -47033.1793, -12807.9524, -60080.8736, 52841.6088, 13705.1963, 66809.5864, 0, 1.20306861e-08, 1.20306861e-08, 240708972, 4.39775421e+09, 3.89952311e+09, 0.27, 3.332, 257522130, -59841.1317, 66546.8051, 0, 4.58617109e+13, 0, 0, 0, 0
0.183035675, 0, 0, 5e+15, 0, 1.07465105e-21, 3.718e+18, 6.44e+20, 4.84940089, 4, 343.662804, 115.365854, 1.23809529, 7490.06321, 0, 8.66569197e+18, 8.69366959e+18, 89139.4213, -341.261951, -346.042384, 5e+15, 6.08349498e+26, -5060.1564, 5508.19102, 300.551683, 115.365854, 115.365854, 1.23809529, 1.23809529, 5e+15, 19673.329, 69487.4558, 0.477543007, 89528.8763, -45889.3982, -13279.7484, -59427.8947, 52177.8629, 14476.4602, 66945.1795, 0, 1.20313477e-08, 1.20313477e-08, 261715992, 4.59001479e+09, 4.05600975e+09, 0.27, 3.332, 272289050, -59169.1466, 66654.323, 0, 4.73557608e+13, 0, 0, 0, 0
0.1875, 0, 0, 5e+15, 0, 1.08609195e-21, 3.718e+18, 6.44e+20, 4.84936632, 4, 343.660096, 115.365854, 1.23809529, 8974.80379, 0, 8.1884602e+18, 8.22431968e+18, 88303.335, -341.261807, -346.038181, 5e+15, 5.51558083e+26, -5949.21518, 6711.48645, 300.583495, 115.365854, 115.365854, 1.23809529, 1.23809529, 5e+15, 22372.6538, 65947.7556, 0.471466683, 88824.9398, -42849.7817, -14792.7848, -57982.044, 50129.2382, 16762.1512, 67287.3423, 0, 1.2033156e-08, 1.2033156e-08, 351093795, 5.2268069e+09, 4.55746568e+09, 0.27, 3.332, 318247429, -57642.5665, 66891.3895, 0, 5.22526198e+13, 0, 0, 0, 0
0.189285675, 0, 0, 5e+15, 0, 1.09122044e-21, 3.718e+18, 6.44e+20, 4.84935087, 4, 343.658934, 115.365854, 1.23809529, 9624.02352, 0, 7.99091765e+18, 8.02994319e+18, 87883.142, -341.261747, -346.036374, 5e+15, 5.27422508e+26, -6296.21109, 7262.91137, 300.597708, 115.365854, 115.365854, 1.23809529, 1.23809529, 5e+15, 23565.1251, 64337.5409, 0.469126401, 88463.2109, -41538.2849, -15396.6941, -57306.4821, 49130.4884, 17799.745, 67375.4108, 0, 1.2033964e-08, 1.2033964e-08, 389219448, 5.50500087e+09, 4.77705871e+09, 0.27, 3.332, 338722710, -56934.979, 66930.2334, 0, 5.45112698e+13, 0, 0, 0, 0
0.19375, 0, 0, 5e+15, 0, 1.10532093e-21, 3.718e+18, 6.44e+20, 4.84930893, 4, 343.655317, 115.365854, 1.23809529, 11978.2713, 0, 7.3794635e+18, 7.43297572e+18, 86852.4874, -341.261601, -346.030685, 5e+15, 4.6318373e+26, -7676.49186, 9186.54498, 300.63629, 115.365854, 115.365854, 1.23809529, 1.23809529, 5e+15, 27162.8646, 59703.8583, 0.463331028, 87681.1678, -37969.7235, -17345.3726, -55835.0153, 46073.8785, 20882.3478, 67601.4949, 0, 1.20361573e-08, 1.20361573e-08, 556479750, 6.4462345e+09, 5.48606431e+09, 0.27, 3.332, 403690431, -55315.0961, 66956.2263, 0, 6.22563795e+13, 0, 0, 0, 0
0.195535675, 0, 0, 5e+15, 0, 1.11164054e-21, 3.718e+18, 6.44e+20, 4.84929023, 4, 343.653733, 115.365854, 1.23809529, 13037.7545, 0, 7.1246923e+18, 7.18418867e+18, 86336.1606, -341.261541, -346.028189, 5e+15, 4.35757875e+26, -8231.09694, 10092.5645, 300.653493, 115.365854, 115.365854, 1.23809529, 1.23809529, 5e+15, 28765.6519, 57588.8884, 0.461124034, 87280.224, -36408.6997, -18129.3484, -55119.0884, 44618.8345, 22291.8332, 67654.3452, 0, 1.20371354e-08, 1.20371354e-08, 631531234, 6.86618309e+09, 5.80162404e+09, 0.27, 3.332, 433027813, -54538.0482, 66910.6677, 0, 6.59927179e+13, 0, 0, 0, 0
0.2, 0, 0, 5e+15, 0, 1.12888805e-21, 3.718e+18, 6.44e+20, 4.84923991, 4, 343.648616, 115.365853, 1.23809529, 17214.8655, 0, 6.31921868e+18, 6.41044403e+18, 84968.5982, -341.261391, -346.020034, 5e+15, 3.64237624e+26, -10640.0323, 13523.4069, 300.69978, 115.365854, 115.365853, 1.23809529, 1.23809529, 5e+15, 33601.9346, 51381.0062, 0.455626501, 86472.0482, -32050.5574, -20660.449, -53616.5213, 40158.9218, 26478.9863, 67838.4263, 0, 1.2039767e-08, 1.2039767e-08, 977835453, 8.33218617e+09, 6.8257422e+09, 0.27, 3.332, 528608512, -52711.0064, 66637.908, 0, 7.9752714e+13, 0, 0, 0, 0
0.201785675, 0, 0, 5e+15, 0, 1.13660878e-21, 3.718e+18, 6.44e+20, 4.84921754, 4, 343.646314, 115.365853, 1.23809529, 19189.5538, 0, 5.98262971e+18, 6.08761206e+18, 84282.1845, -341.26133, -346.016354, 5e+15, 3.33734449e+26, -11657.1074, 15219.8309, 300.720349, 115.365854, 115.365853, 1.23809529, 1.23809529, 5e+15, 35772.9109, 48529.8921, 0.453566798, 86066.0863, -30116.7662, -21683.6413, -52847.9173, 38054.0721, 28407.8188, 67905.5879, 0, 1.20409365e-08, 1.20409365e-08, 1.14308657e+09, 9.00442484e+09, 7.28877473e+09, 0.27, 3.332, 572563540, -51800.4075, 66461.8908, 0, 8.68578881e+13, 0, 0, 0, 0
0.20625, 0, 0, 5e+15, 0, 1.15743842e-21, 3.718e+18, 6.44e+20, 4.84915814, 4, 343.638381, 115.365849, 1.23809529, 28160.9958, 0, 4.88582156e+18, 5.08034559e+18, 82173.7538, -341.261178, -346.003631, 5e+15, 2.56799064e+26, -16764.7928, 22615.2086, 300.774979, 115.36585, 115.365853, 1.23809529, 1.23809529, 5e+15, 42189.3298, 40005.5722, 0.448400232, 85553.9759, -24583.5944, -24896.9663, -51419.9319, 31560.7969, 34039.578, 68371.3026, 0, 1.20440427e-08, 1.20440427e-08, 1.95337476e+09, 1.14131388e+10, 8.74513278e+09, 0.27, 3.332, 714631241, -49480.5607, 65600.3749, 0, 1.16595833e+14, 0, 0, 0, 0
0.208035675, 0, 0, 5e+15, 0, 1.16672585e-21, 3.718e+18, 6.44e+20, 4.84913191, 4, 343.634646, 115.365848, 1.23809529, 32763.3586, 0, 4.43097536e+18, 4.66647126e+18, 81088.4821, -341.261115, -345.997647, 5e+15, 2.24348845e+26, -19104.5923, 26582.7277, 300.7991, 115.365848, 115.365853, 1.23809529, 1.23809529, 5e+15, 45056.2318, 36062.8144, 0.446512882, 85343.0591, -22096.8875, -26170.8533, -50630.3415, 28500.0535, 36627.6801, 68667.187, 0, 1.20454143e-08, 1.20454143e-08, 2.36569566e+09, 1.25376607e+10, 9.39391731e+09, 0.27, 3.332, 778047743, -48267.7409, 65127.7336, 0, 1.33927539e+14, 0, 0, 0, 0
0.2125, 0, 0, 5e+15, 0, 1.19127916e-21, 3.718e+18, 6.44e+20, 4.84906373, 4, 343.620137, 115.364934, 1.23809529, 56578.3979, 0, 2.91288543e+18, 3.44229562e+18, 77185.966, -341.260953, -345.97513, 5e+15, 1.47319708e+26, -32448.2244, 46330.9767, 300.861797, 115.364934, 115.365816, 1.23809529, 1.23809529, 5e+15, 52642.8359, 24585.4603, 0.44174783, 86245.1345, -15056.3781, -29583.6563, -49659.4489, 19435.7881, 43525.544, 70506.0783, 0, 1.20489796e-08, 1.20489796e-08, 4.33676213e+09, 1.59428229e+10, 1.07385575e+10, 0.27, 3.332, 867503294, -44640.0344, 62961.3321, 0, 2.28161263e+14, 0, 0, 0, 0
0.214285675, 0, 0, 5e+15, 0, 1.20211684e-21, 3.718e+18, 6.44e+20, 4.84903399, 4, 343.612734, 115.291866, 1.23809529, 69438.1181, 0, 2.32930638e+18, 2.97717208e+18, 75238.1187, -341.260884, -345.963911, 5e+15, 1.15916908e+26, -38868.5651, 57478.6665, 300.889131, 115.36424, 115.292746, 1.23809529, 1.23809529, 5e+15, 55794.7205, 19491.8779, 0.440083775, 86769.2391, -11949.0458, -30736.9581, -48970.3497, 15399.7923, 46506.8329, 71571.7988, 0, 1.20505341e-08, 1.20505341e-08, 5.33927021e+09, 1.72468747e+10, 1.10463112e+10, 0.27, 3.332, 861293322, -42686.0039, 61906.6253, 0, 2.98616699e+14, 0, 0, 0, 0
0.21875, 0, 0, 5e+15, 0, 1.22996603e-21, 3.718e+18, 6.44e+20, 4.84895892, 4, 343.57959, 115.049346, 1.23809529, 124607.9, 0, 7.48769095e+17, 1.94101206e+18, 70192.405, -341.260686, -345.919543, 5e+15, 5.09431177e+25, -68710.7056, 103919.051, 300.958142, 115.12172, 115.274178, 1.23809529, 1.23809529, 5e+15, 61285.4444, 8945.12637, 0.435854804, 88368.85, -5302.1234, -32416.3182, -47974.5811, 7200.5512, 51991.3297, 74198.3232, 0, 1.2054459e-08, 1.2054459e-08, 9.0363709e+09, 1.7121158e+10, 7.61522783e+09, 0.27, 3.332, 469559222, -37718.4416, 59191.8809, 0, 8.98580889e+14, 0, 0, 0, 0
0.220535675, 0, 0, 5e+15, 0, 1.24214256e-21, 3.718e+18, 6.44e+20, 4.84892657, 4, 343.561607, 114.987689, 1.23809529, 150982.262, 0, 3.93085245e+17, 1.63528233e+18, 68275.599, -341.260597, -345.897059, 5e+15, 2.7902112e+25, -81321.1893, 127095.812, 300.987872, 114.987689, 115.274178, 1.23809529, 1.23809529, 5e+15, 63038.9741, 5240.35715, 0.434466911, 88595.1537, -2937.22067, -32729.7493, -47154.3942, 4337.48367, 53819.3119, 74936.3672, 0, 1.20561499e-08, 1.20561499e-08, 1.06991877e+10, 1.64296638e+10, 5.46731364e+09, 0.27, 3.332, 263162471, -35666.97, 58156.7956, 0, 1.52087705e+15, 0, 0, 0, 0
0.225, 0, 0, 5e+15, 0, 1.27393573e-21, 3.718e+18, 6.44e+20, 4.84884363, 4, 343.4897, 110.399123, 1.23809529, 223054.106, 0, 2.58913031e+16, 1.22211003e+18, 65930.7483, -341.260173, -345.817457, 5e+15, 4.80614465e+24, -118091.066, 189168.847, 301.064094, 111.327814, 110.460781, 1.23809529, 1.23809529, 5e+15, 64510.6306, 1422.70921, 0.430809308, 86478.4265, -762.818331, -32480.672, -44151.7805, 1199.52671, 55709.6342, 74337.9713, 0, 1.20604856e-08, 1.20604856e-08, 1.50419382e+10, 1.62836954e+10, 1.50550951e+09, 0.27, 3.332, -263752369, -33243.4903, 56909.161, 0, 3.88115399e+15, 0, 0, 0, 0
0.226785675, 0, 0, 5e+15, 0, 1.28803343e-21, 3.718e+18, 6.44e+20, 4.84880749, 4, 343.4542, 97.9985068, 1.23809529, 251703.36, 0, 6.79677791e+15, 1.10751751e+18, 65346.2679, -341.25953, -345.779343, 5e+15, 7.18104674e+23, -130968.522, 214788.659, 301.097303, 110.140571, 97.9985068, 1.23809529, 1.23809529, 5e+15, 64683.7583, 665.953645, 0.429644562, 85097.8477, -389.127362, -32378.4583, -42909.8365, 540.420902, 55957.7796, 73436.5774, 0, 1.20623747e-08, 1.20623747e-08, 1.67447464e+10, 1.69664191e+10, 656200343, 0.27, 3.332, -434527632, -32767.5857, 56498.2005, 0, 4.77575173e+15, 0, 0, 0, 0
0.23125, 0, 0, 5e+15, 0, 1.32511385e-21, 3.718e+18, 6.44e+20, 4.84871422, 4, 343.344938, 78.2385959, 1.23809529, 310873.976, 0, 3.05514976e+14, 9.28584979e+17, 64543.1267, -341.23086, -345.665354, 5e+15, 5.21302287e+22, -158435.863, 267392.147, 301.182987, 103.021459, 78.2385959, 1.23809529, 1.23809529, 5e+15, 64052.1805, 500.147086, 0.426424432, 80652.0923, -323.334997, -31414.5012, -39626.8513, 380.927768, 55796.447, 70219.9757, 0, 1.20672493e-08, 1.20672493e-08, 2.0237706e+10, 2.00062469e+10, 316094650, 0.27, 3.332, -547553717, -31737.8362, 56177.3748, 0, 4.98311166e+15, 0, 0, 0, 0
0.233035675, 0, 0, 5e+15, 0, 1.34144414e-21, 3.718e+18, 6.44e+20, 4.84867398, 4, 343.295166, 78.2385959, 1.23809529, 332713.248, 0, 1.39616028e+14, 8.71956769e+17, 64149.9794, -341.20145, -345.613882, 5e+15, 1.16403285e+22, -167266.177, 287432.355, 301.219951, 100.896006, 78.2385959, 1.23809529, 1.23809529, 5e+15, 63676.6316, 485.019268, 0.425393484, 78910.5495, -323.077937, -31045.5628, -38594.8288, 361.737522, 55561.9266, 68791.297, 0, 1.20693524e-08, 1.20693524e-08, 2.14907665e+10, 2.11948105e+10, 253681888, 0.27, 3.332, -549637818, -31368.6408, 55923.6641, 0, 4.99621622e+15, 0, 0, 0, 0
0.2375, 0, 0, 5e+15, 0, 1.38374247e-21, 3.718e+18, 6.44e+20, 4.84857181, 4, 343.157032, 66.5175392, 1.23809529, 378090.478, 0, 1.12005837e+14, 7.68950097e+17, 62993.8425, -341.069132, -345.472315, 5e+15, 9.28642993e+21, -186000.53, 329085.337, 301.313785, 94.8496393, 66.5175392, 1.23809529, 1.23809529, 5e+15, 62530.7528, 478.377843, 0.422510354, 75371.1581, -326.571362, -29808.2006, -36053.3192, 349.422453, 54950.1271, 66169.0268, 0, 1.20746916e-08, 1.20746916e-08, 2.39447189e+10, 2.36477719e+10, 182024820, 0.27, 3.332, -478971793, -30134.7719, 55299.5495, 0, 4.99698264e+15, 0, 0, 0, 0
0.239285675, 0, 0, 5e+15, 0, 1.40222561e-21, 3.718e+18, 6.44e+20, 4.84852819, 4, 343.096244, 60.7139918, 1.23809529, 395015.386, 0, 1.09472237e+14, 7.34100789e+17, 62479.9041, -341.008979, -345.41025, 5e+15, 9.06910313e+21, -192101.703, 344973.372, 301.353832, 92.8927318, 60.7139918, 1.23809529, 1.23809529, 5e+15, 62020.8663, 475.942298, 0.42159054, 74024.2197, -328.247899, -29375.9599, -35228.4128, 344.624656, 54593.8275, 65074.4081, 0, 1.20769705e-08, 1.20769705e-08, 2.48002212e+10, 2.45183318e+10, 160796010, 0.27, 3.332, -442685392, -29704.2078, 54938.4522, 0, 4.99705396e+15, 0, 0, 0, 0
0.24375, 0, 0, 5e+15, 0, 1.4496305e-21, 3.718e+18, 6.44e+20, 4.84841859, 4, 342.934605, 54.0576044, 1.23809529, 431601.518, -6.99113074e-12, 1.06913971e+14, 6.65412309e+17, 61185.3456, -340.848057, -345.245876, 5e+15, 8.85241152e+21, -205451.782, 379470.17, 301.454451, 88.6652112, 54.0576044, 1.23809529, 1.23809529, 5e+15, 60733.7612, 470.842231, 0.419011931, 71135.4579, -327.621318, -28122.6261, -33141.2365, 338.123504, 53814.6994, 62927.6535, 0, 1.20826969e-08, 1.20826969e-08, 2.65097528e+10, 2.62685079e+10, 125923269, 0.27, 3.332, -367168190, -28450.2475, 54152.8229, 0, 4.99712624e+15, 2.53551575e-12, 1.80371698e-11, 0, 0
0.245535675, 0, 0, 5e+15, 0, 1.47022435e-21, 3.718e+18, 6.44e+20, 4.8483722, 4, 342.864843, 54.0576044, 1.23809529, 445348.437, 3381.44394, 1.05809181e+14, 6.41281988e+17, 60641.029, -340.778609, -345.175077, 5e+15, 8.75830896e+21, -209853.45, 392623.423, 301.497027, 87.1927644, 54.0576044, 1.23809529, 1.23809529, 5e+15, 60192.6385, 468.684827, 0.418194031, 70024.7423, -327.591024, -27693.635, -32457.4598, 335.178818, 53418.9572, 62023.9433, 0, 1.20851202e-08, 1.20851202e-08, 2.71040771e+10, 2.68766155e+10, 114513885, 0.27, 3.332, -341975471, -28021.2261, 53754.1361, 0, 4.99715761e+15, 5.30431417e-12, 4.81802758e-11, 0, 0
0.25, 0, 0, 5e+15, 0, 1.5227295e-21, 3.718e+18, 6.44e+20, 4.84825634, 4, 342.683395, 49.762971, 1.23809529, 475825.053, 5.42272894e+13, 1.0416818e+14, 5.91331155e+17, 59321.3636, -340.597677, -344.991327, 5e+15, 8.61743783e+21, -219622.101, 422012.54, 301.60336, 84.2826644, 49.762971, 1.23809529, 1.23809529, 5e+15, 58879.5704, 463.855653, 0.415889487, 67559.1143, -325.445333, -26499.2155, -30695.9521, 330.509858, 52566.0141, 60169.625, 0, 1.2091173e-08, 1.2091173e-08, 2.83203504e+10, 2.81211791e+10, 93541930.1, 0.27, 3.332, -292713264, -26824.6608, 52896.5239, 0, 4.99720542e+15, 1.11180101e-10, 4.26131491e-10, 0, 0
0.251785675, 0, 0, 5e+15, 0, 1.54543412e-21, 3.718e+18, 6.44e+20, 4.84820764, 4, 342.606084, 47.3165772, 1.23809529, 487329.66, 1.31376689e+14, 1.03417127e+14, 5.73363539e+17, 58779.9276, -340.520601, -344.913133, 5e+15, 8.55332566e+21, -222882.906, 433197.671, 301.648035, 83.2183566, 47.3165772, 1.23809529, 1.23809529, 5e+15, 58340.8763, 461.84567, 0.415163328, 66607.099, -324.75519, -26093.771, -30115.9319, 328.378912, 52159.1511, 59389.866, 0, 1.20937164e-08, 1.20937164e-08, 2.87371241e+10, 2.8547628e+10, 86417163.4, 0.27, 3.332, -275913353, -26418.5262, 52487.53, 0, 4.9972271e+15, 1.59003668e-10, 8.08008964e-10, 0, 0
0.25625, 0, 0, 5e+15, 0, 1.60309536e-21, 3.718e+18, 6.44e+20, 4.84808647, 4, 342.407576, 44.2999703, 1.23809529, 513285.035, 8.01781216e+14, 1.02112412e+14, 5.34933723e+17, 57480.0454, -340.322538, -344.712617, 5e+15, 8.44031041e+21, -230139.332, 458704.852, 301.759195, 81.1842721, 44.2999703, 1.23809529, 1.23809529, 5e+15, 57047.1308, 457.175845, 0.413104333, 64444.5059, -322.079292, -24980.9813, -28601.5042, 324.45313, 51275.0914, 57738.5709, 0, 1.21000452e-08, 1.21000452e-08, 2.9596896e+10, 2.94280395e+10, 72550767.4, 0.27, 3.332, -241407264, -25303.0607, 51599.5445, 0, 4.99726596e+15, 8.01107202e-10, 4.31983106e-09, 0, 0
0.258035675, 0, 0, 5e+15, 0, 1.62793019e-21, 3.718e+18, 6.44e+20, 4.84803586, 4, 342.323778, 44.2999703, 1.23809529, 523119.243, 1.53212115e+15, 1.01522648e+14, 5.20890761e+17, 56955.1692, -340.238939, -344.628042, 5e+15, 8.38978516e+21, -232597.131, 468395.588, 301.805605, 80.4135989, 44.2999703, 1.23809529, 1.23809529, 5e+15, 56524.7324, 455.26226, 0.412460312, 63608.1977, -321.123913, -24605.3588, -28101.1513, 322.709456, 50870.2656, 57047.52, 0, 1.21026879e-08, 1.21026879e-08, 2.9886455e+10, 2.972484e+10, 67808682.4, 0.27, 3.332, -229423754, -24926.4828, 51192.975, 0, 4.99728325e+15, 1.12894791e-09, 7.20441343e-09, 0, 0
0.2625, 0, 0, 5e+15, 0, 1.69082813e-21, 3.718e+18, 6.44e+20, 4.84791023, 4, 342.11035, 42.0556682, 1.23809529, 545593.581, 6.01758382e+15, 1.00368965e+14, 4.9015035e+17, 55697.2778, -340.025926, -344.41282, 5e+15, 8.28931371e+21, -238030.19, 490838.94, 301.920801, 78.970315, 42.0556682, 1.23809529, 1.23809529, 5e+15, 55272.6733, 450.70306, 0.410621388, 61676.1818, -318.244459, -23579.3904, -26780.856, 319.141153, 49980.6781, 55548.7429, 0, 1.2109248e-08, 1.2109248e-08, 3.04833906e+10, 3.03377536e+10, 58294207.4, 0.27, 3.332, -203931204, -23897.6349, 50299.8193, 0, 4.99731809e+15, 4.53899358e-09, 2.66777275e-08, 0, 0
0.264285675, 0, 0, 5e+15, 0, 1.71781646e-21, 3.718e+18, 6.44e+20, 4.84785807, 4, 342.020888, 40.6804829, 1.23809529, 554138.578, 9.88437981e+15, 9.98611666e+13, 4.78792482e+17, 55195.5058, -339.936647, -344.32266, 5e+15, 8.24568196e+21, -239904.192, 499356.06, 301.968618, 78.4068592, 40.6804829, 1.23809529, 1.23809529, 5e+15, 54773.207, 448.856883, 0.41005092, 60929.293, -317.175075, -23234.5534, -26343.638, 317.60236, 49585.4365, 54925.8005, 0, 1.21119714e-08, 1.21119714e-08, 3.06802425e+10, 3.05403155e+10, 55037625.5, 0.27, 3.332, -194964676, -23551.7284, 49903.0389, 0, 4.99733315e+15, 6.00300131e-09, 4.04010382e-08, 0, 0
0.26875, 0, 0, 5e+15, 0, 1.78602669e-21, 3.718e+18, 6.44e+20, 4.84772878, 4, 341.794254, 38.9400665, 1.23809529, 573860.212, 2.89150836e+16, 9.87877056e+13, 4.53495184e+17, 53991.4944, -339.710417, -344.094394, 5e+15, 8.1519061e+21, -243981.559, 519322.136, 302.087113, 77.3742433, 38.9400665, 1.23809529, 1.23809529, 5e+15, 53574.7947, 444.384602, 0.408409704, 59181.8723, -314.21655, -22293.3718, -25180.238, 314.235581, 48707.2775, 53549.5747, 0, 1.2118721e-08, 1.2118721e-08, 3.10814863e+10, 3.09544398e+10, 48347958.1, 0.27, 3.332, -175394480, -22607.5884, 49021.5131, 0, 4.99736584e+15, 1.81767522e-08, 1.15567296e-07, 0, 0
0.270535675, 0, 0, 5e+15, 0, 1.8151825e-21, 3.718e+18, 6.44e+20, 4.8476754, 4, 341.699783, 38.9400665, 1.23809529, 581385.329, 4.2861103e+16, 9.83263255e+13, 4.4407174e+17, 53515.7865, -339.616118, -343.999285, 5e+15, 8.11218701e+21, -245420.747, 526896.396, 302.136022, 76.958965, 38.9400665, 1.23809529, 1.23809529, 5e+15, 53101.2683, 442.588985, 0.407905286, 58507.3973, -313.096627, -21977.9969, -24794.2193, 312.81723, 48326.0666, 52982.0146, 0, 1.21215073e-08, 1.21215073e-08, 3.12100934e+10, 3.10876843e+10, 46041202.3, 0.27, 3.332, -168450259, -22291.0935, 48638.8838, 0, 4.99737963e+15, 2.29497897e-08, 1.62976365e-07, 0, 0
0.275, 0, 0, 5e+15, 0, 1.88874764e-21, 3.718e+18, 6.44e+20, 4.84754325, 4, 341.461342, 37.547126, 1.23809529, 598888.218, 1.0195513e+17, 9.73020179e+13, 4.22797665e+17, 52371.3201, -339.378076, -343.759342, 5e+15, 8.02255127e+21, -248471.246, 544826.232, 302.257088, 76.2205199, 37.547126, 1.23809529, 1.23809529, 5e+15, 51962.2066, 438.19099, 0.406442296, 56913.9744, -310.113245, -21116.2549, -23760.3878, 309.580368, 47470.33, 51709.7356, 0, 1.21284049e-08, 1.21284049e-08, 3.14647738e+10, 3.13529619e+10, 41185855, 0.27, 3.332, -152997699, -21426.3681, 47779.9103, 0, 4.99741097e+15, 5.65224446e-08, 3.86252696e-07, 0, 0
0.276785675, 0, 0, 5e+15, 0, 1.92006349e-21, 3.718e+18, 6.44e+20, 4.84748899, 4, 341.362393, 36.6537405, 1.23809529, 605591.741, 1.40504847e+17, 9.68696069e+13, 4.14822368e+17, 51922.4998, -339.279294, -343.659804, 5e+15, 7.98528971e+21, -249580.211, 551630.657, 302.306778, 75.9134297, 36.6537405, 1.23809529, 1.23809529, 5e+15, 51515.4717, 436.435659, 0.405997429, 56300.2328, -308.971953, -20828.0574, -23416.6674, 308.239722, 47105.5181, 51189.1264, 0, 1.21312363e-08, 1.21312363e-08, 3.15427813e+10, 3.14347871e+10, 39485212.3, 0.27, 3.332, -147479424, -21137.0294, 47413.7578, 0, 4.99742396e+15, 6.8902653e-08, 5.16033313e-07, 0, 0
0.28125, 0, 0, 5e+15, 0, 1.99896611e-21, 3.718e+18, 6.44e+20, 4.84735479, 4, 341.113304, 35.5106166, 1.23809529, 621280.423, 2.87459262e+17, 9.58791339e+13, 3.96621045e+17, 50839.1981, -339.030601, -343.409318, 5e+15, 7.89854564e+21, -251840.822, 567866.839, 302.429671, 75.3914663, 35.5106166, 1.23809529, 1.23809529, 5e+15, 50437.405, 432.104328, 0.404695749, 54839.1626, -305.989773, -20039.0264, -22491.5753, 305.096039, 46278.828, 50008.3213, 0, 1.21382397e-08, 1.21382397e-08, 3.16872256e+10, 3.15880241e+10, 35811233.6, 0.27, 3.332, -135012782, -20345.0161, 46583.924, 0, 4.99745434e+15, 1.45411453e-07, 1.06224647e-06, 0, 0
0.283035675, 0, 0, 5e+15, 0, 2.03240138e-21, 3.718e+18, 6.44e+20, 4.8473, 4, 341.010313, 35.5106166, 1.23809529, 627312.814, 3.75478729e+17, 9.54663732e+13, 3.89762539e+17, 50416.8276, -338.927774, -343.305778, 5e+15, 7.8629699e+21, -252694.736, 574035.071, 302.479821, 75.1651024, 35.5106166, 1.23809529, 1.23809529, 5e+15, 50017.0415, 430.382654, 0.40430483, 54277.6304, -304.841563, -19775.4169, -22183.3557, 303.809635, 45931.4089, 49528.6211, 0, 1.21410981e-08, 1.21410981e-08, 3.17275218e+10, 3.16314829e+10, 34498997.8, 0.27, 3.332, -130537915, -20080.2584, 46235.2185, 0, 4.99746677e+15, 1.72503082e-07, 1.36103211e-06, 0, 0
0.2875, 0, 0, 5e+15, 0, 2.1165364e-21, 3.718e+18, 6.44e+20, 4.84716458, 4, 340.751545, 34.5530249, 1.23809529, 641501.426, 6.86036137e+17, 9.45013758e+13, 3.73969447e+17, 49393.8088, -338.669401, -343.045702, 5e+15, 7.77844754e+21, -254339.401, 588849.978, 302.603773, 74.8063031, 34.5530249, 1.23809529, 1.23809529, 5e+15, 48999.1064, 426.112671, 0.40314978, 52932.5724, -301.873863, -19052.0537, -21350.6547, 300.73834, 45137.339, 48430.07, 0, 1.21481634e-08, 1.21481634e-08, 3.17888268e+10, 3.17001133e+10, 31590587.2, 0.27, 3.332, -120304109, -19353.9275, 45438.0774, 0, 4.99749638e+15, 3.23530001e-07, 2.51497211e-06, 0, 0
0.289285675, 0, 0, 5e+15, 0, 2.15200562e-21, 3.718e+18, 6.44e+20, 4.84710963, 4, 340.644874, 33.9179079, 1.23809529, 646979.536, 8.60529409e+17, 9.41029057e+13, 3.67993088e+17, 48996.7686, -338.562892, -342.938517, 5e+15, 7.74411842e+21, -254993.257, 594487.556, 302.654048, 74.6414495, 33.9179079, 1.23809529, 1.23809529, 5e+15, 48604.007, 424.420093, 0.402807966, 52416.6821, -300.726281, -18810.4632, -21072.6195, 299.492333, 44807.4556, 47986.6313, 0, 1.21510296e-08, 1.21510296e-08, 3.18009398e+10, 3.17148591e+10, 30533266.3, 0.27, 3.332, -116614004, -19111.1894, 45106.948, 0, 4.99750838e+15, 3.75655338e-07, 3.11820005e-06, 0, 0
0.29375, 0, 0, 5e+15, 0, 2.24115266e-21, 3.718e+18, 6.44e+20, 4.84697388, 4, 340.377243, 33.1017325, 1.23809529, 659916.778, 1.44139187e+18, 9.31583954e+13, 3.54127851e+17, 48031.7564, -338.295654, -342.669651, 5e+15, 7.66142847e+21, -256151.49, 608101.581, 302.778248, 74.4082986, 33.1017325, 1.23809529, 1.23809529, 5e+15, 47643.9417, 420.207261, 0.401786786, 51174.5908, -297.779932, -18145.9853, -20319.1887, 296.480601, 44047.5864, 46962.8875, 0, 1.21581108e-08, 1.21581108e-08, 3.179952e+10, 3.17195678e+10, 28136290.7, 0.27, 3.332, -108088559, -18443.7653, 44344.0671, 0, 4.99753734e+15, 6.42749368e-07, 5.29630128e-06, 0, 0
0.295535675, 0, 0, 5e+15, 0, 2.2785144e-21, 3.718e+18, 6.44e+20, 4.84691915, 4, 340.267196, 32.8461147, 1.23809529, 664933.052, 1.75227941e+18, 9.27709285e+13, 3.48862392e+17, 47658.6184, -338.185768, -342.55912, 5e+15, 7.62808072e+21, -256646.089, 613293.294, 302.8283, 74.2912561, 32.8461147, 1.23809529, 1.23809529, 5e+15, 47272.6874, 418.540471, 0.401489883, 50699.0553, -296.637055, -17924.019, -20067.078, 295.266302, 43734.8969, 46551.935, 0, 1.2160965e-08, 1.2160965e-08, 3.17905866e+10, 3.17128395e+10, 27254247.8, 0.27, 3.332, -105001365, -18220.6561, 44030.1632, 0, 4.99754899e+15, 7.33588683e-07, 6.39695758e-06, 0, 0
0.3, 0, 0, 5e+15, 0, 2.37231121e-21, 3.718e+18, 6.44e+20, 4.84678399, 4, 339.991392, 31.5212211, 1.23809529, 676818.962, 2.74188557e+18, 9.18436914e+13, 3.36568444e+17, 46748.6783, -337.910355, -342.282147, 5e+15, 7.54698184e+21, -257415.48, 625887.237, 302.951896, 74.1567864, 31.5212211, 1.23809529, 1.23809529, 5e+15, 46367.57, 414.381259, 0.400591455, 49549.0786, -293.715534, -17312.1821, -19382.1975, 292.305647, 43009.5822, 45596.6035, 0, 1.21680135e-08, 1.21680135e-08, 3.17420012e+10, 3.16694128e+10, 25218255.8, 0.27, 3.332, -97806698.7, -17605.8976, 43301.8879, 0, 4.99757736e+15, 1.16735003e-06, 1.01628141e-05, 0, 0
0.301785675, 0, 0, 5e+15, 0, 2.41135808e-21, 3.718e+18, 6.44e+20, 4.84672988, 4, 339.878225, 31.2957011, 1.23809529, 681447.658, 3.25208998e+18, 9.14650934e+13, 3.31885798e+17, 46397.9241, -337.797348, -342.168521, 5e+15, 7.51444702e+21, -257781.456, 630702.151, 303.001362, 74.0776207, 31.2957011, 1.23809529, 1.23809529, 5e+15, 46018.6492, 412.737738, 0.400335816, 49109.4938, -292.579594, -17107.6792, -19152.5234, 291.117294, 42713.4917, 45214.9444, 0, 1.2170835e-08, 1.2170835e-08, 3.17174376e+10, 3.16467114e+10, 24464645.4, 0.27, 3.332, -95190829.2, -17400.2588, 43004.609, 0, 4.9975887e+15, 1.3138968e-06, 1.20183684e-05, 0, 0
0.30625, 0, 0, 5e+15, 0, 2.5092768e-21, 3.718e+18, 6.44e+20, 4.84659629, 4, 339.594837, 31.2957011, 1.23809529, 692445.277, 4.82021281e+18, 9.05529258e+13, 3.20892626e+17, 45539.9037, -337.514349, -341.884024, 5e+15, 7.43478204e+21, -258236.318, 642425.988, 303.123461, 74.0220839, 31.2957011, 1.23809529, 1.23809529, 5e+15, 45165.338, 408.629076, 0.39955042, 48042.3435, -289.684502, -16542.8768, -18527.3067, 288.201756, 42022.362, 44322.3275, 0, 1.21777997e-08, 1.21777997e-08, 3.16336868e+10, 3.15673402e+10, 22701861.5, 0.27, 3.332, -89048533.2, -16832.5613, 42310.5637, 0, 4.99761651e+15, 1.97274578e-06, 1.80942317e-05, 0, 0
0.308035675, 0, 0, 5e+15, 0, 2.54972762e-21, 3.718e+18, 6.44e+20, 4.84654321, 4, 339.478766, 31.2957011, 1.23809529, 696746.81, 5.60549912e+18, 9.01817343e+13, 3.16694967e+17, 45210.0401, -337.398436, -341.767518, 5e+15, 7.40294796e+21, -258496.913, 646920.994, 303.171965, 73.9734786, 31.2957011, 1.23809529, 1.23809529, 5e+15, 44837.2633, 407.006788, 0.399332861, 47634.946, -288.556685, -16353.9221, -18317.1662, 287.035297, 41742.158, 43967.183, 0, 1.21805669e-08, 1.21805669e-08, 3.15976536e+10, 3.1532896e+10, 22048946.5, 0.27, 3.332, -86806693.3, -16642.4788, 42029.1932, 0, 4.99762759e+15, 2.19518736e-06, 2.10327234e-05, 0, 0
0.3125, 0, 0, 5e+15, 0, 2.65105625e-21, 3.718e+18, 6.44e+20, 4.84641221, 4, 339.188296, 30.747061, 1.23809529, 706990.517, 7.95278019e+18, 8.92830472e+13, 3.06793453e+17, 44400.8116, -337.108354, -341.475993, 5e+15, 7.32461051e+21, -258694.4, 657900.246, 303.291644, 73.9821704, 30.747061, 1.23809529, 1.23809529, 5e+15, 44032.6394, 402.945978, 0.398651972, 46642.525, -285.688591, -15831.192, -17744.163, 284.160479, 41084.4328, 43132.1056, 0, 1.21873953e-08, 1.21873953e-08, 3.14880962e+10, 3.14270959e+10, 20507500.3, 0.27, 3.332, -81507817.8, -16116.8806, 41368.5932, 0, 4.99765486e+15, 3.14425341e-06, 3.03100895e-05, 0, 0
0.314285675, 0, 0, 5e+15, 0, 2.6925512e-21, 3.718e+18, 6.44e+20, 4.84636057, 4, 339.069507, 30.3645438, 1.23809529, 711014.559, 9.1017402e+18, 8.89181978e+13, 3.03004687e+17, 44090.4261, -336.989721, -341.356789, 5e+15, 7.29339814e+21, -258867.416, 662122.636, 303.338802, 73.9586632, 30.3645438, 1.23809529, 1.23809529, 5e+15, 43724.003, 401.343158, 0.398469704, 46264.0451, -284.569452, -15656.104, -17551.1136, 283.012872, 40819.3619, 42801.0133, 0, 1.21900864e-08, 1.21900864e-08, 3.14438238e+10, 3.13841952e+10, 19938201.8, 0.27, 3.332, -79566865.7, -15940.6734, 41102.3748, 0, 4.99766569e+15, 3.46586491e-06, 3.47364818e-05, 0, 0
0.31875, 0, 0, 5e+15, 0, 2.79638276e-21, 3.718e+18, 6.44e+20, 4.8462332, 4, 338.772386, 29.8730836, 1.23809529, 720616.122, 1.24600038e+19, 8.80317891e+13, 2.94030454e+17, 43327.0018, -336.692983, -341.058663, 5e+15, 7.21631315e+21, -258851.909, 672463.089, 303.455121, 74.0204669, 29.8730836, 1.23809529, 1.23809529, 5e+15, 42965.0872, 397.327792, 0.397885816, 45339.2144, -281.728358, -15171.0855, -17024.028, 280.175357, 40194.0339, 42018.7352, 0, 1.21967245e-08, 1.21967245e-08, 3.13158254e+10, 3.12594587e+10, 18585703.7, 0.27, 3.332, -74952421.6, -15452.8138, 40474.2093, 0, 4.99769243e+15, 4.77625154e-06, 4.82886796e-05, 0, 0
0.320535675, 0, 0, 5e+15, 0, 2.83848273e-21, 3.718e+18, 6.44e+20, 4.84618344, 4, 338.651035, 29.8730836, 1.23809529, 724403.864, 1.40744377e+19, 8.76724443e+13, 2.90590411e+17, 43034.7816, -336.571787, -340.936918, 5e+15, 7.18566212e+21, -258951.087, 676452.455, 303.50055, 74.0179322, 29.8730836, 1.23809529, 1.23809529, 5e+15, 42674.5806, 395.742753, 0.397736388, 44986.7811, -280.618015, -15008.393, -16846.0006, 279.044101, 39943.3403, 41709.4909, 0, 1.21993175e-08, 1.21993175e-08, 3.12658416e+10, 3.12106735e+10, 18088586.1, 0.27, 3.332, -73256636.9, -15289.0111, 40222.3844, 0, 4.99770302e+15, 5.22334933e-06, 5.46924196e-05, 0, 0
0.325, 0, 0, 5e+15, 0, 2.94371459e-21, 3.718e+18, 6.44e+20, 4.84606073, 4, 338.347633, 29.4287371, 1.23809529, 733456.89, 1.87082449e+19, 8.6797345e+13, 2.82412267e+17, 42314.3533, -336.268765, -340.632558, 5e+15, 7.10977249e+21, -258757.356, 686243.7, 303.612563, 74.1243249, 29.4287371, 1.23809529, 1.23809529, 5e+15, 41958.5721, 391.770542, 0.397242874, 44123.2018, -277.803555, -14557.2635, -16359.479, 276.241011, 39349.2747, 40975.6555, 0, 1.22057113e-08, 1.22057113e-08, 3.11252333e+10, 3.10729315e+10, 16902551.6, 0.27, 3.332, -69204278.3, -14835.067, 39625.5158, 0, 4.99772925e+15, 6.97184821e-06, 7.37912846e-05, 0, 0
0.326785675, 0, 0, 5e+15, 0, 2.98590567e-21, 3.718e+18, 6.44e+20, 4.84601326, 4, 338.223855, 29.1127733, 1.23809529, 737042.708, 2.09040477e+19, 8.64427725e+13, 2.79272644e+17, 42039.0846, -336.145139, -340.508405, 5e+15, 7.07963079e+21, -258793.363, 690033.356, 303.655885, 74.1396212, 29.1127733, 1.23809529, 1.23809529, 5e+15, 41684.9853, 390.201462, 0.397124124, 43794.279, -276.701741, -14405.6786, -16194.711, 275.123795, 39112.2168, 40686.2772, 0, 1.22081846e-08, 1.22081846e-08, 3.10715236e+10, 3.10202818e+10, 16468976, 0.27, 3.332, -67710834.4, -14682.3803, 39387.3407, 0, 4.99773961e+15, 7.57380429e-06, 8.27556759e-05, 0, 0
0.33125, 0, 0, 5e+15, 0, 3.09125154e-21, 3.718e+18, 6.44e+20, 4.84589623, 4, 337.91449, 28.7076402, 1.23809529, 745625.945, 2.71135852e+19, 8.55781239e+13, 2.71784387e+17, 41359.021, -335.83615, -340.198127, 5e+15, 7.0048864e+21, -258448.844, 699351.473, 303.762666, 74.2839954, 28.7076402, 1.23809529, 1.23809529, 5e+15, 41009.2598, 386.269989, 0.396715108, 42986.298, -273.913225, -13985.0821, -15744.1781, 272.352395, 38548.2021, 39996.8803, 0, 1.2214281e-08, 1.2214281e-08, 3.09229278e+10, 3.08742336e+10, 15431538.3, 0.27, 3.332, -64125728.8, -14258.9953, 38820.5546, 0, 4.99776532e+15, 9.8429776e-06, 0.000108893312, 0, 0
0.333035675, 0, 0, 5e+15, 0, 3.13295527e-21, 3.718e+18, 6.44e+20, 4.84585143, 4, 337.788401, 28.7076402, 1.23809529, 749038.641, 3.00221203e+19, 8.52275967e+13, 2.68905824e+17, 41099.5784, -335.710212, -340.071681, 5e+15, 6.97520197e+21, -258429.97, 702969.542, 303.803521, 74.3147241, 28.7076402, 1.23809529, 1.23809529, 5e+15, 40751.4717, 384.714668, 0.396625126, 42678.6363, -272.819259, -13843.4711, -15591.1582, 271.246793, 38324.058, 39725.5829, 0, 1.22166138e-08, 1.22166138e-08, 3.08670642e+10, 3.08157864e+10, 15054156.3, 0.27, 3.332, -66331973.9, -14116.2904, 38595.3048, 0, 4.99777548e+15, 1.0632253e-05, 0.000121100144, 0, 0
0.3375, 0, 0, 5e+15, 0, 3.23697159e-21, 3.718e+18, 6.44e+20, 4.84574108, 4, 337.473348, 28.3354512, 1.23809529, 757218.453, 3.81472235e+19, 8.43725328e+13, 2.62020261e+17, 40457.4062, -335.395529, -339.755758, 5e+15, 6.90154942e+21, -257956.378, 711879.173, 303.904178, 74.4919305, 28.3354512, 1.23809529, 1.23809529, 5e+15, 40113.5626, 380.821068, 0.396295387, 41921.1979, -270.055589, -13450.4447, -15172.6782, 268.504121, 37788.8337, 39076.9517, 0, 1.22223619e-08, 1.22223619e-08, 3.07141643e+10, 3.06564084e+10, 14149375.9, 0.27, 3.332, -71905264.6, -13720.5003, 38057.3378, 0, 4.99780067e+15, 1.35106807e-05, 0.000155994504, 0, 0
0.339285675, 0, 0, 5e+15, 0, 3.27756692e-21, 3.718e+18, 6.44e+20, 4.84569934, 4, 337.345047, 28.0711445, 1.23809529, 760421.032, 4.18116391e+19, 8.4025236e+13, 2.58175494e+17, 40196.4863, -335.267376, -339.626998, 5e+15, 6.87224718e+21, -257889.097, 715284.85, 303.942234, 74.5362716, 28.0711445, 1.23809529, 1.24419414, 5e+15, 39854.5045, 379.276659, 0.396237737, 41615.4797, -268.968279, -13261.3312, -14973.6299, 267.407296, 37578.5798, 38824.2321, 0, 1.22245353e-08, 1.22245353e-08, 3.06424136e+10, 3.05670633e+10, 13764616.1, 0.27, 3.332, -89114861.7, -13530.2995, 37845.9871, 0, 4.99781063e+15, 1.44940758e-05, 0.000171767201, 0, 0
0.34375, 0, 0, 5e+15, 0, 3.37870815e-21, 3.718e+18, 6.44e+20, 4.84559655, 4, 337.024544, 27.7268798, 1.23809529, 768102.28, 5.18780638e+19, 8.31787569e+13, 2.48956883e+17, 39542.664, -334.947236, -339.305363, 5e+15, 6.79958005e+21, -257303.786, 723680.104, 304.035954, 74.7423264, 27.7268798, 1.23809529, 1.24419414, 5e+15, 39205.4717, 375.41716, 0.395996699, 40854.2212, -266.227743, -12742.0853, -14432.6397, 264.689722, 37074.892, 38218.0921, 0, 1.22298882e-08, 1.22298882e-08, 3.04454378e+10, 3.03274344e+10, 12837825.3, 0.27, 3.332, -130841179, -13008.3131, 37339.5817, 0, 4.99783533e+15, 1.79772985e-05, 0.000216035756, -1.21738214e-11, -1.13407985e-11
0.345535675, 0, 0, 5e+15, 0, 3.41759828e-21, 3.718e+18, 6.44e+20, 4.84555815, 4, 336.894197, 27.7268798, 1.24419414, 769857.464, 4.84862668e+19, 8.28336827e+13, 2.40566007e+17, 38341.2362, -334.817036, -339.174051, 5e+15, 4.80643858e+24, -258084.922, 725268.862, 304.070956, 74.8173632, 27.7268798, 1.25029299, 1.24419414, 5e+15, 38007.3593, 372.197753, 0.393122424, 39640.8421, -265.227083, -12447.4716, -14129.3962, 261.111782, 35910.4476, 37036.8623, 0, 1.22318876e-08, 1.22318876e-08, 2.94915352e+10, 2.9506193e+10, 116367758, 0.27, 3.332, -101709955, -12712.6986, 36171.5594, 0, 3.54317126e+15, 1.64923327e-05, 0.000199454427, 103211.399, 44673.7746
0.35, 0, 0, 5e+15, 0, 3.51439146e-21, 3.718e+18, 6.44e+20, 4.84546362, 4, 336.568649, 27.4185562, 1.25944174, 773975.061, 4.05451857e+19, 8.1994494e+13, 2.21239044e+17, 35399.1762, -334.491845, -338.846143, 5e+15, 1.6936551e+25, -259766.218, 729038.986, 304.157119, 75.0754406, 27.4185562, 1.28078819, 1.25944174, 5e+15, 35073.576, 364.148204, 0.385369657, 36676.6769, -262.632625, -11663.0237, -13326.3864, 252.245755, 33075.7116, 34168.3322, 0, 1.22368097e-08, 1.22368097e-08, 2.71241586e+10, 2.74667271e+10, 373236274, 0.27, 3.332, -30667714.2, -11925.6564, 33327.9574, 0, 1.49936081e+15, 1.06233597e-05, 0.000149310302, 2e+18, 1.06323685e+17
0.35, 0, 0, 1.5e+15, 0, 3.51439146e-21, 3.718e+18, 6.44e+20, 4.84546362, 4, 336.568649, 27.4185562, 1.25944174, 753199.97, 4.05451857e+19, 8.1994494e+13, 2.21239044e+17, 35399.1762, -334.491845, -338.846143, 1.5e+15, 1.6936551e+25, -251143.807, 710062.424, 304.157119, 75.0754406, 27.4185562, 1.28078819, 1.25944174, 1.5e+15, 35073.576, 364.148204, 0.385369657, 36676.6769, -262.632625, -11663.0237, -13326.3864, 252.245755, 33075.7116, 34168.3322, 0, 1.22368097e-08, 1.22368097e-08, 2.71241586e+10, 2.74667271e+10, 373236274, 0.27, 3.332, -30667714.2, -11925.6564, 33327.9574, 0, 1.49936081e+15, 1.06233597e-05, 0.000149310302, 2e+18, 1.06323685e+17
0.368883528, 0, 0, 1.5e+15, 0, 3.8188359e-21, 3.718e+18, 6.44e+20, 4.84520538, 4, 335.227072, 27.8144116, 1.26554059, 750922.632, 3.35010006e+19, 8.09075489e+13, 2.13860512e+17, 34521.0183, -333.150867, -337.503224, 1.5e+15, 1.67021903e+25, -250775.564, 707782.875, 304.392228, 75.8111645, 27.8144116, 1.28078819, 1.26554059, 1.5e+15, 34200.3811, 359.400046, 0.382598904, 35765.8932, -259.166838, -11237.2122, -12845.5714, 248.999543, 32296.0011, 33374.02, 0, 1.22502484e-08, 1.22502484e-08, 2.63202752e+10, 2.66569098e+10, 362088824, 0.27, 3.332, -25454228, -11496.3791, 32545.0006, 0, 1.49937084e+15, 9.95044072e-06, 0.000138663965, 2e+18, 1.06745651e+17
0.4160938, 0, 0, 1.5e+15, 0, 4.57196139e-21, 3.718e+18, 6.44e+20, 4.84457166, 4, 331.877167, 28.8118811, 1.28078819, 744317.615, 2.01717726e+19, 7.83038751e+13, 1.96748516e+17, 32283.5241, -329.80243, -334.150021, 1.5e+15, 1.61244948e+25, -247569.025, 701916.433, 304.969125, 78.4990278, 28.8118811, 1.28078819, 1.28078819, 1.5e+15, 31976.1844, 347.435927, 0.375286211, 33451.6681, -250.413971, -9972.72815, -11466.044, 240.841192, 30380.3885, 31424.4353, 0, 1.22832249e-08, 1.22832249e-08, 2.42252703e+10, 2.45463691e+10, 333719061, 0.27, 3.332, -12620275.4, -10223.1421, 30621.2297, 0, 1.49939569e+15, 6.88606515e-06, 0.000104446806, 2e+18, 1.07400349e+17
0.4349773, 0, 0, 1.5e+15, 0, 4.57813498e-21, 3.718e+18, 6.44e+20, 4.84456705, 4, 330.565102, 28.8118811, 1.28078819, 738406.158, 1.59597322e+19, 7.64144396e+13, 1.92018818e+17, 31094.7717, -328.491012, -332.837308, 1.5e+15, 1.57054327e+25, -245418.542, 696403.446, 304.973311, 79.3215075, 28.8118811, 1.28078819, 1.28078819, 1.5e+15, 30794.3653, 339.197358, 0.370414634, 32241.7242, -244.466987, -9670.37843, -11123.4677, 235.13961, 29236.3193, 30261.9832, 0, 1.22834643e-08, 1.22834643e-08, 2.31159474e+10, 2.34467595e+10, 341904148, 0.27, 3.332, -11092046.2, -9914.84543, 29471.4589, 0, 1.49940975e+15, 6.06106082e-06, 9.14059981e-05, 2e+18, 1.12799088e+17
0.4821875, 0, 0, 1.5e+15, 0, 4.58494004e-21, 3.718e+18, 6.44e+20, 4.844562, 4, 327.289233, 28.8118811, 1.28078819, 722681.458, 8.64943659e+18, 7.19103171e+13, 1.80859785e+17, 28125.8575, -325.216744, -329.559858, 1.5e+15, 1.46501076e+25, -237423.123, 682555.598, 304.977905, 82.0179845, 28.8118811, 1.28078819, 1.28078819, 1.5e+15, 27843.5669, 318.334542, 0.357669227, 29223.6167, -229.378298, -8797.70943, -10162.4866, 220.731523, 26416.6881, 27399.2951, 0, 1.2283727e-08, 1.2283727e-08, 2.03109305e+10, 2.06664836e+10, 362847525, 0.27, 3.332, -7294434.96, -9027.08773, 26637.4196, 0, 1.49944508e+15, 2.97342379e-06, 5.34482263e-05, 2e+18, 1.27639512e+17
0.501071028, 0, 0, 1.5e+15, 0, 4.50018466e-21, 3.718e+18, 6.44e+20, 4.84462713, 4, 326.020667, 29.4376927, 1.28078819, 715187.299, 6.43245307e+18, 7.01369774e+13, 1.77754904e+17, 27281.9, -323.94877, -328.290951, 1.5e+15, 1.42819419e+25, -234774.909, 675539.811, 304.918663, 83.0140149, 29.4376927, 1.28078819, 1.28078819, 1.5e+15, 27006.16, 310.656239, 0.353364557, 28374.4382, -223.689235, -8561.37774, -9895.91866, 215.569024, 25612.9698, 26592.6527, 0, 1.22803393e-08, 1.22803393e-08, 1.9503696e+10, 1.98626903e+10, 365430176, 0.27, 3.332, -6435841.07, -8785.06699, 25828.5388, 0, 1.49945786e+15, 2.5242462e-06, 4.48958054e-05, 2e+18, 1.30821824e+17
0.5482813, 0, 0, 1.5e+15, 0, 4.28304323e-21, 3.718e+18, 6.44e+20, 4.84479357, 4, 322.8542, 31.0156936, 1.28078819, 695788.69, 3.00638733e+18, 6.58784274e+13, 1.70339932e+17, 25169.5858, -320.783787, -325.123658, 1.5e+15, 1.33476694e+25, -226420.098, 657910.7, 304.76726, 85.9409621, 31.0156936, 1.28078819, 1.28078819, 1.5e+15, 24910.8924, 291.101681, 0.342211417, 26250.74, -209.202439, -7902.88493, -9167.43839, 202.421483, 23623.8322, 24597.7203, 0, 1.22716812e-08, 1.22716812e-08, 1.74632626e+10, 1.78310508e+10, 372093124, 0.27, 3.332, -4304945.12, -8112.08737, 23826.2537, 0, 1.49949028e+15, 1.05875394e-06, 2.1460529e-05, 2e+18, 1.39131355e+17
0.5671648, 0, 0, 1.5e+15, 0, 4.20023364e-21, 3.718e+18, 6.44e+20, 4.84486159, 4, 321.634921, 31.0156936, 1.28078819, 687650.37, 2.1450906e+18, 6.43085609e+13, 1.68214619e+17, 24529.5653, -319.565075, -323.90417, 1.5e+15, 1.30329744e+25, -223325.82, 650364.374, 304.705353, 87.110711, 31.0156936, 1.28078819, 1.28078819, 1.5e+15, 24276.7662, 284.24964, 0.338364576, 25610.8106, -203.999665, -7704.047, -8944.79975, 197.94221, 23021.6832, 23997.7593, 0, 1.22681421e-08, 1.22681421e-08, 1.68342279e+10, 1.72022371e+10, 371810402, 0.27, 3.332, -3801140.66, -7908.04667, 23219.6254, 0, 1.49950161e+15, 8.73840922e-07, 1.75709438e-05, 2e+18, 1.4077623e+17
0.614375, 0, 0, 1.5e+15, 0, 3.99071801e-21, 3.718e+18, 6.44e+20, 4.84503346, 4, 318.592271, 31.0156936, 1.28078819, 666852.648, 9.08408939e+17, 6.05050624e+13, 1.63112449e+17, 22927.4709, -316.523857, -320.861014, 1.5e+15, 1.22286131e+25, -214463.847, 631420.58, 304.548936, 90.3342326, 31.0156936, 1.28078819, 1.28078819, 1.5e+15, 22689.9961, 266.717606, 0.328459456, 24009.5069, -190.720962, -7167.22094, -8350.24374, 186.450293, 21528.1276, 22510.5102, 0, 1.22591999e-08, 1.22591999e-08, 1.52476992e+10, 1.56164504e+10, 371302548, 0.27, 3.332, -2551355.9, -7357.9419, 21714.5779, 0, 1.49953057e+15, 3.19646097e-07, 7.30186378e-06, 2e+18, 1.44965858e+17
0.633258528, 0, 0, 1.5e+15, 0, 3.92369029e-21, 3.718e+18, 6.44e+20, 4.84509213, 4, 317.423476, 31.8156838, 1.28078819, 658512.449, 6.26849489e+17, 5.91726736e+13, 1.61591791e+17, 22411.0265, -315.355588, -319.692078, 1.5e+15, 1.19650458e+25, -211024.782, 623773.515, 304.495507, 91.6498178, 31.8156838, 1.28078819, 1.28078819, 1.5e+15, 22178.6656, 260.765581, 0.325006793, 23494.7191, -186.045588, -6990.41458, -8154.14779, 182.713112, 21047.9308, 22034.037, 0, 1.22561463e-08, 1.22561463e-08, 1.47306824e+10, 1.50986497e+10, 370199115, 0.27, 3.332, -2231844.73, -7176.46016, 21230.644, 0, 1.49954026e+15, 2.58600906e-07, 5.87269962e-06, 2e+18, 1.45869953e+17
0.6804688, 0, 0, 1.5e+15, 0, 3.75512373e-21, 3.718e+18, 6.44e+20, 4.84523956, 4, 314.507522, 33.8307488, 1.28078819, 637348.598, 2.44945125e+17, 5.5905211e+13, 1.57949565e+17, 21120.2541, -312.440978, -316.775787, 1.5e+15, 1.12858414e+25, -201680.999, 604594.198, 304.361254, 95.1634957, 33.8307488, 1.28078819, 1.28078819, 1.5e+15, 20901.2251, 245.456656, 0.316149922, 22208.0609, -174.088757, -6524.49517, -7639.67487, 173.037467, 19856.685, 20852.5535, 0, 1.22484734e-08, 1.22484734e-08, 1.34303277e+10, 1.3796566e+10, 367680746, 0.27, 3.332, -1442460.22, -6698.58393, 20029.7225, 0, 1.49956524e+15, 8.58151518e-08, 2.19492743e-06, 2e+18, 1.48155764e+17
0.6993523, 0, 0, 1.5e+15, 0, 3.70096449e-21, 3.718e+18, 6.44e+20, 4.84528964, 4, 313.389332, 33.8307488, 1.28078819, 628930.155, 1.63171346e+17, 5.48239102e+13, 1.56814485e+17, 20681.4478, -311.32325, -315.657496, 1.5e+15, 1.10726669e+25, -197995.395, 596939.765, 304.315634, 96.5571501, 33.8307488, 1.28078819, 1.28078819, 1.5e+15, 20466.6965, 240.399607, 0.31305226, 21771.4556, -169.891965, -6361.62288, -7460.75516, 170.075326, 19452.5733, 20452.8656, 0, 1.22458667e-08, 1.22458667e-08, 1.29883952e+10, 1.33536094e+10, 366437598, 0.27, 3.332, -1223437.24, -6531.51485, 19622.6487, 0, 1.49957316e+15, 6.83209847e-08, 1.73761615e-06, 2e+18, 1.48688233e+17
0.7465625, 0, 0, 1.5e+15, 0, 3.56526983e-21, 3.718e+18, 6.44e+20, 4.84541502, 4, 310.600248, 33.8307488, 1.28078819, 607664.139, 5.85052736e+16, 5.2126289e+13, 1.54121203e+17, 19587.586, -308.535365, -312.86818, 1.5e+15, 1.05172768e+25, -188268.515, 577761.107, 304.201411, 100.23929, 33.8307488, 1.28078819, 1.28078819, 1.5e+15, 19384.043, 227.317261, 0.305122471, 20682.7069, -159.135157, -5939.67466, -6997.16641, 162.323731, 18451.5152, 19463.0693, 0, 1.22393401e-08, 1.22393401e-08, 1.18801197e+10, 1.22430473e+10, 363614566, 0.27, 3.332, -687071.399, -6098.80982, 18613.839, 0, 1.49959381e+15, 2.09526509e-08, 5.83638539e-07, 2e+18, 1.50036319e+17
0.765446028, 0, 0, 1.5e+15, 0, 3.52044632e-21, 3.718e+18, 6.44e+20, 4.84545846, 4, 309.53263, 34.7905337, 1.28078819, 599208.061, 3.74401115e+16, 5.1304372e+13, 1.53244662e+17, 19200.0354, -307.46812, -311.800489, 1.5e+15, 1.03549673e+25, -184429.223, 570107.046, 304.161818, 101.593612, 34.7905337, 1.28078819, 1.28078819, 1.5e+15, 18999.9573, 223.092392, 0.30235327, 20297.4693, -155.343168, -5787.00416, -6830.72407, 160.10465, 18096.8395, 19113.2042, 0, 1.22370783e-08, 1.22370783e-08, 1.14923797e+10, 1.18542894e+10, 362436404, 0.27, 3.332, -526791.865, -5942.34733, 18256.9442, 0, 1.49959987e+15, 1.64541929e-08, 4.55009197e-07, 2e+18, 1.50364176e+17
0.8126563, 0, 0, 1.5e+15, 0, 3.40838636e-21, 3.718e+18, 6.44e+20, 4.845567, 4, 306.870198, 37.2050176, 1.28078819, 577914.339, 1.21603419e+16, 4.92130549e+13, 1.51196354e+17, 18236.6721, -304.806671, -309.137898, 1.5e+15, 9.92730699e+24, -174465.895, 550948.758, 304.062899, 105.178932, 37.2050176, 1.28078819, 1.28078819, 1.5e+15, 18045.7093, 212.127228, 0.295270657, 19339.2571, -145.634086, -5395.96275, -6403.03214, 154.235165, 17220.0168, 18248.4511, 0, 1.22314273e-08, 1.22314273e-08, 1.05224765e+10, 1.0882153e+10, 359815396, 0.27, 3.332, -138911.182, -5541.59683, 17374.2519, 0, 1.49961585e+15, 4.73999777e-09, 1.35602492e-07, 2e+18, 1.5120181e+17
0.8315398, 0, 0, 1.5e+15, 0, 3.37057414e-21, 3.718e+18, 6.44e+20, 4.84560518, 4, 305.853177, 37.2050176, 1.28078819, 569443.014, 7.42967689e+15, 4.8618132e+13, 1.50505558e+17, 17884.9883, -303.78993, -308.120825, 1.5e+15, 9.80945228e+24, -170554.651, 543288.403, 304.028084, 106.35082, 37.2050176, 1.28078819, 1.28078819, 1.5e+15, 17696.8122, 208.555883, 0.292809446, 18989.7574, -142.076578, -5251.91601, -6246.65393, 152.648146, 16899.1439, 17932.5572, 0, 1.22294388e-08, 1.22294388e-08, 1.01766875e+10, 1.05354328e+10, 358761694, 0.27, 3.332, -16333.5035, -5393.99259, 17051.792, 0, 1.49962025e+15, 3.67626311e-09, 1.04127965e-07, 2e+18, 1.51405414e+17
0.87875, 0, 0, 1.5e+15, 0, 3.27613658e-21, 3.718e+18, 6.44e+20, 4.84570049, 4, 303.317332, 37.2050176, 1.28078819, 548160.324, 2.15151121e+15, 4.707437e+13, 1.48923247e+17, 17012.776, -301.254835, -305.584872, 1.5e+15, 9.49554867e+24, -160510.221, 524132.191, 303.941192, 109.484112, 37.2050176, 1.28078819, 1.28078819, 1.5e+15, 16831.9308, 199.292714, 0.286514765, 18122.2101, -132.996867, -4885.65317, -5846.8767, 148.422356, 16107.2198, 17153.0479, 0, 1.22244757e-08, 1.22244757e-08, 9.31329236e+09, 9.67005025e+09, 356481605, 0.27, 3.332, 276286.766, -5018.65004, 16255.6421, 0, 1.49963198e+15, 1.0058213e-09, 2.70380771e-08, 2e+18, 1.51936531e+17
0.897633528, 0, 0, 1.5e+15, 0, 3.2438727e-21, 3.718e+18, 6.44e+20, 4.84573428, 4, 302.350966, 38.3793226, 1.28078819, 539694.631, 1.24610586e+15, 4.66624087e+13, 1.48378113e+17, 16687.9904, -300.288664, -304.61847, 1.5e+15, 9.41373065e+24, -156597.931, 516462.444, 303.910377, 110.363844, 38.3793226, 1.28078819, 1.28078819, 1.5e+15, 16509.421, 196.205721, 0.284343774, 17799.3844, -129.556699, -4749.81671, -5699.5611, 147.308792, 15810.9786, 16861.7974, 0, 1.22227159e-08, 1.22227159e-08, 9.00213353e+09, 9.35808062e+09, 355574937, 0.27, 3.332, 372152.907, -4879.37341, 15958.2874, 0, 1.49963502e+15, 7.70474739e-10, 2.04556639e-08, 2e+18, 1.52057828e+17
0.9448438, 0, 0, 1.5e+15, 0, 3.16330845e-21, 3.718e+18, 6.44e+20, 4.84581859, 4, 299.941739, 41.3299255, 1.28078819, 518464.112, 3.15971738e+14, 4.55827916e+13, 1.47159954e+17, 15883.6042, -297.879966, -302.209177, 1.5e+15, 9.19537806e+24, -146621.449, 497298.535, 303.833489, 112.747838, 41.3299255, 1.28078819, 1.28078819, 1.5e+15, 15710.9742, 188.252149, 0.27878779, 16998.9864, -120.828583, -4406.02715, -5324.02293, 144.357475, 15080.4574, 16143.7066, 0, 1.2218325e-08, 1.2218325e-08, 8.22599408e+09, 8.58027225e+09, 353680869, 0.27, 3.332, 597292.51, -4526.85573, 15224.8149, 0, 1.49964316e+15, 1.99486719e-10, 4.5284445e-09, 2e+18, 1.52389207e+17
0.9637273, 0, 0, 1.5e+15, 0, 3.13561432e-21, 3.718e+18, 6.44e+20, 4.84584854, 4, 299.026094, 41.3299255, 1.28078819, 510029.212, 1.72096443e+14, 4.52921735e+13, 1.46740934e+17, 15580.587, -296.964458, -301.293511, 1.5e+15, 9.1376591e+24, -142769.346, 489625.69, 303.806165, 113.316562, 41.3299255, 1.28078819, 1.28078819, 1.5e+15, 15409.8914, 185.505345, 0.27689007, 16697.725, -117.441243, -4278.46825, -5185.41975, 143.543577, 14803.6108, 15871.7848, 0, 1.22167648e-08, 1.22167648e-08, 7.94498334e+09, 8.29859479e+09, 352939272, 0.27, 3.332, 672175.206, -4395.90949, 14947.1544, 0, 1.4996453e+15, 1.50714056e-10, 3.37697919e-09, 2e+18, 1.52451542e+17
1.0109375, 0, 0, 1.5e+15, 0, 3.06643509e-21, 3.718e+18, 6.44e+20, 4.8459233, 4, 296.743555, 41.3299255, 1.28078819, 488907.011, 3.74510196e+13, 4.45361126e+13, 1.45833579e+17, 14830.3645, -294.682285, -299.010943, 1.5e+15, 8.98556607e+24, -132996.779, 470468.681, 303.737967, 114.878494, 41.3299255, 1.28078819, 1.28078819, 1.5e+15, 14664.6426, 178.500789, 0.272027583, 15950.8799, -108.893638, -3956.50095, -4832.44694, 141.437128, 14120.7868, 15201.2264, 0, 1.22128707e-08, 1.22128707e-08, 7.24420951e+09, 7.59651551e+09, 351461805, 0.27, 3.332, 844196.353, -4065.39458, 14262.2239, 0, 1.49965093e+15, 4.18795226e-11, 6.212341e-10, 2e+18, 1.52642927e+17
1.02982103, 0, 0, 1.5e+15, 0, 3.04262218e-21, 3.718e+18, 6.44e+20, 4.8459498, 4, 295.878605, 42.7937987, 1.28078819, 480535.022, 1.90080372e+13, 4.43153539e+13, 1.45534449e+17, 14546.392, -293.817437, -298.145986, 1.5e+15, 8.94182649e+24, -129262.64, 462809.378, 303.713786, 115.198675, 42.7937987, 1.28078819, 1.28078819, 1.5e+15, 14382.4016, 176.007193, 0.270385911, 15668.5733, -105.590385, -3837.76089, -4702.7371, 140.757097, 13860.4981, 14945.8278, 0, 1.22114902e-08, 1.22114902e-08, 6.99056118e+09, 7.34237056e+09, 350908689, 0.27, 3.332, 900695.096, -3943.35128, 14001.2551, 0, 1.49965255e+15, 3.25366436e-11, 4.57010966e-10, 2e+18, 1.52660784e+17
1.0770313, 0, 0, 1.5e+15, 0, 2.98309988e-21, 3.718e+18, 6.44e+20, 4.84601598, 4, 293.722589, 46.4676624, 1.28078819, 459597.435, 3.47035667e+12, 4.37600224e+13, 1.44914952e+17, 13842.7498, -291.661685, -295.989975, 1.5e+15, 8.83071387e+24, -119829.186, 443700.092, 303.653397, 116.087998, 46.4676624, 1.28078819, 1.28078819, 1.5e+15, 13683.1235, 169.732522, 0.266172272, 14967.9747, -97.3028155, -3538.51025, -4372.36394, 139.07212, 13217.63, 14315.1035, 0, 1.22080424e-08, 1.22080424e-08, 6.35771842e+09, 6.70863045e+09, 349885830, 0.27, 3.332, 1026202.39, -3635.81306, 13356.7021, 0, 1.49965665e+15, 2.89573989e-12, 6.79146364e-11, 2e+18, 1.52749147e+17
1.0959148, 0, 0, 1.5e+15, 0, 2.96262958e-21, 3.718e+18, 6.44e+20, 4.84603935, 4, 292.908182, 46.4676624, 1.28078819, 451323.946, 735164979, 4.3554661e+13, 1.44737571e+17, 13576.3601, -290.847378, -295.175579, 1.5e+15, 8.79011585e+24, -116264.2, 436078.514, 303.632075, 116.249108, 46.4676624, 1.28078819, 1.28078819, 1.5e+15, 13418.4032, 167.387548, 0.264768675, 14703.3097, -94.1095789, -3429.11644, -4251.51717, 138.366552, 12972.4379, 14074.887, 0, 1.22068252e-08, 1.22068252e-08, 6.12942537e+09, 6.48003764e+09, 349547773, 0.27, 3.332, 1064503.28, -3523.22602, 13110.8045, 0, 1.49965817e+15, 1.40965162e-12, 4.92171614e-11, 2e+18, 1.52732384e+17
1.143125, 0, 0, 1.5e+15, 0, 2.91141713e-21, 3.718e+18, 6.44e+20, 4.84609774, 4, 290.878226, 46.4676624, 1.28078819, 430656.174, 0, 4.30614268e+13, 1.44399345e+17, 12914.8, -288.81766, -293.145665, 1.5e+15, 8.69172232e+24, -107292.346, 417075.761, 303.578778, 116.701077, 46.4676624, 1.28078819, 1.28078819, 1.5e+15, 12760.9566, 161.576024, 0.261158056, 14044.8248, -86.1359797, -3153.57009, -3943.48622, 136.701079, 12365.1137, 13479.8247, 0, 1.22037827e-08, 1.22037827e-08, 5.55910894e+09, 5.90926886e+09, 349015318, 0.27, 3.332, 1144603.74, -3239.70608, 12501.8148, 0, 1.49966182e+15, 0, 4.18856917e-12, 2e+18, 1.52741894e+17
1.16200853, 0, 0, 1.5e+15, 0, 2.89385064e-21, 3.718e+18, 6.44e+20, 4.84611824, 4, 290.114017, 48.3153885, 1.28078819, 422519.71, 0, 4.28250583e+13, 1.44348383e+17, 12665.1089, -288.053574, -292.381483, 1.5e+15, 8.64499522e+24, -103940.738, 409522.923, 303.560066, 116.775364, 48.3153885, 1.28078819, 1.28078819, 1.5e+15, 12513.0215, 159.253202, 0.259974108, 13796.997, -83.0838793, -3053.99995, -3831.10877, 135.806702, 12134.2272, 13254.1054, 0, 1.22027146e-08, 1.22027146e-08, 5.35450264e+09, 5.70458224e+09, 348916496, 0.27, 3.332, 1163108.48, -3137.08384, 12270.0339, 0, 1.49966359e+15, 0, 2.59308128e-12, 2e+18, 1.52699288e+17
1.2092188, 0, 0, 1.5e+15, 0, 2.84985715e-21, 3.718e+18, 6.44e+20, 4.84616953, 4, 288.209176, 52.9472284, 1.28078819, 402214.059, 0, 4.22837627e+13, 1.44288068e+17, 12042.5344, -286.149014, -290.476723, 1.5e+15, 8.53686858e+24, -95537.1457, 390701.873, 303.513245, 116.985954, 52.9472284, 1.28078819, 1.28078819, 1.5e+15, 11894.6708, 153.604373, 0.25691987, 13177.7662, -75.5081764, -2803.14194, -3544.6006, 133.763281, 11559.614, 12692.0878, 0, 1.2200042e-08, 1.2200042e-08, 4.84225526e+09, 5.1923468e+09, 348895990, 0.27, 3.332, 1195552.57, -2878.65012, 11693.3773, 0, 1.49966765e+15, 0, -2.41825355e-26, 2e+18, 1.52650656e+17
1.2281023, 0, 0, 1.5e+15, 0, 2.834815e-21, 3.718e+18, 6.44e+20, 4.84618743, 4, 287.494604, 52.9472284, 1.28078819, 394256.169, 0, 4.19593368e+13, 1.44364394e+17, 11808.6439, -285.434625, -289.762197, 1.5e+15, 8.47271072e+24, -92433.8227, 383255.865, 303.496905, 117.01804, 52.9472284, 1.28078819, 1.28078819, 1.5e+15, 11662.7916, 151.135572, 0.255937398, 12945.7471, -72.5922557, -2713.46549, -3439.59028, 132.511816, 11342.3863, 12480.1381, 0, 1.21991093e-08, 1.21991093e-08, 4.65969255e+09, 5.00992796e+09, 349043893, 0.27, 3.332, 1191514.38, -2786.05774, 11474.8981, 0, 1.49967011e+15, 0, 0, 2e+18, 1.52591012e+17
1.2753125, 0, 0, 1.5e+15, 0, 2.79709438e-21, 3.718e+18, 6.44e+20, 4.84623228, 4, 285.713428, 52.9472284, 1.28078819, 374413.138, 0, 4.12349003e+13, 1.44567093e+17, 11221.9918, -283.653859, -287.981137, 1.5e+15, 8.32723137e+24, -84680.0836, 364710.368, 303.455963, 117.110217, 52.9472284, 1.28078819, 1.28078819, 1.5e+15, 11080.8938, 145.230962, 0.253393567, 12362.5081, -65.3939111, -2487.22215, -3172.2434, 129.67451, 10798.104, 11948.5689, 0, 1.21967726e-08, 1.21967726e-08, 4.20126019e+09, 4.5519465e+09, 349513368, 0.27, 3.332, 1172948.96, -2552.61607, 10927.7785, 0, 1.49967566e+15, 0, 0, 2e+18, 1.52504185e+17
1.29419603, 0, 0, 1.5e+15, 0, 2.78426276e-21, 3.718e+18, 6.44e+20, 4.84624781, 4, 285.04764, 55.2916862, 1.28078819, 366676.912, 0, 4.07712914e+13, 1.44759154e+17, 11002.5644, -282.988351, -287.315411, 1.5e+15, 8.23577089e+24, -81859.1407, 357412.381, 303.441784, 117.123349, 55.2916862, 1.28078819, 1.28078819, 1.5e+15, 10863.8599, 142.481519, 0.25259515, 12144.5512, -62.6310526, -2407.565, -3073.59075, 127.937549, 10593.408, 11748.8633, 0, 1.21959633e-08, 1.21959633e-08, 4.03899223e+09, 4.39001863e+09, 349881705, 0.27, 3.332, 1144688.19, -2470.19605, 10721.3456, 0, 1.49967919e+15, 0, 0, 2e+18, 1.52436934e+17
1.3414063, 0, 0, 1.5e+15, 0, 2.75204701e-21, 3.718e+18, 6.44e+20, 4.84628677, 4, 283.387934, 61.1609679, 1.28078819, 347401.756, 0, 3.97445177e+13, 1.45182827e+17, 10448.0743, -281.329272, -285.655851, 1.5e+15, 8.02826024e+24, -74833.8344, 339244.812, 303.406213, 117.161736, 61.1609679, 1.28078819, 1.28078819, 1.5e+15, 10314.9964, 135.961155, 0.250517367, 11592.7451, -55.8368225, -2206.1817, -2823.60262, 123.965729, 10076.261, 11243.6135, 0, 1.21939332e-08, 1.21939332e-08, 3.63010639e+09, 3.98193247e+09, 350750251, 0.27, 3.332, 1075833.31, -2262.01852, 10200.2267, 0, 1.49968719e+15, 0, 0, 2e+18, 1.52332835e+17
1.3602898, 0, 0, 1.5e+15, 0, 2.74113547e-21, 3.718e+18, 6.44e+20, 4.84630017, 4, 282.769828, 61.1609679, 1.28078819, 339924.621, 0, 3.91072851e+13, 1.45460349e+17, 10240.9039, -280.711575, -285.037819, 1.5e+15, 7.90329911e+24, -72323.8909, 332132.581, 303.393976, 117.166909, 61.1609679, 1.28078819, 1.28078819, 1.5e+15, 10110.6387, 132.880652, 0.249886296, 11385.9617, -53.2622802, -2136.36537, -2730.60312, 121.707043, 9882.07831, 11053.3576, 0, 1.21932348e-08, 1.21932348e-08, 3.48611171e+09, 3.83840457e+09, 351267467, 0.27, 3.332, 1025393.1, -2189.62765, 10003.7853, 0, 1.49969203e+15, 0, 0, 2e+18, 1.52266033e+17
1.4075, 0, 0, 1.5e+15, 0, 2.71371103e-21, 3.718e+18, 6.44e+20, 4.84633382, 4, 281.228795, 61.1609679, 1.28078819, 321306.923, 0, 3.76939415e+13, 1.46028325e+17, 9713.34972, -279.17147, -283.496948, 1.5e+15, 7.61585064e+24, -66087.6344, 314435.54, 303.363242, 117.182377, 61.1609679, 1.28078819, 1.28078819, 1.5e+15, 9589.72687, 125.564762, 0.248231551, 10858.9031, -46.9260884, -1959.32838, -2496.76984, 116.465764, 9387.38562, 10567.9572, 0, 1.21914809e-08, 1.21914809e-08, 3.12206181e+09, 3.4753406e+09, 352363267, 0.27, 3.332, 915519.857, -2006.25448, 9503.85138, 0, 1.49970316e+15, 0, 0, 2e+18, 1.52160957e+17
1.42638353, 0, 0, 1.5e+15, 0, 2.70446238e-21, 3.718e+18, 6.44e+20, 4.84634532, 4, 280.657017, 64.1295628, 1.28078819, 314120.98, 0, 3.68888165e+13, 1.4634462e+17, 9515.71066, -278.600245, -282.925247, 1.5e+15, 7.45929698e+24, -63909.9965, 307543.538, 303.352736, 117.184366, 64.1295628, 1.28078819, 1.28078819, 1.5e+15, 9395.24132, 122.218485, 0.2477514, 10659.6927, -44.6081801, -1899.20054, -2409.84949, 113.762841, 9201.0561, 10383.3865, 0, 1.21908814e-08, 1.21908814e-08, 2.99430456e+09, 3.34808497e+09, 352929754, 0.27, 3.332, 850658.132, -1943.80872, 9314.81894, 0, 1.49970925e+15, 0, 0, 2e+18, 1.52101334e+17
1.4735938, 0, 0, 1.5e+15, 0, 2.681202e-21, 3.718e+18, 6.44e+20, 4.84637423, 4, 279.231233, 71.5500117, 1.28078819, 296235.101, 0, 3.51015227e+13, 1.46957501e+17, 9009.52747, -277.175729, -281.499623, 1.5e+15, 7.09360259e+24, -58502.2601, 290399.461, 303.326333, 117.190482, 71.5500117, 1.28078819, 1.28078819, 1.5e+15, 8896.5792, 114.210271, 0.246477126, 10149.7677, -38.8755639, -1746.1997, -2193.34837, 107.389512, 8723.47496, 9909.93089, 0, 1.21893747e-08, 1.21893747e-08, 2.67057765e+09, 3.02534919e+09, 354052383, 0.27, 3.332, 719157.135, -1785.07527, 8830.86447, 0, 1.49972344e+15, 0, 0, 2e+18, 1.52008767e+17
1.4924773, 0, 0, 1.5e+15, 0, 2.67337343e-21, 3.718e+18, 6.44e+20, 4.84638408, 4, 278.70423, 71.5500117, 1.28078819, 289373.129, 0, 3.41683025e+13, 1.4726293e+17, 8819.12389, -276.64942, -280.972692, 1.5e+15, 6.91388997e+24, -56659.8424, 283766.341, 303.317343, 117.191248, 71.5500117, 1.28078819, 1.28078819, 1.5e+15, 8709.50745, 110.745112, 0.246131241, 9954.90658, -36.864346, -1695.13349, -2113.6379, 104.411946, 8542.77898, 9727.60454, 0, 1.21888617e-08, 1.21888617e-08, 2.55736667e+09, 2.9125916e+09, 354573758, 0.27, 3.332, 651172.094, -1731.99783, 8647.19092, 0, 1.49973043e+15, 0, 0, 2e+18, 1.51959993e+17
1.5396875, 0, 0, 1.5e+15, 0, 2.65367213e-21, 3.718e+18, 6.44e+20, 4.84640883, 4, 277.389822, 71.5500117, 1.28078819, 272294.995, 0, 3.20943591e+13, 1.47827536e+17, 8330.48698, -275.336623, -279.658428, 1.5e+15, 6.48715249e+24, -52071.8542, 267268.054, 303.294732, 117.193683, 71.5500117, 1.28078819, 1.28078819, 1.5e+15, 8228.91971, 102.356013, 0.245194594, 9455.93816, -31.8394972, -1564.49538, -1916.51515, 97.2771676, 8078.77412, 9259.66186, 0, 1.21875715e-08, 1.21875715e-08, 2.27035766e+09, 2.62643454e+09, 355555738, 0.27, 3.332, 521143.712, -1596.33488, 8176.05129, 0, 1.49974702e+15, 0, 0, 2e+18, 1.51886431e+17
1.55857103, 0, 0, 1.5e+15, 0, 2.64707003e-21, 3.718e+18, 6.44e+20, 4.8464172, 4, 276.905724, 75.2017527, 1.28078819, 265793.764, 0, 3.11044502e+13, 1.48085847e+17, 8146.45457, -274.853336, -279.174391, 1.5e+15, 6.29828385e+24, -50556.6944, 260937.461, 303.28708, 117.193982, 75.2017527, 1.28078819, 1.28078819, 1.5e+15, 8048.19915, 98.9563123, 0.244965489, 9263.88037, -30.1720298, -1522.17753, -1846.16713, 94.2325429, 7902.82121, 9077.76532, 0, 1.21871348e-08, 1.21871348e-08, 2.17058908e+09, 2.52702942e+09, 355979694, 0.27, 3.332, 460647.113, -1552.34957, 7997.05375, 0, 1.49975438e+15, 0, 0, 2e+18, 1.51851368e+17
1.6057813, 0, 0, 1.5e+15, 0, 2.63045532e-21, 3.718e+18, 6.44e+20, 4.84643827, 4, 275.698025, 84.3161116, 1.28078819, 249611.396, 0, 2.89019371e+13, 1.48544207e+17, 7675.12521, -273.647534, -277.96681, 1.5e+15, 5.84285847e+24, -46760.0565, 245190.744, 303.267832, 117.194969, 84.3161116, 1.28078819, 1.28078819, 1.5e+15, 7584.98163, 90.6180579, 0.24432229, 8773.75607, -25.9518821, -1413.2308, -1672.77356, 86.8216751, 7452.10558, 8612.78677, 0, 1.21860365e-08, 1.21860365e-08, 1.91801314e+09, 2.27511886e+09, 356754952, 0.27, 3.332, 350760.664, -1439.18268, 7538.92725, 0, 1.4997721e+15, 0, 0, 2e+18, 1.51804473e+17
1.6246648, 0, 0, 1.5e+15, 0, 2.62489572e-21, 3.718e+18, 6.44e+20, 4.84644539, 4, 275.254709, 84.3161116, 1.28078819, 243501.794, 0, 2.79297132e+13, 1.48740201e+17, 7497.96782, -273.205105, -277.523541, 1.5e+15, 5.65881664e+24, -45544.5183, 239202.221, 303.261337, 117.195092, 84.3161116, 1.28078819, 1.28078819, 1.5e+15, 7410.9501, 87.436602, 0.244191561, 8584.91128, -24.6184482, -1378.84288, -1613.42222, 83.8917342, 7281.47563, 8431.70589, 0, 1.21856659e-08, 1.21856659e-08, 1.83088141e+09, 2.18825048e+09, 357065517, 0.27, 3.332, 303554.04, -1403.46132, 7365.36736, 0, 1.49977927e+15, 0, 0, 2e+18, 1.51780946e+17
1.671875, 0, 0, 1.5e+15, 0, 2.61090751e-21, 3.718e+18, 6.44e+20, 4.84646326, 4, 274.148465, 84.3161116, 1.28078819, 228288.733, 0, 2.57597182e+13, 1.49075491e+17, 7046.30802, -272.100955, -276.417388, 1.5e+15, 5.20837533e+24, -42468.3667, 224302.018, 303.245002, 117.195509, 84.3161116, 1.28078819, 1.28078819, 1.5e+15, 6967.05327, 79.5286841, 0.24379614, 8105.54276, -21.1919129, -1289.5272, -1466.76307, 76.6525448, 6846.61713, 7971.68759, 0, 1.21847339e-08, 1.21847339e-08, 1.61083996e+09, 1.96868638e+09, 357624568, 0.27, 3.332, 221855.277, -1310.71911, 6923.26966, 0, 1.4997968e+15, 0, 0, 2e+18, 1.51755254e+17
1.69075853, 0, 0, 1.5e+15, 0, 2.60623966e-21, 3.718e+18, 6.44e+20, 4.84646928, 4, 273.743534, 88.3220906, 1.28078819, 222589.253, 0, 2.48705125e+13, 1.49212868e+17, 6877.35841, -271.696935, -276.012491, 1.5e+15, 5.04095496e+24, -41512.1045, 218682.844, 303.239511, 117.195563, 88.3220906, 1.28078819, 1.28078819, 1.5e+15, 6800.94095, 76.6578503, 0.24374529, 7921.89442, -20.161549, -1262.26861, -1419.29063, 73.9546506, 6682.73601, 7793.5608, 0, 1.21844207e-08, 1.21844207e-08, 1.53558814e+09, 1.89361852e+09, 357841691, 0.27, 3.332, 188694.984, -1282.43016, 6756.69065, 0, 1.49980333e+15, 0, 0, 2e+18, 1.51742048e+17
1.7379688, 0, 0, 1.5e+15, 0, 2.59450521e-21, 3.718e+18, 6.44e+20, 4.84648438, 4, 272.73281, 98.3066096, 1.28078819, 208388.732, 0, 2.28761909e+13, 1.49441577e+17, 6448.85265, -270.68838, -275.001834, 1.5e+15, 4.62590586e+24, -39062.0045, 204693.211, 303.225715, 117.195749, 98.3066096, 1.28078819, 1.28078819, 1.5e+15, 6379.57366, 69.4312431, 0.243552254, 7458.17257, -17.4759592, -1190.80205, -1301.14379, 67.1953228, 6267.39527, 7343.75184, 0, 1.21836335e-08, 1.21836335e-08, 1.34604199e+09, 1.70441833e+09, 358242333, 0.27, 3.332, 134011.821, -1208.27801, 6334.59059, 0, 1.49981949e+15, 0, 0, 2e+18, 1.51737079e+17
1.7568523, 0, 0, 1.5e+15, 0, 2.59057928e-21, 3.718e+18, 6.44e+20, 4.84648947, 4, 272.363785, 98.3066096, 1.28078819, 203105.095, 0, 2.2110374e+13, 1.49532262e+17, 6289.49864, -270.32024, -274.632835, 1.5e+15, 4.48210929e+24, -38307.0186, 199459.357, 303.221071, 117.195775, 98.3066096, 1.28078819, 1.28078819, 1.5e+15, 6222.73268, 66.8988384, 0.243564383, 7282.31031, -16.6910634, -1168.9323, -1264.39124, 64.7808563, 6111.93786, 7171.612, 0, 1.21833685e-08, 1.21833685e-08, 1.28175058e+09, 1.64024514e+09, 358382203, 0.27, 3.332, 112359.048, -1185.62336, 6176.71872, 0, 1.4998251e+15, 0, 0, 2e+18, 1.51727996e+17
1.8040625, 0, 0, 1.5e+15, 0, 2.58071107e-21, 3.718e+18, 6.44e+20, 4.84650224, 4, 271.4425, 98.3066096, 1.28078819, 189930.176, 0, 2.03800881e+13, 1.4967947e+17, 5887.09528, -269.40107, -273.711598, 1.5e+15, 4.12158489e+24, -36343.2644, 186418.917, 303.209403, 117.195866, 98.3066096, 1.28078819, 1.28078819, 1.5e+15, 5826.7274, 60.4496593, 0.243532526, 6840.00944, -14.6160166, -1110.86764, -1171.65103, 58.6555815, 5719.79956, 6738.86522, 0, 1.21827028e-08, 1.21827028e-08, 1.12013272e+09, 1.47885673e+09, 358645568, 0.27, 3.332, 78450.6381, -1125.48366, 5778.45514, 0, 1.49983915e+15, 0, 0, 2e+18, 1.51727606e+17
1.82294603, 0, 0, 1.5e+15, 0, 2.57741864e-21, 3.718e+18, 6.44e+20, 4.84650652, 4, 271.106763, 101.53971, 1.28078819, 185059.603, 0, 1.97600091e+13, 1.49739035e+17, 5738.45468, -269.066135, -273.375878, 1.5e+15, 4.00510721e+24, -35740.7463, 181575.307, 303.20549, 117.195879, 101.53971, 1.28078819, 1.28078819, 1.5e+15, 5680.28316, 58.2429063, 0.243593531, 6674.33652, -14.0319641, -1093.28739, -1144.03308, 56.5263437, 5574.07181, 6575.51034, 0, 1.21824795e-08, 1.21824795e-08, 1.06577291e+09, 1.42458465e+09, 358746709, 0.27, 3.332, 65035.2079, -1107.31936, 5630.59815, 0, 1.49984369e+15, 0, 0, 2e+18, 1.51725091e+17
1.8701563, 0, 0, 1.5e+15, 0, 2.56914795e-21, 3.718e+18, 6.44e+20, 4.84651727, 4, 270.268437, 109.585169, 1.28078819, 172906.636, 0, 1.83469372e+13, 1.49836173e+17, 5364.36705, -268.229737, -272.537589, 1.5e+15, 3.71070725e+24, -34150.4071, 169499.01, 303.195663, 117.195927, 109.585169, 1.28078819, 1.28078819, 1.5e+15, 5311.84278, 52.568403, 0.243688467, 6258.76127, -12.4711046, -1046.10786, -1073.18454, 51.067287, 5207.76342, 6166.01651, 0, 1.21819189e-08, 1.21819189e-08, 929324660, 1.28833068e+09, 358960668, 0.27, 3.332, 45354.6661, -1058.57896, 5258.83072, 0, 1.49985516e+15, 0, 0, 2e+18, 1.51739481e+17
1.8890398, 0, 0, 1.5e+15, 0, 2.56638097e-21, 3.718e+18, 6.44e+20, 4.84652088, 4, 269.96345, 109.585169, 1.28078819, 168431.803, 0, 1.78661095e+13, 1.49874756e+17, 5226.75663, -267.92544, -272.232615, 1.5e+15, 3.62017793e+24, -33657.2199, 165034.711, 303.192361, 117.195934, 109.585169, 1.28078819, 1.28078819, 1.5e+15, 5176.15047, 50.6451578, 0.243787314, 6104.59706, -12.037894, -1031.47364, -1052.32647, 49.1934252, 5072.33537, 6013.19089, 0, 1.21817305e-08, 1.21817305e-08, 883672591, 1.24273624e+09, 359026467, 0.27, 3.332, 37186.3331, -1043.51153, 5121.5288, 0, 1.49985869e+15, 0, 0, 2e+18, 1.51737281e+17
1.93625, 0, 0, 1.5e+15, 0, 2.55943152e-21, 3.718e+18, 6.44e+20, 4.84652996, 4, 269.201825, 109.585169, 1.28078819, 157260.483, 0, 1.67603145e+13, 1.4993807e+17, 4881.21824, -267.165474, -271.471017, 1.5e+15, 3.39004513e+24, -32338.0936, 153898.174, 303.18407, 117.195961, 109.585169, 1.28078819, 1.28078819, 1.5e+15, 4835.58355, 45.660333, 0.243981901, 5718.46622, -10.8691706, -991.782974, -997.757576, 44.3474634, 4732.73534, 5630.70142, 0, 1.21812575e-08, 1.21812575e-08, 769184562, 1.12838783e+09, 359177141, 0.27, 3.332, 26132.8966, -1002.65215, 4777.0828, 0, 1.49986766e+15, 0, 0, 2e+18, 1.51749204e+17
1.95513353, 0, 0, 1.5e+15, 0, 2.55711005e-21, 3.718e+18, 6.44e+20, 4.84653301, 4, 268.925104, 111.148667, 1.28078819, 153154.242, 0, 1.63906008e+13, 1.49965494e+17, 4754.37539, -266.889332, -271.194306, 1.5e+15, 3.32023619e+24, -31927.7837, 149789.308, 303.18129, 117.195966, 111.148667, 1.28078819, 1.28078819, 1.5e+15, 4710.42632, 43.9724, 0.244110278, 5576.08685, -10.5464632, -979.638135, -982.045588, 42.6889071, 4607.43136, 5488.92175, 0, 1.21810989e-08, 1.21810989e-08, 731007442, 1.09026636e+09, 359237812, 0.27, 3.332, 21112.1078, -990.184603, 4650.12027, 0, 1.49987038e+15, 0, 0, 2e+18, 1.51752408e+17
2.0023438, 0, 0, 1.5e+15, 0, 2.55128772e-21, 3.718e+18, 6.44e+20, 4.84654063, 4, 268.233998, 115.033071, 1.28078819, 142899.208, 0, 1.55335991e+13, 1.50014358e+17, 4436.36421, -266.199621, -270.503223, 1.5e+15, 3.14207361e+24, -30820.0692, 139534.646, 303.174321, 117.195982, 115.033071, 1.28078819, 1.28078819, 1.5e+15, 4396.81265, 39.568995, 0.244383731, 5219.75977, -9.67094681, -946.527744, -940.255911, 38.3686857, 4293.67721, 5134.32993, 0, 1.21807013e-08, 1.21807013e-08, 635320918, 994736798, 359400938, 0.27, 3.332, 14942.6974, -956.198691, 4332.0459, 0, 1.49987733e+15, 0, 0, 2e+18, 1.51778498e+17
2.0212273, 0, 0, 1.5e+15, 0, 2.54932815e-21, 3.718e+18, 6.44e+20, 4.84654321, 4, 267.983334, 115.033071, 1.28078819, 139131.05, 0, 1.52341081e+13, 1.50030726e+17, 4319.59387, -265.949462, -270.252566, 1.5e+15, 3.08545112e+24, -30464.4025, 135754.741, 303.171968, 117.195985, 115.033071, 1.28078819, 1.28078819, 1.5e+15, 4281.53617, 38.0741789, 0.244535749, 5088.68004, -9.41437787, -935.791226, -927.704443, 36.8918792, 4178.01762, 5003.40056, 0, 1.2180567e-08, 1.2180567e-08, 603442613, 962878378, 359424096, 0.27, 3.332, 11668.8278, -945.205604, 4214.90951, 0, 1.49987954e+15, 0, 0, 2e+18, 1.51774768e+17
2.0684375, 0, 0, 1.5e+15, 0, 2.54441273e-21, 3.718e+18, 6.44e+20, 4.84654967, 4, 267.357285, 115.033071, 1.28078819, 129716.361, 0, 1.45343669e+13, 1.50058917e+17, 4027.04236, -265.324636, -269.626533, 1.5e+15, 2.94010951e+24, -29496.6605, 126316.874, 303.166067, 117.195996, 115.033071, 1.28078819, 1.28078819, 1.5e+15, 3992.90646, 34.1500457, 0.244873113, 4760.69434, -8.71340453, -906.335367, -893.725391, 33.0194722, 3888.64195, 4676.00969, 0, 1.21802303e-08, 1.21802303e-08, 523546263, 883049074, 359494897, 0.27, 3.332, 7913.8649, -915.048772, 3921.66143, 0, 1.4998852e+15, 0, 0, 2e+18, 1.51779322e+17
2.08732103, 0, 0, 1.5e+15, 0, 2.54276276e-21, 3.718e+18, 6.44e+20, 4.84655184, 4, 267.130532, 115.50976, 1.28078819, 126263.566, 0, 1.42716706e+13, 1.50070924e+17, 3919.8388, -265.098356, -269.399786, 1.5e+15, 2.8904409e+24, -29182.8485, 122844.625, 303.16408, 117.195998, 115.50976, 1.28078819, 1.28078819, 1.5e+15, 3887.02794, 32.824663, 0.245044765, 4640.37796, -8.49741727, -896.886651, -883.536459, 31.7055912, 3782.13402, 4555.48797, 0, 1.2180117e-08, 1.2180117e-08, 497019797, 856546955, 359521313, 0.27, 3.332, 5844.9897, -905.384069, 3813.83961, 0, 1.49988714e+15, 0, 0, 2e+18, 1.51780111e+17
2.1345313, 0, 0, 1.5e+15, 0, 2.53862716e-21, 3.718e+18, 6.44e+20, 4.84655728, 4, 266.564186, 116.6933, 1.28078819, 117635.395, 0, 1.3651864e+13, 1.50093958e+17, 3651.40589, -264.533165, -268.833454, 1.5e+15, 2.76168245e+24, -28324.8856, 114173.161, 303.159103, 117.196005, 116.6933, 1.28078819, 1.28078819, 1.5e+15, 3622.09479, 29.324155, 0.245435774, 4339.37068, -7.90368151, -870.912387, -855.608424, 28.2387179, 3515.79454, 4254.14301, 0, 1.21798331e-08, 1.21798331e-08, 430544515, 790161177, 359612741, 0.27, 3.332, 3922.27452, -878.816068, 3544.03326, 0, 1.49989216e+15, 0, 0, 2e+18, 1.51796935e+17
2.1534148, 0, 0, 1.5e+15, 0, 2.53723008e-21, 3.718e+18, 6.44e+20, 4.84655913, 4, 266.359425, 116.6933, 1.28078819, 114473.479, 0, 1.34064818e+13, 1.50098891e+17, 3553.0953, -264.328875, -268.628697, 1.5e+15, 2.71534363e+24, -28041.5615, 110985.445, 303.157418, 117.196006, 116.6933, 1.28078819, 1.28078819, 1.5e+15, 3524.95297, 28.1552795, 0.245624167, 4229.06265, -7.71051282, -862.231779, -846.860296, 27.0787066, 3417.86201, 4143.403, 0, 1.21797369e-08, 1.21797369e-08, 408509353, 768119085, 359607156, 0.27, 3.332, 2575.82575, -869.942292, 3444.94072, 0, 1.49989397e+15, 0, 0, 2e+18, 1.51790545e+17
2.200625, 0, 0, 1.5e+15, 0, 2.53372724e-21, 3.718e+18, 6.44e+20, 4.84656375, 4, 265.848014, 116.6933, 1.28078819, 106571.414, 0, 1.28209218e+13, 1.50106467e+17, 3306.99993, -263.818626, -268.117295, 1.5e+15, 2.59368266e+24, -27264.2858, 103023.753, 303.153194, 117.196011, 116.6933, 1.28078819, 1.28078819, 1.5e+15, 3281.96213, 25.0505945, 0.246061287, 3953.10443, -7.17508103, -838.298865, -822.604401, 24.0008525, 3173.05911, 3866.53213, 0, 1.21794959e-08, 1.21794959e-08, 353285270, 712900554, 359613617, 0.27, 3.332, 1666.23345, -845.473946, 3197.05996, 0, 1.49989872e+15, 0, 0, 2e+18, 1.51785953e+17
2.21950853, 0, 0, 1.5e+15, 0, 2.53254744e-21, 3.718e+18, 6.44e+20, 4.84656531, 4, 265.663397, 116.80738, 1.28078819, 103676.478, 0, 1.25864893e+13, 1.50112689e+17, 3216.97545, -263.63449, -267.932683, 1.5e+15, 2.54944477e+24, -27009.5399, 100095.845, 303.151768, 117.196012, 116.80738, 1.28078819, 1.28078819, 1.5e+15, 3192.95639, 24.0317894, 0.246264128, 3852.05182, -7.00112715, -830.603214, -815.233537, 22.9890749, 3083.01126, 3764.79253, 0, 1.21794146e-08, 1.21794146e-08, 335023571, 694657414, 359632983, 0.27, 3.332, 858.557287, -837.604341, 3106.00034, 0, 1.49990044e+15, 0, 0, 2e+18, 1.51788346e+17
2.2667188, 0, 0, 1.5e+15, 0, 2.52959504e-21, 3.718e+18, 6.44e+20, 4.84656922, 4, 265.202293, 117.090527, 1.28078819, 96441.6753, 0, 1.20211719e+13, 1.50127192e+17, 2991.70758, -263.174581, -267.471587, 1.5e+15, 2.43190899e+24, -26310.2758, 92782.3915, 303.148201, 117.196016, 117.090527, 1.28078819, 1.28078819, 1.5e+15, 2970.40532, 21.3148969, 0.246741268, 3599.28658, -6.5161316, -809.424799, -794.687487, 20.2942777, 2857.96237, 3510.42642, 0, 1.21792111e-08, 1.21792111e-08, 289259703, 648975433, 359714933, 0.27, 3.332, 796.932396, -815.940931, 2878.25665, 0, 1.49990503e+15, 0, 0, 2e+18, 1.51808187e+17
2.2856023, 0, 0, 1.5e+15, 0, 2.52858506e-21, 3.718e+18, 6.44e+20, 4.84657055, 4, 265.036239, 117.090527, 1.28078819, 93789.0413, 0, 1.17992528e+13, 1.50126691e+17, 2909.18958, -263.009012, -267.305535, 1.5e+15, 2.39006017e+24, -26074.4893, 90090.7864, 303.146979, 117.196017, 117.090527, 1.28078819, 1.28078819, 1.5e+15, 2888.76566, 20.4365081, 0.246956781, 3506.61151, -6.35770637, -802.161207, -788.007186, 19.4220655, 2775.13324, 3416.91554, 0, 1.21791414e-08, 1.21791414e-08, 274124320, 633817391, 359693020, 0.27, 3.332, 52.415676, -808.518913, 2794.5553, 0, 1.49990666e+15, 0, 0, 2e+18, 1.51799599e+17
2.3328125, 0, 0, 1.5e+15, 0, 2.52605694e-21, 3.718e+18, 6.44e+20, 4.8465739, 4, 264.621514, 117.090527, 1.28078819, 87158.5452, 0, 1.12609878e+13, 1.50124168e+17, 2702.69975, -262.595504, -266.890817, 1.5e+15, 2.27817297e+24, -25426.7443, 83366.2435, 303.143921, 117.196019, 117.090527, 1.28078819, 1.28078819, 1.5e+15, 2684.62243, 18.0898146, 0.247469149, 3274.7757, -5.91416558, -782.153456, -769.275112, 17.0955798, 2568.12668, 3183.10669, 0, 1.21789669e-08, 1.21789669e-08, 236182227, 595841434, 359659509, 0.27, 3.332, -302.632705, -788.067622, 2585.22226, 0, 1.49991103e+15, 0, 0, 2e+18, 1.51787365e+17
2.35169603, 0, 0, 1.5e+15, 0, 2.52518759e-21, 3.718e+18, 6.44e+20, 4.84657505, 4, 264.472477, 117.114976, 1.28078819, 84734.0278, 0, 1.10529745e+13, 1.50124082e+17, 2627.27925, -262.446952, -266.741781, 1.5e+15, 2.23893471e+24, -25208.8407, 80896.0753, 303.142867, 117.196019, 117.114976, 1.28078819, 1.28078819, 1.5e+15, 2609.95269, 17.3390216, 0.247696041, 3189.94451, -5.77240987, -775.489266, -763.349933, 16.3495106, 2492.04525, 3097.24967, 0, 1.21789068e-08, 1.21789068e-08, 223692009, 583342922, 359651702, 0.27, 3.332, -788.029311, -781.261676, 2508.39476, 0, 1.49991256e+15, 0, 0, 2e+18, 1.51784155e+17
2.3989063, 0, 0, 1.5e+15, 0, 2.52301403e-21, 3.718e+18, 6.44e+20, 4.84657794, 4, 264.10026, 117.175645, 1.28078819, 78673.8844, 0, 1.05479811e+13, 1.50124264e+17, 2438.59023, -262.075954, -266.36957, 1.5e+15, 2.13394591e+24, -24609.675, 74724.8898, 303.140234, 117.196022, 117.175645, 1.28078819, 1.28078819, 1.5e+15, 2423.2687, 15.333906, 0.248240167, 2977.75738, -5.37595089, -757.154671, -746.67985, 14.3605054, 2301.91559, 2882.5921, 0, 1.21787566e-08, 1.21787566e-08, 192379041, 552038155, 359659847, 0.27, 3.332, -733.259523, -762.530621, 2316.27609, 0, 1.49991666e+15, 0, 0, 2e+18, 1.51786704e+17
2.4177898, 0, 0, 1.5e+15, 0, 2.522228e-21, 3.718e+18, 6.44e+20, 4.84657898, 4, 263.966861, 117.175645, 1.28078819, 76277.4703, 0, 1.0353306e+13, 1.5011729e+17, 2358.40942, -261.94304, -266.236171, 1.5e+15, 2.09722624e+24, -24393.6824, 72269.4964, 303.139281, 117.196022, 117.175645, 1.28078819, 1.28078819, 1.5e+15, 2343.82786, 14.5946834, 0.248434414, 2887.33633, -5.24856147, -750.856927, -741.283857, 13.6169361, 2220.20255, 2790.50834, 0, 1.21787022e-08, 1.21787022e-08, 180553681, 540164994, 359612474, 0.27, 3.332, -1160.28775, -756.105489, 2233.81949, 0, 1.49991809e+15, 0, 0, 2e+18, 1.51773629e+17
2.465, 0, 0, 1.5e+15, 0, 2.52026157e-21, 3.718e+18, 6.44e+20, 4.84658159, 4, 263.633717, 117.175645, 1.28078819, 70286.5037, 0, 9.8820075e+12, 1.50098944e+17, 2157.86929, -261.611111, -265.903029, 1.5e+15, 1.99927554e+24, -23799.3317, 66133.7608, 303.136896, 117.196023, 117.175645, 1.28078819, 1.28078819, 1.5e+15, 2145.2609, 12.6234493, 0.248894564, 2661.13618, -4.89303079, -733.43326, -725.893099, 11.6364573, 2015.96417, 2560.19223, 0, 1.21785661e-08, 1.21785661e-08, 150906064, 510413758, 359508871, 0.27, 3.332, -1176.87529, -738.326291, 2027.60063, 0, 1.49992192e+15, 0, 0, 2e+18, 1.51747526e+17
2.49075838, 0, 0, 1.5e+15, 0, 2.51944066e-21, 3.718e+18, 6.44e+20, 4.84658268, 4, 263.474696, 117.179376, 1.28078819, 67774.7008, 0, 9.65679403e+12, 1.50093901e+17, 2085.34106, -261.452691, -265.744009, 1.5e+15, 1.9570146e+24, -23549.7158, 63547.3761, 303.135898, 117.196024, 117.179376, 1.28078819, 1.28078819, 1.5e+15, 2073.36005, 11.9960382, 0.249042448, 2579.1984, -4.74775149, -725.240978, -718.503565, 11.0156389, 1942.29121, 2477.0594, 0, 1.21785092e-08, 1.21785092e-08, 141450695, 500929543, 359480211, 0.27, 3.332, -1363.23403, -729.98873, 1953.30684, 0, 1.49992357e+15, 0, 0, 2e+18, 1.51740273e+17
2.5551563, 0, 0, 1.5e+15, 0, 2.51739332e-21, 3.718e+18, 6.44e+20, 4.8465854, 4, 263.077604, 117.188632, 1.28078819, 61496.8488, 0, 9.11680952e+12, 1.50082326e+17, 1903.8359, -261.057099, -265.34692, 1.5e+15, 1.84450146e+24, -22868.444, 57085.9902, 303.133413, 117.196025, 117.188632, 1.28078819, 1.28078819, 1.5e+15, 1893.52929, 10.3215925, 0.249388766, 2374.14227, -4.34487774, -702.931497, -698.060113, 9.36245811, 1758.19664, 2269.17408, 0, 1.21783675e-08, 1.21783675e-08, 117721516, 477159702, 359438754, 0.27, 3.332, -566.547366, -707.276375, 1767.5591, 0, 1.49992796e+15, 0, 0, 2e+18, 1.51733401e+17
2.58091465, 0, 0, 1.5e+15, 0, 2.5166697e-21, 3.718e+18, 6.44e+20, 4.84658636, 4, 262.94227, 117.190127, 1.28078819, 59117.4865, 0, 8.86860189e+12, 1.50075149e+17, 1829.91061, -260.922485, -265.211586, 1.5e+15, 1.79818801e+24, -22634.1868, 54605.551, 303.132533, 117.196026, 117.190127, 1.28078819, 1.28078819, 1.5e+15, 1820.1973, 9.72828578, 0.249511619, 2289.61443, -4.20266863, -695.742111, -691.621255, 8.77188132, 1681.75741, 2182.54922, 0, 1.21783173e-08, 1.21783173e-08, 109244157, 468640816, 359397416, 0.27, 3.332, -756.215061, -699.94478, 1690.5293, 0, 1.49992977e+15, 0, 0, 2e+18, 1.51722847e+17
2.6453125, 0, 0, 1.5e+15, 0, 2.51486866e-21, 3.718e+18, 6.44e+20, 4.84658876, 4, 262.60434, 117.19383, 1.28078819, 53172.3636, 0, 8.27749106e+12, 1.50058343e+17, 1645.07193, -260.586354, -264.873658, 1.5e+15, 1.67473329e+24, -21993.7051, 48409.8259, 303.130344, 117.196026, 117.19383, 1.28078819, 1.28078819, 1.5e+15, 1636.94204, 8.14485954, 0.249794503, 2078.26653, -3.80922319, -676.060017, -673.681604, 7.19913393, 1490.79076, 1966.02554, 0, 1.21781924e-08, 1.21781924e-08, 87979090, 447297950, 359319078, 0.27, 3.332, -218.970382, -679.86924, 1497.98989, 0, 1.49993459e+15, 0, 0, 2e+18, 1.51705537e+17
2.67107088, 0, 0, 1.5e+15, 0, 2.51425173e-21, 3.718e+18, 6.44e+20, 4.84658958, 4, 262.490047, 117.194285, 1.28078819, 51095.0176, 0, 8.04394946e+12, 1.50051797e+17, 1580.58784, -260.472807, -264.759365, 1.5e+15, 1.63120832e+24, -21782.8681, 46209.1642, 303.129594, 117.196026, 117.194285, 1.28078819, 1.28078819, 1.5e+15, 1572.93212, 7.67066019, 0.249932681, 2003.63783, -3.68350296, -669.61971, -668.113032, 6.72623574, 1422.97522, 1888.81559, 0, 1.21781496e-08, 1.21781496e-08, 81590316.5, 440873463, 359283468, 0.27, 3.332, -322.50291, -673.303213, 1429.70146, 0, 1.49993629e+15, 0, 0, 2e+18, 1.51696718e+17
2.7354688, 0, 0, 1.5e+15, 0, 2.51271968e-21, 3.718e+18, 6.44e+20, 4.84659162, 4, 262.204677, 117.195412, 1.28078819, 45903.2624, 0, 7.48904169e+12, 1.50037133e+17, 1419.32983, -260.189302, -264.473997, 1.5e+15, 1.51524341e+24, -21205.7867, 40710.8646, 303.12773, 117.196027, 117.195412, 1.28078819, 1.28078819, 1.5e+15, 1412.94035, 6.40434405, 0.250258211, 1817.01194, -3.33678127, -651.970111, -652.487331, 5.46634208, 1253.50961, 1695.79599, 0, 1.21780432e-08, 1.21780432e-08, 65551974.1, 424771698, 359219451, 0.27, 3.332, 272.983145, -655.306891, 1258.97596, 0, 1.49994082e+15, 0, 0, 2e+18, 1.51683308e+17
2.76122715, 0, 0, 1.5e+15, 0, 2.51218995e-21, 3.718e+18, 6.44e+20, 4.84659232, 4, 262.109027, 117.195543, 1.28078819, 44101.0741, 0, 7.26712595e+12, 1.50028836e+17, 1363.40395, -260.094437, -264.378346, 1.5e+15, 1.47396149e+24, -21007.9301, 38762.8589, 303.127085, 117.196027, 117.195543, 1.28078819, 1.28078819, 1.5e+15, 1357.3904, 6.02817405, 0.250410078, 1751.3801, -3.22276895, -645.861179, -647.272625, 5.09203915, 1193.49243, 1627.18995, 0, 1.21780064e-08, 1.21780064e-08, 60770948.4, 419945538, 359174432, 0.27, 3.332, 156.482216, -649.083947, 1198.58447, 0, 1.49994243e+15, 0, 0, 2e+18, 1.51672263e+17
2.825625, 0, 0, 1.5e+15, 0, 2.5108756e-21, 3.718e+18, 6.44e+20, 4.84659407, 4, 261.870247, 117.195868, 1.28078819, 39596.1259, 0, 6.74003007e+12, 1.5000925e+17, 1223.52552, -259.857622, -264.139565, 1.5e+15, 1.36372738e+24, -20468.3724, 33894.8688, 303.125485, 117.196028, 117.195868, 1.28078819, 1.28078819, 1.5e+15, 1218.51623, 5.02327334, 0.250773763, 1587.21415, -2.90857937, -629.19689, -632.692254, 4.09549793, 1043.48292, 1455.64295, 0, 1.21779151e-08, 1.21779151e-08, 48758434, 407840895, 359081850, 0.27, 3.332, 610.741403, -632.10547, 1047.57842, 0, 1.49994673e+15, 0, 0, 2e+18, 1.51651789e+17
2.85138338, 0, 0, 1.5e+15, 0, 2.5104132e-21, 3.718e+18, 6.44e+20, 4.84659469, 4, 261.79108, 117.195904, 1.28078819, 38045.6882, 0, 6.53732043e+12, 1.50002293e+17, 1175.44593, -259.779251, -264.060398, 1.5e+15, 1.32603297e+24, -20280.4046, 32172.7125, 303.124921, 117.196028, 117.195904, 1.28078819, 1.28078819, 1.5e+15, 1170.73288, 4.72702539, 0.250938356, 1529.71249, -2.80946673, -623.401572, -627.751945, 3.79861113, 990.433112, 1394.73009, 0, 1.2177883e-08, 1.2177883e-08, 45213046.6, 404258610, 359045028, 0.27, 3.332, 535.691736, -626.211039, 994.231728, 0, 1.49994821e+15, 0, 0, 2e+18, 1.51642854e+17
2.9157813, 0, 0, 1.5e+15, 0, 2.50926795e-21, 3.718e+18, 6.44e+20, 4.84659622, 4, 261.593488, 117.195991, 1.28078819, 34169.8992, 0, 6.06014588e+12, 1.49986353e+17, 1055.1982, -259.583637, -263.862806, 1.5e+15, 1.22620027e+24, -19770.4024, 27869.0955, 303.123526, 117.196028, 117.195991, 1.28078819, 1.28078819, 1.5e+15, 1051.27562, 3.93660443, 0.25133736, 1385.87949, -2.53920488, -607.679767, -614.034231, 3.00817083, 857.833956, 1242.41034, 0, 1.21778034e-08, 1.21778034e-08, 36298664.7, 395273080, 358973384, 0.27, 3.332, 1032.47571, -610.218971, 860.842126, 0, 1.49995211e+15, 0, 0, 2e+18, 1.51627613e+17
2.94153965, 0, 0, 1.5e+15, 0, 2.50885645e-21, 3.718e+18, 6.44e+20, 4.84659677, 4, 261.528891, 117.196, 1.28078819, 32852.2285, 0, 5.85186801e+12, 1.49978481e+17, 1014.34581, -259.519954, -263.798209, 1.5e+15, 1.1876992e+24, -19591.2241, 26349.2181, 303.123024, 117.196028, 117.196, 1.28078819, 1.28078819, 1.5e+15, 1010.65975, 3.69949726, 0.251513892, 1335.70101, -2.44262964, -602.135711, -609.246843, 2.7755788, 811.028987, 1188.35942, 0, 1.21777748e-08, 1.21777748e-08, 33696630, 392628860, 358931299, 0.27, 3.332, 931.805891, -604.578341, 813.804565, 0, 1.49995361e+15, 0, 0, 2e+18, 1.51617369e+17
3.0059375, 0, 0, 1.5e+15, 0, 2.50783816e-21, 3.718e+18, 6.44e+20, 4.84659813, 4, 261.367713, 117.196021, 1.28078819, 29557.7704, 0, 5.36093852e+12, 1.49959781e+17, 912.15574, -259.361063, -263.63703, 1.5e+15, 1.08474321e+24, -19107.1773, 22551.2473, 303.121783, 117.196029, 117.196021, 1.28078819, 1.28078819, 1.5e+15, 909.103117, 3.06450015, 0.251945866, 1210.18088, -2.17795604, -587.158813, -596.045262, 2.15582219, 694.041906, 1053.20331, 0, 1.2177704e-08, 1.2177704e-08, 27147392.4, 385991383, 358842692, 0.27, 3.332, 1298.52489, -589.33677, 696.197728, 0, 1.49995763e+15, 0, 0, 2e+18, 1.51597755e+17
3.03169588, 0, 0, 1.5e+15, 0, 2.50746478e-21, 3.718e+18, 6.44e+20, 4.84659863, 4, 261.315951, 117.196023, 1.28078819, 28458.5923, 0, 5.17806366e+12, 1.49953174e+17, 878.104345, -259.310206, -263.585268, 1.5e+15, 1.05091899e+24, -18937.3085, 21214.1005, 303.121328, 117.196029, 117.196023, 1.28078819, 1.28078819, 1.5e+15, 875.231376, 2.88447563, 0.252133563, 1166.75293, -2.09672915, -581.919239, -591.511845, 1.97734131, 652.873157, 1005.31787, 0, 1.2177678e-08, 1.2177678e-08, 25266721.3, 384075655, 358807715, 0.27, 3.332, 1219.19689, -584.015968, 654.850497, 0, 1.49995895e+15, 0, 0, 2e+18, 1.51589256e+17
3.0960938, 0, 0, 1.5e+15, 0, 2.50654242e-21, 3.718e+18, 6.44e+20, 4.84659985, 4, 261.186841, 117.196028, 1.28078819, 25709.3528, 0, 4.75001086e+12, 1.49937805e+17, 792.90312, -259.183349, -263.456157, 1.5e+15, 9.61152436e+23, -18480.0924, 17873.0053, 303.120203, 117.196029, 117.196028, 1.28078819, 1.28078819, 1.5e+15, 790.510617, 2.40315561, 0.252596242, 1058.1187, -1.87616981, -567.818157, -579.072767, 1.50169536, 549.978903, 885.5886, 0, 1.21776138e-08, 1.21776138e-08, 20527346.9, 379265848, 358736906, 0.27, 3.332, 1594.48711, -569.694326, 551.480599, 0, 1.49996246e+15, 0, 0, 2e+18, 1.51573882e+17
3.12185215, 0, 0, 1.5e+15, 0, 2.50619826e-21, 3.718e+18, 6.44e+20, 4.84660031, 4, 261.146355, 117.196028, 1.28078819, 24814.944, 0, 4.56199362e+12, 1.49930861e+17, 765.194603, -259.143918, -263.415671, 1.5e+15, 9.2663165e+23, -18319.1767, 16701.1288, 303.119782, 117.196029, 117.196029, 1.28078819, 1.28078819, 1.5e+15, 762.943782, 2.26043831, 0.252794288, 1020.88136, -1.7966534, -562.845993, -574.729466, 1.36857807, 513.909488, 843.26202, 0, 1.21775898e-08, 1.21775898e-08, 19190362.2, 377891683, 358699821, 0.27, 3.332, 1498.64201, -564.642646, 515.278066, 0, 1.49996381e+15, 0, 0, 2e+18, 1.51564829e+17
3.18625, 0, 0, 1.5e+15, 0, 2.50534873e-21, 3.718e+18, 6.44e+20, 4.84660145, 4, 261.045423, 117.196029, 1.28078819, 22575.794, 0, 4.12142613e+12, 1.49914305e+17, 695.798609, -259.045637, -263.314738, 1.5e+15, 8.33966528e+23, -17887.387, 13773.1544, 303.118746, 117.196029, 117.19603, 1.28078819, 1.28078819, 1.5e+15, 693.928992, 1.87655449, 0.253285339, 927.713884, -1.57917148, -549.502822, -562.866427, 1.01373165, 423.763984, 737.440124, 0, 1.21775307e-08, 1.21775307e-08, 15814808.4, 374437594, 358621002, 0.27, 3.332, 1783.78616, -551.081993, 424.777715, 0, 1.49996743e+15, 0, 0, 2e+18, 1.51547266e+17
3.21200838, 0, 0, 1.5e+15, 0, 2.50502648e-21, 3.718e+18, 6.44e+20, 4.84660188, 4, 261.014791, 117.196029, 1.28078819, 21871.9368, 0, 3.98332457e+12, 1.49908708e+17, 674.014719, -259.015895, -263.284106, 1.5e+15, 8.08399843e+23, -17735.4527, 12751.0209, 303.118352, 117.196029, 117.19603, 1.28078819, 1.28078819, 1.5e+15, 672.242674, 1.77852772, 0.253492905, 896.246267, -1.52177716, -544.820499, -558.795543, 0.916289524, 392.311102, 700.132503, 0, 1.21775082e-08, 1.21775082e-08, 14885312.8, 373478249, 358591234, 0.27, 3.332, 1702.2395, -546.342276, 393.227391, 0, 1.49996842e+15, 0, 0, 2e+18, 1.51539992e+17
3.2764063, 0, 0, 1.5e+15, 0, 2.50423218e-21, 3.718e+18, 6.44e+20, 4.84660294, 4, 260.938477, 117.196029, 1.28078819, 20106.8255, 0, 3.66054719e+12, 1.49895659e+17, 619.373887, -258.941787, -263.207791, 1.5e+15, 7.40728932e+23, -17328.9743, 10197.3671, 303.117382, 117.196029, 117.19603, 1.28078819, 1.28078819, 1.5e+15, 617.86279, 1.51648831, 0.254009981, 817.491, -1.36682625, -532.294328, -547.716401, 0.656895717, 313.707358, 606.866245, 0, 1.2177453e-08, 1.2177453e-08, 12533043.9, 371065836, 358530803, 0.27, 3.332, 1988.99659, -533.661154, 314.364253, 0, 1.49997107e+15, 0, 0, 2e+18, 1.51526803e+17
3.30216465, 0, 0, 1.5e+15, 0, 2.50392742e-21, 3.718e+18, 6.44e+20, 4.84660335, 4, 260.916422, 117.196029, 1.28078819, 19575.547, 0, 3.50591722e+12, 1.49890323e+17, 602.918875, -258.920859, -263.185736, 1.5e+15, 7.1243452e+23, -17185.3969, 9310.61581, 303.11701, 117.196029, 117.19603, 1.28078819, 1.28078819, 1.5e+15, 601.490429, 1.43312503, 0.254226239, 791.299275, -1.30661089, -527.865582, -543.833635, 0.584795942, 286.428298, 574.08923, 0, 1.21774317e-08, 1.21774317e-08, 11901930.5, 370405881, 358502052, 0.27, 3.332, 1899.15325, -529.172193, 287.013093, 0, 1.49997217e+15, 0, 0, 2e+18, 1.51519686e+17
3.3665625, 0, 0, 1.5e+15, 0, 2.50317662e-21, 3.718e+18, 6.44e+20, 4.84660435, 4, 260.861537, 117.196029, 1.28078819, 18239.0639, 0, 3.146755e+12, 1.49877751e+17, 561.513005, -258.868795, -263.13085, 1.5e+15, 6.36768083e+23, -16802.3069, 7095.3043, 303.116094, 117.196029, 117.19603, 1.28078819, 1.28078819, 1.5e+15, 560.307187, 1.20870227, 0.254767021, 725.698861, -1.14313462, -516.04743, -533.307316, 0.392683515, 218.257987, 492.152649, 0, 1.21773794e-08, 1.21773794e-08, 10298918.1, 368743557, 358442511, 0.27, 3.332, 2128.18081, -517.190565, 218.65067, 0, 1.49997513e+15, 0, 0, 2e+18, 1.51506374e+17
3.39232088, 0, 0, 1.5e+15, 0, 2.50288508e-21, 3.718e+18, 6.44e+20, 4.84660474, 4, 260.846894, 117.196029, 1.28078819, 17858.2256, 0, 3.02792418e+12, 1.49873375e+17, 549.723815, -258.855157, -263.116208, 1.5e+15, 6.14896668e+23, -16666.7526, 6331.26178, 303.115737, 117.196029, 117.19603, 1.28078819, 1.28078819, 1.5e+15, 548.575133, 1.15119914, 0.25499119, 704.378802, -1.09775921, -511.872418, -529.657462, 0.341733068, 194.75888, 463.47645, 0, 1.21773591e-08, 1.21773591e-08, 9884012.98, 368304845, 358418788, 0.27, 3.332, 2043.60304, -512.970177, 195.100613, 0, 1.49997598e+15, 0, 0, 2e+18, 1.51500449e+17
3.4567188, 0, 0, 1.5e+15, 0, 2.50216761e-21, 3.718e+18, 6.44e+20, 4.8466057, 4, 260.810525, 117.196029, 1.28078819, 16895.214, 0, 2.7516145e+12, 1.49863231e+17, 519.908872, -258.821287, -263.079839, 1.5e+15, 5.56821294e+23, -16306.045, 4422.65543, 303.11486, 117.196029, 117.19603, 1.28078819, 1.28078819, 1.5e+15, 518.913508, 0.996984605, 0.255553488, 650.918137, -0.975465553, -500.76295, -519.793688, 0.206018318, 136.03824, 391.795591, 0, 1.21773091e-08, 1.21773091e-08, 8824766.32, 367198473, 358371449, 0.27, 3.332, 2257.38628, -501.738415, 136.244259, 0, 1.49997825e+15, 0, 0, 2e+18, 1.51489945e+17
3.48247715, 0, 0, 1.5e+15, 0, 2.50188751e-21, 3.718e+18, 6.44e+20, 4.84660607, 4, 260.802248, 117.196029, 1.28078819, 16638.0089, 0, 2.62257567e+12, 1.49859275e+17, 511.931856, -258.814264, -263.071561, 1.5e+15, 5.33355332e+23, -16178.0398, 3769.69835, 303.114518, 117.196029, 117.19603, 1.28078819, 1.28078819, 1.5e+15, 510.987567, 0.945618158, 0.2557848, 633.952263, -0.929019854, -496.817703, -516.313722, 0.170860918, 115.960143, 366.828091, 0, 1.21772896e-08, 1.21772896e-08, 8561533.89, 366913394, 358349690, 0.27, 3.332, 2169.84898, -497.746722, 116.131004, 0, 1.49997917e+15, 0, 0, 2e+18, 1.51484425e+17
3.546875, 0, 0, 1.5e+15, 0, 2.50119831e-21, 3.718e+18, 6.44e+20, 4.846607, 4, 260.781778, 117.196029, 1.28078819, 15982.0049, 0, 2.32535907e+12, 1.49850062e+17, 491.580064, -258.796934, -263.051091, 1.5e+15, 4.7056736e+23, -15838.2355, 2138.74162, 303.113676, 117.196029, 117.19603, 1.28078819, 1.28078819, 1.5e+15, 490.773621, 0.80704473, 0.256366474, 591.326788, -0.803344261, -486.343044, -506.9433, 0.0771917311, 65.792303, 304.421852, 0, 1.21772415e-08, 1.21772415e-08, 7883937.47, 366192363, 358306079, 0.27, 3.332, 2347.09065, -487.146388, 65.8694947, 0, 1.49998162e+15, 0, 0, 2e+18, 1.5147455e+17
3.57263338, 0, 0, 1.5e+15, 0, 2.50092725e-21, 3.718e+18, 6.44e+20, 4.84660736, 4, 260.778909, 117.196029, 1.28078819, 15819.6313, 0, 2.23422291e+12, 1.49846908e+17, 486.547461, -258.795109, -263.048223, 1.5e+15, 4.53828464e+23, -15717.6376, 1586.47983, 303.113344, 117.196029, 117.19603, 1.28078819, 1.28078819, 1.5e+15, 485.774513, 0.773425302, 0.256604176, 578.229402, -0.770758614, -482.631552, -503.675298, 0.0545009676, 48.8131347, 282.808684, 0, 1.21772226e-08, 1.21772226e-08, 7724802.46, 366015573, 358288506, 0.27, 3.332, 2263.95345, -483.40231, 48.8676356, 0, 1.49998227e+15, 0, 0, 2e+18, 1.5147003e+17
3.6370313, 0, 0, 1.5e+15, 0, 2.50026075e-21, 3.718e+18, 6.44e+20, 4.84660825, 4, 260.771949, 117.19603, 1.28078819, 15399.6492, 0, 2.02276535e+12, 1.49839714e+17, 473.528157, -258.790746, -263.041263, 1.5e+15, 4.09341609e+23, -15398.2474, 207.226, 303.112529, 117.19603, 117.19603, 1.28078819, 1.28078819, 1.5e+15, 472.845134, 0.683189758, 0.257203139, 545.22825, -0.68316404, -472.801677, -494.900411, -0.00590578059, 6.39339988, 228.791497, 0, 1.21771761e-08, 1.21771761e-08, 7309864.9, 365567280, 358254987, 0.27, 3.332, 2427.84648, -473.484841, 6.38749409, 0, 1.49998401e+15, 0, 0, 2e+18, 1.51462488e+17
3.66278965, 0, 0, 1.5e+15, 0, 2.49999854e-21, 3.718e+18, 6.44e+20, 4.8466086, 4, 260.773629, 117.19603, 1.28078819, 15303.9225, 0, 1.93524557e+12, 1.49837125e+17, 470.551721, -258.793581, -263.042944, 1.5e+15, 3.93357413e+23, -15284.7109, -253.930933, 303.112208, 117.19603, 117.19603, 1.28078819, 1.28078819, 1.5e+15, 469.897956, 0.653890989, 0.257446477, 535.383273, -0.653064502, -469.306581, -491.796185, -0.0203782794, -7.78266668, 210.20695, 0, 1.21771578e-08, 1.21771578e-08, 7218083.94, 365460685, 358240255, 0.27, 3.332, 2346.43398, -469.959646, -7.80304497, 0, 1.49998464e+15, 0, 0, 2e+18, 1.51458609e+17
3.7271875, 0, 0, 1.5e+15, 0, 2.49935379e-21, 3.718e+18, 6.44e+20, 4.84660947, 4, 260.77803, 117.19603, 1.28078819, 15050.4067, 0, 1.73286665e+12, 1.49831301e+17, 462.66575, -258.800865, -263.047345, 1.5e+15, 3.50679488e+23, -14984.6345, -1405.48143, 303.111419, 117.19603, 117.19603, 1.28078819, 1.28078819, 1.5e+15, 462.090782, 0.574991668, 0.258060646, 510.471113, -0.571964915, -460.06745, -483.488739, -0.0589187619, -43.1943606, 163.763086, 0, 1.21771128e-08, 1.21771128e-08, 6973408.08, 365189035, 358213137, 0.27, 3.332, 2490.33646, -460.639416, -43.2532793, 0, 1.4999863e+15, 0, 0, 2e+18, 1.51452418e+17
3.75294588, 0, 0, 1.5e+15, 0, 2.49909908e-21, 3.718e+18, 6.44e+20, 4.84660981, 4, 260.783476, 117.19603, 1.28078819, 14996.889, 0, 1.66188239e+12, 1.49829321e+17, 460.999828, -258.807404, -263.052792, 1.5e+15, 3.37678895e+23, -14877.9619, -1784.01395, 303.111108, 117.19603, 117.19603, 1.28078819, 1.28078819, 1.5e+15, 460.447318, 0.552527324, 0.258308889, 503.298363, -0.548121042, -456.787391, -480.571728, -0.0671525939, -54.8295074, 147.920302, 0, 1.2177095e-08, 1.2177095e-08, 6922598.88, 365126546, 358201535, 0.27, 3.332, 2412.72396, -457.335512, -54.89666, 0, 1.49998681e+15, 0, 0, 2e+18, 1.51449269e+17
3.8173438, 0, 0, 1.5e+15, 0, 2.49847311e-21, 3.718e+18, 6.44e+20, 4.84661064, 4, 260.797281, 117.19603, 1.28078819, 14849.5029, 0, 1.49761035e+12, 1.49825008e+17, 456.410709, -258.823926, -263.066597, 1.5e+15, 3.0307582e+23, -14596.5745, -2729.04871, 303.110342, 117.19603, 117.19603, 1.28078819, 1.28078819, 1.5e+15, 455.918454, 0.492257159, 0.258936257, 485.036931, -0.484133832, -448.134276, -472.783486, -0.0890587778, -83.8884844, 108.332993, 0, 1.21770513e-08, 1.21770513e-08, 6782121.32, 364966435, 358181770, 0.27, 3.332, 2543.82888, -448.61841, -83.9775431, 0, 1.49998816e+15, 0, 0, 2e+18, 1.51444716e+17
3.84310215, 0, 0, 1.5e+15, 0, 2.49822668e-21, 3.718e+18, 6.44e+20, 4.84661097, 4, 260.805787, 117.19603, 1.28078819, 14818.6335, 0, 1.43020159e+12, 1.49823475e+17, 455.442402, -258.833634, -263.075103, 1.5e+15, 2.90798764e+23, -14496.4539, -3032.6301, 303.11004, 117.19603, 117.19603, 1.28078819, 1.28078819, 1.5e+15, 454.970691, 0.471718796, 0.25918868, 479.909642, -0.462285879, -445.054197, -470.020831, -0.0928935298, -93.2189893, 94.9743995, 0, 1.21770341e-08, 1.21770341e-08, 6752725.69, 364927631, 358172436, 0.27, 3.332, 2468.85859, -445.516483, -93.3118828, 0, 1.49998864e+15, 0, 0, 2e+18, 1.51442085e+17
3.9075, 0, 0, 1.5e+15, 0, 2.49762087e-21, 3.718e+18, 6.44e+20, 4.84661179, 4, 260.827228, 117.19603, 1.28078819, 14728.8437, 0, 1.27481182e+12, 1.49820236e+17, 452.625888, -258.858079, -263.096545, 1.5e+15, 2.57989706e+23, -14232.7868, -3790.32836, 303.109299, 117.19603, 117.19603, 1.28078819, 1.28078819, 1.5e+15, 452.209427, 0.416483918, 0.259827271, 466.748277, -0.403528662, -436.941004, -462.665276, -0.103069929, -116.515704, 61.5995199, 0, 1.21769918e-08, 1.21769918e-08, 6667187.92, 364827482, 358157709, 0.27, 3.332, 2585.03252, -437.344532, -116.618774, 0, 1.49998992e+15, 0, 0, 2e+18, 1.51438602e+17
3.93325838, 0, 0, 1.5e+15, 0, 2.49738195e-21, 3.718e+18, 6.44e+20, 4.84661211, 4, 260.838149, 117.19603, 1.28078819, 14706.3954, 0, 1.22132801e+12, 1.49819167e+17, 451.924532, -258.870119, -263.107466, 1.5e+15, 2.48212202e+23, -14139.1166, -4025.8711, 303.109006, 117.19603, 117.19603, 1.28078819, 1.28078819, 1.5e+15, 451.524195, 0.400374966, 0.260083159, 463.14212, -0.386578595, -434.062813, -460.081152, -0.103851004, -123.754943, 50.4919255, 0, 1.21769751e-08, 1.21769751e-08, 6646063.06, 364799358, 358150781, 0.27, 3.332, 2514.19416, -434.449391, -123.858794, 0, 1.4999903e+15, 0, 0, 2e+18, 1.51436541e+17
3.9976563, 0, 0, 1.5e+15, 0, 2.49679486e-21, 3.718e+18, 6.44e+20, 4.84661289, 4, 260.865615, 117.19603, 1.28078819, 14638.8243, 0, 1.09791314e+12, 1.49817068e+17, 449.81358, -258.900367, -263.134934, 1.5e+15, 2.22193746e+23, -13892.8315, -4613.50002, 303.108288, 117.19603, 117.19603, 1.28078819, 1.28078819, 1.5e+15, 449.456379, 0.357272737, 0.260731033, 453.784453, -0.34122177, -426.494256, -453.21382, -0.105884216, -141.822681, 22.7465529, 0, 1.21769341e-08, 1.21769341e-08, 6582561.4, 364726789, 358141607, 0.27, 3.332, 2620.28998, -426.835478, -141.928565, 0, 1.49999132e+15, 0, 0, 2e+18, 1.51434302e+17
4.02341465, 0, 0, 1.5e+15, 0, 2.49656482e-21, 3.718e+18, 6.44e+20, 4.8466132, 4, 260.878369, 117.19603, 1.28078819, 14614.9554, 0, 1.0523721e+12, 1.49816383e+17, 449.069745, -258.914226, -263.147688, 1.5e+15, 2.13868387e+23, -13805.3533, -4787.36225, 303.108006, 117.19603, 117.19603, 1.28078819, 1.28078819, 1.5e+15, 448.726255, 0.343572395, 0.260989669, 451.204142, -0.327085553, -423.805519, -450.781789, -0.104998645, -147.166067, 13.6774329, 0, 1.2176918e-08, 1.2176918e-08, 6560538.81, 364699775, 358136682, 0.27, 3.332, 2553.49593, -424.132605, -147.271065, 0, 1.49999165e+15, 0, 0, 2e+18, 1.51432716e+17
4.0878125, 0, 0, 1.5e+15, 0, 2.49599933e-21, 3.718e+18, 6.44e+20, 4.84661396, 4, 260.910406, 117.19603, 1.28078819, 14544.9494, 0, 9.47128719e+11, 1.49815223e+17, 446.8866, -258.949015, -263.179727, 1.5e+15, 1.91681156e+23, -13575.6552, -5220.83336, 303.107313, 117.19603, 117.19603, 1.28078819, 1.28078819, 1.5e+15, 446.57981, 0.306899631, 0.261644903, 444.424274, -0.289235277, -416.743633, -444.333626, -0.102617231, -160.493775, -8.97071292, 0, 1.21768785e-08, 1.21768785e-08, 6495890.48, 364630573, 358132032, 0.27, 3.332, 2650.29349, -417.032868, -160.596392, 0, 1.49999251e+15, 0, 0, 2e+18, 1.51431478e+17
4.11357088, 0, 0, 1.5e+15, 0, 2.49577777e-21, 3.718e+18, 6.44e+20, 4.84661426, 4, 260.924462, 117.19603, 1.28078819, 14513.5228, 0, 9.09389851e+11, 1.49814875e+17, 445.914414, -258.964133, -263.193783, 1.5e+15, 1.84771578e+23, -13494.2158, -5338.7488, 303.107041, 117.19603, 117.19603, 1.28078819, 1.28078819, 1.5e+15, 445.61907, 0.295462661, 0.261905588, 442.509113, -0.27775822, -414.242946, -442.068095, -0.100684671, -164.117932, -16.1928214, 0, 1.2176863e-08, 1.2176863e-08, 6467587.75, 364599056, 358128880, 0.27, 3.332, 2587.75569, -414.520704, -164.218617, 0, 1.49999278e+15, 0, 0, 2e+18, 1.51430314e+17
4.1779688, 0, 0, 1.5e+15, 0, 2.49523331e-21, 3.718e+18, 6.44e+20, 4.84661499, 4, 260.959745, 117.19603, 1.28078819, 14425.6551, 0, 8.22072065e+11, 1.49814536e+17, 443.194053, -259.002052, -263.229067, 1.5e+15, 1.66374961e+23, -13280.6503, -5632.38799, 303.106374, 117.19603, 117.19603, 1.28078819, 1.28078819, 1.5e+15, 442.929292, 0.264902578, 0.262566312, 437.41101, -0.247085346, -407.684183, -436.070141, -0.0955100567, -173.147147, -34.2223108, 0, 1.2176825e-08, 1.2176825e-08, 6388295.59, 364519165, 358128193, 0.27, 3.332, 2676.35694, -407.931268, -173.242657, 0, 1.4999935e+15, 0, 0, 2e+18, 1.51429958e+17
4.20372715, 0, 0, 1.5e+15, 0, 2.49502203e-21, 3.718e+18, 6.44e+20, 4.84661527, 4, 260.974625, 117.19603, 1.28078819, 14383.1894, 0, 7.88320722e+11, 1.49814433e+17, 441.881385, -259.018026, -263.243947, 1.5e+15, 1.60209209e+23, -13205.0107, -5699.55083, 303.106115, 117.19603, 117.19603, 1.28078819, 1.28078819, 1.5e+15, 441.626898, 0.254629504, 0.26282836, 435.856424, -0.237051885, -405.360122, -433.948265, -0.0929447266, -175.211473, -39.7689813, 0, 1.21768102e-08, 1.21768102e-08, 6350631.67, 364479591, 358126342, 0.27, 3.332, 2617.68634, -405.597173, -175.304418, 0, 1.49999374e+15, 0, 0, 2e+18, 1.51429109e+17
4.268125, 0, 0, 1.5e+15, 0, 2.49450261e-21, 3.718e+18, 6.44e+20, 4.84661597, 4, 261.011957, 117.19603, 1.28078819, 14268.5755, 0, 7.10246234e+11, 1.49814671e+17, 438.335347, -259.058081, -263.281281, 1.5e+15, 1.43745023e+23, -13006.8532, -5866.33887, 303.105479, 117.19603, 117.19603, 1.28078819, 1.28078819, 1.5e+15, 438.108362, 0.227128985, 0.263492756, 431.682523, -0.210188104, -399.269595, -428.340821, -0.0860726532, -180.340451, -53.6087417, 0, 1.21767739e-08, 1.21767739e-08, 6248776.79, 364379868, 358128394, 0.27, 3.332, 2697.98424, -399.479784, -180.426524, 0, 1.49999438e+15, 0, 0, 2e+18, 1.51429354e+17
4.29388338, 0, 0, 1.5e+15, 0, 2.49430134e-21, 3.718e+18, 6.44e+20, 4.84661624, 4, 261.027224, 117.19603, 1.28078819, 14213.8081, 0, 6.82305368e+11, 1.49814775e+17, 436.647332, -259.074396, -263.296548, 1.5e+15, 1.38632274e+23, -12936.9536, -5887.53263, 303.105232, 117.19603, 117.19603, 1.28078819, 1.28078819, 1.5e+15, 436.428962, 0.218515931, 0.263755494, 430.306912, -0.202056799, -397.124036, -426.378819, -0.0831983236, -180.992247, -57.6392951, 0, 1.21767598e-08, 1.21767598e-08, 6201037.71, 364331343, 358127662, 0.27, 3.332, 2643.38053, -397.326093, -181.075446, 0, 1.49999458e+15, 0, 0, 2e+18, 1.51428784e+17
4.3582813, 0, 0, 1.5e+15, 0, 2.49380671e-21, 3.718e+18, 6.44e+20, 4.8466169, 4, 261.065515, 117.19603, 1.28078819, 14069.1849, 0, 6.17651967e+11, 1.49815499e+17, 432.187938, -259.115286, -263.33484, 1.5e+15, 1.25007388e+23, -12754.0282, -5939.41183, 303.104625, 117.19603, 117.19603, 1.28078819, 1.28078819, 1.5e+15, 431.992581, 0.195513736, 0.264421791, 426.604435, -0.180350386, -391.508322, -421.200336, -0.0754939149, -182.589028, -67.6873764, 0, 1.21767252e-08, 1.21767252e-08, 6074856.27, 364209599, 358132026, 0.27, 3.332, 2716.13986, -391.688672, -182.664522, 0, 1.49999512e+15, 0, 0, 2e+18, 1.51429547e+17
4.38403965, 0, 0, 1.5e+15, 0, 2.49361759e-21, 3.718e+18, 6.44e+20, 4.84661716, 4, 261.080777, 117.19603, 1.28078819, 14002.288, 0, 5.94026528e+11, 1.49815759e+17, 430.126551, -259.131567, -263.350102, 1.5e+15, 1.20681724e+23, -12689.7078, -5919.0689, 303.104393, 117.19603, 117.19603, 1.28078819, 1.28078819, 1.5e+15, 429.938527, 0.188178473, 0.264684556, 425.263047, -0.173588655, -389.533217, -419.380613, -0.0726503864, -181.964239, -70.347962, 0, 1.2176712e-08, 1.2176712e-08, 6017502.87, 364152333, 358132164, 0.27, 3.332, 2665.73982, -389.706805, -182.03689, 0, 1.49999529e+15, 0, 0, 2e+18, 1.514292e+17
4.4484375, 0, 0, 1.5e+15, 0, 2.49315254e-21, 3.718e+18, 6.44e+20, 4.84661778, 4, 261.119045, 117.19603, 1.28078819, 13827.9227, 0, 5.39259966e+11, 1.49816841e+17, 424.75096, -259.172361, -263.388372, 1.5e+15, 1.09143489e+23, -12521.5033, -5867.13346, 303.103823, 117.19603, 117.19603, 1.28078819, 1.28078819, 1.5e+15, 424.582532, 0.168581493, 0.265351023, 421.66875, -0.155532418, -384.36606, -414.584213, -0.0650335511, -180.368966, -76.9702919, 0, 1.21766795e-08, 1.21766795e-08, 5867963.75, 364008930, 358138234, 0.27, 3.332, 2732.02681, -384.521592, -180.433999, 0, 1.49999574e+15, 0, 0, 2e+18, 1.51430351e+17
4.47419588, 0, 0, 1.5e+15, 0, 2.49297547e-21, 3.718e+18, 6.44e+20, 4.84661801, 4, 261.133946, 117.19603, 1.28078819, 13750.2853, 0, 5.18901871e+11, 1.49817209e+17, 422.360663, -259.188266, -263.403273, 1.5e+15, 1.05416594e+23, -12462.6864, -5809.36144, 303.103606, 117.19603, 117.19603, 1.28078819, 1.28078819, 1.5e+15, 422.198561, 0.162251366, 0.265613168, 420.301752, -0.149808065, -382.56125, -412.917864, -0.0623102243, -178.593923, -78.3968541, 0, 1.21766671e-08, 1.21766671e-08, 5802704.9, 363944388, 358138997, 0.27, 3.332, 2685.55543, -382.711058, -178.656233, 0, 1.49999588e+15, 0, 0, 2e+18, 1.51430171e+17
4.5385938, 0, 0, 1.5e+15, 0, 2.49254019e-21, 3.718e+18, 6.44e+20, 4.8466186, 4, 261.1713, 117.19603, 1.28078819, 13549.5791, 0, 4.71661338e+11, 1.49818523e+17, 416.180536, -259.228113, -263.440629, 1.5e+15, 9.54635256e+22, -12309.002, -5663.86732, 303.103073, 117.19603, 117.19603, 1.28078819, 1.28078819, 1.5e+15, 416.035345, 0.145329265, 0.266278133, 416.665372, -0.134517384, -377.844819, -408.530242, -0.0550059003, -174.122325, -81.9330948, 0, 1.21766366e-08, 1.21766366e-08, 5634122.62, 363782992, 358146124, 0.27, 3.332, 2744.88281, -377.979336, -174.177331, 0, 1.49999627e+15, 0, 0, 2e+18, 1.51431562e+17
4.56435215, 0, 0, 1.5e+15, 0, 2.49237773e-21, 3.718e+18, 6.44e+20, 4.84661882, 4, 261.18552, 117.19603, 1.28078819, 13463.4131, 0, 4.52925961e+11, 1.4981894e+17, 413.526288, -259.243391, -263.454849, 1.5e+15, 9.20447802e+22, -12255.5837, -5572.43264, 303.102873, 117.19603, 117.19603, 1.28078819, 1.28078819, 1.5e+15, 413.386844, 0.139573489, 0.266539028, 415.231176, -0.129355655, -376.204268, -407.003004, -0.0524117584, -171.312498, -82.2489867, 0, 1.21766252e-08, 1.21766252e-08, 5563204.42, 363713129, 358147222, 0.27, 3.332, 2702.32134, -376.333623, -171.36491, 0, 1.4999964e+15, 0, 0, 2e+18, 1.51431485e+17
4.62875, 0, 0, 1.5e+15, 0, 2.49197809e-21, 3.718e+18, 6.44e+20, 4.84661936, 4, 261.221166, 117.19603, 1.28078819, 13241.7675, 0, 4.09506034e+11, 1.49820339e+17, 406.69671, -259.281668, -263.490496, 1.5e+15, 8.28844713e+22, -12116.0564, -5342.78866, 303.102383, 117.19603, 117.19603, 1.28078819, 1.28078819, 1.5e+15, 406.572666, 0.12415011, 0.267200876, 411.444966, -0.115535911, -371.91692, -402.984753, -0.0454388278, -164.252861, -83.0072583, 0, 1.21765973e-08, 1.21765973e-08, 5381009.16, 363538440, 358154676, 0.27, 3.332, 2755.0757, -372.032456, -164.2983, 0, 1.49999676e+15, 0, 0, 2e+18, 1.51432953e+17
4.65450838, 0, 0, 1.5e+15, 0, 2.49182988e-21, 3.718e+18, 6.44e+20, 4.84661955, 4, 261.234417, 117.19603, 1.28078819, 13150.171, 0, 3.92828268e+11, 1.49820772e+17, 403.876657, -259.296005, -263.503748, 1.5e+15, 7.98467253e+22, -12068.0945, -5221.32877, 303.102201, 117.19603, 117.19603, 1.28078819, 1.28078819, 1.5e+15, 403.757663, 0.11909129, 0.267459905, 409.964708, -0.111044735, -370.445271, -401.611348, -0.0430153138, -160.52022, -82.3329507, 0, 1.21765869e-08, 1.21765869e-08, 5307423.3, 363466080, 358155941, 0.27, 3.332, 2716.2721, -370.556315, -160.563235, 0, 1.49999688e+15, 0, 0, 2e+18, 1.51432941e+17
4.7189063, 0, 0, 1.5e+15, 0, 2.49146542e-21, 3.718e+18, 6.44e+20, 4.84662004, 4, 261.267631, 117.19603, 1.28078819, 12915.3514, 0, 3.54271284e+11, 1.49822164e+17, 396.647502, -259.331916, -263.536963, 1.5e+15, 7.17059563e+22, -11942.9086, -4916.60836, 303.101753, 117.19603, 117.19603, 1.28078819, 1.28078819, 1.5e+15, 396.542037, 0.105540822, 0.268117064, 406.083971, -0.0990320814, -366.60393, -398.001898, -0.0364897364, -151.152251, -80.6141188, 0, 1.21765614e-08, 1.21765614e-08, 5119208.36, 363285244, 358163273, 0.27, 3.332, 2761.87521, -366.702962, -151.188741, 0, 1.4999972e+15, 0, 0, 2e+18, 1.51434391e+17
4.74466465, 0, 0, 1.5e+15, 0, 2.49133444e-21, 3.718e+18, 6.44e+20, 4.84662022, 4, 261.279661, 117.19603, 1.28078819, 12821.926, 0, 3.39059278e+11, 1.49822586e+17, 393.770121, -259.345093, -263.548994, 1.5e+15, 6.8944678e+22, -11900.3979, -4768.58318, 303.101593, 117.19603, 117.19603, 1.28078819, 1.28078819, 1.5e+15, 393.669152, 0.101037219, 0.26837362, 404.580011, -0.0950220346, -365.298687, -396.773251, -0.0343177885, -146.6029, -79.0629233, 0, 1.21765522e-08, 1.21765522e-08, 5046001.15, 363213305, 358164576, 0.27, 3.332, 2727.25514, -365.393709, -146.637218, 0, 1.49999731e+15, 0, 0, 2e+18, 1.51434419e+17
4.8090625, 0, 0, 1.5e+15, 0, 2.49101208e-21, 3.718e+18, 6.44e+20, 4.84662065, 4, 261.309812, 117.19603, 1.28078819, 12582.8735, 0, 3.04005314e+11, 1.49823911e+17, 386.4063, -259.378094, -263.579145, 1.5e+15, 6.15327614e+22, -11789.4428, -4397.44837, 303.101197, 117.19603, 117.19603, 1.28078819, 1.28078819, 1.5e+15, 386.317381, 0.0889643064, 0.269024554, 400.655692, -0.0842875418, -361.889628, -393.544572, -0.0284648988, -135.191997, -75.1505841, 0, 1.21765297e-08, 1.21765297e-08, 4859193.16, 363033466, 358171506, 0.27, 3.332, 2766.94771, -361.973916, -135.220462, 0, 1.4999976e+15, 0, 0, 2e+18, 1.51435793e+17
4.83482088, 0, 0, 1.5e+15, 0, 2.49089794e-21, 3.718e+18, 6.44e+20, 4.84662081, 4, 261.320395, 117.19603, 1.28078819, 12491.7586, 0, 2.89399981e+11, 1.49824285e+17, 383.600188, -259.389962, -263.589728, 1.5e+15, 5.89002069e+22, -11752.4707, -4226.24035, 303.101057, 117.19603, 117.19603, 1.28078819, 1.28078819, 1.5e+15, 383.515426, 0.084799342, 0.269278043, 399.189084, -0.0805282445, -360.754926, -392.472699, -0.0265459835, -129.929984, -72.8341098, 0, 1.21765217e-08, 1.21765217e-08, 4789613.5, 362965001, 358172651, 0.27, 3.332, 2736.05644, -360.835454, -129.956531, 0, 1.4999977e+15, 0, 0, 2e+18, 1.51435815e+17
4.8992188, 0, 0, 1.5e+15, 0, 2.49061711e-21, 3.718e+18, 6.44e+20, 4.84662118, 4, 261.346916, 117.19603, 1.28078819, 12258.9254, 0, 2.55995166e+11, 1.49825433e+17, 376.430964, -259.419686, -263.616251, 1.5e+15, 5.18157171e+22, -11656.0258, -3797.12337, 303.100712, 117.19603, 117.19603, 1.28078819, 1.28078819, 1.5e+15, 376.357362, 0.0736183954, 0.269921259, 395.378913, -0.070449298, -357.795251, -389.659492, -0.021367256, -116.736016, -67.0069178, 0, 1.2176502e-08, 1.2176502e-08, 4612482.68, 362793862, 358178611, 0.27, 3.332, 2768.42969, -357.8657, -116.757384, 0, 1.49999798e+15, 0, 0, 2e+18, 1.51436982e+17
4.92497715, 0, 0, 1.5e+15, 0, 2.49052344e-21, 3.718e+18, 6.44e+20, 4.84662131, 4, 261.355859, 117.19603, 1.28078819, 12174.595, 0, 2.41651e+11, 1.49825735e+17, 373.830681, -259.430136, -263.625194, 1.5e+15, 4.92573739e+22, -11624.7482, -3605.98466, 303.100597, 117.19603, 117.19603, 1.28078819, 1.28078819, 1.5e+15, 373.760994, 0.0696996715, 0.270171095, 394.005985, -0.066852818, -356.832696, -388.740822, -0.0196854389, -110.861059, -64.0315429, 0, 1.21764954e-08, 1.21764954e-08, 4549619.21, 362731851, 358179490, 0.27, 3.332, 2741.8113, -356.899549, -110.880745, 0, 1.49999808e+15, 0, 0, 2e+18, 1.51436978e+17
4.989375, 0, 0, 1.5e+15, 0, 2.49029261e-21, 3.718e+18, 6.44e+20, 4.84662162, 4, 261.378273, 117.19603, 1.28078819, 11959.1698, 0, 2.09261321e+11, 1.49826659e+17, 367.186776, -259.456308, -263.647609, 1.5e+15, 4.23566324e+22, -11543.1187, -3126.98268, 303.100314, 117.19603, 117.19603, 1.28078819, 1.28078819, 1.5e+15, 367.127611, 0.0591652751, 0.270805127, 390.444945, -0.0571958856, -354.31798, -386.327398, -0.0151379563, -96.1319544, -56.5541014, 0, 1.21764792e-08, 1.21764792e-08, 4389677.22, 362576693, 358184248, 0.27, 3.332, 2767.99745, -354.375176, -96.1470923, 0, 1.49999835e+15, 0, 0, 2e+18, 1.51437891e+17
5.01513338, 0, 0, 1.5e+15, 0, 2.49021729e-21, 3.718e+18, 6.44e+20, 4.84662172, 4, 261.385409, 117.19603, 1.28078819, 11886.508, 0, 1.96702967e+11, 1.49826875e+17, 364.948795, -259.46506, -263.654745, 1.5e+15, 4.01286279e+22, -11517.9584, -2919.4088, 303.100221, 117.19603, 117.19603, 1.28078819, 1.28078819, 1.5e+15, 364.892942, 0.0558536242, 0.271050712, 389.258469, -0.0541246918, -353.546343, -385.58879, -0.0137465828, -89.7519591, -53.0360423, 0, 1.2176474e-08, 1.2176474e-08, 4336798.74, 362524355, 358184810, 0.27, 3.332, 2745.85971, -353.600467, -89.7657057, 0, 1.49999843e+15, 0, 0, 2e+18, 1.51437852e+17
5.0795313, 0, 0, 1.5e+15, 0, 2.49003181e-21, 3.718e+18, 6.44e+20, 4.84662197, 4, 261.403293, 117.19603, 1.28078819, 11700.9735, 0, 1.68604653e+11, 1.49827532e+17, 359.236664, -259.48697, -263.67263, 1.5e+15, 3.41277712e+22, -11452.3493, -2399.24764, 303.099993, 117.19603, 117.19603, 1.28078819, 1.28078819, 1.5e+15, 359.189694, 0.0469714348, 0.271674074, 386.19052, -0.0458986048, -351.535149, -383.652883, -0.00998161715, -73.7577632, -44.1991214, 0, 1.2176461e-08, 1.2176461e-08, 4202483.19, 362393421, 358188173, 0.27, 3.332, 2764.75183, -351.581048, -73.7677448, 0, 1.49999867e+15, 0, 0, 2e+18, 1.51438476e+17
5.10528965, 0, 0, 1.5e+15, 0, 2.48997914e-21, 3.718e+18, 6.44e+20, 4.84662204, 4, 261.408494, 117.19603, 1.28078819, 11644.472, 0, 1.57668214e+11, 1.49827673e+17, 357.492278, -259.493922, -263.677831, 1.5e+15, 3.22005525e+22, -11433.562, -2178.84128, 303.099929, 117.19603, 117.19603, 1.28078819, 1.28078819, 1.5e+15, 357.448091, 0.0441907543, 0.2719148, 385.250853, -0.0432708719, -350.955177, -383.090735, -0.00892241147, -66.9829481, -40.2565197, 0, 1.21764573e-08, 1.21764573e-08, 4162072.79, 362353294, 358188474, 0.27, 3.332, 2747.90855, -350.998448, -66.9918705, 0, 1.49999874e+15, 0, 0, 2e+18, 1.51438419e+17
5.1696875, 0, 0, 1.5e+15, 0, 2.489849e-21, 3.718e+18, 6.44e+20, 4.84662222, 4, 261.421529, 117.19603, 1.28078819, 11500.12, 0, 1.33409274e+11, 1.49828105e+17, 353.034124, -259.511321, -263.690866, 1.5e+15, 2.70041386e+22, -11384.5128, -1626.52482, 303.099769, 117.19603, 117.19603, 1.28078819, 1.28078819, 1.5e+15, 352.997404, 0.0367308774, 0.272525982, 382.818797, -0.0362278768, -349.438504, -381.613414, -0.00605787696, -49.9986436, -30.3549537, 0, 1.21764481e-08, 1.21764481e-08, 4059346.24, 362252768, 358190660, 0.27, 3.332, 2761.50196, -349.474732, -50.0047015, 0, 1.49999895e+15, 0, 0, 2e+18, 1.51438806e+17
5.19544588, 0, 0, 1.5e+15, 0, 2.48981141e-21, 3.718e+18, 6.44e+20, 4.84662227, 4, 261.42469, 117.19603, 1.28078819, 11463.9739, 0, 1.24122288e+11, 1.49828134e+17, 351.919895, -259.516367, -263.694027, 1.5e+15, 2.53783903e+22, -11372.6937, -1397.09054, 303.099723, 117.19603, 117.19603, 1.28078819, 1.28078819, 1.5e+15, 351.885485, 0.0344224878, 0.272761222, 382.21366, -0.0340119346, -349.075844, -381.260676, -0.00522897774, -42.9466173, -26.1143304, 0, 1.21764455e-08, 1.21764455e-08, 4033895.46, 362227186, 358190540, 0.27, 3.332, 2750.03347, -349.109855, -42.9518462, 0, 1.49999901e+15, 0, 0, 2e+18, 1.51438694e+17
5.2598438, 0, 0, 1.5e+15, 0, 2.48971851e-21, 3.718e+18, 6.44e+20, 4.84662239, 4, 261.432615, 117.19603, 1.28078819, 11371.6278, 0, 1.03626839e+11, 1.49828231e+17, 349.075328, -259.529005, -263.701953, 1.5e+15, 2.09756779e+22, -11341.8724, -822.092795, 303.099609, 117.19603, 117.19603, 1.28078819, 1.28078819, 1.5e+15, 349.047137, 0.0282071842, 0.273358671, 380.651655, -0.0280485586, -348.131485, -380.337411, -0.0029872114, -25.2658468, -15.4639256, 0, 1.2176439e-08, 1.2176439e-08, 3969293.01, 362163060, 358191010, 0.27, 3.332, 2755.9948, -348.159534, -25.268834, 0, 1.49999918e+15, 0, 0, 2e+18, 1.51438719e+17
5.28560215, 0, 0, 1.5e+15, 0, 2.48967902e-21, 3.718e+18, 6.44e+20, 4.84662244, 4, 261.433679, 117.19603, 1.28078819, 11357.0462, 0, 9.89766141e+10, 1.49828213e+17, 348.741711, -259.531268, -263.703016, 1.5e+15, 2.01356328e+22, -11333.5719, -705.761819, 303.09956, 117.19603, 117.19603, 1.28078819, 1.28078819, 1.5e+15, 348.714713, 0.0270122128, 0.2740921, 380.445989, -0.0268818266, -347.99257, -380.197887, -0.00261022627, -21.6895953, -13.2890403, 0, 1.21764362e-08, 1.21764362e-08, 3960251.02, 362153876, 358190873, 0.27, 3.332, 2751.49447, -348.019452, -21.6922056, 0, 1.49999921e+15, 0, 0, 2e+18, 1.51438652e+17
5.35, 0, 0, 1.5e+15, 0, 2.48958002e-21, 3.718e+18, 6.44e+20, 4.84662258, 4, 261.436346, 117.19603, 1.28078819, 11321.3863, 0, 8.81308218e+10, 1.49828173e+17, 347.88261, -259.536966, -263.705683, 1.5e+15, 1.7838552e+22, -11313.8055, -414.231902, 303.099439, 117.19603, 117.19603, 1.28078819, 1.28078819, 1.5e+15, 347.858858, 0.0237624042, 0.275941279, 379.909273, -0.0237091096, -347.62609, -379.828631, -0.00159055267, -12.7233506, -7.82729259, 0, 1.21764293e-08, 1.21764293e-08, 3937174.1, 362130730, 358190803, 0.27, 3.332, 2753.53676, -347.649799, -12.7249412, 0, 1.4999993e+15, 0, 0, 2e+18, 1.51438593e+17
