"depth", "composition x", "composition y", "donor conc", "acceptor conc", "ni", "nc", "nv", "eg", "electron affinity", "potential", "e- mobility", "h+ mobility", "electric field", "impact gen rate", "electron conc", "hole conc", "cond. current density", "electron qfl", "hole qfl", "net doping", "recombination rate", "e field x", "e field y", "lattice temperature", "e- mobility x", "e- mobility y", "h+ mobility x", "h+ mobility y", "total doping", "h+ current density", "e- current density", "current flowlines", "total current density", "je- x", "jh+ x", "jtot x", "je- y", "jh+ y", "jtot y", "seu generation rate", "e- srh tno", "h+ srh tno", "joule heat power", "total heat power", "rec heat power", "heat conductivity", "heat capacity", "peltier-thomson heat power", "cond current x", "cond current y", "ionized acceptor concentration", "ionized donor concentration", "e- ionization coefficient", "h+ ionization coefficient", "acceptor trap dos #1", "acceptor trap ionized density #1"
-0.42, 0, 0, 0, 0, 0, 0, 0, 0, 0, 147.4576, 0, 0, 659695.421, 0, 0, 0, 0, 0, 0, 0, 0, -659653.971, 7393.94319, 300, 0, 0, 0, 0, 0, 0, 0, 0.157493978, 47.7260787, 0, 0, 47.3136768, 0, 0, -6.1952521, 0, 0, 0, 0, 0, 0, 0.014, 3.066, 0, 0, 0, 0, 0, 0, 0, 0, 0
-0.405714286, 0, 0, 0, 0, 0, 0, 0, 0, 0, 147.446777, 0, 0, 658824.238, 0, 0, 0, 0, 0, 0, 0, 0, -658745.383, 9560.56409, 300, 0, 0, 0, 0, 0, 0, 0, 0.158386819, 48.0673079, 0, 0, 47.396782, 0, 0, -7.88074969, 0, 0, 0, 0, 0, 0, 0.014, 3.066, 0, 0, 0, 0, 0, 0, 0, 0, 0
-0.37, 0, 0, 0, 0, 0, 0, 0, 0, 0, 147.421407, 0, 0, 656745.396, 0, 0, 0, 0, 0, 0, 0, 0, -656582.18, 14638.5979, 300, 0, 0, 0, 0, 0, 0, 0, 0.16080352, 49.2735227, 0, 0, 47.6700029, 0, 0, -12.3465495, 0, 0, 0, 0, 0, 0, 0.014, 3.066, 0, 0, 0, 0, 0, 0, 0, 0, 0
-0.355714286, 0, 0, 0, 0, 0, 0, 0, 0, 0, 147.388908, 0, 0, 656534.143, 0, 0, 0, 0, 0, 0, 0, 0, -656221.754, 18980.857, 300, 0, 0, 0, 0, 0, 0, 0, 0.161527372, 50.482445, 0, 0, 47.9146184, 0, 0, -15.6860577, 0, 0, 0, 0, 0, 0, 0.014, 3.066, 0, 0, 0, 0, 0, 0, 0, 0, 0
-0.32, 0, 0, 0, 0, 0, 0, 0, 0, 0, 147.312739, 0, 0, 655925.459, 0, 0, 0, 0, 0, 0, 0, 0, -655276.998, 29154.5055, 300, 0, 0, 0, 0, 0, 0, 0, 0.163467937, 54.6296774, 0, 0, 48.7209274, 0, 0, -24.5182991, 0, 0, 0, 0, 0, 0, 0.014, 3.066, 0, 0, 0, 0, 0, 0, 0, 0, 0
-0.305714286, 0, 0, 0, 0, 0, 0, 0, 0, 0, 147.258477, 0, 0, 655569.881, 0, 0, 0, 0, 0, 0, 0, 0, -654670.622, 33520.7909, 300, 0, 0, 0, 0, 0, 0, 0, 0.164259837, 56.4269787, 0, 0, 49.1129175, 0, 0, -27.7748205, 0, 0, 0, 0, 0, 0, 0.014, 3.066, 0, 0, 0, 0, 0, 0, 0, 0, 0
-0.27, 0, 0, 0, 0, 0, 0, 0, 0, 0, 147.131342, 0, 0, 654547.117, 0, 0, 0, 0, 0, 0, 0, 0, -653083.512, 43740.3412, 300, 0, 0, 0, 0, 0, 0, 0, 0.166347952, 62.2721055, 0, 0, 50.412179, 0, 0, -36.3445348, 0, 0, 0, 0, 0, 0, 0.014, 3.066, 0, 0, 0, 0, 0, 0, 0, 0, 0
-0.255714286, 0, 0, 0, 0, 0, 0, 0, 0, 0, 147.05517, 0, 0, 654044.151, 0, 0, 0, 0, 0, 0, 0, 0, -652223.79, 48142.5877, 300, 0, 0, 0, 0, 0, 0, 0, 0.167222859, 64.4423443, 0, 0, 50.9278692, 0, 0, -39.4794157, 0, 0, 0, 0, 0, 0, 0.014, 3.066, 0, 0, 0, 0, 0, 0, 0, 0, 0
-0.22, 0, 0, 0, 0, 0, 0, 0, 0, 0, 146.876796, 0, 0, 652600.321, 0, 0, 0, 0, 0, 0, 0, 0, -649978.61, 58427.9752, 300.000001, 0, 0, 0, 0, 0, 0, 0, 0.169481516, 71.1556932, 0, 0, 52.6533665, 0, 0, -47.6624351, 0, 0, 0, 0, 0, 0, 0.014, 3.066, 0, 0, 0, 0, 0, 0, 0, 0, 0
-0.205714286, 0, 0, 0, 0, 0, 0, 0, 0, 0, 146.778512, 0, 0, 651403.834, 0, 0, 0, 0, 0, 0, 0, 0, -648298.021, 62975.7659, 300.000008, 0, 0, 0, 0, 0, 0, 0, 0.170427063, 73.3009995, 0, 0, 52.6068608, 0, 0, -51.0404293, 0, 0, 0, 0, 0, 0, 0.014, 3.066, 0, 0, 0, 0, 0, 0, 0, 0, 0
-0.17, 0, 0, 0, 0, 0, 0, 0, 0, 0, 146.548536, 0, 0, 648211.165, 0, 0, 0, 0, 0, 0, 0, 0, -644028.047, 73509.1274, 300.000029, 0, 0, 0, 0, 0, 0, 0, 0.172841456, 80.2798646, 0, 0, 53.3959908, 0, 0, -59.7848025, 0, 0, 0, 0, 0, 0, 0.014, 3.066, 0, 0, 0, 0, 0, 0, 0, 0, 0
-0.141428624, 0, 0, 0, 0, 0, 0, 0, 0, 0, 146.311973, 0, 0, 646949.224, 0, 0, 0, 0, 0, 0, 0, 0, -641607.132, 82507.7092, 300.000432, 0, 0, 0, 0, 0, 0, 0, 0.174322591, 85.1767738, 0, 0, 58.0403134, 0, 0, -62.2141682, 0, 0, 0, 0, 0, 0, 0.014, 3.066, 0, 0, 0, 0, 0, 0, 0, 0, 0
-0.12, 0, 0, 0, 0, 0, 0, 0, 0, 0, 146.144929, 0, 0, 645604.774, 0, 0, 0, 0, 0, 0, 0, 0, -639369.324, 89511.4129, 300.000864, 0, 0, 0, 0, 0, 0, 0, 0.17562934, 89.1844983, 0, 0, 59.9571115, 0, 0, -65.8200863, 0, 0, 0, 0, 0, 0, 0.014, 3.066, 0, 0, 0, 0, 0, 0, 0, 0, 0
-0.0771427527, 0, 0, 0, 0, 0, 0, 0, 0, 0, 145.735066, 0, 0, 642575.112, 0, 0, 0, 0, 0, 0, 0, 0, -634399.7, 102039.276, 300.02401, 0, 0, 0, 0, 0, 0, 0, 0.17685101, 96.639388, 0, 0, 61.9665223, 0, 0, -74.0758723, 0, 0, 0, 0, 0, 0, 0.014, 3.066, 0, 0, 0, 0, 0, 0, 0, 0, 0
-0.07, 0, 0, 0, 0, 0, 0, 0, 0, 0, 145.66591, 0, 0, 641891.348, 0, 0, 0, 0, 0, 0, 0, 0, -633333.892, 104459.326, 300.027375, 0, 0, 0, 0, 0, 0, 0, 0.177098966, 97.928251, 0, 0, 61.843149, 0, 0, -75.9296661, 0, 0, 0, 0, 0, 0, 0.014, 3.066, 0, 0, 0, 0, 0, 0, 0, 0, 0
-0.0557145992, 0, 0, 0, 0, 0, 0, 0, 0, 0, 145.50649, 0, 0, 641310.526, 0, 0, 0, 0, 0, 0, 0, 0, -632457.529, 106135.089, 300.216006, 0, 0, 0, 0, 0, 0, 0, 0.177232464, 105.770453, 0, 0, 71.5882896, 0, 0, -77.2766758, 0, 0, 0, 0, 0, 0, 0.014, 3.066, 0, 0, 0, 0, 0, 0, 0, 0, 0
-0.02, 0, 0, 0, 0, 0, 0, 0, 0, 0, 145.111961, 0, 0, 637787.054, 0, 0, 0, 0, 0, 0, 0, 0, -628095.596, 110762.076, 300.721166, 0, 0, 0, 0, 0, 0, 0, 0.177735005, 125.301703, 0, 0, 95.1468087, 0, 0, -81.5283709, 0, 0, 0, 0, 0, 0, 0.014, 3.066, 0, 0, 0, 0, 0, 0, 0, 0, 0
-0.02, 0, 0, 0, 0, 0, 0, 0, 0, 0, 145.111961, 0, 0, 628016.391, 0, 0, 0, 0, 0, 0, 0, 0, -627719.11, 19321.071, 300.721166, 0, 0, 0, 0, 0, 0, 0, 0.177735005, 125.301703, 0, 0, 95.1468087, 0, 0, -81.5283709, 0, 0, 0, 0, 0, 0, 0.023, 4.01368781, 0, 0, 0, 0, 0, 0, 0, 0, 0
-0.0185714599, 0, 0, 0, 0, 0, 0, 0, 0, 0, 145.109191, 0, 0, 627896.996, 0, 0, 0, 0, 0, 0, 0, 0, -627593.16, 19527.3055, 300.824383, 0, 0, 0, 0, 0, 0, 0, 0.177917277, 210.233022, 0, 0, 185.738612, 0, 0, -84.0267345, 0, 0, 0, 0, 0, 0, 0.023, 4.01381763, 0, 0, 0, 0, 0, 0, 0, 0, 0
-0.015, 0, 0, 0, 0, 0, 0, 0, 0, 0, 145.10233, 0, 0, 627599.036, 0, 0, 0, 0, 0, 0, 0, 0, -627279.095, 20037.0536, 301.093218, 0, 0, 0, 0, 0, 0, 0, 0.17827195, 418.513685, 0, 0, 408.771105, 0, 0, -89.7736874, 0, 0, 0, 0, 0, 0, 0.023, 4.01415564, 0, 0, 0, 0, 0, 0, 0, 0, 0
-0.0135714599, 0, 0, 0, 0, 0, 0, 0, 0, 0, 145.099338, 0, 0, 627573.523, 0, 0, 0, 0, 0, 0, 0, 0, -627238.762, 20481.4512, 301.213168, 0, 0, 0, 0, 0, 0, 0, 0.178397014, 418.865362, 0, 0, 408.823242, 0, 0, -91.1588496, 0, 0, 0, 0, 0, 0, 0.023, 4.01430614, 0, 0, 0, 0, 0, 0, 0, 0, 0
-0.01, 0, 0, 0, 0, 0, 0, 0, 0, 0, 145.091927, 0, 0, 627509.412, 0, 0, 0, 0, 0, 0, 0, 0, -627138.197, 21581.0048, 301.524546, 0, 0, 0, 0, 0, 0, 0, 0.178714372, 419.760173, 0, 0, 408.961691, 0, 0, -94.5956854, 0, 0, 0, 0, 0, 0, 0.023, 4.01469663, 0, 0, 0, 0, 0, 0, 0, 0, 0
-0.00857145992, 0, 0, 0, 0, 0, 0, 0, 0, 0, 145.088713, 0, 0, 627481.613, 0, 0, 0, 0, 0, 0, 0, 0, -627094.463, 22025.6148, 301.656126, 0, 0, 0, 0, 0, 0, 0, 0.178841636, 420.117302, 0, 0, 409.004585, 0, 0, -95.9793637, 0, 0, 0, 0, 0, 0, 0.023, 4.01486126, 0, 0, 0, 0, 0, 0, 0, 0, 0
-0.005, 0, 0, 0, 0, 0, 0, 0, 0, 0, 145.080752, 0, 0, 627411.182, 0, 0, 0, 0, 0, 0, 0, 0, -626984.855, 23125.2993, 301.995578, 0, 0, 0, 0, 0, 0, 0, 0.179164695, 421.024403, 0, 0, 409.119714, 0, 0, -99.4082147, 0, 0, 0, -3.79358865e-06, -3.79905946e-06, -2.30136213e-09, 0.023, 4.01528573, -3.16944733e-09, 0, 0, 0, 0, 0, 0, 0, 0
-0.00357145992, 0, 0, 0, 0, 0, 0, 0, 0, 0, 145.077316, 0, 0, 627286.536, 0, 0, 0, 0, 0, 0, 0, 0, -626852.596, 23325.3305, 302.133541, 0, 0, 0, 0, 0, 0, 0, 0.179306507, 377.944748, 0, 0, 363.492133, 0, 0, -100.910282, 0, 0, 0, 6934539.35, 6944539.79, 4206.8046, 0.023, 4.01545782, 5793.63216, 0, 0, 0, 0, 0, 0, 0, 0
0, 0, 0, 0, 0, 0, 0, 0, 0, 0, 145.068805, 0, 0, 626977.019, 0, 0, 0, 0, 0, 0, 0, 0, -626524.399, 23819.2195, 302.486427, 0, 0, 0, 0, 0, 0, 0, 0.179667414, 272.158368, 0, 0, 251.240788, 0, 0, -104.631114, 0, 0, 0, 24093024.5, 24128361.5, 14651.9876, 0.023, 4.01589773, 20684.976, 0, 0, 0, 0, 0, 0, 0, 0
0, 0, 0, 5e+16, 0, 2.03674702e-21, 3.718e+18, 6.44e+20, 4.84729279, 4, 145.068805, 31.9599013, 0.866667, 630395.208, 1.84776619e+14, 1.20334069e+13, 6.85768368e+09, 25.0631699, -143.040259, -146.898821, 5e+16, 5.64499908e+17, -626903.141, 66261.1843, 302.486427, 31.9599013, 96.3976522, 0.866667, 0.866667, 5e+16, 0.000392395649, 25.0627778, 0.179667414, 295.49595, -25.0625721, -0.000392140357, -276.303753, 0.101517555, 1.4152204e-05, 104.754734, 0, 1.21414745e-08, 1.21414745e-08, 24093024.5, 24128361.5, 14651.9876, 0.27, 3.332, 20684.976, -25.0629642, 0.101531708, 0, 4.99968059e+16, 1.20824496e-06, 1.25460828e-06, 0, 0
0.00267851265, 0, 0, 5e+16, 0, 2.05067037e-21, 3.718e+18, 6.44e+20, 4.84726976, 4, 145.050996, 31.9716913, 0.866667, 630309.525, 1.10341979e+14, 6.27832014e+12, 1.22141089e+10, 19.0146382, -143.039434, -146.895987, 5e+16, 1.57850347e+18, -626645.54, 67812.1189, 302.507509, 31.9716913, 96.3960794, 0.866667, 0.866667, 5e+16, 0.00160302177, 19.013036, 0.179785464, 268.565712, -19.0125432, -0.00160082892, -245.949456, 0.101287213, 8.30117357e-05, 105.718486, 0, 1.21426761e-08, 1.21426761e-08, 17878854.5, 17905678.6, 10909.8423, 0.27, 3.332, 15914.2742, -19.014144, 0.101370225, 0, 4.99976297e+16, 1.21526917e-06, 1.25949257e-06, 0, 0
0.009375, 0, 0, 5e+16, 0, 2.08722449e-21, 3.718e+18, 6.44e+20, 4.84721132, 4, 145.006869, 32.0014762, 0.866667, 630092.929, 3.09745496e+13, 1.25677829e+12, 5.08925618e+10, 4.07098462, -143.037316, -146.888891, 5e+16, 4.02745102e+18, -626002.712, 71677.5932, 302.560998, 32.0014762, 96.3960794, 0.866667, 0.866667, 5e+16, 0.00451503127, 4.06647162, 0.180085711, 202.493654, -4.06521458, -0.00450824234, -171.220327, 0.1010974, 0.000247502828, 108.105667, 0, 1.21457251e-08, 1.21457251e-08, 2548454.58, 2553773.81, 1647.01936, 0.27, 3.332, 3672.21332, -4.06972282, 0.101344903, 0, 4.99996667e+16, 1.23110682e-06, 1.26994987e-06, 0, 0
0.0120535127, 0, 0, 5e+16, 0, 2.09993739e-21, 3.718e+18, 6.44e+20, 4.84719075, 4, 144.98605, 32.0139378, 0.866667, 630246.124, 1.62776421e+13, 6.30015261e+11, 6.99012103e+10, 3.03133203, -143.034529, -146.876286, 5e+16, 4.38249778e+18, -625758.938, 74889.5701, 302.57982, 32.0139378, 96.3960794, 0.866667, 0.866667, 5e+16, 0.00720866129, 3.02412482, 0.180225683, 202.202721, -3.02281331, -0.00719000224, -170.214053, 0.0821612955, 0.000508236918, 109.13616, 0, 1.2146798e-08, 1.2146798e-08, 1895886.27, 1900145.19, 1248.19232, 0.27, 3.332, 3010.72254, -3.03000331, 0.0826695324, 0, 4.99997524e+16, 1.23675105e-06, 1.28781584e-06, 0, 0
0.01875, 0, 0, 5e+16, 0, 2.13308869e-21, 3.718e+18, 6.44e+20, 4.84713894, 4, 144.934418, 32.0454218, 0.866667, 630619.336, 3.32286023e+12, 1.14639284e+11, 1.54773025e+11, 0.392197153, -143.027405, -146.845232, 5e+16, 5.41992296e+18, -625147.066, 82896.7242, 302.627239, 32.0454218, 96.3923674, 0.866667, 0.866667, 5e+16, 0.01372347, 0.378473843, 0.18058195, 201.463977, -0.377020355, -0.0136764922, -167.671456, 0.0331375057, 0.0011345383, 111.68504, 0, 1.21495012e-08, 1.21495012e-08, 244925.255, 246456.942, 234.441594, 0.27, 3.332, 1297.24472, -0.390696847, 0.034272044, 0, 4.99999696e+16, 1.24893099e-06, 1.32753115e-06, 0, 0
0.0214285127, 0, 0, 5e+16, 0, 2.14456023e-21, 3.718e+18, 6.44e+20, 4.84712075, 4, 144.910588, 32.0585693, 0.866667, 630817.464, 2.17209232e+12, 6.80721783e+10, 1.96936631e+11, 0.310643796, -143.017193, -146.827631, 5e+16, 4.28865437e+18, -624890.601, 86110.1789, 302.643888, 32.0585693, 96.3792809, 0.866667, 0.866667, 5e+16, 0.0190480531, 0.291685554, 0.180725051, 201.987364, -0.289965364, -0.0189638315, -167.608839, 0.0288191105, 0.00177687583, 112.719366, 0, 1.21504503e-08, 1.21504503e-08, 193841.229, 195126.398, 224.579414, 0.27, 3.332, 1060.58938, -0.308929195, 0.0305959863, 0, 4.99999766e+16, 1.19131173e-06, 1.34232106e-06, 0, 0
0.028125, 0, 0, 5e+16, 0, 2.17421522e-21, 3.718e+18, 6.44e+20, 4.84707529, 4, 144.851447, 32.0917885, 0.866667, 631302.501, 7.42333031e+11, 1.86025574e+10, 3.59659982e+11, 0.0954433026, -142.99196, -146.784072, 5e+16, 1.45580254e+18, -624246.839, 94120.7048, 302.685465, 32.0917885, 96.3697769, 0.866667, 0.866667, 5e+16, 0.0319100792, 0.0638324503, 0.18108975, 203.297992, -0.0614845406, -0.0317365668, -167.453499, 0.0171523918, 0.00332316668, 115.277623, 0, 1.21528207e-08, 1.21528207e-08, 59495.4638, 60136.2238, 193.207846, 0.27, 3.332, 447.552116, -0.0932211073, 0.0204755585, 0, 4.99999951e+16, 1.0683986e-06, 1.37550615e-06, 0, 0
0.0308035127, 0, 0, 5e+16, 0, 2.18451817e-21, 3.718e+18, 6.44e+20, 4.84705924, 4, 144.824603, 32.1056372, 0.866667, 631545.385, 7.39210184e+11, 1.55290189e+10, 4.35715884e+11, 0.0963700751, -142.969852, -146.762186, 5e+16, 1.27561916e+18, -623977.507, 97335.7097, 302.700157, 32.1056372, 96.3697769, 0.866667, 0.866667, 5e+16, 0.0408564943, 0.055986049, 0.181235317, 203.888293, -0.0534868493, -0.0405910951, -167.458749, 0.0162602033, 0.00462979584, 116.308182, 0, 1.21536582e-08, 1.21536582e-08, 60254.1969, 60844.5806, 234.651752, 0.27, 3.332, 355.732, -0.0940779443, 0.0208899991, 0, 4.99999957e+16, 9.55487869e-07, 1.39332327e-06, 0, 0
0.0375, 0, 0, 5e+16, 0, 2.21086934e-21, 3.718e+18, 6.44e+20, 4.84701955, 4, 144.757952, 32.1406317, 0.866667, 632141.764, 7.0630854e+11, 9.71347059e+09, 7.043285e+11, 0.0961592846, -142.915507, -146.707954, 5e+16, 7.88292265e+17, -623301.383, 105349.763, 302.73646, 32.1406317, 96.3481661, 0.866667, 0.866667, 5e+16, 0.0625108663, 0.0345523002, 0.181606771, 205.371234, -0.0316871477, -0.0620248181, -167.48119, 0.0137760313, 0.00778011202, 118.856769, 0, 1.21557282e-08, 1.21557282e-08, 60561.6421, 61014.5749, 334.016944, 0.27, 3.332, 118.915924, -0.0937119658, 0.0215561434, 0, 4.99999974e+16, 7.02831563e-07, 1.43322927e-06, 0, 0
0.0401785127, 0, 0, 5e+16, 0, 2.22017031e-21, 3.718e+18, 6.44e+20, 4.84700528, 4, 144.728093, 32.1551979, 0.866667, 632429.197, 8.08890506e+11, 9.08662201e+09, 8.26479534e+11, 0.107990367, -142.887412, -146.682227, 5e+16, 7.43664647e+17, -623018.99, 108566.44, 302.749517, 32.1551979, 96.2935918, 0.866667, 0.866667, 5e+16, 0.0762529331, 0.0327169785, 0.18175476, 205.966358, -0.0298064191, -0.0755755185, -167.482092, 0.0134592541, 0.0101136116, 119.881172, 0, 1.21564726e-08, 1.21564726e-08, 68151.3267, 68662.726, 401.284063, 0.27, 3.332, 110.115236, -0.105381938, 0.0235728657, 0, 4.99999976e+16, 6.43743036e-07, 1.45436862e-06, 0, 0
0.046875, 0, 0, 5e+16, 0, 2.24366889e-21, 3.718e+18, 6.44e+20, 4.84697043, 4, 144.653926, 32.1920107, 0.866667, 633136.361, 1.12504447e+12, 7.62645875e+09, 1.23341421e+12, 0.13610213, -142.817875, -146.618412, 5e+16, 6.23435322e+17, -622309.995, 116584.301, 302.781398, 32.1920107, 96.2488453, 0.866667, 0.866667, 5e+16, 0.109538513, 0.0277390089, 0.182132837, 207.460436, -0.0247196627, -0.108400513, -167.494026, 0.0125852463, 0.0157484605, 122.413753, 0, 1.21582906e-08, 1.21582906e-08, 86139.0007, 86786.8295, 564.238469, 0.27, 3.332, 83.5903037, -0.133120175, 0.0283337068, 0, 4.9999998e+16, 5.0639389e-07, 1.50183959e-06, 0, 0
0.0495535127, 0, 0, 5e+16, 0, 2.25220871e-21, 3.718e+18, 6.44e+20, 4.84695751, 4, 144.621051, 32.2073121, 0.866667, 633468.109, 1.29415933e+12, 7.28898987e+09, 1.41403081e+12, 0.154759076, -142.786202, -146.589067, 5e+16, 5.98113259e+17, -622014.336, 119802.795, 302.79322, 32.2073121, 96.2488453, 0.866667, 0.866667, 5e+16, 0.129230323, 0.0267443844, 0.182283233, 208.056126, -0.023685604, -0.127735421, -167.486044, 0.01240632, 0.0195603265, 123.431733, 0, 1.21589646e-08, 1.21589646e-08, 98073.1198, 98829.6704, 659.827574, 0.27, 3.332, 96.7227915, -0.151421024, 0.0319666465, 0, 4.99999981e+16, 4.76562453e-07, 1.52699815e-06, 0, 0
0.05625, 0, 0, 5e+16, 0, 2.27351065e-21, 3.718e+18, 6.44e+20, 4.84692633, 4, 144.539366, 32.2459897, 0.866667, 634285.423, 1.83254615e+12, 6.48487421e+09, 1.99097372e+12, 0.19976506, -142.707621, -146.516228, 5e+16, 5.31551101e+17, -621271.919, 127824.797, 302.821731, 32.2459897, 96.163074, 0.866667, 0.866667, 5e+16, 0.176971303, 0.0241130142, 0.182667878, 209.549671, -0.0209592203, -0.174616149, -167.474849, 0.0119225487, 0.0287757031, 125.947567, 0, 1.21605904e-08, 1.21605904e-08, 126766.521, 127785.708, 891.85851, 0.27, 3.332, 127.327136, -0.195575369, 0.0406982517, 0, 4.99999983e+16, 4.05884605e-07, 1.58353753e-06, 0, 0
0.0589285127, 0, 0, 5e+16, 0, 2.28157956e-21, 3.718e+18, 6.44e+20, 4.84691428, 4, 144.503472, 32.2620455, 0.866667, 634661.226, 2.09003352e+12, 6.25143814e+09, 2.24265316e+12, 0.225883895, -142.672705, -146.483408, 5e+16, 5.13615397e+17, -620962.773, 131045.278, 302.832758, 32.2620455, 95.9910638, 0.866667, 0.866667, 5e+16, 0.203795474, 0.0234321098, 0.18282065, 210.145819, -0.0202387811, -0.200828294, -167.458233, 0.0118002584, 0.0345969607, 126.959171, 0, 1.21612192e-08, 1.21612192e-08, 143506.171, 144675.617, 1020.16519, 0.27, 3.332, 149.280168, -0.221067076, 0.0463972191, 0, 4.99999983e+16, 3.86166263e-07, 1.61326029e-06, 0, 0
0.065625, 0, 0, 5e+16, 0, 2.3014769e-21, 3.718e+18, 6.44e+20, 4.84688551, 4, 144.414264, 32.3026382, 0.866667, 635587.984, 2.90135345e+12, 5.69177155e+09, 3.02140413e+12, 0.289121664, -142.585994, -146.401904, 5e+16, 4.67096187e+17, -620186.34, 139071.813, 302.859063, 32.3026382, 95.8372508, 0.866667, 0.866667, 5e+16, 0.268871952, 0.0216559511, 0.183211754, 211.638366, -0.0183659926, -0.2644276, -167.424248, 0.0114747387, 0.0486843663, 129.458394, 0, 1.21627193e-08, 1.21627193e-08, 183894.518, 185428.563, 1331.92537, 0.27, 3.332, 202.119368, -0.282793593, 0.060159105, 0, 4.99999985e+16, 3.39796777e-07, 1.68010787e-06, 0, 0
0.0683035127, 0, 0, 5e+16, 0, 2.30938853e-21, 3.718e+18, 6.44e+20, 4.84687383, 4, 144.375351, 32.3194687, 0.866667, 636007.558, 3.27819833e+12, 5.51738975e+09, 3.35656915e+12, 0.323731522, -142.547912, -146.365704, 5e+16, 4.53510371e+17, -619863.468, 142294.476, 302.869745, 32.3194687, 95.665954, 0.866667, 0.866667, 5e+16, 0.303999564, 0.021153207, 0.183366851, 212.235224, -0.0178250812, -0.298570989, -167.399661, 0.0113834008, 0.0571250229, 130.463706, 0, 1.21633283e-08, 1.21633283e-08, 206145.399, 207874.338, 1497.19336, 0.27, 3.332, 231.745584, -0.31639607, 0.0685084237, 0, 4.99999985e+16, 3.25918495e-07, 1.715055e-06, 0, 0
0.075, 0, 0, 5e+16, 0, 2.32873743e-21, 3.718e+18, 6.44e+20, 4.84684618, 4, 144.278616, 32.3620307, 0.866667, 637042.993, 4.44759609e+12, 5.0972428e+09, 4.36810611e+12, 0.407660892, -142.453292, -146.275773, 5e+16, 4.18533178e+17, -619052.381, 150325.998, 302.89503, 32.3620307, 94.9931239, 0.866667, 0.866667, 5e+16, 0.389268296, 0.0198523024, 0.18376424, 213.727342, -0.0164299336, -0.381461655, -167.344396, 0.0111431838, 0.077568064, 132.94658, 0, 1.21647704e-08, 1.21647704e-08, 259912.035, 262114.599, 1899.04525, 0.27, 3.332, 303.518359, -0.397891589, 0.0887112478, 0, 4.99999987e+16, 2.93325916e-07, 1.79368327e-06, 0, 0
0.0776785127, 0, 0, 5e+16, 0, 2.33680486e-21, 3.718e+18, 6.44e+20, 4.84683442, 4, 144.23668, 32.379658, 0.866667, 637506.036, 4.98386633e+12, 4.96232108e+09, 4.79868026e+12, 0.451831423, -142.412077, -146.23626, 5e+16, 4.07921249e+17, -618715.53, 153551.064, 302.905791, 32.379658, 94.7369158, 0.866667, 0.866667, 5e+16, 0.433831946, 0.0194674195, 0.183921587, 214.325213, -0.0160096137, -0.424521703, -167.312562, 0.0110712581, 0.0893081746, 133.945689, 0, 1.2165384e-08, 1.2165384e-08, 288416.06, 290861.846, 2105.04033, 0.27, 3.332, 340.746094, -0.440531317, 0.100379433, 0, 4.99999987e+16, 2.84034473e-07, 1.83462436e-06, 0, 0
0.084375, 0, 0, 5e+16, 0, 2.35645961e-21, 3.718e+18, 6.44e+20, 4.84680664, 4, 144.132413, 32.4242479, 0.866667, 638649.324, 6.62428899e+12, 4.63570869e+09, 6.07233044e+12, 0.559047573, -142.309636, -146.138067, 5e+16, 3.80724627e+17, -617869.102, 161588.097, 302.931185, 32.4242479, 94.7369158, 0.866667, 0.866667, 5e+16, 0.542060214, 0.0184767326, 0.184325019, 215.817642, -0.0149306839, -0.529113647, -167.237722, 0.0108841107, 0.117762517, 136.412495, 0, 1.21668323e-08, 1.21668323e-08, 357354.286, 360391.646, 2606.22968, 0.27, 3.332, 431.130973, -0.544044331, 0.128646628, 0, 4.99999988e+16, 2.62089826e-07, 1.92675577e-06, 0, 0
0.0870535127, 0, 0, 5e+16, 0, 2.36497589e-21, 3.718e+18, 6.44e+20, 4.84679437, 4, 144.087452, 32.4426957, 0.866667, 639155.516, 7.37169082e+12, 4.52963479e+09, 6.60966756e+12, 0.613841026, -142.265301, -146.095287, 5e+16, 3.72320218e+17, -617518, 164815.82, 302.942405, 32.4426957, 94.7369158, 0.866667, 0.866667, 5e+16, 0.597156409, 0.0181765157, 0.18448452, 216.416841, -0.0145988852, -0.582007545, -167.199382, 0.010825374, 0.13354485, 137.405493, 0, 1.21674722e-08, 1.21674722e-08, 392862.574, 396194.879, 2856.2653, 0.27, 3.332, 476.039382, -0.596606431, 0.144370224, 0, 4.99999988e+16, 2.5684349e-07, 1.97459242e-06, 0, 0
0.09375, 0, 0, 5e+16, 0, 2.38573522e-21, 3.718e+18, 6.44e+20, 4.84676537, 4, 143.975648, 32.4893762, 0.866667, 640405.789, 9.62996e+12, 4.27159758e+09, 8.17306058e+12, 0.746927957, -142.155078, -145.988952, 5e+16, 3.50842375e+17, -616635.496, 172858.963, 302.968915, 32.4893762, 94.1167963, 0.866667, 0.866667, 5e+16, 0.731020427, 0.0174066588, 0.184893699, 217.910368, -0.0137497265, -0.710541202, -167.106725, 0.0106741027, 0.17181979, 139.856521, 0, 1.21689843e-08, 1.21689843e-08, 478791.759, 482841.889, 3464.92034, 0.27, 3.332, 585.209498, -0.724290928, 0.182493893, 0, 4.99999989e+16, 2.44197315e-07, 2.08224632e-06, 0, 0
0.0964285127, 0, 0, 5e+16, 0, 2.39495948e-21, 3.718e+18, 6.44e+20, 4.84675225, 4, 143.92766, 32.5086699, 0.866667, 640954.801, 1.06549809e+13, 4.18787637e+09, 8.82760553e+12, 0.813350398, -142.10763, -145.942942, 5e+16, 3.44167433e+17, -616269.852, 176089.632, 302.980911, 32.5086699, 93.2813303, 0.866667, 0.866667, 5e+16, 0.797676145, 0.0171705429, 0.185055238, 218.511186, -0.0134867869, -0.77408249, -167.062591, 0.0106248277, 0.192440034, 140.843505, 0, 1.21696684e-08, 1.21696684e-08, 522035.309, 526435.042, 3761.70523, 0.27, 3.332, 638.027258, -0.787569276, 0.203064862, 0, 4.99999989e+16, 2.42849218e-07, 2.13805774e-06, 0, 0
0.103125, 0, 0, 5e+16, 0, 2.41752833e-21, 3.718e+18, 6.44e+20, 4.84672111, 4, 143.808313, 32.5575088, 0.866667, 642311.153, 1.37202739e+13, 3.98315697e+09, 1.07058438e+13, 0.974767573, -141.989645, -145.828552, 5e+16, 3.27138423e+17, -615350.485, 184139.567, 303.009378, 32.5575088, 92.4060259, 0.866667, 0.866667, 5e+16, 0.959691012, 0.0165668094, 0.185469807, 220.006561, -0.0128150695, -0.928553994, -166.953823, 0.0104991878, 0.242475311, 143.27906, 0, 1.21712921e-08, 1.21712921e-08, 626733.386, 631984.409, 4484.52355, 0.27, 3.332, 766.499667, -0.941369063, 0.252974498, 0, 4.99999989e+16, 2.39093593e-07, 2.26364667e-06, 0, 0
0.105803513, 0, 0, 5e+16, 0, 2.42767736e-21, 3.718e+18, 6.44e+20, 4.84670687, 4, 143.757294, 32.5776756, 0.866667, 642902.647, 1.51085074e+13, 3.91732498e+09, 1.14871167e+13, 1.05376763, -141.939087, -145.779337, 5e+16, 3.21859747e+17, -614969.99, 187373.505, 303.022392, 32.5776756, 92.4060259, 0.866667, 0.866667, 5e+16, 1.03886919, 0.0163806943, 0.185633252, 220.60927, -0.0126074889, -1.00345763, -166.904578, 0.0104569456, 0.268771311, 144.260136, 0, 1.21720344e-08, 1.21720344e-08, 678423.902, 684079.472, 4830.21124, 0.27, 3.332, 825.359425, -1.01606512, 0.279228257, 0, 4.9999999e+16, 2.41845285e-07, 2.32877784e-06, 0, 0
0.1125, 0, 0, 5e+16, 0, 2.45264418e-21, 3.718e+18, 6.44e+20, 4.84667287, 4, 143.630397, 32.6287453, 0.866667, 644364.154, 1.92243772e+13, 3.75549344e+09, 1.37027757e+13, 1.24583401, -141.813351, -145.65696, 5e+16, 3.08406499e+17, -614012.921, 195431.007, 303.053466, 32.6287453, 91.2463467, 0.866667, 0.866667, 5e+16, 1.23139145, 0.0159059983, 0.186052813, 222.107204, -0.0120777583, -1.18561996, -166.781334, 0.0103502847, 0.332611099, 146.680547, 0, 1.21738069e-08, 1.21738069e-08, 803621.06, 810262.989, 5672.52647, 0.27, 3.332, 969.402103, -1.19769772, 0.342961384, 0, 4.9999999e+16, 2.47372505e-07, 2.47528819e-06, 0, 0
0.115178513, 0, 0, 5e+16, 0, 2.46388907e-21, 3.718e+18, 6.44e+20, 4.84665734, 4, 143.576345, 32.6498143, 0.866667, 644997.788, 2.1078606e+13, 3.70408553e+09, 1.46137133e+13, 1.3376599, -141.759686, -145.60455, 5e+16, 3.04262026e+17, -613617.245, 198668.577, 303.067666, 32.6498143, 89.9730114, 0.866667, 0.866667, 5e+16, 1.32335099, 0.0157592089, 0.186218016, 222.711537, -0.0119150655, -1.27186328, -166.726986, 0.010313339, 0.365355734, 147.65577, 0, 1.21746169e-08, 1.21746169e-08, 864036.085, 871132.953, 6066.14377, 0.27, 3.332, 1030.72485, -1.28377835, 0.375669073, 0, 4.9999999e+16, 2.54797525e-07, 2.55158206e-06, 0, 0
0.121875, 0, 0, 5e+16, 0, 2.49171653e-21, 3.718e+18, 6.44e+20, 4.84662, 4, 143.44189, 32.7031928, 0.866667, 646563.512, 2.65369011e+13, 3.57709384e+09, 1.71719434e+13, 1.56123739, -141.626207, -145.474215, 5e+16, 2.93708646e+17, -612621.58, 206734.512, 303.101797, 32.7031928, 88.5311215, 0.866667, 0.866667, 5e+16, 1.54727034, 0.0153858215, 0.186642134, 224.211651, -0.0115002486, -1.48191987, -166.589525, 0.0102209441, 0.444925712, 150.061269, 0, 1.21765639e-08, 1.21765639e-08, 1010568.87, 1018777.96, 7026.67802, 0.27, 3.332, 1182.41614, -1.49342012, 0.455146656, 0, 4.99999991e+16, 2.70841562e-07, 2.72304416e-06, 0, 0
0.124553513, 0, 0, 5e+16, 0, 2.5041831e-21, 3.718e+18, 6.44e+20, 4.84660306, 4, 143.384801, 32.7251952, 0.866667, 647238.95, 2.89672145e+13, 3.5371544e+09, 1.82003121e+13, 1.66453517, -141.569442, -145.418603, 5e+16, 2.90471847e+17, -612210.373, 209976.114, 303.117281, 32.7251952, 88.5311215, 0.866667, 0.866667, 5e+16, 1.65066613, 0.0152696095, 0.186808941, 224.816071, -0.0113734828, -1.57787542, -166.528527, 0.0101879253, 0.484547339, 151.030493, 0, 1.21774472e-08, 1.21774472e-08, 1079053.3, 1087140.26, 7460.47654, 0.27, 3.332, 626.48088, -1.5892489, 0.494735265, 0, 4.99999991e+16, 2.83940106e-07, 2.81874017e-06, 0, 0
0.13125, 0, 0, 5e+16, 0, 2.53520955e-21, 3.718e+18, 6.44e+20, 4.84656207, 4, 143.24278, 32.7809654, 0.866667, 648907.954, 3.6077267e+13, 3.43813098e+09, 2.10654315e+13, 1.9169898, -141.428234, -145.280299, 5e+16, 2.82241249e+17, -611175.166, 218051.447, 303.154728, 32.7809654, 86.8435452, 0.866667, 0.866667, 5e+16, 1.90337129, 0.0149750434, 0.187237161, 226.315242, -0.0110507043, -1.81251226, -166.373714, 0.0101061273, 0.581051914, 153.420889, 0, 1.21795835e-08, 1.21795835e-08, 1245765.84, 1253565.04, 8523.08284, 0.27, 3.332, -723.884656, -1.82356297, 0.591158042, 0, 4.99999991e+16, 3.12696508e-07, 3.03396185e-06, 0, 0
0.133928513, 0, 0, 5e+16, 0, 2.54898136e-21, 3.718e+18, 6.44e+20, 4.84654369, 4, 143.18265, 32.8039345, 0.866667, 649624.818, 3.68277075e+13, 3.40705606e+09, 2.07369796e+13, 1.90346312, -141.368374, -145.219713, 5e+16, 2.7970729e+17, -610748.06, 221297.39, 303.171526, 32.8039345, 85.757304, 0.866667, 0.919727019, 5e+16, 1.88980424, 0.0148819911, 0.187405501, 226.822638, -0.0109519032, -1.78268936, -166.170646, 0.0100758805, 0.62243313, 154.386998, 0, 1.21805418e-08, 1.21805418e-08, 1238211.84, 1245413.35, 8370.82158, 0.27, 3.332, -1169.30765, -1.79364127, 0.632509011, 0, 4.99999991e+16, 3.31260715e-07, 3.12503229e-06, 0, 0
0.140625, 0, 0, 5e+16, 0, 2.58342929e-21, 3.718e+18, 6.44e+20, 4.84649897, 4, 143.033054, 32.8621854, 0.866667, 651396.068, 3.88033306e+13, 3.32988211e+09, 1.99551867e+13, 1.87202261, -141.219455, -145.069002, 5e+16, 2.73280053e+17, -609672.31, 229382.862, 303.21238, 32.8621854, 83.8861223, 0.866667, 0.919727019, 5e+16, 1.85826513, 0.0146472753, 0.187837578, 228.085666, -0.0107009524, -1.71162333, -165.668389, 0.0100016132, 0.723529188, 156.769434, 0, 1.21828726e-08, 1.21828726e-08, 1220838.4, 1226594.95, 8006.46049, 0.27, 3.332, -2249.90849, -1.72232429, 0.733530801, 0, 4.99999991e+16, 3.72104877e-07, 3.3297917e-06, 0, 0
0.143303513, 0, 0, 5e+16, 0, 2.59855255e-21, 3.718e+18, 6.44e+20, 4.84647918, 4, 142.969879, 32.886439, 0.919727019, 651562.508, 4.30693221e+13, 3.28658809e+09, 1.98031832e+13, 2.06372205, -141.156657, -145.005578, 5e+16, 2.69775742e+17, -609272.971, 230897.173, 303.230468, 32.886439, 83.8861223, 0.97278704, 0.919727019, 5e+16, 2.05019284, 0.014532118, 0.187996327, 228.642129, -0.0105636515, -1.90400222, -165.670671, 0.00997873241, 0.758158277, 157.576555, 0, 1.21839046e-08, 1.21839046e-08, 1346904.86, 1353043.64, 7939.85987, 0.27, 3.332, -1801.079, -1.91456587, 0.768137009, 0, 2.58977468e+16, 3.69511065e-07, 3.38096348e-06, 0, 0
0.15, 0, 0, 5e+16, 0, 2.63654187e-21, 3.718e+18, 6.44e+20, 4.84643079, 4, 142.812698, 32.9479937, 1.05238114, 651969.028, 5.5909649e+13, 3.17917003e+09, 1.94489346e+13, 2.53326579, -141.000429, -144.847805, 5e+16, 2.60835873e+17, -608272.599, 234665.815, 303.27467, 32.9479937, 83.1143371, 1.23809529, 1.05238114, 5e+16, 2.52031489, 0.0142398382, 0.188403491, 230.016634, -0.010213016, -2.3751319, -165.667517, 0.00992306871, 0.843050933, 159.56668, 0, 1.21864268e-08, 1.21864268e-08, 1654452.66, 1661523.9, 7785.34366, 0.27, 3.332, -714.108292, -2.38534492, 0.852974002, 0, 4.99999992e+15, 3.62198409e-07, 3.49382273e-06, 0, 0
0.15, 0, 0, 5e+15, 0, 2.63654187e-21, 3.718e+18, 6.44e+20, 4.84643079, 4, 142.812698, 32.9479937, 1.05238114, 653287.262, 5.5909649e+13, 3.17917003e+09, 1.94489346e+13, 2.53326579, -141.000429, -144.847805, 5e+15, 2.60835873e+17, -608131.998, 238662.325, 303.27467, 32.9479937, 83.1143371, 1.23809529, 1.05238114, 5e+15, 2.52031489, 0.0142398382, 0.188403491, 230.016634, -0.010213016, -2.3751319, -165.667517, 0.00992306871, 0.843050933, 159.56668, 0, 1.21864268e-08, 1.21864268e-08, 1654452.66, 1661523.9, 7785.34366, 0.27, 3.332, -714.108292, -2.38534492, 0.852974002, 0, 4.99999992e+15, 3.62198409e-07, 3.49382273e-06, 0, 0
0.151785675, 0, 0, 5e+15, 0, 2.64737776e-21, 3.718e+18, 6.44e+20, 4.84641685, 4, 142.770001, 32.964555, 1.10544116, 653094.33, 5.77118122e+13, 3.16208227e+09, 2.00228118e+13, 2.61413855, -140.957897, -144.805833, 5e+15, 2.5943397e+17, -607821.02, 238925.38, 303.287409, 32.964555, 82.8294014, 1.23809529, 1.10544116, 5e+15, 2.60122209, 0.0141865487, 0.188592477, 230.532168, -0.0101585659, -2.44734041, -165.603474, 0.00990253488, 0.881218244, 160.375952, 0, 1.21871536e-08, 1.21871536e-08, 1707404.32, 1715508.92, 8022.78097, 0.27, 3.332, 81.8127315, -2.45749898, 0.891120778, 0, 4.99999992e+15, 3.59410898e-07, 3.51556601e-06, 0, 0
0.15625, 0, 0, 5e+15, 0, 2.67467645e-21, 3.718e+18, 6.44e+20, 4.84638265, 4, 142.663777, 33.0066001, 1.23809529, 652606.383, 6.24899206e+13, 3.11959149e+09, 2.15499021e+13, 2.81355567, -140.852088, -144.701446, 5e+15, 2.55899821e+17, -607042.937, 239570.337, 303.31864, 33.0066001, 82.7312181, 1.23809529, 1.23809529, 5e+15, 2.80072533, 0.0140537073, 0.189076556, 231.809354, -0.0100211253, -2.6255186, -165.441154, 0.00985310787, 0.975045526, 162.371191, 0, 1.21889358e-08, 1.21889358e-08, 1837422.76, 1848051.47, 8609.45764, 0.27, 3.332, 2019.25077, -2.63553972, 0.984898632, 0, 4.99999992e+15, 3.52073229e-07, 3.56266515e-06, 0, 0
0.158035675, 0, 0, 5e+15, 0, 2.68611615e-21, 3.718e+18, 6.44e+20, 4.84636815, 4, 142.620614, 33.0236353, 1.23809529, 652592.021, 6.42325724e+13, 3.11367512e+09, 2.21650266e+13, 2.89743989, -140.809, -144.658983, 5e+15, 2.55402517e+17, -606730.535, 240317.343, 303.331893, 33.0236353, 82.7312181, 1.23809529, 1.23809529, 5e+15, 2.8846251, 0.0140289931, 0.189255632, 232.21358, -0.0100025527, -2.70264476, -165.374416, 0.00983674638, 1.00832538, 163.01663, 0, 1.2189692e-08, 1.2189692e-08, 1892320.05, 1903274.84, 8862.96361, 0.27, 3.332, 2091.82241, -2.71264732, 1.01816212, 0, 4.99999992e+15, 3.56219021e-07, 3.56084642e-06, 0, 0
0.1625, 0, 0, 5e+15, 0, 2.71499263e-21, 3.718e+18, 6.44e+20, 4.84633248, 4, 142.513239, 33.0669014, 1.23809529, 652541.055, 6.88005378e+13, 3.09944115e+09, 2.37950103e+13, 3.10393836, -140.701808, -144.553375, 5e+15, 2.54196104e+17, -605942.64, 242163.843, 303.36446, 33.0669014, 82.1461968, 1.23809529, 1.23809529, 5e+15, 3.09116028, 0.0139693358, 0.189713902, 233.213646, -0.00995752203, -2.89255618, -165.204393, 0.0097974536, 1.09013295, 164.607767, 0, 1.21915504e-08, 1.21915504e-08, 2026895.79, 2038648.96, 9488.22432, 0.27, 3.332, 2264.93751, -2.9025137, 1.0999304, 0, 4.99999992e+15, 3.65070965e-07, 3.55473519e-06, 0, 0
0.164285675, 0, 0, 5e+15, 0, 2.72702875e-21, 3.718e+18, 6.44e+20, 4.84631744, 4, 142.469608, 33.084423, 1.23809529, 652524.112, 7.06776336e+13, 3.09347496e+09, 2.44626164e+13, 3.19498927, -140.658253, -144.51043, 5e+15, 2.53694354e+17, -605622.559, 242913.596, 303.378195, 33.084423, 81.6837471, 1.23809529, 1.23809529, 5e+15, 3.1822277, 0.01394417, 0.189893825, 233.61986, -0.00993879818, -2.97618407, -165.136522, 0.00978060131, 1.12643019, 165.251753, 0, 1.21923343e-08, 1.21923343e-08, 2086459.54, 2098570.32, 9762.67473, 0.27, 3.332, 2348.10586, -2.98612287, 1.13621079, 0, 4.99999992e+15, 3.70541741e-07, 3.5521233e-06, 0, 0
0.16875, 0, 0, 5e+15, 0, 2.75746089e-21, 3.718e+18, 6.44e+20, 4.84628041, 4, 142.361077, 33.1289433, 1.23809529, 652465.982, 7.55630017e+13, 3.07912692e+09, 2.62209715e+13, 3.41804142, -140.549909, -144.403622, 5e+15, 2.52477164e+17, -604814.981, 244766.575, 303.412011, 33.1289433, 81.105073, 1.23809529, 1.23809529, 5e+15, 3.40531872, 0.0138833893, 0.190354046, 234.623266, -0.00989343164, -3.18103402, -164.961942, 0.00974004664, 1.21540838, 166.838962, 0, 1.21942641e-08, 1.21942641e-08, 2231759.74, 2244743.08, 10436.3391, 0.27, 3.332, 2547.00664, -3.19092744, 1.22514842, 0, 4.99999992e+15, 3.82393024e-07, 3.54423422e-06, 0, 0
0.170535675, 0, 0, 5e+15, 0, 2.77008179e-21, 3.718e+18, 6.44e+20, 4.84626489, 4, 142.316976, 33.1469642, 1.23809529, 652446.474, 7.76178559e+13, 3.07306642e+09, 2.69573773e+13, 3.51862988, -140.505887, -144.360208, 5e+15, 2.51967444e+17, -604487.081, 245519.266, 303.42619, 33.1469642, 81.105073, 1.23809529, 1.23809529, 5e+15, 3.50592484, 0.0138576659, 0.190534671, 235.033382, -0.00987440256, -3.27338788, -164.895207, 0.00972270923, 1.25554126, 167.48205, 0, 1.21950733e-08, 1.21950733e-08, 2297535.78, 2310913.86, 10738.728, 0.27, 3.332, 2639.34762, -3.28326228, 1.26526396, 0, 4.99999992e+15, 3.88092533e-07, 3.54080897e-06, 0, 0
0.175, 0, 0, 5e+15, 0, 2.80203589e-21, 3.718e+18, 6.44e+20, 4.84622659, 4, 142.207285, 33.1927736, 1.23809529, 652381.185, 8.29249695e+13, 3.05847464e+09, 2.88840789e+13, 3.7633907, -140.396388, -144.252228, 5e+15, 2.5072904e+17, -603659.445, 247379.188, 303.461153, 33.1927736, 80.5327807, 1.23809529, 1.23809529, 5e+15, 3.75072736, 0.013795419, 0.19099645, 236.044255, -0.00982824989, -3.49802661, -164.721014, 0.00968086208, 1.35342716, 169.066501, 0, 1.21970688e-08, 1.21970688e-08, 2456903.63, 2471241.79, 11475.9998, 0.27, 3.332, 2862.16319, -3.50785486, 1.36310802, 0, 4.99999992e+15, 4.00427489e-07, 3.53104729e-06, 0, 0
0.176785675, 0, 0, 5e+15, 0, 2.81522619e-21, 3.718e+18, 6.44e+20, 4.84621062, 4, 142.162713, 33.2113077, 1.23809529, 652359.133, 8.52078003e+13, 3.05231991e+09, 2.97084214e+13, 3.87625366, -140.351897, -144.208353, 5e+15, 2.50211443e+17, -603323.581, 248135.023, 303.475735, 33.2113077, 80.0807074, 1.23809529, 1.23809529, 5e+15, 3.86360903, 0.0137691497, 0.191177641, 236.460479, -0.00980890691, -3.60162685, -164.658025, 0.00966306509, 1.39846408, 169.709373, 0, 1.2197901e-08, 1.2197901e-08, 2530678.58, 2545454.23, 11814.3469, 0.27, 3.332, 2961.30573, -3.61143575, 1.40812715, 0, 4.99999992e+15, 4.06349878e-07, 3.52687849e-06, 0, 0
0.18125, 0, 0, 5e+15, 0, 2.84865835e-21, 3.718e+18, 6.44e+20, 4.84617118, 4, 142.051857, 33.2584428, 1.23809529, 652286.697, 9.10663855e+13, 3.03747081e+09, 3.18534543e+13, 4.14904912, -140.241238, -144.099223, 5e+15, 2.48950931e+17, -602475.494, 250002.38, 303.511739, 33.2584428, 79.5147988, 1.23809529, 1.23809529, 5e+15, 4.13644894, 0.0137054036, 0.19164061, 237.483915, -0.00976190057, -3.85190876, -164.490269, 0.00961994721, 1.50764998, 171.292624, 0, 1.21999561e-08, 1.21999561e-08, 2708222.03, 2724059.17, 12633.799, 0.27, 3.332, 3203.34257, -3.86167066, 1.51726993, 0, 4.99999992e+15, 4.19152059e-07, 3.51533161e-06, 0, 0
0.183035675, 0, 0, 5e+15, 0, 2.86239928e-21, 3.718e+18, 6.44e+20, 4.84615481, 4, 142.006811, 33.2775042, 1.23809529, 652262.127, 9.36256686e+13, 3.0312277e+09, 3.27847289e+13, 4.2768606, -140.196275, -144.054892, 5e+15, 2.48426007e+17, -602131.516, 250761.577, 303.526681, 33.2775042, 79.5147988, 1.23809529, 1.23809529, 5e+15, 4.26427995, 0.0136786247, 0.191822237, 237.908375, -0.00974225402, -3.96916008, -164.433575, 0.00960173209, 1.55877881, 171.935966, 0, 1.22008089e-08, 1.22008089e-08, 2791742.54, 2808065.52, 13015.8059, 0.27, 3.332, 3307.17526, -3.97890234, 1.56838055, 0, 4.99999992e+15, 4.25295009e-07, 3.51056556e-06, 0, 0
0.1875, 0, 0, 5e+15, 0, 2.8972565e-21, 3.718e+18, 6.44e+20, 4.84611436, 4, 141.894786, 33.3260037, 1.23809529, 652182.567, 1.00169491e+14, 3.01612279e+09, 3.52009083e+13, 4.58425594, -140.084451, -143.944627, 5e+15, 2.47143717e+17, -601262.566, 252636.898, 303.563612, 33.3260037, 78.9552465, 1.23809529, 1.23809529, 5e+15, 4.57172207, 0.0136134115, 0.192286058, 238.949613, -0.00969437538, -4.25103629, -164.278523, 0.00955740855, 1.6820621, 173.519689, 0, 1.2202917e-08, 1.2202917e-08, 2991727.39, 3009227.18, 13936.4523, 0.27, 3.332, 3563.33641, -4.26073067, 1.6916195, 0, 4.99999992e+15, 4.38555508e-07, 3.49748899e-06, 0, 0
0.189285675, 0, 0, 5e+15, 0, 2.91152623e-21, 3.718e+18, 6.44e+20, 4.84609764, 4, 141.849265, 33.3456076, 1.23809529, 652155.51, 1.0304471e+14, 3.00980241e+09, 3.62553758e+13, 4.72925626, -140.039015, -143.899837, 5e+15, 2.46612438e+17, -600910.315, 253399.69, 303.578869, 33.3456076, 78.51339, 1.23809529, 1.23809529, 5e+15, 4.7167424, 0.0135861819, 0.192468005, 239.38402, -0.00967445304, -4.38388659, -164.230261, 0.0095388309, 1.74043854, 174.16405, 0, 1.22037878e-08, 1.22037878e-08, 3086456.9, 3104496.23, 14368.3486, 0.27, 3.332, 3670.98068, -4.39356105, 1.74997737, 0, 4.99999992e+15, 4.44916551e-07, 3.49231373e-06, 0, 0
0.19375, 0, 0, 5e+15, 0, 2.94774731e-21, 3.718e+18, 6.44e+20, 4.84605629, 4, 141.736064, 33.3955119, 1.23809529, 652068.862, 1.1039052e+14, 2.99445762e+09, 3.89909017e+13, 5.07713435, -139.926022, -143.78844, 5e+15, 2.45309873e+17, -600020.073, 255283.54, 303.616609, 33.3955119, 77.9601396, 1.23809529, 1.23809529, 5e+15, 5.06466895, 0.0135195971, 0.192932372, 240.44762, -0.00962573126, -4.7025421, -164.093534, 0.00949340834, 1.88068316, 175.749719, 0, 1.22059423e-08, 1.22059423e-08, 3312704.98, 3332049.9, 15406.767, 0.27, 3.332, 3938.15775, -4.71216783, 1.89017656, 0, 4.99999992e+15, 4.58625153e-07, 3.47807546e-06, 0, 0
0.195535675, 0, 0, 5e+15, 0, 2.96252117e-21, 3.718e+18, 6.44e+20, 4.84603928, 4, 141.690065, 33.4156742, 1.23809529, 652039.355, 1.13608061e+14, 2.98807573e+09, 4.01805581e+13, 5.24091349, -139.880109, -143.743186, 5e+15, 2.44773576e+17, -599659.386, 256050.176, 303.632135, 33.4156742, 77.7429511, 1.23809529, 1.23809529, 5e+15, 5.22846831, 0.0134919955, 0.193114535, 240.893082, -0.00960557706, -4.85229711, -164.055244, 0.00947453587, 1.94730596, 176.395421, 0, 1.22068286e-08, 1.22068286e-08, 3419681.01, 3439623.97, 15892.6467, 0.27, 3.332, 4050.31291, -4.86190269, 1.95678049, 0, 4.99999992e+15, 4.65202032e-07, 3.47267257e-06, 0, 0
0.2, 0, 0, 5e+15, 0, 3.00003741e-21, 3.718e+18, 6.44e+20, 4.84599717, 4, 141.575685, 33.467026, 1.23809529, 651945.668, 1.21840487e+14, 2.97252056e+09, 4.32734322e+13, 5.63382245, -139.765939, -143.630644, 5e+15, 2.43453345e+17, -598747.402, 257943.158, 303.670564, 33.467026, 76.6550221, 1.23809529, 1.23809529, 5e+15, 5.62142671, 0.0134241943, 0.193579175, 241.982357, -0.00955608756, -5.21157057, -163.941225, 0.00942815907, 2.10712368, 177.984055, 0, 1.22090225e-08, 1.22090225e-08, 3675143.11, 3696532.81, 17060.967, 0.27, 3.332, 4328.73313, -5.22112666, 2.11655184, 0, 4.99999992e+15, 4.79347915e-07, 3.45766377e-06, 0, 0
0.201785675, 0, 0, 5e+15, 0, 3.01528805e-21, 3.718e+18, 6.44e+20, 4.84597991, 4, 141.529206, 33.4877633, 1.23809529, 651913.757, 1.25412845e+14, 2.96609665e+09, 4.46056858e+13, 5.81727971, -139.719547, -143.584916, 5e+15, 2.42913668e+17, -598378.108, 258713.904, 303.686313, 33.4877633, 76.4402624, 1.23809529, 1.23809529, 5e+15, 5.80490418, 0.0133963154, 0.193761462, 242.43934, -0.00953575892, -5.37887688, -163.91381, 0.00940906838, 2.18276527, 178.631158, 0, 1.22099216e-08, 1.22099216e-08, 3794949.87, 3816999.91, 17602.6843, 0.27, 3.332, 4447.3575, -5.38841263, 2.19217434, 0, 4.99999992e+15, 4.86138999e-07, 3.45216562e-06, 0, 0
0.20625, 0, 0, 5e+15, 0, 3.05402377e-21, 3.718e+18, 6.44e+20, 4.84593717, 4, 141.413639, 33.5406077, 1.23809529, 651813.093, 1.34577697e+14, 2.95037254e+09, 4.80811073e+13, 6.25816531, -139.604195, -143.47121, 5e+15, 2.41579357e+17, -597443.916, 260616.661, 303.725311, 33.5406077, 76.4402624, 1.23809529, 1.23809529, 5e+15, 6.24583965, 0.013327506, 0.19422614, 243.556116, -0.00948561948, -5.78105558, -163.825412, 0.00936191434, 2.36429877, 180.223186, 0, 1.22121482e-08, 1.22121482e-08, 4081529.3, 4105177.56, 18907.801, 0.27, 3.332, 4740.45719, -5.7905412, 2.37366069, 0, 4.99999992e+15, 5.00711671e-07, 3.43670746e-06, 0, 0
0.208035675, 0, 0, 5e+15, 0, 3.06972127e-21, 3.718e+18, 6.44e+20, 4.84591971, 4, 141.366677, 33.5619373, 1.23809529, 651778.831, 1.38505249e+14, 2.94392874e+09, 4.95593911e+13, 6.46160966, -139.557321, -143.424999, 5e+15, 2.41038146e+17, -597065.839, 261391.797, 303.741237, 33.5619373, 76.4402624, 1.23809529, 1.23809529, 5e+15, 6.44930408, 0.0132994559, 0.194408472, 244.024541, -0.00946518435, -5.96601182, -163.809246, 0.00934268755, 2.44949655, 180.871514, 0, 1.22130575e-08, 1.22130575e-08, 4214362.5, 4238735.88, 19505.3088, 0.27, 3.332, 4868.07525, -5.97547701, 2.45883924, 0, 4.99999992e+15, 5.07716382e-07, 3.43117762e-06, 0, 0
0.2125, 0, 0, 5e+15, 0, 3.10959414e-21, 3.718e+18, 6.44e+20, 4.84587647, 4, 141.249918, 33.6163215, 1.23809529, 651671.27, 1.4861087e+14, 2.92808682e+09, 5.3430108e+13, 6.9519054, -139.44078, -143.310104, 5e+15, 2.3969413e+17, -596108.95, 263305.015, 303.780682, 33.6163215, 75.9053658, 1.23809529, 1.23809529, 5e+15, 6.93964974, 0.0132298891, 0.19487299, 245.169247, -0.00941454888, -6.41195987, -163.748009, 0.00929495752, 2.65433749, 182.466769, 0, 1.22153097e-08, 1.22153097e-08, 4532971.88, 4559102.37, 20949.226, 0.27, 3.332, 5181.26074, -6.42137442, 2.66363245, 0, 4.99999992e+15, 5.22706715e-07, 3.41546208e-06, 0, 0
0.214285675, 0, 0, 5e+15, 0, 3.12570611e-21, 3.718e+18, 6.44e+20, 4.84585887, 4, 141.202469, 33.6382615, 1.23809529, 651634.72, 1.52885074e+14, 2.92164668e+09, 5.50549993e+13, 7.17523243, -139.39342, -143.263398, 5e+15, 2.39153343e+17, -595721.908, 264084.84, 303.79674, 33.6382615, 75.4829018, 1.23809529, 1.23809529, 5e+15, 7.16299664, 0.0132017793, 0.195055304, 245.64865, -0.00939408167, -6.61429251, -163.743095, 0.00927567812, 2.74943198, 183.115965, 0, 1.22162265e-08, 1.22162265e-08, 4678754.2, 4705675.62, 21601.1546, 0.27, 3.332, 5320.26489, -6.62368659, 2.75870766, 0, 4.99999992e+15, 5.29925932e-07, 3.40990205e-06, 0, 0
0.21875, 0, 0, 5e+15, 0, 3.16662745e-21, 3.718e+18, 6.44e+20, 4.84581527, 4, 141.084511, 33.694235, 1.23809529, 651520.366, 1.63909504e+14, 2.90574489e+09, 5.93237768e+13, 7.71519035, -139.275682, -143.14729, 5e+15, 2.37804557e+17, -594741.819, 266009.249, 303.836511, 33.694235, 74.953876, 1.23809529, 1.23809529, 5e+15, 7.70300429, 0.013131736, 0.195519504, 246.820625, -0.00934313173, -7.10379129, -163.709497, 0.00922758791, 2.97866097, 184.713796, 0, 1.22184977e-08, 1.22184977e-08, 5029529.93, 5058371.33, 23182.0831, 0.27, 3.332, 5659.31956, -7.11313442, 2.98788856, 0, 4.99999992e+15, 5.45327248e-07, 3.393985e-06, 0, 0
0.220535675, 0, 0, 5e+15, 0, 3.18311895e-21, 3.718e+18, 6.44e+20, 4.84579757, 4, 141.036574, 33.7168045, 1.23809529, 651481.6, 1.68516508e+14, 2.89933204e+09, 6.10942281e+13, 7.95807449, -139.227834, -143.100081, 5e+15, 2.37266152e+17, -594345.625, 266794.081, 303.852654, 33.7168045, 74.953876, 1.23809529, 1.23809529, 5e+15, 7.94590807, 0.0131036781, 0.195701751, 247.310341, -0.00932270933, -7.32303713, -163.715643, 0.00920833694, 3.08385931, 185.363407, 0, 1.22194195e-08, 1.22194195e-08, 5188036.95, 5217734.82, 23886.3594, 0.27, 3.332, 5811.50471, -7.33235984, 3.09306765, 0, 4.99999992e+15, 5.52763639e-07, 3.38835692e-06, 0, 0
0.225, 0, 0, 5e+15, 0, 3.22499384e-21, 3.718e+18, 6.44e+20, 4.84575373, 4, 140.91741, 33.7744193, 1.23809529, 651360.581, 1.80417493e+14, 2.88343186e+09, 6.57573035e+13, 8.54719545, -139.108891, -142.982738, 5e+15, 2.35917811e+17, -593341.815, 268730.459, 303.892633, 33.7744193, 74.4305704, 1.23809529, 1.23809529, 5e+15, 8.5350784, 0.0130334542, 0.196165512, 248.508234, -0.00927164396, -7.85520215, -163.70949, 0.00916010624, 3.33816668, 186.962831, 0, 1.22217026e-08, 1.22217026e-08, 5570619.54, 5602400.95, 25600.1163, 0.27, 3.332, 6181.29548, -7.8644738, 3.34732678, 0, 4.99999992e+15, 5.68572706e-07, 3.37219269e-06, 0, 0
0.226785675, 0, 0, 5e+15, 0, 3.24182749e-21, 3.718e+18, 6.44e+20, 4.84573599, 4, 140.86898, 33.7976379, 1.23809529, 651319.687, 1.8534135e+14, 2.8770687e+09, 6.76717119e+13, 8.80925334, -139.060551, -142.935018, 5e+15, 2.35383647e+17, -592936.277, 269520.634, 303.908816, 33.7976379, 74.0170763, 1.23809529, 1.23809529, 5e+15, 8.79715569, 0.0130055541, 0.196347656, 249.007544, -0.00925134133, -8.09085814, -163.726457, 0.00914095837, 3.45361045, 187.612377, 0, 1.22226268e-08, 1.22226268e-08, 5741587.14, 5774289.31, 26354.4863, 0.27, 3.332, 6347.6847, -8.10010948, 3.46275141, 0, 4.99999992e+15, 5.76230943e-07, 3.36644445e-06, 0, 0
0.23125, 0, 0, 5e+15, 0, 3.28455484e-21, 3.718e+18, 6.44e+20, 4.84569205, 4, 140.748601, 33.856948, 1.23809529, 651192.158, 1.98066454e+14, 2.86123165e+09, 7.27222242e+13, 9.44669948, -138.940394, -142.81642, 5e+15, 2.3404096e+17, -591908.211, 271469.81, 303.948888, 33.856948, 73.4993272, 1.23809529, 1.23809529, 5e+15, 9.43465079, 0.0129354449, 0.196810895, 250.229698, -0.00920036556, -8.6645242, -163.74726, 0.00909279974, 3.73344974, 189.212269, 0, 1.22249154e-08, 1.22249154e-08, 6155390.92, 6190338.21, 28195.8214, 0.27, 3.332, 6751.46828, -8.67372456, 3.74254254, 0, 4.99999993e+15, 5.9244879e-07, 3.34993638e-06, 0, 0
0.233035675, 0, 0, 5e+15, 0, 3.30169075e-21, 3.718e+18, 6.44e+20, 4.84567431, 4, 140.699677, 33.8808363, 1.23809529, 651149.236, 2.03291513e+14, 2.85493823e+09, 7.47792031e+13, 9.72760375, -138.891558, -142.768183, 5e+15, 2.335127e+17, -591493.134, 272265.683, 303.965066, 33.8808363, 73.4993272, 1.23809529, 1.23809529, 5e+15, 9.71557421, 0.0129077975, 0.196992914, 250.737943, -0.00918025172, -8.91614749, -163.774855, 0.00907382019, 3.85927267, 189.861296, 0, 1.22258393e-08, 1.22258393e-08, 6338590.38, 6374520.96, 28998.2098, 0.27, 3.332, 6932.36498, -8.92532775, 3.86834649, 0, 4.99999993e+15, 6.0033564e-07, 3.34402051e-06, 0, 0
0.2375, 0, 0, 5e+15, 0, 3.34516339e-21, 3.718e+18, 6.44e+20, 4.84563038, 4, 140.578075, 33.9418981, 1.23809529, 651015.39, 2.16786411e+14, 2.83922243e+09, 8.02099488e+13, 10.4125215, -138.770179, -142.648314, 5e+15, 2.32180586e+17, -590440.265, 274228.538, 304.005114, 33.9418981, 72.9869586, 1.23809529, 1.23809529, 5e+15, 10.4005405, 0.0128380819, 0.197455584, 251.982701, -0.00912956494, -9.53015971, -163.822112, 0.00902592885, 4.16500715, 191.460528, 0, 1.22281267e-08, 1.22281267e-08, 6783015.34, 6821348.84, 30961.8322, 0.27, 3.332, 7371.66796, -9.53928927, 4.17403308, 0, 4.99999993e+15, 6.16968079e-07, 3.32706574e-06, 0, 0
0.239285675, 0, 0, 5e+15, 0, 3.36255915e-21, 3.718e+18, 6.44e+20, 4.84561269, 4, 140.528651, 33.9664773, 1.23809529, 650970.558, 2.22298773e+14, 2.83301557e+09, 8.24087741e+13, 10.7120624, -138.720844, -142.599557, 5e+15, 2.31659629e+17, -590015.452, 275030.488, 304.021244, 33.9664773, 72.5818513, 1.23809529, 1.23809529, 5e+15, 10.7001003, 0.0128107674, 0.197637467, 252.499341, -0.00910969967, -9.79741814, -163.860246, 0.00900717113, 4.30137541, 192.108649, 0, 1.2229048e-08, 1.2229048e-08, 6978294.29, 7017671.66, 31810.5326, 0.27, 3.332, 7566.83234, -9.80652784, 4.31038258, 0, 4.99999993e+15, 6.25092348e-07, 3.32094973e-06, 0, 0
0.24375, 0, 0, 5e+15, 0, 3.40666386e-21, 3.718e+18, 6.44e+20, 4.84556891, 4, 140.405819, 34.029349, 1.23809529, 650830.633, 2.36512871e+14, 2.81747271e+09, 8.82140184e+13, 11.4437894, -138.598233, -142.478404, 5e+15, 2.30342463e+17, -588937.228, 277007.961, 304.061156, 34.029349, 72.0746764, 1.23809529, 1.23809529, 5e+15, 11.4318751, 0.0127416945, 0.198099552, 253.765247, -0.00905948464, -10.4508095, -163.933622, 0.0089597163, 4.63339304, 193.706206, 0, 1.22313278e-08, 1.22313278e-08, 7452862.24, 7494795.72, 33891.7588, 0.27, 3.332, 8041.71737, -10.459869, 4.64235276, 0, 4.99999993e+15, 6.42150152e-07, 3.30346831e-06, 0, 0
0.245535675, 0, 0, 5e+15, 0, 3.42427459e-21, 3.718e+18, 6.44e+20, 4.84555131, 4, 140.355892, 34.0546408, 1.23809529, 650784.026, 2.4230102e+14, 2.81136536e+09, 9.05547929e+13, 11.7618932, -138.548393, -142.429122, 5e+15, 2.29829895e+17, -588502.48, 277816.385, 304.077195, 34.0546408, 72.0746764, 1.23809529, 1.23809529, 5e+15, 11.7499975, 0.0127147756, 0.198281301, 254.289882, -0.00903991604, -10.7334922, -163.982324, 0.00894122102, 4.78052727, 194.353115, 0, 1.22322439e-08, 1.22322439e-08, 7660157.14, 7703193.21, 34785.4849, 0.27, 3.332, 8250.57638, -10.7425321, 4.7894685, 0, 4.99999993e+15, 6.50522508e-07, 3.29713784e-06, 0, 0
0.25, 0, 0, 5e+15, 0, 3.46889218e-21, 3.718e+18, 6.44e+20, 4.84550779, 4, 140.231818, 34.1193826, 1.23809529, 650638.305, 2.57190436e+14, 2.79603833e+09, 9.67311628e+13, 12.5400551, -138.424541, -142.306675, 5e+15, 2.2853132e+17, -587398.347, 279809.471, 304.116861, 34.1193826, 71.5724989, 1.23809529, 1.23809529, 5e+15, 12.5282068, 0.0126465533, 0.198742815, 255.575774, -0.00899032971, -11.4255583, -164.081727, 0.00889433988, 5.13931492, 195.948151, 0, 1.22345099e-08, 1.22345099e-08, 8164576.38, 8210316.99, 36980.532, 0.27, 3.332, 8760.08159, -11.4345486, 5.14820926, 0, 4.99999993e+15, 6.6802124e-07, 3.27908607e-06, 0, 0
0.251785675, 0, 0, 5e+15, 0, 3.48667053e-21, 3.718e+18, 6.44e+20, 4.84549034, 4, 140.181384, 34.1454091, 1.23809529, 650590.081, 2.63245283e+14, 2.79003941e+09, 9.92147768e+13, 12.8767726, -138.374193, -142.256864, 5e+15, 2.28027896e+17, -586953.468, 280624.786, 304.132767, 34.1454091, 71.1751472, 1.23809529, 1.23809529, 5e+15, 12.8649425, 0.0126200742, 0.198924439, 256.108132, -0.00897109278, -11.72356, -164.141127, 0.00887613453, 5.29749686, 196.593622, 0, 1.22354184e-08, 1.22354184e-08, 8383905.38, 8430805.67, 37918.3747, 0.27, 3.332, 8981.91456, -11.732531, 5.30637299, 0, 4.99999993e+15, 6.76653954e-07, 3.27254395e-06, 0, 0
0.25625, 0, 0, 5e+15, 0, 3.53167597e-21, 3.718e+18, 6.44e+20, 4.84544721, 4, 140.05606, 34.2120824, 1.23809529, 650438.909, 2.78773774e+14, 2.77496085e+09, 1.05761428e+14, 13.7012966, -138.249088, -142.133113, 5e+15, 2.26750694e+17, -585822.878, 282634.541, 304.172079, 34.2120824, 70.6777632, 1.23809529, 1.23809529, 5e+15, 13.689513, 0.0125528629, 0.19938542, 257.41317, -0.00892225975, -12.4538575, -164.266719, 0.0088299291, 5.68367572, 198.185488, 0, 1.22376643e-08, 1.22376643e-08, 8918080.05, 8967828.94, 40224.3842, 0.27, 3.332, 9524.50368, -12.4627798, 5.69250565, 0, 4.99999993e+15, 6.94613503e-07, 3.25391655e-06, 0, 0
0.258035675, 0, 0, 5e+15, 0, 3.54957219e-21, 3.718e+18, 6.44e+20, 4.84542994, 4, 140.005113, 34.2388663, 1.23809529, 650389.249, 2.85088381e+14, 2.76907538e+09, 1.083894e+14, 14.0567758, -138.198228, -142.082769, 5e+15, 2.26256855e+17, -585367.677, 283457.184, 304.18781, 34.2388663, 70.6777632, 1.23809529, 1.23809529, 5e+15, 14.0450101, 0.0125268502, 0.199566938, 257.953092, -0.00890337648, -12.76715, -164.337028, 0.00881202927, 5.85324436, 198.829368, 0, 1.2238563e-08, 1.2238563e-08, 9149525.5, 9200489.79, 41205.7197, 0.27, 3.332, 9758.57645, -12.7760534, 5.86205639, 0, 4.99999993e+15, 7.03520177e-07, 3.2471799e-06, 0, 0
0.2625, 0, 0, 5e+15, 0, 3.59483487e-21, 3.718e+18, 6.44e+20, 4.8453873, 4, 139.878528, 34.307533, 1.23809529, 650233.042, 3.01226968e+14, 2.75426709e+09, 1.15307713e+14, 14.9278486, -138.071858, -141.957706, 5e+15, 2.25002913e+17, -584210.096, 285484.717, 304.226665, 34.307533, 70.1849626, 1.23809529, 1.23809529, 5e+15, 14.9161287, 0.0124607603, 0.200027447, 259.276714, -0.00885538568, -13.5354483, -164.489182, 0.00876656656, 6.26757519, 200.417599, 0, 1.2240783e-08, 1.2240783e-08, 9713529.48, 9767482.6, 43620.6108, 0.27, 3.332, 10332.5051, -13.5443037, 6.27634175, 0, 4.99999993e+15, 7.21964138e-07, 3.22800624e-06, 0, 0
0.264285675, 0, 0, 5e+15, 0, 3.6127969e-21, 3.718e+18, 6.44e+20, 4.84537027, 4, 139.827065, 34.3350969, 1.23809529, 650182.154, 3.07796154e+14, 2.74849663e+09, 1.18081977e+14, 15.3023011, -138.02048, -141.906826, 5e+15, 2.24518816e+17, -583744.389, 286315.14, 304.242182, 34.3350969, 69.7947128, 1.23809529, 1.23809529, 5e+15, 15.2905989, 0.0124352245, 0.200208885, 259.824117, -0.00883686594, -13.8640476, -164.570656, 0.00874897747, 6.44891668, 201.059795, 0, 1.22416695e-08, 1.22416695e-08, 9957216.19, 10012439.3, 44644.9914, 0.27, 3.332, 10578.1496, -13.8728843, 6.45766565, 0, 4.99999993e+15, 7.31159464e-07, 3.22110329e-06, 0, 0
0.26875, 0, 0, 5e+15, 0, 3.6581809e-21, 3.718e+18, 6.44e+20, 4.84532824, 4, 139.699206, 34.4058192, 1.23809529, 650021.405, 3.24522175e+14, 2.73397022e+09, 1.25374996e+14, 16.2203008, -137.892835, -141.780442, 5e+15, 2.2328917e+17, -582559.314, 288361.616, 304.280476, 34.4058192, 69.3062816, 1.23809529, 1.23809529, 5e+15, 16.2086435, 0.0123703186, 0.200669, 261.165996, -0.0087897709, -14.6702586, -164.749891, 0.00870429261, 6.89228501, 202.644092, 0, 1.22438576e-08, 1.22438576e-08, 10551249.4, 10609598.3, 47167.2329, 0.27, 3.332, 11181.715, -14.6790483, 6.9009893, 0, 4.99999993e+15, 7.50114525e-07, 3.20144162e-06, 0, 0
0.270535675, 0, 0, 5e+15, 0, 3.67615454e-21, 3.718e+18, 6.44e+20, 4.84531149, 4, 139.647221, 34.4341853, 1.23809529, 649969.525, 3.31342171e+14, 2.72831357e+09, 1.28297687e+14, 16.6139705, -137.840934, -141.729022, 5e+15, 2.2281475e+17, -582082.93, 289200.282, 304.295739, 34.4341853, 69.3062816, 1.23809529, 1.23809529, 5e+15, 16.6023306, 0.0123452581, 0.200850387, 261.720853, -0.00877161457, -15.0141948, -164.842809, 0.00868701176, 7.08582048, 203.28456, 0, 1.22447297e-08, 1.22447297e-08, 10807324.2, 10866996.9, 48234.2842, 0.27, 3.332, 11438.3644, -15.0229664, 7.09450749, 0, 4.99999993e+15, 7.59614147e-07, 3.19440899e-06, 0, 0
0.275, 0, 0, 5e+15, 0, 3.72151905e-21, 3.718e+18, 6.44e+20, 4.84527017, 4, 139.518078, 34.5070242, 1.23809529, 649804.823, 3.48638271e+14, 2.71407173e+09, 1.35969495e+14, 17.5793907, -137.712001, -141.601305, 5e+15, 2.21609696e+17, -580869.902, 291266.908, 304.333375, 34.5070242, 68.8220049, 1.23809529, 1.23809529, 5e+15, 17.5677948, 0.0122815573, 0.201310199, 263.080817, -0.00872543654, -15.8583002, -165.049725, 0.00864311324, 7.55921139, 204.864754, 0, 1.22468803e-08, 1.22468803e-08, 11431663.9, 11494596.6, 50862.6492, 0.27, 3.332, 12070.0433, -15.8670256, 7.5678545, 0, 4.99999993e+15, 7.79109658e-07, 3.17434091e-06, 0, 0
0.276785675, 0, 0, 5e+15, 0, 3.73944815e-21, 3.718e+18, 6.44e+20, 4.84525374, 4, 139.465566, 34.5362144, 1.23809529, 649752.22, 3.55706468e+14, 2.70852572e+09, 1.3904276e+14, 17.9925257, -137.659572, -141.549341, 5e+15, 2.21144726e+17, -580382.686, 292114.286, 304.348346, 34.5362144, 68.4382186, 1.23809529, 1.23809529, 5e+15, 17.9809468, 0.0122569607, 0.201491568, 263.643122, -0.00870763576, -16.2175922, -165.154357, 0.00862613257, 7.76538441, 205.503481, 0, 1.22477358e-08, 1.22477358e-08, 11700277.9, 11764587.1, 51971.9848, 0.27, 3.332, 12337.2356, -16.2262998, 7.77401053, 0, 4.99999993e+15, 7.88930154e-07, 3.16722162e-06, 0, 0
0.28125, 0, 0, 5e+15, 0, 3.78464795e-21, 3.718e+18, 6.44e+20, 4.84521324, 4, 139.335124, 34.6112285, 1.23809529, 649584.254, 3.73559878e+14, 2.6945642e+09, 1.47097879e+14, 19.0059063, -137.529337, -141.420282, 5e+15, 2.19963986e+17, -579141.307, 294202.303, 304.385229, 34.6112285, 67.9578839, 1.23809529, 1.23809529, 5e+15, 18.9943708, 0.0121944536, 0.201951182, 265.021106, -0.00866236988, -17.0995782, -165.389573, 0.00858300926, 8.26985413, 207.07951, 0, 1.22498435e-08, 1.22498435e-08, 12355235.4, 12422936.4, 54705.3287, 0.27, 3.332, 12995.7362, -17.1082406, 8.27843714, 0, 4.99999993e+15, 8.08998026e-07, 3.14684772e-06, 0, 0
0.283035675, 0, 0, 5e+15, 0, 3.80247465e-21, 3.718e+18, 6.44e+20, 4.84519717, 4, 139.28208, 34.6412636, 1.23809529, 649531.226, 3.80874757e+14, 2.68912447e+09, 1.50323731e+14, 19.438739, -137.476375, -141.36777, 5e+15, 2.19508141e+17, -578643.128, 295058.859, 304.399871, 34.6412636, 67.9578839, 1.23809529, 1.23809529, 5e+15, 19.4272202, 0.0121703044, 0.20213257, 265.590872, -0.00864491211, -17.4742158, -165.506171, 0.00856631795, 8.4891203, 207.716513, 0, 1.22506802e-08, 1.22506802e-08, 12636531.2, 12705660.8, 55856.4866, 0.27, 3.332, 13273.0994, -17.4828606, 8.49768662, 0, 4.99999993e+15, 8.19157011e-07, 3.13968967e-06, 0, 0
0.2875, 0, 0, 5e+15, 0, 3.84736082e-21, 3.718e+18, 6.44e+20, 4.8451576, 4, 139.150326, 34.7185075, 1.23809529, 649360.805, 3.99277003e+14, 2.67543427e+09, 1.58766635e+14, 20.5006103, -137.344825, -141.237358, 5e+15, 2.18351039e+17, -577373.085, 297169.517, 304.435908, 34.7185075, 67.4812856, 1.23809529, 1.23809529, 5e+15, 20.4891339, 0.0121089574, 0.202592093, 266.986863, -0.0086005345, -18.3940217, -165.770275, 0.00852394601, 9.025769, 209.288397, 0, 1.22527397e-08, 1.22527397e-08, 13322415.6, 13395066.5, 58693.5686, 0.27, 3.332, 13957.3531, -18.4026222, 9.03429295, 0, 4.99999993e+15, 8.39832e-07, 3.11912647e-06, 0, 0
0.289285675, 0, 0, 5e+15, 0, 3.86502581e-21, 3.718e+18, 6.44e+20, 4.84514192, 4, 139.096744, 34.7494066, 1.23809529, 649307.687, 4.0683816e+14, 2.67009596e+09, 1.62146834e+14, 20.9533422, -137.291323, -141.184292, 5e+15, 2.17903953e+17, -576863.841, 298035.701, 304.450186, 34.7494066, 67.1033926, 1.23809529, 1.23809529, 5e+15, 20.9418822, 0.0120852361, 0.20277354, 267.564095, -0.00858340452, -18.7839524, -165.899054, 0.00850753186, 9.25858676, 209.923708, 0, 1.22535557e-08, 1.22535557e-08, 13616518.1, 13690648.6, 59885.9682, 0.27, 3.332, 14244.5795, -18.7925358, 9.26709431, 0, 4.99999993e+15, 8.50348299e-07, 3.11198143e-06, 0, 0
0.29375, 0, 0, 5e+15, 0, 3.9094464e-21, 3.718e+18, 6.44e+20, 4.84510336, 4, 138.963663, 34.8289293, 1.23809529, 649135.742, 4.25785215e+14, 2.6566655e+09, 1.70981564e+14, 22.0641811, -137.158442, -141.052515, 5e+15, 2.16769596e+17, -575564.926, 300170.239, 304.48529, 34.8289293, 66.6303371, 1.23809529, 1.23809529, 5e+15, 22.0527629, 0.0120250024, 0.203233087, 268.978094, -0.00853987963, -19.741433, -166.192562, 0.0084658809, 9.82853479, 211.491517, 0, 1.22555621e-08, 1.22555621e-08, 14333610.3, 14411389.3, 62825.322, 0.27, 3.332, 14953.6966, -19.7499729, 9.83700069, 0, 4.99999993e+15, 8.71668629e-07, 3.09135921e-06, 0, 0
0.295535675, 0, 0, 5e+15, 0, 3.92688929e-21, 3.718e+18, 6.44e+20, 4.84508812, 4, 138.909537, 34.8607095, 1.23809529, 649082.898, 4.33593515e+14, 2.65142375e+09, 1.74517553e+14, 22.5369744, -137.104394, -140.99889, 5e+15, 2.16330897e+17, -575044.551, 301046.476, 304.499168, 34.8607095, 66.4434591, 1.23809529, 1.23809529, 5e+15, 22.5255723, 0.0120016895, 0.20341463, 269.562788, -0.0085230617, -20.1465553, -166.333696, 0.00844973189, 10.0753588, 212.125182, 0, 1.22563553e-08, 1.22563553e-08, 14640621.1, 14719929.8, 64058.239, 0.27, 3.332, 15250.5151, -20.1550783, 10.0838086, 0, 4.99999993e+15, 8.82562428e-07, 3.08428198e-06, 0, 0
0.3, 0, 0, 5e+15, 0, 3.97069016e-21, 3.718e+18, 6.44e+20, 4.84505068, 4, 138.775114, 34.9425523, 1.23809529, 648910.492, 4.53086359e+14, 2.6382406e+09, 1.83747453e+14, 23.6971785, -136.97017, -140.865734, 5e+15, 2.15218318e+17, -573716.69, 303206.084, 304.533254, 34.9425523, 65.5073041, 1.23809529, 1.23809529, 5e+15, 23.6858174, 0.0119425183, 0.20387432, 270.994795, -0.00848034938, -21.1414584, -166.65704, 0.00840877026, 10.6797281, 213.689042, 0, 1.22583035e-08, 1.22583035e-08, 15389158.1, 15472239.9, 67098.0885, 0.27, 3.332, 15983.7257, -21.1499387, 10.6881368, 0, 4.99999993e+15, 9.04570598e-07, 3.06374323e-06, 0, 0
0.301785675, 0, 0, 5e+15, 0, 3.98784979e-21, 3.718e+18, 6.44e+20, 4.84503591, 4, 138.720436, 34.9752281, 1.23809529, 648858.314, 4.61144137e+14, 2.63309081e+09, 1.87440311e+14, 24.190151, -136.915569, -140.811544, 5e+15, 2.14787658e+17, -573185.161, 304092.75, 304.546701, 34.9752281, 65.3217553, 1.23809529, 1.23809529, 5e+15, 24.1788058, 0.0119195952, 0.204055998, 271.58694, -0.00846382858, -21.5616181, -166.810657, 0.00839287528, 10.941004, 214.321123, 0, 1.22590722e-08, 1.22590722e-08, 15709153, 15793813.5, 68370.6431, 0.27, 3.332, 16289.8738, -21.5700819, 10.9493969, 0, 4.99999993e+15, 9.1586347e-07, 3.05679072e-06, 0, 0
0.30625, 0, 0, 5e+15, 0, 4.03087553e-21, 3.718e+18, 6.44e+20, 4.84499968, 4, 138.584656, 35.0594217, 1.23809529, 648686.639, 4.81189499e+14, 2.6201429e+09, 1.97067855e+14, 25.4000197, -136.779983, -140.676995, 5e+15, 2.13695915e+17, -571828.439, 306278.524, 304.579687, 35.0594217, 65.3217553, 1.23809529, 1.23809529, 5e+15, 25.3887148, 0.0118614366, 0.204515947, 273.036933, -0.00842188864, -22.5935707, -167.164159, 0.0083525727, 11.5809023, 215.881191, 0, 1.22609577e-08, 1.22609577e-08, 16489317.9, 16577873.2, 71508.8545, 0.27, 3.332, 17046.4617, -22.6019926, 11.5892549, 0, 4.99999993e+15, 9.38606942e-07, 3.0364884e-06, 0, 0
0.308035675, 0, 0, 5e+15, 0, 4.0476904e-21, 3.718e+18, 6.44e+20, 4.84498541, 4, 138.529421, 35.0930046, 1.23809529, 648635.541, 4.89500706e+14, 2.61508088e+09, 2.00918265e+14, 25.9132414, -136.724823, -140.622235, 5e+15, 2.13272973e+17, -571285.779, 307175.93, 304.592673, 35.0930046, 65.3217553, 1.23809529, 1.23809529, 5e+15, 25.9019522, 0.0118388864, 0.204697799, 273.636497, -0.00840565116, -23.0285593, -167.330339, 0.00833692143, 11.857062, 216.511753, 0, 1.22617e-08, 1.22617e-08, 16822345.1, 16912526.8, 72820.0067, 0.27, 3.332, 17361.6536, -23.0369649, 11.8653989, 0, 4.99999993e+15, 9.50321622e-07, 3.02971857e-06, 0, 0
0.3125, 0, 0, 5e+15, 0, 4.08978531e-21, 3.718e+18, 6.44e+20, 4.84495046, 4, 138.392266, 35.179568, 1.23809529, 648465.908, 5.10111854e+14, 2.60235718e+09, 2.10944956e+14, 27.1729671, -136.587859, -140.486278, 5e+15, 2.12201202e+17, -569900.462, 309388.818, 304.624485, 35.179568, 64.8583949, 1.23809529, 1.23809529, 5e+15, 27.1617174, 0.0117816943, 0.205158125, 275.104421, -0.00836444622, -24.097062, -167.714207, 0.00829725025, 12.5335701, 218.068212, 0, 1.22635185e-08, 1.22635185e-08, 17634262.5, 17728457.4, 76054.0665, 0.27, 3.332, 18140.8829, -24.1054265, 12.5418673, 0, 4.99999993e+15, 9.73853055e-07, 3.00981387e-06, 0, 0
0.314285675, 0, 0, 5e+15, 0, 4.10619398e-21, 3.718e+18, 6.44e+20, 4.84493674, 4, 138.336467, 35.2140658, 1.23809529, 648416.317, 5.18682127e+14, 2.59737908e+09, 2.14953181e+14, 27.7064575, -136.532134, -140.430942, 5e+15, 2.11785685e+17, -569346.744, 310297.184, 304.636978, 35.2140658, 64.4912439, 1.23809529, 1.23809529, 5e+15, 27.6952232, 0.0117595014, 0.205340188, 275.711357, -0.00834847961, -24.546615, -167.892977, 0.0082818332, 12.8250274, 218.697332, 0, 1.22642327e-08, 1.22642327e-08, 17980340.8, 18076208.1, 77402.6138, 0.27, 3.332, 18464.7763, -24.5549635, 12.8333092, 0, 4.99999993e+15, 9.86012865e-07, 3.00328428e-06, 0, 0
0.31875, 0, 0, 5e+15, 0, 4.14720309e-21, 3.718e+18, 6.44e+20, 4.84490316, 4, 138.19792, 35.3030037, 1.23809529, 648250.13, 5.39879406e+14, 2.58486964e+09, 2.25379467e+14, 29.016119, -136.393773, -140.293562, 5e+15, 2.10733106e+17, -567933.293, 312537.917, 304.667543, 35.3030037, 64.0309238, 1.23809529, 1.23809529, 5e+15, 29.0049238, 0.011703235, 0.205801005, 277.197131, -0.0083079765, -25.6510404, -168.307309, 0.0082427687, 13.5391876, 220.250394, 0, 1.22659801e-08, 1.22659801e-08, 18824074.2, 18924069.6, 80729.6179, 0.27, 3.332, 19265.8138, -25.6593484, 13.5474303, 0, 4.99999993e+15, 1.01038952e-06, 2.98394319e-06, 0, 0
0.320535675, 0, 0, 5e+15, 0, 4.16314457e-21, 3.718e+18, 6.44e+20, 4.84489, 4, 138.141549, 35.3384207, 1.23809529, 648202.465, 5.48715923e+14, 2.57997192e+09, 2.29545313e+14, 29.5698418, -136.337476, -140.237642, 5e+15, 2.10324742e+17, -567368.64, 313457.351, 304.679516, 35.3384207, 64.0309238, 1.23809529, 1.23809529, 5e+15, 29.5586619, 0.0116813849, 0.205983317, 277.811372, -0.00829226936, -26.1148344, -168.498644, 0.00822757691, 13.8463328, 220.878154, 0, 1.22666646e-08, 1.22666646e-08, 19183189.6, 19284901.9, 82114.1878, 0.27, 3.332, 19598.0116, -26.1231266, 13.8545604, 0, 4.99999993e+15, 1.02301737e-06, 2.97770906e-06, 0, 0
0.325, 0, 0, 5e+15, 0, 4.20291467e-21, 3.718e+18, 6.44e+20, 4.84485786, 4, 138.001593, 35.429723, 1.23809529, 648041.185, 5.70526685e+14, 2.56766773e+09, 2.403705e+14, 30.9293941, -136.197701, -140.098822, 5e+15, 2.0929065e+17, -565927.718, 315726.368, 304.708766, 35.429723, 63.5736332, 1.23809529, 1.23809529, 5e+15, 30.9182526, 0.0116260069, 0.206444739, 279.314874, -0.00825243842, -27.2544209, -168.943411, 0.00818909624, 14.5991351, 222.428051, 0, 1.22683369e-08, 1.22683369e-08, 20058735.6, 20164686.3, 85530.828, 0.27, 3.332, 20419.9016, -27.2626733, 14.6073242, 0, 4.99999993e+15, 1.04829937e-06, 2.95909744e-06, 0, 0
0.326785675, 0, 0, 5e+15, 0, 4.21832891e-21, 3.718e+18, 6.44e+20, 4.8448453, 4, 137.944644, 35.4660599, 1.23809529, 647995.842, 5.79637781e+14, 2.56284699e+09, 2.44693269e+14, 31.5032511, -136.140824, -140.042313, 5e+15, 2.08889176e+17, -565352.3, 316656.836, 304.720194, 35.4660599, 63.2119056, 1.23809529, 1.23809529, 5e+15, 31.4921246, 0.0116044859, 0.206627334, 279.936325, -0.00823697998, -27.7320692, -169.147226, 0.00817412097, 14.922328, 223.054534, 0, 1.22689902e-08, 1.22689902e-08, 20430837.2, 20538546.3, 86949.8682, 0.27, 3.332, 20759.284, -27.7403062, 14.9305021, 0, 4.99999993e+15, 1.06141628e-06, 2.95320945e-06, 0, 0
0.33125, 0, 0, 5e+15, 0, 4.25670964e-21, 3.718e+18, 6.44e+20, 4.84481467, 4, 137.803261, 35.5597021, 1.23809529, 647840.92, 6.02095504e+14, 2.55073962e+09, 2.55915424e+14, 32.9125112, -135.99962, -139.902037, 5e+15, 2.07872904e+17, -563884.756, 318954.206, 304.748066, 35.5597021, 62.757701, 1.23809529, 1.23809529, 5e+15, 32.9014227, 0.0115499613, 0.207089469, 281.457371, -0.0081977937, -28.9059144, -169.622263, 0.00813620199, 15.7146928, 224.601494, 0, 1.22705838e-08, 1.22705838e-08, 21338116, 21450167.5, 90452.4128, 0.27, 3.332, 21599.077, -28.9141122, 15.722829, 0, 4.99999993e+15, 1.08766352e-06, 2.93548682e-06, 0, 0
0.333035675, 0, 0, 5e+15, 0, 4.27153795e-21, 3.718e+18, 6.44e+20, 4.84480273, 4, 137.745727, 35.5969569, 1.23809529, 647798.249, 6.11489488e+14, 2.54599256e+09, 2.60393374e+14, 33.5062889, -135.942157, -139.844932, 5e+15, 2.07478065e+17, -563298.779, 319895.516, 304.758924, 35.5969569, 62.757701, 1.23809529, 1.23809529, 5e+15, 33.4952152, 0.0115287557, 0.207272381, 282.085872, -0.00818257342, -29.3969093, -169.838352, 0.00812143451, 16.0542585, 225.226781, 0, 1.22712047e-08, 1.22712047e-08, 21723406.3, 21835330.6, 91903.9576, 0.27, 3.332, 20020.3295, -29.4050919, 16.06238, 0, 4.99999993e+15, 1.10128682e-06, 2.9306703e-06, 0, 0
0.3375, 0, 0, 5e+15, 0, 4.30838291e-21, 3.718e+18, 6.44e+20, 4.84477368, 4, 137.602899, 35.692902, 1.23809529, 647651.054, 6.3463016e+14, 2.53407387e+09, 2.72007709e+14, 34.9647885, -135.799503, -139.703184, 5e+15, 2.06478968e+17, -561805.612, 322220.87, 304.78536, 35.692902, 62.3067133, 1.23809529, 1.23809529, 5e+15, 34.9537523, 0.0114750503, 0.207735336, 283.624128, -0.0081440056, -30.6038074, -170.3432, 0.00808405546, 16.8870247, 226.771046, 0, 1.22727163e-08, 1.22727163e-08, 22662977.7, 22774642.6, 95487.6281, 0.27, 3.332, 16177.2361, -30.6119513, 16.8951087, 0, 4.99999993e+15, 1.12855462e-06, 2.91545003e-06, 0, 0
0.339285675, 0, 0, 5e+15, 0, 4.32256837e-21, 3.718e+18, 6.44e+20, 4.8447624, 4, 137.544774, 35.7310705, 1.23809529, 647611.296, 6.42240856e+14, 2.52939726e+09, 2.7521657e+14, 35.4305915, -135.741446, -139.645341, 5e+15, 2.06090503e+17, -561209.311, 323172.563, 304.795627, 35.7310705, 61.9520705, 1.23809529, 1.24419414, 5e+15, 35.4195635, 0.011454147, 0.207918671, 284.159361, -0.00812901331, -30.939813, -170.403534, 0.00806948733, 17.2399856, 227.396265, 0, 1.22733033e-08, 1.22733033e-08, 22955317.3, 23116792, 96452.0732, 0.27, 3.332, 65022.5011, -30.947942, 17.248055, 0, 4.99999993e+15, 1.14268196e-06, 2.86545291e-06, 0, 0
0.34375, 0, 0, 5e+15, 0, 4.35773613e-21, 3.718e+18, 6.44e+20, 4.84473498, 4, 137.400484, 35.8292742, 1.23809529, 647472.923, 6.60683254e+14, 2.51765923e+09, 2.83480417e+14, 36.5764188, -135.597327, -139.501766, 5e+15, 2.05107915e+17, -559691.627, 325524.836, 304.820574, 35.8292742, 61.5045099, 1.23809529, 1.24419414, 5e+15, 36.5654118, 0.0114012274, 0.208382727, 285.471681, -0.00809103818, -31.7680131, -170.52719, 0.0080326265, 18.1058691, 228.94061, 0, 1.22747297e-08, 1.22747297e-08, 23668433.5, 23951269.2, 98841.8478, 0.27, 3.332, 183993.927, -31.7761041, 18.1139018, 0, 4.99999994e+15, 1.17098525e-06, 2.75438871e-06, -1.21738214e-11, -1.10579855e-11
0.345535675, 0, 0, 5e+15, 0, 4.37122415e-21, 3.718e+18, 6.44e+20, 4.84472437, 4, 137.341761, 35.8683739, 1.24419414, 647128.562, 7.09192722e+14, 2.51300566e+09, 3.25263989e+14, 43.5269786, -135.538671, -139.44663, 5e+15, 1.51975868e+20, -559143.558, 325780.357, 304.830229, 35.8683739, 61.5045099, 1.25029299, 1.24419414, 5e+15, 43.5159985, 0.0113889923, 0.208502251, 292.081239, -0.00807612388, -37.9302953, -176.413188, 0.00803026561, 21.3271679, 232.742434, 0, 1.22752818e-08, 1.22752818e-08, 28126706.5, 28478615.7, 193374.244, 0.27, 3.332, 158535.07, -37.9383714, 21.3351982, 0, 3.54469889e+15, 1.05540127e-06, 2.46567527e-06, 103211.399, 33618.9562
0.35, 0, 0, 5e+15, 0, 4.40457963e-21, 3.718e+18, 6.44e+20, 4.84469863, 4, 137.195992, 35.9688507, 1.25944174, 646244.718, 8.40089967e+14, 2.50132433e+09, 4.58368567e+14, 60.4741185, -135.393071, -139.309815, 5e+15, 5.33520094e+20, -557760.811, 326397.091, 304.853637, 35.9688507, 61.0635818, 1.28078819, 1.25944174, 5e+15, 60.4632068, 0.0113571604, 0.208816185, 308.186358, -0.00803834392, -52.96234, -190.738568, 0.00802309906, 29.1682946, 242.067605, 0, 1.22766204e-08, 1.22766204e-08, 38928562.3, 39450059.2, 424340.176, 0.27, 3.332, 97156.6687, -52.9703783, 29.1763177, 0, 1.49999998e+15, 8.0646151e-07, 1.84189988e-06, 2e+18, 3.92639916e+16
0.35, 0, 0, 1.5e+15, 0, 4.40457963e-21, 3.718e+18, 6.44e+20, 4.84469863, 4, 137.195992, 35.9688507, 1.25944174, 636722.162, 8.40089967e+14, 2.50132433e+09, 4.58368567e+14, 60.4741185, -135.393071, -139.309815, 1.5e+15, 5.33520094e+20, -550434.313, 320058.041, 304.853637, 35.9688507, 61.0635818, 1.28078819, 1.25944174, 1.5e+15, 60.4632068, 0.0113571604, 0.208816185, 308.186358, -0.00803834392, -52.96234, -190.738568, 0.00802309906, 29.1682946, 242.067605, 0, 1.22766204e-08, 1.22766204e-08, 38928562.3, 39450059.2, 424340.176, 0.27, 3.332, 97156.6687, -52.9703783, 29.1763177, 0, 1.49999998e+15, 8.0646151e-07, 1.84189988e-06, 2e+18, 3.92639916e+16
0.368883528, 0, 0, 1.5e+15, 0, 4.49645072e-21, 3.718e+18, 6.44e+20, 4.8446292, 4, 136.58988, 36.4099146, 1.26554059, 631963.72, 7.4392071e+14, 2.502866e+09, 5.94264259e+14, 82.3224435, -134.787066, -138.710373, 1.5e+15, 5.33420776e+20, -545987.773, 318235.745, 304.916783, 36.4099146, 62.1228284, 1.28078819, 1.26554059, 1.5e+15, 82.311652, 0.0113656, 0.208722807, 323.63643, -0.00804301793, -74.0977198, -209.105931, 0.00803036197, 35.5171669, 246.35401, 0, 1.22802317e-08, 1.22802317e-08, 51851532.8, 52553114.1, 606465.14, 0.27, 3.332, 95116.0728, -74.1057626, 35.5251972, 0, 1.49999998e+15, 6.68609055e-07, 1.46932521e-06, 2e+18, 4.04181309e+16
0.4160938, 0, 0, 1.5e+15, 0, 4.71835914e-21, 3.718e+18, 6.44e+20, 4.84446443, 4, 135.085812, 37.5620962, 1.28078819, 619763.047, 5.34325311e+14, 2.50639114e+09, 1.1411661e+15, 136.015458, -133.283254, -137.223093, 1.5e+15, 5.33173912e+20, -534521.539, 313676.513, 305.066618, 37.5620962, 64.8091952, 1.28078819, 1.28078819, 1.5e+15, 136.00497, 0.0113853466, 0.208506815, 361.212223, -0.00805365979, -126.033345, -253.898147, 0.00804765065, 51.1169839, 256.921366, 0, 1.22888013e-08, 1.22888013e-08, 83346437.6, 84488008.4, 1051287.58, 0.27, 3.332, 90283.2377, -126.041399, 51.1250315, 0, 1.49999998e+15, 3.73529358e-07, 6.66374427e-07, 2e+18, 4.32501285e+16
0.4349773, 0, 0, 1.5e+15, 0, 4.69701321e-21, 3.718e+18, 6.44e+20, 4.84448014, 4, 134.50081, 38.0338066, 1.28078819, 612315.938, 4.61407517e+14, 2.51120772e+09, 1.3826861e+15, 171.109932, -132.698173, -136.64317, 1.5e+15, 5.33364921e+20, -528129.872, 309854.231, 305.052336, 38.0338066, 64.8091952, 1.28078819, 1.28078819, 1.5e+15, 171.099392, 0.0114076445, 0.208113367, 388.970129, -0.0080687392, -157.804307, -283.851273, 0.0080641054, 66.0892111, 264.944991, 0, 1.22879844e-08, 1.22879844e-08, 103154611, 104693494, 1424059.08, 0.27, 3.332, 114823.929, -157.812376, 66.0972753, 0, 1.49999998e+15, 2.86211003e-07, 5.19429216e-07, 2e+18, 4.61118692e+16
0.4821875, 0, 0, 1.5e+15, 0, 4.63283522e-21, 3.718e+18, 6.44e+20, 4.84452669, 4, 133.049318, 39.2698309, 1.28078819, 593271.99, 3.09718094e+14, 2.52278506e+09, 2.24499136e+15, 258.036282, -131.246478, -135.204518, 1.5e+15, 5.33779115e+20, -511648.601, 300312.088, 305.010016, 39.2698309, 64.8091952, 1.28078819, 1.28078819, 1.5e+15, 258.025613, 0.0114616646, 0.207165125, 457.302313, -0.00810495215, -236.523836, -357.716675, 0.00810428935, 103.119777, 284.890596, 0, 1.22855637e-08, 1.22855637e-08, 151726857, 154245930, 2343751.3, 0.27, 3.332, 175322.205, -236.53194, 103.127881, 0, 1.49999998e+15, 1.05106244e-07, 2.09241501e-07, 2e+18, 5.41154439e+16
0.501071028, 0, 0, 1.5e+15, 0, 4.54021197e-21, 3.718e+18, 6.44e+20, 4.84459786, 4, 132.493769, 39.7848093, 1.28078819, 585391.4, 2.39038955e+14, 2.52953467e+09, 2.58550298e+15, 301.045922, -130.690733, -134.652827, 1.5e+15, 5.3473284e+20, -505250.194, 295640.674, 304.94528, 39.7848093, 66.9435148, 1.28078819, 1.28078819, 1.5e+15, 301.035202, 0.0114910153, 0.206447952, 492.600902, -0.00812650494, -274.956545, -395.629759, 0.00812424442, 122.521599, 292.326095, 0, 1.22818618e-08, 1.22818618e-08, 174124020, 177195724, 2862751.97, 0.27, 3.332, 208951.931, -274.964671, 122.529723, 0, 1.49999998e+15, 7.76474624e-08, 1.57739275e-07, 2e+18, 5.61075862e+16
0.5482813, 0, 0, 1.5e+15, 0, 4.29882029e-21, 3.718e+18, 6.44e+20, 4.84478113, 4, 131.115906, 41.1281672, 1.28078819, 565345.197, 1.21007783e+14, 2.54637682e+09, 3.69707755e+15, 408.446891, -129.312369, -133.284742, 1.5e+15, 5.37150517e+20, -488858.258, 283959.052, 304.778586, 41.1281672, 72.3607603, 1.28078819, 1.28078819, 1.5e+15, 408.43604, 0.0115644421, 0.204695711, 580.408617, -0.00818024009, -370.938149, -489.945614, 0.00817434972, 170.952877, 311.168807, 0, 1.22723288e-08, 1.22723288e-08, 229421577, 233864827, 4151124.08, 0.27, 3.332, 292125.928, -370.946329, 170.961052, 0, 1.49999998e+15, 2.32305816e-08, 5.47232247e-08, 2e+18, 6.13550524e+16
0.5671648, 0, 0, 1.5e+15, 0, 4.18862538e-21, 3.718e+18, 6.44e+20, 4.84487299, 4, 130.592671, 41.6954114, 1.28078819, 557346.148, 8.51075553e+13, 2.5538034e+09, 4.10636003e+15, 453.586364, -128.788895, -132.764452, 1.5e+15, 5.38479984e+20, -482417.607, 279114.409, 304.694969, 41.6954114, 72.3607603, 1.28078819, 1.28078819, 1.5e+15, 453.575467, 0.0115946297, 0.203611419, 618.484599, -0.00820424718, -410.880397, -530.621249, 0.00819302954, 192.085346, 316.728607, 0, 1.22675489e-08, 1.22675489e-08, 250600104, 255682551, 4754139.79, 0.27, 3.332, 328307.29, -410.888602, 192.093539, 0, 1.49999998e+15, 1.66428589e-08, 3.98995302e-08, 2e+18, 6.26549823e+16
0.614375, 0, 0, 1.5e+15, 0, 3.90574993e-21, 3.718e+18, 6.44e+20, 4.84510643, 4, 129.295642, 43.1692083, 1.28078819, 537093.102, 3.40849388e+13, 2.57279363e+09, 5.35899411e+15, 566.992834, -127.491257, -131.474891, 1.5e+15, 5.41930209e+20, -466028.153, 266995.64, 304.482502, 43.1692083, 72.3607603, 1.28078819, 1.28078819, 1.5e+15, 566.981817, 0.0116718036, 0.200941393, 713.900836, -0.00826558565, -511.196005, -632.392316, 0.0082408187, 245.2489, 331.259439, 0, 1.22554028e-08, 1.22554028e-08, 303146806, 309822888, 6257739.76, 0.27, 3.332, 418342.12, -511.204271, 245.257141, 0, 1.49999998e+15, 4.23056854e-09, 1.18756318e-08, 2e+18, 6.59569701e+16
0.633258528, 0, 0, 1.5e+15, 0, 3.80556346e-21, 3.718e+18, 6.44e+20, 4.845198, 4, 128.804141, 43.7974518, 1.28078819, 529156.518, 2.21481986e+13, 2.57953515e+09, 5.78987783e+15, 608.027357, -126.999525, -130.985604, 1.5e+15, 5.43221881e+20, -459548.88, 262333.341, 304.399079, 43.7974518, 74.9837722, 1.28078819, 1.28078819, 1.5e+15, 608.016301, 0.0116964824, 0.19949722, 749.138278, -0.00828756773, -547.08416, -670.08111, 0.00825371583, 265.274105, 334.179799, 0, 1.22506358e-08, 1.22506358e-08, 319775289, 327106142, 6877957.8, 0.27, 3.332, 452895.302, -547.092448, 265.282359, 0, 1.49999998e+15, 2.94858699e-09, 8.39257066e-09, 2e+18, 6.68801183e+16
0.6804688, 0, 0, 1.5e+15, 0, 3.54990693e-21, 3.718e+18, 6.44e+20, 4.84542964, 4, 127.5865, 45.4266494, 1.28078819, 509124.205, 7.25212413e+12, 2.59711479e+09, 7.04715719e+15, 711.746032, -125.781295, -129.773586, 1.5e+15, 5.46641271e+20, -443136.994, 250672.975, 304.188091, 45.4266494, 81.642292, 1.28078819, 1.28078819, 1.5e+15, 711.734875, 0.0117607823, 0.195922653, 838.017845, -0.00834488235, -637.739629, -764.876367, 0.00828727576, 315.99789, 342.397463, 0, 1.22385791e-08, 1.22385791e-08, 361241256, 370210849, 8430585.01, 0.27, 3.332, 539008.39, -637.747974, 316.006177, 0, 1.49999998e+15, 6.57032163e-10, 2.15909562e-09, 2e+18, 6.91741644e+16
0.6993523, 0, 0, 1.5e+15, 0, 3.46652477e-21, 3.718e+18, 6.44e+20, 4.84551287, 4, 127.124893, 46.1234075, 1.28078819, 501330.233, 4.38132764e+12, 2.60229213e+09, 7.45310114e+15, 744.048555, -125.319489, -129.313614, 1.5e+15, 5.47650749e+20, -436647.817, 246310.646, 304.11221, 46.1234075, 81.642292, 1.28078819, 1.28078819, 1.5e+15, 744.03737, 0.011775745, 0.194171396, 866.220873, -0.00836190679, -665.566294, -795.416072, 0.00829135075, 332.567263, 342.422773, 0, 1.22342448e-08, 1.22342448e-08, 371470081, 381047752, 9009406.71, 0.27, 3.332, 568265.025, -665.574655, 332.575555, 0, 1.49999998e+15, 4.45536037e-10, 1.47892027e-09, 2e+18, 6.98851261e+16
0.7465625, 0, 0, 1.5e+15, 0, 3.25440109e-21, 3.718e+18, 6.44e+20, 4.84572294, 4, 125.982002, 47.9300157, 1.28078819, 481697.862, 1.19006493e+12, 2.61611019e+09, 8.59667661e+15, 826.254267, -124.176085, -128.174885, 1.5e+15, 5.50396992e+20, -420256.087, 235409.217, 303.920711, 47.9300157, 81.642292, 1.28078819, 1.28078819, 1.5e+15, 826.243008, 0.0118160025, 0.189820817, 937.827365, -0.00840735026, -736.308641, -872.615663, 0.00830267279, 374.869277, 343.597135, 0, 1.2223306e-08, 1.2223306e-08, 397150991, 408256110, 10463819.9, 0.27, 3.332, 641298.556, -736.317048, 374.877579, 0, 1.49999998e+15, 8.78310964e-11, 3.28424998e-10, 2e+18, 7.16249521e+16
0.765446028, 0, 0, 1.5e+15, 0, 3.18645633e-21, 3.718e+18, 6.44e+20, 4.84579636, 4, 125.548157, 48.7011904, 1.28078819, 474087.355, 6.70039748e+11, 2.61943709e+09, 8.93829925e+15, 847.142099, -123.742077, -127.742207, 1.5e+15, 5.51040181e+20, -413803.458, 231353.593, 303.853743, 48.7011904, 84.3687295, 1.28078819, 1.28078819, 1.5e+15, 847.130823, 0.011818851, 0.187845186, 956.652379, -0.00841851745, -753.797886, -893.697108, 0.00829538608, 386.53317, 340.861775, 0, 1.22194822e-08, 1.22194822e-08, 400529846, 412147426, 10954114.7, 0.27, 3.332, 663465.256, -753.806305, 386.541465, 0, 1.49999998e+15, 5.71027911e-11, 2.15672469e-10, 2e+18, 7.22024441e+16
0.8126563, 0, 0, 1.5e+15, 0, 3.01388882e-21, 3.718e+18, 6.44e+20, 4.84598147, 4, 124.474603, 50.7026079, 1.28078819, 454943.863, 1.51692609e+11, 2.62883915e+09, 9.87747633e+15, 900.932282, -122.6681, -126.671637, 1.5e+15, 5.52913304e+20, -397530.361, 221231.421, 303.684894, 50.7026079, 91.2520826, 1.28078819, 1.28078819, 1.5e+15, 900.920962, 0.0118286779, 0.182923678, 1004.94458, -0.0084500602, -798.774893, -947.376048, 0.00827732409, 416.673701, 335.242266, 0, 1.22098406e-08, 1.22098406e-08, 409245885, 422157364, 12192550.3, 0.27, 3.332, 718928.215, -798.783343, 416.681978, 0, 1.49999998e+15, 7.22446934e-12, 3.64553466e-11, 2e+18, 7.36000558e+16
0.8315398, 0, 0, 1.5e+15, 0, 2.95837154e-21, 3.718e+18, 6.44e+20, 4.84604578, 4, 124.066596, 51.5533382, 1.28078819, 447535.375, 71027301.1, 2.62994675e+09, 1.01236453e+16, 909.322531, -122.259969, -126.264403, 1.5e+15, 5.53104072e+20, -391166.623, 217430.298, 303.626189, 51.5533382, 91.2520826, 1.28078819, 1.28078819, 1.5e+15, 909.311207, 0.0118180176, 0.180820992, 1013.54217, -0.00845393254, -805.079489, -958.223632, 0.00825808815, 422.709336, 329.893467, 0, 1.22064896e-08, 1.22064896e-08, 406269842, 419561333, 12556766, 0.27, 3.332, 734724.531, -805.087943, 422.717594, 0, 1.49999998e+15, 3.92320847e-12, 2.27311632e-11, 2e+18, 7.40823671e+16
0.87875, 0, 0, 1.5e+15, 0, 2.81747987e-21, 3.718e+18, 6.44e+20, 4.84620792, 4, 123.057484, 53.7648408, 1.28078819, 428918.939, -4.08476057e-14, 2.63366402e+09, 1.07926461e+16, 931.883007, -121.250531, -125.257287, 1.5e+15, 5.538113e+20, -375132.961, 207957.889, 303.478206, 53.7648408, 91.2520826, 1.28078819, 1.28078819, 1.5e+15, 931.871672, 0.0117923169, 0.17557125, 1036.29834, -0.00846673881, -822.090676, -986.367091, 0.00820810862, 438.806605, 317.784122, 0, 1.21980421e-08, 1.21980421e-08, 399236733, 413497305, 13486180, 0.27, 3.332, 774391.652, -822.099143, 438.814812, 0, 1.49999998e+15, -8.53697236e-27, 2.39566987e-12, 2e+18, 7.52394331e+16
0.897633528, 0, 0, 1.5e+15, 0, 2.77173689e-21, 3.718e+18, 6.44e+20, 4.84626425, 4, 122.673874, 54.6988542, 1.28078819, 421721.488, 0, 2.63386259e+09, 1.09366058e+16, 929.170774, -120.866819, -124.874136, 1.5e+15, 5.53821646e+20, -368910.481, 204336.812, 303.426759, 54.6988542, 93.9108619, 1.28078819, 1.28078819, 1.5e+15, 929.159446, 0.0117728844, 0.173435508, 1036.162, -0.00846738033, -818.723008, -988.543061, 0.00817945348, 439.344151, 310.129108, 0, 1.21951061e-08, 1.21951061e-08, 391474290, 405974144, 13716580.2, 0.27, 3.332, 783273.472, -818.731476, 439.352331, 0, 1.49999998e+15, 0, 1.40742412e-12, 2e+18, 7.5644166e+16
0.9448438, 0, 0, 1.5e+15, 0, 2.65567549e-21, 3.718e+18, 6.44e+20, 4.84640631, 4, 121.725506, 57.1319689, 1.28078819, 403648.764, 0, 2.6350629e+09, 1.13318176e+16, 923.760333, -119.918187, -123.926977, 1.5e+15, 5.54021154e+20, -353241.344, 195326.872, 303.297031, 57.1319689, 100.533581, 1.28078819, 1.28078819, 1.5e+15, 923.749019, 0.0117231433, 0.16809324, 1036.88544, -0.00847118318, -811.341388, -994.857384, 0.00810377, 441.629474, 292.197453, 0, 1.21877027e-08, 1.21877027e-08, 372508941, 387630396, 14315320.1, 0.27, 3.332, 806134.425, -811.34986, 441.637578, 0, 1.49999998e+15, 0, 0, 2e+18, 7.6607558e+16
0.9637273, 0, 0, 1.5e+15, 0, 2.61769249e-21, 3.718e+18, 6.44e+20, 4.84645567, 4, 121.365357, 58.1530472, 1.28078819, 396665.983, 0, 2.63657213e+09, 1.13753241e+16, 912.022133, -119.557935, -123.567026, 1.5e+15, 5.54314116e+20, -347204.257, 191813.649, 303.251936, 58.1530472, 100.533581, 1.28078819, 1.28078819, 1.5e+15, 912.010827, 0.0117017444, 0.166002062, 1030.0025, -0.00847571729, -800.244801, -990.329232, 0.00806793279, 437.457337, 282.666215, 0, 1.21851298e-08, 1.21851298e-08, 361598876, 376822782, 14414052.3, 0.27, 3.332, 809853.99, -800.253276, 437.465405, 0, 1.49999998e+15, 0, 0, 2e+18, 7.6944578e+16
1.0109375, 0, 0, 1.5e+15, 0, 2.52130701e-21, 3.718e+18, 6.44e+20, 4.84658021, 4, 120.475323, 60.8194937, 1.28078819, 379141.375, 0, 2.64100652e+09, 1.15126795e+16, 883.789438, -118.667636, -122.677552, 1.5e+15, 5.55214353e+20, -332006.192, 183083.899, 303.138155, 60.8194937, 100.533581, 1.28078819, 1.28078819, 1.5e+15, 883.77815, 0.0116466251, 0.160762999, 1013.61698, -0.00848888783, -773.324959, -979.724871, 0.00797386726, 427.821445, 259.89207, 0, 1.21786379e-08, 1.21786379e-08, 334769445, 350276589, 14687017.3, 0.27, 3.332, 820126.032, -773.333448, 427.829419, 0, 1.49999998e+15, 0, 0, 2e+18, 7.77395542e+16
1.02982103, 0, 0, 1.5e+15, 0, 2.48959079e-21, 3.718e+18, 6.44e+20, 4.84662341, 4, 120.138145, 61.9293156, 1.28078819, 372380.505, 0, 2.6457723e+09, 1.1473744e+16, 865.967149, -118.330334, -122.340372, 1.5e+15, 5.56197841e+20, -326192.696, 179623.588, 303.098668, 61.9293156, 102.8699, 1.28078819, 1.28078819, 1.5e+15, 865.955868, 0.0116250457, 0.158772022, 1002.73183, -0.00850402319, -757.249787, -971.181046, 0.00792587011, 420.061924, 248.949974, 0, 1.21763855e-08, 1.21763855e-08, 322418845, 337913429, 14676111.7, 0.27, 3.332, 818472.48, -757.258291, 420.06985, 0, 1.49999998e+15, 0, 0, 2e+18, 7.80140803e+16
1.0770313, 0, 0, 1.5e+15, 0, 2.40907933e-21, 3.718e+18, 6.44e+20, 4.84673251, 4, 119.305153, 64.8349847, 1.28078819, 355418.397, 0, 2.65933874e+09, 1.14045462e+16, 822.166427, -117.497014, -121.507437, 1.5e+15, 5.59039776e+20, -311558.984, 171034.52, 302.99896, 64.8349847, 108.558248, 1.28078819, 1.28078819, 1.5e+15, 822.15516, 0.0115726881, 0.153777378, 975.982166, -0.00854672795, -717.583853, -950.288566, 0.00780258782, 401.261799, 222.428369, 0, 1.21706978e-08, 1.21706978e-08, 291929903, 307421357, 14675606.1, 0.27, 3.332, 815848.115, -717.5924, 401.269602, 0, 1.49999998e+15, 0, 0, 2e+18, 7.86538395e+16
1.0959148, 0, 0, 1.5e+15, 0, 2.38248828e-21, 3.718e+18, 6.44e+20, 4.84677025, 4, 118.990739, 66.0347129, 1.28078819, 348885.956, 0, 2.66543447e+09, 1.12917655e+16, 800.210921, -117.182473, -121.192839, 1.5e+15, 5.60309063e+20, -305996.338, 167589.271, 302.964449, 66.0347129, 108.558248, 1.28078819, 1.28078819, 1.5e+15, 800.199669, 0.0115396509, 0.151921964, 962.706406, -0.00856599307, -698.160782, -939.234165, 0.00773169007, 391.012668, 210.410607, 0, 1.21687296e-08, 1.21687296e-08, 279195123, 294572627, 14566334.2, 0.27, 3.332, 811170.712, -698.169348, 391.0204, 0, 1.49999998e+15, 0, 0, 2e+18, 7.88727895e+16
1.143125, 0, 0, 1.5e+15, 0, 2.31495906e-21, 3.718e+18, 6.44e+20, 4.84686565, 4, 118.214229, 69.1835742, 1.28078819, 332499.084, 0, 2.68331256e+09, 1.10437256e+16, 745.835271, -116.405619, -120.415938, 1.5e+15, 5.64076691e+20, -291993.449, 159043.895, 302.877232, 69.1835742, 108.558248, 1.28078819, 1.28078819, 1.5e+15, 745.824054, 0.0114617168, 0.147262042, 929.734099, -0.00862183389, -649.965286, -911.943688, 0.00755212875, 365.782617, 180.949169, 0, 1.21637553e-08, 1.21637553e-08, 247718504, 262841157, 14321458.4, 0.27, 3.332, 801193.652, -649.973908, 365.790169, 0, 1.49999998e+15, 0, 0, 2e+18, 7.93734417e+16
1.16200853, 0, 0, 1.5e+15, 0, 2.29260008e-21, 3.718e+18, 6.44e+20, 4.84689855, 4, 117.922588, 70.4706582, 1.28078819, 326204.811, 0, 2.68844557e+09, 1.08799486e+16, 722.122245, -116.11387, -120.123973, 1.5e+15, 5.65149904e+20, -286700.921, 155595.09, 302.847141, 70.4706582, 110.146698, 1.28078819, 1.28078819, 1.5e+15, 722.111064, 0.0114078918, 0.145560383, 916.137429, -0.00863707081, -629.352565, -900.318918, 0.00745161516, 354.058458, 168.148563, 0, 1.21620394e-08, 1.21620394e-08, 235589429, 250525114, 14142605, 0.27, 3.332, 793079.304, -629.361202, 354.065909, 0, 1.49999998e+15, 0, 0, 2e+18, 7.95420531e+16
1.2092188, 0, 0, 1.5e+15, 0, 2.23579158e-21, 3.718e+18, 6.44e+20, 4.84698177, 4, 117.202543, 73.8555866, 1.28078819, 310413.52, 0, 2.70437547e+09, 1.05095675e+16, 663.031216, -115.393523, -119.403189, 1.5e+15, 5.68526219e+20, -273375.348, 147043.847, 302.771025, 73.8555866, 113.904631, 1.28078819, 1.28078819, 1.5e+15, 663.020119, 0.0112788597, 0.141282352, 882.02301, -0.00868369317, -577.938152, -871.38958, 0.00719761929, 324.932707, 136.458912, 0, 1.2157699e-08, 1.2157699e-08, 205549957, 220046812, 13721930.6, 0.27, 3.332, 774924.493, -577.946836, 324.939905, 0, 1.49999998e+15, 0, 0, 2e+18, 7.99165355e+16
1.2281023, 0, 0, 1.5e+15, 0, 2.21694285e-21, 3.718e+18, 6.44e+20, 4.84701039, 4, 116.933718, 75.2263666, 1.28078819, 304364.985, 0, 2.70727047e+09, 1.03048797e+16, 638.863074, -115.124619, -119.133908, 1.5e+15, 5.69135973e+20, -268358.299, 143591.272, 302.744842, 75.2263666, 113.904631, 1.28078819, 1.28078819, 1.5e+15, 638.852035, 0.0112049633, 0.139738785, 868.999845, -0.00868930924, -557.114498, -859.906929, 0.00707303095, 312.65021, 123.18447, 0, 1.21562062e-08, 1.21562062e-08, 194470211, 208722902, 13487693.6, 0.27, 3.332, 764997.018, -557.123187, 312.657284, 0, 1.49999998e+15, 0, 0, 2e+18, 8.00426581e+16
1.2753125, 0, 0, 1.5e+15, 0, 2.16903086e-21, 3.718e+18, 6.44e+20, 4.84708285, 4, 116.270244, 78.8346701, 1.28078819, 289184.529, 0, 2.71687065e+09, 9.83988967e+15, 578.427817, -114.460924, -118.469374, 1.5e+15, 5.71194066e+20, -255721.824, 135031.087, 302.678556, 78.8346701, 113.904631, 1.28078819, 1.28078819, 1.5e+15, 578.416919, 0.0110238024, 0.135855022, 836.114585, -0.00870785737, -505.055596, -831.238174, 0.00675995258, 281.927391, 90.0349042, 0, 1.21524268e-08, 1.21524268e-08, 167007180, 180677388, 12927795.4, 0.27, 3.332, 742412.367, -505.064304, 281.93415, 0, 1.49999998e+15, 0, 0, 2e+18, 8.03100996e+16
1.29419603, 0, 0, 1.5e+15, 0, 2.1531121e-21, 3.718e+18, 6.44e+20, 4.84710769, 4, 116.024242, 80.2772939, 1.28078819, 283391.55, 0, 2.72133065e+09, 9.61174185e+15, 555.133625, -114.214835, -118.222809, 1.5e+15, 5.72135077e+20, -250980.29, 131586.418, 302.655826, 80.2772939, 114.63129, 1.28078819, 1.28078819, 1.5e+15, 555.122792, 0.0109441575, 0.134465029, 824.666095, -0.00871585669, -485.15613, -820.72897, 0.00661666363, 269.769798, 76.5111358, 0, 1.2151131e-08, 1.2151131e-08, 157314453, 170705381, 12660861.7, 0.27, 3.332, 730066.38, -485.164847, 269.776414, 0, 1.49999998e+15, 0, 0, 2e+18, 8.03998037e+16
1.3414063, 0, 0, 1.5e+15, 0, 2.1126295e-21, 3.718e+18, 6.44e+20, 4.84717063, 4, 115.41735, 84.0687364, 1.28078819, 268844.701, 0, 2.73582514e+09, 9.09331287e+15, 496.666961, -113.607693, -117.614597, 1.5e+15, 5.75237757e+20, -239032.894, 123044.912, 302.598235, 84.0687364, 116.307809, 1.28078819, 1.28078819, 1.5e+15, 496.656285, 0.0107519587, 0.130965353, 795.515235, -0.00874131902, -435.262701, -794.364838, 0.00626047143, 239.190296, 42.4906899, 0, 1.21478478e-08, 1.21478478e-08, 133259163, 145977348, 12016518, 0.27, 3.332, 701666.822, -435.271442, 239.196556, 0, 1.49999998e+15, 0, 0, 2e+18, 8.05760614e+16
1.3602898, 0, 0, 1.5e+15, 0, 2.09916116e-21, 3.718e+18, 6.44e+20, 4.84719215, 4, 115.194062, 85.5635319, 1.28078819, 263310.219, 0, 2.73783641e+09, 8.83731589e+15, 474.337268, -113.384347, -117.390607, 1.5e+15, 5.75669999e+20, -234559.123, 119616.876, 302.578539, 85.5635319, 116.307809, 1.28078819, 1.28078819, 1.5e+15, 474.326676, 0.0106555157, 0.129720798, 785.371269, -0.00873730727, -416.16639, -784.405932, 0.00609616293, 227.555165, 28.7924337, 0, 1.2146725e-08, 1.2146725e-08, 124860914, 137263772, 11714073.8, 0.27, 3.332, 688784.524, -416.175127, 227.561261, 0, 1.49999998e+15, 0, 0, 2e+18, 8.06381083e+16
1.4075, 0, 0, 1.5e+15, 0, 2.06489769e-21, 3.718e+18, 6.44e+20, 4.84724672, 4, 114.643502, 89.4684754, 1.28078819, 249403.693, 0, 2.74750789e+09, 8.25990064e+15, 418.222504, -112.833598, -116.838395, 1.5e+15, 5.77764692e+20, -223282.187, 111114.965, 302.528601, 89.4684754, 116.307809, 1.28078819, 1.28078819, 1.5e+15, 418.212117, 0.0104238742, 0.126585424, 759.475339, -0.0087329258, -368.28838, -759.438624, 0.00569147039, 198.150057, -5.87700291, 0, 1.21438783e-08, 1.21438783e-08, 104032459, 115672330, 10980877.4, 0.27, 3.332, 658994.114, -368.297114, 198.155748, 0, 1.49999998e+15, 0, 0, 2e+18, 8.07446635e+16
1.42638353, 0, 0, 1.5e+15, 0, 2.05348675e-21, 3.718e+18, 6.44e+20, 4.84726533, 4, 114.442815, 90.9775068, 1.28078819, 244130.56, 0, 2.74284585e+09, 7.99799145e+15, 397.901483, -112.632922, -116.636906, 1.5e+15, 5.76815269e+20, -219067.297, 107710.82, 302.511565, 90.9775068, 116.528654, 1.28078819, 1.28078819, 1.5e+15, 397.891214, 0.0102976485, 0.12547529, 751.441126, -0.00870203974, -350.995894, -750.705665, 0.00550189948, 187.366585, -19.580747, 0, 1.21429073e-08, 1.21429073e-08, 97062735.1, 108377002, 10669568.9, 0.27, 3.332, 644698.478, -351.004597, 187.372087, 0, 1.49999998e+15, 0, 0, 2e+18, 8.07823904e+16
1.4735938, 0, 0, 1.5e+15, 0, 2.02444583e-21, 3.718e+18, 6.44e+20, 4.84731255, 4, 113.948311, 94.8669018, 1.28078819, 230871.303, 0, 2.73839165e+09, 7.4088944e+15, 346.622984, -112.138377, -116.140502, 1.5e+15, 5.7593058e+20, -208440.077, 99265.079, 302.468341, 94.8669018, 117.029536, 1.28078819, 1.28078819, 1.5e+15, 346.613002, 0.00999342578, 0.122677221, 730.727617, -0.00863241385, -307.486006, -728.682983, 0.00503485755, 159.973681, -54.4632382, 0, 1.21404436e-08, 1.21404436e-08, 79751291.4, 90271883.7, 9909164.75, 0.27, 3.332, 611427.585, -307.494639, 159.978716, 0, 1.49999998e+15, 0, 0, 2e+18, 8.08287074e+16
1.4924773, 0, 0, 1.5e+15, 0, 2.01476002e-21, 3.718e+18, 6.44e+20, 4.84732863, 4, 113.770027, 96.3396959, 1.28078819, 225857.794, 0, 2.7176125e+09, 7.14564702e+15, 328.495556, -111.960263, -115.961308, 1.5e+15, 5.71686514e+20, -204465.753, 95897.55, 302.453619, 96.3396959, 117.029536, 1.28078819, 1.28078819, 1.5e+15, 328.485748, 0.00981669762, 0.121686996, 724.551652, -0.0085418023, -292.016791, -720.882126, 0.00483391608, 150.385422, -67.8157283, 0, 1.21396045e-08, 1.21396045e-08, 74081134, 84273499.9, 9595400.7, 0.27, 3.332, 596965.166, -292.025333, 150.390256, 0, 1.49999998e+15, 0, 0, 2e+18, 8.08463422e+16
1.5396875, 0, 0, 1.5e+15, 0, 1.99009877e-21, 3.718e+18, 6.44e+20, 4.84736946, 4, 113.331123, 100.045122, 1.28078819, 213241.29, 0, 2.67346386e+09, 6.55756639e+15, 282.620389, -111.521713, -115.520248, 1.5e+15, 5.62364359e+20, -194443.007, 87538.8748, 302.41624, 100.045122, 117.029536, 1.28078819, 1.28078819, 1.5e+15, 282.611014, 0.00937648894, 0.119190704, 708.565827, -0.00831280344, -253.027076, -701.176192, 0.00433771748, 125.877894, -102.000256, 0, 1.21374742e-08, 1.21374742e-08, 59991561, 69380026.8, 8825441.07, 0.27, 3.332, 563024.77, -253.035389, 125.882232, 0, 1.49999998e+15, 0, 0, 2e+18, 8.08426125e+16
1.55857103, 0, 0, 1.5e+15, 0, 1.98187022e-21, 3.718e+18, 6.44e+20, 4.84738333, 4, 113.174954, 101.41013, 1.28078819, 208492.573, 0, 2.65079221e+09, 6.31212417e+15, 267.220729, -111.36574, -115.363113, 1.5e+15, 5.5775092e+20, -190694.729, 84226.4607, 302.403538, 101.41013, 117.074885, 1.28078819, 1.28078819, 1.5e+15, 267.211535, 0.00919547289, 0.118304662, 704.380733, -0.00820602653, -239.883659, -694.524775, 0.00414493651, 117.659117, -114.673935, 0, 1.21367504e-08, 1.21367504e-08, 55566866.8, 64646445, 8531556.43, 0.27, 3.332, 548021.755, -239.891865, 117.663261, 0, 1.49999998e+15, 0, 0, 2e+18, 8.084107e+16
1.6057813, 0, 0, 1.5e+15, 0, 1.96090806e-21, 3.718e+18, 6.44e+20, 4.84741858, 4, 112.790947, 104.715925, 1.28078819, 196533.813, 0, 2.60472199e+09, 5.76520511e+15, 228.064306, -110.982128, -114.976817, 1.5e+15, 5.48005365e+20, -181241.859, 76001.8319, 302.371263, 104.715925, 117.176219, 1.28078819, 1.28078819, 1.5e+15, 228.055564, 0.00874274479, 0.116071347, 693.455037, -0.00793564842, -206.622264, -677.627586, 0.00366893316, 96.5184464, -147.280924, 0, 1.2134911e-08, 1.2134911e-08, 44552673.8, 52870867, 7805727.93, 0.27, 3.332, 512465.333, -206.6302, 96.5221154, 0, 1.49999998e+15, 0, 0, 2e+18, 8.07906469e+16
1.6246648, 0, 0, 1.5e+15, 0, 1.95391392e-21, 3.718e+18, 6.44e+20, 4.84743053, 4, 112.656454, 105.901392, 1.28078819, 192054.11, 0, 2.5806794e+09, 5.52712945e+15, 214.83088, -110.847856, -114.841249, 1.5e+15, 5.43135194e+20, -177704.959, 72759.1257, 302.360322, 105.901392, 117.176219, 1.28078819, 1.28078819, 1.5e+15, 214.82232, 0.00855981063, 0.115275316, 690.294134, -0.00781221107, -195.187084, -671.311326, 0.00349404071, 89.660553, -159.047289, 0, 1.21342875e-08, 1.21342875e-08, 41089188.4, 49107945, 7520731.37, 0.27, 3.332, 498025.314, -195.194896, 89.664047, 0, 1.49999998e+15, 0, 0, 2e+18, 8.07732809e+16
1.671875, 0, 0, 1.5e+15, 0, 1.93608662e-21, 3.718e+18, 6.44e+20, 4.84746091, 4, 112.326281, 108.625895, 1.28078819, 180765.793, 0, 2.53296446e+09, 5.00201351e+15, 181.131119, -110.518114, -114.508537, 1.5e+15, 5.33019182e+20, -168786.357, 64706.1066, 302.332499, 108.625895, 117.176219, 1.28078819, 1.28078819, 1.5e+15, 181.123023, 0.00809733011, 0.113269714, 682.148552, -0.00749600668, -166.236582, -655.309472, 0.00306212005, 71.905832, -189.448641, 0, 1.21327019e-08, 1.21327019e-08, 32478071.6, 39756471, 6814867.09, 0.27, 3.332, 463532.208, -166.244078, 71.9088941, 0, 1.49999998e+15, 0, 0, 2e+18, 8.06833005e+16
1.69075853, 0, 0, 1.5e+15, 0, 1.93014438e-21, 3.718e+18, 6.44e+20, 4.84747118, 4, 112.212977, 109.575523, 1.28078819, 176565.78, 0, 2.52047432e+09, 4.79083902e+15, 170.391302, -110.404921, -114.394131, 1.5e+15, 5.30498532e+20, -165452.957, 61545.6622, 302.323096, 109.575523, 117.182068, 1.28078819, 1.28078819, 1.5e+15, 170.383359, 0.00794565154, 0.112551335, 680.012917, -0.00739419357, -156.910165, -649.570128, 0.00290238489, 66.3219358, -200.080334, 0, 1.21321662e-08, 1.21321662e-08, 29896066.1, 36905949.1, 6560537.71, 0.27, 3.332, 449345.222, -156.917559, 66.3248382, 0, 1.49999998e+15, 0, 0, 2e+18, 8.0649019e+16
1.7379688, 0, 0, 1.5e+15, 0, 1.91498786e-21, 3.718e+18, 6.44e+20, 4.84749731, 4, 111.935424, 111.623638, 1.28078819, 165977.509, 0, 2.50487782e+09, 4.32565992e+15, 142.888709, -110.127483, -114.11397, 1.5e+15, 5.27241411e+20, -157050.593, 53695.5029, 302.299164, 111.623638, 117.194854, 1.28078819, 1.28078819, 1.5e+15, 142.881148, 0.00756536661, 0.110742617, 674.542385, -0.00713838674, -133.173807, -634.961182, 0.00250560454, 51.7634058, -227.660218, 0, 1.21308024e-08, 1.21308024e-08, 23464848, 29805611.4, 5925658.53, 0.27, 3.332, 415104.95, -133.180945, 51.7659114, 0, 1.49999998e+15, 0, 0, 2e+18, 8.05178729e+16
1.7568523, 0, 0, 1.5e+15, 0, 1.90993678e-21, 3.718e+18, 6.44e+20, 4.84750613, 4, 111.842713, 112.327499, 1.28078819, 162064.027, 0, 2.48742616e+09, 4.1311106e+15, 134.065463, -110.034938, -114.020078, 1.5e+15, 5.23742792e+20, -153906.543, 50634.3793, 302.291092, 112.327499, 117.194854, 1.28078819, 1.28078819, 1.5e+15, 134.058069, 0.0073982535, 0.110090856, 672.548829, -0.00701082192, -125.377819, -629.179783, 0.00235612302, 47.3647722, -236.882428, 0, 1.21303425e-08, 1.21303425e-08, 21530590.4, 27623308.3, 5691017.67, 0.27, 3.332, 401700.317, -125.38483, 47.3671283, 0, 1.49999998e+15, 0, 0, 2e+18, 8.04664097e+16
1.8040625, 0, 0, 1.5e+15, 0, 1.89704228e-21, 3.718e+18, 6.44e+20, 4.84752858, 4, 111.616323, 113.746252, 1.28078819, 152194.138, 0, 2.45987615e+09, 3.70634281e+15, 111.421193, -109.808798, -113.790909, 1.5e+15, 5.17917965e+20, -145983.612, 43029.5305, 302.270526, 113.746252, 117.194854, 1.28078819, 1.28078819, 1.5e+15, 111.414224, 0.00697434648, 0.108451575, 667.596371, -0.00668748737, -105.505595, -614.499727, 0.001979601, 35.7986033, -260.910266, 0, 1.21291705e-08, 1.21291705e-08, 16719530.6, 22191439.1, 5102853.04, 0.27, 3.332, 369055.435, -105.512283, 35.8005829, 0, 1.49999998e+15, 0, 0, 2e+18, 8.02918496e+16
1.82294603, 0, 0, 1.5e+15, 0, 1.89275132e-21, 3.718e+18, 6.44e+20, 4.84753613, 4, 111.543485, 114.229544, 1.28078819, 148581.839, 0, 2.44843776e+09, 3.53685542e+15, 104.454161, -109.736068, -113.716867, 1.5e+15, 5.15643553e+20, -143022.651, 40088.1291, 302.26361, 114.229544, 117.195228, 1.28078819, 1.28078819, 1.5e+15, 104.447343, 0.00682448172, 0.107858132, 665.534845, -0.00656868658, -99.2581422, -608.734458, 0.00184246892, 32.4054332, -268.575367, 0, 1.21287765e-08, 1.21287765e-08, 15320899.9, 20575089.6, 4897769.1, 0.27, 3.332, 356420.609, -99.2647114, 32.4072757, 0, 1.49999998e+15, 0, 0, 2e+18, 8.02227868e+16
1.8701563, 0, 0, 1.5e+15, 0, 1.88178575e-21, 3.718e+18, 6.44e+20, 4.84755539, 4, 111.36646, 115.141034, 1.28078819, 139471.459, 0, 2.4360252e+09, 3.16827822e+15, 86.4973208, -109.559141, -113.537015, 1.5e+15, 5.1306399e+20, -135563.702, 32781.1896, 302.245969, 115.141034, 117.196011, 1.28078819, 1.28078819, 1.5e+15, 86.4908815, 0.00644444889, 0.106367441, 660.478952, -0.00626937303, -83.2629166, -594.076892, 0.00149188679, 23.4071119, -288.626074, 0, 1.21277713e-08, 1.21277713e-08, 11842444.8, 16548145.9, 4380322.02, 0.27, 3.332, 325379.109, -83.2691859, 23.4086038, 0, 1.49999998e+15, 0, 0, 2e+18, 8.00058128e+16
1.8890398, 0, 0, 1.5e+15, 0, 1.87814289e-21, 3.718e+18, 6.44e+20, 4.84756185, 4, 111.312634, 115.453515, 1.28078819, 136172.311, 0, 2.42255907e+09, 2.99904327e+15, 80.5769, -109.505447, -113.481772, 1.5e+15, 5.10404297e+20, -132780.215, 29972.441, 302.240056, 115.453515, 117.196011, 1.28078819, 1.28078819, 1.5e+15, 80.5706115, 0.00629390053, 0.10582715, 657.626986, -0.00614253914, -77.7993012, -587.757837, 0.00136058831, 20.8416888, -294.679372, 0, 1.21274344e-08, 1.21274344e-08, 10779098.2, 15271058.1, 4178715.33, 0.27, 3.332, 313244.491, -77.8054437, 20.8430494, 0, 1.49999998e+15, 0, 0, 2e+18, 7.99189309e+16
1.93625, 0, 0, 1.5e+15, 0, 1.86882309e-21, 3.718e+18, 6.44e+20, 4.84757833, 4, 111.182839, 116.007688, 1.28078819, 127856.13, 0, 2.40501074e+09, 2.63810679e+15, 65.3401559, -109.375813, -113.348673, 1.5e+15, 5.06717254e+20, -125770.775, 22996.7006, 302.224951, 116.007688, 117.196011, 1.28078819, 1.28078819, 1.5e+15, 65.3342479, 0.0059132192, 0.104471966, 650.677526, -0.00582472854, -63.8219707, -571.760837, 0.00101913979, 13.9751695, -310.597368, 0, 1.21265738e-08, 1.21265738e-08, 8150947.01, 12102331.9, 3668110.31, 0.27, 3.332, 283274.547, -63.8277954, 13.9761887, 0, 1.49999998e+15, 0, 0, 2e+18, 7.96576721e+16
1.95513353, 0, 0, 1.5e+15, 0, 1.8657365e-21, 3.718e+18, 6.44e+20, 4.84758384, 4, 111.147128, 116.199807, 1.28078819, 124886.243, 0, 2.36799391e+09, 2.50200491e+15, 60.9919968, -109.340496, -113.311594, 1.5e+15, 4.99493313e+20, -123165.036, 20334.9129, 302.21991, 116.199807, 117.196018, 1.28078819, 1.28078819, 1.5e+15, 60.9862808, 0.00572051708, 0.103979893, 647.441424, -0.00564716563, -59.741229, -565.607814, 0.00089993776, 12.1133616, -314.895546, 0, 1.21262866e-08, 1.21262866e-08, 7432602.6, 11208906.9, 3503949.89, 0.27, 3.332, 272354.411, -59.7468762, 12.1142615, 0, 1.49999998e+15, 0, 0, 2e+18, 7.95495975e+16
2.0023438, 0, 0, 1.5e+15, 0, 1.85782986e-21, 3.718e+18, 6.44e+20, 4.84759792, 4, 111.062311, 116.521538, 1.28078819, 117413.361, 0, 2.29042342e+09, 2.21060587e+15, 49.7036371, -109.256521, -113.223582, 1.5e+15, 4.82760885e+20, -116608.326, 13725.7025, 302.207014, 116.521538, 117.19603, 1.28078819, 1.28078819, 1.5e+15, 49.6984105, 0.00522899488, 0.102747885, 639.481417, -0.00519615219, -49.1923064, -549.969808, 0.000585140972, 7.07451223, -326.296134, 0, 1.21255518e-08, 1.21255518e-08, 5652410.9, 8980021.3, 3082568.43, 0.27, 3.332, 245041.978, -49.1975025, 7.07509737, 0, 1.49999998e+15, 0, 0, 2e+18, 7.92383965e+16
2.0212273, 0, 0, 1.5e+15, 0, 1.85521381e-21, 3.718e+18, 6.44e+20, 4.84760261, 4, 111.043674, 116.636389, 1.28078819, 114776.459, 0, 2.27131232e+09, 2.08791631e+15, 46.2864875, -109.238094, -113.203468, 1.5e+15, 4.79038084e+20, -114171.636, 11232.1932, 302.202719, 116.636389, 117.19603, 1.28078819, 1.28078819, 1.5e+15, 46.2813976, 0.0050919153, 0.102298191, 635.395688, -0.00506687858, -45.8901543, -543.730069, 0.000482616473, 5.82611819, -328.674882, 0, 1.21253071e-08, 1.21253071e-08, 5141121.5, 8311689.09, 2935526.94, 0.27, 3.332, 235040.652, -45.8952211, 5.8266008, 0, 1.49999998e+15, 0, 0, 2e+18, 7.91028852e+16
2.0684375, 0, 0, 1.5e+15, 0, 1.84850311e-21, 3.718e+18, 6.44e+20, 4.84761462, 4, 111.001256, 116.818767, 1.28078819, 108162.964, 0, 2.2362769e+09, 1.82867111e+15, 37.414316, -109.196059, -113.157622, 1.5e+15, 4.7155484e+20, -108045.201, 5041.68865, 302.191714, 116.818767, 117.19603, 1.28078819, 1.28078819, 1.5e+15, 37.4095724, 0.00474450895, 0.101174832, 625.28245, -0.00473993248, -37.332769, -527.901129, 0.000208155375, 2.39479166, -335.107986, 0, 1.21246801e-08, 1.21246801e-08, 3881155.13, 6646824.1, 2555691.91, 0.27, 3.332, 209977.047, -37.3375089, 2.39499982, 0, 1.49999998e+15, 0, 0, 2e+18, 7.87233053e+16
2.08732103, 0, 0, 1.5e+15, 0, 1.84628665e-21, 3.718e+18, 6.44e+20, 4.84761861, 4, 110.998507, 116.885776, 1.28078819, 105859.582, 0, 2.21171327e+09, 1.73535941e+15, 35.0206042, -109.193591, -113.153518, 1.5e+15, 4.66804154e+20, -105774.029, 2739.79312, 302.188059, 116.885776, 117.19603, 1.28078819, 1.28078819, 1.5e+15, 35.015993, 0.00461189813, 0.100762304, 620.710002, -0.00460849272, -34.9618018, -522.106157, 0.000118701962, 1.6135345, -335.655714, 0, 1.21244718e-08, 1.21244718e-08, 3548644.8, 6192868.55, 2442378.53, 0.27, 3.332, 201845.223, -34.9664103, 1.6136532, 0, 1.49999998e+15, 0, 0, 2e+18, 7.85593908e+16
2.1345313, 0, 0, 1.5e+15, 0, 1.84059234e-21, 3.718e+18, 6.44e+20, 4.84762884, 4, 110.995521, 116.986772, 1.28078819, 100116.057, 0, 2.16228153e+09, 1.53844106e+15, 28.7786909, -109.191175, -113.147418, 1.5e+15, 4.56172382e+20, -100070.852, -2972.32677, 302.178678, 116.986772, 117.19603, 1.28078819, 1.28078819, 1.5e+15, 28.774414, 0.00427698921, 0.099734286, 609.303529, -0.00427516529, -28.7682818, -507.406826, -0.000123590087, -0.576237744, -337.323775, 0, 1.21239374e-08, 1.21239374e-08, 2729841.06, 5059751.59, 2148049.85, 0.27, 3.332, 181860.683, -28.7725569, -0.576361334, 0, 1.49999998e+15, 0, 0, 2e+18, 7.81107074e+16
2.1534148, 0, 0, 1.5e+15, 0, 1.83871292e-21, 3.718e+18, 6.44e+20, 4.84763224, 4, 111.007315, 117.025344, 1.28078819, 98135.7356, 0, 2.15551065e+09, 1.44564426e+15, 26.759958, -109.203044, -113.157599, 1.5e+15, 4.54892347e+20, -97961.3139, -5068.06141, 302.175567, 117.025344, 117.19603, 1.28078819, 1.28078819, 1.5e+15, 26.7557652, 0.00419288148, 0.0993541003, 604.193435, -0.00418644332, -26.7245974, -501.940193, -0.000201706459, -1.02885216, -336.305108, 0, 1.21237601e-08, 1.21237601e-08, 2479698.46, 4692625.95, 2038562.94, 0.27, 3.332, 174364.554, -26.7287837, -1.02905387, 0, 1.49999998e+15, 0, 0, 2e+18, 7.79138614e+16
2.200625, 0, 0, 1.5e+15, 0, 1.83387753e-21, 3.718e+18, 6.44e+20, 4.84764097, 4, 111.04041, 117.080541, 1.28078819, 93242.4848, 0, 2.14942919e+09, 1.25650821e+15, 21.5385455, -109.236197, -113.187062, 1.5e+15, 4.5370998e+20, -92672.7911, -10265.2022, 302.167569, 117.080541, 117.19603, 1.28078819, 1.28078819, 1.5e+15, 21.5345614, 0.00398419791, 0.0984088994, 591.438052, -0.00396233199, -21.4047508, -488.153217, -0.000415937294, -2.35192294, -333.92102, 0, 1.21233045e-08, 1.21233045e-08, 1871471.34, 3784334.55, 1755651.13, 0.27, 3.332, 157212.075, -21.4087131, -2.35233888, 0, 1.49999998e+15, 0, 0, 2e+18, 7.73805493e+16
2.21950853, 0, 0, 1.5e+15, 0, 1.83228308e-21, 3.718e+18, 6.44e+20, 4.84764386, 4, 111.065365, 117.102462, 1.28078819, 91567.9775, 0, 2.14212534e+09, 1.19464917e+15, 20.245644, -109.261235, -113.210708, 1.5e+15, 4.52338769e+20, -90723.9342, -12147.2636, 302.164921, 117.102462, 117.19603, 1.28078819, 1.28078819, 1.5e+15, 20.2417333, 0.00391076656, 0.0980558842, 586.42873, -0.00387930192, -20.0691391, -483.609251, -0.000484922759, -2.59094196, -331.693609, 0, 1.21231536e-08, 1.21231536e-08, 1719769.01, 3553070.62, 1681032.56, 0.27, 3.332, 152269.049, -20.0730183, -2.59142688, 0, 1.49999998e+15, 0, 0, 2e+18, 7.71508725e+16
2.2667188, 0, 0, 1.5e+15, 0, 1.82817556e-21, 3.718e+18, 6.44e+20, 4.8476513, 4, 111.131078, 117.132178, 1.28078819, 87488.1827, 0, 2.13405567e+09, 1.07317016e+15, 16.9192965, -109.327034, -113.273646, 1.5e+15, 4.50738445e+20, -85851.9056, -16811.0046, 302.158105, 117.132178, 117.196028, 1.28078819, 1.28078819, 1.5e+15, 16.9155662, 0.00373104687, 0.0971800361, 573.89292, -0.00366899443, -16.5725444, -472.150196, -0.000676626336, -3.37780295, -326.228199, 0, 1.21227653e-08, 1.21227653e-08, 1350264.01, 2990430.64, 1495952.31, 0.27, 3.332, 144214.315, -16.5762134, -3.37847957, 0, 1.49999998e+15, 0, 0, 2e+18, 7.65331405e+16
2.2856023, 0, 0, 1.5e+15, 0, 1.82681483e-21, 3.718e+18, 6.44e+20, 4.84765378, 4, 111.167754, 117.14463, 1.28078819, 86086.9634, 0, 2.13246777e+09, 1.0121563e+15, 15.8109035, -109.363725, -113.308803, 1.5e+15, 4.50490989e+20, -84055.686, -18476.9184, 302.155838, 117.14463, 117.196028, 1.28078819, 1.28078819, 1.5e+15, 15.807227, 0.00367738225, 0.0968487909, 568.932996, -0.00360182615, -15.4187448, -468.241319, -0.000737234355, -3.46919535, -323.1572, 0, 1.21226361e-08, 1.21226361e-08, 1232102.16, 2799563.38, 1426564.88, 0.27, 3.332, 140896.343, -15.4223467, -3.46993258, 0, 1.49999998e+15, 0, 0, 2e+18, 7.6264179e+16
2.3328125, 0, 0, 1.5e+15, 0, 1.82330581e-21, 3.718e+18, 6.44e+20, 4.84766015, 4, 111.262509, 117.16061, 1.28078819, 82738.0555, 0, 2.13863018e+09, 9.07715105e+14, 13.0820851, -109.458393, -113.400735, 1.5e+15, 4.52015377e+20, -79580.5552, -22602.6564, 302.149999, 117.16061, 117.196028, 1.28078819, 1.28078819, 1.5e+15, 13.0785392, 0.00355065008, 0.0960283009, 556.544918, -0.00343223904, -12.4565283, -458.380808, -0.000908139659, -3.96642019, -315.636624, 0, 1.21223035e-08, 1.21223035e-08, 950615.951, 2365331.36, 1273990.21, 0.27, 3.332, 140725.197, -12.4599605, -3.96732833, 0, 1.49999998e+15, 0, 0, 2e+18, 7.55401405e+16
2.35169603, 0, 0, 1.5e+15, 0, 1.82213502e-21, 3.718e+18, 6.44e+20, 4.84766228, 4, 111.309488, 117.167678, 1.28078819, 81573.2203, 0, 2.14174708e+09, 8.55883713e+14, 12.2180658, -109.50533, -113.446188, 1.5e+15, 4.52691507e+20, -77928.2519, -24060.5255, 302.148044, 117.167678, 117.19602, 1.28078819, 1.28078819, 1.5e+15, 12.2145592, 0.00351253543, 0.0957151926, 551.882118, -0.00337747638, -11.5414986, -455.140534, -0.000962634646, -3.99493368, -312.104786, 0, 1.21221921e-08, 1.21221921e-08, 863465.598, 2222968.67, 1219516.95, 0.27, 3.332, 139986.114, -11.5448761, -3.99589632, 0, 1.49999998e+15, 0, 0, 2e+18, 7.523829e+16
2.3989063, 0, 0, 1.5e+15, 0, 1.81911423e-21, 3.718e+18, 6.44e+20, 4.84766778, 4, 111.429746, 117.176245, 1.28078819, 78859.5253, 0, 2.1596149e+09, 7.97547291e+14, 10.3974062, -109.625361, -113.56462, 1.5e+15, 4.56794836e+20, -73830.3119, -27668.6861, 302.143005, 117.176245, 117.195997, 1.28078819, 1.28078819, 1.5e+15, 10.3940073, 0.00342775869, 0.0949404086, 540.317918, -0.00323956052, -9.30150987, -446.874443, -0.00111880962, -4.60143418, -303.71508, 0, 1.2121905e-08, 1.2121905e-08, 671333.676, 1964580.47, 1145212.34, 0.27, 3.332, 148034.449, -9.30474943, -4.60255299, 0, 1.49999998e+15, 0, 0, 2e+18, 7.44257136e+16
2.4177898, 0, 0, 1.5e+15, 0, 1.81810481e-21, 3.718e+18, 6.44e+20, 4.84766963, 4, 111.485697, 117.180282, 1.28078819, 77853.657, 0, 2.17716462e+09, 7.63285376e+14, 9.9060088, -109.681099, -113.619433, 1.5e+15, 4.60309517e+20, -72233.3429, -29016.3308, 302.141316, 117.180282, 117.195997, 1.28078819, 1.28078819, 1.5e+15, 9.90263976, 0.00341964663, 0.0945616139, 535.702632, -0.00320936159, -8.61447493, -444.225259, -0.00117947165, -4.8648523, -299.353335, 0, 1.21218088e-08, 1.21218088e-08, 617465.648, 1880036.05, 1112933.9, 0.27, 3.332, 149636.494, -8.61768429, -4.86603177, 0, 1.49999998e+15, 0, 0, 2e+18, 7.40677624e+16
2.465, 0, 0, 1.5e+15, 0, 1.81550094e-21, 3.718e+18, 6.44e+20, 4.84767438, 4, 111.62816, 117.184897, 1.28078819, 75592.3039, 0, 2.23230825e+09, 7.86619328e+14, 10.0816091, -109.822902, -113.76269, 1.5e+15, 4.725809e+20, -68299.0641, -32346.3799, 302.136963, 117.184897, 117.195997, 1.28078819, 1.28078819, 1.5e+15, 10.0784092, 0.00341599865, 0.0936227814, 524.66245, -0.00313476066, -7.18381025, -437.32261, -0.00135574064, -7.01229703, -289.847989, 0, 1.21215608e-08, 1.21215608e-08, 558007.192, 1888848.76, 1170780.1, 0.27, 3.332, 160061.472, -7.18694501, -7.01365277, 0, 1.49999998e+15, 0, 0, 2e+18, 7.3110345e+16
2.49075838, 0, 0, 1.5e+15, 0, 1.81437841e-21, 3.718e+18, 6.44e+20, 4.84767643, 4, 111.716534, 117.18775, 1.28078819, 74562.6953, 0, 2.25944233e+09, 8.43903639e+14, 10.4223112, -109.910958, -113.852899, 1.5e+15, 4.78008411e+20, -66538.907, -33627.7207, 302.135081, 117.18775, 117.19598, 1.28078819, 1.28078819, 1.5e+15, 10.4191559, 0.00340828254, 0.0932354104, 520.6871, -0.00310093277, -7.14083145, -435.166693, -0.00141379229, -7.58716064, -285.842686, 0, 1.21214536e-08, 1.21214536e-08, 558764.596, 1962666.46, 1234760.85, 0.27, 3.332, 169141.022, -7.14393238, -7.58857444, 0, 1.49999998e+15, 0, 0, 2e+18, 7.26258411e+16
2.5551563, 0, 0, 1.5e+15, 0, 1.81148356e-21, 3.718e+18, 6.44e+20, 4.84768172, 4, 111.940598, 117.190791, 1.28078819, 72335.2335, 0, 2.34214393e+09, 1.13471102e+15, 14.0145615, -110.134076, -114.084683, 1.5e+15, 4.96404203e+20, -62249.2679, -36788.634, 302.130231, 117.190791, 117.195933, 1.28078819, 1.28078819, 1.5e+15, 14.011541, 0.00340911644, 0.0922732736, 511.288113, -0.00301723565, -7.7447839, -428.831163, -0.00158514221, -11.6226989, -278.387171, 0, 1.21211773e-08, 1.21211773e-08, 690330.363, 2615023.82, 1721860.03, 0.27, 3.332, 202833.424, -7.74780113, -11.6242841, 0, 1.49999998e+15, 0, 0, 2e+18, 7.1348115e+16
2.58091465, 0, 0, 1.5e+15, 0, 1.81055699e-21, 3.718e+18, 6.44e+20, 4.84768342, 4, 112.040031, 117.192155, 1.28078819, 71472.592, 0, 2.37853136e+09, 1.24904659e+15, 14.8972927, -110.233105, -114.186619, 1.5e+15, 5.03650077e+20, -60605.6627, -37878.4112, 302.128674, 117.192155, 117.195896, 1.28078819, 1.28078819, 1.5e+15, 14.8943321, 0.00342137702, 0.0918147669, 507.675518, -0.00299703401, -7.71248806, -426.919211, -0.00165001927, -12.7404752, -274.612651, 0, 1.21210886e-08, 1.21210886e-08, 719225.568, 2770733.51, 1840396.4, 0.27, 3.332, 211111.542, -7.71548509, -12.7421252, 0, 1.49999998e+15, 0, 0, 2e+18, 7.08406314e+16
2.6453125, 0, 0, 1.5e+15, 0, 1.80816549e-21, 3.718e+18, 6.44e+20, 4.8476878, 4, 112.291378, 117.193502, 1.28078819, 69706.7489, 0, 2.48560841e+09, 1.73027593e+15, 21.826368, -110.483298, -114.44646, 1.5e+15, 5.2743121e+20, -56646.4371, -40563.9968, 302.12466, 117.193502, 117.195798, 1.28078819, 1.28078819, 1.5e+15, 21.8234577, 0.00347915754, 0.0906730753, 499.631758, -0.00294860556, -8.84406484, -420.587129, -0.00184465226, -19.9291041, -269.600147, 0, 1.21208599e-08, 1.21208599e-08, 1028917.8, 3915665.52, 2640530.84, 0.27, 3.332, 246216.882, -8.84701345, -19.9309487, 0, 1.49999998e+15, 0, 0, 2e+18, 6.95359976e+16
2.67107088, 0, 0, 1.5e+15, 0, 1.80738824e-21, 3.718e+18, 6.44e+20, 4.84768923, 4, 112.399409, 117.194163, 1.28078819, 68996.586, 0, 2.52875512e+09, 1.9610563e+15, 23.6679192, -110.590878, -114.557753, 1.5e+15, 5.3598454e+20, -55192.3286, -41404.2489, 302.123352, 117.194163, 117.195744, 1.28078819, 1.28078819, 1.5e+15, 23.6650326, 0.00350274789, 0.0902212432, 496.766473, -0.00293687156, -9.0819921, -418.772594, -0.00190890018, -21.8514503, -267.059898, 0, 1.21207854e-08, 1.21207854e-08, 1112580.23, 4224144.43, 2856109.75, 0.27, 3.332, 255454.455, -9.08492897, -21.8533592, 0, 1.49999998e+15, 0, 0, 2e+18, 6.90414072e+16
2.7354688, 0, 0, 1.5e+15, 0, 1.80538074e-21, 3.718e+18, 6.44e+20, 4.84769291, 4, 112.671915, 117.19477, 1.28078819, 67615.8857, 0, 2.65289814e+09, 2.70809839e+15, 34.4964038, -110.86213, -114.838672, 1.5e+15, 5.63558663e+20, -51739.3432, -43470.0209, 302.119977, 117.19477, 117.195603, 1.28078819, 1.28078819, 1.5e+15, 34.4934479, 0.0035921594, 0.0890931105, 491.042875, -0.00290990434, -11.3342038, -412.138659, -0.00210393461, -32.5733735, -266.716441, 0, 1.21205931e-08, 1.21205931e-08, 1645629.77, 5977781.05, 4031300.23, 0.27, 3.332, 300851.048, -11.3371137, -32.5754774, 0, 1.49999998e+15, 0, 0, 2e+18, 6.78117585e+16
2.76122715, 0, 0, 1.5e+15, 0, 1.80472298e-21, 3.718e+18, 6.44e+20, 4.84769412, 4, 112.786507, 117.195099, 1.28078819, 67011.3049, 0, 2.70083276e+09, 3.08040313e+15, 37.455086, -110.976254, -114.95662, 1.5e+15, 5.73016725e+20, -50452.0824, -44102.3181, 302.118869, 117.195099, 117.195538, 1.28078819, 1.28078819, 1.5e+15, 37.4521118, 0.0036227155, 0.0886453486, 488.833211, -0.00290305594, -11.8999891, -410.231685, -0.00216708783, -35.5096587, -265.600015, 0, 1.212053e-08, 1.212053e-08, 1793021.65, 6463762.38, 4356524.28, 0.27, 3.332, 314216.451, -11.9028921, -35.5118257, 0, 1.49999998e+15, 0, 0, 2e+18, 6.73509894e+16
2.825625, 0, 0, 1.5e+15, 0, 1.80302301e-21, 3.718e+18, 6.44e+20, 4.84769724, 4, 113.075126, 117.195188, 1.28078819, 65884.3856, 0, 2.83650627e+09, 4.10644506e+15, 52.0740728, -111.263591, -115.25273, 1.5e+15, 6.03176286e+20, -47444.8446, -45652.4769, 302.116007, 117.195382, 117.19537, 1.28078819, 1.28078819, 1.5e+15, 52.0709669, 0.00373162539, 0.0875240325, 485.299365, -0.00288834514, -15.258112, -403.036733, -0.00236027581, -49.7849143, -269.862927, 0, 1.21203669e-08, 1.21203669e-08, 2547923.56, 8779523.71, 5861388.98, 0.27, 3.332, 370211.188, -15.2610004, -49.7872745, 0, 1.49999998e+15, 0, 0, 2e+18, 6.62434499e+16
2.85138338, 0, 0, 1.5e+15, 0, 1.80245929e-21, 3.718e+18, 6.44e+20, 4.84769828, 4, 113.194564, 117.195304, 1.28078819, 65348.5074, 0, 2.88832917e+09, 4.6274479e+15, 56.1607062, -111.382556, -115.37528, 1.5e+15, 6.13355069e+20, -46304.5655, -46107.3655, 302.115056, 117.195548, 117.195304, 1.28078819, 1.28078819, 1.5e+15, 56.1575566, 0.00376660056, 0.0870780571, 483.653883, -0.0028848746, -16.2135617, -400.96005, -0.00242158511, -53.7651933, -270.119909, 0, 1.21203128e-08, 1.21203128e-08, 2759859.5, 9449303.61, 6299686.49, 0.27, 3.332, 389757.634, -16.2164466, -53.7676149, 0, 1.49999998e+15, 0, 0, 2e+18, 6.58264854e+16
2.9157813, 0, 0, 1.5e+15, 0, 1.8010021e-21, 3.718e+18, 6.44e+20, 4.84770097, 4, 113.49504, 117.195135, 1.28078819, 64372.8137, 0, 3.0327571e+09, 5.91864819e+15, 73.8925693, -111.681756, -115.682168, 1.5e+15, 6.45488458e+20, -43688.5472, -47217.8591, 302.112599, 117.195684, 117.195135, 1.28078819, 1.28078819, 1.5e+15, 73.8892597, 0.00388744108, 0.0859582075, 482.089694, -0.00287863684, -20.6234259, -393.243571, -0.00260998999, -70.9527787, -278.116418, 0, 1.21201728e-08, 1.21201728e-08, 3700149.76, 12211603.9, 8059255.82, 0.27, 3.332, 452198.316, -20.6263045, -70.9553886, 0, 1.49999998e+15, 0, 0, 2e+18, 6.48570585e+16
2.94153965, 0, 0, 1.5e+15, 0, 1.80051403e-21, 3.718e+18, 6.44e+20, 4.84770187, 4, 113.617841, 117.195078, 1.28078819, 63876.8563, 0, 3.0874862e+09, 6.55887486e+15, 78.9354444, -111.80409, -115.807645, 1.5e+15, 6.56192845e+20, -42675.9829, -47520.1402, 302.111775, 117.195772, 117.195078, 1.28078819, 1.28078819, 1.5e+15, 78.9320851, 0.00392448339, 0.0855124919, 480.87176, -0.00287710123, -21.8504188, -390.908819, -0.00266870272, -75.8465403, -279.563257, 0, 1.21201259e-08, 1.21201259e-08, 3964781.45, 13025104.5, 8586014.1, 0.27, 3.332, 474308.978, -21.8532959, -75.849209, 0, 1.49999998e+15, 0, 0, 2e+18, 6.44852972e+16
3.0059375, 0, 0, 1.5e+15, 0, 1.7992513e-21, 3.718e+18, 6.44e+20, 4.84770419, 4, 113.926501, 117.194933, 1.28078819, 62973.6202, 0, 3.237831e+09, 8.04514026e+15, 98.6351584, -112.111509, -116.121628, 1.5e+15, 6.89674165e+20, -40396.2026, -48252.638, 302.109644, 117.195839, 117.194933, 1.28078819, 1.28078819, 1.5e+15, 98.6316353, 0.00405018149, 0.084391009, 480.858264, -0.00287563966, -26.8514261, -382.688785, -0.00284942203, -94.906093, -290.099749, 0, 1.21200045e-08, 1.21200045e-08, 5017294.16, 16027931.2, 10478256, 0.27, 3.332, 532381, -26.8543017, -94.9089422, 0, 1.49999997e+15, 0, 0, 2e+18, 6.36467725e+16
3.03169588, 0, 0, 1.5e+15, 0, 1.79882205e-21, 3.718e+18, 6.44e+20, 4.84770498, 4, 114.051394, 117.194891, 1.28078819, 62498.6097, 0, 3.29482052e+09, 8.78031614e+15, 104.421093, -112.235946, -116.248799, 1.5e+15, 7.0077904e+20, -39496.4268, -48423.7154, 302.108919, 117.195886, 117.194891, 1.28078819, 1.28078819, 1.5e+15, 104.417519, 0.004087678, 0.0839448703, 480.020195, -0.00287540505, -28.318291, -380.130278, -0.00290476825, -100.503474, -292.485596, 0, 1.21199632e-08, 1.21199632e-08, 5320458.74, 16948021.4, 11072404.9, 0.27, 3.332, 555157.774, -28.3211665, -100.506378, 0, 1.49999997e+15, 0, 0, 2e+18, 6.33188495e+16
3.0960938, 0, 0, 1.5e+15, 0, 1.79771107e-21, 3.718e+18, 6.44e+20, 4.84770703, 4, 114.365089, 117.194788, 1.28078819, 61616.6532, 0, 3.44909238e+09, 1.04011089e+16, 124.978801, -112.548446, -116.566908, 1.5e+15, 7.35163372e+20, -37508.9085, -48831.0041, 302.107042, 117.195921, 117.194788, 1.28078819, 1.28078819, 1.5e+15, 124.975065, 0.00421307716, 0.0828208694, 481.215869, -0.00287713152, -33.6880671, -371.652854, -0.00307490571, -120.348611, -304.366033, 0, 1.21198563e-08, 1.21198563e-08, 6411469.93, 20023271, 13007566.5, 0.27, 3.332, 604234.622, -33.6909442, -120.351685, 0, 1.49999997e+15, 0, 0, 2e+18, 6.26003749e+16
3.12185215, 0, 0, 1.5e+15, 0, 1.79732981e-21, 3.718e+18, 6.44e+20, 4.84770774, 4, 114.490979, 117.194767, 1.28078819, 61148.7095, 0, 3.507684e+09, 1.11990041e+16, 131.216383, -112.673896, -116.694723, 1.5e+15, 7.46544293e+20, -36708.9909, -48887.9508, 302.106397, 117.195947, 117.194767, 1.28078819, 1.28078819, 1.5e+15, 131.212598, 0.00424955087, 0.0823739259, 480.68402, -0.002877628, -35.3192203, -368.921052, -0.00312611716, -126.369115, -307.373303, 0, 1.21198195e-08, 1.21198195e-08, 6733203.98, 21000940.8, 13642134.5, 0.27, 3.332, 625602.397, -35.3220979, -126.372241, 0, 1.49999997e+15, 0, 0, 2e+18, 6.23119672e+16
3.18625, 0, 0, 1.5e+15, 0, 1.79634197e-21, 3.718e+18, 6.44e+20, 4.84770956, 4, 114.806993, 117.194716, 1.28078819, 60251.8673, 0, 3.66399037e+09, 1.28879788e+16, 151.54544, -112.988772, -117.014398, 1.5e+15, 7.81407579e+20, -34974.6514, -49012.3229, 302.104727, 117.195966, 117.194716, 1.28078819, 1.28078819, 1.5e+15, 151.541504, 0.00436991288, 0.0812473364, 482.593587, -0.00288105641, -40.7848166, -360.402221, -0.00328286878, -145.949536, -319.452494, 0, 1.21197244e-08, 1.21197244e-08, 7787599.11, 23992525.7, 15542106.1, 0.27, 3.332, 662820.548, -40.7876976, -145.952819, 0, 1.49999997e+15, 0, 0, 2e+18, 6.16965998e+16
3.21200838, 0, 0, 1.5e+15, 0, 1.79599781e-21, 3.718e+18, 6.44e+20, 4.84771019, 4, 114.932916, 117.194716, 1.28078819, 59781.5738, 0, 3.72364556e+09, 1.37198705e+16, 157.93014, -113.114273, -117.14195, 1.5e+15, 7.92964829e+20, -34264.254, -48969.0467, 302.104145, 117.19598, 117.194716, 1.28078819, 1.28078819, 1.5e+15, 157.926159, 0.00440423177, 0.0807994655, 482.277919, -0.00288208915, -42.5264742, -357.568187, -0.00332918248, -152.092277, -322.748082, 0, 1.21196912e-08, 1.21196912e-08, 8107214.24, 24982783.2, 16193905.9, 0.27, 3.332, 681663.106, -42.5293563, -152.095606, 0, 1.49999997e+15, 0, 0, 2e+18, 6.14443686e+16
3.2764063, 0, 0, 1.5e+15, 0, 1.7951059e-21, 3.718e+18, 6.44e+20, 4.84771184, 4, 115.248859, 117.194717, 1.28078819, 58846.4716, 0, 3.88046973e+09, 1.54217055e+16, 177.130706, -113.429139, -117.46094, 1.5e+15, 8.27962698e+20, -32751.2632, -48844.9848, 302.102636, 117.19599, 117.194717, 1.28078819, 1.28078819, 1.5e+15, 177.126586, 0.00451586257, 0.079670803, 484.36013, -0.00288674325, -47.9180414, -349.213047, -0.00346991181, -170.521189, -334.062241, 0, 1.21196053e-08, 1.21196053e-08, 9062622.19, 27776537.4, 18007034.6, 0.27, 3.332, 706880.67, -47.9209282, -170.524659, 0, 1.49999997e+15, 0, 0, 2e+18, 6.09197301e+16
3.30216465, 0, 0, 1.5e+15, 0, 1.79479278e-21, 3.718e+18, 6.44e+20, 4.84771242, 4, 115.37397, 117.194734, 1.28078819, 58366.8896, 0, 3.94047295e+09, 1.62600427e+16, 183.366195, -113.55385, -117.587431, 1.5e+15, 8.39563314e+20, -32120.1532, -48713.4113, 302.102106, 117.195999, 117.194734, 1.28078819, 1.28078819, 1.5e+15, 183.362034, 0.00454679814, 0.0792220729, 484.137518, -0.00288789664, -49.6964468, -346.332965, -0.00351055549, -176.498804, -337.337213, 0, 1.21195751e-08, 1.21195751e-08, 9360110.52, 28736908, 18654510, 0.27, 3.332, 722287.485, -49.6993348, -176.502315, 0, 1.49999997e+15, 0, 0, 2e+18, 6.06989906e+16
3.3665625, 0, 0, 1.5e+15, 0, 1.79398053e-21, 3.718e+18, 6.44e+20, 4.84771392, 4, 115.687752, 117.194782, 1.28078819, 57377.7662, 0, 4.09598315e+09, 1.79277783e+16, 200.735187, -113.866622, -117.903758, 1.5e+15, 8.74283527e+20, -30797.802, -48370.5909, 302.100731, 117.196005, 117.194782, 1.28078819, 1.28078819, 1.5e+15, 200.730903, 0.00464592986, 0.0780922016, 485.840001, -0.00289266979, -54.8384144, -338.262153, -0.00363276762, -193.094245, -347.155477, 0, 1.21194968e-08, 1.21194968e-08, 10168214.3, 31249809.5, 20345501, 0.27, 3.332, 736094.186, -54.8413071, -193.097878, 0, 1.49999997e+15, 0, 0, 2e+18, 6.02501295e+16
3.39232088, 0, 0, 1.5e+15, 0, 1.79369117e-21, 3.718e+18, 6.44e+20, 4.84771446, 4, 115.811304, 117.194814, 1.28078819, 56884.5293, 0, 4.15555022e+09, 1.8751984e+16, 206.577276, -113.989797, -118.028481, 1.5e+15, 8.85781059e+20, -30237.3058, -48160.8449, 302.100241, 117.19601, 117.194814, 1.28078819, 1.28078819, 1.5e+15, 206.572957, 0.00467236724, 0.0776428464, 485.585879, -0.00289366115, -56.6068712, -335.395416, -0.00366691462, -198.665605, -350.149831, 0, 1.21194688e-08, 1.21194688e-08, 10427800, 32149000.8, 20973323.6, 0.27, 3.332, 747877.305, -56.6097648, -198.669272, 0, 1.49999997e+15, 0, 0, 2e+18, 6.00576861e+16
3.4567188, 0, 0, 1.5e+15, 0, 1.79294071e-21, 3.718e+18, 6.44e+20, 4.84771584, 4, 116.121067, 117.194897, 1.28078819, 55832.6518, 0, 4.30778991e+09, 2.03528456e+16, 221.651381, -114.298621, -118.34038, 1.5e+15, 9.19782448e+20, -29080.1286, -47624.294, 302.09897, 117.196014, 117.194897, 1.28078819, 1.28078819, 1.5e+15, 221.646958, 0.00475568496, 0.0765128769, 486.455866, -0.00289782695, -61.4140699, -327.715373, -0.00376810992, -212.968074, -357.971802, 0, 1.21193964e-08, 1.21193964e-08, 11058978.2, 34336768.8, 22525788.5, 0.27, 3.332, 752002.14, -61.4169677, -212.971843, 0, 1.49999997e+15, 0, 0, 2e+18, 5.9674637e+16
3.48247715, 0, 0, 1.5e+15, 0, 1.79267216e-21, 3.718e+18, 6.44e+20, 4.84771634, 4, 116.242398, 117.194937, 1.28078819, 55322.9208, 0, 4.36600571e+09, 2.11473808e+16, 226.902974, -114.419602, -118.462709, 1.5e+15, 9.31005365e+20, -28582.1851, -47345.0582, 302.098514, 117.196017, 117.194937, 1.28078819, 1.28078819, 1.5e+15, 226.898522, 0.00477647584, 0.0760631725, 486.041553, -0.00289825437, -63.130505, -324.908522, -0.00379491871, -217.939161, -360.475501, 0, 1.21193705e-08, 1.21193705e-08, 11268854.1, 35152034.8, 23122926.5, 0.27, 3.332, 760254.247, -63.1334032, -217.942957, 0, 1.49999997e+15, 0, 0, 2e+18, 5.95066372e+16
3.546875, 0, 0, 1.5e+15, 0, 1.79197526e-21, 3.718e+18, 6.44e+20, 4.84771762, 4, 116.546507, 117.195042, 1.28078819, 54203.788, 0, 4.5127663e+09, 2.26594618e+16, 239.396173, -114.722847, -118.768618, 1.5e+15, 9.6379264e+20, -27567.3558, -46636.2629, 302.097333, 117.196019, 117.195042, 1.28078819, 1.28078819, 1.5e+15, 239.39164, 0.00484071675, 0.074934173, 485.714256, -0.00290074551, -67.5410753, -317.675789, -0.00387268313, -229.665545, -365.983269, 0, 1.21193032e-08, 1.21193032e-08, 11707886.3, 36995842.1, 24531415.5, 0.27, 3.332, 756540.189, -67.5439761, -229.669418, 0, 1.49999996e+15, 0, 0, 2e+18, 5.91785073e+16
3.57263338, 0, 0, 1.5e+15, 0, 1.79172271e-21, 3.718e+18, 6.44e+20, 4.84771809, 4, 116.665024, 117.195087, 1.28078819, 53676.1752, 0, 4.56866893e+09, 2.34130053e+16, 243.914536, -114.841043, -118.887987, 1.5e+15, 9.74559694e+20, -27125.26, -46294.8793, 302.096905, 117.196021, 117.195087, 1.28078819, 1.28078819, 1.5e+15, 243.909982, 0.00485487542, 0.0744844107, 485.025475, -0.00290034247, -69.1771842, -314.967328, -0.00389133999, -233.894368, -367.84066, 0, 1.21192788e-08, 1.21192788e-08, 11860825.4, 37713055, 25090604, 0.27, 3.332, 761625.601, -69.1800846, -233.89826, 0, 1.49999996e+15, 0, 0, 2e+18, 5.903238e+16
3.6370313, 0, 0, 1.5e+15, 0, 1.79106784e-21, 3.718e+18, 6.44e+20, 4.84771931, 4, 116.962006, 117.195203, 1.28078819, 52488.9218, 0, 4.70767386e+09, 2.48220294e+16, 253.697327, -115.137243, -119.186493, 1.5e+15, 1.0056219e+21, -26234.3591, -45432.0218, 302.095795, 117.196022, 117.195203, 1.28078819, 1.28078819, 1.5e+15, 253.692716, 0.0048973454, 0.0733573488, 483.25556, -0.00290048129, -73.1719457, -308.2213, -0.00394346184, -242.910611, -370.870736, 0, 1.21192156e-08, 1.21192156e-08, 12105622.7, 39214623.3, 26356954.3, 0.27, 3.332, 752046.239, -73.1748462, -242.914555, 0, 1.49999996e+15, 0, 0, 2e+18, 5.87520704e+16
3.66278965, 0, 0, 1.5e+15, 0, 1.79083028e-21, 3.718e+18, 6.44e+20, 4.84771975, 4, 117.077182, 117.195248, 1.28078819, 51942.9025, 0, 4.76014635e+09, 2.55277611e+16, 257.389029, -115.252129, -119.302399, 1.5e+15, 1.01572176e+21, -25841.53, -45035.1286, 302.095392, 117.196024, 117.195248, 1.28078819, 1.28078819, 1.5e+15, 257.384405, 0.00490387678, 0.072907813, 482.197286, -0.00289880119, -74.7039289, -305.634545, -0.00395322196, -246.304566, -371.978746, 0, 1.21191926e-08, 1.21191926e-08, 12198445.9, 39827160.5, 26874341.5, 0.27, 3.332, 754373.102, -74.7068277, -246.30852, 0, 1.49999996e+15, 0, 0, 2e+18, 5.86246513e+16
3.7271875, 0, 0, 1.5e+15, 0, 1.79021421e-21, 3.718e+18, 6.44e+20, 4.84772089, 4, 117.365732, 117.195364, 1.28078819, 50688.8658, 0, 4.88877865e+09, 2.68276196e+16, 264.447988, -115.539983, -119.592245, 1.5e+15, 1.04447446e+21, -25057.3099, -44034.6681, 302.094347, 117.196024, 117.195364, 1.28078819, 1.28078819, 1.5e+15, 264.443333, 0.00492199152, 0.0717835182, 478.837854, -0.00289541347, -78.2715747, -299.374656, -0.00397778342, -252.59366, -372.49157, 0, 1.2119133e-08, 1.2119133e-08, 12256543.5, 41002637.2, 28005573, 0.27, 3.332, 740520.674, -78.2744701, -252.597638, 0, 1.49999996e+15, 0, 0, 2e+18, 5.83840026e+16
3.75294588, 0, 0, 1.5e+15, 0, 1.78998836e-21, 3.718e+18, 6.44e+20, 4.84772131, 4, 117.477093, 117.195406, 1.28078819, 50124.7064, 0, 4.93658219e+09, 2.74814043e+16, 267.264848, -115.65109, -119.704233, 1.5e+15, 1.05367156e+21, -24708.2759, -43587.8481, 302.093963, 117.196025, 117.195406, 1.28078819, 1.28078819, 1.5e+15, 267.260189, 0.00492003776, 0.0713344781, 477.344861, -0.00289208111, -79.6873375, -296.928719, -0.00397795246, -255.103152, -372.791056, 0, 1.21191112e-08, 1.21191112e-08, 12289735.7, 41509783.7, 28479451.5, 0.27, 3.332, 740596.433, -79.6902296, -255.10713, 0, 1.49999996e+15, 0, 0, 2e+18, 5.82731287e+16
3.8173438, 0, 0, 1.5e+15, 0, 1.7894033e-21, 3.718e+18, 6.44e+20, 4.84772239, 4, 117.756034, 117.195513, 1.28078819, 48806.8398, 0, 5.0519319e+09, 2.86699049e+16, 271.674847, -115.929428, -119.984278, 1.5e+15, 1.07946496e+21, -24016.8606, -42463.5859, 302.09297, 117.196026, 117.195513, 1.28078819, 1.28078819, 1.5e+15, 271.670184, 0.00491164835, 0.0702136485, 472.347236, -0.00288419288, -82.8434462, -291.155048, -0.00397323797, -258.730356, -370.830801, 0, 1.21190546e-08, 1.21190546e-08, 12176031.5, 42384633, 29484643.6, 0.27, 3.332, 723957.816, -82.8463304, -258.73433, 0, 1.49999996e+15, 0, 0, 2e+18, 5.80667334e+16
3.84310215, 0, 0, 1.5e+15, 0, 1.78918939e-21, 3.718e+18, 6.44e+20, 4.84772278, 4, 117.863154, 117.19555, 1.28078819, 48225.2212, 0, 5.09365693e+09, 2.92709048e+16, 273.602204, -116.036333, -120.091938, 1.5e+15, 1.08749082e+21, -23706.4347, -41971.7354, 302.092607, 117.196026, 117.19555, 1.28078819, 1.28078819, 1.5e+15, 273.597547, 0.00490037344, 0.0697653295, 470.377815, -0.00287867337, -84.135838, -288.858856, -0.0039632116, -260.338465, -370.296251, 0, 1.21190339e-08, 1.21190339e-08, 12152718.5, 42790596.4, 29915634.3, 0.27, 3.332, 722243.56, -84.1387167, -260.342428, 0, 1.49999996e+15, 0, 0, 2e+18, 5.79700621e+16
3.9075, 0, 0, 1.5e+15, 0, 1.78863532e-21, 3.718e+18, 6.44e+20, 4.84772381, 4, 118.131431, 117.195644, 1.28078819, 46847.2908, 0, 5.19242267e+09, 3.03511145e+16, 275.490494, -116.304108, -120.361161, 1.5e+15, 1.10958909e+21, -23095.184, -40735.7537, 302.091666, 117.196027, 117.195644, 1.28078819, 1.28078819, 1.5e+15, 275.485864, 0.00486347406, 0.0686484892, 463.753365, -0.00286488905, -86.8988881, -283.549232, -0.00392780062, -261.420774, -365.960247, 0, 1.21189803e-08, 1.21189803e-08, 11886330.9, 43396454.8, 30806209.7, 0.27, 3.332, 703914.299, -86.901753, -261.424702, 0, 1.49999996e+15, 0, 0, 2e+18, 5.77923604e+16
3.93325838, 0, 0, 1.5e+15, 0, 1.7884311e-21, 3.718e+18, 6.44e+20, 4.84772419, 4, 118.233922, 117.195675, 1.28078819, 46249.5626, 0, 5.22658926e+09, 3.08990284e+16, 276.541433, -116.406428, -120.464119, 1.5e+15, 1.11616168e+21, -22819.2958, -40203.0502, 302.091319, 117.196027, 117.195675, 1.28078819, 1.28078819, 1.5e+15, 276.536819, 0.00484228889, 0.0682010681, 461.294031, -0.00285677313, -88.0671083, -281.410799, -0.00390712394, -262.136617, -364.593357, 0, 1.21189606e-08, 1.21189606e-08, 11811758.7, 43707916.6, 31195276.8, 0.27, 3.332, 700881.035, -88.069965, -262.140524, 0, 1.49999996e+15, 0, 0, 2e+18, 5.77082888e+16
3.9976563, 0, 0, 1.5e+15, 0, 1.78790294e-21, 3.718e+18, 6.44e+20, 4.84772517, 4, 118.490575, 117.195754, 1.28078819, 44816.5907, 0, 5.30532457e+09, 3.18741033e+16, 276.073833, -116.662691, -120.721583, 1.5e+15, 1.13379573e+21, -22278.5889, -38865.6805, 302.090422, 117.196027, 117.195754, 1.28078819, 1.28078819, 1.5e+15, 276.069276, 0.00477558688, 0.0670885703, 453.116865, -0.00283604491, -90.4690943, -276.55287, -0.00384005461, -260.824461, -358.014765, 0, 1.21189094e-08, 1.21189094e-08, 11414821, 44077960.3, 31981285.3, 0.27, 3.332, 681854.108, -90.4719303, -260.828301, 0, 1.49999996e+15, 0, 0, 2e+18, 5.75555787e+16
4.02341465, 0, 0, 1.5e+15, 0, 1.78770946e-21, 3.718e+18, 6.44e+20, 4.84772553, 4, 118.588089, 117.195778, 1.28078819, 44204.4127, 0, 5.3302894e+09, 3.23710393e+16, 276.282161, -116.760081, -120.8195, 1.5e+15, 1.13860253e+21, -22033.208, -38295.9571, 302.090093, 117.196028, 117.195778, 1.28078819, 1.28078819, 1.5e+15, 276.277632, 0.00474400007, 0.0666421694, 450.173412, -0.00282474353, -91.5144501, -274.571305, -0.00380847731, -260.676989, -355.83796, 0, 1.21188907e-08, 1.21188907e-08, 11295614.3, 44304431.6, 32330953.9, 0.27, 3.332, 677863.416, -91.5172748, -260.680798, 0, 1.49999996e+15, 0, 0, 2e+18, 5.74823285e+16
4.0878125, 0, 0, 1.5e+15, 0, 1.78720914e-21, 3.718e+18, 6.44e+20, 4.84772646, 4, 118.83225, 117.19584, 1.28078819, 42722.0037, 0, 5.3851785e+09, 3.32478005e+16, 273.645805, -117.003974, -121.064358, 1.5e+15, 1.1509208e+21, -21553.8254, -36866.6792, 302.089243, 117.196028, 117.19584, 1.28078819, 1.28078819, 1.5e+15, 273.641363, 0.00464654985, 0.0655341976, 440.549858, -0.00279554952, -93.5824096, -270.133786, -0.00370938615, -257.141547, -347.172444, 0, 1.21188423e-08, 1.21188423e-08, 10791425.6, 44473875.4, 33023696, 0.27, 3.332, 658753.772, -93.5852052, -257.145256, 0, 1.49999996e+15, 0, 0, 2e+18, 5.73506424e+16
4.11357088, 0, 0, 1.5e+15, 0, 1.78702478e-21, 3.718e+18, 6.44e+20, 4.8477268, 4, 118.924468, 117.195858, 1.28078819, 42097.5543, 0, 5.39916927e+09, 3.36953644e+16, 273.060411, -117.096124, -121.156925, 1.5e+15, 1.15362597e+21, -21335.8495, -36263.1645, 302.088929, 117.196028, 117.195858, 1.28078819, 1.28078819, 1.5e+15, 273.056007, 0.00460433658, 0.0650888902, 437.149909, -0.00278055893, -94.5100592, -268.310123, -0.00366686889, -256.172703, -344.221764, 0, 1.21188244e-08, 1.21188244e-08, 10635116.2, 44625257.5, 33335980, 0.27, 3.332, 654161.198, -94.5128398, -256.17637, 0, 1.49999996e+15, 0, 0, 2e+18, 5.72869419e+16
4.1779688, 0, 0, 1.5e+15, 0, 1.78654877e-21, 3.718e+18, 6.44e+20, 4.84772768, 4, 119.155347, 117.195905, 1.28078819, 40572.1679, 0, 5.4261054e+09, 3.44790666e+16, 268.454703, -117.326872, -121.388405, 1.5e+15, 1.15970979e+21, -20910.8803, -34749.9666, 302.08812, 117.196028, 117.195905, 1.28078819, 1.28078819, 1.5e+15, 268.450419, 0.00447592794, 0.0639854884, 426.222846, -0.0027416007, -96.278797, -264.275613, -0.00353598527, -250.591102, -333.632119, 0, 1.21187784e-08, 1.21187784e-08, 10047372.6, 44627217.6, 33944296.4, 0.27, 3.332, 635548.636, -96.2815389, -250.594639, 0, 1.49999996e+15, 0, 0, 2e+18, 5.7173488e+16
4.20372715, 0, 0, 1.5e+15, 0, 1.78637506e-21, 3.718e+18, 6.44e+20, 4.847728, 4, 119.241978, 117.195918, 1.28078819, 39937.8341, 0, 5.42720737e+09, 3.48806274e+16, 267.134107, -117.413497, -121.475338, 1.5e+15, 1.15995316e+21, -20717.2153, -34115.498, 302.087825, 117.196029, 117.195918, 1.28078819, 1.28078819, 1.5e+15, 267.129871, 0.00442300921, 0.063541296, 422.405726, -0.00272225799, -97.0944451, -262.604166, -0.00348275149, -248.850712, -329.951498, 0, 1.21187615e-08, 1.21187615e-08, 9861815.87, 44714753.6, 34222339.8, 0.27, 3.332, 630597.829, -97.0971675, -248.854195, 0, 1.49999996e+15, 0, 0, 2e+18, 5.71180452e+16
4.268125, 0, 0, 1.5e+15, 0, 1.78592656e-21, 3.718e+18, 6.44e+20, 4.84772883, 4, 119.458854, 117.195952, 1.28078819, 38376.2323, 0, 5.42181291e+09, 3.55791552e+16, 260.759309, -117.630397, -121.692731, 1.5e+15, 1.15882036e+21, -20339.9243, -32525.3722, 302.087062, 117.196029, 117.195952, 1.28078819, 1.28078819, 1.5e+15, 260.755225, 0.00426390013, 0.0624423726, 410.329069, -0.00267183655, -98.591186, -258.940946, -0.0033210401, -241.397961, -317.598145, 0, 1.21187181e-08, 1.21187181e-08, 9213335.82, 44582195.9, 34756089.9, 0.27, 3.332, 612770.164, -98.5938578, -241.401281, 0, 1.49999996e+15, 0, 0, 2e+18, 5.70200954e+16
4.29388338, 0, 0, 1.5e+15, 0, 1.78576234e-21, 3.718e+18, 6.44e+20, 4.84772914, 4, 119.539631, 117.195961, 1.28078819, 37735.1826, 0, 5.40808321e+09, 3.59367959e+16, 258.770236, -117.711239, -121.773769, 1.5e+15, 1.15624063e+21, -20168.3941, -31862.4051, 302.086783, 117.196029, 117.195961, 1.28078819, 1.28078819, 1.5e+15, 258.76621, 0.00420059258, 0.0619992684, 406.152097, -0.00264762815, -99.3030889, -257.420656, -0.00325765512, -238.940686, -313.23727, 0, 1.21187022e-08, 1.21187022e-08, 9006584.12, 44616289.6, 35001990.7, 0.27, 3.332, 607714.778, -99.3057365, -238.943943, 0, 1.49999996e+15, 0, 0, 2e+18, 5.6972013e+16
4.3582813, 0, 0, 1.5e+15, 0, 1.78533897e-21, 3.718e+18, 6.44e+20, 4.84772992, 4, 119.741836, 117.195984, 1.28078819, 36145.6817, 0, 5.36599751e+09, 3.65553218e+16, 250.831882, -117.913647, -121.97642, 1.5e+15, 1.14690727e+21, -19834.2214, -30201.4255, 302.086063, 117.196029, 117.195984, 1.28078819, 1.28078819, 1.5e+15, 250.828035, 0.00401214218, 0.0609046081, 393.109769, -0.00258444492, -100.562466, -254.115269, -0.00306703974, -229.786488, -299.277392, 0, 1.21186611e-08, 1.21186611e-08, 8319577.25, 44378707.1, 35468119.1, 0.27, 3.332, 591010.773, -100.56505, -229.789555, 0, 1.49999996e+15, 0, 0, 2e+18, 5.68876949e+16
4.38403965, 0, 0, 1.5e+15, 0, 1.78518611e-21, 3.718e+18, 6.44e+20, 4.84773021, 4, 119.816512, 117.19599, 1.28078819, 35501.5831, 0, 5.33544666e+09, 3.68725832e+16, 248.247279, -117.988471, -122.051322, 1.5e+15, 1.14114094e+21, -19682.5094, -29512.2579, 302.085802, 117.196029, 117.19599, 1.28078819, 1.28078819, 1.5e+15, 248.243501, 0.00393900355, 0.0604625156, 388.639354, -0.00255472668, -101.177558, -252.739025, -0.00299447127, -226.670119, -294.289098, 0, 1.21186463e-08, 1.21186463e-08, 8099497.5, 44370371.7, 35684881.5, 0.27, 3.332, 585992.768, -101.180112, -226.673114, 0, 1.49999996e+15, 0, 0, 2e+18, 5.6846028e+16
4.4484375, 0, 0, 1.5e+15, 0, 1.78479192e-21, 3.718e+18, 6.44e+20, 4.84773095, 4, 120.003437, 117.196004, 1.28078819, 33893.5954, 0, 5.25233467e+09, 3.74185127e+16, 238.951595, -118.175804, -122.238631, 1.5e+15, 1.12262118e+21, -19386.6182, -27786.1053, 302.085131, 117.196029, 117.196004, 1.28078819, 1.28078819, 1.5e+15, 238.948024, 0.00372331295, 0.0593717816, 374.825783, -0.00247715179, -102.222933, -249.76404, -0.00277799772, -215.978211, -278.873945, 0, 1.21186081e-08, 1.21186081e-08, 7394688.86, 44056513.7, 36091325.5, 0.27, 3.332, 570499.385, -102.22541, -215.980989, 0, 1.49999996e+15, 0, 0, 2e+18, 5.67734251e+16
4.47419588, 0, 0, 1.5e+15, 0, 1.78464953e-21, 3.718e+18, 6.44e+20, 4.84773121, 4, 120.071787, 117.196008, 1.28078819, 33251.2005, 0, 5.20291077e+09, 3.76974259e+16, 235.850776, -118.244399, -122.307174, 1.5e+15, 1.11330274e+21, -19253.1793, -27072.7103, 302.084889, 117.196029, 117.196008, 1.28078819, 1.28078819, 1.5e+15, 235.847283, 0.00364128121, 0.0589305836, 370.144365, -0.00244138838, -102.750102, -248.529761, -0.00269762719, -212.260699, -273.311853, 0, 1.21185942e-08, 1.21185942e-08, 7168923.76, 44015396.7, 36280786.3, 0.27, 3.332, 565686.587, -102.752544, -212.263397, 0, 1.49999996e+15, 0, 0, 2e+18, 5.67375002e+16
4.5385938, 0, 0, 1.5e+15, 0, 1.78428286e-21, 3.718e+18, 6.44e+20, 4.84773189, 4, 120.242866, 117.196017, 1.28078819, 31636.488, 0, 5.07443364e+09, 3.8175242e+16, 225.412425, -118.416127, -122.478582, 1.5e+15, 1.08459804e+21, -18992.482, -25286.272, 302.084265, 117.196029, 117.196017, 1.28078819, 1.28078819, 1.5e+15, 225.409161, 0.00340150822, 0.0578433438, 355.785092, -0.00234806935, -103.611973, -245.874429, -0.00245947728, -200.184473, -256.583702, 0, 1.21185587e-08, 1.21185587e-08, 6465912.73, 43650217.8, 36632719.6, 0.27, 3.332, 551585.467, -103.61432, -200.186933, 0, 1.49999996e+15, 0, 0, 2e+18, 5.66752441e+16
4.56435215, 0, 0, 1.5e+15, 0, 1.78415304e-21, 3.718e+18, 6.44e+20, 4.84773213, 4, 120.304678, 117.196019, 1.28078819, 31001.4819, 0, 5.00422406e+09, 3.84190187e+16, 221.880717, -118.478302, -122.540561, 1.5e+15, 1.0714026e+21, -18875.6075, -24550.4289, 302.084044, 117.196029, 117.196019, 1.28078819, 1.28078819, 1.5e+15, 221.877537, 0.0033117985, 0.0574028831, 350.983938, -0.00230569071, -104.057543, -244.775037, -0.00237315253, -195.922888, -250.500091, 0, 1.21185461e-08, 1.21185461e-08, 6241572.32, 43586071.5, 36797450.8, 0.27, 3.332, 547048.376, -104.059848, -195.925261, 0, 1.49999996e+15, 0, 0, 2e+18, 5.66443855e+16
4.62875, 0, 0, 1.5e+15, 0, 1.78381853e-21, 3.718e+18, 6.44e+20, 4.84773275, 4, 120.45939, 117.196024, 1.28078819, 29394.0367, 0, 4.82668198e+09, 3.88350505e+16, 210.520908, -118.633953, -122.695554, 1.5e+15, 1.03164065e+21, -18646.6359, -22708.0834, 302.083474, 117.196029, 117.196024, 1.28078819, 1.28078819, 1.5e+15, 210.517978, 0.00305194911, 0.0563186158, 336.321818, -0.00219521437, -104.753239, -242.416534, -0.00211879735, -182.60494, -232.589309, 0, 1.21185137e-08, 1.21185137e-08, 5558055.14, 43193372.9, 37100998.8, 0.27, 3.332, 534318.99, -104.755434, -182.607059, 0, 1.49999996e+15, 0, 0, 2e+18, 5.65911452e+16
4.65450838, 0, 0, 1.5e+15, 0, 1.78370062e-21, 3.718e+18, 6.44e+20, 4.84773297, 4, 120.51447, 117.196025, 1.28078819, 28774.1189, 0, 4.73385098e+09, 3.90452326e+16, 206.656267, -118.689539, -122.750775, 1.5e+15, 1.01427913e+21, -18545.4186, -21951.4564, 302.083273, 117.196029, 117.196025, 1.28078819, 1.28078819, 1.5e+15, 206.653427, 0.00295616494, 0.0558786967, 331.512565, -0.00214581996, -105.126525, -241.451435, -0.00202887821, -177.855692, -226.03673, 0, 1.21185023e-08, 1.21185023e-08, 5341929.41, 43114474, 37242368.3, 0.27, 3.332, 530176.206, -105.12867, -177.85772, 0, 1.49999996e+15, 0, 0, 2e+18, 5.65649068e+16
4.7189063, 0, 0, 1.5e+15, 0, 1.78339713e-21, 3.718e+18, 6.44e+20, 4.84773353, 4, 120.652328, 117.196027, 1.28078819, 27192.8255, 0, 4.50405786e+09, 3.94027199e+16, 194.628494, -118.828691, -122.888871, 1.5e+15, 9.62677322e+20, -18346.5456, -20057.327, 302.082757, 117.196029, 117.196027, 1.28078819, 1.28078819, 1.5e+15, 194.625916, 0.00268134475, 0.0547967897, 316.843274, -0.00201720763, -105.685318, -239.386389, -0.00176520235, -163.431499, -207.068738, 0, 1.21184728e-08, 1.21184728e-08, 4694676.75, 42714700.4, 37501084.2, 0.27, 3.332, 518939.481, -105.687336, -163.433264, 0, 1.49999996e+15, 0, 0, 2e+18, 5.65198103e+16
4.74466465, 0, 0, 1.5e+15, 0, 1.78329337e-21, 3.718e+18, 6.44e+20, 4.84773373, 4, 120.700497, 117.196028, 1.28078819, 26597.6429, 0, 4.38736667e+09, 3.95819269e+16, 190.544142, -118.877543, -122.937158, 1.5e+15, 9.41001922e+20, -18259.7898, -19281.6101, 302.08258, 117.196029, 117.196028, 1.28078819, 1.28078819, 1.5e+15, 190.541656, 0.0025814037, 0.0543571777, 312.150641, -0.00196055845, -105.991123, -238.549928, -0.00167459641, -158.250727, -200.099178, 0, 1.21184627e-08, 1.21184627e-08, 4492907.62, 42629231.2, 37621108, 0.27, 3.332, 515215.582, -105.993083, -158.252401, 0, 1.49999996e+15, 0, 0, 2e+18, 5.64977222e+16
4.8090625, 0, 0, 1.5e+15, 0, 1.78302597e-21, 3.718e+18, 6.44e+20, 4.84773423, 4, 120.821054, 117.196029, 1.28078819, 25066.5629, 0, 4.10416039e+09, 3.98858785e+16, 178.138037, -118.999837, -123.057916, 1.5e+15, 8.7719733e+20, -18088.6485, -17339.8902, 302.082124, 117.196029, 117.196029, 1.28078819, 1.28078819, 1.5e+15, 178.135823, 0.00229765918, 0.053276928, 297.810847, -0.0018132863, -106.424282, -236.761489, -0.00141000215, -142.850419, -180.193481, 0, 1.21184368e-08, 1.21184368e-08, 3896801.38, 42241710.2, 37839508.2, 0.27, 3.332, 505400.617, -106.426095, -142.851828, 0, 1.49999997e+15, 0, 0, 2e+18, 5.64598623e+16
4.83482088, 0, 0, 1.5e+15, 0, 1.78293582e-21, 3.718e+18, 6.44e+20, 4.8477344, 4, 120.862147, 117.196029, 1.28078819, 24508.9459, 0, 3.9622249e+09, 4.00351685e+16, 173.975336, -119.041845, -123.099106, 1.5e+15, 8.51084368e+20, -18015.8742, -16546.6767, 302.081971, 117.196029, 117.196029, 1.28078819, 1.28078819, 1.5e+15, 173.973216, 0.0021955153, 0.0528373559, 293.382824, -0.00174920744, -106.671268, -236.053994, -0.0013220804, -137.293109, -172.858405, 0, 1.2118428e-08, 1.2118428e-08, 3715107.46, 42156406.5, 37939120.4, 0.27, 3.332, 502178.578, -106.673017, -137.29443, 0, 1.49999997e+15, 0, 0, 2e+18, 5.64416098e+16
4.8992188, 0, 0, 1.5e+15, 0, 1.78270366e-21, 3.718e+18, 6.44e+20, 4.84773482, 4, 120.964991, 117.196029, 1.28078819, 23060.6968, 0, 3.62486514e+09, 4.0287749e+16, 161.559631, -119.147004, -123.202115, 1.5e+15, 7.74747775e+20, -17871.732, -14561.3194, 302.081575, 117.196029, 117.196029, 1.28078819, 1.28078819, 1.5e+15, 161.557784, 0.00190899165, 0.0517579847, 279.78574, -0.00158286745, -107.00475, -234.54263, -0.0010662283, -121.040905, -152.129991, 0, 1.21184055e-08, 1.21184055e-08, 3184046.08, 41797412.5, 38119497.4, 0.27, 3.332, 493869.026, -107.006333, -121.041971, 0, 1.49999997e+15, 0, 0, 2e+18, 5.64103771e+16
4.92497715, 0, 0, 1.5e+15, 0, 1.78262934e-21, 3.718e+18, 6.44e+20, 4.84773496, 4, 120.998857, 117.196029, 1.28078819, 22556.6835, 0, 3.45735146e+09, 4.04090063e+16, 157.4963, -119.182102, -123.236059, 1.5e+15, 7.44342981e+20, -17812.2007, -13752.2534, 302.081448, 117.196029, 117.196029, 1.28078819, 1.28078819, 1.5e+15, 157.494548, 0.00180672775, 0.051318153, 275.784417, -0.001511624, -107.195505, -233.960096, -0.000984789404, -115.1615, -144.479648, 0, 1.21183983e-08, 1.21183983e-08, 3027370.17, 41718629.8, 38200110.6, 0.27, 3.332, 491148.986, -107.197017, -115.162485, 0, 1.49999997e+15, 0, 0, 2e+18, 5.63956699e+16
4.989375, 0, 0, 1.5e+15, 0, 1.78243746e-21, 3.718e+18, 6.44e+20, 4.84773532, 4, 121.083615, 117.196029, 1.28078819, 21233.5038, 0, 3.06903592e+09, 4.06137808e+16, 145.53785, -119.269961, -123.32095, 1.5e+15, 6.55943034e+20, -17693.6438, -11727.2997, 302.081122, 117.196029, 117.19603, 1.28078819, 1.28078819, 1.5e+15, 145.536366, 0.00152390145, 0.0502388069, 263.406142, -0.00132701772, -107.433998, -232.713928, -0.000748507381, -98.1772354, -123.037572, 0, 1.21183797e-08, 1.21183797e-08, 2573208.8, 41403005.3, 38345532.9, 0.27, 3.332, 484263.576, -107.435325, -98.1779836, 0, 1.49999998e+15, 0, 0, 2e+18, 5.63705106e+16
5.01513338, 0, 0, 1.5e+15, 0, 1.78237794e-21, 3.718e+18, 6.44e+20, 4.84773543, 4, 121.110118, 117.196029, 1.28078819, 20803.6264, 0, 2.87739497e+09, 4.0707314e+16, 141.815958, -119.298142, -123.347513, 1.5e+15, 6.21834038e+20, -17647.4594, -10904.4035, 302.08102, 117.196029, 117.19603, 1.28078819, 1.28078819, 1.5e+15, 141.814566, 0.00142395255, 0.0497983761, 260.016053, -0.00124982345, -107.578069, -232.260311, -0.000677767859, -92.0331477, -115.126363, 0, 1.21183739e-08, 1.21183739e-08, 2446142.33, 41335810.3, 38407544.7, 0.27, 3.332, 482123.309, -107.579319, -92.0338252, 0, 1.49999998e+15, 0, 0, 2e+18, 5.63592134e+16
5.0795313, 0, 0, 1.5e+15, 0, 1.78222443e-21, 3.718e+18, 6.44e+20, 4.84773572, 4, 121.176447, 117.196029, 1.28078819, 19661.7624, 0, 2.44744941e+09, 4.08649728e+16, 130.967704, -119.368684, -123.413944, 1.5e+15, 5.23088049e+20, -17555.1059, -8844.89448, 302.080758, 117.196029, 117.19603, 1.28078819, 1.28078819, 1.5e+15, 130.966571, 0.00115201582, 0.0487180953, 249.430784, -0.00105020282, -107.751176, -231.290878, -0.000473040932, -74.444112, -93.0899742, 0, 1.2118359e-08, 1.2118359e-08, 2080135.01, 41075958.5, 38519051, 0.27, 3.332, 476772.515, -107.752226, -74.4445851, 0, 1.49999998e+15, 0, 0, 2e+18, 5.63398975e+16
5.10528965, 0, 0, 1.5e+15, 0, 1.78218041e-21, 3.718e+18, 6.44e+20, 4.8477358, 4, 121.195475, 117.196029, 1.28078819, 19328.9897, 0, 2.24187118e+09, 4.09319725e+16, 127.892027, -119.389995, -123.433014, 1.5e+15, 4.87462672e+20, -17521.8441, -8010.61417, 302.080683, 117.196029, 117.19603, 1.28078819, 1.28078819, 1.5e+15, 127.890982, 0.00105897804, 0.0482766918, 246.831806, -0.000971531824, -107.847883, -230.962961, -0.000417223758, -68.0950392, -84.9746344, 0, 1.21183547e-08, 1.21183547e-08, 1986285.98, 41024805.2, 38563326.6, 0.27, 3.332, 475192.666, -107.848855, -68.0954565, 0, 1.49999998e+15, 0, 0, 2e+18, 5.63318413e+16
5.1696875, 0, 0, 1.5e+15, 0, 1.7820665e-21, 3.718e+18, 6.44e+20, 4.84773601, 4, 121.243097, 117.196029, 1.28078819, 18434.6141, 0, 1.7999982e+09, 4.10448133e+16, 118.983253, -119.443331, -123.480708, 1.5e+15, 3.84711824e+20, -17454.8682, -5922.63638, 302.080489, 117.196029, 117.19603, 1.28078819, 1.28078819, 1.5e+15, 118.982448, 0.000810209497, 0.0471944279, 238.637743, -0.000768608283, -107.951263, -230.259854, -0.000256011521, -50.033454, -62.4685567, 0, 1.21183436e-08, 1.21183436e-08, 1717148.4, 40831226.1, 38642791.3, 0.27, 3.332, 471286.411, -107.952032, -50.03371, 0, 1.49999999e+15, 0, 0, 2e+18, 5.63180372e+16
5.19544588, 0, 0, 1.5e+15, 0, 1.78203239e-21, 3.718e+18, 6.44e+20, 4.84773608, 4, 121.254556, 117.196029, 1.28078819, 18222.6476, 0, 1.6097424e+09, 4.10849637e+16, 116.917823, -119.457698, -123.492192, 1.5e+15, 3.52636432e+20, -17434.9584, -5079.79496, 302.080431, 117.196029, 117.19603, 1.28078819, 1.28078819, 1.5e+15, 116.917093, 0.000733032083, 0.0467516503, 236.998402, -0.000698837125, -108.009117, -230.062493, -0.000217064038, -43.5415464, -54.2093128, 0, 1.21183403e-08, 1.21183403e-08, 1659570.56, 40799163.2, 38669257.1, 0.27, 3.332, 470335.451, -108.009817, -43.5417635, 0, 1.49999999e+15, 0, 0, 2e+18, 5.63131636e+16
5.2598438, 0, 0, 1.5e+15, 0, 1.78194488e-21, 3.718e+18, 6.44e+20, 4.84773623, 4, 121.283234, 117.196029, 1.28078819, 17647.0873, 0, 1.21786068e+09, 4.11524759e+16, 110.957699, -119.493639, -123.520914, 1.5e+15, 2.6029711e+20, -17394.6437, -2970.37375, 302.080282, 117.196029, 117.19603, 1.28078819, 1.28078819, 1.5e+15, 110.95717, 0.00052954648, 0.0456662799, 231.786785, -0.000519062614, -108.070042, -229.639587, -0.000104734273, -25.1467522, -31.3677149, 0, 1.21183318e-08, 1.21183318e-08, 1494923.43, 40679546.4, 38716629.1, 0.27, 3.332, 467993.853, -108.070561, -25.1468569, 0, 1.49999999e+15, 0, 0, 2e+18, 5.63047693e+16
5.28560215, 0, 0, 1.5e+15, 0, 1.78191331e-21, 3.718e+18, 6.44e+20, 4.84773629, 4, 121.287064, 117.196029, 1.28078819, 17479.1609, 0, 1.1327666e+09, 4.11662017e+16, 110.411858, -119.499354, -123.524752, 1.5e+15, 2.45284318e+20, -17275.9923, -2547.30632, 302.080228, 117.196029, 117.19603, 1.28078819, 1.28078819, 1.5e+15, 110.411363, 0.00049513587, 0.0453683013, 231.347832, -0.000486535072, -108.085953, -229.570935, -8.94560648e-05, -21.8736534, -27.2113376, 0, 1.21183287e-08, 1.21183287e-08, 1475410.72, 40668686.3, 38725626.9, 0.27, 3.332, 467648.642, -108.08644, -21.8737428, 0, 1.49999999e+15, 0, 0, 2e+18, 5.63030943e+16
5.35, 0, 0, 1.5e+15, 0, 1.78183332e-21, 3.718e+18, 6.44e+20, 4.84773644, 4, 121.29665, 117.196029, 1.28078819, 17127.2883, 0, 945226249, 4.11893213e+16, 108.828469, -119.51365, -123.534353, 1.5e+15, 2.02027275e+20, -17062.323, -1488.51941, 302.080092, 117.196029, 117.19603, 1.28078819, 1.28078819, 1.5e+15, 108.828063, 0.000405118844, 0.0446483683, 229.963552, -0.000402559118, -108.09468, -229.421279, -4.54176639e-05, -12.6129899, -15.7281983, 0, 1.2118321e-08, 1.2118321e-08, 1419657.28, 40628204.2, 38741741.7, 0.27, 3.332, 466805.229, -108.095083, -12.6130353, 0, 1.49999999e+15, 0, 0, 2e+18, 5.630017e+16
