"depth", "composition x", "composition y", "donor conc", "acceptor conc", "ni", "nc", "nv", "eg", "electron affinity", "potential", "e- mobility", "h+ mobility", "electric field", "impact gen rate", "electron conc", "hole conc", "cond. current density", "electron qfl", "hole qfl", "net doping", "recombination rate", "e field x", "e field y", "lattice temperature", "e- mobility x", "e- mobility y", "h+ mobility x", "h+ mobility y", "total doping", "h+ current density", "e- current density", "current flowlines", "total current density", "je- x", "jh+ x", "jtot x", "je- y", "jh+ y", "jtot y", "seu generation rate", "e- srh tno", "h+ srh tno", "joule heat power", "total heat power", "rec heat power", "heat conductivity", "heat capacity", "peltier-thomson heat power", "cond current x", "cond current y", "ionized acceptor concentration", "ionized donor concentration", "e- ionization coefficient", "h+ ionization coefficient", "acceptor trap dos #1", "acceptor trap ionized density #1"
-0.42, 0, 0, 0, 0, 0, 0, 0, 0, 0, 371.537004, 0, 0, 399264.414, 0, 0, 0, 0, 0, 0, 0, 0, -398821.889, -18756.8949, 300, 0, 0, 0, 0, 0, 0, 0, 0.831333156, 1294.56411, 0, 0, 1290.07881, 0, 0, 107.518474, 0, 0, 0, 0, 0, 0, 0.014, 3.066, 0, 0, 0, 0, 0, 0, 0, 0, 0
-0.405714286, 0, 0, 0, 0, 0, 0, 0, 0, 0, 371.561406, 0, 0, 400187.688, 0, 0, 0, 0, 0, 0, 0, 0, -399430.522, -23628.5165, 300, 0, 0, 0, 0, 0, 0, 0, 0.833971012, 1296.31925, 0, 0, 1287.76757, 0, 0, 137.178577, 0, 0, 0, 0, 0, 0, 0.014, 3.066, 0, 0, 0, 0, 0, 0, 0, 0, 0
-0.37, 0, 0, 0, 0, 0, 0, 0, 0, 0, 371.638161, 0, 0, 404093.452, 0, 0, 0, 0, 0, 0, 0, 0, -402199.532, -39014.691, 300, 0, 0, 0, 0, 0, 0, 0, 0.841041396, 1302.97397, 0, 0, 1284.7349, 0, 0, 216.943493, 0, 0, 0, 0, 0, 0, 0.014, 3.066, 0, 0, 0, 0, 0, 0, 0, 0, 0
-0.355714286, 0, 0, 0, 0, 0, 0, 0, 0, 0, 371.711417, 0, 0, 401861.094, 0, 0, 0, 0, 0, 0, 0, 0, -398620.04, -48757.4664, 300, 0, 0, 0, 0, 0, 0, 0, 0.843209222, 1312.38539, 0, 0, 1277.43846, 0, 0, 277.469252, 0, 0, 0, 0, 0, 0, 0.014, 3.066, 0, 0, 0, 0, 0, 0, 0, 0, 0
-0.32, 0, 0, 0, 0, 0, 0, 0, 0, 0, 371.94283, 0, 0, 398106.541, 0, 0, 0, 0, 0, 0, 0, 0, -389994.342, -79839.3075, 300, 0, 0, 0, 0, 0, 0, 0, 0.848927167, 1342.51361, 0, 0, 1267.57023, 0, 0, 441.640389, 0, 0, 0, 0, 0, 0, 0.014, 3.066, 0, 0, 0, 0, 0, 0, 0, 0, 0
-0.305714286, 0, 0, 0, 0, 0, 0, 0, 0, 0, 372.065055, 0, 0, 394348.773, 0, 0, 0, 0, 0, 0, 0, 0, -383785.289, -89570.2515, 300, 0, 0, 0, 0, 0, 0, 0, 0.851333391, 1358.71889, 0, 0, 1254.12574, 0, 0, 505.355297, 0, 0, 0, 0, 0, 0, 0.014, 3.066, 0, 0, 0, 0, 0, 0, 0, 0, 0
-0.27, 0, 0, 0, 0, 0, 0, 0, 0, 0, 372.454676, 0, 0, 388371.6, 0, 0, 0, 0, 0, 0, 0, 0, -368812.442, -121523.16, 300, 0, 0, 0, 0, 0, 0, 0, 0.857579172, 1411.33805, 0, 0, 1234.87134, 0, 0, 682.334984, 0, 0, 0, 0, 0, 0, 0.014, 3.066, 0, 0, 0, 0, 0, 0, 0, 0, 0
-0.255714286, 0, 0, 0, 0, 0, 0, 0, 0, 0, 372.625888, 0, 0, 383011.091, 0, 0, 0, 0, 0, 0, 0, 0, -359555.726, -131183.642, 300, 0, 0, 0, 0, 0, 0, 0, 0.860282293, 1435.06886, 0, 0, 1213.07577, 0, 0, 750.663858, 0, 0, 0, 0, 0, 0, 0.014, 3.066, 0, 0, 0, 0, 0, 0, 0, 0, 0
-0.22, 0, 0, 0, 0, 0, 0, 0, 0, 0, 373.180001, 0, 0, 375214.603, 0, 0, 0, 0, 0, 0, 0, 0, -337100.344, -164551.22, 300, 0, 0, 0, 0, 0, 0, 0, 0.867149882, 1514.07027, 0, 0, 1179.25987, 0, 0, 948.13591, 0, 0, 0, 0, 0, 0, 0.014, 3.066, 0, 0, 0, 0, 0, 0, 0, 0, 0
-0.205714286, 0, 0, 0, 0, 0, 0, 0, 0, 0, 373.399749, 0, 0, 368527.925, 0, 0, 0, 0, 0, 0, 0, 0, -322133.999, -177432.396, 300, 0, 0, 0, 0, 0, 0, 0, 0.870118653, 1543.59148, 0, 0, 1131.77108, 0, 0, 1028.58516, 0, 0, 0, 0, 0, 0, 0.014, 3.066, 0, 0, 0, 0, 0, 0, 0, 0, 0
-0.17, 0, 0, 0, 0, 0, 0, 0, 0, 0, 374.127904, 0, 0, 363465.957, 0, 0, 0, 0, 0, 0, 0, 0, -286848.809, -223038.01, 300, 0, 0, 0, 0, 0, 0, 0, 0.877577944, 1639.88528, 0, 0, 1031.86371, 0, 0, 1272.48293, 0, 0, 0, 0, 0, 0, 0.014, 3.066, 0, 0, 0, 0, 0, 0, 0, 0, 0
-0.141428624, 0, 0, 0, 0, 0, 0, 0, 0, 0, 374.768955, 0, 0, 345794.355, 0, 0, 0, 0, 0, 0, 0, 0, -243258.392, -243065.928, 300, 0, 0, 0, 0, 0, 0, 0, 0.882259396, 1713.40321, 0, 0, 991.011636, 0, 0, 1391.54961, 0, 0, 0, 0, 0, 0, 0.014, 3.066, 0, 0, 0, 0, 0, 0, 0, 0, 0
-0.12, 0, 0, 0, 0, 0, 0, 0, 0, 0, 375.31106, 0, 0, 336265.095, 0, 0, 0, 0, 0, 0, 0, 0, -205997.802, -265616.118, 300, 0, 0, 0, 0, 0, 0, 0, 0.886323084, 1804.10571, 0, 0, 939.99472, 0, 0, 1539.85501, 0, 0, 0, 0, 0, 0, 0.014, 3.066, 0, 0, 0, 0, 0, 0, 0, 0, 0
-0.0771427527, 0, 0, 0, 0, 0, 0, 0, 0, 0, 376.549417, 0, 0, 331539.891, 0, 0, 0, 0, 0, 0, 0, 0, -126876.273, -303941.618, 299.999991, 0, 0, 0, 0, 0, 0, 0, 0.890286374, 1975.61598, 0, 0, 663.368294, 0, 0, 1854.56597, 0, 0, 0, 0, 0, 0, 0.014, 3.066, 0, 0, 0, 0, 0, 0, 0, 0, 0
-0.07, 0, 0, 0, 0, 0, 0, 0, 0, 0, 376.73711, 0, 0, 329180.802, 0, 0, 0, 0, 0, 0, 0, 0, -110672.139, -309956.177, 299.99999, 0, 0, 0, 0, 0, 0, 0, 0.891092057, 2006.10373, 0, 0, 610.197577, 0, 0, 1910.85312, 0, 0, 0, 0, 0, 0, 0.014, 3.066, 0, 0, 0, 0, 0, 0, 0, 0, 0
-0.0557145992, 0, 0, 0, 0, 0, 0, 0, 0, 0, 377.188712, 0, 0, 330006.878, 0, 0, 0, 0, 0, 0, 0, 0, -96118.1594, -314402.664, 299.999455, 0, 0, 0, 0, 0, 0, 0, 0.89155737, 2025.25043, 0, 0, 471.722597, 0, 0, 1953.87594, 0, 0, 0, 0, 0, 0, 0.014, 3.066, 0, 0, 0, 0, 0, 0, 0, 0, 0
-0.02, 0, 0, 0, 0, 0, 0, 0, 0, 0, 378.377469, 0, 0, 329290.939, 0, 0, 0, 0, 0, 0, 0, 0, -22110.1999, -328044.418, 299.998163, 0, 0, 0, 0, 0, 0, 0, 0.893240923, 2097.55168, 0, 0, 84.1185397, 0, 0, 2095.86085, 0, 0, 0, 0, 0, 0, 0.014, 3.066, 0, 0, 0, 0, 0, 0, 0, 0, 0
-0.02, 0, 0, 0, 0, 0, 0, 0, 0, 0, 378.377469, 0, 0, 53237.003, 0, 0, 0, 0, 0, 0, 0, 0, -9263.60924, -52419.3163, 299.998163, 0, 0, 0, 0, 0, 0, 0, 0.893240923, 2097.55168, 0, 0, 84.1185397, 0, 0, 2095.86085, 0, 0, 0, 0, 0, 0, 0.023, 4.01277545, 0, 0, 0, 0, 0, 0, 0, 0, 0
-0.0185714599, 0, 0, 0, 0, 0, 0, 0, 0, 0, 378.384797, 0, 0, 53669.5821, 0, 0, 0, 0, 0, 0, 0, 0, -8959.17121, -52898.7206, 299.996613, 0, 0, 0, 0, 0, 0, 0, 0.893966692, 2108.75086, 0, 0, 138.372489, 0, 0, 2102.27247, 0, 0, 0, 0, 0, 0, 0.023, 4.01277349, 0, 0, 0, 0, 0, 0, 0, 0, 0
-0.015, 0, 0, 0, 0, 0, 0, 0, 0, 0, 378.404162, 0, 0, 54817.3528, 0, 0, 0, 0, 0, 0, 0, 0, -8177.94399, -54198.3556, 299.993009, 0, 0, 0, 0, 0, 0, 0, 0.895449635, 2141.73925, 0, 0, 282.121269, 0, 0, 2123.07491, 0, 0, 0, 0, 0, 0, 0.023, 4.01276894, 0, 0, 0, 0, 0, 0, 0, 0, 0
-0.0135714599, 0, 0, 0, 0, 0, 0, 0, 0, 0, 378.411701, 0, 0, 55164.5515, 0, 0, 0, 0, 0, 0, 0, 0, -7545.62268, -54613.7032, 299.992549, 0, 0, 0, 0, 0, 0, 0, 0.895938843, 2137.72411, 0, 0, 262.817547, 0, 0, 2121.32303, 0, 0, 0, 0, 0, 0, 0.023, 4.01276836, 0, 0, 0, 0, 0, 0, 0, 0, 0
-0.01, 0, 0, 0, 0, 0, 0, 0, 0, 0, 378.431667, 0, 0, 56089.7241, 0, 0, 0, 0, 0, 0, 0, 0, -5853.39467, -55778.23, 299.991867, 0, 0, 0, 0, 0, 0, 0, 0.897170194, 2134.3084, 0, 0, 203.588703, 0, 0, 2124.55878, 0, 0, 0, 0, 0, 0, 0.023, 4.01276749, 0, 0, 0, 0, 0, 0, 0, 0, 0
-0.00857145992, 0, 0, 0, 0, 0, 0, 0, 0, 0, 378.439406, 0, 0, 56434.9623, 0, 0, 0, 0, 0, 0, 0, 0, -5193.02506, -56163.9069, 299.996657, 0, 0, 0, 0, 0, 0, 0, 0.897667928, 2127.72329, 0, 0, 182.861331, 0, 0, 2119.71218, 0, 0, 0, 0, 0, 0, 0.023, 4.01277355, 0, 0, 0, 0, 0, 0, 0, 0, 0
-0.005, 0, 0, 0, 0, 0, 0, 0, 0, 0, 378.459924, 0, 0, 57326.9176, 0, 0, 0, 0, 0, 0, 0, 0, -3409.34699, -57220.5975, 300.009398, 0, 0, 0, 0, 0, 0, 0, 0.898921389, 2116.00192, 0, 0, 117.400131, 0, 0, 2112.68513, 0, 0, 0, -6.23583177e-06, -0.0010786405, -0.0010769931, 0.023, 4.01278966, 0, 0, 0, 0, 0, 0, 0, 0, 0
-0.00357145992, 0, 0, 0, 0, 0, 0, 0, 0, 0, 378.467846, 0, 0, 57815.2253, 0, 0, 0, 0, 0, 0, 0, 0, -3034.04055, -57718.8484, 300.026779, 0, 0, 0, 0, 0, 0, 0, 0.897765628, 1872.70567, 0, 0, 89.0287352, 0, 0, 1870.53866, 0, 0, 0, 11398869.2, 1.97171482e+09, 1.96870344e+09, 0.023, 4.01281164, -8387486.27, 0, 0, 0, 0, 0, 0, 0, 0
0, 0, 0, 0, 0, 0, 0, 0, 0, 0, 378.488857, 0, 0, 59109.4721, 0, 0, 0, 0, 0, 0, 0, 0, -2005.48598, -59070.993, 300.071253, 0, 0, 0, 0, 0, 0, 0, 0.895204038, 1233.58255, 0, 0, 16.3683122, 0, 0, 1233.39142, 0, 0, 0, 37727608.6, 6.98253452e+09, 6.93265064e+09, 0.023, 4.01286788, 12156279.1, 0, 0, 0, 0, 0, 0, 0, 0
0, 0, 0, 5e+16, 0, 9.15776233e-22, 3.718e+18, 6.44e+20, 4.84992267, 4, 378.488857, 96.4, 0.866667, 1964.80591, 0, 2.04652718e+19, 2.21800535e+19, 63360.7853, -376.039415, -380.893608, 5e+16, 4.48453233e+27, -535.219331, -1752.13456, 300.071253, 96.4, 96.4, 0.866667, 0.866667, 5e+16, 2558.97188, 61634.4823, 0.895204038, 63348.6673, -61551.2312, -1749.63481, -63317.2576, 3198.79563, -443.923747, 1994.37083, 0, 1.20040474e-08, 1.20040474e-08, 37727608.6, 6.98253452e+09, 6.93265064e+09, 0.27, 3.332, 12156279.1, -63300.866, 2754.87189, 0, 7.24554779e+13, 0, 0, 0, 0
0.00267851265, 0, 0, 5e+16, 0, 9.16798516e-22, 3.718e+18, 6.44e+20, 4.84991905, 4, 378.489314, 96.4, 0.866667, 1743.74263, 0, 2.05996682e+19, 2.1845479e+19, 74274.3318, -376.039411, -380.893663, 5e+16, 4.45268143e+27, -589.302739, -1535.83337, 300.074596, 96.4, 96.4, 0.866667, 0.866667, 5e+16, 2761.44255, 72755.803, 0.892039155, 74264.745, -72546.009, -1548.65551, -74106.436, 5277.11401, -476.767042, 4241.2161, 0, 1.20042373e-08, 1.20042373e-08, 37952484.1, 6.93482685e+09, 6.88590336e+09, 0.27, 3.332, 10971004.1, -74094.6645, 4800.34698, 0, 7.1181233e+13, 0, 0, 0, 0
0.009375, 0, 0, 5e+16, 0, 9.19380919e-22, 3.718e+18, 6.44e+20, 4.84990989, 4, 378.490532, 96.4, 0.866667, 1381.20649, 0, 2.09620264e+19, 2.09849016e+19, 99286.1038, -376.039401, -380.893816, 5e+16, 4.36926956e+27, -711.66423, -975.688725, 300.083033, 96.4, 96.4, 0.866667, 0.866667, 5e+16, 3629.73075, 96949.6784, 0.884825403, 99290.0435, -96401.1609, -2410.00549, -98817.7608, 10286.5091, -587.758485, 9671.87046, 0, 1.20047165e-08, 1.20047165e-08, 37781300.7, 6.80701496e+09, 6.76153487e+09, 0.27, 3.332, 7698781.59, -98811.1664, 9698.75068, 0, 6.7896224e+13, 0, 0, 0, 0
0.0120535127, 0, 0, 5e+16, 0, 9.19971661e-22, 3.718e+18, 6.44e+20, 4.8499078, 4, 378.49056, 96.4, 0.866667, 1227.28723, 0, 2.09743875e+19, 2.09945857e+19, 99549.9655, -376.039388, -380.893854, 5e+16, 4.375358e+27, -696.533626, -735.475358, 300.084959, 96.4, 96.4, 0.866667, 0.866667, 5e+16, 3655.8015, 97246.1247, 0.879969855, 99553.8726, -96223.8119, -2373.6394, -98603.8309, 13441.6839, -541.180034, 12878.8374, 0, 1.2004826e-08, 1.2004826e-08, 37982871.5, 6.79923872e+09, 6.75356323e+09, 0.27, 3.332, 7692612.21, -98597.4514, 12900.5039, 0, 6.77894066e+13, 0, 0, 0, 0
0.01875, 0, 0, 5e+16, 0, 9.21429723e-22, 3.718e+18, 6.44e+20, 4.84990264, 4, 378.49065, 96.4, 0.866667, 916.028997, 0, 2.10104001e+19, 2.10234798e+19, 100238.593, -376.039356, -380.893973, 5e+16, 4.39323068e+27, -645.260912, -102.392228, 300.089708, 96.4, 96.4, 0.866667, 0.866667, 5e+16, 3525.43106, 98130.5401, 0.868881833, 100242.509, -95835.9018, -2255.55297, -98097.0803, 21072.4375, -439.563883, 20625.1317, 0, 1.20050957e-08, 1.20050957e-08, 38022933.3, 6.77830393e+09, 6.73313337e+09, 0.27, 3.332, 7147628.14, -98091.4548, 20632.8737, 0, 6.74783131e+13, 0, 0, 0, 0
0.0214285127, 0, 0, 5e+16, 0, 9.21680419e-22, 3.718e+18, 6.44e+20, 4.84990175, 4, 378.490665, 96.4, 0.866667, 925.021903, 0, 2.10213307e+19, 2.1034362e+19, 100671.943, -376.039334, -380.893999, 5e+16, 4.39917402e+27, -634.636134, -89.665277, 300.090524, 96.4, 96.4, 0.866667, 0.866667, 5e+16, 3563.33414, 98589.1689, 0.864087186, 100675.544, -95504.5393, -2212.9489, -97722.9862, 24206.0549, -407.179911, 23791.7154, 0, 1.20051421e-08, 1.20051421e-08, 38355321.9, 6.7768915e+09, 6.73177154e+09, 0.27, 3.332, 6764634.06, -97717.4884, 23798.875, 0, 6.73832637e+13, 0, 0, 0, 0
0.028125, 0, 0, 5e+16, 0, 9.2224995e-22, 3.718e+18, 6.44e+20, 4.84989975, 4, 378.490722, 96.4, 0.866667, 887.213085, 0, 2.10542894e+19, 2.106718e+19, 101851.428, -376.03928, -380.894095, 5e+16, 4.41709024e+27, -599.215737, -59.7589412, 300.092376, 96.4, 96.4, 0.866667, 0.866667, 5e+16, 3421.30437, 99993.1279, 0.85314336, 101854.539, -94783.6552, -2077.91709, -96866.6378, 31817.6425, -334.15703, 31477.918, 0, 1.20052473e-08, 1.20052473e-08, 38690193, 6.77315799e+09, 6.72941284e+09, 0.27, 3.332, 5054964.06, -96861.5725, 31483.4855, 0, 6.70968714e+13, 0, 0, 0, 0
0.0308035127, 0, 0, 5e+16, 0, 9.22248431e-22, 3.718e+18, 6.44e+20, 4.84989975, 4, 378.490726, 96.4, 0.866667, 898.090244, 0, 2.10648902e+19, 2.10777644e+19, 102457.235, -376.039248, -380.894113, 5e+16, 4.42288213e+27, -587.959436, -48.5753497, 300.092371, 96.4, 96.4, 0.866667, 0.866667, 5e+16, 3463.53174, 100611.631, 0.848435838, 102460, -94323.3047, -2032.99894, -96361.2809, 34886.2464, -301.626204, 34579.259, 0, 1.2005247e-08, 1.2005247e-08, 39146300.7, 6.77565709e+09, 6.73178545e+09, 0.27, 3.332, 4725345.03, -96356.3039, 34584.6202, 0, 6.70041635e+13, 0, 0, 0, 0
0.0375, 0, 0, 5e+16, 0, 9.22158654e-22, 3.718e+18, 6.44e+20, 4.84990007, 4, 378.490759, 96.4, 0.866667, 860.176262, 0, 2.10971229e+19, 2.11099412e+19, 104133.368, -376.039173, -380.894186, 5e+16, 4.44050373e+27, -551.355218, -20.7367338, 300.092079, 96.4, 96.4, 0.866667, 0.866667, 5e+16, 3317.79916, 102512.05, 0.837693305, 104135.741, -93321.7774, -1893.5367, -95219.9983, 42376.787, -220.473351, 42151.5259, 0, 1.20052305e-08, 1.20052305e-08, 39808516.8, 6.78219134e+09, 6.7393708e+09, 0.27, 3.332, 3012022.07, -95215.3143, 42156.3136, 0, 6.67228645e+13, 0, 0, 0, 0
0.0401785127, 0, 0, 5e+16, 0, 9.21983544e-22, 3.718e+18, 6.44e+20, 4.84990069, 4, 378.490753, 96.4, 0.866667, 871.767969, 0, 2.11070245e+19, 2.11198357e+19, 104900.697, -376.039133, -380.894192, 5e+16, 4.44593322e+27, -540.317485, -7.91081596, 300.091509, 96.4, 96.4, 0.866667, 0.866667, 5e+16, 3360.45374, 103273.599, 0.833094222, 104902.662, -92753.875, -1849.89841, -94608.3853, 45350.8387, -180.242419, 45165.8213, 0, 1.20051981e-08, 1.20051981e-08, 40378617.7, 6.78662908e+09, 6.74344276e+09, 0.27, 3.332, 2807706.38, -94603.7733, 45170.5963, 0, 6.66360314e+13, 0, 0, 0, 0
0.046875, 0, 0, 5e+16, 0, 9.21441638e-22, 3.718e+18, 6.44e+20, 4.8499026, 4, 378.490758, 96.4, 0.866667, 836.510393, 0, 2.11371306e+19, 2.11499107e+19, 107040.005, -376.039036, -380.894237, 5e+16, 4.46246837e+27, -505.277813, 25.6483344, 300.089747, 96.4, 96.4, 0.866667, 0.866667, 5e+16, 3222.6133, 105607.015, 0.822599179, 107041.535, -91514.966, -1717.30754, -93236.6437, 52650.0012, -73.5581925, 52571.721, 0, 1.2005098e-08, 1.2005098e-08, 41385846.7, 6.79801329e+09, 6.75530293e+09, 0.27, 3.332, 1324514.22, -93232.2734, 52576.443, 0, 6.63727749e+13, 0, 0, 0, 0
0.0495535127, 0, 0, 5e+16, 0, 9.21159597e-22, 3.718e+18, 6.44e+20, 4.8499036, 4, 378.490738, 96.4, 0.866667, 848.439677, 0, 2.11456369e+19, 2.11584152e+19, 107950.955, -376.038988, -380.89423, 5e+16, 4.46714712e+27, -495.132188, 40.8279118, 300.088828, 96.4, 96.4, 0.866667, 0.866667, 5e+16, 3264.09547, 106490.147, 0.818125326, 107952.037, -90861.3861, -1677.62664, -92543.3181, 55510.134, -22.8314502, 55482.5163, 0, 1.20050458e-08, 1.20050458e-08, 42060287.2, 6.80314542e+09, 6.75978698e+09, 0.27, 3.332, 1298145.37, -92539.0127, 55487.3025, 0, 6.62980242e+13, 0, 0, 0, 0
0.05625, 0, 0, 5e+16, 0, 9.20342273e-22, 3.718e+18, 6.44e+20, 4.84990648, 4, 378.490708, 96.4, 0.866667, 818.925017, 0, 2.11715599e+19, 2.11843219e+19, 110498.084, -376.03887, -380.894235, 5e+16, 4.48144267e+27, -463.570757, 81.2762726, 300.086167, 96.4, 96.4, 0.866667, 0.866667, 5e+16, 3145.05501, 109181.366, 0.807914135, 110498.695, -89430.7742, -1558.98655, -90993.8364, 62569.76, 114.057422, 62678.8783, 0, 1.20048946e-08, 1.20048946e-08, 43414348.3, 6.81601867e+09, 6.77239533e+09, 0.27, 3.332, 208993.307, -90989.7608, 62683.8174, 0, 6.60709582e+13, 0, 0, 0, 0
0.0589285127, 0, 0, 5e+16, 0, 9.200075e-22, 3.718e+18, 6.44e+20, 4.84990767, 4, 378.490673, 96.4, 0.866667, 831.207117, 0, 2.11778667e+19, 2.11906314e+19, 111530.733, -376.038814, -380.89421, 5e+16, 4.48492097e+27, -454.742281, 99.0971944, 300.085075, 96.4, 96.4, 0.866667, 0.866667, 5e+16, 3185.39065, 110162.951, 0.803577931, 111530.9, -88713.1446, -1524.93111, -90242.091, 65303.337, 176.393718, 65474.7311, 0, 1.20048326e-08, 1.20048326e-08, 44184397.8, 6.82119628e+09, 6.77661372e+09, 0.27, 3.332, 398157.328, -90238.0757, 65479.7307, 0, 6.60152437e+13, 0, 0, 0, 0
0.065625, 0, 0, 5e+16, 0, 9.19058874e-22, 3.718e+18, 6.44e+20, 4.84991103, 4, 378.490602, 96.4, 0.866667, 809.994439, 0, 2.11974477e+19, 2.12102087e+19, 114418.387, -376.038677, -380.894168, 5e+16, 4.49575717e+27, -427.559502, 146.610651, 300.081982, 96.4, 96.4, 0.866667, 0.866667, 5e+16, 3094.49124, 113134.821, 0.793677472, 114418.132, -87138.1901, -1423.25167, -88565.2279, 72089.3497, 344.169331, 72428.3742, 0, 1.20046568e-08, 1.20046568e-08, 45874588.5, 6.83384766e+09, 6.78815958e+09, 0.27, 3.332, -186506.733, -88561.4417, 72433.519, 0, 6.58429402e+13, 0, 0, 0, 0
0.0683035127, 0, 0, 5e+16, 0, 9.18713613e-22, 3.718e+18, 6.44e+20, 4.84991225, 4, 378.490549, 96.4, 0.866667, 823.020569, 0, 2.12006695e+19, 2.12134388e+19, 115548.9, -376.038613, -380.89412, 5e+16, 4.49753999e+27, -420.280416, 167.527173, 300.080855, 96.4, 96.4, 0.866667, 0.866667, 5e+16, 3135.15488, 114190.626, 0.789487281, 115548.248, -86376.5852, -1395.73139, -87776.0484, 74687.3597, 419.846143, 75102.0489, 0, 1.20045928e-08, 1.20045928e-08, 46732895.3, 6.83882091e+09, 6.79183441e+09, 0.27, 3.332, 253608.581, -87772.3166, 75107.2058, 0, 6.58137838e+13, 0, 0, 0, 0
0.075, 0, 0, 5e+16, 0, 9.17746136e-22, 3.718e+18, 6.44e+20, 4.84991568, 4, 378.49043, 96.4, 0.866667, 812.356235, 0, 2.1211673e+19, 2.1224454e+19, 118705.083, -376.038457, -380.89402, 5e+16, 4.50365083e+27, -397.593539, 222.871879, 300.077697, 96.4, 96.4, 0.866667, 0.866667, 5e+16, 3081.08149, 117366.25, 0.779915563, 118704.14, -84703.2792, -1310.94428, -86017.7306, 81172.7354, 621.373244, 81788.9311, 0, 1.20044134e-08, 1.20044134e-08, 48741387.8, 6.85063576e+09, 6.80162626e+09, 0.27, 3.332, 268107.28, -86014.2235, 81794.1087, 0, 6.57152161e+13, 0, 0, 0, 0
0.0776785127, 0, 0, 5e+16, 0, 9.17421093e-22, 3.718e+18, 6.44e+20, 4.84991683, 4, 378.490356, 96.4, 0.866667, 827.039338, 0, 2.1210734e+19, 2.12235308e+19, 119909.13, -376.038386, -380.893947, 5e+16, 4.50314137e+27, -391.992891, 247.889437, 300.076634, 96.4, 96.4, 0.866667, 0.866667, 5e+16, 3125.42853, 118470.444, 0.77587621, 119907.853, -83914.7316, -1290.48641, -85208.6785, 83627.4272, 714.246973, 84336.5363, 0, 1.2004353e-08, 1.2004353e-08, 49683259.8, 6.85526523e+09, 6.80457046e+09, 0.27, 3.332, 1011503.17, -85205.218, 84341.6741, 0, 6.57217299e+13, 0, 0, 0, 0
0.084375, 0, 0, 5e+16, 0, 9.16516636e-22, 3.718e+18, 6.44e+20, 4.84992004, 4, 378.490181, 96.4, 0.866667, 829.585615, 0, 2.12105252e+19, 2.12233543e+19, 123261.714, -376.038212, -380.893776, 5e+16, 4.50304561e+27, -373.420528, 313.39208, 300.073677, 96.4, 96.4, 0.866667, 0.866667, 5e+16, 3118.98866, 121771.962, 0.766643432, 123260.307, -82183.782, -1220.53523, -83407.568, 89786.9144, 958.405014, 90740.2955, 0, 1.20041851e-08, 1.20041851e-08, 51993105.2, 6.86594688e+09, 6.81219899e+09, 0.27, 3.332, 1754789.41, -83404.3171, 90745.3193, 0, 6.57193346e+13, 0, 0, 0, 0
0.0870535127, 0, 0, 5e+16, 0, 9.16231028e-22, 3.718e+18, 6.44e+20, 4.84992105, 4, 378.490081, 96.4, 0.866667, 847.61762, 0, 2.12039708e+19, 2.12168251e+19, 124515.475, -376.038134, -380.893669, 5e+16, 4.49944785e+27, -369.612755, 344.257, 300.072742, 96.4, 96.4, 0.866667, 0.866667, 5e+16, 3173.26983, 122896.668, 0.76275692, 124513.778, -81380.8599, -1207.65734, -82591.7291, 92090.4662, 1075.14882, 93160.6426, 0, 1.20041319e-08, 1.20041319e-08, 53020000, 6.86984194e+09, 6.81393341e+09, 0.27, 3.332, 2888521.61, -82588.5172, 93165.6149, 0, 6.57739789e+13, 0, 0, 0, 0
0.09375, 0, 0, 5e+16, 0, 9.15441136e-22, 3.718e+18, 6.44e+20, 4.84992386, 4, 378.48984, 96.4, 0.866667, 867.50494, 0, 2.11890003e+19, 2.1201912e+19, 127994.914, -376.037943, -380.893414, 5e+16, 4.4911796e+27, -354.512174, 424.242708, 300.070156, 96.4, 96.4, 0.866667, 0.866667, 5e+16, 3231.60222, 126243.801, 0.753867068, 127993.181, -79623.7664, -1149.36966, -80776.1648, 97897.6248, 1378.4395, 99271.2371, 0, 1.20039851e-08, 1.20039851e-08, 55627946.1, 6.87845834e+09, 6.81826003e+09, 0.27, 3.332, 4570356.02, -80773.136, 99276.0643, 0, 6.58985346e+13, 0, 0, 0, 0
0.0964285127, 0, 0, 5e+16, 0, 9.15202754e-22, 3.718e+18, 6.44e+20, 4.84992471, 4, 378.489708, 96.4, 0.866667, 891.624367, 0, 2.11747848e+19, 2.11877316e+19, 129275.946, -376.037859, -380.893265, 5e+16, 4.48339547e+27, -352.665917, 463.449621, 300.069375, 96.4, 96.4, 0.866667, 0.866667, 5e+16, 3306.2296, 127359.381, 0.750133473, 129273.898, -78813.3545, -1144.87341, -79961.2211, 100041.979, 1528.42453, 101565.558, 0, 1.20039407e-08, 1.20039407e-08, 56754430.3, 6.88060302e+09, 6.81762103e+09, 0.27, 3.332, 6227556.05, -79958.2278, 101570.404, 0, 6.60192292e+13, 0, 0, 0, 0
0.103125, 0, 0, 5e+16, 0, 9.14548936e-22, 3.718e+18, 6.44e+20, 4.84992704, 4, 378.489383, 96.4, 0.866667, 935.374711, 0, 2.11400315e+19, 2.11530619e+19, 132817.032, -376.037651, -380.8929, 5e+16, 4.46422771e+27, -340.290923, 564.207555, 300.067233, 96.4, 96.4, 0.866667, 0.866667, 5e+16, 3456.45922, 130669.621, 0.741586472, 132814.865, -77048.9086, -1094.52742, -78146.283, 105468.859, 1914.47692, 107378.457, 0, 1.2003819e-08, 1.2003819e-08, 59691092.4, 6.8846144e+09, 6.81575798e+09, 0.27, 3.332, 9165320.77, -78143.436, 107383.337, 0, 6.63156026e+13, 0, 0, 0, 0
0.105803513, 0, 0, 5e+16, 0, 9.14355006e-22, 3.718e+18, 6.44e+20, 4.84992773, 4, 378.489209, 96.4, 0.866667, 969.456062, 0, 2.11153341e+19, 2.11284079e+19, 134105.165, -376.03756, -380.892697, 5e+16, 4.45078582e+27, -340.668153, 614.849899, 300.066597, 96.4, 96.4, 0.866667, 0.866667, 5e+16, 3566.61335, 131745.996, 0.738004997, 134102.549, -76231.2753, -1099.66363, -77333.7432, 107446.705, 2108.89763, 109550.518, 0, 1.20037829e-08, 1.20037829e-08, 60956182.1, 6.88305209e+09, 6.8105685e+09, 0.27, 3.332, 11527408, -77330.9389, 109555.603, 0, 6.65279502e+13, 0, 0, 0, 0
0.1125, 0, 0, 5e+16, 0, 9.13830948e-22, 3.718e+18, 6.44e+20, 4.84992959, 4, 378.488778, 96.4, 0.866667, 1046.11337, 0, 2.10538408e+19, 2.106702e+19, 137648.574, -376.037336, -380.892193, 5e+16, 4.41704183e+27, -330.251241, 744.205614, 300.064877, 96.4, 96.4, 0.866667, 0.866667, 5e+16, 3845.40967, 134937.23, 0.729799364, 137645.486, -74462.6583, -1053.2862, -75518.6491, 112466.226, 2606.06708, 115066.699, 0, 1.20036852e-08, 1.20036852e-08, 64315600.2, 6.87750275e+09, 6.79703693e+09, 0.27, 3.332, 16150224.2, -75515.9445, 115072.292, 0, 6.70611865e+13, 0, 0, 0, 0
0.115178513, 0, 0, 5e+16, 0, 9.13670616e-22, 3.718e+18, 6.44e+20, 4.84993016, 4, 378.48855, 96.4, 0.866667, 1094.8438, 0, 2.10149566e+19, 2.10281826e+19, 138926.943, -376.03724, -380.891918, 5e+16, 4.39609464e+27, -333.212447, 809.698776, 300.064351, 96.4, 96.4, 0.866667, 0.866667, 5e+16, 4009.5195, 135946.258, 0.726369511, 138923.129, -73630.8894, -1069.75965, -74703.2869, 114273.008, 2856.389, 117123.272, 0, 1.20036553e-08, 1.20036553e-08, 65798277.5, 6.86914908e+09, 6.78391113e+09, 0.27, 3.332, 19439677.7, -74700.649, 117129.396, 0, 6.74007604e+13, 0, 0, 0, 0
0.121875, 0, 0, 5e+16, 0, 9.13248452e-22, 3.718e+18, 6.44e+20, 4.84993166, 4, 378.487982, 96.4, 0.866667, 1214.84795, 0, 2.09175737e+19, 2.09309152e+19, 142421.151, -376.037001, -380.89123, 5e+16, 4.34314031e+27, -323.994222, 976.27705, 300.062966, 96.4, 96.4, 0.866667, 0.866667, 5e+16, 4456.03827, 138941.988, 0.718505437, 142416.169, -71843.4975, -1023.26622, -72869.3591, 118863.924, 3493.6844, 122350.145, 0, 1.20035766e-08, 1.20035766e-08, 69776341.7, 6.84619841e+09, 6.75015266e+09, 0.27, 3.332, 26269406.6, -72866.7636, 122357.608, 0, 6.82625364e+13, 0, 0, 0, 0
0.124553513, 0, 0, 5e+16, 0, 9.13107476e-22, 3.718e+18, 6.44e+20, 4.84993217, 4, 378.487685, 96.4, 0.866667, 1282.72413, 0, 2.08599167e+19, 2.08732977e+19, 143677.432, -376.036899, -380.890861, 5e+16, 4.31256408e+27, -329.968578, 1059.72714, 300.062503, 96.4, 96.4, 0.866667, 0.866667, 5e+16, 4691.43557, 139860.825, 0.715228255, 143671.29, -70983.4525, -1053.06687, -72039.0015, 120500.688, 3809.503, 124301.724, 0, 1.20035503e-08, 1.20035503e-08, 71612629.6, 6.82683467e+09, 6.7244992e+09, 0.27, 3.332, 30722840.5, -72036.5193, 124310.192, 0, 6.87774014e+13, 0, 0, 0, 0
0.13125, 0, 0, 5e+16, 0, 9.12749722e-22, 3.718e+18, 6.44e+20, 4.84993344, 4, 378.486941, 96.4, 0.866667, 1455.35304, 0, 2.07153521e+19, 2.0728831e+19, 147081.497, -376.036646, -380.889937, 5e+16, 4.23506605e+27, -321.204754, 1271.33839, 300.061328, 96.4, 96.4, 0.866667, 0.866667, 5e+16, 5336.27682, 142597.939, 0.707710958, 147073.122, -69143.7625, -1002.3825, -70148.6556, 124654.895, 4611.08723, 129254.98, 0, 1.20034836e-08, 1.20034836e-08, 76547939.5, 6.77575739e+09, 6.65890195e+09, 0.27, 3.332, 40307496.1, -70146.1451, 129265.982, 0, 7.0093463e+13, 0, 0, 0, 0
0.133928513, 0, 0, 5e+16, 0, 9.12617599e-22, 3.718e+18, 6.44e+20, 4.84993392, 4, 378.486555, 96.4, 0.866667, 1504.89733, 0, 2.06337466e+19, 2.06467004e+19, 148309.549, -376.036537, -380.889449, 5e+16, 4.19264672e+27, -329.991612, 1330.6324, 300.060894, 96.4, 99.1093483, 0.866667, 0.919727019, 5e+16, 5653.58691, 143413.473, 0.704590218, 148299.857, -68235.3057, -1047.50976, -69285.1411, 126131.661, 4997.44538, 131116.978, 0, 1.2003459e-08, 1.2003459e-08, 77797753.8, 6.73714884e+09, 6.6151449e+09, 0.27, 3.332, 44206173.9, -69282.8155, 131129.107, 0, 7.08460186e+13, 0, 0, 0, 0
0.140625, 0, 0, 5e+16, 0, 9.12295326e-22, 3.718e+18, 6.44e+20, 4.84993507, 4, 378.485589, 96.4, 0.866667, 1633.46674, 0, 2.04293495e+19, 2.04410042e+19, 151597.374, -376.03627, -380.888222, 5e+16, 4.08505137e+27, -320.660841, 1480.36809, 300.059835, 96.4, 99.1093483, 0.866667, 0.919727019, 5e+16, 6509.38182, 145852.903, 0.697433234, 151585.132, -66292.5658, -988.676091, -67283.6831, 129863.278, 5975.83757, 135824.141, 0, 1.20033987e-08, 1.20033987e-08, 81356118.6, 6.63718773e+09, 6.50362517e+09, 0.27, 3.332, 52206446.5, -67281.2419, 135839.116, 0, 7.27824359e+13, 0, 0, 0, 0
0.143303513, 0, 0, 5e+16, 0, 9.12177478e-22, 3.718e+18, 6.44e+20, 4.84993549, 4, 378.48518, 99.1093483, 0.919727019, 1625.09898, 0, 2.0340033e+19, 2.03506219e+19, 154234.874, -376.036166, -380.887698, 5e+16, 4.03977e+27, -389.187615, 1495.50271, 300.059447, 101.818697, 99.1093483, 0.97278704, 0.919727019, 5e+16, 6715.76454, 148613.31, 0.694784052, 154222.771, -69395.102, -720.556086, -70117.8691, 131234.921, 6067.15029, 137287.093, 0, 1.20033767e-08, 1.20033767e-08, 82337967.1, 6.58322602e+09, 6.45027937e+09, 0.27, 3.332, 50608687.4, -70115.6581, 137302.072, 0, 3.81439531e+13, 0, 0, 0, 0
0.15, 0, 0, 5e+16, 0, 9.11901377e-22, 3.718e+18, 6.44e+20, 4.84993647, 4, 378.484154, 105.882927, 1.05238114, 1722.34053, 0, 2.01163276e+19, 2.01242728e+19, 160891.902, -376.035909, -380.886381, 5e+16, 3.92487397e+27, -538.884902, 1525.27454, 300.05854, 115.365854, 105.882927, 1.23809529, 1.05238114, 5e+16, 7220.29389, 154757.709, 0.688670046, 160879.999, -76118.3104, -1403.09484, -77523.7951, 134679.063, 6298.2897, 140962.375, 0, 1.20033252e-08, 1.20033252e-08, 84516434.1, 6.4485768e+09, 6.31453141e+09, 0.27, 3.332, 49528963.6, -77521.4053, 140977.353, 0, 7.58644753e+12, 0, 0, 0, 0
0.15, 0, 0, 5e+15, 0, 9.11901377e-22, 3.718e+18, 6.44e+20, 4.84993647, 4, 378.484154, 105.882927, 1.05238114, 1278.48976, 0, 2.01163276e+19, 2.01242728e+19, 160891.902, -376.035909, -380.886381, 5e+15, 3.92487397e+27, -98.5941155, 1134.71804, 300.05854, 115.365854, 105.882927, 1.23809529, 1.05238114, 5e+15, 7220.29389, 154757.709, 0.688670046, 160879.999, -76118.3104, -1403.09484, -77523.7951, 134679.063, 6298.2897, 140962.375, 0, 1.20033252e-08, 1.20033252e-08, 84516434.1, 6.4485768e+09, 6.31453141e+09, 0.27, 3.332, 49528963.6, -77521.4053, 140977.353, 0, 7.58644753e+12, 0, 0, 0, 0
0.151785675, 0, 0, 5e+15, 0, 9.1184267e-22, 3.718e+18, 6.44e+20, 4.84993668, 4, 378.483951, 108.592275, 1.10544116, 1230.10808, 0, 2.00768958e+19, 2.00852756e+19, 161838.281, -376.035842, -380.886127, 5e+15, 3.90541745e+27, -163.268401, 1118.96032, 300.058347, 115.365854, 108.592275, 1.23809529, 1.10544116, 5e+15, 6965.53554, 155886.665, 0.685890776, 161826.968, -75566.1999, -1435.13127, -77003.6223, 136329.09, 6016.70746, 142331.71, 0, 1.20033143e-08, 1.20033143e-08, 83721399.3, 6.42408422e+09, 6.29421218e+09, 0.27, 3.332, 46150641.7, -77001.3311, 142345.797, 0, 7.62625089e+12, 0, 0, 0, 0
0.15625, 0, 0, 5e+15, 0, 9.11710218e-22, 3.718e+18, 6.44e+20, 4.84993715, 4, 378.483442, 115.365854, 1.23809529, 1259.42267, 0, 1.99776173e+19, 1.9987081e+19, 164279.577, -376.035676, -380.885491, 5e+15, 3.8560154e+27, -315.971619, 1072.64898, 300.057911, 115.365854, 115.365854, 1.23809529, 1.23809529, 5e+15, 6333.30133, 158981.406, 0.679422626, 164270.244, -74367.4527, -1397.97806, -75767.7915, 140453.621, 5304.32021, 145746.119, 0, 1.20032895e-08, 1.20032895e-08, 81901689.4, 6.36099734e+09, 6.242411e+09, 0.27, 3.332, 36684647.3, -75765.4307, 145757.941, 0, 7.72785387e+12, 0, 0, 0, 0
0.158035675, 0, 0, 5e+15, 0, 9.11670003e-22, 3.718e+18, 6.44e+20, 4.8499373, 4, 378.483261, 115.365854, 1.23809529, 1229.89981, 0, 1.99454765e+19, 1.99549499e+19, 164998.194, -376.035606, -380.885268, 5e+15, 3.84025679e+27, -319.420634, 1040.4372, 300.057779, 115.365854, 115.365854, 1.23809529, 1.23809529, 5e+15, 6165.98081, 159819.136, 0.677352987, 164988.948, -73846.854, -1423.80521, -75272.9442, 141712.231, 5116.68466, 146817.354, 0, 1.2003282e-08, 1.2003282e-08, 82237260.4, 6.34530335e+09, 6.22770245e+09, 0.27, 3.332, 35363635.4, -75270.6592, 146828.915, 0, 7.76099793e+12, 0, 0, 0, 0
0.1625, 0, 0, 5e+15, 0, 9.1158437e-22, 3.718e+18, 6.44e+20, 4.8499376, 4, 378.482808, 115.365854, 1.23809529, 1159.53954, 0, 1.98644694e+19, 1.98739676e+19, 166851.201, -376.035434, -380.884709, 5e+15, 3.80023562e+27, -314.630504, 958.993098, 300.057498, 115.365854, 115.365854, 1.23809529, 1.23809529, 5e+15, 5755.02392, 162123.212, 0.672557945, 166842.547, -72707.6469, -1392.16038, -74102.1396, 144846.315, 4641.44337, 149476.87, 0, 1.2003266e-08, 1.2003266e-08, 83204639.7, 6.30450088e+09, 6.19015938e+09, 0.27, 3.332, 31136863, -74099.8073, 149487.759, 0, 7.84549503e+12, 0, 0, 0, 0
0.164285675, 0, 0, 5e+15, 0, 9.11562485e-22, 3.718e+18, 6.44e+20, 4.84993768, 4, 378.482646, 115.365854, 1.23809529, 1135.5928, 0, 1.98384379e+19, 1.98479451e+19, 167573.597, -376.035362, -380.884513, 5e+15, 3.78758608e+27, -317.256735, 932.221679, 300.057426, 115.365854, 115.365854, 1.23809529, 1.23809529, 5e+15, 5620.13982, 162946.51, 0.670548187, 167564.946, -72208.4796, -1412.43962, -73623.1948, 146050.473, 4484.8079, 150524.538, 0, 1.20032619e-08, 1.20032619e-08, 83662096, 6.29362879e+09, 6.1800096e+09, 0.27, 3.332, 29957099.1, -73620.9193, 150535.281, 0, 7.87281536e+12, 0, 0, 0, 0
0.16875, 0, 0, 5e+15, 0, 9.11522339e-22, 3.718e+18, 6.44e+20, 4.84993782, 4, 378.482239, 115.365854, 1.23809529, 1078.48267, 0, 1.97727714e+19, 1.97823013e+19, 169426.68, -376.035183, -380.88402, 5e+15, 3.75545491e+27, -312.91015, 864.44251, 300.057294, 115.365854, 115.365854, 1.23809529, 1.23809529, 5e+15, 5288.15313, 165185.356, 0.665894173, 169418.361, -71109.1649, -1385.39311, -72496.8618, 149039.933, 4087.64543, 153117.214, 0, 1.20032544e-08, 1.20032544e-08, 84908376.9, 6.26513836e+09, 6.15406006e+09, 0.27, 3.332, 26169926.5, -72494.5579, 153127.579, 0, 7.94238988e+12, 0, 0, 0, 0
0.170535675, 0, 0, 5e+15, 0, 9.11517727e-22, 3.718e+18, 6.44e+20, 4.84993784, 4, 378.482092, 115.365854, 1.23809529, 1059.33281, 0, 1.97518719e+19, 1.97614143e+19, 170145.321, -376.035109, -380.883845, 5e+15, 3.74537319e+27, -314.803442, 842.403233, 300.057278, 115.365854, 115.365854, 1.23809529, 1.23809529, 5e+15, 5181.77067, 165987.091, 0.663942342, 170136.936, -70623.3341, -1400.83731, -72026.4333, 150190.107, 3959.00317, 154138.797, 0, 1.20032535e-08, 1.20032535e-08, 85450057.1, 6.25812769e+09, 6.14754273e+09, 0.27, 3.332, 25134908.3, -72024.1714, 154149.11, 0, 7.96464313e+12, 0, 0, 0, 0
0.175, 0, 0, 5e+15, 0, 9.11519633e-22, 3.718e+18, 6.44e+20, 4.84993783, 4, 378.481725, 115.365854, 1.23809529, 1013.36648, 0, 1.96991136e+19, 1.97086876e+19, 171982.492, -376.034924, -380.883408, 5e+15, 3.71976124e+27, -310.802045, 786.529159, 300.057285, 115.365854, 115.365854, 1.23809529, 1.23809529, 5e+15, 4918.3456, 168149.235, 0.659423689, 171974.222, -69548.2931, -1377.4361, -70928.0043, 153038.319, 3632.42285, 156660.567, 0, 1.20032539e-08, 1.20032539e-08, 86885972.2, 6.23950279e+09, 6.13083727e+09, 0.27, 3.332, 21779550.8, -70925.7292, 156670.742, 0, 8.02126001e+12, 0, 0, 0, 0
0.176785675, 0, 0, 5e+15, 0, 9.11530901e-22, 3.718e+18, 6.44e+20, 4.84993779, 4, 378.48159, 115.365854, 1.23809529, 998.481697, 0, 1.96824586e+19, 1.96920475e+19, 172690.498, -376.034847, -380.883252, 5e+15, 3.71177422e+27, -312.05555, 768.81921, 300.057322, 115.365854, 115.365854, 1.23809529, 1.23809529, 5e+15, 4836.54952, 168923.262, 0.657528666, 172682.107, -69069.145, -1388.73705, -70460.1264, 154134.29, 3528.93874, 157653.033, 0, 1.2003256e-08, 1.2003256e-08, 87481575.5, 6.2355697e+09, 6.12718601e+09, 0.27, 3.332, 20902113.9, -70457.8821, 157663.229, 0, 8.03920486e+12, 0, 0, 0, 0
0.18125, 0, 0, 5e+15, 0, 9.11570758e-22, 3.718e+18, 6.44e+20, 4.84993765, 4, 378.481254, 115.365854, 1.23809529, 962.197421, 0, 1.96403927e+19, 1.96500195e+19, 174496.821, -376.034658, -380.882859, 5e+15, 3.69148286e+27, -308.309434, 723.849649, 300.057453, 115.365854, 115.365854, 1.23809529, 1.23809529, 5e+15, 4631.45611, 170998.573, 0.653141635, 174488.374, -68005.5223, -1368.13025, -69375.8977, 156842.675, 3265.85791, 160098.291, 0, 1.20032635e-08, 1.20032635e-08, 89035683.9, 6.22480863e+09, 6.11777767e+09, 0.27, 3.332, 17995272.6, -69373.6525, 160108.532, 0, 8.08482108e+12, 0, 0, 0, 0
0.183035675, 0, 0, 5e+15, 0, 9.11596681e-22, 3.718e+18, 6.44e+20, 4.84993756, 4, 378.481129, 115.365854, 1.23809529, 951.063254, 0, 1.96271781e+19, 1.96368217e+19, 175187.984, -376.034579, -380.882717, 5e+15, 3.68517566e+27, -309.015874, 710.09266, 300.057538, 115.365854, 115.365854, 1.23809529, 1.23809529, 5e+15, 4570.57439, 171739.519, 0.651302984, 175179.381, -67527.7048, -1375.94375, -68905.8709, 157883.659, 3185.01008, 161058.359, 0, 1.20032683e-08, 1.20032683e-08, 89661315.3, 6.22333429e+09, 6.116389e+09, 0.27, 3.332, 17283982.5, -68903.6486, 161068.669, 0, 8.09919835e+12, 0, 0, 0, 0
0.1875, 0, 0, 5e+15, 0, 9.11671011e-22, 3.718e+18, 6.44e+20, 4.84993729, 4, 378.480818, 115.365854, 1.23809529, 923.106416, 0, 1.95937917e+19, 1.96034779e+19, 176949.586, -376.034384, -380.882361, 5e+15, 3.66915349e+27, -305.44471, 675.089565, 300.057782, 115.365854, 115.365854, 1.23809529, 1.23809529, 5e+15, 4414.40825, 173718.701, 0.647045446, 176940.814, -66465.0501, -1357.39094, -67824.6544, 160451.891, 2979.1148, 163420.531, 0, 1.20032822e-08, 1.20032822e-08, 91277556.8, 6.21885209e+09, 6.11274128e+09, 0.27, 3.332, 14833250.4, -67822.441, 163431.007, 0, 8.1357151e+12, 0, 0, 0, 0
0.189285675, 0, 0, 5e+15, 0, 9.11711022e-22, 3.718e+18, 6.44e+20, 4.84993715, 4, 378.480701, 115.365854, 1.23809529, 915.266, 0, 1.95832866e+19, 1.95929912e+19, 177618.383, -376.034303, -380.882229, 5e+15, 3.66415866e+27, -305.693284, 664.967908, 300.057914, 115.365854, 115.365854, 1.23809529, 1.23809529, 5e+15, 4371.23179, 174421.756, 0.645263271, 177609.442, -65984.3238, -1362.32813, -67348.8476, 161436.618, 2918.84494, 164344.9, 0, 1.20032897e-08, 1.20032897e-08, 91914724.8, 6.21938467e+09, 6.11317487e+09, 0.27, 3.332, 14295079.6, -67346.6519, 164355.463, 0, 8.14723811e+12, 0, 0, 0, 0
0.19375, 0, 0, 5e+15, 0, 9.11818205e-22, 3.718e+18, 6.44e+20, 4.84993676, 4, 378.480409, 115.365854, 1.23809529, 894.492647, 0, 1.95567458e+19, 1.95664969e+19, 179322.515, -376.034104, -380.881902, 5e+15, 3.65147426e+27, -302.227901, 639.136961, 300.058267, 115.365854, 115.365854, 1.23809529, 1.23809529, 5e+15, 4256.00647, 176295.919, 0.641134438, 179313.355, -64914.1704, -1345.19534, -66261.5446, 163862.788, 2764.96837, 166616.975, 0, 1.20033097e-08, 1.20033097e-08, 93549897.3, 6.22001837e+09, 6.11416276e+09, 0.27, 3.332, 12305705.5, -66259.3657, 166627.757, 0, 8.17647856e+12, 0, 0, 0, 0
0.195535675, 0, 0, 5e+15, 0, 9.11872954e-22, 3.718e+18, 6.44e+20, 4.84993657, 4, 378.480297, 115.365854, 1.23809529, 889.587305, 0, 1.95482761e+19, 1.95580474e+19, 179964.13, -376.034022, -380.881778, 5e+15, 3.64745987e+27, -302.102247, 632.429147, 300.058447, 115.365854, 115.365854, 1.23809529, 1.23809529, 5e+15, 4227.98552, 176956.637, 0.639409277, 179954.814, -64427.1884, -1347.81882, -65777.1712, 164789.546, 2723.84598, 167502.533, 0, 1.20033199e-08, 1.20033199e-08, 94184644.4, 6.22227253e+09, 6.11613864e+09, 0.27, 3.332, 11949244.9, -65775.0072, 167513.392, 0, 8.18583512e+12, 0, 0, 0, 0
0.2, 0, 0, 5e+15, 0, 9.12014605e-22, 3.718e+18, 6.44e+20, 4.84993606, 4, 378.480018, 115.365854, 1.23809529, 875.156155, 0, 1.95268866e+19, 1.95367086e+19, 181599.248, -376.033817, -380.88147, 5e+15, 3.63727193e+27, -298.684495, 615.213788, 300.058912, 115.365854, 115.365854, 1.23809529, 1.23809529, 5e+15, 4147.62198, 178716.873, 0.635409487, 181589.732, -63342.5772, -1331.56488, -64676.283, 167070.23, 2618.38134, 169677.558, 0, 1.20033464e-08, 1.20033464e-08, 95806217.9, 6.22727985e+09, 6.12104156e+09, 0.27, 3.332, 10432064.2, -64674.1421, 169688.612, 0, 8.20955132e+12, 0, 0, 0, 0
0.201785675, 0, 0, 5e+15, 0, 9.12086675e-22, 3.718e+18, 6.44e+20, 4.84993581, 4, 378.479909, 115.365854, 1.23809529, 872.963308, 0, 1.95198127e+19, 1.95296572e+19, 182209.581, -376.033733, -380.881351, 5e+15, 3.63392806e+27, -298.261602, 611.83347, 300.059149, 115.365854, 115.365854, 1.23809529, 1.23809529, 5e+15, 4133.03963, 179330.948, 0.633742221, 182199.949, -62846.6362, -1332.38983, -64181.1532, 167936.857, 2595.78475, 170521.55, 0, 1.20033598e-08, 1.20033598e-08, 96428477.1, 6.23113309e+09, 6.12443358e+09, 0.27, 3.332, 10271031.3, -64179.026, 170532.642, 0, 8.21741727e+12, 0, 0, 0, 0
0.20625, 0, 0, 5e+15, 0, 9.12269403e-22, 3.718e+18, 6.44e+20, 4.84993516, 4, 378.479639, 115.365854, 1.23809529, 864.41535, 0, 1.95019654e+19, 1.95118664e+19, 183765.422, -376.033526, -380.881056, 5e+15, 3.62545145e+27, -294.842778, 603.012919, 300.05975, 115.365854, 115.365854, 1.23809529, 1.23809529, 5e+15, 4083.77498, 180967.907, 0.629872782, 183755.682, -61741.5925, -1316.54488, -63060.2362, 170067.095, 2537.14098, 172593.05, 0, 1.20033939e-08, 1.20033939e-08, 98012994.2, 6.240183e+09, 6.13291901e+09, 0.27, 3.332, 9250997.16, -63058.1374, 172604.237, 0, 8.23732549e+12, 0, 0, 0, 0
0.208035675, 0, 0, 5e+15, 0, 9.12364334e-22, 3.718e+18, 6.44e+20, 4.84993482, 4, 378.479531, 115.365854, 1.23809529, 864.887109, 0, 1.94956529e+19, 1.95055798e+19, 184341.11, -376.03344, -380.880939, 5e+15, 3.62247465e+27, -294.19267, 603.049909, 300.060062, 115.365854, 115.365854, 1.23809529, 1.23809529, 5e+15, 4081.92522, 181530.954, 0.628264584, 184331.323, -61234.3707, -1316.04419, -62552.4999, 170870.932, 2533.45685, 173393.237, 0, 1.20034116e-08, 1.20034116e-08, 98616292.1, 6.24566784e+09, 6.13774353e+09, 0.27, 3.332, 9308014.74, -62550.4149, 173404.39, 0, 8.24438951e+12, 0, 0, 0, 0
0.2125, 0, 0, 5e+15, 0, 9.12602269e-22, 3.718e+18, 6.44e+20, 4.84993397, 4, 378.479264, 115.365854, 1.23809529, 862.227819, 0, 1.9479752e+19, 1.9489744e+19, 185808.768, -376.033228, -380.880649, 5e+15, 3.61494134e+27, -290.730925, 602.84215, 300.060843, 115.365854, 115.365854, 1.23809529, 1.23809529, 5e+15, 4062.73376, 183034.375, 0.624527679, 185799.04, -60103.3415, -1300.18219, -61405.5757, 172844.099, 2522.55999, 175355.587, 0, 1.20034561e-08, 1.20034561e-08, 100148623, 6.25882016e+09, 6.14983825e+09, 0.27, 3.332, 8833290.5, -61403.5237, 175366.659, 0, 8.26223394e+12, 0, 0, 0, 0
0.214285675, 0, 0, 5e+15, 0, 9.12730082e-22, 3.718e+18, 6.44e+20, 4.84993351, 4, 378.479155, 115.365854, 1.23809529, 865.535736, 0, 1.94735359e+19, 1.94835588e+19, 186347.207, -376.033141, -380.880532, 5e+15, 3.61201663e+27, -289.9169, 606.605465, 300.061263, 115.365854, 115.365854, 1.23809529, 1.23809529, 5e+15, 4074.14969, 183541.692, 0.622979988, 186337.53, -59582.6211, -1298.79524, -60883.4535, 173581.907, 2539.39887, 176110.369, 0, 1.20034799e-08, 1.20034799e-08, 100730263, 6.26611021e+09, 6.15623607e+09, 0.27, 3.332, 9143883.74, -60881.4164, 176121.306, 0, 8.26923392e+12, 0, 0, 0, 0
0.21875, 0, 0, 5e+15, 0, 9.13048657e-22, 3.718e+18, 6.44e+20, 4.84993238, 4, 378.478885, 115.365854, 1.23809529, 869.338455, 0, 1.94579101e+19, 1.946801e+19, 187719.214, -376.032926, -380.88024, 5e+15, 3.60463049e+27, -286.37394, 615.775189, 300.06231, 115.365854, 115.365854, 1.23809529, 1.23809529, 5e+15, 4087.30909, 184899.903, 0.619378663, 187709.837, -58419.8741, -1282.50216, -59704.3765, 175389.497, 2580.23393, 177959.125, 0, 1.20035393e-08, 1.20035393e-08, 102204071, 6.28377984e+09, 6.17228038e+09, 0.27, 3.332, 9295385.43, -59702.3763, 177969.731, 0, 8.28687899e+12, 0, 0, 0, 0
0.220535675, 0, 0, 5e+15, 0, 9.1322616e-22, 3.718e+18, 6.44e+20, 4.84993174, 4, 378.478772, 115.365854, 1.23809529, 875.930142, 0, 1.94510515e+19, 1.94611893e+19, 188218.606, -376.032837, -380.880117, 5e+15, 3.60141075e+27, -285.453139, 623.837469, 300.062892, 115.365854, 115.365854, 1.23809529, 1.23809529, 5e+15, 4114.09204, 185346.265, 0.617893193, 188209.402, -57883.2584, -1280.64604, -59165.8883, 176057.366, 2620.65478, 178667.677, 0, 1.20035724e-08, 1.20035724e-08, 102766038, 6.29316722e+09, 6.18048908e+09, 0.27, 3.332, 9912090.99, -59163.9045, 178678.021, 0, 8.29465025e+12, 0, 0, 0, 0
0.225, 0, 0, 5e+15, 0, 9.13667832e-22, 3.718e+18, 6.44e+20, 4.84993017, 4, 378.478493, 115.365854, 1.23809529, 887.476956, 0, 1.94338453e+19, 1.94440776e+19, 189489.035, -376.032618, -380.879813, 5e+15, 3.59329578e+27, -281.790551, 643.807253, 300.064342, 115.365854, 115.365854, 1.23809529, 1.23809529, 5e+15, 4166.0206, 186545.7, 0.614431411, 189480.437, -56682.2416, -1263.48549, -57947.6704, 177688.739, 2720.8287, 180399.872, 0, 1.20036548e-08, 1.20036548e-08, 104186017, 6.3160663e+09, 6.20106705e+09, 0.27, 3.332, 10813234.5, -57945.7271, 180409.567, 0, 8.3142033e+12, 0, 0, 0, 0
0.226785675, 0, 0, 5e+15, 0, 9.13922028e-22, 3.718e+18, 6.44e+20, 4.84992927, 4, 378.478375, 115.365854, 1.23809529, 898.147513, 0, 1.94254803e+19, 1.94357598e+19, 189948.45, -376.032529, -380.879682, 5e+15, 3.58937874e+27, -280.814605, 657.049076, 300.065176, 115.365854, 115.365854, 1.23809529, 1.23809529, 5e+15, 4212.29793, 186925.163, 0.613010187, 189940.169, -56126.8633, -1261.56794, -57390.3558, 178282.003, 2789.55725, 181062.275, 0, 1.20037022e-08, 1.20037022e-08, 104736951, 6.32792738e+09, 6.21138077e+09, 0.27, 3.332, 11809658, -57388.4312, 181071.56, 0, 8.32373971e+12, 0, 0, 0, 0
0.23125, 0, 0, 5e+15, 0, 9.14554797e-22, 3.718e+18, 6.44e+20, 4.84992702, 4, 378.47808, 115.365854, 1.23809529, 919.613821, 0, 1.94045295e+19, 1.94149267e+19, 191113.057, -376.032307, -380.879356, 5e+15, 3.57952134e+27, -276.990043, 690.010107, 300.067251, 115.365854, 115.365854, 1.23809529, 1.23809529, 5e+15, 4314.70387, 187949.917, 0.60969297, 191105.743, -54879.5223, -1243.04539, -56124.4491, 179724.136, 2960.8463, 182676.717, 0, 1.20038201e-08, 1.20038201e-08, 106123730, 6.3569783e+09, 6.23721867e+09, 0.27, 3.332, 13635901, -56122.5677, 182684.983, 0, 8.34770673e+12, 0, 0, 0, 0
0.233035675, 0, 0, 5e+15, 0, 9.14927843e-22, 3.718e+18, 6.44e+20, 4.84992569, 4, 378.477951, 115.365854, 1.23809529, 935.587886, 0, 1.93936116e+19, 1.94040682e+19, 191532.551, -376.032216, -380.87921, 5e+15, 3.57442488e+27, -276.005571, 709.662177, 300.068473, 115.365854, 115.365854, 1.23809529, 1.23809529, 5e+15, 4387.17708, 188255.709, 0.608338406, 191525.712, -54301.7488, -1241.47823, -55545.0866, 180237.338, 3064.46474, 183294.107, 0, 1.20038895e-08, 1.20038895e-08, 106682543, 6.37172542e+09, 6.24993236e+09, 0.27, 3.332, 15110516.9, -55543.227, 183301.803, 0, 8.36023635e+12, 0, 0, 0, 0
0.2375, 0, 0, 5e+15, 0, 9.1585765e-22, 3.718e+18, 6.44e+20, 4.84992238, 4, 378.477631, 115.365854, 1.23809529, 970.254668, 0, 1.93662996e+19, 1.9376904e+19, 192588.99, -376.031992, -380.878849, 5e+15, 3.56161187e+27, -271.968969, 758.67941, 300.07152, 115.365854, 115.365854, 1.23809529, 1.23809529, 5e+15, 4558.35497, 189087.236, 0.605172063, 192583.508, -52997.8032, -1221.00566, -54220.6233, 181474.689, 3323.2888, 184791.701, 0, 1.20040625e-08, 1.20040625e-08, 108081651, 6.40793833e+09, 6.28175852e+09, 0.27, 3.332, 18098162.5, -54218.8089, 184797.979, 0, 8.39171599e+12, 0, 0, 0, 0
0.239285675, 0, 0, 5e+15, 0, 9.16413868e-22, 3.718e+18, 6.44e+20, 4.84992041, 4, 378.477487, 115.365854, 1.23809529, 993.263783, 0, 1.93515363e+19, 1.93622154e+19, 192969.772, -376.0319, -380.878683, 5e+15, 3.55474934e+27, -271.017722, 786.360595, 300.073339, 115.365854, 115.365854, 1.23809529, 1.23809529, 5e+15, 4666.78029, 189311.754, 0.603887062, 192964.922, -52392.9423, -1220.21736, -53614.9478, 181901.642, 3470.3663, 185366.461, 0, 1.20041659e-08, 1.20041659e-08, 108683585, 6.42595666e+09, 6.2970954e+09, 0.27, 3.332, 20177669.8, -53613.1597, 185372.009, 0, 8.40879419e+12, 0, 0, 0, 0
0.24375, 0, 0, 5e+15, 0, 9.17802144e-22, 3.718e+18, 6.44e+20, 4.84991548, 4, 378.477131, 115.365854, 1.23809529, 1045.70837, 0, 1.93146379e+19, 1.9325503e+19, 193917.913, -376.031674, -380.87827, 5e+15, 3.53750586e+27, -266.707651, 855.467324, 300.077879, 115.365854, 115.365854, 1.23809529, 1.23809529, 5e+15, 4932.57016, 189928.81, 0.600879509, 193914.816, -51019.121, -1197.07945, -52217.9429, 182916.197, 3838.11411, 186750.579, 0, 1.20044238e-08, 1.20044238e-08, 110180487, 6.47026995e+09, 6.33545805e+09, 0.27, 3.332, 24631417.9, -52216.2005, 186754.31, 0, 8.45171932e+12, 0, 0, 0, 0
0.245535675, 0, 0, 5e+15, 0, 9.18637656e-22, 3.718e+18, 6.44e+20, 4.84991252, 4, 378.476967, 115.365854, 1.23809529, 1078.03933, 0, 1.92944229e+19, 1.93053814e+19, 194262.588, -376.031581, -380.878075, 5e+15, 3.52816372e+27, -265.826121, 893.217755, 300.080605, 115.365854, 115.365854, 1.23809529, 1.23809529, 5e+15, 5089.8965, 190063.781, 0.59966761, 194260.265, -50381.1303, -1197.52592, -51580.3661, 183250.184, 4039.24222, 187286.567, 0, 1.20045786e-08, 1.20045786e-08, 110886743, 6.49184192e+09, 6.35348157e+09, 0.27, 3.332, 27473609.2, -51578.6563, 187289.426, 0, 8.47534477e+12, 0, 0, 0, 0
0.25, 0, 0, 5e+15, 0, 9.20725453e-22, 3.718e+18, 6.44e+20, 4.84990513, 4, 378.476561, 115.365854, 1.23809529, 1154.23123, 0, 1.92439401e+19, 1.92551308e+19, 195104.997, -376.031353, -380.87759, 5e+15, 3.50469741e+27, -261.166298, 987.497618, 300.087415, 115.365854, 115.365854, 1.23809529, 1.23809529, 5e+15, 5483.60005, 190442.73, 0.596828785, 195104.784, -48920.3737, -1170.84973, -50092.8883, 184021.837, 4542.35779, 188563.506, 0, 1.20049655e-08, 1.20049655e-08, 112630715, 6.5449313e+09, 6.39852794e+09, 0.27, 3.332, 33772645.2, -50091.2234, 188564.195, 0, 8.53478749e+12, 0, 0, 0, 0
0.251785675, 0, 0, 5e+15, 0, 9.21981069e-22, 3.718e+18, 6.44e+20, 4.8499007, 4, 378.47637, 115.365854, 1.23809529, 1198.72686, 0, 1.92162837e+19, 1.92275903e+19, 195417.908, -376.031259, -380.877356, 5e+15, 3.49201931e+27, -260.384692, 1037.80898, 300.091496, 115.365854, 115.365854, 1.23809529, 1.23809529, 5e+15, 5705.51762, 190479.598, 0.595694326, 195418.575, -48241.5796, -1173.02213, -49416.225, 184256.008, 4810.05412, 189066.354, 0, 1.20051973e-08, 1.20051973e-08, 113543056, 6.57015556e+09, 6.41904343e+09, 0.27, 3.332, 37569072.1, -49414.6017, 189066.062, 0, 8.56755089e+12, 0, 0, 0, 0
0.25625, 0, 0, 5e+15, 0, 9.25121364e-22, 3.718e+18, 6.44e+20, 4.84988963, 4, 378.475896, 115.365854, 1.23809529, 1305.97978, 0, 1.91472788e+19, 1.91588729e+19, 196160.526, -376.031028, -380.876772, 5e+15, 3.46018021e+27, -255.280533, 1163.47072, 300.101699, 115.365854, 115.365854, 1.23809529, 1.23809529, 5e+15, 6266.34084, 190595.243, 0.593036706, 196163.58, -46672.217, -1141.75192, -47815.55, 184763.38, 5479.79303, 190245.901, 0, 1.20057769e-08, 1.20057769e-08, 115783410, 6.63222913e+09, 6.47027349e+09, 0.27, 3.332, 46172231.3, -47813.9689, 190243.173, 0, 8.6501203e+12, 0, 0, 0, 0
0.258035675, 0, 0, 5e+15, 0, 9.26999416e-22, 3.718e+18, 6.44e+20, 4.84988304, 4, 378.475669, 115.365854, 1.23809529, 1366.00161, 0, 1.91097389e+19, 1.91214754e+19, 196448.217, -376.030934, -380.876485, 5e+15, 3.44316232e+27, -254.62106, 1229.32098, 300.107767, 115.365854, 115.365854, 1.23809529, 1.23809529, 5e+15, 6570.26957, 190525.841, 0.591985035, 196452.207, -45943.0544, -1146.18055, -47090.7618, 184891.391, 5828.24206, 190723.394, 0, 1.20061216e-08, 1.20061216e-08, 117065484, 6.66094636e+09, 6.49272933e+09, 0.27, 3.332, 51151548.6, -47089.2349, 190719.633, 0, 8.69540329e+12, 0, 0, 0, 0
0.2625, 0, 0, 5e+15, 0, 9.31699295e-22, 3.718e+18, 6.44e+20, 4.84986656, 4, 378.475105, 115.365854, 1.23809529, 1512.82508, 0, 1.90161735e+19, 1.90282629e+19, 197101.317, -376.030701, -380.875771, 5e+15, 3.40043135e+27, -248.956039, 1393.78413, 300.122949, 115.365854, 115.365854, 1.23809529, 1.23809529, 5e+15, 7340.70032, 190352.887, 0.589524255, 197107.839, -44237.9734, -1109.05969, -45348.5223, 185113.195, 6700.01957, 191819.542, 0, 1.20069841e-08, 1.20069841e-08, 120204449, 6.73155642e+09, 6.54874851e+09, 0.27, 3.332, 62603458.4, -45347.0331, 191813.215, 0, 8.80978716e+12, 0, 0, 0, 0
0.264285675, 0, 0, 5e+15, 0, 9.34485278e-22, 3.718e+18, 6.44e+20, 4.84985687, 4, 378.474832, 115.365854, 1.23809529, 1592.22458, 0, 1.89657887e+19, 1.89780517e+19, 197373.153, -376.030607, -380.875415, 5e+15, 3.37793528e+27, -248.43051, 1478.69195, 300.131872, 115.365854, 115.365854, 1.23809529, 1.23809529, 5e+15, 7744.58086, 190170.435, 0.588561961, 197380.593, -43446.7499, -1116.31394, -44564.4812, 185130.116, 7144.6317, 192282.09, 0, 1.2007491e-08, 1.2007491e-08, 122111928, 6.76330018e+09, 6.57215097e+09, 0.27, 3.332, 69037283, -44563.0638, 192274.748, 0, 8.8720423e+12, 0, 0, 0, 0
0.26875, 0, 0, 5e+15, 0, 9.4146018e-22, 3.718e+18, 6.44e+20, 4.84983262, 4, 378.474152, 115.365854, 1.23809529, 1788.22475, 0, 1.88403754e+19, 1.88530678e+19, 197952.645, -376.030372, -380.874528, 5e+15, 3.32145657e+27, -242.061782, 1690.72125, 300.154212, 115.365854, 115.365854, 1.23809529, 1.23809529, 5e+15, 8767.75153, 189685.756, 0.58631753, 197962.587, -41572.5765, -1071.87542, -42645.8376, 185047.143, 8256.91636, 193313.914, 0, 1.20087602e-08, 1.20087602e-08, 126779335, 6.84121644e+09, 6.63045753e+09, 0.27, 3.332, 83979578.5, -42644.4518, 193304.06, 0, 9.02978235e+12, 0, 0, 0, 0
0.270535675, 0, 0, 5e+15, 0, 9.45550425e-22, 3.718e+18, 6.44e+20, 4.84981857, 4, 378.473819, 115.365854, 1.23809529, 1891.38836, 0, 1.87735995e+19, 1.87865031e+19, 198221.624, -376.030276, -380.874083, 5e+15, 3.29224658e+27, -241.668554, 1798.84658, 300.16715, 115.365854, 115.365854, 1.23809529, 1.23809529, 5e+15, 9289.03435, 189386.254, 0.585452701, 198232.383, -40705.2814, -1082.55961, -41789.131, 184950.678, 8813.70584, 193775.15, 0, 1.20094953e-08, 1.20094953e-08, 129701523, 6.87521198e+09, 6.6533163e+09, 0.27, 3.332, 92194165, -41787.8409, 193764.385, 0, 9.114948e+12, 0, 0, 0, 0
0.275, 0, 0, 5e+15, 0, 9.55793548e-22, 3.718e+18, 6.44e+20, 4.8497834, 4, 378.47299, 115.365854, 1.23809529, 2147.39688, 0, 1.86076666e+19, 1.86210902e+19, 198750.803, -376.03004, -380.872974, 5e+15, 3.21892096e+27, -234.421008, 2068.80148, 300.199548, 115.365854, 115.365854, 1.23809529, 1.23809529, 5e+15, 10606.7938, 188572.038, 0.583448821, 198763.822, -38621.6052, -1029.12646, -39651.9965, 184548.422, 10206.4593, 194767.89, 0, 1.20113359e-08, 1.20113359e-08, 136857848, 6.95841275e+09, 6.71016572e+09, 0.27, 3.332, 111389184, -39650.7316, 194754.881, 0, 9.3316054e+12, 0, 0, 0, 0
0.276785675, 0, 0, 5e+15, 0, 9.61731055e-22, 3.718e+18, 6.44e+20, 4.84976337, 4, 378.472582, 115.365854, 1.23809529, 2279.4245, 0, 1.85203028e+19, 1.85339835e+19, 199034.589, -376.029943, -380.872415, 5e+15, 3.18173243e+27, -234.141272, 2205.13543, 300.217996, 115.365854, 115.365854, 1.23809529, 1.23809529, 5e+15, 11261.7267, 188156.059, 0.582691323, 199048.233, -37661.7805, -1043.87308, -38706.7903, 184340.4, 10891.2629, 195245.39, 0, 1.20123841e-08, 1.20123841e-08, 141374691, 6.99365036e+09, 6.73048717e+09, 0.27, 3.332, 121788499, -38705.6536, 195231.663, 0, 9.4477493e+12, 0, 0, 0, 0
0.28125, 0, 0, 5e+15, 0, 9.76603231e-22, 3.718e+18, 6.44e+20, 4.8497132, 4, 378.471564, 115.365854, 1.23809529, 2607.9891, 0, 1.83036709e+19, 1.83179818e+19, 199546.452, -376.029706, -380.871021, 5e+15, 3.08838902e+27, -225.798602, 2545.44157, 300.264197, 115.365854, 115.365854, 1.23809529, 1.23809529, 5e+15, 12913.2917, 187003.957, 0.58095779, 199561.885, -35320.4922, -979.569785, -36301.1784, 183612.298, 12603.9828, 196231.748, 0, 1.20150092e-08, 1.20150092e-08, 152452050, 7.07949631e+09, 6.78087629e+09, 0.27, 3.332, 146167978, -36300.0619, 196216.281, 0, 9.7447359e+12, 0, 0, 0, 0
0.283035675, 0, 0, 5e+15, 0, 9.85125297e-22, 3.718e+18, 6.44e+20, 4.84968516, 4, 378.471061, 115.365854, 1.23809529, 2775.06447, 0, 1.81907951e+19, 1.8205422e+19, 199868.694, -376.029609, -380.870317, 5e+15, 3.04203398e+27, -225.591773, 2716.15442, 300.290013, 115.365854, 115.365854, 1.23809529, 1.23809529, 5e+15, 13716.3477, 186478.912, 0.580319558, 199884.471, -34249.2213, -999.031312, -35249.1968, 183300.453, 13431.5646, 196747.922, 0, 1.20164761e-08, 1.20164761e-08, 159413317, 7.11490927e+09, 6.79621834e+09, 0.27, 3.332, 159277611, -35248.2525, 196732.018, 0, 9.90309477e+12, 0, 0, 0, 0
0.2875, 0, 0, 5e+15, 0, 1.00647451e-21, 3.718e+18, 6.44e+20, 4.84961494, 4, 378.469806, 115.365854, 1.23809529, 3191.41715, 0, 1.79116521e+19, 1.79270486e+19, 200408.921, -376.029369, -380.868561, 5e+15, 2.92569462e+27, -215.882363, 3142.16842, 300.354674, 115.365854, 115.365854, 1.23809529, 1.23809529, 5e+15, 15736.9945, 184995.271, 0.578892727, 200425.788, -31594.0924, -921.806463, -32516.8223, 182251.631, 15501.0395, 197769.591, 0, 1.20201505e-08, 1.20201505e-08, 176511002, 7.20057177e+09, 6.83402343e+09, 0.27, 3.332, 190037344, -32515.8989, 197752.671, 0, 1.03106677e+13, 0, 0, 0, 0
0.289285675, 0, 0, 5e+15, 0, 1.01857835e-21, 3.718e+18, 6.44e+20, 4.84957648, 4, 378.469184, 115.365854, 1.23809529, 3401.46324, 0, 1.77675131e+19, 1.77833051e+19, 200800.845, -376.02927, -380.867675, 5e+15, 2.8692083e+27, -215.679914, 3355.23039, 300.390079, 115.365854, 115.365854, 1.23809529, 1.23809529, 5e+15, 16700.265, 184378.126, 0.578388045, 200817.702, -30390.1987, -946.648904, -31337.5383, 181851.565, 16484.1399, 198352.714, 0, 1.20221627e-08, 1.20221627e-08, 187150846, 7.23535623e+09, 6.84161953e+09, 0.27, 3.332, 206585857, -31336.8477, 198335.705, 0, 1.05273918e+13, 0, 0, 0, 0
0.29375, 0, 0, 5e+15, 0, 1.04890448e-21, 3.718e+18, 6.44e+20, 4.84948012, 4, 378.467634, 115.365854, 1.23809529, 3925.18, 0, 1.74122635e+19, 1.74290109e+19, 201431.547, -376.029028, -380.865463, 5e+15, 2.72745499e+27, -204.254037, 3886.78272, 300.478765, 115.365854, 115.365854, 1.23809529, 1.23809529, 5e+15, 19119.7275, 182590.419, 0.577311817, 201448.606, -27356.9919, -854.310786, -28211.9596, 180502.943, 18942.0655, 199462.118, 0, 1.20272029e-08, 1.20272029e-08, 213317737, 7.31858804e+09, 6.85990733e+09, 0.27, 3.332, 245362982, -28211.3027, 199445.009, 0, 1.10897455e+13, 0, 0, 0, 0
0.295535675, 0, 0, 5e+15, 0, 1.06594068e-21, 3.718e+18, 6.44e+20, 4.84942847, 4, 378.466864, 115.365854, 1.23809529, 4188.99061, 0, 1.72301331e+19, 1.72473902e+19, 201933.821, -376.028927, -380.864346, 5e+15, 2.66028462e+27, -203.950072, 4153.06446, 300.52629, 115.365854, 115.365854, 1.23809529, 1.23809529, 5e+15, 20252.2353, 181910.884, 0.576957546, 201950.485, -25997.6687, -885.211505, -26883.2196, 180040.245, 20090.4641, 200147.528, 0, 1.20299045e-08, 1.20299045e-08, 229432042, 7.35272481e+09, 6.85686066e+09, 0.27, 3.332, 266432110, -26882.8802, 200130.71, 0, 1.13889456e+13, 0, 0, 0, 0
0.3, 0, 0, 5e+15, 0, 1.10863019e-21, 3.718e+18, 6.44e+20, 4.84929909, 4, 378.464944, 115.365854, 1.23809529, 4846.81561, 0, 1.67831871e+19, 1.68016619e+19, 202738.069, -376.028682, -380.86156, 5e+15, 2.49173246e+27, -190.342553, 4817.19391, 300.645343, 115.365854, 115.365854, 1.23809529, 1.23809529, 5e+15, 23092.8294, 179875.434, 0.576284264, 202753.927, -22515.3898, -775.481256, -23291.1396, 178432.794, 22961.0896, 201409.787, 0, 1.2036672e-08, 1.2036672e-08, 269103106, 7.43311161e+09, 6.84837455e+09, 0.27, 3.332, 315633954, -23290.871, 201393.884, 0, 1.21732471e+13, 0, 0, 0, 0
0.301785675, 0, 0, 5e+15, 0, 1.13243837e-21, 3.718e+18, 6.44e+20, 4.84923126, 4, 378.463989, 115.365854, 1.23809529, 5180.0694, 0, 1.65551218e+19, 1.65742805e+19, 203402.772, -376.028579, -380.860154, 5e+15, 2.41396545e+27, -189.777208, 5152.45895, 300.707721, 115.365854, 115.365854, 1.23809529, 1.23809529, 5e+15, 24399.8154, 179179.488, 0.576099948, 203417.892, -20977.6958, -813.135119, -21790.6584, 177945.134, 24280.7519, 202241.161, 0, 1.20402188e-08, 1.20402188e-08, 293349061, 7.46821243e+09, 6.83192101e+09, 0.27, 3.332, 342942355, -21790.8309, 202225.885, 0, 1.25925753e+13, 0, 0, 0, 0
0.30625, 0, 0, 5e+15, 0, 1.19210518e-21, 3.718e+18, 6.44e+20, 4.84906135, 4, 378.461608, 115.365854, 1.23809529, 6010.91823, 0, 1.59985722e+19, 1.60193423e+19, 204489.532, -376.028328, -380.856642, 5e+15, 2.21883454e+27, -173.345553, 5988.36201, 300.863982, 115.365854, 115.365854, 1.23809529, 1.23809529, 5e+15, 27674.511, 176990.297, 0.575890996, 204502.896, -16972.2784, -683.729326, -17655.6826, 176143.954, 27578.7262, 203736.087, 0, 1.20491038e-08, 1.20491038e-08, 353081645, 7.5491889e+09, 6.78973876e+09, 0.27, 3.332, 406368501, -17656.0078, 203722.68, 0, 1.37058305e+13, 0, 0, 0, 0
0.308035675, 0, 0, 5e+15, 0, 1.22521139e-21, 3.718e+18, 6.44e+20, 4.84897433, 4, 378.460419, 115.365854, 1.23809529, 6437.98912, 0, 1.57150164e+19, 1.57367561e+19, 205381.689, -376.028221, -380.854864, 5e+15, 2.13145753e+27, -172.27222, 6417.06485, 300.943959, 115.365854, 115.365854, 1.23809529, 1.23809529, 5e+15, 29156.8039, 176343.5, 0.575898678, 205394.186, -15236.4068, -728.868921, -15964.3227, 175682.791, 29071.1107, 204766.553, 0, 1.20536529e-08, 1.20536529e-08, 389535660, 7.58995802e+09, 6.75758692e+09, 0.27, 3.332, 442835435, -15965.2757, 204753.901, 0, 1.4307312e+13, 0, 0, 0, 0
0.3125, 0, 0, 5e+15, 0, 1.30819277e-21, 3.718e+18, 6.44e+20, 4.84875633, 4, 378.457455, 115.365854, 1.23809529, 7502.40673, 0, 1.5028139e+19, 1.50521204e+19, 206890.083, -376.027963, -380.850428, 5e+15, 1.91222253e+27, -152.09194, 7485.52739, 301.144301, 115.365854, 115.365854, 1.23809529, 1.23809529, 5e+15, 32867.5388, 174141.176, 0.576224304, 206900.303, -10639.5991, -577.644265, -11215.9742, 173780.45, 32799.7285, 206590.442, 0, 1.20650484e-08, 1.20650484e-08, 479379524, 7.68226541e+09, 6.67597214e+09, 0.27, 3.332, 526913743, -11217.2434, 206580.178, 0, 1.59298974e+13, 0, 0, 0, 0
0.314285675, 0, 0, 5e+15, 0, 1.35409126e-21, 3.718e+18, 6.44e+20, 4.84864735, 4, 378.455964, 115.365854, 1.23809529, 8064.24048, 0, 1.4677242e+19, 1.4702702e+19, 208087.508, -376.027849, -380.848167, 5e+15, 1.8173927e+27, -150.106307, 8048.68436, 301.24438, 115.365854, 115.365854, 1.23809529, 1.23809529, 5e+15, 34521.1619, 173630.243, 0.576447724, 208097.359, -8695.82243, -631.084821, -9324.7136, 173411.555, 34461.378, 207882.922, 0, 1.20707433e-08, 1.20707433e-08, 534691182, 7.73932737e+09, 6.62676508e+09, 0.27, 3.332, 577871113, -9326.90726, 207872.933, 0, 1.68225855e+13, 0, 0, 0, 0
0.31875, 0, 0, 5e+15, 0, 1.46915582e-21, 3.718e+18, 6.44e+20, 4.84837434, 4, 378.452247, 115.365854, 1.23809529, 9463.95162, 0, 1.38357351e+19, 1.38645277e+19, 210187.269, -376.027579, -380.842527, 5e+15, 1.57946378e+27, -124.788139, 9451.62223, 301.495067, 115.365854, 115.365854, 1.23809529, 1.23809529, 5e+15, 38657.7846, 171607.34, 0.577385104, 210195.703, -3465.30906, -456.323937, -3918.81195, 171529.299, 38611.5319, 210149.277, 0, 1.20850086e-08, 1.20850086e-08, 671020637, 7.86766916e+09, 6.50233206e+09, 0.27, 3.332, 694316461, -3921.63299, 210140.831, 0, 1.92805004e+13, 0, 0, 0, 0
0.320535675, 0, 0, 5e+15, 0, 1.53269503e-21, 3.718e+18, 6.44e+20, 4.84824122, 4, 378.450354, 115.365854, 1.23809529, 10236.4596, 0, 1.34021069e+19, 1.34333912e+19, 211775.492, -376.027456, -380.839616, 5e+15, 1.4807535e+27, -121.158354, 10225.2031, 301.617182, 115.365854, 115.365854, 1.23809529, 1.23809529, 5e+15, 40474.0531, 171335.86, 0.577847586, 211785.843, -1328.70334, -519.060663, -1843.52375, 171329.848, 40434.1761, 211774.426, 0, 1.20919613e-08, 1.20919613e-08, 757098051, 7.96390033e+09, 6.43637265e+09, 0.27, 3.332, 770429630, -1847.76401, 211764.025, 0, 2.06726811e+13, 0, 0, 0, 0
0.325, 0, 0, 5e+15, 0, 1.69201156e-21, 3.718e+18, 6.44e+20, 4.84790778, 4, 378.445635, 115.365854, 1.23809529, 12160.0274, 0, 1.23769815e+19, 1.24136859e+19, 214655.618, -376.027166, -380.832355, 5e+15, 1.2330909e+27, -88.5158473, 12151.3176, 301.923049, 115.365854, 115.365854, 1.23809529, 1.23809529, 5e+15, 45014.5578, 169727.991, 0.579474897, 214669.529, 4506.79921, -320.10356, 4192.14064, 169613.049, 44984.634, 214611.453, 0, 1.21093761e-08, 1.21093761e-08, 969200866, 8.18180975e+09, 6.2699499e+09, 0.27, 3.332, 942658983, 4186.69565, 214597.684, 0, 2.46106063e+13, 0, 0, 0, 0
0.326785675, 0, 0, 5e+15, 0, 1.7798814e-21, 3.718e+18, 6.44e+20, 4.84774934, 4, 378.443177, 115.365854, 1.23809529, 13305.2056, 0, 1.18392137e+19, 1.18807833e+19, 216709.96, -376.027028, -380.82852, 5e+15, 1.13562258e+27, -81.711436, 13297.3644, 302.068196, 115.365854, 115.365854, 1.23809529, 1.23809529, 5e+15, 46981.0298, 169796.307, 0.580194415, 216733.778, 6764.43908, -393.541026, 6378.63207, 169659.373, 46956.156, 216639.131, 0, 1.21176454e-08, 1.21176454e-08, 1.11041276e+09, 8.36921389e+09, 6.19055839e+09, 0.27, 3.332, 1.06824274e+09, 6370.89805, 216615.53, 0, 2.69469808e+13, 0, 0, 0, 0
0.33125, 0, 0, 5e+15, 0, 2.00023944e-21, 3.718e+18, 6.44e+20, 4.84735256, 4, 378.437053, 115.365854, 1.23809529, 16154.9332, 0, 1.05953541e+19, 1.06469637e+19, 220535.109, -376.026705, -380.818952, 5e+15, 8.91076624e+26, -38.1322878, 16149.0393, 302.431715, 115.365854, 115.365854, 1.23809529, 1.23809529, 5e+15, 51894.1734, 168831.234, 0.582575844, 220581.048, 13001.6974, -172.321805, 12839.3519, 168256.907, 51876.2332, 220178.564, 0, 1.21383561e-08, 1.21383561e-08, 1.45815756e+09, 8.79863889e+09, 5.99079964e+09, 0.27, 3.332, 1.34968169e+09, 12829.3756, 220133.141, 0, 3.3807419e+13, 0, 0, 0, 0
0.333035675, 0, 0, 5e+15, 0, 2.12148409e-21, 3.718e+18, 6.44e+20, 4.84716909, 4, 378.433728, 115.365854, 1.23809529, 18109.1992, 0, 9.92030805e+18, 9.98409465e+18, 223068.016, -376.026537, -380.813675, 5e+15, 8.01372023e+26, -24.1616495, 18104.0019, 302.599551, 115.365854, 115.365854, 1.23809529, 1.23809529, 5e+15, 53995.539, 169276.402, 0.583553731, 223154.716, 15179.0288, -258.864361, 14934.0492, 168586.175, 53981.574, 222653.715, 0, 1.21479254e-08, 1.21479254e-08, 1.71389638e+09, 9.21463241e+09, 5.90695229e+09, 0.27, 3.332, 1.59378373e+09, 14920.1645, 222567.749, 0, 3.82044507e+13, 0, 0, 0, 0
0.3375, 0, 0, 5e+15, 0, 2.42556778e-21, 3.718e+18, 6.44e+20, 4.8467097, 4, 378.425446, 115.365853, 1.23809529, 22968.911, 0, 8.41557816e+18, 8.50242667e+18, 227845.582, -376.026151, -380.800514, 5e+15, 5.76305978e+26, 36.49806, 22965.0739, 303.019812, 115.365854, 115.365853, 1.23809529, 1.23809529, 5e+15, 59244.2344, 169011.312, 0.586702741, 228028.882, 21188.3239, -23.9961807, 21182.1318, 167582.352, 59234.6003, 226999.465, 0, 1.21718871e-08, 1.21718871e-08, 2.34299107e+09, 1.01773771e+10, 5.69783242e+09, 0.27, 3.332, 2.13655363e+09, 21164.3277, 226816.952, 0, 5.18688116e+13, 0, 0, 0, 0
0.339285675, 0, 0, 5e+15, 0, 2.5918255e-21, 3.718e+18, 6.44e+20, 4.84650345, 4, 378.420546, 115.365853, 1.23809529, 27576.9849, 0, 7.54122951e+18, 7.67825657e+18, 230649.821, -376.025921, -380.792635, 5e+15, 5.01556235e+26, 70.9805562, 27573.7258, 303.20818, 115.365854, 115.62684, 1.23809529, 1.24419414, 5e+15, 61447.407, 169649.21, 0.587896822, 231011.808, 22769.975, -128.009844, 22666.8259, 168080.545, 61440.8449, 229882.563, 0, 1.21826364e-08, 1.21826364e-08, 2.83479041e+09, 1.12605299e+10, 5.62389879e+09, 0.27, 3.332, 2.80184072e+09, 22641.9651, 229521.39, 0, 6.19857636e+13, 0, 0, 0, 0
0.34375, 0, 0, 5e+15, 0, 3.00877246e-21, 3.718e+18, 6.44e+20, 4.84598716, 4, 378.408349, 115.365843, 1.23809529, 39039.7356, 0, 5.73292775e+18, 5.95079805e+18, 235828.221, -376.025398, -380.772988, 5e+15, 3.14011879e+26, 156.00139, 39037.1786, 303.679693, 115.365854, 115.62683, 1.23809529, 1.24419414, 5e+15, 66955.389, 169526.485, 0.591681719, 236629.898, 26805.294, 94.0053796, 26929.3006, 167283.577, 66950.9724, 235038.469, 0, 1.22095436e-08, 1.22095436e-08, 4.0381182e+09, 1.37627119e+10, 5.44759507e+09, 0.27, 3.332, 4.2769987e+09, 26899.2993, 234234.549, 0, 9.67898458e+13, 0, 0, -1.21738214e-11, -1.21025361e-11
0.345535675, 0, 0, 5e+15, 0, 3.23319694e-21, 3.718e+18, 6.44e+20, 4.84576326, 4, 378.399274, 115.62683, 1.24419414, 42351.5694, 0, 4.49504332e+18, 5.31882354e+18, 247951.397, -376.02495, -380.760627, 5e+15, 3.42653436e+28, 149.42515, 42349.676, 303.883815, 115.88875, 115.62683, 1.25029299, 1.24419414, 5e+15, 61174.8384, 187393.644, 0.596194356, 250629.758, 26465.1968, 23.7712779, 26530.0732, 185249.134, 61170.6296, 249103.437, 0, 1.22212029e-08, 1.22212029e-08, 6.99671019e+09, 4.34909327e+10, 3.28136233e+10, 0.27, 3.332, 3.68059911e+09, 26488.9681, 246419.764, 0, 9.44192009e+13, 0, 0, 103211.399, 96074.134
0.35, 0, 0, 5e+15, 0, 3.795824e-21, 3.718e+18, 6.44e+20, 4.84520308, 4, 378.376671, 116.279361, 1.25944174, 50664.1852, 0, 2.44481135e+18, 4.01426363e+18, 268117.302, -376.023953, -380.72979, 5e+15, 1.19186471e+29, 76.9497745, 50662.0878, 304.394486, 117.19603, 116.279361, 1.28078819, 1.25944174, 5e+15, 46889.5369, 221464.328, 0.611150141, 275679.703, 23657.7805, 147.582756, 23839.7183, 220137.119, 46885.7816, 274613.558, 0, 1.22503725e-08, 1.22503725e-08, 1.33841163e+10, 1.17056345e+11, 1.01321433e+11, 0.27, 3.332, 2.35079536e+09, 23805.3633, 267022.901, 0, 8.88704945e+13, 0, 0, 2e+18, 1.55642498e+18
0.35, 0, 0, 1.5e+15, 0, 3.795824e-21, 3.718e+18, 6.44e+20, 4.84520308, 4, 378.376671, 116.279361, 1.25944174, 53454.8431, 0, 2.44481135e+18, 4.01426363e+18, 268117.302, -376.023953, -380.72979, 1.5e+15, 1.19186471e+29, 185.293273, 53444.847, 304.394486, 117.19603, 116.279361, 1.28078819, 1.25944174, 1.5e+15, 46889.5369, 221464.328, 0.611150141, 275679.703, 23657.7805, 147.582756, 23839.7183, 220137.119, 46885.7816, 274613.558, 0, 1.22503725e-08, 1.22503725e-08, 1.33841163e+10, 1.17056345e+11, 1.01321433e+11, 0.27, 3.332, 2.35079536e+09, 23805.3633, 267022.901, 0, 8.88704945e+13, 0, 0, 2e+18, 1.55642498e+18
0.368883528, 0, 0, 1.5e+15, 0, 4.05322582e-21, 3.718e+18, 6.44e+20, 4.8449962, 4, 378.275953, 116.371018, 1.26554059, 61605.241, 0, 1.27635421e+18, 3.07437794e+18, 259610.432, -375.941867, -380.621737, 1.5e+15, 9.12459421e+28, -472.056079, 61603.3919, 304.582741, 117.19603, 116.371018, 1.28078819, 1.26554059, 1.5e+15, 45006.6671, 214863.483, 0.615487369, 269359.15, 24472.5295, -87.6264708, 23884.1664, 213445.991, 45006.1221, 268276.248, 0, 1.22611357e-08, 1.22611357e-08, 1.50386127e+10, 9.87241158e+10, 8.16668913e+10, 0.27, 3.332, 2.0186115e+09, 24384.903, 258452.113, 0, 1.56609303e+14, 0, 0, 2e+18, 1.45829696e+18
0.4160938, 0, 0, 1.5e+15, 0, 4.69514952e-21, 3.718e+18, 6.44e+20, 4.84448113, 4, 378.023251, 116.556402, 1.28078819, 82722.0151, 0, 2.27038439e+17, 1.56017642e+18, 225876.629, -375.738478, -380.350397, 1.5e+15, 1.94969477e+28, -4272.04774, 82577.8022, 305.051432, 117.19603, 116.556402, 1.28078819, 1.28078819, 1.5e+15, 40256.0009, 185866.946, 0.623061748, 241156.653, 17020.6739, -1173.78229, 12365.6026, 185085.84, 40229.0744, 240821.261, 0, 1.22879326e-08, 1.22879326e-08, 1.72647952e+10, 5.05978413e+10, 3.2121205e+10, 0.27, 3.332, 1.21184121e+09, 15846.8915, 225314.915, 0, 6.83871667e+14, 0, 0, 2e+18, 1.23391432e+18
0.4349773, 0, 0, 1.5e+15, 0, 4.69714403e-21, 3.718e+18, 6.44e+20, 4.84447969, 4, 377.813861, 116.556402, 1.28078819, 91147.4958, 0, 1.70137425e+17, 1.48189921e+18, 210571.073, -375.536783, -380.13965, 1.5e+15, 1.58593658e+28, -7014.97097, 90872.486, 305.052748, 117.19603, 116.556402, 1.28078819, 1.28078819, 1.5e+15, 38224.503, 172598.937, 0.626247151, 227755.574, 11398.8572, -2181.5944, 4330.68151, 172090.807, 38150.7521, 227553.796, 0, 1.22880078e-08, 1.22880078e-08, 1.80227127e+10, 4.90645208e+10, 3.01070048e+10, 0.27, 3.332, 934803421, 9217.26274, 210241.559, 0, 7.7862147e+14, 0, 0, 2e+18, 1.21088006e+18
0.4821875, 0, 0, 1.5e+15, 0, 4.69759703e-21, 3.718e+18, 6.44e+20, 4.84447936, 4, 377.283358, 116.556402, 1.28078819, 112969.016, 0, 6.82358067e+16, 1.29526134e+18, 163360.123, -375.030571, -379.605605, 1.5e+15, 6.61912066e+27, -16133.0855, 111749.268, 305.053046, 117.196023, 116.556402, 1.28078819, 1.28078819, 1.5e+15, 33090.3361, 130586.828, 0.628888672, 185511.663, 207.326613, -5019.22065, -12829.5656, 130586.281, 32688.9772, 185025.514, 0, 1.2288025e-08, 1.2288025e-08, 1.83091488e+10, 4.33024035e+10, 2.46576428e+10, 0.27, 3.332, 335611881, -4811.89404, 163275.259, 0, 1.10472819e+15, 0, 0, 2e+18, 1.15034948e+18
0.501071028, 0, 0, 1.5e+15, 0, 4.69114828e-21, 3.718e+18, 6.44e+20, 4.84448404, 4, 377.074183, 116.641795, 1.28078819, 111740.334, 0, 6.46849719e+16, 1.28611739e+18, 155795.251, -374.822811, -379.396252, 1.5e+15, 6.22014492e+27, -17856.3248, 110302.529, 305.048786, 117.196022, 116.641795, 1.28078819, 1.28078819, 1.5e+15, 31822.9725, 124308.378, 0.626303501, 177280.725, -1171.94527, -5391.29582, -14896.3154, 124293.141, 31362.5098, 176653.671, 0, 1.22877813e-08, 1.22877813e-08, 1.72356762e+10, 4.19038147e+10, 2.44163753e+10, 0.27, 3.332, 251763185, -6563.24109, 155655.651, 0, 1.12280948e+15, 0, 0, 2e+18, 1.14797918e+18
0.5482813, 0, 0, 1.5e+15, 0, 4.67486349e-21, 3.718e+18, 6.44e+20, 4.84449588, 4, 376.548696, 116.897918, 1.28078819, 108550.105, 0, 5.47112493e+16, 1.26222327e+18, 140362.549, -374.301742, -378.870291, 1.5e+15, 5.38767114e+27, -22418.6168, 106139.215, 305.038027, 117.196004, 116.897918, 1.28078819, 1.28078819, 1.5e+15, 28547.5049, 112230.422, 0.617450483, 160018.559, -3265.64802, -6209.58238, -18038.9981, 112182.671, 27844.0822, 158957.445, 0, 1.22871659e-08, 1.22871659e-08, 1.50462439e+10, 3.88799263e+10, 2.37520444e+10, 0.27, 3.332, 81637949.6, -9475.2304, 140026.754, 0, 1.16479339e+15, 0, 0, 2e+18, 1.14125666e+18
0.5671648, 0, 0, 1.5e+15, 0, 4.6691882e-21, 3.718e+18, 6.44e+20, 4.84450002, 4, 376.358101, 116.897918, 1.28078819, 105981.75, 0, 5.49213447e+16, 1.26188139e+18, 137308.058, -374.111043, -378.679695, 1.5e+15, 5.41510179e+27, -22812.3651, 103469.922, 305.034261, 117.196003, 116.897918, 1.28078819, 1.28078819, 1.5e+15, 27763.3526, 109964.964, 0.613306575, 156148.896, -3789.50414, -6274.16569, -18637.0677, 109898.335, 27036.5628, 155017.018, 0, 1.22869504e-08, 1.22869504e-08, 1.42709538e+10, 3.80837722e+10, 2.37441712e+10, 0.27, 3.332, 68647176.2, -10063.6698, 136934.899, 0, 1.16350376e+15, 0, 0, 2e+18, 1.14127738e+18
0.614375, 0, 0, 1.5e+15, 0, 4.65629688e-21, 3.718e+18, 6.44e+20, 4.84450943, 4, 375.881267, 116.897918, 1.28078819, 99457.3271, 0, 5.60151944e+16, 1.26112901e+18, 133030.701, -373.633685, -378.202861, 1.5e+15, 5.50691684e+27, -23492.7923, 96572.4985, 305.025707, 117.196002, 116.897918, 1.28078819, 1.28078819, 1.5e+15, 25808.9301, 107668.438, 0.602043081, 149787.223, -4607.25865, -6352.88798, -19444.1116, 107569.687, 24994.578, 148481.953, 0, 1.22864612e-08, 1.22864612e-08, 1.29929442e+10, 3.67727448e+10, 2.37348972e+10, 0.27, 3.332, 44903402.4, -10960.1467, 132564.265, 0, 1.15885772e+15, 0, 0, 2e+18, 1.14140237e+18
0.633258528, 0, 0, 1.5e+15, 0, 4.6512018e-21, 3.718e+18, 6.44e+20, 4.84451316, 4, 375.707181, 116.959787, 1.28078819, 97155.4092, 0, 5.69672531e+16, 1.26214679e+18, 131540.68, -373.459151, -378.028802, 1.5e+15, 5.62928235e+27, -23356.717, 94256.1599, 305.022313, 117.196002, 116.959787, 1.28078819, 1.28078819, 1.5e+15, 25207.9424, 106776.545, 0.597412148, 147670.153, -4866.99498, -6306.04975, -19556.4161, 106665.346, 24391.4355, 146341.955, 0, 1.2286267e-08, 1.2286267e-08, 1.24675871e+10, 3.6272121e+10, 2.37619501e+10, 0.27, 3.332, 42583892.1, -11173.0448, 131056.782, 0, 1.15313097e+15, 0, 0, 2e+18, 1.14182877e+18
0.6804688, 0, 0, 1.5e+15, 0, 4.63996308e-21, 3.718e+18, 6.44e+20, 4.84452139, 4, 375.272378, 117.116298, 1.28078819, 91324.3016, 0, 6.07591296e+16, 1.2653948e+18, 130780.967, -373.022642, -377.59408, 1.5e+15, 5.9416773e+27, -22701.1081, 88388.7698, 305.014829, 117.196009, 117.116298, 1.28078819, 1.28078819, 1.5e+15, 23731.0518, 107490.724, 0.585460566, 145315.098, -5344.73928, -6121.45813, -19613.0915, 107357.688, 22907.7605, 143952.039, 0, 1.2285839e-08, 1.2285839e-08, 1.16948529e+10, 3.56027269e+10, 2.38686625e+10, 0.27, 3.332, 39211457.8, -11466.1974, 130265.449, 0, 1.13748942e+15, 0, 0, 2e+18, 1.14331716e+18
0.6993523, 0, 0, 1.5e+15, 0, 4.63526238e-21, 3.718e+18, 6.44e+20, 4.84452485, 4, 375.112335, 117.116298, 1.28078819, 89307.4318, 0, 6.19747728e+16, 1.2667259e+18, 129789.637, -372.862073, -377.43407, 1.5e+15, 6.09429048e+27, -22383.3123, 86395.9487, 305.011686, 117.19601, 117.116298, 1.28078819, 1.28078819, 1.5e+15, 23218.7883, 107005.6, 0.580715705, 143823.908, -5494.69991, -6034.57065, -19530.4154, 106864.384, 22402.7182, 142461.145, 0, 1.22856592e-08, 1.22856592e-08, 1.12851221e+10, 3.52256115e+10, 2.39021603e+10, 0.27, 3.332, 38329150.5, -11529.2706, 129267.103, 0, 1.13057881e+15, 0, 0, 2e+18, 1.1438509e+18
0.7465625, 0, 0, 1.5e+15, 0, 4.62493674e-21, 3.718e+18, 6.44e+20, 4.84453243, 4, 374.712902, 117.116298, 1.28078819, 84187.0568, 0, 6.68286862e+16, 1.27106786e+18, 130176.903, -372.460644, -377.034739, 1.5e+15, 6.49496429e+27, -21272.5695, 81388.2106, 305.004789, 117.196018, 117.116298, 1.28078819, 1.28078819, 1.5e+15, 21964.3172, 108629.526, 0.568661323, 142937.431, -5833.34224, -5752.00332, -19259.9036, 108472.749, 21177.9738, 141605.532, 0, 1.22852647e-08, 1.22852647e-08, 1.07166358e+10, 3.47924964e+10, 2.40380981e+10, 0.27, 3.332, 37762442, -11585.3456, 129650.723, 0, 1.11122906e+15, 0, 0, 2e+18, 1.14576341e+18
0.765446028, 0, 0, 1.5e+15, 0, 4.62053975e-21, 3.718e+18, 6.44e+20, 4.84453568, 4, 374.565134, 117.132205, 1.28078819, 82390.1658, 0, 6.81564645e+16, 1.27247312e+18, 129283.449, -372.312353, -376.887005, 1.5e+15, 6.65656654e+27, -20899.7584, 79630.1671, 305.001839, 117.196018, 117.132205, 1.28078819, 1.28078819, 1.5e+15, 21510.0748, 108183.147, 0.563958655, 141626.403, -5928.17443, -5652.68034, -19093.6879, 108020.581, 20734.6116, 140304.832, 0, 1.2285096e-08, 1.2285096e-08, 1.03648717e+10, 3.44733156e+10, 2.40713651e+10, 0.27, 3.332, 37078777.9, -11580.8548, 128755.193, 0, 1.10419255e+15, 0, 0, 2e+18, 1.14631874e+18
0.8126563, 0, 0, 1.5e+15, 0, 4.61083834e-21, 3.718e+18, 6.44e+20, 4.84454283, 4, 374.196463, 117.171531, 1.28078819, 77814.8384, 0, 7.34992995e+16, 1.2771781e+18, 129906.287, -371.941683, -376.518442, 1.5e+15, 7.09947608e+27, -19648.9363, 75229.1089, 304.995339, 117.196023, 117.171531, 1.28078819, 1.28078819, 1.5e+15, 20397.2145, 109893.213, 0.552056007, 141182.989, -6197.37268, -5338.07325, -18672.3307, 109718.305, 19667.1315, 139919.218, 0, 1.22847242e-08, 1.22847242e-08, 9.88051269e+09, 3.41295605e+10, 2.42121585e+10, 0.27, 3.332, 36889306.6, -11535.4459, 129385.437, 0, 1.08368467e+15, 0, 0, 2e+18, 1.14835628e+18
0.8315398, 0, 0, 1.5e+15, 0, 4.60669774e-21, 3.718e+18, 6.44e+20, 4.84454589, 4, 374.05965, 117.171531, 1.28078819, 76193.4843, 0, 7.48655613e+16, 1.27856833e+18, 128950.68, -371.804381, -376.381663, 1.5e+15, 7.26039334e+27, -19270.7714, 73650.7726, 304.992552, 117.196023, 117.171531, 1.28078819, 1.28078819, 1.5e+15, 19986.5814, 109340.967, 0.547468497, 139868.393, -6257.17975, -5237.46742, -18467.9869, 109161.768, 19268.4539, 138618.989, 0, 1.22845648e-08, 1.22845648e-08, 9.56323991e+09, 3.38424827e+10, 2.42430561e+10, 0.27, 3.332, 36186562.7, -11494.6472, 128430.222, 0, 1.0769582e+15, 0, 0, 2e+18, 1.148899e+18
0.87875, 0, 0, 1.5e+15, 0, 4.59749294e-21, 3.718e+18, 6.44e+20, 4.84455269, 4, 373.718366, 117.171531, 1.28078819, 72054.5615, 0, 8.04020268e+16, 1.28334122e+18, 129394.18, -371.461207, -376.040488, 1.5e+15, 7.72145265e+27, -18007.8038, 69707.2136, 304.986368, 117.196026, 117.171531, 1.28078819, 1.28078819, 1.5e+15, 18978.7019, 110763, 0.535841502, 139393.692, -6476.89519, -4918.51707, -17969.9942, 110573.46, 18311.864, 138211.271, 0, 1.22842111e-08, 1.22842111e-08, 9.11420846e+09, 3.35290986e+10, 2.43790658e+10, 0.27, 3.332, 35824338, -11395.4122, 128885.325, 0, 1.05652818e+15, 0, 0, 2e+18, 1.15093421e+18
0.897633528, 0, 0, 1.5e+15, 0, 4.59357871e-21, 3.718e+18, 6.44e+20, 4.8445556, 4, 373.591458, 117.176304, 1.28078819, 70578.4931, 0, 8.17627872e+16, 1.28467514e+18, 128317.528, -371.333852, -375.913612, 1.5e+15, 7.87664901e+27, -17644.5441, 68273.5898, 304.983726, 117.196026, 117.176304, 1.28078819, 1.28078819, 1.5e+15, 18603.1528, 110055.022, 0.531406861, 138003.071, -6511.76174, -4821.61067, -17749.3271, 109862.191, 17948.109, 136836.22, 0, 1.228406e-08, 1.228406e-08, 8.8216577e+09, 3.32636657e+10, 2.44069406e+10, 0.27, 3.332, 35067456, -11333.3724, 127810.301, 0, 1.05029739e+15, 0, 0, 2e+18, 1.15144898e+18
0.9448438, 0, 0, 1.5e+15, 0, 4.58480178e-21, 3.718e+18, 6.44e+20, 4.8445621, 4, 373.274903, 117.188045, 1.28078819, 66802.8743, 0, 8.73099098e+16, 1.28936388e+18, 128386.658, -371.015557, -375.597163, 1.5e+15, 8.34057556e+27, -16424.8122, 64694.955, 304.977813, 117.196028, 117.188045, 1.28078819, 1.28078819, 1.5e+15, 17679.2508, 111017.6, 0.520124656, 137268.216, -6690.58053, -4511.63775, -17212.7252, 110815.807, 17076.3409, 136169.139, 0, 1.22837218e-08, 1.22837218e-08, 8.38838674e+09, 3.29566583e+10, 2.45338921e+10, 0.27, 3.332, 34379475.2, -11202.2183, 127892.147, 0, 1.03062197e+15, 0, 0, 2e+18, 1.15341803e+18
0.9637273, 0, 0, 1.5e+15, 0, 4.58109827e-21, 3.718e+18, 6.44e+20, 4.84456486, 4, 373.157041, 117.188045, 1.28078819, 65451.6528, 0, 8.8639491e+16, 1.29062593e+18, 127178.115, -370.897293, -375.479331, 1.5e+15, 8.4876716e+27, -16082.8393, 63383.8577, 304.975306, 117.196028, 117.188045, 1.28078819, 1.28078819, 1.5e+15, 17333.4613, 110148.571, 0.515867479, 135782.214, -6699.97349, -4419.54688, -16979.5495, 109944.597, 16741.8136, 134699.36, 0, 1.22835784e-08, 1.22835784e-08, 8.11684883e+09, 3.27092231e+10, 2.45588265e+10, 0.27, 3.332, 33547758.4, -11119.5204, 126686.41, 0, 1.02494068e+15, 0, 0, 2e+18, 1.15390002e+18
1.0109375, 0, 0, 1.5e+15, 0, 4.57272348e-21, 3.718e+18, 6.44e+20, 4.84457107, 4, 372.86306, 117.188045, 1.28078819, 61989.9595, 0, 9.40868842e+16, 1.29516083e+18, 126795.076, -370.601729, -375.185452, 1.5e+15, 8.9449382e+27, -14925.4825, 60112.7526, 304.969649, 117.196029, 117.188045, 1.28078819, 1.28078819, 1.5e+15, 16480.4334, 110588.506, 0.504983344, 134688.056, -6825.5082, -4121.82114, -16405.9341, 110377.67, 15940.0604, 133672.608, 0, 1.22832549e-08, 1.22832549e-08, 7.69356577e+09, 3.2401488e+10, 2.4675563e+10, 0.27, 3.332, 32359270, -10947.3294, 126317.73, 0, 1.00635439e+15, 0, 0, 2e+18, 1.15577814e+18
1.02982103, 0, 0, 1.5e+15, 0, 4.56921655e-21, 3.718e+18, 6.44e+20, 4.84457369, 4, 372.753483, 117.189578, 1.28078819, 60750.0201, 0, 9.53638149e+16, 1.29633932e+18, 125465.171, -370.491794, -375.075904, 1.5e+15, 9.0822713e+27, -14608.5493, 58909.6189, 304.967269, 117.196029, 117.189578, 1.28078819, 1.28078819, 1.5e+15, 16161.1853, 109572.269, 0.500920749, 133111.669, -6816.19161, -4035.96478, -16170.6543, 109360.035, 15631.1904, 132112.045, 0, 1.22831187e-08, 1.22831187e-08, 7.4418446e+09, 3.21710342e+10, 2.46976683e+10, 0.27, 3.332, 31521362.3, -10852.1564, 124991.225, 0, 1.00124069e+15, 0, 0, 2e+18, 1.15622371e+18
1.0770313, 0, 0, 1.5e+15, 0, 4.56122064e-21, 3.718e+18, 6.44e+20, 4.84457965, 4, 372.480166, 117.193345, 1.28078819, 57570.7991, 0, 1.00621368e+17, 1.30066223e+18, 124612.768, -370.217052, -374.802684, 1.5e+15, 9.52500768e+27, -13526.8976, 55909.2424, 304.961855, 117.196029, 117.193345, 1.28078819, 1.28078819, 1.5e+15, 15371.8174, 109480.489, 0.490476979, 131627.581, -6900.50882, -3755.24631, -15585.7685, 109262.804, 14890.4237, 130691.546, 0, 1.22828092e-08, 1.22828092e-08, 7.02900875e+09, 3.18625042e+10, 2.48034463e+10, 0.27, 3.332, 30049096.1, -10655.7551, 124153.228, 0, 9.83959602e+14, 0, 0, 2e+18, 1.15798962e+18
1.0959148, 0, 0, 1.5e+15, 0, 4.55790253e-21, 3.718e+18, 6.44e+20, 4.84458213, 4, 372.37821, 117.193345, 1.28078819, 56430.6235, 0, 1.01830423e+17, 1.3017528e+18, 123179.863, -370.114777, -374.700754, 1.5e+15, 9.6517019e+27, -13236.1176, 54802.1783, 304.959597, 117.196029, 117.193345, 1.28078819, 1.28078819, 1.5e+15, 15076.4158, 108338.131, 0.486618764, 129974.71, -6873.54829, -3675.79335, -15350.7556, 108119.841, 14604.4378, 129053.954, 0, 1.228268e-08, 1.228268e-08, 6.79644967e+09, 3.16486972e+10, 2.48230187e+10, 0.27, 3.332, 29228794.7, -10549.3416, 122724.279, 0, 9.79399747e+14, 0, 0, 2e+18, 1.15839823e+18
1.143125, 0, 0, 1.5e+15, 0, 4.55027886e-21, 3.718e+18, 6.44e+20, 4.84458782, 4, 372.123891, 117.193345, 1.28078819, 53506.444, 0, 1.06829451e+17, 1.30582973e+18, 121870.28, -369.859186, -374.446527, 1.5e+15, 1.00737657e+28, -12236.0526, 52042.3173, 304.954423, 117.196029, 117.193345, 1.28078819, 1.28078819, 1.5e+15, 14344.4147, 107733.802, 0.476642986, 128101.649, -6913.28979, -3413.30947, -14759.3161, 107511.759, 13917.7017, 127240.532, 0, 1.22823841e-08, 1.22823841e-08, 6.39606409e+09, 3.13417414e+10, 2.49181494e+10, 0.27, 3.332, 27527916, -10326.5992, 121429.461, 0, 9.6353926e+14, 0, 0, 2e+18, 1.16004288e+18
1.16200853, 0, 0, 1.5e+15, 0, 4.54713896e-21, 3.718e+18, 6.44e+20, 4.84459017, 4, 372.02895, 117.193855, 1.28078819, 52455.7694, 0, 1.07958488e+17, 1.30682922e+18, 120356.385, -369.763965, -374.35161, 1.5e+15, 1.01893056e+28, -11971.7775, 51020.9186, 304.95228, 117.196029, 117.193855, 1.28078819, 1.28078819, 1.5e+15, 14070.541, 106489.645, 0.47299297, 126390.785, -6875.09307, -3340.88125, -14532.0195, 106267.454, 13652.1559, 125543.789, 0, 1.22822616e-08, 1.22822616e-08, 6.182118e+09, 3.11443106e+10, 2.49354296e+10, 0.27, 3.332, 26763026.4, -10215.9743, 119919.61, 0, 9.5950872e+14, 0, 0, 2e+18, 1.16041426e+18
1.2092188, 0, 0, 1.5e+15, 0, 4.53987163e-21, 3.718e+18, 6.44e+20, 4.84459561, 4, 371.792116, 117.195107, 1.28078819, 49761.7019, 0, 1.1264338e+17, 1.31062996e+18, 118625.579, -369.526001, -374.114861, 1.5e+15, 1.05856928e+28, -11056.9552, 48474.8773, 304.947337, 117.19603, 117.195107, 1.28078819, 1.28078819, 1.5e+15, 13390.6765, 105414.42, 0.463499981, 124155.846, -6883.47327, -3099.33842, -13954.5965, 105189.434, 13013.2775, 123362.696, 0, 1.22819789e-08, 1.22819789e-08, 5.7968185e+09, 3.08420866e+10, 2.50202693e+10, 0.27, 3.332, 24998829.9, -9982.81168, 118202.712, 0, 9.4512721e+14, 0, 0, 2e+18, 1.16192928e+18
1.2281023, 0, 0, 1.5e+15, 0, 4.53690831e-21, 3.718e+18, 6.44e+20, 4.84459784, 4, 371.703665, 117.195107, 1.28078819, 48792.4861, 0, 1.1368897e+17, 1.31154335e+18, 117056.157, -369.437303, -374.026431, 1.5e+15, 1.06904252e+28, -10816.1491, 47531.5816, 304.945311, 117.19603, 117.195107, 1.28078819, 1.28078819, 1.5e+15, 13136.5307, 104095.658, 0.460061964, 122409.739, -6828.19094, -3032.61608, -13726.7769, 103871.444, 12766.5911, 121630.502, 0, 1.2281863e-08, 1.2281863e-08, 5.6011437e+09, 3.06610615e+10, 2.50356454e+10, 0.27, 3.332, 24272427.5, -9860.80702, 116638.035, 0, 9.415756e+14, 0, 0, 2e+18, 1.16226634e+18
1.2753125, 0, 0, 1.5e+15, 0, 4.53000758e-21, 3.718e+18, 6.44e+20, 4.84460301, 4, 371.483009, 117.195107, 1.28078819, 46307.9917, 0, 1.1804021e+17, 1.31507052e+18, 114959.986, -369.215649, -373.805855, 1.5e+15, 1.10591567e+28, -9979.25997, 45180.2382, 304.940608, 117.19603, 117.195107, 1.28078819, 1.28078819, 1.5e+15, 12504.2525, 102610.042, 0.451068983, 119861.543, -6785.0905, -2808.69059, -13140.1306, 102385.459, 12171.8, 119133.949, 0, 1.2281594e-08, 1.2281594e-08, 5.2340912e+09, 3.03679541e+10, 2.51115163e+10, 0.27, 3.332, 22346558, -9593.78109, 114557.259, 0, 9.28619053e+14, 0, 0, 2e+18, 1.16365839e+18
1.29419603, 0, 0, 1.5e+15, 0, 4.52720537e-21, 3.718e+18, 6.44e+20, 4.84460512, 4, 371.40054, 117.19528, 1.28078819, 45415.2248, 0, 1.18995538e+17, 1.31589572e+18, 113362.042, -369.132964, -373.723405, 1.5e+15, 1.11530279e+28, -9761.53259, 44310.1325, 304.938687, 117.19603, 117.19528, 1.28078819, 1.28078819, 1.5e+15, 12268.8774, 101244.591, 0.447846398, 118105.491, -6720.01125, -2748.18441, -12919.8746, 101021.302, 11942.947, 117390.949, 0, 1.22814841e-08, 1.22814841e-08, 5.05649977e+09, 3.02032928e+10, 2.51250919e+10, 0.27, 3.332, 21701111.3, -9468.19566, 112964.25, 0, 9.25516063e+14, 0, 0, 2e+18, 1.16396087e+18
1.3414063, 0, 0, 1.5e+15, 0, 4.52064113e-21, 3.718e+18, 6.44e+20, 4.84461006, 4, 371.19479, 117.195706, 1.28078819, 43128.7281, 0, 1.22982533e+17, 1.31912722e+18, 110969.887, -368.926337, -373.517728, 1.5e+15, 1.14913273e+28, -9002.9965, 42141.7139, 304.934203, 117.19603, 117.195706, 1.28078819, 1.28078819, 1.5e+15, 11682.5071, 99419.6899, 0.439370497, 115309.373, -6644.19717, -2544.03836, -12348.1913, 99197.4182, 11389.9938, 114642.15, 0, 1.22812277e-08, 1.22812277e-08, 4.71120849e+09, 2.9923281e+10, 2.51922397e+10, 0.27, 3.332, 19832862.8, -9188.23552, 110587.412, 0, 9.13969244e+14, 0, 0, 2e+18, 1.16522385e+18
1.3602898, 0, 0, 1.5e+15, 0, 4.51799435e-21, 3.718e+18, 6.44e+20, 4.84461206, 4, 371.117843, 117.195706, 1.28078819, 42306.4624, 0, 1.23847094e+17, 1.31986802e+18, 109366.288, -368.849202, -373.440799, 1.5e+15, 1.15748373e+28, -8807.20259, 41339.0744, 304.932386, 117.19603, 117.195706, 1.28078819, 1.28078819, 1.5e+15, 11464.5868, 98031.6615, 0.436362144, 113564.217, -6569.33018, -2489.17583, -12134.1656, 97811.2775, 11177.7644, 112909.428, 0, 1.22811238e-08, 1.22811238e-08, 4.55096089e+09, 2.97744574e+10, 2.52042358e+10, 0.27, 3.332, 19260700.7, -9058.50601, 108989.042, 0, 9.11270842e+14, 0, 0, 2e+18, 1.16549385e+18
1.4075, 0, 0, 1.5e+15, 0, 4.51176169e-21, 3.718e+18, 6.44e+20, 4.84461674, 4, 370.925858, 117.195706, 1.28078819, 40202.9403, 0, 1.27463892e+17, 1.32280516e+18, 106745.042, -368.656451, -373.248879, 1.5e+15, 1.18820109e+28, -8124.26342, 39339.1565, 304.92812, 117.19603, 117.195706, 1.28078819, 1.28078819, 1.5e+15, 10920.9669, 95937.4487, 0.428408198, 110581.722, -6457.92979, -2303.40832, -11573.0261, 95719.8356, 10663.8424, 109971.118, 0, 1.22808798e-08, 1.22808798e-08, 4.2293221e+09, 2.95103154e+10, 2.52635495e+10, 0.27, 3.332, 17443743.4, -8761.33812, 106383.678, 0, 9.01055281e+14, 0, 0, 2e+18, 1.16663221e+18
1.42638353, 0, 0, 1.5e+15, 0, 4.50925487e-21, 3.718e+18, 6.44e+20, 4.84461864, 4, 370.853999, 117.195766, 1.28078819, 39444.3597, 0, 1.28239011e+17, 1.32346511e+18, 105153.929, -368.58443, -373.177037, 1.5e+15, 1.19557577e+28, -7950.0007, 38597.2959, 304.926395, 117.19603, 117.195766, 1.28078819, 1.28078819, 1.5e+15, 10718.9628, 94546.4606, 0.425606935, 108863.735, -6382.94202, -2254.69215, -11375.2738, 94330.723, 10466.6519, 108264.102, 0, 1.22807812e-08, 1.22807812e-08, 4.08527854e+09, 2.93763449e+10, 2.52741127e+10, 0.27, 3.332, 16953630.9, -8637.63418, 104797.375, 0, 8.98719844e+14, 0, 0, 2e+18, 1.16687151e+18
1.4735938, 0, 0, 1.5e+15, 0, 4.50331825e-21, 3.718e+18, 6.44e+20, 4.84462312, 4, 370.674691, 117.195913, 1.28078819, 37506.4343, 0, 1.31487313e+17, 1.32610905e+18, 102367.976, -368.404454, -372.997788, 1.5e+15, 1.22318411e+28, -7341.74647, 36748.6925, 304.922325, 117.19603, 117.195913, 1.28078819, 1.28078819, 1.5e+15, 10214.6638, 92250.6275, 0.418163687, 105754.507, -6262.46597, -2089.12791, -10854.2797, 92037.8015, 9987.89689, 105193.284, 0, 1.22805484e-08, 1.22805484e-08, 3.78799609e+09, 2.91294792e+10, 2.53261758e+10, 0.27, 3.332, 15307234.8, -8351.59388, 102025.698, 0, 8.89748024e+14, 0, 0, 2e+18, 1.16788798e+18
1.4924773, 0, 0, 1.5e+15, 0, 4.50096717e-21, 3.718e+18, 6.44e+20, 4.8446249, 4, 370.607553, 117.195913, 1.28078819, 36805.0683, 0, 1.32184895e+17, 1.3267036e+18, 100803.939, -368.337175, -372.930665, 1.5e+15, 1.22973152e+28, -7184.99173, 36061.7589, 304.920705, 117.19603, 117.195913, 1.28078819, 1.28078819, 1.5e+15, 10027.0738, 90872.6755, 0.41556166, 104076.508, -6180.91162, -2044.8209, -10662.4514, 90662.1981, 9804.50817, 103525.83, 0, 1.22804557e-08, 1.22804557e-08, 3.65890079e+09, 2.90094966e+10, 2.53357241e+10, 0.27, 3.332, 14871689, -8225.73253, 100466.706, 0, 8.87710365e+14, 0, 0, 2e+18, 1.16810301e+18
1.5396875, 0, 0, 1.5e+15, 0, 4.49537805e-21, 3.718e+18, 6.44e+20, 4.84462912, 4, 370.440013, 117.195913, 1.28078819, 35014.8664, 0, 1.35112203e+17, 1.32910603e+18, 97910.7724, -368.169052, -372.76318, 1.5e+15, 1.25461542e+28, -6638.74479, 34349.4801, 304.916866, 117.19603, 117.195913, 1.28078819, 1.28078819, 1.5e+15, 9557.98136, 88436.4191, 0.408615651, 100893.11, -6032.64896, -1894.1946, -10152.4693, 88230.401, 9358.08101, 100378.787, 0, 1.22802361e-08, 1.22802361e-08, 3.38586238e+09, 2.87815625e+10, 2.53824235e+10, 0.27, 3.332, 13276675.9, -7926.84356, 97588.4821, 0, 8.79785316e+14, 0, 0, 2e+18, 1.16902193e+18
1.55857103, 0, 0, 1.5e+15, 0, 4.49315815e-21, 3.718e+18, 6.44e+20, 4.84463081, 4, 370.377237, 117.195935, 1.28078819, 34367.339, 0, 1.35734455e+17, 1.32963722e+18, 96388.3494, -368.106152, -372.700417, 1.5e+15, 1.26038615e+28, -6498.03486, 33714.3612, 304.915333, 117.19603, 117.195935, 1.28078819, 1.28078819, 1.5e+15, 9384.14085, 87086.6563, 0.40620728, 99268.8034, -5949.98322, -1854.42803, -9971.99754, 86883.1261, 9187.83567, 98764.1705, 0, 1.22801485e-08, 1.22801485e-08, 3.27077498e+09, 2.86746792e+10, 2.53909907e+10, 0.27, 3.332, 12913500.9, -7804.41125, 96070.9618, 0, 8.78016724e+14, 0, 0, 2e+18, 1.1692135e+18
1.6057813, 0, 0, 1.5e+15, 0, 4.48786035e-21, 3.718e+18, 6.44e+20, 4.84463481, 4, 370.220566, 117.195987, 1.28078819, 32716.5541, 0, 1.38349249e+17, 1.33180025e+18, 93444.1593, -367.948973, -372.543795, 1.5e+15, 1.28261508e+28, -6009.23467, 32131.2603, 304.911688, 117.19603, 117.195987, 1.28078819, 1.28078819, 1.5e+15, 8949.09978, 84567.1343, 0.399750316, 96065.5333, -5790.67836, -1719.32982, -9490.7007, 84368.6182, 8772.49832, 95593.745, 0, 1.227994e-08, 1.227994e-08, 3.02220357e+09, 2.84662818e+10, 2.54325847e+10, 0.27, 3.332, 11493503.8, -7510.00818, 93141.1165, 0, 8.71062375e+14, 0, 0, 2e+18, 1.17003653e+18
1.6246648, 0, 0, 1.5e+15, 0, 4.48577454e-21, 3.718e+18, 6.44e+20, 4.8446364, 4, 370.161826, 117.195987, 1.28078819, 32119.1833, 0, 1.38901812e+17, 1.33227421e+18, 91973.4741, -367.890126, -372.485067, 1.5e+15, 1.28768489e+28, -5882.96263, 31544.5383, 304.910245, 117.19603, 117.195987, 1.28078819, 1.28078819, 1.5e+15, 8788.1683, 83256.4692, 0.397528791, 94503.8262, -5704.56093, -1683.30627, -9317.31592, 83060.7744, 8614.67616, 94041.3014, 0, 1.22798575e-08, 1.22798575e-08, 2.91998886e+09, 2.83714864e+10, 2.54403062e+10, 0.27, 3.332, 11191328.6, -7387.8672, 91675.4506, 0, 8.69529074e+14, 0, 0, 2e+18, 1.17020717e+18
1.671875, 0, 0, 1.5e+15, 0, 4.48078454e-21, 3.718e+18, 6.44e+20, 4.84464018, 4, 370.01522, 117.195987, 1.28078819, 30598.1797, 0, 1.41227093e+17, 1.33421741e+18, 89021.4708, -367.743076, -372.338505, 1.5e+15, 1.30744835e+28, -5446.19322, 30082.2416, 304.906807, 117.19603, 117.195987, 1.28078819, 1.28078819, 1.5e+15, 8385.0646, 80698.768, 0.391548249, 91320.6262, -5527.0809, -1561.24238, -8852.14469, 80509.2356, 8228.91514, 90889.0694, 0, 1.22796609e-08, 1.22796609e-08, 2.69511571e+09, 2.81825318e+10, 2.54775087e+10, 0.27, 3.332, 9907404.36, -7088.32328, 88738.1508, 0, 8.63441096e+14, 0, 0, 2e+18, 1.17094393e+18
1.69075853, 0, 0, 1.5e+15, 0, 4.47878865e-21, 3.718e+18, 6.44e+20, 4.8446417, 4, 369.9602, 117.195995, 1.28078819, 30046.3281, 0, 1.41711418e+17, 1.33463276e+18, 87608.3226, -367.687964, -372.283495, 1.5e+15, 1.31185189e+28, -5334.54027, 29539.3288, 304.905424, 117.19603, 117.195995, 1.28078819, 1.28078819, 1.5e+15, 8235.92179, 79434.0841, 0.389502816, 89826.1423, -5446.65323, -1529.64487, -8695.74873, 79247.085, 8082.34154, 89402.5738, 0, 1.22795818e-08, 1.22795818e-08, 2.60448011e+09, 2.80984351e+10, 2.54842926e+10, 0.27, 3.332, 9662348.27, -6976.2981, 87329.4266, 0, 8.62124862e+14, 0, 0, 2e+18, 1.171093e+18
1.7379688, 0, 0, 1.5e+15, 0, 4.47399346e-21, 3.718e+18, 6.44e+20, 4.84464533, 4, 369.822862, 117.196014, 1.28078819, 28643.3587, 0, 1.43751262e+17, 1.33634567e+18, 84683.157, -367.550244, -372.146197, 1.5e+15, 1.32919121e+28, -4949.78574, 28186.1472, 304.902115, 117.19603, 117.196014, 1.28078819, 1.28078819, 1.5e+15, 7862.33805, 76875.1888, 0.383974538, 86694.7129, -5277.60554, -1422.70263, -8275.88364, 76693.7752, 7723.30314, 86297.5444, 0, 1.22793926e-08, 1.22793926e-08, 2.40187458e+09, 2.79272456e+10, 2.55168024e+10, 0.27, 3.332, 8568585.74, -6700.30817, 84417.0783, 0, 8.56856608e+14, 0, 0, 2e+18, 1.17173911e+18
1.7568523, 0, 0, 1.5e+15, 0, 4.47214176e-21, 3.718e+18, 6.44e+20, 4.84464675, 4, 369.7713, 117.196014, 1.28078819, 28131.8311, 0, 1.4418356e+17, 1.3367208e+18, 83329.7616, -367.498603, -372.094646, 1.5e+15, 1.33308783e+28, -4849.56304, 27682.2608, 304.900831, 117.19603, 117.196014, 1.28078819, 1.28078819, 1.5e+15, 7723.69937, 75659.9292, 0.382093505, 85268.3333, -5196.85833, -1393.99454, -8127.01963, 75481.1918, 7586.88407, 84878.729, 0, 1.22793191e-08, 1.22793191e-08, 2.32147784e+09, 2.78529044e+10, 2.55230689e+10, 0.27, 3.332, 8357629.39, -6590.85287, 83068.0759, 0, 8.55702946e+14, 0, 0, 2e+18, 1.17187397e+18
1.8040625, 0, 0, 1.5e+15, 0, 4.46768355e-21, 3.718e+18, 6.44e+20, 4.84465014, 4, 369.642589, 117.196014, 1.28078819, 26832.2856, 0, 1.46004406e+17, 1.33827209e+18, 80455.6316, -367.369557, -371.96597, 1.5e+15, 1.348554e+28, -4505.88893, 26425.8004, 304.897749, 117.19603, 117.196014, 1.28078819, 1.28078819, 1.5e+15, 7375.9559, 73127.3132, 0.376990241, 82209.1452, -5019.50599, -1297.1608, -7725.07211, 72954.7875, 7251.97314, 81844.3337, 0, 1.22791429e-08, 1.22791429e-08, 2.13921063e+09, 2.76992725e+10, 2.55527185e+10, 0.27, 3.332, 7343309.63, -6316.66679, 80206.7607, 0, 8.51057112e+14, 0, 0, 2e+18, 1.17245877e+18
1.82294603, 0, 0, 1.5e+15, 0, 4.46591929e-21, 3.718e+18, 6.44e+20, 4.84465149, 4, 369.594231, 117.196017, 1.28078819, 26358.4178, 0, 1.46386451e+17, 1.33860588e+18, 79165.7966, -367.321128, -371.91762, 1.5e+15, 1.35197253e+28, -4415.9311, 25958.452, 304.896523, 117.19603, 117.196017, 1.28078819, 1.28078819, 1.5e+15, 7247.22082, 71965.8597, 0.37526473, 80854.1461, -4942.34642, -1271.50704, -7587.67717, 71795.8899, 7125.10859, 80496.1504, 0, 1.22790728e-08, 1.22790728e-08, 2.06807544e+09, 2.76336234e+10, 2.55583741e+10, 0.27, 3.332, 7173836.4, -6213.85345, 78920.9985, 0, 8.50053568e+14, 0, 0, 2e+18, 1.1725787e+18
1.8701563, 0, 0, 1.5e+15, 0, 4.46165831e-21, 3.718e+18, 6.44e+20, 4.84465472, 4, 369.473504, 117.196024, 1.28078819, 25155.679, 0, 1.47996225e+17, 1.33999072e+18, 76367.9108, -367.200109, -371.796927, 1.5e+15, 1.36564028e+28, -4109.23599, 24792.9794, 304.893575, 117.19603, 117.196024, 1.28078819, 1.28078819, 1.5e+15, 6924.1894, 69485.7611, 0.370566346, 77891.2305, -4769.34857, -1185.31074, -7216.49924, 69321.8277, 6813.1092, 77555.3259, 0, 1.22789042e-08, 1.22789042e-08, 1.904875e+09, 2.74960858e+10, 2.55849107e+10, 0.27, 3.332, 6300142.2, -5954.65931, 76134.937, 0, 8.45989575e+14, 0, 0, 2e+18, 1.17309944e+18
1.8890398, 0, 0, 1.5e+15, 0, 4.46003366e-21, 3.718e+18, 6.44e+20, 4.84465596, 4, 369.428122, 117.196024, 1.28078819, 24716.9186, 0, 1.48336907e+17, 1.34029341e+18, 75143.336, -367.154665, -371.751553, 1.5e+15, 1.36866677e+28, -4027.88927, 24359.8221, 304.892445, 117.19603, 117.196024, 1.28078819, 1.28078819, 1.5e+15, 6804.74426, 68380.3975, 0.368988185, 76608.5449, -4691.979, -1161.82088, -7084.91069, 68219.1749, 6695.28516, 76279.2022, 0, 1.22788396e-08, 1.22788396e-08, 1.84204636e+09, 2.74383944e+10, 2.55901835e+10, 0.27, 3.332, 6164623.1, -5853.79988, 74914.4601, 0, 8.45107145e+14, 0, 0, 2e+18, 1.17320853e+18
1.93625, 0, 0, 1.5e+15, 0, 4.45610536e-21, 3.718e+18, 6.44e+20, 4.84465896, 4, 369.314823, 117.196024, 1.28078819, 23604.1435, 0, 1.49772638e+17, 1.3415507e+18, 72437.821, -367.041108, -371.638282, 1.5e+15, 1.38084282e+28, -3752.42136, 23279.6387, 304.889723, 117.19603, 117.196024, 1.28078819, 1.28078819, 1.5e+15, 6504.74176, 65970.3981, 0.364675609, 73755.9851, -4512.80171, -1083.33999, -6728.05482, 65815.7904, 6405.12711, 73447.7297, 0, 1.22786839e-08, 1.22786839e-08, 1.69638363e+09, 2.73163866e+10, 2.56146134e+10, 0.27, 3.332, 5389505.56, -5596.1417, 72220.9176, 0, 8.41516784e+14, 0, 0, 2e+18, 1.17368188e+18
1.95513353, 0, 0, 1.5e+15, 0, 4.45451447e-21, 3.718e+18, 6.44e+20, 4.84466018, 4, 369.27219, 117.196025, 1.28078819, 23197.6587, 0, 1.50068279e+17, 1.34181369e+18, 71277.9948, -366.998422, -371.595657, 1.5e+15, 1.38345536e+28, -3680.22083, 22877.8381, 304.888615, 117.19603, 117.196025, 1.28078819, 1.28078819, 1.5e+15, 6393.86161, 64921.3214, 0.363235043, 72544.3938, -4442.00391, -1062.75066, -6610.09616, 64769.0995, 6295.56925, 72241.783, 0, 1.22786205e-08, 1.22786205e-08, 1.6409225e+09, 2.72654286e+10, 2.56192205e+10, 0.27, 3.332, 5285597.96, -5504.75457, 71064.6688, 0, 8.40760006e+14, 0, 0, 2e+18, 1.17377642e+18
2.0023438, 0, 0, 1.5e+15, 0, 4.45065874e-21, 3.718e+18, 6.44e+20, 4.84466312, 4, 369.165743, 117.196027, 1.28078819, 22168.0451, 0, 1.51315444e+17, 1.34291057e+18, 68675.0144, -366.891753, -371.489236, 1.5e+15, 1.39403179e+28, -3437.23608, 21875.9083, 304.88594, 117.19603, 117.196027, 1.28078819, 1.28078819, 1.5e+15, 6115.48143, 62593.0319, 0.35928414, 69810.6166, -4276.8194, -994.268017, -6290.85623, 62446.6619, 6025.38752, 69525.956, 0, 1.22784676e-08, 1.22784676e-08, 1.511172e+09, 2.71563293e+10, 2.56405136e+10, 0.27, 3.332, 4643808.5, -5271.08742, 68472.0494, 0, 8.37665853e+14, 0, 0, 2e+18, 1.17418792e+18
2.0212273, 0, 0, 1.5e+15, 0, 4.44920884e-21, 3.718e+18, 6.44e+20, 4.84466423, 4, 369.125674, 117.196027, 1.28078819, 21790.0363, 0, 1.51580762e+17, 1.34315134e+18, 67576.7368, -366.851637, -371.449173, 1.5e+15, 1.39636207e+28, -3372.14963, 21501.881, 304.884929, 117.19603, 117.196027, 1.28078819, 1.28078819, 1.5e+15, 6012.19072, 61597.9947, 0.357970475, 68665.9777, -4208.13088, -975.470454, -6179.65196, 61453.9965, 5923.2275, 68386.6172, 0, 1.22784098e-08, 1.22784098e-08, 1.46210934e+09, 2.71115292e+10, 2.56448636e+10, 0.27, 3.332, 4556320.24, -5183.60133, 67377.2239, 0, 8.36993936e+14, 0, 0, 2e+18, 1.17427495e+18
2.0684375, 0, 0, 1.5e+15, 0, 4.44568792e-21, 3.718e+18, 6.44e+20, 4.84466692, 4, 369.025624, 117.196027, 1.28078819, 20832.9074, 0, 1.52698315e+17, 1.344153e+18, 65078.5404, -366.751391, -371.349147, 1.5e+15, 1.40582602e+28, -3154.44371, 20568.8135, 304.882484, 117.19603, 117.196027, 1.28078819, 1.28078819, 1.5e+15, 5752.56162, 59356.2617, 0.354354159, 66050.6224, -4044.32157, -913.245515, -5877.55503, 59218.2162, 5670.87884, 65788.0477, 0, 1.22782699e-08, 1.22782699e-08, 1.34638304e+09, 2.70150045e+10, 2.56646524e+10, 0.27, 3.332, 3969014.65, -4957.56709, 64889.095, 0, 8.34241629e+14, 0, 0, 2e+18, 1.17465183e+18
2.08732103, 0, 0, 1.5e+15, 0, 4.4442822e-21, 3.718e+18, 6.44e+20, 4.84466799, 4, 368.987936, 117.196028, 1.28078819, 20481.426, 0, 1.52932394e+17, 1.34436716e+18, 64040.8718, -366.713661, -371.311464, 1.5e+15, 1.40787262e+28, -3095.82045, 20220.6989, 304.881502, 117.19603, 117.196028, 1.28078819, 1.28078819, 1.5e+15, 5656.37924, 58414.7926, 0.353158984, 64971.6316, -3980.16464, -896.427481, -5775.69769, 58278.9315, 5575.63294, 64713.7958, 0, 1.22782138e-08, 1.22782138e-08, 1.30301735e+09, 2.69754984e+10, 2.56685791e+10, 0.27, 3.332, 3901922.86, -4876.59213, 63854.5644, 0, 8.33654102e+14, 0, 0, 2e+18, 1.17472927e+18
2.1345313, 0, 0, 1.5e+15, 0, 4.44086334e-21, 3.718e+18, 6.44e+20, 4.84467061, 4, 368.893824, 117.196029, 1.28078819, 19592.0525, 0, 1.53918325e+17, 1.34525904e+18, 61653.7773, -366.619378, -371.217375, 1.5e+15, 1.41621742e+28, -2900.99438, 19352.2051, 304.879126, 117.19603, 117.196029, 1.28078819, 1.28078819, 1.5e+15, 5414.57947, 56266.8398, 0.34985637, 62480.2075, -3825.71942, -841.052152, -5499.21112, 56136.5105, 5340.08023, 62237.2586, 0, 1.22780779e-08, 1.22780779e-08, 1.20002393e+09, 2.6889752e+10, 2.56863268e+10, 0.27, 3.332, 3401341.78, -4666.77158, 61476.5908, 0, 8.31240837e+14, 0, 0, 2e+18, 1.17506454e+18
2.1534148, 0, 0, 1.5e+15, 0, 4.43958979e-21, 3.718e+18, 6.44e+20, 4.84467159, 4, 368.858358, 117.196029, 1.28078819, 19265.1432, 0, 1.54129547e+17, 1.3454569e+18, 60674.9725, -366.583874, -371.181914, 1.5e+15, 1.41805411e+28, -2847.67655, 19028.1629, 304.878236, 117.19603, 117.196029, 1.28078819, 1.28078819, 1.5e+15, 5325.01467, 55377.674, 0.348771992, 61464.6171, -3763.32299, -825.570641, -5402.61614, 55249.5362, 5251.31216, 61226.1784, 0, 1.2278027e-08, 1.2278027e-08, 1.1617032e+09, 2.68551252e+10, 2.5690072e+10, 0.27, 3.332, 3349945.18, -4588.89363, 60500.8484, 0, 8.30715124e+14, 0, 0, 2e+18, 1.17513655e+18
2.200625, 0, 0, 1.5e+15, 0, 4.43648547e-21, 3.718e+18, 6.44e+20, 4.84467397, 4, 368.769791, 117.196029, 1.28078819, 18438.2465, 0, 1.55017392e+17, 1.34627721e+18, 58400.9556, -366.495153, -371.093368, 1.5e+15, 1.42555591e+28, -2671.64527, 18219.6774, 304.876075, 117.19603, 117.196029, 1.28078819, 1.28078819, 1.5e+15, 5099.64682, 53326.7232, 0.34576373, 59097.7752, -3610.43995, -774.879542, -5139.61548, 53204.2243, 5031.56903, 58873.4543, 0, 1.22779035e-08, 1.22779035e-08, 1.07013306e+09, 2.67797682e+10, 2.57067293e+10, 0.27, 3.332, 2905934.81, -4385.31949, 58235.7932, 0, 8.28554553e+14, 0, 0, 2e+18, 1.17544616e+18
2.21950853, 0, 0, 1.5e+15, 0, 4.43522742e-21, 3.718e+18, 6.44e+20, 4.84467493, 4, 368.736387, 117.196029, 1.28078819, 18134.1351, 0, 1.55201813e+17, 1.3464509e+18, 57478.6547, -366.461717, -371.059968, 1.5e+15, 1.42715416e+28, -2623.93316, 17917.943, 304.875195, 117.19603, 117.196029, 1.28078819, 1.28078819, 1.5e+15, 5016.22527, 52487.9637, 0.344782169, 58142.8001, -3553.44685, -761.177354, -5052.62248, 52367.3985, 4948.78705, 57922.3996, 0, 1.22778531e-08, 1.22778531e-08, 1.03627201e+09, 2.67491929e+10, 2.57100514e+10, 0.27, 3.332, 2869502.64, -4314.6242, 57316.1855, 0, 8.28098533e+14, 0, 0, 2e+18, 1.17550934e+18
2.2667188, 0, 0, 1.5e+15, 0, 4.43216034e-21, 3.718e+18, 6.44e+20, 4.84467728, 4, 368.652963, 117.196029, 1.28078819, 17365.5926, 0, 1.5597741e+17, 1.34717229e+18, 55317.4282, -366.378159, -370.976561, 1.5e+15, 1.43370531e+28, -2467.41028, 17165.1919, 304.873059, 117.19603, 117.196029, 1.28078819, 1.28078819, 1.5e+15, 4806.3972, 50534.6645, 0.34204774, 55899.2233, -3413.28025, -716.566684, -4816.35807, 50419.1034, 4743.68729, 55690.9908, 0, 1.22777309e-08, 1.22777309e-08, 954933111, 2.66822138e+10, 2.57247796e+10, 0.27, 3.332, 2501136.87, -4129.84693, 55162.7907, 0, 8.2621969e+14, 0, 0, 2e+18, 1.17578128e+18
2.2856023, 0, 0, 1.5e+15, 0, 4.43101115e-21, 3.718e+18, 6.44e+20, 4.84467817, 4, 368.621486, 117.196029, 1.28078819, 17081.7972, 0, 1.56144236e+17, 1.34733292e+18, 54447.6603, -366.346654, -370.945089, 1.5e+15, 1.43514433e+28, -2424.30588, 16883.376, 304.872254, 117.19603, 117.196029, 1.28078819, 1.28078819, 1.5e+15, 4728.47102, 49742.9835, 0.341160358, 55000.2911, -3359.4488, -704.063276, -4735.42074, 49629.2497, 4666.28734, 54795.667, 0, 1.22776849e-08, 1.22776849e-08, 924942508, 2.66553538e+10, 2.57279393e+10, 0.27, 3.332, 2471996.68, -4063.51208, 54295.5371, 0, 8.25809842e+14, 0, 0, 2e+18, 1.17584012e+18
2.3328125, 0, 0, 1.5e+15, 0, 4.42820277e-21, 3.718e+18, 6.44e+20, 4.84468032, 4, 368.542873, 117.196029, 1.28078819, 16364.7959, 0, 1.56843451e+17, 1.34799583e+18, 52394.1769, -366.267921, -370.866492, 1.5e+15, 1.44104059e+28, -2283.63534, 16180.1275, 304.870296, 117.19603, 117.196029, 1.28078819, 1.28078819, 1.5e+15, 4532.31087, 47884.0231, 0.338677199, 52873.2875, -3225.44323, -663.521084, -4514.96263, 47775.0886, 4474.31988, 52679.8551, 0, 1.2277573e-08, 1.2277573e-08, 852551927, 2.65964119e+10, 2.57417207e+10, 0.27, 3.332, 2139221.76, -3888.96431, 52249.4084, 0, 8.24123655e+14, 0, 0, 2e+18, 1.17609108e+18
2.35169603, 0, 0, 1.5e+15, 0, 4.42708454e-21, 3.718e+18, 6.44e+20, 4.84468118, 4, 368.513193, 117.196029, 1.28078819, 16099.6769, 0, 1.56992368e+17, 1.34814077e+18, 51574.2456, -366.238216, -370.836817, 1.5e+15, 1.44232101e+28, -2244.79927, 15916.6366, 304.869512, 117.19603, 117.196029, 1.28078819, 1.28078819, 1.5e+15, 4459.4446, 47137.1527, 0.337876309, 52027.4081, -3176.36074, -652.325902, -4441.75322, 47029.8187, 4401.87005, 51837.1307, 0, 1.22775282e-08, 1.22775282e-08, 825971240, 2.65727043e+10, 2.57446156e+10, 0.27, 3.332, 2117410.34, -3828.68664, 51431.6888, 0, 8.23759654e+14, 0, 0, 2e+18, 1.17614429e+18
2.3989063, 0, 0, 1.5e+15, 0, 4.42435058e-21, 3.718e+18, 6.44e+20, 4.84468328, 4, 368.439066, 117.19603, 1.28078819, 15430.2026, 0, 1.57615491e+17, 1.34873757e+18, 49626.5355, -366.163982, -370.762705, 1.5e+15, 1.4475716e+28, -2118.6652, 15259.0698, 304.867604, 117.19603, 117.19603, 1.28078819, 1.28078819, 1.5e+15, 4276.02385, 45371.4819, 0.335624568, 50014.308, -3053.70735, -616.176124, -4242.48145, 45268.3993, 4222.03384, 49833.7769, 0, 1.2277419e-08, 1.2277419e-08, 761557253, 2.65205252e+10, 2.57571382e+10, 0.27, 3.332, 1829748.3, -3669.88347, 49490.4332, 0, 8.22262377e+14, 0, 0, 2e+18, 1.17637041e+18
2.4177898, 0, 0, 1.5e+15, 0, 4.4232703e-21, 3.718e+18, 6.44e+20, 4.84468411, 4, 368.411073, 117.19603, 1.28078819, 15159.7986, 0, 1.57753413e+17, 1.34887491e+18, 48715.6916, -366.135965, -370.734716, 1.5e+15, 1.44875264e+28, -2081.18239, 14990.075, 304.866847, 117.19603, 117.19603, 1.28078819, 1.28078819, 1.5e+15, 4195.62564, 44541.2739, 0.334698633, 49076.664, -3008.28498, -605.882254, -4174.99584, 44439.302, 4141.96089, 48898.5346, 0, 1.22773757e-08, 1.22773757e-08, 733957913, 2.64957347e+10, 2.57599553e+10, 0.27, 3.332, 1821508.52, -3614.16723, 48581.2629, 0, 8.21926863e+14, 0, 0, 2e+18, 1.17642116e+18
2.465, 0, 0, 1.5e+15, 0, 4.42061938e-21, 3.718e+18, 6.44e+20, 4.84468615, 4, 368.341154, 117.19603, 1.28078819, 14477.3497, 0, 1.58328525e+17, 1.34943659e+18, 46540.6958, -366.065949, -370.664811, 1.5e+15, 1.45359075e+28, -1960.59614, 14318.358, 304.864995, 117.19603, 117.19603, 1.28078819, 1.28078819, 1.5e+15, 3993.87124, 42567.0162, 0.332104031, 46834.2732, -2894.35701, -572.76925, -3991.30505, 42468.2715, 3942.89234, 46663.6501, 0, 1.22772698e-08, 1.22772698e-08, 666810558, 2.64403605e+10, 2.57719513e+10, 0.27, 3.332, 1598592.78, -3467.12626, 46411.1638, 0, 8.20549695e+14, 0, 0, 2e+18, 1.1766347e+18
2.49075838, 0, 0, 1.5e+15, 0, 4.41936306e-21, 3.718e+18, 6.44e+20, 4.84468712, 4, 368.305521, 117.19603, 1.28078819, 14186.8906, 0, 1.58482605e+17, 1.34959369e+18, 45693.3789, -366.030289, -370.629183, 1.5e+15, 1.45490517e+28, -1917.83822, 14029.3088, 304.864113, 117.19603, 117.19603, 1.28078819, 1.28078819, 1.5e+15, 3919.88318, 41794.0287, 0.331234067, 45963.4785, -2826.87762, -559.521483, -3896.25212, 41698.1516, 3869.25404, 45797.6641, 0, 1.22772194e-08, 1.22772194e-08, 642921875, 2.64197691e+10, 2.57752548e+10, 0.27, 3.332, 1592412.17, -3386.3991, 45567.4056, 0, 8.20176493e+14, 0, 0, 2e+18, 1.17669306e+18
2.5551563, 0, 0, 1.5e+15, 0, 4.41628583e-21, 3.718e+18, 6.44e+20, 4.84468948, 4, 368.216521, 117.19603, 1.28078819, 13452.8086, 0, 1.59132993e+17, 1.35024167e+18, 43655.897, -365.941179, -370.540198, 1.5e+15, 1.46036504e+28, -1782.59847, 13307.734, 304.861962, 117.19603, 117.19603, 1.28078819, 1.28078819, 1.5e+15, 3732.21923, 39942.7278, 0.328797545, 43866.7297, -2654.18461, -517.84526, -3638.1761, 39854.178, 3686.14224, 43715.4004, 0, 1.22770964e-08, 1.22770964e-08, 584530734, 2.63751907e+10, 2.57893903e+10, 0.27, 3.332, 1269650.23, -3172.02987, 43540.3203, 0, 8.18624931e+14, 0, 0, 2e+18, 1.17694105e+18
2.58091465, 0, 0, 1.5e+15, 0, 4.41504905e-21, 3.718e+18, 6.44e+20, 4.84469044, 4, 368.183547, 117.19603, 1.28078819, 13168.5013, 0, 1.5926819e+17, 1.35038118e+18, 42750.6506, -365.908182, -370.507229, 1.5e+15, 1.46151472e+28, -1743.25223, 13024.4663, 304.861093, 117.19603, 117.19603, 1.28078819, 1.28078819, 1.5e+15, 3653.90593, 39116.1886, 0.327860615, 42938.7652, -2597.50043, -506.54656, -3558.03134, 39029.579, 3608.02708, 42790.8697, 0, 1.22770467e-08, 1.22770467e-08, 560824035, 2.63544601e+10, 2.57923675e+10, 0.27, 3.332, 1268560.4, -3104.04699, 42637.6061, 0, 8.18298801e+14, 0, 0, 2e+18, 1.17699305e+18
2.6453125, 0, 0, 1.5e+15, 0, 4.4120173e-21, 3.718e+18, 6.44e+20, 4.84469277, 4, 368.101183, 117.19603, 1.28078819, 12450.8275, 0, 1.5983643e+17, 1.35095349e+18, 40560.646, -365.825722, -370.424881, 1.5e+15, 1.46628123e+28, -1619.49409, 12317.5433, 304.858972, 117.19603, 117.19603, 1.28078819, 1.28078819, 1.5e+15, 3456.43583, 37122.6166, 0.325236862, 40691.6315, -2453.288, -471.130679, -3341.42106, 37041.1573, 3413.75625, 40554.0368, 0, 1.22769254e-08, 1.22769254e-08, 502710715, 2.63086864e+10, 2.5804958e+10, 0.27, 3.332, 1017743.63, -2924.41868, 40454.9134, 0, 8.16947161e+14, 0, 0, 2e+18, 1.17721222e+18
2.67107088, 0, 0, 1.5e+15, 0, 4.41086653e-21, 3.718e+18, 6.44e+20, 4.84469366, 4, 368.070658, 117.19603, 1.28078819, 12188.9342, 0, 1.59954422e+17, 1.35107779e+18, 39720.5325, -365.795178, -370.394359, 1.5e+15, 1.46728078e+28, -1585.16298, 12056.316, 304.858163, 117.19603, 117.19603, 1.28078819, 1.28078819, 1.5e+15, 3384.2522, 36355.1203, 0.324417829, 39832.1572, -2402.531, -461.226103, -3270.25829, 36275.3245, 3341.65867, 39697.5008, 0, 1.22768791e-08, 1.22768791e-08, 482389866, 2.62910821e+10, 2.58076704e+10, 0.27, 3.332, 1021902.39, -2863.7571, 39616.9831, 0, 8.1666364e+14, 0, 0, 2e+18, 1.17725882e+18
2.7354688, 0, 0, 1.5e+15, 0, 4.40804464e-21, 3.718e+18, 6.44e+20, 4.84469583, 4, 367.994407, 117.19603, 1.28078819, 11528.0131, 0, 1.60448142e+17, 1.35158387e+18, 37677.6442, -365.718843, -370.318121, 1.5e+15, 1.47141566e+28, -1477.71698, 11404.1579, 304.856186, 117.19603, 117.19603, 1.28078819, 1.28078819, 1.5e+15, 3202.15175, 34493.5287, 0.322109344, 37740.5771, -2272.70061, -430.328742, -3077.82444, 34418.2265, 3162.17584, 37614.718, 0, 1.22767661e-08, 1.22767661e-08, 432401181, 2.62521963e+10, 2.58189807e+10, 0.27, 3.332, 814416.986, -2703.02935, 37580.4023, 0, 8.15492463e+14, 0, 0, 2e+18, 1.17745333e+18
2.76122715, 0, 0, 1.5e+15, 0, 4.4069801e-21, 3.718e+18, 6.44e+20, 4.84469665, 4, 367.966144, 117.19603, 1.28078819, 11286.2837, 0, 1.60552853e+17, 1.35169668e+18, 36897.1995, -365.690563, -370.289862, 1.5e+15, 1.4722993e+28, -1447.22654, 11162.7899, 304.855437, 117.19603, 117.19603, 1.28078819, 1.28078819, 1.5e+15, 3135.49497, 33780.216, 0.321395771, 36943.7125, -2226.44881, -421.498031, -3013.54599, 33706.3894, 3095.50968, 36820.4448, 0, 1.22767233e-08, 1.22767233e-08, 414953750, 2.62372737e+10, 2.5821498e+10, 0.27, 3.332, 821901.156, -2647.94684, 36801.8991, 0, 8.15241737e+14, 0, 0, 2e+18, 1.17749589e+18
2.825625, 0, 0, 1.5e+15, 0, 4.40436821e-21, 3.718e+18, 6.44e+20, 4.84469867, 4, 367.895541, 117.19603, 1.28078819, 10676.2638, 0, 1.60988709e+17, 1.35215209e+18, 34991.5086, -365.619887, -370.219271, 1.5e+15, 1.47594289e+28, -1352.30583, 10560.1063, 304.853606, 117.19603, 117.19603, 1.28078819, 1.28078819, 1.5e+15, 2967.21702, 32042.1753, 0.319369904, 34996.7239, -2107.43141, -394.081394, -2839.54037, 31972.4007, 2929.43077, 34881.2086, 0, 1.22766185e-08, 1.22766185e-08, 371911250, 2.62044011e+10, 2.58318454e+10, 0.27, 3.332, 644517.735, -2501.5128, 34901.8314, 0, 8.14210378e+14, 0, 0, 2e+18, 1.1776717e+18
2.85138338, 0, 0, 1.5e+15, 0, 4.40337716e-21, 3.718e+18, 6.44e+20, 4.84469943, 4, 367.869369, 117.19603, 1.28078819, 10452.9223, 0, 1.61081772e+17, 1.3522545e+18, 34266.238, -365.593699, -370.193102, 1.5e+15, 1.47672544e+28, -1325.06095, 10336.8599, 304.852908, 117.19603, 117.19603, 1.28078819, 1.28078819, 1.5e+15, 2905.60902, 31379.0294, 0.318751509, 34257.6417, -2065.30942, -386.194613, -2781.47263, 31310.5575, 2867.72797, 34144.4098, 0, 1.22765786e-08, 1.22765786e-08, 356920109, 2.61917522e+10, 2.58341775e+10, 0.27, 3.332, 654616.147, -2451.50404, 34178.2854, 0, 8.13988194e+14, 0, 0, 2e+18, 1.17771057e+18
2.9157813, 0, 0, 1.5e+15, 0, 4.40094467e-21, 3.718e+18, 6.44e+20, 4.84470131, 4, 367.803986, 117.19603, 1.28078819, 9889.26568, 0, 1.61467265e+17, 1.3526647e+18, 32489.0627, -365.528252, -370.12773, 1.5e+15, 1.47994228e+28, -1240.71319, 9779.3703, 304.851201, 117.19603, 117.19603, 1.28078819, 1.28078819, 1.5e+15, 2749.97542, 29757.0122, 0.316981214, 32445.7301, -1956.43361, -361.83392, -2624.24607, 29692.1807, 2713.92827, 32339.3175, 0, 1.2276481e-08, 1.2276481e-08, 319847965, 2.61639934e+10, 2.58436416e+10, 0.27, 3.332, 503800.724, -2318.26753, 32406.109, 0, 8.13077908e+14, 0, 0, 2e+18, 1.17786961e+18
2.94153965, 0, 0, 1.5e+15, 0, 4.40002197e-21, 3.718e+18, 6.44e+20, 4.84470203, 4, 367.779749, 117.19603, 1.28078819, 9682.6522, 0, 1.61550532e+17, 1.35275832e+18, 31814.5609, -365.504001, -370.103496, 1.5e+15, 1.48064001e+28, -1216.20538, 9572.61152, 304.850551, 117.19603, 117.19603, 1.28078819, 1.28078819, 1.5e+15, 2692.9706, 29140.0764, 0.316449092, 31759.7042, -1917.68863, -354.721072, -2571.25418, 29076.418, 2656.74936, 31655.3412, 0, 1.22764438e-08, 1.22764438e-08, 306954413, 2.61532851e+10, 2.58458149e+10, 0.27, 3.332, 515767.253, -2272.40971, 31733.1673, 0, 8.12879624e+14, 0, 0, 2e+18, 1.17790537e+18
3.0059375, 0, 0, 1.5e+15, 0, 4.39775679e-21, 3.718e+18, 6.44e+20, 4.84470377, 4, 367.719199, 117.19603, 1.28078819, 9161.08586, 0, 1.61893958e+17, 1.35313054e+18, 30156.7819, -365.443394, -370.042956, 1.5e+15, 1.48350043e+28, -1140.77667, 9056.25123, 304.848961, 117.19603, 117.19603, 1.28078819, 1.28078819, 1.5e+15, 2548.83329, 27626.0851, 0.314910758, 30072.9381, -1817.14205, -332.874825, -2427.77925, 27565.7551, 2514.15712, 29974.6823, 0, 1.22763529e-08, 1.22763529e-08, 275001997, 2.61299201e+10, 2.58545323e+10, 0.27, 3.332, 385777.84, -2150.01688, 30079.9122, 0, 8.12070168e+14, 0, 0, 2e+18, 1.17805034e+18
3.03169588, 0, 0, 1.5e+15, 0, 4.39689284e-21, 3.718e+18, 6.44e+20, 4.84470444, 4, 367.696755, 117.19603, 1.28078819, 8969.69994, 0, 1.61968432e+17, 1.35321599e+18, 29528.923, -365.420937, -370.020515, 1.5e+15, 1.48412247e+28, -1118.68875, 8864.49763, 304.848351, 117.19603, 117.19603, 1.28078819, 1.28078819, 1.5e+15, 2496.02309, 27051.6433, 0.3144571, 29435.5735, -1781.63797, -326.470126, -2379.55962, 26992.355, 2461.09855, 29339.1439, 0, 1.2276318e-08, 1.2276318e-08, 263901487, 2.61208511e+10, 2.58565506e+10, 0.27, 3.332, 398951.04, -2108.1081, 29453.4536, 0, 8.11893192e+14, 0, 0, 2e+18, 1.17808317e+18
3.0960938, 0, 0, 1.5e+15, 0, 4.39477179e-21, 3.718e+18, 6.44e+20, 4.84470608, 4, 367.640684, 117.19603, 1.28078819, 8486.4299, 0, 1.62274279e+17, 1.35355326e+18, 27981.7366, -365.364815, -369.964453, 1.5e+15, 1.48666535e+28, -1051.1067, 8385.58493, 304.846861, 117.19603, 117.19603, 1.28078819, 1.28078819, 1.5e+15, 2362.37698, 25637.8699, 0.313129905, 27864.4739, -1689.22923, -306.908483, -2249.07556, 25581.5962, 2328.72756, 27773.4717, 0, 1.22762328e-08, 1.22762328e-08, 236341978, 2.61011871e+10, 2.5864558e+10, 0.27, 3.332, 287149.208, -1996.13771, 27910.3237, 0, 8.1117341e+14, 0, 0, 2e+18, 1.1782151e+18
3.12185215, 0, 0, 1.5e+15, 0, 4.39396276e-21, 3.718e+18, 6.44e+20, 4.84470671, 4, 367.619904, 117.19603, 1.28078819, 8308.8738, 0, 1.62341299e+17, 1.35363171e+18, 27396.5697, -365.344024, -369.943676, 1.5e+15, 1.48722336e+28, -1031.12048, 8207.45027, 304.84629, 117.19603, 117.19603, 1.28078819, 1.28078819, 1.5e+15, 2313.38437, 25102.3528, 0.312747668, 27271.568, -1656.4923, -301.100455, -2204.90432, 25047.0135, 2279.41389, 27182.2118, 0, 1.22762002e-08, 1.22762002e-08, 226773695, 2.60935166e+10, 2.5866442e+10, 0.27, 3.332, 301067.643, -1957.59276, 27326.4274, 0, 8.1101444e+14, 0, 0, 2e+18, 1.17824542e+18
3.18625, 0, 0, 1.5e+15, 0, 4.39197677e-21, 3.718e+18, 6.44e+20, 4.84470824, 4, 367.567991, 117.19603, 1.28078819, 7860.32811, 0, 1.62615432e+17, 1.35393926e+18, 25951.2619, -365.292065, -369.89177, 1.5e+15, 1.48949836e+28, -970.322907, 7762.52689, 304.844894, 117.19603, 117.19603, 1.28078819, 1.28078819, 1.5e+15, 2189.2603, 23781.037, 0.311612742, 25806.7847, -1571.06003, -283.461599, -2085.44559, 23728.4563, 2156.3404, 25722.3075, 0, 1.22761204e-08, 1.22761204e-08, 202979317, 2.60770238e+10, 2.58738407e+10, 0.27, 3.332, 203800.549, -1854.52163, 25884.7967, 0, 8.10370166e+14, 0, 0, 2e+18, 1.17836626e+18
3.21200838, 0, 0, 1.5e+15, 0, 4.39121538e-21, 3.718e+18, 6.44e+20, 4.84470883, 4, 367.548759, 117.19603, 1.28078819, 7695.35473, 0, 1.6267573e+17, 1.35401117e+18, 25405.1816, -365.272822, -369.872541, 1.5e+15, 1.48999894e+28, -952.233705, 7596.77239, 304.844356, 117.19603, 117.19603, 1.28078819, 1.28078819, 1.5e+15, 2143.74402, 23281.1836, 0.31129555, 25254.5238, -1541.02916, -278.210713, -2045.15661, 23229.4232, 2110.43283, 25171.5133, 0, 1.22760896e-08, 1.22760896e-08, 194723023, 2.60705344e+10, 2.58755934e+10, 0.27, 3.332, 218036.916, -1819.23987, 25339.8561, 0, 8.1022735e+14, 0, 0, 2e+18, 1.17839421e+18
3.2764063, 0, 0, 1.5e+15, 0, 4.3893467e-21, 3.718e+18, 6.44e+20, 4.84471028, 4, 367.50071, 117.19603, 1.28078819, 7278.39288, 0, 1.62921278e+17, 1.3542911e+18, 24053.6872, -365.224733, -369.8245, 1.5e+15, 1.4920332e+28, -897.505767, 7182.75415, 304.843042, 117.19603, 117.19603, 1.28078819, 1.28078819, 1.5e+15, 2028.30343, 22045.0961, 0.310335782, 23887.4675, -1462.49027, -262.34647, -1936.26919, 21995.8304, 1995.82328, 23808.7948, 0, 1.22760145e-08, 1.22760145e-08, 174161665, 2.60567043e+10, 2.5882409e+10, 0.27, 3.332, 133655.354, -1724.83673, 23991.6537, 0, 8.09650883e+14, 0, 0, 2e+18, 1.17850465e+18
3.30216465, 0, 0, 1.5e+15, 0, 4.38862999e-21, 3.718e+18, 6.44e+20, 4.84471084, 4, 367.48292, 117.19603, 1.28078819, 7124.8616, 0, 1.62975835e+17, 1.35435737e+18, 23543.3302, -365.206934, -369.806712, 1.5e+15, 1.49248484e+28, -881.083095, 7028.24153, 304.842535, 117.19603, 117.19603, 1.28078819, 1.28078819, 1.5e+15, 1985.95554, 21577.8577, 0.310077781, 23372.2966, -1434.80359, -257.569916, -1899.31923, 21529.315, 1953.01225, 23294.9421, 0, 1.22759855e-08, 1.22759855e-08, 167029768, 2.60512244e+10, 2.58840466e+10, 0.27, 3.332, 147960.283, -1692.37351, 23482.3272, 0, 8.09521828e+14, 0, 0, 2e+18, 1.17853054e+18
3.3665625, 0, 0, 1.5e+15, 0, 4.3868716e-21, 3.718e+18, 6.44e+20, 4.8447122, 4, 367.438472, 117.19603, 1.28078819, 6736.57118, 0, 1.63197111e+17, 1.35461364e+18, 22277.9782, -365.16245, -369.762271, 1.5e+15, 1.49431477e+28, -831.655869, 6642.28519, 304.841297, 117.19603, 117.19603, 1.28078819, 1.28078819, 1.5e+15, 1878.40349, 20420.1132, 0.309277441, 22094.8117, -1362.25746, -243.213206, -1799.52368, 20373.8445, 1846.10151, 22021.3474, 0, 1.22759147e-08, 1.22759147e-08, 149245393, 2.60396778e+10, 2.58903583e+10, 0.27, 3.332, 74015.0606, -1605.47066, 22219.9461, 0, 8.09002852e+14, 0, 0, 2e+18, 1.17863208e+18
3.39232088, 0, 0, 1.5e+15, 0, 4.38619396e-21, 3.718e+18, 6.44e+20, 4.84471272, 4, 367.422026, 117.19603, 1.28078819, 6593.47225, 0, 1.63246462e+17, 1.3546746e+18, 21800.3176, -365.145996, -369.745828, 1.5e+15, 1.49472226e+28, -816.746007, 6498.00505, 304.840818, 117.19603, 117.19603, 1.28078819, 1.28078819, 1.5e+15, 1838.94715, 19982.745, 0.3090733, 21613.5475, -1336.846, -238.881413, -1765.76563, 19937.096, 1806.11012, 21541.2534, 0, 1.22758873e-08, 1.22758873e-08, 143079586, 2.60350514e+10, 2.58918837e+10, 0.27, 3.332, 88129.5595, -1575.7274, 21743.2061, 0, 8.08886225e+14, 0, 0, 2e+18, 1.178656e+18
3.4567188, 0, 0, 1.5e+15, 0, 4.38453205e-21, 3.718e+18, 6.44e+20, 4.84471401, 4, 367.380937, 117.19603, 1.28078819, 6231.30918, 0, 1.63445711e+17, 1.35490873e+18, 20614.1516, -365.104874, -369.704746, 1.5e+15, 1.49636737e+28, -772.0857, 6137.5955, 304.839648, 117.19603, 117.19603, 1.28078819, 1.28078819, 1.5e+15, 1738.60106, 18897.0713, 0.308418048, 20418.2841, -1270.14696, -225.9209, -1674.64145, 18853.473, 1706.21454, 20349.4394, 0, 1.22758204e-08, 1.22758204e-08, 127686473, 2.60254202e+10, 2.58977103e+10, 0.27, 3.332, 23468.6826, -1496.06786, 20559.6876, 0, 8.08419254e+14, 0, 0, 2e+18, 1.17874911e+18
3.48247715, 0, 0, 1.5e+15, 0, 4.38389151e-21, 3.718e+18, 6.44e+20, 4.84471451, 4, 367.365748, 117.19603, 1.28078819, 6097.73029, 0, 1.63490592e+17, 1.35496507e+18, 20166.4025, -365.089678, -369.689559, 1.5e+15, 1.49673702e+28, -758.513166, 6002.62929, 304.839195, 117.19603, 117.19603, 1.28078819, 1.28078819, 1.5e+15, 1701.79053, 18487.0439, 0.308262859, 19968.0004, -1246.72101, -221.969852, -1643.6505, 18443.974, 1668.79224, 19900.201, 0, 1.22757945e-08, 1.22757945e-08, 122352036, 2.60215261e+10, 2.58991368e+10, 0.27, 3.332, 37277.3596, -1468.69086, 20112.7662, 0, 8.08313282e+14, 0, 0, 2e+18, 1.17877133e+18
3.546875, 0, 0, 1.5e+15, 0, 4.38232132e-21, 3.718e+18, 6.44e+20, 4.84471572, 4, 367.3278, 117.19603, 1.28078819, 5759.36194, 0, 1.63671059e+17, 1.35518018e+18, 19052.9428, -365.051699, -369.651616, 1.5e+15, 1.49822461e+28, -718.042268, 5665.4731, 304.838089, 117.19603, 117.19603, 1.28078819, 1.28078819, 1.5e+15, 1608.01129, 17467.596, 0.307739493, 18848.1217, -1185.14334, -210.20211, -1560.0468, 17426.3871, 1575.29172, 18783.3998, 0, 1.22757313e-08, 1.22757313e-08, 109020383, 2.60135439e+10, 2.59045432e+10, 0.27, 3.332, -19755.9302, -1395.34545, 19001.6788, 0, 8.07890612e+14, 0, 0, 2e+18, 1.17885722e+18
3.57263338, 0, 0, 1.5e+15, 0, 4.38171344e-21, 3.718e+18, 6.44e+20, 4.84471619, 4, 367.313788, 117.19603, 1.28078819, 5634.48847, 0, 1.63711819e+17, 1.3552321e+18, 18632.585, -365.03768, -369.637605, 1.5e+15, 1.49855956e+28, -705.695367, 5538.99866, 304.837659, 117.19603, 117.19603, 1.28078819, 1.28078819, 1.5e+15, 1573.62311, 17082.6208, 0.307628744, 18426.1809, -1163.65213, -206.612338, -1531.71999, 17041.8412, 1540.21243, 18362.3774, 0, 1.22757066e-08, 1.22757066e-08, 104403022, 2.60102682e+10, 2.59058716e+10, 0.27, 3.332, -6416.37152, -1370.26447, 18582.0536, 0, 8.07794423e+14, 0, 0, 2e+18, 1.17887778e+18
3.6370313, 0, 0, 1.5e+15, 0, 4.38022403e-21, 3.718e+18, 6.44e+20, 4.84471735, 4, 367.278779, 117.19603, 1.28078819, 5317.86344, 0, 1.63874972e+17, 1.3554291e+18, 17585.9263, -365.002644, -369.602602, 1.5e+15, 1.49990247e+28, -669.029545, 5223.0464, 304.836609, 117.19603, 117.19603, 1.28078819, 1.28078819, 1.5e+15, 1485.85984, 16124.0501, 0.307225129, 17375.4859, -1107.0824, -195.962747, -1455.33868, 16084.9386, 1452.54712, 17314.3861, 0, 1.22756466e-08, 1.22756466e-08, 92852557.2, 2.60036631e+10, 2.59108671e+10, 0.27, 3.332, -56577.1739, -1303.04515, 17537.4857, 0, 8.07412479e+14, 0, 0, 2e+18, 1.17895669e+18
3.66278965, 0, 0, 1.5e+15, 0, 4.37964776e-21, 3.718e+18, 6.44e+20, 4.8447178, 4, 367.26587, 117.19603, 1.28078819, 5200.95789, 0, 1.63912177e+17, 1.35547716e+18, 17190.6299, -364.989729, -369.589695, 1.5e+15, 1.50020754e+28, -657.771991, 5104.31047, 304.836201, 117.19603, 117.19603, 1.28078819, 1.28078819, 1.5e+15, 1453.69638, 15762.0086, 0.307154642, 16979.4506, -1087.28607, -192.683319, -1429.33182, 15723.2352, 1419.60476, 16919.1598, 0, 1.22756232e-08, 1.22756232e-08, 88854612.9, 2.60009198e+10, 2.5912109e+10, 0.27, 3.332, -43751.0497, -1279.96939, 17142.8399, 0, 8.07324724e+14, 0, 0, 2e+18, 1.1789758e+18
3.7271875, 0, 0, 1.5e+15, 0, 4.37823662e-21, 3.718e+18, 6.44e+20, 4.84471889, 4, 367.233619, 117.19603, 1.28078819, 4904.18205, 0, 1.64060514e+17, 1.35565856e+18, 16205.2625, -364.957453, -369.557449, 1.5e+15, 1.50142668e+28, -624.470328, 4807.68015, 304.835206, 117.19603, 117.19603, 1.28078819, 1.28078819, 1.5e+15, 1371.42821, 14859.3268, 0.306859537, 15992.158, -1035.1185, -182.992612, -1359.24389, 14822.0555, 1337.26344, 15934.2492, 0, 1.22755664e-08, 1.22755664e-08, 78844899.5, 2.59955046e+10, 2.5916748e+10, 0.27, 3.332, -88231.1201, -1218.11111, 16159.3189, 0, 8.0697761e+14, 0, 0, 2e+18, 1.1790487e+18
3.75294588, 0, 0, 1.5e+15, 0, 4.37768855e-21, 3.718e+18, 6.44e+20, 4.84471932, 4, 367.221748, 117.19603, 1.28078819, 4794.58785, 0, 1.640944e+17, 1.35570288e+18, 15832.9247, -364.945576, -369.54558, 1.5e+15, 1.50170401e+28, -614.215513, 4696.00813, 304.834817, 117.19603, 117.19603, 1.28078819, 1.28078819, 1.5e+15, 1341.30992, 14518.3088, 0.306825463, 15619.8375, -1016.9667, -180.009196, -1335.46784, 14481.2753, 1306.27211, 15562.6252, 0, 1.22755442e-08, 1.22755442e-08, 75383314.2, 2.59932106e+10, 2.59179033e+10, 0.27, 3.332, -76013.7139, -1196.97589, 15787.5474, 0, 8.068977e+14, 0, 0, 2e+18, 1.17906639e+18
3.8173438, 0, 0, 1.5e+15, 0, 4.37634725e-21, 3.718e+18, 6.44e+20, 4.84472036, 4, 367.192087, 117.19603, 1.28078819, 4516.00049, 0, 1.64228915e+17, 1.35586923e+18, 14903.8544, -364.915894, -369.515924, 1.5e+15, 1.5028081e+28, -583.984519, 4417.01761, 304.833871, 117.19603, 117.19603, 1.28078819, 1.28078819, 1.5e+15, 1264.09145, 13666.9773, 0.306628511, 14690.7302, -969.077009, -171.222605, -1271.41305, 13631.2778, 1228.7936, 14635.5729, 0, 1.227549e-08, 1.227549e-08, 66709683.6, 2.59887842e+10, 2.59221899e+10, 0.27, 3.332, -115347.161, -1140.29962, 14860.0713, 0, 8.06583003e+14, 0, 0, 2e+18, 1.17913345e+18
3.84310215, 0, 0, 1.5e+15, 0, 4.37582722e-21, 3.718e+18, 6.44e+20, 4.84472077, 4, 367.181193, 117.19603, 1.28078819, 4413.13029, 0, 1.64259937e+17, 1.3559103e+18, 14552.5429, -364.904994, -369.505031, 1.5e+15, 1.50306152e+28, -574.625292, 4311.79353, 304.833502, 117.19603, 117.19603, 1.28078819, 1.28078819, 1.5e+15, 1235.86309, 13345.2257, 0.306627277, 14340.1121, -952.370664, -168.493846, -1249.58715, 13309.667, 1199.58463, 14285.5514, 0, 1.22754689e-08, 1.22754689e-08, 63713401.3, 2.59868787e+10, 2.59232691e+10, 0.27, 3.332, -103736.052, -1120.86451, 14509.2516, 0, 8.06509866e+14, 0, 0, 2e+18, 1.17914989e+18
3.9075, 0, 0, 1.5e+15, 0, 4.37455538e-21, 3.718e+18, 6.44e+20, 4.84472175, 4, 367.153972, 117.19603, 1.28078819, 4151.20967, 0, 1.64382627e+17, 1.35606373e+18, 13675.15, -364.877753, -369.477815, 1.5e+15, 1.50406722e+28, -547.122922, 4048.90487, 304.832605, 117.19603, 117.19603, 1.28078819, 1.28078819, 1.5e+15, 1163.2755, 12541.0493, 0.306518877, 13464.368, -908.252275, -160.483739, -1190.80953, 12506.6777, 1126.55021, 13411.5726, 0, 1.22754176e-08, 1.22754176e-08, 56200158.6, 2.59833124e+10, 2.59272511e+10, 0.27, 3.332, -138771.855, -1068.73601, 13633.2279, 0, 8.06222902e+14, 0, 0, 2e+18, 1.17921192e+18
3.93325838, 0, 0, 1.5e+15, 0, 4.37406064e-21, 3.718e+18, 6.44e+20, 4.84472214, 4, 367.143998, 117.19603, 1.28078819, 4054.53838, 0, 1.64410904e+17, 1.35610155e+18, 13343.1053, -364.867774, -369.467843, 1.5e+15, 1.50429786e+28, -538.598694, 3949.57148, 304.832254, 117.19603, 117.19603, 1.28078819, 1.28078819, 1.5e+15, 1136.79428, 12236.9677, 0.306547161, 13133.6268, -892.965619, -158.0025, -1170.88574, 12202.6253, 1098.96961, 13081.3207, 0, 1.22753976e-08, 1.22753976e-08, 53608434.9, 2.59817327e+10, 2.59282521e+10, 0.27, 3.332, -127832.718, -1050.96812, 13301.5949, 0, 8.06156233e+14, 0, 0, 2e+18, 1.1792271e+18
3.9976563, 0, 0, 1.5e+15, 0, 4.37285139e-21, 3.718e+18, 6.44e+20, 4.84472308, 4, 367.119079, 117.19603, 1.28078819, 3807.95148, 0, 1.64522277e+17, 1.35624217e+18, 12513.1666, -364.842836, -369.442927, 1.5e+15, 1.50520978e+28, -513.620643, 3701.3949, 304.8314, 117.19603, 117.19603, 1.28078819, 1.28078819, 1.5e+15, 1068.48303, 11476.0951, 0.306518385, 12306.8545, -852.556224, -150.739072, -1117.2423, 11442.7866, 1029.99669, 12256.006, 0, 1.22753487e-08, 1.22753487e-08, 47105333.7, 2.59788714e+10, 2.5931925e+10, 0.27, 3.332, -158898.993, -1003.2953, 12472.7832, 0, 8.05895746e+14, 0, 0, 2e+18, 1.17928409e+18
4.02341465, 0, 0, 1.5e+15, 0, 4.37238259e-21, 3.718e+18, 6.44e+20, 4.84472344, 4, 367.109975, 117.19603, 1.28078819, 3717.0121, 0, 1.64548185e+17, 1.35627718e+18, 12198.7562, -364.833728, -369.433825, 1.5e+15, 1.50542078e+28, -505.846368, 3607.4373, 304.831068, 117.19603, 117.19603, 1.28078819, 1.28078819, 1.5e+15, 1043.62864, 11188.2018, 0.306573079, 11994.2963, -838.519249, -148.47084, -1098.98435, 11154.8077, 1003.90328, 11943.8374, 0, 1.22753297e-08, 1.22753297e-08, 44865969.4, 2.5977575e+10, 2.59328577e+10, 0.27, 3.332, -148607.682, -986.990093, 12158.711, 0, 8.05834663e+14, 0, 0, 2e+18, 1.17929818e+18
4.0878125, 0, 0, 1.5e+15, 0, 4.37123754e-21, 3.718e+18, 6.44e+20, 4.84472433, 4, 367.08723, 117.19603, 1.28078819, 3484.52788, 0, 1.64649888e+17, 1.35640681e+18, 11412.3311, -364.810966, -369.411083, 1.5e+15, 1.50625257e+28, -483.124973, 3372.68613, 304.830259, 117.19603, 117.19603, 1.28078819, 1.28078819, 1.5e+15, 979.255159, 10467.0438, 0.306615586, 11212.3986, -801.382519, -141.848919, -1049.83884, 10434.5465, 938.640645, 11163.1126, 0, 1.22752835e-08, 1.22752835e-08, 39243453.5, 2.59753317e+10, 2.59362646e+10, 0.27, 3.332, -176355.028, -943.231439, 11373.1871, 0, 8.05596816e+14, 0, 0, 2e+18, 1.17935086e+18
4.11357088, 0, 0, 1.5e+15, 0, 4.37079254e-21, 3.718e+18, 6.44e+20, 4.84472468, 4, 367.07895, 117.19603, 1.28078819, 3398.91053, 0, 1.64673483e+17, 1.35643895e+18, 11114.0713, -364.802683, -369.402804, 1.5e+15, 1.5064445e+28, -476.054997, 3283.63819, 304.829943, 117.19603, 117.19603, 1.28078819, 1.28078819, 1.5e+15, 955.918171, 10193.9981, 0.306693787, 10916.4912, -788.577743, -139.7901, -1033.2152, 10161.2784, 913.905411, 10867.4832, 0, 1.22752654e-08, 1.22752654e-08, 37311757, 2.5974271e+10, 2.5937126e+10, 0.27, 3.332, -166754.816, -928.367843, 11075.1838, 0, 8.05541172e+14, 0, 0, 2e+18, 1.17936383e+18
4.1779688, 0, 0, 1.5e+15, 0, 4.36970635e-21, 3.718e+18, 6.44e+20, 4.84472552, 4, 367.058263, 117.19603, 1.28078819, 3179.47073, 0, 1.64765754e+17, 1.35655752e+18, 10367.5729, -364.781981, -369.382121, 1.5e+15, 1.50719846e+28, -455.437417, 3061.1496, 304.829175, 117.19603, 117.19603, 1.28078819, 1.28078819, 1.5e+15, 895.205752, 9509.27194, 0.306799797, 10175.7544, -754.669125, -133.792593, -988.470668, 9477.30174, 852.032016, 10127.6041, 0, 1.22752215e-08, 1.22752215e-08, 32458960.2, 2.59725258e+10, 2.59402582e+10, 0.27, 3.332, -191404.888, -888.461718, 10329.3338, 0, 8.05325354e+14, 0, 0, 2e+18, 1.17941209e+18
4.20372715, 0, 0, 1.5e+15, 0, 4.36928687e-21, 3.718e+18, 6.44e+20, 4.84472585, 4, 367.050765, 117.19603, 1.28078819, 3098.82676, 0, 1.6478738e+17, 1.35658722e+18, 10084.093, -364.774479, -369.374625, 1.5e+15, 1.50737415e+28, -449.00336, 2976.58211, 304.828878, 117.19603, 117.19603, 1.28078819, 1.28078819, 1.5e+15, 873.301533, 9249.83635, 0.306898784, 9895.08203, -742.949616, -131.913447, -973.279343, 9217.49319, 828.537233, 9847.09922, 0, 1.22752045e-08, 1.22752045e-08, 30796508.8, 2.59716727e+10, 2.59410586e+10, 0.27, 3.332, -182453.693, -874.863063, 10046.0304, 0, 8.05274355e+14, 0, 0, 2e+18, 1.17942411e+18
4.268125, 0, 0, 1.5e+15, 0, 4.3682637e-21, 3.718e+18, 6.44e+20, 4.84472664, 4, 367.032032, 117.19603, 1.28078819, 2891.47734, 0, 1.6487168e+17, 1.35669643e+18, 9374.19384, -364.755731, -369.355894, 1.5e+15, 1.5080623e+28, -430.276318, 2765.28462, 304.828155, 117.19603, 117.19603, 1.28078819, 1.28078819, 1.5e+15, 815.989584, 8598.49943, 0.307061014, 9192.06246, -711.888087, -126.450421, -932.390212, 8566.76865, 769.76039, 9144.62709, 0, 1.22751632e-08, 1.22751632e-08, 26617790.1, 2.59703718e+10, 2.59439585e+10, 0.27, 3.332, -204494.705, -838.338509, 9336.52903, 0, 8.05077186e+14, 0, 0, 2e+18, 1.17946866e+18
4.29388338, 0, 0, 1.5e+15, 0, 4.36786785e-21, 3.718e+18, 6.44e+20, 4.84472695, 4, 367.025277, 117.19603, 1.28078819, 2815.50958, 0, 1.64891281e+17, 1.35672353e+18, 9104.23407, -364.748973, -369.349141, 1.5e+15, 1.50822139e+28, -424.452075, 2684.8034, 304.827874, 117.19603, 117.19603, 1.28078819, 1.28078819, 1.5e+15, 795.441657, 8351.54737, 0.307178214, 8925.33135, -701.264994, -124.753906, -918.641377, 8319.25329, 747.396638, 8877.9298, 0, 1.22751471e-08, 1.22751471e-08, 25191552.4, 2.59696873e+10, 2.5944692e+10, 0.27, 3.332, -196234.609, -826.0189, 9066.64992, 0, 8.05030941e+14, 0, 0, 2e+18, 1.17947964e+18
4.3582813, 0, 0, 1.5e+15, 0, 4.36690294e-21, 3.718e+18, 6.44e+20, 4.8447277, 4, 367.0084, 117.19603, 1.28078819, 2619.46348, 0, 1.64967427e+17, 1.3568228e+18, 8427.87431, -364.732084, -369.332267, 1.5e+15, 1.50884254e+28, -407.52683, 2483.71372, 304.827192, 117.19603, 117.19603, 1.28078819, 1.28078819, 1.5e+15, 741.334309, 7730.78092, 0.307389792, 8256.87642, -673.083773, -119.829807, -881.630345, 7698.9409, 691.443779, 8209.6497, 0, 1.22751081e-08, 1.22751081e-08, 21604809, 2.59687287e+10, 2.59473397e+10, 0.27, 3.332, -215760.599, -792.91358, 8390.38468, 0, 8.04852798e+14, 0, 0, 2e+18, 1.1795202e+18
4.38403965, 0, 0, 1.5e+15, 0, 4.36653348e-21, 3.718e+18, 6.44e+20, 4.84472799, 4, 367.002353, 117.19603, 1.28078819, 2547.9405, 0, 1.64985322e+17, 1.3568477e+18, 8170.24837, -364.726034, -369.326221, 1.5e+15, 1.50898765e+28, -402.257466, 2406.94725, 304.826929, 117.19603, 117.19603, 1.28078819, 1.28078819, 1.5e+15, 722.094815, 7495.2573, 0.307522764, 8002.86841, -663.427393, -118.289533, -869.146639, 7462.62797, 670.109156, 7955.53057, 0, 1.22750931e-08, 1.22750931e-08, 20386266.6, 2.59681948e+10, 2.59480166e+10, 0.27, 3.332, -208147.086, -781.716926, 8132.73712, 0, 8.04810574e+14, 0, 0, 2e+18, 1.17953031e+18
4.4484375, 0, 0, 1.5e+15, 0, 4.36563347e-21, 3.718e+18, 6.44e+20, 4.84472869, 4, 366.987246, 117.19603, 1.28078819, 2362.50473, 0, 1.65054644e+17, 1.35693871e+18, 7524.53571, -364.710916, -369.311117, 1.5e+15, 1.50955264e+28, -386.964325, 2215.13671, 304.826293, 117.19603, 117.19603, 1.28078819, 1.28078819, 1.5e+15, 671.00709, 6902.39848, 0.30777718, 7365.99696, -637.787237, -113.825131, -835.533232, 6870.06396, 616.726374, 7318.4332, 0, 1.22750567e-08, 1.22750567e-08, 17320306.9, 2.59675485e+10, 2.59504538e+10, 0.27, 3.332, -225564.594, -751.612368, 7486.79033, 0, 8.04648397e+14, 0, 0, 2e+18, 1.17956756e+18
4.47419588, 0, 0, 1.5e+15, 0, 4.36528888e-21, 3.718e+18, 6.44e+20, 4.84472896, 4, 366.981875, 117.19603, 1.28078819, 2295.26192, 0, 1.6507073e+17, 1.35696119e+18, 7278.15469, -364.705543, -369.305747, 1.5e+15, 1.509683e+28, -382.233737, 2141.7419, 304.826048, 117.19603, 117.19603, 1.28078819, 1.28078819, 1.5e+15, 653.039212, 6677.35529, 0.307923601, 7123.60363, -629.120455, -112.447067, -824.342732, 6643.9304, 596.325437, 7075.74077, 0, 1.22750427e-08, 1.22750427e-08, 16284966.4, 2.59671335e+10, 2.59510672e+10, 0.27, 3.332, -218637.109, -741.567522, 7240.25584, 0, 8.04610423e+14, 0, 0, 2e+18, 1.17957669e+18
4.5385938, 0, 0, 1.5e+15, 0, 4.36444993e-21, 3.718e+18, 6.44e+20, 4.84472961, 4, 366.968457, 117.19603, 1.28078819, 2119.94744, 0, 1.65132844e+17, 1.35704313e+18, 6660.44258, -364.692114, -369.292331, 1.5e+15, 1.51018901e+28, -368.516602, 1958.35451, 304.825454, 117.19603, 117.19603, 1.28078819, 1.28078819, 1.5e+15, 604.866667, 6109.93636, 0.308214676, 6515.60597, -606.084972, -108.456828, -794.199941, 6076.60847, 545.274664, 6466.99963, 0, 1.22750087e-08, 1.22750087e-08, 13678816.1, 2.59667138e+10, 2.5953269e+10, 0.27, 3.332, -233982.149, -714.541801, 6621.88313, 0, 8.04465058e+14, 0, 0, 2e+18, 1.17961026e+18
4.56435215, 0, 0, 1.5e+15, 0, 4.36413458e-21, 3.718e+18, 6.44e+20, 4.84472986, 4, 366.963734, 117.19603, 1.28078819, 2056.92142, 0, 1.65147463e+17, 1.35706367e+18, 6424.28969, -364.687388, -369.287609, 1.5e+15, 1.51030737e+28, -364.280277, 1888.00946, 304.82523, 117.19603, 117.19603, 1.28078819, 1.28078819, 1.5e+15, 588.174454, 5894.50714, 0.308372331, 6283.79552, -598.290161, -107.216425, -784.142244, 5859.70018, 525.719229, 6234.66268, 0, 1.22749959e-08, 1.22749959e-08, 12805602.8, 2.5966409e+10, 2.59538311e+10, 0.27, 3.332, -227687.195, -705.506588, 6385.41941, 0, 8.04430557e+14, 0, 0, 2e+18, 1.17961862e+18
4.62875, 0, 0, 1.5e+15, 0, 4.36336719e-21, 3.718e+18, 6.44e+20, 4.84473046, 4, 366.951933, 117.19603, 1.28078819, 1891.40474, 0, 1.6520373e+17, 1.35713834e+18, 5832.10785, -364.675578, -369.275811, 1.5e+15, 1.51076538e+28, -352.001604, 1712.24207, 304.824687, 117.19603, 117.19603, 1.28078819, 1.28078819, 1.5e+15, 542.840249, 5350.21354, 0.308694182, 5702.14495, -577.546619, -103.626433, -757.030618, 5315.28088, 476.781231, 5651.64739, 0, 1.22749649e-08, 1.22749649e-08, 10606529.6, 2.59662095e+10, 2.59558442e+10, 0.27, 3.332, -241283.491, -681.173053, 5792.06211, 0, 8.04298901e+14, 0, 0, 2e+18, 1.17964926e+18
4.65450838, 0, 0, 1.5e+15, 0, 4.36307887e-21, 3.718e+18, 6.44e+20, 4.84473068, 4, 366.947831, 117.19603, 1.28078819, 1832.63052, 0, 1.65216607e+17, 1.35715648e+18, 5605.23872, -364.671474, -369.27171, 1.5e+15, 1.51086961e+28, -348.263171, 1644.63926, 304.824482, 117.19603, 117.19603, 1.28078819, 1.28078819, 1.5e+15, 527.441866, 5143.64223, 0.308860921, 5479.97605, -570.684128, -102.537844, -748.185742, 5106.67142, 457.985416, 5428.62578, 0, 1.22749531e-08, 1.22749531e-08, 9877331, 2.59659836e+10, 2.59563419e+10, 0.27, 3.332, -235677.322, -673.221972, 5564.65684, 0, 8.04268489e+14, 0, 0, 2e+18, 1.17965664e+18
4.7189063, 0, 0, 1.5e+15, 0, 4.36237764e-21, 3.718e+18, 6.44e+20, 4.84473122, 4, 366.937582, 117.19603, 1.28078819, 1676.90273, 0, 1.65266038e+17, 1.35722228e+18, 5036.31544, -364.661217, -369.261462, 1.5e+15, 1.51127188e+28, -337.430034, 1475.72483, 304.823986, 117.19603, 117.19603, 1.28078819, 1.28078819, 1.5e+15, 484.99199, 4620.28132, 0.309207852, 4922.37591, -552.40222, -99.3888982, -724.329697, 4582.87214, 410.945697, 4868.76993, 0, 1.22749248e-08, 1.22749248e-08, 8040243.25, 2.59659132e+10, 2.59581204e+10, 0.27, 3.332, -247454.93, -651.791118, 4993.81785, 0, 8.04152776e+14, 0, 0, 2e+18, 1.17968366e+18
4.74466465, 0, 0, 1.5e+15, 0, 4.36212259e-21, 3.718e+18, 6.44e+20, 4.84473142, 4, 366.934078, 117.19603, 1.28078819, 1622.58803, 0, 1.65277566e+17, 1.35723858e+18, 4817.83252, -364.657711, -369.257959, 1.5e+15, 1.51136512e+28, -334.153651, 1410.56197, 304.823804, 117.19603, 117.19603, 1.28078819, 1.28078819, 1.5e+15, 470.967094, 4421.9113, 0.309381583, 4708.96595, -546.363356, -98.4281142, -716.548216, 4381.66265, 392.826741, 4654.0561, 0, 1.22749144e-08, 1.22749144e-08, 7439485.1, 2.59657656e+10, 2.59585686e+10, 0.27, 3.332, -242490.065, -644.79147, 4774.4894, 0, 8.0412557e+14, 0, 0, 2e+18, 1.17969031e+18
4.8090625, 0, 0, 1.5e+15, 0, 4.36150235e-21, 3.718e+18, 6.44e+20, 4.84473191, 4, 366.925323, 117.19603, 1.28078819, 1476.95161, 0, 1.65321654e+17, 1.35729758e+18, 4270.02661, -364.648949, -369.249206, 1.5e+15, 1.51172361e+28, -324.655261, 1247.74451, 304.823366, 117.19603, 117.19603, 1.28078819, 1.28078819, 1.5e+15, 431.504359, 3917.36535, 0.309748051, 4173.26237, -530.250178, -95.6475391, -695.533866, 3876.26625, 347.47899, 4114.87165, 0, 1.22748893e-08, 1.22748893e-08, 5925293.99, 2.59658397e+10, 2.59601672e+10, 0.27, 3.332, -252752.303, -625.897718, 4223.74524, 0, 8.04022412e+14, 0, 0, 2e+18, 1.17971456e+18
4.83482088, 0, 0, 1.5e+15, 0, 4.3612777e-21, 3.718e+18, 6.44e+20, 4.84473208, 4, 366.922396, 117.19603, 1.28078819, 1427.51082, 0, 1.65331471e+17, 1.35731147e+18, 4059.14854, -364.64602, -369.246279, 1.5e+15, 1.51180302e+28, -321.854159, 1184.72859, 304.823206, 117.19603, 117.19603, 1.28078819, 1.28078819, 1.5e+15, 418.961463, 3726.78177, 0.309926718, 3967.88955, -525.113279, -94.8327118, -688.920993, 3681.56894, 329.954851, 3907.47043, 0, 1.22748802e-08, 1.22748802e-08, 5439771.96, 2.59657408e+10, 2.59605496e+10, 0.27, 3.332, -248492.147, -619.945992, 4011.5238, 0, 8.03999227e+14, 0, 0, 2e+18, 1.17972022e+18
4.8992188, 0, 0, 1.5e+15, 0, 4.36073166e-21, 3.718e+18, 6.44e+20, 4.84473251, 4, 366.915083, 117.19603, 1.28078819, 1292.92288, 0, 1.65368919e+17, 1.35736165e+18, 3530.68277, -364.638701, -369.238969, 1.5e+15, 1.51210753e+28, -313.727117, 1027.27744, 304.822819, 117.19603, 117.19603, 1.28078819, 1.28078819, 1.5e+15, 382.813521, 3239.10184, 0.310307286, 3452.36118, -511.388829, -92.474129, -671.045412, 3192.37944, 286.094026, 3386.49316, 0, 1.2274858e-08, 1.2274858e-08, 4215623.23, 2.59658696e+10, 2.59619111e+10, 0.27, 3.332, -257115.299, -603.862957, 3478.47347, 0, 8.03911562e+14, 0, 0, 2e+18, 1.17974085e+18
4.92497715, 0, 0, 1.5e+15, 0, 4.36054696e-21, 3.718e+18, 6.44e+20, 4.84473265, 4, 366.912715, 117.19603, 1.28078819, 1249.11585, 0, 1.65377525e+17, 1.35737387e+18, 3326.79748, -364.636331, -369.236601, 1.5e+15, 1.51217705e+28, -311.376297, 966.122508, 304.822687, 117.19603, 117.19603, 1.28078819, 1.28078819, 1.5e+15, 371.955165, 3056.29184, 0.310488858, 3254.53846, -507.054471, -91.7812959, -665.4626, 3003.33177, 269.086734, 3185.44086, 0, 1.22748505e-08, 1.22748505e-08, 3834216.46, 2.59658285e+10, 2.59622478e+10, 0.27, 3.332, -253510.133, -598.835766, 3272.4185, 0, 8.03891284e+14, 0, 0, 2e+18, 1.17974584e+18
4.989375, 0, 0, 1.5e+15, 0, 4.36009764e-21, 3.718e+18, 6.44e+20, 4.844733, 4, 366.906799, 117.19603, 1.28078819, 1127.38536, 0, 1.65410123e+17, 1.35741781e+18, 2816.43141, -364.63041, -369.230687, 1.5e+15, 1.51244182e+28, -304.54114, 813.326015, 304.82237, 117.19603, 117.19603, 1.28078819, 1.28078819, 1.5e+15, 339.618416, 2583.76261, 0.310878174, 2758.08343, -495.441848, -89.7704675, -650.330556, 2528.21839, 226.519682, 2680.28997, 0, 1.22748323e-08, 1.22748323e-08, 2872108.77, 2.59660536e+10, 2.59634423e+10, 0.27, 3.332, -260749.183, -585.212315, 2754.73807, 0, 8.03815075e+14, 0, 0, 2e+18, 1.17976393e+18
5.01513338, 0, 0, 1.5e+15, 0, 4.35994545e-21, 3.718e+18, 6.44e+20, 4.84473312, 4, 366.904975, 117.19603, 1.28078819, 1090.3343, 0, 1.65416707e+17, 1.35742713e+18, 2619.33017, -364.628585, -369.228863, 1.5e+15, 1.51249505e+28, -302.686449, 753.721697, 304.822261, 117.19603, 117.19603, 1.28078819, 1.28078819, 1.5e+15, 330.668144, 2409.71639, 0.311060567, 2567.92283, -492.05892, -89.2339661, -645.980173, 2343.87358, 209.94178, 2484.52417, 0, 1.22748261e-08, 1.22748261e-08, 2585580.94, 2.59660269e+10, 2.59636992e+10, 0.27, 3.332, -257906.087, -581.292886, 2553.81536, 0, 8.0379953e+14, 0, 0, 2e+18, 1.17976773e+18
5.0795313, 0, 0, 1.5e+15, 0, 4.35957563e-21, 3.718e+18, 6.44e+20, 4.84473341, 4, 366.900417, 117.19603, 1.28078819, 984.773948, 0, 1.65441671e+17, 1.35746069e+18, 2127.19126, -364.624023, -369.224305, 1.5e+15, 1.51269798e+28, -297.28689, 604.805094, 304.821999, 117.19603, 117.19603, 1.28078819, 1.28078819, 1.5e+15, 303.077986, 1951.08236, 0.311453116, 2091.07388, -482.989285, -87.6779682, -634.184998, 1880.48207, 168.449151, 1992.55533, 0, 1.22748112e-08, 1.22748112e-08, 1862674.58, 2.5966211e+10, 2.59646117e+10, 0.27, 3.332, -263475.02, -570.667254, 2048.93122, 0, 8.03741094e+14, 0, 0, 2e+18, 1.17978154e+18
5.10528965, 0, 0, 1.5e+15, 0, 4.3594707e-21, 3.718e+18, 6.44e+20, 4.84473349, 4, 366.899124, 117.19603, 1.28078819, 956.12931, 0, 1.65447028e+17, 1.35746832e+18, 1938.01573, -364.622729, -369.223013, 1.5e+15, 1.51274119e+28, -295.904199, 546.424321, 304.821925, 117.19603, 117.19603, 1.28078819, 1.28078819, 1.5e+15, 296.367744, 1789.60259, 0.31163421, 1910.53841, -480.444813, -87.2676329, -630.90605, 1699.85796, 152.211544, 1800.97594, 0, 1.22748069e-08, 1.22748069e-08, 1663604.31, 2.59662241e+10, 2.59648218e+10, 0.27, 3.332, -261348.694, -567.712446, 1852.0695, 0, 8.03728509e+14, 0, 0, 2e+18, 1.17978465e+18
5.1696875, 0, 0, 1.5e+15, 0, 4.35921497e-21, 3.718e+18, 6.44e+20, 4.84473369, 4, 366.895893, 117.19603, 1.28078819, 871.863574, 0, 1.6546707e+17, 1.3574955e+18, 1468.5329, -364.619495, -369.219783, 1.5e+15, 1.51290376e+28, -291.859843, 400.568721, 304.821744, 117.19603, 117.19603, 1.28078819, 1.28078819, 1.5e+15, 274.724821, 1345.39935, 0.312024382, 1458.73727, -473.590391, -86.0701081, -621.970811, 1245.74879, 111.571383, 1319.45611, 0, 1.22747966e-08, 1.22747966e-08, 1161047.84, 2.59664574e+10, 2.59655618e+10, 0.27, 3.332, -265571.638, -559.660499, 1357.32018, 0, 8.03681737e+14, 0, 0, 2e+18, 1.17979586e+18
5.19544588, 0, 0, 1.5e+15, 0, 4.35914436e-21, 3.718e+18, 6.44e+20, 4.84473374, 4, 366.895122, 117.19603, 1.28078819, 853.530327, 0, 1.6547011e+17, 1.35749978e+18, 1295.35423, -364.618722, -369.219012, 1.5e+15, 1.51292836e+28, -291.00846, 343.06174, 304.821694, 117.19603, 117.19603, 1.28078819, 1.28078819, 1.5e+15, 270.532066, 1210.54523, 0.312201979, 1298.38383, -472.064176, -85.8280286, -620.009587, 1067.76997, 95.575244, 1130.85519, 0, 1.22747937e-08, 1.22747937e-08, 1043983.23, 2.59664593e+10, 2.59656796e+10, 0.27, 3.332, -264277.46, -557.892204, 1163.34522, 0, 8.03674561e+14, 0, 0, 2e+18, 1.1797976e+18
5.2598438, 0, 0, 1.5e+15, 0, 4.35897281e-21, 3.718e+18, 6.44e+20, 4.84473388, 4, 366.893194, 117.19603, 1.28078819, 797.895815, 0, 1.65481559e+17, 1.35751514e+18, 873.696049, -364.616793, -369.217084, 1.5e+15, 1.51302146e+28, -288.507451, 199.397217, 304.821572, 117.19603, 117.19603, 1.28078819, 1.28078819, 1.5e+15, 256.547414, 791.709161, 0.312583954, 899.574326, -467.951878, -85.1227081, -614.666254, 620.266632, 55.5403452, 656.776578, 0, 1.22747867e-08, 1.22747867e-08, 748467.15, 2.59665786e+10, 2.59660969e+10, 0.27, 3.332, -266762.194, -553.074586, 675.806977, 0, 8.03647761e+14, 0, 0, 2e+18, 1.17980391e+18
5.28560215, 0, 0, 1.5e+15, 0, 4.35893693e-21, 3.718e+18, 6.44e+20, 4.84473391, 4, 366.892937, 117.19603, 1.28078819, 718.976009, 0, 1.65483236e+17, 1.35751754e+18, 805.3226, -364.616536, -369.216828, 1.5e+15, 1.51303497e+28, -363.198366, 170.799573, 304.821546, 117.19603, 117.19603, 1.28078819, 1.28078819, 1.5e+15, 255.520308, 746.697791, 0.313191718, 840.086994, -467.349376, -85.0188169, -613.882003, 531.77463, 47.5862418, 563.034172, 0, 1.22747853e-08, 1.22747853e-08, 709842.656, 2.59666072e+10, 2.59661637e+10, 0.27, 3.332, -266277.145, -552.368193, 579.360871, 0, 8.03643811e+14, 0, 0, 2e+18, 1.1798049e+18
5.35, 0, 0, 1.5e+15, 0, 4.35884643e-21, 3.718e+18, 6.44e+20, 4.84473398, 4, 366.892298, 117.19603, 1.28078819, 893.639837, 0, 1.65489258e+17, 1.35752585e+18, 645.604835, -364.615895, -369.216188, 1.5e+15, 1.51308375e+28, -553.155508, 99.348663, 304.821482, 117.19603, 117.19603, 1.28078819, 1.28078819, 1.5e+15, 251.74218, 568.303153, 0.314656107, 693.812425, -465.692219, -84.7066149, -611.696173, 309.258173, 27.6771497, 327.379302, 0, 1.22747816e-08, 1.22747816e-08, 612132.698, 2.59667377e+10, 2.5966393e+10, 0.27, 3.332, -267334.461, -550.398834, 336.935322, 0, 8.03629713e+14, 0, 0, 2e+18, 1.17980835e+18
