"depth", "composition x", "composition y", "donor conc", "acceptor conc", "ni", "nc", "nv", "eg", "electron affinity", "potential", "e- mobility", "h+ mobility", "electric field", "impact gen rate", "electron conc", "hole conc", "cond. current density", "electron qfl", "hole qfl", "net doping", "recombination rate", "e field x", "e field y", "lattice temperature", "e- mobility x", "e- mobility y", "h+ mobility x", "h+ mobility y", "total doping", "h+ current density", "e- current density", "current flowlines", "total current density", "je- x", "jh+ x", "jtot x", "je- y", "jh+ y", "jtot y", "seu generation rate", "e- srh tno", "h+ srh tno", "joule heat power", "total heat power", "rec heat power", "heat conductivity", "heat capacity", "peltier-thomson heat power", "cond current x", "cond current y", "ionized acceptor concentration", "ionized donor concentration", "e- ionization coefficient", "h+ ionization coefficient", "acceptor trap dos #1", "acceptor trap ionized density #1"
-0.42, 0, 0, 0, 0, 0, 0, 0, 0, 0, 371.482076, 0, 0, 399445.765, 0, 0, 0, 0, 0, 0, 0, 0, -399003.845, -18748.2051, 300, 0, 0, 0, 0, 0, 0, 0, 0.831686243, 1298.33835, 0, 0, 1293.84486, 0, 0, 107.774622, 0, 0, 0, 0, 0, 0, 0.014, 3.066, 0, 0, 0, 0, 0, 0, 0, 0, 0
-0.405714286, 0, 0, 0, 0, 0, 0, 0, 0, 0, 371.506464, 0, 0, 400367.225, 0, 0, 0, 0, 0, 0, 0, 0, -399611.175, -23617.2112, 300, 0, 0, 0, 0, 0, 0, 0, 0.834322031, 1300.08507, 0, 0, 1291.52005, 0, 0, 137.497142, 0, 0, 0, 0, 0, 0, 0.014, 3.066, 0, 0, 0, 0, 0, 0, 0, 0, 0
-0.37, 0, 0, 0, 0, 0, 0, 0, 0, 0, 371.583191, 0, 0, 404268.867, 0, 0, 0, 0, 0, 0, 0, 0, -402377.392, -38997.7692, 300, 0, 0, 0, 0, 0, 0, 0, 0.841386958, 1306.72614, 0, 0, 1288.45389, 0, 0, 217.456333, 0, 0, 0, 0, 0, 0, 0.014, 3.066, 0, 0, 0, 0, 0, 0, 0, 0, 0
-0.355714286, 0, 0, 0, 0, 0, 0, 0, 0, 0, 371.656409, 0, 0, 402033.244, 0, 0, 0, 0, 0, 0, 0, 0, -398796.783, -48735.3452, 300, 0, 0, 0, 0, 0, 0, 0, 0.84355309, 1316.11833, 0, 0, 1281.11617, 0, 0, 278.106594, 0, 0, 0, 0, 0, 0, 0.014, 3.066, 0, 0, 0, 0, 0, 0, 0, 0, 0
-0.32, 0, 0, 0, 0, 0, 0, 0, 0, 0, 371.887738, 0, 0, 398270.913, 0, 0, 0, 0, 0, 0, 0, 0, -390168.798, -79806.3045, 300, 0, 0, 0, 0, 0, 0, 0, 0.849266547, 1346.22705, 0, 0, 1271.14574, 0, 0, 442.668017, 0, 0, 0, 0, 0, 0, 0.014, 3.066, 0, 0, 0, 0, 0, 0, 0, 0, 0
-0.305714286, 0, 0, 0, 0, 0, 0, 0, 0, 0, 372.009899, 0, 0, 394507.249, 0, 0, 0, 0, 0, 0, 0, 0, -383957.644, -89532.1512, 300, 0, 0, 0, 0, 0, 0, 0, 0.851671049, 1362.40357, 0, 0, 1257.63066, 0, 0, 506.506283, 0, 0, 0, 0, 0, 0, 0.014, 3.066, 0, 0, 0, 0, 0, 0, 0, 0, 0
-0.27, 0, 0, 0, 0, 0, 0, 0, 0, 0, 372.399384, 0, 0, 388516.454, 0, 0, 0, 0, 0, 0, 0, 0, -368980.551, -121475.202, 300, 0, 0, 0, 0, 0, 0, 0, 0.85791229, 1414.99659, 0, 0, 1238.20002, 0, 0, 683.880235, 0, 0, 0, 0, 0, 0, 0.014, 3.066, 0, 0, 0, 0, 0, 0, 0, 0, 0
-0.255714286, 0, 0, 0, 0, 0, 0, 0, 0, 0, 372.570507, 0, 0, 383146.713, 0, 0, 0, 0, 0, 0, 0, 0, -359720.335, -131130.788, 300, 0, 0, 0, 0, 0, 0, 0, 0.860613654, 1438.69405, 0, 0, 1216.30196, 0, 0, 752.329867, 0, 0, 0, 0, 0, 0, 0.014, 3.066, 0, 0, 0, 0, 0, 0, 0, 0, 0
-0.22, 0, 0, 0, 0, 0, 0, 0, 0, 0, 373.124441, 0, 0, 375329.919, 0, 0, 0, 0, 0, 0, 0, 0, -337257.948, -164490.31, 300, 0, 0, 0, 0, 0, 0, 0, 0.867476644, 1517.67176, 0, 0, 1182.22627, 0, 0, 950.199641, 0, 0, 0, 0, 0, 0, 0.014, 3.066, 0, 0, 0, 0, 0, 0, 0, 0, 0
-0.205714286, 0, 0, 0, 0, 0, 0, 0, 0, 0, 373.344077, 0, 0, 368627.151, 0, 0, 0, 0, 0, 0, 0, 0, -322284.506, -177368.173, 300, 0, 0, 0, 0, 0, 0, 0, 0.870443664, 1547.1482, 0, 0, 1134.56291, 0, 0, 1030.77914, 0, 0, 0, 0, 0, 0, 0.014, 3.066, 0, 0, 0, 0, 0, 0, 0, 0, 0
-0.17, 0, 0, 0, 0, 0, 0, 0, 0, 0, 374.072021, 0, 0, 363534.566, 0, 0, 0, 0, 0, 0, 0, 0, -286986.352, -222971.901, 300, 0, 0, 0, 0, 0, 0, 0, 0.877898387, 1643.39122, 0, 0, 1034.18719, 0, 0, 1275.11819, 0, 0, 0, 0, 0, 0, 0.014, 3.066, 0, 0, 0, 0, 0, 0, 0, 0, 0
-0.141428624, 0, 0, 0, 0, 0, 0, 0, 0, 0, 374.712854, 0, 0, 345828.673, 0, 0, 0, 0, 0, 0, 0, 0, -243377.507, -242996.853, 300, 0, 0, 0, 0, 0, 0, 0, 0.882576946, 1716.87825, 0, 0, 993.133884, 0, 0, 1394.29787, 0, 0, 0, 0, 0, 0, 0.014, 3.066, 0, 0, 0, 0, 0, 0, 0, 0, 0
-0.12, 0, 0, 0, 0, 0, 0, 0, 0, 0, 375.254828, 0, 0, 336276.682, 0, 0, 0, 0, 0, 0, 0, 0, -206103.803, -265548.019, 300, 0, 0, 0, 0, 0, 0, 0, 0.88663806, 1807.59721, 0, 0, 941.875511, 0, 0, 1542.79691, 0, 0, 0, 0, 0, 0, 0.014, 3.066, 0, 0, 0, 0, 0, 0, 0, 0, 0
-0.0771427527, 0, 0, 0, 0, 0, 0, 0, 0, 0, 376.492907, 0, 0, 331514.118, 0, 0, 0, 0, 0, 0, 0, 0, -126944.521, -303882.604, 300.000016, 0, 0, 0, 0, 0, 0, 0, 0.890598647, 1979.10401, 0, 0, 664.515156, 0, 0, 1857.84086, 0, 0, 0, 0, 0, 0, 0.014, 3.066, 0, 0, 0, 0, 0, 0, 0, 0, 0
-0.07, 0, 0, 0, 0, 0, 0, 0, 0, 0, 376.680544, 0, 0, 329146.239, 0, 0, 0, 0, 0, 0, 0, 0, -110732.154, -309898.035, 300.000019, 0, 0, 0, 0, 0, 0, 0, 0.891403806, 2009.59843, 0, 0, 611.207116, 0, 0, 1914.1993, 0, 0, 0, 0, 0, 0, 0.014, 3.066, 0, 0, 0, 0, 0, 0, 0, 0, 0
-0.0557145992, 0, 0, 0, 0, 0, 0, 0, 0, 0, 377.132064, 0, 0, 329969.238, 0, 0, 0, 0, 0, 0, 0, 0, -96170.4965, -314345.954, 300.00126, 0, 0, 0, 0, 0, 0, 0, 0.891868799, 2028.74027, 0, 0, 472.48369, 0, 0, 1957.25671, 0, 0, 0, 0, 0, 0, 0.014, 3.066, 0, 0, 0, 0, 0, 0, 0, 0, 0
-0.02, 0, 0, 0, 0, 0, 0, 0, 0, 0, 378.320645, 0, 0, 329240.835, 0, 0, 0, 0, 0, 0, 0, 0, -22124.6785, -327992.607, 300.004435, 0, 0, 0, 0, 0, 0, 0, 0.893551272, 2101.06569, 0, 0, 84.1908807, 0, 0, 2099.37477, 0, 0, 0, 0, 0, 0, 0.014, 3.066, 0, 0, 0, 0, 0, 0, 0, 0, 0
-0.02, 0, 0, 0, 0, 0, 0, 0, 0, 0, 378.320645, 0, 0, 53231.9375, 0, 0, 0, 0, 0, 0, 0, 0, -9270.98467, -52412.8589, 300.004435, 0, 0, 0, 0, 0, 0, 0, 0.893551272, 2101.06569, 0, 0, 84.1908807, 0, 0, 2099.37477, 0, 0, 0, 0, 0, 0, 0.023, 4.01278338, 0, 0, 0, 0, 0, 0, 0, 0, 0
-0.0185714599, 0, 0, 0, 0, 0, 0, 0, 0, 0, 378.327971, 0, 0, 53664.8054, 0, 0, 0, 0, 0, 0, 0, 0, -8966.41376, -52892.6203, 300.011168, 0, 0, 0, 0, 0, 0, 0, 0.894276683, 2112.24368, 0, 0, 138.491246, 0, 0, 2105.76413, 0, 0, 0, 0, 0, 0, 0.023, 4.0127919, 0, 0, 0, 0, 0, 0, 0, 0, 0
-0.015, 0, 0, 0, 0, 0, 0, 0, 0, 0, 378.347334, 0, 0, 54813.3466, 0, 0, 0, 0, 0, 0, 0, 0, -8184.81233, -54193.2579, 300.028275, 0, 0, 0, 0, 0, 0, 0, 0.895758896, 2145.15711, 0, 0, 282.314008, 0, 0, 2126.49712, 0, 0, 0, 0, 0, 0, 0.023, 4.01281354, 0, 0, 0, 0, 0, 0, 0, 0, 0
-0.0135714599, 0, 0, 0, 0, 0, 0, 0, 0, 0, 378.354873, 0, 0, 55160.8315, 0, 0, 0, 0, 0, 0, 0, 0, -7552.12445, -54608.9995, 300.040565, 0, 0, 0, 0, 0, 0, 0, 0.896247868, 2141.11886, 0, 0, 262.984406, 0, 0, 2124.72342, 0, 0, 0, 0, 0, 0, 0.023, 4.01282908, 0, 0, 0, 0, 0, 0, 0, 0, 0
-0.01, 0, 0, 0, 0, 0, 0, 0, 0, 0, 378.374838, 0, 0, 56086.7339, 0, 0, 0, 0, 0, 0, 0, 0, -5858.78934, -55774.6487, 300.071729, 0, 0, 0, 0, 0, 0, 0, 0.897478631, 2137.65024, 0, 0, 203.677745, 0, 0, 2127.9072, 0, 0, 0, 0, 0, 0, 0.023, 4.01286848, 0, 0, 0, 0, 0, 0, 0, 0, 0
-0.00857145992, 0, 0, 0, 0, 0, 0, 0, 0, 0, 378.382576, 0, 0, 56432.2383, 0, 0, 0, 0, 0, 0, 0, 0, -5198.03674, -56160.6619, 300.093359, 0, 0, 0, 0, 0, 0, 0, 0.897976125, 2131.03861, 0, 0, 182.924525, 0, 0, 2123.03472, 0, 0, 0, 0, 0, 0, 0.023, 4.01289582, 0, 0, 0, 0, 0, 0, 0, 0, 0
-0.005, 0, 0, 0, 0, 0, 0, 0, 0, 0, 378.403093, 0, 0, 57324.8339, 0, 0, 0, 0, 0, 0, 0, 0, -3413.12504, -57218.2783, 300.148046, 0, 0, 0, 0, 0, 0, 0, 0.89922899, 2119.25541, 0, 0, 117.382321, 0, 0, 2115.94427, 0, 0, 0, -6.21050882e-06, -0.000578754538, -0.000577102963, 0.023, 4.01296494, 0, 0, 0, 0, 0, 0, 0, 0, 0
-0.00357145992, 0, 0, 0, 0, 0, 0, 0, 0, 0, 378.411015, 0, 0, 57813.4455, 0, 0, 0, 0, 0, 0, 0, 0, -3037.60583, -57716.8557, 300.180245, 0, 0, 0, 0, 0, 0, 0, 0.898076649, 1875.54883, 0, 0, 88.9865284, 0, 0, 1873.38724, 0, 0, 0, 11352579.8, 1.05794183e+09, 1.05492281e+09, 0.023, 4.01300561, -8333563.48, 0, 0, 0, 0, 0, 0, 0, 0
0, 0, 0, 0, 0, 0, 0, 0, 0, 0, 378.432025, 0, 0, 59108.6095, 0, 0, 0, 0, 0, 0, 0, 0, -2008.28786, -59070.0297, 300.261367, 0, 0, 0, 0, 0, 0, 0, 0.895522095, 1235.36135, 0, 0, 16.2909125, 0, 0, 1235.17103, 0, 0, 0, 37570516.6, 3.74780035e+09, 3.69801242e+09, 0.023, 4.01310808, 12217413.9, 0, 0, 0, 0, 0, 0, 0, 0
0, 0, 0, 5e+16, 0, 9.70348355e-22, 3.718e+18, 6.44e+20, 4.85, 4, 378.432025, 96.243745, 0.866667, 1957.52353, 0, 2.04729728e+19, 2.21878234e+19, 63152.3738, -375.982566, -380.836784, 5e+16, 4.48800111e+27, -537.07119, -1743.30321, 300.261367, 96.2484789, 96.243745, 0.866667, 0.866667, 5e+16, 2558.80335, 61431.3103, 0.895522095, 63140.3025, -61348.7532, -1744.40376, -63109.4712, 3180.18116, -446.003421, 1972.65646, 0, 1.20148483e-08, 1.20148483e-08, 37570516.6, 3.74780035e+09, 3.69801242e+09, 0.27, 3.332, 12217413.9, -63093.157, 2734.17775, 0, 7.26744238e+13, 0, 0, 0, 0
0.00267851265, 0, 0, 5e+16, 0, 9.71929506e-22, 3.718e+18, 6.44e+20, 4.85, 4, 378.43248, 96.2410116, 0.866667, 1737.00542, 0, 2.06066814e+19, 2.18525164e+19, 74021.6214, -375.982562, -380.836838, 5e+16, 4.455742e+27, -591.220446, -1527.57859, 300.266576, 96.2454715, 96.2410116, 0.866667, 0.866667, 5e+16, 2762.39974, 72509.4321, 0.892365309, 74012.0572, -72301.3652, -1542.37235, -73855.4326, 5246.35682, -479.263999, 4207.25868, 0, 1.20151443e-08, 1.20151443e-08, 37791207.2, 3.68826168e+09, 3.6394299e+09, 0.27, 3.332, 11040566.2, -73843.7375, 4767.09283, 0, 7.14065834e+13, 0, 0, 0, 0
0.009375, 0, 0, 5e+16, 0, 9.75891082e-22, 3.718e+18, 6.44e+20, 4.85, 4, 378.433692, 96.2369787, 0.866667, 1377.27946, 0, 2.09672869e+19, 2.09901413e+19, 98934.8328, -375.982553, -380.83699, 5e+16, 4.37130298e+27, -713.58022, -968.96081, 300.279616, 96.2379747, 96.2410116, 0.866667, 0.866667, 5e+16, 3629.19126, 96606.4216, 0.88516863, 98938.7478, -96062.3793, -2402.07421, -98471.0028, 10226.3601, -591.266035, 9608.3377, 0, 1.20158853e-08, 1.20158853e-08, 37611619.3, 3.53054882e+09, 3.48516024e+09, 0.27, 3.332, 7776958.38, -98464.4535, 9635.09403, 0, 6.81356203e+13, 0, 0, 0, 0
0.0120535127, 0, 0, 5e+16, 0, 9.77192897e-22, 3.718e+18, 6.44e+20, 4.85, 4, 378.433719, 96.235523, 0.866667, 1224.71838, 0, 2.09792575e+19, 2.09994362e+19, 99191.8263, -375.98254, -380.837027, 5e+16, 4.37717197e+27, -698.455221, -729.769566, 300.283883, 96.235523, 96.2410116, 0.866667, 0.866667, 5e+16, 3655.19566, 96896.0404, 0.880325812, 99195.7107, -95882.0095, -2365.7419, -98254.0861, 13363.0351, -544.632497, 12796.8512, 0, 1.20161278e-08, 1.20161278e-08, 37810096.8, 3.53518314e+09, 3.48959805e+09, 0.27, 3.332, 7774987.99, -98247.7514, 12818.4027, 0, 6.8035375e+13, 0, 0, 0, 0
0.01875, 0, 0, 5e+16, 0, 9.80424237e-22, 3.718e+18, 6.44e+20, 4.85, 4, 378.433806, 96.2294826, 0.866667, 916.538709, 0, 2.10143045e+19, 2.10273677e+19, 99862.2737, -375.982508, -380.837144, 5e+16, 4.39450293e+27, -647.012505, -99.2850295, 300.294466, 96.2294826, 96.2341976, 0.866667, 0.866667, 5e+16, 3524.63263, 97762.2323, 0.869264956, 99866.1716, -95486.0133, -2247.579, -97739.1743, 20948.7582, -442.777333, 20498.3313, 0, 1.20167291e-08, 1.20167291e-08, 37842138.2, 3.54785093e+09, 3.50277536e+09, 0.27, 3.332, 7233431.81, -97733.5923, 20505.9809, 0, 6.77403412e+13, 0, 0, 0, 0
0.0214285127, 0, 0, 5e+16, 0, 9.81423902e-22, 3.718e+18, 6.44e+20, 4.85, 4, 378.43382, 96.227168, 0.866667, 925.703169, 0, 2.10250743e+19, 2.10380906e+19, 100289.18, -375.982486, -380.83717, 5e+16, 4.40035049e+27, -636.350795, -87.2684199, 300.29773, 96.2276207, 96.2304272, 0.866667, 0.866667, 5e+16, 3562.40336, 98214.3024, 0.864483399, 100292.765, -95154.3214, -2205.02942, -97364.8068, 24064.0494, -409.919336, 23647.0573, 0, 1.20169146e-08, 1.20169146e-08, 38170764.1, 3.55245919e+09, 3.50743849e+09, 0.27, 3.332, 6849939.51, -97359.3508, 23654.13, 0, 6.76499497e+13, 0, 0, 0, 0
0.028125, 0, 0, 5e+16, 0, 9.83870827e-22, 3.718e+18, 6.44e+20, 4.85, 4, 378.433876, 96.2226593, 0.866667, 887.871987, 0, 2.10576641e+19, 2.10705435e+19, 101450.735, -375.982433, -380.837263, 5e+16, 4.41804538e+27, -600.708253, -59.1981324, 300.305712, 96.223112, 96.2250729, 0.866667, 0.866667, 5e+16, 3420.42523, 99599.5131, 0.853567803, 101453.836, -94431.2287, -2070.2315, -96506.4858, 31630.7763, -335.607333, 31289.6751, 0, 1.20173681e-08, 1.20173681e-08, 38496024, 3.56518562e+09, 3.52155298e+09, 0.27, 3.332, 5136624.33, -96501.4602, 31295.169, 0, 6.73746946e+13, 0, 0, 0, 0
0.0308035127, 0, 0, 5e+16, 0, 9.84570876e-22, 3.718e+18, 6.44e+20, 4.85, 4, 378.433881, 96.2218262, 0.866667, 898.832162, 0, 2.10682459e+19, 2.10811101e+19, 102050.186, -375.982401, -380.837279, 5e+16, 4.42381913e+27, -589.381492, -48.4437813, 300.307991, 96.2218262, 96.2250729, 0.866667, 0.866667, 5e+16, 3462.51748, 100211.347, 0.848873338, 102052.941, -93972.5208, -2025.40185, -96002.8609, 34681.6947, -302.396762, 34374.0035, 0, 1.20174976e-08, 1.20174976e-08, 38947557.5, 3.56991395e+09, 3.52616396e+09, 0.27, 3.332, 4802446.09, -95997.9227, 34379.298, 0, 6.72851245e+13, 0, 0, 0, 0
0.0375, 0, 0, 5e+16, 0, 9.86246441e-22, 3.718e+18, 6.44e+20, 4.85, 4, 378.433914, 96.2187986, 0.866667, 860.697042, 0, 2.11004794e+19, 2.11132907e+19, 103708.135, -375.982326, -380.837351, 5e+16, 4.44142159e+27, -552.507221, -21.7141706, 300.313441, 96.2187986, 96.2211993, 0.866667, 0.866667, 5e+16, 3317.09287, 102092.079, 0.838159187, 103710.5, -92973.2509, -1886.40985, -94864.3087, 42128.7096, -219.443529, 41904.5275, 0, 1.20178073e-08, 1.20178073e-08, 39598345.3, 3.58290131e+09, 3.54022424e+09, 0.27, 3.332, 3078717.46, -94859.6607, 41909.2661, 0, 6.70110777e+13, 0, 0, 0, 0
0.0401785127, 0, 0, 5e+16, 0, 9.86672041e-22, 3.718e+18, 6.44e+20, 4.85, 4, 378.433908, 96.2179962, 0.866667, 872.342395, 0, 2.11104376e+19, 2.11232424e+19, 104468.967, -375.982287, -380.837357, 5e+16, 4.44687552e+27, -541.380943, -9.11455546, 300.314824, 96.2180346, 96.2195639, 0.866667, 0.866667, 5e+16, 3359.63553, 102846.667, 0.833572848, 104470.923, -92408.3284, -1842.90264, -94255.8082, 45086.0331, -178.517667, 44902.7835, 0, 1.20178859e-08, 1.20178859e-08, 40162997.5, 3.58761422e+09, 3.54458348e+09, 0.27, 3.332, 2867739.98, -94251.2312, 44907.5155, 0, 6.69262401e+13, 0, 0, 0, 0
0.046875, 0, 0, 5e+16, 0, 9.87647436e-22, 3.718e+18, 6.44e+20, 4.85, 4, 378.433914, 96.2162946, 0.866667, 836.749296, 0, 2.11407405e+19, 2.11535164e+19, 106589.497, -375.98219, -380.837398, 5e+16, 4.46350226e+27, -506.051202, 23.8661282, 300.317991, 96.216333, 96.2170791, 0.866667, 0.866667, 5e+16, 3222.41009, 105159.409, 0.823105678, 106591.017, -91174.808, -1710.95766, -92890.1027, 52343.7975, -70.0063596, 52269.0962, 0, 1.20180659e-08, 1.20180659e-08, 41156938.4, 3.60040296e+09, 3.55787478e+09, 0.27, 3.332, 1371239.99, -92885.7657, 52273.7912, 0, 6.66673652e+13, 0, 0, 0, 0
0.0495535127, 0, 0, 5e+16, 0, 9.87840805e-22, 3.718e+18, 6.44e+20, 4.85, 4, 378.433894, 96.2160066, 0.866667, 848.722524, 0, 2.11493341e+19, 2.11621087e+19, 107493.682, -375.982142, -380.837389, 5e+16, 4.46822397e+27, -495.811713, 38.9536939, 300.318618, 96.2160066, 96.2170791, 0.866667, 0.866667, 5e+16, 3263.80953, 106035.255, 0.818644079, 107494.753, -90525.0129, -1671.44922, -92200.7342, 55188.3496, -18.7090081, 55164.8783, 0, 1.20181016e-08, 1.20181016e-08, 41825068.6, 3.60481341e+09, 3.56165091e+09, 0.27, 3.332, 1337426.13, -92196.4621, 55169.6406, 0, 6.65937906e+13, 0, 0, 0, 0
0.05625, 0, 0, 5e+16, 0, 9.88229617e-22, 3.718e+18, 6.44e+20, 4.85, 4, 378.433866, 96.2154033, 0.866667, 818.818877, 0, 2.11755319e+19, 2.11882913e+19, 110021.271, -375.982025, -380.837393, 5e+16, 4.48265837e+27, -463.964759, 79.1769616, 300.31988, 96.2154033, 96.2158023, 0.866667, 0.866667, 5e+16, 3145.72167, 108705.011, 0.808459812, 110021.87, -89101.7392, -1553.57147, -90659.3529, 62209.2004, 119.67086, 62323.9469, 0, 1.20181732e-08, 1.20181732e-08, 43164029.4, 3.61659421e+09, 3.57319564e+09, 0.27, 3.332, 234527.518, -90655.3107, 62328.8713, 0, 6.63690951e+13, 0, 0, 0, 0
0.0589285127, 0, 0, 5e+16, 0, 9.88242473e-22, 3.718e+18, 6.44e+20, 4.85, 4, 378.433831, 96.2154143, 0.866667, 831.143868, 0, 2.11819285e+19, 2.11946909e+19, 111046.846, -375.981969, -380.837366, 5e+16, 4.48618249e+27, -455.045998, 96.9914955, 300.319921, 96.2154143, 96.2157044, 0.866667, 0.866667, 5e+16, 3185.99401, 109679.035, 0.804135274, 111047, -88388.2672, -1519.71836, -89911.9669, 64928.4141, 182.391539, 65105.8201, 0, 1.20181756e-08, 1.20181756e-08, 43926957.3, 3.62035845e+09, 3.57601517e+09, 0.27, 3.332, 416314.701, -89907.9856, 65110.8056, 0, 6.63140115e+13, 0, 0, 0, 0
0.065625, 0, 0, 5e+16, 0, 9.88180844e-22, 3.718e+18, 6.44e+20, 4.85, 4, 378.433762, 96.2152192, 0.866667, 809.544791, 0, 2.1201787e+19, 2.12145465e+19, 113914.199, -375.981833, -380.837321, 5e+16, 4.49716324e+27, -427.599162, 144.505041, 300.319721, 96.2156454, 96.2153983, 0.866667, 0.866667, 5e+16, 3096.32944, 112628.954, 0.794260549, 113913.93, -86821.6145, -1418.85217, -88244.2172, 71678.478, 351.155495, 72024.5, 0, 1.20181642e-08, 1.20181642e-08, 45600245.2, 3.63022003e+09, 3.58480088e+09, 0.27, 3.332, -181088.614, -88240.4666, 72029.6334, 0, 6.61427823e+13, 0, 0, 0, 0
0.0683035127, 0, 0, 5e+16, 0, 9.88066395e-22, 3.718e+18, 6.44e+20, 4.85, 4, 378.433709, 96.2154661, 0.866667, 822.616444, 0, 2.12050832e+19, 2.12178511e+19, 115037.355, -375.981769, -380.837273, 5e+16, 4.49898452e+27, -420.238824, 165.469346, 300.31935, 96.2158923, 96.2156869, 0.866667, 0.866667, 5e+16, 3136.93634, 113677.006, 0.790081408, 115036.689, -86064.2012, -1391.54634, -87459.4427, 74263.3229, 427.032535, 74685.21, 0, 1.20181431e-08, 1.20181431e-08, 46450697.7, 3.63296128e+09, 3.5862584e+09, 0.27, 3.332, 252186.336, -87455.7475, 74690.3554, 0, 6.61139513e+13, 0, 0, 0, 0
0.075, 0, 0, 5e+16, 0, 9.87692703e-22, 3.718e+18, 6.44e+20, 4.85, 4, 378.433592, 96.216694, 0.866667, 811.616931, 0, 2.12163201e+19, 2.12291001e+19, 118172.608, -375.981614, -380.83717, 5e+16, 4.50521842e+27, -397.318589, 220.955575, 300.318138, 96.216694, 96.2169698, 0.866667, 0.866667, 5e+16, 3084.24353, 116830.493, 0.780534152, 118171.65, -84399.3706, -1307.55441, -85710.393, 80715.555, 629.046717, 81339.4359, 0, 1.20180743e-08, 1.20180743e-08, 48440477.4, 3.63994332e+09, 3.59124727e+09, 0.27, 3.332, 255578.294, -85706.9249, 81344.6018, 0, 6.60157713e+13, 0, 0, 0, 0
0.0776785127, 0, 0, 5e+16, 0, 9.87498765e-22, 3.718e+18, 6.44e+20, 4.85, 4, 378.433518, 96.2170861, 0.866667, 826.348012, 0, 2.1215429e+19, 2.12282249e+19, 119369.087, -375.981543, -380.837095, 5e+16, 4.50473339e+27, -391.648845, 246.051645, 300.317508, 96.2170861, 96.2173721, 0.866667, 0.866667, 5e+16, 3128.53076, 117926.835, 0.776505256, 119367.796, -83614.7925, -1287.30488, -84905.5178, 83158.2163, 721.969326, 83875.0594, 0, 1.20180385e-08, 1.20180385e-08, 49373870.6, 3.64122529e+09, 3.59085877e+09, 0.27, 3.332, 992651.92, -84902.0974, 83880.1857, 0, 6.60225144e+13, 0, 0, 0, 0
0.084375, 0, 0, 5e+16, 0, 9.86936523e-22, 3.718e+18, 6.44e+20, 4.85, 4, 378.433345, 96.2171411, 0.866667, 828.647299, 0, 2.12153804e+19, 2.12282086e+19, 122700.327, -375.98137, -380.836923, 5e+16, 4.50472167e+27, -372.87788, 311.775688, 300.315683, 96.2182251, 96.2173721, 0.866667, 0.866667, 5e+16, 3123.44408, 121206.299, 0.767295715, 122698.905, -81891.8883, -1218.06762, -83113.1639, 89287.2217, 966.200564, 90248.4096, 0, 1.20179348e-08, 1.20179348e-08, 51663246.3, 3.64423774e+09, 3.59084848e+09, 0.27, 3.332, 1726023.86, -83109.9559, 90253.4223, 0, 6.60203442e+13, 0, 0, 0, 0
0.0870535127, 0, 0, 5e+16, 0, 9.86700868e-22, 3.718e+18, 6.44e+20, 4.85, 4, 378.433245, 96.2173721, 0.866667, 846.72406, 0, 2.12088424e+19, 2.12216958e+19, 123946.416, -375.981292, -380.836815, 5e+16, 4.50113099e+27, -369.014953, 342.72662, 300.314918, 96.2186908, 96.2173721, 0.866667, 0.866667, 5e+16, 3177.6495, 122323.16, 0.763419129, 123944.703, -81092.5359, -1205.37796, -82301.0819, 91579.8059, 1082.87654, 92657.7201, 0, 1.20178913e-08, 1.20178913e-08, 52681160.3, 3.64350778e+09, 3.58797333e+09, 0.27, 3.332, 2853297.01, -82297.9138, 92662.6825, 0, 6.60752955e+13, 0, 0, 0, 0
0.09375, 0, 0, 5e+16, 0, 9.86047347e-22, 3.718e+18, 6.44e+20, 4.85, 4, 378.433005, 96.2185106, 0.866667, 866.470392, 0, 2.11939457e+19, 2.12068562e+19, 127404.367, -375.981102, -380.836557, 5e+16, 4.49289882e+27, -353.752436, 422.954303, 300.312794, 96.2199836, 96.2185106, 0.866667, 0.866667, 5e+16, 3237.12992, 125648.566, 0.754551433, 127402.615, -79342.6332, -1147.6756, -80493.2915, 97358.967, 1385.92517, 98740.0724, 0, 1.20177706e-08, 1.20177706e-08, 55267014.1, 3.64117256e+09, 3.58138101e+09, 0.27, 3.332, 4524537.03, -80490.3088, 98744.8921, 0, 6.62003475e+13, 0, 0, 0, 0
0.0964285127, 0, 0, 5e+16, 0, 9.85795786e-22, 3.718e+18, 6.44e+20, 4.85, 4, 378.432873, 96.2192356, 0.866667, 890.618152, 0, 2.1179717e+19, 2.11926624e+19, 128677.747, -375.981018, -380.836408, 5e+16, 4.48510494e+27, -351.865938, 462.229614, 300.311976, 96.2204739, 96.2194405, 0.866667, 0.866667, 5e+16, 3311.63869, 126756.427, 0.75082732, 128675.679, -78535.2867, -1143.34008, -79681.5728, 99493.3543, 1535.74937, 101024.264, 0, 1.20177241e-08, 1.20177241e-08, 56384110.5, 3.63769832e+09, 3.57514038e+09, 0.27, 3.332, 6173835.3, -79678.6268, 101029.104, 0, 6.63215601e+13, 0, 0, 0, 0
0.103125, 0, 0, 5e+16, 0, 9.85117376e-22, 3.718e+18, 6.44e+20, 4.85, 4, 378.432549, 96.2204839, 0.866667, 934.321198, 0, 2.11449554e+19, 2.11579839e+19, 132197.492, -375.980811, -380.836042, 5e+16, 4.46592608e+27, -339.367548, 563.186815, 300.30977, 96.2217954, 96.2206889, 0.866667, 0.866667, 5e+16, 3462.64098, 130045.509, 0.742301599, 132195.302, -76776.9231, -1093.4255, -77873.1467, 104894.558, 1921.31822, 106810.999, 0, 1.20175988e-08, 1.20175988e-08, 59297202.1, 3.62817715e+09, 3.55978299e+09, 0.27, 3.332, 9096963.74, -77870.3487, 106815.876, 0, 6.66190374e+13, 0, 0, 0, 0
0.105803513, 0, 0, 5e+16, 0, 9.84864429e-22, 3.718e+18, 6.44e+20, 4.85, 4, 378.432375, 96.2206889, 0.866667, 968.39541, 0, 2.11202245e+19, 2.11332959e+19, 133478.123, -375.98072, -380.835839, 5e+16, 4.45246213e+27, -339.719668, 613.857245, 300.308947, 96.2222828, 96.2206889, 0.866667, 0.866667, 5e+16, 3572.59453, 131114.408, 0.738729262, 133475.482, -75961.8107, -1098.69434, -77063.2593, 106863.384, 2115.5021, 108973.802, 0, 1.2017552e-08, 1.2017552e-08, 60552511.1, 3.62100375e+09, 3.54900327e+09, 0.27, 3.332, 11447982.1, -77060.505, 108978.886, 0, 6.68322116e+13, 0, 0, 0, 0
0.1125, 0, 0, 5e+16, 0, 9.84198328e-22, 3.718e+18, 6.44e+20, 4.85, 4, 378.431945, 96.2219502, 0.866667, 1045.05098, 0, 2.10586633e+19, 2.10718392e+19, 137000.627, -375.980498, -380.835333, 5e+16, 4.41867086e+27, -329.22026, 743.312101, 300.306779, 96.2235626, 96.2219502, 0.866667, 0.866667, 5e+16, 3851.662, 134285.273, 0.730544271, 136997.511, -74198.0657, -1052.59155, -75253.3104, 111859.402, 2612.00186, 114465.807, 0, 1.20174288e-08, 1.20174288e-08, 63886909.3, 3.6018826e+09, 3.5219479e+09, 0.27, 3.332, 16047791.9, -75250.6573, 114471.403, 0, 6.73674122e+13, 0, 0, 0, 0
0.115178513, 0, 0, 5e+16, 0, 9.83949954e-22, 3.718e+18, 6.44e+20, 4.85, 4, 378.431717, 96.2227061, 0.866667, 1093.72399, 0, 2.10197396e+19, 2.1032962e+19, 138271.762, -375.980402, -380.835057, 5e+16, 4.39769675e+27, -332.170916, 808.781957, 300.305969, 96.224036, 96.222882, 0.866667, 0.866667, 5e+16, 4015.46692, 135287.155, 0.727123314, 138267.92, -73368.2783, -1069.17425, -74440.0377, 113658.049, 2862.0374, 116513.958, 0, 1.20173828e-08, 1.20173828e-08, 65359318.4, 3.58983869e+09, 3.50515802e+09, 0.27, 3.332, 19321353.5, -74437.4525, 116520.086, 0, 6.77082063e+13, 0, 0, 0, 0
0.121875, 0, 0, 5e+16, 0, 9.83310942e-22, 3.718e+18, 6.44e+20, 4.85, 4, 378.43115, 96.2239317, 0.866667, 1213.70735, 0, 2.09222653e+19, 2.09356021e+19, 141745.754, -375.980164, -380.834369, 5e+16, 4.34467756e+27, -322.912872, 975.330337, 300.303888, 96.2252465, 96.2241076, 0.866667, 0.866667, 5e+16, 4461.75763, 138263.456, 0.719279493, 141740.746, -71584.562, -1022.81257, -72609.9155, 118227.469, 3498.55134, 121718.554, 0, 1.20172645e-08, 1.20172645e-08, 69310742.7, 3.55814104e+09, 3.46271475e+09, 0.27, 3.332, 26115547.4, -72607.3745, 121726.021, 0, 6.85730304e+13, 0, 0, 0, 0
0.124553513, 0, 0, 5e+16, 0, 9.8306859e-22, 3.718e+18, 6.44e+20, 4.85, 4, 378.430853, 96.2241076, 0.866667, 1281.48292, 0, 2.08645779e+19, 2.08779541e+19, 142995.158, -375.980062, -380.834001, 5e+16, 4.31407696e+27, -328.890202, 1058.71743, 300.303098, 96.2257036, 96.2241076, 0.866667, 0.866667, 5e+16, 4696.78392, 139175.502, 0.716011065, 142988.99, -70725.9801, -1052.70769, -71781.1141, 119856.888, 3814.08929, 123662.508, 0, 1.20172196e-08, 1.20172196e-08, 71136124.9, 3.53990789e+09, 3.43822439e+09, 0.27, 3.332, 30547384, -71778.6878, 123670.977, 0, 6.9089624e+13, 0, 0, 0, 0
0.13125, 0, 0, 5e+16, 0, 9.82459107e-22, 3.718e+18, 6.44e+20, 4.85, 4, 378.430109, 96.225281, 0.866667, 1454.04279, 0, 2.0719936e+19, 2.07334096e+19, 146379.883, -375.979809, -380.833076, 5e+16, 4.23651539e+27, -320.128402, 1270.19758, 300.301111, 96.2268413, 96.225281, 0.866667, 0.866667, 5e+16, 5341.09302, 141894.134, 0.708513875, 146371.487, -68888.8387, -1002.03315, -69893.3243, 123991.355, 4614.92174, 128595.276, 0, 1.20171067e-08, 1.20171067e-08, 76042914.9, 3.49227311e+09, 3.37614854e+09, 0.27, 3.332, 40081661.8, -69890.8718, 128606.277, 0, 7.04101172e+13, 0, 0, 0, 0
0.133928513, 0, 0, 5e+16, 0, 9.82224294e-22, 3.718e+18, 6.44e+20, 4.85, 4, 378.429724, 96.2260008, 0.866667, 1503.49355, 0, 2.06383165e+19, 2.06512652e+19, 147601.454, -375.979702, -380.832587, 5e+16, 4.19407711e+27, -328.930485, 1329.42552, 300.300345, 96.22728, 98.9599611, 0.866667, 0.919727019, 5e+16, 5658.08262, 142703.169, 0.705401852, 147591.741, -67981.3211, -1047.25215, -69030.839, 125461.416, 5001.10094, 130450.391, 0, 1.20170632e-08, 1.20170632e-08, 77280436.9, 3.46346644e+09, 3.34222193e+09, 0.27, 3.332, 43964076.1, -69028.5732, 130462.518, 0, 7.11651122e+13, 0, 0, 0, 0
0.140625, 0, 0, 5e+16, 0, 9.81646029e-22, 3.718e+18, 6.44e+20, 4.85, 4, 378.428759, 96.2271181, 0.866667, 1631.97751, 0, 2.04338751e+19, 2.04455249e+19, 150870.882, -375.979435, -380.831361, 5e+16, 4.08642739e+27, -319.638332, 1479.01861, 300.298458, 96.2283438, 98.9610784, 0.866667, 0.919727019, 5e+16, 6513.4024, 145124.866, 0.698265069, 150858.624, -66040.0362, -988.324145, -67030.7387, 129174.668, 5979.01073, 135138.712, 0, 1.2016956e-08, 1.2016956e-08, 80807007.9, 3.38889465e+09, 3.25616097e+09, 0.27, 3.332, 51926678.2, -67028.3604, 135153.678, 0, 7.31078702e+13, 0, 0, 0, 0
0.143303513, 0, 0, 5e+16, 0, 9.81427796e-22, 3.718e+18, 6.44e+20, 4.85, 4, 378.42835, 98.9610784, 0.919727019, 1623.54051, 0, 2.03445361e+19, 2.03551202e+19, 153520.315, -375.979332, -380.830837, 5e+16, 4.04112216e+27, -388.162506, 1494.13288, 300.297745, 101.696314, 98.9610784, 0.97278704, 0.919727019, 5e+16, 6719.82286, 147899.399, 0.69562122, 153508.199, -69171.1539, -719.671394, -69892.9717, 130543.245, 6069.94327, 136598.218, 0, 1.20169155e-08, 1.20169155e-08, 81784542.6, 3.35212332e+09, 3.22001445e+09, 0.27, 3.332, 50324321, -69890.8253, 136613.188, 0, 3.83140102e+13, 0, 0, 0, 0
0.15, 0, 0, 5e+16, 0, 9.80900648e-22, 3.718e+18, 6.44e+20, 4.85, 4, 378.427325, 105.796733, 1.05238114, 1720.71949, 0, 2.01207599e+19, 2.01287001e+19, 160199.815, -375.979076, -380.829519, 5e+16, 3.92615678e+27, -537.852422, 1523.86594, 300.296024, 115.365854, 105.796733, 1.23809529, 1.05238114, 5e+16, 7223.61768, 154066.85, 0.689519938, 160187.898, -75953.097, -1402.48612, -77357.9049, 133978.505, 6300.08481, 140263.619, 0, 1.20168176e-08, 1.20168176e-08, 83945725.7, 3.26150102e+09, 3.12828707e+09, 0.27, 3.332, 49268227.8, -77355.5831, 140278.59, 0, 7.62003709e+12, 0, 0, 0, 0
0.15, 0, 0, 5e+15, 0, 9.80900648e-22, 3.718e+18, 6.44e+20, 4.85, 4, 378.427325, 105.796733, 1.05238114, 1276.82598, 0, 2.01207599e+19, 2.01287001e+19, 160199.815, -375.979076, -380.829519, 5e+15, 3.92615678e+27, -97.7479695, 1133.0326, 300.296024, 115.365854, 105.796733, 1.23809529, 1.05238114, 5e+15, 7223.61768, 154066.85, 0.689519938, 160187.898, -75953.097, -1402.48612, -77357.9049, 133978.505, 6300.08481, 140263.619, 0, 1.20168176e-08, 1.20168176e-08, 83945725.7, 3.26150102e+09, 3.12828707e+09, 0.27, 3.332, 49268227.8, -77355.5831, 140278.59, 0, 7.62003709e+12, 0, 0, 0, 0
0.151785675, 0, 0, 5e+15, 0, 9.80773282e-22, 3.718e+18, 6.44e+20, 4.85, 4, 378.427122, 108.530743, 1.10544116, 1228.39397, 0, 2.00813162e+19, 2.00896912e+19, 161143.889, -375.979009, -380.829266, 5e+15, 3.9066894e+27, -162.4131, 1117.26862, 300.295607, 115.365854, 108.530743, 1.23809529, 1.10544116, 5e+15, 6968.27624, 155193.617, 0.686743189, 161132.557, -75399.8988, -1434.54991, -76836.6707, 135628.754, 6017.70125, 141632.373, 0, 1.2016794e-08, 1.2016794e-08, 83140731.9, 3.24174662e+09, 3.1126969e+09, 0.27, 3.332, 45908996, -76834.4487, 141646.455, 0, 7.65996216e+12, 0, 0, 0, 0
0.15625, 0, 0, 5e+15, 0, 9.80468562e-22, 3.718e+18, 6.44e+20, 4.85, 4, 378.426614, 115.365854, 1.23809529, 1257.67485, 0, 1.99819988e+19, 1.99914584e+19, 163579.088, -375.978844, -380.82863, 5e+15, 3.85725486e+27, -315.09687, 1070.94178, 300.294612, 115.365854, 115.365854, 1.23809529, 1.23809529, 5e+15, 6334.23982, 158283.765, 0.680281651, 163569.729, -74199.421, -1397.23262, -75598.943, 139752.874, 5303.23012, 145044.281, 0, 1.20167374e-08, 1.20167374e-08, 81295825.4, 3.19089371e+09, 3.07310729e+09, 0.27, 3.332, 36490597.1, -75596.6536, 145056.105, 0, 7.76188464e+12, 0, 0, 0, 0
0.158035675, 0, 0, 5e+15, 0, 9.80358959e-22, 3.718e+18, 6.44e+20, 4.85, 4, 378.426434, 115.365854, 1.23809529, 1228.14174, 0, 1.99498495e+19, 1.99593188e+19, 164295.445, -375.978774, -380.828408, 5e+15, 3.84148821e+27, -318.557427, 1038.7063, 300.294253, 115.365854, 115.365854, 1.23809529, 1.23809529, 5e+15, 6166.53725, 159119.384, 0.678214237, 164286.168, -73677.4056, -1423.05563, -75102.6737, 141011.361, 5114.9938, 146114.79, 0, 1.2016717e-08, 1.2016717e-08, 81623827.8, 3.17730017e+09, 3.06049875e+09, 0.27, 3.332, 35177593, -75100.4613, 146126.355, 0, 7.7951211e+12, 0, 0, 0, 0
0.1625, 0, 0, 5e+15, 0, 9.80098829e-22, 3.718e+18, 6.44e+20, 4.85, 4, 378.425981, 115.365854, 1.23809529, 1157.75116, 0, 1.98688128e+19, 1.98783071e+19, 166142.423, -375.978603, -380.82785, 5e+15, 3.80144237e+27, -313.805228, 957.193333, 300.293403, 115.365854, 115.365854, 1.23809529, 1.23809529, 5e+15, 5754.29129, 161418.745, 0.673424897, 166133.73, -72535.5278, -1391.2228, -73929.0081, 144144.2, 4638.19274, 148771.491, 0, 1.20166687e-08, 1.20166687e-08, 82571644.4, 3.14201507e+09, 3.0284736e+09, 0.27, 3.332, 30969830.9, -73926.7505, 148782.393, 0, 7.87986182e+12, 0, 0, 0, 0
0.164285675, 0, 0, 5e+15, 0, 9.80007973e-22, 3.718e+18, 6.44e+20, 4.85, 4, 378.425819, 115.365854, 1.23809529, 1133.79207, 0, 1.98427763e+19, 1.98522793e+19, 166862.333, -375.978531, -380.827654, 5e+15, 3.78878737e+27, -316.439334, 930.392313, 300.293106, 115.365854, 115.365854, 1.23809529, 1.23809529, 5e+15, 5619.07884, 162239.8, 0.671417635, 166853.639, -72034.5584, -1411.46928, -73448.2271, 145348.014, 4480.95279, 149818.206, 0, 1.20166518e-08, 1.20166518e-08, 83021885.8, 3.13117188e+09, 3.01835351e+09, 0.27, 3.332, 29796487.6, -73446.0277, 149828.967, 0, 7.90724913e+12, 0, 0, 0, 0
0.16875, 0, 0, 5e+15, 0, 9.79794044e-22, 3.718e+18, 6.44e+20, 4.85, 4, 378.425414, 115.365854, 1.23809529, 1076.63974, 0, 1.97770902e+19, 1.97866157e+19, 168708.665, -375.978353, -380.827162, 5e+15, 3.75663892e+27, -312.119204, 862.526356, 300.292406, 115.365854, 115.365854, 1.23809529, 1.23809529, 5e+15, 5285.87523, 164473.341, 0.666769905, 168700.291, -70931.555, -1384.21243, -72317.9935, 148335.532, 4082.22673, 152407.364, 0, 1.20166121e-08, 1.20166121e-08, 84249242.9, 3.10291711e+09, 2.99264419e+09, 0.27, 3.332, 26023681, -72315.7674, 152417.759, 0, 7.9770009e+12, 0, 0, 0, 0
0.170535675, 0, 0, 5e+15, 0, 9.79722157e-22, 3.718e+18, 6.44e+20, 4.85, 4, 378.425267, 115.365854, 1.23809529, 1057.46669, 0, 1.9756191e+19, 1.97657288e+19, 169424.566, -375.978279, -380.826987, 5e+15, 3.74655513e+27, -314.015591, 840.439513, 300.292171, 115.365854, 115.365854, 1.23809529, 1.23809529, 5e+15, 5179.18046, 165272.695, 0.664820891, 169416.118, -70443.4887, -1399.59732, -71845.269, 149485.188, 3952.92407, 153427.761, 0, 1.20165987e-08, 1.20165987e-08, 84783877.5, 3.09435713e+09, 2.98458028e+09, 0.27, 3.332, 24992969, -71843.086, 153438.113, 0, 7.99929705e+12, 0, 0, 0, 0
0.175, 0, 0, 5e+15, 0, 9.79554289e-22, 3.718e+18, 6.44e+20, 4.85, 4, 378.4249, 115.365854, 1.23809529, 1011.4214, 0, 1.97034286e+19, 1.97129976e+19, 171254.207, -375.978096, -380.82655, 5e+15, 3.72093545e+27, -310.026838, 784.43133, 300.291622, 115.365854, 115.365854, 1.23809529, 1.23809529, 5e+15, 4914.51625, 167428.98, 0.66030923, 171245.857, -69363.6674, -1375.967, -70741.8291, 152330.877, 3624.6456, 155945.292, 0, 1.20165675e-08, 1.20165675e-08, 86201061.1, 3.07193919e+09, 2.9640921e+09, 0.27, 3.332, 21646030.9, -70739.6344, 155955.523, 0, 8.05602794e+12, 0, 0, 0, 0
0.176785675, 0, 0, 5e+15, 0, 9.79501069e-22, 3.718e+18, 6.44e+20, 4.85, 4, 378.424766, 115.365854, 1.23809529, 996.493646, 0, 1.96867837e+19, 1.96963673e+19, 171959.185, -375.978019, -380.826394, 5e+15, 3.71295161e+27, -311.277653, 766.642586, 300.291448, 115.365854, 115.365854, 1.23809529, 1.23809529, 5e+15, 4832.37601, 168200.501, 0.658417405, 171950.702, -68881.8093, -1387.1833, -70271.1555, 153426.206, 3520.3746, 156936.318, 0, 1.20165576e-08, 1.20165576e-08, 86789624.8, 3.06526734e+09, 2.9577077e+09, 0.27, 3.332, 20770010.6, -70268.9925, 156946.581, 0, 8.07399038e+12, 0, 0, 0, 0
0.18125, 0, 0, 5e+15, 0, 9.79377989e-22, 3.718e+18, 6.44e+20, 4.85, 4, 378.424431, 115.365854, 1.23809529, 960.069384, 0, 1.96447404e+19, 1.9654361e+19, 173757.122, -375.977831, -380.826004, 5e+15, 3.69266681e+27, -307.529304, 721.45933, 300.291045, 115.365854, 115.365854, 1.23809529, 1.23809529, 5e+15, 4625.90379, 170269.461, 0.654038209, 173748.56, -67812.2471, -1366.33464, -69180.7444, 156131.61, 3255.28445, 159376.559, 0, 1.20165348e-08, 1.20165348e-08, 88324796.6, 3.04767491e+09, 2.94148636e+09, 0.27, 3.332, 17863753.6, -69178.5817, 159386.894, 0, 8.11965415e+12, 0, 0, 0, 0
0.183035675, 0, 0, 5e+15, 0, 9.79342838e-22, 3.718e+18, 6.44e+20, 4.85, 4, 378.424307, 115.365854, 1.23809529, 948.861755, 0, 1.96315526e+19, 1.96411896e+19, 174444.925, -375.977752, -380.825862, 5e+15, 3.68637113e+27, -308.226435, 707.576014, 300.29093, 115.365854, 115.365854, 1.23809529, 1.23809529, 5e+15, 4564.58387, 171007.815, 0.652203196, 174436.193, -67331.2106, -1374.0384, -68707.3878, 157171.889, 3173.42627, 160334.897, 0, 1.20165282e-08, 1.20165282e-08, 88943236.5, 3.04254556e+09, 2.9364524e+09, 0.27, 3.332, 17149928.4, -68705.249, 160345.316, 0, 8.1340192e+12, 0, 0, 0, 0
0.1875, 0, 0, 5e+15, 0, 9.79262733e-22, 3.718e+18, 6.44e+20, 4.85, 4, 378.423996, 115.365854, 1.23809529, 920.676541, 0, 1.95982327e+19, 1.9607911e+19, 176197.189, -375.977558, -380.825508, 5e+15, 3.67037755e+27, -304.638316, 672.239771, 300.290668, 115.365854, 115.365854, 1.23809529, 1.23809529, 5e+15, 4406.74747, 172980.274, 0.647954478, 176188.255, -66261.4001, -1355.23982, -67618.7691, 159736.839, 2964.96766, 162691.186, 0, 1.20165133e-08, 1.20165133e-08, 90539953, 3.02889317e+09, 2.92366385e+09, 0.27, 3.332, 14689368.6, -67616.6399, 162701.807, 0, 8.17050579e+12, 0, 0, 0, 0
0.189285675, 0, 0, 5e+15, 0, 9.79245039e-22, 3.718e+18, 6.44e+20, 4.85, 4, 378.42388, 115.365854, 1.23809529, 912.717993, 0, 1.95877812e+19, 1.95974773e+19, 176862.249, -375.977478, -380.825377, 5e+15, 3.66540722e+27, -304.870301, 661.923074, 300.29061, 115.365854, 115.365854, 1.23809529, 1.23809529, 5e+15, 4362.95567, 173680.722, 0.64617645, 176853.126, -65776.9198, -1360.04107, -67139.0712, 160720.885, 2903.33032, 163613.486, 0, 1.201651e-08, 1.201651e-08, 91169605.5, 3.02500324e+09, 2.9196904e+09, 0.27, 3.332, 14143236.8, -67136.9608, 163624.215, 0, 8.18197803e+12, 0, 0, 0, 0
0.19375, 0, 0, 5e+15, 0, 9.79206251e-22, 3.718e+18, 6.44e+20, 4.85, 4, 378.423589, 115.365854, 1.23809529, 891.593103, 0, 1.9561376e+19, 1.95711167e+19, 178555.977, -375.977279, -380.825051, 5e+15, 3.65278504e+27, -301.374495, 635.587328, 300.290484, 115.365854, 115.365854, 1.23809529, 1.23809529, 5e+15, 4245.56351, 175547.974, 0.642057573, 178546.588, -64698.3539, -1342.67042, -66043.1178, 163143.681, 2746.00123, 165878.686, 0, 1.20165028e-08, 1.20165028e-08, 92784246, 3.01451389e+09, 2.90959961e+09, 0.27, 3.332, 12130031.8, -66041.0244, 165889.682, 0, 8.21108892e+12, 0, 0, 0, 0
0.195535675, 0, 0, 5e+15, 0, 9.79205761e-22, 3.718e+18, 6.44e+20, 4.85, 4, 378.423478, 115.365854, 1.23809529, 886.505249, 0, 1.95530012e+19, 1.95627612e+19, 179193.419, -375.977197, -380.824929, 5e+15, 3.64881477e+27, -301.22442, 628.587867, 300.290482, 115.365854, 115.365854, 1.23809529, 1.23809529, 5e+15, 4216.63527, 176206.178, 0.640337136, 179183.848, -64207.0675, -1345.12882, -65554.2737, 164069.899, 2702.97193, 166761.771, 0, 1.20165027e-08, 1.20165027e-08, 93410937.1, 3.01159586e+09, 2.90642677e+09, 0.27, 3.332, 11758156.9, -65552.1963, 166772.871, 0, 8.22034194e+12, 0, 0, 0, 0
0.2, 0, 0, 5e+15, 0, 9.79207707e-22, 3.718e+18, 6.44e+20, 4.85, 4, 378.423201, 115.365854, 1.23809529, 871.55194, 0, 1.95318523e+19, 1.95416606e+19, 180816.925, -375.976994, -380.824624, 5e+15, 3.63873927e+27, -297.764934, 610.626841, 300.290488, 115.365854, 115.365854, 1.23809529, 1.23809529, 5e+15, 4133.31918, 177959.607, 0.63634859, 180807.092, -63112.7725, -1328.65994, -64443.4867, 166347.412, 2592.70801, 168928.759, 0, 1.20165031e-08, 1.20165031e-08, 95010442.4, 3.00358336e+09, 2.89837474e+09, 0.27, 3.332, 10198182.5, -64441.4324, 168940.12, 0, 8.24379382e+12, 0, 0, 0, 0
0.201785675, 0, 0, 5e+15, 0, 9.79225088e-22, 3.718e+18, 6.44e+20, 4.85, 4, 378.423093, 115.365854, 1.23809529, 869.084607, 0, 1.95249346e+19, 1.95347642e+19, 181422.581, -375.97691, -380.824507, 5e+15, 3.63546846e+27, -297.309237, 606.82215, 300.290545, 115.365854, 115.365854, 1.23809529, 1.23809529, 5e+15, 4117.37393, 178571.423, 0.634686698, 181412.598, -62611.9755, -1329.28518, -63943.3002, 167213.803, 2567.42155, 169769.792, 0, 1.20165063e-08, 1.20165063e-08, 95623795.1, 3.00139766e+09, 2.8957623e+09, 0.27, 3.332, 10011572.4, -63941.2607, 169781.225, 0, 8.2514821e+12, 0, 0, 0, 0
0.20625, 0, 0, 5e+15, 0, 9.79269623e-22, 3.718e+18, 6.44e+20, 4.85, 4, 378.422825, 115.365854, 1.23809529, 859.777268, 0, 1.95074828e+19, 1.95173657e+19, 182965.43, -375.976703, -380.824215, 5e+15, 3.62717773e+27, -293.840225, 596.925011, 300.290691, 115.365854, 115.365854, 1.23809529, 1.23809529, 5e+15, 4063.9506, 180202.085, 0.630829941, 182955.26, -61495.997, -1313.26683, -62811.2753, 169341.475, 2502.02019, 171831.882, 0, 1.20165146e-08, 1.20165146e-08, 97183943, 2.99524724e+09, 2.88914016e+09, 0.27, 3.332, 8923132.15, -62809.2638, 171843.495, 0, 8.27093816e+12, 0, 0, 0, 0
0.208035675, 0, 0, 5e+15, 0, 9.79307331e-22, 3.718e+18, 6.44e+20, 4.85, 4, 378.422719, 115.365854, 1.23809529, 859.844426, 0, 1.95014152e+19, 1.95113223e+19, 183535.852, -375.976618, -380.824101, 5e+15, 3.6243156e+27, -293.148266, 596.35987, 300.290814, 115.365854, 115.365854, 1.23809529, 1.23809529, 5e+15, 4060.04333, 180763.346, 0.62922784, 183525.593, -60983.3846, -1312.52303, -62297.904, 170145.591, 2494.54711, 172628.517, 0, 1.20165216e-08, 1.20165216e-08, 97776994.9, 2.99357366e+09, 2.88685572e+09, 0.27, 3.332, 8940941.3, -62295.9076, 172640.138, 0, 8.27772008e+12, 0, 0, 0, 0
0.2125, 0, 0, 5e+15, 0, 9.79400882e-22, 3.718e+18, 6.44e+20, 4.85, 4, 378.422454, 115.365854, 1.23809529, 856.095272, 0, 1.94861324e+19, 1.94961003e+19, 184988.926, -375.976407, -380.823816, 5e+15, 3.61707321e+27, -289.63123, 594.632012, 300.29112, 115.365854, 115.365854, 1.23809529, 1.23809529, 5e+15, 4034.86472, 182261.527, 0.625505201, 184978.627, -59840.2354, -1296.55196, -61138.7516, 172117.32, 2474.14058, 174579.814, 0, 1.2016539e-08, 1.2016539e-08, 99281438.5, 2.98872006e+09, 2.88107495e+09, 0.27, 3.332, 8363670.38, -61136.7874, 174591.461, 0, 8.29484888e+12, 0, 0, 0, 0
0.214285675, 0, 0, 5e+15, 0, 9.79464512e-22, 3.718e+18, 6.44e+20, 4.85, 4, 378.422347, 115.365854, 1.23809529, 858.817061, 0, 1.94802859e+19, 1.94902826e+19, 185521.401, -375.976321, -380.823701, 5e+15, 3.61432143e+27, -288.76543, 597.562332, 300.291328, 115.365854, 115.365854, 1.23809529, 1.23809529, 5e+15, 4043.17651, 182767.809, 0.623964399, 185511.103, -59313.6267, -1294.86571, -60610.4405, 172856.186, 2485.69557, 175330.319, 0, 1.20165508e-08, 1.20165508e-08, 99850677.7, 2.98734797e+09, 2.87888006e+09, 0.27, 3.332, 8617229.36, -60608.4925, 175341.881, 0, 8.30142107e+12, 0, 0, 0, 0
0.21875, 0, 0, 5e+15, 0, 9.79621433e-22, 3.718e+18, 6.44e+20, 4.85, 4, 378.422081, 115.365854, 1.23809529, 861.071646, 0, 1.94655904e+19, 1.94756591e+19, 186876.966, -375.976106, -380.823415, 5e+15, 3.60737293e+27, -285.165763, 604.635484, 300.291842, 115.365854, 115.365854, 1.23809529, 1.23809529, 5e+15, 4047.59874, 184122.533, 0.620379055, 186866.849, -58137.6947, -1278.55568, -59418.1627, 174664.118, 2513.27505, 177166.038, 0, 1.201658e-08, 1.201658e-08, 101291040, 2.98325032e+09, 2.87333756e+09, 0.27, 3.332, 8621722.68, -59416.2504, 177177.393, 0, 8.3179838e+12, 0, 0, 0, 0
0.220535675, 0, 0, 5e+15, 0, 9.79721831e-22, 3.718e+18, 6.44e+20, 4.85, 4, 378.421971, 115.365854, 1.23809529, 866.829205, 0, 1.94592721e+19, 1.9469376e+19, 187369.555, -375.976018, -380.823296, 5e+15, 3.60440549e+27, -284.182132, 611.576015, 300.29217, 115.365854, 115.365854, 1.23809529, 1.23809529, 5e+15, 4069.71894, 184568.935, 0.618901333, 187359.557, -57594.7509, -1276.32676, -58872.9721, 175334.128, 2546.44253, 177869.421, 0, 1.20165986e-08, 1.20165986e-08, 101837061, 2.98196747e+09, 2.87097154e+09, 0.27, 3.332, 9158865.83, -58871.0776, 177880.57, 0, 8.32512759e+12, 0, 0, 0, 0
0.225, 0, 0, 5e+15, 0, 9.79969648e-22, 3.718e+18, 6.44e+20, 4.85, 4, 378.421698, 115.365854, 1.23809529, 876.201912, 0, 1.94434233e+19, 1.94536153e+19, 188621.338, -375.975801, -380.823001, 5e+15, 3.59692771e+27, -280.465304, 628.727759, 300.292981, 115.365854, 115.365854, 1.23809529, 1.23809529, 5e+15, 4108.82499, 185767.45, 0.615457356, 188611.815, -56379.6621, -1259.27483, -57640.7926, 176968.379, 2628.42418, 179586.167, 0, 1.20166447e-08, 1.20166447e-08, 103214550, 2.97808063e+09, 2.86500911e+09, 0.27, 3.332, 9856968.18, -57638.9369, 179596.803, 0, 8.34309597e+12, 0, 0, 0, 0
0.226785675, 0, 0, 5e+15, 0, 9.80126115e-22, 3.718e+18, 6.44e+20, 4.85, 4, 378.421582, 115.365854, 1.23809529, 885.710404, 0, 1.94358254e+19, 1.94460618e+19, 189072.93, -375.975711, -380.822875, 5e+15, 3.59336771e+27, -279.414138, 640.503208, 300.293492, 115.365854, 115.365854, 1.23809529, 1.23809529, 5e+15, 4148.16676, 186148.381, 0.614044802, 189063.669, -55817.5907, -1256.88897, -57076.3151, 177565.188, 2687.39147, 180242.297, 0, 1.20166738e-08, 1.20166738e-08, 103743626, 2.97666073e+09, 2.86217052e+09, 0.27, 3.332, 10746581.4, -57074.4796, 180252.58, 0, 8.3517373e+12, 0, 0, 0, 0
0.23125, 0, 0, 5e+15, 0, 9.80513523e-22, 3.718e+18, 6.44e+20, 4.85, 4, 378.421295, 115.365854, 1.23809529, 904.172906, 0, 1.94167988e+19, 1.94271457e+19, 190216.238, -375.975491, -380.822562, 5e+15, 3.58441058e+27, -275.541754, 669.784856, 300.294759, 115.365854, 115.365854, 1.23809529, 1.23809529, 5e+15, 4231.82827, 187175.655, 0.610747299, 190207.809, -54555.5244, -1238.6404, -55795.9594, 179013.537, 2834.20103, 181838.335, 0, 1.20167457e-08, 1.20167457e-08, 105072933, 2.97240338e+09, 2.85502831e+09, 0.27, 3.332, 12302142.9, -55794.1649, 181847.738, 0, 8.37344579e+12, 0, 0, 0, 0
0.233035675, 0, 0, 5e+15, 0, 9.80758563e-22, 3.718e+18, 6.44e+20, 4.85, 4, 378.42117, 115.365854, 1.23809529, 918.572983, 0, 1.94069402e+19, 1.94173435e+19, 190626.649, -375.9754, -380.822424, 5e+15, 3.5798044e+27, -274.468304, 687.583408, 300.295559, 115.365854, 115.365854, 1.23809529, 1.23809529, 5e+15, 4294.17496, 187484.672, 0.609402381, 190618.646, -53970.7761, -1236.483, -55209.0304, 179531.981, 2924.98227, 182448.081, 0, 1.20167912e-08, 1.20167912e-08, 105600018, 2.9705931e+09, 2.85135428e+09, 0.27, 3.332, 13638805.2, -55207.2592, 182456.964, 0, 8.38473072e+12, 0, 0, 0, 0
0.2375, 0, 0, 5e+15, 0, 9.81367312e-22, 3.718e+18, 6.44e+20, 4.85, 4, 378.42086, 115.365854, 1.23809529, 949.191937, 0, 1.93822807e+19, 1.93928243e+19, 191658.543, -375.975177, -380.82208, 5e+15, 3.56822611e+27, -270.394167, 731.953644, 300.297548, 115.365854, 115.365854, 1.23809529, 1.23809529, 5e+15, 4438.38877, 188322.977, 0.606257707, 191651.778, -52651.7263, -1216.49557, -53869.9509, 180779.603, 3151.61546, 183923.631, 0, 1.20169043e-08, 1.20169043e-08, 106916748, 2.96531419e+09, 2.84211888e+09, 0.27, 3.332, 16278561.5, -53868.222, 183931.218, 0, 8.41306971e+12, 0, 0, 0, 0
0.239285675, 0, 0, 5e+15, 0, 9.81753442e-22, 3.718e+18, 6.44e+20, 4.85, 4, 378.420722, 115.365854, 1.23809529, 970.149638, 0, 1.93689389e+19, 1.93795543e+19, 192028.667, -375.975086, -380.821924, 5e+15, 3.56201594e+27, -269.339092, 757.381513, 300.298808, 115.365854, 115.365854, 1.23809529, 1.23809529, 5e+15, 4532.47008, 188552.707, 0.60498338, 192022.501, -52039.6837, -1214.96552, -53256.351, 181213.686, 3282.24111, 184489.037, 0, 1.20169758e-08, 1.20169758e-08, 107470659, 2.96282096e+09, 2.83716316e+09, 0.27, 3.332, 18187136.4, -53254.6493, 184495.927, 0, 8.42845921e+12, 0, 0, 0, 0
0.24375, 0, 0, 5e+15, 0, 9.82715386e-22, 3.718e+18, 6.44e+20, 4.85, 4, 378.42038, 115.365854, 1.23809529, 1017.33866, 0, 1.93355942e+19, 1.93463885e+19, 192948.233, -375.97486, -380.821535, 5e+15, 3.54641399e+27, -265.005308, 820.842387, 300.301946, 115.365854, 115.365854, 1.23809529, 1.23809529, 5e+15, 4760.62381, 189181.364, 0.601999463, 192943.741, -50650.6649, -1192.57434, -51844.8983, 182243.024, 3608.7367, 185846.605, 0, 1.20171542e-08, 1.20171542e-08, 108844170, 2.95576801e+09, 2.82471254e+09, 0.27, 3.332, 22211299.6, -51843.2392, 185851.76, 0, 8.46711943e+12, 0, 0, 0, 0
0.245535675, 0, 0, 5e+15, 0, 9.83324594e-22, 3.718e+18, 6.44e+20, 4.85, 4, 378.420223, 115.365854, 1.23809529, 1047.13132, 0, 1.93172296e+19, 1.93281153e+19, 193280.263, -375.974768, -380.821352, 5e+15, 3.53791068e+27, -264.00476, 855.978416, 300.303931, 115.365854, 115.365854, 1.23809529, 1.23809529, 5e+15, 4898.4873, 189323.563, 0.600799311, 193276.539, -50005.3264, -1192.09691, -51199.0497, 182586.014, 3789.37528, 186371.103, 0, 1.2017267e-08, 1.2017267e-08, 109476060, 2.95225126e+09, 2.81792381e+09, 0.27, 3.332, 24851396.3, -51197.4233, 186375.389, 0, 8.48850927e+12, 0, 0, 0, 0
0.25, 0, 0, 5e+15, 0, 9.84845373e-22, 3.718e+18, 6.44e+20, 4.85, 4, 378.419834, 115.365854, 1.23809529, 1116.84729, 0, 1.92713656e+19, 1.92824786e+19, 194089.036, -375.97454, -380.820899, 5e+15, 3.51655369e+27, -259.337844, 943.711238, 300.308885, 115.365854, 115.365854, 1.23809529, 1.23809529, 5e+15, 5241.90176, 189718.993, 0.597986064, 194087.415, -48529.5271, -1166.48083, -49697.5928, 183376.897, 4241.11798, 187615.893, 0, 1.20175485e-08, 1.20175485e-08, 111030455, 2.94254698e+09, 2.80087287e+09, 0.27, 3.332, 30643649.5, -49696.0079, 187618.015, 0, 8.54229506e+12, 0, 0, 0, 0
0.251785675, 0, 0, 5e+15, 0, 9.85801793e-22, 3.718e+18, 6.44e+20, 4.85, 4, 378.419652, 115.365854, 1.23809529, 1158.40956, 0, 1.92460404e+19, 1.92572689e+19, 194386.782, -375.974447, -380.820682, 5e+15, 3.50491331e+27, -258.423092, 991.162156, 300.311992, 115.365854, 115.365854, 1.23809529, 1.23809529, 5e+15, 5438.7859, 189764.793, 0.596864478, 194386.079, -47843.1917, -1167.51892, -49012.2551, 183621.591, 4484.09114, 188104.581, 0, 1.2017725e-08, 1.2017725e-08, 111827065, 2.93761727e+09, 2.79157613e+09, 0.27, 3.332, 34214075.8, -49010.7106, 188105.682, 0, 8.57217103e+12, 0, 0, 0, 0
0.25625, 0, 0, 5e+15, 0, 9.88192604e-22, 3.718e+18, 6.44e+20, 4.85, 4, 378.419199, 115.365854, 1.23809529, 1258.2206, 0, 1.91828437e+19, 1.9194359e+19, 195089.356, -375.974217, -380.820141, 5e+15, 3.47568227e+27, -253.329917, 1109.66479, 300.319759, 115.365854, 115.365854, 1.23809529, 1.23809529, 5e+15, 5935.90303, 189901.001, 0.594234327, 195091.139, -46259.086, -1137.66988, -47398.2617, 184151.722, 5091.84674, 189245.008, 0, 1.20181664e-08, 1.20181664e-08, 113774053, 2.92425516e+09, 2.76823001e+09, 0.27, 3.332, 42251095.4, -47396.7558, 189243.569, 0, 8.64741233e+12, 0, 0, 0, 0
0.258035675, 0, 0, 5e+15, 0, 9.89678998e-22, 3.718e+18, 6.44e+20, 4.85, 4, 378.418983, 115.365854, 1.23809529, 1315.14399, 0, 1.9148135e+19, 1.91597949e+19, 195358.689, -375.974124, -380.819875, 5e+15, 3.45989148e+27, -252.526415, 1172.6251, 300.324567, 115.365854, 115.365854, 1.23809529, 1.23809529, 5e+15, 6209.48588, 189841.44, 0.59319672, 195361.501, -45522.0516, -1140.73274, -46664.2388, 184290.941, 5411.4964, 189705.007, 0, 1.20184396e-08, 1.20184396e-08, 114877721, 2.91748761e+09, 2.75561502e+09, 0.27, 3.332, 46994862.1, -46662.7844, 189702.438, 0, 8.6890585e+12, 0, 0, 0, 0
0.2625, 0, 0, 5e+15, 0, 9.93397887e-22, 3.718e+18, 6.44e+20, 4.85, 4, 378.418446, 115.365854, 1.23809529, 1454.16637, 0, 1.9061608e+19, 1.90736266e+19, 195963.609, -375.973892, -380.819214, 5e+15, 3.42024306e+27, -246.889723, 1329.86051, 300.336598, 115.365854, 115.365854, 1.23809529, 1.23809529, 5e+15, 6903.71571, 189691.115, 0.590765241, 195969.19, -43802.4873, -1105.42963, -44909.337, 184536.893, 6211.07611, 190753.347, 0, 1.20191233e-08, 1.20191233e-08, 117566196, 2.8993628e+09, 2.72394014e+09, 0.27, 3.332, 57856460.5, -44907.9169, 190747.968, 0, 8.79417343e+12, 0, 0, 0, 0
0.264285675, 0, 0, 5e+15, 0, 9.95676522e-22, 3.718e+18, 6.44e+20, 4.85, 4, 378.418185, 115.365854, 1.23809529, 1530.68416, 0, 1.90145193e+19, 1.90267176e+19, 196213.061, -375.973798, -380.818886, 5e+15, 3.39912027e+27, -246.21559, 1412.18691, 300.343922, 115.365854, 115.365854, 1.23809529, 1.23809529, 5e+15, 7272.96601, 189517.987, 0.589818295, 196219.719, -43002.773, -1111.07886, -44115.2054, 184564.254, 6623.44517, 191194.255, 0, 1.20195394e-08, 1.20195394e-08, 119204066, 2.89033438e+09, 2.70706262e+09, 0.27, 3.332, 64067692.6, -44113.8518, 191187.698, 0, 8.85196411e+12, 0, 0, 0, 0
0.26875, 0, 0, 5e+15, 0, 1.00138071e-21, 3.718e+18, 6.44e+20, 4.85, 4, 378.417536, 115.365854, 1.23809529, 1719.5034, 0, 1.88972774e+19, 1.89099202e+19, 196734.067, -375.973564, -380.818068, 5e+15, 3.34608984e+27, -239.888546, 1617.7677, 300.362255, 115.365854, 115.365854, 1.23809529, 1.23809529, 5e+15, 8210.04603, 189054.399, 0.587604963, 196743.626, -41114.0704, -1068.86779, -42184.2632, 184503.094, 7654.90368, 192167.475, 0, 1.20205813e-08, 1.20205813e-08, 123192522, 2.86633268e+09, 2.66468971e+09, 0.27, 3.332, 78450450.9, -42182.9382, 192157.997, 0, 8.99826196e+12, 0, 0, 0, 0
0.270535675, 0, 0, 5e+15, 0, 1.00481943e-21, 3.718e+18, 6.44e+20, 4.85, 4, 378.417217, 115.365854, 1.23809529, 1820.52413, 0, 1.88341489e+19, 1.88470136e+19, 196975.636, -375.973469, -380.817657, 5e+15, 3.31831131e+27, -239.35237, 1724.08763, 300.3732, 115.365854, 115.365854, 1.23809529, 1.23809529, 5e+15, 8694.09733, 188761.547, 0.586756908, 196986.238, -40237.1925, -1077.72024, -41316.1498, 184414.117, 8177.20159, 192601.936, 0, 1.20212033e-08, 1.20212033e-08, 125718190, 2.85469664e+09, 2.64249254e+09, 0.27, 3.332, 86485909.6, -41314.9127, 192591.319, 0, 9.07809098e+12, 0, 0, 0, 0
0.275, 0, 0, 5e+15, 0, 1.01343065e-21, 3.718e+18, 6.44e+20, 4.85, 4, 378.416422, 115.365854, 1.23809529, 2071.28458, 0, 1.8677225e+19, 1.86906368e+19, 197433.369, -375.973235, -380.816633, 5e+15, 3.24857825e+27, -232.151364, 1989.54512, 300.400608, 115.365854, 115.365854, 1.23809529, 1.23809529, 5e+15, 9919.89052, 187961.422, 0.584785951, 197446.795, -38138.3118, -1026.90324, -39166.4299, 184025.771, 9483.49573, 193522.701, 0, 1.20227609e-08, 1.20227609e-08, 131877836, 2.82387381e+09, 2.58676978e+09, 0.27, 3.332, 105226193, -39165.215, 193509.267, 0, 9.28097314e+12, 0, 0, 0, 0
0.276785675, 0, 0, 5e+15, 0, 1.01853552e-21, 3.718e+18, 6.44e+20, 4.85, 4, 378.416028, 115.365854, 1.23809529, 2202.53959, 0, 1.85936433e+19, 1.86073286e+19, 197683.563, -375.973138, -380.816115, 5e+15, 3.21273954e+27, -231.749171, 2125.43464, 300.416623, 115.365854, 115.365854, 1.23809529, 1.23809529, 5e+15, 10537.1628, 187546.513, 0.584046864, 197697.894, -37167.1466, -1039.63159, -38207.8757, 183819.346, 10133.3341, 193967.115, 0, 1.20236711e-08, 1.20236711e-08, 135829813, 2.80948885e+09, 2.55813264e+09, 0.27, 3.332, 115526391, -38206.7782, 193952.68, 0, 9.39091481e+12, 0, 0, 0, 0
0.28125, 0, 0, 5e+15, 0, 1.03132194e-21, 3.718e+18, 6.44e+20, 4.85, 4, 378.415047, 115.365854, 1.23809529, 2529.35812, 0, 1.83863084e+19, 1.84006649e+19, 198107.876, -375.972902, -380.814824, 5e+15, 3.1227815e+27, -223.443609, 2464.66001, 300.456737, 115.365854, 115.365854, 1.23809529, 1.23809529, 5e+15, 12096.0332, 186394.118, 0.582348214, 198124.698, -34809.0256, -978.266341, -35788.3726, 183089.748, 11758.4075, 194865.042, 0, 1.20259509e-08, 1.20259509e-08, 145489268, 2.77138319e+09, 2.48625021e+09, 0.27, 3.332, 139643711, -35787.292, 194848.155, 0, 9.67175237e+12, 0, 0, 0, 0
0.283035675, 0, 0, 5e+15, 0, 1.03877903e-21, 3.718e+18, 6.44e+20, 4.85, 4, 378.414558, 115.365854, 1.23809529, 2697.72359, 0, 1.82770132e+19, 1.8291708e+19, 198389.052, -375.972805, -380.814169, 5e+15, 3.07750574e+27, -223.154524, 2636.95247, 300.47965, 115.365854, 115.365854, 1.23809529, 1.23809529, 5e+15, 12863.4983, 185861.005, 0.581730326, 198406.526, -33723.8357, -995.597512, -34720.3554, 182769.986, 12552.8139, 195340.434, 0, 1.20272533e-08, 1.20272533e-08, 151673329, 2.75452262e+09, 2.45007669e+09, 0.27, 3.332, 152772600, -34719.4332, 195322.8, 0, 9.82312354e+12, 0, 0, 0, 0
0.2875, 0, 0, 5e+15, 0, 1.05746e-21, 3.718e+18, 6.44e+20, 4.85, 4, 378.413339, 115.365854, 1.23809529, 3117.54453, 0, 1.80066132e+19, 1.80221331e+19, 198822.033, -375.972567, -380.812537, 5e+15, 2.96386994e+27, -213.451582, 3066.96266, 300.537047, 115.365854, 115.365854, 1.23809529, 1.23809529, 5e+15, 14796.724, 184353.616, 0.580340621, 198841.375, -31049.0793, -921.510791, -31971.4963, 181695.02, 14539.1229, 196253.572, 0, 1.20305158e-08, 1.20305158e-08, 166822074, 2.70966023e+09, 2.3592851e+09, 0.27, 3.332, 183553060, -31970.5901, 196234.143, 0, 1.02123184e+13, 0, 0, 0, 0
0.289285675, 0, 0, 5e+15, 0, 1.06819089e-21, 3.718e+18, 6.44e+20, 4.85, 4, 378.41273, 115.365854, 1.23809529, 3331.62616, 0, 1.78653928e+19, 1.78813359e+19, 199164.034, -375.972469, -380.811709, 5e+15, 2.90797253e+27, -213.23124, 3284.29831, 300.569066, 115.365854, 115.365854, 1.23809529, 1.23809529, 5e+15, 15729.0907, 183715.327, 0.579858603, 199183.661, -29827.8203, -944.224095, -30772.7344, 181273.444, 15493.362, 196786.617, 0, 1.2032336e-08, 1.2032336e-08, 176430279, 2.69133814e+09, 2.31463516e+09, 0.27, 3.332, 200272697, -30772.0444, 196766.805, 0, 1.0421456e+13, 0, 0, 0, 0
0.29375, 0, 0, 5e+15, 0, 1.09507626e-21, 3.718e+18, 6.44e+20, 4.85, 4, 378.411211, 115.365854, 1.23809529, 3865.71168, 0, 1.75171986e+19, 1.75341653e+19, 199663.852, -375.972228, -380.809642, 5e+15, 2.76768888e+27, -201.752319, 3826.6, 300.64928, 115.365854, 115.365854, 1.23809529, 1.23809529, 5e+15, 18072.7907, 181870.278, 0.578822194, 199684.421, -26771.086, -855.043348, -27626.7944, 179863.591, 17878.9205, 197763.165, 0, 1.20368959e-08, 1.20368959e-08, 200012252, 2.64201829e+09, 2.20257745e+09, 0.27, 3.332, 239428582, -27626.1293, 197742.511, 0, 1.09636415e+13, 0, 0, 0, 0
0.295535675, 0, 0, 5e+15, 0, 1.11031463e-21, 3.718e+18, 6.44e+20, 4.85, 4, 378.41045, 115.365854, 1.23809529, 4136.87846, 0, 1.73367578e+19, 1.73542655e+19, 200105.928, -375.972128, -380.808592, 5e+15, 2.70040461e+27, -201.521988, 4100.42349, 300.692949, 115.365854, 115.365854, 1.23809529, 1.23809529, 5e+15, 19181.4975, 181152.629, 0.578493379, 200126.323, -25390.241, -883.969722, -26274.5766, 179361.609, 19005.1862, 198387.377, 0, 1.20393787e-08, 1.20393787e-08, 214804629, 2.62449489e+09, 2.14884994e+09, 0.27, 3.332, 260840327, -26274.2107, 198366.795, 0, 1.12550065e+13, 0, 0, 0, 0
0.3, 0, 0, 5e+15, 0, 1.14849714e-21, 3.718e+18, 6.44e+20, 4.85, 4, 378.408553, 115.365854, 1.23809529, 4813.39102, 0, 1.68938118e+19, 1.69126135e+19, 200751.487, -375.971885, -380.805972, 5e+15, 2.53155505e+27, -187.765282, 4783.48894, 300.80235, 115.365854, 115.365854, 1.23809529, 1.23809529, 5e+15, 21963.9488, 179016.073, 0.577863195, 200771.644, -21879.9965, -777.180149, -22657.4885, 177647.12, 21820.2815, 199487.625, 0, 1.2045599e-08, 1.2045599e-08, 251165520, 2.57599955e+09, 2.01401916e+09, 0.27, 3.332, 310814866, -22657.1767, 199467.401, 0, 1.20182813e+13, 0, 0, 0, 0
0.301785675, 0, 0, 5e+15, 0, 1.16989733e-21, 3.718e+18, 6.44e+20, 4.85, 4, 378.407601, 115.365854, 1.23809529, 5157.66792, 0, 1.66655799e+19, 1.66850978e+19, 201344.289, -375.971782, -380.80464, 5e+15, 2.45282472e+27, -187.392411, 5129.91515, 300.860436, 115.365854, 115.365854, 1.23809529, 1.23809529, 5e+15, 23256.0101, 178261.758, 0.577707638, 201363.791, -20316.3982, -813.205798, -21129.4939, 177098.595, 23126.3559, 200244.628, 0, 1.20489025e-08, 1.20489025e-08, 273771034, 2.56358536e+09, 1.95118231e+09, 0.27, 3.332, 338632014, -21129.604, 200224.951, 0, 1.24301488e+13, 0, 0, 0, 0
0.30625, 0, 0, 5e+15, 0, 1.22352519e-21, 3.718e+18, 6.44e+20, 4.85, 4, 378.405227, 115.365854, 1.23809529, 6016.36957, 0, 1.61085118e+19, 1.61297179e+19, 202240.297, -375.971534, -380.801316, 5e+15, 2.25526198e+27, -170.671672, 5993.81316, 301.005959, 115.365854, 115.365854, 1.23809529, 1.23809529, 5e+15, 26494.5869, 175918.852, 0.57754567, 202258.265, -16279.3917, -686.246555, -16965.4062, 175134.779, 26390.1739, 201542.973, 0, 1.20571786e-08, 1.20571786e-08, 329397952, 2.5260886e+09, 1.79349964e+09, 0.27, 3.332, 403191009, -16965.6383, 201524.954, 0, 1.35233391e+13, 0, 0, 0, 0
0.308035675, 0, 0, 5e+15, 0, 1.25331659e-21, 3.718e+18, 6.44e+20, 4.85, 4, 378.404033, 115.365854, 1.23809529, 6458.12166, 0, 1.58223279e+19, 1.58445326e+19, 203047.395, -375.971429, -380.799621, 5e+15, 2.16606162e+27, -169.932528, 6437.29509, 301.081275, 115.365854, 115.365854, 1.23809529, 1.23809529, 5e+15, 27971.4602, 175191.347, 0.577585875, 203064.374, -14513.9589, -730.327048, -15243.4438, 174588.276, 27878.2019, 202483.617, 0, 1.20614634e-08, 1.20614634e-08, 363866395, 2.5265125e+09, 1.7223573e+09, 0.27, 3.332, 440288808, -15244.286, 202466.478, 0, 1.41188596e+13, 0, 0, 0, 0
0.3125, 0, 0, 5e+15, 0, 1.32798134e-21, 3.718e+18, 6.44e+20, 4.85, 4, 378.401056, 115.365854, 1.23809529, 7559.51259, 0, 1.51290872e+19, 1.51536005e+19, 204328.618, -375.971173, -380.795392, 5e+15, 1.94223518e+27, -149.273504, 7542.79444, 301.269958, 115.365854, 115.365854, 1.23809529, 1.23809529, 5e+15, 31669.6634, 172776.628, 0.577962784, 204343.033, -9885.19127, -580.75895, -10464.846, 172460.186, 31595.738, 204070.379, 0, 1.20721977e-08, 1.20721977e-08, 448742537, 2.51829996e+09, 1.54383963e+09, 0.27, 3.332, 525717792, -10465.9502, 204055.925, 0, 1.57258946e+13, 0, 0, 0, 0
0.314285675, 0, 0, 5e+15, 0, 1.3691832e-21, 3.718e+18, 6.44e+20, 4.85, 4, 378.399549, 115.365854, 1.23809529, 8139.235, 0, 1.47726361e+19, 1.47986499e+19, 205426.203, -375.971061, -380.793221, 5e+15, 1.84490937e+27, -147.775414, 8123.90509, 301.365095, 115.365854, 115.365854, 1.23809529, 1.23809529, 5e+15, 33326.4133, 172162.212, 0.57822274, 205439.872, -7910.49727, -633.956628, -8542.43925, 171979.977, 33261.3597, 205255.137, 0, 1.20776123e-08, 1.20776123e-08, 501678456, 2.54531147e+09, 1.46630642e+09, 0.27, 3.332, 577326588, -8544.4539, 205241.338, 0, 1.66162623e+13, 0, 0, 0, 0
0.31875, 0, 0, 5e+15, 0, 1.4724591e-21, 3.718e+18, 6.44e+20, 4.85, 4, 378.395794, 115.365854, 1.23809529, 9583.88179, 0, 1.39180662e+19, 1.39474575e+19, 207257.665, -375.970795, -380.787806, 5e+15, 1.60070185e+27, -121.73341, 9571.78839, 301.603418, 115.365854, 115.365854, 1.23809529, 1.23809529, 5e+15, 37471.6895, 169866.036, 0.579215537, 207268.993, -2654.68577, -459.776328, -3111.91185, 169804.875, 37421.2248, 207237.428, 0, 1.20911763e-08, 1.20911763e-08, 632064423, 2.598854e+09, 1.27175697e+09, 0.27, 3.332, 695032601, -3114.46209, 207226.1, 0, 1.9070367e+13, 0, 0, 0, 0
0.320535675, 0, 0, 5e+15, 0, 1.52916437e-21, 3.718e+18, 6.44e+20, 4.85, 4, 378.393873, 115.365854, 1.23809529, 10376.6725, 0, 1.34757879e+19, 1.35076846e+19, 208729.213, -375.970674, -380.784992, 5e+15, 1.49922952e+27, -118.735323, 10365.6906, 301.720412, 115.365854, 115.365854, 1.23809529, 1.23809529, 5e+15, 39296.8712, 169469.528, 0.579718369, 208741.814, -490.484714, -523.353876, -1009.87584, 169468.429, 39253.4578, 208734.525, 0, 1.20978383e-08, 1.20978383e-08, 715268625, 2.67799878e+09, 1.19110371e+09, 0.27, 3.332, 771626439, -1013.83859, 208721.888, 0, 2.04682952e+13, 0, 0, 0, 0
0.325, 0, 0, 5e+15, 0, 1.67132028e-21, 3.718e+18, 6.44e+20, 4.85, 4, 378.389086, 115.365854, 1.23809529, 12351.0546, 0, 1.24309486e+19, 1.24682802e+19, 211294.229, -375.970388, -380.77797, 5e+15, 1.24462435e+27, -85.0586359, 12342.5958, 302.013465, 115.365854, 115.365854, 1.23809529, 1.23809529, 5e+15, 43860.3086, 167529.25, 0.581403939, 211308.798, 5351.41551, -323.648787, 5032.78197, 167392.178, 43827.6093, 211234.207, 0, 1.21145258e-08, 1.21145258e-08, 920179830, 2.8533565e+09, 988728361, 0.27, 3.332, 944448315, 5027.76672, 211219.788, 0, 2.44299971e+13, 0, 0, 0, 0
0.326785675, 0, 0, 5e+15, 0, 1.74903345e-21, 3.718e+18, 6.44e+20, 4.85, 4, 378.386587, 115.365854, 1.23809529, 13518.5086, 0, 1.18817326e+19, 1.19239517e+19, 213212.304, -375.970252, -380.774235, 5e+15, 1.14469411e+27, -78.9865551, 13510.9355, 302.153413, 115.365854, 115.365854, 1.23809529, 1.23809529, 5e+15, 45837.1369, 167453.225, 0.582166606, 213235.976, 7625.19134, -399.30801, 7233.19444, 167278.252, 45810.0306, 213111.721, 0, 1.21224999e-08, 1.21224999e-08, 1.05776884e+09, 3.037564e+09, 909791922, 0.27, 3.332, 1.07000325e+09, 7225.88333, 213088.283, 0, 2.67905265e+13, 0, 0, 0, 0
0.33125, 0, 0, 5e+15, 0, 1.94387709e-21, 3.718e+18, 6.44e+20, 4.85, 4, 378.38036, 115.365854, 1.23809529, 16423.8369, 0, 1.06129801e+19, 1.06652408e+19, 216668.144, -375.969934, -380.764917, 5e+15, 8.93965365e+26, -33.968995, 16418.1693, 302.503919, 115.365854, 115.365854, 1.23809529, 1.23809529, 5e+15, 50776.6412, 166100.624, 0.584605996, 216711.93, 13831.3541, -175.795605, 13664.859, 165455.394, 50757.0025, 216255.673, 0, 1.21424715e-08, 1.21424715e-08, 1.3964309e+09, 3.4584566e+09, 711730302, 0.27, 3.332, 1.3502954e+09, 13655.5585, 216212.396, 0, 3.37415772e+13, 0, 0, 0, 0
0.333035675, 0, 0, 5e+15, 0, 2.04982567e-21, 3.718e+18, 6.44e+20, 4.85, 4, 378.376979, 115.365854, 1.23809529, 18407.2608, 0, 9.92460028e+18, 9.98919812e+18, 219041.911, -375.969769, -380.759738, 5e+15, 8.02651043e+26, -20.7394913, 18402.2905, 302.666564, 115.365854, 115.365854, 1.23809529, 1.23809529, 5e+15, 52884.6982, 166383.994, 0.585627455, 219126.179, 15999.9024, -266.298296, 15746.8453, 165606.377, 52869.4705, 218559.381, 0, 1.21517457e-08, 1.21517457e-08, 1.64726549e+09, 3.88216154e+09, 641509320, 0.27, 3.332, 1.59338673e+09, 15733.604, 218475.848, 0, 3.82104316e+13, 0, 0, 0, 0
0.3375, 0, 0, 5e+15, 0, 2.31547126e-21, 3.718e+18, 6.44e+20, 4.85, 4, 378.368558, 115.365853, 1.23809529, 23339.4352, 0, 8.39328508e+18, 8.48110436e+18, 223387.251, -375.96939, -380.746824, 5e+15, 5.73549049e+26, 41.9406117, 23335.7749, 303.073824, 115.365854, 115.365853, 1.23809529, 1.23809529, 5e+15, 58150.4953, 165679.076, 0.58882829, 223567.428, 21915.2416, -27.3831959, 21904.5761, 164133.367, 58139.9531, 222452.806, 0, 1.21749681e-08, 1.21749681e-08, 2.26401409e+09, 4.8607549e+09, 465367301, 0.27, 3.332, 2.13137352e+09, 21887.8584, 222273.321, 0, 5.21517747e+13, 0, 0, 0, 0
0.339285675, 0, 0, 5e+15, 0, 2.45862737e-21, 3.718e+18, 6.44e+20, 4.85, 4, 378.363582, 115.365853, 1.23809529, 28026.0085, 0, 7.50510063e+18, 7.64442549e+18, 226007.313, -375.969162, -380.739026, 5e+15, 4.98295854e+26, 75.6496671, 28022.9187, 303.257067, 115.365854, 115.626778, 1.23809529, 1.24419414, 5e+15, 60351.8444, 166138.295, 0.590061627, 226370.414, 23439.0535, -137.446358, 23325.4547, 164445.501, 60344.711, 225152.661, 0, 1.21854255e-08, 1.21854255e-08, 2.7500024e+09, 5.96142768e+09, 416611761, 0.27, 3.332, 2.79481352e+09, 23301.6071, 224790.213, 0, 6.2505374e+13, 0, 0, 0, 0
0.34375, 0, 0, 5e+15, 0, 2.8175078e-21, 3.718e+18, 6.44e+20, 4.85, 4, 378.351191, 115.365843, 1.23809529, 39684.763, 0, 5.67476474e+18, 5.89631248e+18, 230685.427, -375.968649, -380.719582, 5e+15, 3.09498335e+26, 163.52599, 39682.322, 303.715719, 115.365854, 115.626768, 1.23809529, 1.24419414, 5e+15, 65855.8509, 165523.163, 0.59388264, 231499.079, 27283.8285, 90.4753204, 27402.3685, 163154.768, 65851.0651, 229822.352, 0, 1.22116005e-08, 1.22116005e-08, 3.93834799e+09, 8.49143982e+09, 294872664, 0.27, 3.332, 4.25821917e+09, 27374.3038, 229005.833, 0, 9.83158001e+13, 0, 0, -1.21738214e-11, -1.21019642e-11
0.345535675, 0, 0, 5e+15, 0, 3.0074494e-21, 3.718e+18, 6.44e+20, 4.85, 4, 378.341962, 115.626768, 1.24419414, 43058.1005, 0, 4.42493666e+18, 5.25612343e+18, 241804.843, -375.968201, -380.707224, 5e+15, 3.35111339e+28, 157.827151, 43056.2876, 303.914787, 115.88875, 115.626768, 1.25029299, 1.24419414, 5e+15, 60310.3511, 182146.099, 0.598498882, 244595.34, 26789.2535, 14.2666756, 26842.655, 179896.994, 60305.92, 242999.926, 0, 1.22229715e-08, 1.22229715e-08, 6.91112333e+09, 3.78005392e+10, 2.72382707e+10, 0.27, 3.332, 3.6511452e+09, 26803.5201, 240202.914, 0, 9.64151525e+13, 0, 0, 103211.399, 96018.9118
0.35, 0, 0, 5e+15, 0, 3.48340024e-21, 3.718e+18, 6.44e+20, 4.85, 4, 378.318976, 116.279148, 1.25944174, 51521.0935, 0, 2.3733791e+18, 3.94046015e+18, 259300.576, -375.967211, -380.676393, 5e+15, 1.16540816e+29, 91.6544975, 51519.1172, 304.412743, 117.19603, 116.279148, 1.28078819, 1.25944174, 5e+15, 46627.054, 212926.121, 0.613396992, 267240.701, 23659.7751, 142.456037, 23832.0345, 211549.606, 46623.1268, 266145.043, 0, 1.22514158e-08, 1.22514158e-08, 1.32876358e+10, 1.10233848e+11, 9.4645976e+10, 0.27, 3.332, 2.30023624e+09, 23802.2311, 258172.733, 0, 9.19656999e+13, 0, 0, 2e+18, 1.55328167e+18
0.35, 0, 0, 1.5e+15, 0, 3.48340024e-21, 3.718e+18, 6.44e+20, 4.85, 4, 378.318976, 116.279148, 1.25944174, 54967.0329, 0, 2.3733791e+18, 3.94046015e+18, 259300.576, -375.967211, -380.676393, 1.5e+15, 1.16540816e+29, 104.209643, 54957.5309, 304.412743, 117.19603, 116.279148, 1.28078819, 1.25944174, 1.5e+15, 46627.054, 212926.121, 0.613396992, 267240.701, 23659.7751, 142.456037, 23832.0345, 211549.606, 46623.1268, 266145.043, 0, 1.22514158e-08, 1.22514158e-08, 1.32876358e+10, 1.10233848e+11, 9.4645976e+10, 0.27, 3.332, 2.30023624e+09, 23802.2311, 258172.733, 0, 9.19656999e+13, 0, 0, 2e+18, 1.55328167e+18
0.368883528, 0, 0, 1.5e+15, 0, 3.68748167e-21, 3.718e+18, 6.44e+20, 4.85, 4, 378.215425, 116.355067, 1.26554059, 63099.0012, 0, 1.22701326e+18, 3.02130381e+18, 250429.957, -375.882507, -380.565752, 1.5e+15, 8.90307575e+28, -602.435963, 63096.122, 304.588793, 117.19603, 116.355067, 1.28078819, 1.26554059, 1.5e+15, 44781.495, 205922.696, 0.617533645, 260545.04, 24066.3567, -116.186136, 23381.5791, 204486.403, 44780.9952, 259464.549, 0, 1.22614812e-08, 1.22614812e-08, 1.48237359e+10, 9.2828321e+10, 7.60368255e+10, 0.27, 3.332, 1.96775992e+09, 23950.1705, 249267.398, 0, 1.6217266e+14, 0, 0, 2e+18, 1.45367166e+18
0.4160938, 0, 0, 1.5e+15, 0, 4.19591353e-21, 3.718e+18, 6.44e+20, 4.85, 4, 377.955498, 116.497285, 1.28078819, 84176.1387, 0, 2.11745663e+17, 1.53765757e+18, 216859.596, -375.672585, -380.287796, 1.5e+15, 1.83661851e+28, -4540.80724, 84020.1167, 305.026809, 117.19603, 116.497285, 1.28078819, 1.28078819, 1.5e+15, 40122.603, 176984.681, 0.624558842, 232479.12, 16028.3899, -1256.77649, 11027.7244, 176257.171, 40092.8367, 232196.901, 0, 1.22865242e-08, 1.22865242e-08, 1.68410285e+10, 4.70278953e+10, 2.90188806e+10, 0.27, 3.332, 1.16798619e+09, 14771.6134, 216350.009, 0, 7.1024178e+14, 0, 0, 2e+18, 1.22632427e+18
0.4349773, 0, 0, 1.5e+15, 0, 4.19531619e-21, 3.718e+18, 6.44e+20, 4.85, 4, 377.743565, 116.497285, 1.28078819, 92517.6441, 0, 1.58468884e+17, 1.46253805e+18, 201532.076, -375.468374, -380.074546, 1.5e+15, 1.49001502e+28, -7337.69131, 92221.0299, 305.026338, 117.19603, 116.497285, 1.28078819, 1.28078819, 1.5e+15, 38113.6156, 163672.247, 0.627466342, 219024.896, 10627.9067, -2266.67211, 3217.01478, 163203.255, 38034.7146, 218849.067, 0, 1.22864972e-08, 1.22864972e-08, 1.74851805e+10, 4.55650723e+10, 2.71821018e+10, 0.27, 3.332, 897789999, 8361.23458, 201237.97, 0, 8.05219437e+14, 0, 0, 2e+18, 1.2039284e+18
0.4821875, 0, 0, 1.5e+15, 0, 4.19025672e-21, 3.718e+18, 6.44e+20, 4.85, 4, 377.206638, 116.497285, 1.28078819, 114104.294, 0, 6.33681025e+16, 1.28339915e+18, 155453.388, -374.955794, -379.534185, 1.5e+15, 6.18536737e+27, -16499.6597, 112845.463, 305.022348, 117.196022, 116.497285, 1.28078819, 1.28078819, 1.5e+15, 33033.1644, 122734.831, 0.629464297, 177824.073, 51.8670504, -5071.97459, -13184.8203, 122734.437, 32623.392, 177291.7, 0, 1.22862691e-08, 1.22862691e-08, 1.7604398e+10, 4.0347107e+10, 2.24279014e+10, 0.27, 3.332, 314807658, -5020.10754, 155357.829, 0, 1.12569041e+15, 0, 0, 2e+18, 1.14520617e+18
0.501071028, 0, 0, 1.5e+15, 0, 4.18464845e-21, 3.718e+18, 6.44e+20, 4.85, 4, 376.995878, 116.59416, 1.28078819, 112785.662, 0, 6.01059911e+16, 1.27467007e+18, 148229.615, -374.746431, -379.323248, 1.5e+15, 5.81344741e+27, -18224.6606, 111302.103, 305.017914, 117.196021, 116.59416, 1.28078819, 1.28078819, 1.5e+15, 31772.4141, 116790.415, 0.626793438, 169909.621, -1252.44598, -5439.18147, -15160.3627, 116774.508, 31302.9676, 169231.735, 0, 1.22860154e-08, 1.22860154e-08, 1.65549517e+10, 3.90062485e+10, 2.22154799e+10, 0.27, 3.332, 235816981, -6691.62745, 148077.475, 0, 1.1430487e+15, 0, 0, 2e+18, 1.14294135e+18
0.5482813, 0, 0, 1.5e+15, 0, 4.17058106e-21, 3.718e+18, 6.44e+20, 4.85, 4, 376.466448, 116.882796, 1.28078819, 109351.494, 0, 5.10051418e+16, 1.25192247e+18, 133673.109, -374.221331, -378.793352, 1.5e+15, 5.05024152e+27, -22740.3348, 106893.62, 305.006788, 117.196003, 116.882796, 1.28078819, 1.28078819, 1.5e+15, 28517.5228, 105564.489, 0.617833546, 153460.084, -3216.96051, -6241.77013, -18133.8291, 105515.231, 27806.7519, 152343.336, 0, 1.22853791e-08, 1.22853791e-08, 1.4438412e+10, 3.61811933e+10, 2.16658399e+10, 0.27, 3.332, 76941311.4, -9458.73065, 133321.983, 0, 1.18250957e+15, 0, 0, 2e+18, 1.13655481e+18
0.5671648, 0, 0, 1.5e+15, 0, 4.16589116e-21, 3.718e+18, 6.44e+20, 4.85, 4, 376.274577, 116.882796, 1.28078819, 106748.92, 0, 5.12351868e+16, 1.25163222e+18, 130831.856, -374.029339, -378.601477, 1.5e+15, 5.08052004e+27, -23126.996, 104188.234, 305.003064, 117.196003, 116.882796, 1.28078819, 1.28078819, 1.5e+15, 27734.0488, 103511.392, 0.613671353, 149799.598, -3719.44446, -6304.33303, -18706.4762, 103443.29, 26999.8212, 148610.903, 0, 1.22851661e-08, 1.22851661e-08, 1.36985164e+10, 3.54248844e+10, 2.16614664e+10, 0.27, 3.332, 64901626.2, -10023.7775, 130443.111, 0, 1.18104654e+15, 0, 0, 2e+18, 1.13659172e+18
0.614375, 0, 0, 1.5e+15, 0, 4.1552456e-21, 3.718e+18, 6.44e+20, 4.85, 4, 375.794564, 116.882796, 1.28078819, 100134.178, 0, 5.23818266e+16, 1.25102455e+18, 126893.052, -373.548737, -378.121457, 1.5e+15, 5.17694395e+27, -23784.4777, 97201.6353, 304.994611, 117.196001, 116.882796, 1.28078819, 1.28078819, 1.5e+15, 25781.076, 101551.178, 0.602418151, 143767.412, -4503.52278, -6378.67906, -19477.4981, 101451.137, 24959.8855, 142403.544, 0, 1.22846826e-08, 1.22846826e-08, 1.24808741e+10, 3.41806449e+10, 2.16564697e+10, 0.27, 3.332, 43301136.4, -10882.2019, 126411.023, 0, 1.1760485e+15, 0, 0, 2e+18, 1.13676794e+18
0.633258528, 0, 0, 1.5e+15, 0, 4.15106977e-21, 3.718e+18, 6.44e+20, 4.85, 4, 375.619371, 116.947902, 1.28078819, 97810.022, 0, 5.33169555e+16, 1.25204288e+18, 125557.614, -373.373075, -377.946289, 1.5e+15, 5.29850112e+27, -23640.781, 94863.1719, 304.991283, 117.196002, 116.947902, 1.28078819, 1.28078819, 1.5e+15, 25179.6206, 100814.246, 0.597787512, 141802.138, -4758.4559, -6330.2773, -19582.1107, 100701.672, 24356.4168, 140415.413, 0, 1.22844923e-08, 1.22844923e-08, 1.19830023e+10, 3.37097607e+10, 2.16856171e+10, 0.27, 3.332, 41141319.5, -11088.7332, 125058.089, 0, 1.17021696e+15, 0, 0, 2e+18, 1.13719917e+18
0.6804688, 0, 0, 1.5e+15, 0, 4.14186256e-21, 3.718e+18, 6.44e+20, 4.85, 4, 375.181815, 117.112561, 1.28078819, 91921.8468, 0, 5.70143248e+16, 1.25526977e+18, 124974.98, -372.933745, -377.508804, 1.5e+15, 5.60447716e+27, -22969.4293, 88940.297, 304.983948, 117.196009, 117.112561, 1.28078819, 1.28078819, 1.5e+15, 23700.5526, 101707.934, 0.585873156, 139617.457, -5227.89587, -6143.07222, -19631.6011, 101573.41, 22871.0082, 138196.471, 0, 1.22840727e-08, 1.22840727e-08, 1.12512809e+10, 3.30682661e+10, 2.17788247e+10, 0.27, 3.332, 38160527.9, -11370.9681, 124444.419, 0, 1.15455517e+15, 0, 0, 2e+18, 1.13869111e+18
0.6993523, 0, 0, 1.5e+15, 0, 4.13801748e-21, 3.718e+18, 6.44e+20, 4.85, 4, 375.020788, 117.112561, 1.28078819, 89887.1645, 0, 5.82059082e+16, 1.25659069e+18, 124114.828, -372.772169, -377.347807, 1.5e+15, 5.75572437e+27, -22642.9827, 86930.7985, 304.980873, 117.196009, 117.112561, 1.28078819, 1.28078819, 1.5e+15, 23187.9358, 101354.271, 0.581132938, 138254.713, -5378.99281, -6054.63688, -19546.3699, 101211.39, 22365.8869, 136834.726, 0, 1.22838968e-08, 1.22838968e-08, 1.08637061e+10, 3.27167883e+10, 2.18157448e+10, 0.27, 3.332, 37337393.8, -11433.6297, 123577.277, 0, 1.14753463e+15, 0, 0, 2e+18, 1.13922716e+18
0.7465625, 0, 0, 1.5e+15, 0, 4.12957801e-21, 3.718e+18, 6.44e+20, 4.85, 4, 374.618911, 117.112561, 1.28078819, 84722.1387, 0, 6.29298201e+16, 1.26086883e+18, 124634.032, -372.368228, -376.946024, 1.5e+15, 6.14757096e+27, -21515.5127, 81881.2086, 304.97413, 117.196017, 117.112561, 1.28078819, 1.28078819, 1.5e+15, 21931.4755, 103112.598, 0.569120051, 137493.207, -5718.97039, -5769.6023, -19276.1755, 102953.84, 21139.7306, 136106.409, 0, 1.22835111e-08, 1.22835111e-08, 1.03275227e+10, 3.23012065e+10, 2.19367511e+10, 0.27, 3.332, 36932657.6, -11488.5727, 124093.57, 0, 1.12818347e+15, 0, 0, 2e+18, 1.14112988e+18
0.765446028, 0, 0, 1.5e+15, 0, 4.12598291e-21, 3.718e+18, 6.44e+20, 4.85, 4, 374.470256, 117.12923, 1.28078819, 82910.162, 0, 6.42329429e+16, 1.26226024e+18, 123859.986, -372.219029, -376.7974, 1.5e+15, 6.30786103e+27, -21133.7756, 80109.6416, 304.971246, 117.196018, 117.12923, 1.28078819, 1.28078819, 1.5e+15, 21477.07, 102785.722, 0.564421859, 136299.04, -5817.1312, -5668.77274, -19108.868, 102620.96, 20696.5288, 134923.539, 0, 1.22833462e-08, 1.22833462e-08, 9.99431547e+09, 3.20057007e+10, 2.19750972e+10, 0.27, 3.332, 36287982.2, -11485.904, 123317.489, 0, 1.12102824e+15, 0, 0, 2e+18, 1.14168643e+18
0.8126563, 0, 0, 1.5e+15, 0, 4.11806122e-21, 3.718e+18, 6.44e+20, 4.85, 4, 374.099385, 117.170431, 1.28078819, 78297.5171, 0, 6.94395072e+16, 1.26688536e+18, 124605.267, -371.846094, -376.426629, 1.5e+15, 6.74174044e+27, -19865.496, 75674.7712, 304.964899, 117.196023, 117.170431, 1.28078819, 1.28078819, 1.5e+15, 20362.737, 104620.15, 0.552557799, 135971.299, -6091.76241, -5351.72815, -18689.2788, 104442.626, 19628.2395, 134656.784, 0, 1.22829832e-08, 1.22829832e-08, 9.53771082e+09, 3.16785234e+10, 2.21045976e+10, 0.27, 3.332, 36215051.4, -11443.4905, 124070.865, 0, 1.10047642e+15, 0, 0, 2e+18, 1.14370906e+18
0.8315398, 0, 0, 1.5e+15, 0, 4.11467514e-21, 3.718e+18, 6.44e+20, 4.85, 4, 373.961767, 117.170431, 1.28078819, 76663.0795, 0, 7.07824086e+16, 1.26826014e+18, 123761.03, -371.707967, -376.289041, 1.5e+15, 6.90152036e+27, -19478.7163, 74085.0156, 304.962175, 117.196023, 117.170431, 1.28078819, 1.28078819, 1.5e+15, 19952.0889, 104179.228, 0.547973215, 134765.778, -6155.62853, -5249.7175, -18484.1986, 103997.195, 19229.8705, 133466.665, 0, 1.22828274e-08, 1.22828274e-08, 9.23624661e+09, 3.14137861e+10, 2.21419987e+10, 0.27, 3.332, 35540813.7, -11405.346, 123227.065, 0, 1.09362864e+15, 0, 0, 2e+18, 1.14425233e+18
0.87875, 0, 0, 1.5e+15, 0, 4.10716163e-21, 3.718e+18, 6.44e+20, 4.85, 4, 373.618485, 117.170431, 1.28078819, 72492.0001, 0, 7.61861581e+16, 1.2729464e+18, 124328.078, -371.362737, -375.94586, 1.5e+15, 7.35405242e+27, -18198.5266, 70113.0047, 304.95614, 117.196026, 117.170431, 1.28078819, 1.28078819, 1.5e+15, 18943.1852, 105726.205, 0.536379681, 134408.324, -6382.6238, -4928.45575, -17987.721, 105533.364, 18272.9284, 133179.658, 0, 1.22824823e-08, 1.22824823e-08, 8.81187753e+09, 3.11191203e+10, 2.22719665e+10, 0.27, 3.332, 35276305.8, -11311.0795, 123806.292, 0, 1.07310834e+15, 0, 0, 2e+18, 1.14627042e+18
0.897633528, 0, 0, 1.5e+15, 0, 4.10395905e-21, 3.718e+18, 6.44e+20, 4.85, 4, 373.490842, 117.175422, 1.28078819, 71004.4386, 0, 7.75252928e+16, 1.27426415e+18, 123355.978, -371.234631, -375.818246, 1.5e+15, 7.50827508e+27, -17827.259, 68669.496, 304.953557, 117.196026, 117.175422, 1.28078819, 1.28078819, 1.5e+15, 18567.7364, 105122.631, 0.531946205, 133120.221, -6421.51431, -4830.27527, -17766.2117, 104926.298, 17909.5739, 131908.14, 0, 1.22823346e-08, 1.22823346e-08, 8.53289414e+09, 3.08748214e+10, 2.23073883e+10, 0.27, 3.332, 34539046.3, -11251.7896, 122835.872, 0, 1.06675987e+15, 0, 0, 2e+18, 1.14678521e+18
0.9448438, 0, 0, 1.5e+15, 0, 4.09679472e-21, 3.718e+18, 6.44e+20, 4.85, 4, 373.172462, 117.187697, 1.28078819, 67200.6694, 0, 8.29464346e+16, 1.27886359e+18, 123551.738, -370.91446, -375.499966, 1.5e+15, 7.96436358e+27, -16591.1907, 65066.3, 304.947788, 117.196028, 117.187697, 1.28078819, 1.28078819, 1.5e+15, 17643.1884, 106212.799, 0.520692102, 132506.284, -6608.00121, -4518.18587, -17230.1208, 106007.04, 17037.7918, 131365.419, 0, 1.22820046e-08, 1.22820046e-08, 8.12175507e+09, 3.05894196e+10, 2.24337331e+10, 0.27, 3.332, 33931347.9, -11126.1871, 123044.832, 0, 1.04696009e+15, 0, 0, 2e+18, 1.14873622e+18
0.9637273, 0, 0, 1.5e+15, 0, 4.09376266e-21, 3.718e+18, 6.44e+20, 4.85, 4, 373.053926, 117.187697, 1.28078819, 65839.2603, 0, 8.42558823e+16, 1.28010899e+18, 122441.238, -370.795507, -375.381457, 1.5e+15, 8.11059112e+27, -16241.9618, 63746.4982, 304.945336, 117.196028, 117.187697, 1.28078819, 1.28078819, 1.5e+15, 17297.5861, 105441.593, 0.51643441, 131116.525, -6621.35403, -4424.98157, -16996.231, 105233.47, 16703.7169, 129992.832, 0, 1.22818644e-08, 1.22818644e-08, 7.86188557e+09, 3.03618522e+10, 2.24668533e+10, 0.27, 3.332, 33113331.8, -11046.3356, 121937.187, 0, 1.04116934e+15, 0, 0, 2e+18, 1.14921774e+18
1.0109375, 0, 0, 1.5e+15, 0, 4.08692539e-21, 3.718e+18, 6.44e+20, 4.85, 4, 372.758271, 117.187697, 1.28078819, 62352.7102, 0, 8.95839512e+16, 1.28455349e+18, 122186.709, -370.498227, -375.085896, 1.5e+15, 8.56064492e+27, -15069.6079, 60453.8126, 304.939818, 117.196029, 117.187697, 1.28078819, 1.28078819, 1.5e+15, 16444.2338, 106010.646, 0.505573181, 130145.768, -6755.06221, -4125.4404, -16423.022, 105795.209, 15902.1872, 129092.694, 0, 1.22815488e-08, 1.22815488e-08, 7.45843879e+09, 3.00782551e+10, 2.25878176e+10, 0.27, 3.332, 31998705.8, -10880.5026, 121697.396, 0, 1.0224406e+15, 0, 0, 2e+18, 1.15107721e+18
1.02982103, 0, 0, 1.5e+15, 0, 4.08405212e-21, 3.718e+18, 6.44e+20, 4.85, 4, 372.648075, 117.189298, 1.28078819, 61103.6743, 0, 9.08420083e+16, 1.28571514e+18, 120948.433, -370.38766, -374.975725, 1.5e+15, 8.69717047e+27, -14746.2155, 59242.9096, 304.937488, 117.196029, 117.189298, 1.28078819, 1.28078819, 1.5e+15, 16125.2329, 105085.777, 0.501508543, 128659.417, -6749.32345, -4038.62849, -16186.9744, 104868.787, 15593.7912, 127623.034, 0, 1.22814155e-08, 1.22814155e-08, 7.21674924e+09, 2.98663297e+10, 2.2618412e+10, 0.27, 3.332, 31168465.1, -10787.9519, 120462.578, 0, 1.01722833e+15, 0, 0, 2e+18, 1.1515219e+18
1.0770313, 0, 0, 1.5e+15, 0, 4.07752185e-21, 3.718e+18, 6.44e+20, 4.85, 4, 372.373217, 117.19323, 1.28078819, 57902.3582, 0, 9.59865851e+16, 1.28994786e+18, 120224.472, -370.111341, -374.700958, 1.5e+15, 9.13323348e+27, -13651.1358, 56223.301, 304.932205, 117.196029, 117.19323, 1.28078819, 1.28078819, 1.5e+15, 15335.7915, 105122.787, 0.491082744, 127299.219, -6841.38009, -3756.41091, -15601.9624, 104899.932, 14853.4022, 126329.35, 0, 1.22811135e-08, 1.22811135e-08, 6.8215965e+09, 2.95839201e+10, 2.27325683e+10, 0.27, 3.332, 29755283, -10597.791, 119753.335, 0, 9.99799781e+14, 0, 0, 2e+18, 1.15326892e+18
1.0959148, 0, 0, 1.5e+15, 0, 4.07480108e-21, 3.718e+18, 6.44e+20, 4.85, 4, 372.270689, 117.19323, 1.28078819, 56754.0111, 0, 9.71777074e+16, 1.29102153e+18, 118877.004, -370.008485, -374.598453, 1.5e+15, 9.25913923e+27, -13354.6882, 55109.229, 304.929995, 117.196029, 117.19323, 1.28078819, 1.28078819, 1.5e+15, 15040.6779, 104065.578, 0.487221199, 125730.367, -6817.63334, -3676.16164, -15366.2461, 103841.992, 14567.8929, 124776.555, 0, 1.2280987e-08, 1.2280987e-08, 6.59766439e+09, 2.93872152e+10, 2.27606124e+10, 0.27, 3.332, 28938413.4, -10493.7949, 118409.885, 0, 9.95153717e+14, 0, 0, 2e+18, 1.15367627e+18
1.143125, 0, 0, 1.5e+15, 0, 4.06857184e-21, 3.718e+18, 6.44e+20, 4.85, 4, 372.014951, 117.19323, 1.28078819, 53810.0919, 0, 1.02069293e+17, 1.2950092e+18, 117694.173, -369.751442, -374.3428, 1.5e+15, 9.67494699e+27, -12342.8762, 52332.0353, 304.924945, 117.196029, 117.19323, 1.28078819, 1.28078819, 1.5e+15, 14308.807, 103588.156, 0.477258995, 123980.016, -6864.65762, -3412.52779, -14774.5853, 103360.448, 13881.6305, 123088.436, 0, 1.22806982e-08, 1.22806982e-08, 6.21297234e+09, 2.9107523e+10, 2.28672646e+10, 0.27, 3.332, 27286021.2, -10277.1854, 117242.078, 0, 9.79151862e+14, 0, 0, 2e+18, 1.15530189e+18
1.16200853, 0, 0, 1.5e+15, 0, 4.06599495e-21, 3.718e+18, 6.44e+20, 4.85, 4, 371.919483, 117.193762, 1.28078819, 52752.0493, 0, 1.03181164e+17, 1.29599196e+18, 116259.94, -369.655686, -374.247353, 1.5e+15, 9.7896969e+27, -12073.6603, 51304.2769, 304.922846, 117.196029, 117.193762, 1.28078819, 1.28078819, 1.5e+15, 14035.2515, 102423.356, 0.473604721, 122347.555, -6829.03578, -3339.43556, -14546.3752, 102195.411, 13616.558, 121470.801, 0, 1.22805782e-08, 1.22805782e-08, 6.00646085e+09, 2.89257355e+10, 2.28927539e+10, 0.27, 3.332, 26520707.3, -10168.4713, 115811.969, 0, 9.7504769e+14, 0, 0, 2e+18, 1.1556717e+18
1.2092188, 0, 0, 1.5e+15, 0, 4.06005314e-21, 3.718e+18, 6.44e+20, 4.85, 4, 371.681338, 117.195068, 1.28078819, 50040.2813, 0, 1.07763796e+17, 1.29970528e+18, 114653.168, -369.416386, -374.009287, 1.5e+15, 1.01801645e+28, -11148.7001, 48742.5095, 304.918019, 117.19603, 117.195068, 1.28078819, 1.28078819, 1.5e+15, 13355.6806, 101472.167, 0.464121818, 120233.072, -6843.32415, -3097.03501, -13967.8958, 101241.142, 12978.2266, 119412.488, 0, 1.22803021e-08, 1.22803021e-08, 5.63506198e+09, 2.86511657e+10, 2.2991314e+10, 0.27, 3.332, 24789744.3, -9940.35916, 114219.369, 0, 9.60537999e+14, 0, 0, 2e+18, 1.15716779e+18
1.2281023, 0, 0, 1.5e+15, 0, 4.05761912e-21, 3.718e+18, 6.44e+20, 4.85, 4, 371.5924, 117.195068, 1.28078819, 49064.4048, 0, 1.08792701e+17, 1.30060212e+18, 113158.009, -369.327194, -373.920367, 1.5e+15, 1.02840816e+28, -10903.6193, 47793.4261, 304.916033, 117.19603, 117.195068, 1.28078819, 1.28078819, 1.5e+15, 13101.8757, 100227.352, 0.460678898, 118560.107, -6790.33777, -3029.77931, -13739.3544, 99997.0417, 12732.0063, 117754.075, 0, 1.22801885e-08, 1.22801885e-08, 5.44580435e+09, 2.84843137e+10, 2.3014448e+10, 0.27, 3.332, 24061348.3, -9820.11708, 112729.048, 0, 9.56924927e+14, 0, 0, 2e+18, 1.157503e+18
1.2753125, 0, 0, 1.5e+15, 0, 4.05197346e-21, 3.718e+18, 6.44e+20, 4.85, 4, 371.370532, 117.195068, 1.28078819, 46564.0345, 0, 1.13045785e+17, 1.30404371e+18, 111182.405, -369.104307, -373.698573, 1.5e+15, 1.06471099e+28, -10058.1437, 45427.7749, 304.911438, 117.19603, 117.195068, 1.28078819, 1.28078819, 1.5e+15, 12470.0384, 98862.1754, 0.451693241, 116129.319, -6752.71145, -2805.30979, -13152.0567, 98631.2802, 12137.818, 115376.985, 0, 1.22799257e-08, 1.22799257e-08, 5.09104406e+09, 2.82184357e+10, 2.31052254e+10, 0.27, 3.332, 22166234.1, -9558.02125, 110769.099, 0, 9.43858516e+14, 0, 0, 2e+18, 1.15887616e+18
1.29419603, 0, 0, 1.5e+15, 0, 4.0496696e-21, 3.718e+18, 6.44e+20, 4.85, 4, 371.287611, 117.195249, 1.28078819, 45665.2293, 0, 1.13984992e+17, 1.30485286e+18, 109653.633, -369.021166, -373.615669, 1.5e+15, 1.07401501e+28, -9836.74376, 44552.3818, 304.909554, 117.19603, 117.195249, 1.28078819, 1.28078819, 1.5e+15, 12235.0151, 97565.5762, 0.448465262, 114441.436, -6689.48127, -2744.37708, -12931.0644, 97335.9504, 11909.4167, 113702.73, 0, 1.2279818e-08, 1.2279818e-08, 4.91899134e+09, 2.80665079e+10, 2.31259996e+10, 0.27, 3.332, 21517053.9, -9433.85835, 109245.368, 0, 9.4070512e+14, 0, 0, 2e+18, 1.1591766e+18
1.3414063, 0, 0, 1.5e+15, 0, 4.04429477e-21, 3.718e+18, 6.44e+20, 4.85, 4, 371.080741, 117.195693, 1.28078819, 43364.4535, 0, 1.17878444e+17, 1.30800186e+18, 107378.049, -368.813401, -373.408865, 1.5e+15, 1.10729676e+28, -9071.0534, 42370.8918, 304.905171, 117.19603, 117.195693, 1.28078819, 1.28078819, 1.5e+15, 11649.1881, 95857.0229, 0.439994335, 111759.088, -6618.08188, -2539.93865, -12358.5208, 95628.2809, 11357.0973, 111069.523, 0, 1.22795673e-08, 1.22795673e-08, 4.58454116e+09, 2.78128006e+10, 2.3208588e+10, 0.27, 3.332, 19671378, -9158.02054, 106985.378, 0, 9.29067667e+14, 0, 0, 2e+18, 1.16042108e+18
1.3602898, 0, 0, 1.5e+15, 0, 4.04211657e-21, 3.718e+18, 6.44e+20, 4.85, 4, 371.003376, 117.195693, 1.28078819, 42536.6947, 0, 1.18727445e+17, 1.30872724e+18, 105838.909, -368.735844, -373.331516, 1.5e+15, 1.11556351e+28, -8872.13453, 41563.4013, 304.903386, 117.19603, 117.195693, 1.28078819, 1.28078819, 1.5e+15, 11431.6223, 94533.1358, 0.436980234, 110077.487, -6544.8265, -2484.7504, -12143.9444, 94306.2789, 11145.3004, 109400.868, 0, 1.22794653e-08, 1.22794653e-08, 4.42908108e+09, 2.76753218e+10, 2.32271457e+10, 0.27, 3.332, 19094970, -9029.57691, 105451.579, 0, 9.26328695e+14, 0, 0, 2e+18, 1.16068894e+18
1.4075, 0, 0, 1.5e+15, 0, 4.03700851e-21, 3.718e+18, 6.44e+20, 4.85, 4, 370.810351, 117.195693, 1.28078819, 40420.285, 0, 1.22255339e+17, 1.31158552e+18, 103330.099, -368.542041, -373.138552, 1.5e+15, 1.14575314e+28, -8183.36517, 39551.4872, 304.899214, 117.19603, 117.195693, 1.28078819, 1.28078819, 1.5e+15, 10888.6236, 92551.0572, 0.429029315, 107204.933, -6437.34535, -2298.93425, -11582.3829, 92326.8996, 10632.0252, 106574.083, 0, 1.22792266e-08, 1.22792266e-08, 4.11700192e+09, 2.7436069e+10, 2.33017684e+10, 0.27, 3.332, 17298714.3, -8736.2796, 102958.924, 0, 9.16041782e+14, 0, 0, 2e+18, 1.16180935e+18
1.42638353, 0, 0, 1.5e+15, 0, 4.03494342e-21, 3.718e+18, 6.44e+20, 4.85, 4, 370.738106, 117.195755, 1.28078819, 39656.6918, 0, 1.23015594e+17, 1.31223095e+18, 101799.193, -368.46963, -373.066321, 1.5e+15, 1.15304411e+28, -8006.44404, 38805.1608, 304.897519, 117.19603, 117.195755, 1.28078819, 1.28078819, 1.5e+15, 10686.9719, 91219.9609, 0.426222135, 105546.337, -6363.48207, -2249.96453, -11383.9348, 90997.6992, 10435.2482, 104926.914, 0, 1.22791297e-08, 1.22791297e-08, 3.9771116e+09, 2.73121514e+10, 2.33182358e+10, 0.27, 3.332, 16804007.8, -8613.4466, 101432.947, 0, 9.13674064e+14, 0, 0, 2e+18, 1.1620465e+18
1.4735938, 0, 0, 1.5e+15, 0, 4.0300729e-21, 3.718e+18, 6.44e+20, 4.85, 4, 370.557834, 117.195909, 1.28078819, 37707.0664, 0, 1.26180255e+17, 1.31480063e+18, 99121.6047, -368.288682, -372.886103, 1.5e+15, 1.18014907e+28, -7393.4777, 36945.5008, 304.893533, 117.19603, 117.195909, 1.28078819, 1.28078819, 1.5e+15, 10183.3415, 89032.1351, 0.418780519, 102543.245, -6245.63582, -2084.51124, -10861.9985, 88812.7813, 9957.14713, 101963.627, 0, 1.22789018e-08, 1.22789018e-08, 3.68827688e+09, 2.70885114e+10, 2.33850623e+10, 0.27, 3.332, 15172245.8, -8330.14706, 98769.9284, 0, 9.0464791e+14, 0, 0, 2e+18, 1.16304589e+18
1.4924773, 0, 0, 1.5e+15, 0, 4.02813457e-21, 3.718e+18, 6.44e+20, 4.85, 4, 370.490338, 117.195909, 1.28078819, 37001.1132, 0, 1.26863412e+17, 1.31538123e+18, 97613.9153, -368.221041, -372.818619, 1.5e+15, 1.18661204e+28, -7234.45054, 36254.4545, 304.891939, 117.19603, 117.195909, 1.28078819, 1.28078819, 1.5e+15, 9996.10095, 87710.2205, 0.416172574, 100920.858, -6165.05533, -2040.01609, -10669.6371, 87493.2534, 9774.15587, 100352.2, 0, 1.22788107e-08, 1.22788107e-08, 3.56279772e+09, 2.69773907e+10, 2.33998604e+10, 0.27, 3.332, 14732549.6, -8205.07142, 97267.4093, 0, 9.02585143e+14, 0, 0, 2e+18, 1.16325869e+18
1.5396875, 0, 0, 1.5e+15, 0, 4.02354557e-21, 3.718e+18, 6.44e+20, 4.85, 4, 370.321906, 117.195909, 1.28078819, 35200.272, 0, 1.29711045e+17, 1.31771281e+18, 94825.1069, -368.052017, -372.650236, 1.5e+15, 1.21100826e+28, -6684.42227, 34531.984, 304.888179, 117.19603, 117.195909, 1.28078819, 1.28078819, 1.5e+15, 9527.72143, 85377.9103, 0.409227298, 97839.8264, -6019.10647, -1889.65309, -10159.1575, 85165.4516, 9328.39138, 97308.7565, 0, 1.22785956e-08, 1.22785956e-08, 3.29724252e+09, 2.67707593e+10, 2.34603623e+10, 0.27, 3.332, 13154431.7, -7908.75956, 94493.8429, 0, 8.94621978e+14, 0, 0, 2e+18, 1.16416108e+18
1.55857103, 0, 0, 1.5e+15, 0, 4.02171382e-21, 3.718e+18, 6.44e+20, 4.85, 4, 370.258797, 117.195931, 1.28078819, 34548.5411, 0, 1.30319524e+17, 1.3182309e+18, 93355.4166, -367.988783, -372.587138, 1.5e+15, 1.21669598e+28, -6541.76238, 33893.0774, 304.88667, 117.19603, 117.195931, 1.28078819, 1.28078819, 1.5e+15, 9354.22313, 84080.5748, 0.40681307, 96267.5854, -5937.14702, -1849.74397, -9978.13962, 83870.6589, 9158.52663, 95746.5825, 0, 1.22785093e-08, 1.22785093e-08, 3.1853052e+09, 2.66716501e+10, 2.34735579e+10, 0.27, 3.332, 12787023.1, -7786.89099, 93029.1855, 0, 8.92834096e+14, 0, 0, 2e+18, 1.16435047e+18
1.6057813, 0, 0, 1.5e+15, 0, 4.01736004e-21, 3.718e+18, 6.44e+20, 4.85, 4, 370.101298, 117.195986, 1.28078819, 32888.0623, 0, 1.32859359e+17, 1.32032742e+18, 90511.5201, -367.83077, -372.429684, 1.5e+15, 1.23845888e+28, -6049.93934, 32300.5827, 304.883096, 117.19603, 117.195986, 1.28078819, 1.28078819, 1.5e+15, 8919.91476, 81660.8987, 0.40035614, 93162.8247, -5779.42897, -1714.99907, -9496.23161, 81456.0986, 8743.85286, 92675.7708, 0, 1.22783049e-08, 1.22783049e-08, 2.94335831e+09, 2.64826007e+10, 2.35278611e+10, 0.27, 3.332, 11381268.8, -7494.42803, 90199.9514, 0, 8.85854889e+14, 0, 0, 2e+18, 1.16515784e+18
1.6246648, 0, 0, 1.5e+15, 0, 4.01563743e-21, 3.718e+18, 6.44e+20, 4.85, 4, 370.04225, 117.195986, 1.28078819, 32286.8302, 0, 1.33398811e+17, 1.32078903e+18, 89090.2014, -367.771613, -372.370645, 1.5e+15, 1.24344765e+28, -5922.00006, 31710.3659, 304.881676, 117.19603, 117.195986, 1.28078819, 1.28078819, 1.5e+15, 8759.315, 80399.3031, 0.398128846, 91649.876, -5693.96497, -1678.87575, -9322.48138, 80197.3887, 8586.39289, 91172.4253, 0, 1.22782237e-08, 1.22782237e-08, 2.84389028e+09, 2.63945843e+10, 2.35396191e+10, 0.27, 3.332, 11074924.1, -7372.84072, 88783.7816, 0, 8.84307209e+14, 0, 0, 2e+18, 1.16532633e+18
1.671875, 0, 0, 1.5e+15, 0, 4.0115327e-21, 3.718e+18, 6.44e+20, 4.85, 4, 369.894875, 117.195986, 1.28078819, 30756.9722, 0, 1.35653748e+17, 1.3226698e+18, 86234.5469, -367.62379, -372.22331, 1.5e+15, 1.26276688e+28, -5482.85464, 30239.398, 304.878301, 117.19603, 117.195986, 1.28078819, 1.28078819, 1.5e+15, 8356.95339, 77937.4749, 0.392147755, 88561.4153, -5517.97845, -1557.24718, -8857.18125, 77741.8568, 8201.28885, 88115.9068, 0, 1.22780308e-08, 1.22780308e-08, 2.624884e+09, 2.6222981e+10, 2.35882913e+10, 0.27, 3.332, 9805628.97, -7075.22563, 85943.1457, 0, 8.78205893e+14, 0, 0, 2e+18, 1.1660482e+18
1.69075853, 0, 0, 1.5e+15, 0, 4.00988271e-21, 3.718e+18, 6.44e+20, 4.85, 4, 369.839568, 117.195994, 1.28078819, 30201.5712, 0, 1.36125989e+17, 1.32307406e+18, 84867.6996, -367.568391, -372.168012, 1.5e+15, 1.26709456e+28, -5369.77606, 29693.2559, 304.876939, 117.19603, 117.195994, 1.28078819, 1.28078819, 1.5e+15, 8208.13023, 76718.8032, 0.390096688, 87112.6784, -5437.94311, -1525.57617, -8700.33391, 76525.788, 8055.05924, 86675.4583, 0, 1.22779528e-08, 1.22779528e-08, 2.5366509e+09, 2.61447949e+10, 2.35985873e+10, 0.27, 3.332, 9556744.67, -6963.51928, 84580.8472, 0, 8.76878799e+14, 0, 0, 2e+18, 1.16619532e+18
1.7379688, 0, 0, 1.5e+15, 0, 4.00593348e-21, 3.718e+18, 6.44e+20, 4.85, 4, 369.701517, 117.196013, 1.28078819, 28790.4763, 0, 1.38101505e+17, 1.32473036e+18, 82035.1122, -367.429955, -372.029996, 1.5e+15, 1.2840226e+28, -4983.16407, 28332.0522, 304.873688, 117.19603, 117.196013, 1.28078819, 1.28078819, 1.5e+15, 7835.2811, 74251.9912, 0.384567461, 84072.3723, -5269.66446, -1419.09409, -8280.02005, 74064.7174, 7696.66809, 83662.4052, 0, 1.2277767e-08, 1.2277767e-08, 2.33925372e+09, 2.59891312e+10, 2.36414027e+10, 0.27, 3.332, 8474808.24, -6688.75854, 81761.3855, 0, 8.71604741e+14, 0, 0, 2e+18, 1.16682792e+18
1.7568523, 0, 0, 1.5e+15, 0, 4.00440166e-21, 3.718e+18, 6.44e+20, 4.85, 4, 369.64969, 117.196013, 1.28078819, 28275.6727, 0, 1.38522258e+17, 1.32509489e+18, 80725.2277, -367.378046, -371.978177, 1.5e+15, 1.28784538e+28, -4881.70546, 27825.1777, 304.872421, 117.19603, 117.196013, 1.28078819, 1.28078819, 1.5e+15, 7696.9507, 73079.9624, 0.382680993, 82688.996, -5189.27386, -1390.3366, -8130.8184, 72895.4386, 7560.57747, 82286.8664, 0, 1.22776945e-08, 1.22776945e-08, 2.26096642e+09, 2.59199296e+10, 2.36507027e+10, 0.27, 3.332, 8260515.86, -6579.61046, 80456.0161, 0, 8.70443479e+14, 0, 0, 2e+18, 1.16696082e+18
1.8040625, 0, 0, 1.5e+15, 0, 4.00072733e-21, 3.718e+18, 6.44e+20, 4.85, 4, 369.520316, 117.196013, 1.28078819, 26968.6495, 0, 1.40282685e+17, 1.32659281e+18, 77940.0167, -367.248336, -371.848835, 1.5e+15, 1.3029201e+28, -4536.56635, 26561.2869, 304.869392, 117.19603, 117.196013, 1.28078819, 1.28078819, 1.5e+15, 7349.93776, 70635.7548, 0.377576599, 79717.404, -5012.65311, -1293.99264, -7728.74137, 70457.6156, 7226.30615, 79340.8304, 0, 1.22775213e-08, 1.22775213e-08, 2.08333613e+09, 2.57800469e+10, 2.36894509e+10, 0.27, 3.332, 7259792.53, -6306.64575, 77683.9218, 0, 8.65799366e+14, 0, 0, 2e+18, 1.16753271e+18
1.82294603, 0, 0, 1.5e+15, 0, 3.99926686e-21, 3.718e+18, 6.44e+20, 4.85, 4, 369.471711, 117.196016, 1.28078819, 26491.7582, 0, 1.40654061e+17, 1.32691703e+18, 76691.0545, -367.199659, -371.800237, 1.5e+15, 1.30626967e+28, -4445.52435, 26091.1774, 304.868182, 117.19603, 117.196016, 1.28078819, 1.28078819, 1.5e+15, 7221.49923, 69514.9025, 0.375845861, 78402.8141, -4935.71775, -1268.30209, -7590.98824, 69339.3963, 7099.75537, 78033.3049, 0, 1.22774521e-08, 1.22774521e-08, 2.01405423e+09, 2.57188747e+10, 2.36977333e+10, 0.27, 3.332, 7087175.9, -6204.01984, 76439.1517, 0, 8.6479032e+14, 0, 0, 2e+18, 1.16765087e+18
1.8701563, 0, 0, 1.5e+15, 0, 3.99575214e-21, 3.718e+18, 6.44e+20, 4.85, 4, 369.350369, 117.196023, 1.28078819, 25282.1341, 0, 1.42208353e+17, 1.32825327e+18, 73978.3639, -367.078023, -371.678923, 1.5e+15, 1.31957422e+28, -4137.65247, 24918.8326, 304.865282, 117.19603, 117.196023, 1.28078819, 1.28078819, 1.5e+15, 6899.18394, 67119.4807, 0.371146211, 75523.8935, -4763.09766, -1182.58788, -7219.57203, 66950.1977, 6788.38543, 75177.1624, 0, 1.22772863e-08, 1.22772863e-08, 1.85497961e+09, 2.55935165e+10, 2.37323112e+10, 0.27, 3.332, 6225634.04, -5945.68553, 73738.5832, 0, 8.60732356e+14, 0, 0, 2e+18, 1.16815989e+18
1.8890398, 0, 0, 1.5e+15, 0, 3.99440631e-21, 3.718e+18, 6.44e+20, 4.85, 4, 369.304758, 117.196023, 1.28078819, 24840.5754, 0, 1.4253888e+17, 1.32854675e+18, 72792.1653, -367.03235, -371.633319, 1.5e+15, 1.32253413e+28, -4055.34888, 24483.1206, 304.864167, 117.19603, 117.196023, 1.28078819, 1.28078819, 1.5e+15, 6780.02289, 66052.2312, 0.369563026, 74279.1572, -4685.96697, -1159.07381, -7087.74171, 65885.7387, 6670.86067, 73939.2173, 0, 1.22772224e-08, 1.22772224e-08, 1.7937796e+09, 2.55396924e+10, 2.37398259e+10, 0.27, 3.332, 6086927.77, -5845.04078, 72556.5994, 0, 8.5984666e+14, 0, 0, 2e+18, 1.16826719e+18
1.93625, 0, 0, 1.5e+15, 0, 3.99116369e-21, 3.718e+18, 6.44e+20, 4.85, 4, 369.190886, 117.196023, 1.28078819, 23721.4525, 0, 1.43922671e+17, 1.3297581e+18, 70168.1475, -366.918221, -371.519473, 1.5e+15, 1.33436637e+28, -3778.92907, 23396.5782, 304.861487, 117.19603, 117.196023, 1.28078819, 1.28078819, 1.5e+15, 6480.72075, 63723.2083, 0.365249063, 71506.9977, -4507.25754, -1081.07161, -6730.96105, 63563.5275, 6381.31916, 71188.7699, 0, 1.22770692e-08, 1.22770692e-08, 1.65178623e+09, 2.54283315e+10, 2.37712213e+10, 0.27, 3.332, 5323891.07, -5588.32915, 69944.8467, 0, 8.56267233e+14, 0, 0, 2e+18, 1.16872929e+18
1.95513353, 0, 0, 1.5e+15, 0, 3.98984476e-21, 3.718e+18, 6.44e+20, 4.85, 4, 369.14804, 117.196024, 1.28078819, 23312.3827, 0, 1.44209314e+17, 1.33001326e+18, 69044.3915, -366.875322, -371.476633, 1.5e+15, 1.33691971e+28, -3705.8892, 22992.4141, 304.860392, 117.19603, 117.196024, 1.28078819, 1.28078819, 1.5e+15, 6370.1122, 62709.9489, 0.363803675, 70331.0858, -4436.58084, -1060.46364, -6612.71819, 62552.7298, 6272.04605, 70018.7046, 0, 1.22770066e-08, 1.22770066e-08, 1.59775918e+09, 2.53807383e+10, 2.3777762e+10, 0.27, 3.332, 5217038.33, -5497.04448, 68824.7759, 0, 8.55508027e+14, 0, 0, 2e+18, 1.16882237e+18
2.0023438, 0, 0, 1.5e+15, 0, 3.98665847e-21, 3.718e+18, 6.44e+20, 4.85, 4, 369.041062, 117.196027, 1.28078819, 22276.9051, 0, 1.45410242e+17, 1.33106991e+18, 66519.3618, -366.768121, -371.369678, 1.5e+15, 1.34718787e+28, -3462.1376, 21984.5973, 304.857757, 117.19603, 117.196027, 1.28078819, 1.28078819, 1.5e+15, 6092.40878, 60459.0893, 0.359851295, 67674.2593, -4271.53722, -992.426522, -6293.36034, 60307.9138, 6002.46559, 67380.3756, 0, 1.22768559e-08, 1.22768559e-08, 1.47127633e+09, 2.52810185e+10, 2.38051569e+10, 0.27, 3.332, 4585217.07, -5263.96374, 66310.3794, 0, 8.52425598e+14, 0, 0, 2e+18, 1.16922412e+18
2.0212273, 0, 0, 1.5e+15, 0, 3.98545565e-21, 3.718e+18, 6.44e+20, 4.85, 4, 369.000795, 117.196027, 1.28078819, 21896.5001, 0, 1.45666963e+17, 1.331303e+18, 65455.0448, -366.727807, -371.329416, 1.5e+15, 1.34946094e+28, -3396.30243, 21608.3813, 304.856758, 117.19603, 117.196027, 1.28078819, 1.28078819, 1.5e+15, 5989.37812, 59497.7687, 0.358533027, 66563.2202, -4202.96995, -973.616722, -6181.93559, 59349.0396, 5900.57763, 66274.8221, 0, 1.22767987e-08, 1.22767987e-08, 1.42348101e+09, 2.52391263e+10, 2.38111502e+10, 0.27, 3.332, 4495105.56, -5176.58667, 65249.6173, 0, 8.51752786e+14, 0, 0, 2e+18, 1.16930962e+18
2.0684375, 0, 0, 1.5e+15, 0, 3.98254416e-21, 3.718e+18, 6.44e+20, 4.85, 4, 368.900251, 117.196027, 1.28078819, 20933.9458, 0, 1.46741246e+17, 1.33226648e+18, 63031.3896, -366.627066, -371.228892, 1.5e+15, 1.35863393e+28, -3177.95878, 20669.8592, 304.854347, 117.19603, 117.196027, 1.28078819, 1.28078819, 1.5e+15, 5730.40741, 57330.0589, 0.354915232, 64021.4873, -4039.35364, -911.818744, -5879.89072, 57187.4728, 5648.81686, 63750.3718, 0, 1.22766609e-08, 1.22766609e-08, 1.31067262e+09, 2.51507739e+10, 2.38361829e+10, 0.27, 3.332, 3918402.67, -4951.17239, 62836.2896, 0, 8.49015086e+14, 0, 0, 2e+18, 1.16967709e+18
2.08732103, 0, 0, 1.5e+15, 0, 3.98137746e-21, 3.718e+18, 6.44e+20, 4.85, 4, 368.862379, 117.196028, 1.28078819, 20580.2419, 0, 1.46967622e+17, 1.33247401e+18, 62025.687, -366.589152, -371.191025, 1.5e+15, 1.36062919e+28, -3118.66265, 20319.7177, 304.853377, 117.19603, 117.196028, 1.28078819, 1.28078819, 1.5e+15, 5634.47413, 56420.3205, 0.353715662, 62974.1308, -3975.26664, -894.990254, -5777.80803, 56279.99, 5553.83107, 62707.9218, 0, 1.22766055e-08, 1.22766055e-08, 1.26842751e+09, 2.51138065e+10, 2.38415302e+10, 0.27, 3.332, 3848820.7, -4870.2569, 61833.8211, 0, 8.48426999e+14, 0, 0, 2e+18, 1.16975326e+18
2.1345313, 0, 0, 1.5e+15, 0, 3.97854844e-21, 3.718e+18, 6.44e+20, 4.85, 4, 368.767808, 117.196029, 1.28078819, 19685.8432, 0, 1.47914625e+17, 1.33333204e+18, 59709.7339, -366.49441, -371.096472, 1.5e+15, 1.36871084e+28, -2923.29169, 19446.1693, 304.851032, 117.19603, 117.196029, 1.28078819, 1.28078819, 1.5e+15, 5393.31046, 54342.9964, 0.35041156, 60553.0068, -3820.88445, -840.007465, -5501.30934, 54208.3821, 5318.85138, 60302.1308, 0, 1.22764714e-08, 1.22764714e-08, 1.16803819e+09, 2.50352485e+10, 2.38638527e+10, 0.27, 3.332, 3357607.24, -4660.89191, 59527.2334, 0, 8.46028071e+14, 0, 0, 2e+18, 1.17008029e+18
2.1534148, 0, 0, 1.5e+15, 0, 3.97749078e-21, 3.718e+18, 6.44e+20, 4.85, 4, 368.73217, 117.196029, 1.28078819, 19356.8696, 0, 1.48118471e+17, 1.33352332e+18, 58761.0044, -366.458735, -371.060839, 1.5e+15, 1.37049792e+28, -2869.36225, 19120.2509, 304.850151, 117.19603, 117.196029, 1.28078819, 1.28078819, 1.5e+15, 5303.9842, 53483.6791, 0.349322981, 59567.185, -3758.57351, -824.517726, -5404.54694, 53351.3263, 5230.33238, 59320.9751, 0, 1.2276421e-08, 1.2276421e-08, 1.1307089e+09, 2.50028096e+10, 2.3868797e+10, 0.27, 3.332, 3303748.21, -4583.09124, 58581.6587, 0, 8.45502871e+14, 0, 0, 2e+18, 1.17015096e+18
2.200625, 0, 0, 1.5e+15, 0, 3.97492052e-21, 3.718e+18, 6.44e+20, 4.85, 4, 368.643177, 117.196029, 1.28078819, 18525.3226, 0, 1.48969843e+17, 1.33431135e+18, 56554.7746, -366.369588, -370.971862, 1.5e+15, 1.37775149e+28, -2692.84985, 18307.0871, 304.848019, 117.19603, 117.196029, 1.28078819, 1.28078819, 1.5e+15, 5079.23215, 51500.0108, 0.346313209, 57267.3557, -3605.84069, -774.192987, -5141.68436, 51373.4783, 5011.14768, 57035.6748, 0, 1.22762991e-08, 1.22762991e-08, 1.04146258e+09, 2.49336799e+10, 2.38893486e+10, 0.27, 3.332, 2868780.26, -4380.03367, 56384.6259, 0, 8.43358362e+14, 0, 0, 2e+18, 1.17045259e+18
2.21950853, 0, 0, 1.5e+15, 0, 3.97387517e-21, 3.718e+18, 6.44e+20, 4.85, 4, 368.609613, 117.196029, 1.28078819, 18219.2953, 0, 1.49147817e+17, 1.33447953e+18, 55660.7869, -366.335992, -370.938302, 1.5e+15, 1.37930642e+28, -2644.58999, 18003.614, 304.847147, 117.19603, 117.196029, 1.28078819, 1.28078819, 1.5e+15, 4996.03897, 50689.3459, 0.345327628, 56340.4119, -3548.89014, -760.483006, -5054.5148, 50564.8112, 4928.60372, 56112.7889, 0, 1.22762493e-08, 1.22762493e-08, 1.00847965e+09, 2.49050151e+10, 2.38937054e+10, 0.27, 3.332, 2830001.66, -4309.37315, 55493.4149, 0, 8.42902746e+14, 0, 0, 2e+18, 1.17051471e+18
2.2667188, 0, 0, 1.5e+15, 0, 3.97133364e-21, 3.718e+18, 6.44e+20, 4.85, 4, 368.525792, 117.196029, 1.28078819, 17446.4412, 0, 1.49891188e+17, 1.3351729e+18, 53564.1307, -366.252038, -370.854496, 1.5e+15, 1.38563746e+28, -2487.65164, 17246.5272, 304.845037, 117.19603, 117.196029, 1.28078819, 1.28078819, 1.5e+15, 4786.8036, 48800.1204, 0.342591657, 54160.6953, -3408.75487, -716.201451, -4818.29943, 48680.758, 4724.04614, 53945.6017, 0, 1.22761285e-08, 1.22761285e-08, 929215329, 2.48434978e+10, 2.39118133e+10, 0.27, 3.332, 2469157.42, -4124.95632, 53404.8041, 0, 8.4103853e+14, 0, 0, 2e+18, 1.17077983e+18
2.2856023, 0, 0, 1.5e+15, 0, 3.97037814e-21, 3.718e+18, 6.44e+20, 4.85, 4, 368.494166, 117.196029, 1.28078819, 17160.8651, 0, 1.50051881e+17, 1.33532812e+18, 52721.0544, -366.220383, -370.822874, 1.5e+15, 1.38703502e+28, -2444.05212, 16963.1003, 304.84424, 117.19603, 117.196029, 1.28078819, 1.28078819, 1.5e+15, 4709.09613, 48034.9205, 0.341700427, 53288.194, -3354.97535, -703.692256, -4737.22473, 47917.445, 4646.8741, 53076.8331, 0, 1.2276083e-08, 1.2276083e-08, 900004803, 2.48182896e+10, 2.39158468e+10, 0.27, 3.332, 2437904.03, -4058.66761, 52564.3191, 0, 8.40629753e+14, 0, 0, 2e+18, 1.17083756e+18
2.3328125, 0, 0, 1.5e+15, 0, 3.96804947e-21, 3.718e+18, 6.44e+20, 4.85, 4, 368.415183, 117.196029, 1.28078819, 16439.8659, 0, 1.50721096e+17, 1.33596449e+18, 50729.0841, -366.141281, -370.743906, 1.5e+15, 1.39272539e+28, -2303.01546, 16255.8335, 304.842305, 117.19603, 117.196029, 1.28078819, 1.28078819, 1.5e+15, 4513.50891, 46236.9861, 0.339215711, 51222.0473, -3221.06219, -663.455214, -4516.90817, 46124.4669, 4455.43343, 51022.2034, 0, 1.22759723e-08, 1.22759723e-08, 829470540, 2.47640888e+10, 2.39325056e+10, 0.27, 3.332, 2112625.95, -3884.5174, 50579.9004, 0, 8.3895883e+14, 0, 0, 2e+18, 1.17108196e+18
2.35169603, 0, 0, 1.5e+15, 0, 3.96711942e-21, 3.718e+18, 6.44e+20, 4.85, 4, 368.385366, 117.196029, 1.28078819, 16173.0844, 0, 1.50864532e+17, 1.33610472e+18, 49934.3249, -366.111438, -370.714092, 1.5e+15, 1.3939688e+28, -2263.72709, 15990.8429, 304.841529, 117.19603, 117.196029, 1.28078819, 1.28078819, 1.5e+15, 4440.85307, 45515.0841, 0.338411136, 50401.0984, -3171.99904, -652.254241, -4443.54952, 45404.2196, 4383.20268, 50204.5202, 0, 1.22759279e-08, 1.22759279e-08, 803583466, 2.47418318e+10, 2.39361595e+10, 0.27, 3.332, 2088842.71, -3824.25327, 49787.4223, 0, 8.3859576e+14, 0, 0, 2e+18, 1.17113425e+18
2.3989063, 0, 0, 1.5e+15, 0, 3.96485131e-21, 3.718e+18, 6.44e+20, 4.85, 4, 368.310895, 117.19603, 1.28078819, 15499.8787, 0, 1.51460714e+17, 1.33667795e+18, 48045.1404, -366.036861, -370.639633, 1.5e+15, 1.39903415e+28, -2137.25743, 15329.5309, 304.839643, 117.19603, 117.19603, 1.28078819, 1.28078819, 1.5e+15, 4257.98532, 43807.4615, 0.336157818, 48445.9163, -3049.35718, -616.379785, -4244.34508, 43700.9926, 4203.87822, 48259.3732, 0, 1.22758201e-08, 1.22758201e-08, 740830114, 2.46938302e+10, 2.39511923e+10, 0.27, 3.332, 1807704.48, -3665.73696, 47904.8708, 0, 8.37112375e+14, 0, 0, 2e+18, 1.17135464e+18
2.4177898, 0, 0, 1.5e+15, 0, 3.96395275e-21, 3.718e+18, 6.44e+20, 4.85, 4, 368.282773, 117.19603, 1.28078819, 15227.7984, 0, 1.51593397e+17, 1.33681072e+18, 47162.3589, -366.008715, -370.611514, 1.5e+15, 1.40017973e+28, -2099.30874, 15059.0279, 304.838892, 117.19603, 117.19603, 1.28078819, 1.28078819, 1.5e+15, 4177.83684, 43005.0724, 0.335227857, 47536.0838, -3003.86506, -606.074521, -4176.62829, 42899.7582, 4124.06323, 47352.0324, 0, 1.22757771e-08, 1.22757771e-08, 713956281, 2.46704171e+10, 2.39546634e+10, 0.27, 3.332, 1797411.16, -3609.93958, 47023.8214, 0, 8.3677809e+14, 0, 0, 2e+18, 1.17140448e+18
2.465, 0, 0, 1.5e+15, 0, 3.96175321e-21, 3.718e+18, 6.44e+20, 4.85, 4, 368.212534, 117.19603, 1.28078819, 14541.5676, 0, 1.52143194e+17, 1.33735004e+18, 45053.084, -365.938379, -370.541287, 1.5e+15, 1.40484341e+28, -1978.30595, 14383.5396, 304.837062, 117.19603, 117.19603, 1.28078819, 1.28078819, 1.5e+15, 3976.73078, 41095.9492, 0.332631723, 45358.78, -2889.72116, -573.199001, -3992.75967, 40993.9872, 3925.60693, 45182.4737, 0, 1.22756725e-08, 1.22756725e-08, 648556534, 2.46189773e+10, 2.39688417e+10, 0.27, 3.332, 1579103.96, -3462.92016, 44919.5941, 0, 8.35414663e+14, 0, 0, 2e+18, 1.17161257e+18
2.49075838, 0, 0, 1.5e+15, 0, 3.96070679e-21, 3.718e+18, 6.44e+20, 4.85, 4, 368.176739, 117.19603, 1.28078819, 14249.2882, 0, 1.52291295e+17, 1.33750193e+18, 44231.8102, -365.902558, -370.505496, 1.5e+15, 1.40611729e+28, -1934.99949, 14092.8872, 304.836187, 117.19603, 117.19603, 1.28078819, 1.28078819, 1.5e+15, 3902.97267, 40348.7805, 0.331757947, 44513.7728, -2822.39109, -559.928144, -3897.64459, 40249.7741, 3852.2111, 44342.4378, 0, 1.22756225e-08, 1.22756225e-08, 625295839, 2.45996907e+10, 2.39728248e+10, 0.27, 3.332, 1570039.43, -3382.31923, 44101.9852, 0, 8.35043101e+14, 0, 0, 2e+18, 1.17166989e+18
2.5551563, 0, 0, 1.5e+15, 0, 3.95814997e-21, 3.718e+18, 6.44e+20, 4.85, 4, 368.087337, 117.19603, 1.28078819, 13511.1786, 0, 1.52912281e+17, 1.33812393e+18, 42255.9387, -365.813047, -370.416107, 1.5e+15, 1.41137378e+28, -1799.18765, 13367.3082, 304.834057, 117.19603, 117.19603, 1.28078819, 1.28078819, 1.5e+15, 3715.923, 38558.5602, 0.329319871, 42477.9991, -2650.12414, -518.505987, -3639.98246, 38467.1033, 3669.68096, 42321.5638, 0, 1.22755007e-08, 1.22755007e-08, 568427816, 2.45589155e+10, 2.39892315e+10, 0.27, 3.332, 1256240.08, -3168.63013, 42136.7842, 0, 8.33508734e+14, 0, 0, 2e+18, 1.17191151e+18
2.58091465, 0, 0, 1.5e+15, 0, 3.95711946e-21, 3.718e+18, 6.44e+20, 4.85, 4, 368.054217, 117.19603, 1.28078819, 13225.0938, 0, 1.53042179e+17, 1.33825883e+18, 41378.6212, -365.779904, -370.38299, 1.5e+15, 1.41248758e+28, -1759.33486, 13082.4815, 304.833194, 117.19603, 117.19603, 1.28078819, 1.28078819, 1.5e+15, 3637.85462, 37759.7098, 0.328378741, 41577.7117, -2593.4712, -507.185811, -3559.68885, 37670.2582, 3591.8216, 41424.8312, 0, 1.22754514e-08, 1.22754514e-08, 545348736, 2.45393822e+10, 2.39927808e+10, 0.27, 3.332, 1252716.16, -3100.65701, 41262.0797, 0, 8.33184128e+14, 0, 0, 2e+18, 1.17196259e+18
2.6453125, 0, 0, 1.5e+15, 0, 3.95459894e-21, 3.718e+18, 6.44e+20, 4.85, 4, 367.971489, 117.19603, 1.28078819, 12503.5036, 0, 1.53584538e+17, 1.33880825e+18, 39255.3928, -365.69708, -370.300274, 1.5e+15, 1.41707489e+28, -1635.06204, 12371.6708, 304.831093, 117.19603, 117.19603, 1.28078819, 1.28078819, 1.5e+15, 3441.03317, 35832.332, 0.325753072, 39396.7261, -2449.34597, -471.988575, -3343.17158, 35748.202, 3398.16886, 39254.457, 0, 1.22753311e-08, 1.22753311e-08, 488766844, 2.44970767e+10, 2.40073013e+10, 0.27, 3.332, 1008552.25, -2921.33455, 39146.3708, 0, 8.31847784e+14, 0, 0, 2e+18, 1.1721762e+18
2.67107088, 0, 0, 1.5e+15, 0, 3.9536396e-21, 3.718e+18, 6.44e+20, 4.85, 4, 367.940831, 117.19603, 1.28078819, 12239.9729, 0, 1.53697807e+17, 1.33892841e+18, 38441.2474, -365.666402, -370.269619, 1.5e+15, 1.41804243e+28, -1600.28307, 12109.0178, 304.830289, 117.19603, 117.19603, 1.28078819, 1.28078819, 1.5e+15, 3369.07893, 35090.5781, 0.324930079, 38562.9882, -2398.61683, -462.063816, -3271.87889, 35008.1674, 3326.31081, 38423.7607, 0, 1.22752852e-08, 1.22752852e-08, 468986872, 2.44804713e+10, 2.40104739e+10, 0.27, 3.332, 1010500.2, -2860.68065, 38334.4782, 0, 8.31565802e+14, 0, 0, 2e+18, 1.17222196e+18
2.7354688, 0, 0, 1.5e+15, 0, 3.95129206e-21, 3.718e+18, 6.44e+20, 4.85, 4, 367.864248, 117.19603, 1.28078819, 11575.457, 0, 1.5416869e+17, 1.33941419e+18, 36460.9419, -365.589737, -370.193048, 1.5e+15, 1.42201892e+28, -1492.37628, 11453.3016, 304.82833, 117.19603, 117.19603, 1.28078819, 1.28078819, 1.5e+15, 3187.58961, 33291.0151, 0.322619702, 36533.4129, -2268.88019, -431.3537, -3079.54301, 33213.247, 3147.41202, 36403.2471, 0, 1.22751732e-08, 1.22751732e-08, 420325436, 2.44444811e+10, 2.40233469e+10, 0.27, 3.332, 808803.577, -2700.23388, 36360.659, 0, 8.3040861e+14, 0, 0, 2e+18, 1.17241154e+18
2.76122715, 0, 0, 1.5e+15, 0, 3.95040427e-21, 3.718e+18, 6.44e+20, 4.85, 4, 367.835865, 117.19603, 1.28078819, 11332.2099, 0, 1.54269154e+17, 1.33952325e+18, 35704.6698, -365.561336, -370.164667, 1.5e+15, 1.42287382e+28, -1461.48006, 11210.6268, 304.827586, 117.19603, 117.19603, 1.28078819, 1.28078819, 1.5e+15, 3121.14938, 32601.6614, 0.321902382, 35760.5073, -2222.65595, -422.502632, -3015.14981, 32525.4182, 3080.97207, 35633.0237, 0, 1.22751306e-08, 1.22751306e-08, 403344936, 2.44303951e+10, 2.4026236e+10, 0.27, 3.332, 814233.044, -2645.15858, 35606.3903, 0, 8.30159358e+14, 0, 0, 2e+18, 1.17245335e+18
2.825625, 0, 0, 1.5e+15, 0, 3.94823043e-21, 3.718e+18, 6.44e+20, 4.85, 4, 367.764961, 117.19603, 1.28078819, 10718.8811, 0, 1.54684663e+17, 1.33996047e+18, 33857.6208, -365.49036, -370.093773, 1.5e+15, 1.42637625e+28, -1366.12291, 10604.6807, 304.825771, 117.19603, 117.19603, 1.28078819, 1.28078819, 1.5e+15, 2953.45087, 30921.7325, 0.319874624, 33871.6271, -2103.74636, -395.244125, -2841.24673, 30849.6746, 2915.44893, 33752.1286, 0, 1.22750268e-08, 1.22750268e-08, 361453617, 2.43999483e+10, 2.40378527e+10, 0.27, 3.332, 641984.161, -2498.99049, 33765.1235, 0, 8.29140672e+14, 0, 0, 2e+18, 1.17262476e+18
2.85138338, 0, 0, 1.5e+15, 0, 3.9474036e-21, 3.718e+18, 6.44e+20, 4.85, 4, 367.738679, 117.19603, 1.28078819, 10494.1312, 0, 1.54773922e+17, 1.34005951e+18, 33154.8724, -365.464062, -370.067493, 1.5e+15, 1.42713311e+28, -1338.50611, 10380.2388, 304.825077, 117.19603, 117.19603, 1.28078819, 1.28078819, 1.5e+15, 2892.04832, 30280.9057, 0.319252678, 33154.8705, -2061.64601, -387.336349, -2783.0706, 30210.1944, 2853.9608, 33037.736, 0, 1.22749872e-08, 1.22749872e-08, 346866119, 2.43880011e+10, 2.40404848e+10, 0.27, 3.332, 650174.038, -2448.98236, 33064.1552, 0, 8.28919848e+14, 0, 0, 2e+18, 1.17266296e+18
2.9157813, 0, 0, 1.5e+15, 0, 3.94537813e-21, 3.718e+18, 6.44e+20, 4.85, 4, 367.673024, 117.19603, 1.28078819, 9927.43272, 0, 1.55141318e+17, 1.34045347e+18, 31432.6475, -365.398343, -370.001846, 1.5e+15, 1.43022446e+28, -1253.73609, 9819.76392, 304.823384, 117.19603, 117.19603, 1.28078819, 1.28078819, 1.5e+15, 2736.96619, 28713.3305, 0.317480489, 31397.4184, -1952.87167, -363.106724, -2625.92801, 28646.3796, 2700.69195, 31287.3092, 0, 1.22748904e-08, 1.22748904e-08, 310793177, 2.43622759e+10, 2.40509789e+10, 0.27, 3.332, 503859.025, -2315.9784, 31347.0715, 0, 8.28020917e+14, 0, 0, 2e+18, 1.17281809e+18
2.94153965, 0, 0, 1.5e+15, 0, 3.94460806e-21, 3.718e+18, 6.44e+20, 4.85, 4, 367.648687, 117.19603, 1.28078819, 9719.50945, 0, 1.5522116e+17, 1.34054404e+18, 30779.1534, -365.373993, -369.977512, 1.5e+15, 1.43089913e+28, -1228.88455, 9611.91288, 304.822738, 117.19603, 117.19603, 1.28078819, 1.28078819, 1.5e+15, 2680.15693, 28117.2089, 0.316944999, 30732.2193, -1914.14759, -355.972193, -2572.83662, 28051.4706, 2643.71745, 30624.2322, 0, 1.22748534e-08, 1.22748534e-08, 298249051, 2.43521563e+10, 2.40533932e+10, 0.27, 3.332, 514038.633, -2270.11978, 30695.188, 0, 8.2782388e+14, 0, 0, 2e+18, 1.17285325e+18
3.0059375, 0, 0, 1.5e+15, 0, 3.94272108e-21, 3.718e+18, 6.44e+20, 4.85, 4, 367.587891, 117.19603, 1.28078819, 9195.14815, 0, 1.55548403e+17, 1.34090168e+18, 29172.8857, -365.313139, -369.916724, 1.5e+15, 1.43364745e+28, -1153.04268, 9092.82494, 304.82116, 117.19603, 117.19603, 1.28078819, 1.28078819, 1.5e+15, 2536.54592, 26654.2406, 0.315404774, 29096.5123, -1813.70841, -334.233376, -2429.4385, 26591.94, 2501.63354, 28994.8179, 0, 1.22747632e-08, 1.22747632e-08, 267164715, 2.43304963e+10, 2.40629435e+10, 0.27, 3.332, 388057.799, -2147.94179, 29093.5735, 0, 8.27024609e+14, 0, 0, 2e+18, 1.17299474e+18
3.03169588, 0, 0, 1.5e+15, 0, 3.94199978e-21, 3.718e+18, 6.44e+20, 4.85, 4, 367.565357, 117.19603, 1.28078819, 9002.54126, 0, 1.55619807e+17, 1.34098438e+18, 28564.6462, -365.290593, -369.894192, 1.5e+15, 1.43424888e+28, -1130.63642, 8900.074, 304.820554, 117.19603, 117.19603, 1.28078819, 1.28078819, 1.5e+15, 2483.92239, 26099.2333, 0.31494792, 28478.6005, -1778.22195, -327.806475, -2381.1246, 26038.0097, 2448.77012, 28378.7972, 0, 1.22747286e-08, 1.22747286e-08, 256367103, 2.43219212e+10, 2.40651545e+10, 0.27, 3.332, 399566.824, -2106.02843, 28486.7798, 0, 8.2684875e+14, 0, 0, 2e+18, 1.17302703e+18
3.0960938, 0, 0, 1.5e+15, 0, 3.94023208e-21, 3.718e+18, 6.44e+20, 4.85, 4, 367.509062, 117.19603, 1.28078819, 8516.70252, 0, 1.55911222e+17, 1.34130858e+18, 27065.7775, -365.234248, -369.837905, 1.5e+15, 1.43669191e+28, -1062.65072, 8418.67071, 304.819075, 117.19603, 117.19603, 1.28078819, 1.28078819, 1.5e+15, 2350.77974, 24733.3078, 0.313618842, 26955.4022, -1685.91622, -308.331387, -2250.70102, 24675.1976, 2316.8867, 26861.1927, 0, 1.2274644e-08, 1.2274644e-08, 229562438, 2.43036868e+10, 2.40738331e+10, 0.27, 3.332, 291309.895, -1994.2476, 26992.0843, 0, 8.26138027e+14, 0, 0, 2e+18, 1.17315587e+18
3.12185215, 0, 0, 1.5e+15, 0, 3.9395564e-21, 3.718e+18, 6.44e+20, 4.85, 4, 367.488201, 117.19603, 1.28078819, 8338.00398, 0, 1.55975477e+17, 1.34138456e+18, 26498.9592, -365.213376, -369.817046, 1.5e+15, 1.43723143e+28, -1042.36889, 8239.62541, 304.818507, 117.19603, 117.19603, 1.28078819, 1.28078819, 1.5e+15, 2301.96569, 24215.9625, 0.313233568, 26380.6916, -1653.19706, -302.500879, -2206.443, 24158.8184, 2267.75974, 26288.1865, 0, 1.22746115e-08, 1.22746115e-08, 220257081, 2.42964305e+10, 2.40758698e+10, 0.27, 3.332, 303671.469, -1955.69794, 26426.5781, 0, 8.25980055e+14, 0, 0, 2e+18, 1.17318571e+18
3.18625, 0, 0, 1.5e+15, 0, 3.93790061e-21, 3.718e+18, 6.44e+20, 4.85, 4, 367.436086, 117.19603, 1.28078819, 7887.0953, 0, 1.56236676e+17, 1.34168035e+18, 25099.014, -365.161216, -369.764937, 1.5e+15, 1.4394171e+28, -981.177528, 7792.42807, 304.817121, 117.19603, 117.19603, 1.28078819, 1.28078819, 1.5e+15, 2178.3242, 22939.5568, 0.312096773, 24960.8868, -1567.87139, -284.931023, -2087.03795, 22885.2615, 2145.1546, 24873.411, 0, 1.22745322e-08, 1.22745322e-08, 197119740, 2.42811355e+10, 2.40838062e+10, 0.27, 3.332, 209580.124, -1852.80241, 25030.4161, 0, 8.25343847e+14, 0, 0, 2e+18, 1.17330379e+18
3.21200838, 0, 0, 1.5e+15, 0, 3.93726451e-21, 3.718e+18, 6.44e+20, 4.85, 4, 367.41678, 117.19603, 1.28078819, 7721.04897, 0, 1.56294493e+17, 1.34175003e+18, 24570.1195, -365.1419, -369.745633, 1.5e+15, 1.43990116e+28, -962.814098, 7625.84204, 304.816586, 117.19603, 117.19603, 1.28078819, 1.28078819, 1.5e+15, 2132.97908, 22456.7197, 0.311776693, 24425.6703, -1537.85631, -279.657627, -2046.66713, 22403.2727, 2099.42601, 24339.7135, 0, 1.22745016e-08, 1.22745016e-08, 189091962, 2.42749936e+10, 2.40856793e+10, 0.27, 3.332, 222369.721, -1817.51393, 24502.6988, 0, 8.25201902e+14, 0, 0, 2e+18, 1.17333131e+18
3.2764063, 0, 0, 1.5e+15, 0, 3.9357059e-21, 3.718e+18, 6.44e+20, 4.85, 4, 367.368549, 117.19603, 1.28078819, 7301.91043, 0, 1.56528481e+17, 1.34201942e+18, 23261.2577, -365.093628, -369.697409, 1.5e+15, 1.44185575e+28, -907.704593, 7209.74749, 304.81528, 117.19603, 117.19603, 1.28078819, 1.28078819, 1.5e+15, 2018.00204, 21262.8281, 0.310815073, 23100.8921, -1459.42, -263.847322, -1937.8212, 21211.9576, 1985.26692, 23019.408, 0, 1.2274427e-08, 1.2274427e-08, 169103035, 2.42621673e+10, 2.40929235e+10, 0.27, 3.332, 140814.467, -1723.26733, 23197.2245, 0, 8.2463256e+14, 0, 0, 2e+18, 1.17343931e+18
3.30216465, 0, 0, 1.5e+15, 0, 3.93510695e-21, 3.718e+18, 6.44e+20, 4.85, 4, 367.350693, 117.19603, 1.28078819, 7147.36637, 0, 1.56580804e+17, 1.34208367e+18, 22767.0228, -365.075763, -369.679554, 1.5e+15, 1.44229257e+28, -891.027256, 7054.47534, 304.814776, 117.19603, 117.19603, 1.28078819, 1.28078819, 1.5e+15, 1975.8185, 20811.5493, 0.310554323, 22601.7128, -1431.74933, -259.048443, -1900.79583, 20761.4263, 1942.62776, 22521.5939, 0, 1.22743981e-08, 1.22743981e-08, 162169978, 2.42569787e+10, 2.40946549e+10, 0.27, 3.332, 153769.888, -1690.79778, 22704.0541, 0, 8.24504264e+14, 0, 0, 2e+18, 1.17346481e+18
3.3665625, 0, 0, 1.5e+15, 0, 3.93363978e-21, 3.718e+18, 6.44e+20, 4.85, 4, 367.30608, 117.19603, 1.28078819, 6757.06737, 0, 1.56791698e+17, 1.34233045e+18, 21541.7852, -365.031114, -369.634947, 1.5e+15, 1.44405114e+28, -841.231569, 6666.6226, 304.813546, 117.19603, 117.19603, 1.28078819, 1.28078819, 1.5e+15, 1868.71261, 19693.4976, 0.309752149, 21364.0145, -1359.30682, -244.733245, -1801.03635, 19645.7229, 1836.15087, 21287.9072, 0, 1.22743279e-08, 1.22743279e-08, 144884759, 2.42462726e+10, 2.41013054e+10, 0.27, 3.332, 82367.7353, -1604.04007, 21481.8737, 0, 8.23991585e+14, 0, 0, 2e+18, 1.17356417e+18
3.39232088, 0, 0, 1.5e+15, 0, 3.93307334e-21, 3.718e+18, 6.44e+20, 4.85, 4, 367.289575, 117.19603, 1.28078819, 6613.00754, 0, 1.56839044e+17, 1.34238959e+18, 21079.2729, -365.0146, -369.618443, 1.5e+15, 1.44444538e+28, -826.085512, 6521.64857, 304.813069, 117.19603, 117.19603, 1.28078819, 1.28078819, 1.5e+15, 1829.41438, 19271.1216, 0.309545386, 20897.7782, -1333.91008, -240.379484, -1767.20753, 19223.9878, 1796.32482, 20822.8828, 0, 1.22743006e-08, 1.22743006e-08, 138892137, 2.42418905e+10, 2.41029032e+10, 0.27, 3.332, 95230.9188, -1574.28957, 21020.3126, 0, 8.238756e+14, 0, 0, 2e+18, 1.17358776e+18
3.4567188, 0, 0, 1.5e+15, 0, 3.9316862e-21, 3.718e+18, 6.44e+20, 4.85, 4, 367.248338, 117.19603, 1.28078819, 6248.98712, 0, 1.57028997e+17, 1.34261522e+18, 19930.8993, -364.973331, -369.577211, 1.5e+15, 1.44602675e+28, -781.071639, 6159.50663, 304.811906, 117.19603, 117.19603, 1.28078819, 1.28078819, 1.5e+15, 1729.4986, 18222.8322, 0.308888323, 19740.0038, -1267.31084, -227.449967, -1676.11099, 18177.816, 1696.84758, 19668.6663, 0, 1.2274234e-08, 1.2274234e-08, 123934592, 2.42329635e+10, 2.41089961e+10, 0.27, 3.332, 32847.5891, -1494.7608, 19874.6636, 0, 8.23414152e+14, 0, 0, 2e+18, 1.17367895e+18
3.48247715, 0, 0, 1.5e+15, 0, 3.93115063e-21, 3.718e+18, 6.44e+20, 4.85, 4, 367.233095, 117.19603, 1.28078819, 6114.49066, 0, 1.57072071e+17, 1.34266993e+18, 19497.4067, -364.958081, -369.56197, 1.5e+15, 1.44638453e+28, -767.279931, 6023.90632, 304.811455, 117.19603, 117.19603, 1.28078819, 1.28078819, 1.5e+15, 1692.84039, 17826.9113, 0.30873063, 19303.8652, -1243.89973, -223.477468, -1645.05483, 17782.4416, 1659.58462, 19233.6102, 0, 1.22742082e-08, 1.22742082e-08, 118751109, 2.42292741e+10, 2.41104775e+10, 0.27, 3.332, 45491.7659, -1467.3772, 19442.0262, 0, 8.23308718e+14, 0, 0, 2e+18, 1.17370088e+18
3.546875, 0, 0, 1.5e+15, 0, 3.92983965e-21, 3.718e+18, 6.44e+20, 4.85, 4, 367.195013, 117.19603, 1.28078819, 5774.40058, 0, 1.57244175e+17, 1.34287738e+18, 18419.5986, -364.919969, -369.523892, 1.5e+15, 1.44781495e+28, -726.470902, 5685.16717, 304.810355, 117.19603, 117.19603, 1.28078819, 1.28078819, 1.5e+15, 1599.47702, 16842.7196, 0.308205473, 18219.3568, -1182.4211, -211.732207, -1561.47495, 16800.1716, 1566.48802, 18152.2763, 0, 1.22741454e-08, 1.22741454e-08, 105799743, 2.42218808e+10, 2.41160905e+10, 0.27, 3.332, -9483.70872, -1394.15331, 18366.6596, 0, 8.22890893e+14, 0, 0, 2e+18, 1.17378505e+18
3.57263338, 0, 0, 1.5e+15, 0, 3.92933128e-21, 3.718e+18, 6.44e+20, 4.85, 4, 367.180953, 117.19603, 1.28078819, 5648.64509, 0, 1.57283315e+17, 1.34292785e+18, 18012.6803, -364.905902, -369.509833, 1.5e+15, 1.44813932e+28, -713.921002, 5558.11322, 304.809927, 117.19603, 117.19603, 1.28078819, 1.28078819, 1.5e+15, 1565.23582, 16471.0396, 0.30809233, 17810.7527, -1160.94361, -208.121614, -1533.08706, 16428.9358, 1531.56253, 17744.6231, 0, 1.22741209e-08, 1.22741209e-08, 101314032, 2.42187768e+10, 2.411746e+10, 0.27, 3.332, 2778.8622, -1369.06522, 17960.4983, 0, 8.2279514e+14, 0, 0, 2e+18, 1.17380536e+18
3.6370313, 0, 0, 1.5e+15, 0, 3.92808737e-21, 3.718e+18, 6.44e+20, 4.85, 4, 367.145824, 117.19603, 1.28078819, 5330.41921, 0, 1.57438973e+17, 1.34311799e+18, 16999.7013, -364.870746, -369.474709, 1.5e+15, 1.44943112e+28, -676.933727, 5240.71431, 304.808882, 117.19603, 117.19603, 1.28078819, 1.28078819, 1.5e+15, 1477.87536, 15545.7647, 0.307686944, 16793.4764, -1104.46833, -197.487366, -1456.72337, 15505.3832, 1444.28774, 16730.1365, 0, 1.22740611e-08, 1.22740611e-08, 90095709.5, 2.42126644e+10, 2.41226143e+10, 0.27, 3.332, -45531.8325, -1301.95569, 16949.671, 0, 8.22417404e+14, 0, 0, 2e+18, 1.17388277e+18
3.66278965, 0, 0, 1.5e+15, 0, 3.92760535e-21, 3.718e+18, 6.44e+20, 4.85, 4, 367.132872, 117.19603, 1.28078819, 5212.65881, 0, 1.57474719e+17, 1.34316476e+18, 16617.096, -364.857789, -369.461758, 1.5e+15, 1.44972672e+28, -665.488139, 5121.4486, 304.808476, 117.19603, 117.19603, 1.28078819, 1.28078819, 1.5e+15, 1445.85392, 15196.2756, 0.307614165, 16410.0372, -1084.6856, -194.187857, -1430.66021, 15156.244, 1411.49408, 16347.5346, 0, 1.22740379e-08, 1.22740379e-08, 86212616.9, 2.42100649e+10, 2.4123886e+10, 0.27, 3.332, -33705.1035, -1278.87345, 16567.7381, 0, 8.22329995e+14, 0, 0, 2e+18, 1.17390167e+18
3.7271875, 0, 0, 1.5e+15, 0, 3.92642651e-21, 3.718e+18, 6.44e+20, 4.85, 4, 367.100514, 117.19603, 1.28078819, 4914.38911, 0, 1.57616306e+17, 1.34333998e+18, 15663.5927, -364.825405, -369.429404, 1.5e+15, 1.4509e+28, -631.881794, 4823.49592, 304.807487, 117.19603, 117.19603, 1.28078819, 1.28078819, 1.5e+15, 1363.97675, 14325.0845, 0.30731731, 15454.3662, -1032.61016, -184.50684, -1360.58711, 14286.6039, 1329.53084, 15394.3213, 0, 1.22739813e-08, 1.22739813e-08, 76493040.3, 2.4205061e+10, 2.41286445e+10, 0.27, 3.332, -76508.2727, -1217.117, 15616.1347, 0, 8.21986537e+14, 0, 0, 2e+18, 1.17397325e+18
3.75294588, 0, 0, 1.5e+15, 0, 3.925968e-21, 3.718e+18, 6.44e+20, 4.85, 4, 367.088604, 117.19603, 1.28078819, 4803.95926, 0, 1.57648888e+17, 1.34338316e+18, 15303.2603, -364.813489, -369.417495, 1.5e+15, 1.45116892e+28, -621.453141, 4711.33956, 304.8071, 117.19603, 117.19603, 1.28078819, 1.28078819, 1.5e+15, 1333.99587, 13995.9383, 0.307281037, 15093.9633, -1014.47094, -181.504133, -1336.75843, 13957.7041, 1298.68351, 15034.6391, 0, 1.22739592e-08, 1.22739592e-08, 73131655.3, 2.42028874e+10, 2.41298209e+10, 0.27, 3.332, -65212.872, -1195.97508, 15256.3876, 0, 8.21906884e+14, 0, 0, 2e+18, 1.17399076e+18
3.8173438, 0, 0, 1.5e+15, 0, 3.92484724e-21, 3.718e+18, 6.44e+20, 4.85, 4, 367.058848, 117.19603, 1.28078819, 4523.97171, 0, 1.57777352e+17, 1.34354401e+18, 14404.383, -364.783711, -369.387742, 1.5e+15, 1.45223204e+28, -590.934844, 4431.14019, 304.806159, 117.19603, 117.19603, 1.28078819, 1.28078819, 1.5e+15, 1257.15787, 13174.4361, 0.307082355, 14194.8237, -966.66853, -172.722531, -1272.71408, 13137.5793, 1221.57152, 14137.62, 0, 1.22739054e-08, 1.22739054e-08, 64711439.7, 2.41988048e+10, 2.41341964e+10, 0.27, 3.332, -103032.911, -1139.39106, 14359.1508, 0, 8.21595327e+14, 0, 0, 2e+18, 1.17405666e+18
3.84310215, 0, 0, 1.5e+15, 0, 3.92441212e-21, 3.718e+18, 6.44e+20, 4.85, 4, 367.047919, 117.19603, 1.28078819, 4420.27621, 0, 1.57807202e+17, 1.34358406e+18, 14064.4484, -364.772777, -369.376814, 1.5e+15, 1.45247795e+28, -581.414953, 4325.4733, 304.805791, 117.19603, 117.19603, 1.28078819, 1.28078819, 1.5e+15, 1229.0626, 12863.9328, 0.307079008, 13855.5015, -949.974519, -169.975353, -1250.83974, 12827.222, 1192.50223, 13798.9145, 0, 1.22738844e-08, 1.22738844e-08, 61802547.6, 2.4197e+10, 2.41352898e+10, 0.27, 3.332, -92275.3014, -1119.94987, 14019.7243, 0, 8.2152237e+14, 0, 0, 2e+18, 1.17407296e+18
3.9075, 0, 0, 1.5e+15, 0, 3.92334919e-21, 3.718e+18, 6.44e+20, 4.85, 4, 367.020612, 117.19603, 1.28078819, 4157.03636, 0, 1.5792444e+17, 1.34373254e+18, 13215.7106, -364.745451, -369.349512, 1.5e+15, 1.45344687e+28, -553.642453, 4061.47953, 304.804898, 117.19603, 117.19603, 1.28078819, 1.28078819, 1.5e+15, 1156.84612, 12088.0563, 0.306968895, 13008.2028, -905.940273, -161.966657, -1192.0708, 12052.5714, 1119.82365, 12953.4375, 0, 1.22738333e-08, 1.22738333e-08, 54510546.7, 2.41937199e+10, 2.41393353e+10, 0.27, 3.332, -125935.981, -1067.90693, 13172.395, 0, 8.212381e+14, 0, 0, 2e+18, 1.17413398e+18
3.93325838, 0, 0, 1.5e+15, 0, 3.92293517e-21, 3.718e+18, 6.44e+20, 4.85, 4, 367.010608, 117.19603, 1.28078819, 4059.54131, 0, 1.57951672e+17, 1.34376947e+18, 12894.467, -364.735442, -369.339509, 1.5e+15, 1.45367086e+28, -544.970163, 3961.74132, 304.804548, 117.19603, 117.19603, 1.28078819, 1.28078819, 1.5e+15, 1130.49395, 11794.6522, 0.306995145, 12688.1883, -890.664897, -159.467897, -1172.1018, 11759.1982, 1092.37878, 12633.9281, 0, 1.22738133e-08, 1.22738133e-08, 51994990.6, 2.41922245e+10, 2.41403453e+10, 0.27, 3.332, -115781.418, -1050.13279, 12851.577, 0, 8.21171538e+14, 0, 0, 2e+18, 1.17414905e+18
3.9976563, 0, 0, 1.5e+15, 0, 3.92192437e-21, 3.718e+18, 6.44e+20, 4.85, 4, 366.985612, 117.19603, 1.28078819, 3811.7033, 0, 1.58058165e+17, 1.34390569e+18, 12091.7703, -364.710428, -369.314515, 1.5e+15, 1.45454999e+28, -519.739521, 3712.55454, 304.803698, 117.19603, 117.19603, 1.28078819, 1.28078819, 1.5e+15, 1062.54571, 11060.6737, 0.306964674, 11888.4629, -850.334287, -152.202933, -1118.46372, 11026.2872, 1023.75182, 11835.7066, 0, 1.22737648e-08, 1.22737648e-08, 45684892.6, 2.4189602e+10, 2.41440627e+10, 0.27, 3.332, -145605.609, -1002.53722, 12050.0391, 0, 8.20913326e+14, 0, 0, 2e+18, 1.17420518e+18
4.02341465, 0, 0, 1.5e+15, 0, 3.92153202e-21, 3.718e+18, 6.44e+20, 4.85, 4, 366.976481, 117.19603, 1.28078819, 3719.93136, 0, 1.58083138e+17, 1.34393992e+18, 11787.6337, -364.701293, -369.305386, 1.5e+15, 1.45475508e+28, -511.828916, 3618.22688, 304.803367, 117.19603, 117.19603, 1.28078819, 1.28078819, 1.5e+15, 1037.81655, 10782.9356, 0.307017406, 11586.1104, -836.308198, -149.918134, -1100.16422, 10748.4615, 997.790503, 11533.7554, 0, 1.22737458e-08, 1.22737458e-08, 43511839.5, 2.4188376e+10, 2.41450002e+10, 0.27, 3.332, -136037.819, -986.226329, 11746.2521, 0, 8.20852288e+14, 0, 0, 2e+18, 1.17421918e+18
4.0878125, 0, 0, 1.5e+15, 0, 3.92057473e-21, 3.718e+18, 6.44e+20, 4.85, 4, 366.953669, 117.19603, 1.28078819, 3486.25134, 0, 1.58180448e+17, 1.34406563e+18, 11027.1528, -364.678463, -369.282576, 1.5e+15, 1.45555746e+28, -488.872027, 3382.55232, 304.802562, 117.19603, 117.19603, 1.28078819, 1.28078819, 1.5e+15, 973.799158, 10087.3804, 0.307058233, 10829.9752, -799.246499, -143.292581, -1051.02297, 10053.8323, 932.864766, 10778.8303, 0, 1.22736997e-08, 1.22736997e-08, 38057486.2, 2.41863305e+10, 2.41484356e+10, 0.27, 3.332, -162655.789, -942.53908, 10986.6971, 0, 8.20616362e+14, 0, 0, 2e+18, 1.1742711e+18
4.11357088, 0, 0, 1.5e+15, 0, 3.92020227e-21, 3.718e+18, 6.44e+20, 4.85, 4, 366.945365, 117.19603, 1.28078819, 3399.78165, 0, 1.58203214e+17, 1.3440971e+18, 10738.6849, -364.670156, -369.274273, 1.5e+15, 1.4557442e+28, -481.676952, 3293.16617, 304.802247, 117.19603, 117.19603, 1.28078819, 1.28078819, 1.5e+15, 950.583773, 9824.01282, 0.307134539, 10543.7975, -786.451563, -141.218145, -1034.36066, 9790.2359, 908.258302, 10492.9375, 0, 1.22736817e-08, 1.22736817e-08, 36183424.8, 2.41853288e+10, 2.41492991e+10, 0.27, 3.332, -153717.628, -927.669709, 10698.4943, 0, 8.20560703e+14, 0, 0, 2e+18, 1.17428401e+18
4.1779688, 0, 0, 1.5e+15, 0, 3.91929406e-21, 3.718e+18, 6.44e+20, 4.85, 4, 366.924619, 117.19603, 1.28078819, 3179.18778, 0, 1.58291564e+17, 1.3442122e+18, 10016.9407, -364.649394, -369.25353, 1.5e+15, 1.45647202e+28, -460.841022, 3069.83374, 304.801484, 117.19603, 117.19603, 1.28078819, 1.28078819, 1.5e+15, 890.221808, 9163.70447, 0.307238884, 9827.64616, -752.612551, -135.215301, -989.617995, 9130.70177, 846.713471, 9777.6705, 0, 1.22736381e-08, 1.22736381e-08, 31476891.4, 2.41837483e+10, 2.41524488e+10, 0.27, 3.332, -177347.461, -887.827853, 9977.41524, 0, 8.20346472e+14, 0, 0, 2e+18, 1.17433165e+18
4.20372715, 0, 0, 1.5e+15, 0, 3.91894293e-21, 3.718e+18, 6.44e+20, 4.85, 4, 366.9171, 117.19603, 1.28078819, 3097.6584, 0, 1.5831245e+17, 1.34424132e+18, 9742.81192, -364.641872, -369.246012, 1.5e+15, 1.45664311e+28, -454.292344, 2984.95725, 304.801187, 117.19603, 117.19603, 1.28078819, 1.28078819, 1.5e+15, 868.435689, 8913.51146, 0.307336035, 9556.26876, -740.902439, -133.321534, -974.391297, 8880.12449, 823.344449, 9506.46267, 0, 1.22736211e-08, 1.22736211e-08, 29864415, 2.41829442e+10, 2.41532488e+10, 0.27, 3.332, -169004.13, -874.223973, 9703.46894, 0, 8.20295411e+14, 0, 0, 2e+18, 1.17434362e+18
4.268125, 0, 0, 1.5e+15, 0, 3.91808732e-21, 3.718e+18, 6.44e+20, 4.85, 4, 366.898314, 117.19603, 1.28078819, 2889.18246, 0, 1.58393225e+17, 1.34434745e+18, 9056.57685, -364.623071, -369.227229, 1.5e+15, 1.45730785e+28, -435.363516, 2772.88889, 304.800467, 117.19603, 117.19603, 1.28078819, 1.28078819, 1.5e+15, 811.469834, 8285.50598, 0.307496613, 8876.75621, -709.906604, -127.852148, -933.503656, 8252.75166, 764.888579, 8827.51378, 0, 1.22735799e-08, 1.22735799e-08, 25812601, 2.4181779e+10, 2.41561565e+10, 0.27, 3.332, -190118.291, -837.758751, 9017.64024, 0, 8.20099552e+14, 0, 0, 2e+18, 1.17438763e+18
4.29388338, 0, 0, 1.5e+15, 0, 3.91775595e-21, 3.718e+18, 6.44e+20, 4.85, 4, 366.891541, 117.19603, 1.28078819, 2812.28141, 0, 1.58412176e+17, 1.34437405e+18, 8795.56657, -364.616295, -369.220456, 1.5e+15, 1.45746296e+28, -429.434823, 2692.12549, 304.800187, 117.19603, 117.19603, 1.28078819, 1.28078819, 1.5e+15, 791.036592, 8047.40046, 0.307612032, 8618.92481, -699.291808, -126.142001, -919.722007, 8014.06551, 742.647864, 8569.71232, 0, 1.22735639e-08, 1.22735639e-08, 24429560.3, 2.41811356e+10, 2.41568885e+10, 0.27, 3.332, -182410.309, -825.433809, 8756.71337, 0, 8.20053199e+14, 0, 0, 2e+18, 1.17439858e+18
4.3582813, 0, 0, 1.5e+15, 0, 3.91694898e-21, 3.718e+18, 6.44e+20, 4.85, 4, 366.874619, 117.19603, 1.28078819, 2615.12003, 0, 1.58485195e+17, 1.34447063e+18, 8141.87592, -364.599361, -369.203536, 1.5e+15, 1.45806343e+28, -412.324417, 2490.33193, 304.799508, 117.19603, 117.19603, 1.28078819, 1.28078819, 1.5e+15, 737.272435, 7448.97246, 0.307821968, 7972.99345, -671.170647, -121.210708, -882.710567, 7416.1069, 687.009089, 7923.9595, 0, 1.22735251e-08, 1.22735251e-08, 20952570.4, 2.41802895e+10, 2.41595381e+10, 0.27, 3.332, -201102.933, -792.381355, 8103.11599, 0, 8.19876102e+14, 0, 0, 2e+18, 1.1744387e+18
4.38403965, 0, 0, 1.5e+15, 0, 3.91663969e-21, 3.718e+18, 6.44e+20, 4.85, 4, 366.868556, 117.19603, 1.28078819, 2542.59721, 0, 1.58502515e+17, 1.3444951e+18, 7892.83442, -364.593295, -369.197474, 1.5e+15, 1.45820503e+28, -406.960126, 2413.30784, 304.799246, 117.19603, 117.19603, 1.28078819, 1.28078819, 1.5e+15, 718.144185, 7221.93644, 0.307953208, 7727.5266, -661.52205, -119.657832, -870.19705, 7188.25709, 665.795056, 7678.37096, 0, 1.22735102e-08, 1.22735102e-08, 19771207.6, 2.41797895e+10, 2.41602124e+10, 0.27, 3.332, -193992.335, -781.179882, 7854.05215, 0, 8.1983374e+14, 0, 0, 2e+18, 1.1744488e+18
4.4484375, 0, 0, 1.5e+15, 0, 3.91588695e-21, 3.718e+18, 6.44e+20, 4.85, 4, 366.853409, 117.19603, 1.28078819, 2356.03901, 0, 1.58569037e+17, 1.34458373e+18, 7268.88518, -364.578136, -369.182329, 1.5e+15, 1.45875162e+28, -391.497784, 2220.85479, 304.798613, 117.19603, 117.19603, 1.28078819, 1.28078819, 1.5e+15, 667.398191, 6650.51066, 0.30820599, 7112.28404, -635.937845, -115.185964, -836.583266, 6617.13646, 612.720155, 7062.89245, 0, 1.22734739e-08, 1.22734739e-08, 16799760.1, 2.4179235e+10, 2.41626459e+10, 0.27, 3.332, -210656.153, -751.123809, 7229.85661, 0, 8.196724e+14, 0, 0, 2e+18, 1.17448568e+18
4.47419588, 0, 0, 1.5e+15, 0, 3.91559846e-21, 3.718e+18, 6.44e+20, 4.85, 4, 366.848025, 117.19603, 1.28078819, 2287.70823, 0, 1.58584625e+17, 1.34460587e+18, 7030.75862, -364.57275, -369.176946, 1.5e+15, 1.45887897e+28, -386.681562, 2147.22491, 304.798369, 117.19603, 117.19603, 1.28078819, 1.28078819, 1.5e+15, 649.538013, 6433.63218, 0.308350724, 6878.10919, -627.277739, -113.796307, -825.36529, 6399.13379, 592.437624, 6828.39923, 0, 1.22734599e-08, 1.22734599e-08, 15796241.6, 2.41788485e+10, 2.41632564e+10, 0.27, 3.332, -204180.355, -741.074046, 6991.57142, 0, 8.19634257e+14, 0, 0, 2e+18, 1.17449482e+18
4.5385938, 0, 0, 1.5e+15, 0, 3.91489674e-21, 3.718e+18, 6.44e+20, 4.85, 4, 366.834573, 117.19603, 1.28078819, 2111.24186, 0, 1.58644279e+17, 1.34468575e+18, 6433.9908, -364.559287, -369.163496, 1.5e+15, 1.45936887e+28, -372.811144, 1963.25129, 304.797777, 117.19603, 117.19603, 1.28078819, 1.28078819, 1.5e+15, 601.707408, 5886.82473, 0.308640169, 6290.93242, -604.292547, -109.798391, -795.220655, 5852.42758, 541.689176, 6240.45135, 0, 1.22734261e-08, 1.22734261e-08, 13271019.7, 2.41785047e+10, 2.41654525e+10, 0.27, 3.332, -218852.779, -714.090938, 6394.11676, 0, 8.19489524e+14, 0, 0, 2e+18, 1.17452809e+18
4.56435215, 0, 0, 1.5e+15, 0, 3.91463273e-21, 3.718e+18, 6.44e+20, 4.85, 4, 366.829838, 117.19603, 1.28078819, 2047.01297, 0, 1.58658457e+17, 1.34470599e+18, 6205.79539, -364.55455, -369.158761, 1.5e+15, 1.45948459e+28, -368.497916, 1892.69182, 304.797554, 117.19603, 117.19603, 1.28078819, 1.28078819, 1.5e+15, 585.119072, 5679.27173, 0.308796177, 6067.05173, -596.503885, -108.54745, -785.138302, 5643.34975, 522.250241, 6016.01411, 0, 1.22734134e-08, 1.22734134e-08, 12424838, 2.4178223e+10, 2.41660111e+10, 0.27, 3.332, -212964.674, -705.051334, 6165.6, 0, 8.19454841e+14, 0, 0, 2e+18, 1.17453647e+18
4.62875, 0, 0, 1.5e+15, 0, 3.91399083e-21, 3.718e+18, 6.44e+20, 4.85, 4, 366.818008, 117.19603, 1.28078819, 1880.28861, 0, 1.58712531e+17, 1.34477885e+18, 5633.82064, -364.542711, -369.146933, 1.5e+15, 1.4599283e+28, -356.0812, 1716.38984, 304.797013, 117.19603, 117.19603, 1.28078819, 1.28078819, 1.5e+15, 540.128668, 5154.8469, 0.309116402, 5505.49603, -575.806576, -104.950086, -758.025371, 5118.79658, 473.609701, 5453.0447, 0, 1.22733824e-08, 1.22733824e-08, 10294537.3, 2.41780839e+10, 2.41680153e+10, 0.27, 3.332, -225958.045, -680.756661, 5592.40629, 0, 8.19323674e+14, 0, 0, 2e+18, 1.17456687e+18
4.65450838, 0, 0, 1.5e+15, 0, 3.91374946e-21, 3.718e+18, 6.44e+20, 4.85, 4, 366.813896, 117.19603, 1.28078819, 1820.16654, 0, 1.58725035e+17, 1.34479675e+18, 5414.64526, -364.538596, -369.142822, 1.5e+15, 1.46003034e+28, -352.274644, 1648.5915, 304.796809, 117.19603, 117.19603, 1.28078819, 1.28078819, 1.5e+15, 524.829859, 4955.89898, 0.309281529, 5291.00359, -568.949104, -103.852003, -749.158062, 4917.74798, 454.928726, 5237.65417, 0, 1.22733708e-08, 1.22733708e-08, 9588071.58, 2.41778774e+10, 2.416851e+10, 0.27, 3.332, -220710.049, -672.801106, 5372.67671, 0, 8.19293064e+14, 0, 0, 2e+18, 1.17457428e+18
4.7189063, 0, 0, 1.5e+15, 0, 3.91316289e-21, 3.718e+18, 6.44e+20, 4.85, 4, 366.803623, 117.19603, 1.28078819, 1663.14198, 0, 1.5877258e+17, 1.34486103e+18, 4865.27581, -364.528315, -369.13255, 1.5e+15, 1.46042037e+28, -341.318978, 1479.18965, 304.796316, 117.19603, 117.19603, 1.28078819, 1.28078819, 1.5e+15, 482.727355, 4451.74278, 0.309626834, 4752.85729, -550.707611, -100.695882, -725.299451, 4413.14126, 408.182219, 4697.17292, 0, 1.22733425e-08, 1.22733425e-08, 7808839.38, 2.41778569e+10, 2.417028e+10, 0.27, 3.332, -231959.565, -651.403494, 4821.32349, 0, 8.19177682e+14, 0, 0, 2e+18, 1.1746011e+18
4.74466465, 0, 0, 1.5e+15, 0, 3.91294936e-21, 3.718e+18, 6.44e+20, 4.85, 4, 366.800111, 117.19603, 1.28078819, 1607.30061, 0, 1.5878378e+17, 1.34487714e+18, 4654.25597, -364.524801, -369.129038, 1.5e+15, 1.46051169e+28, -337.982789, 1413.84834, 304.796135, 117.19603, 117.19603, 1.28078819, 1.28078819, 1.5e+15, 468.796893, 4260.77991, 0.309798982, 4546.90658, -544.673212, -99.726707, -717.498286, 4219.25301, 390.176698, 4489.85157, 0, 1.22733322e-08, 1.22733322e-08, 7226935.81, 2.41777246e+10, 2.4170725e+10, 0.27, 3.332, -227310.079, -644.399919, 4609.42971, 0, 8.19150285e+14, 0, 0, 2e+18, 1.17460778e+18
4.8090625, 0, 0, 1.5e+15, 0, 3.91243056e-21, 3.718e+18, 6.44e+20, 4.85, 4, 366.791336, 117.19603, 1.28078819, 1460.2391, 0, 1.58826207e+17, 1.34493481e+18, 4125.4348, -364.516018, -369.120265, 1.5e+15, 1.46085945e+28, -328.376753, 1250.58616, 304.795697, 117.19603, 117.19603, 1.28078819, 1.28078819, 1.5e+15, 429.686235, 3774.85173, 0.310163822, 4030.10118, -528.59624, -96.939679, -696.482169, 3732.44975, 345.118552, 3969.44478, 0, 1.22733072e-08, 1.22733072e-08, 5760744.88, 2.41778369e+10, 2.41723133e+10, 0.27, 3.332, -237108.004, -625.535919, 4077.5683, 0, 8.19047373e+14, 0, 0, 2e+18, 1.17463188e+18
4.83482088, 0, 0, 1.5e+15, 0, 3.91224249e-21, 3.718e+18, 6.44e+20, 4.85, 4, 366.788402, 117.19603, 1.28078819, 1409.06545, 0, 1.58835758e+17, 1.34494855e+18, 3921.825, -364.513083, -369.117331, 1.5e+15, 1.46093732e+28, -325.524353, 1187.40723, 304.795538, 117.19603, 117.19603, 1.28078819, 1.28078819, 1.5e+15, 417.231358, 3591.50074, 0.31034093, 3832.01232, -523.462682, -96.1175556, -689.851832, 3544.86369, 327.706673, 3769.22709, 0, 1.22732981e-08, 1.22732981e-08, 5290559.58, 2.41777508e+10, 2.41726934e+10, 0.27, 3.332, -233115.72, -619.580238, 3872.57036, 0, 8.19023994e+14, 0, 0, 2e+18, 1.17463758e+18
4.8992188, 0, 0, 1.5e+15, 0, 3.91178574e-21, 3.718e+18, 6.44e+20, 4.85, 4, 366.781073, 117.19603, 1.28078819, 1272.88006, 0, 1.5887183e+17, 1.34499766e+18, 3411.86857, -364.505747, -369.110003, 1.5e+15, 1.46123298e+28, -317.304971, 1029.54989, 304.795153, 117.19603, 117.19603, 1.28078819, 1.28078819, 1.5e+15, 381.440013, 3121.93239, 0.310719866, 3334.92352, -509.768463, -93.7530427, -671.973428, 3073.74147, 284.132433, 3266.50416, 0, 1.22732761e-08, 1.22732761e-08, 4105464.94, 2.4177911e+10, 2.41740469e+10, 0.27, 3.332, -241345.217, -603.521505, 3357.87391, 0, 8.18936456e+14, 0, 0, 2e+18, 1.17465811e+18
4.92497715, 0, 0, 1.5e+15, 0, 3.91163113e-21, 3.718e+18, 6.44e+20, 4.85, 4, 366.778699, 117.19603, 1.28078819, 1227.1305, 0, 1.588802e+17, 1.34500975e+18, 3215.09628, -364.503373, -369.10763, 1.5e+15, 1.46130114e+28, -314.911043, 968.245651, 304.795022, 117.19603, 117.19603, 1.28078819, 1.28078819, 1.5e+15, 370.661305, 2946.22849, 0.3108999, 3144.25947, -505.436947, -93.0540995, -666.376032, 2891.62407, 267.236515, 3072.45556, 0, 1.22732686e-08, 1.22732686e-08, 3736177.44, 2.4177879e+10, 2.41743807e+10, 0.27, 3.332, -237966.309, -598.491046, 3158.86058, 0, 8.18916015e+14, 0, 0, 2e+18, 1.17466313e+18
4.989375, 0, 0, 1.5e+15, 0, 3.91125534e-21, 3.718e+18, 6.44e+20, 4.85, 4, 366.772771, 117.19603, 1.28078819, 1103.59606, 0, 1.58911601e+17, 1.34505275e+18, 2722.86999, -364.497439, -369.101703, 1.5e+15, 1.46155823e+28, -307.998475, 815.077335, 304.794705, 117.19603, 117.19603, 1.28078819, 1.28078819, 1.5e+15, 338.68187, 2491.38882, 0.311287575, 2665.89612, -493.850409, -91.0384853, -651.242581, 2434.12434, 224.953754, 2585.10819, 0, 1.22732505e-08, 1.22732505e-08, 2804938.71, 2.41781252e+10, 2.41755652e+10, 0.27, 3.332, -244872.832, -584.888894, 2659.07809, 0, 8.1883991e+14, 0, 0, 2e+18, 1.17468112e+18
5.01513338, 0, 0, 1.5e+15, 0, 3.91112794e-21, 3.718e+18, 6.44e+20, 4.85, 4, 366.770943, 117.19603, 1.28078819, 1064.45898, 0, 1.58918019e+17, 1.345062e+18, 2532.78192, -364.49561, -369.099875, 1.5e+15, 1.46161054e+28, -306.109712, 755.335552, 304.794597, 117.19603, 117.19603, 1.28078819, 1.28078819, 1.5e+15, 329.800071, 2324.38751, 0.311468444, 2482.84674, -490.469276, -90.4970701, -646.880131, 2256.55996, 208.486533, 2396.19734, 0, 1.22732443e-08, 1.22732443e-08, 2527565.42, 2.41781063e+10, 2.4175821e+10, 0.27, 3.332, -242205.998, -580.966346, 2465.04649, 0, 8.18824205e+14, 0, 0, 2e+18, 1.17468495e+18
5.0795313, 0, 0, 1.5e+15, 0, 3.91081864e-21, 3.718e+18, 6.44e+20, 4.85, 4, 366.766375, 117.19603, 1.28078819, 956.899286, 0, 1.589421e+17, 1.3450949e+18, 2058.56622, -364.491038, -369.095308, 1.5e+15, 1.46180783e+28, -300.649102, 606.07672, 304.794337, 117.19603, 117.19603, 1.28078819, 1.28078819, 1.5e+15, 302.555876, 1883.12921, 0.311859341, 2023.90445, -481.419316, -88.9369078, -635.082435, 1810.40624, 167.276399, 1921.65882, 0, 1.22732294e-08, 1.22732294e-08, 1827980.02, 2.41783087e+10, 2.41767283e+10, 0.27, 3.332, -247517.013, -570.356224, 1977.68264, 0, 8.18765773e+14, 0, 0, 2e+18, 1.17469871e+18
5.10528965, 0, 0, 1.5e+15, 0, 3.91073082e-21, 3.718e+18, 6.44e+20, 4.85, 4, 366.765079, 117.19603, 1.28078819, 926.231252, 0, 1.5894731e+17, 1.34510245e+18, 1876.39158, -364.489741, -369.094013, 1.5e+15, 1.4618502e+28, -299.241011, 547.568048, 304.794262, 117.19603, 117.19603, 1.28078819, 1.28078819, 1.5e+15, 295.899215, 1728.69935, 0.312038919, 1850.56375, -478.876236, -88.522984, -631.794664, 1636.44495, 151.149041, 1736.81783, 0, 1.22732252e-08, 1.22732252e-08, 1635297.19, 2.41783259e+10, 2.41769362e+10, 0.27, 3.332, -245523.241, -567.39922, 1787.59399, 0, 8.18753087e+14, 0, 0, 2e+18, 1.17470185e+18
5.1696875, 0, 0, 1.5e+15, 0, 3.91051699e-21, 3.718e+18, 6.44e+20, 4.85, 4, 366.761842, 117.19603, 1.28078819, 839.921597, 0, 1.58966625e+17, 1.34512906e+18, 1424.85347, -364.486501, -369.090776, 1.5e+15, 1.46200814e+28, -295.151509, 401.394271, 304.794082, 117.19603, 117.19603, 1.28078819, 1.28078819, 1.5e+15, 274.564116, 1301.7135, 0.312427422, 1416.72748, -472.037141, -87.3227849, -622.858811, 1199.27833, 110.790246, 1272.43569, 0, 1.22732149e-08, 1.22732149e-08, 1149016.31, 2.41785679e+10, 2.41776685e+10, 0.27, 3.332, -249550.206, -559.359926, 1310.06858, 0, 8.18706357e+14, 0, 0, 2e+18, 1.17471301e+18
5.19544588, 0, 0, 1.5e+15, 0, 3.91045787e-21, 3.718e+18, 6.44e+20, 4.85, 4, 366.761069, 117.19603, 1.28078819, 820.03213, 0, 1.58969593e+17, 1.34513331e+18, 1258.81482, -364.485727, -369.090003, 1.5e+15, 1.46203234e+28, -294.284571, 343.766343, 304.794032, 117.19603, 117.19603, 1.28078819, 1.28078819, 1.5e+15, 270.405964, 1173.71913, 0.312603507, 1263.83131, -470.51147, -87.0784557, -620.891817, 1027.87946, 94.9042193, 1090.49128, 0, 1.2273212e-08, 1.2273212e-08, 1035721.5, 2.41785735e+10, 2.41777861e+10, 0.27, 3.332, -248335.405, -557.589926, 1122.78368, 0, 8.18699096e+14, 0, 0, 2e+18, 1.17471477e+18
5.2598438, 0, 0, 1.5e+15, 0, 3.91031437e-21, 3.718e+18, 6.44e+20, 4.85, 4, 366.759137, 117.19603, 1.28078819, 762.725228, 0, 1.5898065e+17, 1.3451484e+18, 855.412081, -364.483793, -369.088071, 1.5e+15, 1.46212296e+28, -291.756394, 199.801015, 304.793911, 117.19603, 117.19603, 1.28078819, 1.28078819, 1.5e+15, 256.643717, 772.266253, 0.312983791, 883.213805, -466.407864, -86.3712209, -615.547087, 597.11047, 55.1503189, 633.344564, 0, 1.22732051e-08, 1.22732051e-08, 749811.493, 2.41787011e+10, 2.4178202e+10, 0.27, 3.332, -250704.096, -552.779085, 652.260789, 0, 8.18672267e+14, 0, 0, 2e+18, 1.17472107e+18
5.28560215, 0, 0, 1.5e+15, 0, 3.91028397e-21, 3.718e+18, 6.44e+20, 4.85, 4, 366.75888, 117.19603, 1.28078819, 687.825355, 0, 1.58982297e+17, 1.3451508e+18, 790.496842, -364.483536, -369.087814, 1.5e+15, 1.46213634e+28, -362.075229, 171.144099, 304.793885, 117.19603, 117.19603, 1.28078819, 1.28078819, 1.5e+15, 255.625726, 729.991905, 0.313589575, 827.225095, -465.805788, -86.2666158, -614.761049, 511.892784, 47.2512313, 542.914914, 0, 1.22732036e-08, 1.22732036e-08, 712431.397, 2.41787306e+10, 2.41782685e+10, 0.27, 3.332, -250250.723, -552.072404, 559.144015, 0, 8.18668248e+14, 0, 0, 2e+18, 1.17472207e+18
5.35, 0, 0, 1.5e+15, 0, 3.91020737e-21, 3.718e+18, 6.44e+20, 4.85, 4, 366.758239, 117.19603, 1.28078819, 850.822396, 0, 1.58988154e+17, 1.34515903e+18, 639.288845, -364.482894, -369.087173, 1.5e+15, 1.46218415e+28, -540.873918, 99.5457966, 304.793821, 117.19603, 117.19603, 1.28078819, 1.28078819, 1.5e+15, 251.909555, 560.325121, 0.315051094, 689.148441, -464.152873, -85.9543131, -612.576519, 297.704211, 27.4825418, 315.687119, 0, 1.22731999e-08, 1.22731999e-08, 617894.205, 2.41788625e+10, 2.41784958e+10, 0.27, 3.332, -251259.537, -550.107185, 325.186754, 0, 8.18654033e+14, 0, 0, 2e+18, 1.17472553e+18
