"depth", "composition x", "composition y", "donor conc", "acceptor conc", "ni", "nc", "nv", "eg", "electron affinity", "potential", "e- mobility", "h+ mobility", "electric field", "impact gen rate", "electron conc", "hole conc", "cond. current density", "electron qfl", "hole qfl", "net doping", "recombination rate", "e field x", "e field y", "lattice temperature", "e- mobility x", "e- mobility y", "h+ mobility x", "h+ mobility y", "total doping", "h+ current density", "e- current density", "current flowlines", "total current density", "je- x", "jh+ x", "jtot x", "je- y", "jh+ y", "jtot y", "seu generation rate", "e- srh tno", "h+ srh tno", "joule heat power", "total heat power", "rec heat power", "heat conductivity", "heat capacity", "peltier-thomson heat power", "cond current x", "cond current y", "ionized acceptor concentration", "ionized donor concentration", "e- ionization coefficient", "h+ ionization coefficient", "acceptor trap dos #1", "acceptor trap ionized density #1"
-1.77635684e-15, 0, 0, 5e+15, 0, 8.94338582e-22, 3.718e+18, 6.44e+20, 4.85, 4, 2.21875728, 116.280942, 1.25944174, 176.719032, 0, 2.7449902e+14, 0.310254323, 316.793783, -0.106334094, -3.44144623, 5e+15, 5.98502543e+25, 176.6423, 5.20711897, 300.000261, 117.19603, 116.280942, 1.28078819, 1.25944174, 5e+15, 4.92289953e-15, 316.793783, 0.558944214, 80.3217673, 0.169461054, -2.11114442e-18, 2.09156449, -316.793738, -4.92289907e-15, -80.2945307, 0, 1.20000148e-08, 1.20000148e-08, 17262167.2, 16314826.9, 88881.1833, 0.27, 3.332, -1036221.56, 0.169461054, -316.793738, 0, 1.49774751e+15, 0, 0, 2e+18, 2.42345478e+16
-1.77635684e-15, 0, 0, 1.5e+15, 0, 8.94338582e-22, 3.718e+18, 6.44e+20, 4.85, 4, 2.21875728, 116.280942, 1.25944174, 59469.9144, 0, 2.7449902e+14, 0.310254323, 316.793783, -0.106334094, -3.44144623, 1.5e+15, 5.98502543e+25, 176.6423, -59469.6521, 300.000261, 117.19603, 116.280942, 1.28078819, 1.25944174, 1.5e+15, 4.92289953e-15, 316.793783, 0.558944214, 80.3217673, 0.169461054, -2.11114442e-18, 2.09156449, -316.793738, -4.92289907e-15, -80.2945307, 0, 1.20000148e-08, 1.20000148e-08, 17262167.2, 16314826.9, 88881.1833, 0.27, 3.332, -1036221.56, 0.169461054, -316.793738, 0, 1.49774751e+15, 0, 0, 2e+18, 2.42345478e+16
0.125, 0, 0, 1.5e+15, 0, 8.94328623e-22, 3.718e+18, 6.44e+20, 4.85, 4, 2.21654925, 116.280942, 1.25944174, 59567.3542, 0, 2.56210347e+14, 0.343110762, 269.933013, -0.105908548, -3.44184065, 1.5e+15, 5.59092699e+25, -59.9806029, -59567.324, 300.000225, 117.19603, 116.280942, 1.28078819, 1.25944174, 1.5e+15, 5.21173789e-15, 269.933013, 0.558725613, 54.6516386, -0.177991723, -3.60532675e-16, 1.63942436, -269.932954, -5.19925264e-15, -54.6270436, 0, 1.20000128e-08, 1.20000128e-08, 14709173.9, 13893167.1, 83926.5743, 0.27, 3.332, -899933.312, -0.177991723, -269.932954, 0, 1.49789737e+15, 0, 0, 2e+18, 2.25923896e+16
0.125, 0, 0, 5e+15, 0, 8.94328623e-22, 3.718e+18, 6.44e+20, 4.85, 4, 2.21654925, 116.280942, 1.25944174, 227.719429, 0, 2.56210347e+14, 0.343110762, 269.933013, -0.105908548, -3.44184065, 5e+15, 5.59092699e+25, 28.7501046, 225.897255, 300.000225, 117.19603, 116.280942, 1.28078819, 1.25944174, 5e+15, 5.21173789e-15, 269.933013, 0.558725613, 54.6516386, -0.177991723, -3.60532675e-16, 1.63942436, -269.932954, -5.19925264e-15, -54.6270436, 0, 1.20000128e-08, 1.20000128e-08, 14709173.9, 13893167.1, 83926.5743, 0.27, 3.332, -899933.312, -0.177991723, -269.932954, 0, 1.49789737e+15, 0, 0, 2e+18, 2.25923896e+16
0.25, 0, 0, 5e+15, 0, 8.94339625e-22, 3.718e+18, 6.44e+20, 4.85, 4, 2.21905959, 116.280942, 1.25944174, 113.417613, 0, 2.75420137e+14, 0.398836478, 318.55227, -0.106549802, -3.44824151, 5e+15, 6.00498563e+25, -58.4517567, 97.1954063, 300.000265, 117.19603, 116.280942, 1.28078819, 1.25944174, 5e+15, 6.52603821e-15, 318.55227, 0.560007154, 80.322362, -0.0819414493, -2.83219968e-17, 2.61408512, -318.552259, -6.52597676e-15, -80.2798131, 0, 1.2000015e-08, 1.2000015e-08, 17398066.9, 16446352.7, 89488.5136, 0.27, 3.332, -1041202.69, -0.0819414493, -318.552259, 0, 1.49773996e+15, 0, 0, 2e+18, 2.42748586e+16
0.25, 0, 0, 1.5e+15, 0, 8.94339625e-22, 3.718e+18, 6.44e+20, 4.85, 4, 2.21905959, 116.280942, 1.25944174, 59605.5094, 0, 2.75420137e+14, 0.398836478, 318.55227, -0.106549802, -3.44824151, 1.5e+15, 6.00498563e+25, -23.1210497, -59605.505, 300.000265, 117.19603, 116.280942, 1.28078819, 1.25944174, 1.5e+15, 6.52603821e-15, 318.55227, 0.560007154, 80.322362, -0.0819414493, -2.83219968e-17, 2.61408512, -318.552259, -6.52597676e-15, -80.2798131, 0, 1.2000015e-08, 1.2000015e-08, 17398066.9, 16446352.7, 89488.5136, 0.27, 3.332, -1041202.69, -0.0819414493, -318.552259, 0, 1.49773996e+15, 0, 0, 2e+18, 2.42748586e+16
0.375, 0, 0, 1.5e+15, 0, 8.94330419e-22, 3.718e+18, 6.44e+20, 4.85, 4, 2.21712727, 116.280942, 1.25944174, 59837.5015, 0, 2.57864828e+14, 0.473062546, 272.852406, -0.106320174, -3.45072167, 1.5e+15, 5.62681247e+25, -177.150791, -59837.2393, 300.000232, 117.19603, 116.280942, 1.28078819, 1.25944174, 1.5e+15, 7.22304746e-15, 272.852406, 0.560586231, 54.7284033, -0.528624669, -6.33355816e-16, 4.83197721, -272.851894, -7.19522585e-15, -54.514678, 0, 1.20000132e-08, 1.20000132e-08, 14936521.4, 14113268.1, 85051.8924, 0.27, 3.332, -908305.254, -0.528624669, -272.851894, 0, 1.49788381e+15, 0, 0, 2e+18, 2.26684959e+16
0.375, 0, 0, 5e+15, 0, 8.94330419e-22, 3.718e+18, 6.44e+20, 4.85, 4, 2.21712727, 116.280942, 1.25944174, 182.44221, 0, 2.57864828e+14, 0.473062546, 272.852406, -0.106320174, -3.45072167, 5e+15, 5.62681247e+25, 7.85258263, 182.273138, 300.000232, 117.19603, 116.280942, 1.28078819, 1.25944174, 5e+15, 7.22304746e-15, 272.852406, 0.560586231, 54.7284033, -0.528624669, -6.33355816e-16, 4.83197721, -272.851894, -7.19522585e-15, -54.514678, 0, 1.20000132e-08, 1.20000132e-08, 14936521.4, 14113268.1, 85051.8924, 0.27, 3.332, -908305.254, -0.528624669, -272.851894, 0, 1.49788381e+15, 0, 0, 2e+18, 2.26684959e+16
0.5, 0, 0, 5e+15, 0, 8.94342755e-22, 3.718e+18, 6.44e+20, 4.85, 4, 2.21993018, 116.280942, 1.25944174, 83.7702681, 0, 2.78039874e+14, 0.573032954, 323.669984, -0.107175657, -3.45848063, 5e+15, 6.06172475e+25, -79.1264382, 27.5039016, 300.000276, 117.19603, 116.280942, 1.28078819, 1.25944174, 5e+15, 9.31700603e-15, 323.669984, 0.562001604, 80.7040459, -0.162177918, -5.27659945e-17, 5.44399475, -323.669943, -9.31685661e-15, -80.5202207, 0, 1.20000157e-08, 1.20000157e-08, 17798515.3, 16834071.7, 91265.7336, 0.27, 3.332, -1055709.32, -0.162177918, -323.669943, 0, 1.49771849e+15, 0, 0, 2e+18, 2.4397602e+16
0.5, 0, 0, 1.5e+15, 0, 8.94342755e-22, 3.718e+18, 6.44e+20, 4.85, 4, 2.21993018, 116.280942, 1.25944174, 60009.2872, 0, 2.78039874e+14, 0.573032954, 323.669984, -0.107175657, -3.45848063, 1.5e+15, 6.06172475e+25, -45.1340384, -60009.2703, 300.000276, 117.19603, 116.280942, 1.28078819, 1.25944174, 1.5e+15, 9.31700603e-15, 323.669984, 0.562001604, 80.7040459, -0.162177918, -5.27659945e-17, 5.44399475, -323.669943, -9.31685661e-15, -80.5202207, 0, 1.20000157e-08, 1.20000157e-08, 17798515.3, 16834071.7, 91265.7336, 0.27, 3.332, -1055709.32, -0.162177918, -323.669943, 0, 1.49771849e+15, 0, 0, 2e+18, 2.4397602e+16
0.625, 0, 0, 1.5e+15, 0, 8.94334164e-22, 3.718e+18, 6.44e+20, 4.85, 4, 2.21825562, 116.280942, 1.25944174, 60385.3401, 0, 2.61089283e+14, 0.706303901, 278.678802, -0.107127268, -3.46221194, 1.5e+15, 5.69672125e+25, -300.184379, -60384.5939, 300.000245, 117.19603, 116.280942, 1.28078819, 1.25944174, 1.5e+15, 1.07573734e-14, 278.678802, 0.562606401, 54.6157188, -0.904321436, -1.11862738e-15, 8.74831655, -278.677335, -1.0699054e-14, -53.9105157, 0, 1.20000139e-08, 1.20000139e-08, 15396849.2, 14559230.4, 87343.2517, 0.27, 3.332, -924962.1, -0.904321436, -278.677335, 0, 1.49785739e+15, 0, 0, 2e+18, 2.28241917e+16
0.625, 0, 0, 5e+15, 0, 8.94334164e-22, 3.718e+18, 6.44e+20, 4.85, 4, 2.21825562, 116.280942, 1.25944174, 89.4018926, 0, 2.61089283e+14, 0.706303901, 278.678802, -0.107127268, -3.46221194, 5e+15, 5.69672125e+25, -12.155139, 88.5717279, 300.000245, 117.19603, 116.280942, 1.28078819, 1.25944174, 5e+15, 1.07573734e-14, 278.678802, 0.562606401, 54.6157188, -0.904321436, -1.11862738e-15, 8.74831655, -278.677335, -1.0699054e-14, -53.9105157, 0, 1.20000139e-08, 1.20000139e-08, 15396849.2, 14559230.4, 87343.2517, 0.27, 3.332, -924962.1, -0.904321436, -278.677335, 0, 1.49785739e+15, 0, 0, 2e+18, 2.28241917e+16
0.75, 0, 0, 5e+15, 0, 8.94348335e-22, 3.718e+18, 6.44e+20, 4.85, 4, 2.22134953, 116.280942, 1.25944174, 134.898491, 0, 2.82321285e+14, 0.873766795, 332.277217, -0.108199974, -3.47080612, 5e+15, 6.15440496e+25, -98.1516944, -92.5410592, 300.000296, 117.19603, 116.280942, 1.28078819, 1.25944174, 5e+15, 1.42398417e-14, 332.277217, 0.56408547, 80.4081888, -0.238266016, -8.0547155e-17, 8.86091374, -332.277131, -1.42396139e-14, -79.9184649, 0, 1.20000168e-08, 1.20000168e-08, 18484161.4, 17498517.1, 94353.5292, 0.27, 3.332, -1079997.83, -0.238266016, -332.277131, 0, 1.49768342e+15, 0, 0, 2e+18, 2.46086586e+16
0.75, 0, 0, 1.5e+15, 0, 8.94348335e-22, 3.718e+18, 6.44e+20, 4.85, 4, 2.22134953, 116.280942, 1.25944174, 60699.8298, 0, 2.82321285e+14, 0.873766795, 332.277217, -0.108199974, -3.47080612, 1.5e+15, 6.15440496e+25, -64.8582579, -60699.7952, 300.000296, 117.19603, 116.280942, 1.28078819, 1.25944174, 1.5e+15, 1.42398417e-14, 332.277217, 0.56408547, 80.4081888, -0.238266016, -8.0547155e-17, 8.86091374, -332.277131, -1.42396139e-14, -79.9184649, 0, 1.20000168e-08, 1.20000168e-08, 18484161.4, 17498517.1, 94353.5292, 0.27, 3.332, -1079997.83, -0.238266016, -332.277131, 0, 1.49768342e+15, 0, 0, 2e+18, 2.46086586e+16
0.875, 0, 0, 1.5e+15, 0, 8.94340224e-22, 3.718e+18, 6.44e+20, 4.85, 4, 2.21987708, 116.280942, 1.25944174, 61229.4861, 0, 2.65707315e+14, 1.04575348, 287.392478, -0.108295471, -3.47397888, 1.5e+15, 5.79676308e+25, -426.144485, -61228.0031, 300.000267, 117.19603, 116.280942, 1.28078819, 1.25944174, 1.5e+15, 1.57540889e-14, 287.392478, 0.56469307, 53.6948304, -1.30077383, -1.39023921e-15, 13.6521707, -287.389534, -1.56926273e-14, -51.930271, 0, 1.20000152e-08, 1.20000152e-08, 16102914.1, 15244105.7, 90922.7237, 0.27, 3.332, -949731.117, -1.30077383, -287.389534, 0, 1.49781955e+15, 0, 0, 2e+18, 2.30681042e+16
0.875, 0, 0, 5e+15, 0, 8.94340224e-22, 3.718e+18, 6.44e+20, 4.85, 4, 2.21987708, 116.280942, 1.25944174, 59.4272647, 0, 2.65707315e+14, 1.04575348, 287.392478, -0.108295471, -3.47397888, 5e+15, 5.79676308e+25, -28.7162869, -52.0285946, 300.000267, 117.19603, 116.280942, 1.28078819, 1.25944174, 5e+15, 1.57540889e-14, 287.392478, 0.56469307, 53.6948304, -1.30077383, -1.39023921e-15, 13.6521707, -287.389534, -1.56926273e-14, -51.930271, 0, 1.20000152e-08, 1.20000152e-08, 16102914.1, 15244105.7, 90922.7237, 0.27, 3.332, -949731.117, -1.30077383, -287.389534, 0, 1.49781955e+15, 0, 0, 2e+18, 2.30681042e+16
1, 0, 0, 5e+15, 0, 8.94356864e-22, 3.718e+18, 6.44e+20, 4.85, 4, 2.22322959, 116.280942, 1.25944174, 280.409635, 0, 2.8793683e+14, 1.2658284, 344.211796, -0.109570876, -3.4822686, 5e+15, 6.27582037e+25, -115.278788, -255.617613, 300.000326, 117.19603, 116.280942, 1.28078819, 1.25944174, 5e+15, 2.03116015e-14, 344.211796, 0.566234014, 78.9436945, -0.314181643, -1.18373062e-16, 13.8130883, -344.211653, -2.03112565e-14, -77.7258354, 0, 1.20000185e-08, 1.20000185e-08, 19465046.2, 18450428.6, 98904.1731, 0.27, 3.332, -1113521.76, -0.314181643, -344.211653, 0, 1.49763741e+15, 0, 0, 2e+18, 2.49215064e+16
1, 0, 0, 1.5e+15, 0, 8.94356864e-22, 3.718e+18, 6.44e+20, 4.85, 4, 2.22322959, 116.280942, 1.25944174, 61695.4317, 0, 2.8793683e+14, 1.2658284, 344.211796, -0.109570876, -3.4822686, 1.5e+15, 6.27582037e+25, -82.7414529, -61695.3763, 300.000326, 117.19603, 116.280942, 1.28078819, 1.25944174, 1.5e+15, 2.03116015e-14, 344.211796, 0.566234014, 78.9436945, -0.314181643, -1.18373062e-16, 13.8130883, -344.211653, -2.03112565e-14, -77.7258354, 0, 1.20000185e-08, 1.20000185e-08, 19465046.2, 18450428.6, 98904.1731, 0.27, 3.332, -1113521.76, -0.314181643, -344.211653, 0, 1.49763741e+15, 0, 0, 2e+18, 2.49215064e+16
1.125, 0, 0, 1.5e+15, 0, 8.94349386e-22, 3.718e+18, 6.44e+20, 4.85, 4, 2.22194562, 116.280942, 1.25944174, 62411.4578, 0, 2.71504422e+14, 1.52258961, 299.077957, -0.109806058, -3.48575925, 1.5e+15, 5.92217396e+25, -577.486756, -62408.786, 300.0003, 117.19603, 116.280942, 1.28078819, 1.25944174, 1.5e+15, 2.2656915e-14, 299.077957, 0.566839654, 51.7828638, -1.80050502, -2.07828518e-15, 21.9041611, -299.072537, -2.25613946e-14, -46.9219854, 0, 1.2000017e-08, 1.2000017e-08, 17085227.4, 16198722.8, 96150.3889, 0.27, 3.332, -982654.99, -1.80050502, -299.072537, 0, 1.49777204e+15, 0, 0, 2e+18, 2.34203852e+16
1.125, 0, 0, 5e+15, 0, 8.94349386e-22, 3.718e+18, 6.44e+20, 4.85, 4, 2.22194562, 116.280942, 1.25944174, 236.967969, 0, 2.71504422e+14, 1.52258961, 299.077957, -0.109806058, -3.48575925, 5e+15, 5.92217396e+25, -47.2012436, -232.219424, 300.0003, 117.19603, 116.280942, 1.28078819, 1.25944174, 5e+15, 2.2656915e-14, 299.077957, 0.566839654, 51.7828638, -1.80050502, -2.07828518e-15, 21.9041611, -299.072537, -2.25613946e-14, -46.9219854, 0, 1.2000017e-08, 1.2000017e-08, 17085227.4, 16198722.8, 96150.3889, 0.27, 3.332, -982654.99, -1.80050502, -299.072537, 0, 1.49777204e+15, 0, 0, 2e+18, 2.34203852e+16
1.25, 0, 0, 5e+15, 0, 8.94369755e-22, 3.718e+18, 6.44e+20, 4.85, 4, 2.22564682, 116.280942, 1.25944174, 479.60732, 0, 2.94861412e+14, 1.84552852, 359.95933, -0.111373775, -3.49443287, 5e+15, 6.42528049e+25, -145.86282, -456.888629, 300.000373, 117.19603, 116.280942, 1.28078819, 1.25944174, 5e+15, 2.93610697e-14, 359.95933, 0.568448599, 75.1418499, -0.478972965, -1.77100278e-16, 23.0886783, -359.959011, -2.93605356e-14, -71.5067168, 0, 1.20000212e-08, 1.20000212e-08, 20809353.4, 19757367.9, 105638.94, 0.27, 3.332, -1157624.41, -0.478972965, -359.959011, 0, 1.49758068e+15, 0, 0, 2e+18, 2.53701354e+16
1.25, 0, 0, 1.5e+15, 0, 8.94369755e-22, 3.718e+18, 6.44e+20, 4.85, 4, 2.22564682, 116.280942, 1.25944174, 63059.4498, 0, 2.94861412e+14, 1.84552852, 359.95933, -0.111373775, -3.49443287, 1.5e+15, 6.42528049e+25, -117.182323, -63059.341, 300.000373, 117.19603, 116.280942, 1.28078819, 1.25944174, 1.5e+15, 2.93610697e-14, 359.95933, 0.568448599, 75.1418499, -0.478972965, -1.77100278e-16, 23.0886783, -359.959011, -2.93605356e-14, -71.5067168, 0, 1.20000212e-08, 1.20000212e-08, 20809353.4, 19757367.9, 105638.94, 0.27, 3.332, -1157624.41, -0.478972965, -359.959011, 0, 1.49758068e+15, 0, 0, 2e+18, 2.53701354e+16
1.375, 0, 0, 1.5e+15, 0, 8.94363545e-22, 3.718e+18, 6.44e+20, 4.85, 4, 2.22487517, 116.280942, 1.25944174, 64017.8846, 0, 2.78779555e+14, 2.1755094, 314.699437, -0.112052041, -3.49791392, 1.5e+15, 6.07926783e+25, -820.711796, -64012.6236, 300.00035, 117.19603, 116.280942, 1.28078819, 1.25944174, 1.5e+15, 3.1848262e-14, 314.699437, 0.569045373, 53.3420562, -2.74928905, -2.61448757e-15, 38.2555474, -314.687428, -3.17407663e-14, -37.173755, 0, 1.20000199e-08, 1.20000199e-08, 18448051.1, 17525645.4, 104117.681, 0.27, 3.332, -1026523.39, -2.74928905, -314.687428, 0, 1.49771244e+15, 0, 0, 2e+18, 2.39363943e+16
1.375, 0, 0, 5e+15, 0, 8.94363545e-22, 3.718e+18, 6.44e+20, 4.85, 4, 2.22487517, 116.280942, 1.25944174, 463.469385, 0, 2.78779555e+14, 2.1755094, 314.699437, -0.112052041, -3.49791392, 5e+15, 6.07926783e+25, -112.253352, -449.669941, 300.00035, 117.19603, 116.280942, 1.28078819, 1.25944174, 5e+15, 3.1848262e-14, 314.699437, 0.569045373, 53.3420562, -2.74928905, -2.61448757e-15, 38.2555474, -314.687428, -3.17407663e-14, -37.173755, 0, 1.20000199e-08, 1.20000199e-08, 18448051.1, 17525645.4, 104117.681, 0.27, 3.332, -1026523.39, -2.74928905, -314.687428, 0, 1.49771244e+15, 0, 0, 2e+18, 2.39363943e+16
1.5, 0, 0, 5e+15, 0, 8.94390289e-22, 3.718e+18, 6.44e+20, 4.85, 4, 2.23002044, 116.280942, 1.25944174, 770.58621, 0, 3.04469208e+14, 2.60005848, 382.107747, -0.114918508, -3.50766746, 5e+15, 6.63233092e+25, -318.763201, -701.564772, 300.000446, 117.19603, 116.280942, 1.28078819, 1.25944174, 5e+15, 4.05029796e-14, 382.107747, 0.570728931, 76.7548005, -1.53053697, -3.69502535e-16, 45.1780595, -382.104682, -4.05012941e-14, -62.050321, 0, 1.20000253e-08, 1.20000253e-08, 22734333.4, 21629167.6, 116474.54, 0.27, 3.332, -1221640.34, -1.53053697, -382.104682, 0, 1.49750198e+15, 0, 0, 2e+18, 2.60550663e+16
1.5, 0, 0, 1.5e+15, 0, 8.94390289e-22, 3.718e+18, 6.44e+20, 4.85, 4, 2.23002044, 116.280942, 1.25944174, 64892.1041, 0, 3.04469208e+14, 2.60005848, 382.107747, -0.114918508, -3.50766746, 1.5e+15, 6.63233092e+25, -322.268867, -64891.3039, 300.000446, 117.19603, 116.280942, 1.28078819, 1.25944174, 1.5e+15, 4.05029796e-14, 382.107747, 0.570728931, 76.7548005, -1.53053697, -3.69502535e-16, 45.1780595, -382.104682, -4.05012941e-14, -62.050321, 0, 1.20000253e-08, 1.20000253e-08, 22734333.4, 21629167.6, 116474.54, 0.27, 3.332, -1221640.34, -1.53053697, -382.104682, 0, 1.49750198e+15, 0, 0, 2e+18, 2.60550663e+16
1.625, 0, 0, 1.5e+15, 0, 8.94387927e-22, 3.718e+18, 6.44e+20, 4.85, 4, 2.2329319, 116.280942, 1.25944174, 66189.8568, 0, 2.91482782e+14, 3.11765302, 340.209579, -0.118956856, -3.51527231, 1.5e+15, 6.35354411e+25, -1544.90429, -66171.8249, 300.000438, 117.19603, 116.280942, 1.28078819, 1.25944174, 1.5e+15, 4.5026602e-14, 340.209579, 0.571311834, 81.5653606, -6.53178096, -4.46980761e-15, 76.8157943, -340.14687, -4.4804193e-14, -27.4270268, 0, 1.20000249e-08, 1.20000249e-08, 20642457.3, 19657709.8, 118000.747, 0.27, 3.332, -1102748.22, -6.53178096, -340.14687, 0, 1.49760836e+15, 0, 0, 2e+18, 2.47840537e+16
1.625, 0, 0, 5e+15, 0, 8.94387927e-22, 3.718e+18, 6.44e+20, 4.85, 4, 2.2329319, 116.280942, 1.25944174, 926.566422, 0, 2.91482782e+14, 3.11765302, 340.209579, -0.118956856, -3.51527231, 5e+15, 6.35354411e+25, -552.231214, -744.020174, 300.000438, 117.19603, 116.280942, 1.28078819, 1.25944174, 5e+15, 4.5026602e-14, 340.209579, 0.571311834, 81.5653606, -6.53178096, -4.46980761e-15, 76.8157943, -340.14687, -4.4804193e-14, -27.4270268, 0, 1.20000249e-08, 1.20000249e-08, 20642457.3, 19657709.8, 118000.747, 0.27, 3.332, -1102748.22, -6.53178096, -340.14687, 0, 1.49760836e+15, 0, 0, 2e+18, 2.47840537e+16
1.75, 0, 0, 5e+15, 0, 8.94427149e-22, 3.718e+18, 6.44e+20, 4.85, 4, 2.24735268, 116.280942, 1.25944174, 1754.50024, 0, 3.25379814e+14, 3.76495998, 423.555369, -0.13053364, -3.53456968, 5e+15, 7.08353789e+25, -1374.96822, -1089.83186, 300.000578, 117.19603, 116.280942, 1.28078819, 1.25944174, 5e+15, 5.79282905e-14, 423.555369, 0.573096245, 119.03157, -8.63482878, -1.52468118e-15, 99.7031671, -423.467343, -5.79082221e-14, -65.0214818, 0, 1.20000328e-08, 1.20000328e-08, 26134919.5, 24915451.8, 136194.462, 0.27, 3.332, -1355662.13, -8.63482878, -423.467343, 0, 1.49733073e+15, 0, 0, 2e+18, 2.72444894e+16
1.75, 0, 0, 1.5e+15, 0, 8.94427149e-22, 3.718e+18, 6.44e+20, 4.85, 4, 2.24735268, 116.280942, 1.25944174, 67325.0034, 0, 3.25379814e+14, 3.76495998, 423.555369, -0.13053364, -3.53456968, 1.5e+15, 7.08353789e+25, -1546.79233, -67307.2323, 300.000578, 117.19603, 116.280942, 1.28078819, 1.25944174, 1.5e+15, 5.79282905e-14, 423.555369, 0.573096245, 119.03157, -8.63482878, -1.52468118e-15, 99.7031671, -423.467343, -5.79082221e-14, -65.0214818, 0, 1.20000328e-08, 1.20000328e-08, 26134919.5, 24915451.8, 136194.462, 0.27, 3.332, -1355662.13, -8.63482878, -423.467343, 0, 1.49733073e+15, 0, 0, 2e+18, 2.72444894e+16
1.875, 0, 0, 1.5e+15, 0, 8.94431638e-22, 3.718e+18, 6.44e+20, 4.85, 4, 2.2716017, 116.280942, 1.25944174, 68891.4506, 0, 3.21692279e+14, 4.45917148, 392.59361, -0.155077346, -3.56319348, 1.5e+15, 7.00683436e+25, -4123.73182, -68767.9198, 300.000594, 117.19603, 116.280942, 1.28078819, 1.25944174, 1.5e+15, 6.35123005e-14, 392.59361, 0.573696372, 163.607679, -24.2432048, -8.39509722e-15, 156.132344, -391.844369, -6.29550209e-14, -48.8893011, 0, 1.20000337e-08, 1.20000337e-08, 24866466.5, 23722985.3, 142099.63, 0.27, 3.332, -1285580.85, -24.2432048, -391.844369, 0, 1.49736093e+15, 0, 0, 2e+18, 2.62385254e+16
1.875, 0, 0, 5e+15, 0, 8.94431638e-22, 3.718e+18, 6.44e+20, 4.85, 4, 2.2716017, 116.280942, 1.25944174, 3086.64678, 0, 3.21692279e+14, 4.45917148, 392.59361, -0.155077346, -3.56319348, 5e+15, 7.00683436e+25, -2806.2765, -1285.37955, 300.000594, 117.19603, 116.280942, 1.28078819, 1.25944174, 5e+15, 6.35123005e-14, 392.59361, 0.573696372, 163.607679, -24.2432048, -8.39509722e-15, 156.132344, -391.844369, -6.29550209e-14, -48.8893011, 0, 1.20000337e-08, 1.20000337e-08, 24866466.5, 23722985.3, 142099.63, 0.27, 3.332, -1285580.85, -24.2432048, -391.844369, 0, 1.49736093e+15, 0, 0, 2e+18, 2.62385254e+16
2, 0, 0, 5e+15, 0, 8.94478016e-22, 3.718e+18, 6.44e+20, 4.85, 4, 2.32830768, 116.280942, 1.25944174, 5653.035, 0, 3.62739109e+14, 5.31506887, 491.974627, -0.208678838, -3.62443797, 5e+15, 7.89073108e+25, -5376.14199, -1747.5417, 300.00076, 117.19603, 116.280942, 1.28078819, 1.25944174, 5e+15, 7.9624938e-14, 491.974627, 0.575652283, 231.944455, -38.037202, -7.21866091e-15, 196.957614, -490.501992, -7.92970471e-14, -122.498688, 0, 1.20000431e-08, 1.20000431e-08, 31576332.4, 30133374.3, 159455.481, 0.27, 3.332, -1602413.63, -38.037202, -490.501992, 0, 1.49702485e+15, 0, 0, 2e+18, 2.87623441e+16
2, 0, 0, 1.5e+15, 0, 8.94478016e-22, 3.718e+18, 6.44e+20, 4.85, 4, 2.32830768, 116.280942, 1.25944174, 70065.3603, 0, 3.62739109e+14, 5.31506887, 491.974627, -0.208678838, -3.62443797, 1.5e+15, 7.89073108e+25, -5865.92493, -69819.3787, 300.00076, 117.19603, 116.280942, 1.28078819, 1.25944174, 1.5e+15, 7.9624938e-14, 491.974627, 0.575652283, 231.944455, -38.037202, -7.21866091e-15, 196.957614, -490.501992, -7.92970471e-14, -122.498688, 0, 1.20000431e-08, 1.20000431e-08, 31576332.4, 30133374.3, 159455.481, 0.27, 3.332, -1602413.63, -38.037202, -490.501992, 0, 1.49702485e+15, 0, 0, 2e+18, 2.87623441e+16
2.125, 0, 0, 1.5e+15, 0, 8.94455122e-22, 3.718e+18, 6.44e+20, 4.85, 4, 2.41824983, 116.280942, 1.25944174, 71389.1561, 0, 3.38952969e+14, 6.32689516, 428.859593, -0.300374321, -3.71888553, 1.5e+15, 7.38097335e+25, -8989.64659, -70820.8858, 300.000678, 117.19603, 116.280942, 1.28078819, 1.25944174, 1.5e+15, 8.95254847e-14, 428.859593, 0.576277736, 275.959818, -62.0469789, -1.98316016e-14, 253.380413, -424.347408, -8.73013173e-14, -109.32606, 0, 1.20000385e-08, 1.20000385e-08, 28172142.8, 26939522.5, 144418.751, 0.27, 3.332, -1377039.04, -62.0469789, -424.347408, 0, 1.49721959e+15, 0, 0, 2e+18, 2.67196566e+16
2.125, 0, 0, 5e+15, 0, 8.94455122e-22, 3.718e+18, 6.44e+20, 4.85, 4, 2.41824983, 116.280942, 1.25944174, 8230.46494, 0, 3.38952969e+14, 6.32689516, 428.859593, -0.300374321, -3.71888553, 5e+15, 7.38097335e+25, -8028.30471, -1812.97451, 300.000678, 117.19603, 116.280942, 1.28078819, 1.25944174, 5e+15, 8.95254847e-14, 428.859593, 0.576277736, 275.959818, -62.0469789, -1.98316016e-14, 253.380413, -424.347408, -8.73013173e-14, -109.32606, 0, 1.20000385e-08, 1.20000385e-08, 28172142.8, 26939522.5, 144418.751, 0.27, 3.332, -1377039.04, -62.0469789, -424.347408, 0, 1.49721959e+15, 0, 0, 2e+18, 2.67196566e+16
2.25, 0, 0, 5e+15, 0, 8.94473995e-22, 3.718e+18, 6.44e+20, 4.85, 4, 2.53879795, 116.280942, 1.25944174, 9975.2242, 0, 3.60936255e+14, 7.48553541, 502.033726, -0.419297904, -3.84378074, 5e+15, 7.85369536e+25, -9734.79098, -2176.91121, 300.000745, 117.19603, 116.280942, 1.28078819, 1.25944174, 5e+15, 1.11328702e-13, 502.033726, 0.578358438, 338.086313, -64.7395705, -1.64690608e-14, 276.232431, -497.841993, -1.10103814e-13, -194.930754, 0, 1.20000423e-08, 1.20000423e-08, 33241283, 31813222, 139790.531, 0.27, 3.332, -1567851.54, -64.7395705, -497.841993, 0, 1.49703961e+15, 0, 0, 2e+18, 2.82150963e+16
2.25, 0, 0, 1.5e+15, 0, 8.94473995e-22, 3.718e+18, 6.44e+20, 4.85, 4, 2.53879795, 116.280942, 1.25944174, 72112.036, 0, 3.60936255e+14, 7.48553541, 502.033726, -0.419297904, -3.84378074, 1.5e+15, 7.85369536e+25, -9847.43245, -71436.502, 300.000745, 117.19603, 116.280942, 1.28078819, 1.25944174, 1.5e+15, 1.11328702e-13, 502.033726, 0.578358438, 338.086313, -64.7395705, -1.64690608e-14, 276.232431, -497.841993, -1.10103814e-13, -194.930754, 0, 1.20000423e-08, 1.20000423e-08, 33241283, 31813222, 139790.531, 0.27, 3.332, -1567851.54, -64.7395705, -497.841993, 0, 1.49703961e+15, 0, 0, 2e+18, 2.82150963e+16
2.375, 0, 0, 1.5e+15, 0, 8.94450858e-22, 3.718e+18, 6.44e+20, 4.85, 4, 2.66443564, 116.280942, 1.25944174, 73460.3606, 0, 3.47568483e+14, 8.76683821, 450.350531, -0.5459112, -3.9735035, 1.5e+15, 7.57025965e+25, -11188.2225, -72603.3626, 300.000663, 117.19603, 116.280942, 1.28078819, 1.25944174, 1.5e+15, 1.21855554e-13, 450.350531, 0.578931724, 361.693675, -78.1592505, -3.01631483e-14, 301.13125, -443.516327, -1.18063375e-13, -200.355395, 0, 1.20000376e-08, 1.20000376e-08, 30368751.1, 29101202.9, 126025.905, 0.27, 3.332, -1393574.12, -78.1592505, -443.516327, 0, 1.49714904e+15, 0, 0, 2e+18, 2.62803288e+16
2.375, 0, 0, 5e+15, 0, 8.94450858e-22, 3.718e+18, 6.44e+20, 4.85, 4, 2.66443564, 116.280942, 1.25944174, 10566.8679, 0, 3.47568483e+14, 8.76683821, 450.350531, -0.5459112, -3.9735035, 5e+15, 7.57025965e+25, -10284.2874, -2427.37114, 300.000663, 117.19603, 116.280942, 1.28078819, 1.25944174, 5e+15, 1.21855554e-13, 450.350531, 0.578931724, 361.693675, -78.1592505, -3.01631483e-14, 301.13125, -443.516327, -1.18063375e-13, -200.355395, 0, 1.20000376e-08, 1.20000376e-08, 30368751.1, 29101202.9, 126025.905, 0.27, 3.332, -1393574.12, -78.1592505, -443.516327, 0, 1.49714904e+15, 0, 0, 2e+18, 2.62803288e+16
2.5, 0, 0, 5e+15, 0, 8.94483297e-22, 3.718e+18, 6.44e+20, 4.85, 4, 2.79892063, 116.280942, 1.25944174, 10979.1386, 0, 3.86311691e+14, 10.3155, 553.782688, -0.677664074, -4.11219341, 5e+15, 8.40568931e+25, -10529.2455, -3110.70307, 300.000779, 117.19603, 116.280942, 1.28078819, 1.25944174, 5e+15, 1.49493343e-13, 553.782688, 0.581152014, 430.290925, -72.3400166, -2.45115793e-14, 291.208468, -549.03751, -1.47470139e-13, -316.77738, 0, 1.20000442e-08, 1.20000442e-08, 37852356.4, 36281999.9, 128328.575, 0.27, 3.332, -1698685.12, -72.3400166, -549.03751, 0, 1.49683191e+15, 0, 0, 2e+18, 2.8244645e+16
2.5, 0, 0, 1.5e+15, 0, 8.94483297e-22, 3.718e+18, 6.44e+20, 4.85, 4, 2.79892063, 116.280942, 1.25944174, 74405.4091, 0, 3.86311691e+14, 10.3155, 553.782688, -0.677664074, -4.11219341, 1.5e+15, 8.40568931e+25, -10514.9769, -73658.6734, 300.000779, 117.19603, 116.280942, 1.28078819, 1.25944174, 1.5e+15, 1.49493343e-13, 553.782688, 0.581152014, 430.290925, -72.3400166, -2.45115793e-14, 291.208468, -549.03751, -1.47470139e-13, -316.77738, 0, 1.20000442e-08, 1.20000442e-08, 37852356.4, 36281999.9, 128328.575, 0.27, 3.332, -1698685.12, -72.3400166, -549.03751, 0, 1.49683191e+15, 0, 0, 2e+18, 2.8244645e+16
2.625, 0, 0, 1.5e+15, 0, 8.94475875e-22, 3.718e+18, 6.44e+20, 4.85, 4, 2.92731006, 116.280942, 1.25944174, 76351.4536, 0, 3.83708979e+14, 12.4299233, 516.173798, -0.806228256, -4.24540332, 1.5e+15, 8.35509531e+25, -11821.8944, -75430.6787, 300.000752, 117.19603, 116.280942, 1.28078819, 1.25944174, 1.5e+15, 1.69180349e-13, 516.173798, 0.581705604, 435.430743, -88.563056, -4.49079317e-14, 296.169157, -508.519395, -1.63111214e-13, -319.19236, 0, 1.20000427e-08, 1.20000427e-08, 36171577.5, 34718980.2, 124524.831, 0.27, 3.332, -1577122.12, -88.563056, -508.519395, 0, 1.49685321e+15, 0, 0, 2e+18, 2.68195615e+16
2.625, 0, 0, 5e+15, 0, 8.94475875e-22, 3.718e+18, 6.44e+20, 4.85, 4, 2.92731006, 116.280942, 1.25944174, 11071.1949, 0, 3.83708979e+14, 12.4299233, 516.173798, -0.806228256, -4.24540332, 5e+15, 8.35509531e+25, -10486.9315, -3549.03135, 300.000752, 117.19603, 116.280942, 1.28078819, 1.25944174, 5e+15, 1.69180349e-13, 516.173798, 0.581705604, 435.430743, -88.563056, -4.49079317e-14, 296.169157, -508.519395, -1.63111214e-13, -319.19236, 0, 1.20000427e-08, 1.20000427e-08, 36171577.5, 34718980.2, 124524.831, 0.27, 3.332, -1577122.12, -88.563056, -508.519395, 0, 1.49685321e+15, 0, 0, 2e+18, 2.68195615e+16
2.75, 0, 0, 5e+15, 0, 8.94535734e-22, 3.718e+18, 6.44e+20, 4.85, 4, 3.0641785, 116.280942, 1.25944174, 11832.5338, 0, 4.37902599e+14, 14.8834848, 657.253958, -0.939681382, -4.38692804, 5e+15, 9.52265634e+25, -10987.0482, -4392.45125, 300.000966, 117.19603, 116.280942, 1.28078819, 1.25944174, 5e+15, 2.11459522e-13, 657.253958, 0.584113874, 535.757142, -85.8624201, -3.74651567e-14, 271.680915, -651.62137, -2.08114131e-13, -461.763138, 0, 1.20000549e-08, 1.20000549e-08, 47014551, 45152640.9, 136650.376, 0.27, 3.332, -1998560.5, -85.8624201, -651.62137, 0, 1.49640983e+15, 0, 0, 2e+18, 2.93864656e+16
2.75, 0, 0, 1.5e+15, 0, 8.94535734e-22, 3.718e+18, 6.44e+20, 4.85, 4, 3.0641785, 116.280942, 1.25944174, 77894.2595, 0, 4.37902599e+14, 14.8834848, 657.253958, -0.939681382, -4.38692804, 1.5e+15, 9.52265634e+25, -11124.6, -77095.7776, 300.000966, 117.19603, 116.280942, 1.28078819, 1.25944174, 1.5e+15, 2.11459522e-13, 657.253958, 0.584113874, 535.757142, -85.8624201, -3.74651567e-14, 271.680915, -651.62137, -2.08114131e-13, -461.763138, 0, 1.20000549e-08, 1.20000549e-08, 47014551, 45152640.9, 136650.376, 0.27, 3.332, -1998560.5, -85.8624201, -651.62137, 0, 1.49640983e+15, 0, 0, 2e+18, 2.93864656e+16
2.875, 0, 0, 1.5e+15, 0, 8.94562901e-22, 3.718e+18, 6.44e+20, 4.85, 4, 3.20542506, 116.280942, 1.25944174, 80599.6877, 0, 4.61007795e+14, 17.8677289, 659.560998, -1.07959869, -4.53289853, 1.5e+15, 1.00286531e+26, -14330.5242, -79315.4823, 300.001063, 117.19603, 116.280942, 1.28078819, 1.25944174, 1.5e+15, 2.36135774e-13, 659.560998, 0.584703559, 551.682776, -126.827807, -7.11582456e-14, 255.835078, -647.252206, -2.25159072e-13, -488.776327, 0, 1.20000604e-08, 1.20000604e-08, 49003876.1, 47133028.1, 146319.364, 0.27, 3.332, -2017167.29, -126.827807, -647.252206, 0, 1.49622087e+15, 0, 0, 2e+18, 2.86818389e+16
2.875, 0, 0, 5e+15, 0, 8.94562901e-22, 3.718e+18, 6.44e+20, 4.85, 4, 3.20542506, 116.280942, 1.25944174, 13414.6609, 0, 4.61007795e+14, 17.8677289, 659.560998, -1.07959869, -4.53289853, 5e+15, 1.00286531e+26, -12355.5593, -5224.29704, 300.001063, 117.19603, 116.280942, 1.28078819, 1.25944174, 5e+15, 2.36135774e-13, 659.560998, 0.584703559, 551.682776, -126.827807, -7.11582456e-14, 255.835078, -647.252206, -2.25159072e-13, -488.776327, 0, 1.20000604e-08, 1.20000604e-08, 49003876.1, 47133028.1, 146319.364, 0.27, 3.332, -2017167.29, -126.827807, -647.252206, 0, 1.49622087e+15, 0, 0, 2e+18, 2.86818389e+16
3, 0, 0, 5e+15, 0, 8.94682926e-22, 3.718e+18, 6.44e+20, 4.85, 4, 3.38790028, 116.280942, 1.25944174, 17525.4629, 0, 5.68479429e+14, 21.580224, 909.640788, -1.2566567, -4.72025243, 5e+15, 1.23469401e+26, -16117.7589, -6881.83821, 300.001492, 117.19603, 116.280942, 1.28078819, 1.25944174, 5e+15, 2.92160899e-13, 909.640788, 0.587476272, 756.916393, -167.720786, -8.48446024e-14, 191.588422, -894.044798, -2.79569999e-13, -732.267917, 0, 1.20000848e-08, 1.20000848e-08, 69184460.3, 66509688.2, 177198.154, 0.27, 3.332, -2851970.28, -167.720786, -894.044798, 0, 1.49534258e+15, 0, 0, 2e+18, 3.17785944e+16
3, 0, 0, 1.5e+15, 0, 8.94682926e-22, 3.718e+18, 6.44e+20, 4.85, 4, 3.38790028, 116.280942, 1.25944174, 82799.0261, 0, 5.68479429e+14, 21.580224, 909.640788, -1.2566567, -4.72025243, 1.5e+15, 1.23469401e+26, -17093.5639, -81015.3614, 300.001492, 117.19603, 116.280942, 1.28078819, 1.25944174, 1.5e+15, 2.92160899e-13, 909.640788, 0.587476272, 756.916393, -167.720786, -8.48446024e-14, 191.588422, -894.044798, -2.79569999e-13, -732.267917, 0, 1.20000848e-08, 1.20000848e-08, 69184460.3, 66509688.2, 177198.154, 0.27, 3.332, -2851970.28, -167.720786, -894.044798, 0, 1.49534258e+15, 0, 0, 2e+18, 3.17785944e+16
3.125, 0, 0, 1.5e+15, 0, 8.94669281e-22, 3.718e+18, 6.44e+20, 4.85, 4, 3.63276416, 116.280942, 1.25944174, 85291.9189, 0, 5.50808597e+14, 26.1286542, 842.891999, -1.50233694, -4.97006087, 1.5e+15, 1.19757434e+26, -22614.0054, -82239.3956, 300.001443, 117.196028, 116.280942, 1.28078819, 1.25944174, 1.5e+15, 3.45629248e-13, 842.891999, 0.588195608, 702.411474, -255.093276, -1.56303848e-13, 119.730555, -803.36439, -3.08267228e-13, -692.131832, 0, 1.2000082e-08, 1.2000082e-08, 66753350.4, 64409650.1, 170438.052, 0.27, 3.332, -2514138.32, -255.093276, -803.36439, 0, 1.49548693e+15, 0, 0, 2e+18, 2.9710613e+16
3.125, 0, 0, 5e+15, 0, 8.94669281e-22, 3.718e+18, 6.44e+20, 4.85, 4, 3.63276416, 116.280942, 1.25944174, 22477.1936, 0, 5.50808597e+14, 26.1286542, 842.891999, -1.50233694, -4.97006087, 5e+15, 1.19757434e+26, -21233.3944, -7373.4114, 300.001443, 117.196028, 116.280942, 1.28078819, 1.25944174, 5e+15, 3.45629248e-13, 842.891999, 0.588195608, 702.411474, -255.093276, -1.56303848e-13, 119.730555, -803.36439, -3.08267228e-13, -692.131832, 0, 1.2000082e-08, 1.2000082e-08, 66753350.4, 64409650.1, 170438.052, 0.27, 3.332, -2514138.32, -255.093276, -803.36439, 0, 1.49548693e+15, 0, 0, 2e+18, 2.9710613e+16
3.25, 0, 0, 5e+15, 0, 8.94699367e-22, 3.718e+18, 6.44e+20, 4.85, 4, 3.93843291, 116.280942, 1.25944174, 26106.845, 0, 5.71886611e+14, 30.6176838, 950.287236, -1.8070349, -5.27982793, 5e+15, 1.24266847e+26, -24976.2614, -7599.58703, 300.001551, 117.196023, 116.280942, 1.28078819, 1.25944174, 5e+15, 4.17370968e-13, 950.287236, 0.591074836, 831.158106, -266.71903, -1.73672655e-13, 78.5746335, -912.089244, -3.7952119e-13, -827.435691, 0, 1.20000881e-08, 1.20000881e-08, 75985925.1, 73409899.9, 164165.428, 0.27, 3.332, -2740190.63, -266.71903, -912.089244, 0, 1.49531476e+15, 0, 0, 2e+18, 3.08672554e+16
3.25, 0, 0, 1.5e+15, 0, 8.94699367e-22, 3.718e+18, 6.44e+20, 4.85, 4, 3.93843291, 116.280942, 1.25944174, 86477.0202, 0, 5.71886611e+14, 30.6176838, 950.287236, -1.8070349, -5.27982793, 1.5e+15, 1.24266847e+26, -25288.6839, -82696.7804, 300.001551, 117.196023, 116.280942, 1.28078819, 1.25944174, 1.5e+15, 4.17370968e-13, 950.287236, 0.591074836, 831.158106, -266.71903, -1.73672655e-13, 78.5746335, -912.089244, -3.7952119e-13, -827.435691, 0, 1.20000881e-08, 1.20000881e-08, 75985925.1, 73409899.9, 164165.428, 0.27, 3.332, -2740190.63, -266.71903, -912.089244, 0, 1.49531476e+15, 0, 0, 2e+18, 3.08672554e+16
3.375, 0, 0, 1.5e+15, 0, 8.94647284e-22, 3.718e+18, 6.44e+20, 4.85, 4, 4.26498126, 116.280942, 1.25944174, 88182.8233, 0, 5.42428341e+14, 36.1336841, 854.351778, -2.13495034, -5.61065937, 1.5e+15, 1.18007309e+26, -27494.4828, -83787.0141, 300.001365, 117.196018, 116.280942, 1.28078819, 1.25944174, 1.5e+15, 4.75216722e-13, 854.351778, 0.591448263, 770.285508, -308.578623, -2.47843108e-13, 24.6486917, -796.678225, -4.05468527e-13, -769.891035, 0, 1.20000775e-08, 1.20000775e-08, 69805573.2, 67612170.6, 145950.577, 0.27, 3.332, -2339353.13, -308.578623, -796.678225, 0, 1.49555539e+15, 0, 0, 2e+18, 2.8511865e+16
3.375, 0, 0, 5e+15, 0, 8.94647284e-22, 3.718e+18, 6.44e+20, 4.85, 4, 4.26498126, 116.280942, 1.25944174, 27667.9575, 0, 5.42428341e+14, 36.1336841, 854.351778, -2.13495034, -5.61065937, 5e+15, 1.18007309e+26, -26586.2731, -7660.67567, 300.001365, 117.196018, 116.280942, 1.28078819, 1.25944174, 5e+15, 4.75216722e-13, 854.351778, 0.591448263, 770.285508, -308.578623, -2.47843108e-13, 24.6486917, -796.678225, -4.05468527e-13, -769.891035, 0, 1.20000775e-08, 1.20000775e-08, 69805573.2, 67612170.6, 145950.577, 0.27, 3.332, -2339353.13, -308.578623, -796.678225, 0, 1.49555539e+15, 0, 0, 2e+18, 2.8511865e+16
3.5, 0, 0, 5e+15, 0, 8.94677506e-22, 3.718e+18, 6.44e+20, 4.85, 4, 4.60846086, 116.280942, 1.25944174, 28358.3463, 0, 5.78505737e+14, 42.0763088, 984.2656, -2.47676527, -5.95807478, 5e+15, 1.25759328e+26, -27074.0622, -8437.47346, 300.001473, 117.196013, 116.280942, 1.28078819, 1.25944174, 5e+15, 5.59141246e-13, 984.2656, 0.594164796, 952.275061, -283.9464, -2.57945544e-13, 3.56643448, -942.41881, -4.96087724e-13, -952.268382, 0, 1.20000837e-08, 1.20000837e-08, 81023035.6, 78452680.2, 140077.682, 0.27, 3.332, -2710433.06, -283.9464, -942.41881, 0, 1.49526069e+15, 0, 0, 2e+18, 3.00170712e+16
3.5, 0, 0, 1.5e+15, 0, 8.94677506e-22, 3.718e+18, 6.44e+20, 4.85, 4, 4.60846086, 116.280942, 1.25944174, 88863.7789, 0, 5.78505737e+14, 42.0763088, 984.2656, -2.47676527, -5.95807478, 1.5e+15, 1.25759328e+26, -26996.6076, -84663.7725, 300.001473, 117.196013, 116.280942, 1.28078819, 1.25944174, 1.5e+15, 5.59141246e-13, 984.2656, 0.594164796, 952.275061, -283.9464, -2.57945544e-13, 3.56643448, -942.41881, -4.96087724e-13, -952.268382, 0, 1.20000837e-08, 1.20000837e-08, 81023035.6, 78452680.2, 140077.682, 0.27, 3.332, -2710433.06, -283.9464, -942.41881, 0, 1.49526069e+15, 0, 0, 2e+18, 3.00170712e+16
3.625, 0, 0, 1.5e+15, 0, 8.94643636e-22, 3.718e+18, 6.44e+20, 4.85, 4, 4.93989645, 116.280942, 1.25944174, 90942.284, 0, 5.69706385e+14, 51.209808, 918.644753, -2.80859701, -6.2945894, 1.5e+15, 1.2395749e+26, -27812.5669, -86584.988, 300.001352, 117.196017, 116.280942, 1.28078819, 1.25944174, 1.5e+15, 6.5503762e-13, 918.644753, 0.59425993, 919.79822, -319.019931, -3.52636882e-13, -68.6705002, -861.472266, -5.52015863e-13, -917.23123, 0, 1.20000768e-08, 1.20000768e-08, 77193133.9, 74877216.1, 129391.348, 0.27, 3.332, -2445309.14, -319.019931, -861.472266, 0, 1.49533255e+15, 0, 0, 2e+18, 2.8254197e+16
3.625, 0, 0, 5e+15, 0, 8.94643636e-22, 3.718e+18, 6.44e+20, 4.85, 4, 4.93989645, 116.280942, 1.25944174, 27951.4209, 0, 5.69706385e+14, 51.209808, 918.644753, -2.80859701, -6.2945894, 5e+15, 1.2395749e+26, -26455.4325, -9021.75265, 300.001352, 117.196017, 116.280942, 1.28078819, 1.25944174, 5e+15, 6.5503762e-13, 918.644753, 0.59425993, 919.79822, -319.019931, -3.52636882e-13, -68.6705002, -861.472266, -5.52015863e-13, -917.23123, 0, 1.20000768e-08, 1.20000768e-08, 77193133.9, 74877216.1, 129391.348, 0.27, 3.332, -2445309.14, -319.019931, -861.472266, 0, 1.49533255e+15, 0, 0, 2e+18, 2.8254197e+16
3.75, 0, 0, 5e+15, 0, 8.94703213e-22, 3.718e+18, 6.44e+20, 4.85, 4, 5.26973631, 116.280942, 1.25944174, 27597.0341, 0, 6.27497666e+14, 60.282084, 1105.16034, -3.13593911, -6.62864502, 5e+15, 1.36384585e+26, -25664.2117, -10146.1581, 300.001565, 117.196017, 116.280942, 1.28078819, 1.25944174, 5e+15, 7.78373179e-13, 1105.16034, 0.596963282, 1160.7574, -285.651351, -3.45282457e-13, -92.7839018, -1067.60605, -6.97599333e-13, -1157.04317, 0, 1.20000889e-08, 1.20000889e-08, 94237687.4, 91385718.6, 131033.123, 0.27, 3.332, -2983002.01, -285.651351, -1067.60605, 0, 1.49486069e+15, 0, 0, 2e+18, 3.03632616e+16
3.75, 0, 0, 1.5e+15, 0, 8.94703213e-22, 3.718e+18, 6.44e+20, 4.85, 4, 5.26973631, 116.280942, 1.25944174, 92114.3699, 0, 6.27497666e+14, 60.282084, 1105.16034, -3.13593911, -6.62864502, 1.5e+15, 1.36384585e+26, -25458.7376, -88526.3228, 300.001565, 117.196017, 116.280942, 1.28078819, 1.25944174, 1.5e+15, 7.78373179e-13, 1105.16034, 0.596963282, 1160.7574, -285.651351, -3.45282457e-13, -92.7839018, -1067.60605, -6.97599333e-13, -1157.04317, 0, 1.20000889e-08, 1.20000889e-08, 94237687.4, 91385718.6, 131033.123, 0.27, 3.332, -2983002.01, -285.651351, -1067.60605, 0, 1.49486069e+15, 0, 0, 2e+18, 3.03632616e+16
3.875, 0, 0, 1.5e+15, 0, 8.94690295e-22, 3.718e+18, 6.44e+20, 4.85, 4, 5.57636489, 116.280942, 1.25944174, 95232.7206, 0, 6.3162654e+14, 72.34084, 1059.31421, -3.44239809, -6.93998802, 1.5e+15, 1.37373072e+26, -26399.698, -91500.4208, 300.001519, 117.196023, 116.280942, 1.28078819, 1.25944174, 1.5e+15, 8.83647842e-13, 1059.31421, 0.596969454, 1147.08096, -327.329189, -4.51265679e-13, -193.574201, -1007.47317, -7.59732055e-13, -1130.62981, 0, 1.20000863e-08, 1.20000863e-08, 93040583.1, 90386067, 128218.247, 0.27, 3.332, -2782734.31, -327.329189, -1007.47317, 0, 1.49482699e+15, 0, 0, 2e+18, 2.90555249e+16
3.875, 0, 0, 5e+15, 0, 8.94690295e-22, 3.718e+18, 6.44e+20, 4.85, 4, 5.57636489, 116.280942, 1.25944174, 26677.8562, 0, 6.3162654e+14, 72.34084, 1059.31421, -3.44239809, -6.93998802, 5e+15, 1.37373072e+26, -24332.6573, -10937.5408, 300.001519, 117.196023, 116.280942, 1.28078819, 1.25944174, 5e+15, 8.83647842e-13, 1059.31421, 0.596969454, 1147.08096, -327.329189, -4.51265679e-13, -193.574201, -1007.47317, -7.59732055e-13, -1130.62981, 0, 1.20000863e-08, 1.20000863e-08, 93040583.1, 90386067, 128218.247, 0.27, 3.332, -2782734.31, -327.329189, -1007.47317, 0, 1.49482699e+15, 0, 0, 2e+18, 2.90555249e+16
4, 0, 0, 5e+15, 0, 8.94789866e-22, 3.718e+18, 6.44e+20, 4.85, 4, 5.87659989, 116.280942, 1.25944174, 26269.3192, 0, 7.08976583e+14, 84.6044799, 1317.91481, -3.73964666, -7.24427005, 5e+15, 1.53987695e+26, -23225.0508, -12274.9397, 300.001875, 117.196024, 116.280942, 1.28078819, 1.25944174, 5e+15, 1.05512483e-12, 1317.91481, 0.599805884, 1455.43061, -288.856144, -4.46046651e-13, -218.188454, -1285.86997, -9.56206459e-13, -1438.983, 0, 1.20001065e-08, 1.20001065e-08, 118614973, 115265200, 137120.205, 0.27, 3.332, -3486893.13, -288.856144, -1285.86997, 0, 1.49419593e+15, 0, 0, 2e+18, 3.16951545e+16
4, 0, 0, 1.5e+15, 0, 8.94789866e-22, 3.718e+18, 6.44e+20, 4.85, 4, 5.87659989, 116.280942, 1.25944174, 97314.2383, 0, 7.08976583e+14, 84.6044799, 1317.91481, -3.73964666, -7.24427005, 1.5e+15, 1.53987695e+26, -23008.436, -94555.1313, 300.001875, 117.196024, 116.280942, 1.28078819, 1.25944174, 1.5e+15, 1.05512483e-12, 1317.91481, 0.599805884, 1455.43061, -288.856144, -4.46046651e-13, -218.188454, -1285.86997, -9.56206459e-13, -1438.983, 0, 1.20001065e-08, 1.20001065e-08, 118614973, 115265200, 137120.205, 0.27, 3.332, -3486893.13, -288.856144, -1285.86997, 0, 1.49419593e+15, 0, 0, 2e+18, 3.16951545e+16
4.125, 0, 0, 1.5e+15, 0, 8.94801546e-22, 3.718e+18, 6.44e+20, 4.85, 4, 6.15157579, 116.280942, 1.25944174, 102081.038, 0, 7.26492279e+14, 105.244797, 1297.88008, -4.01399162, -7.52488938, 1.5e+15, 1.57868033e+26, -24935.9781, -98988.5612, 300.001916, 117.196027, 116.280942, 1.28078819, 1.25944174, 1.5e+15, 1.4557007e-12, 1297.88008, 0.599914501, 1479.2019, -344.527015, -7.00993284e-13, -360.201955, -1251.31684, -1.27580286e-12, -1434.67516, 0, 1.20001088e-08, 1.20001088e-08, 122111147, 118913292, 140322.773, 0.27, 3.332, -3338177.38, -344.527015, -1251.31684, 0, 1.4940531e+15, 0, 0, 2e+18, 3.0742401e+16
4.125, 0, 0, 5e+15, 0, 8.94801546e-22, 3.718e+18, 6.44e+20, 4.85, 4, 6.15157579, 116.280942, 1.25944174, 25585.6401, 0, 7.26492279e+14, 105.244797, 1297.88008, -4.01399162, -7.52488938, 5e+15, 1.57868033e+26, -21806.6408, -13382.6528, 300.001916, 117.196027, 116.280942, 1.28078819, 1.25944174, 5e+15, 1.4557007e-12, 1297.88008, 0.599914501, 1479.2019, -344.527015, -7.00993284e-13, -360.201955, -1251.31684, -1.27580286e-12, -1434.67516, 0, 1.20001088e-08, 1.20001088e-08, 122111147, 118913292, 140322.773, 0.27, 3.332, -3338177.38, -344.527015, -1251.31684, 0, 1.4940531e+15, 0, 0, 2e+18, 3.0742401e+16
4.25, 0, 0, 5e+15, 0, 8.94970151e-22, 3.718e+18, 6.44e+20, 4.85, 4, 6.42127369, 116.280941, 1.25944174, 25869.8553, 0, 8.36868533e+14, 125.120893, 1684.4584, -4.28003325, -7.79905718, 5e+15, 1.81547175e+26, -20898.0812, -15248.5938, 300.002519, 117.196027, 116.280941, 1.28078819, 1.25944174, 5e+15, 1.8859927e-12, 1684.4584, 0.603183861, 1912.66888, -304.505977, -5.96140712e-13, -390.27804, -1656.70644, -1.78929727e-12, -1872.42765, 0, 1.20001431e-08, 1.20001431e-08, 164331461, 160165504, 156638.908, 0.27, 3.332, -4322595.66, -304.505977, -1656.70644, 0, 1.49315369e+15, 0, 0, 2e+18, 3.40205415e+16
4.25, 0, 0, 1.5e+15, 0, 8.94970151e-22, 3.718e+18, 6.44e+20, 4.85, 4, 6.42127369, 116.280941, 1.25944174, 105558.337, 0, 8.36868533e+14, 125.120893, 1684.4584, -4.28003325, -7.79905718, 1.5e+15, 1.81547175e+26, -20801.0832, -103488.538, 300.002519, 117.196027, 116.280941, 1.28078819, 1.25944174, 1.5e+15, 1.8859927e-12, 1684.4584, 0.603183861, 1912.66888, -304.505977, -5.96140712e-13, -390.27804, -1656.70644, -1.78929727e-12, -1872.42765, 0, 1.20001431e-08, 1.20001431e-08, 164331461, 160165504, 156638.908, 0.27, 3.332, -4322595.66, -304.505977, -1656.70644, 0, 1.49315369e+15, 0, 0, 2e+18, 3.40205415e+16
4.375, 0, 0, 1.5e+15, 0, 8.95043835e-22, 3.718e+18, 6.44e+20, 4.85, 4, 6.67160286, 116.280941, 1.25944174, 113236.959, 0, 8.96506561e+14, 155.321142, 1768.0656, -4.52858287, -8.05497498, 1.5e+15, 1.94518979e+26, -25257.011, -110384.294, 300.002782, 117.196028, 116.280941, 1.28078819, 1.25944174, 1.5e+15, 3.04442461e-12, 1768.0656, 0.603859985, 2082.84265, -408.345827, -1.26263484e-12, -641.070099, -1720.26441, -2.77024809e-12, -1981.73224, 0, 1.2000158e-08, 1.2000158e-08, 184845073, 180667005, 166728.469, 0.27, 3.332, -4344795.93, -408.345827, -1720.26441, 0, 1.49266816e+15, 0, 0, 2e+18, 3.36576522e+16
4.375, 0, 0, 5e+15, 0, 8.95043835e-22, 3.718e+18, 6.44e+20, 4.85, 4, 6.67160286, 116.280941, 1.25944174, 26589.056, 0, 8.96506561e+14, 155.321142, 1768.0656, -4.52858287, -8.05497498, 5e+15, 1.94518979e+26, -20177.0342, -17316.6159, 300.002782, 117.196028, 116.280941, 1.28078819, 1.25944174, 5e+15, 3.04442461e-12, 1768.0656, 0.603859985, 2082.84265, -408.345827, -1.26263484e-12, -641.070099, -1720.26441, -2.77024809e-12, -1981.73224, 0, 1.2000158e-08, 1.2000158e-08, 184845073, 180667005, 166728.469, 0.27, 3.332, -4344795.93, -408.345827, -1720.26441, 0, 1.49266816e+15, 0, 0, 2e+18, 3.36576522e+16
4.5, 0, 0, 5e+15, 0, 8.95389651e-22, 3.718e+18, 6.44e+20, 4.85, 4, 6.93231492, 116.280938, 1.25944174, 29837.3118, 0, 1.11263662e+15, 189.589869, 2520.77982, -4.78371178, -8.32083645, 5e+15, 2.40844194e+26, -21260.5702, -20934.5009, 300.004018, 117.196028, 116.280938, 1.28078819, 1.25944174, 5e+15, 4.30715656e-12, 2520.77982, 0.60842905, 2897.83102, -415.426684, -1.16891357e-12, -779.856517, -2486.31284, -4.14550826e-12, -2790.9225, 0, 1.20002282e-08, 1.20002282e-08, 277528958, 271586295, 195405.029, 0.27, 3.332, -6138068.63, -415.426684, -2486.31284, 0, 1.49091127e+15, 0, 0, 2e+18, 3.82304738e+16
4.5, 0, 0, 1.5e+15, 0, 8.95389651e-22, 3.718e+18, 6.44e+20, 4.85, 4, 6.93231492, 116.280938, 1.25944174, 119180.483, 0, 1.11263662e+15, 189.589869, 2520.77982, -4.78371178, -8.32083645, 1.5e+15, 2.40844194e+26, -21910.4237, -117149.139, 300.004018, 117.196028, 116.280938, 1.28078819, 1.25944174, 1.5e+15, 4.30715656e-12, 2520.77982, 0.60842905, 2897.83102, -415.426684, -1.16891357e-12, -779.856517, -2486.31284, -4.14550826e-12, -2790.9225, 0, 1.20002282e-08, 1.20002282e-08, 277528958, 271586295, 195405.029, 0.27, 3.332, -6138068.63, -415.426684, -2486.31284, 0, 1.49091127e+15, 0, 0, 2e+18, 3.82304738e+16
4.625, 0, 0, 1.5e+15, 0, 8.95686635e-22, 3.718e+18, 6.44e+20, 4.85, 4, 7.21936346, 116.280914, 1.25944174, 132329.391, 0, 1.39055257e+15, 323.908451, 3212.25106, -5.06499622, -8.62172749, 1.5e+15, 3.00841925e+26, -34628.4896, -127718.188, 300.005078, 117.196025, 116.280914, 1.28078819, 1.25944174, 1.5e+15, 4.34054656e-11, 3212.25106, 0.611308332, 3870.16521, -819.066254, -1.89403174e-11, -1614.12697, -3106.07265, -3.90550741e-11, -3517.49525, 0, 1.20002884e-08, 1.20002884e-08, 396988654, 388909087, 204722.063, 0.27, 3.332, -8284288.36, -819.066254, -3106.07265, 0, 1.48865809e+15, 0, 0, 2e+18, 3.91965007e+16
4.625, 0, 0, 5e+15, 0, 8.95686635e-22, 3.718e+18, 6.44e+20, 4.85, 4, 7.21936346, 116.280914, 1.25944174, 37381.1047, 0, 1.39055257e+15, 323.908451, 3212.25106, -5.06499622, -8.62172749, 5e+15, 3.00841925e+26, -25647.2591, -27194.946, 300.005078, 117.196025, 116.280914, 1.28078819, 1.25944174, 5e+15, 4.34054656e-11, 3212.25106, 0.611308332, 3870.16521, -819.066254, -1.89403174e-11, -1614.12697, -3106.07265, -3.90550741e-11, -3517.49525, 0, 1.20002884e-08, 1.20002884e-08, 396988654, 388909087, 204722.063, 0.27, 3.332, -8284288.36, -819.066254, -3106.07265, 0, 1.48865809e+15, 0, 0, 2e+18, 3.91965007e+16
4.75, 0, 0, 5e+15, 0, 8.95292921e-22, 3.718e+18, 6.44e+20, 4.85, 4, 7.62491463, 116.27936, 1.25944174, 52696.3925, 0, 1.29741984e+15, 476.404089, 3386.49312, -5.47233867, -9.03725794, 5e+15, 2.81773779e+26, -29516.9756, -43653.8421, 300.003672, 117.195971, 116.27936, 1.28078819, 1.25944174, 5e+15, 7.4340872e-11, 3386.49312, 0.618586763, 4239.79108, -763.236876, -4.55010753e-12, -2042.68151, -3299.36435, -7.42014944e-11, -3715.27666, 0, 1.20002086e-08, 1.20002086e-08, 447650538, 440800828, -171923.519, 0.27, 3.332, -6677785.81, -763.236876, -3299.36435, 0, 1.48941226e+15, 0, 0, 2e+18, 3.16802683e+16
4.75, 0, 0, 1.5e+15, 0, 8.95292921e-22, 3.718e+18, 6.44e+20, 4.85, 4, 7.62491463, 116.27936, 1.25944174, 140079.502, 0, 1.29741984e+15, 476.404089, 3386.49312, -5.47233867, -9.03725794, 1.5e+15, 2.81773779e+26, -30164.73, -136793.114, 300.003672, 117.195971, 116.27936, 1.28078819, 1.25944174, 1.5e+15, 7.4340872e-11, 3386.49312, 0.618586763, 4239.79108, -763.236876, -4.55010753e-12, -2042.68151, -3299.36435, -7.42014944e-11, -3715.27666, 0, 1.20002086e-08, 1.20002086e-08, 447650538, 440800828, -171923.519, 0.27, 3.332, -6677785.81, -763.236876, -3299.36435, 0, 1.48941226e+15, 0, 0, 2e+18, 3.16802683e+16
4.875, 0, 0, 1.5e+15, 0, 8.9443192e-22, 3.718e+18, 6.44e+20, 4.85, 4, 7.97348171, 116.187778, 1.25944174, 156823.813, 0, 3.40070539e+14, 1036.0365, 910.200474, -5.85552102, -9.40592075, 1.5e+15, 7.42994238e+25, -35173.967, -152828.336, 300.000595, 117.196011, 116.187778, 1.28078819, 1.25944174, 1.5e+15, 2.38181472e-10, 910.200474, 0.619090142, 2459.22851, -418.319344, -8.28990359e-11, -2147.70669, -808.377282, -2.23289417e-10, -1197.98198, 0, 1.20000338e-08, 1.20000338e-08, 132710656, 131440973, -180923.85, 0.27, 3.332, -1088759.33, -418.319344, -808.377282, 0, 1.49721043e+15, 0, 0, 2e+18, 2.0156332e+16
4.875, 0, 0, 5e+15, 0, 8.9443192e-22, 3.718e+18, 6.44e+20, 4.85, 4, 7.97348171, 116.187778, 1.25944174, 78312.0629, 0, 3.40070539e+14, 1036.0365, 910.200474, -5.85552102, -9.40592075, 5e+15, 7.42994238e+25, -22439.5174, -75028.3097, 300.000595, 117.196011, 116.187778, 1.28078819, 1.25944174, 5e+15, 2.38181472e-10, 910.200474, 0.619090142, 2459.22851, -418.319344, -8.28990359e-11, -2147.70669, -808.377282, -2.23289417e-10, -1197.98198, 0, 1.20000338e-08, 1.20000338e-08, 132710656, 131440973, -180923.85, 0.27, 3.332, -1088759.33, -418.319344, -808.377282, 0, 1.49721043e+15, 0, 0, 2e+18, 2.0156332e+16
5, 0, 0, 5e+15, 0, 8.94281031e-22, 3.718e+18, 6.44e+20, 4.85, 4, 8.2090923, 114.795572, 1.25944174, 114777.205, 0, 3.80253379e+13, 2229.21269, 122.397155, -6.14777112, -9.66134235, 5e+15, 8.31679853e+24, -16012.1673, -113654.817, 300.000055, 117.196029, 114.795572, 1.28078819, 1.25944174, 5e+15, 4.07576401e-10, 122.397155, 0.618770739, 1598.41848, -66.7113978, -3.23441479e-11, -1493.85083, -102.61897, -4.06291002e-10, -568.639895, 0, 1.20000031e-08, 1.20000031e-08, 18686160.2, 18531428.8, -36613.6254, 0.27, 3.332, -118117.743, -66.7113978, -102.61897, 0, 1.49968757e+15, 0, 0, 2e+18, 1.81130192e+16
5, 0, 0, 1.5e+15, 0, 8.94281031e-22, 3.718e+18, 6.44e+20, 4.85, 4, 8.2090923, 114.795572, 1.25944174, 171296.489, 0, 3.80253379e+13, 2229.21269, 122.397155, -6.14777112, -9.66134235, 1.5e+15, 8.31679853e+24, -18562.5466, -170287.753, 300.000055, 117.196029, 114.795572, 1.28078819, 1.25944174, 1.5e+15, 4.07576401e-10, 122.397155, 0.618770739, 1598.41848, -66.7113978, -3.23441479e-11, -1493.85083, -102.61897, -4.06291002e-10, -568.639895, 0, 1.20000031e-08, 1.20000031e-08, 18686160.2, 18531428.8, -36613.6254, 0.27, 3.332, -118117.743, -66.7113978, -102.61897, 0, 1.49968757e+15, 0, 0, 2e+18, 1.81130192e+16
5.125, 0, 0, 1.5e+15, 0, 8.94267026e-22, 3.718e+18, 6.44e+20, 4.85, 4, 8.43754537, 110.911165, 1.25944174, 190520.889, 0, 3.40418689e+12, 14947.3158, 11.2920673, -6.4386116, -9.93898903, 1.5e+15, 7.45524787e+23, -32464.0722, -187734.635, 300.000005, 117.196029, 110.911165, 1.28078819, 1.25944174, 1.5e+15, 5.97946243e-09, 11.2920673, 0.614050728, 1488.02449, -6.88772802, -2.47856125e-09, -1383.03575, -8.94818343, -5.44157193e-09, -549.025495, 0, 1.20000003e-08, 1.20000003e-08, 1826944.73, 1818584.49, -4431.86887, 0.27, 3.332, -3928.36993, -6.88772803, -8.94818344, 0, 1.49997202e+15, 0, 0, 2e+18, 1.55399603e+16
5.125, 0, 0, 5e+15, 0, 8.94267026e-22, 3.718e+18, 6.44e+20, 4.85, 4, 8.43754537, 110.911165, 1.25944174, 145794.091, 0, 3.40418689e+12, 14947.3158, 11.2920673, -6.4386116, -9.93898903, 5e+15, 7.45524787e+23, -17911.4997, -144689.651, 300.000005, 117.196029, 110.911165, 1.28078819, 1.25944174, 5e+15, 5.97946243e-09, 11.2920673, 0.614050728, 1488.02449, -6.88772802, -2.47856125e-09, -1383.03575, -8.94818343, -5.44157193e-09, -549.025495, 0, 1.20000003e-08, 1.20000003e-08, 1826944.73, 1818584.49, -4431.86887, 0.27, 3.332, -3928.36993, -6.88772803, -8.94818344, 0, 1.49997202e+15, 0, 0, 2e+18, 1.55399603e+16
5.25, 0, 0, 5e+15, 0, 8.94265788e-22, 3.718e+18, 6.44e+20, 4.85, 4, 8.7190921, 106.154917, 1.25944174, 167161.503, 0, 3.70029718e+11, 29040.9933, 1.32864983, -6.77752862, -10.2377061, 5e+15, 8.101328e+22, -22666.9393, -165617.565, 300.000001, 117.196026, 106.154917, 1.28078819, 1.25944174, 5e+15, 1.10527543e-08, 1.32864982, 0.612154221, 1307.95333, -0.812149509, -2.67234414e-10, -1024.41789, -1.05153389, -1.10495232e-08, -813.209627, 0, 1.2e-08, 1.2e-08, 233757.697, 234284.973, -563.024898, 0.27, 3.332, 1090.3015, -0.812149509, -1.0515339, 0, 1.49999696e+15, 0, 0, 2e+18, 1.61305426e+16
5.25, 0, 0, 1.5e+15, 0, 8.94265788e-22, 3.718e+18, 6.44e+20, 4.85, 4, 8.7190921, 106.154917, 1.25944174, 205979.418, 0, 3.70029718e+11, 29040.9933, 1.32864983, -6.77752862, -10.2377061, 1.5e+15, 8.101328e+22, -24542.2942, -204512.094, 300.000001, 117.196026, 106.154917, 1.28078819, 1.25944174, 1.5e+15, 1.10527543e-08, 1.32864982, 0.612154221, 1307.95333, -0.812149509, -2.67234414e-10, -1024.41789, -1.05153389, -1.10495232e-08, -813.209627, 0, 1.2e-08, 1.2e-08, 233757.697, 234284.973, -563.024898, 0.27, 3.332, 1090.3015, -0.812149509, -1.0515339, 0, 1.49999696e+15, 0, 0, 2e+18, 1.61305426e+16
5.375, 0, 0, 1.5e+15, 0, 8.94265635e-22, 3.718e+18, 6.44e+20, 4.85, 4, 9.05110273, 101.648729, 1.25944174, 222360.845, 0, 4.28476603e+10, 73432.1589, 0.153947553, -7.16527451, -10.5936985, 1.5e+15, 9.38568679e+21, -38413.2886, -219017.727, 300, 117.196017, 101.648729, 1.28078819, 1.25944174, 1.5e+15, 3.36444953e-08, 0.153947521, 0.607228484, 1401.56736, -0.0966686357, -1.10705084e-08, -1063.97353, -0.119812412, -3.17709916e-08, -912.332932, 0, 1.2e-08, 1.2e-08, 28981.7161, 29188.7938, -71.8536416, 0.27, 3.332, 278.931334, -0.0966686467, -0.119812444, 0, 1.49999965e+15, 0, 0, 2e+18, 1.51284156e+16
5.375, 0, 0, 5e+15, 0, 8.94265635e-22, 3.718e+18, 6.44e+20, 4.85, 4, 9.05110273, 101.648729, 1.25944174, 182713.206, 0, 4.28476603e+10, 73432.1589, 0.153947553, -7.16527451, -10.5936985, 5e+15, 9.38568679e+21, -26870.6797, -180726.54, 300, 117.196017, 101.648729, 1.28078819, 1.25944174, 5e+15, 3.36444953e-08, 0.153947521, 0.607228484, 1401.56736, -0.0966686357, -1.10705084e-08, -1063.97353, -0.119812412, -3.17709916e-08, -912.332932, 0, 1.2e-08, 1.2e-08, 28981.7161, 29188.7938, -71.8536416, 0.27, 3.332, 278.931334, -0.0966686467, -0.119812444, 0, 1.49999965e+15, 0, 0, 2e+18, 1.51284156e+16
5.5, 0, 0, 5e+15, 0, 8.94265592e-22, 3.718e+18, 6.44e+20, 4.85, 4, 9.42884369, 97.1381262, 1.25944174, 196023.788, 0, 5.88824768e+09, 136192.274, 0.0220331437, -7.59432384, -10.9874084, 5e+15, 1.28896655e+21, -30307.3761, -193666.695, 300, 117.195995, 97.1381262, 1.28078819, 1.25944174, 5e+15, 5.65140553e-08, 0.0220330971, 0.605138271, 1483.79689, -0.0139808475, -4.77832797e-09, -815.018289, -0.0170291888, -5.63116865e-08, -1239.91871, 0, 1.2e-08, 1.2e-08, 4394.62737, 4445.40358, -10.5873386, 0.27, 3.332, 61.363556, -0.0139808523, -0.0170292451, 0, 1.49999995e+15, 0, 0, 2e+18, 1.64227753e+16
5.5, 0, 0, 1.5e+15, 0, 8.94265592e-22, 3.718e+18, 6.44e+20, 4.85, 4, 9.42884369, 97.1381262, 1.25944174, 235081.7, 0, 5.88824768e+09, 136192.274, 0.0220331437, -7.59432384, -10.9874084, 1.5e+15, 1.28896655e+21, -31610.2144, -232946.775, 300, 117.195995, 97.1381262, 1.28078819, 1.25944174, 1.5e+15, 5.65140553e-08, 0.0220330971, 0.605138271, 1483.79689, -0.0139808475, -4.77832797e-09, -815.018289, -0.0170291888, -5.63116865e-08, -1239.91871, 0, 1.2e-08, 1.2e-08, 4394.62737, 4445.40358, -10.5873386, 0.27, 3.332, 61.363556, -0.0139808523, -0.0170292451, 0, 1.49999995e+15, 0, 0, 2e+18, 1.64227753e+16
5.625, 0, 0, 1.5e+15, 0, 8.94265583e-22, 3.718e+18, 6.44e+20, 4.85, 4, 9.84135809, 92.6613246, 1.25944174, 250850.37, 0, 804388569, 1286478.83, 0.00300176224, -8.05830014, -11.4579761, 1.5e+15, 1.76148406e+20, -44026.1815, -246956.683, 300, 117.195963, 92.6613246, 1.28078819, 1.25944174, 1.5e+15, 6.48482897e-07, 0.00300113686, 0.600196037, 1601.10514, -0.00191683972, -2.67403977e-07, -914.102485, -0.00230923103, -5.90783531e-07, -1314.51677, 0, 1.2e-08, 1.2e-08, 635.787238, 645.268555, -1.52527703, 0.27, 3.332, 11.0065946, -0.00191710712, -0.00230982182, 0, 1.49999999e+15, 0, 0, 2e+18, 1.57033593e+16
5.625, 0, 0, 5e+15, 0, 8.94265583e-22, 3.718e+18, 6.44e+20, 4.85, 4, 9.84135809, 92.6613246, 1.25944174, 208701.829, 0, 804388569, 1286478.83, 0.00300176224, -8.05830014, -11.4579761, 5e+15, 1.76148406e+20, -33041.4825, -206069.682, 300, 117.195963, 92.6613246, 1.28078819, 1.25944174, 5e+15, 6.48482897e-07, 0.00300113686, 0.600196037, 1601.10514, -0.00191683972, -2.67403977e-07, -914.102485, -0.00230923103, -5.90783531e-07, -1314.51677, 0, 1.2e-08, 1.2e-08, 635.787238, 645.268555, -1.52527703, 0.27, 3.332, 11.0065946, -0.00191710712, -0.00230982182, 0, 1.49999999e+15, 0, 0, 2e+18, 1.57033593e+16
5.75, 0, 0, 5e+15, 0, 8.94265578e-22, 3.718e+18, 6.44e+20, 4.85, 4, 10.2861612, 88.1330515, 1.25944174, 221558.612, 0, 125666100, 2564366.49, 0.000482731324, -8.55109642, -11.920612, 5e+15, 2.74981484e+19, -35506.3012, -218695.041, 300, 117.195912, 88.1330515, 1.28078819, 1.25944174, 5e+15, 1.17598997e-06, 0.000481814122, 0.597967921, 1825.59312, -0.000313455607, -3.6861574e-08, -727.426668, -0.000365910414, -1.17541211e-06, -1674.40756, 0, 1.2e-08, 1.2e-08, 106.868203, 108.772705, -0.243826417, 0.27, 3.332, 2.14832761, -0.000313492469, -0.000367085826, 0, 1.5e+15, 0, 0, 2e+18, 1.71972445e+16
5.75, 0, 0, 1.5e+15, 0, 8.94265578e-22, 3.718e+18, 6.44e+20, 4.85, 4, 10.2861612, 88.1330515, 1.25944174, 263137.766, 0, 125666100, 2564366.49, 0.000482731324, -8.55109642, -11.920612, 1.5e+15, 2.74981484e+19, -36745.6032, -260559.484, 300, 117.195912, 88.1330515, 1.28078819, 1.25944174, 1.5e+15, 1.17598997e-06, 0.000481814122, 0.597967921, 1825.59312, -0.000313455607, -3.6861574e-08, -727.426668, -0.000365910414, -1.17541211e-06, -1674.40756, 0, 1.2e-08, 1.2e-08, 106.868203, 108.772705, -0.243826417, 0.27, 3.332, 2.14832761, -0.000313492469, -0.000367085826, 0, 1.5e+15, 0, 0, 2e+18, 1.71972445e+16
5.875, 0, 0, 1.5e+15, 0, 8.94265577e-22, 3.718e+18, 6.44e+20, 4.85, 4, 10.7599982, 83.6860009, 1.25944174, 279830.855, 0, 19035112.1, 7070263.06, 7.6039305e-05, -9.07372504, -12.4206677, 1.5e+15, 4.16689101e+18, -49477.9411, -275421.932, 300, 117.19584, 83.6860009, 1.28078819, 1.25944174, 1.5e+15, 3.46178901e-06, 7.28025584e-05, 0.593054268, 1920.51299, -4.73276531e-05, -1.14399134e-06, -862.039017, -5.53200305e-05, -3.2673027e-06, -1716.17565, 0, 1.2e-08, 1.2e-08, 18.0105995, 18.3735595, -0.0221481469, 0.27, 3.332, 0.385108167, -4.84716444e-05, -5.85873332e-05, 0, 1.5e+15, 0, 0, 2e+18, 1.65052957e+16
5.875, 0, 0, 5e+15, 0, 8.94265577e-22, 3.718e+18, 6.44e+20, 4.85, 4, 10.7599982, 83.6860009, 1.25944174, 234858.801, 0, 19035112.1, 7070263.06, 7.6039305e-05, -9.07372504, -12.4206677, 5e+15, 4.16689101e+18, -37843.285, -231789.867, 300, 117.19584, 83.6860009, 1.28078819, 1.25944174, 5e+15, 3.46178901e-06, 7.28025584e-05, 0.593054268, 1920.51299, -4.7327653e-05, -1.14399134e-06, -862.039017, -5.53200305e-05, -3.2673027e-06, -1716.17565, 0, 1.2e-08, 1.2e-08, 18.0105995, 18.3735595, -0.0221481469, 0.27, 3.332, 0.385108167, -4.84716443e-05, -5.85873332e-05, 0, 1.5e+15, 0, 0, 2e+18, 1.65052957e+16
6, 0, 0, 5e+15, 0, 8.94265576e-22, 3.718e+18, 6.44e+20, 4.85, 4, 11.2645746, 79.3219648, 1.25944174, 248821.537, 0, 3271111.96, 13915801.1, 1.77838018e-05, -9.62383095, -12.9427493, 5e+15, 7.15391879e+17, -40303.5586, -245535.701, 300, 117.195725, 79.3219648, 1.28078819, 1.25944174, 5e+15, 5.76974169e-06, 1.28094505e-05, 0.590691288, 2228.0054, -8.53372349e-06, -5.3501044e-07, -709.801841, -9.55288366e-06, -5.74488321e-06, -2111.91605, 0, 1.2e-08, 1.2e-08, 4.75897239, 4.86109534, 0.0269079925, 0.27, 3.332, 0.0752149523, -9.06873393e-06, -1.52977669e-05, 0, 1.5e+15, 0, 0, 2e+18, 1.81427096e+16
6, 0, 0, 1.5e+15, 0, 8.94265576e-22, 3.718e+18, 6.44e+20, 4.85, 4, 11.2645746, 79.3219648, 1.25944174, 292876.563, 0, 3271111.96, 13915801.1, 1.77838018e-05, -9.62383095, -12.9427493, 1.5e+15, 7.15391879e+17, -41671.6128, -289896.806, 300, 117.195725, 79.3219648, 1.28078819, 1.25944174, 1.5e+15, 5.76974169e-06, 1.28094505e-05, 0.590691288, 2228.0054, -8.53372349e-06, -5.3501044e-07, -709.801841, -9.55288366e-06, -5.74488321e-06, -2111.91605, 0, 1.2e-08, 1.2e-08, 4.75897239, 4.86109534, 0.0269079925, 0.27, 3.332, 0.0752149523, -9.06873393e-06, -1.52977669e-05, 0, 1.5e+15, 0, 0, 2e+18, 1.81427096e+16
6.125, 0, 0, 1.5e+15, 0, 8.94265576e-22, 3.718e+18, 6.44e+20, 4.85, 4, 11.8017885, 75.0843951, 1.25944174, 311479.622, 0, 544343.265, 108258431, 5.34087386e-05, -10.2074054, -13.5329986, 1.5e+15, 1.18883232e+17, -55878.8621, -306426.35, 300, 117.195541, 75.0843951, 1.28078819, 1.25944174, 1.5e+15, 5.13749109e-05, 2.12781162e-06, 0.585835565, 2299.09844, -1.41264949e-06, -2.10268828e-05, -875.077742, -1.59122712e-06, -4.68748512e-05, -2126.05093, 0, 1.2e-08, 1.2e-08, 16.4842922, 16.6930806, 0.242810843, 0.27, 3.332, -0.0340224132, -2.24395323e-05, -4.84660783e-05, 0, 1.5e+15, 0, 0, 2e+18, 1.74408992e+16
6.125, 0, 0, 5e+15, 0, 8.94265576e-22, 3.718e+18, 6.44e+20, 4.85, 4, 11.8017885, 75.0843951, 1.25944174, 263601.501, 0, 544343.265, 108258431, 5.34087386e-05, -10.2074054, -13.5329986, 5e+15, 1.18883232e+17, -42925.139, -260083.033, 300, 117.195541, 75.0843951, 1.28078819, 1.25944174, 5e+15, 5.13749109e-05, 2.12781163e-06, 0.585835565, 2299.09844, -1.41264949e-06, -2.10268828e-05, -875.077742, -1.59122712e-06, -4.68748512e-05, -2126.05093, 0, 1.2e-08, 1.2e-08, 16.4842922, 16.6930806, 0.242810843, 0.27, 3.332, -0.0340224132, -2.24395323e-05, -4.84660783e-05, 0, 1.5e+15, 0, 0, 2e+18, 1.74408992e+16
6.25, 0, 0, 5e+15, 0, 8.94265576e-22, 3.718e+18, 6.44e+20, 4.85, 4, 12.3741143, 71.0126339, 1.25944174, 279265.963, 0, 102873.208, 214163175, 9.23795106e-05, -10.8228029, -14.1229611, 5e+15, 2.22091538e+16, -45811.457, -275482.828, 300, 117.195243, 71.0126339, 1.28078819, 1.25944174, 5e+15, 9.20664834e-05, 4.11873009e-07, 0.583395184, 2673.46642, -2.81316148e-07, -3.9542304e-06, -740.75819, -3.00833177e-07, -9.19815276e-05, -2568.79349, 0, 1.2e-08, 1.2e-08, 29.8875667, 30.2765753, 0.486233436, 0.27, 3.332, -0.0972248695, -4.23554655e-06, -9.22823608e-05, 0, 1.5e+15, 0, 0, 2e+18, 1.92343859e+16
6.25, 0, 0, 1.5e+15, 0, 8.94265576e-22, 3.718e+18, 6.44e+20, 4.85, 4, 12.3741143, 71.0126339, 1.25944174, 325976.756, 0, 102873.208, 214163175, 9.23795106e-05, -10.8228029, -14.1229611, 1.5e+15, 2.22091538e+16, -47392.9066, -322513.19, 300, 117.195243, 71.0126339, 1.28078819, 1.25944174, 1.5e+15, 9.20664834e-05, 4.11873009e-07, 0.583395184, 2673.46642, -2.81316148e-07, -3.9542304e-06, -740.75819, -3.00833177e-07, -9.19815276e-05, -2568.79349, 0, 1.2e-08, 1.2e-08, 29.8875667, 30.2765753, 0.486233436, 0.27, 3.332, -0.0972248695, -4.23554655e-06, -9.22823608e-05, 0, 1.5e+15, 0, 0, 2e+18, 1.92343859e+16
6.375, 0, 0, 1.5e+15, 0, 8.94265576e-22, 3.718e+18, 6.44e+20, 4.85, 4, 12.9866112, 67.0778766, 1.25944174, 347048.357, 0, 19015.4899, 586397819, 0.000269464623, -11.4789443, -14.7614977, 1.5e+15, 3.88331191e+15, -63678.3431, -341156.314, 300, 117.194719, 67.0778766, 1.28078819, 1.25944174, 1.5e+15, 0.000269394802, 7.58771984e-08, 0.578685375, 2727.13802, -5.14818016e-08, -9.06972607e-05, -939.213131, -5.57402328e-08, -0.000253668221, -2560.30477, 0, 1.2e-08, 1.2e-08, 94.3707773, 95.3814649, 1.31459187, 0.27, 3.332, -0.303904268, -9.07487425e-05, -0.000253723961, 0, 1.5e+15, 0, 0, 2e+18, 1.8529513e+16
6.375, 0, 0, 5e+15, 0, 8.94265576e-22, 3.718e+18, 6.44e+20, 4.85, 4, 12.9866112, 67.0778766, 1.25944174, 296008.47, 0, 19015.4899, 586397819, 0.000269464623, -11.4789443, -14.7614977, 5e+15, 3.88331191e+15, -49030.3865, -291919.57, 300, 117.194719, 67.0778766, 1.28078819, 1.25944174, 5e+15, 0.000269394802, 7.58771984e-08, 0.578685375, 2727.13802, -5.14818002e-08, -9.06972607e-05, -939.213131, -5.57402322e-08, -0.000253668221, -2560.30477, 0, 1.2e-08, 1.2e-08, 94.3707773, 95.3814649, 1.31459187, 0.27, 3.332, -0.303904268, -9.07487425e-05, -0.000253723961, 0, 1.5e+15, 0, 0, 2e+18, 1.8529513e+16
6.5, 0, 0, 5e+15, 0, 8.94265576e-22, 3.718e+18, 6.44e+20, 4.85, 4, 13.6422853, 63.3386742, 1.25944174, 313843.309, 0, 4108.97927, 1.14633459e+09, 0.000447118783, -12.1742258, -15.4345011, 5e+15, 5.91845634e+14, -52674.8324, -309391.313, 300, 117.193843, 63.3386742, 1.28078819, 1.25944174, 5e+15, 0.000447105627, 1.66726415e-08, 0.576227268, 3167.73148, -1.15506427e-08, -4.63350951e-05, -814.992784, -1.20232952e-08, -0.000444698213, -3061.09613, 0, 1.2e-08, 1.2e-08, 162.082484, 164.097726, 2.59263817, 0.27, 3.332, -0.5773966, -4.63466458e-05, -0.000444710237, 0, 1.5e+15, 0, 0, 2e+18, 2.05188375e+16
6.5, 0, 0, 1.5e+15, 0, 8.94265576e-22, 3.718e+18, 6.44e+20, 4.85, 4, 13.6422853, 63.3386742, 1.25944174, 363375.257, 0, 4108.97927, 1.14633459e+09, 0.000447118783, -12.1742258, -15.4345011, 1.5e+15, 5.91845634e+14, -54565.4779, -359255.044, 300, 117.193843, 63.3386742, 1.28078819, 1.25944174, 1.5e+15, 0.000447105627, 1.66726415e-08, 0.576227268, 3167.73148, -1.15506427e-08, -4.63350951e-05, -814.992784, -1.20232952e-08, -0.000444698213, -3061.09613, 0, 1.2e-08, 1.2e-08, 162.082484, 164.097726, 2.59263817, 0.27, 3.332, -0.5773966, -4.63466458e-05, -0.000444710237, 0, 1.5e+15, 0, 0, 2e+18, 2.05188375e+16
6.625, 0, 0, 1.5e+15, 0, 8.94265576e-22, 3.718e+18, 6.44e+20, 4.85, 4, 14.3507481, 59.6933382, 1.25944174, 387866.403, 0, 982.927502, 6.90694386e+09, 0.00306274861, -12.9196673, -16.1893931, 1.5e+15, -8.06588172e+13, -73801.2613, -380780.41, 300, 117.192115, 59.6933382, 1.28078819, 1.25944174, 1.5e+15, 0.00306274496, 3.81493773e-09, 0.571748723, 3217.01382, -2.49612893e-09, -0.00124484334, -1056.97383, -2.88497717e-09, -0.00279835161, -3038.41805, 0, 1.2e-08, 1.2e-08, 1189.85031, 1200.50611, 14.4572359, 0.27, 3.332, -3.8014357, -0.00124484584, -0.00279835449, 0, 1.5e+15, 0, 0, 2e+18, 1.98100367e+16
6.625, 0, 0, 5e+15, 0, 8.94265576e-22, 3.718e+18, 6.44e+20, 4.85, 4, 14.3507481, 59.6933382, 1.25944174, 333159.561, 0, 982.927502, 6.90694386e+09, 0.00306274861, -12.9196673, -16.1893931, 5e+15, -8.0658796e+13, -56843.7545, -328274.399, 300, 117.192115, 59.6933382, 1.28078819, 1.25944174, 5e+15, 0.00306274496, 3.81493813e-09, 0.571748723, 3217.01382, -2.49612893e-09, -0.00124484334, -1056.97383, -2.88497717e-09, -0.00279835161, -3038.41805, 0, 1.2e-08, 1.2e-08, 1189.85031, 1200.50611, 14.4572359, 0.27, 3.332, -3.8014357, -0.00124484584, -0.00279835449, 0, 1.5e+15, 0, 0, 2e+18, 1.98100367e+16
6.75, 0, 0, 5e+15, 0, 8.94265577e-22, 3.718e+18, 6.44e+20, 4.85, 4, 15.1140224, 56.255319, 1.25944174, 353855.041, 0, 380.461064, 1.3481645e+10, 0.00539494283, -13.7074791, -16.9699573, 5e+15, -2.45614295e+14, -61536.0738, -348463.343, 300, 117.189174, 56.255319, 1.28078819, 1.25944174, 5e+15, 0.00539494167, 1.37192341e-09, 0.569391802, 3733.28775, -8.01321611e-10, -0.00033753144, -936.489449, -1.11357869e-09, -0.00538437258, -3613.92099, 0, 1.2e-08, 1.2e-08, 2180.58699, 2203.05514, 28.5085185, 0.27, 3.332, -6.04037103, -0.000337532241, -0.0053843737, 0, 1.5e+15, 0, 0, 2e+18, 2.20323599e+16
6.75, 0, 0, 1.5e+15, 0, 8.94265577e-22, 3.718e+18, 6.44e+20, 4.85, 4, 15.1140224, 56.255319, 1.25944174, 406655.468, 0, 380.461064, 1.3481645e+10, 0.00539494283, -13.7074791, -16.9699573, 1.5e+15, -2.45614295e+14, -63830.2982, -401614.694, 300, 117.189174, 56.255319, 1.28078819, 1.25944174, 1.5e+15, 0.00539494167, 1.37192341e-09, 0.569391802, 3733.28775, -8.01321611e-10, -0.00033753144, -936.489449, -1.11357869e-09, -0.00538437258, -3613.92099, 0, 1.2e-08, 1.2e-08, 2180.58699, 2203.05514, 28.5085185, 0.27, 3.332, -6.04037103, -0.000337532241, -0.0053843737, 0, 1.5e+15, 0, 0, 2e+18, 2.20323599e+16
6.875, 0, 0, 1.5e+15, 0, 8.94265579e-22, 3.718e+18, 6.44e+20, 4.85, 4, 15.9465056, 52.8852956, 1.25944174, 435348.651, 0, 235.665377, 3.7034688e+10, 0.0159873645, -14.5523446, -17.8285646, 1.5e+15, -2.66810824e+14, -86771.3172, -426613.626, 300, 117.182865, 52.8852956, 1.28078819, 1.25944174, 1.5e+15, 0.0159873637, 7.80656909e-10, 0.565278633, 3789.22599, -3.61120817e-10, -0.00559581927, -1235.6211, -6.9211077e-10, -0.0149760677, -3582.1047, 0, 1.2e-08, 1.2e-08, 7034.39697, 7086.50159, 77.0863224, 0.27, 3.332, -24.9816984, -0.00559581963, -0.0149760684, 0, 1.5e+15, 0, 8.60858273e-12, 2e+18, 2.13349643e+16
6.875, 0, 0, 5e+15, 0, 8.94265579e-22, 3.718e+18, 6.44e+20, 4.85, 4, 15.9465056, 52.8852956, 1.25944174, 376477.4, 0, 235.665377, 3.7034688e+10, 0.0159873645, -14.5523446, -17.8285646, 5e+15, -2.66810813e+14, -66995.1741, -370468.459, 300, 117.182865, 52.8852956, 1.28078819, 1.25944174, 5e+15, 0.0159873637, 7.80657135e-10, 0.565278633, 3789.22599, -3.61120817e-10, -0.00559581927, -1235.6211, -6.9211077e-10, -0.0149760677, -3582.1047, 0, 1.2e-08, 1.2e-08, 7034.39697, 7086.50159, 77.0863224, 0.27, 3.332, -24.9816984, -0.00559581963, -0.0149760684, 0, 1.5e+15, 0, 8.60858273e-12, 2e+18, 2.13349643e+16
7, 0, 0, 5e+15, 0, 8.94265582e-22, 3.718e+18, 6.44e+20, 4.85, 4, 16.8506629, 49.7245307, 1.25944174, 400849.623, 0, 218.319073, 7.21446972e+10, 0.0264034715, -15.4584785, -18.7499606, 5e+15, -3.08250077e+14, -73260.3958, -394098.128, 300, 117.17154, 49.7245307, 1.28078819, 1.25944174, 5e+15, 0.0264034708, 7.16416177e-10, 0.563149024, 4393.13884, -3.23770686e-10, -0.00331953918, -1119.31076, -6.39081123e-10, -0.0261939675, -4248.15399, 0, 1.2e-08, 1.2e-08, 12042.5508, 12152.0048, 152.162667, 0.27, 3.332, -42.7087275, -0.00331953951, -0.0261939681, 0, 1.5e+15, 0, 2.64784046e-11, 2e+18, 2.38545669e+16
7, 0, 0, 1.5e+15, 0, 8.94265582e-22, 3.718e+18, 6.44e+20, 4.85, 4, 16.8506629, 49.7245307, 1.25944174, 457093.712, 0, 218.319073, 7.21446972e+10, 0.0264034715, -15.4584785, -18.7499606, 1.5e+15, -3.08250077e+14, -76132.655, -450708.865, 300, 117.17154, 49.7245307, 1.28078819, 1.25944174, 1.5e+15, 0.0264034708, 7.16416177e-10, 0.563149024, 4393.13884, -3.23770686e-10, -0.00331953918, -1119.31076, -6.39081123e-10, -0.0261939675, -4248.15399, 0, 1.2e-08, 1.2e-08, 12042.5508, 12152.0048, 152.162667, 0.27, 3.332, -42.7087275, -0.00331953951, -0.0261939681, 0, 1.5e+15, 0, 2.64784046e-11, 2e+18, 2.38545669e+16
7.125, 0, 0, 1.5e+15, 0, 8.94265613e-22, 3.718e+18, 6.44e+20, 4.85, 4, 17.8498219, 46.5826851, 1.25944174, 491632.578, 14287988.1, 209.96204, 3.39469801e+11, 0.141762422, -16.4586465, -19.789157, 1.5e+15, -2.99985779e+14, -104329.822, -480435.095, 300, 117.144168, 46.5826851, 1.28078819, 1.25944174, 1.5e+15, 0.141762421, 6.882179e-10, 0.559530516, 4478.63287, -3.05310023e-10, -0.0579070804, -1501.84292, -6.16789894e-10, -0.129396113, -4219.31514, 0, 1.2e-08, 1.2e-08, 70146.095, 70560.1741, 665.561215, 0.27, 3.332, -251.482133, -0.0579070807, -0.129396114, 0, 1.5e+15, 1.08395997e-10, 3.98782922e-10, 2e+18, 2.31794504e+16
7.125, 0, 0, 5e+15, 0, 8.94265613e-22, 3.718e+18, 6.44e+20, 4.85, 4, 17.8498219, 46.5826851, 1.25944174, 427911.136, 14287988.1, 209.96204, 3.39469801e+11, 0.141762422, -16.4586465, -19.789157, 5e+15, -2.99985779e+14, -80702.1812, -420232.195, 300, 117.144168, 46.5826851, 1.28078819, 1.25944174, 5e+15, 0.141762421, 6.882179e-10, 0.559530516, 4478.63287, -3.05309924e-10, -0.0579070804, -1501.84292, -6.16789857e-10, -0.129396113, -4219.31514, 0, 1.2e-08, 1.2e-08, 70146.095, 70560.1741, 665.561215, 0.27, 3.332, -251.482133, -0.0579070807, -0.129396114, 0, 1.5e+15, 1.08395997e-10, 3.98782922e-10, 2e+18, 2.31794504e+16
7.25, 0, 0, 5e+15, 0, 8.94265643e-22, 3.718e+18, 6.44e+20, 4.85, 4, 18.945734, 43.6555177, 1.25944174, 457289.622, 307742550, 222.804957, 6.59991656e+11, 0.243890528, -17.5530238, -20.9022566, 5e+15, -3.40424418e+14, -89273.081, -448490.931, 300, 117.092304, 43.6555177, 1.28078819, 1.25944174, 5e+15, 0.243890527, 7.53730451e-10, 0.557811017, 5191.69823, -3.77733686e-10, -0.0255431054, -1390.35296, -6.52247541e-10, -0.242549251, -5002.06449, 0, 1.2e-08, 1.2e-08, 125621.88, 126557.013, 1317.45999, 0.27, 3.332, -382.326648, -0.0255431058, -0.242549251, 0, 1.5e+15, 5.27171133e-10, 2.45549799e-09, 2e+18, 2.60731483e+16
7.25, 0, 0, 1.5e+15, 0, 8.94265643e-22, 3.718e+18, 6.44e+20, 4.85, 4, 18.945734, 43.6555177, 1.25944174, 517360.435, 307742550, 222.804957, 6.59991656e+11, 0.243890528, -17.5530238, -20.9022566, 1.5e+15, -3.40424418e+14, -92953.9819, -508941.428, 300, 117.092304, 43.6555177, 1.28078819, 1.25944174, 1.5e+15, 0.243890527, 7.53730451e-10, 0.557811017, 5191.69823, -3.77733686e-10, -0.0255431054, -1390.35296, -6.52247541e-10, -0.242549251, -5002.06449, 0, 1.2e-08, 1.2e-08, 125621.88, 126557.013, 1317.45999, 0.27, 3.332, -382.326648, -0.0255431058, -0.242549251, 0, 1.5e+15, 5.27171133e-10, 2.45549799e-09, 2e+18, 2.60731483e+16
7.375, 0, 0, 1.5e+15, 0, 8.94265818e-22, 3.718e+18, 6.44e+20, 4.85, 4, 20.1736715, 40.7237624, 1.25944174, 559340.598, 1.43774806e+10, 223.708017, 1.94520109e+12, 0.801637423, -18.7808567, -22.1581374, 1.5e+15, -3.31110524e+14, -128147.95, -544463.045, 300.000001, 116.95327, 40.7237624, 1.28078819, 1.25944174, 1.5e+15, 0.801637423, 7.65900442e-10, 0.554859356, 5330.79563, -3.93226447e-10, -0.307907514, -1892.59412, -6.57249174e-10, -0.740145608, -4983.5198, 0, 1.2e-08, 1.2e-08, 453830.27, 456361.697, 3822.75495, 0.27, 3.332, -1291.32794, -0.307907514, -0.740145608, 0, 1.5e+15, 4.97048255e-09, 3.21067211e-08, 2e+18, 2.54630405e+16
7.375, 0, 0, 5e+15, 0, 8.94265818e-22, 3.718e+18, 6.44e+20, 4.85, 4, 20.1736715, 40.7237624, 1.25944174, 490331.363, 1.43774806e+10, 223.708017, 1.94520109e+12, 0.801637423, -18.7808567, -22.1581374, 5e+15, -3.31110524e+14, -99687.9528, -480090.781, 300.000001, 116.95327, 40.7237624, 1.28078819, 1.25944174, 5e+15, 0.801637423, 7.65900442e-10, 0.554859356, 5330.79563, -3.93226424e-10, -0.307907514, -1892.59412, -6.57249166e-10, -0.740145608, -4983.5198, 0, 1.2e-08, 1.2e-08, 453830.27, 456361.697, 3822.75495, 0.27, 3.332, -1291.32794, -0.307907514, -0.740145608, 0, 1.5e+15, 4.97048255e-09, 3.21067211e-08, 2e+18, 2.54630405e+16
7.5, 0, 0, 5e+15, 0, 8.94266001e-22, 3.718e+18, 6.44e+20, 4.85, 4, 21.5385837, 38.0107129, 1.25944174, 526530.244, 2.09653332e+11, 239.471155, 3.91671287e+12, 1.32826272, -20.1440086, -23.5411431, 5e+15, -3.78491191e+14, -112073.848, -514464.333, 300.000002, 116.663971, 38.0107129, 1.28078819, 1.25944174, 5e+15, 1.32826272, 8.64372911e-10, 0.553750898, 6175.17197, -5.05609822e-10, -0.246785192, -1802.80724, -7.01070065e-10, -1.30513559, -5906.15229, 0, 1.20000001e-08, 1.20000001e-08, 782956.39, 788678.111, 7864.7344, 0.27, 3.332, -2143.01304, -0.246785193, -1.30513559, 0, 1.5e+15, 1.9182425e-08, 1.60682019e-07, 2e+18, 2.88632589e+16
7.5, 0, 0, 1.5e+15, 0, 8.94266001e-22, 3.718e+18, 6.44e+20, 4.85, 4, 21.5385837, 38.0107129, 1.25944174, 589979.406, 2.09653332e+11, 239.471155, 3.91671287e+12, 1.32826272, -20.1440086, -23.5411431, 1.5e+15, -3.78491191e+14, -117020.539, -578257.636, 300.000002, 116.663971, 38.0107129, 1.28078819, 1.25944174, 1.5e+15, 1.32826272, 8.64372911e-10, 0.553750898, 6175.17197, -5.05609822e-10, -0.246785192, -1802.80724, -7.01070065e-10, -1.30513559, -5906.15229, 0, 1.20000001e-08, 1.20000001e-08, 782956.39, 788678.111, 7864.7344, 0.27, 3.332, -2143.01304, -0.246785193, -1.30513559, 0, 1.5e+15, 1.9182425e-08, 1.60682019e-07, 2e+18, 2.88632589e+16
7.625, 0, 0, 1.5e+15, 0, 8.94267944e-22, 3.718e+18, 6.44e+20, 4.85, 4, 23.0991849, 35.2495988, 1.25944174, 643022.806, 9.06449974e+12, 283.533749, 1.58397279e+13, 6.33016554, -21.7002435, -25.1378666, 1.5e+15, -3.63281982e+14, -163016.974, -622015.912, 300.000008, 115.785392, 35.2495988, 1.28078819, 1.25944174, 1.5e+15, 6.33016554, 1.01730585e-09, 0.551641302, 6422.01332, -5.83255757e-10, -2.75364329, -2495.05521, -8.33500997e-10, -5.69986355, -5917.51253, 0, 1.20000005e-08, 1.20000005e-08, 4112631.96, 4132826.03, 29804.8227, 0.27, 3.332, -9610.74807, -2.75364329, -5.69986355, 0, 1.5e+15, 1.10681926e-06, 1.75918697e-06, 2e+18, 2.84872936e+16
7.625, 0, 0, 5e+15, 0, 8.94267944e-22, 3.718e+18, 6.44e+20, 4.85, 4, 23.0991849, 35.2495988, 1.25944174, 568144.356, 9.06449974e+12, 283.533749, 1.58397279e+13, 6.33016554, -21.7002435, -25.1378666, 5e+15, -3.63281982e+14, -127589.504, -553632.484, 300.000008, 115.785392, 35.2495988, 1.28078819, 1.25944174, 5e+15, 6.33016554, 1.01730585e-09, 0.551641302, 6422.01332, -5.83255757e-10, -2.75364329, -2495.05521, -8.33500997e-10, -5.69986355, -5917.51253, 0, 1.20000005e-08, 1.20000005e-08, 4112631.96, 4132826.03, 29804.8227, 0.27, 3.332, -9610.74807, -2.75364329, -5.69986355, 0, 1.5e+15, 1.10681926e-06, 1.75918697e-06, 2e+18, 2.84872936e+16
7.75, 0, 0, 5e+15, 0, 8.94269842e-22, 3.718e+18, 6.44e+20, 4.85, 4, 24.8656412, 32.721535, 1.25944174, 614323.888, 1.45696295e+14, 497.183243, 3.27372982e+13, 10.7044669, -23.4521806, -26.9230913, 5e+15, -3.80592756e+14, -146503.371, -596599.197, 300.000015, 113.865921, 32.721535, 1.28078819, 1.25944174, 5e+15, 10.7044669, 1.82634543e-09, 0.551420275, 7432.41291, -1.08059298e-09, -2.35269544, -2457.17791, -1.47236423e-09, -10.4427217, -7014.48775, 0, 1.20000009e-08, 1.20000009e-08, 7285427.94, 7333312.89, 63308.0215, 0.27, 3.332, -15423.08, -2.35269545, -10.4427217, 0, 1.5e+15, 2.63987449e-06, 8.86270879e-06, 2e+18, 3.27489805e+16
7.75, 0, 0, 1.5e+15, 0, 8.94269842e-22, 3.718e+18, 6.44e+20, 4.85, 4, 24.8656412, 32.721535, 1.25944174, 680707.227, 1.45696295e+14, 497.183243, 3.27372982e+13, 10.7044669, -23.4521806, -26.9230913, 1.5e+15, -3.80592756e+14, -153480.765, -663178.696, 300.000015, 113.865921, 32.721535, 1.28078819, 1.25944174, 1.5e+15, 10.7044669, 1.82634543e-09, 0.551420275, 7432.41291, -1.08059298e-09, -2.35269544, -2457.17791, -1.47236423e-09, -10.4427217, -7014.48775, 0, 1.20000009e-08, 1.20000009e-08, 7285427.94, 7333312.89, 63308.0215, 0.27, 3.332, -15423.08, -2.35269545, -10.4427217, 0, 1.5e+15, 2.63987449e-06, 8.86270879e-06, 2e+18, 3.27489805e+16
7.875, 0, 0, 1.5e+15, 0, 8.94285192e-22, 3.718e+18, 6.44e+20, 4.85, 4, 26.9362041, 30.1310977, 1.25944174, 750018.062, 4.94169831e+15, 12182.2278, 1.10499577e+14, 42.0620217, -25.4400487, -29.025103, 1.5e+15, 2.14616276e+15, -216427.046, -718113.102, 300.00007, 108.390213, 30.1310977, 1.28078819, 1.25944174, 1.5e+15, 42.0620217, 4.02570621e-08, 0.550380344, 7854.34113, -1.7583773e-08, -19.3028833, -3445.87751, -3.62138368e-08, -37.3712772, -7058.08776, 0, 1.2000004e-08, 1.2000004e-08, 31908265.5, 32056226.9, 204602.32, 0.27, 3.332, -56640.8895, -19.3028834, -37.3712773, 0, 1.5e+15, 8.33077545e-05, 8.83461815e-05, 2e+18, 3.34300896e+16
7.875, 0, 0, 5e+15, 0, 8.94285192e-22, 3.718e+18, 6.44e+20, 4.85, 4, 26.9362041, 30.1310977, 1.25944174, 668533.389, 4.94169831e+15, 12182.2278, 1.10499577e+14, 42.0620217, -25.4400487, -29.025103, 5e+15, 2.14616276e+15, -171181.626, -646245.884, 300.00007, 108.390213, 30.1310977, 1.28078819, 1.25944174, 5e+15, 42.0620217, 4.02570621e-08, 0.550380344, 7854.34113, -1.7583773e-08, -19.3028833, -3445.87751, -3.62138368e-08, -37.3712772, -7058.08776, 0, 1.2000004e-08, 1.2000004e-08, 31908265.5, 32056226.9, 204602.32, 0.27, 3.332, -56640.8895, -19.3028834, -37.3712773, 0, 1.5e+15, 8.33077545e-05, 8.83461815e-05, 2e+18, 3.34300896e+16
8, 0, 0, 5e+15, 0, 8.94300928e-22, 3.718e+18, 6.44e+20, 4.85, 4, 29.3457649, 27.7895395, 1.25944174, 729851.572, 6.34901465e+16, 75319.5644, 2.39427833e+14, 70.5000135, -27.8025134, -31.4546536, 5e+15, 1.5706867e+16, -203008.942, -701049.703, 300.000126, 99.2129264, 27.7895395, 1.28078819, 1.25944174, 5e+15, 70.5000133, 2.7356531e-07, 0.551389665, 9053.84886, -1.37949219e-07, -23.6811565, -3536.77489, -2.36237152e-07, -66.403725, -8334.47074, 0, 1.20000072e-08, 1.20000072e-08, 56261058.9, 56620674.8, 457061.041, 0.27, 3.332, -97445.1488, -23.6811566, -66.4037253, 0, 1.5e+15, 0.000192120913, 0.000344221757, 2e+18, 3.97632994e+16
8, 0, 0, 1.5e+15, 0, 8.94300928e-22, 3.718e+18, 6.44e+20, 4.85, 4, 29.3457649, 27.7895395, 1.25944174, 797928.791, 6.34901465e+16, 75319.5644, 2.39427833e+14, 70.5000135, -27.8025134, -31.4546536, 1.5e+15, 1.5706867e+16, -213724.04, -768773.302, 300.000126, 99.2129264, 27.7895395, 1.28078819, 1.25944174, 1.5e+15, 70.5000133, 2.7356531e-07, 0.551389665, 9053.84886, -1.37949219e-07, -23.6811565, -3536.77489, -2.36237152e-07, -66.403725, -8334.47074, 0, 1.20000072e-08, 1.20000072e-08, 56261058.9, 56620674.8, 457061.041, 0.27, 3.332, -97445.1488, -23.6811566, -66.4037253, 0, 1.5e+15, 0.000192120913, 0.000344221757, 2e+18, 3.97632994e+16
8.125, 0, 0, 1.5e+15, 0, 8.94438925e-22, 3.718e+18, 6.44e+20, 4.85, 4, 32.2793051, 25.3597118, 1.25944174, 892813.029, 1.88897179e+18, 8782831.06, 7.86804229e+14, 272.534626, -30.6130297, -34.4189501, 1.5e+15, 1.89677419e+18, -306140.133, -838685.474, 300.00062, 84.2389684, 25.3597118, 1.28078819, 1.25944174, 1.5e+15, 272.534597, 2.91875166e-05, 0.551701531, 9780.17457, -1.2840301e-05, -143.469803, -4971.59816, -2.62114059e-05, -231.714311, -8422.29342, 0, 1.20000352e-08, 1.20000352e-08, 244915302, 246009645, 1411446.59, 0.27, 3.332, -317104.082, -143.469816, -231.714337, 0, 1.5e+15, 0.00288572624, 0.00992022451, 2e+18, 4.31611667e+16
8.125, 0, 0, 5e+15, 0, 8.94438925e-22, 3.718e+18, 6.44e+20, 4.85, 4, 32.2793051, 25.3597118, 1.25944174, 804431.803, 1.88897179e+18, 8782831.06, 7.86804229e+14, 272.534626, -30.6130297, -34.4189501, 5e+15, 1.89677419e+18, -246712.633, -765665.333, 300.00062, 84.2389684, 25.3597118, 1.28078819, 1.25944174, 5e+15, 272.534597, 2.91875166e-05, 0.551701531, 9780.17457, -1.2840301e-05, -143.469803, -4971.59816, -2.62114059e-05, -231.714311, -8422.29342, 0, 1.20000352e-08, 1.20000352e-08, 244915302, 246009645, 1411446.59, 0.27, 3.332, -317104.082, -143.469816, -231.714337, 0, 1.5e+15, 0.00288572624, 0.00992022451, 2e+18, 4.31611667e+16
8.25, 0, 0, 5e+15, 0, 8.94582849e-22, 3.718e+18, 6.44e+20, 4.85, 4, 35.8363438, 23.1972811, 1.25944174, 891687.848, 2.1669688e+19, 34950929.8, 1.68488607e+15, 455.945419, -34.1343641, -37.9956739, 5e+15, 7.51048359e+18, -305658.758, -837663.383, 300.001134, 70.0857042, 23.1972811, 1.28078819, 1.25944174, 5e+15, 455.945284, 0.000135413369, 0.55464084, 11162.5539, -7.00041957e-05, -211.967173, -5179.32348, -0.000115914594, -403.678114, -9888.23634, 0, 1.20000644e-08, 1.20000644e-08, 435644650, 438272538, 3154730.57, 0.27, 3.332, -526842.887, -211.967243, -403.67823, 0, 1.5e+15, 0.00961082617, 0.0126667942, 2e+18, 5.3379645e+16
8.25, 0, 0, 1.5e+15, 0, 8.94582849e-22, 3.718e+18, 6.44e+20, 4.85, 4, 35.8363438, 23.1972811, 1.25944174, 957087.254, 2.1669688e+19, 34950929.8, 1.68488607e+15, 455.945419, -34.1343641, -37.9956739, 1.5e+15, 7.51048359e+18, -323558.387, -900736.355, 300.001134, 70.0857042, 23.1972811, 1.28078819, 1.25944174, 1.5e+15, 455.945284, 0.000135413369, 0.55464084, 11162.5539, -7.00041957e-05, -211.967173, -5179.32348, -0.000115914594, -403.678114, -9888.23634, 0, 1.20000644e-08, 1.20000644e-08, 435644650, 438272538, 3154730.57, 0.27, 3.332, -526842.887, -211.967243, -403.67823, 0, 1.5e+15, 0.00961082617, 0.0126667942, 2e+18, 5.3379645e+16
8.375, 0, 0, 1.5e+15, 0, 8.95502538e-22, 3.718e+18, 6.44e+20, 4.85, 4, 40.3682648, 20.9664417, 1.25944174, 1084641.49, 4.37464233e+20, 1.00888313e+09, 4.37569951e+15, 1356.16568, -38.5793598, -42.5522635, 1.5e+15, 2.159749e+20, -462630.478, -981030.176, 300.004421, 55.1389159, 20.9664417, 1.28078819, 1.25944174, 1.5e+15, 1356.16216, 0.00362419572, 0.557009031, 12195.3208, -0.00151730567, -850.78235, -6997.1954, -0.00329128821, -1056.09905, -9988.24835, 0, 1.20002511e-08, 1.20002511e-08, 1.46199832e+09, 1.46866652e+09, 7913537.31, 0.27, 3.332, -1245343.18, -850.783867, -1056.10234, 0, 1.49999999e+15, 0.183533526, 0.164218478, 2e+18, 6.09319896e+16
8.375, 0, 0, 5e+15, 0, 8.95502538e-22, 3.718e+18, 6.44e+20, 4.85, 4, 40.3682648, 20.9664417, 1.25944174, 1001940.13, 4.37464233e+20, 1.00888313e+09, 4.37569951e+15, 1356.16568, -38.5793598, -42.5522635, 5e+15, 2.159749e+20, -389040.213, -923326.45, 300.004421, 55.1389159, 20.9664417, 1.28078819, 1.25944174, 5e+15, 1356.16216, 0.00362419572, 0.557009031, 12195.3208, -0.00151730567, -850.78235, -6997.1954, -0.00329128821, -1056.09905, -9988.24835, 0, 1.20002511e-08, 1.20002511e-08, 1.46199832e+09, 1.46866652e+09, 7913537.31, 0.27, 3.332, -1245343.18, -850.783867, -1056.10234, 0, 1.49999999e+15, 0.183533526, 0.164218478, 2e+18, 6.09319896e+16
8.5, 0, 0, 5e+15, 0, 8.96597507e-22, 3.718e+18, 6.44e+20, 4.85, 4, 46.1227699, 19.0507037, 1.25944174, 1135343.49, 4.04437129e+21, 1.44834844e+10, 8.54900249e+15, 2239.29846, -44.2649968, -48.324079, 5e+15, 3.07832868e+21, -502967.507, -1017854.87, 300.008329, 43.4409066, 19.0507037, 1.28078819, 1.25944174, 5e+15, 2239.24368, 0.0564974337, 0.563538937, 13702.34, -0.0248206757, -1446.54622, -7068.10604, -0.0507532666, -1709.30287, -11738.654, 0, 1.20004731e-08, 1.20004731e-08, 2.60770531e+09, 2.62195356e+09, 16159713.9, 0.27, 3.332, -1911466.03, -1446.57104, -1709.35363, 0, 1.49999988e+15, 0.378167086, 0.370631796, 2e+18, 7.48135465e+16
8.5, 0, 0, 1.5e+15, 0, 8.96597507e-22, 3.718e+18, 6.44e+20, 4.85, 4, 46.1227699, 19.0507037, 1.25944174, 1174281.22, 4.04437129e+21, 1.44834844e+10, 8.54900249e+15, 2239.29846, -44.2649968, -48.324079, 1.5e+15, 3.07832868e+21, -533863.54, -1045909.22, 300.008329, 43.4409066, 19.0507037, 1.28078819, 1.25944174, 1.5e+15, 2239.24368, 0.0564974337, 0.563538937, 13702.34, -0.0248206757, -1446.54622, -7068.10604, -0.0507532666, -1709.30287, -11738.654, 0, 1.20004731e-08, 1.20004731e-08, 2.60770531e+09, 2.62195356e+09, 16159713.9, 0.27, 3.332, -1911466.03, -1446.57104, -1709.35363, 0, 1.49999988e+15, 0.378167086, 0.370631796, 2e+18, 7.48135465e+16
8.625, 0, 0, 1.5e+15, 0, 9.01534206e-22, 3.718e+18, 6.44e+20, 4.85, 4, 53.7148533, 17.240436, 1.25944174, 1338575.2, 5.82483466e+22, 3.01675469e+11, 1.67320683e+16, 5090.56641, -51.7786094, -55.9335047, 1.5e+15, 6.35705111e+22, -740974.286, -1114782.8, 300.025892, 32.9287248, 17.240436, 1.28078819, 1.25944174, 1.5e+15, 5089.53839, 1.13215196, 0.569896803, 15078.7508, -0.459581259, -3824.75521, -9082.59825, -1.03467538, -3357.77436, -12036.4087, 0, 1.20014707e-08, 1.20014707e-08, 6.74210854e+09, 6.77198541e+09, 32912828.6, 0.27, 3.332, -3035954.88, -3825.21479, -3358.80904, 0, 1.49999752e+15, 1.92988879, 5.41834026, 2e+18, 9.1186946e+16
8.625, 0, 0, 5e+15, 0, 9.01534206e-22, 3.718e+18, 6.44e+20, 4.85, 4, 53.7148533, 17.240436, 1.25944174, 1304792.87, 5.82483466e+22, 3.01675469e+11, 1.67320683e+16, 5090.56641, -51.7786094, -55.9335047, 5e+15, 6.35705111e+22, -663806.577, -1123318.86, 300.025892, 32.9287248, 17.240436, 1.28078819, 1.25944174, 5e+15, 5089.53839, 1.13215196, 0.569896803, 15078.7508, -0.459581259, -3824.75521, -9082.59825, -1.03467538, -3357.77436, -12036.4087, 0, 1.20014707e-08, 1.20014707e-08, 6.74210854e+09, 6.77198541e+09, 32912828.6, 0.27, 3.332, -3035954.88, -3825.21479, -3358.80904, 0, 1.49999752e+15, 1.92988879, 5.41834026, 2e+18, 9.1186946e+16
8.75, 0, 0, 5e+15, 0, 9.08161004e-22, 3.718e+18, 6.44e+20, 4.85, 4, 63.699017, 15.9951124, 1.25944174, 1509085.46, 5.31766514e+23, 4.23169712e+12, 2.58123015e+16, 7763.6003, -61.6945224, -65.9288536, 5e+15, 8.79035018e+23, -887843.498, -1220275.73, 300.049321, 25.0396231, 15.9951124, 1.28078819, 1.25944174, 5e+15, 7748.67399, 16.598344, 0.583444992, 17180.4169, -7.26257021, -6098.76699, -9399.06198, -14.9251498, -4779.85249, -14381.3893, 0, 1.20028015e-08, 1.20028015e-08, 1.16018509e+10, 1.16569049e+10, 58241683.3, 0.27, 3.332, -3187690.92, -6106.02956, -4794.77764, 0, 1.49996525e+15, 15.6621041, 13.5267981, 2e+18, 1.18260493e+17
8.75, 0, 0, 1.5e+15, 0, 9.08161004e-22, 3.718e+18, 6.44e+20, 4.85, 4, 63.699017, 15.9951124, 1.25944174, 1488907.29, 5.31766514e+23, 4.23169712e+12, 2.58123015e+16, 7763.6003, -61.6945224, -65.9288536, 1.5e+15, 8.79035018e+23, -941430.549, -1153496.17, 300.049321, 25.0396231, 15.9951124, 1.28078819, 1.25944174, 1.5e+15, 7748.67399, 16.598344, 0.583444992, 17180.4169, -7.26257021, -6098.76699, -9399.06198, -14.9251498, -4779.85249, -14381.3893, 0, 1.20028015e-08, 1.20028015e-08, 1.16018509e+10, 1.16569049e+10, 58241683.3, 0.27, 3.332, -3187690.92, -6106.02956, -4794.77764, 0, 1.49996525e+15, 15.6621041, 13.5267981, 2e+18, 1.18260493e+17
8.875, 0, 0, 1.5e+15, 0, 9.26766689e-22, 3.718e+18, 6.44e+20, 4.85, 4, 77.250617, 15.3080497, 1.25944174, 1683894.97, 4.42329027e+24, 6.67621196e+13, 3.58058887e+16, 13068.5228, -75.1748663, -79.4888523, 1.5e+15, 1.36599834e+25, -1236268.31, -1143303.52, 300.114216, 18.4480039, 15.3080497, 1.28078819, 1.25944174, 1.5e+15, 12857.301, 257.327007, 0.596631889, 18797.2859, -103.184899, -10997.4521, -11977.195, -235.733038, -6660.79848, -14487.3999, 0, 1.2006488e-08, 1.2006488e-08, 2.2608002e+10, 2.26979764e+10, 92138719.8, 0.27, 3.332, -2164245.35, -11100.637, -6896.53152, 0, 1.49945234e+15, 12.6464718, 65.3167736, 2e+18, 1.46199675e+17
8.875, 0, 0, 5e+15, 0, 9.26766689e-22, 3.718e+18, 6.44e+20, 4.85, 4, 77.250617, 15.3080497, 1.25944174, 1760151.12, 4.42329027e+24, 6.67621196e+13, 3.58058887e+16, 13068.5228, -75.1748663, -79.4888523, 5e+15, 1.36599834e+25, -1199881.25, -1287795.38, 300.114216, 18.4480039, 15.3080497, 1.28078819, 1.25944174, 5e+15, 12857.301, 257.327007, 0.596631889, 18797.2859, -103.184899, -10997.4521, -11977.195, -235.733038, -6660.79848, -14487.3999, 0, 1.2006488e-08, 1.2006488e-08, 2.2608002e+10, 2.26979764e+10, 92138719.8, 0.27, 3.332, -2164245.35, -11100.637, -6896.53152, 0, 1.49945234e+15, 12.6464718, 65.3167736, 2e+18, 1.46199675e+17
9, 0, 0, 5e+15, 0, 9.53063295e-22, 3.718e+18, 6.44e+20, 4.85, 4, 95.2832645, 13.8637433, 1.25944174, 2012983.87, 2.84125043e+25, 1.10619883e+15, 4.16082502e+16, 20074.7191, -93.134977, -97.5252979, 5e+15, 2.27201645e+26, -1566128.56, -1264652.28, 300.203794, 13.8637433, 16.080694, 1.28078819, 1.25944174, 5e+15, 16438.2414, 4361.83582, 0.622230231, 24713.9299, -1878.90418, -14649.9494, -15127.0843, -3936.41091, -7456.18966, -19543.5323, 0, 1.20115772e-08, 1.20115772e-08, 4.00548014e+10, 4.01490915e+10, 97872382.5, 0.27, 3.332, -3582257.57, -16528.8536, -11392.6006, 0, 1.49098636e+15, 173.670071, 284.499203, 2e+18, 1.38323971e+17
9, 0, 0, 1.5e+15, 0, 9.53063295e-22, 3.718e+18, 6.44e+20, 4.85, 4, 95.2832645, 13.8637433, 1.25944174, 1946461.18, 2.84125043e+25, 1.10619883e+15, 4.16082502e+16, 20074.7191, -93.134977, -97.5252979, 1.5e+15, 2.27201645e+26, -1621609.46, -1076612.24, 300.203794, 13.8637433, 16.080694, 1.28078819, 1.25944174, 1.5e+15, 16438.2414, 4361.83582, 0.622230231, 24713.9299, -1878.90418, -14649.9494, -15127.0843, -3936.41091, -7456.18966, -19543.5323, 0, 1.20115772e-08, 1.20115772e-08, 4.00548014e+10, 4.01490915e+10, 97872382.5, 0.27, 3.332, -3582257.57, -16528.8536, -11392.6006, 0, 1.49098636e+15, 173.670071, 284.499203, 2e+18, 1.38323971e+17
9.125, 0, 0, 1.5e+15, 0, 9.92753486e-22, 3.718e+18, 6.44e+20, 4.85, 4, 117.790853, 11.1073647, 1.25944174, 2004920.84, 6.09759666e+25, 3.12232825e+15, 4.5946199e+16, 31112.5479, -115.615814, -120.035328, 1.5e+15, 6.5026613e+26, -1778654.48, -925254.46, 300.334518, 11.1073647, 20.253025, 1.28078818, 1.25944174, 1.5e+15, 20514.3056, 12335.2692, 0.655864821, 32652.2891, -6212.34912, -19143.5935, -21782.4364, -10656.7154, -7372.89372, -24324.8319, 0, 1.20190051e-08, 1.20190051e-08, 6.48447978e+10, 6.49165758e+10, 83849359.4, 0.27, 3.332, -12071362, -25355.9427, -18029.6091, 0, 1.47487033e+15, 92.8404735, 312.149229, 2e+18, 1.10943884e+17
9.125, 0, 0, 5e+15, 0, 9.92753486e-22, 3.718e+18, 6.44e+20, 4.85, 4, 117.790853, 11.1073647, 1.25944174, 2165701.19, 6.09759666e+25, 3.12232825e+15, 4.5946199e+16, 31112.5479, -115.615814, -120.035328, 5e+15, 6.5026613e+26, -1881254.45, -1072913.48, 300.334518, 11.1073647, 20.253025, 1.28078818, 1.25944174, 5e+15, 20514.3056, 12335.2692, 0.655864821, 32652.2891, -6212.34912, -19143.5935, -21782.4364, -10656.7154, -7372.89372, -24324.8319, 0, 1.20190051e-08, 1.20190051e-08, 6.48447978e+10, 6.49165758e+10, 83849359.4, 0.27, 3.332, -12071362, -25355.9427, -18029.6091, 0, 1.47487033e+15, 92.8404735, 312.149229, 2e+18, 1.10943884e+17
9.25, 0, 0, 5e+15, 0, 1.02269679e-21, 3.718e+18, 6.44e+20, 4.85, 4, 142.682165, 10.043665, 1.25944174, 2178976.92, 9.99211118e+25, 5.21493494e+15, 4.79009687e+16, 41410.6008, -140.493912, -144.927628, 5e+15, 1.10365131e+27, -2025901.33, -802286.866, 300.429798, 10.043665, 28.1817457, 1.28078816, 1.25944174, 5e+15, 21287.6924, 22164.9232, 0.711005771, 42750.5012, -13355.7904, -20283.4789, -30158.6902, -17689.1686, -6461.14034, -30299.4844, 0, 1.20244199e-08, 1.20244199e-08, 8.57604624e+10, 8.58040525e+10, 59871891.3, 0.27, 3.332, -16281773.5, -33639.2693, -24150.3089, 0, 1.45853512e+15, 152.097264, 573.004321, 2e+18, 7.9200815e+16
9.25, 0, 0, 1.5e+15, 0, 1.02269679e-21, 3.718e+18, 6.44e+20, 4.85, 4, 142.682165, 10.043665, 1.25944174, 2148302.73, 9.99211118e+25, 5.21493494e+15, 4.79009687e+16, 41410.6008, -140.493912, -144.927628, 1.5e+15, 1.10365131e+27, -2015416.56, -743841.864, 300.429798, 10.043665, 28.1817457, 1.28078816, 1.25944174, 1.5e+15, 21287.6924, 22164.9232, 0.711005771, 42750.5012, -13355.7904, -20283.4789, -30158.6902, -17689.1686, -6461.14034, -30299.4844, 0, 1.20244199e-08, 1.20244199e-08, 8.57604624e+10, 8.58040525e+10, 59871891.3, 0.27, 3.332, -16281773.5, -33639.2693, -24150.3089, 0, 1.45853512e+15, 152.097264, 573.004321, 2e+18, 7.9200815e+16
9.375, 0, 0, 1.5e+15, 0, 1.05272407e-21, 3.718e+18, 6.44e+20, 4.85, 4, 168.176267, 9.80618971, 1.25944174, 1999978.61, 1.19796772e+26, 7.6946056e+15, 5.01450106e+16, 50163.7867, -165.977998, -170.422828, 1.5e+15, 1.64309642e+27, -1912410.34, -585321.397, 300.522642, 9.80618971, 40.6097226, 1.28078815, 1.25944174, 1.5e+15, 22872.7403, 27517.5806, 0.744992475, 49102.5952, -25157.3137, -22287.6492, -44491.1343, -11150.1932, -5140.32516, -20775.0771, 0, 1.20296969e-08, 1.20296969e-08, 1.019773e+11, 1.02013255e+11, 43872229.8, 0.27, 3.332, -7917103.78, -47444.9629, -16290.5183, 0, 1.43966727e+15, 90.664887, 301.215004, 2e+18, 6.06453905e+16
9.375, 0, 0, 5e+15, 0, 1.05272407e-21, 3.718e+18, 6.44e+20, 4.85, 4, 168.176267, 9.80618971, 1.25944174, 2119159.57, 1.19796772e+26, 7.6946056e+15, 5.01450106e+16, 50163.7867, -165.977998, -170.422828, 5e+15, 1.64309642e+27, -2042488.03, -564871.596, 300.522642, 9.80618971, 40.6097226, 1.28078815, 1.25944174, 5e+15, 22872.7403, 27517.5806, 0.744992475, 49102.5952, -25157.3137, -22287.6492, -44491.1343, -11150.1932, -5140.32516, -20775.0771, 0, 1.20296969e-08, 1.20296969e-08, 1.019773e+11, 1.02013255e+11, 43872229.8, 0.27, 3.332, -7917103.78, -47444.9629, -16290.5183, 0, 1.43966727e+15, 90.664887, 301.215004, 2e+18, 6.06453905e+16
9.5, 0, 0, 5e+15, 0, 1.05485052e-21, 3.718e+18, 6.44e+20, 4.85, 4, 193.238344, 9.9752307, 1.25944174, 2027082.35, 6.18854069e+25, 6.25449451e+15, 5.15904523e+16, 49768.4079, -191.04545, -195.485634, 5e+15, 1.34492226e+27, -1989043.59, -390856.056, 300.529118, 9.9752307, 58.7686255, 1.28078816, 1.25944174, 5e+15, 21559.1831, 29969.1596, 0.80635911, 50895.3322, -22348.4433, -21139.3456, -43126.4979, -19967.4137, -4233.9631, -27026.654, 0, 1.2030065e-08, 1.2030065e-08, 9.58656585e+10, 9.58819361e+10, 34477509.2, 0.27, 3.332, -18199896.5, -43487.7889, -24201.3768, 0, 1.45059754e+15, 92.5852913, 330.838011, 2e+18, 4.74185627e+16
9.5, 0, 0, 1.5e+15, 0, 1.05485052e-21, 3.718e+18, 6.44e+20, 4.85, 4, 193.238344, 9.9752307, 1.25944174, 2012800.74, 6.18854069e+25, 6.25449451e+15, 5.15904523e+16, 49768.4079, -191.04545, -195.485634, 1.5e+15, 1.34492226e+27, -1965840.39, -432248.053, 300.529118, 9.9752307, 58.7686255, 1.28078816, 1.25944174, 1.5e+15, 21559.1831, 29969.1596, 0.80635911, 50895.3322, -22348.4433, -21139.3456, -43126.4979, -19967.4137, -4233.9631, -27026.654, 0, 1.2030065e-08, 1.2030065e-08, 9.58656585e+10, 9.58819361e+10, 34477509.2, 0.27, 3.332, -18199896.5, -43487.7889, -24201.3768, 0, 1.45059754e+15, 92.5852913, 330.838011, 2e+18, 4.74185627e+16
9.625, 0, 0, 1.5e+15, 0, 1.06525244e-21, 3.718e+18, 6.44e+20, 4.85, 4, 217.322277, 10.3803645, 1.25944174, 1835083.38, 5.04524889e+25, 6.25773803e+15, 5.3244207e+16, 47520.4874, -215.12939, -219.570355, 1.5e+15, 1.35339153e+27, -1806608.49, -322019.841, 300.560615, 10.3803645, 85.0869794, 1.28078817, 1.25944174, 1.5e+15, 22475.0124, 25131.8033, 0.827793643, 48387.9425, -24320.7149, -22273.2393, -47193.6487, -6333.2743, -3004.82785, -10684.2176, 0, 1.20318554e-08, 1.20318554e-08, 8.82790465e+10, 8.82949286e+10, 24689494.4, 0.27, 3.332, -8807408.57, -46593.9542, -9338.10215, 0, 1.45059187e+15, 29.5748524, 134.603779, 2e+18, 3.59361065e+16
9.625, 0, 0, 5e+15, 0, 1.06525244e-21, 3.718e+18, 6.44e+20, 4.85, 4, 217.322277, 10.3803645, 1.25944174, 1920909.31, 5.04524889e+25, 6.25773803e+15, 5.3244207e+16, 47520.4874, -215.12939, -219.570355, 5e+15, 1.35339153e+27, -1902125.67, -267974.876, 300.560615, 10.3803645, 85.0869794, 1.28078817, 1.25944174, 5e+15, 22475.0124, 25131.8033, 0.827793643, 48387.9425, -24320.7149, -22273.2393, -47193.6487, -6333.2743, -3004.82785, -10684.2176, 0, 1.20318554e-08, 1.20318554e-08, 8.82790465e+10, 8.82949286e+10, 24689494.4, 0.27, 3.332, -8807408.57, -46593.9542, -9338.10215, 0, 1.45059187e+15, 29.5748524, 134.603779, 2e+18, 3.59361065e+16
9.75, 0, 0, 5e+15, 0, 1.05247583e-21, 3.718e+18, 6.44e+20, 4.85, 4, 240.213844, 10.9210524, 1.25944174, 1809963.38, 1.85194152e+25, 3.81659085e+15, 5.48058704e+16, 39017.7532, -238.033742, -242.462706, 5e+15, 8.27548728e+26, -1800829.11, -181609.301, 300.521885, 10.9210524, 110.272167, 1.28078818, 1.25944174, 5e+15, 20446.814, 19824.824, 0.864327886, 41215.7223, -16141.3322, -20302.2107, -39007.1138, -11510.0409, -2427.43549, -13310.9293, 0, 1.20296539e-08, 1.20296539e-08, 6.81381036e+10, 6.81486533e+10, 23482603.5, 0.27, 3.332, -12932912.1, -36443.5429, -13937.4764, 0, 1.46946598e+15, 34.959303, 114.88357, 2e+18, 3.18128342e+16
9.75, 0, 0, 1.5e+15, 0, 1.05247583e-21, 3.718e+18, 6.44e+20, 4.85, 4, 240.213844, 10.9210524, 1.25944174, 1792441.56, 1.85194152e+25, 3.81659085e+15, 5.48058704e+16, 39017.7532, -238.033742, -242.462706, 1.5e+15, 8.27548728e+26, -1778031.77, -226825.402, 300.521885, 10.9210524, 110.272167, 1.28078818, 1.25944174, 1.5e+15, 20446.814, 19824.824, 0.864327886, 41215.7223, -16141.3322, -20302.2107, -39007.1138, -11510.0409, -2427.43549, -13310.9293, 0, 1.20296539e-08, 1.20296539e-08, 6.81381036e+10, 6.81486533e+10, 23482603.5, 0.27, 3.332, -12932912.1, -36443.5429, -13937.4764, 0, 1.46946598e+15, 34.959303, 114.88357, 2e+18, 3.18128342e+16
9.875, 0, 0, 1.5e+15, 0, 1.06210658e-21, 3.718e+18, 6.44e+20, 4.85, 4, 261.773071, 11.5959627, 1.25944174, 1633559.63, 1.15293496e+25, 3.27376897e+15, 5.65334303e+16, 35571.0333, -259.596965, -264.02271, 1.5e+15, 7.12874262e+26, -1626042.51, -156533.765, 300.551121, 11.5959627, 116.025297, 1.28078818, 1.25944174, 1.5e+15, 21308.2513, 14270.1562, 0.865459344, 38764.7972, -14177.5967, -21252.4043, -38724.2069, -1622.68609, -1541.71544, -1773.50073, 0, 1.20313158e-08, 1.20313158e-08, 5.86940043e+10, 5.87049229e+10, 16711030, 0.27, 3.332, -5792409.44, -35430.001, -3164.40153, 0, 1.4737436e+15, 9.2583293, 41.2528796, 2e+18, 2.33883074e+16
9.875, 0, 0, 5e+15, 0, 1.06210658e-21, 3.718e+18, 6.44e+20, 4.85, 4, 261.773071, 11.5959627, 1.25944174, 1695817.5, 1.15293496e+25, 3.27376897e+15, 5.65334303e+16, 35571.0333, -259.596965, -264.02271, 5e+15, 7.12874262e+26, -1691659.31, -118683.427, 300.551121, 11.5959627, 116.025297, 1.28078818, 1.25944174, 5e+15, 21308.2513, 14270.1562, 0.865459344, 38764.7972, -14177.5967, -21252.4043, -38724.2069, -1622.68609, -1541.71544, -1773.50073, 0, 1.20313158e-08, 1.20313158e-08, 5.86940043e+10, 5.87049229e+10, 16711030, 0.27, 3.332, -5792409.44, -35430.001, -3164.40153, 0, 1.4737436e+15, 9.2583293, 41.2528796, 2e+18, 2.33883074e+16
10, 0, 0, 5e+15, 0, 1.04957677e-21, 3.718e+18, 6.44e+20, 4.85, 4, 281.950234, 12.3902457, 1.25944174, 1582605.14, 4.19358738e+24, 2.09743546e+15, 5.86352434e+16, 28327.328, -279.785632, -284.200854, 5e+15, 4.5667458e+26, -1580995.31, -71364.3033, 300.513033, 12.3902457, 116.277046, 1.28078819, 1.25944174, 5e+15, 19189.3513, 9524.11379, 0.876678415, 32464.748, -8731.53106, -19152.5643, -32400.4904, -3803.82818, -1187.6386, -2041.58837, 0, 1.20291507e-08, 1.20291507e-08, 4.42308341e+10, 4.42438176e+10, 18900454.4, 0.27, 3.332, -5916888.92, -27884.0953, -4991.46678, 0, 1.48306537e+15, 14.7868696, 28.5534198, 2e+18, 2.41653522e+16
10, 0, 0, 1.5e+15, 0, 1.04957677e-21, 3.718e+18, 6.44e+20, 4.85, 4, 281.950234, 12.3902457, 1.25944174, 1563581.18, 4.19358738e+24, 2.09743546e+15, 5.86352434e+16, 28327.328, -279.785632, -284.200854, 1.5e+15, 4.5667458e+26, -1560140.74, -103667.694, 300.513033, 12.3902457, 116.277046, 1.28078819, 1.25944174, 1.5e+15, 19189.3513, 9524.11379, 0.876678415, 32464.748, -8731.53106, -19152.5643, -32400.4904, -3803.82818, -1187.6386, -2041.58837, 0, 1.20291507e-08, 1.20291507e-08, 4.42308341e+10, 4.42438176e+10, 18900454.4, 0.27, 3.332, -5916888.92, -27884.0953, -4991.46678, 0, 1.48306537e+15, 14.7868696, 28.5534198, 2e+18, 2.41653522e+16
10.109375, 0, 0, 1.5e+15, 0, 1.05947197e-21, 3.718e+18, 6.44e+20, 4.85, 4, 298.423295, 13.2792557, 1.25944174, 1426222.98, 1.85442103e+24, 1.74886291e+15, 6.09739042e+16, 27520.2255, -296.263425, -300.6749, 1.5e+15, 3.81982456e+26, -1424939.42, -60495.1263, 300.543149, 13.2792557, 116.280929, 1.28078819, 1.25944174, 1.5e+15, 19816.807, 7704.33006, 0.866722978, 33184.0954, -7694.7703, -19806.8551, -33103.5876, -383.681839, -627.956487, 2310.1242, 0, 1.20308626e-08, 1.20308626e-08, 3.96762993e+10, 3.96870602e+10, 14065376.3, 0.27, 3.332, -3304457.89, -27501.6254, -1011.63833, 0, 1.48585901e+15, 3.25616748, 8.76798446, 2e+18, 1.78310632e+16
10.109375, 0, 0, 5e+15, 0, 1.05947197e-21, 3.718e+18, 6.44e+20, 4.85, 4, 298.423295, 13.2792557, 1.25944174, 1474099.7, 1.85442103e+24, 1.74886291e+15, 6.09739042e+16, 27520.2255, -296.263425, -300.6749, 5e+15, 3.81982456e+26, -1473638.84, -36857.4799, 300.543149, 13.2792557, 116.280929, 1.28078819, 1.25944174, 5e+15, 19816.807, 7704.33006, 0.866722978, 33184.0954, -7694.7703, -19806.8551, -33103.5876, -383.681839, -627.956487, 2310.1242, 0, 1.20308626e-08, 1.20308626e-08, 3.96762993e+10, 3.96870602e+10, 14065376.3, 0.27, 3.332, -3304457.89, -27501.6254, -1011.63833, 0, 1.48585901e+15, 3.25616748, 8.76798446, 2e+18, 1.78310632e+16
10.21875, 0, 0, 5e+15, 0, 1.05032853e-21, 3.718e+18, 6.44e+20, 4.85, 4, 313.754868, 14.2679426, 1.25944174, 1367184.14, 6.74774296e+23, 1.31186154e+15, 6.40228177e+16, 23144.9169, -311.602422, -316.007762, 5e+15, 2.8630329e+26, -1367151.78, -9405.73188, 300.51533, 14.2679426, 116.280942, 1.28078819, 1.25944174, 5e+15, 18219.8043, 4954.30654, 0.864555039, 29964.7728, -4903.6176, -18215.9015, -29753.8297, -706.885943, -377.093828, 3549.25736, 0, 1.20292813e-08, 1.20292813e-08, 3.12245121e+10, 3.12385031e+10, 17366479.3, 0.27, 3.332, -3375457.17, -23119.5191, -1083.97977, 0, 1.48936418e+15, 4.33344277, 4.78115495, 2e+18, 1.97220974e+16
10.21875, 0, 0, 1.5e+15, 0, 1.05032853e-21, 3.718e+18, 6.44e+20, 4.85, 4, 313.754868, 14.2679426, 1.25944174, 1347262.06, 6.74774296e+23, 1.31186154e+15, 6.40228177e+16, 23144.9169, -311.602422, -316.007762, 1.5e+15, 2.8630329e+26, -1346888.72, -31714.8562, 300.51533, 14.2679426, 116.280942, 1.28078819, 1.25944174, 1.5e+15, 18219.8043, 4954.30654, 0.864555039, 29964.7728, -4903.6176, -18215.9015, -29753.8297, -706.885943, -377.093828, 3549.25736, 0, 1.20292813e-08, 1.20292813e-08, 3.12245121e+10, 3.12385031e+10, 17366479.3, 0.27, 3.332, -3375457.17, -23119.5191, -1083.97977, 0, 1.48936418e+15, 4.33344277, 4.78115495, 2e+18, 1.97220974e+16
10.328125, 0, 0, 1.5e+15, 0, 1.08582006e-21, 3.718e+18, 6.44e+20, 4.85, 4, 327.886486, 15.4794723, 1.25944174, 1222737.66, 1.73768714e+23, 9.061002e+14, 6.79411878e+16, 28110.1305, -325.743715, -330.140821, 1.5e+15, 1.98510215e+26, -1222737.39, 811.090587, 300.622018, 15.4794723, 116.280927, 1.28078819, 1.25944174, 1.5e+15, 22910.7444, 5202.26533, 0.860047024, 35450.5582, -5118.5937, -22376.1479, -35236.7478, -929.280943, -4920.38762, -3887.63201, 0, 1.2035346e-08, 1.2035346e-08, 3.39596085e+10, 3.39674363e+10, 10749873.6, 0.27, 3.332, -2922077.97, -27494.7416, -5849.66857, 0, 1.49264792e+15, 1.11819927, 1.27488022, 2e+18, 1.15511455e+16
10.328125, 0, 0, 5e+15, 0, 1.08582006e-21, 3.718e+18, 6.44e+20, 4.85, 4, 327.886486, 15.4794723, 1.25944174, 1261198.08, 1.73768714e+23, 9.061002e+14, 6.79411878e+16, 28110.1305, -325.743715, -330.140821, 5e+15, 1.98510215e+26, -1261071.05, 17899.6293, 300.622018, 15.4794723, 116.280927, 1.28078819, 1.25944174, 5e+15, 22910.7444, 5202.26533, 0.860047024, 35450.5582, -5118.5937, -22376.1479, -35236.7478, -929.280943, -4920.38762, -3887.63201, 0, 1.2035346e-08, 1.2035346e-08, 3.39596085e+10, 3.39674363e+10, 10749873.6, 0.27, 3.332, -2922077.97, -27494.7416, -5849.66857, 0, 1.49264792e+15, 1.11819927, 1.27488022, 2e+18, 1.15511455e+16
10.4375, 0, 0, 5e+15, 0, 1.04734128e-21, 3.718e+18, 6.44e+20, 4.85, 4, 340.932201, 16.7679575, 1.25944174, 1150599.99, 3.96774425e+22, 7.38605006e+14, 7.41486458e+16, 20729.067, -338.794625, -343.188906, 5e+15, 1.61350409e+26, -1150149.24, 32203.5188, 300.50619, 16.7679575, 116.28085, 1.28078819, 1.25944174, 5e+15, 18083.196, 2667.08803, 0.87285921, 30817.0711, -2635.40929, -18079.8998, -29894.9945, 409.849292, 345.258875, 7482.05678, 0, 1.20287618e-08, 1.20287618e-08, 2.3404454e+10, 2.34218898e+10, 20365160.4, 0.27, 3.332, -2929317.09, -20715.309, 755.108167, 0, 1.49399284e+15, 0.389837293, 0.443370673, 2e+18, 1.80273894e+16
10.4375, 0, 0, 1.5e+15, 0, 1.04734128e-21, 3.718e+18, 6.44e+20, 4.85, 4, 340.932201, 16.7679575, 1.25944174, 1096645.93, 3.96774425e+22, 7.38605006e+14, 7.41486458e+16, 20729.067, -338.794625, -343.188906, 1.5e+15, 1.61350409e+26, -1096253.52, 29334.6893, 300.50619, 16.7679575, 116.28085, 1.28078819, 1.25944174, 1.5e+15, 18083.196, 2667.08803, 0.87285921, 30817.0711, -2635.40929, -18079.8998, -29894.9945, 409.849292, 345.258875, 7482.05678, 0, 1.20287618e-08, 1.20287618e-08, 2.3404454e+10, 2.34218898e+10, 20365160.4, 0.27, 3.332, -2929317.09, -20715.309, 755.108167, 0, 1.49399284e+15, 0.389837293, 0.443370673, 2e+18, 1.80273894e+16
10.546875, 0, 0, 1.5e+15, 0, 1.0470267e-21, 3.718e+18, 6.44e+20, 4.85, 4, 352.561375, 18.8104465, 1.25944174, 972183.391, 4.7796822e+21, 5.75101589e+14, 8.25665852e+16, 20999.2633, -350.430278, -354.820866, 1.5e+15, 1.25775665e+26, -970712.57, 53457.0091, 300.505226, 18.8104465, 116.278255, 1.28078819, 1.25944174, 1.5e+15, 18767.8282, 2273.75897, 0.860258935, 31078.4885, -2256.76984, -18704.4074, -30711.701, 277.43423, -1541.59716, 4760.65848, 0, 1.2028707e-08, 1.2028707e-08, 2.08044201e+10, 2.08219019e+10, 21212247, 0.27, 3.332, -3730418.34, -20961.1772, -1264.16293, 0, 1.49531849e+15, 0.0486094958, 0.0726782254, 2e+18, 1.58212237e+16
10.546875, 0, 0, 5e+15, 0, 1.0470267e-21, 3.718e+18, 6.44e+20, 4.85, 4, 352.561375, 18.8104465, 1.25944174, 1021806.57, 4.7796822e+21, 5.75101589e+14, 8.25665852e+16, 20999.2633, -350.430278, -354.820866, 5e+15, 1.25775665e+26, -1020686.8, 47824.0253, 300.505226, 18.8104465, 116.278255, 1.28078819, 1.25944174, 5e+15, 18767.8282, 2273.75897, 0.860258935, 31078.4885, -2256.76984, -18704.4074, -30711.701, 277.43423, -1541.59716, 4760.65848, 0, 1.2028707e-08, 1.2028707e-08, 2.08044201e+10, 2.08219019e+10, 21212247, 0.27, 3.332, -3730418.34, -20961.1772, -1264.16293, 0, 1.49531849e+15, 0.0486094958, 0.0726782254, 2e+18, 1.58212237e+16
10.65625, 0, 0, 5e+15, 0, 1.03278626e-21, 3.718e+18, 6.44e+20, 4.85, 4, 362.745069, 21.4804109, 1.25944174, 880975.076, 2.49738158e+20, 5.44373721e+14, 9.76304771e+16, 20928.0908, -360.615354, -365.008938, 5e+15, 1.19006523e+26, -878637.167, 64139.0095, 300.461289, 21.4804109, 116.264846, 1.28078819, 1.25944174, 5e+15, 19074.3737, 1951.28956, 0.855556786, 34546.6292, -1793.71447, -19025.6923, -32773.3621, 768.192251, 1361.89842, 10925.9475, 0, 1.20262096e-08, 1.20262096e-08, 1.78305522e+10, 1.78535627e+10, 29189799.2, 0.27, 3.332, -6179261.03, -20819.4067, 2130.09067, 0, 1.49556544e+15, 0.00258808348, 0.00645689693, 2e+18, 1.6921452e+16
10.65625, 0, 0, 1.5e+15, 0, 1.03278626e-21, 3.718e+18, 6.44e+20, 4.85, 4, 362.745069, 21.4804109, 1.25944174, 822353.632, 2.49738158e+20, 5.44373721e+14, 9.76304771e+16, 20928.0908, -360.615354, -365.008938, 1.5e+15, 1.19006523e+26, -818770.338, 76685.2645, 300.461289, 21.4804109, 116.264846, 1.28078819, 1.25944174, 1.5e+15, 19074.3737, 1951.28956, 0.855556786, 34546.6292, -1793.71447, -19025.6923, -32773.3621, 768.192251, 1361.89842, 10925.9475, 0, 1.20262096e-08, 1.20262096e-08, 1.78305522e+10, 1.78535627e+10, 29189799.2, 0.27, 3.332, -6179261.03, -20819.4067, 2130.09067, 0, 1.49556544e+15, 0.00258808348, 0.00645689693, 2e+18, 1.6921452e+16
10.765625, 0, 0, 1.5e+15, 0, 1.02436618e-21, 3.718e+18, 6.44e+20, 4.85, 4, 371.171404, 25.9602348, 1.25944174, 672255.507, 1.98077155e+18, 5.09926637e+14, 1.22712401e+17, 21804.5541, -369.043359, -373.441217, 1.5e+15, 1.1154155e+26, -664974.418, 98673.654, 300.435029, 25.9602348, 116.166525, 1.28078819, 1.25944174, 1.5e+15, 19980.1345, 1935.9656, 0.841227404, 37526.9883, -1711.64058, -19813.5961, -34739.3836, 904.571346, 2574.3317, 14193.3108, 0, 1.20247172e-08, 1.20247172e-08, 1.58003661e+10, 1.58261578e+10, 37780732.8, 0.27, 3.332, -11988966.9, -21525.2367, 3478.90305, 0, 1.4958439e+15, 4.79010396e-05, 0.000181231076, 2e+18, 1.59320703e+16
10.765625, 0, 0, 5e+15, 0, 1.02436618e-21, 3.718e+18, 6.44e+20, 4.85, 4, 371.171404, 25.9602348, 1.25944174, 703309.682, 1.98077155e+18, 5.09926637e+14, 1.22712401e+17, 21804.5541, -369.043359, -373.441217, 5e+15, 1.1154155e+26, -697740.02, 88336.6977, 300.435029, 25.9602348, 116.166525, 1.28078819, 1.25944174, 5e+15, 19980.1345, 1935.9656, 0.841227404, 37526.9883, -1711.64058, -19813.5961, -34739.3836, 904.571346, 2574.3317, 14193.3108, 0, 1.20247172e-08, 1.20247172e-08, 1.58003661e+10, 1.58261578e+10, 37780732.8, 0.27, 3.332, -11988966.9, -21525.2367, 3478.90305, 0, 1.4958439e+15, 4.79010396e-05, 0.000181231076, 2e+18, 1.59320703e+16
10.8203125, 0, 0, 5e+15, 0, 1.01095861e-21, 3.718e+18, 6.44e+20, 4.85, 4, 374.56722, 32.2084955, 1.25944174, 563277.904, 5.55598989e+15, 4.80182267e+14, 1.59663396e+17, 22718.1247, -372.440693, -376.843884, 5e+15, 1.05125529e+26, -552841.348, 107927.945, 300.392777, 32.2084955, 115.90569, 1.28078819, 1.25944174, 5e+15, 20963.7151, 1861.0696, 0.825833583, 40081.4361, -1604.46051, -20637.4708, -36368.9323, 943.019897, 3684.03997, 16847.0261, 0, 1.20223158e-08, 1.20223158e-08, 1.352828e+10, 1.35507901e+10, 48322098.2, 0.27, 3.332, -25811925.9, -22241.9313, 4627.05986, 0, 1.49608361e+15, 1.52909625e-07, 9.16857879e-07, 2e+18, 1.45010074e+16
10.8203125, 0, 0, 1.5e+15, 0, 1.01095861e-21, 3.718e+18, 6.44e+20, 4.85, 4, 374.56722, 32.2084955, 1.25944174, 558108.796, 5.55598989e+15, 4.80182267e+14, 1.59663396e+17, 22718.1247, -372.440693, -376.843884, 1.5e+15, 1.05125529e+26, -547085.685, 110375.184, 300.392777, 32.2084955, 115.90569, 1.28078819, 1.25944174, 1.5e+15, 20963.7151, 1861.0696, 0.825833583, 40081.4361, -1604.46051, -20637.4708, -36368.9323, 943.019897, 3684.03997, 16847.0261, 0, 1.20223158e-08, 1.20223158e-08, 1.352828e+10, 1.35507901e+10, 48322098.2, 0.27, 3.332, -25811925.9, -22241.9313, 4627.05986, 0, 1.49608361e+15, 1.52909625e-07, 9.16857879e-07, 2e+18, 1.45010074e+16
10.8476563, 0, 0, 1.5e+15, 0, 1.00343639e-21, 3.718e+18, 6.44e+20, 4.85, 4, 375.983122, 38.6226565, 1.25944174, 490277.348, 8.88939374e+13, 4.62748082e+14, 1.98070723e+17, 23339.7057, -373.85753, -378.265386, 1.5e+15, 1.01378031e+26, -476596.339, 115012.206, 300.36883, 38.6226565, 115.614064, 1.28078819, 1.25944174, 1.5e+15, 21636.7579, 1796.20602, 0.8177466, 41431.2682, -1527.49925, -21127.264, -36971.4085, 945.040806, 4667.76294, 18699.3299, 0, 1.2020955e-08, 1.2020955e-08, 1.21181369e+10, 1.21284402e+10, 57932322.7, 0.27, 3.332, -47629065.1, -22654.7632, 5612.80375, 0, 1.49622431e+15, 7.2981592e-10, 5.55151776e-09, 2e+18, 1.33003758e+16
10.8476563, 0, 0, 5e+15, 0, 1.00343639e-21, 3.718e+18, 6.44e+20, 4.85, 4, 375.983122, 38.6226565, 1.25944174, 502883.654, 8.88939374e+13, 4.62748082e+14, 1.98070723e+17, 23339.7057, -373.85753, -378.265386, 5e+15, 1.01378031e+26, -489883.837, 113603.682, 300.36883, 38.6226565, 115.614064, 1.28078819, 1.25944174, 5e+15, 21636.7579, 1796.20602, 0.8177466, 41431.2682, -1527.49925, -21127.264, -36971.4085, 945.040806, 4667.76294, 18699.3299, 0, 1.2020955e-08, 1.2020955e-08, 1.21181369e+10, 1.21284402e+10, 57932322.7, 0.27, 3.332, -47629065.1, -22654.7632, 5612.80375, 0, 1.49622431e+15, 7.2981592e-10, 5.55151776e-09, 2e+18, 1.33003758e+16
10.8544922, 0, 0, 5e+15, 0, 1.00335031e-21, 3.718e+18, 6.44e+20, 4.85, 4, 376.298908, 43.2912067, 1.25944174, 468048.796, 7.00468889e+12, 4.5551432e+14, 2.26301004e+17, 23868.257, -374.173724, -378.584622, 5e+15, 9.98295586e+25, -453790.61, 114646.228, 300.368555, 43.2912067, 115.543778, 1.28078819, 1.25944174, 5e+15, 22207.0626, 1744.37433, 0.812561216, 42146.2963, -1471.08666, -21541.1225, -37296.5772, 937.414443, 5397.56172, 19628.4392, 0, 1.20209393e-08, 1.20209393e-08, 1.1067874e+10, 1.10616074e+10, 64526347.9, 0.27, 3.332, -70792885.5, -23012.2092, 6334.97616, 0, 1.49628317e+15, 7.89343943e-12, 6.81996455e-11, 2e+18, 1.2586807e+16
10.8544922, 0, 0, 1.5e+15, 0, 1.00335031e-21, 3.718e+18, 6.44e+20, 4.85, 4, 376.298908, 43.2912067, 1.25944174, 456410.697, 7.00468889e+12, 4.5551432e+14, 2.26301004e+17, 23868.257, -374.173724, -378.584622, 1.5e+15, 9.98295586e+25, -441377.236, 116175.986, 300.368555, 43.2912067, 115.543778, 1.28078819, 1.25944174, 1.5e+15, 22207.0626, 1744.37433, 0.812561216, 42146.2963, -1471.08666, -21541.1225, -37296.5772, 937.414443, 5397.56172, 19628.4392, 0, 1.20209393e-08, 1.20209393e-08, 1.1067874e+10, 1.10616074e+10, 64526347.9, 0.27, 3.332, -70792885.5, -23012.2092, 6334.97616, 0, 1.49628317e+15, 7.89343943e-12, 6.81996455e-11, 2e+18, 1.2586807e+16
10.8613281, 0, 0, 1.5e+15, 0, 1.00494803e-21, 3.718e+18, 6.44e+20, 4.85, 4, 376.596978, 45.8625505, 1.25944174, 431178.597, 0, 4.48079939e+14, 2.41733209e+17, 24132.7396, -374.472225, -378.884395, 1.5e+15, 9.82164695e+25, -414969.363, 117112.811, 300.373656, 45.8625505, 115.475457, 1.28078819, 1.25944174, 1.5e+15, 22488.7303, 1719.54591, 0.809222674, 42509.4456, -1447.49202, -21723.0286, -37376.4357, 928.22681, 5818.33479, 20249.8154, 0, 1.20212292e-08, 1.20212292e-08, 1.05702783e+10, 1.05855276e+10, 67777750.7, 0.27, 3.332, -52528519.3, -23170.5206, 6746.5616, 0, 1.49634393e+15, 0, 7.17810332e-12, 2e+18, 1.22322448e+16
10.8613281, 0, 0, 5e+15, 0, 1.00494803e-21, 3.718e+18, 6.44e+20, 4.85, 4, 376.596978, 45.8625505, 1.25944174, 442659.533, 0, 4.48079939e+14, 2.41733209e+17, 24132.7396, -374.472225, -378.884395, 5e+15, 9.82164695e+25, -427161.932, 116104.03, 300.373656, 45.8625505, 115.475457, 1.28078819, 1.25944174, 5e+15, 22488.7303, 1719.54591, 0.809222674, 42509.4456, -1447.49202, -21723.0286, -37376.4357, 928.22681, 5818.33479, 20249.8154, 0, 1.20212292e-08, 1.20212292e-08, 1.05702783e+10, 1.05855276e+10, 67777750.7, 0.27, 3.332, -52528519.3, -23170.5206, 6746.5616, 0, 1.49634393e+15, 0, 7.17810332e-12, 2e+18, 1.22322448e+16
10.8681641, 0, 0, 5e+15, 0, 1.00911548e-21, 3.718e+18, 6.44e+20, 4.85, 4, 376.875976, 48.99472, 1.25944174, 415320.556, 0, 4.40512843e+14, 2.60483963e+17, 24431.8097, -374.751675, -379.165316, 5e+15, 9.65707812e+25, -398392.261, 117365.968, 300.386925, 48.99472, 115.413499, 1.28078819, 1.25944174, 5e+15, 22805.3649, 1693.30345, 0.80572761, 42900.5691, -1423.28495, -21914.5424, -37439.8654, 917.353003, 6311.69536, 20945.5318, 0, 1.20219833e-08, 1.20219833e-08, 1.00252292e+10, 1.0035575e+10, 71572221.5, 0.27, 3.332, -61226377.9, -23337.8274, 7229.04836, 0, 1.49640613e+15, 0, -8.60161587e-24, 2e+18, 1.18898131e+16
10.8681641, 0, 0, 1.5e+15, 0, 1.00911548e-21, 3.718e+18, 6.44e+20, 4.85, 4, 376.875976, 48.99472, 1.25944174, 404044.77, 0, 4.40512843e+14, 2.60483963e+17, 24431.8097, -374.751675, -379.165316, 1.5e+15, 9.65707812e+25, -386500.207, 117769.97, 300.386925, 48.99472, 115.413499, 1.28078819, 1.25944174, 1.5e+15, 22805.3649, 1693.30345, 0.80572761, 42900.5691, -1423.28495, -21914.5424, -37439.8654, 917.353003, 6311.69536, 20945.5318, 0, 1.20219833e-08, 1.20219833e-08, 1.00252292e+10, 1.0035575e+10, 71572221.5, 0.27, 3.332, -61226377.9, -23337.8274, 7229.04836, 0, 1.49640613e+15, 0, 0, 2e+18, 1.18898131e+16
10.875, 0, 0, 1.5e+15, 0, 1.01707875e-21, 3.718e+18, 6.44e+20, 4.85, 4, 377.134255, 52.9163267, 1.25944174, 374612.446, 0, 4.32891481e+14, 2.8390594e+17, 24778.2575, -375.010429, -379.425805, 1.5e+15, 9.49070944e+25, -355516.439, 118078.561, 300.412131, 52.9163267, 115.360682, 1.28078819, 1.25944174, 1.5e+15, 23169.5741, 1665.68903, 0.802100594, 43335.9972, -1398.59511, -22116.7533, -37486.3068, 904.683177, 6904.95404, 21743.6302, 0, 1.20234158e-08, 1.20234158e-08, 9.42194407e+09, 9.425232e+09, 76143920.6, 0.27, 3.332, -72855992.3, -23515.3484, 7809.63721, 0, 1.49646929e+15, 0, 0, 2e+18, 1.15944974e+16
10.875, 0, 0, 5e+15, 0, 1.01707875e-21, 3.718e+18, 6.44e+20, 4.85, 4, 377.134255, 52.9163267, 1.25944174, 385653.942, 0, 4.32891481e+14, 2.8390594e+17, 24778.2575, -375.010429, -379.425805, 5e+15, 9.49070944e+25, -367028.192, 118402.997, 300.412131, 52.9163267, 115.360682, 1.28078819, 1.25944174, 5e+15, 23169.5741, 1665.68903, 0.802100594, 43335.9972, -1398.59511, -22116.7533, -37486.3068, 904.683177, 6904.95404, 21743.6302, 0, 1.20234158e-08, 1.20234158e-08, 9.42194407e+09, 9.425232e+09, 76143920.6, 0.27, 3.332, -72855992.3, -23515.3484, 7809.63721, 0, 1.49646929e+15, 0, 0, 2e+18, 1.15944974e+16
10.8818359, 0, 0, 5e+15, 0, 1.03047406e-21, 3.718e+18, 6.44e+20, 4.85, 4, 377.369786, 58.007529, 1.25944174, 353159.006, 0, 4.25348565e+14, 3.14255733e+17, 25192.4932, -375.246454, -379.663933, 5e+15, 9.32509969e+25, -332416.696, 119249.418, 300.454098, 58.007529, 115.315287, 1.28078819, 1.25944174, 5e+15, 23601.6481, 1636.69505, 0.798342555, 43844.4716, -1373.43151, -22329.6499, -37516.0141, 890.200299, 7643.59398, 22691.1079, 0, 1.2025801e-08, 1.2025801e-08, 8.74625501e+09, 8.73890813e+09, 81828576.1, 0.27, 3.332, -89175461.6, -23703.0814, 8533.79428, 0, 1.49653252e+15, 0, 0, 2e+18, 1.13990446e+16
10.8818359, 0, 0, 1.5e+15, 0, 1.03047406e-21, 3.718e+18, 6.44e+20, 4.85, 4, 377.369786, 58.007529, 1.25944174, 342319.838, 0, 4.25348565e+14, 3.14255733e+17, 25192.4932, -375.246454, -379.663933, 1.5e+15, 9.32509969e+25, -321359.898, 117943.579, 300.454098, 58.007529, 115.315287, 1.28078819, 1.25944174, 1.5e+15, 23601.6481, 1636.69505, 0.798342555, 43844.4716, -1373.43151, -22329.6499, -37516.0141, 890.200299, 7643.59398, 22691.1079, 0, 1.2025801e-08, 1.2025801e-08, 8.74625501e+09, 8.73890813e+09, 81828576.1, 0.27, 3.332, -89175461.6, -23703.0814, 8533.79428, 0, 1.49653252e+15, 0, 0, 2e+18, 1.13990446e+16
10.8886719, 0, 0, 1.5e+15, 0, 1.05144974e-21, 3.718e+18, 6.44e+20, 4.85, 4, 377.579943, 64.9534185, 1.25944174, 306317.354, 0, 4.18378873e+14, 3.55641593e+17, 25709.3325, -375.457098, -379.877243, 1.5e+15, 9.17066151e+25, -283000.104, 117223.131, 300.518754, 64.9534185, 115.260148, 1.28078819, 1.25944174, 1.5e+15, 24136.4216, 1606.28928, 0.794438967, 44481.8933, -1347.42181, -22548.2397, -37532.0121, 874.42536, 8610.67543, 23874.3984, 0, 1.20294759e-08, 1.20294759e-08, 7.97684258e+09, 7.95217179e+09, 89000551.5, 0.27, 3.332, -113671344, -23895.6615, 9485.10079, 0, 1.496592e+15, 0, 0, 2e+18, 1.13739363e+16
10.8886719, 0, 0, 5e+15, 0, 1.05144974e-21, 3.718e+18, 6.44e+20, 4.85, 4, 377.579943, 64.9534185, 1.25944174, 317195.25, 0, 4.18378873e+14, 3.55641593e+17, 25709.3325, -375.457098, -379.877243, 5e+15, 9.17066151e+25, -293569.068, 120125.054, 300.518754, 64.9534185, 115.260148, 1.28078819, 1.25944174, 5e+15, 24136.4216, 1606.28928, 0.794438967, 44481.8933, -1347.42181, -22548.2397, -37532.0121, 874.42536, 8610.67543, 23874.3984, 0, 1.20294759e-08, 1.20294759e-08, 7.97684258e+09, 7.95217179e+09, 89000551.5, 0.27, 3.332, -113671344, -23895.6615, 9485.10079, 0, 1.496592e+15, 0, 0, 2e+18, 1.13739363e+16
10.8955079, 0, 0, 5e+15, 0, 1.08279931e-21, 3.718e+18, 6.44e+20, 4.85, 4, 377.761107, 75.1085688, 1.25944174, 277168.586, 0, 4.15738532e+14, 4.16532838e+17, 26396.2224, -375.638512, -380.062429, 5e+15, 9.09959772e+25, -248948.635, 121848.275, 300.613071, 75.1085688, 115.122584, 1.28078819, 1.25944174, 5e+15, 24841.4607, 1574.91724, 0.790354676, 45372.302, -1318.63475, -22748.9731, -37545.2404, 861.142687, 9979.09773, 25475.4924, 0, 1.20348374e-08, 1.20348374e-08, 7.08275896e+09, 7.04036127e+09, 111376394, 0.27, 3.332, -153774077, -24067.6078, 10840.2404, 0, 1.49661751e+15, 0, 0, 2e+18, 1.372113e+16
10.8955079, 0, 0, 1.5e+15, 0, 1.08279931e-21, 3.718e+18, 6.44e+20, 4.85, 4, 377.761107, 75.1085688, 1.25944174, 265288.326, 0, 4.15738532e+14, 4.16532838e+17, 26396.2224, -375.638512, -380.062429, 1.5e+15, 9.09959772e+25, -238734.618, 115687.846, 300.613071, 75.1085688, 115.122584, 1.28078819, 1.25944174, 1.5e+15, 24841.4607, 1574.91724, 0.790354676, 45372.302, -1318.63475, -22748.9731, -37545.2404, 861.142687, 9979.09773, 25475.4924, 0, 1.20348374e-08, 1.20348374e-08, 7.08275896e+09, 7.04036127e+09, 111376394, 0.27, 3.332, -153774077, -24067.6078, 10840.2404, 0, 1.49661751e+15, 0, 0, 2e+18, 1.372113e+16
10.9023438, 0, 0, 1.5e+15, 0, 1.1281452e-21, 3.718e+18, 6.44e+20, 4.85, 4, 377.907993, 91.0842138, 1.25944174, 219908.985, 0, 4.45073654e+14, 5.17561999e+17, 27451.2165, -375.783751, -380.214844, 1.5e+15, 9.36307022e+25, -188559.525, 113160.361, 300.744872, 91.0842138, 114.5828, 1.28078819, 1.25944174, 1.5e+15, 25911.7736, 1548.5436, 0.78601074, 46809.8818, -1277.35193, -22873.0226, -37545.4591, 875.419518, 12175.5841, 27955.3847, 0, 1.20423308e-08, 1.20423308e-08, 6.12005908e+09, 6.65085738e+09, 742188287, 0.27, 3.332, -211389986, -24150.3745, 13051.0036, 0, 1.49638543e+15, 0, 0, 2e+18, 9.11819832e+16
10.9023438, 0, 0, 5e+15, 0, 1.1281452e-21, 3.718e+18, 6.44e+20, 4.85, 4, 377.907993, 91.0842138, 1.25944174, 235848.106, 0, 4.45073654e+14, 5.17561999e+17, 27451.2165, -375.783751, -380.214844, 5e+15, 9.36307022e+25, -198700.599, 127052.749, 300.744872, 91.0842138, 114.5828, 1.28078819, 1.25944174, 5e+15, 25911.7736, 1548.5436, 0.78601074, 46809.8818, -1277.35193, -22873.0226, -37545.4591, 875.419518, 12175.5841, 27955.3847, 0, 1.20423308e-08, 1.20423308e-08, 6.12005908e+09, 6.65085738e+09, 742188287, 0.27, 3.332, -211389986, -24150.3745, 13051.0036, 0, 1.49638543e+15, 0, 0, 2e+18, 9.11819832e+16
10.9091797, 0, 0, 5e+15, 0, 1.19179242e-21, 3.718e+18, 6.44e+20, 4.85, 4, 378.017495, 109.902313, 1.25944174, 206256.837, 0, 5.31669193e+14, 6.94082622e+17, 29412.6855, -375.888803, -380.331827, 5e+15, 9.08274233e+25, -152745.619, 138602.521, 300.921377, 109.902313, 112.84753, 1.28078819, 1.25944174, 5e+15, 27874.6842, 1540.5958, 0.781245809, 49245.6504, -1209.37294, -22871.8552, -37347.9496, 954.385933, 15933.495, 32097.7374, 0, 1.20523679e-08, 1.20523679e-08, 5.45672387e+09, 1.01224926e+10, 4.88429074e+09, 0.27, 3.332, -218521959, -24081.2281, 16887.8809, 0, 1.49569378e+15, 0, 0, 2e+18, 4.55937693e+17
10.9091797, 0, 0, 1.5e+15, 0, 1.19179242e-21, 3.718e+18, 6.44e+20, 4.85, 4, 378.017495, 109.902313, 1.25944174, 183120.246, 0, 5.31669193e+14, 6.94082622e+17, 29412.6855, -375.888803, -380.331827, 1.5e+15, 9.08274233e+25, -146343.811, 110075.036, 300.921377, 109.902313, 112.84753, 1.28078819, 1.25944174, 1.5e+15, 27874.6842, 1540.5958, 0.781245809, 49245.6504, -1209.37294, -22871.8552, -37347.9496, 954.385933, 15933.495, 32097.7374, 0, 1.20523679e-08, 1.20523679e-08, 5.45672387e+09, 1.01224926e+10, 4.88429074e+09, 0.27, 3.332, -218521959, -24081.2281, 16887.8809, 0, 1.49569378e+15, 0, 0, 2e+18, 4.55937693e+17
10.9160156, 0, 0, 1.5e+15, 0, 1.27667862e-21, 3.718e+18, 6.44e+20, 4.85, 4, 378.103016, 112.094781, 1.25944174, 160526.071, 0, 1.27501865e+15, 8.82170191e+17, 31572.6189, -375.951822, -380.423415, 1.5e+15, 1.80598192e+26, -119804.886, 106842.917, 301.14294, 115.76444, 112.094781, 1.28078819, 1.25944174, 1.5e+15, 30044.844, 1528.24254, 0.775940859, 51710.5474, -1120.32616, -22536.3734, -36642.0553, 1039.42029, 19869.6885, 36487.5389, 0, 1.20649709e-08, 1.20649709e-08, 5.03903289e+09, 1.47692138e+10, 9.87972231e+09, 0.27, 3.332, -149541362, -23656.6996, 20909.1088, 0, 1.48974226e+15, 0, 0, 2e+18, 7.28032681e+17
10.9160156, 0, 0, 5e+15, 0, 1.27667862e-21, 3.718e+18, 6.44e+20, 4.85, 4, 378.103016, 112.094781, 1.25944174, 187693.746, 0, 1.27501865e+15, 8.82170191e+17, 31572.6189, -375.951822, -380.423415, 5e+15, 1.80598192e+26, -117717.176, 146190.318, 301.14294, 115.76444, 112.094781, 1.28078819, 1.25944174, 5e+15, 30044.844, 1528.24254, 0.775940859, 51710.5474, -1120.32616, -22536.3734, -36642.0553, 1039.42029, 19869.6885, 36487.5389, 0, 1.20649709e-08, 1.20649709e-08, 5.03903289e+09, 1.47692138e+10, 9.87972231e+09, 0.27, 3.332, -149541362, -23656.6996, 20909.1088, 0, 1.48974226e+15, 0, 0, 2e+18, 7.28032681e+17
10.9228516, 0, 0, 5e+15, 0, 1.3855519e-21, 3.718e+18, 6.44e+20, 4.85, 4, 378.170632, 113.931567, 1.25944174, 164346.307, 0, 9.97726031e+15, 1.07947923e+18, 33571.6477, -375.966196, -380.496092, 5e+15, 1.21654877e+27, -86856.7765, 139519.207, 301.406899, 116.940531, 113.931567, 1.28078819, 1.25944174, 5e+15, 31954.3787, 1617.27901, 0.770088158, 53782.1829, -1082.24575, -21468.5873, -35016.6737, 1201.80512, 23668.166, 40821.0211, 0, 1.20799905e-08, 1.20799905e-08, 4.65232753e+09, 1.97546376e+10, 1.51560467e+10, 0.27, 3.332, -53736670.1, -22550.833, 24869.9711, 0, 1.42349364e+15, 0, 0, 2e+18, 9.13266025e+17
10.9228516, 0, 0, 1.5e+15, 0, 1.3855519e-21, 3.718e+18, 6.44e+20, 4.85, 4, 378.170632, 113.931567, 1.25944174, 141956.943, 0, 9.97726031e+15, 1.07947923e+18, 33571.6477, -375.966196, -380.496092, 1.5e+15, 1.21654877e+27, -98005.6641, 102696.949, 301.406899, 116.940531, 113.931567, 1.28078819, 1.25944174, 1.5e+15, 31954.3787, 1617.27901, 0.770088158, 53782.1829, -1082.24575, -21468.5873, -35016.6737, 1201.80512, 23668.166, 40821.0211, 0, 1.20799905e-08, 1.20799905e-08, 4.65232753e+09, 1.97546376e+10, 1.51560467e+10, 0.27, 3.332, -53736670.1, -22550.833, 24869.9711, 0, 1.42349364e+15, 0, 0, 2e+18, 9.13266025e+17
10.9296875, 0, 0, 1.5e+15, 0, 1.52135921e-21, 3.718e+18, 6.44e+20, 4.85, 4, 378.221156, 115.706545, 1.25944174, 124561.972, 0, 6.46730553e+16, 1.32386102e+18, 35973.4573, -375.968186, -380.551719, 1.5e+15, 6.67530668e+27, -77582.9554, 97450.3458, 301.709061, 117.167231, 115.706545, 1.28078819, 1.25944174, 1.5e+15, 33866.8396, 2110.10424, 0.763663773, 55422.1014, -1309.88802, -19414.1744, -31797.6003, 1654.3075, 27749.8227, 45392.9723, 0, 1.20971907e-08, 1.20971907e-08, 4.26886941e+09, 2.65362623e+10, 2.22097884e+10, 0.27, 3.332, 57604542.6, -20724.0624, 29404.1302, 0, 1.11206088e+15, 0, 0, 2e+18, 1.08671777e+18
10.9296875, 0, 0, 5e+15, 0, 1.52135921e-21, 3.718e+18, 6.44e+20, 4.85, 4, 378.221156, 115.706545, 1.25944174, 133056.029, 0, 6.46730553e+16, 1.32386102e+18, 35973.4573, -375.968186, -380.551719, 5e+15, 6.67530668e+27, -58790.7761, 119363.108, 301.709061, 117.167231, 115.706545, 1.28078819, 1.25944174, 5e+15, 33866.8396, 2110.10424, 0.763663773, 55422.1014, -1309.88802, -19414.1744, -31797.6003, 1654.3075, 27749.8227, 45392.9723, 0, 1.20971907e-08, 1.20971907e-08, 4.26886941e+09, 2.65362623e+10, 2.22097884e+10, 0.27, 3.332, 57604542.6, -20724.0624, 29404.1302, 0, 1.11206088e+15, 0, 0, 2e+18, 1.08671777e+18
10.9365234, 0, 0, 5e+15, 0, 1.68601029e-21, 3.718e+18, 6.44e+20, 4.85, 4, 378.255755, 116.182175, 1.25944174, 102704.721, 0, 2.36193033e+17, 1.63347979e+18, 39066.914, -375.96881, -380.591572, 5e+15, 2.03955423e+28, -37298.5031, 95692.6402, 302.041832, 117.194358, 116.182175, 1.28078819, 1.25944174, 5e+15, 36101.8655, 3008.06601, 0.756616509, 56691.6242, -1825.56867, -16540.9248, -26632.8346, 2390.7656, 32089.6011, 50046.3023, 0, 1.21161416e-08, 1.21161416e-08, 3.9326127e+09, 3.54139913e+10, 3.13544448e+10, 0.27, 3.332, 126933843, -18366.4934, 34480.3667, 0, 6.55220475e+14, 0, 0, 2e+18, 1.23655757e+18
10.9365234, 0, 0, 1.5e+15, 0, 1.68601029e-21, 3.718e+18, 6.44e+20, 4.85, 4, 378.255755, 116.182175, 1.25944174, 109010.241, 0, 2.36193033e+17, 1.63347979e+18, 39066.914, -375.96881, -380.591572, 1.5e+15, 2.03955423e+28, -59605.0432, 91271.4163, 302.041832, 117.194358, 116.182175, 1.28078819, 1.25944174, 1.5e+15, 36101.8655, 3008.06601, 0.756616509, 56691.6242, -1825.56867, -16540.9248, -26632.8346, 2390.7656, 32089.6011, 50046.3023, 0, 1.21161416e-08, 1.21161416e-08, 3.9326127e+09, 3.54139913e+10, 3.13544448e+10, 0.27, 3.332, 126933843, -18366.4934, 34480.3667, 0, 6.55220475e+14, 0, 0, 2e+18, 1.23655757e+18
10.9433594, 0, 0, 1.5e+15, 0, 1.87952015e-21, 3.718e+18, 6.44e+20, 4.85, 4, 378.277699, 116.258188, 1.25944174, 96178.6249, 0, 5.29081202e+17, 1.99581197e+18, 42232.6812, -375.969153, -380.618514, 1.5e+15, 3.88636634e+28, -45679.9803, 84638.4504, 302.394478, 117.195975, 116.258188, 1.28078819, 1.25944174, 1.5e+15, 38740.2672, 3537.24322, 0.748943469, 57920.36, -1766.9277, -13523.1517, -20265.5952, 3064.31985, 36303.3425, 54259.3195, 0, 1.2136234e-08, 1.2136234e-08, 3.698946e+09, 4.56116301e+10, 4.17888541e+10, 0.27, 3.332, 123830063, -15290.0794, 39367.6623, 0, 3.79248715e+14, 0, 0, 2e+18, 1.34686363e+18
10.9433594, 0, 0, 5e+15, 0, 1.87952015e-21, 3.718e+18, 6.44e+20, 4.85, 4, 378.277699, 116.258188, 1.25944174, 80928.2079, 0, 5.29081202e+17, 1.99581197e+18, 42232.6812, -375.969153, -380.618514, 5e+15, 3.88636634e+28, -23400.6184, 77471.1939, 302.394478, 117.195975, 116.258188, 1.28078819, 1.25944174, 5e+15, 38740.2672, 3537.24322, 0.748943469, 57920.36, -1766.9277, -13523.1517, -20265.5952, 3064.31985, 36303.3425, 54259.3195, 0, 1.2136234e-08, 1.2136234e-08, 3.698946e+09, 4.56116301e+10, 4.17888541e+10, 0.27, 3.332, 123830063, -15290.0794, 39367.6623, 0, 3.79248715e+14, 0, 0, 2e+18, 1.34686363e+18
10.9501954, 0, 0, 5e+15, 0, 2.09942359e-21, 3.718e+18, 6.44e+20, 4.85, 4, 378.291559, 116.272483, 1.25944174, 68069.104, 0, 8.69546272e+17, 2.37068784e+18, 44861.8894, -375.96933, -380.636644, 5e+15, 5.63896934e+28, -15312.7846, 66324.3662, 302.754445, 117.196028, 116.272483, 1.28078819, 1.25944174, 5e+15, 41300.2027, 3688.93, 0.740718258, 59198.4216, 18.9568192, -11002.6555, -13590.7819, 3688.88129, 39807.6414, 57617.2177, 0, 1.21567536e-08, 1.21567536e-08, 3.5370665e+09, 5.58971857e+10, 5.22747576e+10, 0.27, 3.332, 85361636, -10983.6987, 43496.5227, 0, 2.50393193e+14, 0, 0, 2e+18, 1.41959439e+18
10.9501954, 0, 0, 1.5e+15, 0, 2.09942359e-21, 3.718e+18, 6.44e+20, 4.85, 4, 378.291559, 116.272483, 1.25944174, 85960.5629, 0, 8.69546272e+17, 2.37068784e+18, 44861.8894, -375.96933, -380.636644, 1.5e+15, 5.63896934e+28, -35863.5771, 78121.8421, 302.754445, 117.196028, 116.272483, 1.28078819, 1.25944174, 1.5e+15, 41300.2027, 3688.93, 0.740718258, 59198.4216, 18.9568192, -11002.6555, -13590.7819, 3688.88129, 39807.6414, 57617.2177, 0, 1.21567536e-08, 1.21567536e-08, 3.5370665e+09, 5.58971857e+10, 5.22747576e+10, 0.27, 3.332, 85361636, -10983.6987, 43496.5227, 0, 2.50393193e+14, 0, 0, 2e+18, 1.41959439e+18
10.9570313, 0, 0, 1.5e+15, 0, 2.34026571e-21, 3.718e+18, 6.44e+20, 4.85, 4, 378.300814, 116.276421, 1.25944174, 77636.4989, 0, 1.20397528e+18, 2.72784079e+18, 47581.8306, -375.969365, -380.649352, 1.5e+15, 7.13746814e+28, -28738.2849, 72121.6815, 303.108595, 117.19603, 116.276421, 1.28078819, 1.25944174, 1.5e+15, 43326.8398, 6313.57489, 0.73201712, 60961.2229, 3934.5681, -9075.81931, -6525.84099, 4937.65144, 42365.6058, 60610.9239, 0, 1.21769517e-08, 1.21769517e-08, 3.42526964e+09, 6.55697038e+10, 6.20833657e+10, 0.27, 3.332, 61068442.4, -5141.25121, 47303.2572, 0, 1.85288647e+14, 0, 0, 2e+18, 1.46677566e+18
10.9570313, 0, 0, 5e+15, 0, 2.34026571e-21, 3.718e+18, 6.44e+20, 4.85, 4, 378.300814, 116.276421, 1.25944174, 60916.5028, 0, 1.20397528e+18, 2.72784079e+18, 47581.8306, -375.969365, -380.649352, 5e+15, 7.13746814e+28, -10667.2079, 59975.2531, 303.108595, 117.19603, 116.276421, 1.28078819, 1.25944174, 5e+15, 43326.8398, 6313.57489, 0.73201712, 60961.2229, 3934.5681, -9075.81931, -6525.84099, 4937.65144, 42365.6058, 60610.9239, 0, 1.21769517e-08, 1.21769517e-08, 3.42526964e+09, 6.55697038e+10, 6.20833657e+10, 0.27, 3.332, 61068442.4, -5141.25121, 47303.2572, 0, 1.85288647e+14, 0, 0, 2e+18, 1.46677566e+18
10.9638672, 0, 0, 5e+15, 0, 2.5929658e-21, 3.718e+18, 6.44e+20, 4.85, 4, 378.307347, 116.277915, 1.25944174, 56797.6149, 0, 1.51235822e+18, 3.05303102e+18, 53006.9943, -375.969267, -380.658632, 5e+15, 8.40620029e+28, -7742.54739, 56267.4152, 303.443732, 117.19603, 116.277915, 1.28078819, 1.25944174, 5e+15, 44700.028, 13256.5097, 0.722742178, 65414.2569, 9834.64149, -7499.14771, 1491.8383, 8889.03122, 44066.4871, 65397.2433, 0, 1.21960745e-08, 1.21960745e-08, 3.46176191e+09, 7.4475737e+10, 7.09119122e+10, 0.27, 3.332, 102062931, 2335.49378, 52955.5183, 0, 1.48062296e+14, 0, 0, 2e+18, 1.49825731e+18
10.9638672, 0, 0, 1.5e+15, 0, 2.5929658e-21, 3.718e+18, 6.44e+20, 4.85, 4, 378.307347, 116.277915, 1.25944174, 70668.8867, 0, 1.51235822e+18, 3.05303102e+18, 53006.9943, -375.969267, -380.658632, 1.5e+15, 8.40620029e+28, -22864.9913, 66867.6582, 303.443732, 117.19603, 116.277915, 1.28078819, 1.25944174, 1.5e+15, 44700.028, 13256.5097, 0.722742178, 65414.2569, 9834.64149, -7499.14771, 1491.8383, 8889.03122, 44066.4871, 65397.2433, 0, 1.21960745e-08, 1.21960745e-08, 3.46176191e+09, 7.4475737e+10, 7.09119122e+10, 0.27, 3.332, 102062931, 2335.49378, 52955.5183, 0, 1.48062296e+14, 0, 0, 2e+18, 1.49825731e+18
10.9707031, 0, 0, 1.5e+15, 0, 2.84440177e-21, 3.718e+18, 6.44e+20, 4.85, 4, 378.312052, 116.278605, 1.25944174, 64892.8035, 0, 1.78528681e+18, 3.33793434e+18, 66871.0572, -375.969036, -380.665498, 1.5e+15, 9.47175054e+28, -17392.8885, 62518.5043, 303.746864, 117.19603, 116.278605, 1.28078819, 1.25944174, 1.5e+15, 45522.6563, 27001.7751, 0.71229161, 78135.0093, 17205.5352, -6033.7228, 10578.2486, 20810.2239, 45121.0198, 77415.6337, 0, 1.22133787e-08, 1.22133787e-08, 3.94392296e+09, 8.28206412e+10, 7.85844356e+10, 0.27, 3.332, 292282678, 11171.8124, 65931.2437, 0, 1.24902866e+14, 0, 0, 2e+18, 1.51980886e+18
10.9707031, 0, 0, 5e+15, 0, 2.84440177e-21, 3.718e+18, 6.44e+20, 4.85, 4, 378.312052, 116.278605, 1.25944174, 54305.4376, 0, 1.78528681e+18, 3.33793434e+18, 66871.0572, -375.969036, -380.665498, 5e+15, 9.47175054e+28, -5634.18321, 54012.3739, 303.746864, 117.19603, 116.278605, 1.28078819, 1.25944174, 5e+15, 45522.6563, 27001.7751, 0.71229161, 78135.0093, 17205.5352, -6033.7228, 10578.2486, 20810.2239, 45121.0198, 77415.6337, 0, 1.22133787e-08, 1.22133787e-08, 3.94392296e+09, 8.28206412e+10, 7.85844356e+10, 0.27, 3.332, 292282678, 11171.8124, 65931.2437, 0, 1.24902866e+14, 0, 0, 2e+18, 1.51980886e+18
10.9775391, 0, 0, 5e+15, 0, 3.07774766e-21, 3.718e+18, 6.44e+20, 4.85, 4, 378.315363, 116.278949, 1.25944174, 52790.8324, 0, 2.01463366e+18, 3.57515215e+18, 96759.2166, -375.96868, -380.670459, 5e+15, 1.03379276e+29, -3941.75243, 52643.4666, 304.005584, 117.19603, 116.278949, 1.28078819, 1.25944174, 5e+15, 45998.5219, 54739.5436, 0.699149088, 106915.643, 24635.2465, -4563.01274, 19644.0871, 48882.7399, 45771.6389, 105095.502, 0, 1.22281535e-08, 1.22281535e-08, 5.2973164e+09, 9.09310765e+10, 8.49347914e+10, 0.27, 3.332, 698968710, 20072.2337, 94654.3789, 0, 1.09931589e+14, 0, 0, 2e+18, 1.53461925e+18
10.9775391, 0, 0, 1.5e+15, 0, 3.07774766e-21, 3.718e+18, 6.44e+20, 4.85, 4, 378.315363, 116.278949, 1.25944174, 60423.3751, 0, 2.01463366e+18, 3.57515215e+18, 96759.2166, -375.96868, -380.670459, 1.5e+15, 1.03379276e+29, -12126.6764, 59193.986, 304.005584, 117.19603, 116.278949, 1.28078819, 1.25944174, 1.5e+15, 45998.5219, 54739.5436, 0.699149088, 106915.643, 24635.2465, -4563.01274, 19644.0871, 48882.7399, 45771.6389, 105095.502, 0, 1.22281535e-08, 1.22281535e-08, 5.2973164e+09, 9.09310765e+10, 8.49347914e+10, 0.27, 3.332, 698968710, 20072.2337, 94654.3789, 0, 1.09931589e+14, 0, 0, 2e+18, 1.53461925e+18
10.984375, 0, 0, 1.5e+15, 0, 3.27394182e-21, 3.718e+18, 6.44e+20, 4.85, 4, 378.317525, 116.279113, 1.25944174, 57397.6914, 0, 2.19274415e+18, 3.75785736e+18, 145020.597, -375.968231, -380.673812, 1.5e+15, 1.09964178e+29, -7378.21856, 56921.4974, 304.20867, 117.19603, 116.279113, 1.28078819, 1.25944174, 1.5e+15, 46322.9798, 100809.665, 0.681016132, 154251.464, 29700.0195, -3077.38622, 26354.1724, 96335.3385, 46220.6464, 151983.459, 0, 1.22397548e-08, 1.22397548e-08, 7.63888041e+09, 9.87019787e+10, 8.9803608e+10, 0.27, 3.332, 1.25949034e+09, 26622.6332, 142555.985, 0, 1.00324478e+14, 0, 0, 2e+18, 1.54450046e+18
10.984375, 0, 0, 5e+15, 0, 3.27394182e-21, 3.718e+18, 6.44e+20, 4.85, 4, 378.317525, 116.279113, 1.25944174, 51936.7435, 0, 2.19274415e+18, 3.75785736e+18, 145020.597, -375.968231, -380.673812, 5e+15, 1.09964178e+29, -2508.20578, 51876.1432, 304.20867, 117.19603, 116.279113, 1.28078819, 1.25944174, 5e+15, 46322.9798, 100809.665, 0.681016132, 154251.464, 29700.0195, -3077.38622, 26354.1724, 96335.3385, 46220.6464, 151983.459, 0, 1.22397548e-08, 1.22397548e-08, 7.63888041e+09, 9.87019787e+10, 8.9803608e+10, 0.27, 3.332, 1.25949034e+09, 26622.6332, 142555.985, 0, 1.00324478e+14, 0, 0, 2e+18, 1.54450046e+18
10.9912109, 0, 0, 5e+15, 0, 3.41452528e-21, 3.718e+18, 6.44e+20, 4.85, 4, 378.318715, 116.27917, 1.25944174, 51548.5509, 0, 2.31355126e+18, 3.88080199e+18, 201680.361, -375.967751, -380.67577, 5e+15, 1.14372049e+29, -1271.4426, 51532.8685, 304.346996, 117.19603, 116.27917, 1.28078819, 1.25944174, 5e+15, 46571.0812, 156054.429, 0.65602184, 210186.605, 30244.286, -1618.84608, 28510.7178, 153095.618, 46542.9366, 208243.962, 0, 1.22476586e-08, 1.22476586e-08, 1.04228556e+10, 1.05303496e+11, 9.30679315e+10, 0.27, 3.332, 1.81270933e+09, 28625.44, 199638.554, 0, 9.46002031e+13, 0, 0, 2e+18, 1.55052062e+18
10.9912109, 0, 0, 1.5e+15, 0, 3.41452528e-21, 3.718e+18, 6.44e+20, 4.85, 4, 378.318715, 116.27917, 1.25944174, 55698.215, 0, 2.31355126e+18, 3.88080199e+18, 201680.361, -375.967751, -380.67577, 1.5e+15, 1.14372049e+29, -3500.57441, 55588.1024, 304.346996, 117.19603, 116.27917, 1.28078819, 1.25944174, 1.5e+15, 46571.0812, 156054.429, 0.65602184, 210186.605, 30244.286, -1618.84608, 28510.7178, 153095.618, 46542.9366, 208243.962, 0, 1.22476586e-08, 1.22476586e-08, 1.04228556e+10, 1.05303496e+11, 9.30679315e+10, 0.27, 3.332, 1.81270933e+09, 28625.44, 199638.554, 0, 9.46002031e+13, 0, 0, 2e+18, 1.55052062e+18
10.9980469, 0, 0, 1.5e+15, 0, 3.48520931e-21, 3.718e+18, 6.44e+20, 4.85, 4, 378.319078, 116.279162, 1.25944174, 54986.3538, 0, 2.37365732e+18, 3.9411588e+18, 250574.318, -375.96731, -380.6765, 1.5e+15, 1.16550257e+29, -538.545934, 54983.7164, 304.414454, 117.19603, 116.279162, 1.28078819, 1.25944174, 1.5e+15, 46675.7826, 204229.508, 0.624044455, 258590.091, 25896.0461, -229.057715, 25674.3376, 202581.062, 46675.2205, 257312.385, 0, 1.22515136e-08, 1.22515136e-08, 1.28432977e+10, 1.09740154e+11, 9.46653016e+10, 0.27, 3.332, 2.23155515e+09, 25666.9883, 249256.283, 0, 9.19553805e+13, 0, 0, 2e+18, 1.55331133e+18
10.9980469, 0, 0, 5e+15, 0, 3.48520931e-21, 3.718e+18, 6.44e+20, 4.85, 4, 378.319078, 116.279162, 1.25944174, 51479.9435, 0, 2.37365732e+18, 3.9411588e+18, 250574.318, -375.96731, -380.6765, 5e+15, 1.16550257e+29, -188.024442, 51479.6001, 304.414454, 117.19603, 116.279162, 1.28078819, 1.25944174, 5e+15, 46675.7826, 204229.508, 0.624044455, 258590.091, 25896.0461, -229.057715, 25674.3376, 202581.062, 46675.2205, 257312.385, 0, 1.22515136e-08, 1.22515136e-08, 1.28432977e+10, 1.09740154e+11, 9.46653016e+10, 0.27, 3.332, 2.23155515e+09, 25666.9883, 249256.283, 0, 9.19553805e+13, 0, 0, 2e+18, 1.55331133e+18
11.0048829, 0, 0, 5e+15, 0, 3.47887741e-21, 3.718e+18, 6.44e+20, 4.85, 4, 378.318719, 116.279112, 1.25944174, 51623.9715, 0, 2.37268366e+18, 3.93871402e+18, 281116.891, -375.966962, -380.676127, 5e+15, 1.16517212e+29, 790.873326, 51617.9131, 304.408466, 117.19603, 116.279112, 1.28078819, 1.25944174, 5e+15, 46505.2289, 234668.321, 0.586777518, 288867.891, 18068.9259, 1071.26895, 19226.1354, 233971.654, 46492.8887, 288227.366, 0, 1.22511714e-08, 1.22511714e-08, 1.43985153e+10, 1.1146812e+11, 9.45976604e+10, 0.27, 3.332, 2.47194423e+09, 19140.1948, 280464.542, 0, 9.19915043e+13, 0, 0, 2e+18, 1.55320753e+18
11.0048829, 0, 0, 1.5e+15, 0, 3.47887741e-21, 3.718e+18, 6.44e+20, 4.85, 4, 378.318719, 116.279112, 1.25944174, 54918.7293, 0, 2.37268366e+18, 3.93871402e+18, 281116.891, -375.966962, -380.676127, 1.5e+15, 1.16517212e+29, 1711.14795, 54892.065, 304.408466, 117.19603, 116.279112, 1.28078819, 1.25944174, 1.5e+15, 46505.2289, 234668.321, 0.586777518, 288867.891, 18068.9259, 1071.26895, 19226.1354, 233971.654, 46492.8887, 288227.366, 0, 1.22511714e-08, 1.22511714e-08, 1.43985153e+10, 1.1146812e+11, 9.45976604e+10, 0.27, 3.332, 2.47194423e+09, 19140.1948, 280464.542, 0, 9.19915043e+13, 0, 0, 2e+18, 1.55320753e+18
11.0117188, 0, 0, 1.5e+15, 0, 3.39696896e-21, 3.718e+18, 6.44e+20, 4.85, 4, 378.317696, 116.279027, 1.25944174, 55258.577, 0, 2.31293023e+18, 3.87559034e+18, 290870.081, -375.966737, -380.674725, 1.5e+15, 1.14356596e+29, 3511.1831, 55146.9122, 304.33003, 117.19603, 116.279027, 1.28078819, 1.25944174, 1.5e+15, 45942.2612, 244931.28, 0.54680843, 298537.016, 8856.624, 2275.08576, 11259.6268, 244771.101, 45885.8949, 298324.606, 0, 1.22466891e-08, 1.22466891e-08, 1.4968554e+10, 1.10431482e+11, 9.29226808e+10, 0.27, 3.332, 2.5402469e+09, 11131.7098, 290656.996, 0, 9.4608751e+13, 0, 0, 2e+18, 1.55030476e+18
11.0117188, 0, 0, 5e+15, 0, 3.39696896e-21, 3.718e+18, 6.44e+20, 4.85, 4, 378.317696, 116.279027, 1.25944174, 51917.6063, 0, 2.31293023e+18, 3.87559034e+18, 290870.081, -375.966737, -380.674725, 5e+15, 1.14356596e+29, 1715.24461, 51889.2646, 304.33003, 117.19603, 116.279027, 1.28078819, 1.25944174, 5e+15, 45942.2612, 244931.28, 0.54680843, 298537.016, 8856.624, 2275.08576, 11259.6268, 244771.101, 45885.8949, 298324.606, 0, 1.22466891e-08, 1.22466891e-08, 1.4968554e+10, 1.10431482e+11, 9.29226808e+10, 0.27, 3.332, 2.5402469e+09, 11131.7098, 290656.996, 0, 9.4608751e+13, 0, 0, 2e+18, 1.55030476e+18
11.0185547, 0, 0, 5e+15, 0, 3.24896825e-21, 3.718e+18, 6.44e+20, 4.85, 4, 378.31603, 116.278908, 1.25944174, 52339.1757, 0, 2.19894873e+18, 3.75593983e+18, 282315.043, -375.966643, -380.672319, 5e+15, 1.10206486e+29, 2628.60462, 52273.1265, 304.183491, 117.19603, 116.278908, 1.28078819, 1.25944174, 5e+15, 44919.0616, 237501.399, 0.506736887, 290029.659, 121.92408, 3376.17698, 3645.97235, 237501.368, 44792.0029, 290006.741, 0, 1.22383163e-08, 1.22383163e-08, 1.46547411e+10, 1.06862862e+11, 8.97459309e+10, 0.27, 3.332, 2.46218967e+09, 3498.10106, 282293.371, 0, 9.99755868e+13, 0, 0, 2e+18, 1.54447912e+18
11.0185547, 0, 0, 1.5e+15, 0, 3.24896825e-21, 3.718e+18, 6.44e+20, 4.85, 4, 378.31603, 116.278908, 1.25944174, 55872.5203, 0, 2.19894873e+18, 3.75593983e+18, 282315.043, -375.966643, -380.672319, 1.5e+15, 1.10206486e+29, 5079.56376, 55641.1408, 304.183491, 117.19603, 116.278908, 1.28078819, 1.25944174, 1.5e+15, 44919.0616, 237501.399, 0.506736887, 290029.659, 121.92408, 3376.17698, 3645.97235, 237501.368, 44792.0029, 290006.741, 0, 1.22383163e-08, 1.22383163e-08, 1.46547411e+10, 1.06862862e+11, 8.97459309e+10, 0.27, 3.332, 2.46218967e+09, 3498.10106, 282293.371, 0, 9.99755868e+13, 0, 0, 2e+18, 1.54447912e+18
11.0253906, 0, 0, 1.5e+15, 0, 3.0503164e-21, 3.718e+18, 6.44e+20, 4.85, 4, 378.313709, 116.278742, 1.25944174, 56694.8617, 0, 2.03733625e+18, 3.58578545e+18, 259976.773, -375.966672, -380.6689, 1.5e+15, 1.04254592e+29, 6565.12719, 56313.4659, 303.976185, 117.19603, 116.278742, 1.28078819, 1.25944174, 1.5e+15, 43419.9022, 216873.231, 0.46869916, 267833.076, -6862.74884, 4363.066, -2339.67838, 216764.622, 43200.1338, 267822.857, 0, 1.22264743e-08, 1.22264743e-08, 1.3654665e+10, 1.01143043e+11, 8.52177475e+10, 0.27, 3.332, 2.27063071e+09, -2499.68284, 259964.755, 0, 1.08545551e+14, 0, 0, 2e+18, 1.53538513e+18
11.0253906, 0, 0, 5e+15, 0, 3.0503164e-21, 3.718e+18, 6.44e+20, 4.85, 4, 378.313709, 116.278742, 1.25944174, 52900.5911, 0, 2.03733625e+18, 3.58578545e+18, 259976.773, -375.966672, -380.6689, 5e+15, 1.04254592e+29, 3565.76888, 52780.2788, 303.976185, 117.19603, 116.278742, 1.28078819, 1.25944174, 5e+15, 43419.9022, 216873.231, 0.46869916, 267833.076, -6862.74884, 4363.066, -2339.67838, 216764.622, 43200.1338, 267822.857, 0, 1.22264743e-08, 1.22264743e-08, 1.3654665e+10, 1.01143043e+11, 8.52177475e+10, 0.27, 3.332, 2.27063071e+09, -2499.68284, 259964.755, 0, 1.08545551e+14, 0, 0, 2e+18, 1.53538513e+18
11.0322266, 0, 0, 5e+15, 0, 2.8194079e-21, 3.718e+18, 6.44e+20, 4.85, 4, 378.310695, 116.278505, 1.25944174, 53639.9131, 0, 1.83665604e+18, 3.37291558e+18, 228929.987, -375.966806, -380.66443, 5e+15, 9.67369304e+28, 4554.35537, 53446.2171, 303.71793, 117.19603, 116.278505, 1.28078819, 1.25944174, 5e+15, 41471.6892, 188052.242, 0.434190504, 236997.268, -11453.1985, 5219.27705, -6058.38294, 187703.143, 41141.9513, 236919.82, 0, 1.22117267e-08, 1.22117267e-08, 1.21995356e+10, 9.37328947e+10, 7.95316738e+10, 0.27, 3.332, 2.00168524e+09, -6233.92146, 228845.094, 0, 1.21121893e+14, 0, 0, 2e+18, 1.5224332e+18
11.0322266, 0, 0, 1.5e+15, 0, 2.8194079e-21, 3.718e+18, 6.44e+20, 4.85, 4, 378.310695, 116.278505, 1.25944174, 57695.8872, 0, 1.83665604e+18, 3.37291558e+18, 228929.987, -375.966806, -380.66443, 1.5e+15, 9.67369304e+28, 8055.3608, 57130.7847, 303.71793, 117.19603, 116.278505, 1.28078819, 1.25944174, 1.5e+15, 41471.6892, 188052.242, 0.434190504, 236997.268, -11453.1985, 5219.27705, -6058.38294, 187703.143, 41141.9513, 236919.82, 0, 1.22117267e-08, 1.22117267e-08, 1.21995356e+10, 9.37328947e+10, 7.95316738e+10, 0.27, 3.332, 2.00168524e+09, -6233.92146, 228845.094, 0, 1.21121893e+14, 0, 0, 2e+18, 1.5224332e+18
11.0390625, 0, 0, 1.5e+15, 0, 2.57453985e-21, 3.718e+18, 6.44e+20, 4.85, 4, 378.30693, 116.278158, 1.25944174, 58859.6313, 0, 1.6073405e+18, 3.1267214e+18, 194022.872, -375.967023, -380.658854, 1.5e+15, 8.79360868e+28, 9591.44348, 58072.8887, 303.4204, 117.19603, 116.278158, 1.28078819, 1.25944174, 1.5e+15, 39132.7401, 155782.258, 0.404039587, 202355.451, -13552.361, 5926.78145, -7422.45054, 155191.641, 38681.3212, 202219.276, 0, 1.21947428e-08, 1.21947428e-08, 1.0519499e+10, 8.51334002e+10, 7.29215365e+10, 0.27, 3.332, 1.6923646e+09, -7625.57959, 193872.962, 0, 1.38980098e+14, 0, 0, 2e+18, 1.50475062e+18
11.0390625, 0, 0, 5e+15, 0, 2.57453985e-21, 3.718e+18, 6.44e+20, 4.85, 4, 378.30693, 116.278158, 1.25944174, 54616.1038, 0, 1.6073405e+18, 3.1267214e+18, 194022.872, -375.967023, -380.658854, 5e+15, 8.79360868e+28, 5617.06578, 54326.4886, 303.4204, 117.19603, 116.278158, 1.28078819, 1.25944174, 5e+15, 39132.7401, 155782.258, 0.404039587, 202355.451, -13552.361, 5926.78145, -7422.45054, 155191.641, 38681.3212, 202219.276, 0, 1.21947428e-08, 1.21947428e-08, 1.0519499e+10, 8.51334002e+10, 7.29215365e+10, 0.27, 3.332, 1.6923646e+09, -7625.57959, 193872.962, 0, 1.38980098e+14, 0, 0, 2e+18, 1.50475062e+18
11.0458984, 0, 0, 5e+15, 0, 2.33148621e-21, 3.718e+18, 6.44e+20, 4.85, 4, 378.30234, 116.277633, 1.25944174, 55905.1332, 0, 1.36140127e+18, 2.85782878e+18, 159340.129, -375.967298, -380.652103, 5e+15, 7.81747963e+28, 6773.2828, 55493.3019, 303.096325, 117.19603, 116.277633, 1.28078819, 1.25944174, 5e+15, 36482.9329, 124016.221, 0.378478299, 167983.023, -13482.7826, 6470.19948, -6762.10516, 123281.133, 35904.6085, 167846.865, 0, 1.21762517e-08, 1.21762517e-08, 8.81635784e+09, 7.58472821e+10, 6.56534917e+10, 0.27, 3.332, 1.37743257e+09, -7012.58315, 159185.741, 0, 1.64067508e+14, 0, 0, 2e+18, 1.4811329e+18
11.0458984, 0, 0, 1.5e+15, 0, 2.33148621e-21, 3.718e+18, 6.44e+20, 4.85, 4, 378.30234, 116.277633, 1.25944174, 60169.4956, 0, 1.36140127e+18, 2.85782878e+18, 159340.129, -375.967298, -380.652103, 1.5e+15, 7.81747963e+28, 11182.8638, 59121.1617, 303.096325, 117.19603, 116.277633, 1.28078819, 1.25944174, 1.5e+15, 36482.9329, 124016.221, 0.378478299, 167983.023, -13482.7826, 6470.19948, -6762.10516, 123281.133, 35904.6085, 167846.865, 0, 1.21762517e-08, 1.21762517e-08, 8.81635784e+09, 7.58472821e+10, 6.56534917e+10, 0.27, 3.332, 1.37743257e+09, -7012.58315, 159185.741, 0, 1.64067508e+14, 0, 0, 2e+18, 1.4811329e+18
11.0527344, 0, 0, 1.5e+15, 0, 2.10214364e-21, 3.718e+18, 6.44e+20, 4.85, 4, 378.296835, 116.276813, 1.25944174, 61600.294, 0, 1.11189962e+18, 2.57751848e+18, 127813.934, -375.967604, -380.644102, 1.5e+15, 6.78065559e+28, 12820.5563, 60251.3864, 302.758663, 117.19603, 116.276813, 1.28078819, 1.25944174, 1.5e+15, 33616.079, 95539.2504, 0.357272664, 136805.038, -11831.4193, 6840.95778, -4663.86881, 94803.8285, 32912.6429, 136725.517, 0, 1.21569941e-08, 1.21569941e-08, 7.24109068e+09, 6.63399364e+10, 5.80133517e+10, 0.27, 3.332, 1.085494e+09, -4990.46155, 127716.471, 0, 1.99287814e+14, 0, 0, 2e+18, 1.45001421e+18
11.0527344, 0, 0, 5e+15, 0, 2.10214364e-21, 3.718e+18, 6.44e+20, 4.85, 4, 378.296835, 116.276813, 1.25944174, 57595.2533, 0, 1.11189962e+18, 2.57751848e+18, 127813.934, -375.967604, -380.644102, 5e+15, 6.78065559e+28, 8039.60075, 57031.3775, 302.758663, 117.19603, 116.276813, 1.28078819, 1.25944174, 5e+15, 33616.079, 95539.2504, 0.357272664, 136805.038, -11831.4193, 6840.95778, -4663.86881, 94803.8285, 32912.6429, 136725.517, 0, 1.21569941e-08, 1.21569941e-08, 7.24109068e+09, 6.63399364e+10, 5.80133517e+10, 0.27, 3.332, 1.085494e+09, -4990.46155, 127716.471, 0, 1.99287814e+14, 0, 0, 2e+18, 1.45001421e+18
11.0595704, 0, 0, 5e+15, 0, 1.89421029e-21, 3.718e+18, 6.44e+20, 4.85, 4, 378.290313, 116.275494, 1.25944174, 59778.8779, 0, 8.72061455e+17, 2.29688181e+18, 101065.73, -375.967916, -380.634778, 5e+15, 5.7203841e+28, 9429.68215, 59030.4611, 302.419779, 117.19603, 116.275494, 1.28078819, 1.25944174, 5e+15, 30633.0027, 71830.287, 0.339892003, 110435.321, -9282.68678, 7040.71415, -1797.43219, 71227.957, 29812.9032, 110420.693, 0, 1.21376759e-08, 1.21376759e-08, 5.88185093e+09, 5.70058631e+10, 5.02885036e+10, 0.27, 3.332, 835508583, -2241.97263, 101040.86, 0, 2.48840575e+14, 0, 0, 2e+18, 1.40950891e+18
11.0595704, 0, 0, 1.5e+15, 0, 1.89421029e-21, 3.718e+18, 6.44e+20, 4.85, 4, 378.290313, 116.275494, 1.25944174, 63116.1, 0, 8.72061455e+17, 2.29688181e+18, 101065.73, -375.967916, -380.634778, 1.5e+15, 5.7203841e+28, 14488.1582, 61430.7362, 302.419779, 117.19603, 116.275494, 1.28078819, 1.25944174, 1.5e+15, 30633.0027, 71830.287, 0.339892003, 110435.321, -9282.68678, 7040.71415, -1797.43219, 71227.957, 29812.9032, 110420.693, 0, 1.21376759e-08, 1.21376759e-08, 5.88185093e+09, 5.70058631e+10, 5.02885036e+10, 0.27, 3.332, 835508583, -2241.97263, 101040.86, 0, 2.48840575e+14, 0, 0, 2e+18, 1.40950891e+18
11.0664063, 0, 0, 1.5e+15, 0, 1.71161444e-21, 3.718e+18, 6.44e+20, 4.85, 4, 378.282667, 116.273318, 1.25944174, 64672.6274, 0, 6.53979065e+17, 2.02574656e+18, 79536.9471, -375.968208, -380.62406, 1.5e+15, 4.67457275e+28, 16170.1593, 62618.4851, 302.090702, 117.19603, 116.273318, 1.28078819, 1.25944174, 1.5e+15, 27633.2466, 53219.3719, 0.325677601, 89305.865, -6470.40824, 7083.17846, 1236.59641, 52824.5716, 26710.0149, 89297.3031, 0, 1.21189254e-08, 1.21189254e-08, 4.76727674e+09, 4.814843e+10, 4.27458705e+10, 0.27, 3.332, 635282771, 612.770217, 79534.5866, 0, 3.18455325e+14, 0, 0, 2e+18, 1.35760512e+18
11.0664063, 0, 0, 5e+15, 0, 1.71161444e-21, 3.718e+18, 6.44e+20, 4.85, 4, 378.282667, 116.273318, 1.25944174, 62538.8789, 0, 6.53979065e+17, 2.02574656e+18, 79536.9471, -375.968208, -380.62406, 5e+15, 4.67457275e+28, 10954.6072, 61571.9738, 302.090702, 117.19603, 116.273318, 1.28078819, 1.25944174, 5e+15, 27633.2466, 53219.3719, 0.325677601, 89305.865, -6470.40824, 7083.17846, 1236.59641, 52824.5716, 26710.0149, 89297.3031, 0, 1.21189254e-08, 1.21189254e-08, 4.76727674e+09, 4.814843e+10, 4.27458705e+10, 0.27, 3.332, 635282771, 612.770217, 79534.5866, 0, 3.18455325e+14, 0, 0, 2e+18, 1.35760512e+18
11.0732422, 0, 0, 5e+15, 0, 1.55535206e-21, 3.718e+18, 6.44e+20, 4.85, 4, 378.273787, 116.269668, 1.25944174, 65928.1441, 0, 4.67049821e+17, 1.77160283e+18, 62834.7672, -375.968451, -380.611885, 5e+15, 3.68074215e+28, 12625.0499, 64708.0235, 301.780559, 117.19603, 116.269668, 1.28078819, 1.25944174, 5e+15, 24704.8696, 39255.064, 0.31397564, 73013.8929, -3878.28324, 6992.89573, 4004.34219, 39063.0128, 23694.514, 72904.004, 0, 1.21012617e-08, 1.21012617e-08, 3.88276953e+09, 3.99767188e+10, 3.56112263e+10, 0.27, 3.332, 482722942, 3114.61249, 62757.5267, 0, 4.15042556e+14, 0, 0, 2e+18, 1.2925905e+18
11.0732422, 0, 0, 1.5e+15, 0, 1.55535206e-21, 3.718e+18, 6.44e+20, 4.85, 4, 378.273787, 116.269668, 1.25944174, 66221.7612, 0, 4.67049821e+17, 1.77160283e+18, 62834.7672, -375.968451, -380.611885, 1.5e+15, 3.68074215e+28, 17855.8707, 63769.0328, 301.780559, 117.19603, 116.269668, 1.28078819, 1.25944174, 1.5e+15, 24704.8696, 39255.064, 0.31397564, 73013.8929, -3878.28324, 6992.89573, 4004.34219, 39063.0128, 23694.514, 72904.004, 0, 1.21012617e-08, 1.21012617e-08, 3.88276953e+09, 3.99767188e+10, 3.56112263e+10, 0.27, 3.332, 482722942, 3114.61249, 62757.5267, 0, 4.15042556e+14, 0, 0, 2e+18, 1.2925905e+18
11.0800781, 0, 0, 1.5e+15, 0, 1.4244298e-21, 3.718e+18, 6.44e+20, 4.85, 4, 378.263569, 116.263532, 1.25944174, 67714.7914, 0, 3.16595375e+17, 1.53892275e+18, 50131.9698, -375.968614, -380.598187, 1.5e+15, 2.77498903e+28, 19536.8383, 64835.2136, 301.496261, 117.19603, 116.263532, 1.28078819, 1.25944174, 1.5e+15, 21914.5435, 29104.7225, 0.304216245, 60725.24, -1799.19935, 6799.88109, 6266.5029, 29049.0577, 20832.8787, 60401.0407, 0, 1.20850765e-08, 1.20850765e-08, 3.19117174e+09, 3.26171403e+10, 2.90567319e+10, 0.27, 3.332, 369236669, 5000.68175, 49881.9364, 0, 5.44767483e+14, 0, 0, 2e+18, 1.21369432e+18
11.0800781, 0, 0, 5e+15, 0, 1.4244298e-21, 3.718e+18, 6.44e+20, 4.85, 4, 378.263569, 116.263532, 1.25944174, 69942.3445, 0, 3.16595375e+17, 1.53892275e+18, 50131.9698, -375.968614, -380.598187, 5e+15, 2.77498903e+28, 14454.9793, 68432.3398, 301.496261, 117.19603, 116.263532, 1.28078819, 1.25944174, 5e+15, 21914.5435, 29104.7225, 0.304216245, 60725.24, -1799.19935, 6799.88109, 6266.5029, 29049.0577, 20832.8787, 60401.0407, 0, 1.20850765e-08, 1.20850765e-08, 3.19117174e+09, 3.26171403e+10, 2.90567319e+10, 0.27, 3.332, 369236669, 5000.68175, 49881.9364, 0, 5.44767483e+14, 0, 0, 2e+18, 1.21369432e+18
11.0869141, 0, 0, 5e+15, 0, 1.3166841e-21, 3.718e+18, 6.44e+20, 4.85, 4, 378.251914, 116.253485, 1.25944174, 74486.2457, 0, 2.0324759e+17, 1.32915605e+18, 40491.3697, -375.968654, -380.58289, 5e+15, 1.98974194e+28, 16462.2275, 72644.3106, 301.242405, 117.196029, 116.253485, 1.28078819, 1.25944174, 5e+15, 19301.2976, 21855.9172, 0.295943881, 51499.6578, -344.124879, 6531.28667, 7946.6084, 21853.2079, 18162.6646, 50882.8671, 0, 1.20706299e-08, 1.20706299e-08, 2.64959523e+09, 2.61315924e+10, 2.31982209e+10, 0.27, 3.332, 283776339, 6187.16179, 40015.8725, 0, 7.08435535e+14, 0, 0, 2e+18, 1.12169894e+18
11.0869141, 0, 0, 1.5e+15, 0, 1.3166841e-21, 3.718e+18, 6.44e+20, 4.85, 4, 378.251914, 116.253485, 1.25944174, 69101.6713, 0, 2.0324759e+17, 1.32915605e+18, 40491.3697, -375.968654, -380.58289, 1.5e+15, 1.98974194e+28, 21197.0702, 65770.2455, 301.242405, 117.196029, 116.253485, 1.28078819, 1.25944174, 1.5e+15, 19301.2976, 21855.9172, 0.295943881, 51499.6578, -344.124879, 6531.28667, 7946.6084, 21853.2079, 18162.6646, 50882.8671, 0, 1.20706299e-08, 1.20706299e-08, 2.64959523e+09, 2.61315924e+10, 2.31982209e+10, 0.27, 3.332, 283776339, 6187.16179, 40015.8725, 0, 7.08435535e+14, 0, 0, 2e+18, 1.12169894e+18
11.09375, 0, 0, 1.5e+15, 0, 1.22941071e-21, 3.718e+18, 6.44e+20, 4.85, 4, 378.238739, 116.238126, 1.25944174, 70337.7256, 0, 1.23503673e+17, 1.14128451e+18, 33065.503, -375.968513, -380.565906, 1.5e+15, 1.34943467e+28, 22824.6478, 66531.4293, 301.02141, 117.196029, 116.238126, 1.28078819, 1.25944174, 1.5e+15, 16875.5072, 16689.6398, 0.288814031, 44484.1529, 516.581065, 6204.28344, 9070.06266, 16681.6432, 15693.6169, 43549.6708, 0, 1.20580575e-08, 1.20580575e-08, 2.21894069e+09, 2.05298382e+10, 1.80947592e+10, 0.27, 3.332, 216138298, 6720.86451, 32375.2601, 0, 8.95116569e+14, 0, 0, 2e+18, 1.01898169e+18
11.09375, 0, 0, 5e+15, 0, 1.22941071e-21, 3.718e+18, 6.44e+20, 4.85, 4, 378.238739, 116.238126, 1.25944174, 79332.9875, 0, 1.23503673e+17, 1.14128451e+18, 33065.503, -375.968513, -380.565906, 5e+15, 1.34943467e+28, 18658.0625, 77107.7143, 301.02141, 117.196029, 116.238126, 1.28078819, 1.25944174, 5e+15, 16875.5072, 16689.6398, 0.288814031, 44484.1529, 516.581065, 6204.28344, 9070.06266, 16681.6432, 15693.6169, 43549.6708, 0, 1.20580575e-08, 1.20580575e-08, 2.21894069e+09, 2.05298382e+10, 1.80947592e+10, 0.27, 3.332, 216138298, 6720.86451, 32375.2601, 0, 8.95116569e+14, 0, 0, 2e+18, 1.01898169e+18
11.1005859, 0, 0, 5e+15, 0, 1.15977226e-21, 3.718e+18, 6.44e+20, 4.85, 4, 378.224002, 116.217673, 1.25944174, 84086.0793, 0, 7.11796926e+16, 9.72155893e+17, 27156.0817, -375.968111, -380.547136, 5e+15, 8.64546873e+27, 21038.259, 81411.6723, 300.833764, 117.196027, 116.217673, 1.28078819, 1.25944174, 5e+15, 14619.7866, 12932.9943, 0.282577661, 38964.4902, 896.700194, 5825.28379, 9709.07107, 12901.8708, 13409.1099, 37735.4665, 0, 1.20473854e-08, 1.20473854e-08, 1.86583397e+09, 1.57564157e+10, 1.37317792e+10, 0.27, 3.332, 158802524, 6721.98398, 26310.9807, 0, 1.08032719e+15, 0, 0, 2e+18, 9.07979142e+17
11.1005859, 0, 0, 1.5e+15, 0, 1.15977226e-21, 3.718e+18, 6.44e+20, 4.85, 4, 378.224002, 116.217673, 1.25944174, 71416.0733, 0, 7.11796926e+16, 9.72155893e+17, 27156.0817, -375.968111, -380.547136, 1.5e+15, 8.64546873e+27, 24465.6342, 67094.6218, 300.833764, 117.196027, 116.217673, 1.28078819, 1.25944174, 1.5e+15, 14619.7866, 12932.9943, 0.282577661, 38964.4902, 896.700194, 5825.28379, 9709.07107, 12901.8708, 13409.1099, 37735.4665, 0, 1.20473854e-08, 1.20473854e-08, 1.86583397e+09, 1.57564157e+10, 1.37317792e+10, 0.27, 3.332, 158802524, 6721.98398, 26310.9807, 0, 1.08032719e+15, 0, 0, 2e+18, 9.07979142e+17
11.1074219, 0, 0, 1.5e+15, 0, 1.10506153e-21, 3.718e+18, 6.44e+20, 4.85, 4, 378.207707, 116.196524, 1.25944174, 72427.2097, 0, 3.91009778e+16, 8.1703428e+17, 22201.5474, -375.967343, -380.526441, 1.5e+15, 5.25724563e+27, 26316.785, 67476.8667, 300.678439, 117.196024, 116.196524, 1.28078819, 1.25944174, 1.5e+15, 12498.8918, 10048.2499, 0.27706513, 34354.2461, 940.812712, 5397.16295, 9955.4228, 10004.109, 11273.55, 32880.1427, 0, 1.20385536e-08, 1.20385536e-08, 1.56175923e+09, 1.1696585e+10, 1.00270551e+10, 0.27, 3.332, 107770687, 6337.97566, 21277.659, 0, 1.23643061e+15, 0, 0, 2e+18, 7.88972676e+17
11.1074219, 0, 0, 5e+15, 0, 1.10506153e-21, 3.718e+18, 6.44e+20, 4.85, 4, 378.207707, 116.196524, 1.25944174, 88199.0932, 0, 3.91009778e+16, 8.1703428e+17, 22201.5474, -375.967343, -380.526441, 5e+15, 5.25724563e+27, 23627.9551, 84975.2892, 300.678439, 117.196024, 116.196524, 1.28078819, 1.25944174, 5e+15, 12498.8918, 10048.2499, 0.27706513, 34354.2461, 940.812712, 5397.16295, 9955.4228, 10004.109, 11273.55, 32880.1427, 0, 1.20385536e-08, 1.20385536e-08, 1.56175923e+09, 1.1696585e+10, 1.00270551e+10, 0.27, 3.332, 107770687, 6337.97566, 21277.659, 0, 1.23643061e+15, 0, 0, 2e+18, 7.88972676e+17
11.1142579, 0, 0, 5e+15, 0, 1.06284531e-21, 3.718e+18, 6.44e+20, 4.85, 4, 378.189812, 116.183304, 1.25944174, 91145.8616, 0, 2.05424725e+16, 6.7219352e+17, 17790.4302, -375.966099, -380.503578, 5e+15, 3.0469545e+27, 26587.0459, 87181.9768, 300.553353, 117.196018, 116.183304, 1.28078819, 1.25944174, 5e+15, 10494.1519, 7623.11159, 0.272171354, 30220.0955, 787.663858, 4928.69954, 9915.06818, 7582.30941, 9264.72582, 28547.252, 0, 1.20314426e-08, 1.20314426e-08, 1.28491879e+09, 8.26631685e+09, 6.91878982e+09, 0.27, 3.332, 62608245.4, 5716.3634, 16847.0352, 0, 1.34895253e+15, 0, 0, 2e+18, 6.61443578e+17
11.1142579, 0, 0, 1.5e+15, 0, 1.06284531e-21, 3.718e+18, 6.44e+20, 4.85, 4, 378.189812, 116.183304, 1.25944174, 73611.79, 0, 2.05424725e+16, 6.7219352e+17, 17790.4302, -375.966099, -380.503578, 1.5e+15, 3.0469545e+27, 28793.977, 67746.6052, 300.553353, 117.196018, 116.183304, 1.28078819, 1.25944174, 1.5e+15, 10494.1519, 7623.11159, 0.272171354, 30220.0955, 787.663858, 4928.69954, 9915.06818, 7582.30941, 9264.72582, 28547.252, 0, 1.20314426e-08, 1.20314426e-08, 1.28491879e+09, 8.26631685e+09, 6.91878982e+09, 0.27, 3.332, 62608245.4, 5716.3634, 16847.0352, 0, 1.34895253e+15, 0, 0, 2e+18, 6.61443578e+17
11.1210938, 0, 0, 1.5e+15, 0, 1.0309956e-21, 3.718e+18, 6.44e+20, 4.85, 4, 378.170024, 116.184399, 1.25944174, 75324.2874, 0, 1.02430773e+16, 5.38436926e+17, 13735.6342, -375.964297, -380.478114, 1.5e+15, 1.66629418e+27, 32391.3598, 68004.0299, 300.455722, 117.196005, 116.184399, 1.28078819, 1.25944174, 1.5e+15, 8640.35974, 5410.91173, 0.267833948, 26365.8288, 554.321977, 4436.45745, 9702.86108, 5382.44303, 7414.42255, 24515.5342, 0, 1.20258932e-08, 1.20258932e-08, 1.02573316e+09, 5.49421845e+09, 4.44306768e+09, 0.27, 3.332, 25417606.3, 4990.77943, 12796.8656, 0, 1.42065876e+15, 0, 0, 2e+18, 5.29485946e+17
11.1210938, 0, 0, 5e+15, 0, 1.0309956e-21, 3.718e+18, 6.44e+20, 4.85, 4, 378.170024, 116.184399, 1.25944174, 92724.132, 0, 1.02430773e+16, 5.38436926e+17, 13735.6342, -375.964297, -380.478114, 5e+15, 1.66629418e+27, 30234.8534, 87656.2508, 300.455722, 117.196005, 116.184399, 1.28078819, 1.25944174, 5e+15, 8640.35974, 5410.91173, 0.267833948, 26365.8288, 554.321977, 4436.45745, 9702.86108, 5382.44303, 7414.42255, 24515.5342, 0, 1.20258932e-08, 1.20258932e-08, 1.02573316e+09, 5.49421845e+09, 4.44306768e+09, 0.27, 3.332, 25417606.3, 4990.77943, 12796.8656, 0, 1.42065876e+15, 0, 0, 2e+18, 5.29485946e+17
11.1279297, 0, 0, 5e+15, 0, 1.00763109e-21, 3.718e+18, 6.44e+20, 4.85, 4, 378.147679, 116.196936, 1.25944174, 93278.7485, 0, 4.72895972e+15, 4.20988895e+17, 10139.2827, -375.961925, -380.449452, 5e+15, 8.33443349e+26, 34814.5976, 86538.25, 300.382205, 117.195967, 116.196936, 1.28078819, 1.25944174, 5e+15, 7010.45854, 3413.14635, 0.263999653, 22895.7133, 329.802123, 3936.74162, 9425.08266, 3397.17508, 5800.74084, 20865.7975, 0, 1.20217151e-08, 1.20217151e-08, 791225481, 3.4568917e+09, 2.66682242e+09, 0.27, 3.332, -1156200.34, 4266.54375, 9197.91593, 0, 1.46228154e+15, 0, 0, 2e+18, 4.0499543e+17
11.1279297, 0, 0, 1.5e+15, 0, 1.00763109e-21, 3.718e+18, 6.44e+20, 4.85, 4, 378.147679, 116.196936, 1.25944174, 77853.2104, 0, 4.72895972e+15, 4.20988895e+17, 10139.2827, -375.961925, -380.449452, 1.5e+15, 8.33443349e+26, 37295.3017, 68338.736, 300.382205, 117.195967, 116.196936, 1.28078819, 1.25944174, 1.5e+15, 7010.45854, 3413.14635, 0.263999653, 22895.7133, 329.802123, 3936.74162, 9425.08266, 3397.17508, 5800.74084, 20865.7975, 0, 1.20217151e-08, 1.20217151e-08, 791225481, 3.4568917e+09, 2.66682242e+09, 0.27, 3.332, -1156200.34, 4266.54375, 9197.91593, 0, 1.46228154e+15, 0, 0, 2e+18, 4.0499543e+17
11.1347656, 0, 0, 1.5e+15, 0, 9.91043173e-22, 3.718e+18, 6.44e+20, 4.85, 4, 378.121979, 116.211759, 1.25944174, 81146.5308, 0, 1.95664654e+15, 3.24387924e+17, 7264.3492, -375.959033, -380.417045, 1.5e+15, 3.66700259e+26, 43024.1258, 68801.7736, 300.328992, 117.195851, 116.211759, 1.28078819, 1.25944174, 1.5e+15, 5646.55417, 1835.3115, 0.260591894, 20082.7474, 165.454587, 3435.39171, 9158.61844, 1827.83837, 4481.25627, 17872.7852, 0, 1.2018691e-08, 1.2018691e-08, 597864066, 2.12993615e+09, 1.5483929e+09, 0.27, 3.332, -16320813.2, 3600.8463, 6309.09464, 0, 1.48415369e+15, 0, 0, 2e+18, 3.02763629e+17
11.1347656, 0, 0, 5e+15, 0, 9.91043173e-22, 3.718e+18, 6.44e+20, 4.85, 4, 378.121979, 116.211759, 1.25944174, 93554.8025, 0, 1.95664654e+15, 3.24387924e+17, 7264.3492, -375.959033, -380.417045, 5e+15, 3.66700259e+26, 40076.909, 84536.0422, 300.328992, 117.195851, 116.211759, 1.28078819, 1.25944174, 5e+15, 5646.55417, 1835.3115, 0.260591894, 20082.7474, 165.454587, 3435.39171, 9158.61844, 1827.83837, 4481.25627, 17872.7852, 0, 1.2018691e-08, 1.2018691e-08, 597864066, 2.12993615e+09, 1.5483929e+09, 0.27, 3.332, -16320813.2, 3600.8463, 6309.09464, 0, 1.48415369e+15, 0, 0, 2e+18, 3.02763629e+17
11.1416016, 0, 0, 5e+15, 0, 9.79678534e-22, 3.718e+18, 6.44e+20, 4.85, 4, 378.092563, 116.221875, 1.25944174, 94143.9848, 0, 7.13665254e+14, 2.47791659e+17, 5212.13395, -375.955691, -380.380687, 5e+15, 1.39383782e+26, 45099.4513, 82638.5465, 300.292028, 117.195536, 116.221875, 1.28078819, 1.25944174, 5e+15, 4513.13026, 831.255658, 0.257506242, 18057.2359, 70.4860861, 2924.01116, 8944.86539, 828.261843, 3437.80503, 15686.0815, 0, 1.20165906e-08, 1.20165906e-08, 452596090, 1.34607846e+09, 915955347, 0.27, 3.332, -22472972.3, 2994.49725, 4266.06687, 0, 1.49417914e+15, 0, 0, 2e+18, 2.30644097e+17
11.1416016, 0, 0, 1.5e+15, 0, 9.79678534e-22, 3.718e+18, 6.44e+20, 4.85, 4, 378.092563, 116.221875, 1.25944174, 84673.2306, 0, 7.13665254e+14, 2.47791659e+17, 5212.13395, -375.955691, -380.380687, 1.5e+15, 1.39383782e+26, 48479.699, 69420.9966, 300.292028, 117.195536, 116.221875, 1.28078819, 1.25944174, 1.5e+15, 4513.13026, 831.255658, 0.257506242, 18057.2359, 70.4860861, 2924.01116, 8944.86539, 828.261843, 3437.80503, 15686.0815, 0, 1.20165906e-08, 1.20165906e-08, 452596090, 1.34607846e+09, 915955347, 0.27, 3.332, -22472972.3, 2994.49725, 4266.06687, 0, 1.49417914e+15, 0, 0, 2e+18, 2.30644097e+17
11.1484375, 0, 0, 1.5e+15, 0, 9.72180976e-22, 3.718e+18, 6.44e+20, 4.85, 4, 378.059997, 116.224833, 1.25944174, 87639.4233, 0, 2.33935686e+14, 1.85551462e+17, 3782.26369, -375.951965, -380.340656, 1.5e+15, 4.6848642e+25, 52407.9254, 70242.9916, 300.267412, 117.194969, 116.224833, 1.28078819, 1.25944174, 1.5e+15, 3520.92739, 325.061163, 0.254637178, 16668.4782, 26.1947363, 2385.81019, 8801.38872, 324.004005, 2589.37048, 14155.3425, 0, 1.20151919e-08, 1.20151919e-08, 343600844, 888874676, 569255334, 0.27, 3.332, -23981501.4, 2412.00492, 2913.37448, 0, 1.49808645e+15, 0, 0, 2e+18, 1.85394522e+17
11.1484375, 0, 0, 5e+15, 0, 9.72180976e-22, 3.718e+18, 6.44e+20, 4.85, 4, 378.059997, 116.224833, 1.25944174, 95046.0799, 0, 2.33935686e+14, 1.85551462e+17, 3782.26369, -375.951965, -380.340656, 5e+15, 4.6848642e+25, 48597.0525, 81682.8243, 300.267412, 117.194969, 116.224833, 1.28078819, 1.25944174, 5e+15, 3520.92739, 325.061163, 0.254637178, 16668.4782, 26.1947363, 2385.81019, 8801.38872, 324.004005, 2589.37048, 14155.3425, 0, 1.20151919e-08, 1.20151919e-08, 343600844, 888874676, 569255334, 0.27, 3.332, -23981501.4, 2412.00492, 2913.37448, 0, 1.49808645e+15, 0, 0, 2e+18, 1.85394522e+17
11.1552734, 0, 0, 5e+15, 0, 9.67434293e-22, 3.718e+18, 6.44e+20, 4.85, 4, 378.025817, 116.219825, 1.25944174, 95840.4856, 0, 7.29078285e+13, 1.30978047e+17, 2675.54461, -375.947935, -380.297476, 5e+15, 1.48209413e+25, 49415.7464, 82118.7109, 300.251732, 117.194504, 116.219825, 1.28078819, 1.25944174, 5e+15, 2585.76628, 116.023008, 0.251905283, 15646.8457, 8.98925862, 1814.15059, 8729.04666, 115.674248, 1842.56476, 12985.6661, 0, 1.20143009e-08, 1.20143009e-08, 252613641, 589682117, 362341576, 0.27, 3.332, -25273100.4, 1823.13985, 1958.23901, 0, 1.49940299e+15, 0, 0, 2e+18, 1.5779697e+17
11.1552734, 0, 0, 1.5e+15, 0, 9.67434293e-22, 3.718e+18, 6.44e+20, 4.85, 4, 378.025817, 116.219825, 1.25944174, 89372.2009, 0, 7.29078285e+13, 1.30978047e+17, 2675.54461, -375.947935, -380.297476, 1.5e+15, 1.48209413e+25, 53807.065, 71359.5827, 300.251732, 117.194504, 116.219825, 1.28078819, 1.25944174, 1.5e+15, 2585.76628, 116.023008, 0.251905283, 15646.8457, 8.98925862, 1814.15059, 8729.04666, 115.674248, 1842.56476, 12985.6661, 0, 1.20143009e-08, 1.20143009e-08, 252613641, 589682117, 362341576, 0.27, 3.332, -25273100.4, 1823.13985, 1958.23901, 0, 1.49940299e+15, 0, 0, 2e+18, 1.5779697e+17
11.1621094, 0, 0, 1.5e+15, 0, 9.64571184e-22, 3.718e+18, 6.44e+20, 4.85, 4, 377.992253, 116.205513, 1.25944174, 89713.5162, 0, 2.35206299e+13, 7.79612777e+16, 1523.36026, -375.943632, -380.250496, 1.5e+15, 4.8325291e+24, 51183.8672, 73679.8936, 300.242237, 117.194699, 116.205513, 1.28078819, 1.25944174, 1.5e+15, 1491.41241, 41.1141615, 0.248661034, 14727.9353, 1.78011992, 997.649906, 8640.69786, 41.0756065, 1108.60527, 11926.878, 0, 1.20137614e-08, 1.20137614e-08, 143663734, 329121311, 206482192, 0.27, 3.332, -21024614.8, 999.430026, 1149.68087, 0, 1.49980733e+15, 0, 0, 2e+18, 1.37889135e+17
11.1621094, 0, 0, 5e+15, 0, 9.64571184e-22, 3.718e+18, 6.44e+20, 4.85, 4, 377.992253, 116.205513, 1.25944174, 95775.2721, 0, 2.35206299e+13, 7.79612777e+16, 1523.36026, -375.943632, -380.250496, 5e+15, 4.8325291e+24, 46022.1458, 83993.2428, 300.242237, 117.194699, 116.205513, 1.28078819, 1.25944174, 5e+15, 1491.41241, 41.1141615, 0.248661034, 14727.9353, 1.78011992, 997.649906, 8640.69786, 41.0756065, 1108.60527, 11926.878, 0, 1.20137614e-08, 1.20137614e-08, 143663734, 329121311, 206482192, 0.27, 3.332, -21024614.8, 999.430026, 1149.68087, 0, 1.49980733e+15, 0, 0, 2e+18, 1.37889135e+17
11.1757813, 0, 0, 5e+15, 0, 9.62594688e-22, 3.718e+18, 6.44e+20, 4.85, 4, 377.934816, 116.136951, 1.25944174, 95506.3577, 0, 2.99411244e+12, 1.69654253e+16, 389.238078, -375.939516, -380.153607, 5e+15, 6.23150183e+23, 32324.8745, 89869.7215, 300.235667, 117.195618, 116.136951, 1.28078819, 1.25944174, 5e+15, 385.54863, 5.5854862, 0.245138755, 13214.5669, 0.0165644609, 291.592432, 8052.41654, 5.58546164, 252.233225, 10477.7558, 0, 1.20133881e-08, 1.20133881e-08, 34832684.4, 75796235.6, 48341555.3, 0.27, 3.332, -7378004.05, 291.608996, 257.818686, 0, 1.49997547e+15, 0, 0, 2e+18, 1.13540656e+17
11.1757813, 0, 0, 1.5e+15, 0, 9.62594688e-22, 3.718e+18, 6.44e+20, 4.85, 4, 377.934816, 116.136951, 1.25944174, 88088.4691, 0, 2.99411244e+12, 1.69654253e+16, 389.238078, -375.939516, -380.153607, 1.5e+15, 6.23150183e+23, 35222.8155, 80739.9013, 300.235667, 117.195618, 116.136951, 1.28078819, 1.25944174, 1.5e+15, 385.54863, 5.5854862, 0.245138755, 13214.5669, 0.0165644609, 291.592432, 8052.41654, 5.58546164, 252.233225, 10477.7558, 0, 1.20133881e-08, 1.20133881e-08, 34832684.4, 75796235.6, 48341555.3, 0.27, 3.332, -7378004.05, 291.608996, 257.818686, 0, 1.49997547e+15, 0, 0, 2e+18, 1.13540656e+17
11.203125, 0, 0, 1.5e+15, 0, 9.64095083e-22, 3.718e+18, 6.44e+20, 4.85, 4, 377.889846, 115.900689, 1.25944174, 105020.016, 0, 7.37737796e+10, 2.43785827e+14, 14.1002779, -375.99037, -379.998864, 1.5e+15, 1.55528548e+22, -28479.8569, 101084.626, 300.240656, 117.196029, 115.900689, 1.28078819, 1.25944174, 1.5e+15, 14.1649609, 0.146173724, 0.23772905, 10712.6878, -0.100186959, 13.5648588, 5279.22831, 0.10643933, 4.07930423, 9321.55723, 0, 1.20136715e-08, 1.20136715e-08, 754735.84, 1208635.91, 935847.923, 0.27, 3.332, -481947.851, 13.4646718, 4.18574356, 0, 1.4999994e+15, 0, 0, 2e+18, 8.90453061e+16
11.203125, 0, 0, 5e+15, 0, 9.64095083e-22, 3.718e+18, 6.44e+20, 4.85, 4, 377.889846, 115.900689, 1.25944174, 101543.624, 0, 7.37737796e+10, 2.43785827e+14, 14.1002779, -375.99037, -379.998864, 5e+15, 1.55528548e+22, -10580.0853, 100990.937, 300.240656, 117.196029, 115.900689, 1.28078819, 1.25944174, 5e+15, 14.1649609, 0.146173724, 0.23772905, 10712.6878, -0.100186959, 13.5648588, 5279.22831, 0.10643933, 4.07930423, 9321.55723, 0, 1.20136715e-08, 1.20136715e-08, 754735.84, 1208635.91, 935847.923, 0.27, 3.332, -481947.851, 13.4646718, 4.18574356, 0, 1.4999994e+15, 0, 0, 2e+18, 8.90453061e+16
11.3125, 0, 0, 5e+15, 0, 9.65301267e-22, 3.718e+18, 6.44e+20, 4.85, 4, 378.564607, 112.783666, 1.25944174, 162204.709, 0, 2.52891958e+10, 2.74280244e+12, 0.231546997, -376.692838, -380.557518, 5e+15, 5.37024846e+21, -95842.4817, 130860.942, 300.244661, 117.188623, 112.783666, 1.28078819, 1.25944174, 5e+15, 0.117458804, 0.116636013, 0.230966484, 8991.33792, -0.110333362, -0.0952141659, 3566.65195, 0.0378220669, 0.0687810535, 8253.67503, 0, 1.20138991e-08, 1.20138991e-08, 37359.3375, 41925.5594, 3901.70212, 0.27, 3.332, 664.519844, -0.205547528, 0.10660312, 0, 1.49999979e+15, 0, 0, 2e+18, 7.50922695e+16
11.3125, 0, 0, 1.5e+15, 0, 9.65301267e-22, 3.718e+18, 6.44e+20, 4.85, 4, 378.564607, 112.783666, 1.25944174, 166840.758, 0, 2.52891958e+10, 2.74280244e+12, 0.231546997, -376.692838, -380.557518, 1.5e+15, 5.37024846e+21, -110724.681, 124803.379, 300.244661, 117.188623, 112.783666, 1.28078819, 1.25944174, 1.5e+15, 0.117458804, 0.116636013, 0.230966484, 8991.33792, -0.110333362, -0.0952141659, 3566.65195, 0.0378220669, 0.0687810535, 8253.67503, 0, 1.20138991e-08, 1.20138991e-08, 37359.3375, 41925.5594, 3901.70212, 0.27, 3.332, 664.519844, -0.205547528, 0.10660312, 0, 1.49999979e+15, 0, 0, 2e+18, 7.50922695e+16
11.421875, 0, 0, 1.5e+15, 0, 9.6192195e-22, 3.718e+18, 6.44e+20, 4.85, 4, 380.311949, 108.408364, 1.25944174, 239182.632, 0, 1.15856224e+10, 4.77732977e+12, 0.38163685, -378.460356, -382.319237, 1.5e+15, 2.47334064e+21, -195273.517, 138118.012, 300.233427, 110.014872, 108.408364, 1.28078819, 1.25944174, 1.5e+15, 0.321651856, 0.0600120409, 0.221577995, 7322.52729, -0.0519937014, -0.283778551, 772.198999, 0.0299683178, 0.151425396, 7281.69723, 0, 1.20132608e-08, 1.20132608e-08, 95660.2946, 101645.313, 6075.60778, 0.27, 3.332, -90.5896622, -0.335772253, 0.181393714, 0, 1.49999991e+15, 0, 0, 2e+18, 6.49152134e+16
11.421875, 0, 0, 5e+15, 0, 9.6192195e-22, 3.718e+18, 6.44e+20, 4.85, 4, 380.311949, 108.408364, 1.25944174, 245193.279, 0, 1.15856224e+10, 4.77732977e+12, 0.38163685, -378.460356, -382.319237, 5e+15, 2.47334064e+21, -188240.508, 157115.42, 300.233427, 110.014872, 108.408364, 1.28078819, 1.25944174, 5e+15, 0.321651856, 0.0600120409, 0.221577995, 7322.52729, -0.0519937014, -0.283778551, 772.198999, 0.0299683178, 0.151425396, 7281.69723, 0, 1.20132608e-08, 1.20132608e-08, 95660.2946, 101645.313, 6075.60778, 0.27, 3.332, -90.5896622, -0.335772253, 0.181393714, 0, 1.49999991e+15, 0, 0, 2e+18, 6.49152134e+16
11.53125, 0, 0, 5e+15, 0, 9.58307453e-22, 3.718e+18, 6.44e+20, 4.85, 4, 382.943421, 82.3270482, 1.25944174, 317448.704, 0, 6.89185502e+09, 7.25262325e+12, 0.600569781, -381.105245, -384.961531, 5e+15, 1.47469661e+21, -267359.356, 171150.97, 300.221369, 82.3270482, 105.161652, 1.28078819, 1.25944174, 5e+15, 0.567422875, 0.0332389873, 0.211708047, 7364.99155, -0.0294118393, -0.520845788, 915.019832, 0.0154846369, 0.225140811, 7307.92989, 0, 1.20125757e-08, 1.20125757e-08, 196678.734, 205258.983, 8945.75113, 0.27, 3.332, -365.501712, -0.550257627, 0.240625448, 0, 1.49999994e+15, 0, 0, 2e+18, 6.05161775e+16
11.53125, 0, 0, 1.5e+15, 0, 9.58307453e-22, 3.718e+18, 6.44e+20, 4.85, 4, 382.943421, 82.3270482, 1.25944174, 316460.24, 0, 6.89185502e+09, 7.25262325e+12, 0.600569781, -381.105245, -384.961531, 1.5e+15, 1.47469661e+21, -279491.027, 148431.296, 300.221369, 82.3270482, 105.161652, 1.28078819, 1.25944174, 1.5e+15, 0.567422875, 0.0332389873, 0.211708047, 7364.99155, -0.0294118393, -0.520845788, 915.019832, 0.0154846369, 0.225140811, 7307.92989, 0, 1.20125757e-08, 1.20125757e-08, 196678.734, 205258.983, 8945.75113, 0.27, 3.332, -365.501712, -0.550257627, 0.240625448, 0, 1.49999994e+15, 0, 0, 2e+18, 6.05161775e+16
11.640625, 0, 0, 1.5e+15, 0, 9.67986138e-22, 3.718e+18, 6.44e+20, 4.85, 4, 386.425815, 62.7396248, 1.25944174, 374825.491, 0, 3.52179062e+09, 1.04627742e+13, 1.12628097, -384.60507, -388.453351, 1.5e+15, 7.57659039e+20, -346740.473, 142355.869, 300.253559, 62.7396248, 106.299248, 1.28078819, 1.25944174, 1.5e+15, 1.10382397, 0.0224863655, 0.203492628, 5234.64364, -0.021866163, -1.08523451, 255.783785, 0.00524476364, 0.201726093, 5228.39064, 0, 1.20144047e-08, 1.20144047e-08, 418048.576, 428603.359, 11460.8285, 0.27, 3.332, -906.045813, -1.10710067, 0.206970856, 0, 1.49999997e+15, 0, 0, 2e+18, 4.98243736e+16
11.640625, 0, 0, 5e+15, 0, 9.67986138e-22, 3.718e+18, 6.44e+20, 4.85, 4, 386.425815, 62.7396248, 1.25944174, 379005.857, 0, 3.52179062e+09, 1.04627742e+13, 1.12628097, -384.60507, -388.453351, 5e+15, 7.57659039e+20, -337539.574, 172373.07, 300.253559, 62.7396248, 106.299248, 1.28078819, 1.25944174, 5e+15, 1.10382397, 0.0224863655, 0.203492628, 5234.64364, -0.021866163, -1.08523451, 255.783785, 0.00524476364, 0.201726093, 5228.39064, 0, 1.20144047e-08, 1.20144047e-08, 418048.576, 428603.359, 11460.8285, 0.27, 3.332, -906.045813, -1.10710067, 0.206970856, 0, 1.49999997e+15, 0, 0, 2e+18, 4.98243736e+16
11.75, 0, 0, 5e+15, 0, 9.54459592e-22, 3.718e+18, 6.44e+20, 4.85, 4, 390.545657, 53.0783972, 1.25944174, 435460.504, 0, 2.44602584e+09, 1.56598751e+13, 1.67890646, -388.734255, -392.583701, 5e+15, 5.25605888e+20, -399148.46, 174087.212, 300.208483, 53.0783972, 104.921726, 1.28078819, 1.25944174, 5e+15, 1.66772845, 0.0117286484, 0.195125311, 6404.91256, -0.00955940247, -1.58859718, 153.658486, 0.00679551447, 0.507619146, 6403.0691, 0, 1.20118436e-08, 1.20118436e-08, 748207.533, 764846.634, 18196.8965, 0.27, 3.332, -1557.79558, -1.59815658, 0.51441466, 0, 1.49999998e+15, 3.78024509e-12, 6.41107279e-11, 2e+18, 5.23873026e+16
11.75, 0, 0, 1.5e+15, 0, 9.54459592e-22, 3.718e+18, 6.44e+20, 4.85, 4, 390.545657, 53.0783972, 1.25944174, 437284.387, -3.87596708e-13, 2.44602584e+09, 1.56598751e+13, 1.67890646, -388.734255, -392.583701, 1.5e+15, 5.25605888e+20, -409884.931, 152354.778, 300.208483, 53.0783972, 104.921726, 1.28078819, 1.25944174, 1.5e+15, 1.66772845, 0.0117286484, 0.195125311, 6404.91256, -0.00955940247, -1.58859718, 153.658486, 0.00679551447, 0.507619146, 6403.0691, 0, 1.20118436e-08, 1.20118436e-08, 748207.533, 764846.634, 18196.8965, 0.27, 3.332, -1557.79558, -1.59815658, 0.51441466, 0, 1.49999998e+15, 3.78024509e-12, 6.41107279e-11, 2e+18, 5.23873026e+16
11.859375, 0, 0, 1.5e+15, 0, 9.65757569e-22, 3.718e+18, 6.44e+20, 4.85, 4, 395.392048, 45.1320878, 1.25944174, 493182.863, 1.15761142e+10, 1.61696736e+09, 2.16297896e+13, 3.42480167, -393.591429, -397.438387, 1.5e+15, 3.48006324e+20, -474149.103, 135690.691, 300.246175, 45.1320878, 106.353044, 1.28078819, 1.25944174, 1.5e+15, 3.41427939, 0.010617617, 0.187221748, 5007.53808, -0.0095704968, -3.24782508, -1942.27773, 0.00459775823, 1.05306029, 4615.51674, 0, 1.20139851e-08, 1.20139851e-08, 1709078.14, 1730812.42, 24559.8545, 0.27, 3.332, -2825.57213, -3.25739558, 1.05765805, 0, 1.49999999e+15, 7.85874544e-10, 1.46233596e-09, 2e+18, 4.9077488e+16
11.859375, 0, 0, 5e+15, 0, 9.65757569e-22, 3.718e+18, 6.44e+20, 4.85, 4, 395.392048, 45.1320878, 1.25944174, 493073.154, 1.15761142e+10, 1.61696736e+09, 2.16297896e+13, 3.42480167, -393.591429, -397.438387, 5e+15, 3.48006324e+20, -461912.556, 172504.856, 300.246175, 45.1320878, 106.353044, 1.28078819, 1.25944174, 5e+15, 3.41427939, 0.010617617, 0.187221748, 5007.53808, -0.0095704968, -3.24782508, -1942.27773, 0.00459775823, 1.05306029, 4615.51674, 0, 1.20139851e-08, 1.20139851e-08, 1709078.14, 1730812.42, 24559.8545, 0.27, 3.332, -2825.57213, -3.25739558, 1.05765805, 0, 1.49999999e+15, 7.85874544e-10, 1.46233596e-09, 2e+18, 4.9077488e+16
11.96875, 0, 0, 5e+15, 0, 9.52541785e-22, 3.718e+18, 6.44e+20, 4.85, 4, 400.867197, 39.9516222, 1.25944174, 548213.689, 4.32713729e+11, 1.04416158e+09, 2.84265712e+13, 3.74447747, -399.077804, -402.920677, 5e+15, 2.24854878e+20, -521191.594, 169992.854, 300.202042, 39.9516222, 106.799266, 1.28078819, 1.25944174, 5e+15, 3.73983524, 0.00480146243, 0.180563984, 5910.36352, -0.00426362061, -3.65015466, -151.601571, 0.00220807172, 0.81408759, 5908.4189, 0, 1.20114776e-08, 1.20114776e-08, 2077440.44, 2106892.91, 32402.1418, 0.27, 3.332, -2949.67071, -3.65441828, 0.816295662, 0, 1.49999999e+15, 9.42328345e-09, 5.65753041e-08, 2e+18, 4.82214492e+16
11.96875, 0, 0, 1.5e+15, 0, 9.52541785e-22, 3.718e+18, 6.44e+20, 4.85, 4, 400.867197, 39.9516222, 1.25944174, 547774.866, 4.32713729e+11, 1.04416158e+09, 2.84265712e+13, 3.74447747, -399.077804, -402.920677, 1.5e+15, 2.24854878e+20, -531664.306, 131872.552, 300.202042, 39.9516222, 106.799266, 1.28078819, 1.25944174, 1.5e+15, 3.73983524, 0.00480146243, 0.180563984, 5910.36352, -0.00426362061, -3.65015466, -151.601571, 0.00220807172, 0.81408759, 5908.4189, 0, 1.20114776e-08, 1.20114776e-08, 2077440.44, 2106892.91, 32402.1418, 0.27, 3.332, -2949.67071, -3.65441828, 0.816295662, 0, 1.49999999e+15, 9.42328345e-09, 5.65753041e-08, 2e+18, 4.82214492e+16
12.078125, 0, 0, 1.5e+15, 0, 9.59739845e-22, 3.718e+18, 6.44e+20, 4.85, 4, 407.022205, 35.5395706, 1.25944174, 604678.176, 1.28160255e+13, 606902263, 3.79314834e+13, 5.79965757, -405.246898, -409.083108, 1.5e+15, 1.31093318e+20, -591663.131, 124781.549, 300.226153, 35.5395706, 109.22137, 1.28078819, 1.25944174, 1.5e+15, 5.7963283, 0.00333978557, 0.174355285, 5306.30424, -0.00324187349, -5.71917509, -262.939921, 0.00080276018, 0.942580477, 5299.78559, 0, 1.20128475e-08, 1.20128475e-08, 3518197.92, 3553630.17, 40209.5512, 0.27, 3.332, -4777.29551, -5.72241697, 0.943383237, 0, 1.5e+15, 1.51017677e-07, 6.08047593e-07, 2e+18, 4.20974916e+16
12.078125, 0, 0, 5e+15, 0, 9.59739845e-22, 3.718e+18, 6.44e+20, 4.85, 4, 407.022205, 35.5395706, 1.25944174, 602152.914, 1.28160255e+13, 606902263, 3.79314834e+13, 5.79965757, -405.246898, -409.083108, 5e+15, 1.31093318e+20, -579482.297, 163671.623, 300.226153, 35.5395706, 109.22137, 1.28078819, 1.25944174, 5e+15, 5.7963283, 0.00333978557, 0.174355285, 5306.30424, -0.00324187349, -5.71917509, -262.939921, 0.00080276018, 0.942580477, 5299.78559, 0, 1.20128475e-08, 1.20128475e-08, 3518197.92, 3553630.17, 40209.5512, 0.27, 3.332, -4777.29551, -5.72241697, 0.943383237, 0, 1.5e+15, 1.51017677e-07, 6.08047593e-07, 2e+18, 4.20974916e+16
12.1875, 0, 0, 5e+15, 0, 9.5061213e-22, 3.718e+18, 6.44e+20, 4.85, 4, 413.748304, 32.5222817, 1.25944174, 653502.146, 1.86816218e+14, 432929511, 5.16741501e+13, 8.01549374, -411.981673, -415.817254, 5e+15, 9.34306533e+19, -633950.6, 158655.891, 300.195548, 32.5222817, 109.999569, 1.28078819, 1.25944174, 5e+15, 8.01366867, 0.00196605926, 0.166476614, 5530.52334, -0.00166601336, -7.88607071, -180.332433, 0.00104392935, 1.42435048, 5527.58253, 0, 1.20111086e-08, 1.20111086e-08, 5302666.6, 5353114.84, 57021.8415, 0.27, 3.332, -6573.59449, -7.88773673, 1.42539441, 0, 1.5e+15, 5.3027972e-07, 6.92339662e-06, 2e+18, 4.4032949e+16
12.1875, 0, 0, 1.5e+15, 0, 9.5061213e-22, 3.718e+18, 6.44e+20, 4.85, 4, 413.748304, 32.5222817, 1.25944174, 655809.278, 1.86816218e+14, 432929511, 5.16741501e+13, 8.01549374, -411.981673, -415.817254, 1.5e+15, 9.34306533e+19, -643807.445, 124891.082, 300.195548, 32.5222817, 109.999569, 1.28078819, 1.25944174, 1.5e+15, 8.01366867, 0.00196605926, 0.166476614, 5530.52334, -0.00166601336, -7.88607071, -180.332433, 0.00104392935, 1.42435048, 5527.58253, 0, 1.20111086e-08, 1.20111086e-08, 5302666.6, 5353114.84, 57021.8415, 0.27, 3.332, -6573.59449, -7.88773673, 1.42539441, 0, 1.5e+15, 5.3027972e-07, 6.92339662e-06, 2e+18, 4.4032949e+16
12.296875, 0, 0, 1.5e+15, 0, 9.5883313e-22, 3.718e+18, 6.44e+20, 4.85, 4, 421.105493, 29.7326953, 1.25944174, 711213.823, 2.149653e+15, 266318254, 6.70207437e+13, 11.8808274, -419.351489, -423.181127, 1.5e+15, 5.76058943e+19, -701683.144, 116042.526, 300.223125, 29.7326953, 111.897998, 1.28078819, 1.25944174, 1.5e+15, 11.8793355, 0.0014985476, 0.160398644, 5023.40141, -0.00145655744, -11.7577716, -211.553211, 0.00035225751, 1.69511571, 5018.94481, 0, 1.20126755e-08, 1.20126755e-08, 8458092.61, 8518475.6, 69784.1599, 0.27, 3.332, -9401.16925, -11.7592282, 1.69546797, 0, 1.5e+15, 7.69238897e-06, 4.19327264e-05, 2e+18, 3.93780952e+16
12.296875, 0, 0, 5e+15, 0, 9.5883313e-22, 3.718e+18, 6.44e+20, 4.85, 4, 421.105493, 29.7326953, 1.25944174, 704914.726, 2.149653e+15, 266318254, 6.70207437e+13, 11.8808274, -419.351489, -423.181127, 5e+15, 5.76058943e+19, -688402.479, 151679.918, 300.223125, 29.7326953, 111.897998, 1.28078819, 1.25944174, 5e+15, 11.8793355, 0.0014985476, 0.160398644, 5023.40141, -0.00145655744, -11.7577716, -211.553211, 0.00035225751, 1.69511571, 5018.94481, 0, 1.20126755e-08, 1.20126755e-08, 8458092.61, 8518475.6, 69784.1599, 0.27, 3.332, -9401.16925, -11.7592282, 1.69546797, 0, 1.5e+15, 7.69238897e-06, 4.19327264e-05, 2e+18, 3.93780952e+16
12.40625, 0, 0, 5e+15, 0, 9.50686686e-22, 3.718e+18, 6.44e+20, 4.85, 4, 429.001541, 27.7036603, 1.25944174, 753964.319, 1.38590839e+16, 211932013, 8.90166638e+13, 15.6918494, -427.253388, -431.084559, 5e+15, 4.57955097e+19, -739622.871, 146356.423, 300.195799, 27.7036603, 112.532017, 1.28078819, 1.25944174, 5e+15, 15.6910142, 0.000930804046, 0.152861191, 5286.02045, -0.000766250032, -15.5228999, -119.723358, 0.000528447783, 2.29074381, 5284.66447, 0, 1.20111229e-08, 1.20111229e-08, 11961711.6, 12045921, 96520.8016, 0.27, 3.332, -12311.3945, -15.5236661, 2.29127225, 0, 1.5e+15, 1.09502981e-05, 0.00020342348, 2e+18, 4.15202127e+16
12.40625, 0, 0, 1.5e+15, 0, 9.50686686e-22, 3.718e+18, 6.44e+20, 4.85, 4, 429.001541, 27.7036603, 1.25944174, 757502.373, 1.38590839e+16, 211932013, 8.90166638e+13, 15.6918494, -427.253388, -431.084559, 1.5e+15, 4.57955097e+19, -748876.864, 113988.105, 300.195799, 27.7036603, 112.532017, 1.28078819, 1.25944174, 1.5e+15, 15.6910142, 0.000930804046, 0.152861191, 5286.02045, -0.000766250032, -15.5228999, -119.723358, 0.000528447783, 2.29074381, 5284.66447, 0, 1.20111229e-08, 1.20111229e-08, 11961711.6, 12045921, 96520.8016, 0.27, 3.332, -12311.3945, -15.5236661, 2.29127225, 0, 1.5e+15, 1.09502981e-05, 0.00020342348, 2e+18, 4.15202127e+16
12.515625, 0, 0, 1.5e+15, 0, 9.58681965e-22, 3.718e+18, 6.44e+20, 4.85, 4, 437.487174, 25.7788266, 1.25944174, 809176.614, 8.68435778e+16, 143117950, 1.12171918e+14, 22.3718833, -435.749236, -439.576134, 1.5e+15, 3.0993176e+19, -802064.97, 107044.742, 300.22262, 25.7788266, 113.694417, 1.28078819, 1.25944174, 1.5e+15, 22.3711024, 0.000785401408, 0.147040229, 4836.06574, -0.00076307064, -22.1782948, -105.11796, 0.000185953141, 2.93077854, 4834.92317, 0, 1.20126468e-08, 1.20126468e-08, 18129570.6, 18227251.6, 114694.81, 0.27, 3.332, -17013.8199, -22.1790579, 2.9309645, 0, 1.5e+15, 5.50059398e-05, 0.000690382516, 2e+18, 3.70793048e+16
12.515625, 0, 0, 5e+15, 0, 9.58681965e-22, 3.718e+18, 6.44e+20, 4.85, 4, 437.487174, 25.7788266, 1.25944174, 803006.663, 8.68435778e+16, 143117950, 1.12171918e+14, 22.3718833, -435.749236, -439.576134, 5e+15, 3.0993176e+19, -790714.675, 139964.292, 300.22262, 25.7788266, 113.694417, 1.28078819, 1.25944174, 5e+15, 22.3711024, 0.000785401408, 0.147040229, 4836.06574, -0.00076307064, -22.1782948, -105.11796, 0.000185953141, 2.93077854, 4834.92317, 0, 1.20126468e-08, 1.20126468e-08, 18129570.6, 18227251.6, 114694.81, 0.27, 3.332, -17013.8199, -22.1790579, 2.9309645, 0, 1.5e+15, 5.50059398e-05, 0.000690382516, 2e+18, 3.70793048e+16
12.625, 0, 0, 5e+15, 0, 9.51324893e-22, 3.718e+18, 6.44e+20, 4.85, 4, 446.480776, 24.3228224, 1.25944174, 850475.499, 3.65797433e+17, 129865379, 1.45751262e+14, 28.57323, -444.745298, -448.576547, 5e+15, 2.80862088e+19, -839519.733, 136070.543, 300.197948, 24.3228224, 113.934302, 1.28078819, 1.25944174, 5e+15, 28.572756, 0.000541809023, 0.139780375, 5120.83256, -0.000437370792, -28.3465768, -11.9607115, 0.000319787129, 3.58803125, 5120.81859, 0, 1.2011245e-08, 1.2011245e-08, 24548644.5, 24683642.7, 156577.236, 0.27, 3.332, -21579.0068, -28.3470142, 3.58835104, 0, 1.5e+15, 0.00012687229, 0.00260554522, 2e+18, 3.98068495e+16
12.625, 0, 0, 1.5e+15, 0, 9.51324893e-22, 3.718e+18, 6.44e+20, 4.85, 4, 446.480776, 24.3228224, 1.25944174, 855023.69, 3.65797433e+17, 129865379, 1.45751262e+14, 28.57323, -444.745298, -448.576547, 1.5e+15, 2.80862088e+19, -848364.295, 106506.03, 300.197948, 24.3228224, 113.934302, 1.28078819, 1.25944174, 1.5e+15, 28.572756, 0.000541809023, 0.139780375, 5120.83256, -0.000437370792, -28.3465768, -11.9607115, 0.000319787129, 3.58803125, 5120.81859, 0, 1.2011245e-08, 1.2011245e-08, 24548644.5, 24683642.7, 156577.236, 0.27, 3.332, -21579.0068, -28.3470142, 3.58835104, 0, 1.5e+15, 0.00012687229, 0.00260554522, 2e+18, 3.98068495e+16
12.734375, 0, 0, 1.50000001e+15, 0, 9.59268146e-22, 3.718e+18, 6.44e+20, 4.85, 4, 456.045143, 22.8713379, 1.25944174, 904676.154, 1.57879173e+18, 97016328.6, 1.78881934e+14, 39.4812438, -454.317268, -458.146174, 1.50000001e+15, 2.10271292e+19, -899070.123, 100557.732, 300.224578, 22.8713379, 114.632119, 1.28078819, 1.25944174, 1.50000001e+15, 39.4807403, 0.000505927839, 0.13414488, 4726.49846, -0.000493297676, -39.1667036, 46.8029649, 0.000112340473, 4.96972634, 4726.26673, 0, 1.2012758e-08, 1.2012758e-08, 35763909.9, 35916039.6, 181302.783, 0.27, 3.332, -29173.0112, -39.1671969, 4.96983868, 0, 1.50000001e+15, 0.000490438388, 0.0062012086, 2e+18, 3.54101331e+16
12.734375, 0, 0, 5.00000001e+15, 0, 9.59268146e-22, 3.718e+18, 6.44e+20, 4.85, 4, 456.045143, 22.8713379, 1.25944174, 898414.233, 1.57879173e+18, 97016328.6, 1.78881934e+14, 39.4812438, -454.317268, -458.146174, 5.00000001e+15, 2.10271292e+19, -888814.526, 130984.245, 300.224578, 22.8713379, 114.632119, 1.28078819, 1.25944174, 5.00000001e+15, 39.4807403, 0.000505927839, 0.13414488, 4726.49846, -0.000493297676, -39.1667036, 46.8029649, 0.000112340473, 4.96972634, 4726.26673, 0, 1.2012758e-08, 1.2012758e-08, 35763909.9, 35916039.6, 181302.783, 0.27, 3.332, -29173.0112, -39.1671969, 4.96983868, 0, 1.50000001e+15, 0.000490438388, 0.0062012086, 2e+18, 3.54101331e+16
12.84375, 0, 0, 5.00000003e+15, 0, 9.52317023e-22, 3.718e+18, 6.44e+20, 4.85, 4, 466.097295, 21.7615009, 1.25944174, 944304.515, 4.97443437e+18, 101329360, 2.2843381e+14, 49.1887517, -464.368242, -468.204685, 5.00000003e+15, 2.19352939e+19, -935561.081, 128204.841, 300.201286, 21.7615009, 114.706645, 1.28078819, 1.25944174, 5.00000003e+15, 49.1884096, 0.000396466882, 0.127078897, 5042.95144, -0.000317786329, -48.8852086, 135.300824, 0.000237060832, 5.45307395, 5041.13607, 0, 1.20114346e-08, 1.20114346e-08, 46868839.2, 47075601.6, 243117.912, 0.27, 3.332, -36355.4553, -48.8855264, 5.45331101, 0, 1.50000003e+15, 0.00108733442, 0.0190106497, 2e+18, 3.79324746e+16
12.84375, 0, 0, 1.50000003e+15, 0, 9.52317023e-22, 3.718e+18, 6.44e+20, 4.85, 4, 466.097295, 21.7615009, 1.25944174, 949273.044, 4.97443437e+18, 101329360, 2.2843381e+14, 49.1887517, -464.368242, -468.204685, 1.50000003e+15, 2.19352939e+19, -943910.386, 100759.598, 300.201286, 21.7615009, 114.706645, 1.28078819, 1.25944174, 1.50000003e+15, 49.1884096, 0.000396466882, 0.127078897, 5042.95144, -0.000317786329, -48.8852086, 135.300824, 0.000237060832, 5.45307395, 5041.13607, 0, 1.20114346e-08, 1.20114346e-08, 46868839.2, 47075601.6, 243117.912, 0.27, 3.332, -36355.4553, -48.8855264, 5.45331101, 0, 1.50000003e+15, 0.00108733442, 0.0190106497, 2e+18, 3.79324746e+16
12.953125, 0, 0, 1.50000008e+15, 0, 9.59956782e-22, 3.718e+18, 6.44e+20, 4.85, 4, 476.693183, 20.6447952, 1.25944174, 994919.599, 1.6105307e+19, 84053691.9, 2.750948e+14, 66.3998011, -474.969023, -478.805345, 1.50000008e+15, 1.82357092e+19, -990107.308, 97737.0239, 300.226877, 20.6447952, 115.075326, 1.28078819, 1.25944174, 1.50000008e+15, 66.3993919, 0.000409975852, 0.121553282, 4700.24401, -0.000402773838, -65.8782494, 244.325556, 7.65077448e-05, 8.30274032, 4693.88952, 0, 1.20128886e-08, 1.20128886e-08, 66201579.3, 66429043.1, 276290.678, 0.27, 3.332, -48826.8536, -65.8786522, 8.30281683, 0, 1.50000008e+15, 0.00278284094, 0.0331647206, 2e+18, 3.34417068e+16
12.953125, 0, 0, 5.00000008e+15, 0, 9.59956782e-22, 3.718e+18, 6.44e+20, 4.85, 4, 476.693183, 20.6447952, 1.25944174, 990482.615, 1.6105307e+19, 84053691.9, 2.750948e+14, 66.3998011, -474.969023, -478.805345, 5.00000008e+15, 1.82357092e+19, -982588.638, 124801.355, 300.226877, 20.6447952, 115.075326, 1.28078819, 1.25944174, 5.00000008e+15, 66.3993919, 0.000409975852, 0.121553282, 4700.24401, -0.000402773838, -65.8782494, 244.325556, 7.65077448e-05, 8.30274032, 4693.88952, 0, 1.20128886e-08, 1.20128886e-08, 66201579.3, 66429043.1, 276290.678, 0.27, 3.332, -48826.8536, -65.8786522, 8.30281683, 0, 1.50000008e+15, 0.00278284094, 0.0331647206, 2e+18, 3.34417068e+16
13.0625, 0, 0, 5.00000025e+15, 0, 9.53349901e-22, 3.718e+18, 6.44e+20, 4.85, 4, 487.754313, 19.7764563, 1.25944174, 1035251.39, 4.26811269e+19, 111421401, 3.47832237e+14, 81.4719497, -486.022812, -489.872575, 5.00000025e+15, 2.41364138e+19, -1027748.34, 124413.77, 300.204757, 19.7764563, 114.945995, 1.28078819, 1.25944174, 5.00000025e+15, 81.4716135, 0.000393390059, 0.114619009, 5047.82302, -0.000313185656, -81.0329499, 340.227955, 0.000238055631, 8.44303504, 5036.34413, 0, 1.20116319e-08, 1.20116319e-08, 85044663.7, 85355692.4, 371210.45, 0.27, 3.332, -60181.8425, -81.0332631, 8.44327309, 0, 1.50000025e+15, 0.00779339637, 0.0943387289, 2e+18, 3.65799463e+16
13.0625, 0, 0, 1.50000025e+15, 0, 9.53349901e-22, 3.718e+18, 6.44e+20, 4.85, 4, 487.754313, 19.7764563, 1.25944174, 1040641.56, 4.26811269e+19, 111421401, 3.47832237e+14, 81.4719497, -486.022812, -489.872575, 1.50000025e+15, 2.41364138e+19, -1035769.49, 100580.386, 300.204757, 19.7764563, 114.945995, 1.28078819, 1.25944174, 1.50000025e+15, 81.4716135, 0.000393390059, 0.114619009, 5047.82302, -0.000313185656, -81.0329499, 340.227955, 0.000238055631, 8.44303504, 5036.34413, 0, 1.20116319e-08, 1.20116319e-08, 85044663.7, 85355692.4, 371210.45, 0.27, 3.332, -60181.8425, -81.0332631, 8.44327309, 0, 1.50000025e+15, 0.00779339637, 0.0943387289, 2e+18, 3.65799463e+16
13.171875, 0, 0, 1.50000072e+15, 0, 9.60738357e-22, 3.718e+18, 6.44e+20, 4.85, 4, 499.35064, 18.8637279, 1.25944173, 1084360.19, 1.1488951e+20, 109491728, 4.13116493e+14, 108.178315, -497.619646, -501.473319, 1.50000072e+15, 2.37721504e+19, -1079833.09, 98982.3958, 300.229484, 18.8637279, 115.158237, 1.28078819, 1.25944173, 1.50000072e+15, 108.177842, 0.000472999472, 0.109155214, 4757.74983, -0.00047101393, -107.28317, 523.2945, 4.32940856e-05, 13.8840583, 4728.88425, 0, 1.20130368e-08, 1.20130368e-08, 117544136, 117879732, 415920.835, 0.27, 3.332, -80324.6755, -107.283641, 13.8841016, 0, 1.50000072e+15, 0.0137425631, 0.131299116, 2e+18, 3.19847922e+16
13.171875, 0, 0, 5.00000072e+15, 0, 9.60738357e-22, 3.718e+18, 6.44e+20, 4.85, 4, 499.35064, 18.8637279, 1.25944173, 1080765.57, 1.1488951e+20, 109491728, 4.13116493e+14, 108.178315, -497.619646, -501.473319, 5.00000072e+15, 2.37721504e+19, -1073741.48, 123018.153, 300.229484, 18.8637279, 115.158237, 1.28078819, 1.25944173, 5.00000072e+15, 108.177842, 0.000472999472, 0.109155214, 4757.74983, -0.00047101393, -107.28317, 523.2945, 4.32940856e-05, 13.8840583, 4728.88425, 0, 1.20130368e-08, 1.20130368e-08, 117544136, 117879732, 415920.835, 0.27, 3.332, -80324.6755, -107.283641, 13.8841016, 0, 1.50000072e+15, 0.0137425631, 0.131299116, 2e+18, 3.19847922e+16
13.28125, 0, 0, 5.00000205e+15, 0, 9.5417853e-22, 3.718e+18, 6.44e+20, 4.85, 4, 511.397563, 18.1581619, 1.25944171, 1124222.58, 2.64747621e+20, 227327292, 5.19163076e+14, 131.214724, -509.647622, -513.526183, 5.00000205e+15, 4.92863899e+19, -1117331.52, 124284.695, 300.20754, 18.1581619, 114.914133, 1.28078817, 1.25944171, 5.00000205e+15, 131.214149, 0.00065991775, 0.102292942, 5130.50645, -0.000539640443, -130.559308, 649.227249, 0.000379841584, 13.0927424, 5089.26325, 0, 1.201179e-08, 1.201179e-08, 148595571, 149050744, 552853.331, 0.27, 3.332, -97679.9625, -130.559848, 13.0931222, 0, 1.50000205e+15, 0.0703502075, 0.351462173, 2e+18, 3.49074993e+16
13.28125, 0, 0, 1.50000205e+15, 0, 9.5417853e-22, 3.718e+18, 6.44e+20, 4.85, 4, 511.397563, 18.1581619, 1.25944171, 1129605.43, 2.64747621e+20, 227327292, 5.19163076e+14, 131.214724, -509.647622, -513.526183, 1.50000205e+15, 4.92863899e+19, -1124893.73, 103065.67, 300.20754, 18.1581619, 114.914133, 1.28078817, 1.25944171, 1.50000205e+15, 131.214149, 0.00065991775, 0.102292942, 5130.50645, -0.000539640443, -130.559308, 649.227249, 0.000379841584, 13.0927424, 5089.26325, 0, 1.201179e-08, 1.201179e-08, 148595571, 149050744, 552853.331, 0.27, 3.332, -97679.9625, -130.559848, 13.0931222, 0, 1.50000205e+15, 0.0703502075, 0.351462173, 2e+18, 3.49074993e+16
13.390625, 0, 0, 1.50000569e+15, 0, 9.60960165e-22, 3.718e+18, 6.44e+20, 4.85, 4, 523.95769, 17.4162233, 1.25944167, 1169270.21, 6.04849667e+20, 264144717, 6.10124047e+14, 171.520331, -522.203914, -526.090457, 1.50000569e+15, 5.74065454e+19, -1164589.21, 104521.744, 300.230223, 17.4162233, 114.975227, 1.28078814, 1.25944167, 1.50000569e+15, 171.519343, 0.00100798061, 0.096861028, 4890.82505, -0.00100615778, -169.950684, 936.378728, -6.05924106e-05, 23.1441133, 4800.35047, 0, 1.20130788e-08, 1.20130788e-08, 201084752, 201562593, 606912.812, 0.27, 3.332, -129071.984, -169.95169, 23.1440528, 0, 1.50000569e+15, 0.0682432795, 0.391668125, 2e+18, 3.00443857e+16
13.390625, 0, 0, 5.00000569e+15, 0, 9.60960165e-22, 3.718e+18, 6.44e+20, 4.85, 4, 523.95769, 17.4162233, 1.25944167, 1168044.63, 6.04849667e+20, 264144717, 6.10124047e+14, 171.520331, -522.203914, -526.090457, 5.00000569e+15, 5.74065454e+19, -1161349.6, 124881.475, 300.230223, 17.4162233, 114.975227, 1.28078814, 1.25944167, 5.00000569e+15, 171.519343, 0.00100798061, 0.096861028, 4890.82505, -0.00100615778, -169.950684, 936.378728, -6.05924106e-05, 23.1441133, 4800.35047, 0, 1.20130788e-08, 1.20130788e-08, 201084752, 201562593, 606912.812, 0.27, 3.332, -129071.984, -169.95169, 23.1440528, 0, 1.50000569e+15, 0.0682432795, 0.391668125, 2e+18, 3.00443857e+16
13.5, 0, 0, 5.00001542e+15, 0, 9.54372668e-22, 3.718e+18, 6.44e+20, 4.85, 4, 536.946215, 16.8417886, 1.25944155, 1210197.6, 1.26108524e+21, 780457615, 7.61123453e+14, 204.92388, -535.164365, -539.084731, 5.00001542e+15, 1.69329353e+20, -1203336.56, 128683.144, 300.208191, 16.8417886, 114.447245, 1.28078806, 1.25944155, 5.00001542e+15, 204.922091, 0.00207185548, 0.0900475189, 5266.74843, -0.00167362394, -203.862096, 1120.8771, 0.00122129769, 20.8160748, 5146.09304, 0, 1.2011827e-08, 1.2011827e-08, 249625652, 250273269, 799451.083, 0.27, 3.332, -151833.619, -203.86377, 20.8172961, 0, 1.50001542e+15, 0.259770244, 1.05074888, 2e+18, 3.35266714e+16
13.5, 0, 0, 1.50001542e+15, 0, 9.54372668e-22, 3.718e+18, 6.44e+20, 4.85, 4, 536.946215, 16.8417886, 1.25944155, 1215659.44, 1.26108524e+21, 780457615, 7.61123453e+14, 204.92388, -535.164365, -539.084731, 1.50001542e+15, 1.69329353e+20, -1210546.38, 111379.202, 300.208191, 16.8417886, 114.447245, 1.28078806, 1.25944155, 1.50001542e+15, 204.922091, 0.00207185548, 0.0900475189, 5266.74843, -0.00167362394, -203.862096, 1120.8771, 0.00122129769, 20.8160748, 5146.09304, 0, 1.2011827e-08, 1.2011827e-08, 249625652, 250273269, 799451.083, 0.27, 3.332, -151833.619, -203.86377, 20.8172961, 0, 1.50001542e+15, 0.259770244, 1.05074888, 2e+18, 3.35266714e+16
13.609375, 0, 0, 1.50004078e+15, 0, 9.60432559e-22, 3.718e+18, 6.44e+20, 4.85, 4, 550.438393, 16.2130976, 1.25944124, 1253291.76, 2.54515252e+21, 1.0168438e+09, 8.77974105e+14, 261.467424, -548.649739, -552.580577, 1.50004078e+15, 2.21176958e+20, -1248099.26, 113966.964, 300.228464, 16.2130976, 114.37969, 1.28078784, 1.25944124, 1.50004078e+15, 261.463904, 0.00365909343, 0.0846737856, 5081.52272, -0.00362767802, -258.686787, 1536.70368, -0.000478452587, 38.0068303, 4843.59525, 0, 1.20129788e-08, 1.20129788e-08, 328388888, 329037984, 842489.332, 0.27, 3.332, -193393.027, -258.690415, 38.0063518, 0, 1.50004077e+15, 0.13577153, 1.55818254, 2e+18, 2.84048922e+16
13.609375, 0, 0, 5.00004078e+15, 0, 9.60432559e-22, 3.718e+18, 6.44e+20, 4.85, 4, 550.438393, 16.2130976, 1.25944124, 1252966.78, 2.54515252e+21, 1.0168438e+09, 8.77974105e+14, 261.467424, -548.649739, -552.580577, 5.00004078e+15, 2.21176958e+20, -1246082.25, 131167.028, 300.228464, 16.2130976, 114.37969, 1.28078784, 1.25944124, 5.00004078e+15, 261.463904, 0.00365909343, 0.0846737856, 5081.52272, -0.00362767802, -258.686787, 1536.70368, -0.000478452587, 38.0068303, 4843.59525, 0, 1.20129788e-08, 1.20129788e-08, 328388888, 329037984, 842489.332, 0.27, 3.332, -193393.027, -258.690415, 38.0063518, 0, 1.50004077e+15, 0.13577153, 1.55818254, 2e+18, 2.84048922e+16
13.71875, 0, 0, 5.00010529e+15, 0, 9.53516378e-22, 3.718e+18, 6.44e+20, 4.85, 4, 564.339424, 15.7362419, 1.25944045, 1293155.76, 4.74235548e+21, 2.77879676e+09, 1.07294801e+15, 302.874776, -562.524716, -566.486827, 5.00010529e+15, 6.03514508e+20, -1285961.82, 136213.14, 300.205317, 15.7362419, 113.527464, 1.28078727, 1.25944045, 5.00010529e+15, 302.868281, 0.00740806579, 0.0779363256, 5427.80662, -0.00608127387, -301.170772, 1789.88057, 0.00423054925, 32.0212704, 5124.19869, 0, 1.20116637e-08, 1.20116637e-08, 393802511, 394649189, 1059457.77, 0.27, 3.332, -212779.04, -301.176854, 32.025501, 0, 1.50010527e+15, 0.720258262, 2.62600896, 2e+18, 3.15182282e+16
13.71875, 0, 0, 1.50010529e+15, 0, 9.53516378e-22, 3.718e+18, 6.44e+20, 4.85, 4, 564.339424, 15.7362419, 1.25944045, 1298357.73, 4.74235548e+21, 2.77879676e+09, 1.07294801e+15, 302.874776, -562.524716, -566.486827, 1.50010529e+15, 6.03514508e+20, -1292640.53, 121709.7, 300.205317, 15.7362419, 113.527464, 1.28078727, 1.25944045, 1.50010529e+15, 302.868281, 0.00740806579, 0.0779363256, 5427.80662, -0.00608127387, -301.170772, 1789.88057, 0.00423054925, 32.0212704, 5124.19869, 0, 1.20116637e-08, 1.20116637e-08, 393802511, 394649189, 1059457.77, 0.27, 3.332, -212779.04, -301.176854, 32.025501, 0, 1.50010527e+15, 0.720258262, 2.62600896, 2e+18, 3.15182282e+16
13.828125, 0, 0, 1.50026542e+15, 0, 9.58485225e-22, 3.718e+18, 6.44e+20, 4.85, 4, 578.714904, 15.2168824, 1.25943848, 1331823.38, 8.32504533e+21, 3.29028041e+09, 1.19577505e+15, 370.742085, -576.895857, -580.86509, 1.50026542e+15, 7.16539843e+20, -1325792.87, 126596.926, 300.221963, 15.2168824, 113.23864, 1.28078585, 1.25943848, 1.50026542e+15, 370.730403, 0.0121880581, 0.0727125387, 5300.50113, -0.0120846592, -366.054127, 2324.06962, -0.00158422551, 58.6975945, 4763.82332, 0, 1.20126095e-08, 1.20126095e-08, 494673383, 495456077, 1037502.64, 0.27, 3.332, -254808.061, -366.066212, 58.6960103, 0, 1.50026539e+15, 0.374027206, 3.55093206, 2e+18, 2.60759964e+16
13.828125, 0, 0, 5.00026542e+15, 0, 9.58485225e-22, 3.718e+18, 6.44e+20, 4.85, 4, 578.714904, 15.2168824, 1.25943848, 1333406.8, 8.32504533e+21, 3.29028041e+09, 1.19577505e+15, 370.742085, -576.895857, -580.86509, 5.00026542e+15, 7.16539843e+20, -1326037.22, 139996.385, 300.221963, 15.2168824, 113.23864, 1.28078585, 1.25943848, 5.00026542e+15, 370.730403, 0.0121880581, 0.0727125387, 5300.50113, -0.0120846592, -366.054127, 2324.06962, -0.00158422551, 58.6975945, 4763.82332, 0, 1.20126095e-08, 1.20126095e-08, 494673383, 495456077, 1037502.64, 0.27, 3.332, -254808.061, -366.066212, 58.6960103, 0, 1.50026539e+15, 0.374027206, 3.55093206, 2e+18, 2.60759964e+16
13.9375, 0, 0, 5.00065324e+15, 0, 9.51305347e-22, 3.718e+18, 6.44e+20, 4.85, 4, 593.469392, 14.825997, 1.25943373, 1371443.19, 1.39018049e+22, 8.14929144e+09, 1.40307114e+15, 407.601557, -591.626837, -595.623744, 5.00065324e+15, 1.77167664e+21, -1363594.03, 146518.793, 300.197882, 14.825997, 111.760497, 1.28078239, 1.25943373, 5.00065324e+15, 407.581867, 0.0224568901, 0.0661771711, 5573.37175, -0.0183282882, -404.916657, 2618.89673, 0.0129763542, 46.5347124, 4919.74112, 0, 1.20112413e-08, 1.20112413e-08, 561547878, 562525595, 1230428.65, 0.27, 3.332, -252711.434, -404.934985, 46.5476888, 0, 1.50065317e+15, 1.5114699, 5.65893227, 2e+18, 2.95969779e+16
13.9375, 0, 0, 1.50065324e+15, 0, 9.51305347e-22, 3.718e+18, 6.44e+20, 4.85, 4, 593.469392, 14.825997, 1.25943373, 1376659.99, 1.39018049e+22, 8.14929144e+09, 1.40307114e+15, 407.601557, -591.626837, -595.623744, 1.50065324e+15, 1.77167664e+21, -1369899.69, 136262.815, 300.197882, 14.825997, 111.760497, 1.28078239, 1.25943373, 1.50065324e+15, 407.581867, 0.0224568901, 0.0661771711, 5573.37175, -0.0183282882, -404.916657, 2618.89673, 0.0129763542, 46.5347124, 4919.74112, 0, 1.20112413e-08, 1.20112413e-08, 561547878, 562525595, 1230428.65, 0.27, 3.332, -252711.434, -404.934985, 46.5476888, 0, 1.50065317e+15, 1.5114699, 5.65893227, 2e+18, 2.95969779e+16
14.046875, 0, 0, 1.50156972e+15, 0, 9.55166198e-22, 3.718e+18, 6.44e+20, 4.85, 4, 608.68146, 14.3800303, 1.25942249, 1408631.34, 2.15339386e+22, 8.77331692e+09, 1.47666815e+15, 469.488023, -606.83702, -610.837118, 1.50156972e+15, 1.91268194e+21, -1401565.97, 140908.119, 300.210853, 14.3800303, 111.359573, 1.28077416, 1.25942249, 1.50156972e+15, 469.455768, 0.0336521807, 0.06128829, 5506.04787, -0.0334300458, -462.342423, 3213.93888, -0.00386022103, 81.4137706, 4470.70018, 0, 1.20119782e-08, 1.20119782e-08, 661525394, 662332725, 1082970.2, 0.27, 3.332, -275639.817, -462.375853, 81.4099104, 0, 1.50156965e+15, 0.806463704, 7.32375842, 2e+18, 2.39990923e+16
14.046875, 0, 0, 5.00156972e+15, 0, 9.55166198e-22, 3.718e+18, 6.44e+20, 4.85, 4, 608.68146, 14.3800303, 1.25942249, 1409925.57, 2.15339386e+22, 8.77331692e+09, 1.47666815e+15, 469.488023, -606.83702, -610.837118, 5.00156972e+15, 1.91268194e+21, -1401839.77, 150782.543, 300.210853, 14.3800303, 111.359573, 1.28077416, 1.25942249, 5.00156972e+15, 469.455768, 0.0336521807, 0.06128829, 5506.04787, -0.0334300458, -462.342423, 3213.93888, -0.00386022103, 81.4137706, 4470.70018, 0, 1.20119782e-08, 1.20119782e-08, 661525394, 662332725, 1082970.2, 0.27, 3.332, -275639.817, -462.375853, 81.4099104, 0, 1.50156965e+15, 0.806463704, 7.32375842, 2e+18, 2.39990923e+16
14.15625, 0, 0, 5.00368283e+15, 0, 9.47541059e-22, 3.718e+18, 6.44e+20, 4.85, 4, 624.250146, 14.0506401, 1.25939659, 1445593.89, 3.16341964e+22, 1.91019773e+10, 1.62726166e+15, 479.879814, -622.385531, -626.408348, 5.00368283e+15, 4.15861192e+21, -1437076.5, 156693.407, 300.185186, 14.0506401, 109.583613, 1.28075505, 1.25939659, 5.00368283e+15, 479.831624, 0.0546044439, 0.0551491718, 5661.17422, -0.044661666, -476.181902, 3474.57077, 0.0314162519, 59.0693115, 4469.48, 0, 1.20105199e-08, 1.20105199e-08, 696199534, 697125636, 1163974.26, 0.27, 3.332, -237872.437, -476.226563, 59.1007277, 0, 1.50368267e+15, 2.90498717, 10.834803, 2e+18, 2.69241958e+16
14.15625, 0, 0, 1.50368283e+15, 0, 9.47541059e-22, 3.718e+18, 6.44e+20, 4.85, 4, 624.250146, 14.0506401, 1.25939659, 1450785.9, 3.16341964e+22, 1.91019773e+10, 1.62726166e+15, 479.879814, -622.385531, -626.408348, 1.50368283e+15, 4.15861192e+21, -1443005.47, 150049.784, 300.185186, 14.0506401, 109.583613, 1.28075505, 1.25939659, 1.50368283e+15, 479.831624, 0.0546044439, 0.0551491718, 5661.17422, -0.044661666, -476.181902, 3474.57077, 0.0314162519, 59.0693115, 4469.48, 0, 1.20105199e-08, 1.20105199e-08, 696199534, 697125636, 1163974.26, 0.27, 3.332, -237872.437, -476.226563, 59.1007277, 0, 1.50368267e+15, 2.90498717, 10.834803, 2e+18, 2.69241958e+16
14.265625, 0, 0, 1.50843626e+15, 0, 9.50041361e-22, 3.718e+18, 6.44e+20, 4.85, 4, 640.247205, 13.6743882, 1.25933831, 1480265.42, 4.27296409e+22, 1.86463379e+10, 1.58963787e+15, 512.450128, -638.383229, -642.404791, 1.50843626e+15, 4.07100473e+21, -1472113.38, 155138.366, 300.193624, 13.6743882, 109.269276, 1.28071173, 1.25933831, 1.50843626e+15, 512.378785, 0.0743870786, 0.0508146849, 5635.31377, -0.0740348506, -503.184889, 4034.75637, -0.00723037801, 96.6280861, 3934.14569, 0, 1.20109993e-08, 1.20109993e-08, 757719476, 758374114, 887271.252, 0.27, 3.332, -232633.109, -503.258923, 96.6208557, 0, 1.50843611e+15, 1.6866529, 13.4077946, 2e+18, 2.12382094e+16
14.265625, 0, 0, 5.00843626e+15, 0, 9.50041361e-22, 3.718e+18, 6.44e+20, 4.85, 4, 640.247205, 13.6743882, 1.25933831, 1481582.5, 4.27296409e+22, 1.86463379e+10, 1.58963787e+15, 512.450128, -638.383229, -642.404791, 5.00843626e+15, 4.07100473e+21, -1472902.1, 160143.998, 300.193624, 13.6743882, 109.269276, 1.28071173, 1.25933831, 5.00843626e+15, 512.378785, 0.0743870786, 0.0508146849, 5635.31377, -0.0740348506, -503.184889, 4034.75637, -0.00723037801, 96.6280861, 3934.14569, 0, 1.20109993e-08, 1.20109993e-08, 757719476, 758374114, 887271.252, 0.27, 3.332, -232633.109, -503.258923, 96.6208557, 0, 1.50843611e+15, 1.6866529, 13.4077946, 2e+18, 2.12382094e+16
14.375, 0, 0, 5.01886806e+15, 0, 9.42339002e-22, 3.718e+18, 6.44e+20, 4.85, 4, 656.579568, 13.3936524, 1.25921045, 1515832.61, 5.58001496e+22, 3.52464117e+10, 1.62084604e+15, 480.698554, -654.699077, -658.73769, 5.01886806e+15, 7.68325154e+21, -1506800.92, 165225.527, 300.167558, 13.3936524, 107.36349, 1.28061594, 1.25921045, 5.01886806e+15, 480.60533, 0.103607671, 0.0452904413, 5637.46151, -0.0863472448, -476.299287, 4170.01186, 0.0572599583, 64.1909095, 3793.67544, 0, 1.20095184e-08, 1.20095184e-08, 730869769, 731572428, 871242.742, 0.27, 3.332, -168583.811, -476.385634, 64.2481695, 0, 1.51886777e+15, 5.86737401, 19.0032367, 2e+18, 2.44838556e+16
14.375, 0, 0, 1.51886806e+15, 0, 9.42339002e-22, 3.718e+18, 6.44e+20, 4.85, 4, 656.579568, 13.3936524, 1.25921045, 1521691.92, 5.58001496e+22, 3.52464117e+10, 1.62084604e+15, 480.698554, -654.699077, -658.73769, 1.51886806e+15, 7.68325154e+21, -1512779.22, 164454.58, 300.167558, 13.3936524, 107.36349, 1.28061594, 1.25921045, 1.51886806e+15, 480.60533, 0.103607671, 0.0452904413, 5637.46151, -0.0863472448, -476.299287, 4170.01186, 0.0572599583, 64.1909095, 3793.67544, 0, 1.20095184e-08, 1.20095184e-08, 730869769, 731572428, 871242.742, 0.27, 3.332, -168583.811, -476.385634, 64.2481695, 0, 1.51886777e+15, 5.86737401, 19.0032367, 2e+18, 2.44838556e+16
14.484375, 0, 0, 1.54120158e+15, 0, 9.43692629e-22, 3.718e+18, 6.44e+20, 4.85, 4, 673.33925, 13.0521567, 1.25893679, 1552687.94, 6.72419888e+22, 2.92342489e+10, 1.45068016e+15, 471.9788, -671.463605, -675.494497, 1.54120158e+15, 6.39046319e+21, -1543633.91, 167434.142, 300.172154, 13.0521567, 107.667245, 1.28040932, 1.25893679, 1.54120158e+15, 471.858392, 0.125175012, 0.0416974584, 5627.3943, -0.124850262, -461.99231, 4613.3834, -0.00901086487, 95.9867067, 3222.46183, 0, 1.20097795e-08, 1.20097795e-08, 730190588, 730599115, 552143.502, 0.27, 3.332, -143616.744, -462.11716, 95.9776958, 0, 1.54120133e+15, 6.00534345, 12.2395638, 2e+18, 1.89406525e+16
14.484375, 0, 0, 5.04120158e+15, 0, 9.43692629e-22, 3.718e+18, 6.44e+20, 4.85, 4, 673.33925, 13.0521567, 1.25893679, 1551518.14, 6.72419888e+22, 2.92342489e+10, 1.45068016e+15, 471.9788, -671.463605, -675.494497, 5.04120158e+15, 6.39046319e+21, -1542521.95, 166837.032, 300.172154, 13.0521567, 107.667245, 1.28040932, 1.25893679, 5.04120158e+15, 471.858392, 0.125175012, 0.0416974584, 5627.3943, -0.124850262, -461.99231, 4613.3834, -0.00901086487, 95.9867067, 3222.46183, 0, 1.20097795e-08, 1.20097795e-08, 730190588, 730599115, 552143.502, 0.27, 3.332, -143616.744, -462.11716, 95.9776958, 0, 1.54120133e+15, 6.00534345, 12.2395638, 2e+18, 1.89406525e+16
14.59375, 0, 0, 5.08784348e+15, 0, 9.36035035e-22, 3.718e+18, 6.44e+20, 4.85, 4, 690.436592, 12.7943862, 1.25836565, 1585723.33, 7.83021169e+22, 5.13659382e+10, 1.35708204e+15, 403.867546, -688.546323, -692.590147, 5.08784348e+15, 1.12135595e+22, -1576672.15, 169184.539, 300.146069, 12.7943862, 106.465451, 1.27997459, 1.25836565, 5.08784348e+15, 403.727947, 0.153510614, 0.036926401, 5468.79384, -0.129138634, -399.656525, 4565.2672, 0.0829983243, 57.1919312, 3010.9868, 0, 1.20082976e-08, 1.20082976e-08, 642081953, 642481453, 481522.339, 0.27, 3.332, -82023.2843, -399.785664, 57.2749295, 0, 1.58784303e+15, 10.8065867, 31.6334112, 2e+18, 2.17080653e+16
14.59375, 0, 0, 1.58784348e+15, 0, 9.36035035e-22, 3.718e+18, 6.44e+20, 4.85, 4, 690.436592, 12.7943862, 1.25836565, 1592559.09, 7.83021169e+22, 5.13659382e+10, 1.35708204e+15, 403.867546, -688.546323, -692.590147, 1.58784348e+15, 1.12135595e+22, -1582951.19, 174671.04, 300.146069, 12.7943862, 106.465451, 1.27997459, 1.25836565, 1.58784348e+15, 403.727947, 0.153510614, 0.036926401, 5468.79384, -0.129138634, -399.656525, 4565.2672, 0.0829983243, 57.1919312, 3010.9868, 0, 1.20082976e-08, 1.20082976e-08, 642081953, 642481453, 481522.339, 0.27, 3.332, -82023.2843, -399.785664, 57.2749295, 0, 1.58784303e+15, 10.8065867, 31.6334112, 2e+18, 2.17080653e+16
14.703125, 0, 0, 1.68285818e+15, 0, 9.36349358e-22, 3.718e+18, 6.44e+20, 4.85, 4, 707.966308, 12.4788108, 1.25720379, 1625136.63, 8.4414868e+22, 4.05705801e+10, 1.10911444e+15, 364.00166, -706.082143, -710.114642, 1.68285818e+15, 8.88086808e+21, -1615505.26, 176668.697, 300.147144, 12.4788108, 107.528744, 1.2790828, 1.25720379, 1.68285818e+15, 363.831406, 0.177479982, 0.0341333366, 5460.638, -0.177065978, -355.212739, 4866.06782, -0.0121154276, 78.7223091, 2477.89252, 0, 1.20083586e-08, 1.20083586e-08, 588105397, 588275119, 229275.346, 0.27, 3.332, -59552.6062, -355.389805, 78.7101937, 0, 1.68285781e+15, 10.8859269, 19.9076722, 2e+18, 1.63353461e+16
14.703125, 0, 0, 5.18285818e+15, 0, 9.36349358e-22, 3.718e+18, 6.44e+20, 4.85, 4, 707.966308, 12.4788108, 1.25720379, 1621963.41, 8.4414868e+22, 4.05705801e+10, 1.10911444e+15, 364.00166, -706.082143, -710.114642, 5.18285818e+15, 8.88086808e+21, -1613232.6, 168065.021, 300.147144, 12.4788108, 107.528744, 1.2790828, 1.25720379, 5.18285818e+15, 363.831406, 0.177479982, 0.0341333366, 5460.638, -0.177065978, -355.212739, 4866.06782, -0.0121154276, 78.7223091, 2477.89252, 0, 1.20083586e-08, 1.20083586e-08, 588105397, 588275119, 229275.346, 0.27, 3.332, -59552.6062, -355.389805, 78.7101937, 0, 1.68285781e+15, 10.8859269, 19.9076722, 2e+18, 1.63353461e+16
14.8125, 0, 0, 5.37164511e+15, 0, 9.29320218e-22, 3.718e+18, 6.44e+20, 4.85, 4, 725.850348, 12.2315759, 1.25490161, 1658274.18, 8.98065105e+22, 6.51956372e+10, 9.5249331e+14, 284.642002, -723.953874, -727.994776, 5.37164511e+15, 1.42488687e+22, -1649730.53, 168114.342, 300.123023, 12.2315759, 106.922311, 1.27730029, 1.25490161, 5.37164511e+15, 284.457993, 0.202194171, 0.030129009, 5174.0958, -0.169460171, -281.286221, 4646.76851, 0.110298381, 42.3604976, 2275.69983, 0, 1.20069883e-08, 1.20069883e-08, 473137559, 473303383, 188973.243, 0.27, 3.332, -23149.4008, -281.455681, 42.470796, 0, 1.87164445e+15, 17.6529722, 51.4636676, 2e+18, 1.95972724e+16
14.8125, 0, 0, 1.87164511e+15, 0, 9.29320218e-22, 3.718e+18, 6.44e+20, 4.85, 4, 725.850348, 12.2315759, 1.25490161, 1666909.64, 8.98065105e+22, 6.51956372e+10, 9.5249331e+14, 284.642002, -723.953874, -727.994776, 1.87164511e+15, 1.42488687e+22, -1656819.17, 183133.812, 300.123023, 12.2315759, 106.922311, 1.27730029, 1.25490161, 1.87164511e+15, 284.457993, 0.202194171, 0.030129009, 5174.0958, -0.169460171, -281.286221, 4646.76851, 0.110298381, 42.3604976, 2275.69983, 0, 1.20069883e-08, 1.20069883e-08, 473137559, 473303383, 188973.243, 0.27, 3.332, -23149.4008, -281.455681, 42.470796, 0, 1.87164445e+15, 17.6529722, 51.4636676, 2e+18, 1.95972724e+16
14.921875, 0, 0, 2.23748233e+15, 0, 9.29199192e-22, 3.718e+18, 6.44e+20, 4.85, 4, 744.209227, 11.9152156, 1.25046429, 1705022.37, 8.87553686e+22, 4.95486999e+10, 7.11847165e+14, 236.260288, -742.31985, -746.346124, 2.23748233e+15, 1.08565601e+22, -1695239.6, 182384.197, 300.122606, 11.9152156, 108.771765, 1.27383249, 1.25046429, 2.23748233e+15, 236.047293, 0.221697388, 0.0280566698, 5185.44401, -0.22140344, -229.845501, 4846.89739, -0.0114126559, 53.7528599, 1842.9366, 0, 1.20069646e-08, 1.20069646e-08, 399255589, 399290993, 48232.9152, 0.27, 3.332, -12829.2224, -230.066905, 53.7414473, 0, 2.23748173e+15, 19.0681729, 32.1812094, 2e+18, 1.45838603e+16
14.921875, 0, 0, 5.73748233e+15, 0, 9.29199192e-22, 3.718e+18, 6.44e+20, 4.85, 4, 744.209227, 11.9152156, 1.25046429, 1698004.98, 8.87553686e+22, 4.95486999e+10, 7.11847165e+14, 236.260288, -742.31985, -746.346124, 5.73748233e+15, 1.08565601e+22, -1690065.62, 164009.497, 300.122606, 11.9152156, 108.771765, 1.27383249, 1.25046429, 5.73748233e+15, 236.047293, 0.221697388, 0.0280566698, 5185.44401, -0.22140344, -229.845501, 4846.89739, -0.0114126559, 53.7528599, 1842.9366, 0, 1.20069646e-08, 1.20069646e-08, 399255589, 399290993, 48232.9152, 0.27, 3.332, -12829.2224, -230.066905, 53.7414473, 0, 2.23748173e+15, 19.0681729, 32.1812094, 2e+18, 1.45838603e+16
15.03125, 0, 0, 6.42884126e+15, 0, 9.23007174e-22, 3.718e+18, 6.44e+20, 4.85, 4, 762.964552, 11.6633542, 1.24216377, 1737828.99, 8.71490076e+22, 7.28107564e+10, 5.65326679e+14, 169.919298, -761.065184, -765.095517, 6.42884126e+15, 1.59313347e+22, -1730396.22, 160556.875, 300.101206, 11.6633542, 108.960849, 1.26727891, 1.24216377, 6.42884126e+15, 169.706243, 0.233277678, 0.0247040115, 4834.63229, -0.196045982, -167.722796, 4524.4956, 0.126429617, 25.8703057, 1703.70449, 0, 1.20057489e-08, 1.20057489e-08, 295899705, 295936558, 38293.3798, 0.27, 3.332, -1440.81371, -167.918842, 25.9967353, 0, 2.9288401e+15, 29.7624998, 83.5412509, 2e+18, 1.74713801e+16
15.03125, 0, 0, 2.92884126e+15, 0, 9.23007174e-22, 3.718e+18, 6.44e+20, 4.85, 4, 762.964552, 11.6633542, 1.24216377, 1748382.68, 8.71490076e+22, 7.28107564e+10, 5.65326679e+14, 169.919298, -761.065184, -765.095517, 2.92884126e+15, 1.59313347e+22, -1738392.96, 186633.115, 300.101206, 11.6633542, 108.960849, 1.26727891, 1.24216377, 2.92884126e+15, 169.706243, 0.233277678, 0.0247040115, 4834.63229, -0.196045982, -167.722796, 4524.4956, 0.126429617, 25.8703057, 1703.70449, 0, 1.20057489e-08, 1.20057489e-08, 295899705, 295936558, 38293.3798, 0.27, 3.332, -1440.81371, -167.918842, 25.9967353, 0, 2.9288401e+15, 29.7624998, 83.5412509, 2e+18, 1.74713801e+16
15.140625, 0, 0, 4.20287219e+15, 0, 9.22774924e-22, 3.718e+18, 6.44e+20, 4.85, 4, 782.236573, 11.3506518, 1.22715285, 1790769.94, 7.89381211e+22, 5.39091481e+10, 3.91171631e+14, 130.895877, -780.344977, -784.358016, 4.20287219e+15, 1.18235892e+22, -1781228.49, 184613.153, 300.100401, 11.3506518, 110.750427, 1.25528746, 1.22715285, 4.20287219e+15, 130.660137, 0.245203707, 0.0231759047, 4899.53131, -0.245002665, -126.961644, 4697.57673, -0.00992733999, 30.8676615, 1392.18531, 0, 1.20057032e-08, 1.20057032e-08, 231713920, 231695793, -17232.8931, 0.27, 3.332, -893.415885, -127.206646, 30.8577342, 0, 4.20287095e+15, 32.6255438, 51.7425288, 2e+18, 1.27657804e+16
15.140625, 0, 0, 7.70287219e+15, 0, 9.22774924e-22, 3.718e+18, 6.44e+20, 4.85, 4, 782.236573, 11.3506518, 1.22715285, 1780977.1, 7.89381211e+22, 5.39091481e+10, 3.91171631e+14, 130.895877, -780.344977, -784.358016, 7.70287219e+15, 1.18235892e+22, -1774396.88, 152954.629, 300.100401, 11.3506518, 110.750427, 1.25528746, 1.22715285, 7.70287219e+15, 130.660137, 0.245203707, 0.0231759047, 4899.53131, -0.245002665, -126.961644, 4697.57673, -0.00992733999, 30.8676615, 1392.18531, 0, 1.20057032e-08, 1.20057032e-08, 231713920, 231695793, -17232.8931, 0.27, 3.332, -893.415885, -127.206646, 30.8577342, 0, 4.20287095e+15, 32.6255438, 51.7425288, 2e+18, 1.27657804e+16
15.25, 0, 0, 9.99201867e+15, 0, 9.18031221e-22, 3.718e+18, 6.44e+20, 4.85, 4, 801.941415, 11.1013325, 1.20107391, 1824068.73, 7.22917466e+22, 7.41435223e+10, 2.92725128e+14, 87.4815407, -800.041549, -804.055383, 9.99201867e+15, 1.6234644e+22, -1818189.87, 146329.568, 300.083908, 11.1013325, 110.614044, 1.23415761, 1.20107391, 9.99201867e+15, 87.258484, 0.243826482, 0.0203093033, 4551.07249, -0.205166696, -86.2185943, 4353.70468, 0.131749689, 13.4311962, 1325.71351, 0, 1.20047662e-08, 1.20047662e-08, 159833690, 159825661, -6456.694, 0.27, 3.332, -1572.90819, -86.423761, 13.5629458, 0, 6.49201604e+15, 48.9209425, 134.526241, 2e+18, 1.61468386e+16
15.25, 0, 0, 6.49201867e+15, 0, 9.18031221e-22, 3.718e+18, 6.44e+20, 4.85, 4, 801.941415, 11.1013325, 1.20107391, 1836674.62, 7.22917466e+22, 7.41435223e+10, 2.92725128e+14, 87.4815407, -800.041549, -804.055383, 6.49201867e+15, 1.6234644e+22, -1827022.37, 188050.347, 300.083908, 11.1013325, 110.614044, 1.23415761, 1.20107391, 6.49201867e+15, 87.258484, 0.243826482, 0.0203093033, 4551.07249, -0.205166696, -86.2185943, 4353.70468, 0.131749689, 13.4311962, 1325.71351, 0, 1.20047662e-08, 1.20047662e-08, 159833690, 159825661, -6456.694, 0.27, 3.332, -1572.90819, -86.423761, 13.5629458, 0, 6.49201604e+15, 48.9209425, 134.526241, 2e+18, 1.61468386e+16
15.359375, 0, 0, 1.05019388e+16, 0, 9.18441107e-22, 3.718e+18, 6.44e+20, 4.85, 4, 822.202687, 10.796459, 1.15796707, 1882854.82, 6.02280699e+22, 5.47487364e+10, 1.9159974e+14, 63.1414134, -820.310666, -824.305694, 1.05019388e+16, 1.20137154e+22, -1873949.71, 182906.397, 300.085336, 10.796459, 110.533738, 1.19859942, 1.15796707, 1.05019388e+16, 62.900731, 0.250383741, 0.0191468386, 4701.33595, -0.250222011, -61.0393287, 4565.92298, -0.00899795288, 15.1888876, 1120.22632, 0, 1.20048474e-08, 1.20048474e-08, 117180949, 117156281, -22084.4727, 0.27, 3.332, -2583.29544, -61.2895508, 15.1798896, 0, 1.05019357e+16, 56.0797524, 81.5425883, 2e+18, 1.18667678e+16
15.359375, 0, 0, 1.40019388e+16, 0, 9.18441107e-22, 3.718e+18, 6.44e+20, 4.85, 4, 822.202687, 10.796459, 1.15796707, 1869112.17, 6.02280699e+22, 5.47487364e+10, 1.9159974e+14, 63.1414134, -820.310666, -824.305694, 1.40019388e+16, 1.20137154e+22, -1864277.02, 134355.817, 300.085336, 10.796459, 110.533738, 1.19859942, 1.15796707, 1.40019388e+16, 62.900731, 0.250383741, 0.0191468386, 4701.33595, -0.250222011, -61.0393287, 4565.92298, -0.00899795288, 15.1888876, 1120.22632, 0, 1.20048474e-08, 1.20048474e-08, 117180949, 117156281, -22084.4727, 0.27, 3.332, -2583.29544, -61.2895508, 15.1798896, 0, 1.05019357e+16, 56.0797524, 81.5425883, 2e+18, 1.18667678e+16
15.46875, 0, 0, 2.08491173e+16, 0, 9.15744712e-22, 3.718e+18, 6.44e+20, 4.85, 4, 842.890833, 10.5736881, 1.0911001, 1909252.43, 5.02596799e+22, 7.21981967e+10, 1.39722818e+14, 39.7470192, -840.991642, -844.985688, 2.08491173e+16, 1.58181382e+22, -1905342.87, 122120.401, 300.075928, 10.5736881, 108.043018, 1.14212785, 1.0911001, 2.08491173e+16, 39.5273878, 0.23814419, 0.0166071695, 4404.69698, -0.203392565, -39.0896399, 4262.97478, 0.123871383, 5.86638153, 1108.33277, 0, 1.20043129e-08, 1.20043129e-08, 75971795.3, 75955151.8, -12095.2726, 0.27, 3.332, -4548.19001, -39.2930325, 5.99025291, 0, 1.73491105e+16, 81.8246835, 205.018318, 2e+18, 1.50091533e+16
15.46875, 0, 0, 1.73491173e+16, 0, 9.15744712e-22, 3.718e+18, 6.44e+20, 4.85, 4, 842.890833, 10.5736881, 1.0911001, 1922218.96, 5.02596799e+22, 7.21981967e+10, 1.39722818e+14, 39.7470192, -840.991642, -844.985688, 1.73491173e+16, 1.58181382e+22, -1913474.27, 183144.613, 300.075928, 10.5736881, 108.043018, 1.14212785, 1.0911001, 1.73491173e+16, 39.5273878, 0.23814419, 0.0166071695, 4404.69698, -0.203392565, -39.0896399, 4262.97478, 0.123871383, 5.86638153, 1108.33277, 0, 1.20043129e-08, 1.20043129e-08, 75971795.3, 75955151.8, -12095.2726, 0.27, 3.332, -4548.19001, -39.2930325, 5.99025291, 0, 1.73491105e+16, 81.8246835, 205.018318, 2e+18, 1.50091533e+16
15.578125, 0, 0, 2.87447776e+16, 0, 9.18451875e-22, 3.718e+18, 6.44e+20, 4.85, 4, 864.059937, 10.3334557, 0.995435942, 1959092.89, 3.72462161e+22, 5.66451112e+10, 9.08190798e+13, 27.4445147, -862.167036, -866.143638, 2.87447776e+16, 1.24339162e+22, -1951259.79, 175014.829, 300.085374, 10.3334557, 103.594144, 1.05877779, 0.995435942, 2.87447776e+16, 27.2041838, 0.251543931, 0.0156765742, 4673.94774, -0.251090346, -26.4179339, 4570.53855, -0.0150992553, 6.49310291, 977.734573, 0, 1.20048495e-08, 1.20048495e-08, 52945659.3, 52926714.4, -15008.3291, 0.27, 3.332, -3936.57598, -26.6690242, 6.47800366, 0, 2.87447687e+16, 56.7009492, 248.867661, 2e+18, 1.12146545e+16
15.578125, 0, 0, 3.22447776e+16, 0, 9.18451875e-22, 3.718e+18, 6.44e+20, 4.85, 4, 864.059937, 10.3334557, 0.995435942, 1943418.09, 3.72462161e+22, 5.66451112e+10, 9.08190798e+13, 27.4445147, -862.167036, -866.143638, 3.22447776e+16, 1.24339162e+22, -1940663.43, 103437.504, 300.085374, 10.3334557, 103.594144, 1.05877779, 0.995435942, 3.22447776e+16, 27.2041838, 0.251543931, 0.0156765742, 4673.94774, -0.251090346, -26.4179339, 4570.53855, -0.0150992553, 6.49310291, 977.734573, 0, 1.20048495e-08, 1.20048495e-08, 52945659.3, 52926714.4, -15008.3291, 0.27, 3.332, -3936.57598, -26.6690242, 6.47800366, 0, 2.87447687e+16, 56.7009492, 248.867661, 2e+18, 1.12146545e+16
15.6875, 0, 0, 5.072678e+16, 0, 9.22461676e-22, 3.718e+18, 6.44e+20, 4.85, 4, 885.456642, 10.2235366, 0.871511191, 1959452.31, 2.66964659e+22, 7.1739022e+10, 6.91761127e+13, 16.8469256, -883.557655, -887.533283, 5.072678e+16, 1.57109299e+22, -1957664.32, 83688.6027, 300.099314, 10.2235366, 96.6774199, 0.946370883, 0.871511191, 5.072678e+16, 16.6294001, 0.230127472, 0.0133637221, 4487.10615, -0.205683131, -16.4882711, 4377.88334, 0.103213869, 2.16191202, 984.001528, 0, 1.20056415e-08, 1.20056415e-08, 33041608.6, 33029761.9, -7650.79845, 0.27, 3.332, -4195.87931, -16.6939542, 2.26512589, 0, 4.72267615e+16, 133.645042, 254.544856, 2e+18, 1.57010153e+16
15.6875, 0, 0, 4.722678e+16, 0, 9.22461676e-22, 3.718e+18, 6.44e+20, 4.85, 4, 885.456642, 10.2235366, 0.871511191, 1967782.24, 2.66964659e+22, 7.1739022e+10, 6.91761127e+13, 16.8469256, -883.557655, -887.533283, 4.722678e+16, 1.57109299e+22, -1960446.45, 169754.72, 300.099314, 10.2235366, 96.6774199, 0.946370883, 0.871511191, 4.722678e+16, 16.6294001, 0.230127472, 0.0133637221, 4487.10615, -0.205683131, -16.4882711, 4377.88334, 0.103213869, 2.16191202, 984.001528, 0, 1.20056415e-08, 1.20056415e-08, 33041608.6, 33029761.9, -7650.79845, 0.27, 3.332, -4195.87931, -16.6939542, 2.26512589, 0, 4.72267615e+16, 133.645042, 254.544856, 2e+18, 1.57010153e+16
15.796875, 0, 0, 7.64319678e+16, 0, 9.38349623e-22, 3.718e+18, 6.44e+20, 4.85, 4, 906.944703, 10.1800716, 0.728250575, 1963789.98, 1.60801982e+22, 1.73877269e+11, 4.88584849e+13, 11.9025085, -905.022908, -909.012267, 7.64319678e+16, 3.80918161e+22, -1957695.69, 154591.91, 300.153975, 10.1800716, 87.5529866, 0.809910103, 0.728250575, 7.64319678e+16, 11.4705566, 0.554806064, 0.0126289307, 4956.85708, -0.495110706, -11.1806462, 4878.39688, -0.25035007, 2.5625807, 878.450942, 0, 1.20087467e-08, 1.20087467e-08, 23137159.1, 23130481.7, -6850.67235, 0.27, 3.332, 173.260217, -11.6757569, 2.31223063, 0, 7.64318952e+16, 67.4765272, 264.266335, 2e+18, 1.47151717e+16
15.796875, 0, 0, 7.99319678e+16, 0, 9.38349623e-22, 3.718e+18, 6.44e+20, 4.85, 4, 906.944703, 10.1800716, 0.728250575, 1948731.95, 1.60801982e+22, 1.73877269e+11, 4.88584849e+13, 11.9025085, -905.022908, -909.012267, 7.99319678e+16, 3.80918161e+22, -1947900.5, 56919.7238, 300.153975, 10.1800716, 87.5529866, 0.809910103, 0.728250575, 7.99319678e+16, 11.4705566, 0.554806064, 0.0126289307, 4956.85708, -0.495110706, -11.1806462, 4878.39688, -0.25035007, 2.5625807, 878.450942, 0, 1.20087467e-08, 1.20087467e-08, 23137159.1, 23130481.7, -6850.67235, 0.27, 3.332, 173.260217, -11.6757569, 2.31223063, 0, 7.64318952e+16, 67.4765272, 264.266335, 2e+18, 1.47151717e+16
15.90625, 0, 0, 1.24887201e+17, 0, 9.72953612e-22, 3.718e+18, 6.44e+20, 4.85, 4, 927.961644, 10.4082698, 0.581193509, 1887783.39, 3.96440876e+22, 2.45265458e+13, 4.34915596e+13, 47.5431799, -925.911972, -930.026019, 1.24887201e+17, 5.33322789e+24, -1887533.28, 30728.7746, 300.269958, 10.4082698, 76.73149, 0.662017693, 0.581193509, 1.24887201e+17, 7.19062787, 40.6692877, 0.010566245, 4998.31648, -39.5619251, -7.16219559, 4933.29238, -9.42576491, 0.638814155, 803.613045, 0, 1.20153365e-08, 1.20153365e-08, 85888296.7, 85671254.8, 27346.2122, 0.27, 3.332, -244388.103, -46.7241207, -8.78695076, 0, 1.21370948e+17, 159.0566, 174.40468, 2e+18, 2.84774546e+16
15.90625, 0, 0, 1.21387201e+17, 0, 9.72953612e-22, 3.718e+18, 6.44e+20, 4.85, 4, 927.961644, 10.4082698, 0.581193509, 1877992.39, 3.96440876e+22, 2.45265458e+13, 4.34915596e+13, 47.5431799, -925.911972, -930.026019, 1.21387201e+17, 5.33322789e+24, -1873242.13, 133489.056, 300.269958, 10.4082698, 76.73149, 0.662017693, 0.581193509, 1.21387201e+17, 7.19062787, 40.6692877, 0.010566245, 4998.31648, -39.5619251, -7.16219559, 4933.29238, -9.42576491, 0.638814155, 803.613045, 0, 1.20153365e-08, 1.20153365e-08, 85888296.7, 85671254.8, 27346.2122, 0.27, 3.332, -244388.103, -46.7241207, -8.78695076, 0, 1.21370948e+17, 159.0566, 174.40468, 2e+18, 2.84774546e+16
16.015625, 0, 0, 1.88778391e+17, 0, 1.03419285e-21, 3.718e+18, 6.44e+20, 4.85, 4, 947.921875, 10.9592912, 0.44614332, 1756696.71, 1.39692215e+22, 3.12037493e+14, 3.59800119e+13, 922.261953, -945.806574, -949.981036, 1.88778391e+17, 6.73666955e+25, -1753087.28, 112553.589, 300.465655, 10.9592912, 65.187541, 0.518689937, 0.44614332, 1.88778391e+17, 4.69578699, 919.545682, 0.0106265396, 5139.95564, -689.455157, -4.56891667, 5139.76485, -608.453653, 1.08416598, -44.2869948, 0, 1.20264578e-08, 1.20264578e-08, 1.10996746e+09, 1.10500596e+09, 207278.852, 0.27, 3.332, -5168778.48, -694.024074, -607.369487, 0, 1.88458106e+17, 32.2699416, 104.393258, 2e+18, 4.09165562e+16
16.015625, 0, 0, 1.92278391e+17, 0, 1.03419285e-21, 3.718e+18, 6.44e+20, 4.85, 4, 947.921875, 10.9592912, 0.44614332, 1756408.17, 1.39692215e+22, 3.12037493e+14, 3.59800119e+13, 922.261953, -945.806574, -949.981036, 1.92278391e+17, 6.73666955e+25, -1756400.11, 5321.03517, 300.465655, 10.9592912, 65.187541, 0.518689937, 0.44614332, 1.92278391e+17, 4.69578699, 919.545682, 0.0106265396, 5139.95564, -689.455157, -4.56891667, 5139.76485, -608.453653, 1.08416598, -44.2869948, 0, 1.20264578e-08, 1.20264578e-08, 1.10996746e+09, 1.10500596e+09, 207278.852, 0.27, 3.332, -5168778.48, -694.024074, -607.369487, 0, 1.88458106e+17, 32.2699416, 104.393258, 2e+18, 4.09165562e+16
16.125, 0, 0, 2.90635171e+17, 0, 1.08943516e-21, 3.718e+18, 6.44e+20, 4.85, 4, 965.698858, 12.3052264, 0.333158245, 1510379.55, 1.9539552e+23, 1.19312868e+15, 3.14635573e+13, 2436.37353, -963.548966, -967.754282, 2.90635171e+17, 2.52591747e+26, -1510350.62, -9348.74339, 300.632692, 12.3052264, 54.0626732, 0.392986804, 0.333158245, 2.90635171e+17, 1.89814007, 2434.51193, 0.0105432477, 3779.61249, -2411.60514, -1.89480039, 3774.36647, -333.180117, 0.112548686, -199.068603, 0, 1.20359528e-08, 1.20359528e-08, 3.27845617e+09, 3.2697841e+09, 601526.241, 0.27, 3.332, -9273596.95, -2413.49994, -333.067568, 0, 2.85285068e+17, 20.3738482, 21.1825895, 2e+18, 7.76440838e+16
16.125, 0, 0, 2.87135171e+17, 0, 1.08943516e-21, 3.718e+18, 6.44e+20, 4.85, 4, 965.698858, 12.3052264, 0.333158245, 1455291.98, 1.9539552e+23, 1.19312868e+15, 3.14635573e+13, 2436.37353, -963.548966, -967.754282, 2.87135171e+17, 2.52591747e+26, -1453880.01, 64090.9711, 300.632692, 12.3052264, 54.0626732, 0.392986804, 0.333158245, 2.87135171e+17, 1.89814007, 2434.51193, 0.0105432477, 3779.61249, -2411.60514, -1.89480039, 3774.36647, -333.180117, 0.112548686, -199.068603, 0, 1.20359528e-08, 1.20359528e-08, 3.27845617e+09, 3.2697841e+09, 601526.241, 0.27, 3.332, -9273596.95, -2413.49994, -333.067568, 0, 2.85285068e+17, 20.3738482, 21.1825895, 2e+18, 7.76440838e+16
16.234375, 0, 0, 4.26848457e+17, 0, 1.06541174e-21, 3.718e+18, 6.44e+20, 4.85, 4, 979.7255, 15.5949662, 0.245017961, 1019284.47, 9.64481906e+20, 1.4078354e+15, 9.50559756e+12, 4668.21447, -977.571263, -981.750036, 4.26848457e+17, 2.9907718e+26, -1018378.91, 42955.9839, 300.561095, 15.5949662, 44.2542159, 0.291275924, 0.245017961, 4.26848457e+17, 0.348018225, 4667.94467, 0.0122511961, 3197.23814, -4418.64782, -0.32626697, 2460.55602, -1505.07771, 0.12110553, -2041.567, 0, 1.20318827e-08, 1.20318827e-08, 4.1119779e+09, 4.10506077e+09, 542695.566, 0.27, 3.332, -7459822.64, -4418.97408, -1504.95661, 0, 4.23603975e+17, 0.423403439, 0.676010621, 2e+18, 7.13466343e+16
16.234375, 0, 0, 4.30348457e+17, 0, 1.06541174e-21, 3.718e+18, 6.44e+20, 4.85, 4, 979.7255, 15.5949662, 0.245017961, 1072261.74, 9.64481906e+20, 1.4078354e+15, 9.50559756e+12, 4668.21447, -977.571263, -981.750036, 4.30348457e+17, 2.9907718e+26, -1072239.5, -6905.72596, 300.561095, 15.5949662, 44.2542159, 0.291275924, 0.245017961, 4.30348457e+17, 0.348018225, 4667.94467, 0.0122511961, 3197.23814, -4418.64782, -0.32626697, 2460.55602, -1505.07771, 0.12110553, -2041.567, 0, 1.20318827e-08, 1.20318827e-08, 4.1119779e+09, 4.10506077e+09, 542695.566, 0.27, 3.332, -7459822.64, -4418.97408, -1504.95661, 0, 4.23603975e+17, 0.423403439, 0.676010621, 2e+18, 7.13466343e+16
16.34375, 0, 0, 6.23425239e+17, 0, 9.77874929e-22, 3.718e+18, 6.44e+20, 4.85, 4, 986.834799, 30.2770727, 0.179420656, 565181.707, 1.73122541e+13, 1.46687489e+15, 1.13044525e+12, 3295.28307, -984.679276, -988.804699, 6.23425239e+17, 2.36502525e+26, -542236.98, 159403.321, 300.286124, 30.2770727, 36.1863077, 0.213663124, 0.179420656, 6.23425239e+17, 0.0127412739, 3295.27078, 0.0152888629, 3538.97338, -3275.62849, -0.0125782284, 2900.69761, -359.259734, 0.00203180457, -2027.38402, 0, 1.20162551e-08, 1.20162551e-08, 1.80726033e+09, 1.81157708e+09, 464931.962, 0.27, 3.332, 3851818.6, -3275.64107, -359.257702, 0, 6.15000064e+17, 4.75066813e-06, 7.41141954e-06, 2e+18, 5.37471555e+17
16.34375, 0, 0, 6.19925239e+17, 0, 9.77874929e-22, 3.718e+18, 6.44e+20, 4.85, 4, 986.834799, 30.2770727, 0.179420656, 464934.339, 1.73122541e+13, 1.46687489e+15, 1.13044525e+12, 3295.28307, -984.679276, -988.804699, 6.19925239e+17, 2.36502525e+26, -460312.278, -65395.3087, 300.286124, 30.2770727, 36.1863077, 0.213663124, 0.179420656, 6.19925239e+17, 0.0127412739, 3295.27078, 0.0152888629, 3538.97338, -3275.62849, -0.0125782284, 2900.69761, -359.259734, 0.00203180457, -2027.38402, 0, 1.20162551e-08, 1.20162551e-08, 1.80726033e+09, 1.81157708e+09, 464931.962, 0.27, 3.332, 3851818.6, -3275.64107, -359.257702, 0, 6.15000064e+17, 4.75066813e-06, 7.41141954e-06, 2e+18, 5.37471555e+17
16.453125, 0, 0, 8.79387195e+17, 0, 9.21726927e-22, 3.718e+18, 6.44e+20, 4.85, 4, 989.794831, 29.8034287, 0.131948913, 207040.334, 0, 8.40918293e+14, 2.09101904e+09, 1389.02794, -987.653546, -991.602353, 8.79387195e+17, 9.38466634e+25, -204632.428, -31484.4307, 300.096764, 33.1669311, 29.8034287, 0.156656064, 0.131948913, 8.79387195e+17, 9.2270659e-06, 1389.02794, 0.0170933923, 4086.51489, -1387.16431, -7.15506429e-06, 3382.64988, 71.9290154, 5.8261308e-06, -2292.87674, 0, 1.20054966e-08, 1.20054966e-08, 393089655, 395784640, 280079.234, 0.27, 3.332, 2414906.51, -1387.16432, 71.9290212, 0, 8.75358968e+17, 4.15285977e-13, 2.71180318e-11, 2e+18, 9.88333167e+17
16.453125, 0, 0, 8.82887195e+17, 0, 9.21726927e-22, 3.718e+18, 6.44e+20, 4.85, 4, 989.794831, 29.8034287, 0.131948913, 436127.549, -1.16707131e-12, 8.40918293e+14, 2.09101904e+09, 1389.02794, -987.653546, -991.602353, 8.82887195e+17, 9.38466634e+25, -254531.71, 354148.058, 300.096764, 33.1669311, 29.8034287, 0.156656064, 0.131948913, 8.82887195e+17, 9.2270659e-06, 1389.02794, 0.0170933923, 4086.51489, -1387.16431, -7.15506429e-06, 3382.64988, 71.9290154, 5.8261308e-06, -2292.87674, 0, 1.20054966e-08, 1.20054966e-08, 393089655, 395784640, 280079.234, 0.27, 3.332, 2414906.51, -1387.16432, 71.9290212, 0, 8.75358968e+17, 4.15285233e-13, 2.71180304e-11, 2e+18, 9.88333167e+17
16.5625, 0, 0, 1.22174449e+18, 0, 9.03804124e-22, 3.718e+18, 6.44e+20, 4.85, 4, 991.803056, 25.1416009, 0.0980636136, 411496.668, 0, 4.04144936e+14, 64613799, 441.72206, -989.680663, -993.520832, 1.22174449e+18, 2.9778848e+25, -161976.437, 378276.541, 300.033936, 27.6206041, 25.1416009, 0.115676943, 0.0980636136, 1.22174449e+18, 1.1535484e-07, 441.72206, 0.0181401353, 3392.60481, -440.258835, -1.12113601e-07, 2281.73287, 35.9240362, 2.71528925e-08, -2510.66973, 0, 1.20019276e-08, 1.20019276e-08, 94105465, 96182471.8, 145214.071, 0.27, 3.332, 1931792.68, -440.258835, 35.9240363, 0, 1.2155541e+18, 5.76970978e-12, -2.82586507e-23, 2e+18, 1.33221983e+18
16.5625, 0, 0, 1.21824449e+18, 0, 9.03804124e-22, 3.718e+18, 6.44e+20, 4.85, 4, 991.803056, 25.1416009, 0.0980636136, 156996.723, 0, 4.04144936e+14, 64613799, 441.72206, -989.680663, -993.520832, 1.21824449e+18, 2.9778848e+25, -156704.512, -9574.27563, 300.033936, 27.6206041, 25.1416009, 0.115676943, 0.0980636136, 1.21824449e+18, 1.1535484e-07, 441.72206, 0.0181401353, 3392.60481, -440.258835, -1.12113601e-07, 2281.73287, 35.9240362, 2.71528925e-08, -2510.66973, 0, 1.20019276e-08, 1.20019276e-08, 94105465, 96182471.8, 145214.071, 0.27, 3.332, 1931792.68, -440.258835, 35.9240363, 0, 1.2155541e+18, 5.76970978e-12, 0, 2e+18, 1.33221983e+18
16.671875, 0, 0, 1.64802841e+18, 0, 8.99289809e-22, 3.718e+18, 6.44e+20, 4.85, 4, 993.222742, 21.6281823, 0.0739704312, 140587.625, 0, 1.74576938e+14, 2430873.25, 165.143685, -991.122037, -994.855757, 1.64802841e+18, 4.42307218e+24, -140547.911, -3341.44267, 300.017919, 23.4591119, 21.6281823, 0.0864936842, 0.0739704312, 1.64802841e+18, 2.43881206e-09, 165.143685, 0.0192355005, 2514.98554, -159.561656, -2.31923166e-09, 1762.55396, 42.5736372, 7.54300156e-10, -1794.03339, 0, 1.20010178e-08, 1.20010178e-08, 25967127.3, 27252688, 65891.4604, 0.27, 3.332, 1219669.23, -159.561656, 42.5736372, 0, 1.646454e+18, 0, 0, 2e+18, 1.77040369e+18
16.671875, 0, 0, 1.65152841e+18, 0, 8.99289809e-22, 3.718e+18, 6.44e+20, 4.85, 4, 993.222742, 21.6281823, 0.0739704312, 341208.593, 0, 1.74576938e+14, 2430873.25, 165.143685, -991.122037, -994.855757, 1.65152841e+18, 4.42307218e+24, -136007.306, 312930.211, 300.017919, 23.4591119, 21.6281823, 0.0864936842, 0.0739704312, 1.65152841e+18, 2.43881206e-09, 165.143685, 0.0192355005, 2514.98554, -159.561656, -2.31923166e-09, 1762.55396, 42.5736372, 7.54300156e-10, -1794.03339, 0, 1.20010178e-08, 1.20010178e-08, 25967127.3, 27252688, 65891.4604, 0.27, 3.332, 1219669.23, -159.561656, 42.5736372, 0, 1.646454e+18, -6.40566464e-28, 0, 2e+18, 1.77040369e+18
16.78125, 0, 0, 2.18044563e+18, 0, 9.00984595e-22, 3.718e+18, 6.44e+20, 4.85, 4, 995.030516, 19.0418913, 0.0567973401, 163378.751, 0, 1.18713635e+16, 6180.24865, 1695.52487, -992.820696, -996.509044, 2.18044563e+18, -1.1797426e+15, -120935.296, 109851.128, 300.023942, 20.3877081, 19.0418913, 0.0657327143, 0.0567973401, 2.18044563e+18, 5.39573073e-12, 1695.52487, 0.0198335242, 1716.49531, -1658.28622, -5.37900052e-12, -556.202304, -353.399767, 4.24574513e-13, -1623.88274, 0, 1.20013599e-08, 1.20013599e-08, 161897148, 154450795, -386716.812, 0.27, 3.332, -7059635.77, -1658.28622, -353.399767, 0, 2.04390237e+18, 0, 0, 2e+18, 2e+18
16.78125, 0, 0, 2.17694563e+18, 0, 9.00984595e-22, 3.718e+18, 6.44e+20, 4.85, 4, 995.030516, 19.0418913, 0.0567973401, 129594.419, 0, 1.18713635e+16, 6180.24865, 1695.52487, -992.820696, -996.509044, 2.17694563e+18, -1.17974211e+15, -129360.406, 7784.53497, 300.023942, 20.3877081, 19.0418913, 0.0657327143, 0.0567973401, 2.17694563e+18, 5.39573073e-12, 1695.52487, 0.0198335242, 1716.49531, -1658.28622, -5.37900052e-12, -556.202304, -353.399767, 4.24574513e-13, -1623.88274, 0, 1.20013599e-08, 1.20013599e-08, 161897148, 154450795, -386716.812, 0.27, 3.332, -7059635.77, -1658.28622, -353.399767, 0, 2.04390237e+18, 0, 0, 2e+18, 2e+18
16.890625, 0, 0, 2.80781491e+18, 0, 9.08075224e-22, 3.718e+18, 6.44e+20, 4.85, 4, 996.052501, 17.145912, 0.0444803135, 107933.239, 0, 6.48878895e+16, 3.20660989e-06, 12435.6, -993.798649, -996.978149, 2.80781491e+18, 1.60944146e+14, -106585.421, -17003.8883, 300.049018, 18.1342927, 17.145912, 0.0509015302, 0.0444803135, 2.80781491e+18, 2.30085325e-19, 12435.6, 0.0256655929, 11940.074, -10070.0627, -9.00198543e-20, -9063.80685, -7296.4364, -2.11744381e-19, -7772.56539, 0, 1.20027843e-08, 1.20027843e-08, 1.09272491e+09, 1.07129234e+09, -169020.281, 0.27, 3.332, -21263542.5, -10070.0627, -7296.4364, 0, 2.06841044e+18, 0, 0, 2e+18, 2e+18
16.890625, 0, 0, 2.81131491e+18, 0, 9.08075224e-22, 3.718e+18, 6.44e+20, 4.85, 4, 996.052501, 17.145912, 0.0444803135, 86512.4767, 0, 6.48878895e+16, 3.20660989e-06, 12435.6, -993.798649, -996.978149, 2.81131491e+18, 1.60944146e+14, -86420.4515, 3989.2604, 300.049018, 18.1342927, 17.145912, 0.0509015302, 0.0444803135, 2.81131491e+18, 2.30085324e-19, 12435.6, 0.0256655929, 11940.074, -10070.0627, -9.00198543e-20, -9063.80685, -7296.4364, -2.11744381e-19, -7772.56539, 0, 1.20027843e-08, 1.20027843e-08, 1.09272491e+09, 1.07129234e+09, -169020.281, 0.27, 3.332, -21263542.5, -10070.0627, -7296.4364, 0, 2.06841044e+18, 0, 0, 2e+18, 2e+18
17, 0, 0, 3.53954682e+18, 0, 9.13459818e-22, 3.718e+18, 6.44e+20, 4.85, 4, 996.906512, 15.7533219, 0.0355750115, 74759.1588, 0, 1.21768243e+17, 3.53817159e-06, 22455.1141, -994.636253, -997.834604, 3.53954682e+18, 1.26230703e+13, -74553.5431, -5540.85182, 300.067934, 16.4814025, 15.7533219, 0.0402310814, 0.0355750115, 3.53954682e+18, 2.366506e-19, 22455.1141, 0.0554573456, 21845.5503, -16984.3722, -8.99132528e-22, -16413.1328, -14688.8819, -2.36648892e-19, -14416.5577, 0, 1.20038588e-08, 1.20038588e-08, 1.81512271e+09, 1.79326818e+09, 3439.55599, 0.27, 3.332, -21857959.7, -16984.3722, -14688.8819, 0, 2.11194684e+18, 0, 0, 2e+18, 2e+18
17, 0, 0, 3.53604682e+18, 0, 9.13459818e-22, 3.718e+18, 6.44e+20, 4.85, 4, 996.906512, 15.7533219, 0.0355750115, 85188.0352, 0, 1.21768243e+17, 3.53817159e-06, 22455.1141, -994.636253, -997.834604, 3.53604682e+18, 1.26230703e+13, -72999.2949, -43910.1842, 300.067934, 16.4814025, 15.7533219, 0.0402310814, 0.0355750115, 3.53604682e+18, 2.366506e-19, 22455.1141, 0.0554573456, 21845.5503, -16984.3722, -8.99132528e-22, -16413.1328, -14688.8819, -2.36648892e-19, -14416.5577, 0, 1.20038588e-08, 1.20038588e-08, 1.81512271e+09, 1.79326818e+09, 3439.55599, 0.27, 3.332, -21857959.7, -16984.3722, -14688.8819, 0, 2.11194684e+18, 0, 0, 2e+18, 2e+18
17.125, 0, 0, 4.46958584e+18, 0, 9.13789105e-22, 3.718e+18, 6.44e+20, 4.85, 4, 997.755482, 14.6033179, 0.0283094469, 66541.4267, 0, 1.88168317e+17, 3.65510802e-07, 27773.184, -995.473806, -998.624868, 4.46958584e+18, 1.26230703e+13, -57115.7084, -34140.2596, 300.069087, 15.203595, 14.6033179, 0.0321020167, 0.0283094469, 4.46958584e+18, 2.95532601e-20, 27773.184, 0.0844125376, 27198.5995, -24153.1573, 1.18723419e-20, -23609.0873, -13710.388, -2.70636782e-20, -13504.622, 0, 1.20039243e-08, 1.20039243e-08, 1.87939031e+09, 1.86926567e+09, -6419.08295, 0.27, 3.332, -10118222, -24153.1573, -13710.388, 0, 2.18179696e+18, 0, 0, 2e+18, 2e+18
17.125, 0, 0, 4.47308584e+18, 0, 9.13789105e-22, 3.718e+18, 6.44e+20, 4.85, 4, 997.755482, 14.6033179, 0.0283094469, 65287.2852, 0, 1.88168317e+17, 3.65510802e-07, 27773.184, -995.473806, -998.624868, 4.47308584e+18, 1.26230703e+13, -65089.8485, -5073.58105, 300.069087, 15.203595, 14.6033179, 0.0321020167, 0.0283094469, 4.47308584e+18, 2.95532601e-20, 27773.184, 0.0844125376, 27198.5995, -24153.1573, 1.18723419e-20, -23609.0873, -13710.388, -2.70636782e-20, -13504.622, 0, 1.20039243e-08, 1.20039243e-08, 1.87939031e+09, 1.86926567e+09, -6419.08295, 0.27, 3.332, -10118222, -24153.1573, -13710.388, 0, 2.18179696e+18, 0, 0, 2e+18, 2e+18
17.25, 0, 0, 5.47941321e+18, 0, 9.13115364e-22, 3.718e+18, 6.44e+20, 4.85, 4, 998.494369, 13.7872729, 0.0232015551, 56710.9168, 0, 2.55603136e+17, 1.74924494e-09, 30868.3834, -996.204606, -999.225632, 5.47941321e+18, 4.4180746e+13, -56613.1627, -3328.34706, 300.066727, 14.2156165, 13.7872729, 0.0258827473, 0.0232015551, 5.47941321e+18, 8.78435842e-22, 30868.3834, 0.126586451, 30378.9538, -26844.0186, -2.19233407e-25, -26400.0252, -15239.9396, -8.78435815e-22, -15030.6188, 0, 1.20037903e-08, 1.20037903e-08, 1.84937264e+09, 1.84010315e+09, -12989.596, 0.27, 3.332, -9256505.87, -26844.0186, -15239.9396, 0, 2.25017205e+18, 0, 0, 2e+18, 2e+18
17.25, 0, 0, 5.47591321e+18, 0, 9.13115364e-22, 3.718e+18, 6.44e+20, 4.85, 4, 998.494369, 13.7872729, 0.0232015551, 60899.0413, 0, 2.55603136e+17, 1.74924494e-09, 30868.3834, -996.204606, -999.225632, 5.47591321e+18, 4.4180746e+13, -55183.3615, -25758.2967, 300.066727, 14.2156165, 13.7872729, 0.0258827473, 0.0232015551, 5.47591321e+18, 8.78435842e-22, 30868.3834, 0.126586451, 30378.9538, -26844.0186, -2.19233407e-25, -26400.0252, -15239.9396, -8.78435815e-22, -15030.6188, 0, 1.20037903e-08, 1.20037903e-08, 1.84937264e+09, 1.84010315e+09, -12989.596, 0.27, 3.332, -9256505.87, -26844.0186, -15239.9396, 0, 2.25017205e+18, 0, 0, 2e+18, 2e+18
17.375, 0, 0, 6.50252654e+18, 0, 9.10389339e-22, 3.718e+18, 6.44e+20, 4.85, 4, 999.135066, 13.2072518, 0.0195948331, 46866.1735, 0, 3.20230114e+17, 5.48202649e-11, 32687.5461, -996.839313, -999.776847, 6.50252654e+18, 8.8361492e+13, -43295.1301, -17943.5206, 300.057161, 13.5141102, 13.2072518, 0.021502983, 0.0195948331, 6.50252654e+18, 3.06857148e-23, 32687.5461, 0.153095551, 32268.8423, -30841.6686, 1.31126048e-23, -30442.9862, -10828.9956, -2.77429756e-23, -10700.5969, 0, 1.20032469e-08, 1.20032469e-08, 1.60630417e+09, 1.60379271e+09, -19242.1574, 0.27, 3.332, -2492211.2, -30841.6686, -10828.9956, 0, 2.31630787e+18, 0, 0, 2e+18, 2e+18
17.375, 0, 0, 6.50602654e+18, 0, 9.10389339e-22, 3.718e+18, 6.44e+20, 4.85, 4, 999.135066, 13.2072518, 0.0195948331, 49630.1762, 0, 3.20230114e+17, 5.48202649e-11, 32687.5461, -996.839313, -999.776847, 6.50602654e+18, 8.8361492e+13, -49626.0736, -638.131466, 300.057161, 13.5141102, 13.2072518, 0.021502983, 0.0195948331, 6.50602654e+18, 3.06857148e-23, 32687.5461, 0.153095551, 32268.8423, -30841.6686, 1.31126048e-23, -30442.9862, -10828.9956, -2.77429755e-23, -10700.5969, 0, 1.20032469e-08, 1.20032469e-08, 1.60630417e+09, 1.60379271e+09, -19242.1574, 0.27, 3.332, -2492211.2, -30841.6686, -10828.9956, 0, 2.31630787e+18, 0, 0, 2e+18, 2e+18
17.5, 0, 0, 7.48763568e+18, 0, 9.08727921e-22, 3.718e+18, 6.44e+20, 4.85, 4, 999.706822, 12.7975838, 0.0170592368, 44485.0224, 0, 3.78930829e+17, 2.00475287e-16, 32353.9447, -997.406572, -1000.02495, 7.48763568e+18, 3.78692109e+13, -44424.9913, 2310.27341, 300.051317, 13.0168258, 12.7975838, 0.0184162238, 0.0170592368, 7.48763568e+18, 1.36097542e-28, 32353.9447, 0.184699046, 31996.7881, -31119.8011, -1.41953431e-32, -30775.1447, -8850.74688, -1.36097543e-28, -8756.99255, 0, 1.20029149e-08, 1.20029149e-08, 1.44569696e+09, 1.44430847e+09, -25209.157, 0.27, 3.332, -1363275.72, -31119.8011, -8850.74688, 0, 2.37541243e+18, 0, 0, 2e+18, 2e+18
17.5, 0, 0, 7.48413568e+18, 0, 9.08727921e-22, 3.718e+18, 6.44e+20, 4.85, 4, 999.706822, 12.7975838, 0.0170592368, 44850.8356, 0, 3.78930829e+17, 2.0047529e-16, 32353.9447, -997.406572, -1000.02495, 7.48413568e+18, 3.78692109e+13, -43481.5129, -10997.9769, 300.051317, 13.0168258, 12.7975838, 0.0184162238, 0.0170592368, 7.48413568e+18, 1.36097544e-28, 32353.9447, 0.184699046, 31996.7881, -31119.8011, -1.41945977e-32, -30775.1447, -8850.74688, -1.36097543e-28, -8756.99255, 0, 1.20029149e-08, 1.20029149e-08, 1.44569696e+09, 1.44430847e+09, -25209.157, 0.27, 3.332, -1363275.72, -31119.8011, -8850.74688, 0, 2.37541243e+18, 0, 0, 2e+18, 2e+18
17.625, 0, 0, 8.34898331e+18, 0, 9.06785334e-22, 3.718e+18, 6.44e+20, 4.85, 4, 1000.2221, 12.5145958, 0.0153133951, 35843.6681, 0, 4.28166866e+17, 1.24229822e-17, 33214.5302, -997.918572, -1000.46837, 8.34898331e+18, 1.00984562e+14, -35451.2714, -5289.22489, 300.044471, 12.6688013, 12.5145958, 0.0162647426, 0.0153133951, 8.34898331e+18, 7.26194906e-30, 33214.5302, 0.195121463, 32891.4717, -32894.3753, -3.09875874e-30, -32573.6569, -4600.55359, -6.56761745e-30, -4561.3361, 0, 1.2002526e-08, 1.2002526e-08, 1.26535088e+09, 1.26757572e+09, -29511.8702, 0.27, 3.332, 2254342.75, -32894.3753, -4600.55359, 0, 2.42583395e+18, 0, 0, 2e+18, 2e+18
17.625, 0, 0, 8.35248331e+18, 0, 9.06785334e-22, 3.718e+18, 6.44e+20, 4.85, 4, 1000.2221, 12.5145958, 0.0153133951, 40489.5792, 0, 4.28166866e+17, 1.24229823e-17, 33214.5302, -997.918572, -1000.46837, 8.35248331e+18, 1.00984562e+14, -40126.9802, 5406.61505, 300.044471, 12.6688013, 12.5145958, 0.0162647426, 0.0153133951, 8.35248331e+18, 7.26194909e-30, 33214.5302, 0.195121463, 32891.4717, -32894.3753, -3.09875874e-30, -32573.6569, -4600.55359, -6.56761745e-30, -4561.3361, 0, 1.2002526e-08, 1.2002526e-08, 1.26535088e+09, 1.26757572e+09, -29511.8702, 0.27, 3.332, 2254342.75, -32894.3753, -4600.55359, 0, 2.42583395e+18, 0, 0, 2e+18, 2e+18
17.75, 0, 0, 9.0307815e+18, 0, 9.05263658e-22, 3.718e+18, 6.44e+20, 4.85, 4, 1000.68826, 12.3297634, 0.0141756036, 37424.3613, 0, 4.65619675e+17, 1.57907516e-18, 31220.7297, -998.382469, -1000.88124, 9.0307815e+18, 1.51476843e+14, -36275.3958, 9202.09089, 300.039098, 12.4337504, 12.3297634, 0.014815729, 0.0141756036, 9.0307815e+18, 8.4579537e-31, 31220.7297, 0.208045008, 30942.3312, -31219.9265, -6.98944262e-35, -30941.563, -223.949542, -8.45795367e-31, -218.030343, 0, 1.20022208e-08, 1.20022208e-08, 1.10500388e+09, 1.11000504e+09, -29645.8904, 0.27, 3.332, 5030802.21, -31219.9265, -223.949542, 0, 2.46317101e+18, 0, 0, 2e+18, 2e+18
17.75, 0, 0, 9.0272815e+18, 0, 9.05263658e-22, 3.718e+18, 6.44e+20, 4.85, 4, 1000.68826, 12.3297634, 0.0141756036, 35358.7746, 0, 4.65619675e+17, 1.57907516e-18, 31220.7297, -998.382469, -1000.88124, 9.0272815e+18, 1.51476843e+14, -35358.2099, -199.82799, 300.039098, 12.4337504, 12.3297634, 0.014815729, 0.0141756036, 9.0272815e+18, 8.4579537e-31, 31220.7297, 0.208045008, 30942.3312, -31219.9265, -6.98944262e-35, -30941.563, -223.949542, -8.45795367e-31, -218.030343, 0, 1.20022208e-08, 1.20022208e-08, 1.10500388e+09, 1.11000504e+09, -29645.8904, 0.27, 3.332, 5030802.21, -31219.9265, -223.949542, 0, 2.46317101e+18, 0, 0, 2e+18, 2e+18
17.875, 0, 0, 9.4604378e+18, 0, 9.03150461e-22, 3.718e+18, 6.44e+20, 4.85, 4, 1001.10606, 12.2253097, 0.0135334768, 28176.5768, 0, 4.88706133e+17, 5.36978266e-23, 29612.7641, -998.798955, -1001.03307, 9.4604378e+18, 1.51476843e+14, -27848.1443, 4289.56155, 300.031622, 12.288404, 12.2253097, 0.0139213482, 0.0135334768, 9.4604378e+18, 4.02181715e-35, 29612.7641, 0.198552473, 29359.4977, -29413.4623, -1.66984146e-35, -29162.3799, 3429.87379, -3.65877612e-35, 3396.42526, 0, 1.20017962e-08, 1.20017962e-08, 897163934, 905228408, -31466.0633, 0.27, 3.332, 8095939.52, -29413.4623, 3429.87379, 0, 2.48734374e+18, 0, 0, 2e+18, 2e+18
17.875, 0, 0, 9.4639378e+18, 0, 9.03150461e-22, 3.718e+18, 6.44e+20, 4.85, 4, 1001.10606, 12.2253097, 0.0135334768, 34747.1747, 0, 4.88706133e+17, 5.36978266e-23, 29612.7641, -998.798955, -1001.03307, 9.4639378e+18, 1.51476843e+14, -31929.9729, 13705.5821, 300.031622, 12.288404, 12.2253097, 0.0139213482, 0.0135334768, 9.4639378e+18, 4.02181715e-35, 29612.7641, 0.198552473, 29359.4977, -29413.4623, -1.66984146e-35, -29162.3799, 3429.87379, -3.65877612e-35, 3396.42526, 0, 1.20017962e-08, 1.20017962e-08, 897163934, 905228408, -31466.0633, 0.27, 3.332, 8095939.52, -29413.4623, 3429.87379, 0, 2.48734374e+18, 0, 0, 2e+18, 2e+18
18, 0, 0, 9.61289439e+18, 0, 9.00742787e-22, 3.718e+18, 6.44e+20, 4.85, 4, 1001.45606, 12.1915208, 0.0133258952, 31770.5456, 0, 4.96606254e+17, 4.83812519e-26, 24552.3846, -999.148519, -1001.20186, 9.61289439e+18, 1.00984562e+14, -25912.8006, 18381.9022, 300.023083, 12.2189472, 12.1915208, 0.0134943887, 0.0133258952, 9.61289439e+18, 3.53550957e-38, 24552.3846, 0.190779605, 24350.8439, -23494.1706, -1.46228894e-42, -23302.1056, 7130.46567, -3.53550956e-38, 7069.33332, 0, 1.20013111e-08, 1.20013111e-08, 644697915, 656930442, -27461.021, 0.27, 3.332, 12259987.3, -23494.1706, 7130.46567, 0, 2.49517088e+18, 0, 0, 2e+18, 2e+18
18, 0, 0, 9.60939439e+18, 0, 9.00742787e-22, 3.718e+18, 6.44e+20, 4.85, 4, 1001.45606, 12.1915208, 0.0133258952, 25657.6997, 0, 4.96606254e+17, 4.83812519e-26, 24552.3846, -999.148519, -1001.20186, 9.60939439e+18, 1.00984562e+14, -24403.3894, 7924.14928, 300.023083, 12.2189472, 12.1915208, 0.0134943887, 0.0133258952, 9.60939439e+18, 3.53550957e-38, 24552.3846, 0.190779605, 24350.8439, -23494.1706, -1.46228894e-42, -23302.1056, 7130.46567, -3.53550956e-38, 7069.33332, 0, 1.20013111e-08, 1.20013111e-08, 644697915, 656930442, -27461.021, 0.27, 3.332, 12259987.3, -23494.1706, 7130.46567, 0, 2.49517088e+18, 0, 0, 2e+18, 2e+18
18.125, 0, 0, 9.60939439e+18, 0, 8.98324822e-22, 3.718e+18, 6.44e+20, 4.85, 4, 1001.71614, 12.1915208, 0.0133258952, 19438.9569, 0, 4.96522606e+17, 2.52032682e-30, 19746.02, -999.408605, -1001.20704, 9.60939439e+18, 1.00984562e+14, -17091.1776, 9260.92294, 300.014485, 12.2019708, 12.1915208, 0.0133900843, 0.0133258952, 9.60939439e+18, 2.06103062e-42, 19746.02, 0.167883845, 19579.9663, -17994.6698, 5.08453482e-43, -17844.9137, 8130.01632, -1.99732878e-42, 8058.17195, 0, 1.20008228e-08, 1.20008228e-08, 407344812, 419207030, -21410.1715, 0.27, 3.332, 11883628.7, -17994.6698, 8130.01632, 0, 2.49529069e+18, 0, 0, 2e+18, 2e+18
18.125, 0, 0, 9.61289439e+18, 0, 8.98324822e-22, 3.718e+18, 6.44e+20, 4.85, 4, 1001.71614, 12.1915208, 0.0133258952, 27894.8923, 0, 4.96522606e+17, 2.52032682e-30, 19746.02, -999.408605, -1001.20704, 9.61289439e+18, 1.00984562e+14, -18794.7086, 20612.7133, 300.014485, 12.2019708, 12.1915208, 0.0133900843, 0.0133258952, 9.61289439e+18, 2.06103062e-42, 19746.02, 0.167883845, 19579.9663, -17994.6698, 5.08453482e-43, -17844.9137, 8130.01632, -1.99732878e-42, 8058.17195, 0, 1.20008228e-08, 1.20008228e-08, 407344812, 419207030, -21410.1715, 0.27, 3.332, 11883628.7, -17994.6698, 8130.01632, 0, 2.49529069e+18, 0, 0, 2e+18, 2e+18
18.25, 0, 0, 9.61289439e+18, 0, 8.9659195e-22, 3.718e+18, 6.44e+20, 4.85, 4, 1001.89823, 12.1915208, 0.0133258952, 23664.0723, 0, 4.96564507e+17, 3.51425995e-33, 14413.9049, -999.59069, -1001.21921, 9.61289439e+18, 1.64099914e+14, -12827.7205, 19885.6205, 300.008309, 12.2019708, 12.1915208, 0.0133900843, 0.0133258952, 9.61289439e+18, 2.93551494e-45, 14413.9049, 0.150723185, 14292.7126, -11763.2855, -2.12301006e-50, -11667.3009, 8329.81199, -2.93551494e-45, 8255.64797, 0, 1.2000472e-08, 1.2000472e-08, 228718657, 240192534, -18594.9634, 0.27, 3.332, 11492472.1, -11763.2855, 8329.81199, 0, 2.49497951e+18, 0, 0, 2e+18, 2e+18
18.25, 0, 0, 9.60939439e+18, 0, 8.9659195e-22, 3.718e+18, 6.44e+20, 4.85, 4, 1001.89823, 12.1915208, 0.0133258952, 15468.6528, 0, 4.96564507e+17, 3.51425995e-33, 14413.9049, -999.59069, -1001.21921, 9.60939439e+18, 1.64099914e+14, -12117.9421, 9614.29657, 300.008309, 12.2019708, 12.1915208, 0.0133900843, 0.0133258952, 9.60939439e+18, 2.93551494e-45, 14413.9049, 0.150723185, 14292.7126, -11763.2855, -2.12301006e-50, -11667.3009, 8329.81199, -2.93551494e-45, 8255.64797, 0, 1.2000472e-08, 1.2000472e-08, 228718657, 240192534, -18594.9634, 0.27, 3.332, 11492472.1, -11763.2855, 8329.81199, 0, 2.49497951e+18, 0, 0, 2e+18, 2e+18
18.375, 0, 0, 9.60939439e+18, 0, 8.95687699e-22, 3.718e+18, 6.44e+20, 4.85, 4, 1002.01909, 12.1915208, 0.0133258952, 12509.1855, 0, 4.9656279e+17, 9.88297991e-35, 11299.1014, -999.711549, -1001.24778, 9.60939439e+18, 1.51476843e+14, -8829.91628, 8860.71667, 300.005082, 12.2019708, 12.1915208, 0.0133900843, 0.0133258952, 9.60939439e+18, 1.05568139e-46, 11299.1014, 0.129135768, 11201.3779, -8711.20707, -3.04665736e-47, -8637.83773, 7196.14928, -1.01076307e-46, 7131.52346, 0, 1.20002887e-08, 1.20002887e-08, 142182477, 151005806, -14373.5335, 0.27, 3.332, 8837703.05, -8711.20707, 7196.14928, 0, 2.49490887e+18, 0, 0, 2e+18, 2e+18
18.375, 0, 0, 9.61289439e+18, 0, 8.95687699e-22, 3.718e+18, 6.44e+20, 4.85, 4, 1002.01909, 12.1915208, 0.0133258952, 20079.0949, 0, 4.9656279e+17, 9.88297991e-35, 11299.1014, -999.711549, -1001.24778, 9.61289439e+18, 1.51476843e+14, -8523.91936, 18180.0124, 300.005082, 12.2019708, 12.1915208, 0.0133900843, 0.0133258952, 9.61289439e+18, 1.05568139e-46, 11299.1014, 0.129135768, 11201.3779, -8711.20707, -3.04665736e-47, -8637.83773, 7196.14928, -1.01076307e-46, 7131.52346, 0, 1.20002887e-08, 1.20002887e-08, 142182477, 151005806, -14373.5335, 0.27, 3.332, 8837703.05, -8711.20707, 7196.14928, 0, 2.49490887e+18, 0, 0, 2e+18, 2e+18
18.5, 0, 0, 9.61289439e+18, 0, 8.9507924e-22, 3.718e+18, 6.44e+20, 4.85, 4, 1002.10142, 12.1915208, 0.0133258952, 17341.3185, 0, 4.96660308e+17, 1.15851076e-35, 8359.52936, -999.793868, -1001.27471, 9.61289439e+18, 5.04922811e+13, -5735.80142, 16365.2654, 300.002909, 12.2019708, 12.1915208, 0.0133900843, 0.0133258952, 9.61289439e+18, 1.26480089e-47, 8359.52936, 0.113968818, 8287.34694, -5334.77199, -5.32158545e-53, -5291.25371, 6435.98779, -1.26480089e-47, 6378.30334, 0, 1.20001652e-08, 1.20001652e-08, 78268794.9, 85920653.7, -12240.9329, 0.27, 3.332, 7664099.69, -5334.77199, 6435.98779, 0, 2.49447704e+18, 0, 0, 2e+18, 2e+18
18.5, 0, 0, 9.60939439e+18, 0, 8.9507924e-22, 3.718e+18, 6.44e+20, 4.85, 4, 1002.10142, 12.1915208, 0.0133258952, 9395.67295, 0, 4.96660308e+17, 1.15851076e-35, 8359.52936, -999.793868, -1001.27471, 9.60939439e+18, 5.04922811e+13, -5494.9798, 7621.27726, 300.002909, 12.2019708, 12.1915208, 0.0133900843, 0.0133258952, 9.60939439e+18, 1.26480089e-47, 8359.52936, 0.113968818, 8287.34694, -5334.77199, -5.32158545e-53, -5291.25371, 6435.98779, -1.26480089e-47, 6378.30334, 0, 1.20001652e-08, 1.20001652e-08, 78268794.9, 85920653.7, -12240.9329, 0.27, 3.332, 7664099.69, -5334.77199, 6435.98779, 0, 2.49447704e+18, 0, 0, 2e+18, 2e+18
18.625, 0, 0, 9.60939439e+18, 0, 8.94800746e-22, 3.718e+18, 6.44e+20, 4.85, 4, 1002.15647, 12.1915208, 0.0133258952, 7997.20777, 0, 4.96659306e+17, 1.00308477e-36, 6654.52518, -999.848917, -1001.26652, 9.60939439e+18, 5.04922811e+13, -4590.1822, 6548.7067, 300.001913, 12.2019708, 12.1915208, 0.0133900843, 0.0133258952, 9.60939439e+18, 1.1456913e-48, 6654.52518, 0.0984263165, 6596.14383, -4263.80882, 2.98163941e-49, -4227.78219, 5109.07425, -1.10621282e-48, 5063.09897, 0, 1.20001087e-08, 1.20001087e-08, 52041944.4, 57684147.6, -9212.68063, 0.27, 3.332, 5651415.91, -4263.80882, 5109.07425, 0, 2.4944571e+18, 0, 0, 2e+18, 2e+18
18.625, 0, 0, 9.61289439e+18, 0, 8.94800746e-22, 3.718e+18, 6.44e+20, 4.85, 4, 1002.15647, 12.1915208, 0.0133258952, 15393.5745, 0, 4.96659306e+17, 1.00308477e-36, 6654.52518, -999.848917, -1001.26652, 9.61289439e+18, 5.04922811e+13, -3890.78081, 14893.7557, 300.001913, 12.2019708, 12.1915208, 0.0133900843, 0.0133258952, 9.61289439e+18, 1.1456913e-48, 6654.52518, 0.0984263165, 6596.14383, -4263.80882, 2.98163941e-49, -4227.78219, 5109.07425, -1.10621282e-48, 5063.09897, 0, 1.20001087e-08, 1.20001087e-08, 52041944.4, 57684147.6, -9212.68063, 0.27, 3.332, 5651415.91, -4263.80882, 5109.07425, 0, 2.4944571e+18, 0, 0, 2e+18, 2e+18
18.75, 0, 0, 9.61289439e+18, 0, 8.94585828e-22, 3.718e+18, 6.44e+20, 4.85, 4, 1002.19549, 12.1915208, 0.0133258952, 13965.2608, 0, 4.96757211e+17, 1.43192111e-37, 5088.82244, -999.887931, -1001.25522, 9.61289439e+18, 5.04922811e+13, -2725.39287, 13696.7421, 300.001145, 12.2019708, 12.1915208, 0.0133900843, 0.0133258952, 9.61289439e+18, 1.58308959e-49, 5088.82244, 0.0874740987, 5044.34028, -2565.96241, 4.19924795e-55, -2545.15592, 4394.53646, -1.58308959e-49, 4355.17511, 0, 1.2000065e-08, 1.2000065e-08, 29167983.5, 33989724.9, -7772.75283, 0.27, 3.332, 4829514.15, -2565.96241, 4394.53646, 0, 2.49405754e+18, 0, 0, 2e+18, 2e+18
18.75, 0, 0, 9.60939439e+18, 0, 8.94585828e-22, 3.718e+18, 6.44e+20, 4.85, 4, 1002.19549, 12.1915208, 0.0133258952, 5899.02088, 0, 4.96757211e+17, 1.43192111e-37, 5088.82244, -999.887931, -1001.25522, 9.60939439e+18, 5.04922811e+13, -2642.55599, 5274.02552, 300.001145, 12.2019708, 12.1915208, 0.0133900843, 0.0133258952, 9.60939439e+18, 1.58308959e-49, 5088.82244, 0.0874740987, 5044.34028, -2565.96241, 4.19924795e-55, -2545.15592, 4394.53646, -1.58308959e-49, 4355.17511, 0, 1.2000065e-08, 1.2000065e-08, 29167983.5, 33989724.9, -7772.75283, 0.27, 3.332, 4829514.15, -2565.96241, 4394.53646, 0, 2.49405754e+18, 0, 0, 2e+18, 2e+18
18.875, 0, 0, 9.60939439e+18, 0, 8.94484255e-22, 3.718e+18, 6.44e+20, 4.85, 4, 1002.22253, 12.1915208, 0.0133258952, 5095.03007, 0, 4.96735756e+17, 2.73039196e-38, 4056.32684, -999.914977, -1001.23943, 9.60939439e+18, 1.51476843e+14, -2503.04742, 4437.80183, 300.000782, 12.2019708, 12.1915208, 0.0133900843, 0.0133258952, 9.60939439e+18, 3.34378621e-50, 4056.32684, 0.077252625, 4020.63281, -2231.37515, 1.40574806e-50, -2212.51577, 3387.44039, -3.0339378e-50, 3357.12111, 0, 1.20000444e-08, 1.20000444e-08, 19890812.8, 23434352.6, -5753.43371, 0.27, 3.332, 3549293.24, -2231.37515, 3387.44039, 0, 2.49413235e+18, 0, 0, 2e+18, 2e+18
18.875, 0, 0, 9.61289439e+18, 0, 8.94484255e-22, 3.718e+18, 6.44e+20, 4.85, 4, 1002.22253, 12.1915208, 0.0133258952, 12943.0886, 0, 4.96735756e+17, 2.73039196e-38, 4056.32684, -999.914977, -1001.23943, 9.61289439e+18, 1.51476843e+14, -1924.67854, 12799.1857, 300.000782, 12.2019708, 12.1915208, 0.0133900843, 0.0133258952, 9.61289439e+18, 3.34378621e-50, 4056.32684, 0.077252625, 4020.63281, -2231.37515, 1.40574806e-50, -2212.51577, 3387.44039, -3.0339378e-50, 3357.12111, 0, 1.20000444e-08, 1.20000444e-08, 19890812.8, 23434352.6, -5753.43371, 0.27, 3.332, 3549293.24, -2231.37515, 3387.44039, 0, 2.49413235e+18, 0, 0, 2e+18, 2e+18
19, 0, 0, 9.61289439e+18, 0, 8.94402952e-22, 3.718e+18, 6.44e+20, 4.85, 4, 1002.24254, 12.1915208, 0.0133258952, 12168.8369, 0, 4.96824835e+17, 3.23012332e-40, 3185.46591, -999.934984, -1001.14473, 9.61289439e+18, 1.00984562e+14, -1403.34798, 12087.6469, 300.000491, 12.2019708, 12.1915208, 0.0133900843, 0.0133258952, 9.61289439e+18, 3.80932287e-52, 3185.46591, 0.0697770759, 3157.71999, -1333.13668, 3.92620972e-56, -1322.41695, 2893.0848, -3.80932285e-52, 2867.47432, 0, 1.20000279e-08, 1.20000279e-08, 11364338, 14406595.6, -4810.60858, 0.27, 3.332, 3047068.26, -1333.13668, 2893.0848, 0, 2.49377867e+18, 0, 0, 2e+18, 2e+18
19, 0, 0, 9.60939439e+18, 0, 8.94402952e-22, 3.718e+18, 6.44e+20, 4.85, 4, 1002.24254, 12.1915208, 0.0133258952, 3771.61228, 0, 4.96824835e+17, 3.23012332e-40, 3185.46591, -999.934984, -1001.14473, 9.60939439e+18, 1.00984562e+14, -1372.75928, 3512.91776, 300.000491, 12.2019708, 12.1915208, 0.0133900843, 0.0133258952, 9.60939439e+18, 3.80932287e-52, 3185.46591, 0.0697770759, 3157.71999, -1333.13668, 3.92620972e-56, -1322.41695, 2893.0848, -3.80932285e-52, 2867.47432, 0, 1.20000279e-08, 1.20000279e-08, 11364338, 14406595.6, -4810.60858, 0.27, 3.332, 3047068.26, -1333.13668, 2893.0848, 0, 2.49377867e+18, 0, 0, 2e+18, 2e+18
19.125, 0, 0, 9.60939439e+18, 0, 8.94361472e-22, 3.718e+18, 6.44e+20, 4.85, 4, 1002.25685, 12.1915208, 0.0133258952, 3273.51879, 0, 4.96786278e+17, 1.2738884e-40, 2531.69223, -999.949293, -1001.13499, 9.60939439e+18, 6.31153514e+13, -1420.08203, 2949.45628, 300.000343, 12.2019708, 12.1915208, 0.0133900843, 0.0133258952, 9.60939439e+18, 1.54820715e-52, 2531.69223, 0.0632315381, 2509.58936, -1236.31427, 3.59509991e-53, -1225.94314, 2209.29685, -1.50588803e-52, 2189.77217, 0, 1.20000195e-08, 1.20000195e-08, 7803620.98, 10051095.1, -3547.91665, 0.27, 3.332, 2251022.08, -1236.31427, 2209.29685, 0, 2.49392518e+18, 0, 0, 2e+18, 2e+18
19.125, 0, 0, 9.61289439e+18, 0, 8.94361472e-22, 3.718e+18, 6.44e+20, 4.85, 4, 1002.25685, 12.1915208, 0.0133258952, 11600.8801, 0, 4.96786278e+17, 1.2738884e-40, 2531.69223, -999.949293, -1001.13499, 9.61289439e+18, 6.31153514e+13, -1022.81379, 11555.7029, 300.000343, 12.2019708, 12.1915208, 0.0133900843, 0.0133258952, 9.61289439e+18, 1.54820715e-52, 2531.69223, 0.0632315381, 2509.58936, -1236.31427, 3.59509991e-53, -1225.94314, 2209.29685, -1.50588776e-52, 2189.77217, 0, 1.20000195e-08, 1.20000195e-08, 7803620.98, 10051095.1, -3547.91665, 0.27, 3.332, 2251022.08, -1236.31427, 2209.29685, 0, 2.49392518e+18, 0, 0, 2e+18, 2e+18
19.25, 0, 0, 9.61289439e+18, 0, 8.94329467e-22, 3.718e+18, 6.44e+20, 4.85, 4, 1002.26773, 12.1915208, 0.0133258952, 11158.6438, 0, 4.96867495e+17, 5.23505324e-41, 2027.44327, -999.960172, -1001.12288, 9.61289439e+18, 1.51476843e+14, -761.971572, 11132.5977, 300.000228, 12.2019708, 12.1915208, 0.0133900843, 0.0133258952, 9.61289439e+18, 6.19971969e-53, 2027.44327, 0.058145731, 2009.93906, -726.683806, 1.3495727e-58, -720.899682, 1892.73792, -6.19971969e-53, 1876.20859, 0, 1.2000013e-08, 1.2000013e-08, 4554318.34, 6504069.21, -2959.7304, 0.27, 3.332, 1952710.6, -726.683806, 1892.73792, 0, 2.49360636e+18, 0, 0, 2e+18, 2e+18
19.25, 0, 0, 9.60939439e+18, 0, 8.94329467e-22, 3.718e+18, 6.44e+20, 4.85, 4, 1002.26773, 12.1915208, 0.0133258952, 2459.41851, 0, 4.96867495e+17, 5.23505324e-41, 2027.44327, -999.960172, -1001.12288, 9.60939439e+18, 1.51476843e+14, -748.222933, 2342.84055, 300.000228, 12.2019708, 12.1915208, 0.0133900843, 0.0133258952, 9.60939439e+18, 6.19971969e-53, 2027.44327, 0.058145731, 2009.93906, -726.683806, 1.34957269e-58, -720.899682, 1892.73792, -6.19971969e-53, 1876.20859, 0, 1.2000013e-08, 1.2000013e-08, 4554318.34, 6504069.21, -2959.7304, 0.27, 3.332, 1952710.6, -726.683806, 1892.73792, 0, 2.49360636e+18, 0, 0, 2e+18, 2e+18
19.375, 0, 0, 9.60939439e+18, 0, 8.94311577e-22, 3.718e+18, 6.44e+20, 4.85, 4, 1002.27556, 12.1915208, 0.0133258952, 2154.47267, 0, 4.96817175e+17, 1.92455405e-41, 1615.417, -999.967997, -1001.10484, 9.60939439e+18, 6.31153514e+13, -800.075127, 2000.40803, 300.000165, 12.2019708, 12.1915208, 0.0133900843, 0.0133258952, 9.60939439e+18, 2.52341548e-53, 1615.417, 0.0539456686, 1601.4498, -690.105633, 1.078433e-53, -684.378034, 1460.59108, -2.28136099e-53, 1447.84949, 0, 1.20000093e-08, 1.20000093e-08, 3165765.65, 4631196.89, -2213.31333, 0.27, 3.332, 1467644.56, -690.105633, 1460.59108, 0, 2.49380065e+18, 0, 0, 2e+18, 2e+18
19.375, 0, 0, 9.61289439e+18, 0, 8.94311577e-22, 3.718e+18, 6.44e+20, 4.85, 4, 1002.27556, 12.1915208, 0.0133258952, 10835.0371, 0, 4.96817175e+17, 1.92455405e-41, 1615.417, -999.967997, -1001.10484, 9.61289439e+18, 6.31153514e+13, -557.77553, 10820.6707, 300.000165, 12.2019708, 12.1915208, 0.0133900843, 0.0133258952, 9.61289439e+18, 2.52341548e-53, 1615.417, 0.0539456686, 1601.4498, -690.105633, 1.078433e-53, -684.378034, 1460.59108, -2.28136099e-53, 1447.84949, 0, 1.20000093e-08, 1.20000093e-08, 3165765.65, 4631196.89, -2213.31333, 0.27, 3.332, 1467644.56, -690.105633, 1460.59108, 0, 2.49380065e+18, 0, 0, 2e+18, 2e+18
19.5, 0, 0, 9.61289439e+18, 0, 8.94299171e-22, 3.718e+18, 6.44e+20, 4.85, 4, 1002.28149, 12.1915208, 0.0133258952, 10583.688, 0, 4.96892436e+17, 4.21240264e-45, 1337.21621, -999.973928, -1000.89292, 9.61289439e+18, 1.00984562e+14, -409.43182, 10575.7656, 300.00012, 12.2019708, 12.1915208, 0.0133900843, 0.0133258952, 9.61289439e+18, 4.7467833e-57, 1337.21621, 0.0503169279, 1325.73271, -388.726814, 3.79740687e-59, -385.653829, 1279.46812, -4.7466314e-57, 1268.39992, 0, 1.20000068e-08, 1.20000068e-08, 1964180.37, 3269753.99, -1898.14311, 0.27, 3.332, 1307471.76, -388.726814, 1279.46812, 0, 2.49350672e+18, 0, 0, 2e+18, 2e+18
19.5, 0, 0, 9.60939439e+18, 0, 8.94299171e-22, 3.718e+18, 6.44e+20, 4.85, 4, 1002.28149, 12.1915208, 0.0133258952, 1682.4908, 0, 4.96892436e+17, 4.21240264e-45, 1337.21621, -999.973928, -1000.89292, 9.60939439e+18, 1.00984562e+14, -400.229835, 1634.19441, 300.00012, 12.2019708, 12.1915208, 0.0133900843, 0.0133258952, 9.60939439e+18, 4.7467833e-57, 1337.21621, 0.0503169279, 1325.73271, -388.726814, 3.79740687e-59, -385.653829, 1279.46812, -4.7466314e-57, 1268.39992, 0, 1.20000068e-08, 1.20000068e-08, 1964180.37, 3269753.99, -1898.14311, 0.27, 3.332, 1307471.76, -388.726814, 1279.46812, 0, 2.49350672e+18, 0, 0, 2e+18, 2e+18
19.625, 0, 0, 9.60939439e+18, 0, 8.94291235e-22, 3.718e+18, 6.44e+20, 4.85, 4, 1002.28556, 12.1915208, 0.0133258952, 1510.51338, 0, 4.96834446e+17, 2.40173576e-45, 1085.06783, -999.978001, -1000.88246, 9.60939439e+18, 2.01969125e+14, -410.023825, 1453.79886, 300.000092, 12.2019708, 12.1915208, 0.0133900843, 0.0133258952, 9.60939439e+18, 2.80387586e-57, 1085.06783, 0.047473888, 1075.7396, -352.561669, 5.40626556e-58, -349.649314, 1026.19319, -2.7512621e-57, 1017.33035, 0, 1.20000052e-08, 1.20000052e-08, 1422540.19, 2445664.27, -1477.30966, 0.27, 3.332, 1024601.39, -352.561669, 1026.19319, 0, 2.4937317e+18, 0, 0, 2e+18, 2e+18
19.625, 0, 0, 9.61289439e+18, 0, 8.94291235e-22, 3.718e+18, 6.44e+20, 4.85, 4, 1002.28556, 12.1915208, 0.0133258952, 10408.2988, 0, 4.96834446e+17, 2.40173582e-45, 1085.06783, -999.978001, -1000.88246, 9.61289439e+18, 2.01969125e+14, -284.238497, 10404.417, 300.000092, 12.2019708, 12.1915208, 0.0133900843, 0.0133258952, 9.61289439e+18, 2.80387593e-57, 1085.06783, 0.047473888, 1075.7396, -352.561669, 5.40626557e-58, -349.649314, 1026.19319, -2.7512621e-57, 1017.33035, 0, 1.20000052e-08, 1.20000052e-08, 1422540.19, 2445664.27, -1477.30966, 0.27, 3.332, 1024601.39, -352.561669, 1026.19319, 0, 2.4937317e+18, 0, 0, 2e+18, 2e+18
19.75, 0, 0, 9.61289439e+18, 0, 8.94287035e-22, 3.718e+18, 6.44e+20, 4.85, 4, 1002.28843, 12.1915208, 0.0133258952, 10279.1968, 0, 4.96905356e+17, 1.44648227e-45, 965.811296, -999.980865, -1000.87222, 9.61289439e+18, 1.00984562e+14, -185.706162, 10277.5192, 300.000077, 12.2019708, 12.1915208, 0.0133900843, 0.0133258952, 9.61289439e+18, 1.65794401e-57, 965.811296, 0.0445740733, 957.54158, -170.88184, 3.31568144e-63, -169.534056, 950.573962, -1.65794401e-57, 942.413965, 0, 1.20000044e-08, 1.20000044e-08, 1020623.67, 1987550.74, -1357.31559, 0.27, 3.332, 968284.383, -170.88184, 950.573962, 0, 2.49345541e+18, 0, 0, 2e+18, 2e+18
19.75, 0, 0, 9.60939439e+18, 0, 8.94287035e-22, 3.718e+18, 6.44e+20, 4.85, 4, 1002.28843, 12.1915208, 0.0133258952, 1270.47265, 0, 4.96905356e+17, 1.44648227e-45, 965.811296, -999.980865, -1000.87222, 9.60939439e+18, 1.00984562e+14, -175.934093, 1258.23208, 300.000077, 12.2019708, 12.1915208, 0.0133900843, 0.0133258952, 9.60939439e+18, 1.65794401e-57, 965.811296, 0.0445740733, 957.54158, -170.88184, 3.31568146e-63, -169.534056, 950.573962, -1.65794401e-57, 942.413965, 0, 1.20000044e-08, 1.20000044e-08, 1020623.67, 1987550.74, -1357.31559, 0.27, 3.332, 968284.383, -170.88184, 950.573962, 0, 2.49345541e+18, 0, 0, 2e+18, 2e+18
19.875, 0, 0, 9.60939439e+18, 0, 8.94283872e-22, 3.718e+18, 6.44e+20, 4.85, 4, 1002.28996, 12.1915208, 0.0133258952, 1211.6464, 0, 4.96842155e+17, 6.33379927e-46, 834.215237, -999.982399, -1000.8524, 9.60939439e+18, 6.31153514e+13, -126.697383, 1205.00405, 300.000065, 12.2019708, 12.1915208, 0.0133900843, 0.0133258952, 9.60939439e+18, 8.02866947e-58, 834.215237, 0.0423910847, 827.057772, -108.759641, 3.42926692e-58, -107.866178, 827.095159, -7.25945328e-58, 819.993565, 0, 1.20000037e-08, 1.20000037e-08, 839987.488, 1662966.27, -1153.03581, 0.27, 3.332, 824131.819, -108.759641, 827.095159, 0, 2.49370106e+18, 0, 0, 2e+18, 2e+18
19.875, 0, 0, 9.61289439e+18, 0, 8.94283872e-22, 3.718e+18, 6.44e+20, 4.85, 4, 1002.28996, 12.1915208, 0.0133258952, 10205.9466, 0, 4.96842155e+17, 6.33379927e-46, 834.215237, -999.982399, -1000.8524, 9.61289439e+18, 6.31153514e+13, -94.3226734, 10205.5107, 300.000065, 12.2019708, 12.1915208, 0.0133900843, 0.0133258952, 9.61289439e+18, 8.02866947e-58, 834.215237, 0.0423910847, 827.057772, -108.759641, 3.42926692e-58, -107.866178, 827.095159, -7.25945328e-58, 819.993565, 0, 1.20000037e-08, 1.20000037e-08, 839987.488, 1662966.27, -1153.03581, 0.27, 3.332, 824131.819, -108.759641, 827.095159, 0, 2.49370106e+18, 0, 0, 2e+18, 2e+18
20, 0, 0, 9.61289439e+18, 0, 8.9428377e-22, 3.718e+18, 6.44e+20, 4.85, 4, 1002.29055, 12.1915208, 0.0133258952, 10173.073, 0, 4.96909362e+17, 9.22175756e-49, 847.783816, -999.982989, -1000.68413, 9.61289439e+18, 1.00984562e+14, -44.1836528, 10172.9771, 300.000065, 12.2019708, 12.1915208, 0.0133900843, 0.0133258952, 9.61289439e+18, 7.20385566e-61, 847.783816, 0.0386427138, 840.519989, -45.8648952, 2.77396648e-63, -45.5042924, 846.542267, -7.20380225e-61, 839.287323, 0, 1.20000037e-08, 1.20000037e-08, 783613.678, 1644593.01, -1192.23429, 0.27, 3.332, 862171.57, -45.8648952, 846.542267, 0, 2.49343954e+18, 0, 0, 2e+18, 2e+18
20, 0, 0, 9.60939439e+18, 0, 8.9428377e-22, 3.718e+18, 6.44e+20, 4.85, 4, 1002.29055, 12.1915208, 0.0133258952, 1140.94637, 0, 4.96909362e+17, 9.22175756e-49, 847.783816, -999.982989, -1000.68413, 9.60939439e+18, 1.00984562e+14, -47.5088752, 1139.9568, 300.000065, 12.2019708, 12.1915208, 0.0133900843, 0.0133258952, 9.60939439e+18, 7.20385566e-61, 847.783816, 0.0386427138, 840.519989, -45.8648952, 2.77396648e-63, -45.5042924, 846.542267, -7.20380225e-61, 839.287323, 0, 1.20000037e-08, 1.20000037e-08, 783613.678, 1644593.01, -1192.23429, 0.27, 3.332, 862171.57, -45.8648952, 846.542267, 0, 2.49343954e+18, 0, 0, 2e+18, 2e+18
