"depth", "composition x", "composition y", "donor conc", "acceptor conc", "ni", "nc", "nv", "eg", "electron affinity", "potential", "e- mobility", "h+ mobility", "electric field", "impact gen rate", "electron conc", "hole conc", "cond. current density", "electron qfl", "hole qfl", "net doping", "recombination rate", "e field x", "e field y", "lattice temperature", "e- mobility x", "e- mobility y", "h+ mobility x", "h+ mobility y", "total doping", "h+ current density", "e- current density", "current flowlines", "total current density", "je- x", "jh+ x", "jtot x", "je- y", "jh+ y", "jtot y", "seu generation rate", "e- srh tno", "h+ srh tno", "joule heat power", "total heat power", "rec heat power", "heat conductivity", "heat capacity", "peltier-thomson heat power", "cond current x", "cond current y", "ionized acceptor concentration", "ionized donor concentration", "e- ionization coefficient", "h+ ionization coefficient", "acceptor trap dos #1", "acceptor trap ionized density #1"
-1.77635684e-15, 0, 0, 1e+19, 0, 8.94252143e-22, 3.718e+18, 6.44e+20, 4.85, 4, 2.34458607, 12.1176504, 0.0128722772, 8973.55175, 0, 1.80985849e+18, 4.15271084e-19, 17.8203286, -5.63101088e-06, -1.33734577, 1e+19, 3.47785405e-11, 0.00356304341, 8973.55175, 299.999952, 12.1176506, 12.1176505, 0.0128722772, 0.0128722772, 1e+19, 1.81525111e-35, 17.8203286, 0.593552939, 17.7588314, 0.00424271202, -1.08732807e-37, 0.00423727067, -17.8203277, -1.81520701e-35, -17.7588305, 0, 1.19999973e-08, 1.19999973e-08, 124.903161, -62591.6871, 111.034375, 0.27, 3.332, -62827.6245, 0.00424271202, -17.8203277, 0, 7.65558635e+17, 0, 0, 0, 0
0.0666666667, 0, 0, 1e+19, 0, 8.94252149e-22, 3.718e+18, 6.44e+20, 4.85, 4, 2.34458605, 12.1176504, 0.0128722772, 10176.809, 0, 1.80985848e+18, 4.40763941e-19, 17.7766742, -5.60860075e-06, -1.33816719, 1e+19, 3.6913542e-11, -0.00186113024, 10176.809, 299.999952, 12.1176506, 12.1176505, 0.0128722772, 0.0128722772, 1e+19, 1.90000628e-35, 17.7766742, 0.593670115, 17.7152241, -0.00294037447, -2.09708394e-37, -0.0029359499, -17.7766738, -1.89985199e-35, -17.7152237, 0, 1.19999973e-08, 1.19999973e-08, 124.289213, -62342.0258, 110.886801, 0.27, 3.332, -62577.2016, -0.00294037447, -17.7766738, 0, 7.6555864e+17, 0, 0, 0, 0
0.125, 0, 0, 1e+19, 0, 8.94252153e-22, 3.718e+18, 6.44e+20, 4.85, 4, 2.34458605, 12.1176504, 0.0128722772, 10176.8059, 0, 1.80985848e+18, 4.40763941e-19, 17.7477041, -5.60860075e-06, -1.33816719, 1e+19, 3.6913542e-11, -0.00391230971, 10176.8059, 299.999952, 12.1176506, 12.1176505, 0.0128722772, 0.0128722772, 1e+19, 1.92915017e-35, 17.7477041, 0.593777698, 17.6862967, -0.00294331888, -2.09708394e-37, -0.0029388943, -17.7477037, -1.92899588e-35, -17.6862963, 0, 1.19999973e-08, 1.19999973e-08, 123.882415, -62342.4326, 110.886801, 0.27, 3.332, -62577.2016, -0.00294331888, -17.7477037, 0, 7.6555864e+17, 0, 0, 0, 0
0.191666667, 0, 0, 1e+19, 0, 8.9425212e-22, 3.718e+18, 6.44e+20, 4.85, 4, 2.34458611, 12.1176504, 0.0128722772, 10176.7828, 0, 1.80985851e+18, 5.13601215e-19, 17.8494988, -5.6620736e-06, -1.34027591, 1e+19, 4.30135914e-11, -0.00316363004, 10176.7828, 299.999952, 12.1176506, 12.1176505, 0.0128722772, 0.0128722772, 1e+19, 2.16872017e-35, 17.8494988, 0.594265163, 17.7879711, -0.00585355114, -3.48600067e-37, -0.00584519887, -17.8494972, -2.16835516e-35, -17.7879695, 0, 1.19999973e-08, 1.19999973e-08, 125.311516, -62937.6742, 111.211972, 0.27, 3.332, -63174.1979, -0.00585355114, -17.8494972, 0, 7.65558627e+17, 0, 0, 0, 0
0.25, 0, 0, 1e+19, 0, 8.94252095e-22, 3.718e+18, 6.44e+20, 4.85, 4, 2.34458611, 12.1176504, 0.0128722772, 10176.7647, 0, 1.80985851e+18, 5.13601215e-19, 17.9186265, -5.6620736e-06, -1.34027591, 1e+19, 4.30135914e-11, -0.00210033051, 10176.7647, 299.999952, 12.1176506, 12.1176505, 0.0128722772, 0.0128722772, 1e+19, 2.25199161e-35, 17.9186265, 0.594508995, 17.85709, -0.00585561401, -3.48600067e-37, -0.00584726174, -17.9186249, -2.25162661e-35, -17.8570884, 0, 1.19999973e-08, 1.19999973e-08, 126.284886, -62936.7008, 111.211972, 0.27, 3.332, -63174.1979, -0.00585561401, -17.9186249, 0, 7.65558626e+17, 0, 0, 0, 0
0.316666667, 0, 0, 1e+19, 0, 8.94252075e-22, 3.718e+18, 6.44e+20, 4.85, 4, 2.34458611, 12.1176505, 0.0128722772, 10176.7453, 0, 1.80985851e+18, 6.04218693e-19, 17.932491, -5.67039872e-06, -1.34251628, 1e+19, 5.06027152e-11, -0.00553122477, 10176.7453, 299.999952, 12.1176506, 12.1176506, 0.0128722772, 0.0128722772, 1e+19, 2.54654108e-35, 17.932491, 0.59516559, 17.8709365, -0.00877161902, -4.87983449e-37, -0.0087605091, -17.9324873, -2.54593332e-35, -17.8709329, 0, 1.19999973e-08, 1.19999973e-08, 126.474985, -63029.0011, 111.216801, 0.27, 3.332, -63266.6928, -0.00877161902, -17.9324873, 0, 7.65558624e+17, 0, 0, 0, 0
0.375, 0, 0, 1e+19, 0, 8.94252059e-22, 3.718e+18, 6.44e+20, 4.85, 4, 2.34458611, 12.1176505, 0.0128722772, 10176.7295, 0, 1.80985851e+18, 6.04218693e-19, 17.9432544, -5.67039872e-06, -1.34251628, 1e+19, 5.06027152e-11, -0.00731988536, 10176.7295, 299.999951, 12.1176506, 12.1176506, 0.0128722772, 0.0128722772, 1e+19, 2.65013861e-35, 17.9432544, 0.595500091, 17.8817988, -0.00877370909, -4.87983449e-37, -0.00876259917, -17.9432508, -2.64953085e-35, -17.8817951, 0, 1.19999973e-08, 1.19999973e-08, 126.627375, -63028.8487, 111.216801, 0.27, 3.332, -63266.6928, -0.00877370909, -17.9432508, 0, 7.65558623e+17, 0, 0, 0, 0
0.441666667, 0, 0, 1e+19, 0, 8.94251998e-22, 3.718e+18, 6.44e+20, 4.85, 4, 2.3445862, 12.1176505, 0.0128722772, 10176.6862, 0, 1.80985856e+18, 7.42409904e-19, 18.1027183, -5.75466757e-06, -1.34535617, 1e+19, 6.21760917e-11, -0.00643438434, 10176.6862, 299.999951, 12.1176506, 12.1176506, 0.0128722772, 0.0128722772, 1e+19, 3.10409363e-35, 18.1027183, 0.596312755, 18.0410966, -0.0114744308, -6.40061989e-37, -0.0114623114, -18.1027122, -3.1032447e-35, -18.0410906, 0, 1.19999972e-08, 1.19999972e-08, 128.89404, -63966.7639, 111.635732, 0.27, 3.332, -64207.2939, -0.0114744308, -18.1027122, 0, 7.65558602e+17, 0, 0, 0, 0
0.5, 0, 0, 1e+19, 0, 8.94251953e-22, 3.718e+18, 6.44e+20, 4.85, 4, 2.3445862, 12.1176505, 0.0128722772, 10176.654, 0, 1.80985856e+18, 7.42409904e-19, 18.2116584, -5.75466757e-06, -1.34535617, 1e+19, 6.21760917e-11, -0.00531744544, 10176.654, 299.999951, 12.1176506, 12.1176506, 0.0128722772, 0.0128722772, 1e+19, 3.26208209e-35, 18.2116584, 0.596729978, 18.1501343, -0.0114765391, -6.40061989e-37, -0.0114644196, -18.2116523, -3.26123315e-35, -18.1501283, 0, 1.19999972e-08, 1.19999972e-08, 130.449013, -63965.2089, 111.635732, 0.27, 3.332, -64207.2939, -0.0114765391, -18.2116523, 0, 7.65558601e+17, 0, 0, 0, 0
0.566666667, 0, 0, 1e+19, 0, 8.94251905e-22, 3.718e+18, 6.44e+20, 4.85, 4, 2.34458624, 12.1176505, 0.0128722772, 10176.6154, 0, 1.80985857e+18, 9.04334427e-19, 18.27887, -5.79151328e-06, -1.3480765, 1e+19, 7.57371099e-11, -0.00867543153, 10176.6154, 299.999951, 12.1176506, 12.1176506, 0.0128722772, 0.0128722772, 1e+19, 3.79349696e-35, 18.27887, 0.597696319, 18.217311, -0.0141574623, -8.1850352e-37, -0.0141471768, -18.2788608, -3.79235921e-35, -18.2173017, 0, 1.19999972e-08, 1.19999972e-08, 131.407217, -64374.9396, 111.645625, 0.27, 3.332, -64617.9925, -0.0141574623, -18.2788608, 0, 7.65558591e+17, 0, 0, 0, 0
0.625, 0, 0, 1e+19, 0, 8.94251868e-22, 3.718e+18, 6.44e+20, 4.85, 4, 2.34458624, 12.1176505, 0.0128722772, 10176.5862, 0, 1.80985857e+18, 9.04334427e-19, 18.3265047, -5.79151328e-06, -1.3480765, 1e+19, 7.57371099e-11, -0.0104592247, 10176.5862, 299.999951, 12.1176506, 12.1176506, 0.0128722772, 0.0128722772, 1e+19, 3.97861747e-35, 18.3265047, 0.598195775, 18.2652376, -0.0141596697, -8.1850352e-37, -0.0141493841, -18.3264954, -3.97747972e-35, -18.2652284, 0, 1.19999972e-08, 1.19999972e-08, 132.094344, -64374.2525, 111.645625, 0.27, 3.332, -64617.9925, -0.0141596697, -18.3264954, 0, 7.65558591e+17, 0, 0, 0, 0
0.691666667, 0, 0, 1e+19, 0, 8.94251779e-22, 3.718e+18, 6.44e+20, 4.85, 4, 2.34458635, 12.1176505, 0.0128722772, 10176.5242, 0, 1.80985863e+18, 1.12619183e-18, 18.538967, -5.90409243e-06, -1.35110162, 1e+19, 9.4317448e-11, -0.00947845848, 10176.5242, 299.999951, 12.1176506, 12.1176506, 0.0128722772, 0.0128722772, 1e+19, 4.71568469e-35, 18.538967, 0.599321025, 18.4775639, -0.0167066391, -9.50995072e-37, -0.0167013808, -18.5389544, -4.7144563e-35, -18.4775512, 0, 1.19999972e-08, 1.19999972e-08, 135.184162, -65627.3543, 111.926627, 0.27, 3.332, -65874.4651, -0.0167066391, -18.5389544, 0, 7.65558562e+17, 0, 0, 0, 0
0.75, 0, 0, 1e+19, 0, 8.94251713e-22, 3.718e+18, 6.44e+20, 4.85, 4, 2.34458635, 12.1176505, 0.0128722772, 10176.4789, 0, 1.80985863e+18, 1.12619183e-18, 18.6845069, -5.90409243e-06, -1.35110162, 1e+19, 9.4317448e-11, -0.00832820765, 10176.4789, 299.99995, 12.1176507, 12.1176506, 0.0128722772, 0.0128722772, 1e+19, 4.96932795e-35, 18.6845069, 0.599906137, 18.6235393, -0.0167089857, -9.50995072e-37, -0.0167037274, -18.6844943, -4.96809956e-35, -18.6235267, 0, 1.19999972e-08, 1.19999972e-08, 137.310734, -65625.2278, 111.926627, 0.27, 3.332, -65874.4651, -0.0167089857, -18.6844943, 0, 7.65558561e+17, 0, 0, 0, 0
0.816666667, 0, 0, 1e+19, 0, 8.94251635e-22, 3.718e+18, 6.44e+20, 4.85, 4, 2.34458641, 12.1176506, 0.0128722772, 10176.4208, 0, 1.80985867e+18, 1.35023748e-18, 18.8018575, -5.96783141e-06, -1.35360332, 1e+19, 1.13081049e-10, -0.0123614159, 10176.4208, 299.99995, 12.1176507, 12.1176507, 0.0128722772, 0.0128722772, 1e+19, 5.70944874e-35, 18.8018575, 0.601201849, 18.7409375, -0.0203912237, -1.13668834e-36, -0.0203941909, -18.8018388, -5.70798753e-35, -18.7409189, 0, 1.19999972e-08, 1.19999972e-08, 139.034276, -66334.5099, 111.634275, 0.27, 3.332, -66585.1787, -0.0203912237, -18.8018388, 0, 7.65558544e+17, 0, 0, 0, 0
0.875, 0, 0, 1e+19, 0, 8.94251575e-22, 3.718e+18, 6.44e+20, 4.85, 4, 2.34458641, 12.1176506, 0.0128722772, 10176.377, 0, 1.80985867e+18, 1.35023748e-18, 18.8842602, -5.96783141e-06, -1.35360332, 1e+19, 1.13081049e-10, -0.0144275478, 10176.377, 299.99995, 12.1176507, 12.1176507, 0.0128722772, 0.0128722772, 1e+19, 5.96559295e-35, 18.8842602, 0.601879011, 18.8241942, -0.0203942192, -1.13668834e-36, -0.0203971864, -18.8842416, -5.96413174e-35, -18.8241756, 0, 1.19999972e-08, 1.19999972e-08, 140.25646, -66333.2877, 111.634275, 0.27, 3.332, -66585.1787, -0.0203942192, -18.8842416, 0, 7.65558543e+17, 0, 0, 0, 0
0.941666667, 0, 0, 1e+19, 0, 8.94251447e-22, 3.718e+18, 6.44e+20, 4.85, 4, 2.34458657, 12.1176506, 0.0128722772, 10176.2838, 0, 1.80985875e+18, 1.65915729e-18, 19.1689146, -6.11929547e-06, -1.35644415, 1e+19, 1.38952777e-10, -0.0169455569, 10176.2838, 299.99995, 12.1176507, 12.1176507, 0.0128722772, 0.0128722772, 1e+19, 7.00198281e-35, 19.1689146, 0.603363135, 19.1088489, -0.0291341904, -1.35972199e-36, -0.0291418319, -19.1688776, -7.00028895e-35, -19.1088117, 0, 1.19999971e-08, 1.19999971e-08, 144.530838, -68019.3869, 111.444316, 0.27, 3.332, -68275.3621, -0.0291341904, -19.1688776, 0, 7.65558504e+17, 0, 0, 0, 0
1, 0, 0, 1e+19, 0, 8.94251351e-22, 3.718e+18, 6.44e+20, 4.85, 4, 2.34458657, 12.1176506, 0.0128722772, 10176.2117, 0, 1.80985875e+18, 1.65915729e-18, 19.3647245, -6.11929547e-06, -1.35644415, 1e+19, 1.38952777e-10, -0.0170539296, 10176.2117, 299.999949, 12.1176507, 12.1176507, 0.0128722772, 0.0128722772, 1e+19, 7.35516828e-35, 19.3647245, 0.604141862, 19.3060026, -0.029139012, -1.35972199e-36, -0.0291466535, -19.3646875, -7.35347441e-35, -19.3059654, 0, 1.19999971e-08, 1.19999971e-08, 147.487706, -68016.43, 111.444316, 0.27, 3.332, -68275.3621, -0.029139012, -19.3646875, 0, 7.65558502e+17, 0, 0, 0, 0
1.06666667, 0, 0, 1e+19, 0, 8.94251213e-22, 3.718e+18, 6.44e+20, 4.85, 4, 2.34458672, 12.1176506, 0.0128722772, 10176.0685, 0, 1.80985883e+18, 1.98776733e-18, 19.6524376, -6.27535451e-06, -1.35893579, 1e+19, 1.66473542e-10, -0.0362571689, 10176.0685, 299.999949, 12.1176507, 12.1176508, 0.0128722772, 0.0128722772, 1e+19, 8.45939153e-35, 19.6524376, 0.605839961, 19.5938435, -0.0596684735, -1.65819721e-36, -0.0596542996, -19.6522861, -8.45729628e-35, -19.5936916, 0, 1.19999971e-08, 1.19999971e-08, 151.900417, -69752.7682, 110.827031, 0.27, 3.332, -70015.496, -0.0596684735, -19.6522861, 0, 7.65558462e+17, 0, 0, 0, 0
1.125, 0, 0, 1e+19, 0, 8.94251105e-22, 3.718e+18, 6.44e+20, 4.85, 4, 2.34458672, 12.1176507, 0.0128722772, 10175.9451, 0, 1.80985883e+18, 1.98776733e-18, 19.8541869, -6.27535451e-06, -1.35893579, 1e+19, 1.66473542e-10, -0.0437455649, 10175.9451, 299.999948, 12.1176508, 12.1176508, 0.0128722772, 0.0128722772, 1e+19, 8.83509327e-35, 19.8541869, 0.606733756, 19.7978374, -0.0596789928, -1.65819721e-36, -0.0596648189, -19.8540354, -8.83299801e-35, -19.7976854, 0, 1.19999971e-08, 1.19999971e-08, 155.024475, -69749.6441, 110.827031, 0.27, 3.332, -70015.496, -0.0596789928, -19.8540354, 0, 7.6555846e+17, 0, 0, 0, 0
1.19166667, 0, 0, 1e+19, 0, 8.94250846e-22, 3.718e+18, 6.44e+20, 4.85, 4, 2.3445872, 12.1176507, 0.0128722772, 10175.5543, 0, 1.8098591e+18, 2.43658071e-18, 20.7348744, -6.74936683e-06, -1.36174324, 1e+19, 2.0406122e-10, -0.102134217, 10175.5543, 299.999947, 12.1176508, 12.1176509, 0.0128722772, 0.0128722772, 1e+19, 1.03682966e-34, 20.7348744, 0.608681901, 20.6781785, -0.168989257, -1.90555496e-36, -0.168841506, -20.7337435, -1.03660536e-34, -20.677046, 0, 1.1999997e-08, 1.1999997e-08, 169.235679, -75021.4788, 111.550528, 0.27, 3.332, -75302.2645, -0.168989257, -20.7337435, 0, 7.6555834e+17, 0, 0, 0, 0
1.25, 0, 0, 1e+19, 0, 8.94250647e-22, 3.718e+18, 6.44e+20, 4.85, 4, 2.3445872, 12.1176508, 0.0128722772, 10175.1996, 0, 1.8098591e+18, 2.43658071e-18, 21.3476507, -6.74936683e-06, -1.36174324, 1e+19, 2.0406122e-10, -0.121847567, 10175.1996, 299.999947, 12.1176509, 12.1176509, 0.0128722772, 0.0128722772, 1e+19, 1.08814665e-34, 21.3476507, 0.609710291, 21.2942842, -0.169016318, -1.90555496e-36, -0.168868566, -21.3465198, -1.08792236e-34, -21.2931517, 0, 1.1999997e-08, 1.1999997e-08, 179.206722, -75011.5077, 111.550528, 0.27, 3.332, -75302.2645, -0.169016318, -21.3465198, 0, 7.65558336e+17, 0, 0, 0, 0
1.31666667, 0, 0, 1e+19, 0, 8.94250172e-22, 3.718e+18, 6.44e+20, 4.85, 4, 2.34458853, 12.1176509, 0.0128722772, 10174.002, 0, 1.80985984e+18, 2.88094132e-18, 23.7765042, -8.06041451e-06, -1.36405432, 1e+19, 2.41275986e-10, -0.336126427, 10174.002, 299.999945, 12.117651, 12.117651, 0.0128722772, 0.0128722772, 1e+19, 1.24075584e-34, 23.7765042, 0.611961208, 23.7211045, -0.552044633, -2.28723246e-36, -0.551380505, -23.7663788, -1.24048395e-34, -23.7109751, 0, 1.19999969e-08, 1.19999969e-08, 223.742134, -89580.5595, 117.157607, 0.27, 3.332, -89921.4592, -0.552044633, -23.7663788, 0, 7.6555801e+17, 0, 0, 0, 0
1.375, 0, 0, 1e+19, 0, 8.942498e-22, 3.718e+18, 6.44e+20, 4.85, 4, 2.34458853, 12.1176509, 0.0128722772, 10172.8804, 0, 1.80985983e+18, 2.88094132e-18, 25.4713348, -8.06041451e-06, -1.36405432, 1e+19, 2.41275986e-10, -0.411733979, 10172.8804, 299.999944, 12.117651, 12.1176511, 0.0128722772, 0.0128722772, 1e+19, 1.29157755e-34, 25.4713348, 0.613154046, 25.4205119, -0.552114851, -2.28723246e-36, -0.551450723, -25.4612094, -1.29130565e-34, -25.4103825, 0, 1.19999968e-08, 1.19999968e-08, 255.099399, -89549.2022, 117.157607, 0.27, 3.332, -89921.4592, -0.552114851, -25.4612094, 0, 7.65558003e+17, 0, 0, 0, 0
1.44166667, 0, 0, 1e+19, 0, 8.9424867e-22, 3.718e+18, 6.44e+20, 4.85, 4, 2.34459309, 12.1176512, 0.0128722772, 10168.8365, 0, 1.80986242e+18, 3.507741e-18, 33.8917344, -1.25818081e-05, -1.36677311, 1e+19, 2.93769858e-10, -1.1317644, 10168.8364, 299.999939, 12.1176512, 12.1176514, 0.0128722772, 0.0128722772, 1e+19, 1.51242147e-34, 33.8917344, 0.615791463, 33.8321426, -1.86050441, -2.77902739e-36, -1.85804186, -33.81789, -1.51209501e-34, -33.7583332, 0, 1.19999965e-08, 1.19999965e-08, 470.594547, -139729.285, 142.310148, 0.27, 3.332, -140342.19, -1.86050441, -33.81789, 0, 7.65556887e+17, 0, 0, 0, 0
1.5, 0, 0, 1e+19, 0, 8.94247782e-22, 3.718e+18, 6.44e+20, 4.85, 4, 2.34459309, 12.1176514, 0.0128722772, 10165.04, 0, 1.80986239e+18, 3.507741e-18, 39.7368089, -1.25818081e-05, -1.36677311, 1e+19, 2.93769858e-10, -1.3817847, 10165.0399, 299.999936, 12.1176514, 12.1176517, 0.0128722772, 0.0128722772, 1e+19, 1.58416411e-34, 39.7368089, 0.617199178, 39.6816497, -1.86062484, -2.77902739e-36, -1.85816229, -39.6629646, -1.58383766e-34, -39.6078403, 0, 1.19999964e-08, 1.19999964e-08, 621.321322, -139578.559, 142.310148, 0.27, 3.332, -140342.19, -1.86062484, -39.6629646, 0, 7.65556869e+17, 0, 0, 0, 0
1.56666667, 0, 0, 1e+19, 0, 8.94245832e-22, 3.718e+18, 6.44e+20, 4.85, 4, 2.34460837, 12.1176518, 0.0128722772, 10151.4082, 0, 1.80987115e+18, 4.1786983e-18, 68.0163663, -2.77194853e-05, -1.36920167, 1e+19, 3.49961925e-10, -3.83180805, 10151.4066, 299.999929, 12.1176518, 12.1176522, 0.0128722772, 0.0128722772, 1e+19, 1.83232318e-34, 68.0163663, 0.620375024, 67.9295645, -6.29803012, -3.47144133e-36, -6.28949294, -67.6317354, -1.83190211e-34, -67.5453618, 0, 1.1999996e-08, 1.1999996e-08, 2039.14493, -306892.779, 232.537888, 0.27, 3.332, -309164.462, -6.29803012, -67.6317354, 0, 7.65553161e+17, 0, 0, 0, 0
1.625, 0, 0, 1e+19, 0, 8.94244279e-22, 3.718e+18, 6.44e+20, 4.85, 4, 2.34460837, 12.1176522, 0.0128722772, 10138.5815, 0, 1.8098711e+18, 4.1786983e-18, 87.5876327, -2.77194853e-05, -1.36920167, 1e+19, 3.49961925e-10, -4.68631052, 10138.5798, 299.999924, 12.1176522, 12.1176526, 0.0128722772, 0.0128722772, 1e+19, 1.90936035e-34, 87.5876327, 0.622095985, 87.4987043, -6.29748096, -3.47144133e-36, -6.28894378, -87.2030019, -1.90893927e-34, -87.1145016, 0, 1.19999957e-08, 1.19999957e-08, 3024.37977, -305907.545, 232.537888, 0.27, 3.332, -309164.462, -6.29748096, -87.2030019, 0, 7.6555313e+17, 0, 0, 0, 0
1.69166667, 0, 0, 1e+19, 0, 8.94249984e-22, 3.718e+18, 6.44e+20, 4.85, 4, 2.34466027, 12.1176508, 0.0128722772, 10091.9087, 0, 1.80990136e+18, 5.11373444e-18, 183.803364, -7.91426357e-05, -1.37203758, 1e+19, 4.28270349e-10, -13.3379314, 10091.8886, 299.999944, 12.1176516, 12.1176512, 0.0128722772, 0.0128722772, 1e+19, 2.28682978e-34, 183.803364, 0.62613741, 183.60522, -21.9937704, -4.20216013e-36, -21.9638458, -182.159611, -2.28634156e-34, -181.96381, 0, 1.19999969e-08, 1.19999969e-08, 15868.22, -866425.27, 537.977019, 0.27, 3.332, -882831.467, -21.9937704, -182.159611, 0, 7.65540723e+17, 0, 0, 0, 0
1.75, 0, 0, 1e+19, 0, 8.9425448e-22, 3.718e+18, 6.44e+20, 4.85, 4, 2.34466027, 12.1176499, 0.0128722772, 10047.3328, 0, 1.80990151e+18, 5.11373444e-18, 250.310437, -7.91426357e-05, -1.37203758, 1e+19, 4.28270349e-10, -16.3914831, 10047.3114, 299.99996, 12.1176513, 12.1176499, 0.0128722772, 0.0128722772, 1e+19, 2.39510991e-34, 250.310437, 0.62839908, 250.078411, -21.984593, -4.20216013e-36, -21.9546684, -248.666684, -2.39462169e-34, -248.437001, 0, 1.19999977e-08, 1.19999977e-08, 24743.7092, -857549.781, 537.977019, 0.27, 3.332, -882831.467, -21.984593, -248.666684, 0, 7.65540814e+17, 0, 0, 0, 0
1.81666667, 0, 0, 1e+19, 0, 8.94362605e-22, 3.718e+18, 6.44e+20, 4.85, 4, 2.34484304, 12.1176227, 0.0128722772, 9878.12745, 0, 1.81001179e+18, 6.05752464e-18, 590.379737, -0.000260242481, -1.37455266, 1e+19, 5.07310716e-10, -56.6156064, 9877.73534, 300.000347, 12.1176365, 12.1176227, 0.0128722772, 0.0128722772, 1e+19, 2.87891076e-34, 590.379737, 0.634157747, 589.760176, -97.8995843, -6.13985077e-36, -97.7667048, -580.457689, -2.8780884e-34, -579.853316, 0, 1.20000197e-08, 1.20000197e-08, 171205.221, -2732018.38, 1623.8334, 0.27, 3.332, -2904847.44, -97.8995843, -580.457689, 0, 7.65498414e+17, 0, 0, 0, 0
1.875, 0, 0, 1e+19, 0, 8.94451045e-22, 3.718e+18, 6.44e+20, 4.85, 4, 2.34484304, 12.1175989, 0.0128722772, 9687.24361, 0, 1.81001465e+18, 6.05752464e-18, 824.891663, -0.000260242481, -1.37455266, 1e+19, 5.07310716e-10, -72.459197, 9686.82018, 300.000663, 12.1176244, 12.1175989, 0.0128722772, 0.0128722772, 1e+19, 2.99252012e-34, 824.891663, 0.637595002, 824.112912, -97.8395354, -6.13985077e-36, -97.706656, -814.969609, -2.99169776e-34, -814.206045, 0, 1.20000377e-08, 1.20000377e-08, 270527.318, -2632696.29, 1623.8334, 0.27, 3.332, -2904847.44, -97.8395354, -814.969609, 0, 7.65500199e+17, 0, 0, 0, 0
1.94166667, 0, 0, 1e+19, 0, 8.95138008e-22, 3.718e+18, 6.44e+20, 4.85, 4, 2.34570481, 12.1174216, 0.0128722772, 9480.41037, 0, 1.81054135e+18, 7.49461744e-18, 2749.88639, -0.00111420002, -1.37833097, 1e+19, 6.27655376e-10, -619.52358, 9425.49224, 300.003118, 12.1175211, 12.1174216, 0.0128722772, 0.0128722772, 1e+19, 3.91817625e-34, 2749.88639, 0.64807499, 2746.76437, -1489.55074, -3.052213e-35, -1487.52606, -2235.20985, -3.90366923e-34, -2232.88419, 0, 1.20001771e-08, 1.20001771e-08, 5587391.33, -6913270.16, 7257.48944, 0.27, 3.332, -12507919, -1489.55074, -2235.20985, 0, 7.65303221e+17, 0, 0, 0, 0
2, 0, 0, 1e+19, 0, 8.9573182e-22, 3.718e+18, 6.44e+20, 4.85, 4, 2.34570481, 12.1172664, 0.0128722772, 7249.1758, 0, 1.81056056e+18, 7.49461744e-18, 4622.44698, -0.00111420002, -1.37833097, 1e+19, 6.27655376e-10, -988.840231, 7175.04004, 300.00524, 12.1174324, 12.1172664, 0.0128722772, 0.0128722772, 1e+19, 4.12304478e-34, 4622.44698, 0.655244227, 4617.24427, -3157.61245, -4.16764603e-35, -3153.25671, -3347.25804, -4.10163693e-34, -3344.33813, 0, 1.20002976e-08, 1.20002976e-08, 12288993, -211668.507, 7257.48944, 0.27, 3.332, -12507919, -3157.61245, -3347.25804, 0, 7.65315195e+17, 0, 0, 0, 0
2.06666667, 0, 0, 1e+19, 0, 8.96119687e-22, 3.718e+18, 6.44e+20, 4.85, 4, 2.36042145, 12.1171711, 0.0128722772, 5393.28034, 0, 1.79353761e+18, 1.02305415e-17, 4886.58132, -0.0161031852, -1.39732784, 1e+19, 8.56623467e-10, -1348.48665, 5009.78028, 300.006624, 12.1172929, 12.1171711, 0.0128722772, 0.0128722772, 1e+19, 3.887304e-34, 4886.58132, 0.665624454, 4880.62881, -4338.19756, -6.70058018e-35, -4332.20556, -1641.81765, -3.82763936e-34, -1640.73268, 0, 1.20003762e-08, 1.20003762e-08, 12572179.1, 12515836.8, 363.180409, 0.27, 3.332, -56705.4949, -4338.19756, -1641.81765, 0, 7.72457547e+17, 0, 0, 0, 0
2.125, 0, 0, 1e+19, 0, 8.96422662e-22, 3.718e+18, 6.44e+20, 4.85, 4, 2.36214782, 12.1170878, 0.0128722772, 2125.77174, 0, 1.20008918e+18, 1.64031728e-17, 5229.97595, -0.030073183, -2.61544004, 1e+19, 1.37349099e-09, -1639.72296, 1057.39772, 300.007705, 12.1171765, 12.1170878, 0.0128722772, 0.0128722772, 1e+19, 3.66411266e-34, 5229.97595, 0.672703134, 5221.95642, -5220.28868, -8.11067635e-35, -5212.2813, -310.891911, -3.56284375e-34, -310.485612, 0, 1.20004377e-08, 1.20004377e-08, 12875750.2, 9047506.99, 7101.72271, 0.27, 3.332, -3835344.97, -5220.28868, -310.891911, 0, 1.19543204e+18, 0, 0, 0, 0
2.19166667, 0, 0, 1e+19, 0, 8.96385812e-22, 3.718e+18, 6.44e+20, 4.85, 4, 2.37570737, 12.1170853, 0.0128722772, 1748.80235, 0, 1.20003937e+18, 1.87434194e-17, 5033.71315, -0.0436338922, -2.63184091, 1e+19, 1.5694449e-09, -1748.36923, -32.5646624, 300.007574, 12.1171309, 12.1170985, 0.0128722772, 0.0128722772, 1e+19, 4.16709531e-34, 5033.71315, 0.676099812, 5025.94462, -5030.94162, -8.77967054e-35, -5023.17382, -132.735465, -4.06201878e-34, -132.600057, 0, 1.20004302e-08, 1.20004302e-08, 12078916.6, 8306889.9, 6866.51876, 0.27, 3.332, -3778893.24, -5030.94162, -132.735465, 0, 1.1954788e+18, 0, 0, 0, 0
2.25, 0, 0, 1e+19, 0, 8.96345742e-22, 3.718e+18, 6.44e+20, 4.85, 4, 2.38764118, 12.1170947, 0.0128722772, 1997.87055, 0, 1.1981184e+18, 2.01842921e-17, 4206.16901, -0.0556137777, -2.64630693, 1e+19, 1.69007672e-09, -1997.82669, -7.73036282, 300.007431, 12.1170968, 12.1171079, 0.0128722772, 0.0128722772, 1e+19, 4.30215304e-34, 4206.16901, 0.676896187, 4198.81749, -4206.11519, -9.25603985e-35, -4198.76356, -20.6114774, -4.18841838e-34, -20.6324983, 0, 1.20004221e-08, 1.20004221e-08, 9359936.75, 9354252.42, 3145.63464, 0.27, 3.332, -8829.95845, -4206.11519, -20.6114774, 0, 1.19735543e+18, 0, 0, 0, 0
2.31666667, 0, 0, 1e+19, 0, 8.96279083e-22, 3.718e+18, 6.44e+20, 4.85, 4, 2.40075225, 12.1171081, 0.0128722772, 1974.34613, 0, 1.19811354e+18, 2.25289937e-17, 4153.40876, -0.0687249041, -2.6617779, 1e+19, 1.88640584e-09, -1974.34444, 1.95736898, 300.007193, 12.1171103, 12.1171251, 0.0128722772, 0.0128722772, 1e+19, 4.94759455e-34, 4153.40876, 0.677927904, 4146.15205, -4153.39643, -1.04607773e-34, -4146.13955, -9.26793628, -4.82253171e-34, -9.30632978, 0, 1.20004086e-08, 1.20004086e-08, 9149877.08, 9144398.73, 3123.99304, 0.27, 3.332, -8602.34333, -4153.39643, -9.26793628, 0, 1.19735685e+18, 0, 0, 0, 0
2.375, 0, 0, 1e+19, 0, 8.96221269e-22, 3.718e+18, 6.44e+20, 4.85, 4, 2.4122257, 12.117123, 0.0128722772, 1956.56165, 0, 1.19796562e+18, 2.39573258e-17, 4106.61145, -0.080201858, -2.67532728, 1e+19, 2.00600361e-09, -1956.55952, 2.16009994, 300.006987, 12.117123, 12.1171401, 0.0128722772, 0.0128722772, 1e+19, 5.09844992e-34, 4106.61145, 0.677907512, 4099.48376, -4106.6086, -1.10335645e-34, -4099.48087, -4.64703946, -4.96210171e-34, -4.69528749, 0, 1.20003969e-08, 1.20003969e-08, 8917936.59, 8920342.77, 3325.73453, 0.27, 3.332, -919.548995, -4106.6086, -4.64703946, 0, 1.1974988e+18, 0, 0, 0, 0
2.44166667, 0, 0, 1e+19, 0, 8.96164206e-22, 3.718e+18, 6.44e+20, 4.85, 4, 2.42522025, 12.117139, 0.0128722772, 1948.77667, 0, 1.19796252e+18, 2.74085986e-17, 4088.56635, -0.0931964324, -2.69119324, 1e+19, 2.29498891e-09, -1948.77449, 2.29760539, 300.006783, 12.117139, 12.1171546, 0.0128722772, 0.0128722772, 1e+19, 6.14950387e-34, 4088.56635, 0.678195049, 4081.48169, -4088.56485, -1.37923768e-34, -4081.48015, -3.48029771, -5.9793192e-34, -3.53127237, 0, 1.20003853e-08, 1.20003853e-08, 8847497.13, 8849921.3, 3331.96332, 0.27, 3.332, -907.791589, -4088.56485, -3.48029771, 0, 1.19749899e+18, 0, 0, 0, 0
2.5, 0, 0, 1e+19, 0, 8.96116708e-22, 3.718e+18, 6.44e+20, 4.85, 4, 2.43658908, 12.1171518, 0.0128722772, 1942.38962, 0, 1.19788355e+18, 2.95174972e-17, 4075.49601, -0.104567124, -2.70509261, 1e+19, 2.47157295e-09, -1942.38862, 1.6415283, 300.006614, 12.1171527, 12.1171672, 0.0128722772, 0.0128722772, 1e+19, 6.39595378e-34, 4075.49601, 0.677971005, 4068.46097, -4075.49477, -1.52726208e-34, -4068.4597, -3.05234286, -6.18398198e-34, -3.11392139, 0, 1.20003757e-08, 1.20003757e-08, 8783533, 8786954.85, 3923.85823, 0.27, 3.332, -502.009313, -4075.49477, -3.05234286, 0, 1.19757395e+18, 0, 0, 0, 0
2.56666667, 0, 0, 1e+19, 0, 8.96056068e-22, 3.718e+18, 6.44e+20, 4.85, 4, 2.44950628, 12.1171671, 0.0128722772, 1936.91856, 0, 1.19788104e+18, 3.6863156e-17, 4062.84332, -0.117484339, -2.72265018, 1e+19, 3.08664611e-09, -1936.91753, 1.72476358, 300.006397, 12.1171679, 12.1171825, 0.0128722772, 0.0128722772, 1e+19, 1.90613554e-32, 4062.84332, 0.677904985, 4055.84249, -4062.84249, -1.89780484e-32, -4055.84163, -2.54391963, -7.96897307e-34, -2.60885764, 0, 1.20003634e-08, 1.20003634e-08, 8734475.76, 8737930.67, 3960.63265, 0.27, 3.332, -505.727693, -4062.84249, -2.54391963, 0, 1.19757337e+18, 0, 0, 0, 0
2.625, 0, 0, 1e+19, 0, 8.96006193e-22, 3.718e+18, 6.44e+20, 4.85, 4, 2.46080794, 12.1171804, 0.0128722772, 1932.36501, 0, 1.19783403e+18, 4.19265178e-17, 4053.93518, -0.12878708, -2.73846985, 1e+19, 3.51061643e-09, -1932.36467, 1.09446839, 300.006219, 12.1171806, 12.1171958, 0.0128722772, 0.0128722772, 1e+19, 2.28459703e-32, 4053.93518, 0.677564322, 4046.97257, -4053.93442, -2.28309782e-32, -4046.97177, -2.37292399, -8.27523521e-34, -2.46641782, 0, 1.20003532e-08, 1.20003532e-08, 8691216.78, 8696225.83, 5650.40483, 0.27, 3.332, -641.35988, -4053.93442, -2.37292399, 0, 1.19761692e+18, 0, 0, 0, 0
2.69166667, 0, 0, 1e+19, 0, 8.95888817e-22, 3.718e+18, 6.44e+20, 4.85, 4, 2.47366645, 12.1172035, 0.0128722772, 1930.8478, 0, 1.19782839e+18, 5.7791389e-15, 4052.88291, -0.141645632, -2.82595537, 1e+19, 4.83903409e-07, -1930.83824, 5.05589858, 300.0058, 12.1172037, 12.1172251, 0.0128722772, 0.0128722772, 1e+19, 1.61168304e-28, 4052.88291, 0.677271865, 4045.93632, -4052.88255, -1.61167563e-28, -4045.93593, 0.425483972, -4.88055694e-31, 0.32218433, 0, 1.20003294e-08, 1.20003294e-08, 8688341.55, 8690144.59, 5758.93945, 0.27, 3.332, -3955.90674, -4052.88255, 0.425483972, 0, 1.19761657e+18, 0, 0, 0, 0
2.75, 0, 0, 1e+19, 0, 8.95793916e-22, 3.718e+18, 6.44e+20, 4.85, 4, 2.48491591, 12.1172224, 0.0128722772, 1929.5206, 0, 1.19771212e+18, 7.26517762e-15, 4051.59548, -0.152897803, -2.89184557, 1e+19, 6.08333753e-07, -1929.4462, -6.44699543, 300.005461, 12.1172224, 12.1172508, 0.0128722772, 0.0128722772, 1e+19, 1.94690843e-28, 4051.59548, 0.676834272, 4044.66017, -4051.59523, -1.9469001e-28, -4044.65994, 1.33820665, -5.67392432e-31, 1.17299991, 0, 1.20003102e-08, 1.20003102e-08, 8688713.08, 8677226.36, 9415.5896, 0.27, 3.332, -20902.3087, -4051.59523, 1.33820665, 0, 1.1977257e+18, 0, 0, 0, 0
2.81666667, 0, 0, 1e+19, 0, 8.95284749e-22, 3.718e+18, 6.44e+20, 4.85, 4, 2.49780841, 12.1173038, 0.0128722772, 1557.37712, 0, 1.19684718e+18, 4.90888815e-11, 4119.14614, -0.165810661, -3.02952978, 1e+19, 0.00411036157, -248.469601, 76.1221411, 300.003642, 12.1173038, 12.1173794, 0.0128722772, 0.0128722772, 1e+19, 1.28600603e-24, 4119.14614, 0.676284069, 4112.20119, -4118.6896, -1.2860002e-24, -4111.74599, 47.706595, -3.87182871e-27, 47.4545462, 0, 1.20002069e-08, 1.20002069e-08, 8360200.33, 61338.1367, 9368.88806, 0.27, 3.332, -8308231.1, -4118.6896, 47.706595, 0, 1.19854795e+18, 0, 0, 0, 0
2.875, 0, 0, 1e+19, 0, 8.94863968e-22, 3.718e+18, 6.44e+20, 4.85, 4, 2.50902812, 12.1173707, 0.0128722772, 1734.21404, 0, 1.19244085e+18, 6.20497705e-11, 4298.25942, -0.177136104, -3.15009771, 1e+19, 0.0051955493, 1623.14561, 551.374915, 300.002139, 12.1173707, 12.1174919, 0.0128722772, 0.0128722772, 1e+19, 1.57657818e-24, 4298.25942, 0.675707181, 4291.13101, -4297.6148, -1.57657156e-24, -4290.4921, 73.6971723, -4.54816445e-27, 73.2613608, 0, 1.20001215e-08, 1.20001215e-08, 8438551.67, -7599138.24, 17287.4703, 0.27, 3.332, -16054977.4, -4297.6148, 73.6971723, 0, 1.20286111e+18, 0, 0, 0, 0
2.94166667, 0, 0, 1e+19, 0, 8.95331199e-22, 3.718e+18, 6.44e+20, 4.85, 4, 2.48019903, 34.5919511, 0.24055087, 3413.7298, 0, 2.19679079e+17, 6.02681613e-08, 4353.77258, -0.193534701, -3.2193287, 1e+19, 5.02226754, 3192.73645, 1190.62267, 300.003808, 34.5919511, 57.0665641, 0.24055087, 0.468229463, 1e+19, 2.83945023e-22, 4353.77258, 0.675007691, 4343.4873, -4353.58034, -2.00367356e-23, -4343.30158, 30.8278358, -2.82966962e-22, 29.1090736, 0, 1.20002163e-08, 1.20002163e-08, 13967800.4, -2429989.85, 47073.959, 0.27, 3.332, -16444864.2, -4353.58034, 30.8278358, 0, 1.93989833e+17, 0, 0, 0, 0
3, 0, 0, 1e+19, 0, 8.95718816e-22, 3.718e+18, 6.44e+20, 4.85, 4, 2.45776931, 54.2572439, 0.439769639, 4649.16556, 0, 5.5693724e+16, 7.50603921e-08, 4562.91809, -0.207867827, -3.28183242, 1e+19, 6.25493528, 4015.50181, 2184.66209, 300.005193, 54.2572439, 96.3970022, 0.439769639, 0.866667, 1e+19, 3.29818193e-22, 4562.91809, 0.67433485, 4549.12571, -4562.90977, -2.3746054e-23, -4549.12289, 8.69658779, -3.28956445e-22, 5.00748138, 0, 1.2000295e-08, 1.2000295e-08, 19998872.4, 2864539.95, 102287.984, 0.27, 3.332, -17236620.4, -4562.90977, 8.69658779, 0, 3.82195811e+16, 0, 0, 0, 0
3, 0, 0, 5e+16, 0, 8.95718816e-22, 3.718e+18, 6.44e+20, 4.85, 4, 2.45776931, 54.2572439, 0.439769639, 6232.89082, 0, 5.5693724e+16, 7.50603921e-08, 4562.91809, -0.207867827, -3.28183242, 5e+16, 6.25493528, -5975.499, 1747.20147, 300.005193, 54.2572439, 96.3970022, 0.439769639, 0.866667, 5e+16, 3.29818193e-22, 4562.91809, 0.67433485, 4549.12571, -4562.90977, -2.3746054e-23, -4549.12289, 8.69658779, -3.28956445e-22, 5.00748138, 0, 1.2000295e-08, 1.2000295e-08, 19998872.4, 2864539.95, 102287.984, 0.27, 3.332, -17236620.4, -4562.90977, 8.69658779, 0, 3.82195811e+16, 0, 0, 0, 0
3.06666667, 0, 0, 5e+16, 0, 8.96789152e-22, 3.718e+18, 6.44e+20, 4.85, 4, 2.49797697, 76.7296599, 0.667448232, 6367.16556, 0, 5.12434977e+16, 5.97666868e-08, 4524.32631, -0.250239925, -3.31798159, 5e+16, 4.98034583, -6166.71535, 1469.98788, 300.009011, 76.7306542, 96.3948575, 0.667448232, 0.866667, 5e+16, 2.72363375e-22, 4524.32631, 0.673653349, 4506.59842, -4524.0766, -4.26298946e-23, -4506.34199, -30.764254, -2.68866772e-22, -33.7066915, 0, 1.20005118e-08, 1.20005118e-08, 26550762.8, 17570196, 85804.6685, 0.27, 3.332, -9066371.44, -4524.0766, -30.764254, 0, 3.88758986e+16, 0, 0, 0, 0
3.125, 0, 0, 5e+16, 0, 8.97671986e-22, 3.718e+18, 6.44e+20, 4.85, 4, 2.53127639, 96.3929809, 0.866667, 6515.07022, 0, 4.44567022e+16, 5.70032238e-08, 4421.95355, -0.287232776, -3.34877034, 5e+16, 4.75002157, -6454.99124, 877.701226, 300.01216, 96.3949818, 96.3929809, 0.866667, 0.866667, 5e+16, 2.65548142e-22, 4421.95355, 0.672973858, 4399.95552, -4421.59817, -4.65770137e-23, -4399.57676, -55.5536259, -2.61414286e-22, -57.3366843, 0, 1.20006906e-08, 1.20006906e-08, 32388428.8, 30884027.5, 44042.4825, 0.27, 3.332, -1548443.7, -4421.59817, -55.5536259, 0, 4.01702852e+16, 0, 0, 0, 0
3.19166667, 0, 0, 5e+16, 0, 8.97840531e-22, 3.718e+18, 6.44e+20, 4.85, 4, 2.57741399, 96.3926526, 0.866667, 6755.54886, 0, 4.37079668e+16, 5.41242373e-08, 4361.59486, -0.333811571, -3.3939921, 5e+16, 4.5100987, -6729.3003, 545.123818, 300.01276, 96.3937042, 96.3926526, 0.866667, 0.866667, 5e+16, 2.60579265e-22, 4361.59486, 0.672198082, 4338.65207, -4361.43017, -5.22027826e-23, -4338.47208, -36.9443014, -2.55296669e-22, -38.3472708, 0, 1.20007248e-08, 1.20007248e-08, 32904762.9, 31789280.2, 35926.7324, 0.27, 3.332, -1151409.46, -4361.43017, -36.9443014, 0, 4.02996594e+16, 0, 0, 0, 0
3.25, 0, 0, 5e+16, 0, 8.97971862e-22, 3.718e+18, 6.44e+20, 4.85, 4, 2.61727621, 96.3923654, 0.866667, 6940.26156, 0, 4.21619068e+16, 5.34230968e-08, 4171.68695, -0.374609031, -3.43312786, 5e+16, 4.45166772, -6932.56492, 326.500148, 300.013228, 96.3926583, 96.3923654, 0.866667, 0.866667, 5e+16, 2.59849662e-22, 4171.68695, 0.671441391, 4147.60208, -4171.61248, -5.35636717e-23, -4147.52302, -24.5873587, -2.54239455e-22, -25.3360767, 0, 1.20007514e-08, 1.20007514e-08, 32344483.2, 31994891.9, 17514.3899, 0.27, 3.332, -367105.758, -4171.61248, -24.5873587, 0, 4.05876395e+16, 0, 0, 0, 0
3.31666667, 0, 0, 5e+16, 0, 8.97897043e-22, 3.718e+18, 6.44e+20, 4.85, 4, 2.66385087, 96.3923139, 0.866667, 6941.5186, 0, 4.19060506e+16, 6.07401401e-08, 4119.29174, -0.421341533, -3.48191442, 5e+16, 5.06139476, -6937.62649, 212.993918, 300.012962, 96.3925617, 96.3925202, 0.866667, 0.866667, 5e+16, 3.07477653e-22, 4119.29174, 0.670486367, 4095.11392, -4119.24875, -6.70296163e-23, -4095.06805, -18.8099359, -3.00069902e-22, -19.3457173, 0, 1.20007362e-08, 1.20007362e-08, 31943567.2, 31658612.4, 13967.7231, 0.27, 3.332, -298922.584, -4119.24875, -18.8099359, 0, 4.06335649e+16, 0, 0, 0, 0
3.375, 0, 0, 5e+16, 0, 8.97831001e-22, 3.718e+18, 6.44e+20, 4.85, 4, 2.70439029, 96.3924494, 0.866667, 6939.41047, 0, 4.1322047e+16, 6.26416355e-08, 4033.65504, -0.462245108, -3.52432538, 5e+16, 5.21984634, -6938.46958, 113.461822, 300.012726, 96.3924945, 96.3926557, 0.866667, 0.866667, 5e+16, 3.15305056e-22, 4033.65504, 0.669594528, 4009.33746, -4033.62498, -6.97667323e-23, -4009.30663, -15.2427957, -3.07446766e-22, -15.4310288, 0, 1.20007229e-08, 1.20007229e-08, 31179308.2, 31034274, 5823.64041, 0.27, 3.332, -150857.911, -4033.62498, -15.2427957, 0, 4.07415862e+16, 0, 0, 0, 0
3.44166667, 0, 0, 5e+16, 0, 8.97701142e-22, 3.718e+18, 6.44e+20, 4.85, 4, 2.75055012, 96.3926602, 0.866667, 6896.19287, 0, 4.11794837e+16, 8.24881166e-08, 3984.65461, -0.508494403, -3.57514449, 5e+16, 6.8736497, -6895.86016, 51.6155955, 300.012264, 96.3927053, 96.3929182, 0.866667, 0.866667, 5e+16, 4.44010561e-22, 3984.65461, 0.668487394, 3960.50303, -3984.62939, -9.85314256e-23, -3960.47767, -13.9925126, -4.32900382e-22, -14.0326327, 0, 1.20006966e-08, 1.20006966e-08, 30638466.3, 30509093.8, 3852.77829, 0.27, 3.332, -133225.262, -3984.62939, -13.9925126, 0, 4.07675326e+16, 0, 0, 0, 0
3.5, 0, 0, 5e+16, 0, 8.97591855e-22, 3.718e+18, 6.44e+20, 4.85, 4, 2.79080693, 96.392886, 0.866667, 6857.60496, 0, 4.08403146e+16, 8.75002173e-08, 3927.76284, -0.54896566, -3.61927625, 5e+16, 7.29130861, -6857.54101, -14.0035739, 300.011874, 96.392886, 96.3931478, 0.866667, 0.866667, 5e+16, 4.63855142e-22, 3927.76284, 0.667474362, 3903.78574, -3927.73975, -1.0375089e-22, -3903.76313, -13.1076182, -4.52046363e-22, -12.9229964, 0, 1.20006745e-08, 1.20006745e-08, 29967745.1, 29873549.9, -778.199972, 0.27, 3.332, -93416.9355, -3927.73975, -13.1076182, 0, 4.08301012e+16, 0, 0, 0, 0
3.56666667, 0, 0, 5e+16, 0, 8.97444361e-22, 3.718e+18, 6.44e+20, 4.85, 4, 2.83628996, 96.3931717, 0.866667, 6801.95424, 0, 4.07342791e+16, 1.28267899e-07, 3879.12711, -0.594515892, -3.67114538, 5e+16, 10.6884798, -6801.6724, -59.5710165, 300.011349, 96.3931717, 96.3934446, 0.866667, 0.866667, 5e+16, 7.96556122e-22, 3879.12711, 0.666216911, 3855.42046, -3879.1064, -1.54581938e-22, -3855.4006, -12.398574, -7.81241885e-22, -12.1115863, 0, 1.20006446e-08, 1.20006446e-08, 29390835.6, 29300360.9, -2075.87172, 0.27, 3.332, -88398.8204, -3879.1064, -12.398574, 0, 4.08495518e+16, 0, 0, 0, 0
3.625, 0, 0, 5e+16, 0, 8.9732146e-22, 3.718e+18, 6.44e+20, 4.85, 4, 2.87598461, 96.393411, 0.866667, 6753.56068, 0, 4.04785835e+16, 1.37253683e-07, 3830.22914, -0.63437374, -3.71567193, 5e+16, 11.4372685, -6752.44689, -114.920283, 300.010911, 96.393411, 96.3937043, 0.866667, 0.866667, 5e+16, 8.38582027e-22, 3830.22914, 0.665079751, 3806.82365, -3830.20921, -1.63344662e-22, -3806.8049, -11.9992908, -8.22381903e-22, -11.5560021, 0, 1.20006197e-08, 1.20006197e-08, 28755785.8, 28673499.4, -5124.09589, 0.27, 3.332, -77162.3219, -3830.20921, -11.9992908, 0, 4.08966542e+16, 0, 0, 0, 0
3.69166667, 0, 0, 5e+16, 0, 8.97166595e-22, 3.718e+18, 6.44e+20, 4.85, 4, 2.92073538, 96.3937226, 0.866667, 6694.95963, 0, 4.03740731e+16, 2.05707468e-07, 3782.06683, -0.679191311, -3.76709655, 5e+16, 17.1415501, -6693.06146, -159.413653, 300.010359, 96.3937226, 96.3940154, 0.866667, 0.866667, 5e+16, 1.40836686e-21, 3782.06683, 0.663664274, 3758.96305, -3782.04635, -2.49746695e-22, -3758.94407, -12.0553642, -1.38579929e-21, -11.5284812, 0, 1.20005883e-08, 1.20005883e-08, 28183589.4, 28098732.6, -6145.22005, 0.27, 3.332, -78711.6287, -3782.04635, -12.0553642, 0, 4.09159476e+16, 0, 0, 0, 0
3.75, 0, 0, 5e+16, 0, 8.97037994e-22, 3.718e+18, 6.44e+20, 4.85, 4, 2.95978696, 96.3939819, 0.866667, 6643.93637, 0, 4.01199708e+16, 2.20741255e-07, 3735.29941, -0.718406502, -3.81145294, 5e+16, 18.3943261, -6639.94518, -220.395405, 300.0099, 96.3939819, 96.3942877, 0.866667, 0.866667, 5e+16, 1.47943722e-21, 3735.29941, 0.662394097, 3712.53856, -3735.27877, -2.64193075e-22, -3712.51971, -12.0748717, -1.45541765e-21, -11.419145, 0, 1.20005623e-08, 1.20005623e-08, 27569015.1, 27477405, -8529.13247, 0.27, 3.332, -83080.9535, -3735.27877, -12.0748717, 0, 4.09627251e+16, 0, 0, 0, 0
3.81666667, 0, 0, 5e+16, 0, 8.96880381e-22, 3.718e+18, 6.44e+20, 4.85, 4, 3.00378243, 96.394304, 0.866667, 6586.49458, 0, 3.99914011e+16, 3.41039402e-07, 3686.64739, -0.762484974, -3.86255591, 5e+16, 28.4188639, -6580.72483, -275.317118, 300.009338, 96.394304, 96.3946043, 0.866667, 0.866667, 5e+16, 2.57675707e-21, 3686.64739, 0.660809702, 3664.17344, -3686.62475, -4.76007998e-22, -3664.15301, -12.4741953, -2.53223749e-21, -11.7328737, 0, 1.20005304e-08, 1.20005304e-08, 27009768.9, 26909546.1, -9548.40867, 0.27, 3.332, -90674.3501, -3686.62475, -12.4741953, 0, 4.09866243e+16, 0, 0, 0, 0
3.875, 0, 0, 5e+16, 0, 8.96749612e-22, 3.718e+18, 6.44e+20, 4.85, 4, 3.0421461, 96.3945715, 0.866667, 6537.43349, 0, 3.96781513e+16, 3.66290364e-07, 3637.64003, -0.801052473, -3.90657243, 5e+16, 30.5230527, -6526.84761, -357.266064, 300.008872, 96.3945715, 96.3948814, 0.866667, 0.866667, 5e+16, 2.70632346e-21, 3637.64003, 0.659394905, 3615.49951, -3637.61661, -5.08715678e-22, -3615.47869, -12.7382114, -2.65763711e-21, -11.8627947, 0, 1.20005039e-08, 1.20005039e-08, 26391424.6, 26270194.3, -11895.3076, 0.27, 3.332, -109335.098, -3637.61661, -12.7382114, 0, 4.10442768e+16, 0, 0, 0, 0
3.94166667, 0, 0, 5e+16, 0, 8.96591467e-22, 3.718e+18, 6.44e+20, 4.85, 4, 3.08541666, 96.3948971, 0.866667, 6483.18829, 0, 3.94914962e+16, 7.09455001e-07, 3586.08458, -0.844445106, -3.96039153, 5e+16, 59.1192815, -6468.35104, -437.674476, 300.008307, 96.3948971, 96.3951993, 0.866667, 0.866667, 5e+16, 6.22329149e-21, 3586.08458, 0.657627984, 3564.19316, -3586.05357, -1.4079754e-21, -3564.16565, -14.2856451, -6.06190738e-21, -13.2802219, 0, 1.20004719e-08, 1.20004719e-08, 25834379.3, 25696747, -13302.3435, 0.27, 3.332, -124329.99, -3586.05357, -14.2856451, 0, 4.10792704e+16, 0, 0, 0, 0
4, 0, 0, 5e+16, 0, 8.96460164e-22, 3.718e+18, 6.44e+20, 4.85, 4, 3.12308214, 96.3951675, 0.866667, 6439.31784, 0, 3.9037658e+16, 7.75757052e-07, 3529.55751, -0.882410259, -4.00631245, 5e+16, 64.6443081, -6412.668, -562.399961, 300.007839, 96.3951675, 96.3954775, 0.866667, 0.866667, 5e+16, 6.61268504e-21, 3529.55751, 0.656054136, 3507.96683, -3529.52396, -1.53066263e-21, -3507.93764, -15.088584, -6.43206258e-21, -13.8892196, 0, 1.20004453e-08, 1.20004453e-08, 25173191.5, 24996553.3, -16471.3991, 0.27, 3.332, -160166.801, -3529.52396, -15.088584, 0, 4.11627958e+16, 0, 0, 0, 0
4.06666667, 0, 0, 5e+16, 0, 8.96301398e-22, 3.718e+18, 6.44e+20, 4.85, 4, 3.16562292, 96.3954944, 0.866667, 6391.68637, 0, 3.8747595e+16, 2.40012809e-06, 3470.93774, -0.925144281, -4.06624894, 5e+16, 200.005003, -6354.24173, -689.82036, 300.007273, 96.3954944, 96.3957971, 0.866667, 0.866667, 5e+16, 2.50401794e-20, 3470.93774, 0.654087964, 3449.56027, -3470.88864, -5.48999728e-21, -3449.51752, -17.6653306, -2.44294622e-20, -16.2440942, 0, 1.20004131e-08, 1.20004131e-08, 24592907.3, 24387536.6, -18748.8192, 0.27, 3.332, -186621.915, -3470.88864, -17.6653306, 0, 4.12178269e+16, 0, 0, 0, 0
4.125, 0, 0, 5e+16, 0, 8.96169296e-22, 3.718e+18, 6.44e+20, 4.85, 4, 3.20253704, 96.3957662, 0.866667, 6363.13122, 0, 3.80483724e+16, 2.6776712e-06, 3399.46989, -0.962530615, -4.11671352, 5e+16, 223.133036, -6295.01289, -891.725826, 300.006801, 96.3957662, 96.3960768, 0.866667, 0.866667, 5e+16, 2.69690415e-20, 3399.46989, 0.652336966, 3378.36987, -3399.41516, -6.09003186e-21, -3378.32345, -19.0143268, -2.62628961e-20, -17.2736604, 0, 1.20003863e-08, 1.20003863e-08, 23829836.8, 23558940.5, -23649.4184, 0.27, 3.332, -247246.867, -3399.41516, -19.0143268, 0, 4.13464968e+16, 0, 0, 0, 0
4.19166667, 0, 0, 5e+16, 0, 8.96006935e-22, 3.718e+18, 6.44e+20, 4.85, 4, 3.24435714, 96.3960975, 0.866667, 6329.1359, 0, 3.75727033e+16, 9.82113014e-06, 3324.91244, -1.00467685, -4.17816533, 5e+16, 818.408332, -6231.14522, -1108.34132, 300.006221, 96.3960975, 96.3964044, 0.866667, 0.866667, 5e+16, 1.47193398e-19, 3324.91244, 0.650152245, 3304.03272, -3324.81213, -1.13290455e-19, -3303.94646, -24.5226636, -9.33022011e-20, -22.3611902, 0, 1.20003534e-08, 1.20003534e-08, 23162694.9, 22841143.3, -27717.9909, 0.27, 3.332, -293833.543, -3324.81213, -24.5226636, 0, 4.14383745e+16, 0, 0, 0, 0
4.25, 0, 0, 5e+16, 0, 8.95871321e-22, 3.718e+18, 6.44e+20, 4.85, 4, 3.28043214, 96.3963738, 0.866667, 6341.88681, 0, 3.64443544e+16, 1.12473379e-05, 3225.87883, -1.04154253, -4.23230005, 5e+16, 937.256517, -6157.68377, -1456.26494, 300.005738, 96.3963738, 96.396691, 0.866667, 0.866667, 5e+16, 1.64914623e-19, 3225.87883, 0.648201373, 3205.32268, -3225.76209, -1.29900818e-19, -3205.22576, -27.1658908, -1.01337932e-19, -24.4273782, 0, 1.20003259e-08, 1.20003259e-08, 22190340.9, 21760408.3, -35803.4381, 0.27, 3.332, -394129.075, -3225.76209, -27.1658908, 0, 4.16459262e+16, 0, 0, 0, 0
4.31666667, 0, 0, 5e+16, 0, 8.95696735e-22, 3.718e+18, 6.44e+20, 4.85, 4, 3.32138859, 96.3967217, 0.866667, 6341.07972, 0, 3.56231819e+16, 0.00024307326, 3109.53147, -1.08308993, -4.31798832, 5e+16, 20255.7366, -6061.84364, -1860.68831, 300.005115, 96.3967217, 96.3970443, 0.866667, 0.866667, 5e+16, 5.49822518e-18, 3109.53147, 0.645781293, 3089.36211, -3109.24711, -5.0541163e-18, -3089.11837, -39.4245029, -2.16430029e-18, -35.8331076, 0, 1.20002905e-08, 1.20002905e-08, 21221019.7, 20690749.6, -43586.6978, 0.27, 3.332, -486683.382, -3109.24711, -39.4245029, 0, 4.18091868e+16, 0, 0, 0, 0
4.375, 0, 0, 5e+16, 0, 8.95550099e-22, 3.718e+18, 6.44e+20, 4.85, 4, 3.3563036, 96.3970131, 0.866667, 6489.59187, 0, 3.37361323e+16, 0.000289589659, 2955.31745, -1.11941608, -4.39235813, 5e+16, 24132.0361, -5931.92077, -2526.65247, 300.004591, 96.3970131, 96.3973535, 0.866667, 0.866667, 5e+16, 6.31080044e-18, 2955.31745, 0.643603118, 2935.77319, -2954.9729, -5.81976556e-18, -2935.4903, -44.8268472, -2.43763742e-18, -40.1258787, 0, 1.20002608e-08, 1.20002608e-08, 19779664.5, 19062310.5, -56931.7183, 0.27, 3.332, -660422.302, -2954.9729, -44.8268472, 0, 4.21558858e+16, 0, 0, 0, 0
4.44166667, 0, 0, 5e+16, 0, 8.95349106e-22, 3.718e+18, 6.44e+20, 4.85, 4, 3.39569906, 96.397401, 0.866667, 6647.47159, 0, 3.21260803e+16, 0.0113844054, 2705.25026, -1.1600796, -4.48484092, 5e+16, 948739.145, -5667.61976, -3469.04792, 300.003873, 96.397401, 96.3977611, 0.866667, 0.866667, 5e+16, 2.28224414e-16, 2705.25026, 0.640955264, 2686.84904, -2703.83673, -2.01157096e-16, -2685.6202, -79.4577433, -1.07787986e-16, -72.6795323, 0, 1.200022e-08, 1.200022e-08, 17772506.5, 16778791.8, -74429.6374, 0.27, 3.332, -919285.018, -2703.83673, -79.4577433, 0, 4.24918152e+16, 0, 0, 0, 0
4.5, 0, 0, 5e+16, 0, 8.95179704e-22, 3.718e+18, 6.44e+20, 4.85, 4, 3.42826781, 96.3977274, 0.866667, 7459.75336, 0, 2.86944512e+16, 0.0136751474, 2424.14867, -1.19557595, -4.56420935, 5e+16, 1139617.73, -5257.87447, -5110.60045, 300.003268, 96.3977274, 96.3981178, 0.866667, 0.866667, 5e+16, 2.62110967e-16, 2424.14867, 0.638521241, 2407.70299, -2422.36277, -2.31785564e-16, -2406.22755, -92.7426726, -1.22294589e-16, -83.462543, 0, 1.20001856e-08, 1.20001856e-08, 15226605.2, 13905548.1, -96434.3263, 0.27, 3.332, -1224622.74, -2422.36277, -92.7426726, 0, 4.3120899e+16, 0, 0, 0, 0
4.56666667, 0, 0, 5e+16, 0, 8.94956816e-22, 3.718e+18, 6.44e+20, 4.85, 4, 3.46223911, 96.3981654, 0.866667, 9574.49019, 0, 2.42642809e+16, 0.46877539, 1724.54409, -1.23389406, -4.65056801, 5e+16, 42393812.2, -3804.71114, -8626.00933, 300.002471, 96.3981654, 96.3985631, 0.866667, 0.866667, 5e+16, 7.43506145e-15, 1724.54409, 0.635694251, 1713.18328, -1713.57562, -4.90928001e-15, -1703.96165, -166.071811, -5.57999128e-15, -149.773869, 0, 1.20001404e-08, 1.20001404e-08, 10573148.5, 8886808.54, -149665.06, 0.27, 3.332, -1536674.91, -1713.57562, -166.071811, 0, 4.41211121e+16, 0, 0, 0, 0
4.625, 0, 0, 5e+16, 0, 8.94774783e-22, 3.718e+18, 6.44e+20, 4.85, 4, 3.48653481, 96.3985285, 0.866667, 14391.8963, 0, 1.71490244e+16, 0.596968419, 1256.31065, -1.26717621, -4.72203047, 5e+16, 51918251.7, -1567.07289, -14189.2457, 300.001821, 96.3985285, 96.3989528, 0.866667, 0.866667, 5e+16, 8.45544911e-15, 1256.31065, 0.63295157, 1252.74654, -1243.17738, -5.49393052e-15, -1242.55638, -180.630945, -6.42177458e-15, -156.859658, 0, 1.20001034e-08, 1.20001034e-08, 6950057.48, 5685955.91, -172183.302, 0.27, 3.332, -1091918.26, -1243.17738, -180.630945, 0, 4.54403073e+16, 0, 0, 0, 0
4.69166667, 0, 0, 5e+16, 0, 8.94594329e-22, 3.718e+18, 6.44e+20, 4.85, 4, 3.48585884, 96.3989454, 0.866667, 29170.4722, 0, 3.86704897e+15, 7.40946065, 526.889301, -1.30503543, -4.77934126, 5e+16, 2.83922598e+09, 9180.67974, -26952.3185, 300.001176, 96.3989454, 96.3992959, 0.866667, 0.866667, 5e+16, 5.08172916e-13, 526.889301, 0.629590998, 547.176468, -521.443255, 7.98121524e-14, -545.884527, -74.6783243, -5.01555859e-13, -26.3117527, 0, 1.20000668e-08, 1.20000668e-08, 2895834.32, 2083627.46, -127172.045, 0.27, 3.332, -685034.817, -521.443255, -74.6783243, 0, 4.83914493e+16, 0, 0, 0, 0
4.75, 0, 0, 5e+16, 0, 8.94454075e-22, 3.718e+18, 6.44e+20, 4.85, 4, 3.46483252, 96.3992785, 0.866667, 47081.0911, 0, 4.96368938e+14, 45.7488274, 216.843303, -1.33709421, -4.81661209, 5e+16, 4.04893845e+09, 22145.4704, -41540.1014, 300.000674, 96.3992785, 96.3995962, 0.866667, 0.866667, 5e+16, 6.28961873e-13, 216.843303, 0.626343084, 272.816408, -213.773447, 1.1446864e-13, -266.634257, -36.3215821, -6.17691701e-13, 28.927882, 0, 1.20000383e-08, 1.20000383e-08, 836520.123, 285650.021, -49591.732, 0.27, 3.332, -501278.372, -213.773447, -36.3215821, 0, 4.97643534e+16, 0, 0, 0, 0
4.81666667, 0, 0, 5e+16, 0, 8.94354842e-22, 3.718e+18, 6.44e+20, 4.85, 4, 3.22409604, 96.3936512, 0.866667, 92738.5733, 0, 1.68639344e+10, 5137.57651, 23.3569455, -1.36237441, -4.69792673, 5e+16, 1.84645679e+13, 53136.7949, -75743.5671, 300.000319, 96.3995544, 96.3937658, 0.866667, 0.866667, 5e+16, 5.26526367e-09, 23.3569455, 0.622153769, 135.283784, -23.1064258, 1.98442001e-09, -115.395383, -3.4117427, -4.87699416e-09, 69.9451249, 0, 1.20000181e-08, 1.20000181e-08, 74426.3279, -55536.9785, -4881.04164, 0.27, 3.332, -125082.265, -23.1064258, -3.4117427, 0, 4.99820811e+16, 0, 0, 0, 0
4.875, 0, 0, 5e+16, 0, 8.94286994e-22, 3.718e+18, 6.44e+20, 4.85, 4, 2.97226504, 96.3886642, 0.866667, 149318.12, 0, 438326.877, 473956.234, 4.96168197e-06, -1.38348215, -4.56306824, 5e+16, 1.92465365e+13, 88868.1577, -119970.712, 300.000076, 96.3997249, 96.3886642, 0.866667, 0.866667, 5e+16, 7.94848021e-09, 4.96437071e-06, 0.618248392, 163.964282, -4.91075473e-06, 3.92572723e-09, -143.116281, -7.27657699e-07, -6.72930773e-09, 78.3220074, 0, 1.20000043e-08, 1.20000043e-08, 0.00297640931, -0.141665697, -0.000532289571, 0.27, 3.332, -0.144109824, -4.906829e-06, -7.34387009e-07, 0, 5e+16, 0, 0, 0, 0
4.94166667, 0, 0, 5e+16, 0, 8.9427476e-22, 3.718e+18, 6.44e+20, 4.85, 4, 2.169298, 83.6136244, 0.866667, 206783.748, 0, 71.8052341, 88456793.7, 0.000104015848, -1.40921056, -3.89528569, 5e+16, 7.83187977e+11, 84183.2966, -185879.749, 300.000032, 96.2864016, 83.6136244, 0.866667, 0.866667, 5e+16, 0.000104007602, 1.23725127e-08, 0.613273276, 219.698653, -1.22399291e-08, -1.95289277e-06, -127.394446, -1.80643471e-09, -0.000103988399, 158.276513, 0, 1.20000018e-08, 1.20000018e-08, 14.6410483, 27.2072924, 1.39599609, 0.27, 3.332, 11.170248, -1.9651327e-06, -0.000103990205, 0, 5e+16, 0, 0, 0, 0
5, 0, 0, 5e+16, 0, 8.94266929e-22, 3.718e+18, 6.44e+20, 4.85, 4, 1.30029731, 72.4354645, 0.866667, 249038.125, 0, -3.02517789e-13, 5.60890756e+13, 32.0207575, -1.43056546, -3.37167599, 5e+16, -0.0476990166, 59174.9083, -241567.732, 300.000004, 95.8129126, 72.4354645, 0.866667, 0.866667, 5e+16, 32.0207575, -7.53531344e-22, 0.60859103, 275.752577, -1.33930657e-31, -32.0206555, -136.664591, -1.98087151e-32, -0.000162454647, 235.736568, 0, 1.20000002e-08, 1.20000002e-08, 31892.9764, 442490.386, 432386.169, 0.27, 3.332, -21788.7601, -32.0206555, -0.000162454647, 0, 5e+16, 0, 0, 0, 0
5.06666667, 0, 0, 5e+16, 0, 8.942701e-22, 3.718e+18, 6.44e+20, 4.85, 4, 1.27962488, 75.341716, 0.866667, 257464.876, 0, 3.39314062e-23, 2.09507586e+14, 32.0222112, -1.50166543, -3.38507184, 5e+16, 2.82761686e-15, 22861.7109, -255220.795, 300.000016, 95.9263739, 75.341716, 0.866667, 0.866667, 5e+16, 32.0222112, 1.836823e-34, 0.602838282, 223.000654, -1.81746043e-34, -32.020717, -99.6073171, -2.66000546e-35, -0.00161481088, 191.05711, 0, 1.20000009e-08, 1.20000009e-08, 32089.3558, 442841.35, 432404.082, 0.27, 3.332, -21652.0877, -32.020717, -0.00161481088, 0, 5e+16, 0, 0, 0, 0
5.125, 0, 0, 5e+16, 0, 8.94273137e-22, 3.718e+18, 6.44e+20, 4.85, 4, 1.28110066, 77.8846861, 0.866667, 251211.969, 0, 3.39313199e-23, 2.36546869e+14, 75.8720157, -1.56214938, -3.38968843, 5e+16, 2.82760965e-15, -1543.00321, -251207.205, 300.000027, 96.3999907, 77.8846861, 0.866667, 0.866667, 5e+16, 75.8720157, 1.83681915e-34, 0.597304457, 184.866848, -1.8174566e-34, -75.8705216, -90.2042567, -2.65999989e-35, -0.00244994726, 147.337779, 0, 1.20000015e-08, 1.20000015e-08, 85602.0804, 225441.021, 159830.505, 0.27, 3.332, -19991.5649, -75.8705216, -0.00244994726, 0, 5e+16, 0, 0, 0, 0
5.19166667, 0, 0, 5e+16, 0, 8.94271528e-22, 3.718e+18, 6.44e+20, 4.85, 4, 1.30660901, 75.4137419, 0.866667, 258399.406, 0, 1.42400533e-25, 4.9524716e+14, 75.8791995, -1.66312435, -3.43429914, 5e+16, 1.18667104e-17, -3317.4189, -258373.814, 300.000022, 96.3999891, 75.4137419, 0.866667, 0.866667, 5e+16, 75.8791995, 1.15006473e-36, 0.590848755, 146.226948, -1.13489599e-36, -75.8708365, -88.9518476, -1.8615277e-37, -0.00962683904, 108.362303, 0, 1.20000012e-08, 1.20000012e-08, 86656.335, 227185.31, 159905.504, 0.27, 3.332, -19376.5291, -75.8708365, -0.00962683904, 0, 5e+16, 0, 0, 0, 0
5.25, 0, 0, 5e+16, 0, 8.94270301e-22, 3.718e+18, 6.44e+20, 4.85, 4, 1.31237691, 73.2516657, 0.866667, 268259.163, 0, 1.4267645e-25, 4.92401426e+14, 110.094287, -1.59592307, -3.43991793, 5e+16, 1.18897891e-17, -3741.98923, -268230.48, 300.000017, 96.3999873, 73.2516657, 0.866667, 0.866667, 5e+16, 110.094287, 1.15470975e-36, 0.584560998, 158.971652, -1.13030196e-36, -110.085924, -122.18693, -1.8683935e-37, -0.0138758531, 73.0061657, 0, 1.20000009e-08, 1.20000009e-08, 178205.575, 486176.086, 302837.736, 0.27, 3.332, 5132.77462, -110.085924, -0.0138758531, 0, 5e+16, 0, 0, 0, 0
5.31666667, 0, 0, 5e+16, 0, 8.94269369e-22, 3.718e+18, 6.44e+20, 4.85, 4, 1.34783802, 70.1644156, 0.866667, 281462.689, 0, 1.77533171e-23, 1.02774563e+15, 110.123445, -1.56484892, -3.49440171, 5e+16, 1.47944311e-15, -4190.78288, -281427.885, 300.000014, 96.3999899, 70.1644156, 0.866667, 0.866667, 5e+16, 110.123445, 1.83465618e-34, 0.577516988, 128.41861, 1.81157807e-34, -110.086984, -122.754992, -2.9008309e-35, -0.0430147086, 28.4733171, 0, 1.20000008e-08, 1.20000008e-08, 183050.421, 493594.665, 303103.607, 0.27, 3.332, 7440.63626, -110.086984, -0.0430147086, 0, 5e+16, 0, 0, 0, 0
5.375, 0, 0, 5e+16, 0, 8.94268449e-22, 3.718e+18, 6.44e+20, 4.85, 4, 1.35652653, 67.4630718, 0.866667, 293617.737, 0, 1.82871069e-23, 1.02340769e+15, 142.489395, -1.48226129, -3.50298077, 5e+16, 1.52408812e-15, -4372.58385, -293581.746, 300.00001, 96.3999921, 67.4630718, 0.866667, 0.866667, 5e+16, 142.489395, 1.9251034e-34, 0.570680612, 156.138555, 1.90103055e-34, -142.452932, -155.078298, -3.03460409e-35, -0.0606162038, -9.34802914, 0, 1.20000006e-08, 1.20000006e-08, 294152.091, 442107.769, 137169.283, 0.27, 3.332, 10786.3954, -142.452932, -0.0606162038, 0, 5e+16, 0, 0, 0, 0
5.44166667, 0, 0, 5e+16, 0, 8.94268246e-22, 3.718e+18, 6.44e+20, 4.85, 4, 1.39498336, 64.5743737, 0.866667, 307961.681, 0, 6.23581815e-20, 1.93916694e+15, 142.58627, -1.40815368, -3.55796018, 5e+16, 5.1965151e-12, -4510.18153, -307925.68, 300.000009, 96.3999933, 64.5743737, 0.866667, 0.866667, 5e+16, 142.58627, 6.58198233e-31, 0.563282372, 198.386412, 6.5037247e-31, -142.456104, -155.711933, -1.01195677e-31, -0.157439738, -56.7117007, 0, 1.20000005e-08, 1.20000005e-08, 315575.142, 471409.467, 137930.771, 0.27, 3.332, 17903.5537, -142.456104, -0.157439738, 0, 5e+16, 0, 0, 0, 0
5.5, 0, 0, 5e+16, 0, 8.94268004e-22, 3.718e+18, 6.44e+20, 4.85, 4, 1.40494754, 62.0467629, 0.866667, 320655.145, 0, 6.34617533e-20, 1.93646258e+15, 155.620375, -1.32601875, -3.56788825, 5e+16, 5.28881341e-12, -4574.23618, -320619.118, 300.000008, 96.3999945, 62.0467629, 0.866667, 0.866667, 5e+16, 155.620375, 6.76980619e-31, 0.5562245, 218.154562, 6.68948271e-31, -155.490189, -169.121898, -1.0397374e-31, -0.217084676, -97.4999539, 0, 1.20000005e-08, 1.20000005e-08, 378101.397, 457211.674, 49777.8795, 0.27, 3.332, 29332.3968, -155.490189, -0.217084676, 0, 5e+16, 0, 0, 0, 0
5.56666667, 0, 0, 5e+16, 0, 8.94268213e-22, 3.718e+18, 6.44e+20, 4.85, 4, 1.44424456, 59.5055949, 0.866667, 335290.791, 0, 2.33753979e-16, 3.51427039e+15, 155.925402, -1.25185447, -3.62259228, 5e+16, 1.94794978e-08, -4626.39321, -335256.211, 300.000009, 96.3999945, 59.5055949, 0.866667, 0.866667, 5e+16, 155.925402, 2.49763946e-27, 0.548724874, 266.529695, 2.46897055e-27, -155.49765, -169.533796, -3.77342459e-28, -0.522025213, -146.31175, 0, 1.20000005e-08, 1.20000005e-08, 480982.22, 582866.455, 51823.5233, 0.27, 3.332, 50060.7115, -155.49765, -0.522025213, 0, 5e+16, 0, 0, 0, 0
5.625, 0, 0, 5e+16, 0, 8.94268359e-22, 3.718e+18, 6.44e+20, 4.85, 4, 1.45459995, 57.2820729, 0.866667, 348151.872, 0, 2.36088423e-16, 3.51279805e+15, 160.400133, -1.16983402, -3.63293683, 5e+16, 1.967474e-08, -4653.4688, -348117.585, 300.00001, 96.3999946, 57.2820729, 0.866667, 0.866667, 5e+16, 160.400133, 2.53746066e-27, 0.541723814, 287.160792, 2.50835377e-27, -159.972169, -174.285104, -3.83232268e-28, -0.713073852, -188.954036, 0, 1.20000006e-08, 1.20000006e-08, 580900.796, 714622.936, 46962.97, 0.27, 3.332, 86759.1716, -159.972169, -0.713073852, 0, 5e+16, 0, 0, 0, 0
5.69166667, 0, 0, 5e+16, 0, 8.94269105e-22, 3.718e+18, 6.44e+20, 4.85, 4, 1.49440032, 55.0597823, 0.866667, 362971.639, 0, 9.10749242e-13, 5.65759733e+15, 161.105457, -1.09564057, -3.68505793, 5e+16, 7.5895766e-05, -4710.61023, -362938.512, 300.000013, 96.3999936, 55.0597823, 0.866667, 0.866667, 5e+16, 161.105457, 9.79915563e-24, 0.534313856, 336.995807, 9.68899066e-24, -159.989551, -174.703038, -1.46523433e-24, -1.41818433, -238.943793, 0, 1.20000008e-08, 1.20000008e-08, 860327.577, 1042667.29, 51051.4799, 0.27, 3.332, 131288.231, -159.989551, -1.41818433, 0, 5e+16, 0, 0, 0, 0
5.75, 0, 0, 5e+16, 0, 8.94269712e-22, 3.718e+18, 6.44e+20, 4.85, 4, 1.5049394, 53.1152781, 0.866667, 376010.348, 0, 9.15741868e-13, 5.65685204e+15, 164.487974, -1.01367144, -3.69559361, 5e+16, 7.63133256e-05, -4741.91282, -375977.439, 300.000015, 96.3999929, 53.1152781, 0.866667, 0.866667, 5e+16, 164.487974, 9.88442198e-24, 0.527525958, 364.354839, 9.77331924e-24, -163.370709, -178.346786, -1.47784546e-24, -1.86627262, -282.978972, 0, 1.20000008e-08, 1.20000008e-08, 1113573.57, 1423186, 98684.0847, 0.27, 3.332, 210928.336, -163.370709, -1.86627262, 0, 5e+16, 0, 0, 0, 0
5.81666667, 0, 0, 5e+16, 0, 8.94271767e-22, 3.718e+18, 6.44e+20, 4.85, 4, 1.54558286, 51.1482747, 0.866667, 391132.578, 0, 3.73385978e-09, 8.9983772e+15, 166.245825, -0.939618892, -3.74823698, 5e+16, 0.311154943, -4836.49926, -391100.102, 300.000022, 96.3999899, 51.1482747, 0.866667, 0.866667, 5e+16, 166.245825, 4.03360294e-20, 0.520316987, 416.578144, 3.98880404e-20, -163.408397, -178.946668, -5.99495667e-21, -3.62372636, -335.27262, 0, 1.20000013e-08, 1.20000013e-08, 1846933.55, 2268110.52, 107366.919, 0.27, 3.332, 313810.05, -163.408397, -3.62372636, 0, 5e+16, 0, 0, 0, 0
5.875, 0, 0, 5e+16, 0, 8.94273402e-22, 3.718e+18, 6.44e+20, 4.85, 4, 1.5563744, 49.4271467, 0.866667, 404489.107, 0, 3.74467919e-09, 8.9987118e+15, 171.43732, -0.857743089, -3.75902947, 5e+16, 0.312059828, -4886.90309, -404456.671, 300.000028, 96.3999876, 49.4271467, 0.866667, 0.866667, 5e+16, 171.43732, 4.05209304e-20, 0.51380445, 451.963536, 4.00709079e-20, -168.591303, -184.520864, -6.02230331e-21, -4.75471854, -381.720236, 0, 1.20000016e-08, 1.20000016e-08, 2486650.97, 3210634.35, 226213.865, 0.27, 3.332, 497769.524, -168.591303, -4.75471854, 0, 5e+16, 0, -5.74813853e-26, 0, 0
5.94166667, 0, 0, 5e+16, 0, 8.94278273e-22, 3.718e+18, 6.44e+20, 4.85, 4, 1.5984201, 47.6577748, 0.866667, 420107.386, 0, 1.65399448e-05, 1.3550862e+16, 175.163366, -0.784025569, -3.81165817, 5e+16, 1378.32835, -5032.33381, -420074.57, 300.000046, 96.3999804, 47.6577748, 0.866667, 0.866667, 5e+16, 175.163366, 2.65333225e-17, 0.506849771, 507.480451, 6.41035907e-19, -168.674835, -185.429077, -2.65254245e-17, -8.47982862, -437.266231, 0, 1.20000026e-08, 1.20000026e-08, 4156715.71, 5098382.33, 241561.9, 0.27, 3.332, 700104.724, -168.674835, -8.47982862, 0, 5e+16, 0, 1.07863811e-12, 0, 0
6, 0, 0, 5e+16, 0, 8.94282087e-22, 3.718e+18, 6.44e+20, 4.85, 4, 1.60962237, 46.1095744, 0.866667, 433966.163, -9.84286696e-13, 1.65638712e-05, 1.35544775e+16, 183.615818, -0.702316157, -3.82286733, 5e+16, 1380.32945, -5109.62838, -433933.174, 300.000059, 96.3999748, 46.1095744, 0.866667, 0.866667, 5e+16, 183.615818, 2.69423748e-17, 0.500626524, 551.090155, 1.0455899e-18, -177.085711, -194.528638, -2.65859213e-17, -10.907305, -487.232452, 0, 1.20000034e-08, 1.20000034e-08, 5604042.97, 7151833.94, 486639.381, 0.27, 3.332, 1061151.6, -177.085711, -10.907305, 0, 5e+16, -1.21816437e-24, 1.07863811e-12, 0, 0
6.06666667, 0, 0, 5e+16, 0, 8.94294633e-22, 3.718e+18, 6.44e+20, 4.85, 4, 1.65377053, 44.4927729, 0.866667, 450289.443, 111332.708, 0.000683708219, 2.04243748e+16, 192.121864, -0.695150341, -3.87761509, 5e+16, 56975.6644, -5301.74703, -450255.416, 300.000104, 96.3999568, 44.4927729, 0.866667, 0.866667, 5e+16, 192.121864, 1.19537839e-15, 0.493950037, 612.452826, -8.02236199e-18, -177.240729, -195.476482, -1.19499996e-15, -19.4119758, -548.61488, 0, 1.20000059e-08, 1.20000059e-08, 9681248.83, 11683254, 514901.723, 0.27, 3.332, 1487103.5, -177.240729, -19.4119758, 0, 5e+16, 1.5239235e-11, 1.92935277e-11, 0, 0
6.125, 0, 0, 5e+16, 0, 8.94304336e-22, 3.718e+18, 6.44e+20, 4.85, 4, 1.66562096, 43.0780715, 0.866667, 464830.907, 111332.708, 0.00073831302, 2.04410376e+16, 204.34038, -0.613709203, -3.88948659, 5e+16, 61542.6271, -5402.27449, -464796.541, 300.000138, 96.3999428, 43.0780715, 0.866667, 0.866667, 5e+16, 204.34038, 1.33337766e-15, 0.488013132, 665.526138, -5.66875133e-20, -189.252647, -208.418137, -1.33309461e-15, -25.0162192, -604.982572, 0, 1.20000079e-08, 1.20000079e-08, 13205181.3, 16492330.6, 1041472.95, 0.27, 3.332, 2245676.4, -189.252647, -25.0162192, 0, 5e+16, 1.5239235e-11, 2.8511163e-11, 0, 0
6.19166667, 0, 0, 5e+16, 0, 8.94328644e-22, 3.718e+18, 6.44e+20, 4.85, 4, 1.71238501, 41.5872056, 0.866667, 482035.602, 622732.468, 0.0155839256, 2.82358244e+16, 218.595103, -0.61741321, -3.94460197, 5e+16, 1298805.44, -5649.98961, -481999.455, 300.000225, 96.3999047, 41.5872056, 0.866667, 0.866667, 5e+16, 218.595103, 2.73542888e-14, 0.481624558, 730.55927, -4.95266647e-16, -189.533835, -209.399844, -2.73493751e-14, -39.2681692, -670.028076, 0, 1.20000128e-08, 1.20000128e-08, 20644483.7, 24632004, 1079081.81, 0.27, 3.332, 2908438.53, -189.533835, -39.2681692, 0, 5e+16, 1.94585924e-10, 2.70477239e-10, 0, 0
6.25, 0, 0, 5e+16, 0, 8.94347354e-22, 3.718e+18, 6.44e+20, 4.85, 4, 1.72506815, 40.282698, 0.866667, 497416.406, 622732.468, 0.0168043139, 2.82820939e+16, 236.518894, -0.592093746, -3.95732744, 5e+16, 1400864.06, -5785.91153, -497379.664, 300.000293, 96.3998753, 40.282698, 0.866667, 0.866667, 5e+16, 236.518894, 3.04436346e-14, 0.475966694, 792.235879, -3.58626776e-16, -206.80802, -228.029531, -3.04357153e-14, -48.7567677, -731.44953, 0, 1.20000166e-08, 1.20000166e-08, 27109793.9, 33177751.6, 1982239.82, 0.27, 3.332, 4085717.93, -206.80802, -48.7567677, 0, 5e+16, 1.29651871e-09, 3.7125851e-10, 0, 0
6.31666667, 0, 0, 5e+16, 0, 8.94399921e-22, 3.718e+18, 6.44e+20, 4.85, 4, 1.77530182, 38.8943182, 0.866667, 515683.709, 3111520.75, 0.270516301, 3.85836278e+16, 262.872362, -0.602592121, -4.01559051, 5e+16, 23208060.8, -6088.65185, -515644.48, 300.000481, 96.3997958, 38.8943182, 0.866667, 0.866667, 5e+16, 262.872362, 4.92306076e-13, 0.469875957, 864.179748, -1.30829594e-14, -207.282893, -228.986234, -4.92123898e-13, -75.1059836, -803.404909, 0, 1.20000273e-08, 1.20000273e-08, 41871622.5, 49130673.6, 2034067.54, 0.27, 3.332, 5224983.59, -207.282893, -75.1059836, 0, 5e+16, 3.53053401e-09, 2.75431095e-09, 0, 0
6.375, 0, 0, 5e+16, 0, 8.9444026e-22, 3.718e+18, 6.44e+20, 4.85, 4, 1.78921341, 37.6794858, 0.866667, 532061.456, 3111520.75, 0.294612441, 3.87180619e+16, 289.387225, -0.580857052, -4.029592, 5e+16, 25148506.3, -6257.83468, -532021.397, 300.000625, 96.3997348, 37.6794858, 0.866667, 0.866667, 5e+16, 289.387225, 5.5101259e-13, 0.464495581, 938.392102, -1.13656666e-14, -231.744304, -255.304713, -5.50805665e-13, -92.814992, -874.094808, 0, 1.20000355e-08, 1.20000355e-08, 54763902.1, 65683850.3, 3676314.51, 0.27, 3.332, 7243633.67, -231.744304, -92.814992, 0, 5e+16, 1.14496644e-08, 3.7498883e-09, 0, 0
6.44166667, 0, 0, 5e+16, 0, 8.94538139e-22, 3.718e+18, 6.44e+20, 4.85, 4, 1.84350848, 36.3835485, 0.866667, 551518.869, 13541124.5, 2.07383579, 5.02293255e+16, 329.944575, -0.5982183, -4.09061577, 5e+16, 338587459, -6630.55183, -551475.389, 300.000975, 96.3995792, 36.3835485, 0.866667, 0.866667, 5e+16, 329.944575, 7.20683128e-12, 0.458718385, 1013.86388, -2.48848645e-13, -232.53786, -256.34845, -7.20240328e-12, -133.364581, -949.572228, 0, 1.20000553e-08, 1.20000553e-08, 79447419.8, 92064109, 3731499.83, 0.27, 3.332, 8885189.64, -232.53786, -133.364581, 0, 5e+16, 3.16472406e-08, 2.39819773e-08, 0, 0
6.5, 0, 0, 5e+16, 0, 8.94613207e-22, 3.718e+18, 6.44e+20, 4.85, 4, 1.85898225, 35.2496033, 0.866667, 568998.787, 13546343.5, 2.90535032, 5.05463835e+16, 371.193647, -0.581050198, -4.10625221, 5e+16, 367178681, -6856.47736, -568954.039, 300.001243, 96.3994599, 35.2496033, 0.866667, 0.866667, 5e+16, 371.193647, 8.07157814e-12, 0.453622847, 1101.05749, -2.32070621e-13, -269.055188, -295.465142, -8.06699065e-12, -160.861422, -1027.63451, 0, 1.20000706e-08, 1.20000706e-08, 101166912, 119272606, 6321519.7, 0.27, 3.332, 11784174.9, -269.055188, -160.861422, 0, 5e+16, 9.13899238e-08, 3.23887905e-08, 0, 0
6.56666667, 0, 0, 5e+16, 0, 8.94810371e-22, 3.718e+18, 6.44e+20, 4.85, 4, 1.91849114, 34.0367823, 0.866667, 589735.659, 53784608, 11.0625039, 6.48433664e+16, 437.879428, -0.606618758, -4.17219962, 5e+16, 3.97681999e+09, -7265.30848, -589687.065, 300.001948, 96.3991549, 34.0367823, 0.866667, 0.866667, 5e+16, 437.879428, 8.54259041e-11, 0.448191594, 1186.27863, -3.48409799e-12, -270.198155, -296.200203, -8.53530862e-11, -227.537496, -1112.87075, 0, 1.20001106e-08, 1.20001106e-08, 144759441, 165452015, 6375566.35, 0.27, 3.332, 14317008.8, -270.198155, -227.537496, 0, 5e+16, 2.34644844e-07, 1.79979736e-07, 0, 0
6.625, 0, 0, 5e+16, 0, 8.94961627e-22, 3.718e+18, 6.44e+20, 4.85, 4, 1.93631284, 32.9755639, 0.866667, 608367.058, 56309028.4, 32.1030483, 6.56147034e+16, 497.407861, -0.593719822, -4.19032699, 5e+16, 4.33729847e+09, -7511.42734, -608317.04, 300.002488, 96.3989209, 32.9755639, 0.866667, 0.866667, 5e+16, 497.407861, 9.63251279e-11, 0.443404675, 1292.2355, -3.38364439e-12, -318.766918, -347.462178, -9.62518978e-11, -273.085486, -1205.60516, 0, 1.20001414e-08, 1.20001414e-08, 183301778, 212604425, 10523845.1, 0.27, 3.332, 18778801.8, -318.766918, -273.085486, 0, 5e+16, 6.25842786e-07, 2.41748482e-07, 0, 0
6.69166667, 0, 0, 5e+16, 0, 8.95271928e-22, 3.718e+18, 6.44e+20, 4.85, 4, 2.00092425, 31.849946, 0.866667, 630351.287, 194412640, 106.496603, 7.92311427e+16, 580.999641, -0.627339017, -4.25981209, 5e+16, 3.77580279e+10, -7979.70124, -630296.609, 300.003596, 96.3983966, 31.849946, 0.866667, 0.866667, 5e+16, 580.999641, 8.15492572e-10, 0.438350373, 1374.53138, -3.86766123e-11, -320.330209, -348.164614, -8.14555023e-10, -356.662649, -1287.91159, 0, 1.20002043e-08, 1.20002043e-08, 243415092, 275783576, 10557508, 0.27, 3.332, 21810976.6, -320.330209, -356.662649, 0, 5e+16, 1.50733556e-06, 1.16942996e-06, 0, 0
6.75, 0, 0, 5e+16, 0, 8.95510199e-22, 3.718e+18, 6.44e+20, 4.85, 4, 2.02116278, 30.8650304, 0.866667, 650088.312, 692870967, 309.350009, 8.0621309e+16, 666.337601, -0.619983512, -4.28050021, 5e+16, 4.12205771e+10, -8296.0654, -650031.593, 300.004448, 96.397994, 30.8650304, 0.866667, 0.866667, 5e+16, 666.337601, 9.20148277e-10, 0.43389676, 1493.4327, -3.85056343e-11, -389.42596, -420.020149, -9.19210966e-10, -414.099031, -1383.74751, 0, 1.20002526e-08, 1.20002526e-08, 296910153, 340000194, 15957160.4, 0.27, 3.332, 27132880.8, -389.42596, -414.099031, 0, 5e+16, 3.73294789e-06, 1.55994764e-06, 0, 0
6.81666667, 0, 0, 5e+16, 0, 8.96040755e-22, 3.718e+18, 6.44e+20, 4.85, 4, 2.09238376, 29.820585, 0.866667, 673332.158, 2.17275363e+09, 930.32746, 9.53349402e+16, 778.510098, -0.662745144, -4.35605283, 5e+16, 2.98347612e+11, -8844.42183, -673269.596, 300.006342, 96.3971258, 29.820585, 0.866667, 0.866667, 5e+16, 778.510098, 6.48569862e-09, 0.42925142, 1581.92362, -3.49780564e-10, -391.477548, -421.739622, -6.47607053e-09, -526.252767, -1472.22321, 0, 1.20003602e-08, 1.20003602e-08, 384206553, 431240325, 15963839.1, 0.27, 3.332, 31069933.2, -391.477548, -526.252767, 0, 5e+16, 8.48878223e-06, 6.63645626e-06, 0, 0
6.875, 0, 0, 5e+16, 0, 8.96449147e-22, 3.718e+18, 6.44e+20, 4.85, 4, 2.11628574, 28.9066953, 0.866667, 694196.937, 1.52789168e+10, 2493.79171, 9.79340807e+16, 902.186261, -0.661160476, -4.38065004, 5e+16, 3.26389555e+11, -9218.96892, -694131.764, 300.0078, 96.396458, 28.9066953, 0.866667, 0.866667, 5e+16, 902.186261, 7.33281965e-09, 0.4251578, 1728.13793, -3.54004793e-10, -491.690657, -525.188419, -7.32318388e-09, -603.683709, -1580.28291, 0, 1.2000443e-08, 1.2000443e-08, 462310593, 523394323, 23125255.5, 0.27, 3.332, 37958473.7, -491.690657, -603.683709, 0, 5e+16, 1.96400495e-05, 8.78892245e-06, 0, 0
6.94166667, 0, 0, 5e+16, 0, 8.97248484e-22, 3.718e+18, 6.44e+20, 4.85, 4, 2.19463964, 27.9396937, 0.866667, 718719.585, 4.3159191e+10, 6856.10685, 1.11898564e+17, 1033.08297, -0.713376812, -4.46244696, 5e+16, 1.99343939e+12, -9893.30721, -718646.532, 300.010649, 96.3950865, 27.9396937, 0.866667, 0.866667, 5e+16, 1033.08297, 4.35178846e-08, 0.420959199, 1817.26065, -2.69981765e-09, -494.407458, -528.556148, -4.34323963e-08, -734.552482, -1669.34865, 0, 1.20006049e-08, 1.20006049e-08, 574143785, 639750412, 23108167.3, 0.27, 3.332, 42498459.8, -494.407458, -734.552482, 0, 5e+16, 4.20212942e-05, 3.32240034e-05, 0, 0
7, 0, 0, 5e+16, 0, 8.97865467e-22, 3.718e+18, 6.44e+20, 4.85, 4, 2.22268238, 27.0935673, 0.866667, 740728.003, 2.68262716e+11, 16789.907, 1.16041391e+17, 1212.03111, -0.718271659, -4.49142927, 5e+16, 2.1791064e+12, -10396.7976, -740650.972, 300.012849, 96.3940287, 27.0935673, 0.866667, 0.866667, 5e+16, 1212.03111, 4.91222217e-08, 0.417258726, 2002.34147, -2.76469671e-09, -649.020364, -686.858087, -4.9036381e-08, -825.169026, -1785.20282, 0, 1.20007298e-08, 1.20007298e-08, 674920806, 757134853, 31809116.6, 0.27, 3.332, 50404930.3, -649.020364, -825.169026, 0, 5e+16, 9.14502723e-05, 4.3622876e-05, 0, 0
7.06666667, 0, 0, 5e+16, 0, 8.9915628e-22, 3.718e+18, 6.44e+20, 4.85, 4, 2.31073018, 26.1967754, 0.866667, 766610.669, 7.02715004e+11, 42717.2372, 1.31020194e+17, 1376.00354, -0.782189675, -4.58261086, 5e+16, 1.15154101e+13, -11179.4943, -766523.869, 300.01744, 96.3918772, 26.1967754, 0.866667, 0.866667, 5e+16, 1376.00354, 2.52624623e-07, 0.4135598, 2109.9165, -1.77619862e-08, -652.374975, -692.555727, -2.51987307e-07, -989.107257, -1892.66125, 0, 1.20009906e-08, 1.20009906e-08, 826050531, 913910828, 31766861.8, 0.27, 3.332, 56093435.1, -652.374975, -989.107257, 0, 5e+16, 0.00018606464, 0.000148564186, 0, 0
7.125, 0, 0, 5e+16, 0, 9.00155905e-22, 3.718e+18, 6.44e+20, 4.85, 4, 2.34503089, 25.4120825, 0.866667, 789855.093, 3.99567832e+12, 98020.8619, 1.37753367e+17, 1623.30437, -0.795027769, -4.61820663, 5e+16, 1.25894169e+13, -11736.4036, -789763.579, 300.020998, 96.3902122, 25.4120825, 0.866667, 0.866667, 5e+16, 1623.30437, 2.84999042e-07, 0.410298246, 2357.67993, -1.83103507e-08, -872.003965, -916.482334, -2.84357196e-07, -1102.78318, -2031.43787, 0, 1.20011927e-08, 1.20011927e-08, 962843847, 1.07115415e+09, 42334438.6, 0.27, 3.332, 65975869.7, -872.003965, -1102.78318, 0, 5e+16, 0.000383900763, 0.000193198469, 0, 0
7.19166667, 0, 0, 5e+16, 0, 9.01926612e-22, 3.718e+18, 6.44e+20, 4.85, 4, 2.44286506, 24.5766157, 0.866667, 817280.087, 9.63351508e+12, 232265.027, 1.5123712e+17, 1797.94361, -0.870574094, -4.71844852, 5e+16, 5.82383246e+13, -12707.1806, -817175.281, 300.027276, 96.3870695, 24.5766157, 0.866667, 0.866667, 5e+16, 1797.94361, 1.28147883e-06, 0.407149043, 2472.6996, -1.04578474e-07, -876.232266, -925.694078, -1.27711716e-06, -1277.37281, -2146.22234, 0, 1.20015493e-08, 1.20015493e-08, 1.14103074e+09, 1.2555059e+09, 42286773.9, 0.27, 3.332, 72188387.8, -876.232266, -1277.37281, 0, 5e+16, 0.000744874773, 0.000602579303, 0, 0
7.25, 0, 0, 5e+16, 0, 9.03302275e-22, 3.718e+18, 6.44e+20, 4.85, 4, 2.48322882, 23.8455823, 0.866667, 841957.922, 4.95700078e+13, 495836.884, 1.60362319e+17, 2152.13189, -0.89134477, -4.76032619, 5e+16, 6.35191462e+13, -13454.2317, -841845.938, 300.032159, 96.384629, 23.8455823, 0.866667, 0.866667, 5e+16, 2152.13189, 1.4403405e-06, 0.404372853, 2818.51086, -1.08343716e-07, -1211.58975, -1266.57483, -1.43593516e-06, -1398.51292, -2300.74396, 0, 1.20018267e-08, 1.20018267e-08, 1.30408796e+09, 1.44142236e+09, 54420261.4, 0.27, 3.332, 82914137.5, -1211.58975, -1398.51292, 0, 5e+16, 0.00146893507, 0.000775628494, 0, 0
7.31666667, 0, 0, 5e+16, 0, 9.0593004e-22, 3.718e+18, 6.44e+20, 4.85, 4, 2.59534893, 23.060434, 0.866667, 871300.808, 1.13261777e+14, 1117096.52, 1.74371356e+17, 2355.30969, -0.982487325, -4.87460202, 5e+16, 2.67694127e+14, -14784.3806, -871168.151, 300.041435, 96.3801323, 23.060434, 0.866667, 0.866667, 5e+16, 2355.30968, 5.90410392e-06, 0.401830624, 2967.55638, -5.67091929e-07, -1217.2821, -1283.48655, -5.87624267e-06, -1601.61566, -2449.23944, 0, 1.20023536e-08, 1.20023536e-08, 1.52889273e+09, 1.6736255e+09, 54365828.2, 0.27, 3.332, 90366945.4, -1217.2821, -1601.61567, 0, 5e+16, 0.00275568322, 0.0022614166, 0, 0
7.375, 0, 0, 5e+16, 0, 9.07980542e-22, 3.718e+18, 6.44e+20, 4.85, 4, 2.64516386, 22.3734292, 0.866667, 897835.449, 5.47597343e+14, 2274607.41, 1.87216387e+17, 2911.50099, -1.01393686, -4.9262534, 5e+16, 2.91378718e+14, -15786.2511, -897691.782, 300.048684, 96.3766249, 22.3734292, 0.866667, 0.866667, 5e+16, 2911.50098, 6.61424785e-06, 0.399596259, 3515.04898, -5.8921513e-07, -1762.90453, -1839.6368, -6.58604819e-06, -1742.52554, -2643.79865, 0, 1.20027653e-08, 1.20027653e-08, 1.73797878e+09, 1.90977412e+09, 68661572.1, 0.27, 3.332, 103133766, -1762.90453, -1742.52554, 0, 5e+16, 0.00526022217, 0.00288011794, 0, 0
7.44166667, 0, 0, 5e+16, 0, 9.11632106e-22, 3.718e+18, 6.44e+20, 4.85, 4, 2.77582334, 21.6213595, 0.866667, 929834.598, 1.20092542e+15, 4960657.38, 2.01166872e+17, 3138.45685, -1.12446528, -5.05875795, 5e+16, 1.15675433e+15, -17781.5047, -929654.69, 300.061492, 96.3702413, 21.6213595, 0.866667, 0.866667, 5e+16, 3138.45682, 2.55524361e-05, 0.397760224, 3708.81688, -3.02695418e-06, -1771.49004, -1877.19103, -2.53687159e-05, -1969.3425, -2835.81046, 0, 1.20034929e-08, 1.20034929e-08, 2.01350709e+09, 2.19394937e+09, 68613665.1, 0.27, 3.332, 111828615, -1771.49004, -1969.34253, 0, 5e+16, 0.0096678149, 0.00805776195, 0, 0
7.5, 0, 0, 5e+16, 0, 9.14496844e-22, 3.718e+18, 6.44e+20, 4.85, 4, 2.8375353, 20.9632985, 0.866667, 959045.092, 5.58682997e+15, 9750687.49, 2.18182446e+17, 4130.22683, -1.16872917, -5.12256762, 5e+16, 1.25588401e+15, -19363.2964, -958844.26, 300.071562, 96.365235, 20.9632985, 0.866667, 0.866667, 5e+16, 4130.2268, 2.85093746e-05, 0.396172885, 4704.52371, -3.15382619e-06, -2768.48551, -2901.77445, -2.83229968e-05, -2126.71116, -3096.68714, 0, 1.20040649e-08, 1.20040649e-08, 2.28067388e+09, 2.49437326e+09, 87264197.3, 0.27, 3.332, 126435183, -2768.48552, -2126.71119, 0, 5e+16, 0.0181294042, 0.0101705858, 0, 0
7.56666667, 0, 0, 5e+16, 0, 9.19993389e-22, 3.718e+18, 6.44e+20, 4.85, 4, 2.99891834, 20.2257276, 0.866667, 994780.84, 1.20851334e+16, 20938716.7, 2.34550394e+17, 4413.6528, -1.31039194, -5.28580173, 5e+16, 4.84998348e+15, -22931.3525, -994499.441, 300.090666, 96.3560124, 20.2257276, 0.866667, 0.866667, 5e+16, 4413.65269, 0.000107725258, 0.39521752, 4998.59762, -1.70744293e-05, -2783.65957, -3010.62587, -0.000106334545, -2409.82637, -3382.027, 0, 1.20051502e-08, 1.20051502e-08, 2.65088648e+09, 2.87582783e+09, 87220329.9, 0.27, 3.332, 137721024, -2783.65958, -2409.82649, 0, 5e+16, 0.0328613037, 0.0278932393, 0, 0
7.625, 0, 0, 5e+16, 0, 9.24352111e-22, 3.718e+18, 6.44e+20, 4.85, 4, 3.08116734, 19.5803531, 0.866667, 1027800.21, 5.68680171e+16, 40787205.5, 2.58566977e+17, 6737.93415, -1.3754362, -5.37056895, 5e+16, 5.26531706e+15, -25960.4857, -1027466.57, 300.105862, 96.3487106, 19.5803531, 0.866667, 0.866667, 5e+16, 6737.93405, 0.000120006756, 0.394502372, 7398.95785, -1.78800484e-05, -5132.1327, -5464.8648, -0.000118590582, -2606.28829, -3811.11999, 0, 1.20060134e-08, 1.20060134e-08, 3.05679507e+09, 3.33103888e+09, 118671167, 0.27, 3.332, 155572639, -5132.13276, -2606.28841, 0, 5e+16, 0.0613945661, 0.0350341937, 0, 0
7.69166667, 0, 0, 5e+16, 0, 9.32146622e-22, 3.718e+18, 6.44e+20, 4.85, 4, 3.30061444, 18.8468699, 0.866667, 1067782.47, 1.20245882e+17, 84900926.7, 2.76052767e+17, 7069.30146, -1.57597994, -5.59168134, 5e+16, 1.92030323e+16, -33836.7887, -1067201.67, 300.132599, 96.3354619, 18.8468699, 0.866667, 0.866667, 5e+16, 7069.30105, 0.000437335348, 0.394601244, 7739.00855, -0.000108890023, -5166.44051, -5731.7535, -0.000423243213, -2936.61461, -4109.43174, 0, 1.20075324e-08, 1.20075324e-08, 3.53437939e+09, 3.82301879e+09, 118639702, 0.27, 3.332, 169999688, -5166.44066, -2936.61503, 0, 4.99999999e+16, 0.105698299, 0.0922707319, 0, 0
7.75, 0, 0, 5e+16, 0, 9.38656853e-22, 3.718e+18, 6.44e+20, 4.85, 4, 3.42511284, 18.2050721, 0.866667, 1104404.34, 5.88499184e+17, 164482554, 3.13672812e+17, 15652.9958, -1.68342721, -5.71948161, 5e+16, 2.0947055e+16, -41500.849, -1103620.5, 300.155017, 96.3245949, 18.2050721, 0.866667, 0.866667, 5e+16, 15652.9954, 0.000488108266, 0.39528611, 16576.2692, -0.000115506039, -13799.4798, -14664.1824, -0.000473614521, -3166.6267, -4972.34345, 0, 1.20088059e-08, 1.20088059e-08, 4.47995021e+09, 4.87485702e+09, 210441876, 0.27, 3.332, 184464939, -13799.4799, -3166.62718, 0, 4.99999999e+16, 0.192132403, 0.116644392, 0, 0
7.81666667, 0, 0, 5e+16, 0, 9.51605685e-22, 3.718e+18, 6.44e+20, 4.85, 4, 3.78596301, 17.5476035, 0.866667, 1145600.58, 1.1662222e+18, 315248352, 3.3609795e+17, 16066.6019, -2.0275371, -6.08207435, 5e+16, 6.54504827e+16, -56600.2374, -1144097.97, 300.198549, 96.3040364, 17.5476035, 0.866667, 0.866667, 5e+16, 16066.6005, 0.00159234915, 0.396368636, 16697.8133, -0.000628514884, -13870.9572, -14948.169, -0.00145981969, -3576.90254, -5014.69115, 0, 1.20112792e-08, 1.20112792e-08, 5.11141749e+09, 5.52707262e+09, 210411012, 0.27, 3.332, 205244117, -13870.9579, -3576.904, 0, 4.99999998e+16, 0.296023965, 0.268505788, 0, 0
7.875, 0, 0, 5e+16, 0, 9.64600073e-22, 3.718e+18, 6.44e+20, 4.85, 4, 4.03188659, 16.9723184, 0.866667, 1181407.13, 6.13708979e+18, 579766034, 4.11805058e+17, 46700.0523, -2.25779694, -6.33325313, 5e+16, 7.21154075e+16, -71378.9056, -1179247.67, 300.242333, 96.2848844, 16.9723184, 0.866667, 0.866667, 5e+16, 46700.0508, 0.00177665515, 0.399532643, 47591.2574, -0.000675021949, -44537.2535, -45902.6667, -0.00163866555, -3862.94858, -6746.36684, 0, 1.20137669e-08, 1.20137669e-08, 9.04075411e+09, 9.6985865e+09, 462583178, 0.27, 3.332, 195249252, -44537.2541, -3862.95021, 0, 4.99999998e+16, 0.487505883, 0.339153921, 0, 0
7.94166667, 0, 0, 5e+16, 0, 9.88845819e-22, 3.718e+18, 6.44e+20, 4.85, 4, 4.63332588, 16.4896549, 0.866667, 1218771.15, 1.07377118e+19, 988919666, 4.40788636e+17, 47162.4168, -2.8455708, -6.93637433, 5e+16, 1.80736235e+17, -90000.9774, -1215326.98, 300.321035, 96.2370901, 16.4896549, 0.866667, 0.866667, 5e+16, 47162.4127, 0.00478644473, 0.401446967, 47531.3339, -0.00253834077, -44641.423, -45897.173, -0.00403962997, -4318.40253, -6684.5329, 0, 1.20182391e-08, 1.20182391e-08, 9.7673089e+09, 1.04516999e+10, 462551792, 0.27, 3.332, 221839240, -44641.4255, -4318.40657, 0, 4.99999994e+16, 0.790778378, 0.643504542, 0, 0
8, 0, 0, 5e+16, 0, 1.01926651e-21, 3.718e+18, 6.44e+20, 4.85, 4, 5.10150885, 16.0673243, 0.866667, 1250094.39, 5.76620182e+19, 1.5809367e+09, 5.69342393e+17, 115031.094, -3.30181851, -7.41118135, 5e+16, 2.01033329e+17, -106383.042, -1245558.06, 300.418882, 96.1916328, 16.0673243, 0.866667, 0.866667, 5e+16, 115031.089, 0.00524435592, 0.408030764, 115223.955, -0.00271504936, -112522.227, -113633.176, -0.00446482474, -4634.38794, -8702.43377, 0, 1.20237995e-08, 1.20237995e-08, 2.11710054e+10, 2.21205578e+10, 767088003, 0.27, 3.332, 182464429, -112522.23, -4634.39241, 0, 4.99999994e+16, 0.981935463, 0.778450332, 0, 0
8.06666667, 0, 0, 5e+16, 0, 1.06834711e-21, 3.718e+18, 6.44e+20, 4.85, 4, 5.92459878, 15.6632736, 0.866667, 1285816.38, 9.46857174e+19, 2.57814203e+09, 6.13430441e+17, 115607.268, -4.11252251, -8.23605612, 5e+16, 4.5843195e+17, -120755.719, -1280072.78, 300.56811, 96.0060157, 15.6632736, 0.866667, 0.866667, 5e+16, 115607.258, 0.0128238905, 0.411216898, 115560.401, -0.00782515142, -112632.606, -113436.731, -0.0101094359, -5202.25074, -9111.50621, 0, 1.20322819e-08, 1.20322819e-08, 2.20935701e+10, 2.30756649e+10, 767060307, 0.27, 3.332, 215034438, -112632.614, -5202.26085, 0, 4.99999985e+16, 1.31195532, 1.36021158, 0, 0
8.125, 0, 0, 5e+16, 0, 1.13369568e-21, 3.718e+18, 6.44e+20, 4.85, 4, 6.59090547, 15.3097292, 0.866667, 1317492.1, 4.6461538e+20, 3.87127215e+09, 7.66863785e+17, 211648.107, -4.7686869, -8.90813273, 5e+16, 5.26604701e+17, -131889.539, -1310868.42, 300.75927, 95.8628726, 15.3097292, 0.866667, 0.866667, 5e+16, 211648.096, 0.013858436, 0.420947115, 211158.078, -0.00828146107, -208676.894, -209080.581, -0.011041504, -5594.38411, -10386.4616, 0, 1.20431498e-08, 1.20431498e-08, 4.1208778e+10, 4.23131322e+10, 906565295, 0.27, 3.332, 197788937, -208676.903, -5594.39515, 0, 4.99999984e+16, 1.79378379, 1.59468711, 0, 0
8.19166667, 0, 0, 5e+16, 0, 1.22389716e-21, 3.718e+18, 6.44e+20, 4.85, 4, 7.54595487, 14.8676419, 0.866667, 1358922.84, 7.78341403e+20, 6.55177606e+09, 8.27735206e+17, 212383.081, -5.71053191, -9.86492483, 5e+16, 1.24596573e+18, -140023.389, -1351668.68, 301.004212, 95.4923535, 14.8676419, 0.866667, 0.866667, 5e+16, 212383.052, 0.0349529126, 0.426297006, 211876.636, -0.0223798133, -208784.432, -208961.786, -0.0267477604, -6321.83095, -11137.6694, 0, 1.20570801e-08, 1.20570801e-08, 4.24682249e+10, 4.36123951e+10, 906544489, 0.27, 3.332, 237625652, -208784.455, -6321.8577, 0, 4.99999961e+16, 2.8267032, 2.92443449, 0, 0
8.25, 0, 0, 5e+16, 0, 1.34063238e-21, 3.718e+18, 6.44e+20, 4.85, 4, 8.31619157, 14.4808156, 0.866667, 1398137.52, 3.21245021e+21, 1.01072419e+10, 9.80765642e+17, 313569.334, -6.47008961, -10.6395282, 5e+16, 1.51623246e+18, -145353.836, -1390547.77, 301.295748, 95.2335475, 14.4808156, 0.866667, 0.866667, 5e+16, 313569.305, 0.0376620094, 0.438288435, 312752.45, -0.0235242044, -309970.67, -309870.715, -0.0292038419, -6824.67306, -11756.2974, 0, 1.20736665e-08, 1.20736665e-08, 6.37203548e+10, 6.49149543e+10, 917039043, 0.27, 3.332, 277560680, -309970.693, -6824.70227, 0, 4.99999958e+16, 4.09831527, 3.43527289, 0, 0
8.31666667, 0, 0, 5e+16, 0, 1.49941043e-21, 3.718e+18, 6.44e+20, 4.85, 4, 9.33887644, 13.9575419, 0.866667, 1452350.16, 5.82004051e+21, 1.86228662e+10, 1.06892934e+18, 314626.186, -7.47751353, -11.6641019, 5e+16, 3.96856355e+18, -149427.228, -1444635.01, 301.658131, 94.8285272, 13.9575419, 0.866667, 0.866667, 5e+16, 314626.098, 0.108150033, 0.446833061, 313851.173, -0.0695056893, -310083.798, -309861.225, -0.082629179, -7875.4348, -12863.5029, 0, 1.20942921e-08, 1.20942921e-08, 6.56799062e+10, 6.69289273e+10, 917019005, 0.27, 3.332, 332002365, -310083.867, -7875.51743, 0, 4.99999879e+16, 7.2084878, 7.0718378, 0, 0
8.375, 0, 0, 5e+16, 0, 1.69155294e-21, 3.718e+18, 6.44e+20, 4.85, 4, 10.1458938, 13.4996774, 0.866667, 1504904.9, 2.04069163e+22, 3.09206101e+10, 1.21495358e+18, 404309.347, -8.27206216, -12.4743913, 5e+16, 5.19839517e+18, -150967.416, -1497287.72, 302.043012, 94.5691506, 13.4996774, 0.866667, 0.866667, 5e+16, 404309.256, 0.116810861, 0.460758801, 403372.255, -0.0728887299, -399764.041, -399400.474, -0.090602762, -8601.97731, -13253.6257, 0, 1.21162113e-08, 1.21162113e-08, 8.39116409e+10, 8.52052875e+10, 861828592, 0.27, 3.332, 431817921, -399764.114, -8602.06791, 0, 4.99999871e+16, 11.0187077, 8.40900919, 0, 0
8.44166667, 0, 0, 5e+16, 0, 1.96846889e-21, 3.718e+18, 6.44e+20, 4.85, 4, 11.1992372, 12.8873016, 0.866667, 1579235.95, 4.05908398e+22, 6.31058662e+10, 1.3309061e+18, 405822.471, -9.30761127, -13.5296415, 5e+16, 1.52568302e+19, -153168.541, -1571785.49, 302.538009, 94.2096746, 12.8873016, 0.866667, 0.866667, 5e+16, 405822.144, 0.401260901, 0.473930157, 404920.47, -0.255186147, -399894.169, -399471.004, -0.308970831, -10109.7501, -14801.829, 0, 1.21444164e-08, 1.21444164e-08, 8.70390605e+10, 8.8408411e+10, 861806058, 0.27, 3.332, 507544274, -399894.425, -10110.0591, 0, 4.99999548e+16, 21.5166595, 20.0124565, 0, 0
8.5, 0, 0, 5e+16, 0, 2.27760142e-21, 3.718e+18, 6.44e+20, 4.85, 4, 12.0004048, 12.3514728, 0.866667, 1652224.02, 1.27055967e+23, 1.13649962e+11, 1.46792329e+18, 473310.136, -10.0942606, -14.3332833, 5e+16, 2.15084339e+19, -152485.125, -1645127.73, 303.00746, 93.991765, 12.3514728, 0.866667, 0.866667, 5e+16, 473309.8, 0.433847513, 0.49024447, 472332.529, -0.266892539, -467375.034, -466888.363, -0.339390805, -11152.9552, -15272.9468, 0, 1.2171186e-08, 1.2171186e-08, 9.94430731e+10, 1.00886508e+11, 776553012, 0.27, 3.332, 666881986, -467375.301, -11153.2946, 0, 4.99999517e+16, 34.3470029, 24.0184609, 0, 0
8.56666667, 0, 0, 5e+16, 0, 2.81532924e-21, 3.718e+18, 6.44e+20, 4.85, 4, 13.0716043, 11.6400674, 0.866666999, 1759267.37, 2.83095378e+23, 2.6098331e+11, 1.61767031e+18, 475591.007, -11.1447348, -15.4063835, 5e+16, 7.23788157e+19, -155125.63, -1752405.78, 303.694616, 93.6090589, 11.6400674, 0.866667, 0.866666999, 5e+16, 475589.488, 1.86111665, 0.510249148, 474617.848, -1.17468961, -467528.965, -467016.544, -1.44077569, -13428.863, -17555.3271, 0, 1.22104006e-08, 1.22104006e-08, 1.04833547e+11, 1.06388231e+11, 776527613, 0.27, 3.332, 778156173, -467530.14, -13430.3038, 0, 4.99997901e+16, 76.6638047, 68.5117135, 0, 0
8.625, 0, 0, 5e+16, 0, 3.35739542e-21, 3.718e+18, 6.44e+20, 4.85, 4, 13.8373695, 11.0175876, 0.866666999, 1866409.47, 8.53284276e+23, 5.17034486e+11, 1.74398564e+18, 512162.278, -11.8935651, -16.1739982, 5e+16, 1.09112241e+20, -153345.2, -1860018.67, 304.28041, 93.3870899, 11.0175876, 0.866667, 0.866666999, 5e+16, 512160.708, 2.01011278, 0.530228563, 511162.185, -1.22227916, -504085.072, -503550.394, -1.58202176, -15003.1327, -18442.044, 0, 1.22438567e-08, 1.22438567e-08, 1.1062579e+11, 1.12322684e+11, 679842549, 0.27, 3.332, 1.01705147e+09, -504086.295, -15004.7147, 0, 4.99997758e+16, 128.331791, 82.5412281, 0, 0
8.69166667, 0, 0, 5e+16, 0, 4.77947756e-21, 3.718e+18, 6.44e+20, 4.85, 4, 14.9424864, 10.1848872, 0.866666998, 2037053.4, 2.18710472e+24, 1.39320734e+12, 1.89705569e+18, 515401.113, -12.9740719, -17.2803233, 5e+16, 4.54545807e+20, -163096.385, -2030467.96, 305.375898, 92.7745321, 10.1848872, 0.866667, 0.866666998, 5e+16, 515391.551, 11.9073767, 0.560171219, 514349.817, -7.73735309, -504289.222, -503745.772, -9.03323879, -18228.9552, -21623.9449, 0, 1.23065184e-08, 1.23065184e-08, 1.20067044e+11, 1.21919715e+11, 679813496, 0.27, 3.332, 1.17285712e+09, -504296.96, -18237.9884, 0, 4.99986963e+16, 361.383258, 312.567188, 0, 0
8.75, 0, 0, 5e+16, 0, 6.05850835e-21, 3.718e+18, 6.44e+20, 4.85, 4, 15.6472101, 9.45627439, 0.866666998, 2217283.4, 6.81757052e+24, 3.09098716e+12, 2.00605005e+18, 512169.288, -13.6591349, -17.9863056, 5e+16, 7.13279408e+20, -162981.31, -2211100.96, 306.241812, 92.4505613, 9.45627439, 0.866667, 0.866666998, 5e+16, 512159.483, 12.7674768, 0.585872103, 511117.885, -7.96716069, -501024.441, -500480.076, -9.86244344, -20466.4773, -23114.8514, 0, 1.2356079e-08, 1.2356079e-08, 1.20248744e+11, 1.22346919e+11, 582023001, 0.27, 3.332, 1.51615254e+09, -501032.412, -20476.3398, 0, 4.99986139e+16, 656.671815, 372.802551, 0, 0
8.81666667, 0, 0, 5e+16, 0, 2.07351129e-20, 3.718e+18, 6.44e+20, 4.85, 4, 16.9157704, 8.39782563, 0.866666993, 2565701.42, 2.2632438e+25, 1.27296606e+13, 2.09682702e+18, 516743.846, -14.8935804, -19.2531649, 5e+16, 5.96345247e+21, -225717.31, -2555034.45, 309.415843, 90.3034013, 8.39782563, 0.866667, 0.866666993, 5e+16, 516595.561, 179.538734, 0.629750864, 515506.918, -115.911449, -501740.753, -501250.652, -136.987882, -24853.1599, -27452.9929, 0, 1.25386291e-08, 1.25386291e-08, 1.39243839e+11, 1.41526661e+11, 581942438, 0.27, 3.332, 1.7008801e+09, -501856.669, -24990.1478, 0, 4.99829201e+16, 2365.58225, 2463.34855, 0, 0
8.875, 0, 0, 5e+16, 0, 3.27247834e-20, 3.718e+18, 6.44e+20, 4.85, 4, 17.5342073, 7.47168296, 0.866666989, 3028798.47, 1.52709991e+26, 6.04491617e+13, 2.17072352e+18, 463376.956, -15.4738517, -19.8717767, 5e+16, 1.54036215e+22, -249974.893, -3017505.89, 311.972035, 89.4386313, 7.47168296, 0.866667, 0.866666989, 5e+16, 463222.776, 207.516415, 0.664031113, 462138.583, -121.086287, -448289.398, -447796.96, -164.487662, -28003.5989, -29806.8526, 0, 1.26856672e-08, 1.26856672e-08, 1.4230508e+11, 1.45056126e+11, 489710195, 0.27, 3.332, 2.26133472e+09, -448410.484, -28168.0866, 0, 4.99803563e+16, 7728.68963, 2863.53038, 0, 0
8.94166667, 0, 0, 5e+16, 0, 1.06975412e-16, 3.718e+18, 6.44e+20, 4.85, 4, 20.0157322, 5.84340708, 0.8666667, 3661438.63, 5.88680379e+26, 3.15524232e+14, 2.14711066e+18, 478605.964, -17.9243638, -22.3367704, 5e+16, 1.14709639e+23, -1122239.41, -3390390.53, 329.748369, 71.104259, 5.84340708, 0.866667, 0.8666667, 5e+16, 473781.079, 4900.71524, 0.737919039, 476525.665, -2703.89877, -457728.575, -459106.597, -4084.5909, -36225.6722, -41370.6064, 0, 1.37347459e-08, 1.37347459e-08, 2.67332291e+11, 2.70258258e+11, 489518290, 0.27, 3.332, 2.43644874e+09, -460432.473, -40310.2631, 0, 4.97385788e+16, 28442.5395, 21443.6041, 0, 0
9, 0, 0, 5e+16, 0, 3.16542437e-16, 3.718e+18, 6.44e+20, 4.85, 4, 20.5687713, 4.41866568, 0.866666448, 4135616.64, 9.07984563e+27, 2.31394956e+15, 2.03563818e+18, 328826.03, -18.4376781, -22.8827408, 5e+16, 6.62942743e+23, -2290823.21, -3426042.7, 346.972125, 66.6208466, 4.41866568, 0.866667, 0.866666448, 5e+16, 322834.516, 7167.96662, 0.793873087, 325810.488, -3735.19478, -306319.958, -307759.968, -6104.98953, -43696.8576, -49681.5105, 0, 1.47533473e-08, 1.47533473e-08, 8.12070757e+11, 8.16355568e+11, 413839328, 0.27, 3.332, 3.87097406e+09, -310055.153, -49801.8472, 0, 4.96151182e+16, 43968.9334, 53561.2808, 0, 0
9.06666667, 0, 0, 5e+16, 0, 2.20373844e-16, 3.718e+18, 6.44e+20, 4.85, 4, 45.4691238, 4.91787147, 0.866666673, 3968711.77, 6.00948214e+27, 2.82072711e+15, 1.91597152e+18, 319841.533, -43.3284651, -47.7859693, 5e+16, 7.12876975e+23, -3023577.08, -2411650.24, 341.929192, 40.9711418, 12.1583798, 0.866666931, 0.866666742, 5e+16, 310386.688, 11022.1301, 0.857779308, 317492.851, -7449.28154, -308926.454, -313800.435, -7966.68336, -23917.8739, -33239.3108, 0, 1.44512143e-08, 1.44512143e-08, 7.22374414e+11, 7.25771551e+11, 413843701, 0.27, 3.332, 2.98329469e+09, -316375.735, -31884.5573, 0, 4.94621519e+16, 29693.3364, 46054.9354, 0, 0
9.125, 0, 0, 5e+16, 0, 4.082392e-17, 3.718e+18, 6.44e+20, 4.85, 4, 70.292979, 5.04905831, 0.866666769, 3536750.49, 1.08458477e+28, 3.38010381e+15, 2.31451778e+17, 162817.411, -68.1439143, -72.5485585, 5e+16, 2.37382984e+23, -3297636.13, -1233192.05, 338.101317, 5.04905831, 18.9306297, 0.866666769, 0.866667, 5e+16, 151828.903, 12707.4015, 0.903226603, 159980.992, -9001.86064, -150922.495, -156972.123, -8942.35116, -8873.43398, -17662.9964, 0, 1.42207286e-08, 1.42207286e-08, 7.47356574e+11, 7.48656039e+11, -4481279.11, 0.27, 3.332, 1.30394648e+09, -159924.356, -17815.7851, 0, 4.93868976e+16, 11796.0725, 22484.2204, 0, 0
9.19166667, 0, 0, 5e+16, 0, 3.00703563e-17, 3.718e+18, 6.44e+20, 4.85, 4, 88.6137382, 6.07468084, 0.866666831, 2938671.33, 2.58379083e+27, 1.52743055e+15, 1.64043582e+17, 152042.708, -86.4780612, -90.8704019, 5e+16, 1.22056592e+23, -2861021.56, -667209.784, 326.798304, 6.07468084, 34.185068, 0.866666831, 0.866667, 5e+16, 144543.933, 8783.62584, 0.91961111, 149558.933, -7256.3761, -144397.457, -149172.484, -4155.37331, -5098.84106, -9108.35208, 0, 1.35565306e-08, 1.35565306e-08, 6.99108788e+11, 7.00358339e+11, -3893483.45, 0.27, 3.332, 1.25344432e+09, -151653.833, -9254.21437, 0, 4.96790212e+16, 4674.88255, 10310.8274, 0, 0
9.25, 0, 0, 5e+16, 0, 8.98490803e-20, 3.718e+18, 6.44e+20, 4.85, 4, 105.201136, 7.1637276, 0.866666985, 2505510.73, 7.69459218e+26, 6.00609483e+14, 1.43199346e+17, 96793.7226, -103.082153, -107.462188, 5e+16, 5.19997115e+22, -2465716.2, -438869.591, 315.425045, 7.1637276, 47.5327016, 0.866666985, 0.866667, 5e+16, 90233.2337, 6611.74864, 0.927614981, 94986.244, -6430.36642, -90139.543, -94764.9103, -1537.71667, -1975.7854, -3359.33388, 0, 1.28855329e-08, 1.28855329e-08, 3.01045356e+11, 3.01096235e+11, -489989.339, 0.27, 3.332, 51370018.4, -96569.9094, -3513.50207, 0, 4.98452092e+16, 2571.48697, 2483.47932, 0, 0
9.31666667, 0, 0, 5e+16, 0, 5.69577461e-20, 3.718e+18, 6.44e+20, 4.85, 4, 119.978063, 8.09458468, 0.86666699, 2267382.39, 2.88166803e+26, 2.55399783e+14, 1.52193864e+17, 93101.8451, -117.878733, -122.244231, 5e+16, 2.08078005e+22, -2247831.61, -295327.982, 311.824068, 8.09458468, 66.0508581, 0.86666699, 0.866667, 5e+16, 90306.5699, 2842.27215, 0.926006417, 91421.8656, -2775.98443, -90274.5282, -91375.0734, -608.889771, -1473.16032, -1944.41236, 0, 1.2677787e-08, 1.2677787e-08, 2.87225149e+11, 2.87274694e+11, -360965.518, 0.27, 3.332, 49906555.4, -93050.5125, -2082.05008, 0, 4.99379607e+16, 1518.76533, 1480.41687, 0, 0
9.375, 0, 0, 5e+16, 0, 1.23253679e-20, 3.718e+18, 6.44e+20, 4.85, 4, 133.078821, 8.96813125, 0.866666997, 2080421, 1.35579013e+26, 1.08257256e+14, 1.55190525e+17, 81051.4716, -130.999324, -135.347885, 5e+16, 1.04214789e+22, -2068644.9, -219848.032, 308.570172, 8.96813125, 82.2542451, 0.866666997, 0.866667, 5e+16, 79786.0216, 1277.96321, 0.922727607, 79517.115, -1250.60505, -79756.4103, -79476.7436, -261.828314, -1142.06963, -1277.41948, 0, 1.24897067e-08, 1.24897067e-08, 2.10374063e+11, 2.10392144e+11, -479406.885, 0.27, 3.332, 18560227, -81007.0153, -1403.89794, 0, 4.99677757e+16, 516.590749, 531.87265, 0, 0
9.44166667, 0, 0, 5e+16, 0, 9.77460237e-21, 3.718e+18, 6.44e+20, 4.85, 4, 146.058835, 9.63433194, 0.866666998, 1959993.14, 8.00546505e+25, 5.98975947e+13, 1.75982174e+17, 81281.2428, -143.993814, -148.332311, 5e+16, 4.83937514e+21, -1953339.47, -159570.915, 307.426019, 9.63433194, 87.7345472, 0.866666998, 0.866667, 5e+16, 80816.9632, 473.090352, 0.918448473, 79825.6884, -462.020319, -80804.178, -79813.1168, -100.502991, -930.76138, -921.173359, 0, 1.24240962e-08, 1.24240962e-08, 2.088799e+11, 2.08894605e+11, -397244.78, 0.27, 3.332, 15101985.1, -81266.1983, -1031.26437, 0, 4.99849655e+16, 341.991386, 348.255604, 0, 0
9.5, 0, 0, 5e+16, 0, 6.36103948e-21, 3.718e+18, 6.44e+20, 4.85, 4, 157.49903, 10.2375564, 0.866666999, 1862208.05, 4.78575105e+25, 3.64299981e+13, 1.78348181e+17, 74905.7777, -155.445998, -159.773633, 5e+16, 3.51014854e+21, -1858187.43, -122052.966, 306.359124, 10.2375564, 92.5298115, 0.866666999, 0.866667, 5e+16, 74636.2334, 273.321788, 0.914377197, 73538.8423, -267.639131, -74624.151, -73527.1747, -54.0851422, -798.28344, -753.56262, 0, 1.23628128e-08, 1.23628128e-08, 1.73560361e+11, 1.7357601e+11, -889744.597, 0.27, 3.332, 16539170.9, -74891.7902, -852.368582, 0, 4.998899e+16, 169.865611, 183.262862, 0, 0
9.56666667, 0, 0, 5e+16, 0, 5.76726984e-21, 3.718e+18, 6.44e+20, 4.85, 4, 169.410112, 10.7292122, 0.866666999, 1787791.86, 3.41512032e+25, 2.80917121e+13, 2.01762188e+17, 76087.0843, -167.363467, -171.688348, 5e+16, 2.43734934e+21, -1785445.97, -89583.702, 305.944316, 10.7292122, 92.9239438, 0.866666999, 0.866667, 5e+16, 75953.622, 135.9155, 0.909836116, 74782.725, -133.069224, -75948.5077, -74778.5078, -25.5836646, -648.441358, -585.803352, 0, 1.23390736e-08, 1.23390736e-08, 1.74417274e+11, 1.74429527e+11, -827715.596, 0.27, 3.332, 13080756, -76081.577, -674.025022, 0, 4.99923321e+16, 121.433497, 130.936074, 0, 0
9.625, 0, 0, 5e+16, 0, 4.91086664e-21, 3.718e+18, 6.44e+20, 4.85, 4, 179.877984, 11.1712633, 0.866666999, 1725622.65, 2.31337987e+25, 2.23025273e+13, 2.02547378e+17, 71544.4422, -177.836911, -182.156635, 5e+16, 2.16216597e+21, -1724251.87, -68767.8279, 305.510227, 11.1712633, 93.2688096, 0.866666999, 0.866667, 5e+16, 71436.6658, 108.915354, 0.906052776, 70311.5515, -107.436691, -71431.9808, -70307.738, -17.0475919, -550.239116, -486.166787, 0, 1.23141939e-08, 1.23141939e-08, 1.5271103e+11, 1.5272115e+11, -1308457.77, 0.27, 3.332, 11428828.8, -71539.4175, -567.286708, 0, 4.99931783e+16, 76.4284639, 83.5947924, 0, 0
9.69166667, 0, 0, 5e+16, 0, 4.71062539e-21, 3.718e+18, 6.44e+20, 4.85, 4, 191.044768, 11.5691918, 0.866667, 1671152.14, 1.76287355e+25, 3.60681716e+13, 2.26105697e+17, 72919.4709, -188.990889, -193.32646, 5e+16, 4.69249491e+21, -1670327.26, -50073.286, 305.345674, 11.5691918, 93.3840191, 0.866667, 0.866667, 5e+16, 72783.7312, 136.48074, 0.901617483, 71746.6949, -135.771193, -72782.237, -71745.804, -1.45373157, -409.422236, -332.572763, 0, 1.23047837e-08, 1.23047837e-08, 1.53962189e+11, 1.53970032e+11, -1253178.4, 0.27, 3.332, 9096237.9, -72918.0082, -410.875967, 0, 4.9985144e+16, 55.1702419, 62.595932, 0, 0
9.75, 0, 0, 5e+16, 0, 4.36971911e-21, 3.718e+18, 6.44e+20, 4.85, 4, 200.841445, 11.9255318, 0.866667, 1624555.26, 1.27249402e+25, 3.49591088e+13, 2.26408277e+17, 69729.5961, -198.788128, -203.123325, 5e+16, 4.66519756e+21, -1624098.9, -38229.8751, 305.133421, 11.9255318, 93.4848275, 0.866667, 0.866667, 5e+16, 69598.6691, 131.198327, 0.898144284, 68625.8877, -130.973971, -69597.5226, -68625.3044, 1.30901754, -306.113067, -227.847126, 0, 1.229263e-08, 1.229263e-08, 1.39294839e+11, 1.39297494e+11, -1665057.95, 0.27, 3.332, 4319727.2, -69728.4965, -304.804049, 0, 4.9985225e+16, 36.2839359, 43.6373029, 0, 0
9.81666667, 0, 0, 5e+16, 0, 4.36653137e-21, 3.718e+18, 6.44e+20, 4.85, 4, 211.40722, 12.2877655, 0.866667, 1578835.54, 1.01215147e+25, 1.38854178e+14, 2.4811034e+17, 71992.4484, -209.317681, -213.691506, 5e+16, 5.62822119e+22, -1578539.29, -27069.8186, 305.130676, 12.2877655, 93.5099289, 0.866667, 0.866667, 5e+16, 70782.4445, 1220.34474, 0.893472909, 70954.0426, -1208.93286, -70782.2164, -70952.1297, 162.18191, -157.099255, 83.9682238, 0, 1.2292473e-08, 1.2292473e-08, 1.4180435e+11, 1.41806658e+11, -1584004.05, 0.27, 3.332, 3891844.99, -71991.1491, 5.08265433, 0, 4.9820377e+16, 22.5087946, 33.187322, 0, 0
9.875, 0, 0, 5e+16, 0, 4.25343851e-21, 3.718e+18, 6.44e+20, 4.85, 4, 220.667411, 12.609734, 0.866667, 1539167.69, 7.51700446e+24, 3.9697657e+14, 2.49602294e+17, 70288.7529, -218.550129, -222.951911, 5e+16, 5.97488567e+22, -1539019.32, -20035.6911, 305.053476, 12.609734, 93.5318927, 0.866667, 0.866667, 5e+16, 69025.27, 1274.03068, 0.890130663, 69324.4865, -1262.42351, -69025.2496, -69322.722, 171.349021, -40.9204653, 211.980293, 0, 1.22880544e-08, 1.22880544e-08, 1.32049155e+11, 1.32044436e+11, -1935737.25, 0.27, 3.332, -2782684.62, -70287.673, 130.428556, 0, 4.98095044e+16, 9.65705171, 23.8217177, 0, 0
9.94166667, 0, 0, 5e+16, 0, 4.44775408e-21, 3.718e+18, 6.44e+20, 4.85, 4, 230.696234, 12.9700819, 0.866667, 1498383.61, 6.42367673e+24, 8.29857301e+14, 2.6866806e+17, 75300.1733, -228.559695, -232.982526, 5e+16, 2.19435503e+23, -1498265.04, -13328.6208, 305.213603, 12.9700819, 93.469348, 0.866667, 0.866667, 5e+16, 69897.7055, 5423.83016, 0.88454622, 74405.0625, -5387.3522, -69896.8522, -74386.5008, 627.952947, 101.957175, 818.326196, 0, 1.22972114e-08, 1.22972114e-08, 1.38341593e+11, 1.38342384e+11, -1739673.89, 0.27, 3.332, 2530373.89, -75284.2043, 729.910124, 0, 4.92902307e+16, 7.8525283, 18.2737973, 0, 0
10, 0, 0, 5e+16, 0, 4.53249896e-21, 3.718e+18, 6.44e+20, 4.85, 4, 239.480746, 13.2884501, 0.866667, 1463084.06, 4.85551026e+24, 2.11859449e+15, 2.7303883e+17, 75431.0187, -237.319587, -241.767421, 5e+16, 2.44389066e+23, -1463027.61, -9066.01939, 305.271802, 13.2884501, 93.4146213, 0.866667, 0.866667, 5e+16, 69611.6743, 5844.15204, 0.881180463, 74613.3615, -5804.11591, -69610.7986, -74594.5361, 682.673577, 217.014032, 993.851789, 0, 1.23005424e-08, 1.23005424e-08, 1.33207731e+11, 1.33202456e+11, -2050946.17, 0.27, 3.332, -3223823.73, -75414.9144, 899.68761, 0, 4.92130177e+16, 6.89802217, 13.3370963, 0, 0
10.0583333, 0, 0, 5e+16, 0, 4.91273867e-21, 3.718e+18, 6.44e+20, 4.85, 4, 247.834667, 13.6460408, 0.866667, 1425686.12, 4.35120085e+24, 3.13572723e+15, 2.88549103e+17, 84384.6102, -245.663371, -250.122555, 5e+16, 4.61038846e+23, -1425621.18, -5187.69022, 305.549164, 13.6460408, 93.2858791, 0.866667, 0.866667, 5e+16, 70200.9043, 14199.5549, 0.873853618, 83643.9353, -14153.6398, -70198.3295, -83607.6219, 1133.9996, 333.023646, 1572.74624, 0, 1.23164125e-08, 1.23164125e-08, 1.44326593e+11, 1.44331872e+11, -1728149.7, 0.27, 3.332, 7007555.56, -84351.9691, 1467.02325, 0, 4.8495542e+16, 6.0816672, 10.0573482, 0, 0
10.109375, 0, 0, 5e+16, 0, 5.17399138e-21, 3.718e+18, 6.44e+20, 4.85, 4, 255.149742, 13.9606909, 0.866667, 1393115.91, 3.33873795e+24, 5.4071068e+15, 2.96370071e+17, 86809.7663, -252.964225, -257.438215, 5e+16, 5.24524321e+23, -1393077.71, -2625.70758, 305.716197, 13.9606909, 93.1732297, 0.866667, 0.866667, 5e+16, 71216.7629, 15611.9808, 0.870081901, 86156.7519, -15562.3284, -71213.9879, -86119.4371, 1242.73418, 431.052767, 1786.40348, 0, 1.23259757e-08, 1.23259757e-08, 1.43341932e+11, 1.43343323e+11, -1984023.5, 0.27, 3.332, 3374569.28, -86776.3164, 1673.78695, 0, 4.83037975e+16, 6.21124179, 7.15602859, 0, 0
10.1677083, 0, 0, 5e+16, 0, 5.62141822e-21, 3.718e+18, 6.44e+20, 4.85, 4, 263.106697, 14.3322789, 0.866667, 1356304.37, 2.79112398e+24, 6.84034219e+15, 3.08916003e+17, 96966.5165, -260.915149, -265.396022, 5e+16, 7.40279793e+23, -1356250.08, -284.84366, 305.995977, 14.3322789, 93.033992, 0.866667, 0.866667, 5e+16, 71438.2319, 25538.8857, 0.861895043, 96395.175, -25495.4602, -71433.1679, -96352.951, 1470.26117, 534.409701, 2137.21335, 0, 1.23419957e-08, 1.23419957e-08, 1.54924382e+11, 1.5493301e+11, -1556733.65, 0.27, 3.332, 10184703.8, -96928.6282, 2004.67087, 0, 4.75831927e+16, 4.75375159, 5.34339176, 0, 0
10.21875, 0, 0, 5e+16, 0, 5.97319529e-21, 3.718e+18, 6.44e+20, 4.85, 4, 270.072658, 14.6586622, 0.866667, 1323801.73, 2.12505378e+24, 9.82812038e+15, 3.20011798e+17, 101734.934, -267.871693, -272.362772, 5e+16, 8.47647147e+23, -1323760.37, 1376.56577, 306.196263, 14.6586622, 92.912159, 0.866667, 0.866667, 5e+16, 73516.9496, 28229.0678, 0.857807804, 101257.597, -28184.0675, -73511.5523, -101213.701, 1590.86889, 629.463958, 2363.24077, 0, 1.23534689e-08, 1.23534689e-08, 1.57683177e+11, 1.5769072e+11, -1767171.81, 0.27, 3.332, 9310112.4, -101695.62, 2220.33285, 0, 4.72689209e+16, 3.57967841, 3.74555779, 0, 0
10.2770833, 0, 0, 5e+16, 0, 6.35090446e-21, 3.718e+18, 6.44e+20, 4.85, 4, 277.620799, 15.082192, 0.866667, 1285278.79, 1.59202916e+24, 1.12932528e+16, 3.29643983e+17, 110946.836, -275.416281, -279.911519, 5e+16, 1.01884219e+24, -1285225.22, 2495.09127, 306.402911, 15.082192, 92.8035674, 0.866667, 0.866667, 5e+16, 73332.3378, 37622.0486, 0.849310508, 110565.159, -37589.3529, -73324.3332, -110527.101, 1535.70127, 715.187702, 2424.14342, 0, 1.23653089e-08, 1.23653089e-08, 1.66571617e+11, 1.66580751e+11, -1265744.79, 0.27, 3.332, 10400671.6, -110913.686, 2250.88897, 0, 4.66988496e+16, 2.59409901, 2.69708846, 0, 0
10.328125, 0, 0, 5e+16, 0, 6.68150051e-21, 3.718e+18, 6.44e+20, 4.85, 4, 284.227517, 15.4540546, 0.866667, 1251094.3, 1.16591323e+24, 1.42820124e+16, 3.44919133e+17, 117815.11, -282.016906, -286.519317, 5e+16, 1.14788403e+24, -1251045.51, 3306.29083, 306.570611, 15.4540546, 92.7085497, 0.866667, 0.866667, 5e+16, 76451.8593, 41368.349, 0.844861931, 117544.187, -41337.4059, -76443.4506, -117504.786, 1597.84128, 803.755546, 2590.27206, 0, 1.23749206e-08, 1.23749206e-08, 1.71543056e+11, 1.71551677e+11, -1439383.69, 0.27, 3.332, 10060475.9, -117780.856, 2401.59682, 0, 4.63335984e+16, 1.74904536, 1.77521077, 0, 0
10.3864583, 0, 0, 5e+16, 0, 6.82665071e-21, 3.718e+18, 6.44e+20, 4.85, 4, 291.341054, 15.9576863, 0.866667, 1209302.78, 7.60710445e+23, 1.54919771e+16, 3.50480689e+17, 124504.937, -289.128332, -293.633213, 5e+16, 1.26637088e+24, -1209255.62, 2931.25227, 306.644169, 15.9576863, 92.6670788, 0.866667, 0.866667, 5e+16, 75789.6188, 48721.3315, 0.836905749, 124350.564, -48702.3963, -75778.9997, -124321.685, 1314.76471, 854.32249, 2401.51422, 0, 1.23791367e-08, 1.23791367e-08, 1.75808625e+11, 1.75814021e+11, -910339.548, 0.27, 3.332, 6306370.39, -124481.396, 2169.0872, 0, 4.5937386e+16, 1.19958236, 1.21439907, 0, 0
10.4375, 0, 0, 5e+16, 0, 6.97323042e-21, 3.718e+18, 6.44e+20, 4.85, 4, 297.565772, 16.4001919, 0.866667, 1171957.85, 5.14653381e+23, 1.77261052e+16, 3.70282382e+17, 132312.571, -295.34953, -299.859337, 5e+16, 1.37543509e+24, -1171908.04, 2672.47006, 306.713229, 16.4001919, 92.6307918, 0.866667, 0.866667, 5e+16, 79803.3287, 52512.0332, 0.832375271, 132294.255, -52496.859, -79792.3745, -132265.408, 1262.12629, 922.666094, 2440.9124, 0, 1.23830963e-08, 1.23830963e-08, 1.80314441e+11, 1.80317126e+11, -1012625.5, 0.27, 3.332, 3698499.39, -132289.233, 2184.79239, 0, 4.56376813e+16, 0.720931783, 0.722439797, 0, 0
10.4958333, 0, 0, 5e+16, 0, 6.78589413e-21, 3.718e+18, 6.44e+20, 4.85, 4, 304.198799, 17.0338407, 0.866667, 1124554.01, 2.78435416e+23, 1.86082578e+16, 3.70444137e+17, 136356.444, -301.981218, -306.492457, 5e+16, 1.45188373e+24, -1124526.12, -49.7103733, 306.617721, 17.0338407, 92.6834034, 0.866667, 0.866667, 5e+16, 78690.3989, 57671.7995, 0.825746945, 136487.224, -57665.41, -78679.5409, -136470.68, 793.154633, 898.509882, 2009.52606, 0, 1.23776223e-08, 1.23776223e-08, 1.80013388e+11, 1.80008179e+11, -597339.349, 0.27, 3.332, -4611099.59, -136344.951, 1691.66452, 0, 4.53682981e+16, 0.459865736, 0.460155446, 0, 0
10.546875, 0, 0, 5e+16, 0, 6.60500923e-21, 3.718e+18, 6.44e+20, 4.85, 4, 310.000495, 17.5918588, 0.866667, 1081751.7, 1.62454644e+23, 1.92551578e+16, 3.94914997e+17, 143103.012, -307.781956, -312.295904, 5e+16, 1.48607378e+24, -1081700.13, -2257.35607, 306.532058, 17.5918588, 92.7294385, 0.866667, 0.866667, 5e+16, 83165.5358, 59941.4755, 0.821647885, 143410.692, -59938.4993, -83154.7029, -143395.848, 587.426174, 908.155451, 1852.28936, 0, 1.23727109e-08, 1.23727109e-08, 1.80341076e+11, 1.80328391e+11, -496017.741, 0.27, 3.332, -12188895, -143093.202, 1495.58163, 0, 4.52758503e+16, 0.231793029, 0.230647048, 0, 0
10.6052083, 0, 0, 5e+16, 0, 6.08157242e-21, 3.718e+18, 6.44e+20, 4.85, 4, 316.075582, 18.4533812, 0.866667, 1024528.76, 6.40339086e+22, 1.95406613e+16, 3.90720134e+17, 144758.32, -313.856489, -318.370962, 5e+16, 1.50927398e+24, -1024479.6, -9568.37801, 306.235068, 18.4533812, 92.9022685, 0.866667, 0.866667, 5e+16, 82058.0955, 62704.9658, 0.817570975, 145270.622, -62703.4552, -82053.2349, -145267.579, -245.361724, 708.017551, 903.798275, 0, 1.23556978e-08, 1.23556978e-08, 1.75840017e+11, 1.75803391e+11, -726677.032, 0.27, 3.332, -35898480.4, -144756.69, 462.655827, 0, 4.51712385e+16, 0.134125279, 0.133547104, 0, 0
10.65625, 0, 0, 5e+16, 0, 5.52958421e-21, 3.718e+18, 6.44e+20, 4.85, 4, 321.38327, 19.2176264, 0.866667, 971926.468, 2.784433e+22, 1.70701426e+16, 4.19770662e+17, 147070.861, -319.167563, -323.680741, 5e+16, 1.39317851e+24, -971713.307, -16839.7599, 305.940944, 19.2176264, 93.0534947, 0.866667, 0.866667, 5e+16, 85713.2958, 61366.5874, 0.814789001, 147830.867, -61361.5627, -85709.2533, -147830.232, -656.32631, 545.203477, 399.664108, 0, 1.23388439e-08, 1.23388439e-08, 1.66975737e+11, 1.66933201e+11, -16991.6873, 0.27, 3.332, -42519373.4, -147070.816, -111.122832, 0, 4.54851967e+16, 0.0492173676, 0.048873458, 0, 0
10.7145833, 0, 0, 5e+16, 0, 4.86646537e-21, 3.718e+18, 6.44e+20, 4.85, 4, 326.760915, 20.5459481, 0.866667, 906993.46, 6.95985122e+21, 1.500278e+16, 4.29010263e+17, 144138.605, -324.548353, -329.059354, 5e+16, 1.20744481e+24, -906439.367, -31428.6031, 305.477575, 20.5459481, 93.3219079, 0.866667, 0.866667, 5e+16, 85548.311, 58597.2604, 0.814692896, 145106.688, -58533.8171, -85544.0793, -145064.046, -2645.52993, -19.7724101, -2042.42766, 0, 1.23123257e-08, 1.23123257e-08, 1.58645894e+11, 1.58579583e+11, -1722710.86, 0.27, 3.332, -64589237, -144077.897, -2665.30234, 0, 4.61383648e+16, 0.0262216776, 0.0260898842, 0, 0
10.765625, 0, 0, 5e+16, 0, 4.19816113e-21, 3.718e+18, 6.44e+20, 4.85, 4, 331.441479, 21.7485067, 0.866667, 848282.237, 1.95737624e+21, 9.58639635e+15, 4.62983037e+17, 140598.613, -329.240408, -333.74222, 5e+16, 9.89219149e+23, -846928.311, -45882.4552, 305.02833, 21.7485067, 93.5567695, 0.866667, 0.866667, 5e+16, 86174.992, 54454.9606, 0.813794441, 141824.391, -54360.7066, -86170.8029, -141778.865, -3114.56614, -539.21599, -2915.26782, 0, 1.22866112e-08, 1.22866112e-08, 1.43247655e+11, 1.43189189e+11, 339770.166, 0.27, 3.332, -58805675.1, -140531.509, -3653.78213, 0, 4.67561545e+16, 0.00642438079, 0.00637507472, 0, 0
10.7947917, 0, 0, 5e+16, 0, 3.58968757e-21, 3.718e+18, 6.44e+20, 4.85, 4, 333.762485, 23.5820569, 0.866667, 786991.742, 3.27797927e+20, 7.82823565e+15, 5.21959754e+17, 131236.36, -331.566407, -336.066846, 5e+16, 7.58788541e+23, -784163.155, -65985.9887, 304.463474, 23.5820569, 93.875156, 0.866667, 0.866667, 5e+16, 87173.7954, 44092.4543, 0.817488114, 132725.437, -43883.3264, -87132.7929, -132551.627, -4284.49882, -1232.0383, -4753.37598, 0, 1.2254328e-08, 1.2254328e-08, 1.29597413e+11, 1.2952729e+11, -739603.476, 0.27, 3.332, -69382944.2, -131016.119, -5516.53712, 0, 4.75722088e+16, 0.00307643081, 0.00302658152, 0, 0
10.8203125, 0, 0, 5e+16, 0, 3.01175802e-21, 3.718e+18, 6.44e+20, 4.85, 4, 335.761815, 25.3176831, 0.866667, 737979.276, 7.05660434e+19, 4.97140154e+15, 5.53946988e+17, 123724.997, -333.577246, -338.068078, 5e+16, 6.73563227e+23, -733220.061, -82650.8514, 303.934417, 25.3176831, 94.1537441, 0.866667, 0.866667, 5e+16, 85098.5647, 38683.78, 0.818048059, 125502.605, -38438.6447, -85046.4905, -125313.522, -4199.74805, -2276.20433, -5723.04097, 0, 1.22240888e-08, 1.22240888e-08, 1.09637624e+11, 1.09423877e+11, -359535.222, 0.27, 3.332, -213387050, -123485.135, -6475.95239, 0, 4.78245965e+16, 0.000279613737, 0.00027969126, 0, 0
10.8458334, 0, 0, 5e+16, 0, 2.42939004e-21, 3.718e+18, 6.44e+20, 4.85, 4, 337.544826, 30.6225133, 0.866667, 684530.278, 2.79033695e+18, 5.48820638e+15, 2.36235553e+17, 49724.6273, -335.357177, -339.829333, 5e+16, 4.60239173e+23, -676802.615, -102048.267, 303.224988, 30.6225133, 94.5163531, 0.866667, 0.866667, 5e+16, 22387.7053, 27652.6985, 0.823177907, 51516.2552, -27528.5711, -22160.9348, -51494.7277, 1741.6587, -3159.21636, -632.336429, 0, 1.21835934e-08, 1.21835934e-08, 3.47895807e+10, 3.48466063e+10, 570378.186, 0.27, 3.332, 56455180.1, -49689.5058, -1417.55766, 0, 4.85283017e+16, 3.40439728e-05, 4.04893023e-05, 0, 0
10.8476563, 0, 0, 5e+16, 0, 2.38916011e-21, 3.718e+18, 6.44e+20, 4.85, 4, 337.673135, 30.8412849, 0.866667, 680253.039, 2.35817758e+18, 5.38567563e+15, 2.39023918e+17, 48574.3089, -335.48595, -339.957989, 5e+16, 4.42947492e+23, -672354.509, -103298.795, 303.176114, 30.8412849, 94.5422537, 0.866667, 0.866667, 5e+16, 22434.2295, 26460.3175, 0.823657005, 50379.1692, -26277.6623, -22199.7287, -50302.6206, 1466.00844, -3233.97631, -983.886267, 0, 1.21808035e-08, 1.21808035e-08, 3.35540722e+10, 3.36166678e+10, 486804.977, 0.27, 3.332, 62108768.1, -48477.391, -1767.96787, 0, 4.85864628e+16, 1.54893355e-05, 2.11367896e-05, 0, 0
10.848112, 0, 0, 5e+16, 0, 2.37957534e-21, 3.718e+18, 6.44e+20, 4.85, 4, 337.702936, 30.9858756, 0.866667, 678128.216, 2.13574532e+18, 5.33257714e+15, 2.40706705e+17, 47811.338, -335.516002, -339.987984, 5e+16, 4.35227427e+23, -670145.395, -103742.555, 303.162698, 30.9858756, 94.5499884, 0.866667, 0.866667, 5e+16, 22489.4521, 25644.0635, 0.82397846, 49628.4279, -25457.1448, -22250.1697, -49546.6227, 1549.0171, -3271.84219, -940.422187, 0, 1.21800382e-08, 1.21800382e-08, 3.28171627e+10, 3.28763132e+10, 437193.439, 0.27, 3.332, 58713384.8, -47707.3145, -1722.82509, 0, 4.86119084e+16, 1.41271314e-05, 1.95915303e-05, 0, 0
10.8544922, 0, 0, 5e+16, 0, 2.24376453e-21, 3.718e+18, 6.44e+20, 4.85, 4, 338.114354, 30.9858756, 0.866667, 644371.047, 6.1244225e+17, 4.10268509e+15, 2.58656631e+17, 39572.9706, -335.934134, -340.401434, 5e+16, 3.4362987e+23, -634148.572, -114215.143, 302.971171, 30.9858756, 94.4650792, 0.866667, 0.866667, 5e+16, 23489.9225, 16104.1183, 0.824022143, 41500.9491, -15689.9609, -23188.9838, -40963.4033, -3618.62858, -3747.38465, -6635.75911, 0, 1.21691128e-08, 1.21691128e-08, 2.52668103e+10, 2.53022372e+10, -744638.546, 0.27, 3.332, 36171537.6, -38878.9446, -7366.01323, 0, 4.89020531e+16, 2.01817123e-06, 2.57899723e-06, 0, 0
10.8549479, 0, 0, 5e+16, 0, 2.23482406e-21, 3.718e+18, 6.44e+20, 4.85, 4, 338.143117, 31.0594261, 0.866667, 642892.652, 5.72034699e+17, 4.05559989e+15, 2.59507089e+17, 39249.7389, -335.963191, -340.430295, 5e+16, 3.35638279e+23, -632585.568, -114632.45, 302.957883, 31.0594261, 94.4715977, 0.866667, 0.866667, 5e+16, 23516.232, 15753.0253, 0.824070095, 41184.4614, -15349.4955, -23211.1809, -40651.7956, -3532.58183, -3775.41686, -6579.88816, 0, 1.2168355e-08, 1.2168355e-08, 2.49788753e+10, 2.50146629e+10, -772621.924, 0.27, 3.332, 36560162.2, -38560.6764, -7307.9987, 0, 4.89277876e+16, 1.91452857e-06, 2.44007428e-06, 0, 0
10.8613281, 0, 0, 5e+16, 0, 2.1088684e-21, 3.718e+18, 6.44e+20, 4.85, 4, 338.540029, 32.1170692, 0.866667, 622508.943, 2.13102785e+17, 3.05906978e+15, 2.68425794e+17, 35931.7783, -336.367326, -340.82824, 5e+16, 2.60872638e+23, -610664.506, -120750.746, 302.769058, 32.1170692, 94.4685498, 0.866667, 0.866667, 5e+16, 23627.4805, 12316.6345, 0.823888893, 37941.959, -11979.6261, -23246.1561, -37399.9236, -2854.51487, -4226.66548, -6376.71364, 0, 1.21575868e-08, 1.21575868e-08, 2.21381293e+10, 2.22101709e+10, -1347425.37, 0.27, 3.332, 73388986.4, -35225.7822, -7081.18037, 0, 4.91645224e+16, 7.56268437e-07, 9.96659708e-07, 0, 0
10.8617838, 0, 0, 5e+16, 0, 2.10051268e-21, 3.718e+18, 6.44e+20, 4.85, 4, 338.567696, 32.2008524, 0.866667, 620946.471, 1.97234737e+17, 3.0192457e+15, 2.69382479e+17, 35621.4937, -336.395326, -340.85601, 5e+16, 2.53188885e+23, -609006.336, -121161.584, 302.755876, 32.2008524, 94.4747302, 0.866667, 0.866667, 5e+16, 23656.1273, 11976.2684, 0.823950413, 37638.9582, -11649.9985, -23269.7696, -37101.0632, -2769.43619, -4257.95425, -6325.71001, 0, 1.21568352e-08, 1.21568352e-08, 2.18678956e+10, 2.19400806e+10, -1381147.82, 0.27, 3.332, 73566186.9, -34919.7681, -7027.39046, 0, 4.91892334e+16, 7.12514082e-07, 9.38492719e-07, 0, 0
10.8681641, 0, 0, 5e+16, 0, 1.98393174e-21, 3.718e+18, 6.44e+20, 4.85, 4, 338.949303, 33.4041808, 0.866667, 599621.472, 6.65710033e+16, 2.235358e+15, 2.80215424e+17, 33077.0391, -336.784634, -341.238794, 5e+16, 1.94298484e+23, -585921.933, -127336.552, 302.57025, 33.4041808, 94.7605919, 0.866667, 0.866667, 5e+16, 23838.2027, 9245.2995, 0.824151273, 35172.2285, -8975.86883, -23358.9984, -34603.0755, -2211.17064, -4754.06366, -6295.0679, 0, 1.21462524e-08, 1.21462524e-08, 1.9603096e+10, 1.97009981e+10, -1999632.88, 0.27, 3.332, 99901728.1, -32334.8673, -6965.23429, 0, 4.93763481e+16, 2.51854845e-07, 3.42092323e-07, 0, 0
10.8686198, 0, 0, 5e+16, 0, 1.97613549e-21, 3.718e+18, 6.44e+20, 4.85, 4, 338.975804, 33.5007656, 0.866667, 597962.598, 6.09351641e+16, 2.20302124e+15, 2.81305111e+17, 32794.4401, -336.811505, -341.265406, 5e+16, 1.87242183e+23, -584155.738, -127733.035, 302.5572, 33.5007656, 94.7663204, 0.866667, 0.866667, 5e+16, 23869.5446, 8930.09095, 0.824222754, 34897.5679, -8671.11547, -23384.1743, -34331.2503, -2130.48938, -4789.07231, -6253.0239, 0, 1.21455085e-08, 1.21455085e-08, 1.93587577e+10, 1.94567851e+10, -2042067.63, 0.27, 3.332, 100069451, -32055.2898, -6919.56169, 0, 4.93990244e+16, 2.35658906e-07, 3.20567023e-07, 0, 0
10.875, 0, 0, 5e+16, 0, 1.86825995e-21, 3.718e+18, 6.44e+20, 4.85, 4, 339.341235, 34.881145, 0.866667, 575532.163, 1.81633855e+16, 1.60301775e+15, 2.9435752e+17, 30937.6611, -337.185081, -341.632165, 5e+16, 1.42186406e+23, -559735.469, -133810.268, 302.374944, 34.881145, 94.7921263, 0.866667, 0.866667, 5e+16, 24121.3483, 6819.25235, 0.824707411, 33121.7982, -6608.08727, -23522.9979, -32498.5863, -1681.07273, -5336.98097, -6392.83138, 0, 1.21351207e-08, 1.21351207e-08, 1.75731068e+10, 1.76935221e+10, -2742848.66, 0.27, 3.332, 123158166, -30131.0852, -7018.0537, 0, 4.95426533e+16, 7.28055339e-08, 1.01849781e-07, 0, 0
10.8754557, 0, 0, 5e+16, 0, 1.86100768e-21, 3.718e+18, 6.44e+20, 4.85, 4, 339.366492, 34.9939895, 0.866667, 573760.887, 1.63958812e+16, 1.57769881e+15, 2.95616345e+17, 30692.8882, -337.210744, -341.657543, 5e+16, 1.35968676e+23, -557845.294, -134181.048, 302.362073, 34.9939895, 94.7819338, 0.866667, 0.866667, 5e+16, 24155.864, 6538.92524, 0.824785847, 32885.7986, -6337.58146, -23549.9518, -32263.5471, -1607.43222, -5376.2525, -6363.18591, 0, 1.21343873e-08, 1.21343873e-08, 1.73588043e+10, 1.74791878e+10, -2798440.83, 0.27, 3.332, 123182019, -29887.5333, -6983.68472, 0, 4.95626317e+16, 6.77077793e-08, 9.50060382e-08, 0, 0
10.8818359, 0, 0, 5e+16, 0, 1.76125193e-21, 3.718e+18, 6.44e+20, 4.85, 4, 339.714792, 36.5957574, 0.866667, 550066.359, 4.16981023e+15, 1.12999659e+15, 3.11309429e+17, 29425.9831, -337.567592, -342.007332, 5e+16, 1.02414011e+23, -531916.002, -140029.958, 302.183431, 36.5957574, 94.1383135, 0.866667, 0.866667, 5e+16, 24478.129, 4949.11692, 0.825491611, 31704.8104, -4787.1422, -23734.1073, -30994.4797, -1254.19141, -5986.24034, -6673.49189, 0, 1.21242081e-08, 1.21242081e-08, 1.59517998e+10, 1.60919043e+10, -3634089.75, 0.27, 3.332, 143738604, -28521.2496, -7240.43176, 0, 4.96699276e+16, 1.77605411e-08, 2.54692211e-08, 0, 0
10.8822916, 0, 0, 5e+16, 0, 1.75453185e-21, 3.718e+18, 6.44e+20, 4.85, 4, 339.738716, 36.7297133, 0.866667, 548161.692, 3.6963336e+15, 1.11082389e+15, 3.12787737e+17, 29224.7194, -337.591952, -342.031389, 5e+16, 9.71387149e+22, -529881.843, -140359.29, 302.170796, 36.7297133, 94.1365808, 0.866667, 0.866667, 5e+16, 24516.4482, 4708.7843, 0.825575261, 31513.4569, -4555.72091, -23763.145, -30801.6227, -1189.32608, -6030.40521, -6658.95152, 0, 1.21234883e-08, 1.21234883e-08, 1.57680014e+10, 1.59077792e+10, -3709640.03, 0.27, 3.332, 143487405, -28318.8659, -7219.73129, 0, 4.96868844e+16, 1.64489035e-08, 2.36706912e-08, 0, 0
10.8886719, 0, 0, 5e+16, 0, 1.66243884e-21, 3.718e+18, 6.44e+20, 4.85, 4, 340.068817, 38.6134384, 0.866667, 523020.306, 7.64422665e+14, 7.84624329e+14, 3.31731902e+17, 28452.9452, -337.930955, -342.363159, 5e+16, 7.27659072e+22, -502251.494, -145814.179, 301.996189, 38.6134384, 93.8929443, 0.866667, 0.866667, 5e+16, 24913.7926, 3540.11232, 0.826463533, 30835.139, -3418.67843, -23990.634, -29996.5047, -918.405986, -6715.34772, -7142.1204, 0, 1.21135418e-08, 1.21135418e-08, 1.46457721e+10, 1.48032331e+10, -4755602.03, 0.27, 3.332, 162216705, -27409.3124, -7633.7537, 0, 4.97650428e+16, 3.52791276e-09, 5.12891118e-09, 0, 0
10.8891276, 0, 0, 5e+16, 0, 1.65624111e-21, 3.718e+18, 6.44e+20, 4.85, 4, 340.091303, 38.7755826, 0.866667, 520953.473, 6.61081095e+14, 7.70556188e+14, 3.33502484e+17, 28297.1097, -337.953903, -342.385793, 5e+16, 6.84444704e+22, -500047.205, -146079.852, 301.983859, 38.7755826, 93.8902521, 0.866667, 0.866667, 5e+16, 24956.7419, 3340.90681, 0.826551981, 30690.8692, -3227.29295, -24022.19, -29847.623, -863.138574, -6765.12313, -7144.70948, 0, 1.21128396e-08, 1.21128396e-08, 1.44899608e+10, 1.46466739e+10, -4862080.54, 0.27, 3.332, 161575253, -27249.483, -7628.2617, 0, 4.97789454e+16, 3.26571708e-09, 4.75821274e-09, 0, 0
10.8955079, 0, 0, 5e+16, 0, 1.57146995e-21, 3.718e+18, 6.44e+20, 4.85, 4, 340.401994, 41.0260389, 0.866667, 494128.487, 1.03746298e+14, 5.38094565e+14, 3.56602653e+17, 27938.6503, -338.273786, -342.698359, 5e+16, 5.11450418e+22, -470484.866, -150906.838, 301.813921, 41.0260389, 94.7154248, 0.866667, 0.866667, 5e+16, 25439.1246, 2501.13109, 0.827606385, 30437.6747, -2412.26804, -24294.2833, -29418.7627, -660.375941, -7540.97326, -7807.33748, 0, 1.21031615e-08, 1.21031615e-08, 1.35698675e+10, 1.37425507e+10, -6233976.09, 0.27, 3.332, 178917213, -26706.5513, -8201.3492, 0, 4.9834566e+16, 5.42979374e-10, 7.85622926e-10, 0, 0
10.8959636, 0, 0, 5e+16, 0, 1.56578602e-21, 3.718e+18, 6.44e+20, 4.85, 4, 340.422919, 41.2272015, 0.866667, 491857.911, 8.65957753e+13, 5.28085022e+14, 3.58775662e+17, 27827.3983, -338.29519, -342.719451, 5e+16, 4.77200204e+22, -468074.317, -151076.854, 301.801973, 41.2272015, 94.713508, 0.866667, 0.866667, 5e+16, 25487.7809, 2341.14115, 0.827700405, 30340.5534, -2258.92746, -24328.9742, -29313.1691, -614.713226, -7597.14643, -7828.56664, 0, 1.21024812e-08, 1.21024812e-08, 1.34372629e+10, 1.36086567e+10, -6390375.1, 0.27, 3.332, 177784224, -26587.9017, -8211.85965, 0, 4.98455977e+16, 5.04771351e-10, 7.28731062e-10, 0, 0
10.9023438, 0, 0, 5e+16, 0, 1.48808675e-21, 3.718e+18, 6.44e+20, 4.85, 4, 340.712827, 43.9674619, 0.866667, 463016.8, 9.29351015e+12, 3.65788703e+14, 3.87414311e+17, 27819.9599, -338.594495, -343.011483, 5e+16, 3.56996333e+22, -436283.439, -154935.017, 301.637545, 43.9674619, 94.6866727, 0.866667, 0.866667, 5e+16, 26072.434, 1750.37527, 0.828923711, 30457.2816, -1687.01949, -24651.5297, -29191.5761, -466.523916, -8483.83647, -8684.21047, 0, 1.20931191e-08, 1.20931191e-08, 1.26487169e+10, 1.28341114e+10, -8277776.18, 0.27, 3.332, 193672241, -26338.5493, -8950.36039, 0, 4.98843369e+16, 5.78658326e-11, 8.32032433e-11, 0, 0
10.9027995, 0, 0, 5e+16, 0, 1.48290936e-21, 3.718e+18, 6.44e+20, 4.85, 4, 340.732038, 44.2252439, 0.866667, 460478.918, 1.22050425e+12, 3.58893807e+14, 3.90166243e+17, 27750.7772, -338.614192, -343.030888, 5e+16, 3.30720904e+22, -433613.342, -154961.994, 301.626068, 44.2252439, 94.7300361, 0.866667, 0.866667, 5e+16, 26128.1701, 1625.69643, 0.829025025, 30406.4365, -1567.83648, -24690.2218, -29127.4909, -429.81797, -8547.20181, -8725.33849, 0, 1.20924657e-08, 1.20924657e-08, 1.25327987e+10, 1.2716202e+10, -8519893.31, 0.27, 3.332, 191923112, -26258.0583, -8977.01978, 0, 4.98928118e+16, 5.41979897e-11, 7.89338298e-11, 0, 0
10.9091797, 0, 0, 5e+16, 0, 1.41210109e-21, 3.718e+18, 6.44e+20, 4.85, 4, 340.99959, 47.6423515, 0.866667, 429118.713, 0, 2.47733836e+14, 4.26547654e+17, 28056.457, -338.891225, -343.300877, 5e+16, 2.48840959e+22, -399183.18, -157342.96, 301.468181, 47.6423515, 92.9977084, 0.866667, 0.866667, 5e+16, 26842.6605, 1218.23644, 0.830435257, 30867.5227, -1174.38012, -25075.9201, -29268.4724, -323.905472, -9570.15588, -9798.48032, 0, 1.20834783e-08, 1.20834783e-08, 1.18150027e+10, 1.20092028e+10, -11257208.6, 0.27, 3.332, 205457263, -26250.3003, -9894.06135, 0, 4.99192561e+16, 1.86987968e-12, 4.64006976e-12, 0, 0
10.9096354, 0, 0, 5e+16, 0, 1.40742494e-21, 3.718e+18, 6.44e+20, 4.85, 4, 341.016896, 47.9875603, 0.866667, 426209.864, 0, 2.43172484e+14, 4.30182906e+17, 28026.1298, -338.909005, -343.318411, 5e+16, 2.29419191e+22, -396168.573, -157153.835, 301.457273, 47.9875603, 93.0067347, 0.866667, 0.866667, 5e+16, 26907.1285, 1123.98159, 0.830546257, 30862.8742, -1084.56603, -25119.8012, -29244.7423, -295.033944, -9641.31056, -9860.82509, 0, 1.20828575e-08, 1.20828575e-08, 1.17075535e+10, 1.18987369e+10, -11660058.4, 0.27, 3.332, 202843410, -26204.3672, -9936.3445, 0, 4.99255294e+16, 1.86987968e-12, 4.38770483e-12, 0, 0
10.9160156, 0, 0, 5e+16, 0, 1.34338288e-21, 3.718e+18, 6.44e+20, 4.85, 4, 341.260219, 52.381049, 0.866667, 391517.431, 0, 1.68480156e+14, 4.78033765e+17, 28636.0532, -339.16171, -343.564588, 5e+16, 1.74749085e+22, -358483.345, -157273.078, 301.307152, 52.381049, 92.8416885, 0.866667, 0.866667, 5e+16, 27794.1802, 848.127299, 0.832174297, 31682.2979, -818.877, -25592.107, -29635.2285, -220.815469, -10833.3141, -11192.7143, 0, 1.20743141e-08, 1.20743141e-08, 1.10037507e+10, 1.11994652e+10, -15889888.9, 0.27, 3.332, 211604352, -26410.9839, -11054.1296, 0, 4.99432194e+16, -1.56188099e-24, -3.66498062e-24, 0, 0
10.9164713, 0, 0, 5e+16, 0, 1.33920512e-21, 3.718e+18, 6.44e+20, 4.85, 4, 341.275359, 52.8724571, 0.866667, 388053.392, 0, 1.65692732e+14, 4.83133145e+17, 28641.2334, -339.177275, -343.580012, 5e+16, 1.6134271e+22, -354974.112, -156747.706, 301.296927, 52.8724571, 92.852349, 0.866667, 0.866667, 5e+16, 27869.0246, 779.327853, 0.832297784, 31727.0574, -753.618003, -25642.6838, -29653.9223, -198.334956, -10912.0234, -11277.9865, 0, 1.20737323e-08, 1.20737323e-08, 1.08937609e+10, 1.10848876e+10, -16635513.4, 0.27, 3.332, 207762151, -26396.3017, -11110.3583, 0, 4.99475553e+16, 0, 0, 0, 0
10.9228516, 0, 0, 5e+16, 0, 1.28184461e-21, 3.718e+18, 6.44e+20, 4.85, 4, 341.492141, 58.7502363, 0.866667, 348607.656, 0, 1.16758577e+14, 5.49290893e+17, 29581.8039, -339.402999, -343.800231, 5e+16, 1.25807684e+22, -313009.59, -153333.649, 301.155953, 58.7502363, 95.15896, 0.866667, 0.866667, 5e+16, 28994.1283, 596.031334, 0.83418727, 32977.0105, -577.580027, -26242.8928, -30326.9915, -147.086483, -12315.5583, -12937.1528, 0, 1.20657112e-08, 1.20657112e-08, 1.01400494e+10, 1.03224041e+10, -23735831.6, 0.27, 3.332, 206090454, -26820.4729, -12462.6447, 0, 4.99590724e+16, 0, 0, 0, 0
10.9233073, 0, 0, 5e+16, 0, 1.27816607e-21, 3.718e+18, 6.44e+20, 4.85, 4, 341.504734, 59.5047354, 0.866667, 344227.871, 0, 1.17985576e+14, 5.57140151e+17, 29618.6062, -339.415314, -343.8132, 5e+16, 1.33923392e+22, -308708.459, -152258.274, 301.146538, 59.5047354, 95.1687626, 0.866667, 0.866667, 5e+16, 29079.5116, 548.953523, 0.83432609, 33082.7268, -533.454376, -26301.4772, -30399.1648, -128.618355, -12398.5419, -13047.0677, 0, 1.20651757e-08, 1.20651757e-08, 9.99865069e+09, 1.01831084e+10, -25341559.7, 0.27, 3.332, 209799312, -26834.9317, -12527.1602, 0, 4.99564271e+16, 0, 0, 0, 0
10.9296875, 0, 0, 5e+16, 0, 1.22743513e-21, 3.718e+18, 6.44e+20, 4.85, 4, 341.691909, 67.7513824, 0.866667, 297287.482, 0, 9.03438926e+13, 6.55726328e+17, 30960.1265, -339.609277, -344.004697, 5e+16, 1.14492454e+22, -260518.394, -143083.02, 301.016231, 67.7513824, 95.522691, 0.866667, 0.866667, 5e+16, 30541.4441, 430.00694, 0.836535701, 34935.6624, -419.703508, -27100.923, -31469.6656, -93.2040781, -14066.1016, -15149.8444, 0, 1.20577629e-08, 1.20577629e-08, 9.08853924e+09, 9.24342233e+09, -38754444.1, 0.27, 3.332, 193637525, -27520.6265, -14159.3056, 0, 4.99627297e+16, 0, 0, 0, 0
10.9301432, 0, 0, 5e+16, 0, 1.22426425e-21, 3.718e+18, 6.44e+20, 4.85, 4, 341.701327, 68.8542728, 0.866667, 291861.966, 0, 1.18381745e+14, 6.69942637e+17, 31050.936, -339.611671, -344.014678, 5e+16, 3.10208363e+23, -255347.853, -141329.741, 301.007778, 68.8542728, 95.5254473, 0.866667, 0.866667, 5e+16, 30627.0977, 456.785385, 0.836687674, 35103.5408, -448.330877, -27162.8381, -31614.3102, -38.4879933, -14138.8766, -15240.8079, 0, 1.20572822e-08, 1.20572822e-08, 8.91518306e+09, 9.0868083e+09, -38244821.6, 0.27, 3.332, 209870055, -27611.1689, -14177.3645, 0, 4.90742759e+16, 0, 0, 0, 0
10.9365234, 0, 0, 5e+16, 0, 1.18013946e-21, 3.718e+18, 6.44e+20, 4.85, 4, 341.854415, 80.6097047, 0.866667, 232646.541, 0, 1.82050623e+15, 8.36056675e+17, 32920.4743, -339.693769, -344.173597, 5e+16, 4.14332577e+23, -197586.501, -122713.096, 300.889761, 80.6097047, 94.4741747, 0.866667, 0.866667, 5e+16, 32560.256, 404.679157, 0.839294844, 37923.4305, -402.55545, -28277.6523, -33370.7095, 3.81909161, -16116.9234, -17974.8425, 0, 1.20505698e-08, 1.20505698e-08, 7.67940978e+09, 7.82558594e+09, -66549396.4, 0.27, 3.332, 212725558, -28680.2077, -16113.1042, 0, 4.8742789e+16, 0, 0, 0, 0
10.9369791, 0, 0, 5e+16, 0, 1.1774785e-21, 3.718e+18, 6.44e+20, 4.85, 4, 341.859721, 81.1386993, 0.866667, 227555.798, 0, 2.2143868e+15, 8.69246823e+17, 33241.1648, -339.693825, -344.179918, 5e+16, 3.98365971e+24, -192939.571, -120617.99, 300.882406, 81.1386993, 94.4826065, 0.866667, 0.866667, 5e+16, 32571.4419, 906.102144, 0.839429031, 38137.1568, -829.741039, -28256.7475, -33676.5283, 296.573919, -16188.7543, -17733.9767, 0, 1.20501516e-08, 1.20501516e-08, 7.51188542e+09, 7.69176982e+09, -47923469, 0.27, 3.332, 227807870, -29086.4885, -15892.1803, 0, 4.33702248e+16, 0, 0, 0, 0
10.9433594, 0, 0, 5e+16, 0, 1.13994575e-21, 3.718e+18, 6.44e+20, 4.85, 4, 341.971088, 93.174767, 0.866667, 159911.854, 0, 1.51677486e+17, 1.2223008e+18, 36335.3979, -339.695256, -344.300198, 5e+16, 1.30826023e+25, -130419.331, -92438.0334, 300.77832, 93.174767, 95.5554109, 0.866667, 0.866667, 5e+16, 35007.1443, 2139.84797, 0.842464263, 41949.5061, -1952.14126, -29724.6429, -36582.4844, 873.285497, -18466.8426, -20339.9569, 0, 1.20442326e-08, 1.20442326e-08, 5.74714234e+09, 5.98326316e+09, 68870.7733, 0.27, 3.332, 236051954, -31676.7842, -17593.5571, 0, 2.62825942e+16, 0, 0, 0, 0
10.9438151, 0, 0, 5e+16, 0, 1.13777159e-21, 3.718e+18, 6.44e+20, 4.85, 4, 341.973359, 93.1891901, 0.866667, 156505.004, 0, 1.63179487e+17, 1.27687743e+18, 36967.6368, -339.69528, -344.303606, 5e+16, 1.96513916e+25, -127392.456, -90873.0389, 300.772123, 93.1891901, 95.55909, 0.866667, 0.866667, 5e+16, 34877.8839, 3071.18932, 0.842528884, 42383.0383, -2790.13344, -29590.1857, -37110.9718, 1279.85184, -18447.0905, -19828.7543, 0, 1.20438802e-08, 1.20438802e-08, 5.62852801e+09, 5.86998566e+09, -511053.493, 0.27, 3.332, 241968706, -32380.3192, -17167.2387, 0, 2.42613307e+16, 0, 0, 0, 0
10.9501954, 0, 0, 5e+16, 0, 1.10679897e-21, 3.718e+18, 6.44e+20, 4.85, 4, 342.034472, 95.9442501, 0.866667, 96578.2223, 0, 1.51930508e+18, 2.28230025e+18, 43305.6408, -339.695567, -344.37984, 5e+16, 7.98383316e+25, -75535.5205, -60102.7337, 300.683485, 95.9442501, 96.0024721, 0.866667, 0.866667, 5e+16, 36733.253, 9954.43299, 0.845669721, 47218.8291, -9196.21784, -30715.8162, -43178.6631, 3798.80322, -20121.8607, -18626.5253, 0, 1.20388405e-08, 1.20388405e-08, 3.66592076e+09, 4.25198687e+09, 230505804, 0.27, 3.332, 355560307, -39912.0341, -16323.0575, 0, 4.72563695e+15, 0, 0, 0, 0
10.9506511, 0, 0, 5e+16, 0, 1.1050717e-21, 3.718e+18, 6.44e+20, 4.85, 4, 342.035657, 95.9475001, 0.866667, 94994.1575, 0, 1.56931089e+18, 2.34754989e+18, 43969.2921, -339.695587, -344.38176, 5e+16, 8.82238888e+25, -74182.3234, -59273.5848, 300.678433, 95.9475001, 96.0054153, 0.866667, 0.866667, 5e+16, 36510.3554, 10819.8448, 0.845646004, 47803.9024, -10037.0053, -30541.9919, -43772.5316, 4039.88585, -19969.9251, -18197.759, 0, 1.20385533e-08, 1.20385533e-08, 3.60379069e+09, 4.18890273e+09, 232487945, 0.27, 3.332, 352624101, -40578.9972, -15930.0393, 0, 4.52356333e+15, 0, 0, 0, 0
10.9570313, 0, 0, 5e+16, 0, 1.08035906e-21, 3.718e+18, 6.44e+20, 4.85, 4, 342.064565, 96.0281303, 0.866667, 54154.7213, 0, 3.86931166e+18, 4.20853599e+18, 53108.473, -339.695832, -344.42586, 5e+16, 1.93385689e+26, -42472.2784, -33536.9921, 300.605823, 96.0281303, 96.0466203, 0.866667, 0.866667, 5e+16, 34527.5338, 23032.0566, 0.848057551, 54678.6005, -21975.3445, -30025.2639, -53321.9958, 6854.78424, -17036.2207, -11485.8595, 0, 1.20344254e-08, 1.20344254e-08, 2.00419052e+09, 2.65698761e+09, 243568392, 0.27, 3.332, 409228690, -52000.6084, -10181.4365, 0, 1.59999854e+15, 0, 0, 0, 0
10.957487, 0, 0, 5e+16, 0, 1.07901706e-21, 3.718e+18, 6.44e+20, 4.85, 4, 342.06534, 96.0307351, 0.866667, 53485.6131, 0, 3.9424515e+18, 4.28447026e+18, 53642.7815, -339.695851, -344.427102, 5e+16, 2.03143436e+26, -41908.2921, -33162.7318, 300.601816, 96.0307351, 96.048373, 0.866667, 0.866667, 5e+16, 34266.4395, 23727.5593, 0.847962383, 55192.0424, -22686.778, -29828.1717, -53815.8358, 6941.03449, -16834.4493, -11184.4098, 0, 1.20341976e-08, 1.20341976e-08, 1.97325707e+09, 2.62930938e+09, 250040398, 0.27, 3.332, 406011909, -52514.9498, -9893.41487, 0, 1.55465542e+15, 0, 0, 0, 0
10.9638672, 0, 0, 5e+16, 0, 1.05996763e-21, 3.718e+18, 6.44e+20, 4.85, 4, 342.081678, 96.0681756, 0.866667, 30141.0366, 0, 6.06891123e+18, 6.23009058e+18, 62440.7244, -339.696092, -344.453196, 5e+16, 3.43946842e+26, -24764.926, -17135.1408, 300.544647, 96.0681756, 96.0921373, 0.866667, 0.866667, 5e+16, 29324.3746, 36411.612, 0.848962818, 63049.6242, -35300.3147, -27042.2515, -62922.1581, 8870.32103, -11340.8748, -3057.11596, 0, 1.20309477e-08, 1.20309477e-08, 1.0353604e+09, 1.72153533e+09, 306665329, 0.27, 3.332, 379509597, -62342.5663, -2470.55379, 0, 8.47306636e+14, 0, 0, 0, 0
10.9643229, 0, 0, 5e+16, 0, 1.05894116e-21, 3.718e+18, 6.44e+20, 4.85, 4, 342.082232, 96.0702246, 0.866667, 29787.6141, 0, 6.14333686e+18, 6.30486201e+18, 62856.4744, -339.696111, -344.454062, 5e+16, 3.54315938e+26, -24457.7727, -16948.3687, 300.541532, 96.0702246, 96.0939256, 0.866667, 0.866667, 5e+16, 29057.0785, 37000.7363, 0.8488191, 63458.0655, -35918.0033, -26822.1588, -63312.0216, 8871.65845, -11163.3978, -2871.97107, 0, 1.20307707e-08, 1.20307707e-08, 1.0187479e+09, 1.70945075e+09, 314508025, 0.27, 3.332, 376194829, -62740.1621, -2291.73942, 0, 8.30135628e+14, 0, 0, 0, 0
10.9707031, 0, 0, 5e+16, 0, 1.04458764e-21, 3.718e+18, 6.44e+20, 4.85, 4, 342.092717, 96.0992747, 0.866667, 17928.6049, 0, 7.8412846e+18, 7.93388144e+18, 69739.2832, -339.696355, -344.470544, 5e+16, 5.13733639e+26, -15325.4524, -9266.424, 300.49774, 96.0992747, 96.118817, 0.866667, 0.866667, 5e+16, 23644.7325, 47995.1837, 0.848547749, 70042.6042, -47072.5553, -22602.4192, -69985.7872, 9285.54783, -6942.3425, 2073.98459, 0, 1.20282815e-08, 1.20282815e-08, 545782183, 1.28941605e+09, 421739404, 0.27, 3.332, 321894467, -69674.9745, 2343.20533, 0, 5.6183508e+14, 0, 0, 0, 0
10.9711588, 0, 0, 5e+16, 0, 1.04381169e-21, 3.718e+18, 6.44e+20, 4.85, 4, 342.093125, 96.1008577, 0.866667, 17707.1524, 0, 7.9068464e+18, 7.99937749e+18, 70082.1993, -339.696374, -344.471167, 5e+16, 5.23817308e+26, -15124.7437, -9165.63921, 300.495355, 96.1008577, 96.1201911, 0.866667, 0.866667, 5e+16, 23391.9801, 48525.2967, 0.848375232, 70381.8775, -47630.1208, -22377.7335, -70314.6181, 9251.16771, -6811.14255, 2174.10756, 0, 1.20281459e-08, 1.20281459e-08, 536344545, 1.28454325e+09, 429595867, 0.27, 3.332, 318602836, -70007.8544, 2440.02516, 0, 5.53512247e+14, 0, 0, 0, 0
10.9775391, 0, 0, 5e+16, 0, 1.03313002e-21, 3.718e+18, 6.44e+20, 4.85, 4, 342.100265, 96.1229627, 0.866667, 11659.3524, 0, 9.19866984e+18, 9.2603532e+18, 75635.8882, -339.696627, -344.482131, 5e+16, 6.81398543e+26, -10168.1133, -5670.6107, 300.462353, 96.1229627, 96.1283832, 0.866667, 0.866667, 5e+16, 18519.7426, 58151.247, 0.847380249, 75811.4538, -57446.1658, -18027.1831, -75657.1401, 8921.59051, -4240.49812, 4544.38157, 0, 1.20262702e-08, 1.20262702e-08, 300779757, 1.10872599e+09, 547665538, 0.27, 3.332, 260280695, -75473.3489, 4681.0924, 0, 4.25186194e+14, 0, 0, 0, 0
10.9779948, 0, 0, 5e+16, 0, 1.03254955e-21, 3.718e+18, 6.44e+20, 4.85, 4, 342.100568, 96.1241679, 0.866667, 11506.9998, 0, 9.25213453e+18, 9.31370644e+18, 75944.244, -339.696646, -344.482585, 5e+16, 6.90458517e+26, -10025.2991, -5613.9219, 300.460552, 96.1241679, 96.1294253, 0.866667, 0.866667, 5e+16, 18290.8404, 58647.6034, 0.847192272, 76117.6209, -57964.1518, -17813.722, -75959.2065, 8880.2428, -4150.39006, 4594.93139, 0, 1.20261678e-08, 1.20261678e-08, 295312070, 1.10729353e+09, 554794568, 0.27, 3.332, 257186888, -75777.8738, 4729.85275, 0, 4.20581053e+14, 0, 0, 0, 0
10.984375, 0, 0, 5e+16, 0, 1.02466505e-21, 3.718e+18, 6.44e+20, 4.85, 4, 342.105582, 96.1407511, 0.866667, 8057.10388, 0, 1.02120665e+19, 1.02575862e+19, 80906.4849, -339.696911, -344.490124, 5e+16, 8.31552044e+26, -7040.10366, -3884.55134, 300.435962, 96.1407511, 96.1437684, 0.866667, 0.866667, 5e+16, 14183.1484, 67299.1075, 0.845851063, 81016.1171, -66756.7524, -13931.0141, -80802.875, 8397.84183, -2659.47087, 5661.63564, 0, 1.20247702e-08, 1.20247702e-08, 175377256, 1.04319697e+09, 663882071, 0.27, 3.332, 203937642, -80687.7665, 5738.37096, 0, 3.50452638e+14, 0, 0, 0, 0
10.9848307, 0, 0, 5e+16, 0, 1.02423608e-21, 3.718e+18, 6.44e+20, 4.85, 4, 342.105806, 96.1416559, 0.866667, 7945.28779, 0, 1.02532284e+19, 1.0298653e+19, 81202.3494, -339.696931, -344.490452, 5e+16, 8.391029e+26, -6932.83111, -3851.5323, 300.434622, 96.1416559, 96.1450836, 0.866667, 0.866667, 5e+16, 13979.6647, 67773.8734, 0.845654993, 81310.5811, -67247.1746, -13735.8557, -81096.5772, 8362.58291, -2599.19072, 5687.65102, 0, 1.2024694e-08, 1.2024694e-08, 172235467, 1.04316429e+09, 669848955, 0.27, 3.332, 201079867, -80983.0304, 5763.39219, 0, 3.47722627e+14, 0, 0, 0, 0
10.9912109, 0, 0, 5e+16, 0, 1.01846944e-21, 3.718e+18, 6.44e+20, 4.85, 4, 342.109372, 96.1539544, 0.866667, 5749.66385, 0, 1.09499013e+19, 1.09860184e+19, 85916.2423, -339.697208, -344.495709, 5e+16, 9.55795031e+26, -4942.87157, -2903.75552, 300.416511, 96.1539544, 96.1648649, 0.866667, 0.866667, 5e+16, 10561.5479, 75691.1181, 0.844152686, 85988.6614, -75257.7445, -10419.3431, -85752.9702, 7942.28194, -1724.65932, 6170.62305, 0, 1.20236647e-08, 1.20236647e-08, 110093999, 1.02540479e+09, 761142749, 0.27, 3.332, 154168044, -85677.0876, 6217.62262, 0, 3.0641565e+14, 0, 0, 0, 0
10.9916666, 0, 0, 5e+16, 0, 1.01815833e-21, 3.718e+18, 6.44e+20, 4.85, 4, 342.109533, 96.1546222, 0.866667, 5663.16402, 0, 1.09796098e+19, 1.10156523e+19, 86210.4011, -339.697229, -344.495941, 5e+16, 9.61574214e+26, -4858.61576, -2883.83358, 300.415534, 96.1546222, 96.1654161, 0.866667, 0.866667, 5e+16, 10381.4126, 76150.6854, 0.843951983, 86281.9141, -75728.257, -10243.6697, -86046.8101, 7917.24799, -1684.45271, 6186.36211, 0, 1.20236092e-08, 1.20236092e-08, 108374463, 1.02559511e+09, 765718914, 0.27, 3.332, 151501735, -85971.9267, 6232.79528, 0, 3.04766857e+14, 0, 0, 0, 0
10.9980469, 0, 0, 5e+16, 0, 1.01400787e-21, 3.718e+18, 6.44e+20, 4.85, 4, 342.112047, 96.1636136, 0.866667, 4149.58621, 0, 1.14649672e+19, 1.14951748e+19, 90815.862, -339.69752, -344.499571, 5e+16, 1.05050273e+27, -3420.05226, -2317.78499, 300.402432, 96.1636136, 96.1726735, 0.866667, 0.866667, 5e+16, 7509.07271, 83515.6291, 0.842370251, 90866.4523, -83153.58, -7419.31246, -90625.7379, 7609.78363, -1155.60059, 6423.13169, 0, 1.20228646e-08, 1.20228646e-08, 76669265.5, 1.02187755e+09, 835647955, 0.27, 3.332, 109560328, -90572.8925, 6454.18304, 0, 2.79782253e+14, 0, 0, 0, 0
10.9985026, 0, 0, 5e+16, 0, 1.01378995e-21, 3.718e+18, 6.44e+20, 4.85, 4, 342.112158, 96.1640933, 0.866667, 4079.62984, 0, 1.14843016e+19, 1.15144492e+19, 91113.2188, -339.697543, -344.499726, 5e+16, 1.05441259e+27, -3351.21249, -2305.33441, 300.401744, 96.1640933, 96.17306, 0.866667, 0.866667, 5e+16, 7349.28216, 83963.9432, 0.842166247, 91163.2295, -83609.4655, -7261.77865, -90923.4562, 7594.9731, -1128.55663, 6435.69648, 0, 1.20228255e-08, 1.20228255e-08, 75861099, 1.02162059e+09, 838746364, 0.27, 3.332, 107013130, -90871.2442, 6466.41647, 0, 2.78829831e+14, 0, 0, 0, 0
11.0048829, 0, 0, 5e+16, 0, 1.01089876e-21, 3.718e+18, 6.44e+20, 4.85, 4, 342.113865, 96.1693, 0.866667, 2986.16693, 0, 1.17955927e+19, 1.18218609e+19, 95676.9493, -339.697852, -344.502124, 5e+16, 1.11488527e+27, -2241.63851, -1943.46963, 300.392585, 96.1705071, 96.1697728, 0.866667, 0.866667, 5e+16, 4895.71854, 90921.1389, 0.840538817, 95714.5298, -90606.0484, -4830.12792, -95475.3018, 7395.10358, -797.385239, 6575.79799, 0, 1.20223049e-08, 1.20223049e-08, 61355197.7, 1.01598927e+09, 886388621, 0.27, 3.332, 68245452.3, -95436.1763, 6597.71834, 0, 2.64210324e+14, 0, 0, 0, 0
11.0053386, 0, 0, 5e+16, 0, 1.01075685e-21, 3.718e+18, 6.44e+20, 4.85, 4, 342.113934, 96.1696274, 0.866667, 2927.50715, 0, 1.18055737e+19, 1.18317912e+19, 95979.6889, -339.697875, -344.502214, 5e+16, 1.11694493e+27, -2183.42763, -1935.419, 300.392136, 96.1708345, 96.1700246, 0.866667, 0.866667, 5e+16, 4753.87105, 91360.8779, 0.840331828, 96016.9091, -91051.0334, -4688.8028, -95778.5697, 7388.95944, -778.950117, 6588.28813, 0, 1.20222794e-08, 1.20222794e-08, 61164206, 1.01492714e+09, 888019710, 0.27, 3.332, 65743227.9, -95739.8362, 6610.00932, 0, 2.63753819e+14, 0, 0, 0, 0
11.0117188, 0, 0, 5e+16, 0, 1.00888264e-21, 3.718e+18, 6.44e+20, 4.85, 4, 342.11499, 96.1731529, 0.866667, 2140.88242, 0, 1.19695158e+19, 1.19930313e+19, 100542.16, -339.698204, -344.503626, 5e+16, 1.14985742e+27, -1282.04487, -1691.3246, 300.386184, 96.1751889, 96.1735501, 0.866667, 0.866667, 5e+16, 2630.06653, 98020.1344, 0.838671401, 100572.004, -97736.4562, -2568.59167, -100336.01, 7276.37895, -564.431483, 6695.5477, 0, 1.20219411e-08, 1.20219411e-08, 57208775.7, 999678348, 913915918, 0.27, 3.332, 28553654.2, -100305.048, 6711.94747, 0, 2.56449391e+14, 0, 0, 0, 0
11.0121745, 0, 0, 5e+16, 0, 1.00880577e-21, 3.718e+18, 6.44e+20, 4.85, 4, 342.115022, 96.1732017, 0.866667, 2090.88815, 0, 1.19710351e+19, 1.19945046e+19, 100851.253, -339.698229, -344.503662, 5e+16, 1.15016935e+27, -1231.37951, -1685.94886, 300.38594, 96.1753884, 96.1732017, 0.866667, 0.866667, 5e+16, 2510.46468, 98453.1032, 0.838461332, 100880.885, -98173.0899, -2441.78628, -100645.607, 7276.9919, -551.679031, 6709.03598, 0, 1.20219273e-08, 1.20219273e-08, 57462030.3, 997650052, 914158761, 0.27, 3.332, 26029260.4, -100614.876, 6725.31287, 0, 2.56381808e+14, 0, 0, 0, 0
11.0185547, 0, 0, 5e+16, 0, 1.00779737e-21, 3.718e+18, 6.44e+20, 4.85, 4, 342.115532, 96.1778772, 0.866667, 1593.33888, 0, 1.20072977e+19, 1.20288129e+19, 105440.825, -339.698578, -344.504248, 5e+16, 1.15743953e+27, -468.426515, -1514.1592, 300.382733, 96.1780278, 96.1830945, 0.866667, 0.866667, 5e+16, 707.138809, 104893.359, 0.836771899, 105466.189, -104631.109, -576.091275, -105233.418, 7230.32177, -408.368771, 6809.0479, 0, 1.2021745e-08, 1.2021745e-08, 60564955.1, 969434600, 919749978, 0.27, 3.332, -10880333.1, -105207.2, 6821.953, 0, 2.54792008e+14, 0, 0, 0, 0
11.0190104, 0, 0, 5e+16, 0, 1.00777972e-21, 3.718e+18, 6.44e+20, 4.85, 4, 342.115531, 96.1779114, 0.866667, 1591.10979, 0, 1.2001124e+19, 1.20225949e+19, 105756.691, -339.698604, -344.504234, 5e+16, 1.15616679e+27, -423.291104, -1510.45974, 300.382677, 96.1781141, 96.1831286, 0.866667, 0.866667, 5e+16, 758.971425, 105320.682, 0.836558535, 105781.943, -105061.026, -462.596087, -105549.716, 7235.91975, -399.424887, 6823.66748, 0, 1.20217419e-08, 1.20217419e-08, 61158274.7, 966405589, 918733159, 0.27, 3.332, -13485844.3, -105523.621, 6836.49487, 0, 2.55059135e+14, 0, 0, 0, 0
11.0253906, 0, 0, 5e+16, 0, 1.0075595e-21, 3.718e+18, 6.44e+20, 4.85, 4, 342.115567, 96.1790377, 0.866667, 1419.13679, 0, 1.19248011e+19, 1.1944813e+19, 110394.068, -339.698979, -344.5041, 5e+16, 1.14042457e+27, 243.26308, -1385.45032, 300.381976, 96.1792405, 96.1835098, 0.866667, 0.866667, 5e+16, 1223.01061, 111595.985, 0.834840761, 110417.017, -111348.675, 1185.33883, -110186.967, 7236.87772, -301.0241, 6925.25047, 0, 1.2021702e-08, 1.2021702e-08, 69397951.6, 924301922, 906069296, 0.27, 3.332, -51165326.5, -110163.336, 6935.85361, 0, 2.58390367e+14, 0, 0, 0, 0
11.0258463, 0, 0, 5e+16, 0, 1.00759956e-21, 3.718e+18, 6.44e+20, 4.85, 4, 342.115537, 96.1789652, 0.866667, 1459.09587, 0, 1.19116109e+19, 1.19315778e+19, 110716.833, -339.699007, -344.504041, 5e+16, 1.13777421e+27, 284.196557, -1382.83075, 300.382103, 96.17922, 96.1834373, 0.866667, 0.866667, 5e+16, 1322.2526, 112018.225, 0.834623906, 110739.739, -111772.783, 1286.25778, -110510.105, 7245.98473, -294.678172, 6940.75365, 0, 1.20217092e-08, 1.20217092e-08, 70266918.6, 920320098, 903957132, 0.27, 3.332, -53903952.4, -110486.525, 6951.30655, 0, 2.58971405e+14, 0, 0, 0, 0
11.0322266, 0, 0, 5e+16, 0, 1.00815011e-21, 3.718e+18, 6.44e+20, 4.85, 4, 342.115151, 96.1744806, 0.866667, 1586.16151, 0, 1.17349049e+19, 1.17537529e+19, 115416.657, -339.699408, -344.503264, 5e+16, 1.10216121e+27, 880.522935, -1289.52866, 300.383854, 96.178917, 96.1744806, 0.866667, 0.866667, 5e+16, 2747.77111, 118163.39, 0.832877453, 115438.523, -117926.756, 2738.48904, -115210.7, 7280.10746, -225.464415, 7045.61015, 0, 1.20218088e-08, 1.20218088e-08, 82538487, 864831752, 875517514, 0.27, 3.332, -93224249, -115188.267, 7054.64304, 0, 2.6693601e+14, 0, 0, 0, 0
11.0326823, 0, 0, 5e+16, 0, 1.00824998e-21, 3.718e+18, 6.44e+20, 4.85, 4, 342.115095, 96.174298, 0.866667, 1623.63629, 0, 1.17153147e+19, 1.17341156e+19, 115746.298, -339.699439, -344.503164, 5e+16, 1.09837043e+27, 918.127933, -1287.62151, 300.384171, 96.1787894, 96.174298, 0.866667, 0.866667, 5e+16, 2836.15299, 118580.702, 0.832656964, 115768.167, -118345.444, 2827.19443, -115540.681, 7291.56378, -220.923283, 7061.64074, 0, 1.20218268e-08, 1.20218268e-08, 83642625.2, 859998129, 872498745, 0.27, 3.332, -96143240.4, -115518.25, 7070.6405, 0, 2.67834252e+14, 0, 0, 0, 0
11.0390625, 0, 0, 5e+16, 0, 1.00960386e-21, 3.718e+18, 6.44e+20, 4.85, 4, 342.114326, 96.1717823, 0.866667, 1923.81149, 0, 1.1448675e+19, 1.14665974e+19, 120518.69, -339.699872, -344.501792, 5e+16, 1.04637692e+27, 1460.73556, -1216.73152, 300.388475, 96.1770442, 96.1717823, 0.866667, 0.866667, 5e+16, 4099.47527, 124616.931, 0.830881337, 120540.339, -124388.148, 4095.88143, -120314.403, 7347.87003, -171.20304, 7168.73954, 0, 1.20220714e-08, 1.20220714e-08, 99291301.9, 792482985, 831052168, 0.27, 3.332, -137860485, -120292.267, 7176.66699, 0, 2.80508614e+14, 0, 0, 0, 0
11.0395182, 0, 0, 5e+16, 0, 1.00976873e-21, 3.718e+18, 6.44e+20, 4.85, 4, 342.114245, 96.1718508, 0.866667, 1958.62304, 0, 1.14232686e+19, 1.14411405e+19, 120855.075, -339.699906, -344.501652, 5e+16, 1.04169982e+27, 1495.57671, -1215.303, 300.388996, 96.176803, 96.1719701, 0.866667, 0.866667, 5e+16, 4175.9758, 125029.171, 0.830657143, 120876.758, -124801.43, 4172.47501, -120651.122, 7360.80585, -167.937337, 7184.96324, 0, 1.2022101e-08, 1.2022101e-08, 100605617, 786930596, 827329197, 0.27, 3.332, -141004218, -120628.954, 7192.86851, 0, 2.81747528e+14, 0, 0, 0, 0
11.0458984, 0, 0, 5e+16, 0, 1.01200086e-21, 3.718e+18, 6.44e+20, 4.85, 4, 342.113125, 96.1735218, 0.866667, 2326.91454, 0, 1.10761352e+19, 1.10933032e+19, 125706.518, -339.700375, -344.499726, 5e+16, 9.77002073e+26, 1994.92135, -1160.90483, 300.396079, 96.1735218, 96.1760674, 0.866667, 0.866667, 5e+16, 5265.03508, 130968.063, 0.82885208, 125728.51, -130745.242, 5263.37249, -125504.292, 7431.22971, -131.557539, 7292.54495, 0, 1.20225035e-08, 1.20225035e-08, 119246296, 709238675, 775798828, 0.27, 3.332, -185806449, -125481.869, 7299.67217, 0, 2.9951449e+14, 0, 0, 0, 0
11.0463541, 0, 0, 5e+16, 0, 1.01223858e-21, 3.718e+18, 6.44e+20, 4.85, 4, 342.113021, 96.173156, 0.866667, 2359.33303, 0, 1.10454858e+19, 1.10625985e+19, 126049.455, -339.700412, -344.499549, 5e+16, 9.7169707e+26, 2027.34542, -1159.80113, 300.396828, 96.173156, 96.1756418, 0.866667, 0.866667, 5e+16, 5329.4399, 131374.918, 0.82862416, 126071.5, -131152.906, 5327.80686, -125847.573, 7445.0287, -129.207105, 7308.70935, 0, 1.20225461e-08, 1.20225461e-08, 120757281, 703116562, 771577572, 0.27, 3.332, -189218292, -125825.099, 7315.82159, 0, 3.01136966e+14, 0, 0, 0, 0
11.0527344, 0, 0, 5e+16, 0, 1.01546041e-21, 3.718e+18, 6.44e+20, 4.85, 4, 342.111576, 96.1681778, 0.866667, 2744.88004, 0, 1.06268067e+19, 1.06433442e+19, 130983.963, -339.700924, -344.497094, 5e+16, 8.97997163e+26, 2489.79864, -1117.98947, 300.407022, 96.1681778, 96.1699097, 0.866667, 0.866667, 5e+16, 6243.80763, 137222.125, 0.826789584, 131006.647, -137003.983, 6242.95275, -130784.102, 7523.92083, -102.156936, 7415.23022, 0, 1.20231254e-08, 1.20231254e-08, 142191815, 617337593, 712909971, 0.27, 3.332, -237764193, -130761.031, 7421.76389, 0, 3.24677331e+14, 0, 0, 0, 0
11.0531901, 0, 0, 5e+16, 0, 1.01578123e-21, 3.718e+18, 6.44e+20, 4.85, 4, 342.111451, 96.1676649, 0.866667, 2775.07487, 0, 1.05914947e+19, 1.06079712e+19, 131333.226, -339.700964, -344.496881, 5e+16, 8.92315084e+26, 2519.99208, -1117.10553, 300.408029, 96.167672, 96.1693373, 0.866667, 0.866667, 5e+16, 6295.97148, 137623.217, 0.826557947, 131355.973, -137405.717, 6295.12545, -131133.726, 7538.19186, -100.471703, 7431.19658, 0, 1.20231826e-08, 1.20231826e-08, 143896261, 610798413, 708390260, 0.27, 3.332, -241488108, -131110.592, 7437.72016, 0, 3.26747186e+14, 0, 0, 0, 0
11.0595704, 0, 0, 5e+16, 0, 1.02013646e-21, 3.718e+18, 6.44e+20, 4.85, 4, 342.109704, 96.1528577, 0.866667, 3155.72672, 0, 1.01100918e+19, 1.01260888e+19, 136353.277, -339.701525, -344.493917, 5e+16, 8.13184426e+26, 2949.12869, -1085.24295, 300.421756, 96.1607801, 96.1528577, 0.866667, 0.866667, 5e+16, 7035.28104, 143381.25, 0.824693808, 136376.848, -143166.88, 7034.8066, -136156, 7621.97712, -80.0732095, 7535.81859, 0, 1.20239628e-08, 1.20239628e-08, 168085668, 519076311, 645428724, 0.27, 3.332, -294438081, -136132.074, 7541.9039, 0, 3.57066542e+14, 0, 0, 0, 0
11.0600261, 0, 0, 5e+16, 0, 1.02055276e-21, 3.718e+18, 6.44e+20, 4.85, 4, 342.109559, 96.1521182, 0.866667, 3183.75643, 0, 1.00707164e+19, 1.00866458e+19, 136708.632, -339.701569, -344.493669, 5e+16, 8.07357165e+26, 2977.1549, -1084.5036, 300.423056, 96.1601159, 96.1521182, 0.866667, 0.866667, 5e+16, 7075.11366, 143776.23, 0.824458469, 136732.27, -143562.372, 7074.641, -136511.723, 7636.54254, -78.8759202, 7551.58794, 0, 1.20240367e-08, 1.20240367e-08, 169991562, 512266614, 640795229, 0.27, 3.332, -298520177, -136487.731, 7557.66661, 0, 3.59672175e+14, 0, 0, 0, 0
11.0664063, 0, 0, 5e+16, 0, 1.02621475e-21, 3.718e+18, 6.44e+20, 4.85, 4, 342.107532, 96.1417648, 0.866667, 3548.81191, 0, 9.53550921e+18, 9.55102947e+18, 141816.12, -339.702187, -344.490213, 5e+16, 7.26085198e+26, 3374.43955, -1060.7362, 300.44081, 96.1510472, 96.1417648, 0.866667, 0.866667, 5e+16, 7639.18483, 149446.849, 0.82256464, 141840.655, -149235.552, 7638.9047, -141621.512, 7723.60536, -63.297811, 7654.56412, 0, 1.20250457e-08, 1.20250457e-08, 197065011, 416658342, 576158045, 0.27, 3.332, -356564715, -141596.647, 7660.30755, 0, 3.98161342e+14, 0, 0, 0, 0
11.066862, 0, 0, 5e+16, 0, 1.02674103e-21, 3.718e+18, 6.44e+20, 4.85, 4, 342.107368, 96.1403031, 0.866667, 3574.63811, 0, 9.49269492e+18, 9.50813967e+18, 142177.347, -339.702236, -344.489932, 5e+16, 7.20315962e+26, 3400.26155, -1060.08427, 300.442442, 96.1502031, 96.1403031, 0.866667, 0.866667, 5e+16, 7666.69878, 149835.487, 0.822325595, 142201.947, -149624.58, 7666.41817, -141983.091, 7738.50888, -62.4604367, 7670.3091, 0, 1.20251384e-08, 1.20251384e-08, 199194246, 409711884, 571572481, 0.27, 3.332, -361054844, -141958.161, 7676.04845, 0, 4.0142168e+14, 0, 0, 0, 0
11.0732422, 0, 0, 5e+16, 0, 1.03391187e-21, 3.718e+18, 6.44e+20, 4.85, 4, 342.105082, 96.1367767, 0.866667, 3917.71511, 0, 8.91282173e+18, 8.92790732e+18, 147374.507, -339.702922, -344.485996, 5e+16, 6.39778239e+26, 3765.54178, -1043.05391, 300.464781, 96.1386559, 96.1367767, 0.866667, 0.866667, 5e+16, 8056.42559, 155421.789, 0.820401775, 147399.99, -155212.919, 8056.25103, -147182.459, 7829.3193, -50.4247279, 7773.40963, 0, 1.20264082e-08, 1.20264082e-08, 229487943, 312091650, 507547347, 0.27, 3.332, -424943640, -147156.668, 7778.89457, 0, 4.4995395e+14, 0, 0, 0, 0
11.0736979, 0, 0, 5e+16, 0, 1.03456473e-21, 3.718e+18, 6.44e+20, 4.85, 4, 342.104901, 96.1356179, 0.866667, 3941.21205, 0, 8.86722369e+18, 8.88222456e+18, 147741.431, -339.702976, -344.485681, 5e+16, 6.34234529e+26, 3789.03406, -1042.44223, 300.466788, 96.1376082, 96.1356179, 0.866667, 0.866667, 5e+16, 8071.78799, 155804.056, 0.820158956, 147766.972, -155595.438, 8071.6124, -147549.674, 7844.856, -49.8533769, 7789.51969, 0, 1.20265223e-08, 1.20265223e-08, 231881046, 305126473, 503142889, 0.27, 3.332, -429897462, -147523.825, 7795.00263, 0, 4.5402695e+14, 0, 0, 0, 0
11.0800781, 0, 0, 5e+16, 0, 1.04347554e-21, 3.718e+18, 6.44e+20, 4.85, 4, 342.102378, 96.1200527, 0.866667, 4257.27486, 0, 8.25213034e+18, 8.26680279e+18, 153032.059, -339.703744, -344.481276, 5e+16, 5.56797746e+26, 4120.71661, -1031.04566, 300.494322, 96.1232477, 96.1200527, 0.866667, 0.866667, 5e+16, 8289.99548, 161312.597, 0.818204283, 153058.386, -161105.418, 8289.88124, -152842.158, 7942.40069, -40.4516196, 7896.65079, 0, 1.20280872e-08, 1.20280872e-08, 266009615, 207144053, 441611234, 0.27, 3.332, -500476796, -152815.537, 7901.94906, 0, 5.15096905e+14, 0, 0, 0, 0
11.0805338, 0, 0, 5e+16, 0, 1.04427382e-21, 3.718e+18, 6.44e+20, 4.85, 4, 342.102182, 96.1186515, 0.866667, 4278.23234, 0, 8.20443275e+18, 8.21900973e+18, 153404.547, -339.703805, -344.480928, 5e+16, 5.51606781e+26, 4141.66871, -1030.43091, 300.496752, 96.1219705, 96.1186515, 0.866667, 0.866667, 5e+16, 8293.57052, 161688.705, 0.817957517, 153430.92, -161481.597, 8293.4553, -153214.809, 7959.17635, -40.0766823, 7913.80153, 0, 1.20282253e-08, 1.20282253e-08, 268732700, 200263497, 437488906, 0.27, 3.332, -505958109, -153188.142, 7919.09966, 0, 5.20191902e+14, 0, 0, 0, 0
11.0869141, 0, 0, 5e+16, 0, 1.05518702e-21, 3.718e+18, 6.44e+20, 4.85, 4, 342.099446, 96.0893153, 0.866667, 4562.32397, 0, 7.56385368e+18, 7.57811282e+18, 158794.938, -339.704669, -344.476063, 5e+16, 4.79066985e+26, 4436.83462, -1023.63756, 300.530138, 96.1044336, 96.0893153, 0.866667, 0.866667, 5e+16, 8345.68729, 167131.147, 0.815970012, 158821.926, -166924.656, 8345.60907, -158606.319, 8069.8149, -32.6550914, 8031.97691, 0, 1.2030123e-08, 1.2030123e-08, 307697070, 103358377, 379877139, 0.27, 3.332, -584215832, -158579.047, 8037.15981, 0, 5.97117349e+14, 0, 0, 0, 0
11.0873698, 0, 0, 5e+16, 0, 1.05615204e-21, 3.718e+18, 6.44e+20, 4.85, 4, 342.099237, 96.0876438, 0.866667, 4580.4428, 0, 7.51476825e+18, 7.5289193e+18, 159172.916, -339.704738, -344.475683, 5e+16, 4.7431477e+26, 4454.94674, -1022.97456, 300.53304, 96.1028996, 96.0876438, 0.866667, 0.866667, 5e+16, 8338.06992, 167501.598, 0.815718941, 159199.932, -167294.921, 8337.99091, -158984.23, 8088.83876, -32.4247438, 8051.22935, 0, 1.2030288e-08, 1.2030288e-08, 310852304, 96656866.7, 376105109, 0.27, 3.332, -590300547, -158956.93, 8056.41402, 0, 6.03512161e+14, 0, 0, 0, 0
11.09375, 0, 0, 5e+16, 0, 1.06936463e-21, 3.718e+18, 6.44e+20, 4.85, 4, 342.096313, 96.0644657, 0.866667, 4826.88363, 0, 6.8586963e+18, 6.87251512e+18, 164673.586, -339.70572, -344.470366, 5e+16, 4.07885896e+26, 4709.22028, -1019.58945, 300.572981, 96.0817983, 96.0644657, 0.866667, 0.866667, 5e+16, 8232.64377, 172896.939, 0.813694581, 164700.964, -172689.635, 8232.58788, -164484.703, 8223.79059, -26.5078756, 8192.1317, 0, 1.20325583e-08, 1.20325583e-08, 356206361, 2140797.8, 323376231, 0.27, 3.332, -677441794, -164457.047, 8197.28272, 0, 7.00715426e+14, 0, 0, 0, 0
11.0942057, 0, 0, 5e+16, 0, 1.07052065e-21, 3.718e+18, 6.44e+20, 4.85, 4, 342.096092, 96.0630886, 0.866667, 4841.76162, 0, 6.80894866e+18, 6.82264449e+18, 165056.978, -339.7058, -344.469955, 5e+16, 4.03618726e+26, 4724.08918, -1018.82429, 300.576407, 96.0799784, 96.0630886, 0.866667, 0.866667, 5e+16, 8214.67867, 173262.486, 0.813438574, 165084.361, -173054.615, 8214.62221, -164867.652, 8246.61377, -26.3836442, 8215.07506, 0, 1.20327531e-08, 1.20327531e-08, 359946894, -4285293.35, 319991073, 0.27, 3.332, -684223261, -164839.992, 8220.23013, 0, 7.08781756e+14, 0, 0, 0, 0
11.1005859, 0, 0, 5e+16, 0, 1.086371e-21, 3.718e+18, 6.44e+20, 4.85, 4, 342.09301, 96.0473454, 0.866667, 5043.5323, 0, 6.14744415e+18, 6.16075852e+18, 170683.939, -339.706926, -344.464195, 5e+16, 3.43954967e+26, 4931.38782, -1017.17325, 300.623643, 96.0549019, 96.0473454, 0.866667, 0.866667, 5e+16, 7963.6626, 178638.624, 0.811370179, 170711.335, -178428.151, 7963.62105, -170492.203, 8424.43052, -21.6240185, 8397.57215, 0, 1.20354384e-08, 1.20354384e-08, 414043763, -95070738.4, 272663642, 0.27, 3.332, -781778143, -170464.529, 8402.8065, 0, 8.32210409e+14, 0, 0, 0, 0
11.1010416, 0, 0, 5e+16, 0, 1.08774571e-21, 3.718e+18, 6.44e+20, 4.85, 4, 342.09278, 96.0450584, 0.866667, 5054.63554, 0, 6.09776215e+18, 6.1109357e+18, 171072.563, -339.707018, -344.463752, 5e+16, 3.40184529e+26, 4942.47766, -1016.23338, 300.627649, 96.0527655, 96.0450584, 0.866667, 0.866667, 5e+16, 7936.4478, 179000.167, 0.811108206, 171099.931, -178788.555, 7936.40584, -170879.795, 8453.33309, -21.5776871, 8426.51389, 0, 1.20356661e-08, 1.20356661e-08, 418596001, -101105588, 269674449, 0.27, 3.332, -789376038, -170852.149, 8431.75541, 0, 8.42450334e+14, 0, 0, 0, 0
11.1074219, 0, 0, 5e+16, 0, 1.10662149e-21, 3.718e+18, 6.44e+20, 4.85, 4, 342.089574, 96.0137164, 0.866667, 5202.48593, 0, 5.44078218e+18, 5.45347129e+18, 176848.904, -339.708326, -344.457558, 5e+16, 2.87452556e+26, 5094.37985, -1013.60935, 300.682968, 96.0232794, 96.0137164, 0.866667, 0.866667, 5e+16, 7555.2516, 184395.534, 0.808983488, 176875.811, -184178.115, 7555.21949, -176650.092, 8703.89171, -17.7194728, 8680.67516, 0, 1.20388111e-08, 1.20388111e-08, 484970508, -186527528, 227881547, 0.27, 3.332, -899379583, -176622.895, 8686.17225, 0, 1.00018778e+15, 0, 0, 0, 0
11.1078776, 0, 0, 5e+16, 0, 1.10824668e-21, 3.718e+18, 6.44e+20, 4.85, 4, 342.089339, 96.0110649, 0.866667, 5209.09818, 0, 5.39187893e+18, 5.40440554e+18, 177242.199, -339.708434, -344.457085, 5e+16, 2.84163014e+26, 5100.97065, -1012.38713, 300.68761, 96.0207946, 96.0110649, 0.866667, 0.866667, 5e+16, 7520.12349, 184753.836, 0.808713949, 177269.036, -184534.423, 7520.09111, -177041.459, 8742.1193, -17.7308101, 8718.87947, 0, 1.20390751e-08, 1.20390751e-08, 490667491, -192010712, 225275642, 0.27, 3.332, -907953845, -177014.331, 8724.38849, 0, 1.01328844e+15, 0, 0, 0, 0
11.1142579, 0, 0, 5e+16, 0, 1.13059514e-21, 3.718e+18, 6.44e+20, 4.85, 4, 342.086049, 95.9616336, 0.866667, 5290.22025, 0, 4.74904065e+18, 4.76089212e+18, 183198.652, -339.70997, -344.450466, 5e+16, 2.38141815e+26, 5185.6457, -1004.094, 300.75184, 95.9864416, 95.9616336, 0.866667, 0.866667, 5e+16, 7027.388, 190217.734, 0.806512598, 183224.372, -189987.211, 7027.36228, -182985.888, 9112.98994, -14.5842787, 9092.3424, 0, 1.2042727e-08, 1.2042727e-08, 574638789, -269747313, 188846589, 0.27, 3.332, -1.0332327e+09, -182959.848, 9098.40566, 0, 1.21648035e+15, 0, 0, 0, 0
11.1147136, 0, 0, 5e+16, 0, 1.13250765e-21, 3.718e+18, 6.44e+20, 4.85, 4, 342.085811, 95.9585829, 0.866667, 5291.35597, 0, 4.70159048e+18, 4.71325257e+18, 183595.162, -339.710098, -344.449963, 5e+16, 2.35297854e+26, 5186.7441, -1002.41743, 300.757181, 95.9835753, 95.9585829, 0.866667, 0.866667, 5e+16, 6985.88691, 190572.867, 0.806233112, 183620.755, -190339.069, 6985.86101, -183379.122, 9165.01269, -14.6393451, 9144.29017, 0, 1.20430307e-08, 1.20430307e-08, 581971633, -274438421, 186596003, 0.27, 3.332, -1.04300606e+09, -183353.208, 9150.37335, 0, 1.23339941e+15, 0, 0, 0, 0
11.1210938, 0, 0, 5e+16, 0, 1.15885022e-21, 3.718e+18, 6.44e+20, 4.85, 4, 342.082487, 95.9158735, 0.866667, 5286.97946, 0, 4.08185233e+18, 4.09249875e+18, 189768.068, -339.71193, -344.442928, 5e+16, 1.95491589e+26, 5186.91433, -979.965953, 300.831203, 95.9438736, 95.9158735, 0.866667, 0.866667, 5e+16, 6402.96353, 196162.908, 0.803922447, 189791.605, -195909.018, 6402.94221, -189529.996, 9731.39306, -12.0579269, 9712.16519, 0, 1.20472397e-08, 1.20472397e-08, 691623683, -340862641, 155149886, 0.27, 3.332, -1.18763622e+09, -189506.076, 9719.33514, 0, 1.4977229e+15, 0, 0, 0, 0
11.1215495, 0, 0, 5e+16, 0, 1.16109305e-21, 3.718e+18, 6.44e+20, 4.85, 4, 342.08225, 95.9117576, 0.866667, 5281.23181, 0, 4.03646446e+18, 4.04688718e+18, 190164.491, -339.712084, -344.442397, 5e+16, 1.93046614e+26, 5181.09521, -977.544017, 300.837304, 95.9405909, 95.9117576, 0.866667, 0.866667, 5e+16, 6356.78014, 196513.251, 0.803629605, 190187.82, -196254.178, 6356.75871, -189921.134, 9803.08568, -12.1480604, 9783.73343, 0, 1.20475867e-08, 1.20475867e-08, 701322885, -344389838, 153218022, 0.27, 3.332, -1.19893075e+09, -189897.419, 9790.93762, 0, 1.51982672e+15, 0, 0, 0, 0
11.1279297, 0, 0, 5e+16, 0, 1.19204471e-21, 3.718e+18, 6.44e+20, 4.85, 4, 342.078954, 95.8775384, 0.866667, 5162.27137, 0, 3.44779875e+18, 3.45660055e+18, 196587.311, -339.714301, -344.434957, 5e+16, 1.58799475e+26, 5070.28304, -925.194769, 300.922054, 95.8950307, 95.8775384, 0.866667, 0.866667, 5e+16, 5706.92065, 202286.053, 0.801157947, 196607.156, -201991.228, 5706.9024, -196304.683, 10682.3489, -10.0135232, 10663.0599, 0, 1.20524064e-08, 1.20524064e-08, 849140854, -393536537, 126262125, 0.27, 3.332, -1.36893952e+09, -196284.326, 10672.3355, 0, 1.86790509e+15, 0, 0, 0, 0
11.1283854, 0, 0, 5e+16, 0, 1.19466831e-21, 3.718e+18, 6.44e+20, 4.85, 4, 342.078724, 95.8735875, 0.866667, 5147.53548, 0, 3.40499516e+18, 3.41352759e+18, 196976.956, -339.71449, -344.434397, 5e+16, 1.56703051e+26, 5055.39403, -921.511329, 300.928982, 95.8912957, 95.8735875, 0.866667, 0.866667, 5e+16, 5657.82391, 202626.677, 0.800847058, 196996.471, -202323.854, 5657.80564, -196686.082, 10780.8141, -10.1353602, 10761.3418, 0, 1.20528004e-08, 1.20528004e-08, 862310273, -395316817, 124609987, 0.27, 3.332, -1.38223708e+09, -196666.049, 10770.6788, 0, 1.89719974e+15, 0, 0, 0, 0
11.1347656, 0, 0, 5e+16, 0, 1.23096016e-21, 3.718e+18, 6.44e+20, 4.85, 4, 342.075539, 95.8189276, 0.866667, 4866.32796, 0, 2.85414965e+18, 2.85997176e+18, 203658.418, -339.717227, -344.426558, 5e+16, 1.27303385e+26, 4790.53043, -809.462927, 301.025461, 95.839335, 95.8189276, 0.866667, 0.866667, 5e+16, 4965.08123, 208614.901, 0.79813364, 203672.111, -208248.19, 4965.06521, -203297.606, 12150.6575, -8.35615452, 12129.025, 0, 1.2058288e-08, 1.2058288e-08, 1.06798487e+09, -416967541, 101636934, 0.27, 3.332, -1.58658935e+09, -203283.126, 12142.3014, 0, 2.36270313e+15, 0, 0, 0, 0
11.1352213, 0, 0, 5e+16, 0, 1.23402395e-21, 3.718e+18, 6.44e+20, 4.85, 4, 342.075323, 95.8144783, 0.866667, 4839.25122, 0, 2.81434388e+18, 2.81983124e+18, 204028.948, -339.717464, -344.425969, 5e+16, 1.2550675e+26, 4763.07573, -803.558715, 301.033285, 95.8351105, 95.8144783, 0.866667, 0.866667, 5e+16, 4914.83733, 208935.239, 0.797798636, 204042.115, -208556.501, 4914.82139, -203655.645, 12283.0676, -8.51364845, 12261.1622, 0, 1.2058733e-08, 1.2058733e-08, 1.08633304e+09, -416066052, 100228350, 0.27, 3.332, -1.60262745e+09, -203641.68, 12274.554, 0, 2.40224228e+15, 0, 0, 0, 0
11.1416016, 0, 0, 5e+16, 0, 1.27653347e-21, 3.718e+18, 6.44e+20, 4.85, 4, 342.072364, 95.7364686, 0.866667, 4314.06937, 0, 2.30669204e+18, 2.30746026e+18, 210906.344, -339.720915, -344.417735, 5e+16, 1.00264569e+26, 4269.00071, -574.407401, 301.142569, 95.7761723, 95.7364686, 0.866667, 0.866667, 5e+16, 4202.81592, 215099.65, 0.794720635, 210909.508, -214605.533, 4202.80144, -210407.288, 14393.7538, -7.06563405, 14365.7553, 0, 1.20649498e-08, 1.20649498e-08, 1.38162612e+09, -391763256, 80808303.6, 0.27, 3.332, -1.85419769e+09, -210402.732, 14386.6882, 0, 3.03719856e+15, 0, 0, 0, 0
11.1420573, 0, 0, 5e+16, 0, 1.28010719e-21, 3.718e+18, 6.44e+20, 4.85, 4, 342.072172, 95.7314869, 0.866667, 4268.75414, 0, 2.2701842e+18, 2.2705088e+18, 211237.374, -339.721218, -344.417117, 5e+16, 9.87242845e+25, 4222.54818, -564.395504, 301.151355, 95.7714209, 95.7314869, 0.866667, 0.866667, 5e+16, 4153.09068, 215380.997, 0.794354415, 211239.652, -214869.505, 4153.07656, -210720.124, 14563.9288, -7.27559003, 14535.4918, 0, 1.20654497e-08, 1.20654497e-08, 1.40790098e+09, -386569436, 79615618.4, 0.27, 3.332, -1.87408604e+09, -210716.429, 14556.6533, 0, 3.09182628e+15, 0, 0, 0, 0
11.1484375, 0, 0, 5e+16, 0, 1.32989016e-21, 3.718e+18, 6.44e+20, 4.85, 4, 342.069614, 95.6610778, 0.866667, 3360.29707, 0, 1.80991884e+18, 1.80168758e+18, 218098.344, -339.725687, -344.408473, 5e+16, 7.70244601e+25, 3355.39936, -106.945699, 301.274587, 95.704893, 95.6610778, 0.866667, 0.866667, 5e+16, 3443.49113, 221530.858, 0.790735875, 218082.307, -220811.537, 3443.4773, -217354.795, 17708.5314, -6.33324189, 17666.6085, 0, 1.20724611e-08, 1.20724611e-08, 1.84522792e+09, -280145421, 63502223.4, 0.27, 3.332, -2.18887556e+09, -217368.06, 17702.1981, 0, 3.97982346e+15, 0, 0, 0, 0
11.1488932, 0, 0, 5e+16, 0, 1.33405521e-21, 3.718e+18, 6.44e+20, 4.85, 4, 342.069462, 95.6560003, 0.866667, 3284.81579, 0, 1.77692069e+18, 1.76799901e+18, 218360.762, -339.726086, -344.407823, 5e+16, 7.57038884e+25, 3275.02763, -88.8316986, 301.284402, 95.6995782, 95.6560003, 0.866667, 0.866667, 5e+16, 3395.73423, 221745.597, 0.790331806, 218343.043, -221003.057, 3395.72136, -217592.443, 17909.3166, -6.63687367, 17866.6138, 0, 1.20730197e-08, 1.20730197e-08, 1.88406254e+09, -267272807, 62516870.8, 0.27, 3.332, -2.21385221e+09, -217607.336, 17902.6797, 0, 4.0575421e+15, 0, 0, 0, 0
11.1552734, 0, 0, 5e+16, 0, 1.39238259e-21, 3.718e+18, 6.44e+20, 4.85, 4, 342.067602, 95.5942424, 0.866667, 1901.45447, 0, 1.36782808e+18, 1.34264035e+18, 224751.744, -339.73205, -344.398721, 5e+16, 5.7033452e+25, 1719.26019, 805.958608, 301.422771, 95.6248207, 95.5942424, 0.866667, 0.866667, 5e+16, 2707.00963, 227446.073, 0.785953102, 224697.556, -226346.781, 2706.99348, -223591.477, 22258.2221, -6.86455366, 22188.5258, 0, 1.20808938e-08, 1.20808938e-08, 2.5508159e+09, 1368841.56, 49771374.8, 0.27, 3.332, -2.59921842e+09, -223639.787, 22251.3576, 0, 5.336761e+15, 0, 0, 0, 0
11.1557291, 0, 0, 5e+16, 0, 1.39723138e-21, 3.718e+18, 6.44e+20, 4.85, 4, 342.06752, 95.5879843, 0.866667, 1825.95973, 0, 1.33864156e+18, 1.311943e+18, 224951.678, -339.732592, -344.39803, 5e+16, 5.5903046e+25, 1505.94626, 853.570037, 301.433672, 95.6189098, 95.5879843, 0.866667, 0.866667, 5e+16, 2640.80891, 227580.222, 0.785296802, 224891.309, -226454.704, 2640.79445, -223759.509, 22459.4133, -7.34792279, 22388.2205, 0, 1.20815143e-08, 1.20815143e-08, 2.649227e+09, 43825808.4, 49023052.5, 0.27, 3.332, -2.65442424e+09, -223813.909, 22452.0654, 0, 5.45070857e+15, 0, 0, 0, 0
11.1621094, 0, 0, 5e+16, 0, 1.46559386e-21, 3.718e+18, 6.44e+20, 4.85, 4, 342.066944, 95.5001917, 0.866667, 3784.79219, 0, 9.86577931e+17, 9.27022818e+17, 232041.194, -339.740847, -344.388321, 5e+16, 3.98685354e+25, -2484.77223, 2847.56733, 301.58831, 95.5352932, 95.5001917, 0.866667, 0.866667, 5e+16, 1672.63243, 233703.081, 0.777359952, 231858.924, -232058.214, 1672.59182, -230214.924, 27642.5984, -10.3363696, 27523.7788, 0, 1.20903161e-08, 1.20903161e-08, 4.33810318e+09, 953415438, 39898821.2, 0.27, 3.332, -3.42458657e+09, -230385.621, 27632.262, 0, 7.33987309e+15, 0, 0, 0, 0
11.1630209, 0, 0, 5e+16, 0, 1.4777015e-21, 3.718e+18, 6.44e+20, 4.85, 4, 342.06723, 95.4857711, 0.866667, 4727.50586, 0, 9.31004996e+17, 8.60142433e+17, 232081.498, -339.742743, -344.386641, 5e+16, 3.81152163e+25, -3467.33461, 2975.99003, 301.613385, 95.5250531, 95.4857711, 0.866667, 0.866667, 5e+16, 1587.93927, 233659.873, 0.776300254, 231877.725, -232019.73, 1587.84596, -230240.161, 27606.2684, -12.9014763, 27479.9653, 0, 1.2091744e-08, 1.2091744e-08, 4.55089567e+09, 1.19143835e+09, 38818170.5, 0.27, 3.332, -3.3982755e+09, -230431.883, 27593.367, 0, 7.70574374e+15, 0, 0, 0, 0
11.1757813, 0, 0, 5e+16, 0, 1.65013366e-21, 3.718e+18, 6.44e+20, 4.85, 4, 342.074214, 95.2670631, 0.866667, 24647.919, 0, 4.22024675e+17, 2.60095757e+17, 237335.998, -339.771685, -344.362243, 5e+16, 1.33038727e+25, -22150.8238, 10741.471, 301.972119, 95.3789117, 95.2670631, 0.866667, 0.866667, 5e+16, 442.388439, 237776.601, 0.761050444, 236873.599, -235162.354, 441.631617, -234288.456, 35158.4637, -25.8650739, 34896.9132, 0, 1.21121708e-08, 1.21121708e-08, 8.48461849e+09, 6.34400649e+09, 21666198.3, 0.27, 3.332, -2.1622782e+09, -234720.722, 35132.5986, 0, 1.49416629e+16, 0, 0, 0, 0
11.1776042, 0, 0, 5e+16, 0, 1.68563443e-21, 3.718e+18, 6.44e+20, 4.85, 4, 342.080134, 95.2349223, 0.866667, 28108.2451, 0, 3.89041903e+17, 1.94128545e+17, 236923.433, -339.779797, -344.360479, 5e+16, 1.2329929e+25, -25500.5698, 11611.542, 302.032557, 95.3546917, 95.2349223, 0.866667, 0.866667, 5e+16, 412.758307, 237326.364, 0.758052122, 236464.455, -234765.776, 403.883538, -233933.056, 34706.83, -23.8390496, 34446.599, 0, 1.21156153e-08, 1.21156153e-08, 9.3612556e+09, 7.37757857e+09, 20250469.6, 0.27, 3.332, -2.00392751e+09, -234361.892, 34682.9909, 0, 1.5652744e+16, 0, 0, 0, 0
11.203125, 0, 0, 5e+16, 0, 2.19327947e-21, 3.718e+18, 6.44e+20, 4.85, 4, 342.178363, 94.7669858, 0.866667, 73018.6271, 0, 1.92197113e+17, 1.83522545e+15, 297067.562, -339.897168, -344.33634, 5e+16, 1.96203285e+23, -70203.8577, 19949.3412, 302.896955, 95.0128321, 94.7669858, 0.866667, 0.866667, 5e+16, 36.2881143, 297031.412, 0.700595513, 296633.213, -295880.545, -36.2738438, -295491.55, 25393.3194, 0.747830475, 25274.2396, 0, 1.216488e-08, 1.216488e-08, 3.47698539e+10, 3.45002033e+10, -288859.016, 0.27, 3.332, -269361733, -295916.819, 25394.0673, 0, 2.38888296e+16, 0, 0, 0, 0
11.2614583, 0, 0, 5e+16, 0, 3.2859172e-21, 3.718e+18, 6.44e+20, 4.85, 4, 342.821147, 94.0834196, 0.866667, 120582.267, 0, 1.56279702e+17, 2.18741586e+15, 302914.721, -340.545933, -344.982389, 5e+16, 2.51723385e+23, -116777.625, 29680.5932, 304.054188, 94.505807, 94.0834196, 0.866667, 0.866667, 5e+16, 116.661281, 302798.571, 0.664746053, 302540.484, -300845.048, -116.408366, -300590.693, 31639.794, 7.39000235, 31576.8207, 0, 1.22309751e-08, 1.22309751e-08, 4.25837526e+10, 4.27137883e+10, 396911.622, 0.27, 3.332, 129638849, -300961.457, 31647.184, 0, 2.58358524e+16, 0, 0, 0, 0
11.3125, 0, 0, 5e+16, 0, 4.32153737e-21, 3.718e+18, 6.44e+20, 4.85, 4, 343.395287, 93.503265, 0.866667, 163895.075, 0, 1.60613254e+17, 2.34405161e+15, 386137.065, -341.119701, -345.556952, 5e+16, 2.56064477e+23, -159931.931, 35821.5266, 305.123661, 94.0299894, 93.503265, 0.866667, 0.866667, 5e+16, 127.431714, 386010.128, 0.640203227, 385818.224, -384225.476, -127.151677, -384034.371, 30995.4757, 8.44294481, 30974.086, 0, 1.22920645e-08, 1.22920645e-08, 7.45433221e+10, 7.51014596e+10, 644442.76, 0.27, 3.332, 557492742, -384352.628, 31003.9186, 0, 2.55956693e+16, 0, 0, 0, 0
11.3708333, 0, 0, 5e+16, 0, 7.56554576e-21, 3.718e+18, 6.44e+20, 4.85, 4, 344.534593, 90.6038049, 0.866667, 208296.735, 0, 1.56986784e+17, 3.6422681e+15, 398646.957, -342.260345, -346.706152, 5e+16, 4.95864619e+23, -204564.603, 38951.8877, 306.709103, 90.835214, 92.5728755, 0.866667, 0.866667, 5e+16, 344.756589, 398303.265, 0.578080249, 398347.849, -396609.618, -343.980915, -396654.286, 31353.2437, 23.1125825, 31354.2734, 0, 1.23829375e-08, 1.23829375e-08, 8.72196619e+10, 8.78995409e+10, 1259768.25, 0.27, 3.332, 678618967, -396953.599, 31376.3562, 0, 2.59201772e+16, 0, 0, 0, 0
11.421875, 0, 0, 5e+16, 0, 1.12773824e-20, 3.718e+18, 6.44e+20, 4.85, 4, 345.535356, 87.9546228, 0.866667, 246166.806, 0, 1.75104005e+17, 5.69751043e+15, 543151.077, -343.258651, -347.716732, 5e+16, 5.48665557e+23, -242924.083, 39779.5285, 308.317505, 87.9546228, 91.7587847, 0.866667, 0.866667, 5e+16, 381.060011, 542771.116, 0.537435433, 542871.176, -541162.6, -380.19441, -541262.634, 31753.9458, 25.6691754, 31753.7947, 0, 1.2475174e-08, 1.2475174e-08, 1.57890947e+11, 1.58755969e+11, 1875635, 0.27, 3.332, 863146078, -541542.794, 31779.6149, 0, 2.4372905e+16, 0, 0, 0, 0
11.4802083, 0, 0, 5e+16, 0, 2.06484673e-20, 3.718e+18, 6.44e+20, 4.85, 4, 347.154092, 78.6183631, 0.866667, 288380.423, 0, 1.81131331e+17, 7.92964485e+15, 554044.977, -344.87731, -349.342407, 5e+16, 8.55733568e+23, -285740.273, 38637.9075, 310.125129, 78.6183631, 90.7058322, 0.866667, 0.866667, 5e+16, 754.241228, 553291.494, 0.482228834, 553736.123, -552357.762, -752.970353, -552799.852, 27024.3368, 43.7125169, 27063.4148, 0, 1.2579232e-08, 1.2579232e-08, 1.71656655e+11, 1.72517826e+11, 2404708.9, 0.27, 3.332, 858766755, -553110.732, 27068.0493, 0, 2.42871326e+16, 0, 0, 0, 0
11.53125, 0, 0, 5e+16, 0, 3.40145929e-20, 3.718e+18, 6.44e+20, 4.85, 4, 348.567401, 70.5943067, 0.866667, 324832.525, 0, 1.97393396e+17, 1.17789756e+16, 681853.625, -346.288825, -350.764054, 5e+16, 9.66654755e+23, -322739.472, 36732.4985, 312.043561, 70.5943067, 89.7844987, 0.866667, 0.866667, 5e+16, 833.817621, 681020.628, 0.446122163, 681512.431, -680198.733, -832.457151, -680687.573, 23749.0113, 47.6118262, 23800.4282, 0, 1.26898145e-08, 1.26898145e-08, 2.62578294e+11, 2.63319314e+11, 2877829.77, 0.27, 3.332, 738141546, -681031.189, 23796.6231, 0, 2.31906695e+16, 0, 0, 0, 0
11.5895833, 0, 0, 5e+16, 0, 5.94821859e-20, 3.718e+18, 6.44e+20, 4.85, 4, 350.644968, 62.7909591, 0.866667, 364657.495, 0, 2.07740597e+17, 1.46704803e+16, 695055.847, -348.365847, -352.845693, 5e+16, 1.25685409e+24, -363041.602, 34095.6484, 313.897932, 62.7909591, 88.7373426, 0.866667, 0.866667, 5e+16, 1312.15348, 693743.852, 0.40783987, 694680.1, -693423.236, -1310.70462, -694355.437, 17900.7047, 61.4979853, 17995.9772, 0, 1.2797059e-08, 1.2797059e-08, 2.78392869e+11, 2.79065881e+11, 3235112.77, 0.27, 3.332, 669776797, -694733.939, 17962.2027, 0, 2.29884457e+16, 0, 0, 0, 0
11.640625, 0, 0, 5e+16, 0, 1.04171845e-19, 3.718e+18, 6.44e+20, 4.85, 4, 352.45829, 55.9854524, 0.866667, 399133.057, 0, 2.16753837e+17, 1.94641523e+16, 778987.34, -350.178566, -354.664476, 5e+16, 1.41208847e+24, -397852.715, 31871.7672, 315.87816, 55.9854524, 87.8210811, 0.866667, 0.866667, 5e+16, 1434.07909, 777553.471, 0.383815446, 778572.832, -777292.695, -1432.60823, -778307.781, 13634.8794, 64.9139453, 13753.7254, 0, 1.29118455e-08, 1.29118455e-08, 3.69821673e+11, 3.70249882e+11, 3255689.96, 0.27, 3.332, 424953448, -778725.306, 13699.7934, 0, 2.26494327e+16, 0, 0, 0, 0
11.6989583, 0, 0, 5e+16, 0, 1.6691046e-19, 3.718e+18, 6.44e+20, 4.85, 4, 354.959336, 51.0055812, 0.866667, 436111.653, 21964793.8, 2.28352774e+17, 2.22645984e+16, 795243.174, -352.678977, -357.167458, 5e+16, 1.63776448e+24, -435106.89, 29478.4449, 317.659878, 51.0055812, 86.8609472, 0.866667, 0.866667, 5e+16, 1927.73006, 793315.705, 0.361873536, 794816.839, -793242.055, -1926.37431, -794740.144, 9290.94563, 72.1741597, 9441.70467, 0, 1.30153578e-08, 1.30153578e-08, 3.88064691e+11, 3.88422553e+11, 3421280.23, 0.27, 3.332, 354441366, -795168.431, 9363.1198, 0, 2.24278877e+16, 1.89073017e-10, 1.90308165e-10, 0, 0
11.75, 0, 0, 5e+16, 0, 2.94920172e-19, 3.718e+18, 6.44e+20, 4.85, 4, 357.144341, 46.6236228, 0.866667, 468175.989, 2.06647249e+14, 2.31888757e+17, 2.65851838e+16, 836299.747, -354.864098, -359.355342, 5e+16, 1.78820918e+24, -467342.985, 27876.3333, 319.516689, 46.6236228, 86.02083, 0.866667, 0.866667, 5e+16, 2067.409, 834232.623, 0.349654822, 835860.271, -834176.482, -2066.07738, -835801.104, 6201.92856, 74.1145958, 6376.13855, 0, 1.31235784e-08, 1.31235784e-08, 4.66318113e+11, 4.66492794e+11, 2943359.24, 0.27, 3.332, 171737554, -836242.56, 6276.04316, 0, 2.25210776e+16, 5.05182502e-10, 5.10567266e-10, 0, 0
11.8083333, 0, 0, 5e+16, 0, 4.34038318e-19, 3.718e+18, 6.44e+20, 4.85, 4, 360.036726, 43.2769044, 0.866667, 502667.057, 2.63396743e+15, 2.42032359e+17, 2.86960617e+16, 852555.421, -357.756025, -362.24825, 5e+16, 1.93781452e+24, -501986.052, 26086.1515, 321.172324, 43.2769044, 85.1721936, 0.866667, 0.866667, 5e+16, 2507.68903, 850048.377, 0.338972453, 852137.474, -850038.75, -2506.54394, -852126.477, 3535.73308, 75.7338843, 3725.91683, 0, 1.32201757e-08, 1.32201757e-08, 4.85888355e+11, 4.86008534e+11, 2960148.74, 0.27, 3.332, 117219755, -852545.295, 3611.46696, 0, 2.23472297e+16, 1.06966191e-08, 1.07911179e-08, 0, 0
11.859375, 0, 0, 5e+16, 0, 7.44924786e-19, 3.718e+18, 6.44e+20, 4.85, 4, 362.565373, 40.3327719, 0.866667, 532609.017, 2.4137338e+16, 2.42353545e+17, 3.17583097e+16, 865413.655, -360.285134, -364.777968, 5e+16, 2.04661638e+24, -532018.411, 25061.8187, 322.83657, 40.3327719, 84.4296368, 0.866667, 0.866667, 5e+16, 2637.35185, 862776.939, 0.334506008, 865020.162, -862770.149, -2636.24378, -865012.096, 1801.35487, 76.3121525, 2009.14096, 0, 1.33176533e-08, 1.33176533e-08, 5.48858274e+11, 5.48879347e+11, 2235006.5, 0.27, 3.332, 18838269.3, -865406.39, 1877.66703, 0, 2.26347836e+16, 1.92205589e-08, 1.94533471e-08, 0, 0
11.9177083, 0, 0, 5e+16, 0, 1.0244088e-18, 3.718e+18, 6.44e+20, 4.85, 4, 365.824035, 37.9204534, 0.866667, 565169.198, 1.60366275e+17, 2.50066859e+17, 3.29960285e+16, 879143.005, -363.543579, -368.036257, 5e+16, 2.1279087e+24, -564667.348, 23749.977, 324.351474, 37.9204534, 83.6878587, 0.866667, 0.866667, 5e+16, 2994.01403, 876149.87, 0.330546615, 878801.213, -876149.821, -2993.09666, -878801.024, 298.557473, 74.1027899, 509.352615, 0, 1.34063838e-08, 1.34063838e-08, 5.68302558e+11, 5.68286367e+11, 2165330.21, 0.27, 3.332, -18356431.2, -879142.914, 372.660263, 0, 2.25276225e+16, 2.32600736e-07, 2.35085728e-07, 0, 0
11.96875, 0, 0, 5e+16, 0, 1.67908991e-18, 3.718e+18, 6.44e+20, 4.85, 4, 368.673985, 35.8021124, 0.866667, 593472.564, 8.19595601e+17, 2.4871792e+17, 3.47362918e+16, 876860.954, -366.394134, -370.886124, 5e+16, 2.1872107e+24, -593022.854, 23098.0206, 325.822169, 35.8021124, 83.0388028, 0.866667, 0.866667, 5e+16, 3098.26714, 873763.547, 0.330240049, 876577.747, -873763.241, -3097.38584, -876577.38, -545.975803, 73.733397, -324.676202, 0, 1.34929001e-08, 1.34929001e-08, 6.19144371e+11, 6.19083389e+11, 1466631.63, 0.27, 3.332, -62450083, -876860.625, -472.242405, 0, 2.28873156e+16, 4.16743705e-07, 4.21845757e-07, 0, 0
12.0270833, 0, 0, 5e+16, 0, 2.19414998e-18, 3.718e+18, 6.44e+20, 4.85, 4, 372.280441, 33.9628129, 0.866667, 624585.284, 3.57927732e+18, 2.54162574e+17, 3.52107084e+16, 887301.916, -370.000575, -374.491658, 5e+16, 2.21620277e+24, -624191.622, 22103.6687, 327.200991, 33.9628129, 82.3896226, 0.866667, 0.866667, 5e+16, 3371.0785, 883931.769, 0.330064651, 887090.701, -883930.155, -3370.36662, -887089.624, -1369.17369, 69.2756114, -1153.61763, 0, 1.35739446e-08, 1.35739446e-08, 6.37573384e+11, 6.37488895e+11, 1371907.19, 0.27, 3.332, -85861779.5, -887300.519, -1299.89808, 0, 2.28385198e+16, 2.80702769e-06, 2.83981217e-06, 0, 0
12.078125, 0, 0, 5e+16, 0, 3.42472139e-18, 3.718e+18, 6.44e+20, 4.85, 4, 375.435183, 32.3499463, 0.866667, 651663.044, 1.26614492e+19, 2.52003824e+17, 3.5916933e+16, 877801.628, -373.155967, -377.64562, 5e+16, 2.23551159e+24, -651302.541, 21671.5676, 328.501716, 32.3499463, 81.82159, 0.866667, 0.866667, 5e+16, 3447.8531, 874354.682, 0.331751754, 877672.033, -874352.601, -3447.17254, -877670.541, -1746.76763, 68.3352557, -1527.48894, 0, 1.36507539e-08, 1.36507539e-08, 6.79902127e+11, 6.79800651e+11, 870092.289, 0.27, 3.332, -102348665, -877799.774, -1678.43237, 0, 2.32157974e+16, 4.88756291e-06, 4.94392967e-06, 0, 0
12.1364583, 0, 0, 5e+16, 0, 4.30821252e-18, 3.718e+18, 6.44e+20, 4.85, 4, 379.375635, 30.8884646, 0.866667, 681692.553, 4.15243212e+19, 2.55658685e+17, 3.58608159e+16, 885246.493, -377.096552, -381.584841, 5e+16, 2.22959611e+24, -681369.692, 20895.3096, 329.758025, 30.8884646, 81.2491749, 0.866667, 0.866667, 5e+16, 3654.93892, 881592.425, 0.333644168, 885197.295, -881588.504, -3654.39482, -885194.208, -2172.4393, 63.0630472, -1963.88691, 0, 1.37248322e-08, 1.37248322e-08, 6.97011068e+11, 6.9689633e+11, 797790.961, 0.27, 3.332, -115539320, -885242.899, -2109.37626, 0, 2.3211047e+16, 2.21748126e-05, 2.24164488e-05, 0, 0
12.1875, 0, 0, 5e+16, 0, 6.42878024e-18, 3.718e+18, 6.44e+20, 4.85, 4, 382.822915, 29.60792, 0.866667, 707854.498, 1.14675809e+20, 2.53167426e+17, 3.5909264e+16, 872685.679, -380.544481, -385.030963, 5e+16, 2.22364159e+24, -707554.587, 20592.0913, 330.917748, 29.60792, 80.7483117, 0.866667, 0.866667, 5e+16, 3710.93783, 868975.592, 0.336199193, 872727.701, -868971.428, -3710.41851, -872724.389, -2309.11318, 61.9205463, -2102.74599, 0, 1.37935451e-08, 1.37935451e-08, 7.33522956e+11, 7.33404298e+11, 566945.95, 0.27, 3.332, -119226493, -872681.847, -2247.19263, 0, 2.35814336e+16, 3.72821773e-05, 3.76559675e-05, 0, 0
12.2458333, 0, 0, 5e+16, 0, 7.85938842e-18, 3.718e+18, 6.44e+20, 4.85, 4, 387.087088, 28.4095822, 0.866667, 737028.153, 3.06125902e+20, 2.55605686e+17, 3.55766362e+16, 877825.296, -384.808875, -389.293782, 5e+16, 2.19925248e+24, -736755.046, 19959.7818, 332.068253, 28.4095822, 80.2383087, 0.866667, 0.866667, 5e+16, 3878.71503, 873947.361, 0.339216011, 877944.753, -873941.923, -3878.30094, -877940.238, -2540.52672, 56.6724313, -2347.33261, 0, 1.38615803e-08, 1.38615803e-08, 7.49377272e+11, 7.49251572e+11, 540787.865, 0.27, 3.332, -126241461, -877820.224, -2483.85429, 0, 2.36046649e+16, 0.000127435649, 0.000128616822, 0, 0
12.296875, 0, 0, 5e+16, 0, 1.12820661e-17, 3.718e+18, 6.44e+20, 4.85, 4, 390.817766, 27.3602501, 0.866667, 762454.853, 7.08510654e+20, 2.52965428e+17, 3.53256571e+16, 864150.875, -388.54019, -393.023176, 5e+16, 2.18234846e+24, -762199.048, 19721.5877, 333.113708, 27.3602501, 79.7920561, 0.866667, 0.866667, 5e+16, 3924.35438, 860227.277, 0.342120988, 864358.299, -860221.731, -3923.95912, -864353.667, -2590.55584, 55.5468922, -2404.26428, 0, 1.39237078e-08, 1.39237078e-08, 7.81701979e+11, 7.81576966e+11, 580161.035, 0.27, 3.332, -125594865, -864145.687, -2535.00894, 0, 2.39626183e+16, 0.000206338155, 0.000208055533, 0, 0
12.3552083, 0, 0, 5e+16, 0, 1.34969897e-17, 3.718e+18, 6.44e+20, 4.85, 4, 395.397027, 26.3564445, 0.866667, 790888.212, 1.62070835e+21, 2.54627458e+17, 3.49273087e+16, 867726.963, -393.119718, -397.601104, 5e+16, 2.15260442e+24, -790652.202, 19195.8851, 334.175467, 26.3564445, 79.332344, 0.866667, 0.866667, 5e+16, 4079.40174, 863648.242, 0.345766368, 867999.861, -863642.01, -4079.08296, -867994.524, -2706.5356, 50.9909861, -2533.74434, 0, 1.39866603e-08, 1.39866603e-08, 7.96542449e+11, 7.96414429e+11, 600914.71, 0.27, 3.332, -128622499, -867721.09, -2655.54461, 0, 2.40019291e+16, 0.00057121112, 0.000575525805, 0, 0
12.40625, 0, 0, 5e+16, 0, 1.87561009e-17, 3.718e+18, 6.44e+20, 4.85, 4, 399.403487, 25.4776933, 0.866667, 815673.143, 3.28531315e+21, 2.51930993e+17, 3.4647119e+16, 853715.73, -397.126799, -401.606343, 5e+16, 2.13537394e+24, -815450.979, 18990.3131, 335.129096, 25.4776933, 78.930096, 0.866667, 0.866667, 5e+16, 4124.91206, 849591.486, 0.348821238, 854063.169, -849585.212, -4124.60653, -854057.771, -2715.75453, 50.0664552, -2552.84164, 0, 1.40434832e-08, 1.40434832e-08, 8.25497795e+11, 8.25372122e+11, 857554.231, 0.27, 3.332, -126532956, -853709.82, -2665.68807, 0, 2.4346474e+16, 0.00089062917, 0.0008966549, 0, 0
12.4645833, 0, 0, 5e+16, 0, 2.2071899e-17, 3.718e+18, 6.44e+20, 4.85, 4, 404.290122, 24.6231265, 0.866667, 843402.042, 6.66424456e+21, 2.53162851e+17, 3.43270928e+16, 856340.566, -402.013718, -406.49177, 5e+16, 2.10949677e+24, -843195.006, 18541.6783, 336.118342, 24.6231265, 78.5106298, 0.866667, 0.866667, 5e+16, 4288.15581, 852053.017, 0.352827103, 856736.159, -852046.347, -4287.90458, -856730.318, -2781.89875, 46.4071955, -2631.4573, 0, 1.41022787e-08, 1.41022787e-08, 8.39599449e+11, 8.39472825e+11, 908551.751, 0.27, 3.332, -127534732, -856334.253, -2735.49156, 0, 2.43926297e+16, 0.00209457421, 0.0021073759, 0, 0
12.515625, 0, 0, 5e+16, 0, 2.98617147e-17, 3.718e+18, 6.44e+20, 4.85, 4, 408.565557, 23.8751991, 0.866667, 867567, 1.21803038e+22, 2.50418223e+17, 3.41925757e+16, 842269.157, -406.289762, -410.766177, 5e+16, 2.09856772e+24, -867371.59, 18347.6827, 336.998587, 23.8751991, 78.1435968, 0.866667, 0.866667, 5e+16, 4341.2605, 837928.492, 0.35596353, 842719.76, -837921.78, -4341.01828, -842713.863, -2788.82963, 45.734277, -2649.329, 0, 1.41548575e-08, 1.41548575e-08, 8.65547982e+11, 8.65423841e+11, 1297656.94, 0.27, 3.332, -125437213, -842262.801, -2743.09535, 0, 2.47271306e+16, 0.00314852551, 0.00316589083, 0, 0
12.5739583, 0, 0, 5e+16, 0, 3.47064744e-17, 3.718e+18, 6.44e+20, 4.85, 4, 413.751791, 23.1397002, 0.866667, 894589.974, 2.24478247e+22, 2.51412016e+17, 3.40211592e+16, 844376.515, -411.476281, -415.951377, 5e+16, 2.08117694e+24, -894406.282, 17965.7988, 337.930043, 23.1397002, 77.7561286, 0.866667, 0.866667, 5e+16, 4524.87394, 839852.188, 0.360166035, 844856.634, -839845.401, -4524.66858, -844850.602, -2806.18979, 43.0933936, -2677.09781, 0, 1.42103434e-08, 1.42103434e-08, 8.79142455e+11, 8.79018784e+11, 1356856.78, 0.27, 3.332, -125026190, -844370.072, -2763.09639, 0, 2.47754534e+16, 0.00651255425, 0.00654487006, 0, 0
12.625, 0, 0, 5e+16, 0, 4.59375101e-17, 3.718e+18, 6.44e+20, 4.85, 4, 418.289396, 22.4959937, 0.866667, 918134.887, 3.77556457e+22, 2.48654858e+17, 3.41067653e+16, 830362.445, -416.014484, -420.488202, 5e+16, 2.07917532e+24, -917961.119, 17779.7869, 338.752024, 22.4959937, 77.417094, 0.866667, 0.866667, 5e+16, 4589.89677, 825773.092, 0.363352972, 830876.495, -825766.291, -4589.69705, -830870.435, -2797.58941, 42.7063306, -2678.6974, 0, 1.42595531e-08, 1.42595531e-08, 9.02282924e+11, 9.02162263e+11, 1788112.73, 0.27, 3.332, -122450127, -830355.988, -2754.88308, 0, 2.51005287e+16, 0.0094570051, 0.00949977059, 0, 0
12.6833333, 0, 0, 5e+16, 0, 5.28931822e-17, 3.718e+18, 6.44e+20, 4.85, 4, 423.767469, 21.8568763, 0.866667, 944435.713, 6.43497075e+22, 2.49529148e+17, 3.40967432e+16, 832206.445, -421.492836, -425.965422, 5e+16, 2.07124587e+24, -944271.179, 17452.6939, 339.638077, 21.8568763, 77.0550943, 0.866667, 0.866667, 5e+16, 4797.31616, 827409.636, 0.367629519, 832733.433, -827402.916, -4797.14156, -832727.399, -2791.71481, 40.9099421, -2680.87734, 0, 1.43124464e-08, 1.43124464e-08, 9.15519314e+11, 9.15399636e+11, 1836546.51, 0.27, 3.332, -121515635, -832200.057, -2750.80487, 0, 2.5148361e+16, 0.0176426187, 0.0177144907, 0, 0
12.734375, 0, 0, 5e+16, 0, 6.87632104e-17, 3.718e+18, 6.44e+20, 4.85, 4, 428.560438, 21.2975631, 0.866667, 967344.595, 1.0112022e+23, 2.4677012e+17, 3.44083016e+16, 818370.665, -426.286394, -430.757854, 5e+16, 2.07817594e+24, -967188.609, 17273.992, 340.413824, 21.2975631, 76.7383446, 0.866667, 0.866667, 5e+16, 4875.47821, 813495.689, 0.37082948, 818912.769, -813488.974, -4875.30706, -818906.715, -2778.36683, 40.7564375, -2675.80816, 0, 1.43589863e-08, 1.43589863e-08, 9.36063045e+11, 9.35946909e+11, 2234666.05, 0.27, 3.332, -118370912, -818364.282, -2737.61039, 0, 2.54655293e+16, 0.0248070713, 0.0249001361, 0, 0
12.7927083, 0, 0, 5e+16, 0, 7.86288661e-17, 3.718e+18, 6.44e+20, 4.85, 4, 434.322272, 20.7382072, 0.866667, 992924.202, 1.61598855e+23, 2.47546699e+17, 3.45341952e+16, 820062.138, -432.048503, -436.518982, 5e+16, 2.07803476e+24, -992775.406, 17005.5941, 341.264963, 20.7382072, 76.3964285, 0.866667, 0.866667, 5e+16, 5103.80232, 814958.804, 0.375059971, 820604.682, -814952.481, -5103.64731, -820598.962, -2725.53936, 39.7530706, -2628.61611, 0, 1.44098984e-08, 1.44098984e-08, 9.49004351e+11, 9.48889824e+11, 2262953.61, 0.27, 3.332, -116789790, -820056.129, -2685.78628, 0, 2.55131552e+16, 0.0425802518, 0.0427234015, 0, 0
12.84375, 0, 0, 5e+16, 0, 1.00747361e-16, 3.718e+18, 6.44e+20, 4.85, 4, 439.363565, 20.2486434, 0.866667, 1015205.54, 2.40114603e+23, 2.44858201e+17, 3.5030862e+16, 806606.901, -437.09037, -441.55993, 5e+16, 2.09220061e+24, -1015063.97, 16844.5344, 342.004846, 20.2486434, 76.0972519, 0.866667, 0.866667, 5e+16, 5194.28928, 801413.076, 0.378209527, 807150.281, -801406.813, -5194.13595, -807144.612, -2681.36268, 39.8308079, -2590.25301, 0, 1.4454375e-08, 1.4454375e-08, 9.6731846e+11, 9.67208927e+11, 2582247.69, 0.27, 3.332, -112117241, -806600.949, -2641.53187, 0, 2.5819367e+16, 0.0581354086, 0.0583168199, 0, 0
12.9020833, 0, 0, 5.00000001e+16, 0, 1.14637602e-16, 3.718e+18, 6.44e+20, 4.85, 4, 445.401392, 19.755031, 0.866666999, 1040091.14, 3.63761354e+23, 2.45548041e+17, 3.525292e+16, 808164.135, -443.128469, -447.597155, 5.00000001e+16, 2.09728601e+24, -1039955.18, 16630.3783, 342.830368, 19.755031, 75.7706788, 0.866667, 0.866666999, 5.00000001e+16, 5437.54237, 802727.026, 0.382263928, 808700.045, -802721.322, -5437.39928, -808694.879, -2598.98561, 39.4231109, -2511.50167, 0, 1.45038507e-08, 1.45038507e-08, 9.79967474e+11, 9.79859763e+11, 2589212.57, 0.27, 3.332, -110301694, -808158.72, -2559.56251, 0, 2.58673006e+16, 0.0932428037, 0.0935026494, 0, 0
12.953125, 0, 0, 5.00000001e+16, 0, 1.45245594e-16, 3.718e+18, 6.44e+20, 4.85, 4, 450.68421, 19.3230151, 0.866666999, 1061770.03, 5.16119815e+23, 2.4297995e+17, 3.58852055e+16, 795375.793, -448.411845, -452.879763, 5.00000001e+16, 2.11671939e+24, -1061640.12, 16490.5066, 343.544266, 19.3230151, 75.4849273, 0.866667, 0.866666999, 5.00000001e+16, 5538.73957, 789837.487, 0.385275014, 795903.443, -789831.881, -5538.59694, -795898.371, -2534.89998, 39.686313, -2450.8741, 0, 1.45468469e-08, 1.45468469e-08, 9.96607869e+11, 9.96506267e+11, 2813527.41, 0.27, 3.332, -104411664, -795370.481, -2495.21367, 0, 2.61607994e+16, 0.123969497, 0.124292609, 0, 0
13.0114583, 0, 0, 5.00000002e+16, 0, 1.64734944e-16, 3.718e+18, 6.44e+20, 4.85, 4, 456.990584, 18.8841876, 0.866666999, 1086017.13, 7.4791747e+23, 2.43571771e+17, 3.61627971e+16, 796787.844, -454.718494, -459.185594, 5.00000002e+16, 2.12443673e+24, -1085891.52, 16330.4619, 344.35244, 18.8841876, 75.1695183, 0.866666999, 0.866666999, 5.00000002e+16, 5790.45374, 790997.792, 0.389033765, 797304.119, -790992.944, -5790.31661, -797299.745, -2411.60142, 39.8264532, -2329.56381, 0, 1.45953742e-08, 1.45953742e-08, 1.00895172e+12, 1.00885231e+12, 2803871.42, 0.27, 3.332, -102205205, -796783.263, -2371.77497, 0, 2.62102118e+16, 0.18815051, 0.188585304, 0, 0
13.0625, 0, 0, 5.00000003e+16, 0, 2.07031839e-16, 3.718e+18, 6.44e+20, 4.85, 4, 462.508435, 18.5000904, 0.866666999, 1107147.76, 1.0215828e+24, 2.4120101e+17, 3.68837129e+16, 784947.862, -460.236877, -464.703315, 5.00000003e+16, 2.1473087e+24, -1107027.17, 16216.5871, 345.049705, 18.5000904, 74.8935354, 0.866666999, 0.866666999, 5.00000003e+16, 5900.851, 779047.415, 0.391820072, 785451.327, -779042.722, -5900.71317, -785447.102, -2317.47184, 40.2851621, -2236.94533, 0, 1.46374459e-08, 1.46374459e-08, 1.02456363e+12, 1.0244714e+12, 2940354.29, 0.27, 3.332, -95166286.1, -784943.435, -2277.18668, 0, 2.64872096e+16, 0.244320115, 0.244851345, 0, 0
13.1208333, 0, 0, 5.00000005e+16, 0, 2.34334846e-16, 3.718e+18, 6.44e+20, 4.85, 4, 469.076777, 18.106587, 0.866666997, 1130819.67, 1.42631189e+24, 2.41706513e+17, 3.71847708e+16, 786205.843, -466.805499, -471.271138, 5.00000005e+16, 2.15575608e+24, -1130702.43, 16099.6543, 345.847036, 18.106587, 74.5860308, 0.866666998, 0.866666997, 5.00000005e+16, 6155.48011, 780050.737, 0.39519836, 786696.915, -780046.771, -6155.34482, -786693.364, -2185.6197, 40.789485, -2105.98577, 0, 1.46854104e-08, 1.46854104e-08, 1.0365974e+12, 1.03650728e+12, 2920025.32, 0.27, 3.332, -93050402.1, -786202.117, -2144.83022, 0, 2.65383129e+16, 0.354306398, 0.354988512, 0, 0
13.171875, 0, 0, 5.00000008e+16, 0, 2.92868069e-16, 3.718e+18, 6.44e+20, 4.85, 4, 474.823887, 17.7621908, 0.866666996, 1151455.12, 1.88786367e+24, 2.39552581e+17, 3.79645781e+16, 775511.289, -472.553115, -477.018163, 5.00000008e+16, 2.18090787e+24, -1151342.04, 16009.1863, 346.535308, 17.7621908, 74.3169642, 0.866666997, 0.866666996, 5.00000008e+16, 6274.11023, 769237.553, 0.397698205, 775988.311, -769233.745, -6273.9734, -775984.913, -2086.29229, 41.4056309, -2006.7912, 0, 1.47270142e-08, 1.47270142e-08, 1.05176545e+12, 1.05168274e+12, 2987295.43, 0.27, 3.332, -85692372.1, -775507.718, -2044.88666, 0, 2.6798568e+16, 0.450565669, 0.451388148, 0, 0
13.2302083, 0, 0, 5.00000015e+16, 0, 3.31118332e-16, 3.718e+18, 6.44e+20, 4.85, 4, 481.648184, 17.4068959, 0.866666992, 1174624.95, 2.55465764e+24, 2.39968947e+17, 3.82657189e+16, 776614.776, -479.377701, -483.84194, 5.00000015e+16, 2.18873813e+24, -1174514.4, 15935.8861, 347.327131, 17.4068959, 74.0147214, 0.866666994, 0.866666992, 5.00000015e+16, 6527.53037, 770087.589, 0.400639758, 777080.145, -770084.534, -6527.39317, -777077.443, -1930.72059, 42.3061522, -1851.24112, 0, 1.47747338e-08, 1.47747338e-08, 1.06349633e+12, 1.06341588e+12, 2962201.23, 0.27, 3.332, -83406464.7, -776611.926, -1888.41444, 0, 2.68519585e+16, 0.629299663, 0.6303116, 0, 0
13.28125, 0, 0, 5.00000021e+16, 0, 4.12430809e-16, 3.718e+18, 6.44e+20, 4.85, 4, 487.619311, 17.0959181, 0.866666988, 1194833.64, 3.2941851e+24, 2.38081931e+17, 3.90847533e+16, 767190.568, -485.349303, -489.813003, 5.00000021e+16, 2.21542135e+24, -1194726.48, 15872.5745, 348.012943, 17.0959181, 73.750259, 0.866666992, 0.866666988, 5.00000021e+16, 6654.18405, 760536.728, 0.402813079, 767642.666, -760533.846, -6654.04423, -767640.127, -1814.23458, 43.120787, -1733.94323, 0, 1.48162625e-08, 1.48162625e-08, 1.07873746e+12, 1.07866485e+12, 2982764.04, 0.27, 3.332, -75594662.5, -767187.887, -1771.11379, 0, 2.70929177e+16, 0.785722923, 0.78692842, 0, 0
13.3395833, 0, 0, 5.00000042e+16, 0, 4.66116235e-16, 3.718e+18, 6.44e+20, 4.85, 4, 494.694552, 16.772535, 0.866666976, 1217576.84, 4.34142892e+24, 2.38425625e+17, 3.93715607e+16, 768145.564, -492.424842, -496.887709, 5.00000042e+16, 2.22191286e+24, -1217471.61, 15834.0797, 348.804099, 16.772535, 73.4509466, 0.866666984, 0.866666976, 5.00000042e+16, 6903.54005, 761242.341, 0.405279267, 768587.595, -761240.095, -6903.39778, -768585.638, -1660.71428, 44.309696, -1579.86389, 0, 1.48640278e-08, 1.48640278e-08, 1.09018479e+12, 1.09011428e+12, 2956855.33, 0.27, 3.332, -73472287.2, -768143.489, -1616.40458, 0, 2.71484419e+16, 1.0635267, 1.06496391, 0, 0
13.390625, 0, 0, 5.00000059e+16, 0, 5.79795733e-16, 3.718e+18, 6.44e+20, 4.85, 4, 500.885295, 16.4895136, 0.866666966, 1237421.71, 5.47771672e+24, 2.36806403e+17, 4.02256661e+16, 760072.441, -498.616028, -503.078397, 5.00000059e+16, 2.24997014e+24, -1237319.26, 15793.9738, 349.493532, 16.4895136, 73.1890482, 0.866666977, 0.866666966, 5.00000059e+16, 7038.73206, 753034.033, 0.407099683, 760502.973, -753031.928, -7038.58618, -760501.166, -1547.06527, 45.3112349, -1464.82107, 0, 1.49058496e-08, 1.49058496e-08, 1.1059602e+12, 1.10589727e+12, 2950214.07, 0.27, 3.332, -65875682.8, -760070.515, -1501.75403, 0, 2.73708382e+16, 1.30665684, 1.3083559, 0, 0
13.4489583, 0, 0, 5.00000113e+16, 0, 6.55394608e-16, 3.718e+18, 6.44e+20, 4.85, 4, 508.207155, 16.1932993, 0.866666935, 1259815.77, 7.05917209e+24, 2.37083939e+17, 4.04882506e+16, 760895.155, -505.938196, -510.399696, 5.00000113e+16, 2.25465966e+24, -1259714.75, 15787.6057, 350.288413, 16.1932993, 72.8906727, 0.866666955, 0.866666935, 5.00000113e+16, 7281.85753, 753613.597, 0.40907572, 761317.454, -753612.053, -7281.70687, -761316.154, -1384.33455, 46.8365352, -1300.99447, 0, 1.49539261e-08, 1.49539261e-08, 1.1171582e+12, 1.11709742e+12, 2926153.4, 0.27, 3.332, -63709177.3, -760893.761, -1337.49801, 0, 2.74286317e+16, 1.72282926, 1.72479858, 0, 0
13.5, 0, 0, 5.00000161e+16, 0, 8.15597448e-16, 3.718e+18, 6.44e+20, 4.85, 4, 514.613741, 15.9340454, 0.866666907, 1279366.84, 8.74598231e+24, 2.35754196e+17, 4.13770388e+16, 754190.901, -512.345194, -516.806231, 5.00000161e+16, 2.28410017e+24, -1279268.06, 15769.9934, 350.986851, 15.9340454, 72.6295941, 0.866666936, 0.866666907, 5.00000161e+16, 7426.59773, 746764.601, 0.41053548, 754603.772, -746763.193, -7426.44214, -754602.604, -1264.78414, 48.0731508, -1179.64891, 0, 1.49963695e-08, 1.49963695e-08, 1.13383528e+12, 1.1337818e+12, 2907585.52, 0.27, 3.332, -56384295.6, -754189.637, -1216.71099, 0, 2.76316586e+16, 2.08703912, 2.08935198, 0, 0
13.5583333, 0, 0, 5.00000301e+16, 0, 9.2236846e-16, 3.718e+18, 6.44e+20, 4.85, 4, 522.178873, 15.6607733, 0.866666826, 1301474.22, 1.10562171e+25, 2.35984432e+17, 4.1608321e+16, 754901.191, -519.910643, -524.370768, 5.00000301e+16, 2.28676048e+24, -1301376.55, 15783.4772, 351.788384, 15.6607733, 72.3309441, 0.86666688, 0.866666826, 5.00000301e+16, 7661.346, 747240.124, 0.412039727, 755307.575, -747239.108, -7661.18416, -755306.754, -1124.41512, 49.7968644, -1037.85149, 0, 1.50449357e-08, 1.50449357e-08, 1.14482207e+12, 1.14477035e+12, 2886147.83, 0.27, 3.332, -54602751.2, -754900.295, -1074.61825, 0, 2.76912627e+16, 2.69090282, 2.69354016, 0, 0
13.609375, 0, 0, 5.00000424e+16, 0, 1.14968499e-15, 3.718e+18, 6.44e+20, 4.85, 4, 528.798346, 15.4216307, 0.866666755, 1320780.89, 1.34876636e+25, 2.3490637e+17, 4.25373495e+16, 749500.626, -526.530501, -530.990194, 5.00000424e+16, 2.31782303e+24, -1320685.07, 15782.1903, 352.499201, 15.4216307, 72.0696253, 0.866666831, 0.866666755, 5.00000424e+16, 7816.78514, 741684.126, 0.413154843, 749899.576, -741683.208, -7816.61716, -749898.848, -1022.19332, 51.2439658, -933.588229, 0, 1.5088209e-08, 1.5088209e-08, 1.16260507e+12, 1.16255982e+12, 2865197.15, 0.27, 3.332, -48116586.3, -749499.823, -970.949351, 0, 2.7877931e+16, 3.21937855, 3.22246946, 0, 0
13.6677083, 0, 0, 5.00000783e+16, 0, 1.30090886e-15, 3.718e+18, 6.44e+20, 4.85, 4, 536.603838, 15.1683577, 0.866666548, 1342659.99, 1.67692343e+25, 2.35087e+17, 4.2729216e+16, 750109.805, -534.33632, -538.795052, 5.00000783e+16, 2.31814689e+24, -1342564.98, 15817.4538, 353.309472, 15.1683577, 71.7699141, 0.866666687, 0.866666548, 5.00000783e+16, 8040.62178, 742069.452, 0.414219673, 750503.781, -742068.843, -8040.44548, -750503.318, -881.138341, 53.2517819, -790.704111, 0, 1.51373937e-08, 1.51373937e-08, 1.17340665e+12, 1.17336311e+12, 2846746.88, 0.27, 3.332, -46387911.2, -750109.286, -827.886558, 0, 2.79395708e+16, 4.07227652, 4.07574075, 0, 0
13.71875, 0, 0, 5.00001096e+16, 0, 1.62552557e-15, 3.718e+18, 6.44e+20, 4.85, 4, 543.43367, 14.9466995, 0.866666367, 1361776.83, 2.01871611e+25, 2.34268126e+17, 4.36990687e+16, 745920.02, -541.166508, -545.624837, 5.00001096e+16, 2.35091447e+24, -1361683.29, 15835.5019, 354.035009, 14.9466995, 71.5076668, 0.866666561, 0.866666367, 5.00001096e+16, 8207.90722, 737712.39, 0.415014337, 746308.289, -737711.857, -8207.72307, -746307.901, -777.977038, 54.9745588, -685.257237, 0, 1.51816436e-08, 1.51816436e-08, 1.19242369e+12, 1.19238627e+12, 2829705.08, 0.27, 3.332, -40249577.7, -745919.576, -723.002478, 0, 2.81096291e+16, 4.81868576, 4.82273071, 0, 0
13.7770833, 0, 0, 5.00001985e+16, 0, 1.84042463e-15, 3.718e+18, 6.44e+20, 4.85, 4, 551.477412, 14.7105875, 0.866665853, 1383481.39, 2.47372887e+25, 2.34405214e+17, 4.38423171e+16, 746427.232, -549.210588, -553.667899, 5.00001985e+16, 2.34861165e+24, -1383388.47, 15884.831, 354.855941, 14.7105875, 71.2061998, 0.8666662, 0.866665853, 5.00001985e+16, 8417.63085, 738009.867, 0.415670383, 746811.763, -738009.53, -8417.43673, -746811.534, -658.093234, 57.1593708, -563.270808, 0, 1.52315664e-08, 1.52315664e-08, 1.20305123e+12, 1.20301518e+12, 2813631.32, 0.27, 3.332, -38869019.5, -746426.964, -600.933863, 0, 2.81732072e+16, 5.99535234, 5.99984363, 0, 0
13.828125, 0, 0, 5.00002763e+16, 0, 2.30722634e-15, 3.718e+18, 6.44e+20, 4.85, 4, 558.515736, 14.5039685, 0.866665404, 1402451.52, 2.94398898e+25, 2.33810813e+17, 4.48554964e+16, 743369.315, -556.249246, -560.706179, 5.00002763e+16, 2.38323512e+24, -1402359.78, 15917.9031, 355.598404, 14.5039685, 70.9424162, 0.866665885, 0.866665404, 5.00002763e+16, 8597.76129, 734771.826, 0.416165298, 743749.552, -734771.535, -8597.55761, -743749.37, -570.047209, 59.1450174, -472.733785, 0, 1.52769327e-08, 1.52769327e-08, 1.22342134e+12, 1.22339068e+12, 2803292.13, 0.27, 3.332, -33459754.7, -743369.093, -510.902192, 0, 2.83293513e+16, 7.02512484, 7.03036544, 0, 0
13.8864583, 0, 0, 5.00004915e+16, 0, 2.61369694e-15, 3.718e+18, 6.44e+20, 4.85, 4, 566.79603, 14.2829817, 0.86666416, 1424036.59, 3.56205697e+25, 2.33896271e+17, 4.49373113e+16, 743767.872, -564.52989, -568.985736, 5.00004915e+16, 2.37785097e+24, -1423945.29, 15980.3403, 356.431628, 14.2829817, 70.6386698, 0.866665007, 0.86666416, 5.00004915e+16, 8789.16081, 734978.974, 0.416449666, 744145.344, -734978.817, -8788.94508, -744145.258, -453.386664, 61.5622775, -353.646334, 0, 1.53276963e-08, 1.53276963e-08, 1.23387723e+12, 1.23384786e+12, 2788974.24, 0.27, 3.332, -32160219.8, -743767.762, -391.824386, 0, 2.83952746e+16, 8.61654878, 8.62231063, 0, 0
13.9375, 0, 0, 5.00006799e+16, 0, 3.28962725e-15, 3.718e+18, 6.44e+20, 4.85, 4, 574.041375, 14.0895871, 0.866663072, 1442910.83, 4.19726084e+25, 2.33525876e+17, 4.59892586e+16, 741750.874, -571.775546, -576.231032, 5.00006799e+16, 2.41423424e+24, -1442820.45, 16028.2091, 357.192773, 14.0895871, 70.3728917, 0.866664238, 0.866663072, 5.00006799e+16, 8982.72634, 732768.421, 0.416668992, 742125.168, -732768.301, -8982.49885, -742125.11, -366.503075, 63.8648505, -264.020759, 0, 1.53742922e-08, 1.53742922e-08, 1.25568077e+12, 1.25565624e+12, 2786778.11, 0.27, 3.332, -27320866.6, -741750.796, -302.638224, 0, 2.85377984e+16, 10.009232, 10.0159391, 0, 0
13.9958333, 0, 0, 5.00011886e+16, 0, 3.72747709e-15, 3.718e+18, 6.44e+20, 4.85, 4, 582.557276, 13.8816866, 0.866660132, 1464417.86, 5.02148413e+25, 2.33561568e+17, 4.59932762e+16, 742029.385, -580.29181, -584.746132, 5.00011886e+16, 2.40526963e+24, -1464327.89, 16090.748, 358.038314, 13.8816866, 70.0670504, 0.866662146, 0.866660132, 5.00011886e+16, 9150.24373, 732879.412, 0.416640921, 742401.658, -732879.353, -9150.00312, -742401.633, -284.527824, 66.3284192, -179.514099, 0, 1.54259021e-08, 1.54259021e-08, 1.26595617e+12, 1.2659324e+12, 2772679.87, 0.27, 3.332, -26541671.9, -742029.352, -218.199405, 0, 2.86060208e+16, 12.1231269, 12.1305048, 0, 0
14.046875, 0, 0, 5.00016338e+16, 0, 4.71033697e-15, 3.718e+18, 6.44e+20, 4.85, 4, 590.008786, 13.6997708, 0.86665756, 1483227.12, 5.8651222e+25, 2.33355318e+17, 4.70775847e+16, 740910.934, -587.743614, -592.197585, 5.00016338e+16, 2.44322903e+24, -1483137.9, 16146.3257, 358.81779, 13.6997708, 69.7994393, 0.866660316, 0.86665756, 5.00016338e+16, 9357.01458, 731554.2, 0.416623184, 741280.879, -731554.155, -9356.76025, -741280.867, -221.638539, 68.8964651, -113.680531, 0, 1.54737124e-08, 1.54737124e-08, 1.28914105e+12, 1.28912102e+12, 2777903.69, 0.27, 3.332, -22809957.6, -740910.915, -152.742074, 0, 2.87390838e+16, 13.9730433, 13.9816392, 0, 0
14.1052083, 0, 0, 5.00028068e+16, 0, 5.33594226e-15, 3.718e+18, 6.44e+20, 4.85, 4, 598.759551, 13.5036677, 0.866650783, 1504697.2, 6.9465246e+25, 2.33323934e+17, 4.69817273e+16, 741047.572, -596.494756, -600.947472, 5.00028068e+16, 2.42995963e+24, -1504608.36, 16209.4656, 359.674487, 13.5036677, 69.4921159, 0.866655458, 0.866650783, 5.00028068e+16, 9493.61346, 731554.239, 0.416353183, 741416.063, -731554.222, -9493.3442, -741416.057, -149.689508, 71.4517081, -39.0715835, 0, 1.55261016e-08, 1.55261016e-08, 1.29920662e+12, 1.29918718e+12, 2762746.25, 0.27, 3.332, -22209695.4, -741047.567, -78.2377998, 0, 2.88102769e+16, 16.7377562, 16.7471888, 0, 0
14.15625, 0, 0, 5.00038331e+16, 0, 6.76767049e-15, 3.718e+18, 6.44e+20, 4.85, 4, 606.416593, 13.3320604, 0.866644854, 1523481.65, 8.05005366e+25, 2.33271247e+17, 4.80809648e+16, 740664.046, -604.152079, -608.604443, 5.00038331e+16, 2.46890484e+24, -1523393.42, 16274.5368, 360.470529, 13.3320604, 69.223208, 0.866651207, 0.866644854, 5.00038331e+16, 9712.29171, 730952.052, 0.416142769, 741030.862, -730952.04, -9712.00626, -741030.861, -91.5384393, 74.3288363, 22.2712848, 0, 1.55750238e-08, 1.55750238e-08, 1.32364856e+12, 1.3236322e+12, 2774687.2, 0.27, 3.332, -19141185.4, -740664.046, -17.2096028, 0, 2.89345209e+16, 19.1571312, 19.1680871, 0, 0
14.2145833, 0, 0, 5.00064717e+16, 0, 7.66040482e-15, 3.718e+18, 6.44e+20, 4.85, 4, 615.402131, 13.1462795, 0.86662961, 1544955.23, 9.44819571e+25, 2.33166867e+17, 4.78580417e+16, 740628.307, -613.138008, -617.589011, 5.00064717e+16, 2.45052798e+24, -1544867.47, 16325.2568, 361.336583, 13.1462795, 68.9151477, 0.866640196, 0.86662961, 5.00064717e+16, 9809.40509, 730819.208, 0.415704869, 740994.098, -730819.202, -9809.10412, -740994.091, -56.2342087, 76.7694514, 60.1072229, 0, 1.56280856e-08, 1.56280856e-08, 1.33346023e+12, 1.33344391e+12, 2756482.93, 0.27, 3.332, -19078994, -740628.306, 20.5352427, 0, 2.90091375e+16, 22.7233854, 22.7354733, 0, 0
14.265625, 0, 0, 5.00087805e+16, 0, 9.74559775e-15, 3.718e+18, 6.44e+20, 4.85, 4, 623.264599, 12.9837262, 0.866616271, 1563746.33, 1.08719371e+26, 2.33205783e+17, 4.89516584e+16, 740813.625, -621.000749, -625.451383, 5.00087805e+16, 2.48969344e+24, -1563659.13, 16391.3175, 362.146618, 12.9837262, 68.645595, 0.866630562, 0.866616271, 5.00087805e+16, 10037.2714, 730776.671, 0.415346904, 741178.23, -730776.67, -10036.9522, -741178.223, -22.4981215, 79.877954, 97.2056952, 0, 1.56779671e-08, 1.56779671e-08, 1.35899394e+12, 1.35897939e+12, 2773261.49, 0.27, 3.332, -17317956.2, -740813.624, 57.3798326, 0, 2.91288819e+16, 25.8440852, 25.8581164, 0, 0
14.3239583, 0, 0, 5.00145709e+16, 0, 1.10148695e-14, 3.718e+18, 6.44e+20, 4.85, 4, 632.485092, 12.807273, 0.86658282, 1585268.79, 1.26564284e+26, 2.33013253e+17, 4.85676881e+16, 740576.46, -630.221648, -634.670798, 5.00145709e+16, 2.46520992e+24, -1585182.23, 16419.979, 363.018992, 12.807273, 68.3378698, 0.866606215, 0.86658282, 5.00145709e+16, 10084.6445, 730492.146, 0.414839233, 740940.359, -730492.146, -10084.3093, -740940.349, -11.8459921, 82.1414027, 110.142121, 0, 1.57315178e-08, 1.57315178e-08, 1.36850647e+12, 1.36849163e+12, 2750079.46, 0.27, 3.332, -17591664.3, -740576.457, 70.2954104, 0, 2.92081422e+16, 30.3906944, 30.4062688, 0, 0
14.375, 0, 0, 5.00196381e+16, 0, 1.4039293e-14, 3.718e+18, 6.44e+20, 4.85, 4, 640.553149, 12.6528776, 0.86655355, 1604109.03, 1.44699047e+26, 2.3310504e+17, 4.96233753e+16, 741102.963, -638.289976, -642.738723, 5.00196381e+16, 2.503333e+24, -1604023.06, 16479.7834, 363.838499, 12.6528776, 68.0686103, 0.866584911, 0.86655355, 5.00196381e+16, 10316.9138, 730786.403, 0.414395819, 741466.041, -730786.398, -10316.5583, -741466.031, 6.77427363, 85.451291, 132.254307, 0, 1.57820843e-08, 1.57820843e-08, 1.39481954e+12, 1.39480491e+12, 2770023.94, 0.27, 3.332, -17397290.1, -741102.959, 92.2255645, 0, 2.93262724e+16, 34.3687595, 34.3867833, 0, 0
14.4333333, 0, 0, 5.00320341e+16, 0, 1.58274351e-14, 3.718e+18, 6.44e+20, 4.85, 4, 650.009453, 12.484597, 0.866481951, 1625712.91, 1.6719703e+26, 2.32826378e+17, 4.90379865e+16, 740642.251, -647.746698, -652.193821, 5.00320341e+16, 2.47167921e+24, -1625628, 16457.8488, 364.710923, 12.484597, 67.7632452, 0.866532386, 0.866481951, 5.00320341e+16, 10302.5396, 730340.092, 0.413970856, 741004.856, -730340.077, -10302.1699, -741004.856, -52.3849023, 87.1614862, 74.6446303, 0, 1.58357397e-08, 1.58357397e-08, 1.40399222e+12, 1.40397635e+12, 2738814.93, 0.27, 3.332, -18613912.9, -740642.249, 34.7765842, 0, 2.94116011e+16, 40.1009389, 40.1213428, 0, 0
14.484375, 0, 0, 5.0042883e+16, 0, 2.01577654e-14, 3.718e+18, 6.44e+20, 4.85, 4, 658.283801, 12.3373875, 0.866419302, 1644624.29, 1.89984277e+26, 2.32847129e+17, 5.00166313e+16, 741141.995, -656.021326, -660.467986, 5.0042883e+16, 2.5070966e+24, -1644540.25, 16491.5231, 365.530581, 12.3373875, 67.4960508, 0.866486426, 0.866419302, 5.0042883e+16, 10531.4142, 730610.983, 0.413542933, 741504.045, -730610.972, -10531.0237, -741504.044, -82.0100801, 90.4664303, 48.4132191, 0, 1.58864175e-08, 1.58864175e-08, 1.43042546e+12, 1.43040695e+12, 2758817.13, 0.27, 3.332, -21273755.4, -741141.993, 8.45635029, 0, 2.95371492e+16, 45.1157097, 45.1393324, 0, 0
14.5427083, 0, 0, 5.00687681e+16, 0, 2.26347718e-14, 3.718e+18, 6.44e+20, 4.85, 4, 667.976862, 12.1766692, 0.866269844, 1666338.14, 2.18022838e+26, 2.32473292e+17, 4.91822673e+16, 740440.646, -665.714815, -670.159692, 5.00687681e+16, 2.46701382e+24, -1666255.74, 16396.7549, 366.392914, 12.1766692, 67.1958415, 0.866375897, 0.866269844, 5.00687681e+16, 10441.7743, 729999.317, 0.413417887, 740802.389, -729999.235, -10441.3727, -740802.365, -205.293151, 91.4351929, -74.3723628, 0, 1.59395522e-08, 1.59395522e-08, 1.43921878e+12, 1.43919819e+12, 2716484.98, 0.27, 3.332, -23304136.8, -740440.606, -113.857959, 0, 2.96322025e+16, 52.2708924, 52.2982513, 0, 0
14.59375, 0, 0, 5.00914284e+16, 0, 2.86790297e-14, 3.718e+18, 6.44e+20, 4.85, 4, 676.458316, 12.0360812, 0.866139069, 1685348.12, 2.46233934e+26, 2.32312848e+17, 5.00290871e+16, 740380.353, -674.196569, -678.640897, 5.00914284e+16, 2.49730519e+24, -1685267.03, 16386.5303, 367.197603, 12.0360812, 66.9331584, 0.866279185, 0.866139069, 5.00914284e+16, 10655.5506, 729725.272, 0.413152111, 740741.727, -729725.185, -10655.1288, -740741.703, -277.95125, 94.5733376, -143.937997, 0, 1.59894033e-08, 1.59894033e-08, 1.46468717e+12, 1.46466047e+12, 2733694.16, 0.27, 3.332, -29432006.2, -740380.312, -183.377913, 0, 2.977429e+16, 58.5292248, 58.5608002, 0, 0
14.6520833, 0, 0, 5.01441467e+16, 0, 3.20150645e-14, 3.718e+18, 6.44e+20, 4.85, 4, 686.389568, 11.8821215, 0.865834906, 1707187.64, 2.8077082e+26, 2.31853817e+17, 4.88931419e+16, 739429.148, -684.128252, -688.570619, 5.01441467e+16, 2.4474864e+24, -1707109.09, 16172.2193, 368.034627, 11.8821215, 66.6414373, 0.866052375, 0.865834906, 5.01441467e+16, 10476.2202, 728953.467, 0.413628556, 739790.303, -728953.051, -10475.7944, -739790.045, -522.509937, 94.286792, -389.756771, 0, 1.60410731e-08, 1.60410731e-08, 1.47307111e+12, 1.47304079e+12, 2676032.2, 0.27, 3.332, -32992043.1, -739428.844, -428.223146, 0, 2.98856955e+16, 67.372769, 67.4108416, 0, 0
14.703125, 0, 0, 5.01903208e+16, 0, 4.00832838e-14, 3.718e+18, 6.44e+20, 4.85, 4, 695.079306, 11.7474918, 0.865568763, 1726301.92, 3.15087733e+26, 2.31293815e+17, 4.95453754e+16, 738059.509, -692.818335, -697.260029, 5.01903208e+16, 2.4696115e+24, -1726225.51, 16079.2975, 368.801463, 11.7474918, 66.3861814, 0.865853916, 0.865568763, 5.01903208e+16, 10658.2363, 727401.842, 0.413731362, 738420.389, -727401.37, -10657.794, -738420.093, -679.869174, 96.8689232, -544.773384, 0, 1.60886702e-08, 1.60886702e-08, 1.49590111e+12, 1.49585901e+12, 2686144.1, 0.27, 3.332, -44782866.3, -738059.168, -583.000252, 0, 3.00635141e+16, 75.1057533, 75.1496779, 0, 0
14.7614583, 0, 0, 5.02950207e+16, 0, 4.43664446e-14, 3.718e+18, 6.44e+20, 4.85, 4, 705.250086, 11.5999413, 0.864965601, 1748264.02, 3.57107749e+26, 2.30752255e+17, 4.80525008e+16, 736862.96, -702.989536, -707.429077, 5.02950207e+16, 2.40865413e+24, -1748191.3, 15690.581, 369.589449, 11.5999413, 66.1069555, 0.865400254, 0.864965601, 5.02950207e+16, 10374.8135, 726488.822, 0.41525089, 737223.619, -726487.281, -10374.3773, -737222.412, -1074.23966, 94.92676, -942.787619, 0, 1.6137398e-08, 1.6137398e-08, 1.50386254e+12, 1.50381504e+12, 2608829.05, 0.27, 3.332, -50117031.1, -736861.661, -979.312897, 0, 3.02049758e+16, 85.9273423, 85.9832101, 0, 0
14.8125, 0, 0, 5.03868122e+16, 0, 5.4312628e-14, 3.718e+18, 6.44e+20, 4.85, 4, 714.149211, 11.4709511, 0.864437835, 1767476.52, 3.97895899e+26, 2.29520772e+17, 4.84330691e+16, 733076.086, -711.889079, -716.327776, 5.03868122e+16, 2.41862784e+24, -1767407.23, 15463.5807, 370.2828, 11.4709511, 65.8626328, 0.865003299, 0.864437835, 5.03868122e+16, 10502.2769, 722574.52, 0.416028044, 733436.461, -722572.783, -10501.8311, -733435.085, -1335.29354, 96.5282003, -1202.76132, 0, 1.618051e-08, 1.618051e-08, 1.52142024e+12, 1.52135296e+12, 2607382.43, 0.27, 3.332, -69888654.4, -733074.615, -1238.76534, 0, 3.04466275e+16, 95.3860828, 95.4503982, 0, 0
14.8708333, 0, 0, 5.05895314e+16, 0, 5.93508974e-14, 3.718e+18, 6.44e+20, 4.85, 4, 724.560843, 11.3294292, 0.863273485, 1789500.93, 4.48215519e+26, 2.2889952e+17, 4.6531153e+16, 731637.342, -722.301106, -726.737454, 5.05895314e+16, 2.34520137e+24, -1789436.78, 14811.0375, 370.982344, 11.3294292, 65.6011727, 0.864119543, 0.863273485, 5.05895314e+16, 10102.0755, 721536.155, 0.419252767, 731997.369, -721531.191, -10101.6518, -731993.031, -1986.28526, 92.2319921, -1860.75369, 0, 1.62238376e-08, 1.62238376e-08, 1.52892881e+12, 1.5288531e+12, 2505439.02, 0.27, 3.332, -78219888.6, -731632.845, -1894.05327, 0, 3.06439999e+16, 108.46089, 108.549513, 0, 0
14.921875, 0, 0, 5.07675796e+16, 0, 6.98558194e-14, 3.718e+18, 6.44e+20, 4.85, 4, 733.670358, 11.2057939, 0.862254678, 1808741.43, 4.9502202e+26, 2.26520849e+17, 4.65574568e+16, 723776.416, -731.411163, -735.846436, 5.07675796e+16, 2.33823533e+24, -1808682.59, 14364.8756, 371.544739, 11.2057939, 65.3723951, 0.863346256, 0.862254678, 5.07675796e+16, 10145.3232, 713632.021, 0.421162051, 724136.005, -713626.395, -10144.9024, -724131.051, -2424.96983, 92.1516928, -2300.42795, 0, 1.625886e-08, 1.625886e-08, 1.53704942e+12, 1.53694193e+12, 2486236.44, 0.27, 3.332, -109973948, -723771.294, -2332.81814, 0, 3.10019595e+16, 119.884656, 119.98675, 0, 0
14.9802083, 0, 0, 5.11500918e+16, 0, 7.4833307e-14, 3.718e+18, 6.44e+20, 4.85, 4, 744.322924, 11.0706276, 0.860070272, 1830690.2, 5.53938678e+26, 2.25759629e+17, 4.42062304e+16, 722047.432, -742.064078, -746.496813, 5.11500918e+16, 2.25112919e+24, -1830637.88, 13349.4538, 372.091794, 11.0706276, 65.1349412, 0.861671878, 0.860070272, 5.11500918e+16, 9620.05589, 712428.579, 0.427048386, 722406.377, -712414.616, -9619.67535, -722393.473, -3406.77195, 85.1173627, -3293.1944, 0, 1.62927879e-08, 1.62927879e-08, 1.5439555e+12, 1.54383605e+12, 2356566.36, 0.27, 3.332, -121800352, -722034.288, -3321.65459, 0, 3.13047869e+16, 135.421145, 135.574778, 0, 0
15.03125, 0, 0, 5.14871534e+16, 0, 8.25517007e-14, 3.718e+18, 6.44e+20, 4.85, 4, 753.642736, 10.9526249, 0.858158917, 1849823.74, 6.04661536e+26, 2.21605756e+17, 4.3790466e+16, 707758.43, -751.384626, -755.815984, 5.14871534e+16, 2.22157292e+24, -1849779.09, 12571.6488, 372.434043, 10.9526249, 64.927169, 0.860206797, 0.858158917, 5.14871534e+16, 9543.6789, 698216.006, 0.430740861, 708116.581, -698200.212, -9543.31815, -708101.923, -4067.38824, 82.7009107, -3957.64667, 0, 1.63141242e-08, 1.63141242e-08, 1.53643302e+12, 1.53626608e+12, 2314093.35, 0.27, 3.332, -169258207, -707743.531, -3984.68733, 0, 3.1862688e+16, 148.991356, 149.167994, 0, 0
15.0895833, 0, 0, 5.21901695e+16, 0, 8.56383673e-14, 3.718e+18, 6.44e+20, 4.85, 4, 764.534501, 10.8243464, 0.854187396, 1871425.14, 6.71140981e+26, 2.20537687e+17, 4.09741536e+16, 705540.752, -762.276676, -766.705338, 5.21901695e+16, 2.12000831e+24, -1871387.77, 11044.9719, 372.724374, 10.8243464, 64.7209508, 0.857128833, 0.854187396, 5.21901695e+16, 8893.22692, 696649.204, 0.440631567, 705897.719, -696612.908, -8892.92429, -705863.106, -5544.16343, 72.5455762, -5449.81524, 0, 1.63321464e-08, 1.63321464e-08, 1.54225756e+12, 1.54207407e+12, 2157029.82, 0.27, 3.332, -185651146, -705505.834, -5471.61786, 0, 3.23610815e+16, 166.999248, 167.290528, 0, 0
15.140625, 0, 0, 5.28131785e+16, 0, 8.53008175e-14, 3.718e+18, 6.44e+20, 4.85, 4, 774.062787, 10.7125082, 0.850712315, 1890177.71, 7.20576241e+26, 2.13622399e+17, 4.00434763e+16, 681613.49, -771.806011, -776.232895, 5.28131785e+16, 2.06201624e+24, -1890150.59, 9751.4434, 372.710388, 10.7125082, 64.5405099, 0.854435615, 0.850712315, 5.28131785e+16, 8660.51853, 672954.715, 0.446995789, 681969.016, -672913.606, -8660.25607, -681929.702, -6527.9166, 67.0556926, -6441.09207, 0, 1.63312741e-08, 1.63312741e-08, 1.51023302e+12, 1.50998129e+12, 2085819.6, 0.27, 3.332, -253826872, -681573.862, -6460.86091, 0, 3.32690954e+16, 182.729858, 183.064484, 0, 0
15.1989583, 0, 0, 5.40707927e+16, 0, 8.3817246e-14, 3.718e+18, 6.44e+20, 4.85, 4, 785.18794, 10.5926632, 0.843746908, 1910954.63, 7.90834945e+26, 2.11860834e+17, 3.67843328e+16, 678389.907, -782.931372, -787.355473, 5.40707927e+16, 1.94599077e+24, -1910933.58, 7511.3852, 372.57477, 10.5926632, 64.3745043, 0.848967151, 0.843746908, 5.40707927e+16, 7897.38927, 670494.848, 0.462714959, 678743.381, -670407.529, -7897.19173, -678658.528, -8633.41828, 54.0478759, -8565.97309, 0, 1.63228543e-08, 1.63228543e-08, 1.51378727e+12, 1.51351478e+12, 1908903.89, 0.27, 3.332, -274403151, -678304.721, -8579.37041, 0, 3.4123761e+16, 202.806611, 203.396148, 0, 0
15.25, 0, 0, 5.51957468e+16, 0, 7.15318754e-14, 3.718e+18, 6.44e+20, 4.85, 4, 794.919193, 10.4883828, 0.837652177, 1928860.01, 8.28396514e+26, 2.00806313e+17, 3.52944571e+16, 640640.93, -792.664182, -797.08596, 5.51957468e+16, 1.854179e+24, -1928850.7, 5409.01104, 372.000376, 10.4883828, 64.2292494, 0.844182245, 0.837652177, 5.51957468e+16, 7480.32806, 633163.022, 0.472909845, 640991.911, -633063.894, -7480.18765, -640895.388, -10005.3252, 45.1721156, -9949.49874, 0, 1.62870569e-08, 1.62870569e-08, 1.44520431e+12, 1.44484014e+12, 1806032.88, 0.27, 3.332, -365976600, -640544.081, -9960.15307, 0, 3.56446519e+16, 220.362064, 221.037258, 0, 0
15.3083333, 0, 0, 5.73837651e+16, 0, 6.39154676e-14, 3.718e+18, 6.44e+20, 4.85, 4, 806.265485, 10.3793771, 0.825952746, 1947989.26, 8.93380954e+26, 1.97599682e+17, 3.16631003e+16, 635232.394, -804.010623, -808.42964, 5.73837651e+16, 1.72484942e+24, -1947979.78, 2096.557, 371.169103, 10.3793771, 64.1160277, 0.834849826, 0.825952746, 5.73837651e+16, 6634.66487, 628600.853, 0.496752569, 635580.028, -628403.642, -6634.5712, -635386.096, -12898.6713, 30.1020457, -12865.0356, 0, 1.62355007e-08, 1.62355007e-08, 1.44379694e+12, 1.44340928e+12, 1623896.52, 0.27, 3.332, -389281038, -635038.212, -12868.5692, 0, 3.71389706e+16, 241.291893, 242.517913, 0, 0
15.359375, 0, 0, 5.93693149e+16, 0, 4.36252954e-14, 3.718e+18, 6.44e+20, 4.85, 4, 816.18818, 10.2849273, 0.815715744, 1964227.81, 9.00079338e+26, 1.80383442e+17, 2.96300189e+16, 578775.06, -813.935759, -818.351634, 5.93693149e+16, 1.59569065e+24, -1964226.33, -1369.60249, 369.739556, 10.2849273, 64.0169588, 0.82668396, 0.815715744, 5.93693149e+16, 6031.58108, 572746.746, 0.512133616, 579118.598, -572521.019, -6031.54746, -578896.317, -14715.1775, 18.1198122, -14697.0735, 0, 1.61466235e-08, 1.61466235e-08, 1.32378258e+12, 1.3232842e+12, 1486557.44, 0.27, 3.332, -499875598, -578552.565, -14697.0577, 0, 3.97659208e+16, 259.645004, 261.043652, 0, 0
15.4177083, 0, 0, 6.30695394e+16, 0, 3.29787096e-14, 3.718e+18, 6.44e+20, 4.85, 4, 827.731736, 10.1912145, 0.797094151, 1980367.07, 9.42222538e+26, 1.74293824e+17, 2.57484884e+16, 568514.096, -825.479551, -829.892742, 6.30695394e+16, 1.45539062e+24, -1980345.24, -6452.71977, 367.818172, 10.1912145, 63.9693146, 0.811523448, 0.797094151, 6.30695394e+16, 5156.31265, 563361.568, 0.546407388, 568852.471, -562952.413, -5156.25928, -568447.005, -18247.5397, 2.87605882, -18252.3395, 0, 1.60278077e-08, 1.60278077e-08, 1.31136294e+12, 1.31084189e+12, 1316041.76, 0.27, 3.332, -522369225, -568108.672, -18244.6637, 0, 4.24223192e+16, 278.927661, 281.385051, 0, 0
15.46875, 0, 0, 6.64959321e+16, 0, 1.66735611e-14, 3.718e+18, 6.44e+20, 4.85, 4, 837.823472, 10.1107953, 0.780800257, 1993595.5, 8.89359859e+26, 1.48513488e+17, 2.32772698e+16, 489476.37, -835.575378, -839.983973, 6.64959321e+16, 1.28844051e+24, -1993556.55, -12459.6098, 365.160026, 10.1107953, 63.927626, 0.798258, 0.780800257, 6.64959321e+16, 4415.17748, 485065.229, 0.568052905, 489808.399, -484590.888, -4415.15376, -489337.908, -20281.8311, -10.68027, -20304.7683, 0, 1.58633669e-08, 1.58633669e-08, 1.12659728e+12, 1.12598064e+12, 1140296.97, 0.27, 3.332, -617776144, -489006.042, -20292.5114, 0, 4.70918239e+16, 295.901452, 298.669778, 0, 0
15.5270833, 0, 0, 7.25790901e+16, 0, 9.50402961e-15, 3.718e+18, 6.44e+20, 4.85, 4, 849.522239, 10.0392822, 0.753107891, 2004528.6, 8.79387582e+26, 1.36733923e+17, 1.932059e+16, 467901.815, -847.275153, -851.680637, 7.25790901e+16, 1.14041513e+24, -2004401.95, -20987.8182, 361.669231, 10.0392822, 63.9307659, 0.77510102, 0.753107891, 7.25790901e+16, 3591.4906, 464314.072, 0.613150514, 468226.364, -463574.443, -3591.30062, -467489.571, -23419.5013, -23.5419454, -23463.6417, 0, 1.56487587e-08, 1.56487587e-08, 1.08877039e+12, 1.0881372e+12, 989563.963, 0.27, 3.332, -634177737, -467165.744, -23443.0432, 0, 5.20190225e+16, 309.389457, 313.62545, 0, 0
15.578125, 0, 0, 7.83566581e+16, 0, 3.35434937e-15, 3.718e+18, 6.44e+20, 4.85, 4, 859.742621, 9.97986358, 0.72887707, 2012495.11, 7.40033842e+26, 1.01741604e+17, 1.66520923e+16, 369792.428, -857.502966, -861.900737, 7.83566581e+16, 9.39537532e+23, -2012235.69, -32110.6625, 357.472285, 9.97986358, 63.9335134, 0.754838663, 0.72887707, 7.83566581e+16, 2823.99793, 366972.601, 0.640098421, 370107.973, -366109.334, -2823.75013, -369247.589, -24637.5856, -35.9382869, -24699.855, 0, 1.53913156e-08, 1.53913156e-08, 8.45219608e+11, 8.44624701e+11, 774007.67, 0.27, 3.332, -595681031, -368933.083, -24673.5239, 0, 6.03997825e+16, 321.199322, 325.741334, 0, 0
15.6364583, 0, 0, 8.80897143e+16, 0, 1.26443543e-15, 3.718e+18, 6.44e+20, 4.85, 4, 871.523015, 9.9430094, 0.691032652, 2014439.39, 6.50444442e+26, 8.24152978e+16, 1.28924492e+16, 325653.934, -869.287275, -873.6792, 8.80897143e+16, 7.90832512e+23, -2013846.22, -47653.4488, 352.115679, 9.9430094, 63.8400468, 0.722070271, 0.691032652, 8.80897143e+16, 2157.12495, 323499.427, 0.689455647, 325959.852, -322509.329, -2156.45409, -324969.802, -24108.3542, -42.987169, -24185.8203, 0, 1.50651905e-08, 1.50651905e-08, 7.57488617e+11, 7.56905047e+11, 634990.543, 0.27, 3.332, -584204893, -324665.783, -24151.3413, 0, 7.01574195e+16, 323.331452, 328.217679, 0, 0
15.6875, 0, 0, 9.75929253e+16, 0, 3.10364322e-16, 3.718e+18, 6.44e+20, 4.85, 4, 881.800372, 9.91716937, 0.657918786, 2013597.67, 4.52504711e+26, 4.87113847e+16, 1.0421187e+16, 232380.914, -879.577724, -883.956041, 9.75929253e+16, 5.71200013e+23, -2012435.69, -67589.0798, 346.560799, 9.91716937, 63.7582636, 0.693397928, 0.657918786, 9.75929253e+16, 1511.02671, 230872.631, 0.715064226, 232675.619, -229815.102, -1510.15829, -231617.484, -22031.2063, -49.9906973, -22121.2631, 0, 1.47286384e-08, 1.47286384e-08, 5.18294812e+11, 5.17947568e+11, 426324.504, 0.27, 3.332, -347670347, -231325.261, -22081.197, 0, 8.36353117e+16, 324.675205, 329.045607, 0, 0
15.7458333, 0, 0, 1.12777495e+17, 0, 7.78892336e-17, 3.718e+18, 6.44e+20, 4.85, 4, 893.533574, 9.93841339, 0.611135972, 2000733.95, 3.22293291e+26, 3.16923283e+16, 7.31704651e+15, 169032.916, -891.320141, -895.686479, 1.12777495e+17, 4.42101127e+23, -1998449.69, -94374.9265, 339.83561, 9.93841339, 63.1613372, 0.651084312, 0.611135972, 1.12777495e+17, 1078.68294, 167955.74, 0.754883293, 169316.738, -167119.926, -1077.16818, -168477.585, -16631.5086, -47.7919781, -16725.8277, 0, 1.43247481e-08, 1.43247481e-08, 3.87973803e+11, 3.87661513e+11, 325886.171, 0.27, 3.332, -312617121, -168197.094, -16679.3005, 0, 1.0159669e+17, 308.738298, 309.552856, 0, 0
15.796875, 0, 0, 1.27989999e+17, 0, 1.46519842e-17, 3.718e+18, 6.44e+20, 4.85, 4, 903.748966, 9.96653019, 0.57020101, 1986168.58, 1.71699756e+26, 1.47215527e+16, 5.48339087e+15, 112442.614, -901.554125, -905.900083, 1.27989999e+17, 2.58780323e+23, -1982129.31, -125210.924, 333.854799, 9.96653019, 62.6390266, 0.614059898, 0.57020101, 1.27989999e+17, 653.013203, 111790.34, 0.770302397, 112713.706, -111102.602, -651.288431, -112020.973, -12378.0028, -45.8145761, -12474.7602, 0, 1.39678243e-08, 1.39678243e-08, 2.41248451e+11, 2.41113629e+11, 181619.785, 0.27, 3.332, -135003564, -111753.89, -12423.8173, 0, 1.19605212e+17, 293.391526, 291.967473, 0, 0
15.8552083, 0, 0, 1.51127767e+17, 0, 3.25366745e-18, 3.718e+18, 6.44e+20, 4.85, 4, 915.222983, 10.0863212, 0.518417315, 1950941.27, 9.00810414e+25, 7.69398365e+15, 3.41133423e+15, 59167.6694, -913.042597, -917.368597, 1.51127767e+17, 1.72036753e+23, -1943884.15, -164487.947, 327.209482, 10.0863212, 60.9441027, 0.564776644, 0.518417315, 1.51127767e+17, 440.736437, 58727.8088, 0.792401716, 59426.3038, -58333.5211, -438.676458, -59025.7533, -6793.80507, -35.5712721, -6887.93336, 0, 1.35749302e-08, 1.35749302e-08, 1.31269444e+11, 1.31183295e+11, 139613.896, 0.27, 3.332, -86288084.9, -58772.1975, -6829.37635, 0, 1.46531989e+17, 254.642709, 243.542032, 0, 0
15.90625, 0, 0, 1.74779891e+17, 0, 6.12708782e-19, 3.718e+18, 6.44e+20, 4.85, 4, 925.191614, 10.2017582, 0.473106582, 1916303.08, 3.53105662e+25, 2.96332507e+15, 2.37703636e+15, 39909.0521, -923.03389, -927.333205, 1.74779891e+17, 8.39929925e+22, -1905063.78, -205513.59, 321.940624, 10.2017582, 59.4610443, 0.521653796, 0.473106582, 1.74779891e+17, 221.936853, 39687.4484, 0.797521767, 40152.7128, -39412.2056, -219.910843, -39869.6705, -4661.96387, -28.0213328, -4754.59353, 0, 1.32652601e-08, 1.32652601e-08, 8.15162287e+10, 8.14722063e+10, 64370.3268, 0.27, 3.332, -44086522.3, -39632.1164, -4689.98521, 0, 1.71051652e+17, 219.20204, 203.741289, 0, 0
15.9645833, 0, 0, 2.09239453e+17, 0, 1.70096982e-19, 3.718e+18, 6.44e+20, 4.85, 4, 936.088682, 10.4888728, 0.421795449, 1849173.97, 1.262743e+25, 1.31419047e+15, 1.27540746e+15, 14238.6673, -933.949568, -938.219863, 2.09239453e+17, 4.14296988e+22, -1831287.39, -255008.652, 316.735318, 10.4888728, 55.9795535, 0.470106382, 0.421795449, 2.09239453e+17, 145.262997, 14093.9729, 0.805902096, 14465.0367, -13985.1041, -143.695356, -14347.3699, -1746.99824, -17.4056393, -1840.42511, 0, 1.2961897e-08, 1.2961897e-08, 2.95243552e+10, 2.95109423e+10, 46616.976, 0.27, 3.332, -13459612.3, -14128.7994, -1764.40388, 0, 2.07873862e+17, 165.734877, 143.385349, 0, 0
16.015625, 0, 0, 2.44921367e+17, 0, 4.49919764e-20, 3.718e+18, 6.44e+20, 4.85, 4, 945.535111, 10.7530499, 0.376898207, 1786347.71, 3.54577289e+24, 4.46805511e+14, 8.08187265e+14, 10418.7054, -943.421598, -947.65867, 2.44921367e+17, 2.13055412e+22, -1759908.84, -304215.922, 312.846177, 10.7530499, 52.933249, 0.425002395, 0.376898207, 2.44921367e+17, 55.8319661, 10363.3144, 0.806798658, 10624.6933, -10286.2322, -54.471269, -10536.8923, -1260.88213, -10.9757775, -1357.17847, 0, 1.27362372e-08, 1.27362372e-08, 1.98671382e+10, 1.98563106e+10, 21166.3072, 0.27, 3.332, -10848771.9, -10340.7034, -1271.85791, 0, 2.43674741e+17, 119.060734, 96.0040831, 0, 0
16.0739583, 0, 0, 2.95064146e+17, 0, 1.81072757e-20, 3.718e+18, 6.44e+20, 4.85, 4, 955.398675, 11.3513301, 0.330893058, 1675366.94, 7.50345494e+23, 1.80631364e+14, 3.4735637e+14, 2641.17371, -953.306522, -957.504378, 2.95064146e+17, 6.58177828e+21, -1636249.93, -357879.114, 309.449015, 11.3513301, 47.9842648, 0.376344254, 0.330893058, 2.95064146e+17, 36.1461728, 2605.26109, 0.808980224, 2820.43453, -2584.32858, -35.5236381, -2786.51192, -329.122524, -5.41392304, -435.085218, 0, 1.25403692e-08, 1.25403692e-08, 4.86193027e+09, 4.86058614e+09, 13385.6915, 0.27, 3.332, -1357510.5, -2619.85221, -334.536447, 0, 2.94723754e+17, 74.8946647, 61.8043389, 0, 0
16.125, 0, 0, 3.47292164e+17, 0, 7.75016972e-21, 3.718e+18, 6.44e+20, 4.85, 4, 963.929513, 11.8925767, 0.290638553, 1574828.55, 1.34888054e+23, 5.7962579e+13, 1.84862004e+14, 2130.35811, -961.86474, -966.021703, 3.47292164e+17, 4.07443252e+21, -1519988.1, -409688.232, 306.985529, 11.8925767, 43.6539037, 0.33376838, 0.290638553, 3.47292164e+17, 8.83951786, 2121.74429, 0.80899601, 2283.26668, -2105.51598, -8.37754598, -2246.52966, -261.837631, -2.41856255, -376.886882, 0, 1.23987324e-08, 1.23987324e-08, 3.63376076e+09, 3.6319298e+09, 5277.73014, 0.27, 3.332, -1836232.45, -2113.89352, -264.256193, 0, 3.46947366e+17, 38.0435737, 31.0235857, 0, 0
16.1833333, 0, 0, 4.18509291e+17, 0, 4.39906528e-21, 3.718e+18, 6.44e+20, 4.85, 4, 972.131839, 13.17001, 0.252609133, 1406147.18, 1.04117344e+22, 2.28678556e+13, 4.88581143e+13, 432.528292, -970.089601, -974.192072, 4.18509291e+17, 6.2586183e+20, -1330864.44, -451257.535, 305.009764, 13.17001, 39.502526, 0.291751096, 0.252609133, 4.18509291e+17, 5.68273658, 426.874251, 0.809363264, 549.019908, -423.533349, -5.57690483, -516.997932, -53.2248478, -0.954545784, -182.159598, 0, 1.22855956e-08, 1.22855956e-08, 646921876, 646885601, 3093.93636, 0.27, 3.332, -39368.5347, -429.110254, -54.1793936, 0, 4.18427492e+17, 19.5362973, 18.0266795, 0, 0
16.234375, 0, 0, 4.92707257e+17, 0, 2.74821538e-21, 3.718e+18, 6.44e+20, 4.85, 4, 979.217011, 14.3092529, 0.219333391, 1258139.85, 7.79258488e+20, 7.23026529e+12, 1.74791188e+13, 379.630917, -977.203079, -981.252329, 4.92707257e+17, 3.89443891e+20, -1158252.48, -488782.163, 303.608855, 14.3092529, 35.8700705, 0.254985972, 0.219333391, 4.92707257e+17, 0.554445018, 379.105149, 0.809282303, 476.872139, -376.251437, -0.506695264, -414.467608, -46.4198483, -0.183972619, -186.34639, 0, 1.22055063e-08, 1.22055063e-08, 531143964, 530975033, 509.277796, 0.27, 3.332, -169440.255, -376.758132, -46.6038209, 0, 4.92618402e+17, 4.61934166, 3.95733264, 0, 0
16.2927083, 0, 0, 5.91317793e+17, 0, 1.99123155e-21, 3.718e+18, 6.44e+20, 4.85, 4, 984.972092, 17.5197326, 0.189714633, 1016468.48, 2.2933487e+18, 3.17696668e+12, 6.97412471e+11, 68.7184988, -982.978397, -986.925402, 5.91317793e+17, 2.33837558e+19, -899241.103, -471499.42, 302.528324, 17.5197326, 33.7056053, 0.221161883, 0.189714633, 5.91317793e+17, 0.365239065, 68.3535374, 0.809280123, 161.263124, -67.78593, -0.359291919, -43.4601539, -8.78638645, -0.0653466352, -154.790981, 0, 1.21438767e-08, 1.21438767e-08, 70462795, 70629608, 349.561221, 0.27, 3.332, 166462.968, -68.145222, -8.8517331, 0, 5.91293711e+17, 2.04944174, 2.13440452, 0, 0
16.34375, 0, 0, 6.93663652e+17, 0, 1.55791098e-21, 3.718e+18, 6.44e+20, 4.85, 4, 989.980439, 20.2942649, 0.16379822, 811684.6, 1.3150859e+16, 1.04032857e+12, 8.61962963e+10, 64.1824113, -988.014648, -991.880595, 6.93663652e+17, 2.85296233e+18, -675016.736, -448610.105, 301.7797, 20.2942649, 31.8116982, 0.191565806, 0.16379822, 6.93663652e+17, 0.00242769741, 64.1800543, 0.809208749, 174.426194, -63.6552105, -0.0023389387, 26.8240885, -8.19043627, -0.000320018355, -157.899821, 0, 1.21012144e-08, 1.21012144e-08, 62080229.8, 62227617.8, -78.7301324, 0.27, 3.332, 147466.337, -63.6575495, -8.19075631, 0, 6.93636318e+17, 0.0293855762, 0.0247889268, 0, 0
16.4020833, 0, 0, 8.2662519e+17, 0, 1.34785428e-21, 3.718e+18, 6.44e+20, 4.85, 4, 992.597613, 24.632466, 0.141620053, 565635.986, 7531152.96, 5.9387089e+12, 1.35052059e+09, 49.4121501, -990.586058, -994.390971, 8.2662519e+17, 1.83995367e+18, -446053.803, -347577.686, 301.309299, 25.9295257, 29.9798478, 0.165667343, 0.141620053, 8.2662519e+17, 0.00215691628, 49.4100022, 0.809110748, 130.524956, -49.0970435, -0.00215340434, 85.5724436, 5.43798634, -0.00012278879, -96.6848166, 0, 1.20744385e-08, 1.20744385e-08, 8223727.05, 8491462.64, 4136.35478, 0.27, 3.332, 263599.219, -49.0991969, 5.43786353, 0, 8.2576596e+17, 0.0151515244, 0.00973931051, 0, 0
16.453125, 0, 0, 9.63714452e+17, 0, 1.21928718e-21, 3.718e+18, 6.44e+20, 4.85, 4, 995.071091, 28.3769787, 0.122214156, 353667.839, 0, 2.27070754e+12, 41114760.4, 49.0559251, -993.083931, -996.774529, 9.63714452e+17, 8.64102426e+15, -262689.371, -236328.99, 300.993259, 30.7419767, 28.3769787, 0.143006188, 0.122214156, 9.63714452e+17, 4.89901421e-07, 49.0559246, 0.809029453, 147.973957, -48.7468241, -4.73442702e-07, 132.667519, 5.49012396, -5.62054134e-08, -61.0608766, 0, 1.20564568e-08, 1.20564568e-08, 7745991.1, 8011349.92, 4157.32883, 0.27, 3.332, 261201.47, -48.7468246, 5.49012389, 0, 9.62712839e+17, 4.81956134e-10, 2.22712137e-09, 0, 0
16.5114583, 0, 0, 1.13810651e+18, 0, 1.1692275e-21, 3.718e+18, 6.44e+20, 4.85, 4, 995.65558, 26.1131188, 0.105984132, 220728.464, 0, 8.33114951e+13, 5390.95406, 17965.2619, -993.5745, -997.009594, 1.13810651e+18, 8.22032475e+15, -161511.307, -150049.09, 300.859788, 28.3102329, 26.1131188, 0.123802093, 0.105984132, 1.13810651e+18, 4.48009775e-07, 17965.2619, 0.803817911, 17977.1998, -17688.7426, -4.47398589e-07, -17509.0274, 3139.8996, -2.33936139e-08, 3103.22882, 0, 1.20488654e-08, 1.20488654e-08, 1.07521333e+09, 1.07963878e+09, -109545.542, 0.27, 3.332, 4534997.28, -17688.7426, 3139.8996, 0, 6.66156393e+17, 3.05557616e-10, 8.80577096e-11, 0, 0
16.5625, 0, 0, 1.31640078e+18, 0, 1.13973427e-21, 3.718e+18, 6.44e+20, 4.85, 4, 996.425881, 24.1322413, 0.0917828616, 105480.435, 0, 6.56970061e+16, 0.000410975245, 18455.2834, -994.171788, -997.461161, 1.31640078e+18, 32990.0566, -89888.3126, -52653.2936, 300.777104, 26.2617213, 24.1322413, 0.106998509, 0.0917828616, 1.31640078e+18, 3.49922392e-19, 18455.2834, 0.803573241, 18274.8188, -18171.7119, -4.11113457e-19, -17989.692, 3222.74383, -2.48459414e-20, 3214.62423, 0, 1.20441637e-08, 1.20441637e-08, 1.11512324e+09, 1.11874913e+09, -113290.972, 0.27, 3.332, 3739188.36, -18171.7119, 3222.74383, 0, 7.49630467e+17, -4.24531e-23, -1.22344283e-23, 0, 0
16.6208333, 0, 0, 1.53866542e+18, 0, 1.12794806e-21, 3.718e+18, 6.44e+20, 4.85, 4, 996.771408, 22.4128447, 0.0800339993, 77367.0697, 0, 8.04938441e+16, 0.000358785136, 39661.0533, -994.511851, -997.55959, 1.53866542e+18, 29798.7503, -74168.6207, -20918.209, 300.744144, 24.2687364, 22.4128447, 0.0930090659, 0.0800339993, 1.53866542e+18, 3.66709963e-19, 39661.0533, 0.795115709, 39491.9016, -39602.2082, -3.66307357e-19, -39431.8684, 2096.50304, -1.71789783e-20, 2090.54883, 0, 1.20422895e-08, 1.20422895e-08, 2.29813194e+09, 2.31290245e+09, -37171.846, 0.27, 3.332, 14807680, -39602.2082, 2096.50304, 0, 7.59559919e+17, 0, 0, 0, 0
16.671875, 0, 0, 1.76372451e+18, 0, 1.12273301e-21, 3.718e+18, 6.44e+20, 4.85, 4, 997.103848, 20.9083726, 0.0697537448, 59861.446, 0, 2.94169174e+17, 2.34853747e-12, 45675.225, -994.81051, -997.65849, 1.76372451e+18, 0.000195116491, -59105.8861, -9460.30012, 300.729048, 22.5197931, 20.9083726, 0.0807683032, 0.0697537448, 1.76372451e+18, 8.99813422e-28, 45675.225, 0.793350564, 45515.5342, -45555.4441, -8.9937694e-28, -45395.3625, 2951.64019, -2.80231186e-29, 2944.88289, 0, 1.20414312e-08, 1.20414312e-08, 2.73126678e+09, 2.74692201e+09, -53353.9055, 0.27, 3.332, 15708588.5, -45555.4441, 2951.64019, 0, 6.48975536e+17, 0, 0, 0, 0
16.7302083, 0, 0, 2.03868856e+18, 0, 1.11442429e-21, 3.718e+18, 6.44e+20, 4.85, 4, 997.431933, 19.6315181, 0.061270903, 57170.7654, 0, 3.23853982e+17, 1.59188045e-12, 49405.2099, -995.135979, -997.960455, 2.03868856e+18, 0.000132254388, -56809.1773, -5938.64378, 300.705435, 21.0229597, 19.6315181, 0.0706524511, 0.061270903, 2.03868856e+18, 5.61838096e-28, 49405.2099, 0.788655447, 49249.1514, -49329.4728, -5.61576573e-28, -49172.9322, 1753.31973, -1.7026254e-29, 1749.14305, 0, 1.20400885e-08, 1.20400885e-08, 2.80303368e+09, 2.81695048e+09, -44609.6741, 0.27, 3.332, 13961404.9, -49329.4728, 1753.31973, 0, 6.96271773e+17, 0, 0, 0, 0
16.78125, 0, 0, 2.31422725e+18, 0, 1.11041314e-21, 3.718e+18, 6.44e+20, 4.85, 4, 997.72325, 18.5142705, 0.0538484164, 54442.6278, 0, 4.35124195e+17, 2.96604373e-13, 58133.124, -995.419459, -998.225401, 2.31422725e+18, 2.46530903e-05, -54283.2305, -4093.31051, 300.693722, 19.7109692, 18.5142705, 0.0618010806, 0.0538484164, 2.31422725e+18, 7.87432631e-29, 58133.124, 0.786116157, 57980.8841, -58114.7523, -7.8728347e-29, -57962.4965, 1384.1225, -1.52584129e-30, 1382.01243, 0, 1.20394226e-08, 1.20394226e-08, 3.37997055e+09, 3.41006072e+09, -68655.8344, 0.27, 3.332, 30158831, -58114.7523, 1384.1225, 0, 6.63712589e+17, 0, 0, 0, 0
16.8395833, 0, 0, 2.6439828e+18, 0, 1.09755917e-21, 3.718e+18, 6.44e+20, 4.85, 4, 998.028814, 17.5727206, 0.0477077264, 52088.0829, 0, 4.70620562e+17, 1.77657329e-13, 57291.1119, -995.722868, -998.500067, 2.6439828e+18, 1.47659728e-05, -51961.027, -3416.55332, 300.656552, 18.6025386, 17.5727206, 0.0544893147, 0.0477077264, 2.6439828e+18, 4.18956268e-29, 57291.1119, 0.784243417, 57143.7714, -57279.6097, -4.18864489e-29, -57132.2401, 840.716812, -8.75495028e-31, 839.733267, 0, 1.20373093e-08, 1.20373093e-08, 3.15620425e+09, 3.18539288e+09, -70304.5964, 0.27, 3.332, 29258938.3, -57279.6097, 840.716812, 0, 7.11194663e+17, 0, 0, 0, 0
16.890625, 0, 0, 2.97084279e+18, 0, 1.08878042e-21, 3.718e+18, 6.44e+20, 4.85, 4, 998.298078, 16.7488645, 0.0423346226, 49877.2814, 0, 5.53964658e+17, 2.88624445e-14, 62229.766, -995.987738, -998.740545, 2.97084279e+18, 2.40058386e-06, -49809.6151, -2553.827, 300.6306, 17.6313116, 16.7488645, 0.0480915195, 0.0423346226, 2.97084279e+18, 5.4939738e-30, 62229.766, 0.782772869, 62087.8445, -62226.9336, -5.49309261e-30, -62084.9956, 552.63987, -9.81178679e-32, 553.050522, 0, 1.2035834e-08, 1.2035834e-08, 3.38666718e+09, 3.41564918e+09, -105736.949, 0.27, 3.332, 29087741.9, -62226.9336, 552.63987, 0, 7.10383403e+17, 0, 0, 0, 0
16.9489583, 0, 0, 3.35361868e+18, 0, 1.07368045e-21, 3.718e+18, 6.44e+20, 4.85, 4, 998.57638, 16.0544444, 0.0378650747, 48628.6895, 0, 5.92928889e+17, 1.60146134e-14, 60339.2255, -996.264155, -998.984066, 3.35361868e+18, 1.33192009e-06, -48563.1379, -2477.25894, 300.585902, 16.8138355, 16.0544444, 0.0427864006, 0.0378650747, 3.35361868e+18, 2.67496179e-30, 60339.2255, 0.782264757, 60203.3727, -60337.2683, -2.67446477e-30, -60201.399, 263.000132, -5.156068e-32, 263.886062, 0, 1.20332929e-08, 1.20332929e-08, 3.09959619e+09, 3.12675137e+09, -104991.435, 0.27, 3.332, 27260172, -60337.2683, 263.000132, 0, 7.56773665e+17, 0, 0, 0, 0
17, 0, 0, 3.72879441e+18, 0, 1.06247792e-21, 3.718e+18, 6.44e+20, 4.85, 4, 998.820958, 15.4468269, 0.0339542203, 47889.4123, 0, 6.62146392e+17, 2.18512898e-15, 62641.6256, -996.505717, -999.19721, 3.72879441e+18, 1.8188983e-07, -47843.232, -2099.15151, 300.552133, 16.0976534, 15.4468269, 0.0381444215, 0.0339542203, 3.72879441e+18, 2.78060165e-31, 62641.6256, 0.78153544, 62512.6021, -62641.3909, -2.78007909e-31, -62512.361, 84.1534791, -5.38434685e-33, 85.6462794, 0, 1.20313733e-08, 1.20313733e-08, 3.10909358e+09, 3.133247e+09, -122985.077, 0.27, 3.332, 24276411.3, -62641.3909, 84.1534791, 0, 7.70587405e+17, 0, 0, 0, 0
17, 0, 0, 3.72879441e+18, 0, 1.06247792e-21, 3.718e+18, 6.44e+20, 4.85, 4, 998.820958, 15.4468269, 0.0339542203, 43135.9235, 0, 6.62146392e+17, 2.18512898e-15, 62641.6256, -996.505717, -999.19721, 3.72879441e+18, 1.8188983e-07, -43112.2778, -1360.70301, 300.552133, 16.0976534, 15.4468269, 0.0381444215, 0.0339542203, 3.72879441e+18, 2.78060165e-31, 62641.6256, 0.78153544, 62512.6021, -62641.3909, -2.78007909e-31, -62512.361, 84.1534791, -5.38434685e-33, 85.6462794, 0, 1.20313733e-08, 1.20313733e-08, 3.10909358e+09, 3.133247e+09, -122985.077, 0.27, 3.332, 24276411.3, -62641.3909, 84.1534791, 0, 7.70587405e+17, 0, 0, 0, 0
17.0666667, 0, 0, 4.21896004e+18, 0, 1.0476502e-21, 3.718e+18, 6.44e+20, 4.85, 4, 999.108168, 14.8710143, 0.03028897, 41845.1424, 0, 7.07985428e+17, 1.14314132e-15, 60560.4118, -996.791058, -999.444042, 4.21896004e+18, 9.51494827e-08, -41820.2673, -1397.4807, 300.507101, 15.4629011, 14.8710143, 0.0340770224, 0.03028897, 4.21896004e+18, 1.28200431e-31, 60560.4118, 0.781744746, 60437.4241, -60559.8941, -1.28174173e-31, -60436.901, -45.9833177, -2.5923789e-33, -44.3092684, 0, 1.20288136e-08, 1.20288136e-08, 2.84018736e+09, 2.86242124e+09, -122324.655, 0.27, 3.332, 22356208.3, -60559.8941, -45.9833177, 0, 8.21885517e+17, 0, 0, 0, 0
17.125, 0, 0, 4.70043188e+18, 0, 1.03630559e-21, 3.718e+18, 6.44e+20, 4.85, 4, 999.360188, 14.3671783, 0.0270818759, 40321.1268, 0, 7.7434944e+17, 1.11867785e-16, 61228.4023, -997.040601, -999.660088, 4.70043188e+18, 9.3203628e-09, -40305.0326, -1132.00759, 300.472127, 14.9068558, 14.3671783, 0.0305180481, 0.0270818759, 4.70043188e+18, 1.09161939e-32, 61228.4023, 0.781472434, 61112.2626, -61228.1115, -1.09146137e-32, -61111.972, -134.569579, -1.85627942e-34, -132.597951, 0, 1.20268257e-08, 1.20268257e-08, 2.7436005e+09, 2.76288285e+09, -134335.329, 0.27, 3.332, 19416693.7, -61228.1115, -134.569579, 0, 8.48612363e+17, 0, 0, 0, 0
17.1916667, 0, 0, 5.23278599e+18, 0, 1.02311652e-21, 3.718e+18, 6.44e+20, 4.85, 4, 999.614888, 13.9575479, 0.0244949864, 37915.0284, 0, 8.19701304e+17, 5.66184511e-17, 59115.7913, -997.293698, -999.8716, 5.23278599e+18, 4.7169974e-09, -37902.0843, -964.810736, 300.431074, 14.4144013, 13.9575479, 0.0273919781, 0.0244949864, 5.23278599e+18, 4.84146541e-33, 59115.7913, 0.782029218, 59005.6279, -59115.2699, -4.840717e-33, -59005.1071, -179.715486, -8.50932195e-35, -177.733757, 0, 1.20244924e-08, 1.20244924e-08, 2.49534821e+09, 2.51278241e+09, -132157.857, 0.27, 3.332, 17566358.4, -59115.2699, -179.715486, 0, 8.97049054e+17, 0, 0, 0, 0
17.25, 0, 0, 5.74782825e+18, 0, 1.01287102e-21, 3.718e+18, 6.44e+20, 4.85, 4, 999.838177, 13.5991213, 0.022231458, 35860.0266, 0, 8.76872164e+17, 4.72921023e-18, 58986.8123, -997.515103, -1000.05674, 5.74782825e+18, 3.94377563e-10, -35851.8509, -763.020043, 300.398785, 13.9830364, 13.5991213, 0.0246566669, 0.022231458, 5.74782825e+18, 3.29875103e-34, 58986.8123, 0.781989854, 58883.4516, -58986.2748, -3.29834629e-34, -58882.9175, -223.22907, -5.16450364e-36, -221.296975, 0, 1.20226574e-08, 1.20226574e-08, 2.35741454e+09, 2.37242405e+09, -127265.252, 0.27, 3.332, 15136775.6, -58986.2748, -223.22907, 0, 9.28004406e+17, 0, 0, 0, 0
17.3166667, 0, 0, 6.29499965e+18, 0, 1.00276159e-21, 3.718e+18, 6.44e+20, 4.85, 4, 1000.06544, 13.3072566, 0.0203997781, 33905.6641, 0, 9.19515011e+17, 2.34496808e-18, 57218.6146, -997.741024, -1000.23842, 6.29499965e+18, 1.95544677e-10, -33899.3592, -637.289225, 300.366652, 13.6324768, 13.3072566, 0.0224473822, 0.0203997781, 6.29499965e+18, 1.43325331e-34, 57218.6146, 0.782609277, 57120.1333, -57218.1699, -1.43306693e-34, -57119.6916, -200.721531, -2.30844973e-36, -198.868275, 0, 1.20208312e-08, 1.20208312e-08, 2.16765578e+09, 2.18106439e+09, -124954.626, 0.27, 3.332, 13533571.6, -57218.1699, -200.721531, 0, 9.72354778e+17, 0, 0, 0, 0
17.375, 0, 0, 6.81633846e+18, 0, 9.94846455e-22, 3.718e+18, 6.44e+20, 4.85, 4, 1000.26458, 13.0518749, 0.0187970582, 32263.0023, 0, 9.68543949e+17, 1.6965865e-19, 56748.8621, -997.938698, -1000.39747, 6.81633846e+18, 1.41600021e-11, -32259.093, -501.141614, 300.341233, 13.3254082, 13.0518749, 0.0205142581, 0.0187970582, 6.81633846e+18, 8.77149184e-36, 56748.8621, 0.782676167, 56655.9435, -56748.4052, -8.77079218e-36, -56655.4898, -208.523744, -1.10569384e-37, -206.88484, 0, 1.20193867e-08, 1.20193867e-08, 2.04121909e+09, 2.05274073e+09, -111800.366, 0.27, 3.332, 11633437.6, -56748.4052, -208.523744, 0, 1.00380905e+18, 0, 0, 0, 0
17.4416667, 0, 0, 7.34345162e+18, 0, 9.88070249e-22, 3.718e+18, 6.44e+20, 4.85, 4, 1000.47055, 12.8451908, 0.0175068364, 30836.3673, 0, 1.0065233e+18, 8.30489911e-20, 55556.4848, -998.143564, -1000.55584, 7.34345162e+18, 6.93127481e-12, -30833.7002, -386.620585, 300.319359, 13.0762587, 12.8451908, 0.0189533073, 0.0175068364, 7.34345162e+18, 3.7649462e-36, 55556.4848, 0.783131829, 55467.13, -55556.3309, -3.7646102e-36, -55466.9785, -127.757606, -5.00290691e-38, -126.258612, 0, 1.20181436e-08, 1.20181436e-08, 1.91364041e+09, 1.92380134e+09, -109869.215, 0.27, 3.332, 10270805, -55556.3309, -127.757606, 0, 1.04266598e+18, 0, 0, 0, 0
17.5, 0, 0, 7.83800783e+18, 0, 9.82748965e-22, 3.718e+18, 6.44e+20, 4.85, 4, 1000.65097, 12.6643422, 0.0163778924, 29669.6046, 0, 1.04773336e+18, 5.30458167e-21, 55166.9157, -998.322845, -1000.69449, 7.83800783e+18, 4.43048112e-13, -29668.2643, -280.914306, 300.302028, 12.8580343, 12.6643422, 0.0175874753, 0.0163778924, 7.83800783e+18, 2.12904004e-37, 55166.9157, 0.783190345, 55081.6234, -55166.786, -2.12898267e-37, -55081.4949, -108.261173, -1.5263006e-39, -107.066688, 0, 1.20171589e-08, 1.20171589e-08, 1.82219286e+09, 1.83090026e+09, -92533.183, 0.27, 3.332, 8799939.68, -55166.786, -108.261173, 0, 1.07165693e+18, 0, 0, 0, 0
17.5666667, 0, 0, 8.30589435e+18, 0, 9.79851158e-22, 3.718e+18, 6.44e+20, 4.85, 4, 1000.84266, 12.5209324, 0.0154883222, 28901.5043, 0, 1.07934987e+18, 2.57552429e-21, 54950.0034, -998.513691, -1000.83696, 8.30589435e+18, 2.15111133e-13, -28900.758, -128.517199, 300.29259, 12.6830608, 12.5209324, 0.0164975794, 0.0154883222, 8.30589435e+18, 9.07526974e-38, 54950.0034, 0.783211309, 54866.628, -54949.8829, -9.07490487e-38, -54866.5083, 67.4411108, -7.78285916e-40, 68.3974439, 0, 1.20166225e-08, 1.20166225e-08, 1.76835443e+09, 1.7759067e+09, -91412.7907, 0.27, 3.332, 7643687.9, -54949.8829, 67.4411108, 0, 1.10364542e+18, 0, 0, 0, 0
17.625, 0, 0, 8.73815056e+18, 0, 9.77606359e-22, 3.718e+18, 6.44e+20, 4.85, 4, 1001.01058, 12.3954489, 0.0147099483, 28346.1741, 0, 1.11266256e+18, 1.48605898e-22, 55070.9452, -998.680742, -1000.96173, 8.73815056e+18, 1.24186439e-14, -28346.141, -12.2531155, 300.28522, 12.5298304, 12.3954489, 0.0155439204, 0.0147099483, 8.73815056e+18, 4.90722355e-39, 55070.9452, 0.783146159, 54989.7391, -55070.7999, -4.90717223e-39, -54989.5927, 124.094315, 1.44734263e-41, 124.656811, 0, 1.20162037e-08, 1.20162037e-08, 1.73254276e+09, 1.7389945e+09, -70978.4887, 0.27, 3.332, 6522724.31, -55070.7999, 124.094315, 0, 1.12783038e+18, 0, 0, 0, 0
17.6916667, 0, 0, 9.10784232e+18, 0, 9.81558573e-22, 3.718e+18, 6.44e+20, 4.85, 4, 1001.19748, 12.3003334, 0.0141296699, 28704.6403, 0, 1.13656663e+18, 7.17781361e-23, 57046.8995, -998.867035, -1001.09807, 9.10784232e+18, 5.99837856e-15, -28698.2769, 416.718606, 300.29808, 12.4105891, 12.3003334, 0.0148089961, 0.0141296699, 9.10784232e+18, 2.08512679e-39, 57046.8995, 0.782024792, 56964.7713, -57042.2713, -2.08508459e-39, -56960.1469, 603.422966, -1.60630099e-43, 603.416142, 0, 1.20169345e-08, 1.20169345e-08, 1.81556613e+09, 1.82103894e+09, -71319.5566, 0.27, 3.332, 5544128.5, -57042.2713, 603.422966, 0, 1.1517733e+18, 0, 0, 0, 0
17.75, 0, 0, 9.44413063e+18, 0, 9.84888571e-22, 3.718e+18, 6.44e+20, 4.85, 4, 1001.3613, 12.2171074, 0.0136219263, 29293.632, 0, 1.16229906e+18, 3.83553176e-24, 58677.2863, -999.030216, -1001.21761, 9.44413063e+18, 3.20611642e-16, -29283.8348, 752.110587, 300.309, 12.3062157, 12.2171074, 0.0141659373, 0.0136219263, 9.44413063e+18, 1.12842315e-40, 58677.2863, 0.781571038, 58593.9654, -58671.7928, -1.12795113e-40, -58588.4755, 772.509893, 3.10365692e-42, 771.843486, 0, 1.2017555e-08, 1.2017555e-08, 1.90092068e+09, 1.90591506e+09, -42183.271, 0.27, 3.332, 5036556.02, -58671.7928, 772.509893, 0, 1.16889686e+18, 0, 0, 0, 0
17.8166667, 0, 0, 9.68195779e+18, 0, 1.00764317e-21, 3.718e+18, 6.44e+20, 4.85, 4, 1001.5625, 12.1586129, 0.0132942534, 33284.9006, 0, 1.17776354e+18, 1.84624868e-24, 68684.6627, -999.23105, -1001.36693, 9.68195779e+18, 1.54331407e-16, -32864.7618, 4317.3705, 300.381257, 12.2294109, 12.1586129, 0.0137119617, 0.0132942534, 9.68195779e+18, 4.79824264e-41, 68684.6627, 0.775102197, 68591.4467, -68578.6941, -4.7953575e-41, -68485.5933, 3273.00007, 1.04937911e-42, 3269.57812, 0, 1.20216614e-08, 1.20216614e-08, 2.57751689e+09, 2.58206835e+09, -42032.1258, 0.27, 3.332, 4593489.23, -68578.6941, 3273.00007, 0, 1.18397884e+18, 0, 0, 0, 0
17.875, 0, 0, 9.89496437e+18, 0, 1.02741636e-21, 3.718e+18, 6.44e+20, 4.85, 4, 1001.73986, 12.1074302, 0.0130075396, 39993.9317, 0, 1.20135536e+18, 9.3529453e-26, 78587.6732, -999.407861, -1001.49882, 9.89496437e+18, 7.8155489e-18, -38139.328, 11551.7991, 300.444541, 12.1622064, 12.1074302, 0.013314733, 0.0130075396, 9.89496437e+18, 2.78622375e-42, 78587.6732, 0.772444489, 78479.4203, -78458.5788, -2.75761371e-42, -78350.4976, 4340.08201, 3.90247664e-43, 4334.13077, 0, 1.20252578e-08, 1.20252578e-08, 3.49209019e+09, 3.54320377e+09, 53561.4382, 0.27, 3.332, 51060017.3, -78458.5788, 4340.08201, 0, 1.18770168e+18, 0, 0, 0, 0
17.9416667, 0, 0, 9.97735004e+18, 0, 1.05368739e-21, 3.718e+18, 6.44e+20, 4.85, 4, 1002.02536, 12.084485, 0.0129015835, 41002.5278, 0, 1.21055426e+18, 4.4383164e-26, 88363.3422, -999.693151, -1001.72577, 9.97735004e+18, 3.70918228e-18, -32068.7264, 23389.5213, 300.524411, 12.1214694, 12.084485, 0.0130979185, 0.0129015835, 9.97735004e+18, 1.16465499e-42, 88363.3422, 0.681404091, 88248.2951, -61985.4507, -1.1501204e-42, -61895.2697, 47975.4889, 1.43458186e-43, 47926.6037, 0, 1.20297978e-08, 1.20297978e-08, 4.51336952e+09, 4.86316695e+09, 6788.4476, 0.27, 3.332, 349790646, -61985.4507, 47975.4889, 0, 1.1897842e+18, 0, 0, 0, 0
18, 0, 0, 1.005e+19, 0, 1.07614305e-21, 3.718e+18, 6.44e+20, 4.85, 4, 1002.31321, 12.064408, 0.0128088719, 40331.6354, 0, 1.80712325e+18, 7.60510789e-28, 95286.7754, -999.968791, -1001.02549, 1.005e+19, 6.35072128e-20, -21124.2976, 33940.9827, 300.593241, 12.0858545, 12.064408, 0.0129082058, 0.0128088719, 1.005e+19, 4.31716538e-44, 95286.7754, 0.615328763, 95191.4285, -49349.9004, -3.30015096e-44, -49282.8427, 81511.6021, 2.28148778e-44, 81440.7658, 0, 1.20337101e-08, 1.20337101e-08, 5.48091387e+09, 5.78139407e+09, -64348.2581, 0.27, 3.332, 300544541, -49349.9004, 81511.6021, 0, 7.7601919e+17, 0, 0, 0, 0
18.0666667, 0, 0, 1.005e+19, 0, 1.00015779e-21, 3.718e+18, 6.44e+20, 4.85, 4, 1002.33236, 12.072622, 0.0128088719, 32422.491, 0, 1.80968193e+18, 1.59689911e-29, 62020.3765, -999.987844, -1000.99366, 1.005e+19, 1.33638845e-21, -8933.19451, 30656.7408, 300.351446, 12.0831125, 12.0816338, 0.0128552277, 0.0128088719, 1.005e+19, 2.65307856e-45, 62020.3765, 0.491612953, 61960.2617, -23433.1877, 7.10525039e-46, -23394.0313, 55977.077, -1.7714451e-45, 55932.4591, 0, 1.20199688e-08, 1.20199688e-08, 3.08304726e+09, 3.21003953e+09, -51660.943, 0.27, 3.332, 127043934, -23433.1877, 55977.077, 0, 7.72752113e+17, 0, 0, 0, 0
18.125, 0, 0, 1.005e+19, 0, 9.36196123e-22, 3.718e+18, 6.44e+20, 4.85, 4, 1002.33236, 12.0805073, 0.0128088719, 23912.5567, 0, 1.80783168e+18, 1.59689911e-29, 36046.099, -999.987844, -1000.99366, 1.005e+19, 1.33638845e-21, -932.144545, 23885.8027, 300.146613, 12.0805073, 12.0967064, 0.0128088719, 0.0128088719, 1.005e+19, 8.32474465e-46, 36046.099, 0.401261005, 36015.3357, -2292.64647, 7.1052496e-46, -2289.86179, 35923.06, 4.91589951e-47, 35892.4796, 0, 1.20083285e-08, 1.20083285e-08, 544783411, 671775684, -51660.943, 0.27, 3.332, 127043934, -2292.64647, 35923.06, 0, 7.71588683e+17, 0, 0, 0, 0
18.1916667, 0, 0, 1.005e+19, 0, 9.20226825e-22, 3.718e+18, 6.44e+20, 4.85, 4, 1002.33759, 12.0912681, 0.0128088719, 19748.1191, 0, 1.80943611e+18, 3.37963344e-31, 27307.5441, -999.993035, -1000.94627, 1.005e+19, 2.8297253e-23, -407.625518, 19742.6181, 300.091241, 12.0912681, 12.1005585, 0.0128088719, 0.0128088719, 1.005e+19, 1.32999641e-46, 27307.5441, 0.340367702, 27285.3929, -732.75089, 2.76546092e-47, -731.900682, 27286.548, -1.05333832e-46, 27264.4264, 0, 1.20051829e-08, 1.20051829e-08, 337815495, 412509759, -31427.7706, 0.27, 3.332, 74725692.8, -732.75089, 27286.548, 0, 7.70415633e+17, 0, 0, 0, 0
18.25, 0, 0, 1.005e+19, 0, 9.0744878e-22, 3.718e+18, 6.44e+20, 4.85, 4, 1002.33759, 12.1002956, 0.0128088719, 17731.4241, 0, 1.8090343e+18, 3.37963344e-31, 21233.0725, -999.993035, -1000.94627, 1.005e+19, 2.8297253e-23, -344.055552, 17726.3968, 300.04681, 12.1002956, 12.1039291, 0.0128088719, 0.0128088719, 1.005e+19, 3.04889079e-47, 21233.0725, 0.297788289, 21215.5203, -727.258146, 2.76546092e-47, -726.407938, 21212.0778, -2.8230988e-48, 21194.5554, 0, 1.20026589e-08, 1.20026589e-08, 183740144, 258434409, -31427.7706, 0.27, 3.332, 74725692.8, -727.258146, 21212.0778, 0, 7.70163411e+17, 0, 0, 0, 0
18.3166667, 0, 0, 1.005e+19, 0, 9.0315962e-22, 3.718e+18, 6.44e+20, 4.85, 4, 1002.3401, 12.102856, 0.0128088719, 16023.6647, 0, 1.81007375e+18, 7.24529579e-33, 16867.3071, -999.995519, -1000.89595, 1.005e+19, 6.06727445e-25, -210.049291, 16021.7696, 300.031633, 12.102856, 12.1049776, 0.0128088719, 0.0128088719, 1.005e+19, 3.48694639e-48, 16867.3071, 0.260541367, 16853.9011, -371.984651, 6.51553264e-49, -371.564428, 16858.9231, -2.8721156e-48, 16845.5286, 0, 1.20017968e-08, 1.20017968e-08, 121940685, 170620428, -20647.444, 0.27, 3.332, 48700390.4, -371.984651, 16858.9231, 0, 7.69591389e+17, 0, 0, 0, 0
18.375, 0, 0, 1.005e+19, 0, 8.99775674e-22, 3.718e+18, 6.44e+20, 4.85, 4, 1002.3401, 12.1049037, 0.0128088719, 15020.1057, 0, 1.80996528e+18, 7.24529579e-33, 13844.1329, -999.995519, -1000.89595, 1.005e+19, 6.06727445e-25, -185.272601, 15018.3258, 300.019647, 12.1049037, 12.105895, 0.0128088719, 0.0128088719, 1.005e+19, 7.20570839e-49, 13844.1329, 0.234553677, 13832.8434, -370.844417, 6.51553264e-49, -370.424193, 13835.7491, -1.05740056e-49, 13824.4709, 0, 1.2001116e-08, 1.2001116e-08, 77103121.6, 125782865, -20647.444, 0.27, 3.332, 48700390.4, -370.844417, 13835.7491, 0, 7.69523382e+17, 0, 0, 0, 0
18.4416667, 0, 0, 1.005e+19, 0, 8.98202547e-22, 3.718e+18, 6.44e+20, 4.85, 4, 1002.34154, 12.1056581, 0.0128088719, 14063.5441, 0, 1.81064363e+18, 1.5778775e-34, 11275.2925, -999.996949, -1000.84469, 1.005e+19, 1.32140306e-26, -125.381649, 14062.7454, 300.014047, 12.1056581, 12.1062814, 0.0128088719, 0.0128088719, 1.005e+19, 8.2531608e-50, 11275.2925, 0.209855782, 11266.3945, -220.492559, 1.45500204e-50, -220.247474, 11270.9811, -6.92512252e-50, 11262.0888, 0, 1.20007979e-08, 1.20007979e-08, 53152070.8, 86545648.2, -14293.7598, 0.27, 3.332, 33407871.4, -220.492559, 11270.9811, 0, 7.69189241e+17, 0, 0, 0, 0
18.5, 0, 0, 1.005e+19, 0, 8.96964414e-22, 3.718e+18, 6.44e+20, 4.85, 4, 1002.34154, 12.1062535, 0.0128088719, 13474.4973, 0, 1.81060371e+18, 1.5778775e-34, 9498.57139, -999.996949, -1000.84469, 1.005e+19, 1.32140306e-26, -112.769564, 13473.7381, 300.009638, 12.1062535, 12.1066195, 0.0128088719, 0.0128088719, 1.005e+19, 1.61861583e-50, 9498.57139, 0.192609755, 9490.86418, -220.206584, 1.45500204e-50, -219.961499, 9494.26003, -2.90577553e-51, 9486.55852, 0, 1.20005474e-08, 1.20005474e-08, 36025290.8, 69418868.1, -14293.7598, 0.27, 3.332, 33407871.4, -220.206584, 9494.26003, 0, 7.69164234e+17, 0, 0, 0, 0
18.5666667, 0, 0, 1.005e+19, 0, 8.96270042e-22, 3.718e+18, 6.44e+20, 4.85, 4, 1002.34244, 12.1065468, 0.0128088719, 12880.347, 0, 1.81105622e+18, 3.47930915e-36, 7872.20858, -999.997843, -1000.79302, 1.005e+19, 2.91384582e-28, -80.2167823, 12879.9793, 300.00716, 12.1065468, 12.1067904, 0.0128088719, 0.0128088719, 1.005e+19, 1.90096935e-51, 7872.20858, 0.175488011, 7865.99687, -140.519848, 3.23459438e-52, -140.365338, 7869.7399, -1.61203123e-51, 7863.53139, 0, 1.20004067e-08, 1.20004067e-08, 25534926.5, 49255378.1, -10230.2492, 0.27, 3.332, 23730681.8, -140.519848, 7869.7399, 0, 7.68952803e+17, 0, 0, 0, 0
18.625, 0, 0, 1.005e+19, 0, 8.95723768e-22, 3.718e+18, 6.44e+20, 4.85, 4, 1002.34244, 12.1067778, 0.0128088719, 12507.4961, 0, 1.81103857e+18, 3.47930915e-36, 6747.79261, -999.997843, -1000.79302, 1.005e+19, 2.91384582e-28, -73.0151302, 12507.1441, 300.005211, 12.1067778, 12.1069399, 0.0128088719, 0.0128088719, 1.005e+19, 3.61643021e-52, 6747.79261, 0.163515963, 6742.31932, -140.421541, 3.23459438e-52, -140.267031, 6745.32393, -7.27049056e-53, 6739.85384, 0, 1.2000296e-08, 1.2000296e-08, 18095905.4, 41816356.9, -10230.2492, 0.27, 3.332, 23730681.8, -140.421541, 6745.32393, 0, 7.68941749e+17, 0, 0, 0, 0
18.6916667, 0, 0, 1.005e+19, 0, 8.95382372e-22, 3.718e+18, 6.44e+20, 4.85, 4, 1002.34303, 12.106912, 0.0128088719, 12117.7103, 0, 1.81134798e+18, 7.74559861e-38, 5669.48953, -999.998431, -1000.74117, 1.005e+19, 6.48686107e-30, -53.6129002, 12117.5316, 300.003991, 12.106912, 12.107024, 0.0128088719, 0.0128088719, 1.005e+19, 4.33965867e-53, 5669.48953, 0.151263189, 5664.99951, -93.6824622, 7.21639435e-54, -93.5802387, 5667.98481, -3.70448609e-53, 5663.49672, 0, 1.20002267e-08, 1.20002267e-08, 13118111.9, 30426828.8, -7511.26677, 0.27, 3.332, 17316228.2, -93.6824622, 5667.98481, 0, 7.68801513e+17, 0, 0, 0, 0
18.75, 0, 0, 1.005e+19, 0, 8.95113891e-22, 3.718e+18, 6.44e+20, 4.85, 4, 1002.34303, 12.1070177, 0.0128088719, 11870.3438, 0, 1.8113393e+18, 7.74559861e-38, 4924.1416, -999.998431, -1000.74117, 1.005e+19, 6.48686107e-30, -49.1948809, 11870.1719, 300.003032, 12.1070177, 12.1070976, 0.0128088719, 0.0128088719, 1.005e+19, 8.10012957e-54, 4924.1416, 0.142681678, 4920.13811, -93.6414036, 7.21639435e-54, -93.5391801, 4922.63689, -1.74840373e-54, 4918.63532, 0, 1.20001723e-08, 1.20001723e-08, 9606811.47, 26915528.4, -7511.26677, 0.27, 3.332, 17316228.2, -93.6414036, 4922.63689, 0, 7.68796076e+17, 0, 0, 0, 0
18.8166667, 0, 0, 1.005e+19, 0, 8.94932906e-22, 3.718e+18, 6.44e+20, 4.85, 4, 1002.34344, 12.1070855, 0.0128088719, 11605.141, 0, 1.81155527e+18, 1.73722934e-39, 4186.14921, -999.998831, -1000.68922, 1.005e+19, 1.45492367e-31, -37.0008467, 11605.0504, 300.002386, 12.1070855, 12.1071422, 0.0128088719, 0.0128088719, 1.005e+19, 9.88231229e-55, 4186.14921, 0.133685307, 4182.81453, -64.5296441, 1.61804545e-55, -64.4596313, 4185.1925, -8.47299571e-55, 4181.85904, 0, 1.20001355e-08, 1.20001355e-08, 7102969.02, 20024067.9, -5638.54576, 0.27, 3.332, 12926737.5, -64.5296441, 4185.1925, 0, 7.68700055e+17, 0, 0, 0, 0
18.875, 0, 0, 1.005e+19, 0, 8.9479063e-22, 3.718e+18, 6.44e+20, 4.85, 4, 1002.34344, 12.1071388, 0.0128088719, 11435.4749, 0, 1.81155067e+18, 1.73722934e-39, 3676.08195, -999.998831, -1000.68922, 1.005e+19, 1.45492367e-31, -34.1823799, 11435.3874, 300.001877, 12.1071388, 12.1071812, 0.0128088719, 0.0128088719, 1.005e+19, 1.82173368e-55, 3676.08195, 0.127372977, 3673.081, -64.5104987, 1.61804545e-55, -64.4404859, 3675.12524, -4.12417106e-56, 3672.1255, 0, 1.20001066e-08, 1.20001066e-08, 5342908.58, 18264007.5, -5638.54576, 0.27, 3.332, 12926737.5, -64.5104987, 3675.12524, 0, 7.68697173e+17, 0, 0, 0, 0
18.9416667, 0, 0, 1.005e+19, 0, 8.94688415e-22, 3.718e+18, 6.44e+20, 4.85, 4, 1002.34372, 12.1071755, 0.0128088719, 11249.8318, 0, 1.81170462e+18, 3.91974206e-41, 3156.92205, -999.999111, -1000.63723, 1.005e+19, 3.28278648e-33, -26.1757279, 11249.7844, 300.001512, 12.1071755, 12.1072064, 0.0128088719, 0.0128088719, 1.005e+19, 2.25075672e-56, 3156.92205, 0.120619302, 3154.38941, -45.5906732, 3.64563505e-57, -45.5414168, 3156.29451, -1.93565061e-56, 3153.76266, 0, 1.20000859e-08, 1.20000859e-08, 4019247.76, 13854176.3, -4315.69688, 0.27, 3.332, 9839244.27, -45.5906732, 3156.29451, 0, 7.68629603e+17, 0, 0, 0, 0
19, 0, 0, 1.005e+19, 0, 8.94608099e-22, 3.718e+18, 6.44e+20, 4.85, 4, 1002.34372, 12.1072044, 0.0128088719, 11130.3076, 0, 1.81170202e+18, 3.91974206e-41, 2798.14267, -999.999111, -1000.63723, 1.005e+19, 3.28278648e-33, -24.2916252, 11130.2617, 300.001225, 12.1072044, 12.1072284, 0.0128088719, 0.0128088719, 1.005e+19, 4.11431105e-57, 2798.14267, 0.115871184, 2795.84652, -45.581043, 3.64563505e-57, -45.5317865, 2797.51513, -9.63249998e-58, 2795.21977, 0, 1.20000696e-08, 1.20000696e-08, 3091066.28, 12925994.8, -4315.69688, 0.27, 3.332, 9839244.27, -45.581043, 2797.51513, 0, 7.68627976e+17, 0, 0, 0, 0
19.0666667, 0, 0, 1.005e+19, 0, 8.94547387e-22, 3.718e+18, 6.44e+20, 4.85, 4, 1002.34392, 12.1072256, 0.0128088719, 10997.6606, 0, 1.81181335e+18, 8.8876288e-43, 2426.13374, -999.999312, -1000.58523, 1.005e+19, 7.4434176e-35, -18.8510351, 10997.6352, 300.001008, 12.1072256, 12.1072434, 0.0128088719, 0.0128088719, 1.005e+19, 5.13320166e-58, 2426.13374, 0.110697959, 2424.17206, -32.7990985, 8.25079915e-59, -32.7637662, 2425.71468, -4.42413367e-58, 2423.75352, 0, 1.20000572e-08, 1.20000572e-08, 2364263.46, 9987918.02, -3364.91347, 0.27, 3.332, 7627019.47, -32.7990985, 2425.71468, 0, 7.68579545e+17, 0, 0, 0, 0
19.125, 0, 0, 1.005e+19, 0, 8.94499704e-22, 3.718e+18, 6.44e+20, 4.85, 4, 1002.34392, 12.1072422, 0.0128088719, 10911.8761, 0, 1.8118118e+18, 8.8876288e-43, 2169.06062, -999.999312, -1000.58523, 1.005e+19, 7.4434176e-35, -17.5583803, 10911.8515, 300.000838, 12.1072422, 12.1072565, 0.0128088719, 0.0128088719, 1.005e+19, 9.32879502e-59, 2169.06062, 0.107053342, 2167.2701, -32.7939305, 8.25079915e-59, -32.7585982, 2168.64156, -2.23811513e-59, 2166.85156, 0, 1.20000476e-08, 1.20000476e-08, 1855477.1, 9479131.67, -3364.91347, 0.27, 3.332, 7627019.47, -32.7939305, 2168.64156, 0, 7.68578579e+17, 0, 0, 0, 0
19.1916667, 0, 0, 1.005e+19, 0, 8.94462036e-22, 3.718e+18, 6.44e+20, 4.85, 4, 1002.34407, 12.1072549, 0.0128088719, 10815.705, 0, 1.81189332e+18, 2.02343321e-44, 1898.41161, -999.999458, -1000.53323, 1.005e+19, 1.69463524e-36, -13.714042, 10815.6912, 300.000703, 12.1072549, 12.1072658, 0.0128088719, 0.0128088719, 1.005e+19, 1.17284385e-59, 1898.41161, 0.10301206, 1896.86388, -23.8517037, 1.87469883e-60, -23.8260548, 1898.1307, -1.01243568e-59, 1896.58332, 0, 1.20000399e-08, 1.20000399e-08, 1442753.81, 7457806.71, -2671.55684, 0.27, 3.332, 6017724.48, -23.8517037, 1898.1307, 0, 7.68543338e+17, 0, 0, 0, 0
19.25, 0, 0, 1.005e+19, 0, 8.94432466e-22, 3.718e+18, 6.44e+20, 4.85, 4, 1002.34407, 12.107265, 0.0128088719, 10753.3541, 0, 1.81189236e+18, 2.02343321e-44, 1711.40097, -999.999458, -1000.53323, 1.005e+19, 1.69463524e-36, -12.7843641, 10753.3407, 300.000597, 12.107265, 12.1072739, 0.0128088719, 0.0128088719, 1.005e+19, 2.12274484e-60, 1711.40097, 0.100158775, 1709.97912, -23.8487709, 1.87469883e-60, -23.823122, 1711.12005, -5.18663141e-61, 1709.69856, 0, 1.20000339e-08, 1.20000339e-08, 1154205.39, 7169258.29, -2671.55684, 0.27, 3.332, 6017724.48, -23.8487709, 1711.12005, 0, 7.68542739e+17, 0, 0, 0, 0
19.3166667, 0, 0, 1.005e+19, 0, 8.9440839e-22, 3.718e+18, 6.44e+20, 4.85, 4, 1002.34418, 12.107273, 0.0128088719, 10683.3113, 0, 1.81195213e+18, 4.6226717e-46, 1513.89573, -999.999564, -1000.48123, 1.005e+19, 3.87151556e-38, -9.97704574, 10683.3039, 300.000511, 12.107273, 12.1072798, 0.0128088719, 0.0128088719, 1.005e+19, 2.68507004e-61, 1513.89573, 0.0969355857, 1512.6509, -17.351924, 4.27451252e-62, -17.3332776, 1513.71101, -2.32054533e-61, 1512.4664, 0, 1.2000029e-08, 1.2000029e-08, 914620.746, 5755855.72, -2164.34738, 0.27, 3.332, 4843399.32, -17.351924, 1513.71101, 0, 7.68517018e+17, 0, 0, 0, 0
19.375, 0, 0, 1.005e+19, 0, 8.94389498e-22, 3.718e+18, 6.44e+20, 4.85, 4, 1002.34418, 12.1072793, 0.0128088719, 10637.922, 0, 1.81195152e+18, 4.6226717e-46, 1377.43051, -999.999564, -1000.48123, 1.005e+19, 3.87151556e-38, -9.29218836, 10637.9148, 300.000443, 12.1072793, 12.107285, 0.0128088719, 0.0128088719, 1.005e+19, 4.84569431e-62, 1377.43051, 0.0946549805, 1376.27854, -17.3501657, 4.27451252e-62, -17.3315193, 1377.24578, -1.2004472e-62, 1376.09404, 0, 1.20000252e-08, 1.20000252e-08, 747266.973, 5588501.95, -2164.34738, 0.27, 3.332, 4843399.32, -17.3501657, 1377.24578, 0, 7.68516635e+17, 0, 0, 0, 0
19.4416667, 0, 0, 1.005e+19, 0, 8.94373802e-22, 3.718e+18, 6.44e+20, 4.85, 4, 1002.34426, 12.1072845, 0.0128088719, 10587.2187, 0, 1.81199508e+18, 1.05921225e-47, 1233.92623, -999.999641, -1000.42924, 1.005e+19, 8.87097515e-40, -7.15134746, 10587.2148, 300.000387, 12.1072845, 12.1072888, 0.0128088719, 0.0128088719, 1.005e+19, 6.15913064e-63, 1233.92623, 0.0920222034, 1232.90284, -12.4507532, 9.77622747e-64, -12.437373, 1233.81077, -5.3275749e-63, 1232.78753, 0, 1.2000022e-08, 1.2000022e-08, 605751.491, 4594199.79, -1794.99366, 0.27, 3.332, 3990243.3, -12.4507532, 1233.81077, 0, 7.68497946e+17, 0, 0, 0, 0
19.5, 0, 0, 1.005e+19, 0, 8.94361491e-22, 3.718e+18, 6.44e+20, 4.85, 4, 1002.34426, 12.1072885, 0.0128088719, 10554.512, 0, 1.81199468e+18, 1.05921225e-47, 1134.78298, -999.999641, -1000.42924, 1.005e+19, 8.87097515e-40, -6.61868996, 10554.5083, 300.000343, 12.1072885, 12.1072922, 0.0128088719, 0.0128088719, 1.005e+19, 1.10927397e-63, 1134.78298, 0.0901554891, 1133.82772, -12.4496426, 9.77622747e-64, -12.4362624, 1134.66752, -2.7771823e-64, 1133.71241, 0, 1.20000195e-08, 1.20000195e-08, 506971.223, 4495419.52, -1794.99366, 0.27, 3.332, 3990243.3, -12.4496426, 1134.66752, 0, 7.68497697e+17, 0, 0, 0, 0
19.5666667, 0, 0, 1.005e+19, 0, 8.94351301e-22, 3.718e+18, 6.44e+20, 4.85, 4, 1002.34431, 12.1072919, 0.0128088719, 10518.7896, 0, 1.81202554e+18, 2.43324133e-49, 1033.37002, -999.999695, -1000.37727, 1.005e+19, 2.03785759e-41, -4.92178267, 10518.7878, 300.000306, 12.1072919, 12.1072948, 0.0128088719, 0.0128088719, 1.005e+19, 1.41543886e-64, 1033.37002, 0.087941968, 1032.50568, -8.5892493, 2.24199689e-65, -8.58001426, 1033.30529, -1.22511111e-64, 1032.44103, 0, 1.20000174e-08, 1.20000174e-08, 423479.02, 3809291.33, -1533.38101, 0.27, 3.332, 3387345.69, -8.5892493, 1033.30529, 0, 7.68484488e+17, 0, 0, 0, 0
19.625, 0, 0, 1.005e+19, 0, 8.9434331e-22, 3.718e+18, 6.44e+20, 4.85, 4, 1002.34431, 12.1072945, 0.0128088719, 10496.0293, 0, 1.81202529e+18, 2.43324133e-49, 963.308396, -999.999695, -1000.37727, 1.005e+19, 2.03785759e-41, -4.49514928, 10496.0276, 300.000278, 12.1072945, 12.107297, 0.0128088719, 0.0128088719, 1.005e+19, 2.54573312e-65, 963.308396, 0.086369551, 962.492609, -8.5885047, 2.24199689e-65, -8.57926966, 963.24367, -6.42455668e-66, 962.427964, 0, 1.20000158e-08, 1.20000158e-08, 365225.337, 3751037.64, -1533.38101, 0.27, 3.332, 3387345.69, -8.5885047, 963.24367, 0, 7.68484326e+17, 0, 0, 0, 0
19.6916667, 0, 0, 1.005e+19, 0, 8.94336928e-22, 3.718e+18, 6.44e+20, 4.85, 4, 1002.34435, 12.1072967, 0.0128088719, 10472.3886, 0, 1.8120459e+18, 5.60219211e-51, 895.650969, -999.999731, -1000.32531, 1.005e+19, 4.69187921e-43, -3.07347286, 10472.388, 300.000255, 12.1072967, 12.1072985, 0.0128088719, 0.0128088719, 1.005e+19, 3.25840298e-66, 895.650969, 0.0844410148, 894.895879, -5.39857291, 5.15390875e-67, -5.39276512, 895.621955, -2.82151646e-66, 894.8669, 0, 1.20000145e-08, 1.20000145e-08, 317124.573, 3300937.32, -1358.5358, 0.27, 3.332, 2985171.28, -5.39857291, 895.621955, 0, 7.68475514e+17, 0, 0, 0, 0
19.75, 0, 0, 1.005e+19, 0, 8.94331925e-22, 3.718e+18, 6.44e+20, 4.85, 4, 1002.34435, 12.1072984, 0.0128088719, 10457.757, 0, 1.81204574e+18, 5.60219211e-51, 848.915027, -999.999731, -1000.32531, 1.005e+19, 4.69187921e-43, -2.70743818, 10457.7564, 300.000237, 12.1072984, 12.1072999, 0.0128088719, 0.0128088719, 1.005e+19, 5.85533255e-67, 848.915027, 0.0830686914, 848.192538, -5.39803825, 5.15390875e-67, -5.39223047, 848.886012, -1.48646737e-67, 848.163559, 0, 1.20000135e-08, 1.20000135e-08, 283577.307, 3267390.05, -1358.5358, 0.27, 3.332, 2985171.28, -5.39803825, 848.886012, 0, 7.68475413e+17, 0, 0, 0, 0
19.8166667, 0, 0, 1.005e+19, 0, 8.94328425e-22, 3.718e+18, 6.44e+20, 4.85, 4, 1002.34437, 12.1072997, 0.0128088719, 10444.4499, 0, 1.81205754e+18, 1.29304987e-52, 810.259651, -999.999752, -1000.27337, 1.005e+19, 1.08293951e-44, -1.45255013, 10444.4498, 300.000225, 12.1072997, 12.1073008, 0.0128088719, 0.0128088719, 1.005e+19, 7.51207494e-68, 810.259651, 0.0813147551, 809.571861, -2.60578658, 1.18668375e-68, -2.60298218, 810.252328, -6.50735463e-68, 809.564547, 0, 1.20000128e-08, 1.20000128e-08, 258825.643, 3012955.9, -1258.49076, 0.27, 3.332, 2755388.75, -2.60578658, 810.252328, 0, 7.68470378e+17, 0, 0, 0, 0
19.875, 0, 0, 1.005e+19, 0, 8.94325682e-22, 3.718e+18, 6.44e+20, 4.85, 4, 1002.34437, 12.1073006, 0.0128088719, 10436.8841, 0, 1.81205745e+18, 1.29304987e-52, 783.556941, -999.999752, -1000.27337, 1.005e+19, 1.08293951e-44, -1.12474617, 10436.884, 300.000215, 12.1073006, 12.1073015, 0.0128088719, 0.0128088719, 1.005e+19, 1.34890701e-68, 783.556941, 0.0800642508, 782.887859, -2.60536645, 1.18668375e-68, -2.60256205, 783.549618, -3.441867e-69, 782.880545, 0, 1.20000122e-08, 1.20000122e-08, 241564.962, 2995695.22, -1258.49076, 0.27, 3.332, 2755388.75, -2.60536645, 783.549618, 0, 7.68470322e+17, 0, 0, 0, 0
19.9416667, 0, 0, 1.005e+19, 0, 8.9432456e-22, 3.718e+18, 6.44e+20, 4.85, 4, 1002.34437, 12.1073012, 0.0128088719, 11622.3117, 0, 1.81206131e+18, 5.97298421e-54, 770.888514, -999.999759, -1000.23098, 1.005e+19, 5.00242165e-46, -0.524892438, 11622.3116, 300.000211, 12.1073012, 12.1073018, 0.0128088719, 0.0128088719, 1.005e+19, 1.98878618e-69, 770.888514, 0.0783919066, 770.230807, -1.28616033, 5.23320157e-70, -1.28477579, 770.88668, -1.54936366e-69, 770.228976, 0, 1.2000012e-08, 1.2000012e-08, 233883.614, 2912745.67, -1225.68607, 0.27, 3.332, 2680087.74, -1.28616033, 770.88668, 0, 7.68468672e+17, 0, 0, 0, 0
20, 0, 0, 1.005e+19, 0, 8.9432368e-22, 3.718e+18, 6.44e+20, 4.85, 4, 1002.34437, 12.1073014, 0.0128088719, 11620.1817, 0, 1.81206128e+18, 5.97298421e-54, 762.137933, -999.999759, -1000.23098, 1.005e+19, 5.00242165e-46, -0.365142565, 11620.1816, 300.000208, 12.1073017, 12.107302, 0.0128088719, 0.0128088719, 1.005e+19, 5.98673104e-70, 762.137933, 0.077783357, 761.486373, -1.28597045, 5.23320157e-70, -1.28458591, 762.136099, -1.59250585e-70, 761.484541, 0, 1.20000118e-08, 1.20000118e-08, 228528.716, 2907390.77, -1225.68607, 0.27, 3.332, 2680087.74, -1.28597045, 762.136099, 0, 7.68468655e+17, 0, 0, 0, 0
