"depth", "composition x", "composition y", "donor conc", "acceptor conc", "ni", "nc", "nv", "eg", "electron affinity", "potential", "e- mobility", "h+ mobility", "electric field", "impact gen rate", "electron conc", "hole conc", "cond. current density", "electron qfl", "hole qfl", "net doping", "recombination rate", "e field x", "e field y", "lattice temperature", "e- mobility x", "e- mobility y", "h+ mobility x", "h+ mobility y", "total doping", "h+ current density", "e- current density", "current flowlines", "total current density", "je- x", "jh+ x", "jtot x", "je- y", "jh+ y", "jtot y", "seu generation rate", "e- srh tno", "h+ srh tno", "joule heat power", "total heat power", "rec heat power", "heat conductivity", "heat capacity", "peltier-thomson heat power", "cond current x", "cond current y", "ionized acceptor concentration", "ionized donor concentration", "e- ionization coefficient", "h+ ionization coefficient", "acceptor trap dos #1", "acceptor trap ionized density #1"
-0.42, 0, 0, 0, 0, 0, 0, 0, 0, 0, 88.153788, 0, 0, 659899.72, 0, 0, 0, 0, 0, 0, 0, 0, -659825.83, 9874.93976, 300.000446, 0, 0, 0, 0, 0, 0, 0, 0.790300961, 4.11881546, 0, 0, 4.11574084, 0, 0, 0.158972823, 0, 0, 0, 0, 0, 0, 0.014, 3.066, 0, 0, 0, 0, 0, 0, 0, 0, 0
-0.405714286, 0, 0, 0, 0, 0, 0, 0, 0, 0, 88.1394968, 0, 0, 658837.691, 0, 0, 0, 0, 0, 0, 0, 0, -658699.312, 12734.6579, 300.000647, 0, 0, 0, 0, 0, 0, 0, 0.790714776, 4.12191551, 0, 0, 4.11601137, 0, 0, 0.204697562, 0, 0, 0, 0, 0, 0, 0.014, 3.066, 0, 0, 0, 0, 0, 0, 0, 0, 0
-0.37, 0, 0, 0, 0, 0, 0, 0, 0, 0, 88.1049618, 0, 0, 656254.078, 0, 0, 0, 0, 0, 0, 0, 0, -655959.997, 19644.2861, 300.001221, 0, 0, 0, 0, 0, 0, 0, 0.791782752, 4.12923016, 0, 0, 4.11693718, 0, 0, 0.318098871, 0, 0, 0, 0, 0, 0, 0.014, 3.066, 0, 0, 0, 0, 0, 0, 0, 0, 0
-0.355714286, 0, 0, 0, 0, 0, 0, 0, 0, 0, 88.0620675, 0, 0, 656255.847, 0, 0, 0, 0, 0, 0, 0, 0, -655704.54, 25370.2313, 300.002378, 0, 0, 0, 0, 0, 0, 0, 0.792114077, 4.14132183, 0, 0, 4.11776384, 0, 0, 0.409698724, 0, 0, 0, 0, 0, 0, 0.014, 3.066, 0, 0, 0, 0, 0, 0, 0, 0, 0
-0.32, 0, 0, 0, 0, 0, 0, 0, 0, 0, 87.958429, 0, 0, 656208.496, 0, 0, 0, 0, 0, 0, 0, 0, -655036.595, 39200.1098, 300.005652, 0, 0, 0, 0, 0, 0, 0, 0.792945734, 4.16958502, 0, 0, 4.12058067, 0, 0, 0.6368113, 0, 0, 0, 0, 0, 0, 0.014, 3.066, 0, 0, 0, 0, 0, 0, 0, 0, 0
-0.305714286, 0, 0, 0, 0, 0, 0, 0, 0, 0, 87.8868692, 0, 0, 656207.57, 0, 0, 0, 0, 0, 0, 0, 0, -654605.066, 44943.4043, 300.010499, 0, 0, 0, 0, 0, 0, 0, 0.793307514, 4.18961272, 0, 0, 4.12201072, 0, 0, 0.728813271, 0, 0, 0, 0, 0, 0, 0.014, 3.066, 0, 0, 0, 0, 0, 0, 0, 0, 0
-0.27, 0, 0, 0, 0, 0, 0, 0, 0, 0, 87.7140282, 0, 0, 656119.099, 0, 0, 0, 0, 0, 0, 0, 0, -653478.949, 58800.7886, 300.024051, 0, 0, 0, 0, 0, 0, 0, 0.79418694, 4.23647973, 0, 0, 4.12683651, 0, 0, 0.956749933, 0, 0, 0, 0, 0, 0, 0.014, 3.066, 0, 0, 0, 0, 0, 0, 0, 0, 0
-0.255714286, 0, 0, 0, 0, 0, 0, 0, 0, 0, 87.6136988, 0, 0, 656111.189, 0, 0, 0, 0, 0, 0, 0, 0, -652863.225, 64570.0314, 300.041734, 0, 0, 0, 0, 0, 0, 0, 0.79459032, 4.2642782, 0, 0, 4.12895693, 0, 0, 1.04935428, 0, 0, 0, 0, 0, 0, 0.014, 3.066, 0, 0, 0, 0, 0, 0, 0, 0, 0
-0.22, 0, 0, 0, 0, 0, 0, 0, 0, 0, 87.3714963, 0, 0, 655971.299, 0, 0, 0, 0, 0, 0, 0, 0, -651261.398, 78466.1122, 300.090407, 0, 0, 0, 0, 0, 0, 0, 0.79552538, 4.32940961, 0, 0, 4.13598703, 0, 0, 1.27850933, 0, 0, 0, 0, 0, 0, 0.014, 3.066, 0, 0, 0, 0, 0, 0, 0, 0, 0
-0.205714286, 0, 0, 0, 0, 0, 0, 0, 0, 0, 87.2422536, 0, 0, 655389.611, 0, 0, 0, 0, 0, 0, 0, 0, -649844.091, 84522.4674, 300.146315, 0, 0, 0, 0, 0, 0, 0, 0.79597556, 4.32952408, 0, 0, 4.09605354, 0, 0, 1.38251578, 0, 0, 0, 0, 0, 0, 0.014, 3.066, 0, 0, 0, 0, 0, 0, 0, 0, 0
-0.17, 0, 0, 0, 0, 0, 0, 0, 0, 0, 86.9304854, 0, 0, 653813.703, 0, 0, 0, 0, 0, 0, 0, 0, -646268.751, 99040.5974, 300.297132, 0, 0, 0, 0, 0, 0, 0, 0.796974384, 4.31299166, 0, 0, 3.98864074, 0, 0, 1.63957891, 0, 0, 0, 0, 0, 0, 0.014, 3.066, 0, 0, 0, 0, 0, 0, 0, 0, 0
-0.141428624, 0, 0, 0, 0, 0, 0, 0, 0, 0, 86.6154987, 0, 0, 654399.766, 0, 0, 0, 0, 0, 0, 0, 0, -644898.516, 110647.713, 300.598941, 0, 0, 0, 0, 0, 0, 0, 0.797764185, 4.57492784, 0, 0, 4.23030067, 0, 0, 1.74157121, 0, 0, 0, 0, 0, 0, 0.014, 3.066, 0, 0, 0, 0, 0, 0, 0, 0, 0
-0.12, 0, 0, 0, 0, 0, 0, 0, 0, 0, 86.3894758, 0, 0, 654633.622, 0, 0, 0, 0, 0, 0, 0, 0, -643572.375, 119830.224, 300.834029, 0, 0, 0, 0, 0, 0, 0, 0.798404664, 4.67938325, 0, 0, 4.29100653, 0, 0, 1.86527325, 0, 0, 0, 0, 0, 0, 0.014, 3.066, 0, 0, 0, 0, 0, 0, 0, 0, 0
-0.0771427527, 0, 0, 0, 0, 0, 0, 0, 0, 0, 85.8407139, 0, 0, 654326.386, 0, 0, 0, 0, 0, 0, 0, 0, -639928.231, 136321.132, 301.924868, 0, 0, 0, 0, 0, 0, 0, 0.799091913, 4.79670202, 0, 0, 4.27702718, 0, 0, 2.16708515, 0, 0, 0, 0, 0, 0, 0.014, 3.066, 0, 0, 0, 0, 0, 0, 0, 0, 0
-0.07, 0, 0, 0, 0, 0, 0, 0, 0, 0, 85.7488328, 0, 0, 654185.282, 0, 0, 0, 0, 0, 0, 0, 0, -639141.921, 139482.603, 302.106165, 0, 0, 0, 0, 0, 0, 0, 0.799234241, 4.79389592, 0, 0, 4.24301281, 0, 0, 2.23083156, 0, 0, 0, 0, 0, 0, 0.014, 3.066, 0, 0, 0, 0, 0, 0, 0, 0, 0
-0.0557145992, 0, 0, 0, 0, 0, 0, 0, 0, 0, 85.5367738, 0, 0, 654027.972, 0, 0, 0, 0, 0, 0, 0, 0, -638485.482, 141675.872, 302.852938, 0, 0, 0, 0, 0, 0, 0, 0.799318394, 5.35526455, 0, 0, 4.83523306, 0, 0, 2.28485101, 0, 0, 0, 0, 0, 0, 0.014, 3.066, 0, 0, 0, 0, 0, 0, 0, 0, 0
-0.02, 0, 0, 0, 0, 0, 0, 0, 0, 0, 85.0098887, 0, 0, 652185.54, 0, 0, 0, 0, 0, 0, 0, 0, -635228.315, 147753.016, 304.717349, 0, 0, 0, 0, 0, 0, 0, 0.79961716, 6.75120733, 0, 0, 6.2927983, 0, 0, 2.44529834, 0, 0, 0, 0, 0, 0, 0.014, 3.066, 0, 0, 0, 0, 0, 0, 0, 0, 0
-0.02, 0, 0, 0, 0, 0, 0, 0, 0, 0, 85.0098887, 0, 0, 635664.693, 0, 0, 0, 0, 0, 0, 0, 0, -635145.851, 25677.8002, 304.717349, 0, 0, 0, 0, 0, 0, 0, 0.79961716, 6.75120733, 0, 0, 6.2927983, 0, 0, 2.44529834, 0, 0, 0, 0, 0, 0, 0.023, 4.01865556, 0, 0, 0, 0, 0, 0, 0, 0, 0
-0.0185714599, 0, 0, 0, 0, 0, 0, 0, 0, 0, 85.0062128, 0, 0, 635526.263, 0, 0, 0, 0, 0, 0, 0, 0, -634995.898, 25954.4187, 304.786048, 0, 0, 0, 0, 0, 0, 0, 0.799715145, 12.5351401, 0, 0, 12.1652766, 0, 0, 2.55367816, 0, 0, 0, 0, 0, 0, 0.023, 4.01873983, 0, 0, 0, 0, 0, 0, 0, 0, 0
-0.015, 0, 0, 0, 0, 0, 0, 0, 0, 0, 84.9970722, 0, 0, 635179.842, 0, 0, 0, 0, 0, 0, 0, 0, -634620.884, 26641.4112, 304.957163, 0, 0, 0, 0, 0, 0, 0, 0.799898432, 27.1670851, 0, 0, 27.0212817, 0, 0, 2.81079757, 0, 0, 0, 0, 0, 0, 0.023, 4.01894971, 0, 0, 0, 0, 0, 0, 0, 0, 0
-0.0135714599, 0, 0, 0, 0, 0, 0, 0, 0, 0, 84.993108, 0, 0, 635174.375, 0, 0, 0, 0, 0, 0, 0, 0, -634590.248, 27218.5842, 305.031374, 0, 0, 0, 0, 0, 0, 0, 0.799961358, 27.1748467, 0, 0, 27.0223549, 0, 0, 2.87257859, 0, 0, 0, 0, 0, 0, 0.023, 4.01904061, 0, 0, 0, 0, 0, 0, 0, 0, 0
-0.01, 0, 0, 0, 0, 0, 0, 0, 0, 0, 84.9832499, 0, 0, 635160.865, 0, 0, 0, 0, 0, 0, 0, 0, -634514.27, 28652.4937, 305.216203, 0, 0, 0, 0, 0, 0, 0, 0.800114329, 27.1940815, 0, 0, 27.0251055, 0, 0, 3.02678598, 0, 0, 0, 0, 0, 0, 0.023, 4.01926697, 0, 0, 0, 0, 0, 0, 0, 0, 0
-0.00857145992, 0, 0, 0, 0, 0, 0, 0, 0, 0, 84.9789972, 0, 0, 635154.535, 0, 0, 0, 0, 0, 0, 0, 0, -634480.923, 29229.8678, 305.296106, 0, 0, 0, 0, 0, 0, 0, 0.800178599, 27.2024707, 0, 0, 27.0263141, 0, 0, 3.08861892, 0, 0, 0, 0, 0, 0, 0.023, 4.01936467, 0, 0, 0, 0, 0, 0, 0, 0, 0
-0.005, 0, 0, 0, 0, 0, 0, 0, 0, 0, 84.968422, 0, 0, 635138.105, 0, 0, 0, 0, 0, 0, 0, 0, -634397.467, 30663.7632, 305.495074, 0, 0, 0, 0, 0, 0, 0, 0.800335029, 27.2232403, 0, 0, 27.029405, 0, 0, 3.24279673, 0, 0, 0, -0.0138410238, -0.0138451629, 0, 0.023, 4.01960795, -4.14556156e-06, 0, 0, 0, 0, 0, 0, 0, 0
-0.00357145992, 0, 0, 0, 0, 0, 0, 0, 0, 0, 84.9638805, 0, 0, 634996.383, 0, 0, 0, 0, 0, 0, 0, 0, -634242.227, 30935.358, 305.580847, 0, 0, 0, 0, 0, 0, 0, 0.709123295, 24.3409474, 0, 0, 24.071963, 0, 0, 3.43347242, 0, 0, 0, 2.53008781e+10, 2.53084442e+10, -11872.102, 0.023, 4.01971264, 7577932.77, 0, 0, 0, 0, 0, 0, 0, 0
0, 0, 0, 0, 0, 0, 0, 0, 0, 0, 84.9525884, 0, 0, 634643.819, 0, 0, 0, 0, 0, 0, 0, 0, -633856.156, 31609.3565, 305.794393, 0, 0, 0, 0, 0, 0, 0, 0.4815596, 17.0507366, 0, 0, 16.5966468, 0, 0, 3.90876309, 0, 0, 0, 8.81495055e+10, 8.81767067e+10, -41449.4346, 0.023, 4.01997327, 27242617.2, 0, 0, 0, 0, 0, 0, 0, 0
0, 0, 0, 5e+16, 0, 5.2893151e-21, 3.718e+18, 6.44e+20, 4.85, 4, 84.9525884, 31.5996008, 0.866667, 639791.609, 9.28143023e+17, 4.34180556e+16, 2.64222778e+09, 90636.701, -82.7121316, -86.752544, 5e+16, 2.14407669e+17, -634526.964, 81907.4628, 305.794393, 31.5996008, 93.1534378, 0.866667, 0.866667, 5e+16, 0.000157955954, 90636.7008, 0.4815596, 90653.2918, -90636.6053, -0.000157727153, -90653.2021, 131.53403, 8.49871957e-06, 127.433347, 0, 1.23304515e-08, 1.23304515e-08, 8.81495055e+10, 8.81767067e+10, -41449.4346, 0.27, 3.332, 27242617.2, -90636.6055, 131.534038, 0, 4.09135819e+16, 1.67608206e-06, 1.84792037e-06, 0, 0
0.00267851265, 0, 0, 5e+16, 0, 5.24792991e-21, 3.718e+18, 6.44e+20, 4.85, 4, 84.9306038, 31.6082776, 0.866667, 639757.691, 4.68075724e+17, 1.92085567e+16, 5.22989612e+09, 67013.3245, -82.7116454, -86.7486087, 5e+16, 8.54467586e+17, -634276.851, 83522.026, 305.768028, 31.6082776, 93.164491, 0.866667, 0.866667, 5e+16, 0.000913452377, 67013.3235, 0.424797864, 67028.325, -67013.0472, -0.00091148346, -67028.0706, 125.954572, 5.98102998e-05, 121.687831, 0, 1.2328942e-08, 1.2328942e-08, 6.43174651e+10, 6.43382107e+10, -30845.5713, 0.27, 3.332, 20776414.9, -67013.0481, 125.954632, 0, 4.31729527e+16, 1.68518339e-06, 1.85765566e-06, 0, 0
0.009375, 0, 0, 5e+16, 0, 5.14518414e-21, 3.718e+18, 6.44e+20, 4.85, 4, 84.8759394, 31.6302162, 0.866667, 639671.95, 8.57002846e+16, 2.53260022e+15, 2.8572349e+10, 8181.77939, -82.7103931, -86.7388333, 5e+16, 2.31997881e+18, -633652.829, 87545.96, 305.702616, 31.6302162, 93.164491, 0.866667, 0.866667, 5e+16, 0.0026363135, 8181.77676, 0.282812232, 8192.75965, -8181.01481, -0.00263039616, -8192.0612, 111.649068, 0.000176535795, 106.967221, 0, 1.23251969e-08, 1.23251969e-08, 5.18403204e+09, 5.18803565e+09, -4482.04551, 0.27, 3.332, 4008091.07, -8181.01744, 111.649245, 0, 4.93622084e+16, 1.70642812e-06, 1.87928108e-06, 0, 0
0.0120535127, 0, 0, 5e+16, 0, 5.09958969e-21, 3.718e+18, 6.44e+20, 4.85, 4, 84.8508511, 31.6395834, 0.866667, 639980.552, 3.51440777e+16, 1.01899772e+15, 3.97904301e+10, 5967.43327, -82.7092592, -86.7225318, 5e+16, 3.86021015e+18, -633465.432, 90928.1917, 305.672714, 31.6395834, 93.164491, 0.866667, 0.866667, 5e+16, 0.00438698848, 5967.42889, 0.27440366, 5978.39599, -5966.81771, -0.00437069364, -5977.86884, 84.0349837, 0.000371848752, 79.2763259, 0, 1.23234851e-08, 1.23234851e-08, 3.7765407e+09, 3.77958573e+09, -3291.08304, 0.27, 3.332, 3048312.53, -5966.82208, 84.0353558, 0, 4.9534092e+16, 1.73530913e-06, 1.92615153e-06, 0, 0
0.01875, 0, 0, 5e+16, 0, 4.98604455e-21, 3.718e+18, 6.44e+20, 4.85, 4, 84.7884501, 31.6632876, 0.866667, 640746.228, 3.85497018e+15, 1.06376292e+14, 9.15272577e+10, 348.077074, -82.7063113, -86.6822306, 5e+16, 7.42807728e+18, -632995.224, 99361.8358, 305.598314, 31.6632876, 93.1922898, 0.866667, 0.866667, 5e+16, 0.00842483437, 348.068666, 0.253015369, 358.992548, -347.858722, -0.00838481249, -358.921549, 12.0863408, 0.000820214705, 7.13482536, 0, 1.23192259e-08, 1.23192259e-08, 220230542, 220783030, -278.103026, 0.27, 3.332, 552765.981, -347.867106, 12.087161, 0, 4.99728472e+16, 1.80004787e-06, 2.02959421e-06, 0, 0
0.0214285127, 0, 0, 5e+16, 0, 4.94329982e-21, 3.718e+18, 6.44e+20, 4.85, 4, 84.7601232, 31.673213, 0.866667, 641118.809, 1.63643996e+15, 4.17503172e+13, 1.15235142e+11, 255.165413, -82.7025762, -86.6600276, 5e+16, 9.95324241e+18, -632796.644, 102819.838, 305.569417, 31.673213, 93.1916212, 0.866667, 0.866667, 5e+16, 0.011583405, 255.153843, 0.252724609, 266.140511, -254.957938, -0.0115127647, -266.026926, 9.35979594, 0.00126902442, 4.35941278, 0, 1.23175719e-08, 1.23175719e-08, 161250466, 161684062, -201.088195, 0.27, 3.332, 433797.978, -254.96945, 9.36106496, 0, 4.99801035e+16, 1.84305709e-06, 2.07352351e-06, 0, 0
0.028125, 0, 0, 5e+16, 0, 4.83681591e-21, 3.718e+18, 6.44e+20, 4.85, 4, 84.689644, 31.6983373, 0.866667, 642044.499, 1.94064662e+14, 4.08327532e+12, 2.05741357e+11, 13.6600751, -82.6932255, -86.6049582, 5e+16, 1.59133805e+19, -632298.211, 111445.551, 305.497505, 31.6983373, 93.2066221, 0.866667, 0.866667, 5e+16, 0.0189146856, 13.6411665, 0.251957105, 24.7740001, -13.49296, -0.0187734216, -24.5769411, 2.00527814, 0.00230737219, -3.11716989, 0, 1.23134557e-08, 1.23134557e-08, 8612682.55, 8730672.51, -2.12201674, 0.27, 3.332, 117992.084, -13.5117334, 2.00758552, 0, 4.99989557e+16, 1.93182194e-06, 2.17099905e-06, 0, 0
0.0308035127, 0, 0, 5e+16, 0, 4.79696296e-21, 3.718e+18, 6.44e+20, 4.85, 4, 84.6580719, 31.7088178, 0.866667, 642471.741, 9.88994714e+13, 2.65043202e+12, 2.45393041e+11, 10.8218583, -82.6729905, -86.57808, 5e+16, 1.75108185e+19, -632088.966, 114907.861, 305.469764, 31.7088178, 93.2066221, 0.866667, 0.866667, 5e+16, 0.0237841583, 10.7986025, 0.252000591, 21.9809558, -10.5980746, -0.0235743685, -21.6900742, 1.84726814, 0.00314031229, -3.32214069, 0, 1.2311868e-08, 1.2311868e-08, 6800383.16, 6894582.14, 2.37833261, 0.27, 3.332, 94196.5968, -10.6216489, 1.85040845, 0, 4.99991788e+16, 1.63788563e-06, 2.22098263e-06, 0, 0
0.0375, 0, 0, 5e+16, 0, 4.69767593e-21, 3.718e+18, 6.44e+20, 4.85, 4, 84.5794975, 31.7353524, 0.866667, 643533.874, 1.82299042e+13, 8.76513104e+11, 3.82430413e+11, 3.2033434, -82.6234466, -86.5113217, 5e+16, 2.16331473e+19, -631563.653, 123544.322, 305.400732, 31.7353524, 93.1922234, 0.866667, 0.866667, 5e+16, 0.0351438324, 3.16990898, 0.252103004, 14.4815738, -2.84069889, -0.0347750306, -13.9520979, 1.40666546, 0.00507800926, -3.8799385, 0, 1.23079173e-08, 1.23079173e-08, 1960145.73, 1993131.33, 14.2377385, 0.27, 3.332, 32971.367, -2.87547393, 1.41174347, 0, 4.99997756e+16, 1.0047765e-06, 2.33201758e-06, 0, 0
0.0401785127, 0, 0, 5e+16, 0, 4.66049033e-21, 3.718e+18, 6.44e+20, 4.85, 4, 84.5446788, 31.7464002, 0.866667, 644014.956, 1.58210163e+13, 8.25802975e+11, 4.40774758e+11, 3.06659374, -82.5901573, -86.4802906, 5e+16, 2.31641965e+19, -631343.62, 127008.068, 305.37411, 31.7464002, 93.1018814, 0.866667, 0.866667, 5e+16, 0.0419617714, 3.02695407, 0.252154341, 14.3621088, -2.68727897, -0.041463068, -13.8087859, 1.38966009, 0.00643438546, -3.94340112, 0, 1.23063939e-08, 1.23063939e-08, 1876864.51, 1902100.63, 15.7850694, 0.27, 3.332, 25220.3292, -2.72874204, 1.39609448, 0, 4.99997875e+16, 8.95648107e-07, 2.39009196e-06, 0, 0
0.046875, 0, 0, 5e+16, 0, 4.56784376e-21, 3.718e+18, 6.44e+20, 4.85, 4, 84.4580063, 31.7743776, 0.866667, 645211.399, 1.08697305e+13, 7.06792847e+11, 6.30180506e+11, 2.69962541, -82.5074833, -86.4031532, 5e+16, 2.70774019e+19, -630791.114, 135647.777, 305.307869, 31.7743776, 93.035793, 0.866667, 0.866667, 5e+16, 0.0579282461, 2.64545745, 0.252278348, 14.0386104, -2.27894167, -0.0571266596, -13.4248242, 1.34345162, 0.00960345886, -4.10559951, 0, 1.23026033e-08, 1.23026033e-08, 1653905.18, 1659099.91, 19.7339686, 0.27, 3.332, 5174.99912, -2.33606833, 1.35305507, 0, 4.99998189e+16, 6.49423526e-07, 2.51923134e-06, 0, 0
0.0495535127, 0, 0, 5e+16, 0, 4.53311336e-21, 3.718e+18, 6.44e+20, 4.85, 4, 84.4199397, 31.7860071, 0.866667, 645745.844, 1.04361455e+13, 6.83707066e+11, 7.09365131e+11, 2.64225317, -82.4702527, -86.3682486, 5e+16, 2.81048271e+19, -630560.103, 139113.006, 305.282325, 31.7860071, 93.035793, 0.866667, 0.866667, 5e+16, 0.0668846038, 2.57988209, 0.252327662, 13.9992412, -2.20762768, -0.0658624893, -13.3658758, 1.33405622, 0.011628091, -4.16086665, 0, 1.23011418e-08, 1.23011418e-08, 1617783.59, 1622428.18, 20.8136887, 0.27, 3.332, 4623.77413, -2.27349016, 1.34568431, 0, 4.99998244e+16, 6.15346099e-07, 2.58720505e-06, 0, 0
0.05625, 0, 0, 5e+16, 0, 4.44657973e-21, 3.718e+18, 6.44e+20, 4.85, 4, 84.325166, 31.8154648, 0.866667, 647075.355, 9.36264616e+12, 6.28467726e+11, 9.55587837e+11, 2.49270456, -82.3776016, -86.2814338, 5e+16, 3.08264712e+19, -629979.893, 147756.047, 305.218772, 31.8154648, 92.8844185, 0.866667, 0.866667, 5e+16, 0.0879209663, 2.41105843, 0.252446783, 13.8946913, -2.02450885, -0.0863827114, -13.212523, 1.30941265, 0.0163744751, -4.3001156, 0, 1.22975055e-08, 1.22975055e-08, 1523943.26, 1527101.86, 23.6185808, 0.27, 3.332, 3134.97859, -2.11089156, 1.32578713, 0, 4.99998388e+16, 5.36447615e-07, 2.73846412e-06, 0, 0
0.0589285127, 0, 0, 5e+16, 0, 4.41411088e-21, 3.718e+18, 6.44e+20, 4.85, 4, 84.28385, 31.8276912, 0.866667, 647662.663, 9.24297508e+12, 6.10820162e+11, 1.05715756e+12, 2.45345343, -82.3369984, -86.2428199, 5e+16, 3.12985246e+19, -629737.694, 151222.917, 305.194266, 31.8276912, 92.5738153, 0.866667, 0.866667, 5e+16, 0.0991542597, 2.36156245, 0.252493791, 13.8735766, -1.96976104, -0.0972698797, -13.1725092, 1.30204645, 0.0192138672, -4.35262827, 0, 1.22961035e-08, 1.22961035e-08, 1499733.39, 1502755.77, 24.2771659, 0.27, 3.332, 2998.10904, -2.06703092, 1.32126032, 0, 4.99998431e+16, 5.19212459e-07, 2.81831843e-06, 0, 0
0.065625, 0, 0, 5e+16, 0, 4.3332085e-21, 3.718e+18, 6.44e+20, 4.85, 4, 84.1809718, 31.8586696, 0.866667, 649123.934, 8.88567376e+12, 5.68405722e+11, 1.36320089e+12, 2.3509112, -82.2359226, -86.1467421, 5e+16, 3.26298696e+19, -629129.221, 159869.649, 305.133298, 31.8586696, 92.2906693, 0.866667, 0.866667, 5e+16, 0.125603936, 2.23489359, 0.252607254, 13.8162772, -1.82998083, -0.122907009, -13.0681656, 1.28293246, 0.0258885233, -4.48462907, 0, 1.22926156e-08, 1.22926156e-08, 1436544.75, 1439219.03, 26.0220823, 0.27, 3.332, 2648.26997, -1.95288784, 1.30882099, 0, 4.9999854e+16, 4.80150701e-07, 2.99610632e-06, 0, 0
0.0683035127, 0, 0, 5e+16, 0, 4.30282438e-21, 3.718e+18, 6.44e+20, 4.85, 4, 84.1364049, 31.8715094, 0.866667, 649763.573, 9.00811975e+12, 5.54508208e+11, 1.48827704e+12, 2.32475281, -82.1919715, -86.1045261, 5e+16, 3.27312486e+19, -628875.611, 163338.339, 305.109788, 31.8715094, 91.9956262, 0.866667, 0.866667, 5e+16, 0.139222882, 2.19632507, 0.252651921, 13.80848, -1.78668313, -0.136014026, -13.0420464, 1.27687587, 0.0296883413, -4.53496684, 0, 1.22912707e-08, 1.22912707e-08, 1421254.6, 1423811.98, 26.4122426, 0.27, 3.332, 2530.97239, -1.92269715, 1.30656421, 0, 4.99998574e+16, 4.6999352e-07, 3.09005598e-06, 0, 0
0.075, 0, 0, 5e+16, 0, 4.22711339e-21, 3.718e+18, 6.44e+20, 4.85, 4, 84.0254186, 31.9040524, 0.866667, 651355.211, 9.25161891e+12, 5.20926597e+11, 1.8562107e+12, 2.25558129, -82.0825407, -85.9994557, 5e+16, 3.31007719e+19, -628238.275, 171989.183, 305.051304, 31.9040524, 90.8027378, 0.866667, 0.866667, 5e+16, 0.171354041, 2.09788033, 0.252759637, 13.785099, -1.67637869, -0.166940365, -12.9730413, 1.26129046, 0.0386409357, -4.66138471, 0, 1.22879252e-08, 1.22879252e-08, 1380634.7, 1382897.91, 27.4542527, 0.27, 3.332, 2235.75617, -1.84331905, 1.2999314, 0, 4.99998661e+16, 4.46827142e-07, 3.29933079e-06, 0, 0
0.0776785127, 0, 0, 5e+16, 0, 4.19865241e-21, 3.718e+18, 6.44e+20, 4.85, 4, 83.9775988, 31.9175233, 0.866667, 652046.621, 9.59990567e+12, 5.09942073e+11, 2.00548567e+12, 2.24001481, -82.0352473, -85.9537098, 5e+16, 3.30002331e+19, -627973.014, 175459.896, 305.02875, 31.9175233, 90.3883238, 0.866667, 0.866667, 5e+16, 0.187432939, 2.06761047, 0.25280195, 13.7880958, -1.64201276, -0.182296189, -12.958335, 1.25617851, 0.0435441879, -4.70977559, 0, 1.22866352e-08, 1.22866352e-08, 1372719.3, 1374872.23, 27.7117763, 0.27, 3.332, 2125.21001, -1.82430894, 1.2997227, 0, 4.99998688e+16, 4.4362157e-07, 3.41001764e-06, 0, 0
0.084375, 0, 0, 5e+16, 0, 4.12773071e-21, 3.718e+18, 6.44e+20, 4.85, 4, 83.8585004, 31.9516781, 0.866667, 653767.154, 1.04594003e+13, 4.83251674e+11, 2.43640275e+12, 2.19763104, -81.9174781, -85.8398291, 5e+16, 3.28281128e+19, -627306.172, 184115.331, 304.97265, 31.9516781, 90.3883238, 0.866667, 0.866667, 5e+16, 0.225434149, 1.99049935, 0.252903893, 13.792046, -1.55457195, -0.218592065, -12.9181569, 1.24313789, 0.0551186407, -4.83126532, 0, 1.22834265e-08, 1.22834265e-08, 1350620.57, 1352496.88, 28.3896395, 0.27, 3.332, 1847.91921, -1.77316401, 1.29825653, 0, 4.99998756e+16, 4.35949466e-07, 3.65668222e-06, 0, 0
0.0870535127, 0, 0, 5e+16, 0, 4.10104499e-21, 3.718e+18, 6.44e+20, 4.85, 4, 83.8074259, 31.965799, 0.866667, 654509.749, 1.10464903e+13, 4.74617072e+11, 2.6102707e+12, 2.19101219, -81.8668448, -85.7906045, 5e+16, 3.26412278e+19, -627029.005, 187588.3, 304.951014, 31.965799, 90.3883238, 0.866667, 0.866667, 5e+16, 0.244027157, 1.96674514, 0.252943851, 13.8040869, -1.52744603, -0.23620102, -12.9131839, 1.23873041, 0.0612639411, -4.87781742, 0, 1.22821891e-08, 1.22821891e-08, 1349050.52, 1350822.57, 28.6069108, 0.27, 3.332, 1743.4359, -1.76364705, 1.29999434, 0, 4.99998778e+16, 4.40348741e-07, 3.78723645e-06, 0, 0
0.09375, 0, 0, 5e+16, 0, 4.03454457e-21, 3.718e+18, 6.44e+20, 4.85, 4, 83.6802107, 32.0016165, 0.866667, 656357.641, 1.25993699e+13, 4.53518704e+11, 3.10460578e+12, 2.17112386, -81.7407439, -85.6680432, 5e+16, 3.22250844e+19, -626331.964, 196248.873, 304.897199, 32.0016165, 89.3725433, 0.866667, 0.866667, 5e+16, 0.288035709, 1.9063433, 0.253040021, 13.8308603, -1.45847897, -0.277884505, -12.8974815, 1.2275922, 0.0757942682, -4.99470332, 0, 1.22791114e-08, 1.22791114e-08, 1342806.12, 1344316.59, 29.1588353, 0.27, 3.332, 1481.32263, -1.73636348, 1.30338647, 0, 4.99998832e+16, 4.49597703e-07, 4.07830101e-06, 0, 0
0.0964285127, 0, 0, 5e+16, 0, 4.00949868e-21, 3.718e+18, 6.44e+20, 4.85, 4, 83.6258792, 32.016408, 0.866667, 657150.819, 1.34654177e+13, 4.46800823e+11, 3.30316912e+12, 2.17223907, -81.6867731, -85.6153771, 5e+16, 3.20196809e+19, -626042.617, 199724.36, 304.87644, 32.016408, 88.1801889, 0.866667, 0.866667, 5e+16, 0.309174941, 1.88775591, 0.253077632, 13.8505595, -1.43729242, -0.297724593, -12.9009273, 1.22371387, 0.0833149254, -5.03946557, 0, 1.22779244e-08, 1.22779244e-08, 1346790.45, 1348205.22, 29.3896363, 0.27, 3.332, 1385.38159, -1.73501701, 1.3070288, 0, 4.99998848e+16, 4.62975124e-07, 4.23249978e-06, 0, 0
0.103125, 0, 0, 5e+16, 0, 3.94708241e-21, 3.718e+18, 6.44e+20, 4.85, 4, 83.4905422, 32.0539431, 0.866667, 659124.481, 1.58481231e+13, 4.30299332e+11, 3.86070979e+12, 2.1717063, -81.5523471, -85.4842292, 5e+16, 3.15386383e+19, -625314.637, 208390.694, 304.824814, 32.0539431, 86.8535806, 0.866667, 0.866667, 5e+16, 0.359276791, 1.84059491, 0.253168047, 13.896632, -1.38346166, -0.344752055, -12.9063405, 1.21401099, 0.101122861, -5.15191001, 0, 1.22749722e-08, 1.22749722e-08, 1354376.63, 1355550.72, 29.957975, 0.27, 3.332, 1144.13534, -1.72821372, 1.31513385, 0, 4.99998891e+16, 4.92181726e-07, 4.57641682e-06, 0, 0
0.105803513, 0, 0, 5e+16, 0, 3.92355214e-21, 3.718e+18, 6.44e+20, 4.85, 4, 83.4329512, 32.0694269, 0.866667, 659967.627, 1.70609338e+13, 4.25124247e+11, 4.08385909e+12, 2.17955799, -81.4950437, -85.4281489, 5e+16, 3.13486654e+19, -625012.82, 211868.996, 304.804897, 32.0694269, 86.8535806, 0.866667, 0.866667, 5e+16, 0.382980325, 1.82605784, 0.253203321, 13.922775, -1.36708785, -0.366783587, -12.917047, 1.21052103, 0.110145825, -5.19490367, 0, 1.22738333e-08, 1.22738333e-08, 1363229.08, 1364319.41, 30.2289592, 0.27, 3.332, 1060.10104, -1.73387143, 1.32066685, 0, 4.99998903e+16, 5.16810937e-07, 4.75889964e-06, 0, 0
0.1125, 0, 0, 5e+16, 0, 3.86491085e-21, 3.718e+18, 6.44e+20, 4.85, 4, 83.2894867, 32.1087384, 0.866667, 662065.432, 2.0476867e+13, 4.12358863e+11, 4.70392466e+12, 2.1958234, -81.3523052, -85.2884841, 5e+16, 3.08950957e+19, -624253.111, 220541.795, 304.755365, 32.1087384, 85.2412011, 0.866667, 0.866667, 5e+16, 0.439225841, 1.78928734, 0.253288006, 13.9850843, -1.32553065, -0.419066826, -12.9406465, 1.20188071, 0.131538336, -5.30299034, 0, 1.22710011e-08, 1.22710011e-08, 1382907.25, 1383786.22, 30.8865212, 0.27, 3.332, 848.071262, -1.74459748, 1.33341905, 0, 4.99998936e+16, 5.71019645e-07, 5.16602442e-06, 0, 0
0.115178513, 0, 0, 5e+16, 0, 3.84278221e-21, 3.718e+18, 6.44e+20, 4.85, 4, 83.2286334, 32.124938, 0.866667, 662957.923, 2.21314856e+13, 4.08387515e+11, 4.95031694e+12, 2.20942174, -81.2916771, -85.2290045, 5e+16, 3.0732531e+19, -623938.516, 224023.244, 304.73625, 32.124938, 83.7018257, 0.866667, 0.866667, 5e+16, 0.465376586, 1.77783497, 0.253320959, 14.0164521, -1.31293891, -0.443111809, -12.9574137, 1.19865785, 0.142163389, -5.34424473, 0, 1.22699083e-08, 1.22699083e-08, 1395915.6, 1396724.99, 31.2036869, 0.27, 3.332, 778.176674, -1.75605072, 1.34082124, 0, 4.99998946e+16, 6.10309613e-07, 5.3827748e-06, 0, 0
0.121875, 0, 0, 5e+16, 0, 3.78763206e-21, 3.718e+18, 6.44e+20, 4.85, 4, 83.077035, 32.1660887, 0.866667, 665178.224, 2.68567991e+13, 3.98568941e+11, 5.62921737e+12, 2.240034, -81.1406459, -85.0808635, 5e+16, 3.03416713e+19, -623146.238, 232703.303, 304.68872, 32.1660887, 81.8647056, 0.866667, 0.866667, 5e+16, 0.527546396, 1.74899998, 0.253399947, 14.0919975, -1.28104961, -0.500285159, -12.9962505, 1.19076136, 0.167391633, -5.44806022, 0, 1.22671907e-08, 1.22671907e-08, 1425938.32, 1426571.54, 31.9714293, 0.27, 3.332, 601.240503, -1.78133477, 1.35815299, 0, 4.99998971e+16, 6.97103441e-07, 5.86634713e-06, 0, 0
0.124553513, 0, 0, 5e+16, 0, 3.76680032e-21, 3.718e+18, 6.44e+20, 4.85, 4, 83.0129162, 32.183029, 0.866667, 666119.434, 2.90726935e+13, 3.95499775e+11, 5.89453809e+12, 2.2581896, -81.0767023, -85.0179854, 5e+16, 3.02061409e+19, -622818.536, 236188.269, 304.670372, 32.183029, 81.8647056, 0.866667, 0.866667, 5e+16, 0.555699732, 1.73980461, 0.253430597, 14.1272281, -1.27131253, -0.525842823, -13.0176595, 1.18769886, 0.179630713, -5.48767878, 0, 1.22661419e-08, 1.22661419e-08, 1442260.45, 1442807.87, 32.3235812, 0.27, 3.332, 515.100842, -1.79715535, 1.36732958, 0, 4.99998978e+16, 7.55886907e-07, 6.13859611e-06, 0, 0
0.13125, 0, 0, 5e+16, 0, 3.71488052e-21, 3.718e+18, 6.44e+20, 4.85, 4, 82.8531767, 32.2260865, 0.866667, 668460.577, 3.54517234e+13, 3.87914168e+11, 6.62106647e+12, 2.30034182, -80.9174021, -84.8613761, 5e+16, 2.98803779e+19, -621992.798, 244876.479, 304.624752, 32.2260865, 79.8824959, 0.866667, 0.866667, 5e+16, 0.622893282, 1.71680106, 0.253503932, 14.2127578, -1.24674652, -0.58686719, -13.0683735, 1.18026646, 0.208765279, -5.58745279, 0, 1.22635338e-08, 1.22635338e-08, 1480649.31, 1480987.54, 33.1806158, 0.27, 3.332, 305.05438, -1.83361371, 1.38903173, 0, 4.99998997e+16, 8.86041705e-07, 6.7469063e-06, 0, 0
0.133928513, 0, 0, 5e+16, 0, 3.69524937e-21, 3.718e+18, 6.44e+20, 4.85, 4, 82.7857891, 32.2437941, 0.866667, 669449.873, 3.67338836e+13, 3.8549325e+11, 6.46207685e+12, 2.28844582, -80.850152, -84.7933807, 5e+16, 2.96693007e+19, -621651.644, 248365.332, 304.607135, 32.2437941, 78.5159345, 0.866667, 0.919727019, 5e+16, 0.613996463, 1.70918167, 0.25353245, 14.2135438, -1.23907388, -0.572218007, -13.051924, 1.1772724, 0.221086071, -5.62708287, 0, 1.22625268e-08, 1.22625268e-08, 1473394.8, 1473732.7, 32.7165859, 0.27, 3.332, 305.184735, -1.81129188, 1.39835847, 0, 4.99999003e+16, 9.67531802e-07, 7.01120033e-06, 0, 0
0.140625, 0, 0, 5e+16, 0, 3.64632006e-21, 3.718e+18, 6.44e+20, 4.85, 4, 82.6179004, 32.28883, 0.866667, 671910.175, 4.02550057e+13, 3.79528707e+11, 6.08733724e+12, 2.26016655, -80.6826061, -84.6239992, 5e+16, 2.91393443e+19, -620791.507, 257062.587, 304.563336, 32.28883, 76.4673781, 0.866667, 0.919727019, 5e+16, 0.593556912, 1.69027299, 0.253600531, 14.2178885, -1.21982706, -0.53810369, -13.0135465, 1.17006184, 0.250507939, -5.7267319, 0, 1.22600231e-08, 1.22600231e-08, 1456553.16, 1456895.91, 31.5965644, 0.27, 3.332, 311.154898, -1.75793074, 1.42056978, 0, 4.99999018e+16, 1.14807395e-06, 7.60217155e-06, 0, 0
0.143303513, 0, 0, 5e+16, 0, 3.62780094e-21, 3.718e+18, 6.44e+20, 4.85, 4, 82.54724, 32.3076467, 0.919727019, 672208.933, 4.38899648e+13, 3.76150669e+11, 6.04032898e+12, 2.30572234, -80.6121547, -84.5531646, 5e+16, 2.88875262e+19, -620421.173, 258720.05, 304.546417, 32.3076467, 76.4673781, 0.97278704, 0.919727019, 5e+16, 0.654657737, 1.68090108, 0.253625168, 14.2832597, -1.20913067, -0.599781909, -13.0706965, 1.16762434, 0.261501722, -5.75910819, 0, 1.2259056e-08, 1.2259056e-08, 1492940.34, 1493301.75, 31.3002471, 0.27, 3.332, 330.110046, -1.80891257, 1.42912606, 0, 2.58976968e+16, 1.17735508e-06, 7.77598852e-06, 0, 0
0.15, 0, 0, 5e+16, 0, 3.58164154e-21, 3.718e+18, 6.44e+20, 4.85, 4, 82.3711932, 32.3555523, 1.05238114, 672949.869, 5.43432319e+13, 3.67808751e+11, 5.93178178e+12, 2.41298481, -80.4366325, -84.3767145, 5e+16, 2.82563793e+19, -619493.261, 262849.028, 304.504354, 32.3555523, 75.1295752, 1.23809529, 1.05238114, 5e+16, 0.800423055, 1.65745728, 0.25368374, 14.4403483, -1.18211842, -0.746875154, -13.2065195, 1.16179202, 0.287844696, -5.84046931, 0, 1.22566517e-08, 1.22566517e-08, 1578674.56, 1579077.78, 30.5817365, 0.27, 3.332, 372.638823, -1.92899358, 1.44963671, 0, 4.99999048e+15, 1.24064007e-06, 8.15945486e-06, 0, 0
0.15, 0, 0, 5e+15, 0, 3.58164154e-21, 3.718e+18, 6.44e+20, 4.85, 4, 82.3711932, 32.3555523, 1.05238114, 674963.346, 5.43432319e+13, 3.67808751e+11, 5.93178178e+12, 2.41298481, -80.4366325, -84.3767145, 5e+15, 2.82563793e+19, -619734.501, 267403.538, 304.504354, 32.3555523, 75.1295752, 1.23809529, 1.05238114, 5e+15, 0.800423055, 1.65745728, 0.25368374, 14.4403483, -1.18211842, -0.746875154, -13.2065195, 1.16179202, 0.287844696, -5.84046931, 0, 1.22566517e-08, 1.22566517e-08, 1578674.56, 1579077.78, 30.5817365, 0.27, 3.332, 372.638823, -1.92899358, 1.44963671, 0, 4.99999048e+15, 1.24064007e-06, 8.15945486e-06, 0, 0
0.151785675, 0, 0, 5e+15, 0, 3.56987046e-21, 3.718e+18, 6.44e+20, 4.85, 4, 82.3233795, 32.3683488, 1.10544116, 674833.008, 5.6149696e+13, 3.66387954e+11, 6.10638249e+12, 2.43451757, -80.3889037, -84.3296807, 5e+15, 2.8198367e+19, -619434.4, 267769.039, 304.493443, 32.3683488, 74.7075812, 1.23809529, 1.10544116, 5e+15, 0.826868901, 1.65258442, 0.253713952, 14.4735835, -1.17763141, -0.77002854, -13.2294691, 1.15940256, 0.301216117, -5.87054879, 0, 1.22560281e-08, 1.22560281e-08, 1594316.31, 1594659.89, 30.8213354, 0.27, 3.332, 312.759194, -1.94765995, 1.46061868, 0, 4.99999051e+15, 1.25963775e-06, 8.27927432e-06, 0, 0
0.15625, 0, 0, 5e+15, 0, 3.54052971e-21, 3.718e+18, 6.44e+20, 4.85, 4, 82.2042614, 32.400935, 1.23809529, 674502.488, 6.09188879e+13, 3.62918683e+11, 6.57192845e+12, 2.48606867, -80.269994, -84.2125372, 5e+15, 2.80649982e+19, -618683.31, 268671.836, 304.466319, 32.400935, 74.2631672, 1.23809529, 1.23809529, 5e+15, 0.890494491, 1.64068502, 0.253786373, 14.5550912, -1.16652769, -0.825753478, -13.285024, 1.15371595, 0.333334115, -5.9462952, 0, 1.22544778e-08, 1.22544778e-08, 1631684.93, 1631860.86, 31.4130342, 0.27, 3.332, 144.521348, -1.99228116, 1.48705007, 0, 4.9999906e+15, 1.30017416e-06, 8.54488047e-06, 0, 0
0.158035675, 0, 0, 5e+15, 0, 3.5291939e-21, 3.718e+18, 6.44e+20, 4.85, 4, 82.1558808, 32.4141081, 1.23809529, 674636.048, 6.27881663e+13, 3.62262537e+11, 6.75801517e+12, 2.50993992, -80.2216447, -84.1649073, 5e+15, 2.80557545e+19, -618432.355, 269580.021, 304.455694, 32.4141081, 74.2631672, 1.23809529, 1.23809529, 5e+15, 0.917643191, 1.63784081, 0.253812803, 14.5892553, -1.16448466, -0.850336998, -13.3119881, 1.15173695, 0.344950407, -5.96959371, 0, 1.22538705e-08, 1.22538705e-08, 1649142.5, 1649275.23, 31.7049189, 0.27, 3.332, 101.025791, -2.01482166, 1.49668736, 0, 4.99999062e+15, 1.32770576e-06, 8.59494728e-06, 0, 0
0.1625, 0, 0, 5e+15, 0, 3.50093731e-21, 3.718e+18, 6.44e+20, 4.85, 4, 82.0353567, 32.4476693, 1.23809529, 674957.842, 6.77150804e+13, 3.60708052e+11, 7.25225129e+12, 2.56729496, -80.1011932, -84.0462802, 5e+15, 2.80447047e+19, -617798.622, 271832.553, 304.429279, 32.4476693, 73.6639865, 1.23809529, 1.23809529, 5e+15, 0.982899129, 1.631056, 0.253875942, 14.6730536, -1.1596037, -0.909428167, -13.3774919, 1.14702351, 0.372868748, -6.02833683, 0, 1.22523609e-08, 1.22523609e-08, 1691002.05, 1691023.41, 32.42397, 0.27, 3.332, -11.0706824, -2.06903186, 1.51989226, 0, 4.99999065e+15, 1.38810252e-06, 8.7038631e-06, 0, 0
0.164285675, 0, 0, 5e+15, 0, 3.49001534e-21, 3.718e+18, 6.44e+20, 4.85, 4, 81.9864077, 32.4612288, 1.23809529, 675090.921, 6.97576292e+13, 3.60031333e+11, 7.45250781e+12, 2.5931679, -80.0522777, -83.9980634, 5e+15, 2.80290468e+19, -617541.113, 272743.229, 304.418929, 32.4612288, 73.1961247, 1.23809529, 1.23809529, 5e+15, 1.01212572, 1.62810765, 0.253900283, 14.7086476, -1.15749568, -0.935848056, -13.4063713, 1.14496213, 0.385462477, -6.05082228, 0, 1.22517694e-08, 1.22517694e-08, 1709798.88, 1709820.75, 32.7358164, 0.27, 3.332, -10.8604152, -2.09334373, 1.53042461, 0, 4.99999067e+15, 1.41956975e-06, 8.75349844e-06, 0, 0
0.16875, 0, 0, 5e+15, 0, 3.46278957e-21, 3.718e+18, 6.44e+20, 4.85, 4, 81.864474, 32.4957917, 1.23809529, 675410.86, 7.51179049e+13, 3.58426339e+11, 7.98128063e+12, 2.65506231, -79.930422, -83.8779717, 5e+15, 2.80008522e+19, -616890.527, 275001.627, 304.393201, 32.4957917, 72.6072869, 1.23809529, 1.23809529, 5e+15, 1.082098, 1.62106065, 0.253958259, 14.795697, -1.15245409, -0.999076673, -13.4762216, 1.14003823, 0.415670405, -6.1076811, 0, 1.2250299e-08, 1.2250299e-08, 1754664.78, 1754687.19, 33.49659, 0.27, 3.332, -11.0876466, -2.15153077, 1.55570864, 0, 4.99999071e+15, 1.48868121e-06, 8.86149009e-06, 0, 0
0.170535675, 0, 0, 5e+15, 0, 3.45226115e-21, 3.718e+18, 6.44e+20, 4.85, 4, 81.814955, 32.509748, 1.23809529, 675543.477, 7.73717556e+13, 3.57727387e+11, 8.19984234e+12, 2.68356285, -79.8809389, -83.8291783, 5e+15, 2.79796839e+19, -616626.333, 275914.973, 304.383117, 32.509748, 72.6072869, 1.23809529, 1.23809529, 5e+15, 1.11404959, 1.61800461, 0.253980535, 14.8331593, -1.15027475, -1.0279351, -13.5076159, 1.13789582, 0.429476887, -6.12911988, 0, 1.22497228e-08, 1.22497228e-08, 1775250.68, 1775274.16, 33.839402, 0.27, 3.332, -10.3609944, -2.17820985, 1.56737272, 0, 4.99999073e+15, 1.5221353e-06, 8.91051329e-06, 0, 0
0.175, 0, 0, 5e+15, 0, 3.4260156e-21, 3.718e+18, 6.44e+20, 4.85, 4, 81.6916079, 32.5453404, 1.23809529, 675861.574, 8.32555888e+13, 3.56066112e+11, 8.77300638e+12, 2.75127424, -79.7576756, -83.707646, 5e+15, 2.79366157e+19, -615958.543, 278179.67, 304.358052, 32.5453404, 72.0285652, 1.23809529, 1.23809529, 5e+15, 1.19007481, 1.61067898, 0.254033404, 14.9243664, -1.14505112, -1.09654791, -13.5830476, 1.13275978, 0.462450769, -6.18362689, 0, 1.22482904e-08, 1.22482904e-08, 1824047.59, 1824073.01, 34.666125, 0.27, 3.332, -9.24231524, -2.24159902, 1.59521055, 0, 4.99999077e+15, 1.59557224e-06, 9.01704037e-06, 0, 0
0.176785675, 0, 0, 5e+15, 0, 3.41586148e-21, 3.718e+18, 6.44e+20, 4.85, 4, 81.6415172, 32.5597043, 1.23809529, 675993.752, 8.5768531e+13, 3.55345284e+11, 9.0149163e+12, 2.78317274, -79.7076231, -83.6582852, 5e+15, 2.79106943e+19, -615687.53, 279095.878, 304.348226, 32.5597043, 71.5765525, 1.23809529, 1.23809529, 5e+15, 1.22552763, 1.60751768, 0.254053631, 14.9642009, -1.1428006, -1.12855227, -13.617668, 1.13053964, 0.477789058, -6.20369956, 0, 1.22477289e-08, 1.22477289e-08, 1846952.85, 1846979.55, 35.0513642, 0.27, 3.332, -8.35627051, -2.27135287, 1.60832869, 0, 4.99999078e+15, 1.63108784e-06, 9.06553586e-06, 0, 0
0.18125, 0, 0, 5e+15, 0, 3.3905482e-21, 3.718e+18, 6.44e+20, 4.85, 4, 81.5167526, 32.5963557, 1.23809529, 676310.031, 9.22962998e+13, 3.53627071e+11, 9.64535583e+12, 2.85838768, -79.5829484, -83.5353347, 5e+15, 2.78547449e+19, -615002.168, 281367.338, 304.3238, 32.5963557, 71.0077081, 1.23809529, 1.23809529, 5e+15, 1.30932023, 1.59991233, 0.254101432, 15.060693, -1.13739008, -1.20411971, -13.7002567, 1.12519477, 0.514213108, -6.25517442, 0, 1.22463331e-08, 1.22463331e-08, 1900840.95, 1900870.36, 35.9711419, 0.27, 3.332, -6.56962333, -2.34150978, 1.63940787, 0, 4.99999083e+15, 1.70900366e-06, 9.17055866e-06, 0, 0
0.183035675, 0, 0, 5e+15, 0, 3.38075013e-21, 3.718e+18, 6.44e+20, 4.85, 4, 81.4660884, 32.6111386, 1.23809529, 676441.798, 9.512008e+13, 3.5288536e+11, 9.91575556e+12, 2.89447363, -79.5323246, -83.4854115, 5e+15, 2.78245731e+19, -614724.197, 282286.611, 304.314222, 32.6111386, 71.0077081, 1.23809529, 1.23809529, 5e+15, 1.34905453, 1.59665094, 0.25411962, 15.103374, -1.13507061, -1.23996197, -13.7388014, 1.12290202, 0.531448049, -6.27351408, 0, 1.22457858e-08, 1.22457858e-08, 1926602.71, 1926633.2, 36.4084485, 0.27, 3.332, -5.91405197, -2.37503258, 1.65435006, 0, 4.99999084e+15, 1.74665982e-06, 9.21887177e-06, 0, 0
0.1875, 0, 0, 5e+15, 0, 3.3563236e-21, 3.718e+18, 6.44e+20, 4.85, 4, 81.3399019, 32.6488795, 1.23809529, 676756.293, 1.02429313e+14, 3.51111185e+11, 1.0617526e+13, 2.97903763, -79.406234, -83.3610582, 5e+15, 2.77571359e+19, -614020.882, 284565.325, 304.290415, 32.6488795, 70.448492, 1.23809529, 1.23809529, 5e+15, 1.44245511, 1.588772, 0.254162377, 15.2062949, -1.12947361, -1.32413082, -13.8302048, 1.11735662, 0.572148751, -6.32112926, 0, 1.22444254e-08, 1.22444254e-08, 1986836.89, 1986870.09, 37.4460856, 0.27, 3.332, -4.24294191, -2.45360442, 1.68950537, 0, 4.99999089e+15, 1.82921418e-06, 9.32289235e-06, 0, 0
0.189285675, 0, 0, 5e+15, 0, 3.34686426e-21, 3.718e+18, 6.44e+20, 4.85, 4, 81.2886621, 32.6640932, 1.23809529, 676887.685, 1.05613733e+14, 3.50350179e+11, 1.09208729e+13, 3.01999892, -79.3550368, -83.3105726, 5e+15, 2.77230218e+19, -613735.808, 285487.879, 304.281077, 32.6640932, 70.0115055, 1.23809529, 1.23809529, 5e+15, 1.48713602, 1.58541828, 0.254178533, 15.252192, -1.12708939, -1.36437796, -13.8732488, 1.11499804, 0.591642052, -6.33737044, 0, 1.22438919e-08, 1.22438919e-08, 2015918.1, 2015951.83, 37.9417191, 0.27, 3.332, -4.21354246, -2.49146734, 1.70664009, 0, 4.99999091e+15, 1.86909151e-06, 9.37155229e-06, 0, 0
0.19375, 0, 0, 5e+15, 0, 3.32328132e-21, 3.718e+18, 6.44e+20, 4.85, 4, 81.161049, 32.702956, 1.23809529, 677200.444, 1.13843557e+14, 3.48522645e+11, 1.17070788e+13, 3.11564158, -79.2275255, -83.1848211, 5e+15, 2.7644984e+19, -613014.144, 287774.372, 304.257865, 32.702956, 69.4616611, 1.23809529, 1.23809529, 5e+15, 1.59183552, 1.57727906, 0.254216254, 15.3625159, -1.12131168, -1.45861277, -13.9749477, 1.10926522, 0.637486381, -6.38025311, 0, 1.22425656e-08, 1.22425656e-08, 2083661.94, 2083697.5, 39.1155398, 0.27, 3.332, -3.55839116, -2.57992445, 1.7467516, 0, 4.99999095e+15, 1.95644285e-06, 9.47551393e-06, 0, 0
0.195535675, 0, 0, 5e+15, 0, 3.31414425e-21, 3.718e+18, 6.44e+20, 4.85, 4, 81.1092316, 32.718613, 1.23809529, 677331.502, 1.17431923e+14, 3.47744464e+11, 1.20466172e+13, 3.16197952, -79.1757528, -83.1337683, 5e+15, 2.76071386e+19, -612721.816, 288700.435, 304.248758, 32.718613, 69.2485348, 1.23809529, 1.23809529, 5e+15, 1.64193329, 1.57384306, 0.254230376, 15.4118537, -1.11886873, -1.50363831, -14.0228748, 1.10684901, 0.659552269, -6.39407665, 0, 1.22420452e-08, 1.22420452e-08, 2116396.58, 2116431.8, 39.6718523, 0.27, 3.332, -4.454373, -2.62250704, 1.76640129, 0, 4.99999097e+15, 1.99862485e-06, 9.5251009e-06, 0, 0
0.2, 0, 0, 5e+15, 0, 3.29136394e-21, 3.718e+18, 6.44e+20, 4.85, 4, 80.9801869, 32.7586315, 1.23809529, 677642.587, 1.26708753e+14, 3.45867709e+11, 1.29276509e+13, 3.27008724, -79.0468154, -83.0066119, 5e+15, 2.75190853e+19, -611981.39, 290995.263, 304.226122, 32.7586315, 68.1759045, 1.23809529, 1.23809529, 5e+15, 1.75925407, 1.56546376, 0.25426306, 15.5302623, -1.11292134, -1.60902678, -14.1359791, 1.10094635, 0.711341993, -6.43141505, 0, 1.22407519e-08, 1.22407519e-08, 2192573.46, 2192608.84, 40.9915266, 0.27, 3.332, -5.60791545, -2.72194813, 1.81228835, 0, 4.99999102e+15, 2.09093274e-06, 9.63016218e-06, 0, 0
0.201785675, 0, 0, 5e+15, 0, 3.28253355e-21, 3.718e+18, 6.44e+20, 4.85, 4, 80.9277895, 32.7747447, 1.23809529, 677773.359, 1.30735488e+14, 3.45074909e+11, 1.3305225e+13, 3.32208285, -78.9944646, -82.9549838, 5e+15, 2.74777155e+19, -611681.653, 291925.08, 304.217237, 32.7747447, 67.9662104, 1.23809529, 1.23809529, 5e+15, 1.81501692, 1.56195742, 0.254275145, 15.5831198, -1.11042725, -1.65899308, -14.1889634, 1.09848181, 0.73621867, -6.44257688, 0, 1.22402443e-08, 1.22402443e-08, 2229146.92, 2229180.96, 41.6074088, 0.27, 3.332, -7.56533661, -2.76942034, 1.83470048, 0, 4.99999104e+15, 2.13550755e-06, 9.68116669e-06, 0, 0
0.20625, 0, 0, 5e+15, 0, 3.26051693e-21, 3.718e+18, 6.44e+20, 4.85, 4, 80.7973079, 32.8159544, 1.23809529, 678082.85, 1.41163186e+14, 3.43154444e+11, 1.42877704e+13, 3.44357059, -78.8640956, -82.8264065, 5e+15, 2.73801569e+19, -610922.035, 294228.837, 304.195155, 32.8159544, 67.9662104, 1.23809529, 1.23809529, 5e+15, 1.94579819, 1.55336438, 0.254302775, 15.7099606, -1.10432606, -1.77615491, -14.3141202, 1.0924307, 0.794609389, -6.47370213, 0, 1.22389827e-08, 1.22389827e-08, 2314360.49, 2314392.53, 43.0740403, 0.27, 3.332, -11.0281104, -2.88048098, 1.88704009, 0, 4.99999108e+15, 2.23293604e-06, 9.78841838e-06, 0, 0
0.208035675, 0, 0, 5e+15, 0, 3.25197839e-21, 3.718e+18, 6.44e+20, 4.85, 4, 80.7443281, 32.8325375, 1.23809529, 678213.394, 1.45653631e+14, 3.4234989e+11, 1.47039364e+13, 3.50129958, -78.8111641, -82.7741935, 5e+15, 2.73355252e+19, -610614.728, 295162.667, 304.186485, 32.8325375, 67.9662104, 1.23809529, 1.23809529, 5e+15, 2.00727264, 1.54980094, 0.254312814, 15.7662981, -1.10178963, -1.83103892, -14.3721522, 1.08992778, 0.822450441, -6.48204258, 0, 1.22384874e-08, 1.22384874e-08, 2354822.18, 2354851.92, 43.7459872, 0.27, 3.332, -14.0072394, -2.93282856, 1.91237822, 0, 4.9999911e+15, 2.27999836e-06, 9.84114793e-06, 0, 0
0.2125, 0, 0, 5e+15, 0, 3.23068854e-21, 3.718e+18, 6.44e+20, 4.85, 4, 80.6124037, 32.8749756, 1.23809529, 678521.389, 1.57309477e+14, 3.40392351e+11, 1.57908359e+13, 3.63659327, -78.6793571, -82.644174, 5e+15, 2.722907e+19, -609835.472, 297475.985, 304.164937, 32.8749756, 67.4428857, 1.23809529, 1.23809529, 5e+15, 2.15186631, 1.54102554, 0.254335366, 15.9016171, -1.09555471, -1.9601383, -14.5095579, 1.08375255, 0.887911157, -6.50647015, 0, 1.22372563e-08, 1.22372563e-08, 2449350.99, 2449376.44, 45.3539452, 0.27, 3.332, -19.9010494, -3.05569301, 1.97166371, 0, 4.99999115e+15, 2.38272021e-06, 9.95137959e-06, 0, 0
0.214285675, 0, 0, 5e+15, 0, 3.22242777e-21, 3.718e+18, 6.44e+20, 4.85, 4, 80.558839, 32.8920426, 1.23809529, 678651.773, 1.62281387e+14, 3.39579078e+11, 1.62451657e+13, 3.69997381, -78.6258422, -82.5913665, 5e+15, 2.71815116e+19, -609520.428, 298414.103, 304.156474, 32.8920426, 67.0333516, 1.23809529, 1.23809529, 5e+15, 2.21894797, 1.53741898, 0.25434335, 15.9613184, -1.09298552, -2.01978338, -14.5724952, 1.08122142, 0.918794363, -6.51190542, 0, 1.22367728e-08, 1.22367728e-08, 2493647.84, 2493670.2, 46.0773114, 0.27, 3.332, -23.7224616, -3.1127689, 2.00001579, 0, 4.99999117e+15, 2.43237336e-06, 1.00059405e-05, 0, 0
0.21875, 0, 0, 5e+15, 0, 3.20182959e-21, 3.718e+18, 6.44e+20, 4.85, 4, 80.4254657, 32.9357481, 1.23809529, 678958.39, 1.7521761e+14, 3.37591899e+11, 1.74359882e+13, 3.8490822, -78.4925905, -82.4598818, 5e+15, 2.70669465e+19, -608721.076, 300737.656, 304.13544, 32.9357481, 66.518323, 1.23809529, 1.23809529, 5e+15, 2.37729983, 1.52849617, 0.254360793, 16.1049381, -1.08664016, -2.16061721, -14.7219829, 1.07494823, 0.991608579, -6.52933537, 0, 1.22355712e-08, 1.22355712e-08, 2597497.68, 2597513.68, 47.8169228, 0.27, 3.332, -31.8150083, -3.24725738, 2.06655681, 0, 4.99999122e+15, 2.54057482e-06, 1.01195371e-05, 0, 0
0.220535675, 0, 0, 5e+15, 0, 3.19383323e-21, 3.718e+18, 6.44e+20, 4.85, 4, 80.3713132, 32.9533138, 1.23809529, 679088.693, 1.80683661e+14, 3.36772957e+11, 1.79274458e+13, 3.91793658, -78.4384891, -82.4064712, 5e+15, 2.7016855e+19, -608398.127, 301680.355, 304.127177, 32.9533138, 66.518323, 1.23809529, 1.23809529, 5e+15, 2.4497957, 1.52486048, 0.254366712, 16.1678541, -1.08404809, -2.22479271, -14.7896099, 1.07239882, 1.0255559, -6.53183824, 0, 1.22350991e-08, 1.22350991e-08, 2645515.67, 2645528.03, 48.5870275, 0.27, 3.332, -36.2230245, -3.30884081, 2.09795472, 0, 4.99999124e+15, 2.59293273e-06, 1.0175878e-05, 0, 0
0.225, 0, 0, 5e+15, 0, 3.17389338e-21, 3.718e+18, 6.44e+20, 4.85, 4, 80.2364843, 32.9983273, 1.23809529, 679394.081, 1.94933073e+14, 3.34763996e+11, 1.92194596e+13, 4.08057433, -78.3037856, -82.2734996, 5e+15, 2.68951387e+19, -607578.201, 304014.864, 304.106638, 32.9983273, 66.0113146, 1.23809529, 1.23809529, 5e+15, 2.6215726, 1.51582711, 0.254379007, 16.3194705, -1.07761769, -2.37691585, -14.9507736, 1.06605438, 1.10585434, -6.54212383, 0, 1.22339258e-08, 1.22339258e-08, 2758503.43, 2758507.84, 50.4472814, 0.27, 3.332, -46.0353643, -3.45453353, 2.17190872, 0, 4.99999129e+15, 2.70681867e-06, 1.02928547e-05, 0, 0
0.226785675, 0, 0, 5e+15, 0, 3.1661487e-21, 3.718e+18, 6.44e+20, 4.85, 4, 80.1817412, 33.0164068, 1.23809529, 679524.394, 2.00903648e+14, 3.33942299e+11, 1.97467575e+13, 4.15468772, -78.2490945, -82.2194787, 5e+15, 2.68429362e+19, -607247.172, 304962.455, 304.098566, 33.0164068, 65.6141798, 1.23809529, 1.23809529, 5e+15, 2.69925887, 1.51217565, 0.254382849, 16.3854543, -1.0750124, -2.44537029, -15.022854, 1.06349591, 1.14285589, -6.54170005, 0, 1.22334647e-08, 1.22334647e-08, 2810106.48, 2810106.97, 51.2601739, 0.27, 3.332, -50.7640302, -3.52038268, 2.20635179, 0, 4.99999131e+15, 2.76200757e-06, 1.03508373e-05, 0, 0
0.23125, 0, 0, 5e+15, 0, 3.1468355e-21, 3.718e+18, 6.44e+20, 4.85, 4, 80.0454496, 33.0627707, 1.23809529, 679828.731, 2.16487395e+14, 3.31919433e+11, 2.11360028e+13, 4.33041083, -78.1129315, -82.0850013, 5e+15, 2.67151397e+19, -606406.189, 307308.686, 304.078504, 33.0627707, 65.114915, 1.23809529, 1.23809529, 5e+15, 2.88398409, 1.5030686, 0.254389956, 16.5447249, -1.0685231, -2.60822258, -15.1951741, 1.05710624, 1.23066616, -6.54479939, 0, 1.22323187e-08, 1.22323187e-08, 2931950.28, 2931941.81, 53.2308645, 0.27, 3.332, -61.7118063, -3.67674567, 2.28777239, 0, 4.99999136e+15, 2.88180628e-06, 1.04709605e-05, 0, 0
0.233035675, 0, 0, 5e+15, 0, 3.13933044e-21, 3.718e+18, 6.44e+20, 4.85, 4, 79.9901127, 33.0813798, 1.23809529, 679959.161, 2.22973125e+14, 3.31097622e+11, 2.16978837e+13, 4.40957718, -78.0576475, -82.0303645, 5e+15, 2.66612438e+19, -606066.906, 308261.498, 304.070617, 33.0813798, 65.114915, 1.23809529, 1.23809529, 5e+15, 2.96665059, 1.49941349, 0.254391707, 16.6136568, -1.06591358, -2.68072267, -15.2714893, 1.05454685, 1.2707025, -6.54146574, 0, 1.22318682e-08, 1.22318682e-08, 2987010.28, 2986997.83, 54.0837126, 0.27, 3.332, -66.5356161, -3.74663624, 2.32524935, 0, 4.99999138e+15, 2.93996604e-06, 1.05304266e-05, 0, 0
0.2375, 0, 0, 5e+15, 0, 3.12061378e-21, 3.718e+18, 6.44e+20, 4.85, 4, 79.8523509, 33.1291378, 1.23809529, 680262.661, 2.39908633e+14, 3.29068343e+11, 2.31801126e+13, 4.59790184, -77.9200168, -81.8943658, 5e+15, 2.65284706e+19, -605204.369, 310620.27, 304.051013, 33.1291378, 64.6231163, 1.23809529, 1.23809529, 5e+15, 3.16382011, 1.49026785, 0.254393585, 16.7802695, -1.05939093, -2.85373391, -15.4544367, 1.04813603, 1.36600164, -6.53739056, 0, 1.22307483e-08, 1.22307483e-08, 3117407.27, 3117385.37, 56.1567717, 0.27, 3.332, -78.0584878, -3.91312483, 2.41413767, 0, 4.99999143e+15, 3.06593341e-06, 1.06533559e-05, 0, 0
0.239285675, 0, 0, 5e+15, 0, 3.11333686e-21, 3.718e+18, 6.44e+20, 4.85, 4, 79.7964167, 33.1482927, 1.23809529, 680393.332, 2.46922352e+14, 3.2824868e+11, 2.37755342e+13, 4.68195304, -77.8641361, -81.8391084, 5e+15, 2.64732681e+19, -604856.653, 311578.653, 304.043302, 33.1482927, 64.2374956, 1.23809529, 1.23809529, 5e+15, 3.25129792, 1.48661949, 0.254393232, 16.8520689, -1.05678508, -2.93008748, -15.5348086, 1.04558252, 1.40906098, -6.53115801, 0, 1.22303079e-08, 1.22303079e-08, 3175822.88, 3175797.11, 57.0479302, 0.27, 3.332, -82.8202624, -3.98687256, 2.4546435, 0, 4.99999145e+15, 3.12721833e-06, 1.07141747e-05, 0, 0
0.24375, 0, 0, 5e+15, 0, 3.09518811e-21, 3.718e+18, 6.44e+20, 4.85, 4, 79.6571766, 33.1974899, 1.23809529, 680696.255, 2.65230077e+14, 3.26219737e+11, 2.53468971e+13, 4.88244201, -77.7250291, -81.7015759, 5e+15, 2.63365784e+19, -603972.064, 313950.837, 304.024139, 33.1974899, 63.7528854, 1.23809529, 1.23809529, 5e+15, 3.46046385, 1.47746694, 0.254389834, 17.0257842, -1.05025272, -3.11274925, -15.7279149, 1.03917167, 1.5118208, -6.5199293, 0, 1.22292133e-08, 1.22292133e-08, 3314505.17, 3314469.92, 59.217969, 0.27, 3.332, -94.4714514, -4.16300197, 2.55099248, 0, 4.99999151e+15, 3.25964092e-06, 1.083958e-05, 0, 0
0.245535675, 0, 0, 5e+15, 0, 3.08812843e-21, 3.718e+18, 6.44e+20, 4.85, 4, 79.6006416, 33.2172071, 1.23809529, 680827.307, 2.72788089e+14, 3.2540403e+11, 2.59751227e+13, 4.97126124, -77.6685481, -81.6456943, 5e+15, 2.62804073e+19, -603615.74, 314915.159, 304.016599, 33.2172071, 63.7528854, 1.23809529, 1.23809529, 5e+15, 3.55263758, 1.47383368, 0.254387362, 17.1004129, -1.04765708, -3.19281389, -15.8122141, 1.03662932, 1.55790982, -6.51079235, 0, 1.22287827e-08, 1.22287827e-08, 3376210.29, 3376171.34, 60.1468321, 0.27, 3.332, -99.0885581, -4.24047097, 2.59453915, 0, 4.99999153e+15, 3.32422005e-06, 1.09016731e-05, 0, 0
0.25, 0, 0, 5e+15, 0, 3.07052041e-21, 3.718e+18, 6.44e+20, 4.85, 4, 79.4599144, 33.2678894, 1.23809529, 681129.963, 2.92496365e+14, 3.23381142e+11, 2.76325704e+13, 5.18357425, -77.5279557, -81.5066175, 5e+15, 2.61407602e+19, -602708.603, 317301.683, 303.997859, 33.2678894, 63.275187, 1.23809529, 1.23809529, 5e+15, 3.77345591, 1.46470113, 0.254378641, 17.2810834, -1.04113566, -3.38471759, -16.0151086, 1.03023587, 1.66812962, -6.49240839, 0, 1.22277122e-08, 1.22277122e-08, 3522977.24, 3522929.07, 62.4110691, 0.27, 3.332, -110.576544, -4.42585325, 2.69836549, 0, 4.99999158e+15, 3.46341695e-06, 1.10293093e-05, 0, 0
0.251785675, 0, 0, 5e+15, 0, 3.0636676e-21, 3.718e+18, 6.44e+20, 4.85, 4, 79.4027748, 33.2881855, 1.23809529, 681261.561, 3.00619093e+14, 3.22570712e+11, 2.82931858e+13, 5.27709715, -77.4708705, -81.4501085, 5e+15, 2.60839007e+19, -602343.498, 318272.331, 303.990483, 33.2881855, 62.900208, 1.23809529, 1.23809529, 5e+15, 3.87026417, 1.46108915, 0.254374036, 17.3585421, -1.03855521, -3.4683988, -16.1032524, 1.02770841, 1.71727836, -6.48034008, 0, 1.2227291e-08, 1.2227291e-08, 3587941.4, 3587889.75, 63.3778141, 0.27, 3.332, -115.03159, -4.50695401, 2.74498678, 0, 4.9999916e+15, 3.53147402e-06, 1.1092659e-05, 0, 0
0.25625, 0, 0, 5e+15, 0, 3.04657443e-21, 3.718e+18, 6.44e+20, 4.85, 4, 79.2605514, 33.3403998, 1.23809529, 681564.32, 3.21767043e+14, 3.20558385e+11, 3.00346218e+13, 5.50100995, -77.3287828, -81.3094789, 5e+15, 2.59421173e+19, -601413.324, 320674.175, 303.97215, 33.3403998, 62.4291454, 1.23809529, 1.23809529, 5e+15, 4.10251203, 1.45199793, 0.254359944, 17.5461132, -1.03206157, -3.66924584, -16.3156719, 1.02134565, 1.83500408, -6.45475775, 0, 1.22262439e-08, 1.22262439e-08, 3742671.32, 3742610.83, 65.7356238, 0.27, 3.332, -126.220812, -4.7013074, 2.85634972, 0, 4.99999165e+15, 3.67779742e-06, 1.12224022e-05, 0, 0
0.258035675, 0, 0, 5e+15, 0, 3.03991864e-21, 3.718e+18, 6.44e+20, 4.85, 4, 79.202803, 33.3612915, 1.23809529, 681696.649, 3.30479234e+14, 3.19754085e+11, 3.07275013e+13, 5.59921821, -77.2710892, -81.2523393, 5e+15, 2.58847906e+19, -601039.269, 321651.552, 303.964931, 33.3612915, 62.4291454, 1.23809529, 1.23809529, 5e+15, 4.20394047, 1.44841128, 0.254353189, 17.626435, -1.02949972, -3.75648912, -16.4076166, 1.0188354, 1.88726632, -6.43970935, 0, 1.22258316e-08, 1.22258316e-08, 3810895.32, 3810831.52, 66.7409298, 0.27, 3.332, -130.544457, -4.78598884, 2.90610171, 0, 4.99999167e+15, 3.74953057e-06, 1.12870497e-05, 0, 0
0.2625, 0, 0, 5e+15, 0, 3.02331574e-21, 3.718e+18, 6.44e+20, 4.85, 4, 79.0590734, 33.4150842, 1.23809529, 681999.949, 3.53118097e+14, 3.17755536e+11, 3.2551752e+13, 5.83461868, -77.1274964, -81.1101488, 5e+15, 2.5741538e+19, -600085.593, 324069.751, 303.946989, 33.4150842, 61.9644456, 1.23809529, 1.23809529, 5e+15, 4.44751109, 1.43937679, 0.254333677, 17.8209343, -1.02304645, -3.96608188, -16.6293953, 1.01251247, 2.01259768, -6.40683697, 0, 1.22248068e-08, 1.22248068e-08, 3973542.42, 3973470.18, 69.1932276, 0.27, 3.332, -141.429346, -4.98912833, 3.02511015, 0, 4.99999172e+15, 3.90336562e-06, 1.14189062e-05, 0, 0
0.264285675, 0, 0, 5e+15, 0, 3.01684759e-21, 3.718e+18, 6.44e+20, 4.85, 4, 79.000712, 33.436588, 1.23809529, 682133.222, 3.62448755e+14, 3.16957796e+11, 3.32769972e+13, 5.93752956, -77.0691899, -81.0523756, 5e+15, 2.56839101e+19, -599702.431, 325054.275, 303.939922, 33.436588, 61.5992627, 1.23809529, 1.23809529, 5e+15, 4.55358174, 1.4358176, 0.254324757, 17.9041758, -1.02050515, -4.05686194, -16.725125, 1.0100205, 2.06804825, -6.38874028, 0, 1.22244032e-08, 1.22244032e-08, 4045051.24, 4044975.8, 70.2380246, 0.27, 3.332, -145.68145, -5.0773671, 3.07806875, 0, 4.99999174e+15, 3.9789871e-06, 1.14849452e-05, 0, 0
0.26875, 0, 0, 5e+15, 0, 3.0007116e-21, 3.718e+18, 6.44e+20, 4.85, 4, 78.8554657, 33.4920048, 1.23809529, 682437.584, 3.86642168e+14, 3.14975011e+11, 3.51836707e+13, 6.18440031, -76.924081, -80.9086162, 5e+15, 2.55397024e+19, -598724.816, 327489.91, 303.922354, 33.4920048, 61.1406561, 1.23809529, 1.23809529, 5e+15, 4.80846618, 1.42684954, 0.254299776, 18.105697, -1.01410063, -4.27508384, -16.9561751, 1.00374275, 2.20113723, -6.34843892, 0, 1.22233999e-08, 1.22233999e-08, 4215633.79, 4215550.24, 72.7866479, 0.27, 3.332, -156.348466, -5.28918447, 3.20487998, 0, 4.99999179e+15, 4.14075148e-06, 1.16190462e-05, 0, 0
0.270535675, 0, 0, 5e+15, 0, 2.99442218e-21, 3.718e+18, 6.44e+20, 4.85, 4, 78.7964866, 33.5141366, 1.23809529, 682572.042, 3.96624408e+14, 3.14183916e+11, 3.59415403e+13, 6.29205566, -76.8651572, -80.8502061, 5e+15, 2.54818924e+19, -598332.403, 328482.009, 303.915431, 33.5141366, 61.1406561, 1.23809529, 1.23809529, 5e+15, 4.91922612, 1.42331842, 0.254288673, 18.1919313, -1.0115806, -4.36939382, -17.0556919, 1.0012692, 2.25986789, -6.32721035, 0, 1.22230045e-08, 1.22230045e-08, 4290469.26, 4290382.54, 73.8719209, 0.27, 3.332, -160.601488, -5.38097442, 3.26113709, 0, 4.99999181e+15, 4.22048781e-06, 1.16866157e-05, 0, 0
0.275, 0, 0, 5e+15, 0, 2.97873088e-21, 3.718e+18, 6.44e+20, 4.85, 4, 78.6497122, 33.5712215, 1.23809529, 682878.072, 4.22448207e+14, 3.12217788e+11, 3.79308334e+13, 6.55045035, -76.7185208, -80.7048696, 5e+15, 2.53371052e+19, -597330.464, 330936.203, 303.898223, 33.5712215, 60.6878782, 1.23809529, 1.23809529, 5e+15, 5.18548897, 1.4144214, 0.254258173, 18.4006153, -1.00522924, -4.59618533, -17.2959795, 0.995038729, 2.40091156, -6.27930015, 0, 1.22220217e-08, 1.22220217e-08, 4469053.95, 4468959.27, 76.5191009, 0.27, 3.332, -171.190298, -5.60141457, 3.39595029, 0, 4.99999186e+15, 4.39063193e-06, 1.18232067e-05, 0, 0
0.276785675, 0, 0, 5e+15, 0, 2.97261173e-21, 3.718e+18, 6.44e+20, 4.85, 4, 78.5901106, 33.5939963, 1.23809529, 683013.985, 4.33119118e+14, 3.11433174e+11, 3.87216764e+13, 6.66290609, -76.6589746, -80.6458189, 5e+15, 2.52791949e+19, -596928.674, 331936.307, 303.891439, 33.5939963, 60.3316962, 1.23809529, 1.23809529, 5e+15, 5.30099967, 1.41091778, 0.254244872, 18.4899243, -1.00273023, -4.69402695, -17.3992933, 0.99258303, 2.46302635, -6.25484475, 0, 1.22216343e-08, 1.22216343e-08, 4547267.79, 4547169.91, 77.6457553, 0.27, 3.332, -175.516699, -5.69675719, 3.45560938, 0, 4.99999188e+15, 4.4747244e-06, 1.18924854e-05, 0, 0
0.28125, 0, 0, 5e+15, 0, 2.95734397e-21, 3.718e+18, 6.44e+20, 4.85, 4, 78.4417963, 33.65279, 1.23809529, 683322.396, 4.60661097e+14, 3.09483733e+11, 4.07941747e+13, 6.93292563, -76.5107989, -80.4988964, 5e+15, 2.51340884e+19, -595902.089, 334410.211, 303.874576, 33.65279, 59.8844907, 1.23809529, 1.23809529, 5e+15, 5.57875445, 1.40209245, 0.254208804, 18.7059437, -0.996433236, -4.92936234, -17.6488164, 0.986399539, 2.61225729, -6.19911406, 0, 1.22206713e-08, 1.22206713e-08, 4733953.93, 4733848.14, 80.3937194, 0.27, 3.332, -186.187144, -5.92579558, 3.59865682, 0, 4.99999193e+15, 4.6537328e-06, 1.2031917e-05, 0, 0
0.283035675, 0, 0, 5e+15, 0, 2.95138704e-21, 3.718e+18, 6.44e+20, 4.85, 4, 78.381567, 33.6762217, 1.23809529, 683460.064, 4.72061758e+14, 3.08705281e+11, 4.16183735e+13, 7.05024377, -76.4506253, -80.4392011, 5e+15, 2.50761327e+19, -595490.823, 335418.747, 303.867926, 33.6762217, 59.8844907, 1.23809529, 1.23809529, 5e+15, 5.69908338, 1.39861509, 0.254193286, 18.7984138, -0.993954379, -5.03073859, -17.7559381, 0.983960797, 2.67786824, -6.17132995, 0, 1.22202916e-08, 1.22202916e-08, 4815602.5, 4815493.4, 81.562501, 0.27, 3.332, -190.651376, -6.02469297, 3.66182903, 0, 4.99999195e+15, 4.74243859e-06, 1.21031186e-05, 0, 0
0.2875, 0, 0, 5e+15, 0, 2.93652276e-21, 3.718e+18, 6.44e+20, 4.85, 4, 78.2317001, 33.7367604, 1.23809529, 683771.677, 5.01421707e+14, 3.0677195e+11, 4.37748719e+13, 7.332015, -76.3008975, -80.2906828, 5e+15, 2.49308777e+19, -594439.361, 337913.515, 303.851394, 33.7367604, 59.4426113, 1.23809529, 1.23809529, 5e+15, 5.98847052, 1.38985924, 0.2541516, 19.0219581, -0.987710534, -5.27460592, -18.014707, 0.977822379, 2.83554431, -6.10754451, 0, 1.22193475e-08, 1.22193475e-08, 5010508.27, 5010391.12, 84.4132097, 0.27, 3.332, -201.559376, -6.26231645, 3.81336669, 0, 4.99999199e+15, 4.93083314e-06, 1.22458393e-05, 0, 0
0.289285675, 0, 0, 5e+15, 0, 2.9307204e-21, 3.718e+18, 6.44e+20, 4.85, 4, 78.1708377, 33.7608609, 1.23809529, 683911.43, 5.13597292e+14, 3.05999272e+11, 4.46327984e+13, 7.45425705, -76.2400911, -80.2303387, 5e+15, 2.48729134e+19, -594018.549, 338930.892, 303.844871, 33.7608609, 59.0947215, 1.23809529, 1.23809529, 5e+15, 6.11368451, 1.38640652, 0.25413385, 19.1176758, -0.985250613, -5.3795152, -18.1256431, 0.975399541, 2.90476764, -6.07632599, 0, 1.2218975e-08, 1.2218975e-08, 5095648.22, 5095527.63, 85.6246667, 0.27, 3.332, -206.213932, -6.36476581, 3.88016718, 0, 4.99999201e+15, 5.02442677e-06, 1.231921e-05, 0, 0
0.29375, 0, 0, 5e+15, 0, 2.91624048e-21, 3.718e+18, 6.44e+20, 4.85, 4, 78.0194047, 33.8231745, 1.23809529, 684227.183, 5.44887459e+14, 3.04081127e+11, 4.6874154e+13, 7.74791577, -76.0887979, -80.0802138, 5e+15, 2.47276195e+19, -592942.089, 341447.666, 303.828656, 33.8231745, 58.6579368, 1.23809529, 1.23809529, 5e+15, 6.4148535, 1.37771627, 0.254086501, 19.3489407, -0.979057164, -5.63190073, -18.3936655, 0.96930346, 3.07116256, -6.00423743, 0, 1.22180491e-08, 1.22180491e-08, 5298899.59, 5298770.67, 88.5796645, 0.27, 3.332, -217.496654, -6.6109579, 4.04046602, 0, 4.99999206e+15, 5.2227717e-06, 1.24657626e-05, 0, 0
0.295535675, 0, 0, 5e+15, 0, 2.91058541e-21, 3.718e+18, 6.44e+20, 4.85, 4, 77.9579036, 33.8479534, 1.23809529, 684369.381, 5.57887522e+14, 3.03313832e+11, 4.77661384e+13, 7.87513863, -76.027353, -80.019216, 5e+15, 2.46696727e+19, -592511.701, 342474.264, 303.822257, 33.8479534, 58.486916, 1.23809529, 1.23809529, 5e+15, 6.54501434, 1.37428657, 0.254066502, 19.44799, -0.976614884, -5.74033341, -18.5084147, 0.96689552, 3.14411574, -5.96947792, 0, 1.22176837e-08, 1.22176837e-08, 5387585.23, 5387452.67, 89.8341385, 0.27, 3.332, -222.381257, -6.7169483, 4.11101125, 0, 4.99999208e+15, 5.32154649e-06, 1.2541579e-05, 0, 0
0.3, 0, 0, 5e+15, 0, 2.89647172e-21, 3.718e+18, 6.44e+20, 4.85, 4, 77.8048904, 33.9120635, 1.23809529, 684690.337, 5.91233609e+14, 3.01409823e+11, 5.00931609e+13, 8.1808176, -75.8744803, -79.8674728, 5e+15, 2.45244106e+19, -591410.262, 345014.132, 303.806346, 33.9120635, 57.6278036, 1.23809529, 1.23809529, 5e+15, 6.85811108, 1.36565746, 0.254013441, 19.6871712, -0.970468409, -6.00121094, -18.7856865, 0.960838889, 3.3195112, -5.8888314, 0, 1.22167751e-08, 1.22167751e-08, 5599308.43, 5599167.17, 92.8944908, 0.27, 3.332, -234.150329, -6.97167935, 4.28035009, 0, 4.99999213e+15, 5.53045455e-06, 1.26926e-05, 0, 0
0.301785675, 0, 0, 5e+15, 0, 2.89095703e-21, 3.718e+18, 6.44e+20, 4.85, 4, 77.7427447, 33.9375276, 1.23809529, 684835.361, 6.05112465e+14, 3.00647561e+11, 5.10194706e+13, 8.31307095, -75.8123912, -79.8058164, 5e+15, 2.44665025e+19, -590970.31, 346050.282, 303.800063, 33.9375276, 57.4586563, 1.23809529, 1.23809529, 5e+15, 6.99327279, 1.36224934, 0.253991178, 19.7896327, -0.968042579, -6.1131473, -18.904238, 0.958445006, 3.39631068, -5.85042568, 0, 1.22164164e-08, 1.22164164e-08, 5691590.05, 5691444.95, 94.1921245, 0.27, 3.332, -239.293542, -7.08118988, 4.35475568, 0, 4.99999215e+15, 5.63472362e-06, 1.27711673e-05, 0, 0
0.30625, 0, 0, 5e+15, 0, 2.8771923e-21, 3.718e+18, 6.44e+20, 4.85, 4, 77.5881366, 34.0034453, 1.23809529, 685162.697, 6.40654977e+14, 2.98756677e+11, 5.34328454e+13, 8.63089117, -75.6579242, -79.6524423, 5e+15, 2.43213226e+19, -589844.072, 348614.232, 303.784443, 34.0034453, 57.4586563, 1.23809529, 1.23809529, 5e+15, 7.3184304, 1.35367703, 0.253932362, 20.0369197, -0.961939594, -6.38247098, -19.190736, 0.952425181, 3.58098976, -5.76096555, 0, 1.22155244e-08, 1.22155244e-08, 5911906.15, 5911751.87, 97.3584093, 0.27, 3.332, -251.634751, -7.34441057, 4.53341494, 0, 4.9999922e+15, 5.85486221e-06, 1.29273859e-05, 0, 0
0.308035675, 0, 0, 5e+15, 0, 2.87181142e-21, 3.718e+18, 6.44e+20, 4.85, 4, 77.5253402, 34.0295982, 1.23809529, 685310.945, 6.55472086e+14, 2.97999164e+11, 5.43936727e+13, 8.76821545, -75.5951848, -79.5901219, 5e+15, 2.42634722e+19, -589394.619, 349660.199, 303.778273, 34.0295982, 57.4586563, 1.23809529, 1.23809529, 5e+15, 7.45863732, 1.35028931, 0.25390782, 20.1428683, -0.959529202, -6.4978799, -19.3130681, 0.950044691, 3.66174908, -5.71881128, 0, 1.22151722e-08, 1.22151722e-08, 6007828.73, 6007670.37, 98.6991596, 0.27, 3.332, -257.057841, -7.4574091, 4.61179377, 0, 4.99999222e+15, 5.96495828e-06, 1.30090348e-05, 0, 0
0.3125, 0, 0, 5e+15, 0, 2.85837927e-21, 3.718e+18, 6.44e+20, 4.85, 4, 77.3691218, 34.0973223, 1.23809529, 685645.945, 6.93367921e+14, 2.96120541e+11, 5.68939109e+13, 9.09828081, -75.4391084, -79.4351035, 5e+15, 2.41184177e+19, -588243.951, 352249.068, 303.762931, 34.0973223, 57.0359832, 1.23809529, 1.23809529, 5e+15, 7.79597045, 1.34177005, 0.253843207, 20.3984416, -0.953466589, -6.77558029, -19.6087465, 0.944059503, 3.85599101, -5.62028592, 0, 1.22142961e-08, 1.22142961e-08, 6236850.33, 6236682.26, 101.971487, 0.27, 3.332, -270.036608, -7.72904688, 4.80005051, 0, 4.99999226e+15, 6.19705388e-06, 1.31712708e-05, 0, 0
0.314285675, 0, 0, 5e+15, 0, 2.85312595e-21, 3.718e+18, 6.44e+20, 4.85, 4, 77.3056685, 34.1241638, 1.23809529, 685797.82, 7.09188241e+14, 2.9536756e+11, 5.78893632e+13, 9.24070615, -75.3757124, -79.3721135, 5e+15, 2.40606436e+19, -587785.112, 353305.025, 303.756869, 34.1241638, 56.7031721, 1.23809529, 1.23809529, 5e+15, 7.94125601, 1.33840183, 0.253816372, 20.5079466, -0.951070853, -6.89441876, -19.7348262, 0.941691936, 3.94081933, -5.57428526, 0, 1.22139499e-08, 1.22139499e-08, 6336452.76, 6336280.35, 103.355133, 0.27, 3.332, -275.759243, -7.84548961, 4.88251126, 0, 4.99999228e+15, 6.31332717e-06, 1.32563536e-05, 0, 0
0.31875, 0, 0, 5e+15, 0, 2.84001078e-21, 3.718e+18, 6.44e+20, 4.85, 4, 77.147824, 34.1936791, 1.23809529, 686141.842, 7.49612235e+14, 2.93500517e+11, 6.04767688e+13, 9.5831, -75.2180107, -79.2154366, 5e+15, 2.39157563e+19, -586610.582, 355919.431, 303.741793, 34.1936791, 56.2849166, 1.23809529, 1.23809529, 5e+15, 8.29085738, 1.32993276, 0.253745924, 20.7719763, -0.945046124, -7.18040104, -20.0396155, 0.935739798, 4.14489525, -5.46645159, 0, 1.22130892e-08, 1.22130892e-08, 6574281.96, 6574099.27, 106.733171, 0.27, 3.332, -289.431004, -8.12544717, 5.08063504, 0, 4.99999233e+15, 6.55816576e-06, 1.34255103e-05, 0, 0
0.320535675, 0, 0, 5e+15, 0, 2.83487909e-21, 3.718e+18, 6.44e+20, 4.85, 4, 77.0837077, 34.2212053, 1.23809529, 686297.735, 7.66506371e+14, 2.92751913e+11, 6.15068591e+13, 9.73064468, -75.1539519, -79.1517713, 5e+15, 2.38580771e+19, -586142.525, 356985.435, 303.735834, 34.2212053, 56.2849166, 1.23809529, 1.23809529, 5e+15, 8.44124273, 1.32658344, 0.253716783, 20.8850998, -0.94266448, -7.30261324, -20.1693975, 0.93338485, 4.23389571, -5.41651276, 0, 1.2212749e-08, 1.2212749e-08, 6677595.9, 6677408.59, 108.159308, 0.27, 3.332, -295.473865, -8.24527772, 5.16728056, 0, 4.99999235e+15, 6.68097936e-06, 1.35143938e-05, 0, 0
0.325, 0, 0, 5e+15, 0, 2.82206612e-21, 3.718e+18, 6.44e+20, 4.85, 4, 76.924221, 34.2924816, 1.23809529, 686652.173, 8.09652282e+14, 2.90895948e+11, 6.41815024e+13, 10.0854261, -74.9946089, -78.9934213, 5e+15, 2.37134002e+19, -584944.91, 359625.702, 303.721014, 34.2924816, 55.8710058, 1.23809529, 1.23809529, 5e+15, 8.80317942, 1.31816246, 0.253640466, 21.1577429, -0.936675785, -7.59675527, -20.4832018, 0.927464687, 4.44806437, -5.29914007, 0, 1.22119027e-08, 1.22119027e-08, 6924321.7, 6924123.45, 111.642276, 0.27, 3.332, -309.891848, -8.53343106, 5.37552905, 0, 4.9999924e+15, 6.93940068e-06, 1.36914444e-05, 0, 0
0.326785675, 0, 0, 5e+15, 0, 2.81705043e-21, 3.718e+18, 6.44e+20, 4.85, 4, 76.8594352, 34.3206849, 1.23809529, 686812.443, 8.27696334e+14, 2.90151613e+11, 6.52461387e+13, 10.2380945, -74.9298812, -78.929075, 5e+15, 2.36558344e+19, -584467.852, 360701.67, 303.715153, 34.3206849, 55.5454662, 1.23809529, 1.23809529, 5e+15, 8.95867151, 1.31483161, 0.253609007, 21.2745383, -0.934307842, -7.72227154, -20.6166275, 0.925122169, 4.54133226, -5.24517914, 0, 1.22115682e-08, 1.22115682e-08, 7031370.07, 7031166.86, 113.110302, 0.27, 3.332, -316.323182, -8.65657939, 5.46645443, 0, 4.99999242e+15, 7.06912286e-06, 1.37845006e-05, 0, 0
0.33125, 0, 0, 5e+15, 0, 2.80452557e-21, 3.718e+18, 6.44e+20, 4.85, 4, 76.6982902, 34.3936772, 1.23809529, 687178.662, 8.73776898e+14, 2.88306382e+11, 6.80078299e+13, 10.6052938, -74.7688807, -78.7690371, 5e+15, 2.35114126e+19, -583248.126, 363367.75, 303.700577, 34.3936772, 55.1358814, 1.23809529, 1.23809529, 5e+15, 9.33298087, 1.30645732, 0.253526791, 21.5559351, -0.928353864, -8.02442177, -20.9393225, 0.919233283, 4.76583531, -5.11805361, 0, 1.22107359e-08, 1.22107359e-08, 7287065.02, 7286850.04, 116.696953, 0.27, 3.332, -331.671187, -8.95277564, 5.6850686, 0, 4.99999246e+15, 7.34200644e-06, 1.39704651e-05, 0, 0
0.333035675, 0, 0, 5e+15, 0, 2.79962053e-21, 3.718e+18, 6.44e+20, 4.85, 4, 76.6328289, 34.4225469, 1.23809529, 687343.613, 8.93051776e+14, 2.87566241e+11, 6.91067635e+13, 10.763071, -74.7034777, -78.7040039, 5e+15, 2.34539776e+19, -582762.326, 364453.433, 303.69481, 34.4225469, 55.1358814, 1.23809529, 1.23809529, 5e+15, 9.49356686, 1.30314467, 0.253493007, 21.6764404, -0.925999347, -8.15315301, -21.0763141, 0.916903075, 4.86345645, -5.05999597, 0, 1.22104067e-08, 1.22104067e-08, 7397923.16, 7397263, 118.205941, 0.27, 3.332, -778.360708, -9.07915236, 5.78035953, 0, 4.99999248e+15, 7.4789999e-06, 1.4072402e-05, 0, 0
0.3375, 0, 0, 5e+15, 0, 2.78737045e-21, 3.718e+18, 6.44e+20, 4.85, 4, 76.4700095, 34.4971979, 1.23809529, 687722.873, 9.42296871e+14, 2.85731511e+11, 7.19548991e+13, 11.1426747, -74.5408037, -78.5422632, 5e+15, 2.33098551e+19, -581521.626, 367144.837, 303.680468, 34.4971979, 54.7306635, 1.23809529, 1.23809529, 5e+15, 9.88024128, 1.29481615, 0.253404867, 21.966699, -0.920079216, -8.46311517, -21.4077318, 0.911045063, 5.09851433, -4.92292504, 0, 1.22095879e-08, 1.22095879e-08, 7662791.71, 7661078.39, 121.894207, 0.27, 3.332, -1835.21899, -9.38319437, 6.00955939, 0, 4.99999253e+15, 7.76724208e-06, 1.42777938e-05, 0, 0
0.339285675, 0, 0, 5e+15, 0, 2.78257099e-21, 3.718e+18, 6.44e+20, 4.85, 4, 76.4038666, 34.5267208, 1.23809529, 687892.719, 9.60319698e+14, 2.84995512e+11, 7.27099141e+13, 11.2654362, -74.4747196, -78.4764021, 5e+15, 2.32521366e+19, -581027.375, 368239.783, 303.674792, 34.5267208, 54.4130087, 1.23809529, 1.24419414, 5e+15, 10.0052081, 1.29152154, 0.253368861, 22.0449135, -0.91773795, -8.54774361, -21.5009831, 0.908727109, 5.1996326, -4.86164524, 0, 1.22092638e-08, 1.22092638e-08, 7747700.9, 7756755.9, 122.869259, 0.27, 3.332, 8932.12935, -9.46548156, 6.10835971, 0, 4.99999255e+15, 7.91182401e-06, 1.41544339e-05, 0, 0
0.34375, 0, 0, 5e+15, 0, 2.77058301e-21, 3.718e+18, 6.44e+20, 4.85, 4, 76.2393573, 34.6029643, 1.23809529, 688286.061, 1.00615319e+15, 2.83171126e+11, 7.46544864e+13, 11.5614949, -74.3103565, -78.3126047, 5e+15, 2.31072161e+19, -579766.956, 370955.468, 303.660672, 34.6029643, 54.0122616, 1.23809529, 1.24419414, 5e+15, 10.3068211, 1.28323824, 0.253275045, 22.2342065, -0.911851095, -8.75226795, -21.7279028, 0.902899751, 5.44319444, -4.71672484, 0, 1.22084577e-08, 1.22084577e-08, 7950849.28, 7985422.19, 125.262287, 0.27, 3.332, 34447.6521, -9.66411904, 6.34609419, 0, 4.99999259e+15, 8.21624911e-06, 1.38741241e-05, -1.21738214e-11, -1.10468798e-11
0.345535675, 0, 0, 5e+15, 0, 2.76588432e-21, 3.718e+18, 6.44e+20, 4.85, 4, 76.1725274, 34.6331423, 1.24419414, 688057.181, 1.09465718e+15, 2.82437338e+11, 8.47845637e+13, 13.3752537, -74.2435858, -78.2491125, 5e+15, 1.70723495e+22, -579260.809, 371320.611, 303.655083, 34.6331423, 54.0122616, 1.25029299, 1.24419414, 5e+15, 12.1260468, 1.27856627, 0.253100633, 23.7045336, -0.909517239, -10.3259694, -23.3105961, 0.898612837, 6.35693696, -4.01197627, 0, 1.22081386e-08, 1.22081386e-08, 9193309.36, 9241799.21, 20202.8138, 0.27, 3.332, 28287.0382, -11.2354866, 7.25554979, 0, 3.5446937e+15, 7.82180277e-06, 1.27774081e-05, 103211.399, 33245.7245
0.35, 0, 0, 5e+15, 0, 2.75414645e-21, 3.718e+18, 6.44e+20, 4.85, 4, 76.0063134, 34.7109534, 1.25944174, 687465.464, 1.34359614e+15, 2.8061831e+11, 1.16550448e+14, 17.7159003, -74.0775195, -78.0912459, 5e+15, 6.01205242e+22, -577983.376, 372214.941, 303.641176, 34.7109534, 53.6171002, 1.28078819, 1.25944174, 5e+15, 16.4804092, 1.26688789, 0.252669002, 27.2009149, -0.903648252, -14.09137, -27.0993464, 0.88793286, 8.54617882, -2.34304229, 0, 1.22073447e-08, 1.22073447e-08, 12148616.2, 12230765.5, 68276.2945, 0.27, 3.332, 13872.9402, -14.9950182, 9.43411168, 0, 1.4999978e+15, 6.94205124e-06, 1.03860362e-05, 2e+18, 3.77820088e+16
0.35, 0, 0, 1.5e+15, 0, 2.75414645e-21, 3.718e+18, 6.44e+20, 4.85, 4, 76.0063134, 34.7109534, 1.25944174, 681167.094, 1.34359614e+15, 2.8061831e+11, 1.16550448e+14, 17.7159003, -74.0775195, -78.0912459, 1.5e+15, 6.01205242e+22, -572321.64, 369373.127, 303.641176, 34.7109534, 53.6171002, 1.28078819, 1.25944174, 1.5e+15, 16.4804092, 1.26688789, 0.252669002, 27.2009149, -0.903648252, -14.09137, -27.0993464, 0.88793286, 8.54617882, -2.34304229, 0, 1.22073447e-08, 1.22073447e-08, 12148616.2, 12230765.5, 68276.2945, 0.27, 3.332, 13872.9402, -14.9950182, 9.43411168, 0, 1.4999978e+15, 6.94205124e-06, 1.03860362e-05, 2e+18, 3.77820088e+16
0.368883528, 0, 0, 1.5e+15, 0, 2.71001661e-21, 3.718e+18, 6.44e+20, 4.85, 4, 75.3073784, 35.0461619, 1.26554059, 677483.28, 1.28188482e+15, 2.79558698e+11, 1.48326847e+14, 23.0874408, -73.3785998, -77.3986946, 1.5e+15, 5.98600151e+22, -568645.832, 368270.693, 303.587021, 35.0461619, 54.0577838, 1.28078819, 1.26554059, 1.5e+15, 21.8682876, 1.2619223, 0.252360913, 32.4949708, -0.900303862, -19.2508968, -32.381128, 0.884251428, 10.2974775, -0.770612583, 0, 1.22042535e-08, 1.22042535e-08, 15591019.5, 15703246.4, 101608.715, 0.27, 3.332, 10618.1714, -20.1512005, 11.1817289, 0, 1.4999978e+15, 6.0724492e-06, 8.62001243e-06, 2e+18, 3.92505296e+16
0.4160938, 0, 0, 1.5e+15, 0, 2.59969225e-21, 3.718e+18, 6.44e+20, 4.85, 4, 73.5692678, 35.9289356, 1.28078819, 667996.486, 1.11647909e+15, 2.76971625e+11, 2.72379314e+14, 36.0762935, -71.6405242, -75.6766754, 1.5e+15, 5.92179495e+22, -559111.091, 365532.449, 303.452203, 35.9289356, 55.162638, 1.28078819, 1.28078819, 1.5e+15, 34.8982563, 1.24959204, 0.25160755, 45.2762791, -0.892003303, -31.7233707, -45.1744609, 0.875105909, 14.5435911, 3.02859911, 0, 1.21965579e-08, 1.21965579e-08, 23848677.6, 24033006.3, 181545.663, 0.27, 3.332, 2783.00549, -32.6153739, 15.418697, 0, 1.49999782e+15, 4.15879297e-06, 4.75899916e-06, 2e+18, 4.29898623e+16
0.4349773, 0, 0, 1.5e+15, 0, 2.5620172e-21, 3.718e+18, 6.44e+20, 4.85, 4, 72.8824195, 36.2681671, 1.28078819, 662382.438, 1.08335917e+15, 2.74823122e+11, 3.26430718e+14, 44.7174021, -70.953804, -74.994626, 1.5e+15, 5.86924139e+22, -554035.03, 363035.977, 303.403409, 36.2681671, 55.162638, 1.28078819, 1.28078819, 1.5e+15, 43.5455029, 1.23969257, 0.250845423, 53.5236076, -0.885254505, -39.3353797, -52.903643, 0.867848769, 18.6683122, 6.89837335, 0, 1.21937735e-08, 1.21937735e-08, 29246783.7, 29503851.1, 252087.351, 0.27, 3.332, 4979.97618, -40.2206342, 19.536161, 0, 1.49999784e+15, 3.44178873e-06, 3.98227661e-06, 2e+18, 4.56215889e+16
0.4821875, 0, 0, 1.5e+15, 0, 2.46767638e-21, 3.718e+18, 6.44e+20, 4.85, 4, 71.1740378, 37.1634513, 1.28078819, 647983.642, 9.85526301e+14, 2.69611052e+11, 5.16306304e+14, 65.8306945, -69.2457347, -73.2983966, 1.5e+15, 5.73859445e+22, -540870.294, 356849.854, 303.281763, 37.1634513, 55.162638, 1.28078819, 1.28078819, 1.5e+15, 64.6738909, 1.21509144, 0.248985646, 73.6552817, -0.868490206, -57.9320717, -71.8195421, 0.84980702, 28.7504276, 16.3405502, 0, 1.21868315e-08, 1.21868315e-08, 42315613.8, 42749431.4, 423600.111, 0.27, 3.332, 10217.4917, -58.8005619, 29.6002347, 0, 1.49999787e+15, 1.90625123e-06, 2.30602251e-06, 2e+18, 5.29244128e+16
0.501071028, 0, 0, 1.5e+15, 0, 2.43399094e-21, 3.718e+18, 6.44e+20, 4.85, 4, 70.5081465, 37.5146212, 1.28078819, 641995.513, 8.81939979e+14, 2.67154175e+11, 5.90196005e+14, 76.4174612, -68.5800116, -72.6360603, 1.5e+15, 5.68366468e+22, -535931.108, 353462.238, 303.235918, 37.5146212, 56.2535893, 1.28078819, 1.28078819, 1.5e+15, 75.2688295, 1.20382863, 0.247803717, 83.9976911, -0.860783596, -67.0778375, -81.0586501, 0.841578412, 34.1334637, 21.6257899, 0, 1.21842158e-08, 1.21842158e-08, 48590999.6, 49123859.3, 518584.82, 0.27, 3.332, 14274.8291, -67.9386211, 34.9750421, 0, 1.49999789e+15, 1.53248531e-06, 1.88593195e-06, 2e+18, 5.44648277e+16
0.5482813, 0, 0, 1.5e+15, 0, 2.34950467e-21, 3.718e+18, 6.44e+20, 4.85, 4, 68.8518919, 38.4340599, 1.28078819, 626753.106, 6.56589281e+14, 2.61203971e+11, 8.29175442e+14, 102.564912, -66.9241683, -70.9888399, 1.5e+15, 5.54715554e+22, -523237.327, 345024.175, 303.121452, 38.4340599, 58.9989383, 1.28078819, 1.28078819, 1.5e+15, 101.436433, 1.17581728, 0.24491146, 109.542633, -0.841615676, -89.6568853, -103.906369, 0.82111468, 47.4446137, 34.6846908, 0, 1.21776851e-08, 1.21776851e-08, 63940401.1, 64715984, 751530.527, 0.27, 3.332, 24052.2249, -90.4985009, 48.2657284, 0, 1.49999794e+15, 7.58721008e-07, 1.0189915e-06, 2e+18, 5.84579526e+16
0.5671648, 0, 0, 1.5e+15, 0, 2.31844045e-21, 3.718e+18, 6.44e+20, 4.85, 4, 68.2098519, 38.8030391, 1.28078819, 620716.945, 5.52585415e+14, 2.58436678e+11, 9.15418958e+14, 113.729768, -66.2823376, -70.3494408, 1.5e+15, 5.48841292e+22, -518360.328, 341453.85, 303.077126, 38.8030391, 58.9989383, 1.28078819, 1.28078819, 1.5e+15, 112.611552, 1.16314879, 0.243263978, 120.592084, -0.832956882, -99.1398481, -113.441114, 0.811847809, 53.3995999, 40.7305008, 0, 1.21751568e-08, 1.21751568e-08, 70134869.2, 71020338, 856453.688, 0.27, 3.332, 29015.0427, -99.9728047, 54.2114477, 0, 1.49999796e+15, 5.99032405e-07, 8.15725243e-07, 2e+18, 5.92120656e+16
0.614375, 0, 0, 1.5e+15, 0, 2.24041614e-21, 3.718e+18, 6.44e+20, 4.85, 4, 66.6130878, 39.7620716, 1.28078819, 605444.673, 3.53254658e+14, 2.5175953e+11, 1.17781574e+15, 141.555383, -64.6860852, -68.7594009, 1.5e+15, 5.34256645e+22, -505943.277, 332541.816, 302.9663, 39.7620716, 58.9989383, 1.28078819, 1.28078819, 1.5e+15, 140.462521, 1.13166014, 0.23921635, 148.142464, -0.81143274, -122.751726, -137.22238, 0.788816563, 68.2768363, 55.8229147, 0, 1.2168835e-08, 1.2168835e-08, 85422463.7, 86579039.1, 1115426.85, 0.27, 3.332, 41148.5337, -123.563159, 69.0656529, 0, 1.49999801e+15, 2.78993594e-07, 4.12934656e-07, 2e+18, 6.10657506e+16
0.633258528, 0, 0, 1.5e+15, 0, 2.21127508e-21, 3.718e+18, 6.44e+20, 4.85, 4, 65.9944127, 40.1551554, 1.28078819, 599507.695, 2.83720278e+14, 2.48634164e+11, 1.26577075e+15, 151.826832, -64.0676684, -68.1426603, 1.5e+15, 5.27772087e+22, -501078.154, 329133.774, 302.922755, 40.1551554, 60.256858, 1.28078819, 1.28078819, 1.5e+15, 150.746248, 1.11737013, 0.237119165, 158.395466, -0.801683914, -131.298466, -145.766464, 0.778342667, 74.0525441, 61.8807903, 0, 1.21663517e-08, 1.21663517e-08, 90644128.4, 91907469.9, 1216966.56, 0.27, 3.332, 46374.9291, -132.10015, 74.8308867, 0, 1.49999803e+15, 2.17506928e-07, 3.24719066e-07, 2e+18, 6.14209844e+16
0.6804688, 0, 0, 1.5e+15, 0, 2.13799316e-21, 3.718e+18, 6.44e+20, 4.85, 4, 64.4560272, 41.1722974, 1.28078819, 584543.248, 1.61350986e+14, 2.41128195e+11, 1.52143312e+15, 177.658384, -62.5299136, -66.6092137, 1.5e+15, 5.11685485e+22, -488770.163, 320614.824, 302.813747, 41.1722974, 63.4346883, 1.28078819, 1.28078819, 1.5e+15, 176.608191, 1.08186803, 0.231946148, 184.19708, -0.777471318, -152.76708, -167.268802, 0.752314279, 88.6151943, 77.1343724, 0, 1.2160135e-08, 1.2160135e-08, 103653884, 105181941, 1468819.58, 0.27, 3.332, 59237.1417, -153.54455, 89.3675085, 0, 1.49999809e+15, 9.78853013e-08, 1.55503726e-07, 2e+18, 6.22328992e+16
0.6993523, 0, 0, 1.5e+15, 0, 2.1104813e-21, 3.718e+18, 6.44e+20, 4.85, 4, 63.8590491, 41.5950644, 1.28078819, 578740.484, 1.24651087e+14, 2.37574715e+11, 1.60106671e+15, 185.910838, -61.9332557, -66.0136199, 1.5e+15, 5.04383531e+22, -483887.881, 317478.383, 302.770722, 41.5950644, 63.4346883, 1.28078819, 1.28078819, 1.5e+15, 184.875087, 1.06569468, 0.229470034, 192.503997, -0.766423043, -159.444618, -173.882907, 0.740471952, 93.5666623, 82.5383358, 0, 1.2157682e-08, 1.2157682e-08, 107327588, 108948810, 1557212.84, 0.27, 3.332, 64009.9502, -160.21104, 94.3071343, 0, 1.49999811e+15, 7.54734755e-08, 1.20294678e-07, 2e+18, 6.24087196e+16
0.7465625, 0, 0, 1.5e+15, 0, 2.04122876e-21, 3.718e+18, 6.44e+20, 4.85, 4, 62.3749326, 42.6869467, 1.28078819, 564146.761, 6.42630271e+13, 2.29078885e+11, 1.82490046e+15, 206.875797, -60.4499211, -64.5330508, 1.5e+15, 4.86258114e+22, -471580.965, 309632.42, 302.662904, 42.6869467, 63.4346883, 1.28078819, 1.28078819, 1.5e+15, 205.875854, 1.02550349, 0.223340097, 213.620476, -0.738969512, -176.385999, -190.702866, 0.711042507, 106.17347, 96.2607013, 0, 1.21515344e-08, 1.21515344e-08, 116592858, 118445926, 1777239.43, 0.27, 3.332, 75829.2498, -177.124969, 106.884513, 0, 1.49999818e+15, 3.30835186e-08, 5.46820358e-08, 2e+18, 6.27580593e+16
0.765446028, 0, 0, 1.5e+15, 0, 2.01527733e-21, 3.718e+18, 6.44e+20, 4.85, 4, 61.7977213, 43.14378, 1.28078819, 558473.752, 4.79578163e+13, 2.25051017e+11, 1.88838337e+15, 212.440832, -59.873106, -63.9567832, 1.5e+15, 4.78017975e+22, -466674.418, 306769.909, 302.620454, 43.14378, 64.6406697, 1.28078819, 1.28078819, 1.5e+15, 211.457609, 1.00723951, 0.220592204, 219.28866, -0.726501887, -180.665372, -194.855739, 0.697655515, 109.876158, 100.549955, 0, 1.21491145e-08, 1.21491145e-08, 118481640, 120407991, 1846698.05, 0.27, 3.332, 79653.62, -181.391874, 110.573814, 0, 1.49999821e+15, 2.52236159e-08, 4.16306839e-08, 2e+18, 6.28791654e+16
0.8126563, 0, 0, 1.5e+15, 0, 1.94990169e-21, 3.718e+18, 6.44e+20, 4.85, 4, 60.3630645, 44.3233839, 1.28078819, 544224.324, 2.26403817e+13, 2.15483043e+11, 2.06286138e+15, 226.799143, -58.4394155, -62.5245612, 1.5e+15, 4.57566472e+22, -454328.205, 299608.441, 302.513977, 44.3233839, 67.6914353, 1.28078819, 1.28078819, 1.5e+15, 225.857415, 0.961848161, 0.213767485, 233.917309, -0.69553747, -191.701164, -205.606867, 0.664363973, 119.424322, 111.548701, 0, 1.21430447e-08, 1.21430447e-08, 123373129, 125482564, 2020250.65, 0.27, 3.332, 89183.3163, -192.396702, 120.088685, 0, 1.49999828e+15, 1.07701395e-08, 1.79853481e-08, 2e+18, 6.3088068e+16
0.8315398, 0, 0, 1.5e+15, 0, 1.92555329e-21, 3.718e+18, 6.44e+20, 4.85, 4, 59.8039241, 44.8177172, 1.28078819, 538660.21, 1.63418431e+13, 2.10895156e+11, 2.10455133e+15, 229.373373, -57.8807706, -61.9659929, 1.5e+15, 4.48212999e+22, -449408.411, 296962.783, 302.472345, 44.8177172, 67.6914353, 1.28078819, 1.28078819, 1.5e+15, 228.45087, 0.941239684, 0.210873365, 236.62051, -0.68140302, -193.369863, -207.087423, 0.649321217, 121.639799, 114.4403, 0, 1.21406721e-08, 1.21406721e-08, 123478373, 125638260, 2067724.7, 0.27, 3.332, 92162.2246, -194.051266, 122.28912, 0, 1.49999832e+15, 8.10715702e-09, 1.34665559e-08, 2e+18, 6.32296796e+16
0.87875, 0, 0, 1.5e+15, 0, 1.86417764e-21, 3.718e+18, 6.44e+20, 4.85, 4, 58.4144732, 46.0953063, 1.28078819, 524694.204, 7.08418358e+12, 2.00064225e+11, 2.21841587e+15, 236.31677, -56.4925298, -60.5780425, 1.5e+15, 4.24951754e+22, -437036.639, 290348.312, 302.36784, 46.0953063, 67.6914353, 1.28078819, 1.28078819, 1.5e+15, 235.442097, 0.889930736, 0.203664387, 243.894841, -0.646240063, -197.930223, -211.20197, 0.611841866, 127.501037, 121.977036, 0, 1.21347159e-08, 1.21347159e-08, 123972785, 126259652, 2187274.23, 0.27, 3.332, 99592.4891, -198.576463, 128.112879, 0, 1.4999984e+15, 3.35125125e-09, 5.5160379e-09, 2e+18, 6.34913221e+16
0.897633528, 0, 0, 1.5e+15, 0, 1.84151791e-21, 3.718e+18, 6.44e+20, 4.85, 4, 57.8722272, 46.6284895, 1.28078819, 519219.979, 4.94789293e+12, 1.94906355e+11, 2.23746668e+15, 236.137068, -55.9509004, -60.0360684, 1.5e+15, 4.14484134e+22, -432132.571, 287838.188, 302.327383, 46.6284895, 68.8812946, 1.28078819, 1.28078819, 1.5e+15, 235.284121, 0.867025833, 0.200747517, 243.855972, -0.630439355, -197.282513, -210.311538, 0.595210187, 128.20617, 123.403918, 0, 1.21324106e-08, 1.21324106e-08, 122589335, 124904416, 2213599.9, 0.27, 3.332, 101480.117, -197.912952, 128.80138, 0, 1.49999844e+15, 2.48481582e-09, 4.05621352e-09, 2e+18, 6.36835031e+16
0.9448438, 0, 0, 1.5e+15, 0, 1.78436914e-21, 3.718e+18, 6.44e+20, 4.85, 4, 56.5249896, 48.0088057, 1.28078819, 505484.674, 1.97078182e+12, 1.82820327e+11, 2.29139606e+15, 236.177634, -54.6051703, -58.6895745, 1.5e+15, 3.88389438e+22, -419799.392, 281571.136, 302.225753, 48.0088057, 71.8859437, 1.28078819, 1.28078819, 1.5e+15, 235.378882, 0.809866127, 0.193462384, 244.252215, -0.59105104, -196.030918, -208.469651, 0.553662155, 130.288048, 127.277299, 0, 1.21266195e-08, 1.21266195e-08, 119377271, 121764546, 2281010.31, 0.27, 3.332, 106265.048, -196.621969, 130.841711, 0, 1.49999854e+15, 9.84659468e-10, 1.56714256e-09, 2e+18, 6.4079241e+16
0.9637273, 0, 0, 1.5e+15, 0, 1.76347596e-21, 3.718e+18, 6.44e+20, 4.85, 4, 55.9990211, 48.5810843, 1.28078819, 500088.675, 1.33174785e+12, 1.77117774e+11, 2.28921866e+15, 233.710375, -54.0799651, -58.1636284, 1.5e+15, 3.76891493e+22, -414949.277, 279116.053, 302.186854, 48.5810843, 71.8859437, 1.28078819, 1.28078819, 1.5e+15, 232.935598, 0.784923839, 0.190627581, 241.923835, -0.573694379, -193.518163, -205.668497, 0.535700495, 129.648185, 127.367296, 0, 1.21244034e-08, 1.21244034e-08, 116891593, 119286991, 2288125.03, 0.27, 3.332, 107272.335, -194.091858, 130.183886, 0, 1.49999858e+15, 7.17261954e-10, 1.13001493e-09, 2e+18, 6.43306902e+16
1.0109375, 0, 0, 1.5e+15, 0, 1.71075958e-21, 3.718e+18, 6.44e+20, 4.85, 4, 54.6923916, 50.0658997, 1.28078819, 486552.134, 4.87015596e+11, 1.63865585e+11, 2.28904994e+15, 227.974119, -52.7752057, -56.8571154, 1.5e+15, 3.48127798e+22, -402745.873, 272997.653, 302.089077, 50.0658997, 71.8859437, 1.28078819, 1.28078819, 1.5e+15, 227.259356, 0.722484227, 0.183530219, 236.5343, -0.530286195, -187.556124, -198.99402, 0.490693368, 128.333038, 127.866356, 0, 1.21188329e-08, 1.21188329e-08, 110914440, 113332548, 2308224.93, 0.27, 3.332, 109882.95, -188.08641, 128.823731, 0, 1.49999869e+15, 2.69537294e-10, 4.09756041e-10, 2e+18, 6.48851736e+16
1.02982103, 0, 0, 1.5e+15, 0, 1.69167855e-21, 3.718e+18, 6.44e+20, 4.85, 4, 54.1825869, 50.6749839, 1.28078819, 481237.448, 3.1853967e+11, 1.57732435e+11, 2.26969318e+15, 223.873251, -52.2663348, -56.3471346, 1.5e+15, 3.35866796e+22, -397995.939, 270534.127, 302.0521, 50.6749839, 73.1915926, 1.28078819, 1.28078819, 1.5e+15, 223.184139, 0.696081124, 0.180855817, 232.56231, -0.511764433, -183.787668, -194.902846, 0.471826869, 126.62008, 126.862457, 0, 1.21167267e-08, 1.21167267e-08, 107766157, 110175473, 2299451.49, 0.27, 3.332, 109863.592, -184.299433, 127.091906, 0, 1.49999873e+15, 1.92421207e-10, 2.89269322e-10, 2e+18, 6.5183115e+16
1.0770313, 0, 0, 1.5e+15, 0, 1.6435167e-21, 3.718e+18, 6.44e+20, 4.85, 4, 52.9161975, 52.2593206, 1.28078819, 467906.042, 1.07017827e+11, 1.43625876e+11, 2.22675642e+15, 213.957092, -51.0022354, -55.0803607, 1.5e+15, 3.05096048e+22, -386036.434, 264406.483, 301.959097, 52.2593206, 76.4752544, 1.28078819, 1.28078819, 1.5e+15, 213.332408, 0.629771514, 0.174145379, 222.96422, -0.465307477, -174.607261, -184.916407, 0.424383186, 122.567745, 124.574901, 0, 1.21114291e-08, 1.21114291e-08, 100099086, 102489331, 2280259.57, 0.27, 3.332, 109985.429, -175.072569, 122.992128, 0, 1.49999885e+15, 6.79557388e-11, 9.80980055e-11, 2e+18, 6.58665863e+16
1.0959148, 0, 0, 1.5e+15, 0, 1.62624725e-21, 3.718e+18, 6.44e+20, 4.85, 4, 52.4227834, 52.9021332, 1.28078819, 462682.603, 6.77333083e+10, 1.37196797e+11, 2.19323908e+15, 208.736382, -50.5099567, -54.5865944, 1.5e+15, 2.92379911e+22, -381430.955, 261888.449, 301.924336, 52.9021332, 76.4752544, 1.28078819, 1.28078819, 1.5e+15, 208.138263, 0.602647408, 0.171683675, 217.854502, -0.446062362, -170.014054, -179.97666, 0.405225049, 120.068478, 122.742553, 0, 1.21094495e-08, 1.21094495e-08, 96612105.8, 98979227.5, 2257796.32, 0.27, 3.332, 109325.27, -170.460117, 120.473702, 0, 1.4999989e+15, 4.65789896e-11, 6.64469126e-11, 2e+18, 6.62028413e+16
1.143125, 0, 0, 1.5e+15, 0, 1.58264487e-21, 3.718e+18, 6.44e+20, 4.85, 4, 51.1971277, 54.5787459, 1.28078819, 449580.559, 2.08876132e+10, 1.22576681e+11, 2.11610276e+15, 195.93729, -49.2870918, -53.3601135, 1.5e+15, 2.6032511e+22, -369826.438, 255636.047, 301.836862, 54.5787459, 76.4752544, 1.28078819, 1.28078819, 1.5e+15, 195.406192, 0.534236857, 0.16549449, 205.326289, -0.397584897, -158.712995, -167.803065, 0.356840656, 113.989405, 118.325625, 0, 1.21044678e-08, 1.21044678e-08, 88068509.5, 90381187.8, 2204843.27, 0.27, 3.332, 107834.959, -159.11058, 114.346245, 0, 1.49999902e+15, 1.24262412e-11, 1.96773854e-11, 2e+18, 6.69925881e+16
1.16200853, 0, 0, 1.5e+15, 0, 1.56714474e-21, 3.718e+18, 6.44e+20, 4.85, 4, 50.7205973, 55.2497062, 1.28078819, 444467.137, 17204432, 1.16099515e+11, 2.07267063e+15, 190.121479, -48.8119207, -52.8830833, 1.5e+15, 2.47669575e+22, -365407.89, 253037.168, 301.804536, 55.2497062, 78.0167577, 1.28078819, 1.28078819, 1.5e+15, 189.616738, 0.507497609, 0.163275492, 199.601567, -0.378384947, -153.753581, -162.486396, 0.338193258, 110.9696, 115.915821, 0, 1.21026271e-08, 1.21026271e-08, 84532712.9, 86810929.2, 2171739.98, 0.27, 3.332, 106476.192, -154.131966, 111.307792, 0, 1.49999906e+15, 7.51247192e-12, 1.27736207e-11, 2e+18, 6.73474567e+16
1.2092188, 0, 0, 1.5e+15, 0, 1.52799959e-21, 3.718e+18, 6.44e+20, 4.85, 4, 49.536829, 57.0048405, 1.28078819, 431639.863, -1.61838152e-13, 1.01556637e+11, 1.97193713e+15, 175.740334, -47.6315008, -51.6981188, 1.5e+15, 2.15619536e+22, -354265.147, 246592.202, 301.723147, 57.0048405, 81.8775852, 1.28078819, 1.28078819, 1.5e+15, 175.302399, 0.439751317, 0.157685942, 185.439555, -0.329804765, -141.466532, -149.293475, 0.290878031, 103.527602, 109.996477, 0, 1.20979927e-08, 1.20979927e-08, 75828989.5, 78024533.5, 2092262.44, 0.27, 3.332, 103281.519, -141.796337, 103.818479, 0, 1.49999918e+15, 5.80239519e-13, 6.55015395e-13, 2e+18, 6.81937866e+16
1.2281023, 0, 0, 1.5e+15, 0, 1.51418871e-21, 3.718e+18, 6.44e+20, 4.85, 4, 49.0777621, 57.6988985, 1.28078819, 426655.911, 0, 9.53125689e+10, 1.9214978e+15, 169.696388, -47.1740346, -51.238415, 1.5e+15, 2.03580056e+22, -350063.922, 243905.086, 301.693381, 57.6988985, 81.8775852, 1.28078819, 1.28078819, 1.5e+15, 169.283381, 0.414579634, 0.155721069, 179.465642, -0.311486322, -136.420642, -143.891105, 0.273587091, 100.231043, 107.243965, 0, 1.20962981e-08, 1.20962981e-08, 72426022.6, 74578256.9, 2050739.58, 0.27, 3.332, 101494.599, -136.732128, 100.50463, 0, 1.49999923e+15, -7.66609197e-27, -8.65402666e-27, 2e+18, 6.85570566e+16
1.2753125, 0, 0, 1.5e+15, 0, 1.47930249e-21, 3.718e+18, 6.44e+20, 4.85, 4, 47.9372835, 59.5199803, 1.28078819, 414150.623, 0, 8.14795245e+10, 1.80462607e+15, 154.668226, -46.0375095, -50.0963971, 1.5e+15, 1.72932187e+22, -339460.097, 237246.576, 301.618405, 59.5199803, 81.8775852, 1.28078819, 1.28078819, 1.5e+15, 154.318711, 0.350497081, 0.150762808, 164.602744, -0.26489919, -123.868232, -130.429486, 0.229513875, 92.0366397, 100.409946, 0, 1.20920294e-08, 1.20920294e-08, 64022937.6, 66070350.3, 1950202.18, 0.27, 3.332, 97210.5574, -124.133132, 92.2661535, 0, 1.49999934e+15, 0, 0, 2e+18, 6.94313779e+16
1.29419603, 0, 0, 1.5e+15, 0, 1.4670745e-21, 3.718e+18, 6.44e+20, 4.85, 4, 47.4962671, 60.2301159, 1.28078819, 409318.045, 0, 7.5774715e+10, 1.75040925e+15, 148.714557, -45.5983343, -49.6546216, 1.5e+15, 1.62076954e+22, -335499.882, 234476.889, 301.591244, 60.2301159, 83.7112973, 1.28078819, 1.28078819, 1.5e+15, 148.387398, 0.327995781, 0.149050029, 158.699261, -0.248339589, -118.988638, -125.205451, 0.214259032, 88.6595375, 97.5061427, 0, 1.20904833e-08, 1.20904833e-08, 60887900.8, 62885739.6, 1902921.62, 0.27, 3.332, 94917.1036, -119.236978, 88.8737965, 0, 1.49999938e+15, 0, 0, 2e+18, 6.97881397e+16
1.3414063, 0, 0, 1.5e+15, 0, 1.43618125e-21, 3.718e+18, 6.44e+20, 4.85, 4, 46.4004996, 62.0989612, 1.28078819, 397188.955, 0, 6.33128883e+10, 1.62508073e+15, 133.839956, -44.5071225, -48.557008, 1.5e+15, 1.34324744e+22, -325496.394, 227616.639, 301.5228, 62.0989612, 88.2879496, 1.28078819, 1.28078819, 1.5e+15, 133.569977, 0.270474871, 0.144720509, 143.939326, -0.206047989, -106.804027, -112.137244, 0.175216669, 80.2101431, 90.2425718, 0, 1.20865872e-08, 1.20865872e-08, 53124043.8, 55001104.5, 1787674.33, 0.27, 3.332, 89386.2817, -107.010075, 80.3853597, 0, 1.49999949e+15, 0, 0, 2e+18, 7.06522437e+16
1.3602898, 0, 0, 1.5e+15, 0, 1.42541183e-21, 3.718e+18, 6.44e+20, 4.85, 4, 45.9780424, 62.8192677, 1.28078819, 392521.028, 0, 5.83388295e+10, 1.56809883e+15, 128.106079, -44.0867495, -48.1336542, 1.5e+15, 1.24984244e+22, -321789.871, 224769.095, 301.498213, 62.8192677, 88.2879496, 1.28078819, 1.28078819, 1.5e+15, 127.855213, 0.251278723, 0.143249715, 138.238473, -0.191763182, -102.154448, -107.163328, 0.162378692, 76.8855291, 87.3178534, 0, 1.20851877e-08, 1.20851877e-08, 50293615, 52116290.4, 1735731.65, 0.27, 3.332, 86943.7579, -102.346211, 77.0479078, 0, 1.49999952e+15, 0, 0, 2e+18, 7.10048205e+16
1.4075, 0, 0, 1.5e+15, 0, 1.39819961e-21, 3.718e+18, 6.44e+20, 4.85, 4, 44.9282418, 64.7200798, 1.28078819, 380801.711, 0, 4.76264633e+10, 1.43726668e+15, 113.739686, -43.0421154, -47.0816673, 1.5e+15, 1.01003622e+22, -312421.324, 217717.354, 301.436235, 64.7200798, 88.2879496, 1.28078819, 1.28078819, 1.5e+15, 113.537899, 0.202013181, 0.139525391, 123.942683, -0.155128656, -90.5268231, -94.6992483, 0.129400252, 68.5244393, 79.9612905, 0, 1.20816601e-08, 1.20816601e-08, 43274193.6, 44963836.5, 1608656.42, 0.27, 3.332, 80986.4507, -90.6819517, 68.6538396, 0, 1.49999962e+15, 0, 0, 2e+18, 7.18613402e+16
1.42638353, 0, 0, 1.5e+15, 0, 1.38875803e-21, 3.718e+18, 6.44e+20, 4.85, 4, 44.5248633, 65.4418986, 1.28078819, 376310.564, 0, 4.34977183e+10, 1.38000586e+15, 108.395315, -42.6410542, -46.6772608, 1.5e+15, 9.33480397e+21, -308978.42, 214796.406, 301.414138, 65.4418986, 90.3958096, 1.28078819, 1.28078819, 1.5e+15, 108.209109, 0.186389869, 0.138281243, 118.617421, -0.143395315, -86.2467594, -90.1243216, 0.119072736, 65.3499001, 77.1126998, 0, 1.20804026e-08, 1.20804026e-08, 40792264.9, 42425010.5, 1554395.15, 0.27, 3.332, 78350.4764, -86.3901548, 65.4689728, 0, 1.49999964e+15, 0, 0, 2e+18, 7.21951017e+16
1.4735938, 0, 0, 1.5e+15, 0, 1.36489756e-21, 3.718e+18, 6.44e+20, 4.85, 4, 43.5223027, 67.3513351, 1.28078819, 365030.852, 0, 3.47305125e+10, 1.24923051e+15, 94.9557425, -41.6442445, -45.6721843, 1.5e+15, 7.36250641e+21, -300272.004, 207562.188, 301.358419, 67.3513351, 95.6353868, 1.28078819, 1.28078819, 1.5e+15, 94.8096761, 0.146159106, 0.135125045, 105.212945, -0.113202903, -75.5125461, -78.6247399, 0.0924531617, 57.3289009, 69.9134651, 0, 1.20772315e-08, 1.20772315e-08, 34623914.4, 36116775.2, 1420955.12, 0.27, 3.332, 71905.6723, -75.6257491, 57.4213541, 0, 1.49999972e+15, 0, 0, 2e+18, 7.30083857e+16
1.4924773, 0, 0, 1.5e+15, 0, 1.35665101e-21, 3.718e+18, 6.44e+20, 4.85, 4, 43.1384588, 68.0690764, 1.28078819, 360723.456, 0, 3.14425895e+10, 1.19330493e+15, 90.1002233, -41.2629488, -45.2871763, 1.5e+15, 6.76038297e+21, -297090.326, 204578.552, 301.338687, 68.0690764, 95.6353868, 1.28078819, 1.28078819, 1.5e+15, 89.9663286, 0.133967088, 0.134087246, 100.368353, -0.103953957, -71.655014, -74.5079359, 0.0845008726, 54.3999917, 67.2390361, 0, 1.20761087e-08, 1.20761087e-08, 32497428.8, 33932951.7, 1366232.93, 0.27, 3.332, 69289.9903, -71.7589679, 54.4844926, 0, 1.49999974e+15, 0, 0, 2e+18, 7.33179407e+16
1.5396875, 0, 0, 1.5e+15, 0, 1.33580753e-21, 3.718e+18, 6.44e+20, 4.85, 4, 42.1842901, 69.971736, 1.28078819, 349900.126, 0, 2.4554799e+10, 1.06641871e+15, 77.8489062, -40.3151139, -44.3301516, 1.5e+15, 5.20335411e+21, -289041.751, 197186.793, 301.28891, 69.971736, 95.6353868, 1.28078819, 1.28078819, 1.5e+15, 77.7464788, 0.102460734, 0.131449681, 88.1306244, -0.0800678754, -61.9590956, -64.1346047, 0.0639322867, 46.9625767, 60.4462424, 0, 1.20732761e-08, 1.20732761e-08, 27202329.2, 28496217.9, 1231039.85, 0.27, 3.332, 62848.8602, -62.0391635, 47.0265089, 0, 1.4999998e+15, 0, 0, 2e+18, 7.40719735e+16
1.55857103, 0, 0, 1.5e+15, 0, 1.32862671e-21, 3.718e+18, 6.44e+20, 4.85, 4, 41.8203521, 70.6772673, 1.28078819, 345788.045, 0, 2.20591781e+10, 1.01422004e+15, 73.5918484, -39.9539271, -43.9649333, 1.5e+15, 4.75129422e+21, -286118.006, 194158.216, 301.271384, 70.6772673, 97.8469264, 1.28078819, 1.28078819, 1.5e+15, 73.4984915, 0.0933820603, 0.130594474, 83.8798291, -0.0731090989, -58.6060782, -60.5620397, 0.0580955549, 44.3527721, 58.0246585, 0, 1.20722788e-08, 1.20722788e-08, 25438260.9, 26676958.2, 1178487.51, 0.27, 3.332, 60209.6766, -58.6791873, 44.4108677, 0, 1.49999982e+15, 0, 0, 2e+18, 7.43427264e+16
1.6057813, 0, 0, 1.5e+15, 0, 1.31047401e-21, 3.718e+18, 6.44e+20, 4.85, 4, 40.9155017, 72.5501785, 1.28078819, 335450.784, 0, 1.68902503e+10, 8.96291221e+14, 62.8062013, -39.0559299, -43.0569307, 1.5e+15, 3.57795263e+21, -278721.414, 186652.493, 301.22716, 72.5501785, 103.312869, 1.28078819, 1.28078819, 1.5e+15, 62.7363734, 0.0698397752, 0.128417137, 73.0954556, -0.0550724466, -50.1504266, -51.5281539, 0.0429490346, 37.6922844, 51.843904, 0, 1.20697625e-08, 1.20697625e-08, 21034341.4, 22135938.2, 1047904.4, 0.27, 3.332, 53692.4299, -50.2054991, 37.7352335, 0, 1.49999986e+15, 0, 0, 2e+18, 7.50009907e+16
1.6246648, 0, 0, 1.5e+15, 0, 1.30423489e-21, 3.718e+18, 6.44e+20, 4.85, 4, 40.5716958, 73.2382169, 1.28078819, 331541.084, 0, 1.50916367e+10, 8.48296437e+14, 59.1409391, -38.7150184, -42.7117165, 1.5e+15, 3.25464982e+21, -276046.301, 183595.518, 301.211663, 73.2382169, 103.312869, 1.28078819, 1.28078819, 1.5e+15, 59.0775452, 0.0634023267, 0.12771955, 69.4402624, -0.0500863489, -47.2666416, -48.4643353, 0.0388733554, 35.4378721, 49.7182736, 0, 1.20688808e-08, 1.20688808e-08, 19595673.5, 20645461.8, 998530.36, 0.27, 3.332, 51257.9632, -47.316728, 35.4767455, 0, 1.49999988e+15, 0, 0, 2e+18, 7.52364047e+16
1.671875, 0, 0, 1.5e+15, 0, 1.28846031e-21, 3.718e+18, 6.44e+20, 4.85, 4, 39.7167526, 75.0658647, 1.28078819, 321708.647, 0, 1.13920596e+10, 7.40612042e+14, 49.8291598, -37.8673042, -41.8533006, 1.5e+15, 2.41250969e+21, -269280.415, 176016.999, 301.172545, 75.0658647, 103.312869, 1.28078819, 1.28078819, 1.5e+15, 49.7825076, 0.0466565432, 0.125940536, 60.1371917, -0.0371178858, -39.9836735, -40.7032026, 0.0282682728, 29.6571541, 44.2688414, 0, 1.20666552e-08, 1.20666552e-08, 15999388.6, 16919965.9, 875378.303, 0.27, 3.332, 45198.9483, -40.0207913, 29.6854224, 0, 1.49999991e+15, 0, 0, 2e+18, 7.58042858e+16
1.69075853, 0, 0, 1.5e+15, 0, 1.28304783e-21, 3.718e+18, 6.44e+20, 4.85, 4, 39.3932251, 75.7275803, 1.28078819, 318011.08, 0, 1.01651386e+10, 6.98171588e+14, 46.7685908, -37.5467087, -41.5282597, 1.5e+15, 2.19247953e+21, -266847.463, 172946.986, 301.158891, 75.7275803, 105.235869, 1.28078819, 1.28078819, 1.5e+15, 46.7262861, 0.0423079045, 0.125376145, 57.0922578, -0.0337199965, -37.5825554, -38.1608407, 0.0255516578, 27.7618619, 42.4506772, 0, 1.20658784e-08, 1.20658784e-08, 14858889.1, 15732695.1, 830868.209, 0.27, 3.332, 42937.7673, -37.6162753, 27.7874136, 0, 1.49999992e+15, 0, 0, 2e+18, 7.59930719e+16
1.7379688, 0, 0, 1.5e+15, 0, 1.26936101e-21, 3.718e+18, 6.44e+20, 4.85, 4, 38.5885555, 77.4844358, 1.28078819, 308708.356, 0, 7.64120439e+09, 6.03325315e+14, 38.9655876, -36.7493825, -40.7198464, 1.5e+15, 1.61779519e+21, -260697.743, 165332.918, 301.124416, 77.4844358, 109.951113, 1.28078819, 1.28078819, 1.5e+15, 38.9346172, 0.0309726815, 0.1239345, 49.3111584, -0.0248592059, -31.5011671, -31.6999404, 0.0184750281, 22.8810123, 37.7717369, 0, 1.20639171e-08, 1.20639171e-08, 12002349.5, 12758923.1, 719278.998, 0.27, 3.332, 37294.5692, -31.5260263, 22.8994873, 0, 1.49999994e+15, 0, 0, 2e+18, 7.64433274e+16
1.7568523, 0, 0, 1.5e+15, 0, 1.26466916e-21, 3.718e+18, 6.44e+20, 4.85, 4, 38.2853374, 78.1173299, 1.28078819, 305227.252, 0, 6.84164485e+09, 5.6645759e+14, 36.4578275, -36.4490098, -40.4150083, 1.5e+15, 1.47382359e+21, -258490.442, 162269.892, 301.112418, 78.1173299, 109.951113, 1.28078819, 1.28078819, 1.5e+15, 36.4296917, 0.0281374342, 0.123479971, 46.8323215, -0.0226359119, -29.5266742, -29.6197893, 0.0167124459, 21.3343354, 36.2591092, 0, 1.20632345e-08, 1.20632345e-08, 11113676.5, 11829041.9, 680055.507, 0.27, 3.332, 35309.9473, -29.54931, 21.3510479, 0, 1.49999994e+15, 0, 0, 2e+18, 7.65880917e+16
1.8040625, 0, 0, 1.5e+15, 0, 1.25280269e-21, 3.718e+18, 6.44e+20, 4.85, 4, 37.5310586, 79.7961377, 1.28078819, 296463.983, 0, 5.18547011e+09, 4.8450318e+14, 30.048174, -35.7018661, -39.6567149, 1.5e+15, 1.09767453e+21, -252914.518, 154669.293, 301.082113, 79.7961377, 109.951113, 1.28078819, 1.28078819, 1.5e+15, 30.027427, 0.0207481681, 0.122317277, 40.4761082, -0.0168371173, -24.518342, -24.3236039, 0.0121242665, 17.3340893, 32.3523829, 0, 1.20615106e-08, 1.20615106e-08, 8885575.82, 9497273.64, 581369.879, 0.27, 3.332, 30327.9424, -24.5351792, 17.3462136, 0, 1.49999996e+15, 0, 0, 2e+18, 7.69244635e+16
1.82294603, 0, 0, 1.5e+15, 0, 1.24873593e-21, 3.718e+18, 6.44e+20, 4.85, 4, 37.2480231, 80.3939228, 1.28078819, 293209.215, 0, 4.66593742e+09, 4.53447902e+14, 28.0448909, -35.4215494, -39.3719751, 1.5e+15, 1.00354419e+21, -250920.939, 151636.847, 301.071588, 80.3939228, 111.198238, 1.28078819, 1.28078819, 1.5e+15, 28.0259887, 0.018902877, 0.121951622, 38.5147913, -0.0153842873, -22.9350395, -22.666273, 0.0109828627, 16.103532, 31.1207973, 0, 1.20609119e-08, 1.20609119e-08, 8209205.32, 8785702.49, 547938.662, 0.27, 3.332, 28558.5139, -22.9504239, 16.1145149, 0, 1.49999996e+15, 0, 0, 2e+18, 7.70225743e+16
1.8701563, 0, 0, 1.5e+15, 0, 1.23844871e-21, 3.718e+18, 6.44e+20, 4.85, 4, 36.54383, 81.9763015, 1.28078819, 285011.275, 0, 3.57986958e+09, 3.84628953e+14, 22.9111621, -34.7241799, -38.6635477, 1.5e+15, 7.57719947e+20, -245889.088, 144109.298, 301.044996, 81.9763015, 114.232904, 1.28078819, 1.28078819, 1.5e+15, 22.8970634, 0.0140992575, 0.121015038, 33.4670429, -0.0115971025, -18.9105464, -18.4357753, 0.00801849326, 12.9092856, 27.9313932, 0, 1.20593992e-08, 1.20593992e-08, 6511588.98, 6999202.12, 463504.899, 0.27, 3.332, 24108.2382, -18.9221435, 12.9173042, 0, 1.49999997e+15, 0, 0, 2e+18, 7.72406649e+16
1.8890398, 0, 0, 1.5e+15, 0, 1.23492158e-21, 3.718e+18, 6.44e+20, 4.85, 4, 36.2807023, 82.5371486, 1.28078819, 281987.253, 0, 3.2384705e+09, 3.58104961e+14, 21.3048577, -34.4636342, -38.3985791, 1.5e+15, 6.95432253e+20, -244094.883, 141125.828, 301.035772, 82.5371486, 114.232904, 1.28078819, 1.28078819, 1.5e+15, 21.291976, 0.0128817991, 0.120720608, 31.9251536, -0.0106379219, -17.6228289, -17.1007167, 0.00726332705, 11.9462092, 26.9386554, 0, 1.20588745e-08, 1.20588745e-08, 5995137.65, 6452597.3, 434813.456, 0.27, 3.332, 22646.1935, -17.6334669, 11.9534725, 0, 1.49999997e+15, 0, 0, 2e+18, 7.73029421e+16
1.93625, 0, 0, 1.5e+15, 0, 1.22599802e-21, 3.718e+18, 6.44e+20, 4.85, 4, 35.6259417, 84.0178888, 1.28078819, 274366.477, 0, 2.51978921e+09, 2.99880595e+14, 17.1885256, -33.8153378, -37.7392476, 1.5e+15, 5.33322853e+20, -239570.576, 133718.002, 301.012459, 84.0178888, 114.232904, 1.28078819, 1.28078819, 1.5e+15, 17.1788023, 0.00972357309, 0.119965421, 27.9491108, -0.0081467592, -14.3525619, -13.6941935, 0.00530831183, 9.43954945, 24.3642738, 0, 1.20575484e-08, 1.20575484e-08, 4700733.52, 5081999.27, 362316.278, 0.27, 3.332, 18949.4671, -14.3607087, 9.44485775, 0, 1.49999998e+15, 0, 0, 2e+18, 7.74288625e+16
1.95513353, 0, 0, 1.5e+15, 0, 1.22293587e-21, 3.718e+18, 6.44e+20, 4.85, 4, 35.3823451, 84.5349948, 1.28078819, 271581.427, 0, 2.27811731e+09, 2.7812995e+14, 15.9374978, -33.5743405, -37.4937093, 1.5e+15, 4.89256025e+20, -237967.408, 130801.128, 301.004376, 84.5349948, 114.814844, 1.28078819, 1.28078819, 1.5e+15, 15.9286231, 0.00887491675, 0.119727478, 26.7715746, -0.00746934548, -13.3422816, -12.6598433, 0.0047915532, 8.69783162, 23.5697955, 0, 1.20570887e-08, 1.20570887e-08, 4316955.07, 4673342.88, 338667.568, 0.27, 3.332, 17720.2381, -13.349751, 8.70262317, 0, 1.49999998e+15, 0, 0, 2e+18, 7.74435719e+16
2.0023438, 0, 0, 1.5e+15, 0, 1.21518734e-21, 3.718e+18, 6.44e+20, 4.85, 4, 34.7760766, 85.8943342, 1.28078819, 264560.246, 0, 1.770483e+09, 2.30578309e+14, 12.7248487, -32.9745707, -36.8826059, 1.5e+15, 3.74747062e+20, -233930.935, 123556.365, 300.983944, 85.8943342, 116.224455, 1.28078819, 1.28078819, 1.5e+15, 12.7181723, 0.00667744617, 0.119116269, 23.7250048, -0.00571336247, -10.7707528, -10.0128185, 0.00345626588, 6.76290336, 21.5084811, 0, 1.20559265e-08, 1.20559265e-08, 3354639.08, 3647955.95, 278705.634, 0.27, 3.332, 14611.2312, -10.7764661, 6.76635963, 0, 1.49999999e+15, 0, 0, 2e+18, 7.7451276e+16
2.0212273, 0, 0, 1.5e+15, 0, 1.21252465e-21, 3.718e+18, 6.44e+20, 4.85, 4, 34.5515131, 86.3702611, 1.28078819, 262013.91, 0, 1.5928514e+09, 2.13030299e+14, 11.7670449, -32.7527352, -36.6559995, 1.5e+15, 3.42544028e+20, -232499.52, 120730.014, 300.976859, 86.3702611, 116.224455, 1.28078819, 1.28078819, 1.5e+15, 11.7609754, 0.0060708796, 0.11892187, 22.8463903, -0.00521938782, -9.98679506, -9.22396719, 0.00309909082, 6.20899898, 20.8845399, 0, 1.20555235e-08, 1.20555235e-08, 3073551.33, 3346764.79, 259580.486, 0.27, 3.332, 13632.9804, -9.99201447, 6.21209807, 0, 1.49999999e+15, 0, 0, 2e+18, 7.74186326e+16
2.0684375, 0, 0, 1.5e+15, 0, 1.20578576e-21, 3.718e+18, 6.44e+20, 4.85, 4, 33.992537, 87.6158782, 1.28078819, 255591.579, 0, 1.22342709e+09, 1.74871949e+14, 9.30495078, -32.200567, -36.0919297, 1.5e+15, 2.5898976e+20, -228901.134, 113706.745, 300.958944, 87.6158782, 116.224455, 1.28078819, 1.28078819, 1.5e+15, 9.30045068, 0.0045025956, 0.118421858, 20.5670469, -0.0039414924, -7.99005724, -7.20234552, 0.00217669571, 4.75963156, 19.2646121, 0, 1.20545045e-08, 1.20545045e-08, 2369150.66, 2591302.63, 211002.258, 0.27, 3.332, 11149.7143, -7.99399873, 4.76180825, 0, 1.49999999e+15, 0, 0, 2e+18, 7.73059656e+16
2.08732103, 0, 0, 1.5e+15, 0, 1.20346573e-21, 3.718e+18, 6.44e+20, 4.85, 4, 33.7863044, 88.0488597, 1.28078819, 253286.718, 0, 1.08803181e+09, 1.613981e+14, 8.59895345, -31.9973635, -35.8836267, 1.5e+15, 2.34778545e+20, -227626.789, 110999.294, 300.952726, 88.0488597, 116.429387, 1.28078819, 1.28078819, 1.5e+15, 8.59489498, 0.0040611586, 0.118260048, 19.9286376, -0.00357058454, -7.40651169, -6.62937488, 0.00193381067, 4.35817544, 18.7810555, 0, 1.20541509e-08, 1.20541509e-08, 2170178.31, 2376799.59, 196259.422, 0.27, 3.332, 10361.861, -7.41008228, 4.36010925, 0, 1.49999999e+15, 0, 0, 2e+18, 7.72227294e+16
2.1345313, 0, 0, 1.5e+15, 0, 1.19759299e-21, 3.718e+18, 6.44e+20, 4.85, 4, 33.2728819, 89.1751243, 1.28078819, 247473.482, 0, 811756671, 1.3205952e+14, 6.78049316, -31.4915057, -35.3650241, 1.5e+15, 1.71879987e+20, -224430.635, 104269.344, 300.937001, 89.1751243, 116.925511, 1.28078819, 1.28078819, 1.5e+15, 6.77757731, 0.00291892412, 0.11784341, 18.269031, -0.00261038389, -5.91693484, -5.15590483, 0.00130614469, 3.30509393, 17.5262853, 0, 1.20532565e-08, 1.20532565e-08, 1671405.89, 1838462.54, 158696.307, 0.27, 3.332, 8360.34728, -5.91954522, 3.30640008, 0, 1.49999999e+15, 0, 0, 2e+18, 7.6983671e+16
2.1534148, 0, 0, 1.5e+15, 0, 1.19556637e-21, 3.718e+18, 6.44e+20, 4.85, 4, 33.0841132, 89.5684537, 1.28078819, 245405.421, 0, 712339120, 1.21521253e+14, 6.25522968, -31.3061136, -35.1741068, 1.5e+15, 1.54372842e+20, -223296.749, 101704.334, 300.931536, 89.5684537, 116.925511, 1.28078819, 1.28078819, 1.5e+15, 6.2526234, 0.00260947685, 0.117705446, 17.801951, -0.00234270578, -5.47362607, -4.73481646, 0.00114858865, 3.02048819, 17.1516736, 0, 1.20529457e-08, 1.20529457e-08, 1529003.19, 1683949.21, 147180.642, 0.27, 3.332, 7765.37574, -5.47596878, 3.02163678, 0, 1.49999999e+15, 0, 0, 2e+18, 7.68544077e+16
2.200625, 0, 0, 1.5e+15, 0, 1.19043536e-21, 3.718e+18, 6.44e+20, 4.85, 4, 32.614113, 90.584693, 1.28078819, 240192.296, 0, 514023839, 9.87045432e+13, 4.90477301, -30.8445461, -34.6987342, 1.5e+15, 1.08871018e+20, -220461.668, 95327.1709, 300.91771, 90.584693, 116.925511, 1.28078819, 1.28078819, 1.5e+15, 4.90296765, 0.00180863366, 0.11734987, 16.5888715, -0.0016498908, -4.34429108, -3.65280113, 0.000740956172, 2.27273363, 16.181627, 0, 1.20521594e-08, 1.20521594e-08, 1173213.43, 1297338.31, 117875.156, 0.27, 3.332, 6249.72735, -4.34594098, 2.27347458, 0, 1.5e+15, 0, 0, 2e+18, 7.64971273e+16
2.21950853, 0, 0, 1.5e+15, 0, 1.18866013e-21, 3.718e+18, 6.44e+20, 4.85, 4, 32.4417888, 90.9364467, 1.28078819, 238356.233, 0, 443257754, 9.0877163e+13, 4.52781545, -30.6760524, -34.5242747, 1.5e+15, 9.66521748e+19, -219458.193, 92921.3177, 300.912897, 90.9364467, 116.984631, 1.28078819, 1.28078819, 1.5e+15, 4.52621893, 0.00159959494, 0.117229034, 16.2447898, -0.00146325091, -4.02240226, -3.36215839, 0.000645863275, 2.07362671, 15.8876741, 0, 1.20518857e-08, 1.20518857e-08, 1074541.71, 1189638.64, 109306.284, 0.27, 3.332, 5790.64301, -4.02386551, 2.07427257, 0, 1.5e+15, 0, 0, 2e+18, 7.63180033e+16
2.2667188, 0, 0, 1.5e+15, 0, 1.18416467e-21, 3.718e+18, 6.44e+20, 4.85, 4, 32.0126684, 91.8362218, 1.28078819, 233735.657, 0, 305846499, 7.38651372e+13, 3.55785888, -30.2565283, -34.089798, 1.5e+15, 6.48027901e+19, -216961.889, 86938.9065, 300.900717, 91.8362218, 117.127898, 1.28078819, 1.28078819, 1.5e+15, 3.55680358, 0.00105746143, 0.116917324, 15.3531567, -0.000979071091, -3.201125, -2.61240988, 0.000399555356, 1.55022007, 15.1292067, 0, 1.20511929e-08, 1.20511929e-08, 828208.186, 920281.947, 87451.8012, 0.27, 3.332, 4621.96045, -3.20210407, 1.55061963, 0, 1.5e+15, 0, 0, 2e+18, 7.58328036e+16
2.2856023, 0, 0, 1.5e+15, 0, 1.1826049e-21, 3.718e+18, 6.44e+20, 4.85, 4, 31.8557081, 92.1516919, 1.28078819, 232116.074, 0, 262129085, 6.79307126e+13, 3.28351787, -30.1035583, -33.9306725, 1.5e+15, 5.7297614e+19, -216072.386, 84703.6611, 300.896467, 92.1516919, 117.127898, 1.28078819, 1.28078819, 1.5e+15, 3.28258808, 0.000931788688, 0.116808375, 15.0924033, -0.00086474346, -2.96199885, -2.41106501, 0.000346853234, 1.41369535, 14.8954863, 0, 1.20509513e-08, 1.20509513e-08, 758691.261, 843937.397, 80971.3194, 0.27, 3.332, 4274.81752, -2.96286359, 1.41404221, 0, 1.5e+15, 0, 0, 2e+18, 7.5604742e+16
2.3328125, 0, 0, 1.5e+15, 0, 1.17865415e-21, 3.718e+18, 6.44e+20, 4.85, 4, 31.4648036, 92.9500443, 1.28078819, 228050.587, 0, 178107954, 5.506405e+13, 2.57946926, -29.7226508, -33.5343395, 1.5e+15, 3.77546971e+19, -213873.798, 79143.8112, 300.88571, 92.9500443, 117.127898, 1.28078819, 1.28078819, 1.5e+15, 2.57886434, 0.000606295519, 0.11652713, 14.4194994, -0.000568632958, -2.35335752, -1.89170064, 0.000210358777, 1.05452451, 14.2948288, 0, 1.20503395e-08, 1.20503395e-08, 585833.34, 653695.033, 64470.9551, 0.27, 3.332, 3390.73738, -2.35392616, 1.05473486, 0, 1.5e+15, 0, 0, 2e+18, 7.49883623e+16
2.35169603, 0, 0, 1.5e+15, 0, 1.17727938e-21, 3.718e+18, 6.44e+20, 4.85, 4, 31.3220297, 93.2304424, 1.28078819, 226632.158, 0, 151765616, 5.0481118e+13, 2.37620861, -29.5840184, -33.3893184, 1.5e+15, 3.32558035e+19, -213086.668, 77084.7192, 300.881948, 93.2304424, 117.143015, 1.28078819, 1.28078819, 1.5e+15, 2.37567721, 0.000532615324, 0.116426432, 14.2122721, -0.000500195975, -2.17270067, -1.75363612, 0.00018293531, 0.960022181, 14.1019823, 0, 1.20501256e-08, 1.20501256e-08, 535922.849, 598536.626, 59512.3499, 0.27, 3.332, 3101.4272, -2.17320087, 0.960205112, 0, 1.5e+15, 0, 0, 2e+18, 7.47187623e+16
2.3989063, 0, 0, 1.5e+15, 0, 1.17379625e-21, 3.718e+18, 6.44e+20, 4.85, 4, 30.9664111, 93.9302042, 1.28078819, 223086.172, 0, 101466485, 4.06056536e+13, 1.85621671, -29.2388177, -33.0280702, 1.5e+15, 2.15193524e+19, -211157.978, 71962.5574, 300.872424, 93.9302042, 117.179713, 1.28078819, 1.28078819, 1.5e+15, 1.85587575, 0.000341565831, 0.116166291, 13.6805075, -0.000322705826, -1.71395316, -1.3972808, 0.00011192929, 0.711710644, 13.608929, 0, 1.20495839e-08, 1.20495839e-08, 412361.928, 461640.346, 46913.17, 0.27, 3.332, 2365.24869, -1.71427587, 0.711822573, 0, 1.5e+15, 0, 0, 2e+18, 7.399012e+16
2.4177898, 0, 0, 1.5e+15, 0, 1.17258051e-21, 3.718e+18, 6.44e+20, 4.85, 4, 30.8366736, 94.1790235, 1.28078819, 221774.46, 0, 88338309.4, 3.61795109e+13, 1.6749385, -29.112665, -32.8953457, 1.5e+15, 1.92169067e+19, -210428.449, 69927.7782, 300.869085, 94.1790235, 117.179713, 1.28078819, 1.28078819, 1.5e+15, 1.67463544, 0.000303717408, 0.116066128, 13.4769982, -0.000287799191, -1.54888693, -1.27841026, 9.68616747e-05, 0.636212004, 13.4148634, 0, 1.2049394e-08, 1.2049394e-08, 369470.981, 413987.304, 42352.6362, 0.27, 3.332, 2163.68716, -1.54917473, 0.636308865, 0, 1.5e+15, 0, 0, 2e+18, 7.36589379e+16
2.465, 0, 0, 1.5e+15, 0, 1.16949934e-21, 3.718e+18, 6.44e+20, 4.85, 4, 30.5134886, 94.7906167, 1.28078819, 218513.97, 0, 62350669.3, 2.7128534e+13, 1.21379354, -28.7984938, -32.5647095, 1.5e+15, 1.32316477e+19, -208661.843, 64866.2956, 300.860627, 94.7906167, 117.179713, 1.28078819, 1.28078819, 1.5e+15, 1.2135883, 0.000205965627, 0.115807167, 12.9581557, -0.000197622918, -1.13166675, -0.973473843, 5.8026025e-05, 0.438277281, 12.9215102, 0, 1.2048913e-08, 1.2048913e-08, 264000.131, 296482.926, 30828.0824, 0.27, 3.332, 1654.71248, -1.13186437, 0.438335307, 0, 1.5e+15, 0, 0, 2e+18, 7.27667898e+16
2.49075838, 0, 0, 1.5e+15, 0, 1.16806171e-21, 3.718e+18, 6.44e+20, 4.85, 4, 30.3554232, 95.0793243, 1.28078819, 217191.894, 0, 53442742.3, 2.4592835e+13, 1.10882104, -28.6444161, -32.4041063, 1.5e+15, 1.1692597e+19, -207894.127, 62753.3127, 300.856663, 95.0793243, 117.182433, 1.28078819, 1.28078819, 1.5e+15, 1.1086402, 0.000181484291, 0.115717017, 12.7944076, -0.000174402029, -1.03620065, -0.945625068, 5.01570044e-05, 0.393630507, 12.759307, 0, 1.20486876e-08, 1.20486876e-08, 239516.269, 269166.945, 28144.1294, 0.27, 3.332, 1506.54614, -1.03637505, 0.393680664, 0, 1.5e+15, 0, 0, 2e+18, 7.22912992e+16
2.5551563, 0, 0, 1.5e+15, 0, 1.16441665e-21, 3.718e+18, 6.44e+20, 4.85, 4, 29.9615948, 95.7731337, 1.28078819, 213937.493, 0, 36326067.2, 1.91669462e+13, 0.838218955, -28.2605739, -32.0038317, 1.5e+15, 7.71563912e+18, -206064.431, 57497.262, 300.846618, 95.7731337, 117.189043, 1.28078819, 1.28078819, 1.5e+15, 0.8381007, 0.000118642744, 0.115483835, 12.3789982, -0.000114798891, -0.79125629, -0.866494687, 2.99551956e-05, 0.27623556, 12.3486167, 0, 1.20481164e-08, 1.20481164e-08, 178617.125, 201006.381, 21259.4334, 0.27, 3.332, 1129.82332, -0.791371088, 0.276265515, 0, 1.5e+15, 0, 0, 2e+18, 7.10246494e+16
2.58091465, 0, 0, 1.5e+15, 0, 1.16318387e-21, 3.718e+18, 6.44e+20, 4.85, 4, 29.8227275, 96.0137007, 1.28078819, 212782.356, 0, 29709501.5, 1.75223056e+13, 0.770357798, -28.1269111, -31.8626442, 1.5e+15, 6.62709627e+18, -205385.344, 55499.1935, 300.843206, 96.0137007, 117.190308, 1.28078819, 1.28078819, 1.5e+15, 0.770256534, 0.000101608366, 0.115390149, 12.2201576, -9.84692797e-05, -0.729046883, -0.874038599, 2.50127054e-05, 0.248023783, 12.1888567, 0, 1.20479223e-08, 1.20479223e-08, 163109.898, 183659.2, 19516.2177, 0.27, 3.332, 1033.08415, -0.729145353, 0.248048796, 0, 1.5e+15, 0, 0, 2e+18, 7.0521508e+16
2.6453125, 0, 0, 1.5e+15, 0, 1.16005735e-21, 3.718e+18, 6.44e+20, 4.85, 4, 29.4766653, 96.5786626, 1.28078819, 209965.419, 0, 17976535.9, 1.39756263e+13, 0.597215288, -27.7938532, -31.5107331, 1.5e+15, 3.8213948e+18, -203793.721, 50527.2159, 300.834555, 96.5786626, 117.193388, 1.28078819, 1.28078819, 1.5e+15, 0.597157456, 5.80221473e-05, 0.115147959, 11.8192886, -5.66963916e-05, -0.571360682, -0.888451841, 1.23324142e-05, 0.173599089, 11.7858344, 0, 1.20474304e-08, 1.20474304e-08, 124956.934, 140849.601, 15104.717, 0.27, 3.332, 787.950476, -0.571417379, 0.173611421, 0, 1.5e+15, 0, 0, 2e+18, 6.92060493e+16
2.67107088, 0, 0, 1.5e+15, 0, 1.15898854e-21, 3.718e+18, 6.44e+20, 4.85, 4, 29.3546336, 96.7790865, 1.28078819, 209019.309, 0, 13915793.8, 1.26834258e+13, 0.546388097, -27.6784518, -31.3861913, 1.5e+15, 3.18978064e+18, -203224.125, 48770.9168, 300.831586, 96.7790865, 117.193865, 1.28078819, 1.28078819, 1.5e+15, 0.546339942, 4.83186791e-05, 0.11505484, 11.6758954, -4.72511118e-05, -0.523508442, -0.910915337, 1.00891007e-05, 0.156062587, 11.6402543, 0, 1.20472616e-08, 1.20472616e-08, 113650.629, 128150.355, 13784.0973, 0.27, 3.332, 715.629458, -0.523555694, 0.156072676, 0, 1.5e+15, 0, 0, 2e+18, 6.87107678e+16
2.7354688, 0, 0, 1.5e+15, 0, 1.15627796e-21, 3.718e+18, 6.44e+20, 4.85, 4, 29.0504725, 97.2403935, 1.28078819, 206735.038, 0, 7332040.7, 9.94519395e+12, 0.417854453, -27.3908836, -31.0757379, 1.5e+15, 1.5594435e+18, -201910.123, 44398.4096, 300.82406, 97.2403935, 117.195029, 1.28078819, 1.28078819, 1.5e+15, 0.417831061, 2.34706922e-05, 0.114814126, 11.3154817, -2.30686477e-05, -0.40303854, -0.964565458, 4.32560516e-06, 0.110181379, 11.2742829, 0, 1.20468336e-08, 1.20468336e-08, 86081.4235, 97091.6954, 10475.8453, 0.27, 3.332, 534.426618, -0.403061608, 0.110185705, 0, 1.5e+15, 0, 0, 2e+18, 6.74463482e+16
2.76122715, 0, 0, 1.5e+15, 0, 1.15534239e-21, 3.718e+18, 6.44e+20, 4.85, 4, 28.9432796, 97.4106327, 1.28078819, 205952.596, 0, 5545588.97, 8.73112632e+12, 0.373515229, -27.2909231, -30.9651744, 1.5e+15, 1.28750934e+18, -201425.612, 42847.025, 300.821454, 97.4106327, 117.19521, 1.28078819, 1.28078819, 1.5e+15, 0.373495948, 1.93449318e-05, 0.114720883, 11.1801848, -1.9010533e-05, -0.360419492, -0.99179772, 3.58116595e-06, 0.097916036, 11.1360119, 0, 1.20466854e-08, 1.20466854e-08, 76493.4584, 86303.9384, 9331.86956, 0.27, 3.332, 478.610438, -0.360438502, 0.0979196175, 0, 1.5e+15, 0, 0, 2e+18, 6.69791957e+16
2.825625, 0, 0, 1.5e+15, 0, 1.15297025e-21, 3.718e+18, 6.44e+20, 4.85, 4, 28.6760756, 97.7969118, 1.28078819, 204079.601, 0, 2747846.44, 6.31093276e+12, 0.262049611, -27.0419052, -30.6895669, 1.5e+15, 5.84269899e+17, -200320.996, 38982.4557, 300.814848, 97.7969118, 117.195652, 1.28078819, 1.28078819, 1.5e+15, 0.262040863, 8.76542959e-06, 0.114479834, 10.8407362, -8.60501608e-06, -0.253595835, -1.05839319, 1.66926433e-06, 0.0659822264, 10.7889347, 0, 1.20463097e-08, 1.20463097e-08, 53249.6153, 60076.8449, 6487.06272, 0.27, 3.332, 340.166914, -0.25360444, 0.0659838957, 0, 1.5e+15, 0, 0, 2e+18, 6.58111442e+16
2.85138338, 0, 0, 1.5e+15, 0, 1.15214575e-21, 3.718e+18, 6.44e+20, 4.85, 4, 28.5820207, 97.9431702, 1.28078819, 203425.897, 0, 2414480.97, 5.582408e+12, 0.235436027, -26.951197, -30.5923363, 1.5e+15, 5.24546233e+17, -199902.872, 37607.1331, 300.812545, 97.9431702, 117.195721, 1.28078819, 1.28078819, 1.5e+15, 0.235428189, 7.85383142e-06, 0.114385699, 10.7133277, -7.7179096e-06, -0.228153604, -1.10185696, 1.45186309e-06, 0.0579486838, 10.6562517, 0, 1.20461788e-08, 1.20461788e-08, 47596.2854, 53711.5731, 5811.25196, 0.27, 3.332, 304.035808, -0.228161322, 0.0579501357, 0, 1.5e+15, 0, 0, 2e+18, 6.53792435e+16
2.9157813, 0, 0, 1.5e+15, 0, 1.15005569e-21, 3.718e+18, 6.44e+20, 4.85, 4, 28.3475513, 98.2714769, 1.28078819, 201872.537, 0, 1747637.25, 4.10157594e+12, 0.168022881, -26.7250911, -30.3498867, 1.5e+15, 3.71529615e+17, -198957.352, 34179.3583, 300.80671, 98.2714769, 117.195888, 1.28078819, 1.28078819, 1.5e+15, 0.168017353, 5.53777985e-06, 0.114142378, 10.3940261, -5.46457727e-06, -0.163883834, -1.2089904, 8.97439222e-07, 0.0370350574, 10.3234636, 0, 1.2045847e-08, 1.2045847e-08, 33791.4216, 38125.6624, 4120.35562, 0.27, 3.332, 213.885219, -0.163889299, 0.0370359548, 0, 1.5e+15, 0, 0, 2e+18, 6.43177236e+16
2.94153965, 0, 0, 1.5e+15, 0, 1.14932519e-21, 3.718e+18, 6.44e+20, 4.85, 4, 28.2651606, 98.4003557, 1.28078819, 201318.509, 0, 1489599.57, 3.59861194e+12, 0.150161461, -26.6468362, -30.2641085, 1.5e+15, 3.26793382e+17, -198589.272, 32956.92, 300.804664, 98.4003557, 117.195914, 1.28078819, 1.28078819, 1.5e+15, 0.150156607, 4.86303309e-06, 0.114046502, 10.2734319, -4.80242769e-06, -0.146574862, -1.2588648, 7.63379827e-07, 0.0325533988, 10.1956222, 0, 1.20457307e-08, 1.20457307e-08, 30048.4048, 33909.5903, 3670.39584, 0.27, 3.332, 190.789672, -0.146579665, 0.0325541622, 0, 1.5e+15, 0, 0, 2e+18, 6.39245621e+16
3.0059375, 0, 0, 1.5e+15, 0, 1.14747372e-21, 3.718e+18, 6.44e+20, 4.85, 4, 28.0597722, 98.6879201, 1.28078819, 200009.965, 0, 999489.639, 2.59297744e+12, 0.105126671, -26.4517774, -30.0502338, 1.5e+15, 2.12210252e+17, -197760.603, 29908.7204, 300.799483, 98.6879201, 117.195978, 1.28078819, 1.28078819, 1.5e+15, 0.105123528, 3.14985346e-06, 0.113798776, 9.97149548, -3.12154555e-06, -0.103032867, -1.38269054, 4.21342346e-07, 0.02085876, 9.87515523, 0, 1.20454361e-08, 1.20454361e-08, 20948.6761, 23632.0235, 2549.99784, 0.27, 3.332, 133.34955, -0.103035988, 0.0208591813, 0, 1.5e+15, 0, 0, 2e+18, 6.29697913e+16
3.03169588, 0, 0, 1.5e+15, 0, 1.14682361e-21, 3.718e+18, 6.44e+20, 4.85, 4, 27.9877608, 98.8029348, 1.28078819, 199534.388, 0, 803274.528, 2.29286205e+12, 0.0944792016, -26.3854261, -29.9750374, 1.5e+15, 1.80250561e+17, -197431.508, 28819.6349, 300.797659, 98.8029348, 117.195987, 1.28078819, 1.28078819, 1.5e+15, 0.0944765349, 2.67260713e-06, 0.113700673, 9.85616778, -2.64965039e-06, -0.092679616, -1.43732581, 3.48886323e-07, 0.0182957603, 9.75027644, 0, 1.20453324e-08, 1.20453324e-08, 18741.6296, 21145.1415, 2284.56075, 0.27, 3.332, 118.951158, -0.0926822651, 0.0182961092, 0, 1.5e+15, 0, 0, 2e+18, 6.26135556e+16
3.0960938, 0, 0, 1.5e+15, 0, 1.14517601e-21, 3.718e+18, 6.44e+20, 4.85, 4, 27.8082578, 99.0585022, 1.28078819, 198417.049, 0, 465076.438, 1.68362862e+12, 0.0676097911, -26.2200763, -29.7875371, 1.5e+15, 9.82824336e+16, -196692.17, 26103.0204, 300.793038, 99.0585022, 117.196011, 1.28078819, 1.28078819, 1.5e+15, 0.0676083341, 1.45964374e-06, 0.113447305, 9.56760057, -1.45042533e-06, -0.0666014331, -1.57330479, 1.63786748e-07, 0.0116234885, 9.43734658, 0, 1.20450696e-08, 1.20450696e-08, 13370.7963, 15076.9503, 1623.07025, 0.27, 3.332, 83.0837611, -0.0666028835, 0.0116236522, 0, 1.5e+15, 0, 0, 2e+18, 6.17562196e+16
3.12185215, 0, 0, 1.5e+15, 0, 1.14459467e-21, 3.718e+18, 6.44e+20, 4.85, 4, 27.7455061, 99.1631279, 1.28078819, 198003.151, 0, 357110.402, 1.439577e+12, 0.0594064581, -26.1641671, -29.7207293, 1.5e+15, 8.14872384e+16, -196393.342, 25131.0253, 300.791404, 99.1631279, 117.196014, 1.28078819, 1.28078819, 1.5e+15, 0.0594052498, 1.21045583e-06, 0.1133467, 9.45607394, -1.20272627e-06, -0.0585312722, -1.62751371, 1.36567003e-07, 0.010146727, 9.31436533, 0, 1.20449767e-08, 1.20449767e-08, 11690.1243, 13184.5218, 1421.26755, 0.27, 3.332, 73.1299789, -0.0585324749, 0.0101468635, 0, 1.5e+15, 0, 0, 2e+18, 6.14332106e+16
3.18625, 0, 0, 1.5e+15, 0, 1.14312144e-21, 3.718e+18, 6.44e+20, 4.85, 4, 27.5891051, 99.3952585, 1.28078819, 197035.031, 0, 184002.852, 9.73609661e+11, 0.0388297688, -26.0249423, -29.5541989, 1.5e+15, 3.83198177e+16, -195722.097, 22705.8443, 300.787265, 99.3952585, 117.196023, 1.28078819, 1.28078819, 1.5e+15, 0.0388291935, 5.75919749e-07, 0.113086992, 9.17710419, -5.72006993e-07, -0.0383131207, -1.76270587, 6.70189223e-08, 0.00630896974, 9.00621664, 0, 1.20447413e-08, 1.20447413e-08, 7622.92498, 8592.38797, 920.960494, 0.27, 3.332, 48.502499, -0.0383136928, 0.00630903676, 0, 1.5e+15, 0, 0, 2e+18, 6.06605959e+16
3.21200838, 0, 0, 1.5e+15, 0, 1.1425991e-21, 3.718e+18, 6.44e+20, 4.85, 4, 27.5346205, 99.4910541, 1.28078819, 196670.908, 0, 165288.832, 8.59892923e+11, 0.0348775461, -25.9732336, -29.4964977, 1.5e+15, 3.48678138e+16, -195448.003, 21837.6309, 300.785794, 99.4910541, 117.196024, 1.28078819, 1.28078819, 1.5e+15, 0.0348770221, 5.24509912e-07, 0.112983713, 9.06936691, -5.21165799e-07, -0.0344420948, -1.81808667, 5.89907418e-08, 0.00546828773, 8.88455573, 0, 1.20446577e-08, 1.20446577e-08, 6819.15735, 7687.29306, 824.821405, 0.27, 3.332, 43.3143027, -0.034442616, 0.00546834672, 0, 1.5e+15, 0, 0, 2e+18, 6.03675592e+16
3.2764063, 0, 0, 1.5e+15, 0, 1.14127538e-21, 3.718e+18, 6.44e+20, 4.85, 4, 27.3988472, 99.7033667, 1.28078819, 195822.513, 0, 126414.193, 6.29087432e+11, 0.0248968033, -25.8443998, -29.3526306, 1.5e+15, 2.60497359e+16, -194831.801, 19670.9553, 300.782069, 99.7033667, 117.196027, 1.28078819, 1.28078819, 1.5e+15, 0.0248964091, 3.94404468e-07, 0.112717236, 8.79990732, -3.92513137e-07, -0.0246784225, -1.95623256, 3.85786724e-08, 0.00328698065, 8.57970644, 0, 1.20444458e-08, 1.20444458e-08, 4860.99429, 5476.26189, 584.888376, 0.27, 3.332, 30.3792219, -0.024678815, 0.00328701923, 0, 1.5e+15, 0, 0, 2e+18, 5.9669957e+16
3.30216465, 0, 0, 1.5e+15, 0, 1.14080358e-21, 3.718e+18, 6.44e+20, 4.85, 4, 27.3517512, 99.7925087, 1.28078819, 195497.891, 0, 110579.64, 5.53057647e+11, 0.0222926935, -25.8007688, -29.3021986, 1.5e+15, 2.32136729e+16, -194577.267, 18895.0953, 300.780738, 99.7925087, 117.196028, 1.28078819, 1.28078819, 1.5e+15, 0.0222923412, 3.52431964e-07, 0.112611156, 8.69534794, -3.50859381e-07, -0.022104749, -2.00949721, 3.31387774e-08, 0.00288021577, 8.45918896, 0, 1.20443702e-08, 1.20443702e-08, 4334.67729, 4883.93629, 522.121025, 0.27, 3.332, 27.1379816, -0.0221050999, 0.00288024891, 0, 1.5e+15, 0, 0, 2e+18, 5.94033865e+16
3.3665625, 0, 0, 1.5e+15, 0, 1.13960794e-21, 3.718e+18, 6.44e+20, 4.85, 4, 27.23442, 99.990234, 1.28078819, 194743.78, 0, 79154.4099, 4.0055258e+11, 0.0157590493, -25.6920938, -29.1765119, 1.5e+15, 1.59729172e+16, -194003.844, 16958.5159, 300.777368, 99.990234, 117.196029, 1.28078819, 1.28078819, 1.5e+15, 0.0157588032, 2.46289923e-07, 0.112337595, 8.43385416, -2.45531901e-07, -0.0156529278, -2.14246405, 1.93082802e-08, 0.00182347512, 8.15718039, 0, 1.20441785e-08, 1.20441785e-08, 3060.2674, 3445.72509, 366.358971, 0.27, 3.332, 19.0987163, -0.0156531734, 0.00182349443, 0, 1.5e+15, 0, 0, 2e+18, 5.87706547e+16
3.39232088, 0, 0, 1.5e+15, 0, 1.13917971e-21, 3.718e+18, 6.44e+20, 4.85, 4, 27.1939251, 100.073636, 1.28078819, 194451.251, 0, 64833.3762, 3.54274649e+11, 0.0141724592, -25.6567683, -29.1328373, 1.5e+15, 1.35848121e+16, -193765.534, 16265.3708, 300.776159, 100.073636, 117.196029, 1.28078819, 1.28078819, 1.5e+15, 0.0141722482, 2.11140331e-07, 0.112228705, 8.3322067, -2.10530476e-07, -0.0140816863, -2.19311344, 1.5979474e-08, 0.00159531779, 8.03756619, 0, 1.20441098e-08, 1.20441098e-08, 2741.55677, 3087.07246, 328.452033, 0.27, 3.332, 17.0636613, -0.0140818969, 0.00159533377, 0, 1.5e+15, 0, 0, 2e+18, 5.85281077e+16
3.4567188, 0, 0, 1.5e+15, 0, 1.13809452e-21, 3.718e+18, 6.44e+20, 4.85, 4, 27.0930708, 100.25883, 1.28078819, 193773.207, 0, 39361.6559, 2.60428897e+11, 0.0101919596, -25.5688395, -29.0240128, 1.5e+15, 7.48196939e+15, -193227.195, 14535.0221, 300.773097, 100.25883, 117.19603, 1.28078819, 1.28078819, 1.5e+15, 0.0101918376, 1.22188105e-07, 0.111948042, 8.07799214, -1.21957094e-07, -0.0101421739, -2.31954967, 7.50999461e-09, 0.00100482007, 7.73779701, 0, 1.20439356e-08, 1.20439356e-08, 1969.71594, 2216.06876, 234.341897, 0.27, 3.332, 12.0109269, -0.0101422959, 0.00100482758, 0, 1.5e+15, 0, 0, 2e+18, 5.79535521e+16
3.48247715, 0, 0, 1.5e+15, 0, 1.13770399e-21, 3.718e+18, 6.44e+20, 4.85, 4, 27.0584735, 100.337776, 1.28078819, 193506.533, 0, 29374.8395, 2.18093169e+11, 0.00883845269, -25.541824, -28.9848195, 1.5e+15, 5.96781035e+15, -193002.15, 13916.1085, 300.771993, 100.337776, 117.19603, 1.28078819, 1.28078819, 1.5e+15, 0.0088383528, 9.99637523e-08, 0.111836375, 7.97901305, -9.97721278e-08, -0.00879535662, -2.36661044, 6.18588244e-09, 0.000870540035, 7.61907732, 0, 1.20438728e-08, 1.20438728e-08, 1700.08238, 1913.07992, 202.560409, 0.27, 3.332, 10.4371379, -0.00879545641, 0.000870546219, 0, 1.5e+15, 0, 0, 2e+18, 5.77320709e+16
3.546875, 0, 0, 1.5e+15, 0, 1.13671446e-21, 3.718e+18, 6.44e+20, 4.85, 4, 26.9723433, 100.513448, 1.28078819, 192889.252, 0, 14091.7107, 1.40056823e+11, 0.00545634373, -25.4747241, -28.8872164, 1.5e+15, 2.09015059e+15, -192492.065, 12370.9483, 300.769195, 100.513448, 117.19603, 1.28078819, 1.28078819, 1.5e+15, 0.00545630013, 4.36157438e-08, 0.111548705, 7.73147091, -4.35247039e-08, -0.00543110742, -2.48408497, 2.81660108e-09, 0.000523675417, 7.32153181, 0, 1.20437138e-08, 1.20437138e-08, 1049.41794, 1179.86139, 123.892761, 0.27, 3.332, 6.55069245, -0.00543115095, 0.000523678233, 0, 1.5e+15, 0, 0, 2e+18, 5.72079448e+16
3.57263338, 0, 0, 1.5e+15, 0, 1.13635704e-21, 3.718e+18, 6.44e+20, 4.85, 4, 26.943008, 100.588203, 1.28078819, 192644.258, 0, 12839.8042, 1.23994506e+11, 0.00491137204, -25.447797, -28.8547259, 1.5e+15, 1.85735896e+15, -192278.734, 11819.1049, 300.768184, 100.588203, 117.19603, 1.28078819, 1.28078819, 1.5e+15, 0.0049113319, 4.0152867e-08, 0.111434308, 7.63543976, -4.00746142e-08, -0.00489052136, -2.52810993, 2.49907769e-09, 0.0004485718, 7.2038128, 0, 1.20436563e-08, 1.20436563e-08, 941.208088, 1058.29707, 111.224306, 0.27, 3.332, 5.86466983, -0.00489056144, 0.000448574299, 0, 1.5e+15, 0, 0, 2e+18, 5.70057954e+16
3.6370313, 0, 0, 1.5e+15, 0, 1.13545147e-21, 3.718e+18, 6.44e+20, 4.85, 4, 26.8700143, 100.754871, 1.28078819, 192077.55, 0, 10168.8837, 9.12815471e+10, 0.00354044725, -25.3808402, -28.7737991, 1.5e+15, 1.26284119e+15, -191793.496, 10441.3262, 300.765622, 100.754871, 117.19603, 1.28078819, 1.28078819, 1.5e+15, 0.00354041585, 3.14076563e-08, 0.111139758, 7.39526927, -3.13618997e-08, -0.00353123627, -2.63795579, 1.69472999e-09, 0.000254759369, 6.9087675, 0, 1.20435107e-08, 1.20435107e-08, 678.340378, 762.152902, 79.6563372, 0.27, 3.332, 4.15618688, -0.00353126763, 0.000254761064, 0, 1.5e+15, 0, 0, 2e+18, 5.65276663e+16
3.66278965, 0, 0, 1.5e+15, 0, 1.13512334e-21, 3.718e+18, 6.44e+20, 4.85, 4, 26.8453675, 100.826333, 1.28078819, 191850.258, 0, 9156.45791, 8.00322492e+10, 0.00316457255, -25.3589087, -28.7457456, 1.5e+15, 1.07731884e+15, -191590.021, 9950.05303, 300.764692, 100.826333, 117.19603, 1.28078819, 1.28078819, 1.5e+15, 0.00316454391, 2.86506227e-08, 0.111022683, 7.30211609, -2.86124534e-08, -0.0031566914, -2.67826906, 1.47125609e-09, 0.00022230416, 6.7922091, 0, 1.20434578e-08, 1.20434578e-08, 604.044492, 678.771079, 71.0185552, 0.27, 3.332, 3.70803182, -0.00315672001, 0.000222305632, 0, 1.5e+15, 0, 0, 2e+18, 5.63426257e+16
3.7271875, 0, 0, 1.5e+15, 0, 1.13429208e-21, 3.718e+18, 6.44e+20, 4.85, 4, 26.7840809, 100.986071, 1.28078819, 191324.43, 0, 7038.85389, 5.75882669e+10, 0.00222484675, -25.3044317, -28.675934, 1.5e+15, 6.03688562e+14, -191125.421, 8723.45915, 300.762338, 100.986071, 117.19603, 1.28078819, 1.28078819, 1.5e+15, 0.00222482506, 2.1692814e-08, 0.110721394, 7.06915636, -2.1673916e-08, -0.00222051296, -2.7788238, 9.0528768e-10, 0.000138439556, 6.5000761, 0, 1.20433239e-08, 1.20433239e-08, 424.610663, 476.820074, 49.6110822, 0.27, 3.332, 2.59832824, -0.00222053464, 0.000138440461, 0, 1.5e+15, 0, 0, 2e+18, 5.59048995e+16
3.75294588, 0, 0, 1.5e+15, 0, 1.13399032e-21, 3.718e+18, 6.44e+20, 4.85, 4, 26.7636034, 101.05431, 1.28078819, 191112.287, 0, 6015.27365, 5.06667269e+10, 0.00199363083, -25.2880244, -28.6521397, 1.5e+15, 4.2646054e+14, -190930.941, 8287.33825, 300.761482, 101.05431, 117.19603, 1.28078819, 1.28078819, 1.5e+15, 0.00199361177, 1.90702104e-08, 0.110601714, 6.97900759, -1.90550302e-08, -0.00198995294, -2.81551598, 7.56136797e-10, 0.000120367465, 6.38480427, 0, 1.20432752e-08, 1.20432752e-08, 379.106872, 425.762511, 44.3395782, 0.27, 3.332, 2.31606074, -0.001989972, 0.000120368221, 0, 1.5e+15, 0, 0, 2e+18, 5.57356253e+16
3.8173438, 0, 0, 1.5e+15, 0, 1.13322595e-21, 3.718e+18, 6.44e+20, 4.85, 4, 26.712726, 101.207226, 1.28078819, 190621.114, 0, 4051.64798, 3.67681156e+10, 0.00141541765, -25.2473824, -28.5929568, 1.5e+15, -2.62228895e+13, -190485.127, 7198.45289, 300.759315, 101.207226, 117.19603, 1.28078819, 1.28078819, 1.5e+15, 0.00141540521, 1.2449078e-08, 0.110293887, 6.75357525, -1.24433196e-08, -0.00141347731, -2.90698451, 3.78602984e-10, 7.38439143e-05, 6.09590904, 0, 1.2043152e-08, 1.2043152e-08, 269.161303, 302.04342, 31.2658992, 0.27, 3.332, 1.61621722, -0.00141348975, 7.38442929e-05, 0, 1.5e+15, 0, 0, 2e+18, 5.53349796e+16
3.84310215, 0, 0, 1.5e+15, 0, 1.13294807e-21, 3.718e+18, 6.44e+20, 4.85, 4, 26.6959431, 101.27285, 1.28078819, 190421.663, 0, 3214.6438, 2.99272212e+10, 0.0012068235, -25.2365945, -28.5708402, 1.5e+15, -1.60002573e+14, -190298.55, 6812.65178, 300.758527, 101.27285, 117.19603, 1.28078819, 1.28078819, 1.5e+15, 0.00120681304, 1.04669362e-08, 0.110171683, 6.66651992, -1.04621846e-08, -0.00120515257, -2.94003255, 3.15285006e-10, 6.32835967e-05, 5.98205567, 0, 1.20431072e-08, 1.20431072e-08, 228.383406, 256.354588, 26.5906779, 0.27, 3.332, 1.38050457, -0.00120516303, 6.3283912e-05, 0, 1.5e+15, 0, 0, 2e+18, 5.51798307e+16
3.9075, 0, 0, 1.5e+15, 0, 1.13224429e-21, 3.718e+18, 6.44e+20, 4.85, 4, 26.6542906, 101.420318, 1.28078819, 189959.223, 0, 1787.90188, 1.78993056e+10, 0.000686509764, -25.2101407, -28.5158703, 1.5e+15, -5.02304282e+14, -189869.127, 5849.47709, 300.75653, 101.420318, 117.19603, 1.28078819, 1.28078819, 1.5e+15, 0.000686504309, 5.45662708e-09, 0.109857523, 6.44885035, -5.45440969e-09, -0.000685552162, -3.02237485, 1.55543646e-10, 3.61416425e-05, 5.69673734, 0, 1.20429936e-08, 1.20429936e-08, 130.073303, 145.888509, 15.016845, 0.27, 3.332, 0.798361015, -0.000685557616, 3.6141798e-05, 0, 1.5e+15, 0, 0, 2e+18, 5.48123061e+16
3.93325838, 0, 0, 1.5e+15, 0, 1.13198843e-21, 3.718e+18, 6.44e+20, 4.85, 4, 26.6407692, 101.4831, 1.28078819, 189771.271, 0, 1657.37608, 1.58946163e+10, 0.000619398013, -25.1985817, -28.4992721, 1.5e+15, -5.25355266e+14, -189690.355, 5509.90545, 300.755803, 101.4831, 117.19603, 1.28078819, 1.28078819, 1.5e+15, 0.000619392928, 5.08652199e-09, 0.109732868, 6.36513582, -5.0845803e-09, -0.000618626809, -3.05211248, 1.4030474e-10, 3.04339555e-05, 5.58441858, 0, 1.20429523e-08, 1.20429523e-08, 116.966934, 131.20367, 13.5197986, 0.27, 3.332, 0.716936933, -0.000618631894, 3.04340958e-05, 0, 1.5e+15, 0, 0, 2e+18, 5.46703912e+16
3.9976563, 0, 0, 1.5e+15, 0, 1.13134046e-21, 3.718e+18, 6.44e+20, 4.85, 4, 26.6072579, 101.624537, 1.28078819, 189334.693, 0, 1366.13956, 1.17940353e+10, 0.000451042984, -25.1700731, -28.4580316, 1.5e+15, -5.84626799e+14, -189277.275, 4662.24657, 300.753963, 101.624537, 117.19603, 1.28078819, 1.28078819, 1.5e+15, 0.000451038831, 4.1541359e-09, 0.109412573, 6.15584671, -4.1528723e-09, -0.000450762838, -3.12615157, 1.02453139e-10, 1.57751036e-05, 5.30297355, 0, 1.20428477e-08, 1.20428477e-08, 85.1912068, 95.4984064, 9.79287248, 0.27, 3.332, 0.514327044, -0.000450766991, 1.5775206e-05, 0, 1.5e+15, 0, 0, 2e+18, 5.43338705e+16
4.02341465, 0, 0, 1.5e+15, 0, 1.13110497e-21, 3.718e+18, 6.44e+20, 4.85, 4, 26.5965979, 101.684935, 1.28078819, 189156.724, 0, 1287.96798, 1.0311837e+10, 0.000402385878, -25.160938, -28.4438924, 1.5e+15, -5.98035058e+14, -189105.673, 4365.11051, 300.753294, 101.684935, 117.19603, 1.28078819, 1.28078819, 1.5e+15, 0.000402381951, 3.92711583e-09, 0.109285536, 6.07558636, -3.92605178e-09, -0.000402147358, -3.15262322, 9.08391067e-11, 1.37050533e-05, 5.19227681, 0, 1.20428097e-08, 1.20428097e-08, 75.7282597, 84.9067446, 8.72025732, 0.27, 3.332, 0.458227488, -0.000402151284, 1.37051441e-05, 0, 1.5e+15, 0, 0, 2e+18, 5.42039729e+16
4.0878125, 0, 0, 1.5e+15, 0, 1.1305087e-21, 3.718e+18, 6.44e+20, 4.85, 4, 26.5702297, 101.82136, 1.28078819, 188742.405, 0, 1107.45115, 7.36983324e+09, 0.000280977114, -25.1384779, -28.4088228, 1.5e+15, -6.32713445e+14, -188707.616, 3623.51157, 300.751599, 101.82136, 117.19603, 1.28078819, 1.28078819, 1.5e+15, 0.000280973759, 3.35515243e-09, 0.108959286, 5.87497204, -3.35458093e-09, -0.000280848624, -3.21849227, 6.1923544e-11, 8.38422661e-06, 4.91492784, 0, 1.20427133e-08, 1.20427133e-08, 52.9023188, 59.284718, 6.06299121, 0.27, 3.332, 0.319407958, -0.000280851978, 8.38428854e-06, 0, 1.5e+15, 0, 0, 2e+18, 5.38955836e+16
4.11357088, 0, 0, 1.5e+15, 0, 1.13029242e-21, 3.718e+18, 6.44e+20, 4.85, 4, 26.5620656, 101.879068, 1.28078819, 188573.905, 0, 1037.1219, 6.4374012e+09, 0.00025051118, -25.1320123, -28.3971543, 1.5e+15, -6.44694701e+14, -188543.372, 3365.65655, 300.750984, 101.879068, 117.19603, 1.28078819, 1.28078819, 1.5e+15, 0.000250508028, 3.15210264e-09, 0.108829931, 5.79837405, -3.15163488e-09, -0.000250402033, -3.24195425, 5.37956856e-11, 7.26802886e-06, 4.80589852, 0, 1.20426783e-08, 1.20426783e-08, 46.9987589, 52.6782536, 5.39600645, 0.27, 3.332, 0.283488241, -0.000250405184, 7.26808266e-06, 0, 1.5e+15, 0, 0, 2e+18, 5.37770287e+16
4.1779688, 0, 0, 1.5e+15, 0, 1.12974478e-21, 3.718e+18, 6.44e+20, 4.85, 4, 26.5419252, 102.009753, 1.28078819, 188180.605, 0, 875.646349, 4.58865156e+09, 0.000174458943, -25.1162531, -28.3682437, 1.5e+15, -6.75696761e+14, -188160.912, 2722.25153, 300.749426, 102.009753, 117.19603, 1.28078819, 1.28078819, 1.5e+15, 0.000174456302, 2.64046308e-09, 0.108497898, 5.60695071, -2.6402487e-09, -0.000174400522, -3.30028686, 3.36444209e-11, 4.41102976e-06, 4.53276106, 0, 1.20425898e-08, 1.20425898e-08, 32.7503038, 36.6871816, 3.74240518, 0.27, 3.332, 0.194472703, -0.000174403162, 4.4110634e-06, 0, 1.5e+15, 0, 0, 2e+18, 5.34951907e+16
4.20372715, 0, 0, 1.5e+15, 0, 1.12954658e-21, 3.718e+18, 6.44e+20, 4.85, 4, 26.5359146, 102.065117, 1.28078819, 188020.713, 0, 816.393437, 3.61437658e+09, 0.00014611032, -25.1120566, -28.356049, 1.5e+15, -6.85654649e+14, -188003.73, 2500.86884, 300.748862, 102.065117, 117.19603, 1.28078819, 1.28078819, 1.5e+15, 0.000146107851, 2.46958416e-09, 0.108366282, 5.53419249, -2.46940571e-09, -0.000146059731, -3.32091757, 2.95275089e-11, 3.74886321e-06, 4.42541206, 0, 1.20425577e-08, 1.20425577e-08, 27.2880093, 30.5805273, 3.12928653, 0.27, 3.332, 0.163231403, -0.000146062201, 3.74889274e-06, 0, 1.5e+15, 0, 0, 2e+18, 5.3387076e+16
4.268125, 0, 0, 1.5e+15, 0, 1.12904478e-21, 3.718e+18, 6.44e+20, 4.85, 4, 26.5211478, 102.190823, 1.28078819, 187646.435, 0, 680.237759, 1.99167542e+09, 7.54762924e-05, -25.1020136, -28.3258408, 1.5e+15, -7.1147912e+14, -187636.316, 1948.6904, 300.747434, 102.190823, 117.19603, 1.28078819, 1.28078819, 1.5e+15, 7.5474254e-05, 2.0387314e-09, 0.10802861, 5.35241207, -2.03863823e-09, -7.54462266e-05, -3.37217888, 1.94888943e-11, 2.05657411e-06, 4.15651931, 0, 1.20424765e-08, 1.20424765e-08, 14.1261979, 15.823727, 1.611454, 0.27, 3.332, 0.086075162, -7.54482653e-05, 2.0565936e-06, 0, 1.5e+15, 0, 0, 2e+18, 5.31296952e+16
4.29388338, 0, 0, 1.5e+15, 0, 1.12886391e-21, 3.718e+18, 6.44e+20, 4.85, 4, 26.5169749, 102.243364, 1.28078819, 187495.318, 0, 664.250306, 1.77447862e+09, 6.82686745e-05, -25.0984554, -28.3186766, 1.5e+15, -7.13195718e+14, -187486.803, 1761.38811, 300.746919, 102.243364, 117.19603, 1.28078819, 1.28078819, 1.5e+15, 6.82666853e-05, 1.98949228e-09, 0.10789478, 5.28375466, -1.98941364e-09, -6.82449433e-05, -3.39026101, 1.75659211e-11, 1.68405611e-06, 4.05083446, 0, 1.20424472e-08, 1.20424472e-08, 12.7373543, 14.2702328, 1.45537712, 0.27, 3.332, 0.0775013994, -6.82469327e-05, 1.68407368e-06, 0, 1.5e+15, 0, 0, 2e+18, 5.30316284e+16
4.3582813, 0, 0, 1.5e+15, 0, 1.12840601e-21, 3.718e+18, 6.44e+20, 4.85, 4, 26.5067897, 102.362951, 1.28078819, 187140.504, 0, 624.290914, 1.32798589e+09, 5.02193717e-05, -25.0898739, -28.3009828, 1.5e+15, -7.17931765e+14, -187136.027, 1294.46949, 300.745615, 102.362951, 117.19603, 1.28078819, 1.28078819, 1.5e+15, 5.02175058e-05, 1.86593274e-09, 0.107551589, 5.11226109, -1.86588735e-09, -5.02121726e-05, -3.43515027, 1.30140494e-11, 7.31821274e-07, 3.78614481, 0, 1.2042373e-08, 1.2042373e-08, 9.37413665, 10.4973659, 1.06705818, 0.27, 3.332, 0.0561710716, -5.02140386e-05, 7.31834288e-07, 0, 1.5e+15, 0, 0, 2e+18, 5.27978301e+16
4.38403965, 0, 0, 1.5e+15, 0, 1.12824174e-21, 3.718e+18, 6.44e+20, 4.85, 4, 26.5041563, 102.412934, 1.28078819, 186997.78, 0, 615.15776, 1.15913662e+09, 4.4750967e-05, -25.087621, -28.2948263, 1.5e+15, -7.18381313e+14, -186994.153, 1138.97485, 300.745147, 102.412934, 117.19603, 1.28078819, 1.28078819, 1.5e+15, 4.47491297e-05, 1.83730394e-09, 0.10741558, 5.04791812, -1.83726816e-09, -4.47445925e-05, -3.45084816, 1.12261142e-11, 6.35982037e-07, 3.68207868, 0, 1.20423464e-08, 1.20423464e-08, 8.32442604, 9.32411165, 0.949677206, 0.27, 3.332, 0.0500084308, -4.47464298e-05, 6.35993263e-07, 0, 1.5e+15, 0, 0, 2e+18, 5.27091398e+16
4.4484375, 0, 0, 1.5e+15, 0, 1.1278259e-21, 3.718e+18, 6.44e+20, 4.85, 4, 26.4978084, 102.526981, 1.28078819, 186661.605, 0, 591.914605, 825025213, 3.11202606e-05, -25.0822674, -28.2796694, 1.5e+15, -7.19858844e+14, -186660.092, 751.656692, 300.743962, 102.526981, 117.19603, 1.28078819, 1.28078819, 1.5e+15, 3.11184951e-05, 1.7655102e-09, 0.107066957, 4.88725113, -1.76549655e-09, -3.11160336e-05, -3.48979464, 6.93953023e-12, 3.91388919e-07, 3.42147653, 0, 1.2042279e-08, 1.2042279e-08, 5.79373995, 6.48740626, 0.658906288, 0.27, 3.332, 0.0347600154, -3.11177991e-05, 3.91395859e-07, 0, 1.5e+15, 0, 0, 2e+18, 5.24973782e+16
4.47419588, 0, 0, 1.5e+15, 0, 1.1276778e-21, 3.718e+18, 6.44e+20, 4.85, 4, 26.4964387, 102.573876, 1.28078819, 186527.803, 0, 585.356645, 713652171, 2.75617279e-05, -25.0811851, -28.2745425, 1.5e+15, -7.19919403e+14, -186526.656, 626.044636, 300.74354, 102.573876, 117.19603, 1.28078819, 1.28078819, 1.5e+15, 2.75599832e-05, 1.74478325e-09, 0.106928794, 4.82751781, -1.7447734e-09, -2.75578237e-05, -3.5033498, 5.54916263e-12, 3.4494022e-07, 3.31895511, 0, 1.2042255e-08, 1.2042255e-08, 5.11289311, 5.7264219, 0.582880054, 0.27, 3.332, 0.0306487308, -2.75595685e-05, 3.4494577e-07, 0, 1.5e+15, 0, 0, 2e+18, 5.24178166e+16
4.5385938, 0, 0, 1.5e+15, 0, 1.12730286e-21, 3.718e+18, 6.44e+20, 4.85, 4, 26.493236, 102.681144, 1.28078819, 186211.59, 0, 568.548594, 496489174, 1.868689e-05, -25.0787339, -28.2619392, 1.5e+15, -7.20367566e+14, -186211.326, 313.528879, 300.742472, 102.681144, 117.19603, 1.28078819, 1.28078819, 1.5e+15, 1.86851971e-05, 1.69286335e-09, 0.1065748, 4.67840278, -1.69286188e-09, -1.86838139e-05, -3.5369496, 2.22272181e-12, 2.27354737e-07, 3.06225292, 0, 1.20421943e-08, 1.20421943e-08, 3.4704644, 3.88533613, 0.394411855, 0.27, 3.332, 0.0204598795, -1.86855067e-05, 2.2735696e-07, 0, 1.5e+15, 0, 0, 2e+18, 5.22275622e+16
4.56435215, 0, 0, 1.5e+15, 0, 1.12717044e-21, 3.718e+18, 6.44e+20, 4.85, 4, 26.4928675, 102.725132, 1.28078819, 186086.756, 0, 562.951234, 374874984, 1.5331435e-05, -25.0786206, -28.2542901, 1.5e+15, -7.20371501e+14, -186086.577, 216.031844, 300.742094, 102.725132, 117.19603, 1.28078819, 1.28078819, 1.5e+15, 1.532976e-05, 1.67510474e-09, 0.106434496, 4.62355316, -1.6751038e-09, -1.53285151e-05, -3.54852047, 1.34713355e-12, 1.9451129e-07, 2.96117936, 0, 1.20421728e-08, 1.20421728e-08, 2.83142562, 3.1714832, 0.323220787, 0.27, 3.332, 0.0168367911, -1.53301902e-05, 1.94512637e-07, 0, 1.5e+15, 0, 0, 2e+18, 5.21566297e+16
4.62875, 0, 0, 1.5e+15, 0, 1.12683519e-21, 3.718e+18, 6.44e+20, 4.85, 4, 26.4921544, 102.826014, 1.28078819, 185790.716, 0, 548.531928, 185888843, 6.97705087e-06, -25.0785768, -28.2354008, 1.5e+15, -7.20643639e+14, -185790.714, -26.0435048, 300.741138, 102.826014, 117.19603, 1.28078819, 1.28078819, 1.5e+15, 6.97542052e-06, 1.63056788e-09, 0.10607516, 4.48667803, -1.63056772e-09, -6.9745327e-06, -3.57718593, -7.16771122e-13, 1.11284866e-07, 2.70813246, 0, 1.20421184e-08, 1.20421184e-08, 1.29221789, 1.4470918, 0.146983706, 0.27, 3.332, 0.00789020669, -6.97616327e-06, 1.11284148e-07, 0, 1.5e+15, 0, 0, 2e+18, 5.19867301e+16
4.65450838, 0, 0, 1.5e+15, 0, 1.12671818e-21, 3.718e+18, 6.44e+20, 4.85, 4, 26.492542, 102.866381, 1.28078819, 185675.928, 0, 549.315082, 165718864, 6.31454405e-06, -25.0789264, -28.2328127, 1.5e+15, -7.19405e+14, -185675.878, -97.0828665, 300.740804, 102.866381, 117.19603, 1.28078819, 1.28078819, 1.5e+15, 6.31291146e-06, 1.63276354e-09, 0.105932716, 4.43706953, -1.63276339e-09, -6.31225145e-06, -3.58698668, -6.80245427e-13, 8.71431028e-08, 2.60839273, 0, 1.20420995e-08, 1.20420995e-08, 1.16601281, 1.30600383, 0.13288688, 0.27, 3.332, 0.00710413506, -6.31388421e-06, 8.71424221e-08, 0, 1.5e+15, 0, 0, 2e+18, 5.19243705e+16
4.7189063, 0, 0, 1.5e+15, 0, 1.12642194e-21, 3.718e+18, 6.44e+20, 4.85, 4, 26.4937025, 102.959173, 1.28078819, 185402.779, 0, 551.442463, 124216355, 4.65623281e-06, -25.0799839, -28.2265047, 1.5e+15, -7.16484093e+14, -185402.578, -272.84673, 300.739959, 102.959173, 117.19603, 1.28078819, 1.28078819, 1.5e+15, 4.65459448e-06, 1.63836504e-09, 0.105568036, 4.31330929, -1.63836496e-09, -4.65452381e-06, -3.61124386, -4.82873217e-13, 2.56482846e-08, 2.35871221, 0, 1.20420515e-08, 1.20420515e-08, 0.860426581, 0.963375801, 0.0978025246, 0.27, 3.332, 0.0051466962, -4.65616218e-06, 2.56478017e-08, 0, 1.5e+15, 0, 0, 2e+18, 5.17747791e+16
4.74466465, 0, 0, 1.5e+15, 0, 1.12632003e-21, 3.718e+18, 6.44e+20, 4.85, 4, 26.4946148, 102.996025, 1.28078819, 185298.465, 0, 574.808673, 108227100, 4.14464091e-06, -25.0798197, -28.2238468, 1.5e+15, -7.10133359e+14, -185298.182, -319.176134, 300.739668, 102.996025, 117.19603, 1.28078819, 1.28078819, 1.5e+15, 4.14292527e-06, 1.71566129e-09, 0.105423445, 4.26926116, -1.71564464e-09, -4.14286067e-06, -3.61939468, 3.93552647e-12, 2.31310233e-08, 2.26017516, 0, 1.20420349e-08, 1.20420349e-08, 0.763254149, 0.854822815, 0.0869918447, 0.27, 3.332, 0.00457682237, -4.14457631e-06, 2.31349588e-08, 0, 1.5e+15, 0, 0, 2e+18, 5.17206326e+16
4.8090625, 0, 0, 1.5e+15, 0, 1.12606199e-21, 3.718e+18, 6.44e+20, 4.85, 4, 26.4970706, 103.080969, 1.28078819, 185049.356, 0, 640.790854, 76688842.2, 2.8700232e-06, -25.079457, -28.2173772, 1.5e+15, -6.94238886e+14, -185048.848, -432.969094, 300.738931, 103.080969, 117.19603, 1.28078819, 1.28078819, 1.5e+15, 2.86811398e-06, 1.9092247e-09, 0.105053387, 4.15941332, -1.909164e-09, -2.86806463e-06, -3.63955962, 1.52190027e-11, 1.6826634e-08, 2.01352943, 0, 1.2041993e-08, 1.2041993e-08, 0.529030791, 0.592404956, 0.0602078337, 0.27, 3.332, 0.00316633199, -2.86997379e-06, 1.6841853e-08, 0, 1.5e+15, 0, 0, 2e+18, 5.15905085e+16
4.83482088, 0, 0, 1.5e+15, 0, 1.12597504e-21, 3.718e+18, 6.44e+20, 4.85, 4, 26.4982929, 103.113504, 1.28078819, 184956.948, 0, 790.625325, 65409890.1, 2.5192188e-06, -25.0752331, -28.2144774, 1.5e+15, -6.4985353e+14, -184956.385, -456.286327, 300.738683, 103.113504, 117.19603, 1.28078819, 1.28078819, 1.5e+15, 2.51668463e-06, 2.53417625e-09, 0.104906628, 4.12131566, -2.53410383e-09, -2.51663192e-06, -3.64623145, 1.90996766e-11, 1.60711505e-08, 1.91604822, 0, 1.20419789e-08, 1.20419789e-08, 0.462484819, 0.518074602, 0.0528264455, 0.27, 3.332, 0.00276333761, -2.51916602e-06, 1.60902502e-08, 0, 1.5e+15, 0, 0, 2e+18, 5.15446152e+16
4.8992188, 0, 0, 1.5e+15, 0, 1.12575488e-21, 3.718e+18, 6.44e+20, 4.85, 4, 26.5015035, 103.188688, 1.28078819, 184735.479, 0, 1362.30173, 43936470.6, 1.6447884e-06, -25.0643407, -28.2073772, 1.5e+15, -5.36778294e+14, -184734.768, -512.323858, 300.738055, 103.188688, 117.19603, 1.28078819, 1.28078819, 1.5e+15, 1.64067767e-06, 4.11073049e-09, 0.104531133, 4.0263332, -4.11062889e-09, -1.64061556e-06, -3.66272227, 2.89006275e-11, 1.42756382e-08, 1.67206672, 0, 1.20419432e-08, 1.20419432e-08, 0.301999165, 0.338292091, 0.0345285099, 0.27, 3.332, 0.00176441644, -1.64472618e-06, 1.43045389e-08, 0, 1.5e+15, 0, 0, 2e+18, 5.14341499e+16
4.92497715, 0, 0, 1.5e+15, 0, 1.12568263e-21, 3.718e+18, 6.44e+20, 4.85, 4, 26.502836, 103.216891, 1.28078819, 184655.905, 0, 1561.27536, 30928237.3, 1.3127508e-06, -25.0621396, -28.1996119, 1.5e+15, -4.84922072e+14, -184655.188, -514.485447, 300.737849, 103.216891, 117.19603, 1.28078819, 1.28078819, 1.5e+15, 1.307907e-06, 4.84403694e-09, 0.104382177, 3.99451978, -4.84396093e-09, -1.30784188e-06, -3.66800153, 2.39342987e-11, 1.26016542e-08, 1.57548247, 0, 1.20419314e-08, 1.20419314e-08, 0.239192043, 0.268108181, 0.0275074745, 0.27, 3.332, 0.00140866301, -1.31268584e-06, 1.26255885e-08, 0, 1.5e+15, 0, 0, 2e+18, 5.13962876e+16
4.989375, 0, 0, 1.5e+15, 0, 1.12549971e-21, 3.718e+18, 6.44e+20, 4.85, 4, 26.5063017, 103.282284, 1.28078819, 184464.472, 0, 2209.51405, 12878688.1, 4.86402369e-07, -25.0566039, -28.1803745, 1.5e+15, -3.52754209e+14, -184463.745, -517.320137, 300.737326, 103.282284, 117.19603, 1.28078819, 1.28078819, 1.5e+15, 4.7970955e-07, 6.69364444e-09, 0.104001156, 3.91523312, -6.69363515e-09, -4.79636236e-07, -3.68104768, 1.11532247e-11, 8.38615864e-09, 1.33376411, 0, 1.20419017e-08, 1.20419017e-08, 0.0879522125, 0.0986042849, 0.0101218315, 0.27, 3.332, 0.000530240783, -4.86329871e-07, 8.39731186e-09, 0, 1.5e+15, 0, 0, 2e+18, 5.13049451e+16
5.01513338, 0, 0, 1.5e+15, 0, 1.12544208e-21, 3.718e+18, 6.44e+20, 4.85, 4, 26.507562, 103.305022, 1.28078819, 184399.868, 0, 2292.14832, 11434700.5, 4.39930938e-07, -25.0569122, -28.1785534, 1.5e+15, -3.33735819e+14, -184399.183, -500.778181, 300.737162, 103.305022, 117.19603, 1.28078819, 1.28078819, 1.5e+15, 4.32973931e-07, 6.95763326e-09, 0.103849964, 3.89008015, -6.95762595e-09, -4.32920075e-07, -3.68506685, 6.13740069e-12, 6.42351398e-09, 1.23791006, 0, 1.20418924e-08, 1.20418924e-08, 0.0791371247, 0.0887416035, 0.00912993702, 0.27, 3.332, 0.000474541762, -4.39877701e-07, 6.42965138e-09, 0, 1.5e+15, 0, 0, 2e+18, 5.12753616e+16
5.0795313, 0, 0, 1.5e+15, 0, 1.1252962e-21, 3.718e+18, 6.44e+20, 4.85, 4, 26.5108215, 103.357841, 1.28078819, 184243.95, 0, 2515.04266, 8481051.89, 3.23439431e-07, -25.0577654, -28.1740701, 1.5e+15, -2.85462072e+14, -184243.383, -456.547221, 300.736745, 103.357841, 117.19603, 1.28078819, 1.28078819, 1.5e+15, 3.15818296e-07, 7.6212414e-09, 0.103463303, 3.82740451, -7.6212385e-09, -3.15815129e-07, -3.69498941, -6.64964869e-12, 1.41432621e-09, 0.998033971, 0, 1.20418687e-08, 1.20418687e-08, 0.0577584583, 0.0647496989, 0.00665571104, 0.27, 3.332, 0.000335529627, -3.23436368e-07, 1.40767657e-09, 0, 1.5e+15, 0, 0, 2e+18, 5.12038954e+16
5.10528965, 0, 0, 1.5e+15, 0, 1.125253e-21, 3.718e+18, 6.44e+20, 4.85, 4, 26.5118555, 103.375141, 1.28078819, 184195.418, 0, 2579.44148, 7397412.36, 2.89192705e-07, -25.0581438, -28.1715617, 1.5e+15, -2.70890352e+14, -184194.918, -424.393675, 300.736622, 103.375141, 117.19603, 1.28078819, 1.28078819, 1.5e+15, 2.81368864e-07, 7.82398214e-09, 0.103309827, 3.80918205, -7.82397799e-09, -2.813655e-07, -3.69779093, -7.94035079e-12, 1.36246967e-09, 0.902735376, 0, 1.20418617e-08, 1.20418617e-08, 0.0512724739, 0.0574965268, 0.0059269479, 0.27, 3.332, 0.000297104936, -2.89189478e-07, 1.35452932e-09, 0, 1.5e+15, 0, 0, 2e+18, 5.11824472e+16
5.1696875, 0, 0, 1.5e+15, 0, 1.12514369e-21, 3.718e+18, 6.44e+20, 4.85, 4, 26.5145233, 103.415501, 1.28078819, 184077.824, 0, 2749.99375, 5256181.43, 2.03881801e-07, -25.0591514, -28.1653743, 1.5e+15, -2.33780914e+14, -184077.509, -340.811908, 300.73631, 103.415501, 117.19603, 1.28078819, 1.28078819, 1.5e+15, 1.95546814e-07, 8.33522139e-09, 0.102917389, 3.76378986, -8.33521394e-09, -1.95542916e-07, -3.70470907, -1.11470353e-11, 1.23455391e-09, 0.664260259, 0, 1.20418439e-08, 1.20418439e-08, 0.035638855, 0.0399610301, 0.00412023631, 0.27, 3.332, 0.000201938844, -2.0387813e-07, 1.22340688e-09, 0, 1.5e+15, 0, 0, 2e+18, 5.11304732e+16
5.19544588, 0, 0, 1.5e+15, 0, 1.1251149e-21, 3.718e+18, 6.44e+20, 4.85, 4, 26.5152029, 103.426143, 1.28078819, 184047.654, 0, 2745.73925, 4451175.32, 1.79148293e-07, -25.0598709, -28.1617461, 1.5e+15, -2.34460836e+14, -184047.398, -296.80103, 300.736228, 103.426143, 117.19603, 1.28078819, 1.28078819, 1.5e+15, 1.70826942e-07, 8.32167003e-09, 0.102761576, 3.75276628, -8.32166323e-09, -1.70822383e-07, -3.70637986, -1.05867312e-11, 1.21683769e-09, 0.569334864, 0, 1.20418392e-08, 1.20418392e-08, 0.0309904836, 0.0347618881, 0.00359726326, 0.27, 3.332, 0.000174141193, -1.79144046e-07, 1.20625096e-09, 0, 1.5e+15, 0, 0, 2e+18, 5.11174918e+16
5.2598438, 0, 0, 1.5e+15, 0, 1.12504213e-21, 3.718e+18, 6.44e+20, 4.85, 4, 26.5169529, 103.451016, 1.28078819, 183974.299, 0, 2734.77046, 2937286.05, 1.17511152e-07, -25.061724, -28.1527241, 1.5e+15, -2.36293369e+14, -183974.207, -183.246461, 300.73602, 103.451016, 117.19603, 1.28078819, 1.28078819, 1.5e+15, 1.09225092e-07, 8.28660131e-09, 0.102363204, 3.72530642, -8.28659636e-09, -1.09218758e-07, -3.71050065, -9.05439511e-12, 1.17623038e-09, 0.331801248, 0, 1.20418274e-08, 1.20418274e-08, 0.0197826746, 0.0221881292, 0.00230022713, 0.27, 3.332, 0.000105227433, -1.17505354e-07, 1.16717599e-09, 0, 1.5e+15, 0, 0, 2e+18, 5.10860018e+16
5.28560215, 0, 0, 1.5e+15, 0, 1.1250276e-21, 3.718e+18, 6.44e+20, 4.85, 4, 26.5171932, 103.455021, 1.28078819, 183668.688, 0, 2742.6725, 2040057.22, 9.49623426e-08, -25.0618894, -28.1435182, 1.5e+15, -2.34521107e+14, -183668.615, -158.933639, 300.735978, 103.455021, 117.19603, 1.28078819, 1.28078819, 1.5e+15, 8.66534632e-08, 8.31072803e-09, 0.102073094, 3.72266453, -8.31072423e-09, -8.6642258e-08, -3.71104252, -7.48084702e-12, 1.18549698e-09, 0.284412722, 0, 1.20418251e-08, 1.20418251e-08, 0.0155458875, 0.0174514421, 0.00182362317, 0.27, 3.332, 8.19314215e-05, -9.49529817e-08, 1.17801614e-09, 0, 1.5e+15, 0, 0, 2e+18, 5.10814925e+16
5.35, 0, 0, 1.5e+15, 0, 1.12499102e-21, 3.718e+18, 6.44e+20, 4.85, 4, 26.5178132, 103.464501, 1.28078819, 182933.087, 0, 2762.862, 823698.14, 3.89175449e-08, -25.0623189, -28.120635, 1.5e+15, -2.29995047e+14, -182933.062, -96.3988047, 300.735874, 103.464501, 117.19603, 1.28078819, 1.28078819, 1.5e+15, 3.05510226e-08, 8.37178638e-09, 0.101330357, 3.71608444, -8.37178568e-09, -3.05270446e-08, -3.71238242, -3.40876377e-12, 1.21010946e-09, 0.165831552, 0, 1.20418192e-08, 1.20418192e-08, 0.00535617862, 0.0060252296, 0.000644625716, 0.27, 3.332, 2.44252641e-05, -3.88988303e-08, 1.2067007e-09, 0, 1.5e+15, 0, 0, 2e+18, 5.10704634e+16
