"depth", "composition x", "composition y", "donor conc", "acceptor conc", "ni", "nc", "nv", "eg", "electron affinity", "potential", "e- mobility", "h+ mobility", "electric field", "impact gen rate", "electron conc", "hole conc", "cond. current density", "electron qfl", "hole qfl", "net doping", "recombination rate", "e field x", "e field y", "lattice temperature", "e- mobility x", "e- mobility y", "h+ mobility x", "h+ mobility y", "total doping", "h+ current density", "e- current density", "current flowlines", "total current density", "je- x", "jh+ x", "jtot x", "je- y", "jh+ y", "jtot y", "seu generation rate", "e- srh tno", "h+ srh tno", "joule heat power", "total heat power", "rec heat power", "heat conductivity", "heat capacity", "peltier-thomson heat power", "cond current x", "cond current y", "ionized acceptor concentration", "ionized donor concentration", "e- ionization coefficient", "h+ ionization coefficient", "acceptor trap dos #1", "acceptor trap ionized density #1"
-1.77635684e-15, 0, 0, 5e+15, 0, 9.84332663e-15, 3.718e+18, 6.44e+20, 4.85, 4, 1.44119295, 116.280102, 1.25944174, 46596.734, 0, 702939.154, 212784684, 1.61410157e-07, -0.00736905521, -3.02571943, 5e+15, 5.81534746e+16, -92.8263388, 46596.6415, 362.692131, 117.19603, 116.280102, 1.28078819, 1.25944174, 5e+15, 1.25072555e-07, 3.64118611e-08, 0.0268107453, 3.36516886e-05, -1.11042576e-09, -1.28693635e-08, 2.92048766e-07, -3.63949252e-08, -1.24408695e-07, 3.36504213e-05, 0, 1.57113395e-08, 1.57113395e-08, 0.000322797033, 0.0564800479, 0.056663747, 0.27, 3.332, -0.000506496196, -1.39797893e-08, -1.6080362e-07, 0, 1.5e+15, 0, 0, 2e+18, 2.02254803e+16
-1.77635684e-15, 0, 0, 1.5e+15, 0, 9.84332663e-15, 3.718e+18, 6.44e+20, 4.85, 4, 1.44119295, 116.280102, 1.25944174, 1256.89107, 0, 702939.154, 212784684, 1.61410157e-07, -0.00736905521, -3.02571943, 1.5e+15, 5.81534746e+16, -92.8263388, -1253.45859, 362.692131, 117.19603, 116.280102, 1.28078819, 1.25944174, 1.5e+15, 1.25072555e-07, 3.64118611e-08, 0.0268107453, 3.36516886e-05, -1.11042576e-09, -1.28693635e-08, 2.92048766e-07, -3.63949252e-08, -1.24408695e-07, 3.36504213e-05, 0, 1.57113395e-08, 1.57113395e-08, 0.000322797033, 0.0564800479, 0.056663747, 0.27, 3.332, -0.000506496196, -1.39797893e-08, -1.6080362e-07, 0, 1.5e+15, 0, 0, 2e+18, 2.02254803e+16
0.125, 0, 0, 1.5e+15, 0, 9.84442745e-15, 3.718e+18, 6.44e+20, 4.85, 4, 1.44235327, 116.280104, 1.25944174, 1300.12576, 0, 705430.275, 229652060, 1.69252983e-07, -0.00842021868, -3.02926262, 1.5e+15, 6.4505021e+16, -258.11392, -1274.24652, 362.692654, 117.19603, 116.280104, 1.28078819, 1.25944174, 1.5e+15, 1.34097467e-07, 3.57800014e-08, 0.0268500286, 3.07593157e-05, -9.61352438e-10, -3.15305942e-08, 6.43743018e-07, -3.5767084e-08, -1.30337839e-07, 3.07525787e-05, 0, 1.57113717e-08, 1.57113717e-08, 0.000358174998, 0.0559785037, 0.0561604866, 0.27, 3.332, -0.000540157917, -3.24919467e-08, -1.66104923e-07, 0, 1.5e+15, 0, 0, 2e+18, 1.85733509e+16
0.125, 0, 0, 5e+15, 0, 9.84442745e-15, 3.718e+18, 6.44e+20, 4.85, 4, 1.44235327, 116.280104, 1.25944174, 46585.7417, 0, 705430.275, 229652060, 1.69252983e-07, -0.00842021868, -3.02926262, 5e+15, 6.4505021e+16, -204.665465, 46585.2921, 362.692654, 117.19603, 116.280104, 1.28078819, 1.25944174, 5e+15, 1.34097467e-07, 3.57800014e-08, 0.0268500286, 3.07593157e-05, -9.61352438e-10, -3.15305942e-08, 6.43743018e-07, -3.5767084e-08, -1.30337839e-07, 3.07525787e-05, 0, 1.57113717e-08, 1.57113717e-08, 0.000358174998, 0.0559785037, 0.0561604866, 0.27, 3.332, -0.000540157917, -3.24919467e-08, -1.66104923e-07, 0, 1.5e+15, 0, 0, 2e+18, 1.85733509e+16
0.25, 0, 0, 5e+15, 0, 9.84753995e-15, 3.718e+18, 6.44e+20, 4.85, 4, 1.44775013, 116.280143, 1.25944174, 46386.3711, 0, 836512.251, 253519356, 2.01225887e-07, -0.00849420689, -3.0377459, 5e+15, 8.30323535e+16, -489.973599, 46383.7833, 362.694131, 117.19603, 116.280143, 1.28078819, 1.25944174, 5e+15, 1.56573345e-07, 4.60586792e-08, 0.0267677676, 3.39581643e-05, -1.45278441e-09, -4.82250076e-08, 1.17640257e-06, -4.60357616e-08, -1.48961609e-07, 3.39377813e-05, 0, 1.57114626e-08, 1.57114626e-08, 0.000436952835, 0.0669063321, 0.0671720082, 0.27, 3.332, -0.000702628985, -4.9677792e-08, -1.9499737e-07, 0, 1.5e+15, 0, 0, 2e+18, 2.01213367e+16
0.25, 0, 0, 1.5e+15, 0, 9.84753995e-15, 3.718e+18, 6.44e+20, 4.85, 4, 1.44775013, 116.280143, 1.25944174, 1357.36033, 0, 836512.251, 253519356, 2.01225887e-07, -0.00849420689, -3.0377459, 1.5e+15, 8.30323535e+16, -548.46126, -1241.61883, 362.694131, 117.19603, 116.280143, 1.28078819, 1.25944174, 1.5e+15, 1.56573345e-07, 4.60586792e-08, 0.0267677676, 3.39581643e-05, -1.45278441e-09, -4.82250076e-08, 1.17640257e-06, -4.60357616e-08, -1.48961609e-07, 3.39377813e-05, 0, 1.57114626e-08, 1.57114626e-08, 0.000436952835, 0.0669063321, 0.0671720082, 0.27, 3.332, -0.000702628985, -4.9677792e-08, -1.9499737e-07, 0, 1.5e+15, 0, 0, 2e+18, 2.01213367e+16
0.375, 0, 0, 1.5e+15, 0, 9.85285057e-15, 3.718e+18, 6.44e+20, 4.85, 4, 1.45606481, 116.280191, 1.25944174, 1465.6878, 0, 1022528.64, 301716402, 2.50326671e-07, -0.0105398502, -3.0514938, 1.5e+15, 1.23633193e+17, -809.518055, -1221.85156, 362.696652, 117.19603, 116.280191, 1.28078819, 1.25944174, 1.5e+15, 1.9744675e-07, 5.76161119e-08, 0.0267143717, 3.13816441e-05, -3.49809167e-09, -9.87189655e-08, 2.31118311e-06, -5.75098227e-08, -1.70996448e-07, 3.12964218e-05, 0, 1.57116176e-08, 1.57116176e-08, 0.000586672666, 0.0724143673, 0.0728150062, 0.27, 3.332, -0.000987311516, -1.02217057e-07, -2.2850627e-07, 0, 1.5e+15, 0, 0, 2e+18, 1.8323802e+16
0.375, 0, 0, 5e+15, 0, 9.85285057e-15, 3.718e+18, 6.44e+20, 4.85, 4, 1.45606481, 116.280191, 1.25944174, 46037.1501, 0, 1022528.64, 301716402, 2.50326671e-07, -0.0105398502, -3.0514938, 5e+15, 1.23633193e+17, -758.38767, 46030.9031, 362.696652, 117.19603, 116.280191, 1.28078819, 1.25944174, 5e+15, 1.9744675e-07, 5.76161119e-08, 0.0267143717, 3.13816441e-05, -3.49809167e-09, -9.87189655e-08, 2.31118311e-06, -5.75098227e-08, -1.70996448e-07, 3.12964218e-05, 0, 1.57116176e-08, 1.57116176e-08, 0.000586672666, 0.0724143673, 0.0728150062, 0.27, 3.332, -0.000987311516, -1.02217057e-07, -2.2850627e-07, 0, 1.5e+15, 0, 0, 2e+18, 1.8323802e+16
0.5, 0, 0, 5e+15, 0, 9.86017872e-15, 3.718e+18, 6.44e+20, 4.85, 4, 1.46883111, 116.280269, 1.25944174, 45473.1119, 0, 1512959.77, 340719679, 3.14064739e-07, -0.0110699203, -3.06805083, 5e+15, 2.08731988e+17, -1065.53827, 45460.6262, 362.700127, 117.19603, 116.280269, 1.28078819, 1.25944174, 5e+15, 2.26891596e-07, 9.35372939e-08, 0.0265878497, 3.4851914e-05, -3.44084059e-09, -1.04073813e-07, 3.18724385e-06, -9.34739855e-08, -2.01614577e-07, 3.47058696e-05, 0, 1.57118314e-08, 1.57118314e-08, 0.000767415583, 0.0875034213, 0.0883914883, 0.27, 3.332, -0.00165548256, -1.07514653e-07, -2.95088563e-07, 0, 1.5e+15, 0, 0, 2e+18, 1.96907947e+16
0.5, 0, 0, 1.5e+15, 0, 9.86017872e-15, 3.718e+18, 6.44e+20, 4.85, 4, 1.46883111, 116.280269, 1.25944174, 1626.37791, 0, 1512959.77, 340719679, 3.14064739e-07, -0.0110699203, -3.06805083, 1.5e+15, 2.08731988e+17, -1154.07473, -1145.95665, 362.700127, 117.19603, 116.280269, 1.28078819, 1.25944174, 1.5e+15, 2.26891596e-07, 9.35372939e-08, 0.0265878497, 3.4851914e-05, -3.44084059e-09, -1.04073813e-07, 3.18724385e-06, -9.34739855e-08, -2.01614577e-07, 3.47058696e-05, 0, 1.57118314e-08, 1.57118314e-08, 0.000767415583, 0.0875034213, 0.0883914883, 0.27, 3.332, -0.00165548256, -1.07514653e-07, -2.95088563e-07, 0, 1.5e+15, 0, 0, 2e+18, 1.96907947e+16
0.625, 0, 0, 1.5e+15, 0, 9.86972075e-15, 3.718e+18, 6.44e+20, 4.85, 4, 1.48491667, 116.280355, 1.25944174, 1718.43997, 0, 2366500.02, 387281347, 4.09092578e-07, -0.0131853218, -3.08812825, 1.5e+15, 3.72772687e+17, -1353.54485, -1058.75033, 362.704649, 117.19603, 116.280355, 1.28078819, 1.25944174, 1.5e+15, 2.78652376e-07, 1.46887769e-07, 0.0264988744, 3.26395656e-05, -9.16206342e-09, -1.68627179e-07, 5.44617636e-06, -1.46601751e-07, -2.21837827e-07, 3.21819888e-05, 0, 1.57121095e-08, 1.57121095e-08, 0.00107778942, 0.0886095966, 0.0904366414, 0.27, 3.332, -0.0029048342, -1.77789242e-07, -3.68439578e-07, 0, 1.5e+15, 0, 0, 2e+18, 1.77138935e+16
0.625, 0, 0, 5e+15, 0, 9.86972075e-15, 3.718e+18, 6.44e+20, 4.85, 4, 1.48491667, 116.280355, 1.25944174, 44719.6237, 0, 2366500.02, 387281347, 4.09092578e-07, -0.0131853218, -3.08812825, 5e+15, 3.72772687e+17, -1329.04451, 44699.8701, 362.704649, 117.19603, 116.280355, 1.28078819, 1.25944174, 5e+15, 2.78652376e-07, 1.46887769e-07, 0.0264988744, 3.26395656e-05, -9.16206342e-09, -1.68627179e-07, 5.44617636e-06, -1.46601751e-07, -2.21837827e-07, 3.21819888e-05, 0, 1.57121095e-08, 1.57121095e-08, 0.00107778942, 0.0886095966, 0.0904366414, 0.27, 3.332, -0.0029048342, -1.77789242e-07, -3.68439578e-07, 0, 1.5e+15, 0, 0, 2e+18, 1.77138935e+16
0.75, 0, 0, 5e+15, 0, 9.88129204e-15, 3.718e+18, 6.44e+20, 4.85, 4, 1.5046073, 116.28045, 1.25944174, 43767.4909, 0, 4434273.76, 410851974, 5.62153474e-07, -0.0132627863, -3.10965141, 5e+15, 7.48303163e+17, -1563.43, 43739.5581, 362.710127, 117.19603, 116.28045, 1.28078819, 1.25944174, 5e+15, 2.91907084e-07, 2.90333564e-07, 0.026333777, 3.62360455e-05, -7.46311519e-09, -1.5321956e-07, 7.51383634e-06, -2.90237627e-07, -2.48462295e-07, 3.54484592e-05, 0, 1.57124465e-08, 1.57124465e-08, 0.00151907193, 0.0974859069, 0.102160121, 0.27, 3.332, -0.00619328582, -1.60682675e-07, -5.38699923e-07, 0, 1.5e+15, 0, 0, 2e+18, 1.88440513e+16
0.75, 0, 0, 1.5e+15, 0, 9.88129204e-15, 3.718e+18, 6.44e+20, 4.85, 4, 1.5046073, 116.28045, 1.25944174, 1901.82693, 0, 4434273.76, 410851974, 5.62153474e-07, -0.0132627863, -3.10965141, 1.5e+15, 7.48303163e+17, -1661.11487, -926.090189, 362.710127, 117.19603, 116.28045, 1.28078819, 1.25944174, 1.5e+15, 2.91907084e-07, 2.90333564e-07, 0.026333777, 3.62360455e-05, -7.46311519e-09, -1.5321956e-07, 7.51383634e-06, -2.90237627e-07, -2.48462295e-07, 3.54484592e-05, 0, 1.57124465e-08, 1.57124465e-08, 0.00151907193, 0.0974859069, 0.102160121, 0.27, 3.332, -0.00619328582, -1.60682675e-07, -5.38699923e-07, 0, 1.5e+15, 0, 0, 2e+18, 1.88440513e+16
0.875, 0, 0, 1.5e+15, 0, 9.89508599e-15, 3.718e+18, 6.44e+20, 4.85, 4, 1.52644455, 116.28054, 1.25944174, 1846.29027, 0, 8466818.64, 435619859, 8.21171857e-07, -0.0149000034, -3.13330153, 1.5e+15, 1.49793471e+18, -1671.64735, -783.825819, 362.716648, 117.19603, 116.28054, 1.28078819, 1.25944174, 1.5e+15, 3.31992632e-07, 5.32256614e-07, 0.0262134765, 3.43549799e-05, -2.89544103e-08, -2.15631247e-07, 1.16894777e-05, -5.3146848e-07, -2.52432709e-07, 3.23051197e-05, 0, 1.57128477e-08, 1.57128477e-08, 0.00239818337, 0.0858796006, 0.096402912, 0.27, 3.332, -0.0129214948, -2.44585657e-07, -7.8390119e-07, 0, 1.5e+15, 0, 0, 2e+18, 1.67336128e+16
0.875, 0, 0, 5e+15, 0, 9.89508599e-15, 3.718e+18, 6.44e+20, 4.85, 4, 1.52644455, 116.28054, 1.25944174, 42656.4275, 0, 8466818.64, 435619859, 8.21171857e-07, -0.0149000034, -3.13330153, 5e+15, 1.49793471e+18, -1688.57782, 42622.9927, 362.716648, 117.19603, 116.28054, 1.28078819, 1.25944174, 5e+15, 3.31992632e-07, 5.32256614e-07, 0.0262134765, 3.43549799e-05, -2.89544103e-08, -2.15631247e-07, 1.16894777e-05, -5.3146848e-07, -2.52432709e-07, 3.23051197e-05, 0, 1.57128477e-08, 1.57128477e-08, 0.00239818337, 0.0858796006, 0.096402912, 0.27, 3.332, -0.0129214948, -2.44585657e-07, -7.8390119e-07, 0, 1.5e+15, 0, 0, 2e+18, 1.67336128e+16
1, 0, 0, 5e+15, 0, 9.91092687e-15, 3.718e+18, 6.44e+20, 4.85, 4, 1.54898391, 116.28062, 1.25944174, 41453.5351, 0, 17649887.8, 448857974, 1.42473929e-06, -0.0144970412, -3.15675742, 5e+15, 3.18141259e+18, -1671.75278, 41419.8118, 362.724127, 117.19603, 116.28062, 1.28078819, 1.25944174, 5e+15, 3.24389048e-07, 1.13814845e-06, 0.0260073012, 3.74466344e-05, -2.0126682e-08, -1.74585842e-07, 1.54875776e-05, -1.13797047e-06, -2.73400874e-07, 3.40937731e-05, 0, 1.57133077e-08, 1.57133077e-08, 0.00410968833, 0.0800143574, 0.10521495, 0.27, 3.332, -0.0293102805, -1.94712524e-07, -1.41137135e-06, 0, 1.5e+15, 0, 0, 2e+18, 1.76566915e+16
1, 0, 0, 1.5e+15, 0, 9.91092687e-15, 3.718e+18, 6.44e+20, 4.85, 4, 1.54898391, 116.28062, 1.25944174, 1840.83775, 0, 17649887.8, 448857974, 1.42473929e-06, -0.0144970412, -3.15675742, 1.5e+15, 3.18141259e+18, -1728.68823, -632.708952, 362.724127, 117.19603, 116.28062, 1.28078819, 1.25944174, 1.5e+15, 3.24389048e-07, 1.13814845e-06, 0.0260073012, 3.74466344e-05, -2.0126682e-08, -1.74585842e-07, 1.54875776e-05, -1.13797047e-06, -2.73400874e-07, 3.40937731e-05, 0, 1.57133077e-08, 1.57133077e-08, 0.00410968833, 0.0800143574, 0.10521495, 0.27, 3.332, -0.0293102805, -1.94712524e-07, -1.41137135e-06, 0, 1.5e+15, 0, 0, 2e+18, 1.76566915e+16
1.125, 0, 0, 1.5e+15, 0, 9.92901868e-15, 3.718e+18, 6.44e+20, 4.85, 4, 1.56966175, 116.280681, 1.25944174, 1552.54768, 0, 32757415.8, 486040616, 2.29825337e-06, -0.0158654491, -3.17990107, 1.5e+15, 5.97063478e+18, -1448.62204, -558.478734, 362.732654, 117.19603, 116.280681, 1.28078819, 1.25944174, 1.5e+15, 3.62051154e-07, 1.99896667e-06, 0.0258562795, 3.46041679e-05, -9.06104865e-08, -2.3108087e-07, 1.93755076e-05, -1.99691199e-06, -2.7871611e-07, 2.86712075e-05, 0, 1.57138322e-08, 1.57138322e-08, 0.00712126227, 0.0534552002, 0.101596681, 0.27, 3.332, -0.0552627429, -3.21691356e-07, -2.2756281e-06, 0, 1.5e+15, 0, 0, 2e+18, 1.56327073e+16
1.125, 0, 0, 5e+15, 0, 9.92901868e-15, 3.718e+18, 6.44e+20, 4.85, 4, 1.56966175, 116.280681, 1.25944174, 40280.7526, 0, 32757415.8, 486040616, 2.29825337e-06, -0.0158654491, -3.17990107, 5e+15, 5.97063478e+18, -1463.58475, 40254.1545, 362.732654, 117.19603, 116.280681, 1.28078819, 1.25944174, 5e+15, 3.62051154e-07, 1.99896667e-06, 0.0258562795, 3.46041679e-05, -9.06104865e-08, -2.3108087e-07, 1.93755076e-05, -1.99691199e-06, -2.7871611e-07, 2.86712075e-05, 0, 1.57138322e-08, 1.57138322e-08, 0.00712126227, 0.0534552002, 0.101596681, 0.27, 3.332, -0.0552627429, -3.21691356e-07, -2.2756281e-06, 0, 1.5e+15, 0, 0, 2e+18, 1.56327073e+16
1.25, 0, 0, 5e+15, 0, 9.94918119e-15, 3.718e+18, 6.44e+20, 4.85, 4, 1.58602879, 116.280723, 1.25944174, 39283.8628, 0, 56481561.2, 548117758, 3.95014996e-06, -0.0152254499, -3.20000107, 5e+15, 1.03252586e+19, -1063.8159, 39269.456, 362.742139, 117.19603, 116.280723, 1.28078819, 1.25944174, 5e+15, 3.73068822e-07, 3.61284823e-06, 0.0256076239, 3.41422675e-05, -3.4605147e-08, -1.6982575e-07, 1.94576306e-05, -3.6126825e-06, -3.32173992e-07, 2.80552142e-05, 0, 1.57144157e-08, 1.57144157e-08, 0.0119172681, 0.0370999117, 0.122680412, 0.27, 3.332, -0.0974977682, -2.04430896e-07, -3.94485649e-06, 0, 1.5e+15, 0, 0, 2e+18, 1.66404248e+16
1.25, 0, 0, 1.5e+15, 0, 9.94918119e-15, 3.718e+18, 6.44e+20, 4.85, 4, 1.58602879, 116.280723, 1.25944174, 1164.07744, 0, 56481561.2, 548117758, 3.95014996e-06, -0.0152254499, -3.20000107, 1.5e+15, 1.03252586e+19, -1031.98135, -538.600761, 362.742139, 117.19603, 116.280723, 1.28078819, 1.25944174, 1.5e+15, 3.73068822e-07, 3.61284823e-06, 0.0256076239, 3.41422675e-05, -3.4605147e-08, -1.6982575e-07, 1.94576306e-05, -3.6126825e-06, -3.32173992e-07, 2.80552142e-05, 0, 1.57144157e-08, 1.57144157e-08, 0.0119172681, 0.0370999117, 0.122680412, 0.27, 3.332, -0.0974977682, -2.04430896e-07, -3.94485649e-06, 0, 1.5e+15, 0, 0, 2e+18, 1.66404248e+16
1.375, 0, 0, 1.5e+15, 0, 9.97161619e-15, 3.718e+18, 6.44e+20, 4.85, 4, 1.59546129, 116.280741, 1.25944174, 1000.67397, 0, 73603942, 688176906, 4.99235442e-06, -0.0164051087, -3.21652004, 1.5e+15, 1.34877427e+19, -694.969745, -719.976006, 362.752671, 117.19603, 116.280741, 1.28078819, 1.25944174, 1.5e+15, 4.47585985e-07, 4.59739269e-06, 0.0254292913, 2.70358911e-05, -1.54461978e-07, -2.32356494e-07, 1.56307067e-05, -4.59479718e-06, -3.82548916e-07, 2.20594746e-05, 0, 1.57150636e-08, 1.57150636e-08, 0.0159959152, 0.0314574557, 0.140846752, 0.27, 3.332, -0.125385211, -3.86818472e-07, -4.97734609e-06, 0, 1.5e+15, 0, 0, 2e+18, 1.51738358e+16
1.375, 0, 0, 5e+15, 0, 9.97161619e-15, 3.718e+18, 6.44e+20, 4.85, 4, 1.59546129, 116.280741, 1.25944174, 38671.4331, 0, 73603942, 688176906, 4.99235442e-06, -0.0164051087, -3.21652004, 5e+15, 1.34877427e+19, -584.044746, 38667.0225, 362.752671, 117.19603, 116.280741, 1.28078819, 1.25944174, 5e+15, 4.47585985e-07, 4.59739269e-06, 0.0254292913, 2.70358911e-05, -1.54461978e-07, -2.32356494e-07, 1.56307067e-05, -4.59479718e-06, -3.82548916e-07, 2.20594746e-05, 0, 1.57150636e-08, 1.57150636e-08, 0.0159959152, 0.0314574557, 0.140846752, 0.27, 3.332, -0.125385211, -3.86818472e-07, -4.97734609e-06, 0, 1.5e+15, 0, 0, 2e+18, 1.51738358e+16
1.5, 0, 0, 5e+15, 0, 9.99615217e-15, 3.718e+18, 6.44e+20, 4.85, 4, 1.59962035, 116.280749, 1.25944174, 38387.2832, 0, 86387593.4, 899342151, 6.49386932e-06, -0.0155840981, -3.22901594, 5e+15, 1.58224915e+19, -174.471527, 38386.8868, 362.764163, 117.19603, 116.280749, 1.28078819, 1.25944174, 5e+15, 5.61177701e-07, 5.95454237e-06, 0.0251352802, 2.51855862e-05, -1.21771372e-08, -1.63026843e-07, 8.3807492e-06, -5.95452992e-06, -5.36975475e-07, 2.37503009e-05, 0, 1.57157706e-08, 1.57157706e-08, 0.0202408372, 0.0714573238, 0.200661921, 0.27, 3.332, -0.149445435, -1.7520398e-07, -6.49150539e-06, 0, 1.5e+15, 0, 0, 2e+18, 1.66102204e+16
1.5, 0, 0, 1.5e+15, 0, 9.99615217e-15, 3.718e+18, 6.44e+20, 4.85, 4, 1.59962035, 116.280749, 1.25944174, 974.639053, 0, 86387593.4, 899342151, 6.49386932e-06, -0.0155840981, -3.22901594, 1.5e+15, 1.58224915e+19, -114.917137, -967.840553, 362.764163, 117.19603, 116.280749, 1.28078819, 1.25944174, 1.5e+15, 5.61177701e-07, 5.95454237e-06, 0.0251352802, 2.51855862e-05, -1.21771372e-08, -1.63026843e-07, 8.3807492e-06, -5.95452992e-06, -5.36975475e-07, 2.37503009e-05, 0, 1.57157706e-08, 1.57157706e-08, 0.0202408372, 0.0714573238, 0.200661921, 0.27, 3.332, -0.149445435, -1.7520398e-07, -6.49150539e-06, 0, 1.5e+15, 0, 0, 2e+18, 1.66102204e+16
1.625, 0, 0, 1.5e+15, 0, 1.00230031e-14, 3.718e+18, 6.44e+20, 4.85, 4, 1.59833421, 116.280741, 1.25944174, 1342.91155, 0, 80282051.5, 1.26201292e+09, 6.29683796e-06, -0.0166177808, -3.23828983, 1.5e+15, 1.47107677e+19, -166.53201, -1332.54588, 362.776708, 117.19603, 116.280741, 1.28078819, 1.25944174, 1.5e+15, 7.37201336e-07, 5.59808956e-06, 0.0249329504, 2.20688156e-05, -1.39587073e-07, -2.66389772e-07, 3.42933628e-06, -5.596349e-06, -6.87388026e-07, 2.18007402e-05, 0, 1.57165423e-08, 1.57165423e-08, 0.0206282707, 0.147754371, 0.263097759, 0.27, 3.332, -0.135971659, -4.05976845e-07, -6.28373703e-06, 0, 1.5e+15, 0, 0, 2e+18, 1.56048996e+16
1.625, 0, 0, 5e+15, 0, 1.00230031e-14, 3.718e+18, 6.44e+20, 4.85, 4, 1.59833421, 116.280741, 1.25944174, 38462.6525, 0, 80282051.5, 1.26201292e+09, 6.29683796e-06, -0.0166177808, -3.23828983, 5e+15, 1.47107677e+19, 79.5691879, 38462.5702, 362.776708, 117.19603, 116.280741, 1.28078819, 1.25944174, 5e+15, 7.37201336e-07, 5.59808956e-06, 0.0249329504, 2.20688156e-05, -1.39587073e-07, -2.66389772e-07, 3.42933628e-06, -5.596349e-06, -6.87388026e-07, 2.18007402e-05, 0, 1.57165423e-08, 1.57165423e-08, 0.0206282707, 0.147754371, 0.263097759, 0.27, 3.332, -0.135971659, -4.05976845e-07, -6.28373703e-06, 0, 1.5e+15, 0, 0, 2e+18, 1.56048996e+16
1.75, 0, 0, 5e+15, 0, 1.00519937e-14, 3.718e+18, 6.44e+20, 4.85, 4, 1.59739418, 116.280739, 1.25944174, 38550.9651, 0, 80096787.8, 1.6592998e+09, 7.25832235e-06, -0.0157806371, -3.24587261, 5e+15, 1.46596881e+19, 123.520544, 38550.7672, 362.790216, 117.19603, 116.280739, 1.28078819, 1.25944174, 5e+15, 1.00849987e-06, 6.26546054e-06, 0.024594049, 2.63110221e-05, -7.57913033e-09, -1.9159418e-07, -3.85443734e-07, -6.26545595e-06, -9.90133151e-07, 2.63081987e-05, 0, 1.57173733e-08, 1.57173733e-08, 0.0234891651, 0.264553135, 0.377729689, 0.27, 3.332, -0.13666572, -1.9917331e-07, -7.25558911e-06, 0, 1.5e+15, 0, 0, 2e+18, 1.71140818e+16
1.75, 0, 0, 1.5e+15, 0, 1.00519937e-14, 3.718e+18, 6.44e+20, 4.85, 4, 1.59739418, 116.280739, 1.25944174, 1699.54987, 0, 80096787.8, 1.6592998e+09, 7.25832235e-06, -0.0157806371, -3.24587261, 1.5e+15, 1.46596881e+19, 150.339542, -1692.88741, 362.790216, 117.19603, 116.280739, 1.28078819, 1.25944174, 1.5e+15, 1.00849987e-06, 6.26546054e-06, 0.024594049, 2.63110221e-05, -7.57913033e-09, -1.9159418e-07, -3.85443734e-07, -6.26545595e-06, -9.90133151e-07, 2.63081987e-05, 0, 1.57173733e-08, 1.57173733e-08, 0.0234891651, 0.264553135, 0.377729689, 0.27, 3.332, -0.13666572, -1.9917331e-07, -7.25558911e-06, 0, 1.5e+15, 0, 0, 2e+18, 1.71140818e+16
1.875, 0, 0, 1.5e+15, 0, 1.00833391e-14, 3.718e+18, 6.44e+20, 4.85, 4, 1.59457573, 116.280729, 1.25944174, 2057.30982, 0, 70754725.8, 2.22733494e+09, 6.81497717e-06, -0.0168725149, -3.25222291, 1.5e+15, 1.29529512e+19, -141.683941, -2052.42524, 362.804779, 117.19603, 116.280729, 1.28078819, 1.25944174, 1.5e+15, 1.25586181e-06, 5.59534961e-06, 0.0243754669, 2.53153963e-05, -1.41605276e-07, -3.60988452e-07, -5.85469613e-07, -5.59355747e-06, -1.20286168e-06, 2.53086253e-05, 0, 1.57182692e-08, 1.57182692e-08, 0.0232779146, 0.381665384, 0.474635569, 0.27, 3.332, -0.1162481, -5.02593728e-07, -6.79641915e-06, 0, 1.5e+15, 0, 0, 2e+18, 1.60681039e+16
1.875, 0, 0, 5e+15, 0, 1.00833391e-14, 3.718e+18, 6.44e+20, 4.85, 4, 1.59457573, 116.280729, 1.25944174, 38735.7711, 0, 70754725.8, 2.22733494e+09, 6.81497717e-06, -0.0168725149, -3.25222291, 5e+15, 1.29529512e+19, 122.617463, 38735.5771, 362.804779, 117.19603, 116.280729, 1.28078819, 1.25944174, 5e+15, 1.25586181e-06, 5.59534961e-06, 0.0243754669, 2.53153963e-05, -1.41605276e-07, -3.60988452e-07, -5.85469613e-07, -5.59355747e-06, -1.20286168e-06, 2.53086253e-05, 0, 1.57182692e-08, 1.57182692e-08, 0.0232779146, 0.381665384, 0.474635569, 0.27, 3.332, -0.1162481, -5.02593728e-07, -6.79641915e-06, 0, 1.5e+15, 0, 0, 2e+18, 1.60681039e+16
2, 0, 0, 5e+15, 0, 1.01168756e-14, 3.718e+18, 6.44e+20, 4.85, 4, 1.59495469, 116.280733, 1.25944174, 38761.6992, 0, 73088496.2, 2.72848767e+09, 8.0609916e-06, -0.0162722916, -3.25890924, 5e+15, 1.33670405e+19, 7.8660282, 38761.6984, 362.820311, 117.19603, 116.280733, 1.28078819, 1.25944174, 5e+15, 1.65042554e-06, 6.43150956e-06, 0.0239933833, 2.93203708e-05, -4.51181173e-08, -3.04760233e-07, -7.49098279e-07, -6.4313513e-06, -1.62204367e-06, 2.93107999e-05, 0, 1.57192247e-08, 1.57192247e-08, 0.0276449636, 0.537916238, 0.63110546, 0.27, 3.332, -0.120834186, -3.4987835e-07, -8.05339498e-06, 0, 1.5e+15, 0, 0, 2e+18, 1.74696695e+16
2, 0, 0, 1.5e+15, 0, 1.01168756e-14, 3.718e+18, 6.44e+20, 4.85, 4, 1.59495469, 116.280733, 1.25944174, 2371.71479, 0, 73088496.2, 2.72848767e+09, 8.0609916e-06, -0.0162722916, -3.25890924, 1.5e+15, 1.33670405e+19, 17.6801615, -2371.64889, 362.820311, 117.19603, 116.280733, 1.28078819, 1.25944174, 1.5e+15, 1.65042554e-06, 6.43150956e-06, 0.0239933833, 2.93203708e-05, -4.51181173e-08, -3.04760233e-07, -7.49098279e-07, -6.4313513e-06, -1.62204367e-06, 2.93107999e-05, 0, 1.57192247e-08, 1.57192247e-08, 0.0276449636, 0.537916238, 0.63110546, 0.27, 3.332, -0.120834186, -3.4987835e-07, -8.05339498e-06, 0, 1.5e+15, 0, 0, 2e+18, 1.74696695e+16
2.125, 0, 0, 1.5e+15, 0, 1.01528313e-14, 3.718e+18, 6.44e+20, 4.85, 4, 1.59413372, 116.280726, 1.25944174, 2674.94485, 0, 67855155.2, 3.46609719e+09, 7.84770171e-06, -0.0178121282, -3.26552987, 1.5e+15, 1.24164287e+19, -252.189303, -2663.03032, 362.836907, 117.19603, 116.280726, 1.28078819, 1.25944174, 1.5e+15, 1.96613312e-06, 5.93217372e-06, 0.0237681122, 2.72082638e-05, -1.85923857e-07, -5.68763036e-07, 1.72831424e-07, -5.92925943e-06, -1.88207015e-06, 2.72077149e-05, 0, 1.57202458e-08, 1.57202458e-08, 0.0283710369, 0.668488527, 0.747251635, 0.27, 3.332, -0.107134146, -7.54686893e-07, -7.81132958e-06, 0, 1.5e+15, 0, 0, 2e+18, 1.6303133e+16
2.125, 0, 0, 5e+15, 0, 1.01528313e-14, 3.718e+18, 6.44e+20, 4.85, 4, 1.59413372, 116.280726, 1.25944174, 38831.27, 0, 67855155.2, 3.46609719e+09, 7.84770171e-06, -0.0178121282, -3.26552987, 5e+15, 1.24164287e+19, -28.7032514, 38831.2593, 362.836907, 117.19603, 116.280726, 1.28078819, 1.25944174, 5e+15, 1.96613312e-06, 5.93217372e-06, 0.0237681122, 2.72082638e-05, -1.85923857e-07, -5.68763036e-07, 1.72831424e-07, -5.92925943e-06, -1.88207015e-06, 2.72077149e-05, 0, 1.57202458e-08, 1.57202458e-08, 0.0283710369, 0.668488527, 0.747251635, 0.27, 3.332, -0.107134146, -7.54686893e-07, -7.81132958e-06, 0, 1.5e+15, 0, 0, 2e+18, 1.6303133e+16
2.25, 0, 0, 5e+15, 0, 1.01910269e-14, 3.718e+18, 6.44e+20, 4.85, 4, 1.59647521, 116.280735, 1.25944174, 38742.9004, 0, 73660213.6, 4.07996218e+09, 9.57008725e-06, -0.0176270066, -3.27292796, 5e+15, 1.34693156e+19, -108.448299, 38742.7486, 362.854475, 117.19603, 116.280735, 1.28078819, 1.25944174, 5e+15, 2.50530433e-06, 7.09864125e-06, 0.0233492304, 3.0178382e-05, -7.41548635e-08, -5.02143893e-07, 2.6213534e-07, -7.09825391e-06, -2.45446558e-06, 3.01772435e-05, 0, 1.57213266e-08, 1.57213266e-08, 0.0349498988, 0.867106994, 0.949667995, 0.27, 3.332, -0.1175109, -5.76298756e-07, -9.55271949e-06, 0, 1.5e+15, 0, 0, 2e+18, 1.76141706e+16
2.25, 0, 0, 1.5e+15, 0, 1.01910269e-14, 3.718e+18, 6.44e+20, 4.85, 4, 1.59647521, 116.280735, 1.25944174, 2915.92226, 0, 73660213.6, 4.07996218e+09, 9.57008725e-06, -0.0176270066, -3.27292796, 1.5e+15, 1.34693156e+19, -89.8259687, -2914.53837, 362.854475, 117.19603, 116.280735, 1.28078819, 1.25944174, 1.5e+15, 2.50530433e-06, 7.09864125e-06, 0.0233492304, 3.0178382e-05, -7.41548635e-08, -5.02143893e-07, 2.6213534e-07, -7.09825391e-06, -2.45446558e-06, 3.01772435e-05, 0, 1.57213266e-08, 1.57213266e-08, 0.0349498988, 0.867106994, 0.949667995, 0.27, 3.332, -0.1175109, -5.76298756e-07, -9.55271949e-06, 0, 1.5e+15, 0, 0, 2e+18, 1.76141706e+16
2.375, 0, 0, 1.5e+15, 0, 1.02316822e-14, 3.718e+18, 6.44e+20, 4.85, 4, 1.59637937, 116.280729, 1.25944174, 3132.99622, 0, 69773924.8, 5.15386975e+09, 9.42101773e-06, -0.0192685081, -3.28009442, 1.5e+15, 1.27666919e+19, -233.888842, -3124.25372, 362.873104, 117.19603, 116.280729, 1.28078819, 1.25944174, 1.5e+15, 2.94248816e-06, 6.5558303e-06, 0.0231312471, 2.73748242e-05, -1.73522809e-07, -8.77127602e-07, 3.77977878e-07, -6.55353345e-06, -2.80871568e-06, 2.73722146e-05, 0, 1.57224728e-08, 1.57224728e-08, 0.0357834301, 1.04781532, 1.11750644, 0.27, 3.332, -0.105474545, -1.05065041e-06, -9.36224913e-06, 0, 1.5e+15, 0, 0, 2e+18, 1.6421158e+16
2.375, 0, 0, 5e+15, 0, 1.02316822e-14, 3.718e+18, 6.44e+20, 4.85, 4, 1.59637937, 116.280729, 1.25944174, 38764.2575, 0, 69773924.8, 5.15386975e+09, 9.42101773e-06, -0.0192685081, -3.28009442, 5e+15, 1.27666919e+19, -71.6948045, 38764.1912, 362.873104, 117.19603, 116.280729, 1.28078819, 1.25944174, 5e+15, 2.94248816e-06, 6.5558303e-06, 0.0231312471, 2.73748242e-05, -1.73522809e-07, -8.77127602e-07, 3.77977878e-07, -6.55353345e-06, -2.80871568e-06, 2.73722146e-05, 0, 1.57224728e-08, 1.57224728e-08, 0.0357834301, 1.04781532, 1.11750644, 0.27, 3.332, -0.105474545, -1.05065041e-06, -9.36224913e-06, 0, 1.5e+15, 0, 0, 2e+18, 1.6421158e+16
2.5, 0, 0, 5e+15, 0, 1.02746293e-14, 3.718e+18, 6.44e+20, 4.85, 4, 1.59891903, 116.280738, 1.25944174, 38674.3659, 0, 76220899, 6.12605369e+09, 1.15018934e-05, -0.0190892535, -3.28799176, 5e+15, 1.39368857e+19, -126.777372, 38674.1581, 362.892704, 117.19603, 116.280738, 1.28078819, 1.25944174, 5e+15, 3.7368831e-06, 7.82253741e-06, 0.0226857974, 2.98899997e-05, -7.63657432e-08, -8.2717073e-07, 1.40994289e-07, -7.82216465e-06, -3.64418494e-06, 2.98896671e-05, 0, 1.57236787e-08, 1.57236787e-08, 0.0439925052, 1.36243702, 1.43437246, 0.27, 3.332, -0.11592795, -9.03536473e-07, -1.14663496e-05, 0, 1.5e+15, 0, 0, 2e+18, 1.77414553e+16
2.5, 0, 0, 1.5e+15, 0, 1.02746293e-14, 3.718e+18, 6.44e+20, 4.85, 4, 1.59891903, 116.280738, 1.25944174, 3302.53558, 0, 76220899, 6.12605369e+09, 1.15018934e-05, -0.0190892535, -3.28799176, 1.5e+15, 1.39368857e+19, -108.896065, -3300.73975, 362.892704, 117.19603, 116.280738, 1.28078819, 1.25944174, 1.5e+15, 3.7368831e-06, 7.82253741e-06, 0.0226857974, 2.98899997e-05, -7.63657432e-08, -8.2717073e-07, 1.40994289e-07, -7.82216465e-06, -3.64418494e-06, 2.98896671e-05, 0, 1.57236787e-08, 1.57236787e-08, 0.0439925052, 1.36243702, 1.43437246, 0.27, 3.332, -0.11592795, -9.03536473e-07, -1.14663496e-05, 0, 1.5e+15, 0, 0, 2e+18, 1.77414553e+16
2.625, 0, 0, 1.5e+15, 0, 1.03201101e-14, 3.718e+18, 6.44e+20, 4.85, 4, 1.59910177, 116.280734, 1.25944174, 3449.29038, 0, 72883309.2, 7.87684989e+09, 1.15770002e-05, -0.0207193156, -3.29598756, 1.5e+15, 1.33359858e+19, -204.578164, -3443.21824, 362.913375, 117.19603, 116.280734, 1.28078819, 1.25944174, 1.5e+15, 4.51743646e-06, 7.19307059e-06, 0.0224914512, 2.65326895e-05, -1.56006581e-07, -1.47349113e-06, -1.5680309e-07, -7.19137862e-06, -4.27036955e-06, 2.65322261e-05, 0, 1.57249505e-08, 1.57249505e-08, 0.0454591352, 1.6549564, 1.7134689, 0.27, 3.332, -0.103971634, -1.62949771e-06, -1.14617482e-05, 0, 1.5e+15, 0, 0, 2e+18, 1.64922934e+16
2.625, 0, 0, 5e+15, 0, 1.03201101e-14, 3.718e+18, 6.44e+20, 4.85, 4, 1.59910177, 116.280734, 1.25944174, 38671.7665, 0, 72883309.2, 7.87684989e+09, 1.15770002e-05, -0.0207193156, -3.29598756, 5e+15, 1.33359858e+19, -88.275853, 38671.6658, 362.913375, 117.19603, 116.280734, 1.28078819, 1.25944174, 5e+15, 4.51743646e-06, 7.19307059e-06, 0.0224914512, 2.65326895e-05, -1.56006581e-07, -1.47349113e-06, -1.5680309e-07, -7.19137862e-06, -4.27036955e-06, 2.65322261e-05, 0, 1.57249505e-08, 1.57249505e-08, 0.0454591352, 1.6549564, 1.7134689, 0.27, 3.332, -0.103971634, -1.62949771e-06, -1.14617482e-05, 0, 1.5e+15, 0, 0, 2e+18, 1.64922934e+16
2.75, 0, 0, 5e+15, 0, 1.03679609e-14, 3.718e+18, 6.44e+20, 4.85, 4, 1.60180203, 116.280747, 1.25944174, 38485.46, 0, 79978576.6, 9.55592746e+09, 1.42562349e-05, -0.0205634468, -3.30468106, 5e+15, 1.46253635e+19, -124.410666, 38485.2589, 362.935026, 117.19603, 116.280747, 1.28078819, 1.25944174, 5e+15, 5.8034562e-06, 8.54843919e-06, 0.0220334816, 2.82526001e-05, -9.61070934e-08, -1.41697679e-06, -1.26246083e-07, -8.54789892e-06, -5.62781313e-06, 2.8252318e-05, 0, 1.57262827e-08, 1.57262827e-08, 0.0561206546, 2.17752747, 2.23523653, 0.27, 3.332, -0.113829713, -1.51308388e-06, -1.4175712e-05, 0, 1.5e+15, 0, 0, 2e+18, 1.77409594e+16
2.75, 0, 0, 1.5e+15, 0, 1.03679609e-14, 3.718e+18, 6.44e+20, 4.85, 4, 1.60180203, 116.280747, 1.25944174, 3555.70241, 0, 79978576.6, 9.55592746e+09, 1.42562349e-05, -0.0205634468, -3.30468106, 1.5e+15, 1.46253635e+19, -111.459073, -3553.95505, 362.935026, 117.19603, 116.280747, 1.28078819, 1.25944174, 1.5e+15, 5.8034562e-06, 8.54843919e-06, 0.0220334816, 2.82526001e-05, -9.61070934e-08, -1.41697679e-06, -1.26246083e-07, -8.54789892e-06, -5.62781313e-06, 2.8252318e-05, 0, 1.57262827e-08, 1.57262827e-08, 0.0561206546, 2.17752747, 2.23523653, 0.27, 3.332, -0.113829713, -1.51308388e-06, -1.4175712e-05, 0, 1.5e+15, 0, 0, 2e+18, 1.77409594e+16
2.875, 0, 0, 1.5e+15, 0, 1.04184434e-14, 3.718e+18, 6.44e+20, 4.85, 4, 1.60188825, 116.280762, 1.25944174, 3727.17407, 0, 75601262.2, 1.26122631e+10, 1.45873385e-05, -0.0224617664, -3.31339464, 1.5e+15, 1.38354758e+19, -221.180442, -3720.60556, 362.957764, 117.19603, 116.280762, 1.28078819, 1.25944174, 1.5e+15, 6.98845179e-06, 7.8017727e-06, 0.0218800671, 2.41175092e-05, -2.69456231e-07, -2.5056365e-06, -5.59796894e-07, -7.79711809e-06, -6.52382129e-06, 2.41110115e-05, 0, 1.57276818e-08, 1.57276818e-08, 0.0591352497, 2.67495368, 2.71502313, 0.27, 3.332, -0.0992047013, -2.77509273e-06, -1.43209394e-05, 0, 1.5e+15, 0, 0, 2e+18, 1.63343827e+16
2.875, 0, 0, 5e+15, 0, 1.04184434e-14, 3.718e+18, 6.44e+20, 4.85, 4, 1.60188825, 116.280762, 1.25944174, 38097.6914, 0, 75601262.2, 1.26122631e+10, 1.45873385e-05, -0.0224617664, -3.31339464, 5e+15, 1.38354758e+19, -51.6841536, 38097.6563, 362.957764, 117.19603, 116.280762, 1.28078819, 1.25944174, 5e+15, 6.98845179e-06, 7.8017727e-06, 0.0218800671, 2.41175092e-05, -2.69456231e-07, -2.5056365e-06, -5.59796894e-07, -7.79711809e-06, -6.52382129e-06, 2.41110115e-05, 0, 1.57276818e-08, 1.57276818e-08, 0.0591352497, 2.67495368, 2.71502313, 0.27, 3.332, -0.0992047013, -2.77509273e-06, -1.43209394e-05, 0, 1.5e+15, 0, 0, 2e+18, 1.63343827e+16
3, 0, 0, 5e+15, 0, 1.04714224e-14, 3.718e+18, 6.44e+20, 4.85, 4, 1.6046968, 116.280821, 1.25944174, 36660.5438, 0, 79330627.1, 1.59152436e+10, 1.77143201e-05, -0.0238182094, -3.32342491, 5e+15, 1.45120589e+19, -111.170747, 36660.3753, 362.98151, 117.19603, 116.280821, 1.28078819, 1.25944174, 5e+15, 8.99062578e-06, 8.90271878e-06, 0.0214276639, 2.41459467e-05, -3.44197981e-07, -2.84373127e-06, -1.0165222e-06, -8.89606258e-06, -8.52904124e-06, 2.41245399e-05, 0, 1.57291429e-08, 1.57291429e-08, 0.072981788, 3.54999311, 3.57548115, 0.27, 3.332, -0.0984698278, -3.18792925e-06, -1.74251038e-05, 0, 1.5e+15, 0, 0, 2e+18, 1.70526371e+16
3, 0, 0, 1.5e+15, 0, 1.04714224e-14, 3.718e+18, 6.44e+20, 4.85, 4, 1.6046968, 116.280821, 1.25944174, 3860.97917, 0, 79330627.1, 1.59152436e+10, 1.77143201e-05, -0.0238182094, -3.32342491, 1.5e+15, 1.45120589e+19, -249.149253, -3852.93198, 362.98151, 117.19603, 116.280821, 1.28078819, 1.25944174, 1.5e+15, 8.99062578e-06, 8.90271878e-06, 0.0214276639, 2.41459467e-05, -3.44197981e-07, -2.84373127e-06, -1.0165222e-06, -8.89606258e-06, -8.52904124e-06, 2.41245399e-05, 0, 1.57291429e-08, 1.57291429e-08, 0.072981788, 3.54999311, 3.57548115, 0.27, 3.332, -0.0984698278, -3.18792925e-06, -1.74251038e-05, 0, 1.5e+15, 0, 0, 2e+18, 1.70526371e+16
3.125, 0, 0, 1.5e+15, 0, 1.05271596e-14, 3.718e+18, 6.44e+20, 4.85, 4, 1.60811698, 116.280838, 1.25944174, 4066.98728, 0, 76421818.9, 2.0414485e+10, 1.85233765e-05, -0.0284633966, -3.33457703, 1.5e+15, 1.39929467e+19, -530.367926, -4032.25686, 363.006367, 117.19603, 116.280838, 1.28078819, 1.25944174, 1.5e+15, 1.06174252e-05, 8.27991292e-06, 0.0213324932, 1.99407232e-05, -5.87629926e-07, -4.8340396e-06, -3.75084207e-06, -8.25903439e-06, -9.45313594e-06, 1.95847805e-05, 0, 1.57306725e-08, 1.57306725e-08, 0.0789588851, 4.169691, 4.17731814, 0.27, 3.332, -0.0865860221, -5.42166953e-06, -1.77121703e-05, 0, 1.5e+15, 0, 0, 2e+18, 1.5536055e+16
3.125, 0, 0, 5e+15, 0, 1.05271596e-14, 3.718e+18, 6.44e+20, 4.85, 4, 1.60811698, 116.280838, 1.25944174, 35531.4093, 0, 76421818.9, 2.0414485e+10, 1.85233765e-05, -0.0284633966, -3.33457703, 5e+15, 1.39929467e+19, -323.229604, 35529.939, 363.006367, 117.19603, 116.280838, 1.28078819, 1.25944174, 5e+15, 1.06174252e-05, 8.27991292e-06, 0.0213324932, 1.99407232e-05, -5.87629926e-07, -4.8340396e-06, -3.75084207e-06, -8.25903439e-06, -9.45313594e-06, 1.95847805e-05, 0, 1.57306725e-08, 1.57306725e-08, 0.0789588851, 4.169691, 4.17731814, 0.27, 3.332, -0.0865860221, -5.42166953e-06, -1.77121703e-05, 0, 1.5e+15, 0, 0, 2e+18, 1.5536055e+16
3.25, 0, 0, 5e+15, 0, 1.05854541e-14, 3.718e+18, 6.44e+20, 4.85, 4, 1.61520268, 116.280848, 1.25944174, 34978.5547, 0, 87404846, 2.51956961e+10, 2.31802266e-05, -0.0314070545, -3.34818786, 5e+15, 1.59976895e+19, -514.28066, 34974.7739, 363.032228, 117.19603, 116.280848, 1.28078819, 1.25944174, 5e+15, 1.35077395e-05, 1.02713739e-05, 0.0209022999, 2.04083675e-05, -4.94737223e-07, -6.50320593e-06, -6.6403324e-06, -1.02594521e-05, -1.18392288e-05, 1.92978613e-05, 0, 1.57322638e-08, 1.57322638e-08, 0.100402917, 5.52860848, 5.52717684, 0.27, 3.332, -0.0989712803, -6.99794316e-06, -2.20986809e-05, 0, 1.5e+15, 0, 0, 2e+18, 1.66586593e+16
3.25, 0, 0, 1.5e+15, 0, 1.05854541e-14, 3.718e+18, 6.44e+20, 4.85, 4, 1.61520268, 116.280848, 1.25944174, 4199.60426, 0, 87404846, 2.51956961e+10, 2.31802266e-05, -0.0314070545, -3.34818786, 1.5e+15, 1.59976895e+19, -535.168892, -4165.36556, 363.032228, 117.19603, 116.280848, 1.28078819, 1.25944174, 1.5e+15, 1.35077395e-05, 1.02713739e-05, 0.0209022999, 2.04083675e-05, -4.94737223e-07, -6.50320593e-06, -6.6403324e-06, -1.02594521e-05, -1.18392288e-05, 1.92978613e-05, 0, 1.57322638e-08, 1.57322638e-08, 0.100402917, 5.52860848, 5.52717684, 0.27, 3.332, -0.0989712803, -6.99794316e-06, -2.20986809e-05, 0, 1.5e+15, 0, 0, 2e+18, 1.66586593e+16
3.375, 0, 0, 1.5e+15, 0, 1.06465458e-14, 3.718e+18, 6.44e+20, 4.85, 4, 1.6214962, 116.280849, 1.25944174, 4274.19669, 0, 91892614.9, 3.45163146e+10, 2.66687865e-05, -0.0361950772, -3.36426915, 1.5e+15, 1.68360811e+19, -671.158197, -4221.1733, 363.059181, 117.19603, 116.280849, 1.28078819, 1.25944174, 1.5e+15, 1.77000992e-05, 1.0230374e-05, 0.0208772038, 1.86748297e-05, -6.968526e-07, -1.13372896e-05, -1.25766863e-05, -1.0206613e-05, -1.35926222e-05, 1.38049348e-05, 0, 1.57339225e-08, 1.57339225e-08, 0.11567551, 7.01983098, 7.0025708, 0.27, 3.332, -0.098415329, -1.20341422e-05, -2.37992352e-05, 0, 1.5e+15, 0, 0, 2e+18, 1.5409321e+16
3.375, 0, 0, 5e+15, 0, 1.06465458e-14, 3.718e+18, 6.44e+20, 4.85, 4, 1.6214962, 116.280849, 1.25944174, 34776.0729, 0, 91892614.9, 3.45163146e+10, 2.66687865e-05, -0.0361950772, -3.36426915, 5e+15, 1.68360811e+19, -595.076783, 34770.9812, 363.059181, 117.19603, 116.280849, 1.28078819, 1.25944174, 5e+15, 1.77000992e-05, 1.0230374e-05, 0.0208772038, 1.86748297e-05, -6.968526e-07, -1.13372896e-05, -1.25766863e-05, -1.0206613e-05, -1.35926222e-05, 1.38049348e-05, 0, 1.57339225e-08, 1.57339225e-08, 0.11567551, 7.01983098, 7.0025708, 0.27, 3.332, -0.098415329, -1.20341422e-05, -2.37992352e-05, 0, 1.5e+15, 0, 0, 2e+18, 1.5409321e+16
3.5, 0, 0, 5e+15, 0, 1.07102641e-14, 3.718e+18, 6.44e+20, 4.85, 4, 1.63139906, 116.280856, 1.25944174, 34517.1419, 0, 115305241, 4.71772913e+10, 3.60755563e-05, -0.0390597624, -3.38388778, 5e+15, 2.11218062e+19, -774.426088, 34508.4533, 363.087132, 117.19603, 116.280856, 1.28078819, 1.25944174, 5e+15, 2.49040062e-05, 1.36938237e-05, 0.0204867337, 2.30503995e-05, -6.55163403e-07, -1.80253196e-05, -2.02055501e-05, -1.3678142e-05, -1.71842189e-05, 1.10930907e-05, 0, 1.57356426e-08, 1.57356426e-08, 0.157283555, 10.3112097, 10.2806816, 0.27, 3.332, -0.12675544, -1.8680483e-05, -3.08623608e-05, 0, 1.5e+15, 0, 0, 2e+18, 1.65542836e+16
3.5, 0, 0, 1.5e+15, 0, 1.07102641e-14, 3.718e+18, 6.44e+20, 4.85, 4, 1.63139906, 116.280856, 1.25944174, 4306.69592, 0, 115305241, 4.71772913e+10, 3.60755563e-05, -0.0390597624, -3.38388778, 1.5e+15, 2.11218062e+19, -801.413515, -4231.47328, 363.087132, 117.19603, 116.280856, 1.28078819, 1.25944174, 1.5e+15, 2.49040062e-05, 1.36938237e-05, 0.0204867337, 2.30503995e-05, -6.55163403e-07, -1.80253196e-05, -2.02055501e-05, -1.3678142e-05, -1.71842189e-05, 1.10930907e-05, 0, 1.57356426e-08, 1.57356426e-08, 0.157283555, 10.3112097, 10.2806816, 0.27, 3.332, -0.12675544, -1.8680483e-05, -3.08623608e-05, 0, 1.5e+15, 0, 0, 2e+18, 1.65542836e+16
3.625, 0, 0, 1.5e+15, 0, 1.07768853e-14, 3.718e+18, 6.44e+20, 4.85, 4, 1.64153154, 116.28086, 1.25944174, 4108.91954, 0, 137320828, 7.21313576e+10, 5.03653846e-05, -0.0437895949, -3.40724278, 1.5e+15, 2.51871592e+19, -803.941196, -4029.50348, 363.116185, 117.19603, 116.28086, 1.28078819, 1.25944174, 1.5e+15, 3.9727649e-05, 1.48830978e-05, 0.0205414743, 3.56413625e-05, -9.13475869e-07, -3.2532489e-05, -3.56382798e-05, -1.48550382e-05, -2.28018257e-05, -4.6875986e-07, 0, 1.57374305e-08, 1.57374305e-08, 0.20667851, 14.4387261, 14.3801658, 0.27, 3.332, -0.148118227, -3.34459649e-05, -3.76568639e-05, 0, 1.5e+15, 0, 0, 2e+18, 1.51470643e+16
3.625, 0, 0, 5e+15, 0, 1.07768853e-14, 3.718e+18, 6.44e+20, 4.85, 4, 1.64153154, 116.28086, 1.25944174, 34258.3638, 0, 137320828, 7.21313576e+10, 5.03653846e-05, -0.0437895949, -3.40724278, 5e+15, 2.51871592e+19, -898.173369, 34246.5878, 363.116185, 117.19603, 116.28086, 1.28078819, 1.25944174, 5e+15, 3.9727649e-05, 1.48830978e-05, 0.0205414743, 3.56413625e-05, -9.13475869e-07, -3.2532489e-05, -3.56382798e-05, -1.48550382e-05, -2.28018257e-05, -4.6875986e-07, 0, 1.57374305e-08, 1.57374305e-08, 0.20667851, 14.4387261, 14.3801658, 0.27, 3.332, -0.148118227, -3.34459649e-05, -3.76568639e-05, 0, 1.5e+15, 0, 0, 2e+18, 1.51470643e+16
3.75, 0, 0, 5e+15, 0, 1.08462422e-14, 3.718e+18, 6.44e+20, 4.85, 4, 1.65548147, 116.280869, 1.25944174, 33832.6526, 0, 196531625, 1.0741269e+11, 7.51288656e-05, -0.0465875233, -3.4335895, 5e+15, 3.6047655e+19, -1091.1611, 33815.0521, 363.146245, 117.19603, 116.280869, 1.28078819, 1.25944174, 5e+15, 6.12008165e-05, 2.18409689e-05, 0.0202011144, 5.68499267e-05, -1.13292107e-06, -5.34465396e-05, -5.56390724e-05, -2.1811566e-05, -2.98162261e-05, -1.16708094e-05, 0, 1.57392806e-08, 1.57392806e-08, 0.303974015, 22.8271573, 22.7461591, 0.27, 3.332, -0.22297583, -5.45794607e-05, -5.16277921e-05, 0, 1.5e+15, 0, 0, 2e+18, 1.60913614e+16
3.75, 0, 0, 1.5e+15, 0, 1.08462422e-14, 3.718e+18, 6.44e+20, 4.85, 4, 1.65548147, 116.280869, 1.25944174, 3945.52038, 0, 196531625, 1.0741269e+11, 7.51288656e-05, -0.0465875233, -3.4335895, 1.5e+15, 3.6047655e+19, -1132.80713, -3779.40195, 363.146245, 117.19603, 116.280869, 1.28078819, 1.25944174, 1.5e+15, 6.12008165e-05, 2.18409689e-05, 0.0202011144, 5.68499267e-05, -1.13292107e-06, -5.34465396e-05, -5.56390724e-05, -2.1811566e-05, -2.98162261e-05, -1.16708094e-05, 0, 1.57392806e-08, 1.57392806e-08, 0.303974015, 22.8271573, 22.7461591, 0.27, 3.332, -0.22297583, -5.45794607e-05, -5.16277921e-05, 0, 1.5e+15, 0, 0, 2e+18, 1.60913614e+16
3.875, 0, 0, 1.5e+15, 0, 1.091862e-14, 3.718e+18, 6.44e+20, 4.85, 4, 1.66985172, 116.280876, 1.25944174, 3554.70667, 0, 267949295, 1.73856581e+11, 0.000118974858, -0.0513250918, -3.46296527, 1.5e+15, 4.92083154e+19, -988.701735, -3414.44116, 363.177416, 117.19603, 116.280876, 1.28078819, 1.25944174, 1.5e+15, 0.000103906344, 2.64738052e-05, 0.0203372751, 0.000104848079, -1.69851779e-06, -9.40116879e-05, -9.75477141e-05, -2.64192619e-05, -4.42530334e-05, -3.84390841e-05, 0, 1.5741199e-08, 1.5741199e-08, 0.443690952, 33.4034913, 33.2663443, 0.27, 3.332, -0.306543919, -9.57102057e-05, -7.06722953e-05, 0, 1.5e+15, 0, 0, 2e+18, 1.45411996e+16
3.875, 0, 0, 5e+15, 0, 1.091862e-14, 3.718e+18, 6.44e+20, 4.85, 4, 1.66985172, 116.280876, 1.25944174, 33361.4177, 0, 267949295, 1.73856581e+11, 0.000118974858, -0.0513250918, -3.46296527, 5e+15, 4.92083154e+19, -1192.43003, 33340.1005, 363.177416, 117.19603, 116.280876, 1.28078819, 1.25944174, 5e+15, 0.000103906344, 2.64738052e-05, 0.0203372751, 0.000104848079, -1.69851779e-06, -9.40116879e-05, -9.75477141e-05, -2.64192619e-05, -4.42530334e-05, -3.84390841e-05, 0, 1.5741199e-08, 1.5741199e-08, 0.443690952, 33.4034913, 33.2663443, 0.27, 3.332, -0.306543919, -9.57102057e-05, -7.06722953e-05, 0, 1.5e+15, 0, 0, 2e+18, 1.45411996e+16
4, 0, 0, 5e+15, 0, 1.09938616e-14, 3.718e+18, 6.44e+20, 4.85, 4, 1.68693263, 116.280886, 1.25944174, 32764.5174, 0, 424476496, 2.71251966e+11, 0.000185709522, -0.0540763421, -3.49390246, 5e+15, 7.79444711e+19, -1312.36296, 32738.2239, 363.209607, 117.19603, 116.280886, 1.28078819, 1.25944174, 5e+15, 0.000165068433, 4.18658006e-05, 0.0200574359, 0.000170343779, -2.49380852e-06, -0.000155134817, -0.000156378502, -4.17914606e-05, -5.63983705e-05, -6.75482583e-05, 0, 1.57431803e-08, 1.57431803e-08, 0.683730835, 54.8825163, 54.709532, 0.27, 3.332, -0.510746553, -0.000157628625, -9.81898311e-05, 0, 1.5e+15, 0, 0, 2e+18, 1.53291185e+16
4, 0, 0, 1.5e+15, 0, 1.09938616e-14, 3.718e+18, 6.44e+20, 4.85, 4, 1.68693263, 116.280886, 1.25944174, 3305.14336, 0, 424476496, 2.71251966e+11, 0.000185709522, -0.0540763421, -3.49390246, 1.5e+15, 7.79444711e+19, -1353.48373, -3015.30338, 363.209607, 117.19603, 116.280886, 1.28078819, 1.25944174, 1.5e+15, 0.000165068433, 4.18658006e-05, 0.0200574359, 0.000170343779, -2.49380852e-06, -0.000155134817, -0.000156378502, -4.17914606e-05, -5.63983705e-05, -6.75482583e-05, 0, 1.57431803e-08, 1.57431803e-08, 0.683730835, 54.8825163, 54.709532, 0.27, 3.332, -0.510746553, -0.000157628625, -9.81898311e-05, 0, 1.5e+15, 0, 0, 2e+18, 1.53291185e+16
4.125, 0, 0, 1.5e+15, 0, 1.10722751e-14, 3.718e+18, 6.44e+20, 4.85, 4, 1.70368881, 116.280892, 1.25944174, 3054.12683, 0, 622479136, 4.55051772e+11, 0.000306930702, -0.0589193429, -3.52678598, 1.5e+15, 1.14408878e+20, -1251.91553, -2785.74912, 363.242927, 117.19603, 116.280892, 1.28078819, 1.25944174, 1.5e+15, 0.000281581677, 5.58535399e-05, 0.0202769922, 0.000298986974, -4.76628184e-06, -0.000269083044, -0.000275170169, -5.56498021e-05, -8.29611739e-05, -0.000116938399, 0, 1.57452312e-08, 1.57452312e-08, 1.07526641, 83.2883868, 82.9678876, 0.27, 3.332, -0.754767196, -0.000273849326, -0.000138610976, 0, 1.5e+15, 0, 0, 2e+18, 1.38585436e+16
4.125, 0, 0, 5e+15, 0, 1.10722751e-14, 3.718e+18, 6.44e+20, 4.85, 4, 1.70368881, 116.280892, 1.25944174, 32170.9214, 0, 622479136, 4.55051772e+11, 0.000306930702, -0.0589193429, -3.52678598, 5e+15, 1.14408878e+20, -1358.56223, 32142.2229, 363.242927, 117.19603, 116.280892, 1.28078819, 1.25944174, 5e+15, 0.000281581677, 5.58535399e-05, 0.0202769922, 0.000298986974, -4.76628184e-06, -0.000269083044, -0.000275170169, -5.56498021e-05, -8.29611739e-05, -0.000116938399, 0, 1.57452312e-08, 1.57452312e-08, 1.07526641, 83.2883868, 82.9678876, 0.27, 3.332, -0.754767196, -0.000273849326, -0.000138610976, 0, 1.5e+15, 0, 0, 2e+18, 1.38585436e+16
4.25, 0, 0, 5e+15, 0, 1.11536966e-14, 3.718e+18, 6.44e+20, 4.85, 4, 1.72250534, 116.280901, 1.25944174, 31482.1214, 0, 1.04024797e+09, 7.39715377e+11, 0.000502920276, -0.0617326209, -3.56074444, 5e+15, 1.91134036e+20, -1434.32417, 31449.4306, 363.277284, 117.19603, 116.280901, 1.28078819, 1.25944174, 5e+15, 0.000468917229, 9.47698571e-05, 0.0200605018, 0.000495515609, -6.27301755e-06, -0.000458816453, -0.000463951512, -9.45620171e-05, -9.68030467e-05, -0.000174025037, 0, 1.57473459e-08, 1.57473459e-08, 1.76528893, 142.640432, 142.193067, 0.27, 3.332, -1.31792393, -0.000465089471, -0.000191365064, 0, 1.5e+15, 0, 0, 2e+18, 1.46124515e+16
4.25, 0, 0, 1.5e+15, 0, 1.11536966e-14, 3.718e+18, 6.44e+20, 4.85, 4, 1.72250534, 116.280901, 1.25944174, 2928.80241, 0, 1.04024797e+09, 7.39715377e+11, 0.000502920276, -0.0617326209, -3.56074444, 1.5e+15, 1.91134036e+20, -1475.08782, -2530.21728, 363.277284, 117.19603, 116.280901, 1.28078819, 1.25944174, 1.5e+15, 0.000468917229, 9.47698571e-05, 0.0200605018, 0.000495515609, -6.27301755e-06, -0.000458816453, -0.000463951512, -9.45620171e-05, -9.68030467e-05, -0.000174025037, 0, 1.57473459e-08, 1.57473459e-08, 1.76528893, 142.640432, 142.193067, 0.27, 3.332, -1.31792393, -0.000465089471, -0.000191365064, 0, 1.5e+15, 0, 0, 2e+18, 1.46124515e+16
4.375, 0, 0, 1.5e+15, 0, 1.12384437e-14, 3.718e+18, 6.44e+20, 4.85, 4, 1.74056601, 116.280906, 1.25944174, 2770.43299, 0, 1.58519883e+09, 1.27657103e+12, 0.0008321284, -0.0666775602, -3.59582038, 1.5e+15, 2.91474828e+20, -1405.0485, -2387.70553, 363.312785, 117.19603, 116.280906, 1.28078819, 1.25944174, 1.5e+15, 0.000787654213, 0.000133709723, 0.0203590026, 0.000828665961, -1.33510491e-05, -0.000777589592, -0.000791397199, -0.000133041495, -0.000125513289, -0.000245718841, 0, 1.57495312e-08, 1.57495312e-08, 2.82433807, 222.784236, 221.921587, 0.27, 3.332, -1.9616895, -0.000790940641, -0.000258554784, 0, 1.49999999e+15, 0, 0, 2e+18, 1.32161759e+16
4.375, 0, 0, 5e+15, 0, 1.12384437e-14, 3.718e+18, 6.44e+20, 4.85, 4, 1.74056601, 116.280906, 1.25944174, 30814.8922, 0, 1.58519883e+09, 1.27657103e+12, 0.0008321284, -0.0666775602, -3.59582038, 5e+15, 2.91474828e+20, -1448.9116, 30780.8096, 363.312785, 117.19603, 116.280906, 1.28078819, 1.25944174, 5e+15, 0.000787654213, 0.000133709723, 0.0203590026, 0.000828665961, -1.33510491e-05, -0.000777589592, -0.000791397199, -0.000133041495, -0.000125513289, -0.000245718841, 0, 1.57495312e-08, 1.57495312e-08, 2.82433807, 222.784236, 221.921587, 0.27, 3.332, -1.9616895, -0.000790940641, -0.000258554784, 0, 1.49999999e+15, 0, 0, 2e+18, 1.32161759e+16
4.5, 0, 0, 5e+15, 0, 1.13263616e-14, 3.718e+18, 6.44e+20, 4.85, 4, 1.7603329, 116.280913, 1.25944174, 30053.7798, 0, 2.72255788e+09, 2.11482761e+12, 0.00136367793, -0.0695830778, -3.63132423, 5e+15, 5.00419381e+20, -1478.22146, 30017.4039, 363.34934, 117.19603, 116.280913, 1.28078819, 1.25944174, 5e+15, 0.00130826392, 0.000235670402, 0.0202109364, 0.001360693, -1.69621803e-05, -0.0013042273, -0.0013209428, -0.00023505919, -0.00010269197, -0.000326489723, 0, 1.57517814e-08, 1.57517814e-08, 4.64858464, 387.729417, 386.358543, 0.27, 3.332, -3.27770977, -0.00132118948, -0.00033775116, 0, 1.49999999e+15, 0, 0, 2e+18, 1.38901909e+16
4.5, 0, 0, 1.5e+15, 0, 1.13263616e-14, 3.718e+18, 6.44e+20, 4.85, 4, 1.7603329, 116.280913, 1.25944174, 2687.95793, 0, 2.72255788e+09, 2.11482761e+12, 0.00136367793, -0.0695830778, -3.63132423, 1.5e+15, 5.00419381e+20, -1510.08627, -2223.68102, 363.34934, 117.19603, 116.280913, 1.28078819, 1.25944174, 1.5e+15, 0.00130826392, 0.000235670402, 0.0202109364, 0.001360693, -1.69621803e-05, -0.0013042273, -0.0013209428, -0.00023505919, -0.00010269197, -0.000326489723, 0, 1.57517814e-08, 1.57517814e-08, 4.64858464, 387.729417, 386.358543, 0.27, 3.332, -3.27770977, -0.00132118948, -0.00033775116, 0, 1.49999999e+15, 0, 0, 2e+18, 1.38901909e+16
4.625, 0, 0, 1.5e+15, 0, 1.1417798e-14, 3.718e+18, 6.44e+20, 4.85, 4, 1.77831816, 116.280917, 1.25944174, 2453.07056, 0, 4.11072155e+09, 3.57797611e+12, 0.00199613076, -0.07474019, -3.665706, 1.5e+15, 7.5604946e+20, -1332.84861, -2059.38577, 363.387065, 117.19603, 116.280917, 1.28078819, 1.25944174, 1.5e+15, 0.00192732991, 0.000328146276, 0.0205869826, 0.00199501292, -3.54491187e-05, -0.00192692918, -0.00196301313, -0.000326225901, -3.93003327e-05, -0.000355887591, 0, 1.57541039e-08, 1.57541039e-08, 6.56034824, 591.980868, 589.604535, 0.27, 3.332, -4.1840151, -0.0019623783, -0.000365526234, 0, 1.49999998e+15, 0, 0, 2e+18, 1.25302084e+16
4.625, 0, 0, 5e+15, 0, 1.1417798e-14, 3.718e+18, 6.44e+20, 4.85, 4, 1.77831816, 116.280917, 1.25944174, 29350.1661, 0, 4.11072155e+09, 3.57797611e+12, 0.00199613076, -0.07474019, -3.665706, 5e+15, 7.5604946e+20, -1403.93924, 29316.5687, 363.387065, 117.19603, 116.280917, 1.28078819, 1.25944174, 5e+15, 0.00192732991, 0.000328146276, 0.0205869826, 0.00199501292, -3.54491187e-05, -0.00192692918, -0.00196301313, -0.000326225901, -3.93003327e-05, -0.000355887591, 0, 1.57541039e-08, 1.57541039e-08, 6.56034824, 591.980868, 589.604535, 0.27, 3.332, -4.1840151, -0.0019623783, -0.000365526234, 0, 1.49999998e+15, 0, 0, 2e+18, 1.25302084e+16
4.75, 0, 0, 5e+15, 0, 1.15125928e-14, 3.718e+18, 6.44e+20, 4.85, 4, 1.79658062, 116.280922, 1.25944174, 28630.8898, 0, 6.59641615e+09, 5.4953406e+12, 0.00264325688, -0.0782665789, -3.69733744, 5e+15, 1.21274597e+21, -1315.42822, 28600.6556, 363.425867, 117.19603, 116.280922, 1.28078819, 1.25944174, 5e+15, 0.00257529224, 0.000541792137, 0.0205056151, 0.00264332639, -5.25200716e-05, -0.00256801797, -0.00262196007, -0.000539240542, 0.000193426546, -0.000335409874, 0, 1.57564926e-08, 1.57564926e-08, 9.14350025, 954.917551, 950.832438, 0.27, 3.332, -5.05838778, -0.00262053804, -0.000345813996, 0, 1.49999997e+15, 0, 0, 2e+18, 1.31579069e+16
4.75, 0, 0, 1.5e+15, 0, 1.15125928e-14, 3.718e+18, 6.44e+20, 4.85, 4, 1.79658062, 116.280922, 1.25944174, 2305.67049, 0, 6.59641615e+09, 5.4953406e+12, 0.00264325688, -0.0782665789, -3.69733744, 1.5e+15, 1.21274597e+21, -1318.3258, -1891.59549, 363.425867, 117.19603, 116.280922, 1.28078819, 1.25944174, 1.5e+15, 0.00257529224, 0.000541792137, 0.0205056151, 0.00264332639, -5.25200716e-05, -0.00256801797, -0.00262196007, -0.000539240542, 0.000193426546, -0.000335409874, 0, 1.57564926e-08, 1.57564926e-08, 9.14350025, 954.917551, 950.832438, 0.27, 3.332, -5.05838778, -0.00262053804, -0.000345813996, 0, 1.49999997e+15, 0, 0, 2e+18, 1.31579069e+16
4.875, 0, 0, 1.5e+15, 0, 1.161111e-14, 3.718e+18, 6.44e+20, 4.85, 4, 1.81127631, 116.280924, 1.25944174, 2148.36051, 0, 8.41951128e+09, 7.72551836e+12, 0.0026214228, -0.0853947313, -3.72263179, 1.5e+15, 1.54869609e+21, -1101.95437, -1844.22055, 363.465864, 117.19603, 116.280924, 1.28078819, 1.25944174, 1.5e+15, 0.00255603071, 0.00065350225, 0.0209513175, 0.00262321546, -0.00010480795, -0.00251119913, -0.00261840256, -0.000645043009, 0.000476625516, -0.000158831332, 0, 1.57589551e-08, 1.57589551e-08, 9.74241904, 1223.77868, 1218.18765, 0.27, 3.332, -4.15139175, -0.00261600708, -0.000168417493, 0, 1.49999997e+15, 0, 0, 2e+18, 1.19924421e+16
4.875, 0, 0, 5e+15, 0, 1.161111e-14, 3.718e+18, 6.44e+20, 4.85, 4, 1.81127631, 116.280924, 1.25944174, 28095.5427, 0, 8.41951128e+09, 7.72551836e+12, 0.0026214228, -0.0853947313, -3.72263179, 5e+15, 1.54869609e+21, -1117.92, 28073.2929, 363.465864, 117.19603, 116.280924, 1.28078819, 1.25944174, 5e+15, 0.00255603071, 0.00065350225, 0.0209513175, 0.00262321546, -0.00010480795, -0.00251119913, -0.00261840256, -0.000645043009, 0.000476625516, -0.000158831332, 0, 1.57589551e-08, 1.57589551e-08, 9.74241904, 1223.77868, 1218.18765, 0.27, 3.332, -4.15139175, -0.00261600708, -0.000168417493, 0, 1.49999997e+15, 0, 0, 2e+18, 1.19924421e+16
5, 0, 0, 5e+15, 0, 1.1713195e-14, 3.718e+18, 6.44e+20, 4.85, 4, 1.82483852, 116.280926, 1.25944174, 27687.2899, 0, 1.02511818e+10, 8.83605492e+12, 0.00195590453, -0.0928677923, -3.74033034, 5e+15, 1.88468133e+21, -939.12664, 27671.3582, 363.506963, 117.19603, 116.280926, 1.28078819, 1.25944174, 5e+15, 0.00193407922, 0.000837055563, 0.0209369973, 0.00195773948, -0.000137940392, -0.00181220991, -0.00195281342, -0.00082561157, 0.000675690523, -0.000138793405, 0, 1.57614855e-08, 1.57614855e-08, 9.94941807, 1491.69741, 1484.85421, 0.27, 3.332, -3.10621822, -0.0019501503, -0.000149921047, 0, 1.49999996e+15, 0, 0, 2e+18, 1.27817663e+16
5, 0, 0, 1.5e+15, 0, 1.1713195e-14, 3.718e+18, 6.44e+20, 4.85, 4, 1.82483852, 116.280926, 1.25944174, 2025.04284, 0, 1.02511818e+10, 8.83605492e+12, 0.00195590453, -0.0928677923, -3.74033034, 1.5e+15, 1.88468133e+21, -905.859807, -1811.13681, 363.506963, 117.19603, 116.280926, 1.28078819, 1.25944174, 1.5e+15, 0.00193407922, 0.000837055563, 0.0209369973, 0.00195773948, -0.000137940392, -0.00181220991, -0.00195281342, -0.00082561157, 0.000675690523, -0.000138793405, 0, 1.57614855e-08, 1.57614855e-08, 9.94941807, 1491.69741, 1484.85421, 0.27, 3.332, -3.10621822, -0.0019501503, -0.000149921047, 0, 1.49999996e+15, 0, 0, 2e+18, 1.27817663e+16
5.125, 0, 0, 1.5e+15, 0, 1.18192347e-14, 3.718e+18, 6.44e+20, 4.85, 4, 1.8339228, 116.280925, 1.25944174, 2244.3546, 0, 9.42941553e+09, 8.6386485e+12, 0.00124491597, -0.104648233, -3.74863423, 1.5e+15, 1.73406762e+21, -912.238689, -2050.59703, 363.549285, 117.19603, 116.280925, 1.28078819, 1.25944174, 1.5e+15, 0.00111020675, 0.000766373763, 0.0214510637, 0.00124394315, -0.000177211022, -0.00102568448, -0.00120472121, -0.000745603781, 0.000424888666, -0.00030990539, 0, 1.57640914e-08, 1.57640914e-08, 6.95417502, 1370.93703, 1366.7088, 0.27, 3.332, -2.72594543, -0.0012028955, -0.000320715116, 0, 1.49999996e+15, 0, 0, 2e+18, 1.20348674e+16
5.125, 0, 0, 5e+15, 0, 1.18192347e-14, 3.718e+18, 6.44e+20, 4.85, 4, 1.8339228, 116.280925, 1.25944174, 27641.9995, 0, 9.42941553e+09, 8.6386485e+12, 0.00124491597, -0.104648233, -3.74863423, 5e+15, 1.73406762e+21, -748.519991, 27631.863, 363.549285, 117.19603, 116.280925, 1.28078819, 1.25944174, 5e+15, 0.00111020675, 0.000766373763, 0.0214510637, 0.00124394315, -0.000177211022, -0.00102568448, -0.00120472121, -0.000745603781, 0.000424888666, -0.00030990539, 0, 1.57640914e-08, 1.57640914e-08, 6.95417502, 1370.93703, 1366.7088, 0.27, 3.332, -2.72594543, -0.0012028955, -0.000320715116, 0, 1.49999996e+15, 0, 0, 2e+18, 1.20348674e+16
5.25, 0, 0, 5e+15, 0, 1.19290577e-14, 3.718e+18, 6.44e+20, 4.85, 4, 1.84347612, 116.280925, 1.25944174, 27739.8305, 0, 9.1177934e+09, 7.61408741e+12, 0.00111360437, -0.115335297, -3.75415744, 5e+15, 1.67559234e+21, -756.896139, 27729.5025, 363.59273, 117.19603, 116.280925, 1.28078819, 1.25944174, 5e+15, 0.000754982361, 0.000808836576, 0.0215042972, 0.001107565, -0.00016111342, -0.000741748054, -0.000904512089, -0.000792627954, 0.000140741573, -0.000639185505, 0, 1.57667665e-08, 1.57667665e-08, 5.99101337, 1323.45956, 1320.45481, 0.27, 3.332, -2.98626387, -0.000902861473, -0.00065188638, 0, 1.49999996e+15, 0, 0, 2e+18, 1.31936039e+16
5.25, 0, 0, 1.5e+15, 0, 1.19290577e-14, 3.718e+18, 6.44e+20, 4.85, 4, 1.84347612, 116.280925, 1.25944174, 2402.72941, 0, 9.1177934e+09, 7.61408741e+12, 0.00111360437, -0.115335297, -3.75415744, 1.5e+15, 1.67559234e+21, -745.518113, -2284.14347, 363.59273, 117.19603, 116.280925, 1.28078819, 1.25944174, 1.5e+15, 0.000754982361, 0.000808836576, 0.0215042972, 0.001107565, -0.00016111342, -0.000741748054, -0.000904512089, -0.000792627954, 0.000140741573, -0.000639185505, 0, 1.57667665e-08, 1.57667665e-08, 5.99101337, 1323.45956, 1320.45481, 0.27, 3.332, -2.98626387, -0.000902861473, -0.00065188638, 0, 1.49999996e+15, 0, 0, 2e+18, 1.31936039e+16
5.375, 0, 0, 1.5e+15, 0, 1.20430751e-14, 3.718e+18, 6.44e+20, 4.85, 4, 1.85256076, 116.280923, 1.25944174, 2959.00628, 0, 7.88698535e+09, 6.94665812e+12, 0.00152871171, -0.129047321, -3.76029015, 1.5e+15, 1.44973368e+21, -1173.79434, -2716.2336, 363.637423, 117.19603, 116.280923, 1.28078819, 1.25944174, 1.5e+15, 0.00107560276, 0.00072492861, 0.0220831369, 0.00152130612, -0.000185624041, -0.0010593283, -0.00124521981, -0.000700760448, -0.000186399723, -0.000873956488, 0, 1.57695186e-08, 1.57695186e-08, 5.83223104, 1145.65171, 1142.68052, 0.27, 3.332, -2.86103818, -0.00124495234, -0.000887160171, 0, 1.49999997e+15, 0, 0, 2e+18, 1.25156905e+16
5.375, 0, 0, 5e+15, 0, 1.20430751e-14, 3.718e+18, 6.44e+20, 4.85, 4, 1.85256076, 116.280923, 1.25944174, 27935.0375, 0, 7.88698535e+09, 6.94665812e+12, 0.00152871171, -0.129047321, -3.76029015, 5e+15, 1.44973368e+21, -850.265562, 27922.0946, 363.637423, 117.19603, 116.280923, 1.28078819, 1.25944174, 5e+15, 0.00107560276, 0.00072492861, 0.0220831369, 0.00152130612, -0.000185624041, -0.0010593283, -0.00124521981, -0.000700760448, -0.000186399723, -0.000873956488, 0, 1.57695186e-08, 1.57695186e-08, 5.83223104, 1145.65171, 1142.68052, 0.27, 3.332, -2.86103818, -0.00124495234, -0.000887160171, 0, 1.49999997e+15, 0, 0, 2e+18, 1.25156905e+16
5.5, 0, 0, 5e+15, 0, 1.21611343e-14, 3.718e+18, 6.44e+20, 4.85, 4, 1.86565039, 116.280924, 1.25944174, 27996.2565, 0, 8.11486078e+09, 6.53182569e+12, 0.00220044666, -0.141330264, -3.77137052, 5e+15, 1.49056203e+21, -1107.78307, 27974.331, 363.683269, 117.19603, 116.280924, 1.28078819, 1.25944174, 5e+15, 0.00168888061, 0.000826369831, 0.0222066121, 0.00219102643, -0.000165938443, -0.00162074129, -0.0017866939, -0.00080953785, -0.000474884595, -0.00126819624, 0, 1.57723418e-08, 1.57723418e-08, 7.39376057, 1178.98883, 1175.29005, 0.27, 3.332, -3.69498031, -0.00178667973, -0.00128442244, 0, 1.49999997e+15, 0, 0, 2e+18, 1.3691962e+16
5.5, 0, 0, 1.5e+15, 0, 1.21611343e-14, 3.718e+18, 6.44e+20, 4.85, 4, 1.86565039, 116.280924, 1.25944174, 3301.88865, 0, 8.11486078e+09, 6.53182569e+12, 0.00220044666, -0.141330264, -3.77137052, 1.5e+15, 1.49056203e+21, -1142.7749, -3097.82733, 363.683269, 117.19603, 116.280924, 1.28078819, 1.25944174, 1.5e+15, 0.00168888061, 0.000826369831, 0.0222066121, 0.00219102643, -0.000165938443, -0.00162074129, -0.0017866939, -0.00080953785, -0.000474884595, -0.00126819624, 0, 1.57723418e-08, 1.57723418e-08, 7.39376057, 1178.98883, 1175.29005, 0.27, 3.332, -3.69498031, -0.00178667973, -0.00128442244, 0, 1.49999997e+15, 0, 0, 2e+18, 1.3691962e+16
5.625, 0, 0, 1.5e+15, 0, 1.22836972e-14, 3.718e+18, 6.44e+20, 4.85, 4, 1.88113013, 116.280924, 1.25944174, 3899.5711, 0, 8.20424969e+09, 7.06850104e+12, 0.00335486357, -0.156554899, -3.7892432, 1.5e+15, 1.50747987e+21, -1711.51323, -3503.90885, 363.730407, 117.19603, 116.280924, 1.28078819, 1.25944174, 1.5e+15, 0.00281066756, 0.000859693052, 0.0228466372, 0.00334520199, -0.000225368286, -0.00267941986, -0.00290288297, -0.000829627193, -0.00084885884, -0.00166242198, 0, 1.57752448e-08, 1.57752448e-08, 11.7695848, 1196.50116, 1189.41351, 0.27, 3.332, -4.68192982, -0.00290478815, -0.00167848603, 0, 1.49999997e+15, 0, 0, 2e+18, 1.28059448e+16
5.625, 0, 0, 5e+15, 0, 1.22836972e-14, 3.718e+18, 6.44e+20, 4.85, 4, 1.88113013, 116.280924, 1.25944174, 27958.1704, 0, 8.20424969e+09, 7.06850104e+12, 0.00335486357, -0.156554899, -3.7892432, 5e+15, 1.50747987e+21, -1375.07633, 27924.3345, 363.730407, 117.19603, 116.280924, 1.28078819, 1.25944174, 5e+15, 0.00281066756, 0.000859693052, 0.0228466372, 0.00334520199, -0.000225368286, -0.00267941986, -0.00290288297, -0.000829627193, -0.00084885884, -0.00166242198, 0, 1.57752448e-08, 1.57752448e-08, 11.7695848, 1196.50116, 1189.41351, 0.27, 3.332, -4.68192982, -0.00290478815, -0.00167848603, 0, 1.49999997e+15, 0, 0, 2e+18, 1.28059448e+16
5.75, 0, 0, 5e+15, 0, 1.24106059e-14, 3.718e+18, 6.44e+20, 4.85, 4, 1.90186493, 116.280926, 1.25944174, 27677.736, 0, 1.02906088e+10, 8.24274535e+12, 0.00497053062, -0.170277327, -3.81471195, 5e+15, 1.88968915e+21, -1677.35201, 27626.863, 363.778736, 117.19603, 116.280926, 1.28078819, 1.25944174, 5e+15, 0.00429776362, 0.00118107127, 0.0230386781, 0.00495953672, -0.000231064411, -0.0041056775, -0.00433468307, -0.00115824807, -0.00127050556, -0.00240988114, 0, 1.57782213e-08, 1.57782213e-08, 18.7354765, 1503.05044, 1492.01994, 0.27, 3.332, -7.7049757, -0.00433674191, -0.00242875363, 0, 1.49999996e+15, 0, 0, 2e+18, 1.37771968e+16
5.75, 0, 0, 1.5e+15, 0, 1.24106059e-14, 3.718e+18, 6.44e+20, 4.85, 4, 1.90186493, 116.280926, 1.25944174, 4214.57117, 0, 1.02906088e+10, 8.24274535e+12, 0.00497053062, -0.170277327, -3.81471195, 1.5e+15, 1.88968915e+21, -1728.67841, -3843.73271, 363.778736, 117.19603, 116.280926, 1.28078819, 1.25944174, 1.5e+15, 0.00429776362, 0.00118107127, 0.0230386781, 0.00495953672, -0.000231064411, -0.0041056775, -0.00433468307, -0.00115824807, -0.00127050556, -0.00240988114, 0, 1.57782213e-08, 1.57782213e-08, 18.7354765, 1503.05044, 1492.01994, 0.27, 3.332, -7.7049757, -0.00433674191, -0.00242875363, 0, 1.49999996e+15, 0, 0, 2e+18, 1.37771968e+16
5.875, 0, 0, 1.5e+15, 0, 1.25423568e-14, 3.718e+18, 6.44e+20, 4.85, 4, 1.92434709, 116.280927, 1.25944174, 4544.62368, 0, 1.25146952e+10, 1.09290486e+13, 0.00738584255, -0.186716707, -3.84595288, 1.5e+15, 2.29913366e+21, -2064.56905, -4048.59964, 363.828402, 117.19603, 116.280927, 1.28078819, 1.25944174, 1.5e+15, 0.00653737327, 0.00141752581, 0.023734119, 0.00737591367, -0.000364886048, -0.00625104586, -0.00661332093, -0.00136975822, -0.00191355035, -0.00326620404, 0, 1.57812803e-08, 1.57812803e-08, 29.9472189, 1835.90391, 1816.60309, 0.27, 3.332, -10.6463979, -0.00661593191, -0.00328330858, 0, 1.49999995e+15, 0, 0, 2e+18, 1.2652881e+16
5.875, 0, 0, 5e+15, 0, 1.25423568e-14, 3.718e+18, 6.44e+20, 4.85, 4, 1.92434709, 116.280927, 1.25944174, 27300.4696, 0, 1.25146952e+10, 1.09290486e+13, 0.00738584255, -0.186716707, -3.84595288, 5e+15, 2.29913366e+21, -1864.74541, 27236.7099, 363.828402, 117.19603, 116.280927, 1.28078819, 1.25944174, 5e+15, 0.00653737327, 0.00141752581, 0.023734119, 0.00737591367, -0.000364886048, -0.00625104586, -0.00661332093, -0.00136975822, -0.00191355035, -0.00326620404, 0, 1.57812803e-08, 1.57812803e-08, 29.9472189, 1835.90391, 1816.60309, 0.27, 3.332, -10.6463979, -0.00661593191, -0.00328330858, 0, 1.49999995e+15, 0, 0, 2e+18, 1.2652881e+16
6, 0, 0, 5e+15, 0, 1.26788056e-14, 3.718e+18, 6.44e+20, 4.85, 4, 1.95024827, 116.28093, 1.25944174, 26775.1483, 0, 1.78796607e+10, 1.46635861e+13, 0.0108265348, -0.201524473, -3.88098483, 5e+15, 3.28299217e+21, -2031.47774, 26697.9712, 363.879306, 117.19603, 116.28093, 1.28078819, 1.25944174, 5e+15, 0.00965467876, 0.00217220788, 0.0239995201, 0.0108160295, -0.000425881412, -0.00927776188, -0.00970126278, -0.00213004979, -0.0026713211, -0.00478246751, 0, 1.57844158e-08, 1.57844158e-08, 45.6583479, 2624.21917, 2595.68744, 0.27, 3.332, -17.1266245, -0.00970364329, -0.00480137089, 0, 1.49999993e+15, 0, 0, 2e+18, 1.347655e+16
6, 0, 0, 1.5e+15, 0, 1.26788056e-14, 3.718e+18, 6.44e+20, 4.85, 4, 1.95024827, 116.28093, 1.25944174, 4693.12244, 0, 1.78796607e+10, 1.46635861e+13, 0.0108265348, -0.201524473, -3.88098483, 1.5e+15, 3.28299217e+21, -2073.22945, -4210.3584, 363.879306, 117.19603, 116.28093, 1.28078819, 1.25944174, 1.5e+15, 0.00965467876, 0.00217220788, 0.0239995201, 0.0108160295, -0.000425881412, -0.00927776188, -0.00970126278, -0.00213004979, -0.0026713211, -0.00478246751, 0, 1.57844158e-08, 1.57844158e-08, 45.6583479, 2624.21917, 2595.68744, 0.27, 3.332, -17.1266245, -0.00970364329, -0.00480137089, 0, 1.49999993e+15, 0, 0, 2e+18, 1.347655e+16
6.125, 0, 0, 1.5e+15, 0, 1.28205128e-14, 3.718e+18, 6.44e+20, 4.85, 4, 1.97617783, 116.280931, 1.25944174, 4875.13643, 0, 2.34613339e+10, 2.10628712e+13, 0.0157443009, -0.219027887, -3.91818431, 1.5e+15, 4.30983103e+21, -2235.59674, -4332.3276, 363.93161, 117.19603, 116.280931, 1.28078819, 1.25944174, 1.5e+15, 0.0141272703, 0.00276538632, 0.0247514122, 0.0157349321, -0.000719788821, -0.0135616791, -0.0142790044, -0.00267006846, -0.00395735077, -0.00661045533, 0, 1.57876377e-08, 1.57876377e-08, 68.3091654, 3455.25027, 3409.42727, 0.27, 3.332, -22.4861613, -0.0142814679, -0.00662741923, 0, 1.4999999e+15, 0, 0, 2e+18, 1.23249964e+16
6.125, 0, 0, 5e+15, 0, 1.28205128e-14, 3.718e+18, 6.44e+20, 4.85, 4, 1.97617783, 116.280931, 1.25944174, 26253.6063, 0, 2.34613339e+10, 2.10628712e+13, 0.0157443009, -0.219027887, -3.91818431, 5e+15, 4.30983103e+21, -2098.64622, 26169.5917, 363.93161, 117.19603, 116.280931, 1.28078819, 1.25944174, 5e+15, 0.0141272703, 0.00276538632, 0.0247514122, 0.0157349321, -0.000719788821, -0.0135616791, -0.0142790044, -0.00267006846, -0.00395735077, -0.00661045533, 0, 1.57876377e-08, 1.57876377e-08, 68.3091654, 3455.25027, 3409.42727, 0.27, 3.332, -22.4861613, -0.0142814679, -0.00662741923, 0, 1.4999999e+15, 0, 0, 2e+18, 1.23249964e+16
6.25, 0, 0, 5e+15, 0, 1.29673284e-14, 3.718e+18, 6.44e+20, 4.85, 4, 2.00422361, 116.280933, 1.25944174, 25661.1139, 0, 3.46930572e+10, 2.9292343e+13, 0.022784999, -0.234899263, -3.95648714, 5e+15, 6.36975177e+21, -2181.71808, 25568.2005, 363.98521, 117.19603, 116.280933, 1.28078819, 1.25944174, 5e+15, 0.0204636869, 0.00435804311, 0.0250985014, 0.0227750013, -0.00087776959, -0.0197161809, -0.0205917028, -0.00426873052, -0.00548039148, -0.00973049127, 0, 1.57909395e-08, 1.57909395e-08, 100.391849, 5106.86111, 5041.0069, 0.27, 3.332, -34.5376418, -0.0205939505, -0.009749122, 0, 1.49999986e+15, 0, 0, 2e+18, 1.31052033e+16
6.25, 0, 0, 1.5e+15, 0, 1.29673284e-14, 3.718e+18, 6.44e+20, 4.85, 4, 2.00422361, 116.280933, 1.25944174, 4951.581, 0, 3.46930572e+10, 2.9292343e+13, 0.022784999, -0.234899263, -3.95648714, 1.5e+15, 6.36975177e+21, -2216.84077, -4427.61464, 363.98521, 117.19603, 116.280933, 1.28078819, 1.25944174, 1.5e+15, 0.0204636869, 0.00435804311, 0.0250985014, 0.0227750013, -0.00087776959, -0.0197161809, -0.0205917028, -0.00426873052, -0.00548039148, -0.00973049127, 0, 1.57909395e-08, 1.57909395e-08, 100.391849, 5106.86111, 5041.0069, 0.27, 3.332, -34.5376418, -0.0205939505, -0.009749122, 0, 1.49999986e+15, 0, 0, 2e+18, 1.31052033e+16
6.375, 0, 0, 1.5e+15, 0, 1.3119867e-14, 3.718e+18, 6.44e+20, 4.85, 4, 2.03159885, 116.280934, 1.25944174, 5054.35504, 0, 4.59469728e+10, 4.24537912e+13, 0.0323646585, -0.253557201, -3.99541498, 1.5e+15, 8.43961453e+21, -2304.50939, -4498.41543, 364.040275, 117.19603, 116.280934, 1.28078819, 1.25944174, 1.5e+15, 0.0291435247, 0.00555178264, 0.0259124051, 0.032355616, -0.00148459825, -0.0280669511, -0.0295490933, -0.00534960359, -0.00784801172, -0.0131809322, 0, 1.57943319e-08, 1.57943319e-08, 143.780184, 6780.9948, 6681.0468, 0.27, 3.332, -43.8321819, -0.0295515493, -0.0131976153, 0, 1.49999981e+15, 0, 0, 2e+18, 1.19858253e+16
6.375, 0, 0, 5e+15, 0, 1.3119867e-14, 3.718e+18, 6.44e+20, 4.85, 4, 2.03159885, 116.280934, 1.25944174, 25115.899, 0, 4.59469728e+10, 4.24537912e+13, 0.0323646585, -0.253557201, -3.99541498, 5e+15, 8.43961453e+21, -2205.54958, 25018.8715, 364.040275, 117.19603, 116.280934, 1.28078819, 1.25944174, 5e+15, 0.0291435247, 0.00555178264, 0.0259124051, 0.032355616, -0.00148459825, -0.0280669511, -0.0295490933, -0.00534960359, -0.00784801172, -0.0131809322, 0, 1.57943319e-08, 1.57943319e-08, 143.780184, 6780.9948, 6681.0468, 0.27, 3.332, -43.8321819, -0.0295515493, -0.0131976153, 0, 1.49999981e+15, 0, 0, 2e+18, 1.19858253e+16
6.5, 0, 0, 5e+15, 0, 1.3277997e-14, 3.718e+18, 6.44e+20, 4.85, 4, 2.06079029, 116.280936, 1.25944174, 24520.7337, 0, 6.77300291e+10, 5.88984769e+13, 0.0464638905, -0.270670899, -4.03478961, 5e+15, 1.24343419e+22, -2274.14653, 24415.0494, 364.096705, 117.19603, 116.280936, 1.28078819, 1.25944174, 5e+15, 0.0418665338, 0.00867840242, 0.026363142, 0.046454127, -0.00184271397, -0.0404741889, -0.0423144341, -0.00848051141, -0.0107073195, -0.0191696266, 0, 1.57978086e-08, 1.57978086e-08, 207.964547, 9987.46518, 9845.34084, 0.27, 3.332, -65.8402049, -0.0423169028, -0.0191878309, 0, 1.49999972e+15, 0, 0, 2e+18, 1.27328974e+16
6.5, 0, 0, 1.5e+15, 0, 1.3277997e-14, 3.718e+18, 6.44e+20, 4.85, 4, 2.06079029, 116.280936, 1.25944174, 5099.27445, 0, 6.77300291e+10, 5.88984769e+13, 0.0464638905, -0.270670899, -4.03478961, 1.5e+15, 1.24343419e+22, -2309.4596, -4546.31679, 364.096705, 117.19603, 116.280936, 1.28078819, 1.25944174, 1.5e+15, 0.0418665338, 0.00867840242, 0.026363142, 0.046454127, -0.00184271397, -0.0404741889, -0.0423144341, -0.00848051141, -0.0107073195, -0.0191696266, 0, 1.57978086e-08, 1.57978086e-08, 207.964547, 9987.46518, 9845.34084, 0.27, 3.332, -65.8402049, -0.0423169028, -0.0191878309, 0, 1.49999972e+15, 0, 0, 2e+18, 1.27328974e+16
6.625, 0, 0, 1.5e+15, 0, 1.3442425e-14, 3.718e+18, 6.44e+20, 4.85, 4, 2.08933533, 116.280937, 1.25944174, 5238.48166, 0, 8.88888967e+10, 8.43805366e+13, 0.0649785235, -0.290782923, -4.07452668, 1.5e+15, 1.63251823e+22, -2419.36053, -4646.33025, 364.154692, 117.19603, 116.280937, 1.28078819, 1.25944174, 1.5e+15, 0.0585514345, 0.0110143716, 0.0272601527, 0.0649691352, -0.0031058287, -0.056542124, -0.0596449243, -0.0105674127, -0.0152071922, -0.0257579411, 0, 1.58013815e-08, 1.58013815e-08, 294.480691, 13140.9636, 12927.9611, 0.27, 3.332, -81.4782546, -0.0596479527, -0.0257746049, 0, 1.49999964e+15, 0, 0, 2e+18, 1.16721464e+16
6.625, 0, 0, 5e+15, 0, 1.3442425e-14, 3.718e+18, 6.44e+20, 4.85, 4, 2.08933533, 116.280937, 1.25944174, 23974.7199, 0, 8.88888967e+10, 8.43805366e+13, 0.0649785235, -0.290782923, -4.07452668, 5e+15, 1.63251823e+22, -2299.41975, 23864.1962, 364.154692, 117.19603, 116.280937, 1.28078819, 1.25944174, 5e+15, 0.0585514345, 0.0110143716, 0.0272601527, 0.0649691352, -0.0031058287, -0.056542124, -0.0596449243, -0.0105674127, -0.0152071922, -0.0257579411, 0, 1.58013815e-08, 1.58013815e-08, 294.480691, 13140.9636, 12927.9611, 0.27, 3.332, -81.4782546, -0.0596479527, -0.0257746049, 0, 1.49999964e+15, 0, 0, 2e+18, 1.16721464e+16
6.75, 0, 0, 5e+15, 0, 1.36130187e-14, 3.718e+18, 6.44e+20, 4.85, 4, 2.11971546, 116.280938, 1.25944174, 23382.8738, 0, 1.29324446e+11, 1.15392782e+14, 0.0921926036, -0.309494476, -4.11464032, 5e+15, 2.37391043e+22, -2373.08351, 23262.1423, 364.214128, 117.19603, 116.280938, 1.28078819, 1.25944174, 5e+15, 0.083072972, 0.0170437455, 0.0278613746, 0.0921824068, -0.00383368642, -0.0804239142, -0.0842546775, -0.0166069898, -0.0208113598, -0.0373998053, 0, 1.58050438e-08, 1.58050438e-08, 421.824825, 19103.2697, 18800.9367, 0.27, 3.332, -119.491811, -0.0842576007, -0.0374183496, 0, 1.49999947e+15, 0, 0, 2e+18, 1.24144547e+16
6.75, 0, 0, 1.5e+15, 0, 1.36130187e-14, 3.718e+18, 6.44e+20, 4.85, 4, 2.11971546, 116.280938, 1.25944174, 5302.47513, 0, 1.29324446e+11, 1.15392782e+14, 0.0921926036, -0.309494476, -4.11464032, 1.5e+15, 2.37391043e+22, -2409.88873, -4723.20642, 364.214128, 117.19603, 116.280938, 1.28078819, 1.25944174, 1.5e+15, 0.083072972, 0.0170437455, 0.0278613746, 0.0921824068, -0.00383368642, -0.0804239142, -0.0842546775, -0.0166069898, -0.0208113598, -0.0373998053, 0, 1.58050438e-08, 1.58050438e-08, 421.824825, 19103.2697, 18800.9367, 0.27, 3.332, -119.491811, -0.0842576007, -0.0374183496, 0, 1.49999947e+15, 0, 0, 2e+18, 1.24144547e+16
6.875, 0, 0, 1.5e+15, 0, 1.37905727e-14, 3.718e+18, 6.44e+20, 4.85, 4, 2.14958255, 116.280938, 1.25944174, 5458.79058, 0, 1.66920351e+11, 1.62020553e+14, 0.126139913, -0.331450705, -4.15506967, 1.5e+15, 3.06509494e+22, -2539.05512, -4832.34867, 364.275224, 117.19603, 116.280938, 1.28078819, 1.25944174, 1.5e+15, 0.113543067, 0.0213351695, 0.0288895587, 0.126129936, -0.00636651575, -0.10988097, -0.116243843, -0.0203631268, -0.0286042064, -0.0489502778, 0, 1.58088087e-08, 1.58088087e-08, 585.619604, 24718.0962, 24276.7751, 0.27, 3.332, -144.298488, -0.116247485, -0.0489673333, 0, 1.49999932e+15, 0, 0, 2e+18, 1.14186146e+16
6.875, 0, 0, 5e+15, 0, 1.37905727e-14, 3.718e+18, 6.44e+20, 4.85, 4, 2.14958255, 116.280938, 1.25944174, 22844.7516, 0, 1.66920351e+11, 1.62020553e+14, 0.126139913, -0.331450705, -4.15506967, 5e+15, 3.06509494e+22, -2411.24708, 22717.1425, 364.275224, 117.19603, 116.280938, 1.28078819, 1.25944174, 5e+15, 0.113543067, 0.0213351695, 0.0288895587, 0.126129936, -0.00636651575, -0.10988097, -0.116243843, -0.0203631268, -0.0286042064, -0.0489502778, 0, 1.58088087e-08, 1.58088087e-08, 585.619604, 24718.0962, 24276.7751, 0.27, 3.332, -144.298488, -0.116247485, -0.0489673333, 0, 1.49999932e+15, 0, 0, 2e+18, 1.14186146e+16
7, 0, 0, 5e+15, 0, 1.39749839e-14, 3.718e+18, 6.44e+20, 4.85, 4, 2.18149553, 116.280939, 1.25944174, 22266.2682, 0, 2.38406045e+11, 2.17142323e+14, 0.176937538, -0.35227322, -4.1960847, 5e+15, 4.37542765e+22, -2507.86615, 22124.586, 364.337872, 117.19603, 116.280939, 1.28078819, 1.25944174, 5e+15, 0.15932719, 0.0324263187, 0.0297293208, 0.176926725, -0.00786581721, -0.1545386, -0.162400866, -0.0314578299, -0.0387682156, -0.0702070146, 0, 1.58126696e-08, 1.58126696e-08, 831.626406, 35281.6184, 34656.8574, 0.27, 3.332, -206.865422, -0.162404418, -0.0702260455, 0, 1.49999903e+15, 0, 0, 2e+18, 1.21647863e+16
7, 0, 0, 1.5e+15, 0, 1.39749839e-14, 3.718e+18, 6.44e+20, 4.85, 4, 2.18149553, 116.280939, 1.25944174, 5537.58163, 0, 2.38406045e+11, 2.17142323e+14, 0.176937538, -0.35227322, -4.1960847, 1.5e+15, 4.37542765e+22, -2549.65594, -4915.69577, 364.337872, 117.19603, 116.280939, 1.28078819, 1.25944174, 1.5e+15, 0.15932719, 0.0324263187, 0.0297293208, 0.176926725, -0.00786581721, -0.1545386, -0.162400866, -0.0314578299, -0.0387682156, -0.0702070146, 0, 1.58126696e-08, 1.58126696e-08, 831.626406, 35281.6184, 34656.8574, 0.27, 3.332, -206.865422, -0.162404418, -0.0702260455, 0, 1.49999903e+15, 0, 0, 2e+18, 1.21647863e+16
7.125, 0, 0, 1.5e+15, 0, 1.41671873e-14, 3.718e+18, 6.44e+20, 4.85, 4, 2.21332395, 116.280939, 1.25944174, 5807.46044, 0, 3.01768091e+11, 2.96981956e+14, 0.237593689, -0.376802682, -4.23765291, 1.5e+15, 5.53991192e+22, -2766.90361, -5105.96134, 364.402317, 117.19603, 116.280939, 1.28078819, 1.25944174, 1.5e+15, 0.213125745, 0.0403848056, 0.0309797281, 0.23758264, -0.0130346817, -0.20656215, -0.219592242, -0.0382234168, -0.0524848667, -0.0906904519, 0, 1.58166414e-08, 1.58166414e-08, 1151.10012, 44791.2973, 43882.2032, 0.27, 3.332, -242.006012, -0.219596832, -0.0907082835, 0, 1.49999877e+15, 0, 0, 2e+18, 1.12638649e+16
7.125, 0, 0, 5e+15, 0, 1.41671873e-14, 3.718e+18, 6.44e+20, 4.85, 4, 2.21332395, 116.280939, 1.25944174, 21736.9853, 0, 3.01768091e+11, 2.96981956e+14, 0.237593689, -0.376802682, -4.23765291, 5e+15, 5.53991192e+22, -2578.49424, 21583.5099, 364.402317, 117.19603, 116.280939, 1.28078819, 1.25944174, 5e+15, 0.213125745, 0.0403848056, 0.0309797281, 0.23758264, -0.0130346817, -0.20656215, -0.219592242, -0.0382234168, -0.0524848667, -0.0906904519, 0, 1.58166414e-08, 1.58166414e-08, 1151.10012, 44791.2973, 43882.2032, 0.27, 3.332, -242.006012, -0.219596832, -0.0907082835, 0, 1.49999877e+15, 0, 0, 2e+18, 1.12638649e+16
7.25, 0, 0, 5e+15, 0, 1.43670931e-14, 3.718e+18, 6.44e+20, 4.85, 4, 2.24758497, 116.28094, 1.25944174, 21172.1618, 0, 4.21294511e+11, 3.87198376e+14, 0.327722152, -0.400687104, -4.28015192, 5e+15, 7.72982778e+22, -2713.88667, 20997.506, 364.468447, 117.19603, 116.28094, 1.28078819, 1.25944174, 5e+15, 0.29380301, 0.0604532276, 0.0322259373, 0.327710135, -0.0159705837, -0.285000014, -0.300966224, -0.0583055159, -0.0713806746, -0.129665974, 0, 1.58207174e-08, 1.58207174e-08, 1623.63277, 62519.6161, 61230.364, 0.27, 3.332, -334.380696, -0.300970598, -0.129686191, 0, 1.49999829e+15, 0, 0, 2e+18, 1.20568358e+16
7.25, 0, 0, 1.5e+15, 0, 1.43670931e-14, 3.718e+18, 6.44e+20, 4.85, 4, 2.24758497, 116.28094, 1.25944174, 5946.82145, 0, 4.21294511e+11, 3.87198376e+14, 0.327722152, -0.400687104, -4.28015192, 1.5e+15, 7.72982778e+22, -2763.80292, -5265.55589, 364.468447, 117.19603, 116.28094, 1.28078819, 1.25944174, 1.5e+15, 0.29380301, 0.0604532276, 0.0322259373, 0.327710135, -0.0159705837, -0.285000014, -0.300966224, -0.0583055159, -0.0713806746, -0.129665974, 0, 1.58207174e-08, 1.58207174e-08, 1623.63277, 62519.6161, 61230.364, 0.27, 3.332, -334.380696, -0.300970598, -0.129686191, 0, 1.49999829e+15, 0, 0, 2e+18, 1.20568358e+16
7.375, 0, 0, 1.5e+15, 0, 1.45757864e-14, 3.718e+18, 6.44e+20, 4.85, 4, 2.28241902, 116.28094, 1.25944174, 6381.44409, 0, 5.19215472e+11, 5.1038767e+14, 0.428864717, -0.429060523, -4.32356884, 1.5e+15, 9.52856126e+22, -3116.92204, -5568.44912, 364.536535, 117.19603, 116.28094, 1.28078819, 1.25944174, 1.5e+15, 0.381730613, 0.0747444022, 0.033869791, 0.42885213, -0.0264571361, -0.370174582, -0.396625985, -0.0699052616, -0.0932150188, -0.163101127, 0, 1.58249144e-08, 1.58249144e-08, 2233.95191, 77340.36, 75480.3166, 0.27, 3.332, -373.908458, -0.396631718, -0.16312028, 0, 1.49999789e+15, 0, 0, 2e+18, 1.12773415e+16
7.375, 0, 0, 5e+15, 0, 1.45757864e-14, 3.718e+18, 6.44e+20, 4.85, 4, 2.28241902, 116.28094, 1.25944174, 20660.8112, 0, 5.19215472e+11, 5.1038767e+14, 0.428864717, -0.429060523, -4.32356884, 5e+15, 9.52856126e+22, -2842.04565, 20464.4056, 364.536535, 117.19603, 116.28094, 1.28078819, 1.25944174, 5e+15, 0.381730613, 0.0747444022, 0.033869791, 0.42885213, -0.0264571361, -0.370174582, -0.396625985, -0.0699052616, -0.0932150188, -0.163101127, 0, 1.58249144e-08, 1.58249144e-08, 2233.95191, 77340.36, 75480.3166, 0.27, 3.332, -373.908458, -0.396631718, -0.16312028, 0, 1.49999789e+15, 0, 0, 2e+18, 1.12773415e+16
7.5, 0, 0, 5e+15, 0, 1.47932339e-14, 3.718e+18, 6.44e+20, 4.85, 4, 2.32053409, 116.28094, 1.25944174, 20129.5002, 0, 7.01133483e+11, 6.39008519e+14, 0.579443406, -0.457843779, -4.36864986, 5e+15, 1.28591272e+23, -3065.56825, 19894.6995, 364.606475, 117.19603, 116.28094, 1.28078819, 1.25944174, 5e+15, 0.514959039, 0.10934083, 0.0357947773, 0.579429685, -0.0323686528, -0.499340598, -0.531703777, -0.104439875, -0.125864129, -0.230282119, 0, 1.5829226e-08, 1.5829226e-08, 3138.33657, 104515.651, 101864.811, 0.27, 3.332, -487.496382, -0.531709251, -0.230304004, 0, 1.49999715e+15, 0, 0, 2e+18, 1.21581009e+16
7.5, 0, 0, 1.5e+15, 0, 1.47932339e-14, 3.718e+18, 6.44e+20, 4.85, 4, 2.32053409, 116.28094, 1.25944174, 6619.46409, 0, 7.01133483e+11, 6.39008519e+14, 0.579443406, -0.457843779, -4.36864986, 1.5e+15, 1.28591272e+23, -3135.07667, -5829.9742, 364.606475, 117.19603, 116.28094, 1.28078819, 1.25944174, 1.5e+15, 0.514959039, 0.10934083, 0.0357947773, 0.579429685, -0.0323686528, -0.499340598, -0.531703777, -0.104439875, -0.125864129, -0.230282119, 0, 1.5829226e-08, 1.5829226e-08, 3138.33657, 104515.651, 101864.811, 0.27, 3.332, -487.496382, -0.531709251, -0.230304004, 0, 1.49999715e+15, 0, 0, 2e+18, 1.21581009e+16
7.625, 0, 0, 1.5e+15, 0, 1.50207504e-14, 3.718e+18, 6.44e+20, 4.85, 4, 2.36079594, 116.280941, 1.25944174, 7515.89517, 0, 8.29656913e+11, 7.94656312e+14, 0.736304295, -0.492923623, -4.4156652, 1.5e+15, 1.52180238e+23, -3854.88798, -6452.01665, 364.678591, 117.19603, 116.280941, 1.28078819, 1.25944174, 1.5e+15, 0.64497737, 0.136129773, 0.0380981741, 0.73628932, -0.0547703634, -0.625624342, -0.680387289, -0.124625529, -0.156811957, -0.28141624, 0, 1.5833672e-08, 1.5833672e-08, 4396.7511, 124447.926, 120552.628, 0.27, 3.332, -501.453096, -0.680394706, -0.281437487, 0, 1.49999663e+15, 0, 0, 2e+18, 1.15723881e+16
7.625, 0, 0, 5e+15, 0, 1.50207504e-14, 3.718e+18, 6.44e+20, 4.85, 4, 2.36079594, 116.280941, 1.25944174, 19660.7584, 0, 8.29656913e+11, 7.94656312e+14, 0.736304295, -0.492923623, -4.4156652, 5e+15, 1.52180238e+23, -3336.03663, 19375.6621, 364.678591, 117.19603, 116.280941, 1.28078819, 1.25944174, 5e+15, 0.64497737, 0.136129773, 0.0380981741, 0.73628932, -0.0547703634, -0.625624342, -0.680387289, -0.124625529, -0.156811957, -0.28141624, 0, 1.5833672e-08, 1.5833672e-08, 4396.7511, 124447.926, 120552.628, 0.27, 3.332, -501.453096, -0.680394706, -0.281437487, 0, 1.49999663e+15, 0, 0, 2e+18, 1.15723881e+16
7.75, 0, 0, 5e+15, 0, 1.52583605e-14, 3.718e+18, 6.44e+20, 4.85, 4, 2.40655341, 116.280941, 1.25944174, 19218.0711, 0, 1.05955995e+12, 9.27592187e+14, 0.966079109, -0.5311023, -4.46618622, 5e+15, 1.94208264e+23, -3794.87674, 18839.67, 364.752778, 117.19603, 116.280941, 1.28078819, 1.25944174, 5e+15, 0.843067453, 0.193390676, 0.0411137377, 0.966062684, -0.0667335944, -0.816544245, -0.883270833, -0.18151193, -0.20980521, -0.391292403, 0, 1.58382462e-08, 1.58382462e-08, 6246.47416, 159523.724, 153847.348, 0.27, 3.332, -570.098104, -0.883277839, -0.391317141, 0, 1.4999957e+15, 0, 0, 2e+18, 1.26542994e+16
7.75, 0, 0, 1.5e+15, 0, 1.52583605e-14, 3.718e+18, 6.44e+20, 4.85, 4, 2.40655341, 116.280941, 1.25944174, 8026.45141, 0, 1.05955995e+12, 9.27592187e+14, 0.966079109, -0.5311023, -4.46618622, 1.5e+15, 1.94208264e+23, -3918.81893, -7004.7684, 364.752778, 117.19603, 116.280941, 1.28078819, 1.25944174, 1.5e+15, 0.843067453, 0.193390676, 0.0411137377, 0.966062684, -0.0667335944, -0.816544245, -0.883270833, -0.18151193, -0.20980521, -0.391292403, 0, 1.58382462e-08, 1.58382462e-08, 6246.47416, 159523.724, 153847.348, 0.27, 3.332, -570.098104, -0.883277839, -0.391317141, 0, 1.4999957e+15, 0, 0, 2e+18, 1.26542994e+16
7.875, 0, 0, 1.5e+15, 0, 1.55076542e-14, 3.718e+18, 6.44e+20, 4.85, 4, 2.45876641, 116.280941, 1.25944174, 10197.4933, 0, 1.16036996e+12, 1.03230278e+15, 1.18001383, -0.580569365, -4.52166107, 1.5e+15, 2.12666216e+23, -5672.69888, -8474.04024, 364.829414, 117.19603, 116.280941, 1.28078819, 1.25944174, 1.5e+15, 0.998848008, 0.246712946, 0.0444500468, 1.17999479, -0.117861973, -0.96873513, -1.08658703, -0.21673909, -0.24341239, -0.460126439, 0, 1.58429717e-08, 1.58429717e-08, 9305.31457, 177317.246, 168470.909, 0.27, 3.332, -458.977326, -1.0865971, -0.460151479, 0, 1.49999529e+15, 0, 0, 2e+18, 1.24538956e+16
7.875, 0, 0, 5e+15, 0, 1.55076542e-14, 3.718e+18, 6.44e+20, 4.85, 4, 2.45876641, 116.280941, 1.25944174, 18915.97, 0, 1.16036996e+12, 1.03230278e+15, 1.18001383, -0.580569365, -4.52166107, 5e+15, 2.12666216e+23, -4494.3046, 18374.3067, 364.829414, 117.19603, 116.280941, 1.28078819, 1.25944174, 5e+15, 0.998848008, 0.246712946, 0.0444500468, 1.17999479, -0.117861973, -0.96873513, -1.08658703, -0.21673909, -0.24341239, -0.460126439, 0, 1.58429717e-08, 1.58429717e-08, 9305.31457, 177317.246, 168470.909, 0.27, 3.332, -458.977326, -1.0865971, -0.460151479, 0, 1.49999529e+15, 0, 0, 2e+18, 1.24538956e+16
8, 0, 0, 5e+15, 0, 1.57688002e-14, 3.718e+18, 6.44e+20, 4.85, 4, 2.52391191, 116.280941, 1.25944174, 18891.1085, 0, 1.32024351e+12, 1.03568595e+15, 1.47231524, -0.641770165, -4.5868064, 5e+15, 2.41717035e+23, -5785.2929, 17983.447, 364.908417, 117.19603, 116.280941, 1.28078819, 1.25944174, 5e+15, 1.23662962, 0.32980591, 0.0490428221, 1.47229393, -0.142888821, -1.19549223, -1.33837137, -0.297245224, -0.316308621, -0.613523816, 0, 1.58478435e-08, 1.58478435e-08, 13836.4885, 205047.406, 191485.849, 0.27, 3.332, -274.931717, -1.33838105, -0.613553845, 0, 1.49999465e+15, 0, 0, 2e+18, 1.41117417e+16
8, 0, 0, 1.5e+15, 0, 1.57688002e-14, 3.718e+18, 6.44e+20, 4.85, 4, 2.52391191, 116.280941, 1.25944174, 11531.9578, 0, 1.32024351e+12, 1.03568595e+15, 1.47231524, -0.641770165, -4.5868064, 1.5e+15, 2.41717035e+23, -6110.04678, -9780.25457, 364.908417, 117.19603, 116.280941, 1.28078819, 1.25944174, 1.5e+15, 1.23662962, 0.32980591, 0.0490428221, 1.47229393, -0.142888821, -1.19549223, -1.33837137, -0.297245224, -0.316308621, -0.613523816, 0, 1.58478435e-08, 1.58478435e-08, 13836.4885, 205047.406, 191485.849, 0.27, 3.332, -274.931717, -1.33838105, -0.613553845, 0, 1.49999465e+15, 0, 0, 2e+18, 1.41117417e+16
8.125, 0, 0, 1.5e+15, 0, 1.60438071e-14, 3.718e+18, 6.44e+20, 4.85, 4, 2.61151758, 116.280941, 1.25944174, 17831.2678, 0, 1.23356425e+12, 9.00786188e+14, 1.70583341, -0.731629098, -4.66991612, 1.5e+15, 2.25682513e+23, -11359.5555, -13744.6211, 364.990247, 117.19603, 116.280941, 1.28078819, 1.25944174, 1.5e+15, 1.34294994, 0.438167701, 0.0537016057, 1.705806, -0.260676738, -1.30032572, -1.56098682, -0.352191102, -0.335659866, -0.687818486, 0, 1.58528902e-08, 1.58528902e-08, 23877.3848, 202716.44, 178785.115, 0.27, 3.332, 53.9399091, -1.56100246, -0.687850967, 0, 1.499995e+15, 0, 0, 2e+18, 1.51519782e+16
8.125, 0, 0, 5e+15, 0, 1.60438071e-14, 3.718e+18, 6.44e+20, 4.85, 4, 2.61151758, 116.280941, 1.25944174, 19556.8662, 0, 1.23356425e+12, 9.00786188e+14, 1.70583341, -0.731629098, -4.66991612, 5e+15, 2.25682513e+23, -8166.91782, 17769.9879, 364.990247, 117.19603, 116.280941, 1.28078819, 1.25944174, 5e+15, 1.34294994, 0.438167701, 0.0537016057, 1.705806, -0.260676738, -1.30032572, -1.56098682, -0.352191102, -0.335659866, -0.687818486, 0, 1.58528902e-08, 1.58528902e-08, 23877.3848, 202716.44, 178785.115, 0.27, 3.332, 53.9399091, -1.56100246, -0.687850967, 0, 1.499995e+15, 0, 0, 2e+18, 1.51519782e+16
8.25, 0, 0, 5e+15, 0, 1.63330649e-14, 3.718e+18, 6.44e+20, 4.85, 4, 2.74289204, 116.280941, 1.25944174, 22011.542, 0, 1.14336349e+12, 6.65892978e+14, 1.94576859, -0.865514258, -4.79167398, 5e+15, 2.08734236e+23, -12826.68, 17888.1039, 365.074856, 117.19603, 116.280941, 1.28078819, 1.25944174, 5e+15, 1.50547514, 0.523853693, 0.0601652111, 1.94573662, -0.308780803, -1.44705965, -1.75582431, -0.423175032, -0.415299593, -0.838434231, 0, 1.58581088e-08, 1.58581088e-08, 37989.2211, 203756.211, 165360.214, 0.27, 3.332, 406.775577, -1.75584046, -0.838474625, 0, 1.49999537e+15, 0, 0, 2e+18, 1.89616769e+16
8.25, 0, 0, 1.5e+15, 0, 1.63330649e-14, 3.718e+18, 6.44e+20, 4.85, 4, 2.74289204, 116.280941, 1.25944174, 22119.4743, 0, 1.14336349e+12, 6.65892978e+14, 1.94576859, -0.865514258, -4.79167398, 1.5e+15, 2.08734236e+23, -13960.7968, -17157.1353, 365.074856, 117.19603, 116.280941, 1.28078819, 1.25944174, 1.5e+15, 1.50547514, 0.523853693, 0.0601652111, 1.94573662, -0.308780803, -1.44705965, -1.75582431, -0.423175032, -0.415299593, -0.838434231, 0, 1.58581088e-08, 1.58581088e-08, 37989.2211, 203756.211, 165360.214, 0.27, 3.332, 406.775577, -1.75584046, -0.838474625, 0, 1.49999537e+15, 0, 0, 2e+18, 1.89616769e+16
8.375, 0, 0, 1.5e+15, 0, 1.66390773e-14, 3.718e+18, 6.44e+20, 4.85, 4, 2.96053751, 116.280941, 1.25944174, 39725.3121, 0, 8.86042287e+11, 4.10460337e+14, 2.12419571, -1.09131002, -4.99397594, 1.5e+15, 1.6132813e+23, -29654.158, -26433.5267, 365.162791, 117.196029, 116.280941, 1.28078819, 1.25944174, 1.5e+15, 1.46615804, 0.707187952, 0.0659024256, 2.12415166, -0.525181694, -1.40965406, -1.93480807, -0.473602141, -0.403106479, -0.876663002, 0, 1.58635331e-08, 1.58635331e-08, 73487.0708, 201641.891, 127806.874, 0.27, 3.332, 347.945624, -1.93483575, -0.87670862, 0, 1.49999642e+15, 0, 0, 2e+18, 2.37808352e+16
8.375, 0, 0, 5e+15, 0, 1.66390773e-14, 3.718e+18, 6.44e+20, 4.85, 4, 2.96053751, 116.280941, 1.25944174, 28450.7174, 0, 8.86042287e+11, 4.10460337e+14, 2.12419571, -1.09131002, -4.99397594, 5e+15, 1.6132813e+23, -21728.3741, 18366.3027, 365.162791, 117.196029, 116.280941, 1.28078819, 1.25944174, 5e+15, 1.46615804, 0.707187952, 0.0659024256, 2.12415166, -0.525181694, -1.40965406, -1.93480807, -0.473602141, -0.403106479, -0.876663002, 0, 1.58635331e-08, 1.58635331e-08, 73487.0708, 201641.891, 127806.874, 0.27, 3.332, 347.945624, -1.93483575, -0.87670862, 0, 1.49999642e+15, 0, 0, 2e+18, 2.37808352e+16
8.5, 0, 0, 5e+15, 0, 1.69624992e-14, 3.718e+18, 6.44e+20, 4.85, 4, 3.33857042, 116.28094, 1.25944174, 42875.9093, 0, 6.97471344e+11, 2.29910063e+14, 2.1729015, -1.47700908, -5.35363981, 5e+15, 1.263556e+23, -38206.164, 19458.4847, 365.254034, 117.195995, 116.28094, 1.28078819, 1.25944174, 5e+15, 1.4260749, 0.775883491, 0.0738457698, 2.17284816, -0.60422221, -1.34561199, -1.94980292, -0.486734745, -0.472247808, -0.958925285, 0, 1.5869162e-08, 1.5869162e-08, 112522.651, 212696.365, 100103.55, 0.27, 3.332, 70.1637578, -1.9498342, -0.958982554, 0, 1.49999718e+15, 0, 0, 2e+18, 3.32608044e+16
8.5, 0, 0, 1.5e+15, 0, 1.69624992e-14, 3.718e+18, 6.44e+20, 4.85, 4, 3.33857042, 116.28094, 1.25944174, 53883.1317, 0, 6.97471344e+11, 2.29910063e+14, 2.1729015, -1.47700908, -5.35363981, 1.5e+15, 1.263556e+23, -42053.9057, -33687.6964, 365.254034, 117.195995, 116.28094, 1.28078819, 1.25944174, 1.5e+15, 1.4260749, 0.775883491, 0.0738457698, 2.17284816, -0.60422221, -1.34561199, -1.94980292, -0.486734745, -0.472247808, -0.958925285, 0, 1.5869162e-08, 1.5869162e-08, 112522.651, 212696.365, 100103.55, 0.27, 3.332, 70.1637578, -1.9498342, -0.958982554, 0, 1.49999718e+15, 0, 0, 2e+18, 3.32608044e+16
8.625, 0, 0, 1.5e+15, 0, 1.73060071e-14, 3.718e+18, 6.44e+20, 4.85, 4, 4.01188515, 116.280939, 1.25944174, 95103.4902, 0, 4.75034701e+11, 1.1436345e+14, 2.2307453, -2.16255735, -6.00483313, 1.5e+15, 8.55128685e+22, -82046.7444, -48093.7167, 365.349105, 117.193359, 116.280939, 1.28078819, 1.25944174, 1.5e+15, 1.25718427, 0.98260419, 0.0796154702, 2.23067066, -0.862962034, -1.19435865, -2.05726681, -0.46990161, -0.392453424, -0.862290489, 0, 1.58750277e-08, 1.58750277e-08, 203000.762, 270333.281, 67749.7442, 0.27, 3.332, -417.225287, -2.05732069, -0.862355034, 0, 1.49999808e+15, 0, 0, 2e+18, 4.52650228e+16
8.625, 0, 0, 5e+15, 0, 1.73060071e-14, 3.718e+18, 6.44e+20, 4.85, 4, 4.01188515, 116.280939, 1.25944174, 70819.0569, 0, 4.75034701e+11, 1.1436345e+14, 2.2307453, -2.16255735, -6.00483313, 5e+15, 8.55128685e+22, -67527.5757, 21339.291, 365.349105, 117.193359, 116.280939, 1.28078819, 1.25944174, 5e+15, 1.25718427, 0.98260419, 0.0796154702, 2.23067066, -0.862962034, -1.19435865, -2.05726681, -0.46990161, -0.392453424, -0.862290489, 0, 1.58750277e-08, 1.58750277e-08, 203000.762, 270333.281, 67749.7442, 0.27, 3.332, -417.225287, -2.05732069, -0.862355034, 0, 1.49999808e+15, 0, 0, 2e+18, 4.52650228e+16
8.75, 0, 0, 5e+15, 0, 1.76696851e-14, 3.718e+18, 6.44e+20, 4.85, 4, 5.19216205, 116.280926, 1.25944174, 119437.262, 0, 3.25718683e+11, 5.52080383e+13, 1.97754765, -3.35486809, -7.16202789, 5e+15, 5.80669392e+22, -116647.007, 25665.8377, 365.447777, 117.015365, 116.280926, 1.28078819, 1.25944174, 5e+15, 1.02653173, 0.951194754, 0.0871882773, 1.97745283, -0.879406395, -0.938184803, -1.81752134, -0.362513243, -0.416625338, -0.779060908, 0, 1.58811162e-08, 1.58811162e-08, 269549.175, 314909.826, 46010.3725, 0.27, 3.332, -649.721332, -1.8175912, -0.779138581, 0, 1.49999869e+15, 0, 0, 2e+18, 6.36942564e+16
8.75, 0, 0, 1.5e+15, 0, 1.76696851e-14, 3.718e+18, 6.44e+20, 4.85, 4, 5.19216205, 116.280926, 1.25944174, 139041.376, 0, 3.25718683e+11, 5.52080383e+13, 1.97754765, -3.35486809, -7.16202789, 1.5e+15, 5.80669392e+22, -127218.007, -56107.7789, 365.447777, 117.015365, 116.280926, 1.28078819, 1.25944174, 1.5e+15, 1.02653173, 0.951194754, 0.0871882773, 1.97745283, -0.879406395, -0.938184803, -1.81752134, -0.362513243, -0.416625338, -0.779060908, 0, 1.58811162e-08, 1.58811162e-08, 269549.175, 314909.826, 46010.3725, 0.27, 3.332, -649.721332, -1.8175912, -0.779138581, 0, 1.49999869e+15, 0, 0, 2e+18, 6.36942564e+16
8.875, 0, 0, 1.5e+15, 0, 1.80538118e-14, 3.718e+18, 6.44e+20, 4.85, 4, 7.19233533, 109.947744, 1.25944174, 218966.51, 0, 2.02817849e+11, 2.45588213e+13, 1.7263851, -5.37012283, -9.13652545, 1.5e+15, 3.56931415e+22, -210270.205, -61096.429, 365.549871, 109.947744, 116.280252, 1.28078819, 1.25944174, 1.5e+15, 0.849550922, 0.877049267, 0.0910766211, 1.7262403, -0.841413242, -0.807058988, -1.64834834, -0.247465499, -0.265315961, -0.51269221, 0, 1.58874167e-08, 1.58874167e-08, 376665.173, 405099.533, 28288.5419, 0.27, 3.332, 145.817926, -1.64847223, -0.512781461, 0, 1.49999918e+15, 0, 0, 2e+18, 8.80557331e+16
8.875, 0, 0, 5e+15, 0, 1.80538118e-14, 3.718e+18, 6.44e+20, 4.85, 4, 7.19233533, 109.947744, 1.25944174, 200183.059, 0, 2.02817849e+11, 2.45588213e+13, 1.7263851, -5.37012283, -9.13652545, 5e+15, 3.56931415e+22, -196263.339, 39420.2833, 365.549871, 109.947744, 116.280252, 1.28078819, 1.25944174, 5e+15, 0.849550922, 0.877049267, 0.0910766211, 1.7262403, -0.841413242, -0.807058988, -1.64834834, -0.247465499, -0.265315961, -0.51269221, 0, 1.58874167e-08, 1.58874167e-08, 376665.173, 405099.533, 28288.5419, 0.27, 3.332, 145.817926, -1.64847223, -0.512781461, 0, 1.49999918e+15, 0, 0, 2e+18, 8.80557331e+16
9, 0, 0, 5e+15, 0, 1.84533343e-14, 3.718e+18, 6.44e+20, 4.85, 4, 10.5070527, 75.0639441, 1.25944174, 317128.408, 0, 1.16134348e+11, 1.12263149e+13, 1.08557946, -8.70257464, -12.4264075, 5e+15, 2.02077446e+22, -309549.978, 68914.7147, 365.653837, 75.0639441, 116.228942, 1.28078819, 1.25944174, 5e+15, 0.573397382, 0.516332169, 0.0955653192, 1.08541361, -0.509363172, -0.540701349, -1.04991927, -0.0845462497, -0.190857559, -0.275303903, 0, 1.58938334e-08, 1.58938334e-08, 346311.643, 362894.404, 16014.1912, 0.27, 3.332, 568.570497, -1.05006452, -0.275403809, 0, 1.49999953e+15, 0, 0, 2e+18, 1.09076766e+17
9, 0, 0, 1.5e+15, 0, 1.84533343e-14, 3.718e+18, 6.44e+20, 4.85, 4, 10.5070527, 75.0639441, 1.25944174, 331921.731, 0, 1.16134348e+11, 1.12263149e+13, 1.08557946, -8.70257464, -12.4264075, 1.5e+15, 2.02077446e+22, -328208.336, -49510.8436, 365.653837, 75.0639441, 116.228942, 1.28078819, 1.25944174, 1.5e+15, 0.573397382, 0.516332169, 0.0955653192, 1.08541361, -0.509363172, -0.540701349, -1.04991927, -0.0845462497, -0.190857559, -0.275303903, 0, 1.58938334e-08, 1.58938334e-08, 346311.643, 362894.404, 16014.1912, 0.27, 3.332, 568.570497, -1.05006452, -0.275403809, 0, 1.49999953e+15, -8.02719742e-24, -9.86878457e-24, 2e+18, 1.09076766e+17
9.125, 0, 0, 1.5e+15, 0, 1.88594485e-14, 3.718e+18, 6.44e+20, 4.85, 4, 15.3975437, 51.1063599, 1.25944174, 423988.023, -3.64471004e-13, 6.40858463e+10, 5.85863059e+12, 0.860030542, -13.6119744, -17.2962254, 1.5e+15, 1.11128587e+22, -423332.18, -23573.4697, 365.757294, 51.1063599, 111.919971, 1.28078819, 1.25944174, 1.5e+15, 0.520694904, 0.35051067, 0.096685507, 0.859818611, -0.350020157, -0.501253128, -0.851074374, 0.0185369596, -0.140955615, -0.122312935, 0, 1.59002195e-08, 1.59002195e-08, 365262.866, 374474.878, 8813.59593, 0.27, 3.332, 398.416022, -0.851273285, -0.122418656, 0, 1.49999974e+15, 1.88287934e-10, 2.31484659e-10, 2e+18, 1.15061997e+17
9.125, 0, 0, 5e+15, 0, 1.88594485e-14, 3.718e+18, 6.44e+20, 4.85, 4, 15.3975437, 51.1063599, 1.25944174, 451478.408, -3.64471004e-13, 6.40858463e+10, 5.85863059e+12, 0.860030542, -13.6119744, -17.2962254, 5e+15, 1.11128587e+22, -433551.771, 125958.782, 365.757294, 51.1063599, 111.919971, 1.28078819, 1.25944174, 5e+15, 0.520694904, 0.35051067, 0.096685507, 0.859818611, -0.350020157, -0.501253128, -0.851074374, 0.0185369596, -0.140955615, -0.122312935, 0, 1.59002195e-08, 1.59002195e-08, 365262.866, 374474.878, 8813.59593, 0.27, 3.332, 398.416022, -0.851273285, -0.122418656, 0, 1.49999974e+15, 1.88287934e-10, 2.31484659e-10, 2e+18, 1.15061997e+17
9.25, 0, 0, 5e+15, 0, 1.9264661e-14, 3.718e+18, 6.44e+20, 4.85, 4, 21.704937, 39.6345079, 1.25944174, 568642.518, 6.87828054e+10, 3.58959862e+10, 3.34778521e+12, 0.519731057, -19.9378121, -23.5857985, 5e+15, 6.23052028e+21, -537267.018, 186275.241, 365.858382, 39.6345079, 94.4963172, 1.28078819, 1.25944174, 5e+15, 0.358094653, 0.162796722, 0.0982279818, 0.51955038, -0.160163483, -0.357861826, -0.517834495, 0.0291621605, 0.0129110074, 0.0421904401, 0, 1.590646e-08, 1.590646e-08, 285062.092, 290214.41, 4929.08006, 0.27, 3.332, 223.238665, -0.518025308, 0.0420731679, 0, 1.49999986e+15, 7.49332725e-08, 1.11718341e-07, 2e+18, 1.12639595e+17
9.25, 0, 0, 1.5e+15, 0, 1.9264661e-14, 3.718e+18, 6.44e+20, 4.85, 4, 21.704937, 39.6345079, 1.25944174, 548326.912, 6.87828054e+10, 3.58959862e+10, 3.34778521e+12, 0.519731057, -19.9378121, -23.5857985, 1.5e+15, 6.23052028e+21, -547953.649, 20228.7068, 365.858382, 39.6345079, 94.4963172, 1.28078819, 1.25944174, 1.5e+15, 0.358094653, 0.162796722, 0.0982279818, 0.51955038, -0.160163483, -0.357861826, -0.517834495, 0.0291621605, 0.0129110074, 0.0421904401, 0, 1.590646e-08, 1.590646e-08, 285062.092, 290214.41, 4929.08006, 0.27, 3.332, 223.238665, -0.518025308, 0.0420731679, 0, 1.49999986e+15, 7.49332725e-08, 1.11718341e-07, 2e+18, 1.12639595e+17
9.375, 0, 0, 1.5e+15, 0, 1.96684234e-14, 3.718e+18, 6.44e+20, 4.85, 4, 29.096385, 33.822479, 1.25944174, 593560.016, 8.52143668e+11, 2.58050405e+10, 3.04082185e+12, 0.556912453, -27.339841, -30.9740361, 1.5e+15, 4.53119392e+21, -591134.81, 53601.5733, 365.957068, 33.822479, 83.976316, 1.28078819, 1.25944174, 1.5e+15, 0.415037864, 0.154900526, 0.0981553044, 0.556719462, -0.14565834, -0.411244448, -0.556710431, 0.052705037, -0.055986, -0.00317110508, 0, 1.5912553e-08, 1.5912553e-08, 331699.03, 335334.457, 3582.59424, 0.27, 3.332, 52.8326055, -0.556902789, -0.00328096306, 0, 1.4999999e+15, 1.12352517e-07, 9.03193996e-07, 2e+18, 9.01563636e+16
9.375, 0, 0, 5e+15, 0, 1.96684234e-14, 3.718e+18, 6.44e+20, 4.85, 4, 29.096385, 33.822479, 1.25944174, 651046.049, 8.52143668e+11, 2.58050405e+10, 3.04082185e+12, 0.556912453, -27.339841, -30.9740361, 5e+15, 4.53119392e+21, -610839.42, 225246.889, 365.957068, 33.822479, 83.976316, 1.28078819, 1.25944174, 5e+15, 0.415037864, 0.154900526, 0.0981553044, 0.556719462, -0.14565834, -0.411244448, -0.556710431, 0.052705037, -0.055986, -0.00317110508, 0, 1.5912553e-08, 1.5912553e-08, 331699.03, 335334.457, 3582.59424, 0.27, 3.332, 52.8326055, -0.556902789, -0.00328096306, 0, 1.4999999e+15, 1.12352517e-07, 9.03193996e-07, 2e+18, 9.01563636e+16
9.5, 0, 0, 5e+15, 0, 2.00744311e-14, 3.718e+18, 6.44e+20, 4.85, 4, 37.1444629, 31.0631273, 1.25944174, 713029.91, 3.22545137e+13, 2.161231e+10, 2.4000175e+12, 0.42801317, -35.3936844, -39.0144733, 5e+15, 3.78464869e+21, -666050.269, 254536.227, 366.054334, 31.0631273, 75.3243181, 1.28078819, 1.25944174, 5e+15, 0.341466234, 0.0984997213, 0.0987460402, 0.42792473, -0.0759612406, -0.338702642, -0.414538694, 0.0627063396, 0.0433556153, 0.106194376, 0, 1.59185589e-08, 1.59185589e-08, 291260.678, 294298.148, 2970.65283, 0.27, 3.332, 66.8169649, -0.414663882, 0.106061955, 0, 1.49999991e+15, 1.2215627e-06, 1.87044041e-05, 2e+18, 9.47392168e+16
9.5, 0, 0, 1.5e+15, 0, 2.00744311e-14, 3.718e+18, 6.44e+20, 4.85, 4, 37.1444629, 31.0631273, 1.25944174, 680963.928, 3.22545137e+13, 2.161231e+10, 2.4000175e+12, 0.42801317, -35.3936844, -39.0144733, 1.5e+15, 3.78464869e+21, -674268.974, 95253.4612, 366.054334, 31.0631273, 75.3243181, 1.28078819, 1.25944174, 1.5e+15, 0.341466234, 0.0984997213, 0.0987460402, 0.42792473, -0.0759612406, -0.338702642, -0.414538694, 0.0627063396, 0.0433556153, 0.106194376, 0, 1.59185589e-08, 1.59185589e-08, 291260.678, 294298.148, 2970.65283, 0.27, 3.332, 66.8169649, -0.414663882, 0.106061955, 0, 1.49999991e+15, 1.2215627e-06, 1.87044041e-05, 2e+18, 9.47392168e+16
9.625, 0, 0, 1.5e+15, 0, 2.04840256e-14, 3.718e+18, 6.44e+20, 4.85, 4, 45.9531093, 28.3811167, 1.25944174, 712202.547, 9.61416919e+13, 1.5721836e+10, 2.4910407e+12, 0.501409433, -44.2125433, -47.8241185, 1.5e+15, 2.7919944e+21, -702449.128, 117463.572, 366.150536, 28.3811167, 75.288722, 1.28078819, 1.25944174, 1.5e+15, 0.412831475, 0.0947375478, 0.0985724633, 0.501341634, -0.0886998195, -0.412460885, -0.50108897, 0.0332797986, -0.0174884317, 0.0159146876, 0, 1.59244999e-08, 1.59244999e-08, 356260.502, 358455.464, 2194.05336, 0.27, 3.332, 0.908757834, -0.501160705, 0.0157913669, 0, 1.49999994e+15, 3.97379935e-06, 3.8685726e-05, 2e+18, 6.74316015e+16
9.625, 0, 0, 5e+15, 0, 2.04840256e-14, 3.718e+18, 6.44e+20, 4.85, 4, 45.9531093, 28.3811167, 1.25944174, 762039.549, 9.61416919e+13, 1.5721836e+10, 2.4910407e+12, 0.501409433, -44.2125433, -47.8241185, 5e+15, 2.7919944e+21, -714762.028, 264233.833, 366.150536, 28.3811167, 75.288722, 1.28078819, 1.25944174, 5e+15, 0.412831475, 0.0947375478, 0.0985724633, 0.501341634, -0.0886998195, -0.412460885, -0.50108897, 0.0332797986, -0.0174884317, 0.0159146876, 0, 1.59244999e-08, 1.59244999e-08, 356260.502, 358455.464, 2194.05336, 0.27, 3.332, 0.908757834, -0.501160705, 0.0157913669, 0, 1.49999994e+15, 3.97379935e-06, 3.8685726e-05, 2e+18, 6.74316015e+16
9.75, 0, 0, 5e+15, 0, 2.08981954e-14, 3.718e+18, 6.44e+20, 4.85, 4, 55.1390678, 27.2153889, 1.25944174, 801080.057, 7.53528742e+14, 1.63962403e+10, 2.25943742e+12, 0.43682615, -53.3973495, -57.0068231, 5e+15, 2.89686828e+21, -752886.646, 273662.122, 366.245926, 27.2153889, 71.5987669, 1.28078819, 1.25944174, 5e+15, 0.372935065, 0.079630688, 0.0989166039, 0.436877089, -0.0514525215, -0.367718584, -0.419177371, 0.0607756901, 0.0621579081, 0.123093145, 0, 1.59303913e-08, 1.59303913e-08, 338012.477, 340324.311, 2265.19654, 0.27, 3.332, 46.63778, -0.419171106, 0.122933598, 0, 1.49999993e+15, 8.34943263e-06, 0.000320677513, 2e+18, 7.67720671e+16
9.75, 0, 0, 1.5e+15, 0, 2.08981954e-14, 3.718e+18, 6.44e+20, 4.85, 4, 55.1390678, 27.2153889, 1.25944174, 774077.535, 7.53528742e+14, 1.63962403e+10, 2.25943742e+12, 0.43682615, -53.3973495, -57.0068231, 1.5e+15, 2.89686828e+21, -760483.876, 144430.967, 366.245926, 27.2153889, 71.5987669, 1.28078819, 1.25944174, 1.5e+15, 0.372935065, 0.079630688, 0.0989166039, 0.436877089, -0.0514525215, -0.367718584, -0.419177371, 0.0607756901, 0.0621579081, 0.123093145, 0, 1.59303913e-08, 1.59303913e-08, 338012.477, 340324.311, 2265.19654, 0.27, 3.332, 46.63778, -0.419171106, 0.122933598, 0, 1.49999993e+15, 8.34943263e-06, 0.000320677513, 2e+18, 7.67720671e+16
9.875, 0, 0, 1.5e+15, 0, 2.13161644e-14, 3.718e+18, 6.44e+20, 4.85, 4, 64.9652062, 25.4423099, 1.25944174, 801261.678, 1.53764028e+15, 1.13447867e+10, 2.44630594e+12, 0.520698501, -63.2352857, -66.835297, 1.5e+15, 2.03202628e+21, -785219.354, 159533.202, 366.340342, 25.4423099, 74.4381005, 1.28078819, 1.25944174, 1.5e+15, 0.455985783, 0.0675988616, 0.0987406212, 0.520782782, -0.0640540114, -0.455956682, -0.520087342, 0.0216030024, 0.00515157662, 0.0269046995, 0, 1.59362232e-08, 1.59362232e-08, 414659.763, 416251.269, 1592.4722, 0.27, 3.332, -0.966256289, -0.520010693, 0.0267545791, 0, 1.49999995e+15, 9.47144712e-05, 0.000543210017, 2e+18, 4.98610851e+16
9.875, 0, 0, 5e+15, 0, 2.13161644e-14, 3.718e+18, 6.44e+20, 4.85, 4, 64.9652062, 25.4423099, 1.25944174, 837756.304, 1.53764028e+15, 1.13447867e+10, 2.44630594e+12, 0.520698501, -63.2352857, -66.835297, 5e+15, 2.03202628e+21, -792693.085, 271059.582, 366.340342, 25.4423099, 74.4381005, 1.28078819, 1.25944174, 5e+15, 0.455985783, 0.0675988616, 0.0987406212, 0.520782782, -0.0640540114, -0.455956682, -0.520087342, 0.0216030024, 0.00515157662, 0.0269046995, 0, 1.59362232e-08, 1.59362232e-08, 414659.763, 416251.269, 1592.4722, 0.27, 3.332, -0.966256289, -0.520010693, 0.0267545791, 0, 1.49999995e+15, 9.47144712e-05, 0.000543210017, 2e+18, 4.98610851e+16
10, 0, 0, 5e+15, 0, 2.17379232e-14, 3.718e+18, 6.44e+20, 4.85, 4, 75.0662766, 24.7498249, 1.25944174, 866874.92, 5.85650683e+15, 1.32165744e+10, 2.35554028e+12, 0.476128385, -73.3317063, -76.9350028, 5e+15, 2.3544604e+21, -822807.548, 272873.351, 366.433804, 24.7498249, 72.2939271, 1.28078819, 1.25944174, 5e+15, 0.425303537, 0.0666509323, 0.0990046232, 0.476313876, -0.0391473606, -0.417634576, -0.456918188, 0.0539428488, 0.0804018628, 0.134538761, 0, 1.59419969e-08, 1.59419969e-08, 403349.101, 405240.906, 1843.04631, 0.27, 3.332, 48.7589254, -0.456781936, 0.134344712, 0, 1.49999995e+15, 2.90497804e-05, 0.00202820091, 2e+18, 5.99439465e+16
10, 0, 0, 1.5e+15, 0, 2.17379232e-14, 3.718e+18, 6.44e+20, 4.85, 4, 75.0662766, 24.7498249, 1.25944174, 848257.369, 5.85650683e+15, 1.32165744e+10, 2.35554028e+12, 0.476128385, -73.3317063, -76.9350028, 1.5e+15, 2.3544604e+21, -829349.315, 178101.876, 366.433804, 24.7498249, 72.2939271, 1.28078819, 1.25944174, 1.5e+15, 0.425303537, 0.0666509323, 0.0990046232, 0.476313876, -0.0391473606, -0.417634576, -0.456918188, 0.0539428488, 0.0804018628, 0.134538761, 0, 1.59419969e-08, 1.59419969e-08, 403349.101, 405240.906, 1843.04631, 0.27, 3.332, 48.7589254, -0.456781936, 0.134344712, 0, 1.49999995e+15, 2.90497804e-05, 0.00202820091, 2e+18, 5.99439465e+16
10.109375, 0, 0, 1.5e+15, 0, 2.21090027e-14, 3.718e+18, 6.44e+20, 4.85, 4, 84.3698563, 23.5124373, 1.25944174, 872469.315, 1.10188805e+16, 9.43030272e+09, 2.56897836e+12, 0.559009793, -82.6460949, -86.2411743, 1.5e+15, 1.69722211e+21, -852306.344, 186484.858, 366.514587, 23.5124373, 75.2777333, 1.28078819, 1.25944174, 1.5e+15, 0.507942291, 0.0528211674, 0.0988982467, 0.559239422, -0.0497033472, -0.506554788, -0.55647139, 0.0178788422, 0.0375182383, 0.0555726813, 0, 1.59469877e-08, 1.59469877e-08, 486725.411, 488056.122, 1329.56826, 0.27, 3.332, 1.1435779, -0.556258135, 0.0553970805, 0, 1.49999996e+15, 0.000598542306, 0.00320655576, 2e+18, 3.9658612e+16
10.109375, 0, 0, 5e+15, 0, 2.21090027e-14, 3.718e+18, 6.44e+20, 4.85, 4, 84.3698563, 23.5124373, 1.25944174, 897081.158, 1.10188805e+16, 9.43030272e+09, 2.56897836e+12, 0.559009793, -82.6460949, -86.2411743, 5e+15, 1.69722211e+21, -856088.78, 268079.476, 366.514587, 23.5124373, 75.2777333, 1.28078819, 1.25944174, 5e+15, 0.507942291, 0.0528211674, 0.0988982467, 0.559239422, -0.0497033472, -0.506554788, -0.55647139, 0.0178788422, 0.0375182383, 0.0555726813, 0, 1.59469877e-08, 1.59469877e-08, 486725.411, 488056.122, 1329.56826, 0.27, 3.332, 1.1435779, -0.556258135, 0.0553970805, 0, 1.49999996e+15, 0.000598542306, 0.00320655576, 2e+18, 3.9658612e+16
10.21875, 0, 0, 5e+15, 0, 2.24819571e-14, 3.718e+18, 6.44e+20, 4.85, 4, 93.8813269, 22.9985319, 1.25944174, 919682.874, 2.55085276e+16, 1.08307658e+10, 2.60126854e+12, 0.545206523, -92.1533399, -95.752894, 5e+15, 1.94366474e+21, -880637.249, 265131.333, 366.594458, 22.9985319, 74.9444541, 1.28078819, 1.25944174, 5e+15, 0.503462298, 0.0547352966, 0.0989507898, 0.545505958, -0.0324585611, -0.493610515, -0.526324026, 0.0440726049, 0.0991107715, 0.143386784, 0, 1.59519226e-08, 1.59519226e-08, 495333.36, 496895.13, 1524.02513, 0.27, 3.332, 37.7449299, -0.526069076, 0.143183376, 0, 1.49999996e+15, 8.30502491e-05, 0.00770336554, 2e+18, 4.49034092e+16
10.21875, 0, 0, 1.5e+15, 0, 2.24819571e-14, 3.718e+18, 6.44e+20, 4.85, 4, 93.8813269, 22.9985319, 1.25944174, 907749.381, 2.55085276e+16, 1.08307658e+10, 2.60126854e+12, 0.545206523, -92.1533399, -95.752894, 1.5e+15, 1.94366474e+21, -886006.227, 197489.001, 366.594458, 22.9985319, 74.9444541, 1.28078819, 1.25944174, 1.5e+15, 0.503462298, 0.0547352966, 0.0989507898, 0.545505958, -0.0324585611, -0.493610515, -0.526324026, 0.0440726049, 0.0991107715, 0.143386784, 0, 1.59519226e-08, 1.59519226e-08, 495333.36, 496895.13, 1524.02513, 0.27, 3.332, 37.7449299, -0.526069076, 0.143183376, 0, 1.49999996e+15, 8.30502491e-05, 0.00770336554, 2e+18, 4.49034092e+16
10.328125, 0, 0, 1.5e+15, 0, 2.28556608e-14, 3.718e+18, 6.44e+20, 4.85, 4, 103.751242, 22.1632993, 1.25944174, 924002.966, 6.0668011e+15, 5.9467438e+09, 2.82386481e+12, 0.716198347, -102.042345, -105.625261, 1.5e+15, 1.0789748e+21, -900251.77, 208154.346, 366.673205, 22.1632993, 78.5127839, 1.28078819, 1.25944174, 1.5e+15, 0.677404253, 0.0400044898, 0.0996399709, 0.716498246, -0.0399964381, -0.658995669, -0.69931235, 0.000802586026, -0.15684779, -0.155987096, 0, 1.59567886e-08, 1.59567886e-08, 597128.02, 597859.536, 846.061977, 0.27, 3.332, -114.546144, -0.698992107, -0.156045204, 0, 1.49999998e+15, 0.00396738423, 0.0096427156, 2e+18, 2.29676284e+16
10.328125, 0, 0, 5e+15, 0, 2.28556608e-14, 3.718e+18, 6.44e+20, 4.85, 4, 103.751242, 22.1632993, 1.25944174, 940147.217, 6.0668011e+15, 5.9467438e+09, 2.82386481e+12, 0.716198347, -102.042345, -105.625261, 5e+15, 1.0789748e+21, -904301.051, 257131.09, 366.673205, 22.1632993, 78.5127839, 1.28078819, 1.25944174, 5e+15, 0.677404253, 0.0400044898, 0.0996399709, 0.716498246, -0.0399964381, -0.658995669, -0.69931235, 0.000802586026, -0.15684779, -0.155987096, 0, 1.59567886e-08, 1.59567886e-08, 597128.02, 597859.536, 846.061977, 0.27, 3.332, -114.546144, -0.698992107, -0.156045204, 0, 1.49999998e+15, 0.00396738423, 0.0096427156, 2e+18, 2.29676284e+16
10.4375, 0, 0, 5e+15, 0, 2.32336538e-14, 3.718e+18, 6.44e+20, 4.85, 4, 113.715317, 21.9538607, 1.25944174, 959207.832, 5.96279757e+16, 9.8916026e+09, 2.23014754e+12, 0.498506911, -111.990487, -115.581733, 5e+15, 1.77164624e+21, -923409.333, 259605.22, 366.751591, 21.9538607, 75.6555717, 1.28078819, 1.25944174, 5e+15, 0.464116766, 0.048250788, 0.101754902, 0.498895035, -0.0253733527, -0.454507401, -0.480225783, 0.0410406082, 0.0939542185, 0.135201527, 0, 1.59616327e-08, 1.59616327e-08, 477020.337, 478618.586, 1395.10128, 0.27, 3.332, 203.147446, -0.479880753, 0.134994827, 0, 1.49999996e+15, 0.000620012454, 0.0193558076, 2e+18, 4.79636977e+16
10.4375, 0, 0, 1.5e+15, 0, 2.32336538e-14, 3.718e+18, 6.44e+20, 4.85, 4, 113.715317, 21.9538607, 1.25944174, 960349.423, 5.96279757e+16, 9.8916026e+09, 2.23014754e+12, 0.498506911, -111.990487, -115.581733, 1.5e+15, 1.77164624e+21, -933972.824, 223530.263, 366.751591, 21.9538607, 75.6555717, 1.28078819, 1.25944174, 1.5e+15, 0.464116766, 0.048250788, 0.101754902, 0.498895035, -0.0253733527, -0.454507401, -0.480225783, 0.0410406082, 0.0939542185, 0.135201527, 0, 1.59616327e-08, 1.59616327e-08, 477020.337, 478618.586, 1395.10128, 0.27, 3.332, 203.147446, -0.479880753, 0.134994827, 0, 1.49999996e+15, 0.000620012454, 0.0193558076, 2e+18, 4.79636977e+16
10.546875, 0, 0, 1.5e+15, 0, 2.36109588e-14, 3.718e+18, 6.44e+20, 4.85, 4, 124.061495, 21.1430656, 1.25944174, 986028.703, 7.24601131e+16, 8.60641482e+09, 2.53465644e+12, 0.570319462, -122.341208, -125.931816, 1.5e+15, 1.54992386e+21, -959674.29, 226446.154, 366.828605, 21.1430656, 77.4863899, 1.28078819, 1.25944174, 1.5e+15, 0.537646158, 0.0401807622, 0.10177796, 0.57070928, -0.0318327453, -0.537596009, -0.569812161, 0.0245187679, 0.00734315836, 0.0319872279, 0, 1.59663924e-08, 1.59663924e-08, 552419.583, 553623.012, 1219.41891, 0.27, 3.332, -15.9900036, -0.569428754, 0.0318619262, 0, 1.49999997e+15, 0.0113686761, 0.032478542, 2e+18, 3.68941139e+16
10.546875, 0, 0, 5e+15, 0, 2.36109588e-14, 3.718e+18, 6.44e+20, 4.85, 4, 124.061495, 21.1430656, 1.25944174, 987498.935, 7.24601131e+16, 8.60641482e+09, 2.53465644e+12, 0.570319462, -122.341208, -125.931816, 5e+15, 1.54992386e+21, -953032.627, 258617.399, 366.828605, 21.1430656, 77.4863899, 1.28078819, 1.25944174, 5e+15, 0.537646158, 0.0401807622, 0.10177796, 0.57070928, -0.0318327453, -0.537596009, -0.569812161, 0.0245187679, 0.00734315836, 0.0319872279, 0, 1.59663924e-08, 1.59663924e-08, 552419.583, 553623.012, 1219.41891, 0.27, 3.332, -15.9900036, -0.569428754, 0.0318619262, 0, 1.49999997e+15, 0.0113686761, 0.032478542, 2e+18, 3.68941139e+16
10.65625, 0, 0, 5e+15, 0, 2.39893311e-14, 3.718e+18, 6.44e+20, 4.85, 4, 134.656747, 20.646035, 1.25944174, 1009758.96, 1.7114214e+17, 9.12903986e+09, 2.3241951e+12, 0.550152238, -132.934738, -136.524188, 5e+15, 1.6388695e+21, -977122.674, 254645.711, 366.904642, 20.646035, 78.273853, 1.28078819, 1.25944174, 5e+15, 0.515815387, 0.0416275151, 0.102600973, 0.550611529, -0.0284126452, -0.505912324, -0.534755606, 0.0304232084, 0.100589434, 0.131184978, 0, 1.59710922e-08, 1.59710922e-08, 556076.631, 557554.474, 1293.8246, 0.27, 3.332, 184.018045, -0.534324969, 0.131012642, 0, 1.49999996e+15, 0.00257010254, 0.0516714148, 2e+18, 4.26979795e+16
10.65625, 0, 0, 1.5e+15, 0, 2.39893311e-14, 3.718e+18, 6.44e+20, 4.85, 4, 134.656747, 20.646035, 1.25944174, 1012773.16, 1.7114214e+17, 9.12903986e+09, 2.3241951e+12, 0.550152238, -132.934738, -136.524188, 1.5e+15, 1.6388695e+21, -986072.217, 231021.787, 366.904642, 20.646035, 78.273853, 1.28078819, 1.25944174, 1.5e+15, 0.515815387, 0.0416275151, 0.102600973, 0.550611529, -0.0284126452, -0.505912324, -0.534755606, 0.0304232084, 0.100589434, 0.131184978, 0, 1.59710922e-08, 1.59710922e-08, 556076.631, 557554.474, 1293.8246, 0.27, 3.332, 184.018045, -0.534324969, 0.131012642, 0, 1.49999996e+15, 0.00257010254, 0.0516714148, 2e+18, 4.26979795e+16
10.765625, 0, 0, 1.5e+15, 0, 2.43671534e-14, 3.718e+18, 6.44e+20, 4.85, 4, 145.534862, 20.1091768, 1.25944174, 1032612.91, 2.86601738e+17, 8.73168096e+09, 2.69341541e+12, 0.622044357, -143.8144, -147.406829, 1.5e+15, 1.57315731e+21, -1006468.13, 230892.474, 366.979412, 20.1091768, 80.0470809, 1.28078819, 1.25944174, 1.5e+15, 0.587614858, 0.040205669, 0.10276354, 0.622527592, -0.0288935388, -0.574844376, -0.60419774, 0.0279581694, 0.121840735, 0.149952305, 0, 1.59757141e-08, 1.59757141e-08, 639655.451, 640926.33, 1240.50781, 0.27, 3.332, 30.371011, -0.603737915, 0.149798905, 0, 1.49999997e+15, 0.00422632964, 0.0707997955, 2e+18, 3.5333015e+16
10.765625, 0, 0, 5e+15, 0, 2.43671534e-14, 3.718e+18, 6.44e+20, 4.85, 4, 145.534862, 20.1091768, 1.25944174, 1033506.72, 2.86601738e+17, 8.73168096e+09, 2.69341541e+12, 0.622044357, -143.8144, -147.406829, 5e+15, 1.57315731e+21, -1003206.68, 248420.001, 366.979412, 20.1091768, 80.0470809, 1.28078819, 1.25944174, 5e+15, 0.587614858, 0.040205669, 0.10276354, 0.622527592, -0.0288935388, -0.574844376, -0.60419774, 0.0279581694, 0.121840735, 0.149952305, 0, 1.59757141e-08, 1.59757141e-08, 639655.451, 640926.33, 1240.50781, 0.27, 3.332, 30.371011, -0.603737915, 0.149798905, 0, 1.49999997e+15, 0.00422632964, 0.0707997955, 2e+18, 3.5333015e+16
10.8203125, 0, 0, 5e+15, 0, 2.4555938e-14, 3.718e+18, 6.44e+20, 4.85, 4, 151.074247, 19.7449687, 1.25944174, 1046248.76, 4.00333477e+17, 8.40342705e+09, 3.10281662e+12, 0.707810539, -149.355066, -152.950622, 5e+15, 1.51833226e+21, -1017440.43, 243826.69, 367.01635, 19.7449687, 81.1031592, 1.28078819, 1.25944174, 5e+15, 0.674850613, 0.0382430189, 0.103316296, 0.708309933, -0.0276654019, -0.659170696, -0.687316037, 0.0264036746, 0.144628292, 0.171171338, 0, 1.59779975e-08, 1.59779975e-08, 737279.519, 738374.445, 1195.92521, 0.27, 3.332, -100.999526, -0.686836098, 0.171031966, 0, 1.49999997e+15, 0.00631468415, 0.0892245564, 2e+18, 2.957141e+16
10.8203125, 0, 0, 1.5e+15, 0, 2.4555938e-14, 3.718e+18, 6.44e+20, 4.85, 4, 151.074247, 19.7449687, 1.25944174, 1043363.99, 4.00333477e+17, 8.40342705e+09, 3.10281662e+12, 0.707810539, -149.355066, -152.950622, 1.5e+15, 1.51833226e+21, -1017350.66, 231529.824, 367.01635, 19.7449687, 81.1031592, 1.28078819, 1.25944174, 1.5e+15, 0.674850613, 0.0382430189, 0.103316296, 0.708309933, -0.0276654019, -0.659170696, -0.687316037, 0.0264036746, 0.144628292, 0.171171338, 0, 1.59779975e-08, 1.59779975e-08, 737279.519, 738374.445, 1195.92521, 0.27, 3.332, -100.999526, -0.686836098, 0.171031966, 0, 1.49999997e+15, 0.00631468415, 0.0892245564, 2e+18, 2.957141e+16
10.8476563, 0, 0, 1.5e+15, 0, 2.46502827e-14, 3.718e+18, 6.44e+20, 4.85, 4, 153.862993, 19.6101045, 1.25944174, 1047413.9, 4.51456398e+17, 8.20779889e+09, 3.3379407e+12, 0.751119478, -152.14459, -155.741645, 1.5e+15, 1.48495763e+21, -1021463.05, 231709.139, 367.034706, 19.6101045, 81.5922107, 1.28078819, 1.25944174, 1.5e+15, 0.719164437, 0.0370777906, 0.103651719, 0.751624235, -0.0268018268, -0.702139201, -0.729428822, 0.0256207852, 0.155557159, 0.181307979, 0, 1.59791323e-08, 1.59791323e-08, 785858.412, 786839.951, 1169.01991, 0.27, 3.332, -187.481078, -0.728941028, 0.181177944, 0, 1.49999997e+15, 0.00598157164, 0.0970123688, 2e+18, 2.68712012e+16
10.8476563, 0, 0, 5e+15, 0, 2.46502827e-14, 3.718e+18, 6.44e+20, 4.85, 4, 153.862993, 19.6101045, 1.25944174, 1049576.04, 4.51456398e+17, 8.20779889e+09, 3.3379407e+12, 0.751119478, -152.14459, -155.741645, 5e+15, 1.48495763e+21, -1021111.23, 242779.159, 367.034706, 19.6101045, 81.5922107, 1.28078819, 1.25944174, 5e+15, 0.719164437, 0.0370777906, 0.103651719, 0.751624235, -0.0268018268, -0.702139201, -0.729428822, 0.0256207852, 0.155557159, 0.181307979, 0, 1.59791323e-08, 1.59791323e-08, 785858.412, 786839.951, 1169.01991, 0.27, 3.332, -187.481078, -0.728941028, 0.181177944, 0, 1.49999997e+15, 0.00598157164, 0.0970123688, 2e+18, 2.68712012e+16
10.8544922, 0, 0, 5e+15, 0, 2.46738633e-14, 3.718e+18, 6.44e+20, 4.85, 4, 154.561854, 19.5629545, 1.25944174, 1050884.52, 4.74708073e+17, 8.12979984e+09, 3.41425993e+12, 0.768464822, -152.843763, -156.441213, 5e+15, 1.47145997e+21, -1022526.91, 242480.934, 367.039284, 19.5629545, 81.7322584, 1.28078819, 1.25944174, 5e+15, 0.737190249, 0.0364502876, 0.104039597, 0.768973808, -0.0261757717, -0.719788958, -0.746457294, 0.0253663644, 0.159227259, 0.184722024, 0, 1.59794153e-08, 1.59794153e-08, 805835.26, 806881.399, 1158.21696, 0.27, 3.332, -112.07712, -0.745964729, 0.184593623, 0, 1.49999997e+15, 0.00571450754, 0.100489226, 2e+18, 2.60280745e+16
10.8544922, 0, 0, 1.5e+15, 0, 2.46738633e-14, 3.718e+18, 6.44e+20, 4.85, 4, 154.561854, 19.5629545, 1.25944174, 1048900.41, 4.74708073e+17, 8.12979984e+09, 3.41425993e+12, 0.768464822, -152.843763, -156.441213, 1.5e+15, 1.47145997e+21, -1022984.51, 231721.283, 367.039284, 19.5629545, 81.7322584, 1.28078819, 1.25944174, 1.5e+15, 0.737190249, 0.0364502876, 0.104039597, 0.768973808, -0.0261757717, -0.719788958, -0.746457294, 0.0253663644, 0.159227259, 0.184722024, 0, 1.59794153e-08, 1.59794153e-08, 805835.26, 806881.399, 1158.21696, 0.27, 3.332, -112.07712, -0.745964729, 0.184593623, 0, 1.49999997e+15, 0.00571450754, 0.100489226, 2e+18, 2.60280745e+16
10.8613281, 0, 0, 1.5e+15, 0, 2.46974416e-14, 3.718e+18, 6.44e+20, 4.85, 4, 155.261378, 19.5444317, 1.25944174, 1049903.04, 4.86546553e+17, 8.0520107e+09, 3.4444031e+12, 0.775324845, -153.543599, -157.141007, 1.5e+15, 1.45771117e+21, -1024013.48, 231717.077, 367.043856, 19.5444317, 81.8622168, 1.28078819, 1.25944174, 1.5e+15, 0.744358978, 0.0360945278, 0.104350744, 0.775835278, -0.0259261685, -0.726818114, -0.753238748, 0.0251127203, 0.16064158, 0.185881055, 0, 1.5979698e-08, 1.5979698e-08, 813771.388, 814991.957, 1147.37583, 0.27, 3.332, 73.1938782, -0.752744283, 0.1857543, 0, 1.49999997e+15, 0.00581322652, 0.102110119, 2e+18, 2.55590866e+16
10.8613281, 0, 0, 5e+15, 0, 2.46974416e-14, 3.718e+18, 6.44e+20, 4.85, 4, 155.261378, 19.5444317, 1.25944174, 1051746.2, 4.86546553e+17, 8.0520107e+09, 3.4444031e+12, 0.775324845, -153.543599, -157.141007, 5e+15, 1.45771117e+21, -1023513.11, 242055.77, 367.043856, 19.5444317, 81.8622168, 1.28078819, 1.25944174, 5e+15, 0.744358978, 0.0360945278, 0.104350744, 0.775835278, -0.0259261685, -0.726818114, -0.753238748, 0.0251127203, 0.16064158, 0.185881055, 0, 1.5979698e-08, 1.5979698e-08, 813771.388, 814991.957, 1147.37583, 0.27, 3.332, 73.1938782, -0.752744283, 0.1857543, 0, 1.49999997e+15, 0.00581322652, 0.102110119, 2e+18, 2.55590866e+16
10.8681641, 0, 0, 5e+15, 0, 2.47210177e-14, 3.718e+18, 6.44e+20, 4.85, 4, 155.961589, 19.5255344, 1.25944174, 1052630.38, 4.98757739e+17, 7.97444194e+09, 3.47461187e+12, 0.782222868, -154.244125, -157.841486, 5e+15, 1.44398993e+21, -1024515.74, 241657.268, 367.048424, 19.5255344, 81.9851263, 1.28078819, 1.25944174, 5e+15, 0.751564864, 0.0357398833, 0.104619586, 0.782734714, -0.0256772596, -0.733886466, -0.760060057, 0.0248599597, 0.162050611, 0.18703567, 0, 1.59799803e-08, 1.59799803e-08, 821772.464, 822980.92, 1136.55629, 0.27, 3.332, 71.9000779, -0.759563725, 0.186910571, 0, 1.49999997e+15, 0.00591542955, 0.103762242, 2e+18, 2.50982335e+16
10.8681641, 0, 0, 1.5e+15, 0, 2.47210177e-14, 3.718e+18, 6.44e+20, 4.85, 4, 155.961589, 19.5255344, 1.25944174, 1050911.93, 4.98757739e+17, 7.97444194e+09, 3.47461187e+12, 0.782222868, -154.244125, -157.841486, 1.5e+15, 1.44398993e+21, -1025051.81, 231699.511, 367.048424, 19.5255344, 81.9851263, 1.28078819, 1.25944174, 1.5e+15, 0.751564864, 0.0357398833, 0.104619586, 0.782734714, -0.0256772596, -0.733886466, -0.760060057, 0.0248599597, 0.162050611, 0.18703567, 0, 1.59799803e-08, 1.59799803e-08, 821772.464, 822980.92, 1136.55629, 0.27, 3.332, 71.9000779, -0.759563725, 0.186910571, 0, 1.49999997e+15, 0.00591542955, 0.103762242, 2e+18, 2.50982335e+16
10.875, 0, 0, 1.5e+15, 0, 2.47445911e-14, 3.718e+18, 6.44e+20, 4.85, 4, 156.662478, 19.5063813, 1.25944174, 1051924.43, 5.11316744e+17, 7.89710478e+09, 3.50488724e+12, 0.789156125, -154.94533, -158.542641, 1.5e+15, 1.43029859e+21, -1026096.29, 231670.896, 367.052987, 19.5063813, 82.1030623, 1.28078819, 1.25944174, 1.5e+15, 0.758805041, 0.0353864365, 0.104850809, 0.789669353, -0.0254290717, -0.740990819, -0.766918056, 0.0246081735, 0.163455491, 0.188187098, 0, 1.59802625e-08, 1.59802625e-08, 829832.255, 831028.561, 1125.76024, 0.27, 3.332, 70.5453258, -0.76641989, 0.188063664, 0, 1.49999997e+15, 0.00602007701, 0.105449172, 2e+18, 2.46453648e+16
10.875, 0, 0, 5e+15, 0, 2.47445911e-14, 3.718e+18, 6.44e+20, 4.85, 4, 156.662478, 19.5063813, 1.25944174, 1053530.78, 5.11316744e+17, 7.89710478e+09, 3.50488724e+12, 0.789156125, -154.94533, -158.542641, 5e+15, 1.43029859e+21, -1025530.21, 241277.642, 367.052987, 19.5063813, 82.1030623, 1.28078819, 1.25944174, 5e+15, 0.758805041, 0.0353864365, 0.104850809, 0.789669353, -0.0254290717, -0.740990819, -0.766918056, 0.0246081735, 0.163455491, 0.188187098, 0, 1.59802625e-08, 1.59802625e-08, 829832.255, 831028.561, 1125.76024, 0.27, 3.332, 70.5453258, -0.76641989, 0.188063664, 0, 1.49999997e+15, 0.00602007701, 0.105449172, 2e+18, 2.46453648e+16
10.8818359, 0, 0, 5e+15, 0, 2.4768162e-14, 3.718e+18, 6.44e+20, 4.85, 4, 157.364061, 19.4870575, 1.25944174, 1054443.03, 5.24207258e+17, 7.82001064e+09, 3.5352294e+12, 0.796122533, -155.647233, -159.244489, 5e+15, 1.41663953e+21, -1026553.27, 240911.774, 367.057546, 19.4870575, 82.2173539, 1.28078819, 1.25944174, 5e+15, 0.766077323, 0.0350342741, 0.105048032, 0.796637114, -0.0251816456, -0.748128724, -0.773810339, 0.0243574443, 0.16485714, 0.189336342, 0, 1.59805443e-08, 1.59805443e-08, 837946.219, 839130.344, 1114.98958, 0.27, 3.332, 69.1350889, -0.77331037, 0.189214584, 0, 1.49999997e+15, 0.00612661354, 0.10716732, 2e+18, 2.42003413e+16
10.8818359, 0, 0, 1.5e+15, 0, 2.4768162e-14, 3.718e+18, 6.44e+20, 4.85, 4, 157.364061, 19.4870575, 1.25944174, 1052938.71, 5.24207258e+17, 7.82001064e+09, 3.5352294e+12, 0.796122533, -155.647233, -159.244489, 1.5e+15, 1.41663953e+21, -1027144.61, 231633.048, 367.057546, 19.4870575, 82.2173539, 1.28078819, 1.25944174, 1.5e+15, 0.766077323, 0.0350342741, 0.105048032, 0.796637114, -0.0251816456, -0.748128724, -0.773810339, 0.0243574443, 0.16485714, 0.189336342, 0, 1.59805443e-08, 1.59805443e-08, 837946.219, 839130.344, 1114.98958, 0.27, 3.332, 69.1350889, -0.77331037, 0.189214584, 0, 1.49999997e+15, 0.00612661354, 0.10716732, 2e+18, 2.42003413e+16
10.8886719, 0, 0, 1.5e+15, 0, 2.47917307e-14, 3.718e+18, 6.44e+20, 4.85, 4, 158.066355, 19.4676247, 1.25944174, 1053953.45, 5.37418169e+17, 7.74317407e+09, 3.56563873e+12, 0.803120362, -156.349848, -159.947046, 1.5e+15, 1.40301566e+21, -1028195.09, 231587.414, 367.062099, 19.4676247, 82.3288617, 1.28078819, 1.25944174, 1.5e+15, 0.773379894, 0.0346834766, 0.105213875, 0.803636269, -0.0249350203, -0.755298158, -0.780734922, 0.0241078475, 0.166256287, 0.190484209, 0, 1.59808258e-08, 1.59808258e-08, 846110.814, 847282.728, 1104.24665, 0.27, 3.332, 67.6668008, -0.780233178, 0.190364134, 0, 1.49999997e+15, 0.00623471588, 0.108914087, 2e+18, 2.37630353e+16
10.8886719, 0, 0, 5e+15, 0, 2.47917307e-14, 3.718e+18, 6.44e+20, 4.85, 4, 158.066355, 19.4676247, 1.25944174, 1055363.94, 5.37418169e+17, 7.74317407e+09, 3.56563873e+12, 0.803120362, -156.349848, -159.947046, 5e+15, 1.40301566e+21, -1027582.45, 240556.365, 367.062099, 19.4676247, 82.3288617, 1.28078819, 1.25944174, 5e+15, 0.773379894, 0.0346834766, 0.105213875, 0.803636269, -0.0249350203, -0.755298158, -0.780734922, 0.0241078475, 0.166256287, 0.190484209, 0, 1.59808258e-08, 1.59808258e-08, 846110.814, 847282.728, 1104.24665, 0.27, 3.332, 67.6668008, -0.780233178, 0.190364134, 0, 1.49999997e+15, 0.00623471588, 0.108914087, 2e+18, 2.37630353e+16
10.8955079, 0, 0, 5e+15, 0, 2.48152966e-14, 3.718e+18, 6.44e+20, 4.85, 4, 158.769353, 19.4481294, 1.25944174, 1056291.12, 5.50942026e+17, 7.66661234e+09, 3.59611489e+12, 0.810148531, -157.053169, -160.650305, 5e+15, 1.38943038e+21, -1028615.79, 240209.248, 367.066648, 19.4481294, 82.4381559, 1.28078819, 1.25944174, 5e+15, 0.780711575, 0.0343341403, 0.105350301, 0.810665736, -0.02468925, -0.76249777, -0.78769051, 0.0238594661, 0.167653558, 0.191631406, 0, 1.5981107e-08, 1.5981107e-08, 854323.606, 855483.282, 1093.53461, 0.27, 3.332, 66.1416594, -0.78718702, 0.191513024, 0, 1.49999997e+15, 0.00634418328, 0.110687529, 2e+18, 2.33333456e+16
10.8955079, 0, 0, 1.5e+15, 0, 2.48152966e-14, 3.718e+18, 6.44e+20, 4.85, 4, 158.769353, 19.4481294, 1.25944174, 1054967.65, 5.50942026e+17, 7.66661234e+09, 3.59611489e+12, 0.810148531, -157.053169, -160.650305, 1.5e+15, 1.38943038e+21, -1029246.43, 231535.16, 367.066648, 19.4481294, 82.4381559, 1.28078819, 1.25944174, 1.5e+15, 0.780711575, 0.0343341403, 0.105350301, 0.810665736, -0.02468925, -0.76249777, -0.78769051, 0.0238594661, 0.167653558, 0.191631406, 0, 1.5981107e-08, 1.5981107e-08, 854323.606, 855483.282, 1093.53461, 0.27, 3.332, 66.1416594, -0.78718702, 0.191513024, 0, 1.49999997e+15, 0.00634418328, 0.110687529, 2e+18, 2.33333456e+16
10.9023438, 0, 0, 1.5e+15, 0, 2.48388595e-14, 3.718e+18, 6.44e+20, 4.85, 4, 159.473048, 19.4286072, 1.25944174, 1055980.59, 5.6477389e+17, 7.59034267e+09, 3.62665694e+12, 0.817205981, -157.757188, -161.354258, 1.5e+15, 1.37588693e+21, -1030297.67, 231477.231, 367.071193, 19.4286072, 82.5456234, 1.28078819, 1.25944174, 1.5e+15, 0.788071226, 0.0339863485, 0.105458817, 0.817724456, -0.0244443859, -0.769726289, -0.794675882, 0.0236123671, 0.169049396, 0.192778445, 0, 1.5981388e-08, 1.5981388e-08, 862582.504, 863729.938, 1082.86933, 0.27, 3.332, 64.5644284, -0.794170675, 0.192661763, 0, 1.49999997e+15, 0.00645489128, 0.112486194, 2e+18, 2.29114454e+16
10.9023438, 0, 0, 5e+15, 0, 2.48388595e-14, 3.718e+18, 6.44e+20, 4.85, 4, 159.473048, 19.4286072, 1.25944174, 1057222.73, 5.6477389e+17, 7.59034267e+09, 3.62665694e+12, 0.817205981, -157.757188, -161.354258, 5e+15, 1.37588693e+21, -1029651.77, 239868.965, 367.071193, 19.4286072, 82.5456234, 1.28078819, 1.25944174, 5e+15, 0.788071226, 0.0339863485, 0.105458817, 0.817724456, -0.0244443859, -0.769726289, -0.794675882, 0.0236123671, 0.169049396, 0.192778445, 0, 1.5981388e-08, 1.5981388e-08, 862582.504, 863729.938, 1082.86933, 0.27, 3.332, 64.5644284, -0.794170675, 0.192661763, 0, 1.49999997e+15, 0.00645489128, 0.112486194, 2e+18, 2.29114454e+16
10.9091797, 0, 0, 5e+15, 0, 2.48624196e-14, 3.718e+18, 6.44e+20, 4.85, 4, 160.177449, 19.4090846, 1.25944174, 1058157.41, 5.78911137e+17, 7.51438235e+09, 3.65726422e+12, 0.824291934, -158.461916, -162.058918, 5e+15, 1.36238849e+21, -1030689.25, 239534.49, 367.075732, 19.4090846, 82.6515412, 1.28078819, 1.25944174, 5e+15, 0.795457981, 0.0336401879, 0.105540608, 0.824811643, -0.0242004876, -0.776982738, -0.801690112, 0.0233666139, 0.170444196, 0.193925785, 0, 1.59816686e-08, 1.59816686e-08, 870885.965, 872021.174, 1072.27313, 0.27, 3.332, 62.9355688, -0.801183226, 0.19381081, 0, 1.49999997e+15, 0.00656676734, 0.114309034, 2e+18, 2.2497635e+16
10.9091797, 0, 0, 1.5e+15, 0, 2.48624196e-14, 3.718e+18, 6.44e+20, 4.85, 4, 160.177449, 19.4090846, 1.25944174, 1056991.75, 5.78911137e+17, 7.51438235e+09, 3.65726422e+12, 0.824291934, -158.461916, -162.058918, 1.5e+15, 1.36238849e+21, -1031348.12, 231414.411, 367.075732, 19.4090846, 82.6515412, 1.28078819, 1.25944174, 1.5e+15, 0.795457981, 0.0336401879, 0.105540608, 0.824811643, -0.0242004876, -0.776982738, -0.801690112, 0.0233666139, 0.170444196, 0.193925785, 0, 1.59816686e-08, 1.59816686e-08, 870885.965, 872021.174, 1072.27313, 0.27, 3.332, 62.9355688, -0.801183226, 0.19381081, 0, 1.49999997e+15, 0.00656676734, 0.114309034, 2e+18, 2.2497635e+16
10.9160156, 0, 0, 1.5e+15, 0, 2.48859768e-14, 3.718e+18, 6.44e+20, 4.85, 4, 160.88256, 19.3895807, 1.25944174, 1058000.74, 5.93352293e+17, 7.43874881e+09, 3.68793613e+12, 0.831405716, -159.167355, -162.764285, 1.5e+15, 1.34893921e+21, -1032397.19, 231347.346, 367.080267, 19.3895807, 82.756125, 1.28078819, 1.25944174, 1.5e+15, 0.802871097, 0.0332957303, 0.105596643, 0.831926622, -0.0239576046, -0.78426629, -0.808732422, 0.0231222585, 0.17183825, 0.195073768, 0, 1.5981949e-08, 1.5981949e-08, 879232.705, 880355.642, 1061.68476, 0.27, 3.332, 61.2525663, -0.808223895, 0.194960509, 0, 1.49999997e+15, 0.00667975509, 0.116155256, 2e+18, 2.20904637e+16
10.9160156, 0, 0, 5e+15, 0, 2.48859768e-14, 3.718e+18, 6.44e+20, 4.85, 4, 160.88256, 19.3895807, 1.25944174, 1059094.06, 5.93352293e+17, 7.43874881e+09, 3.68793613e+12, 0.831405716, -159.167355, -162.764285, 5e+15, 1.34893921e+21, -1031727.28, 239205.049, 367.080267, 19.3895807, 82.756125, 1.28078819, 1.25944174, 5e+15, 0.802871097, 0.0332957303, 0.105596643, 0.831926622, -0.0239576046, -0.78426629, -0.808732422, 0.0231222585, 0.17183825, 0.195073768, 0, 1.5981949e-08, 1.5981949e-08, 879232.705, 880355.642, 1061.68476, 0.27, 3.332, 61.2525663, -0.808223895, 0.194960509, 0, 1.49999997e+15, 0.00667975509, 0.116155256, 2e+18, 2.20904637e+16
10.9228516, 0, 0, 5e+15, 0, 2.49095314e-14, 3.718e+18, 6.44e+20, 4.85, 4, 161.58839, 19.3701132, 1.25944174, 1060031.79, 6.08096627e+17, 7.36346041e+09, 3.71867255e+12, 0.83854689, -159.873515, -163.470368, 5e+15, 1.33554248e+21, -1032765.08, 238880.086, 367.084797, 19.3701132, 82.8595203, 1.28078819, 1.25944174, 5e+15, 0.81031005, 0.0329530635, 0.105627728, 0.839068966, -0.0237158027, -0.791576336, -0.815802277, 0.0228793596, 0.173231874, 0.196222769, 0, 1.5982229e-08, 1.5982229e-08, 887621.747, 888732.381, 1051.12226, 0.27, 3.332, 59.5115076, -0.815292138, 0.196111234, 0, 1.49999997e+15, 0.00679381647, 0.118024119, 2e+18, 2.16901616e+16
10.9228516, 0, 0, 1.5e+15, 0, 2.49095314e-14, 3.718e+18, 6.44e+20, 4.85, 4, 161.58839, 19.3701132, 1.25944174, 1059007.19, 6.08096627e+17, 7.36346041e+09, 3.71867255e+12, 0.83854689, -159.873515, -163.470368, 1.5e+15, 1.33554248e+21, -1033444.42, 231276.573, 367.084797, 19.3701132, 82.8595203, 1.28078819, 1.25944174, 1.5e+15, 0.81031005, 0.0329530635, 0.105627728, 0.839068966, -0.0237158027, -0.791576336, -0.815802277, 0.0228793596, 0.173231874, 0.196222769, 0, 1.5982229e-08, 1.5982229e-08, 887621.747, 888732.381, 1051.12226, 0.27, 3.332, 59.5115076, -0.815292138, 0.196111234, 0, 1.49999997e+15, 0.00679381647, 0.118024119, 2e+18, 2.16901616e+16
10.9296875, 0, 0, 1.5e+15, 0, 2.49330827e-14, 3.718e+18, 6.44e+20, 4.85, 4, 162.294917, 19.3506954, 1.25944174, 1060010.85, 6.23144428e+17, 7.288535e+09, 3.74947287e+12, 0.845715074, -160.580375, -164.177149, 1.5e+15, 1.32220166e+21, -1034489.44, 231202.54, 367.089322, 19.3506954, 82.961825, 1.28078819, 1.25944174, 1.5e+15, 0.817774393, 0.0326122559, 0.105634558, 0.846238293, -0.0234751325, -0.79891237, -0.822899225, 0.0226379635, 0.174625266, 0.197373033, 0, 1.59825088e-08, 1.59825088e-08, 896052.326, 897150.641, 1040.60026, 0.27, 3.332, 57.7145508, -0.822387503, 0.197263229, 0, 1.49999997e+15, 0.00690891894, 0.119915105, 2e+18, 2.12968834e+16
10.9296875, 0, 0, 5e+15, 0, 2.49330827e-14, 3.718e+18, 6.44e+20, 4.85, 4, 162.294917, 19.3506954, 1.25944174, 1060969.89, 6.23144428e+17, 7.288535e+09, 3.74947287e+12, 0.845715074, -160.580375, -164.177149, 5e+15, 1.32220166e+21, -1033802.02, 238559.219, 367.089322, 19.3506954, 82.961825, 1.28078819, 1.25944174, 5e+15, 0.817774393, 0.0326122559, 0.105634558, 0.846238293, -0.0234751325, -0.79891237, -0.822899225, 0.0226379635, 0.174625266, 0.197373033, 0, 1.59825088e-08, 1.59825088e-08, 896052.326, 897150.641, 1040.60026, 0.27, 3.332, 57.7145508, -0.822387503, 0.197263229, 0, 1.49999997e+15, 0.00690891894, 0.119915105, 2e+18, 2.12968834e+16
10.9365234, 0, 0, 5e+15, 0, 2.49566308e-14, 3.718e+18, 6.44e+20, 4.85, 4, 163.002152, 19.3313374, 1.25944174, 1061907.83, 6.38496848e+17, 7.21398804e+09, 3.78033639e+12, 0.852909881, -161.287943, -164.884635, 5e+15, 1.30891978e+21, -1034837.62, 238242.165, 367.093843, 19.3313374, 83.063116, 1.28078819, 1.25944174, 5e+15, 0.825263675, 0.0322733738, 0.105617731, 0.853434218, -0.0232356499, -0.806273891, -0.83002282, 0.0223981078, 0.176018595, 0.198524768, 0, 1.59827883e-08, 1.59827883e-08, 904523.745, 905609.732, 1030.123, 0.27, 3.332, 55.8643451, -0.829509541, 0.198416703, 0, 1.49999997e+15, 0.00702505781, 0.12182783, 2e+18, 2.09105674e+16
10.9365234, 0, 0, 1.5e+15, 0, 2.49566308e-14, 3.718e+18, 6.44e+20, 4.85, 4, 163.002152, 19.3313374, 1.25944174, 1061011.56, 6.38496848e+17, 7.21398804e+09, 3.78033639e+12, 0.852909881, -161.287943, -164.884635, 1.5e+15, 1.30891978e+21, -1035531.97, 231125.62, 367.093843, 19.3313374, 83.063116, 1.28078819, 1.25944174, 1.5e+15, 0.825263675, 0.0322733738, 0.105617731, 0.853434218, -0.0232356499, -0.806273891, -0.83002282, 0.0223981078, 0.176018595, 0.198524768, 0, 1.59827883e-08, 1.59827883e-08, 904523.745, 905609.732, 1030.123, 0.27, 3.332, 55.8643451, -0.829509541, 0.198416703, 0, 1.49999997e+15, 0.00702505781, 0.12182783, 2e+18, 2.09105674e+16
10.9433594, 0, 0, 1.5e+15, 0, 2.49801761e-14, 3.718e+18, 6.44e+20, 4.85, 4, 163.710104, 19.3120467, 1.25944174, 1062009.18, 6.54155737e+17, 7.13983519e+09, 3.81126311e+12, 0.860131062, -161.99623, -165.592836, 1.5e+15, 1.29569992e+21, -1036571.84, 231046.132, 367.098359, 19.3120467, 83.1634515, 1.28078819, 1.25944174, 1.5e+15, 0.83277758, 0.0319364798, 0.105577777, 0.860656491, -0.022997407, -0.813660535, -0.837172752, 0.0221598288, 0.17741204, 0.199678187, 0, 1.59830675e-08, 1.59830675e-08, 913035.517, 914109.166, 1019.69394, 0.27, 3.332, 53.955533, -0.836657942, 0.199571868, 0, 1.49999997e+15, 0.00714222861, 0.123762021, 2e+18, 2.05311335e+16
10.9433594, 0, 0, 5e+15, 0, 2.49801761e-14, 3.718e+18, 6.44e+20, 4.85, 4, 163.710104, 19.3120467, 1.25944174, 1062845.18, 6.54155737e+17, 7.13983519e+09, 3.81126311e+12, 0.860131062, -161.99623, -165.592836, 5e+15, 1.29569992e+21, -1035871.52, 237928.702, 367.098359, 19.3120467, 83.1634515, 1.28078819, 1.25944174, 5e+15, 0.83277758, 0.0319364798, 0.105577777, 0.860656491, -0.022997407, -0.813660535, -0.837172752, 0.0221598288, 0.17741204, 0.199678187, 0, 1.59830675e-08, 1.59830675e-08, 913035.517, 914109.166, 1019.69394, 0.27, 3.332, 53.955533, -0.836657942, 0.199571868, 0, 1.49999997e+15, 0.00714222861, 0.123762021, 2e+18, 2.05311335e+16
10.9501954, 0, 0, 5e+15, 0, 2.50037182e-14, 3.718e+18, 6.44e+20, 4.85, 4, 164.418761, 19.2928291, 1.25944174, 1063781.62, 6.70123301e+17, 7.06609216e+09, 3.84225258e+12, 0.867378429, -162.705224, -166.301741, 5e+15, 1.28254517e+21, -1036903.42, 237618.663, 367.10287, 19.2928291, 83.2628734, 1.28078819, 1.25944174, 5e+15, 0.840315868, 0.0316016342, 0.105515173, 0.867904926, -0.0227604537, -0.821072022, -0.844348789, 0.021923162, 0.17880574, 0.200833469, 0, 1.59833464e-08, 1.59833464e-08, 921587.279, 922648.582, 1009.31617, 0.27, 3.332, 51.9874351, -0.843832476, 0.200728902, 0, 1.49999997e+15, 0.00726042839, 0.125717472, 2e+18, 2.01584978e+16
10.9501954, 0, 0, 1.5e+15, 0, 2.50037182e-14, 3.718e+18, 6.44e+20, 4.85, 4, 164.418761, 19.2928291, 1.25944174, 1063003.62, 6.70123301e+17, 7.06609216e+09, 3.84225258e+12, 0.867378429, -162.705224, -166.301741, 1.5e+15, 1.28254517e+21, -1037608.87, 230964.35, 367.10287, 19.2928291, 83.2628734, 1.28078819, 1.25944174, 1.5e+15, 0.840315868, 0.0316016342, 0.105515173, 0.867904926, -0.0227604537, -0.821072022, -0.844348789, 0.021923162, 0.17880574, 0.200833469, 0, 1.59833464e-08, 1.59833464e-08, 921587.279, 922648.582, 1009.31617, 0.27, 3.332, 51.9874351, -0.843832476, 0.200728902, 0, 1.49999997e+15, 0.00726042839, 0.125717472, 2e+18, 2.01584978e+16
10.9570313, 0, 0, 1.5e+15, 0, 2.50272566e-14, 3.718e+18, 6.44e+20, 4.85, 4, 165.128111, 19.2736896, 1.25944174, 1063994.81, 6.86402006e+17, 6.99277245e+09, 3.87330388e+12, 0.874651658, -163.414913, -167.011338, 1.5e+15, 1.26945822e+21, -1038642.94, 230880.506, 367.107376, 19.2736896, 83.3614137, 1.28078819, 1.25944174, 1.5e+15, 0.847878165, 0.0312688834, 0.105430345, 0.875179197, -0.022524832, -0.828507953, -0.851550575, 0.0216881307, 0.180199763, 0.201990702, 0, 1.5983625e-08, 1.5983625e-08, 930178.557, 931227.512, 998.991825, 0.27, 3.332, 49.963309, -0.851032785, 0.201887894, 0, 1.49999997e+15, 0.00737966505, 0.127694045, 2e+18, 1.9792563e+16
10.9570313, 0, 0, 5e+15, 0, 2.50272566e-14, 3.718e+18, 6.44e+20, 4.85, 4, 165.128111, 19.2736896, 1.25944174, 1064716.87, 6.86402006e+17, 6.99277245e+09, 3.87330388e+12, 0.874651658, -163.414913, -167.011338, 5e+15, 1.26945822e+21, -1037933.07, 237311.92, 367.107376, 19.2736896, 83.3614137, 1.28078819, 1.25944174, 5e+15, 0.847878165, 0.0312688834, 0.105430345, 0.875179197, -0.022524832, -0.828507953, -0.851550575, 0.0216881307, 0.180199763, 0.201990702, 0, 1.5983625e-08, 1.5983625e-08, 930178.557, 931227.512, 998.991825, 0.27, 3.332, 49.963309, -0.851032785, 0.201887894, 0, 1.49999997e+15, 0.00737966505, 0.127694045, 2e+18, 1.9792563e+16
10.9638672, 0, 0, 5e+15, 0, 2.50507916e-14, 3.718e+18, 6.44e+20, 4.85, 4, 165.838163, 19.2546315, 1.25944174, 1065650.72, 7.02994844e+17, 6.91988786e+09, 3.90441649e+12, 0.881950558, -164.125305, -167.721636, 5e+15, 1.25644145e+21, -1038960.29, 237008.366, 367.111877, 19.2546315, 83.4591, 1.28078819, 1.25944174, 5e+15, 0.855464233, 0.0309382743, 0.105323682, 0.882479113, -0.0222905865, -0.835968058, -0.858777886, 0.0214547563, 0.181594215, 0.203150015, 0, 1.59839033e-08, 1.59839033e-08, 938809.048, 939845.653, 988.722787, 0.27, 3.332, 47.881756, -0.858258645, 0.203048972, 0, 1.49999997e+15, 0.00749995909, 0.129691647, 2e+18, 1.94332257e+16
10.9638672, 0, 0, 1.5e+15, 0, 2.50507916e-14, 3.718e+18, 6.44e+20, 4.85, 4, 165.838163, 19.2546315, 1.25944174, 1064982.73, 7.02994844e+17, 6.91988786e+09, 3.90441649e+12, 0.881950558, -164.125305, -167.721636, 1.5e+15, 1.25644145e+21, -1039673.97, 230794.8, 367.111877, 19.2546315, 83.4591, 1.28078819, 1.25944174, 1.5e+15, 0.855464233, 0.0309382743, 0.105323682, 0.882479113, -0.0222905865, -0.835968058, -0.858777886, 0.0214547563, 0.181594215, 0.203150015, 0, 1.59839033e-08, 1.59839033e-08, 938809.048, 939845.653, 988.722787, 0.27, 3.332, 47.881756, -0.858258645, 0.203048972, 0, 1.49999997e+15, 0.00749995909, 0.129691647, 2e+18, 1.94332257e+16
10.9707031, 0, 0, 1.5e+15, 0, 2.50743232e-14, 3.718e+18, 6.44e+20, 4.85, 4, 166.548916, 19.2356574, 1.25944174, 1065967.35, 7.19905145e+17, 6.84744905e+09, 3.93559002e+12, 0.889274972, -164.8364, -168.432632, 1.5e+15, 1.24349704e+21, -1040701.92, 230707.406, 367.116374, 19.2356574, 83.555953, 1.28078819, 1.25944174, 1.5e+15, 0.86307388, 0.0306098407, 0.105195536, 0.889804519, -0.0220577502, -0.843452123, -0.866030537, 0.0212230536, 0.182989175, 0.204311503, 0, 1.59841813e-08, 1.59841813e-08, 947478.528, 948502.78, 978.510941, 0.27, 3.332, 45.7415789, -0.865509873, 0.204212229, 0, 1.49999997e+15, 0.00762132316, 0.131710264, 2e+18, 1.90803852e+16
10.9707031, 0, 0, 5e+15, 0, 2.50743232e-14, 3.718e+18, 6.44e+20, 4.85, 4, 166.548916, 19.2356574, 1.25944174, 1066583.01, 7.19905145e+17, 6.84744905e+09, 3.93559002e+12, 0.889274972, -164.8364, -168.432632, 5e+15, 1.24349704e+21, -1039984.95, 236707.913, 367.116374, 19.2356574, 83.555953, 1.28078819, 1.25944174, 5e+15, 0.86307388, 0.0306098407, 0.105195536, 0.889804519, -0.0220577502, -0.843452123, -0.866030537, 0.0212230536, 0.182989175, 0.204311503, 0, 1.59841813e-08, 1.59841813e-08, 947478.528, 948502.78, 978.510941, 0.27, 3.332, 45.7415789, -0.865509873, 0.204212229, 0, 1.49999997e+15, 0.00762132316, 0.131710264, 2e+18, 1.90803852e+16
10.9775391, 0, 0, 5e+15, 0, 2.50978517e-14, 3.718e+18, 6.44e+20, 4.85, 4, 167.260378, 19.2167689, 1.25944174, 1067513.63, 7.37136355e+17, 6.77546657e+09, 3.96682396e+12, 0.8966247, -165.548204, -169.144336, 5e+15, 1.23062713e+21, -1041006.94, 236410.486, 367.120866, 19.2167689, 83.6519908, 1.28078819, 1.25944174, 5e+15, 0.870706864, 0.0302836247, 0.105046231, 0.897155212, -0.0218263634, -0.850959874, -0.873308297, 0.0209930414, 0.184384747, 0.205475287, 0, 1.5984459e-08, 1.5984459e-08, 956186.722, 957198.621, 968.357974, 0.27, 3.332, 43.5408811, -0.872786238, 0.205377788, 0, 1.49999997e+15, 0.00774378176, 0.133749869, 2e+18, 1.87339396e+16
10.9775391, 0, 0, 1.5e+15, 0, 2.50978517e-14, 3.718e+18, 6.44e+20, 4.85, 4, 167.260378, 19.2167689, 1.25944174, 1066948.69, 7.37136355e+17, 6.77546657e+09, 3.96682396e+12, 0.8966247, -165.548204, -169.144336, 1.5e+15, 1.23062713e+21, -1041726.75, 230618.475, 367.120866, 19.2167689, 83.6519908, 1.28078819, 1.25944174, 1.5e+15, 0.870706864, 0.0302836247, 0.105046231, 0.897155212, -0.0218263634, -0.850959874, -0.873308297, 0.0209930414, 0.184384747, 0.205475287, 0, 1.5984459e-08, 1.5984459e-08, 956186.722, 957198.621, 968.357974, 0.27, 3.332, 43.5408811, -0.872786238, 0.205377788, 0, 1.49999997e+15, 0.00774378176, 0.133749869, 2e+18, 1.87339396e+16
10.984375, 0, 0, 1.5e+15, 0, 2.51213762e-14, 3.718e+18, 6.44e+20, 4.85, 4, 167.972526, 19.1979674, 1.25944174, 1067926.73, 7.54691999e+17, 6.70394978e+09, 3.99811708e+12, 0.903999493, -166.260697, -169.856725, 1.5e+15, 1.21783366e+21, -1042748.43, 230528.137, 367.125353, 19.1979674, 83.7472246, 1.28078819, 1.25944174, 1.5e+15, 0.878362909, 0.0299596514, 0.10487606, 0.904530945, -0.021596451, -0.858491022, -0.880610901, 0.0207647301, 0.185780961, 0.20664141, 0, 1.59847364e-08, 1.59847364e-08, 964933.349, 965932.897, 958.265306, 0.27, 3.332, 41.2820809, -0.880087473, 0.206545691, 0, 1.49999997e+15, 0.00786734768, 0.135810508, 2e+18, 1.83937877e+16
10.984375, 0, 0, 5e+15, 0, 2.51213762e-14, 3.718e+18, 6.44e+20, 4.85, 4, 167.972526, 19.1979674, 1.25944174, 1068442.47, 7.54691999e+17, 6.70394978e+09, 3.99811708e+12, 0.903999493, -166.260697, -169.856725, 5e+15, 1.21783366e+21, -1042026.17, 236116.028, 367.125353, 19.1979674, 83.7472246, 1.28078819, 1.25944174, 5e+15, 0.878362909, 0.0299596514, 0.10487606, 0.904530945, -0.021596451, -0.858491022, -0.880610901, 0.0207647301, 0.185780961, 0.20664141, 0, 1.59847364e-08, 1.59847364e-08, 964933.349, 965932.897, 958.265306, 0.27, 3.332, 41.2820809, -0.880087473, 0.206545691, 0, 1.49999997e+15, 0.00786734768, 0.135810508, 2e+18, 1.83937877e+16
10.9912109, 0, 0, 5e+15, 0, 2.5144897e-14, 3.718e+18, 6.44e+20, 4.85, 4, 168.685369, 19.179254, 1.25944174, 1069369.45, 7.72575761e+17, 6.63290539e+09, 4.02946786e+12, 0.911398954, -166.973885, -170.569807, 5e+15, 1.20511808e+21, -1043042.58, 235824.486, 367.129835, 19.179254, 83.8416672, 1.28078819, 1.25944174, 5e+15, 0.886041594, 0.0296379442, 0.10468529, 0.911931322, -0.0213680414, -0.866045126, -0.887937937, 0.0205381241, 0.187177847, 0.207809904, 0, 1.59850136e-08, 1.59850136e-08, 973717.962, 974705.165, 948.234, 0.27, 3.332, 38.9691747, -0.887413167, 0.207715971, 0, 1.49999997e+15, 0.00799205569, 0.137892221, 2e+18, 1.80598249e+16
10.9912109, 0, 0, 1.5e+15, 0, 2.5144897e-14, 3.718e+18, 6.44e+20, 4.85, 4, 168.685369, 19.179254, 1.25944174, 1068901.52, 7.72575761e+17, 6.63290539e+09, 4.02946786e+12, 0.911398954, -166.973885, -170.569807, 1.5e+15, 1.20511808e+21, -1043766.96, 230436.508, 367.129835, 19.179254, 83.8416672, 1.28078819, 1.25944174, 1.5e+15, 0.886041594, 0.0296379442, 0.10468529, 0.911931322, -0.0213680414, -0.866045126, -0.887937937, 0.0205381241, 0.187177847, 0.207809904, 0, 1.59850136e-08, 1.59850136e-08, 973717.962, 974705.165, 948.234, 0.27, 3.332, 38.9691747, -0.887413167, 0.207715971, 0, 1.49999997e+15, 0.00799205569, 0.137892221, 2e+18, 1.80598249e+16
10.9980469, 0, 0, 1.5e+15, 0, 2.51684145e-14, 3.718e+18, 6.44e+20, 4.85, 4, 169.398916, 19.1606289, 1.25944174, 1069873.07, 7.90791496e+17, 6.56234009e+09, 4.06087505e+12, 0.918822671, -167.687779, -171.283591, 1.5e+15, 1.19248181e+21, -1044782.36, 230343.684, 367.134313, 19.1606289, 83.9353301, 1.28078819, 1.25944174, 1.5e+15, 0.893742481, 0.0293185238, 0.104474164, 0.919355928, -0.0211411582, -0.873621726, -0.895288968, 0.0203132288, 0.188575454, 0.208980827, 0, 1.59852904e-08, 1.59852904e-08, 982540.111, 983514.975, 938.265143, 0.27, 3.332, 36.5988555, -0.894762885, 0.208888683, 0, 1.49999997e+15, 0.00811793229, 0.13999508, 2e+18, 1.77319483e+16
10.9980469, 0, 0, 5e+15, 0, 2.51684145e-14, 3.718e+18, 6.44e+20, 4.85, 4, 169.398916, 19.1606289, 1.25944174, 1070294.52, 7.90791496e+17, 6.56234009e+09, 4.06087505e+12, 0.918822671, -167.687779, -171.283591, 5e+15, 1.19248181e+21, -1044056.15, 235535.809, 367.134313, 19.1606289, 83.9353301, 1.28078819, 1.25944174, 5e+15, 0.893742481, 0.0293185238, 0.104474164, 0.919355928, -0.0211411582, -0.873621726, -0.895288968, 0.0203132288, 0.188575454, 0.208980827, 0, 1.59852904e-08, 1.59852904e-08, 982540.111, 983514.975, 938.265143, 0.27, 3.332, 36.5988555, -0.894762885, 0.208888683, 0, 1.49999997e+15, 0.00811793229, 0.13999508, 2e+18, 1.77319483e+16
11.0048829, 0, 0, 5e+15, 0, 2.51919282e-14, 3.718e+18, 6.44e+20, 4.85, 4, 170.113153, 19.1420922, 1.25944174, 1071217.65, 8.0934292e+17, 6.49226056e+09, 4.09233637e+12, 0.926270125, -168.402364, -171.998065, 5e+15, 1.1799263e+21, -1045066.84, 235249.956, 367.138786, 19.1420922, 84.0282206, 1.28078819, 1.25944174, 5e+15, 0.901465032, 0.0290014097, 0.104242898, 0.926804245, -0.0209158222, -0.881220266, -0.902663458, 0.020090051, 0.189973804, 0.210154205, 0, 1.59855669e-08, 1.59855669e-08, 991399.246, 992361.779, 928.359835, 0.27, 3.332, 34.1735502, -0.902136088, 0.210063855, 0, 1.49999997e+15, 0.00824499843, 0.142119174, 2e+18, 1.74100615e+16
11.0048829, 0, 0, 1.5e+15, 0, 2.51919282e-14, 3.718e+18, 6.44e+20, 4.85, 4, 170.113153, 19.1420922, 1.25944174, 1070841.42, 8.0934292e+17, 6.49226056e+09, 4.09233637e+12, 0.926270125, -168.402364, -171.998065, 1.5e+15, 1.1799263e+21, -1045794.63, 230249.755, 367.138786, 19.1420922, 84.0282206, 1.28078819, 1.25944174, 1.5e+15, 0.901465032, 0.0290014097, 0.104242898, 0.926804245, -0.0209158222, -0.881220266, -0.902663458, 0.020090051, 0.189973804, 0.210154205, 0, 1.59855669e-08, 1.59855669e-08, 991399.246, 992361.779, 928.359835, 0.27, 3.332, 34.1735502, -0.902136088, 0.210063855, 0, 1.49999997e+15, 0.00824499843, 0.142119174, 2e+18, 1.74100615e+16
11.0117188, 0, 0, 1.5e+15, 0, 2.52154376e-14, 3.718e+18, 6.44e+20, 4.85, 4, 170.828069, 19.1236441, 1.25944174, 1071806.6, 8.28233539e+17, 6.42267151e+09, 4.12384838e+12, 0.93374045, -169.117629, -172.713215, 1.5e+15, 1.16745261e+21, -1046803.79, 230154.796, 367.143254, 19.1236441, 84.1203453, 1.28078819, 1.25944174, 1.5e+15, 0.909208369, 0.0286866104, 0.103991686, 0.934275408, -0.0206920472, -0.88883986, -0.910060536, 0.0198685882, 0.191372835, 0.211329976, 0, 1.59858432e-08, 1.59858432e-08, 1000294.45, 1001244.67, 918.518899, 0.27, 3.332, 31.7007288, -0.909531907, 0.211241424, 0, 1.49999997e+15, 0.00837328208, 0.144264602, 2e+18, 1.70940698e+16
11.0117188, 0, 0, 5e+15, 0, 2.52154376e-14, 3.718e+18, 6.44e+20, 4.85, 4, 170.828069, 19.1236441, 1.25944174, 1072138.79, 8.28233539e+17, 6.42267151e+09, 4.12384838e+12, 0.93374045, -169.117629, -172.713215, 5e+15, 1.16745261e+21, -1046074.63, 234966.892, 367.143254, 19.1236441, 84.1203453, 1.28078819, 1.25944174, 5e+15, 0.909208369, 0.0286866104, 0.103991686, 0.934275408, -0.0206920472, -0.88883986, -0.910060536, 0.0198685882, 0.191372835, 0.211329976, 0, 1.59858432e-08, 1.59858432e-08, 1000294.45, 1001244.67, 918.518899, 0.27, 3.332, 31.7007288, -0.909531907, 0.211241424, 0, 1.49999997e+15, 0.00837328208, 0.144264602, 2e+18, 1.70940698e+16
11.0185547, 0, 0, 5e+15, 0, 2.52389432e-14, 3.718e+18, 6.44e+20, 4.85, 4, 171.543672, 19.1052844, 1.25944174, 1073057.92, 8.47466978e+17, 6.35357622e+09, 4.15540722e+12, 0.941232702, -169.833583, -173.429052, 5e+15, 1.15506154e+21, -1047079.52, 234686.579, 367.147717, 19.1052844, 84.2117127, 1.28078819, 1.25944174, 5e+15, 0.916971533, 0.0283741365, 0.103720699, 0.941768472, -0.0204698501, -0.89647953, -0.917479242, 0.0196488386, 0.19277252, 0.212508109, 0, 1.59861191e-08, 1.59861191e-08, 1009224.71, 1010162.63, 908.742963, 0.27, 3.332, 29.1840378, -0.91694938, 0.212421358, 0, 1.49999997e+15, 0.00850282183, 0.146431468, 2e+18, 1.67838778e+16
11.0185547, 0, 0, 1.5e+15, 0, 2.52389432e-14, 3.718e+18, 6.44e+20, 4.85, 4, 171.543672, 19.1052844, 1.25944174, 1072768.66, 8.47466978e+17, 6.35357622e+09, 4.15540722e+12, 0.941232702, -169.833583, -173.429052, 1.5e+15, 1.15506154e+21, -1047809.87, 230058.87, 367.147717, 19.1052844, 84.2117127, 1.28078819, 1.25944174, 1.5e+15, 0.916971533, 0.0283741365, 0.103720699, 0.941768472, -0.0204698501, -0.89647953, -0.917479242, 0.0196488386, 0.19277252, 0.212508109, 0, 1.59861191e-08, 1.59861191e-08, 1009224.71, 1010162.63, 908.742963, 0.27, 3.332, 29.1840378, -0.91694938, 0.212421358, 0, 1.49999997e+15, 0.00850282183, 0.146431468, 2e+18, 1.67838778e+16
11.0253906, 0, 0, 1.5e+15, 0, 2.52624448e-14, 3.718e+18, 6.44e+20, 4.85, 4, 172.25996, 19.0870125, 1.25944174, 1073727.65, 8.67046757e+17, 6.28497719e+09, 4.18700814e+12, 0.948745702, -170.550223, -174.145571, 1.5e+15, 1.14275376e+21, -1048812.91, 229962.03, 367.152175, 19.0870125, 84.3023296, 1.28078819, 1.25944174, 1.5e+15, 0.924753342, 0.028063988, 0.103430083, 0.949282259, -0.020249237, -0.904138084, -0.924918388, 0.0194307957, 0.194172781, 0.213688521, 0, 1.59863948e-08, 1.59863948e-08, 1018188.79, 1019114.45, 899.032539, 0.27, 3.332, 26.6285138, -0.924387321, 0.213603576, 0, 1.49999998e+15, 0.00863364203, 0.148619928, 2e+18, 1.64793931e+16
11.0253906, 0, 0, 5e+15, 0, 2.52624448e-14, 3.718e+18, 6.44e+20, 4.85, 4, 172.25996, 19.0870125, 1.25944174, 1073975.06, 8.67046757e+17, 6.28497719e+09, 4.18700814e+12, 0.948745702, -170.550223, -174.145571, 5e+15, 1.14275376e+21, -1048081.51, 234408.982, 367.152175, 19.0870125, 84.3023296, 1.28078819, 1.25944174, 5e+15, 0.924753342, 0.028063988, 0.103430083, 0.949282259, -0.020249237, -0.904138084, -0.924918388, 0.0194307957, 0.194172781, 0.213688521, 0, 1.59863948e-08, 1.59863948e-08, 1018188.79, 1019114.45, 899.032539, 0.27, 3.332, 26.6285138, -0.924387321, 0.213603576, 0, 1.49999998e+15, 0.00863364203, 0.148619928, 2e+18, 1.64793931e+16
11.0322266, 0, 0, 5e+15, 0, 2.52859427e-14, 3.718e+18, 6.44e+20, 4.85, 4, 172.976942, 19.0688279, 1.25944174, 1074890.18, 8.86976007e+17, 6.21687715e+09, 4.21864502e+12, 0.956277931, -171.267558, -174.862783, 5e+15, 1.13052995e+21, -1049080.61, 234134.065, 367.156629, 19.0688279, 84.3922033, 1.28078819, 1.25944174, 5e+15, 0.932552263, 0.027756175, 0.103119962, 0.95681525, -0.0200302225, -0.911813968, -0.932376435, 0.0192144591, 0.195573542, 0.214871137, 0, 1.59866702e-08, 1.59866702e-08, 1027185.07, 1028098.49, 889.388172, 0.27, 3.332, 24.0398335, -0.93184419, 0.214788001, 0, 1.49999998e+15, 0.00876577829, 0.150830088, 2e+18, 1.61805298e+16
11.0322266, 0, 0, 1.5e+15, 0, 2.52859427e-14, 3.718e+18, 6.44e+20, 4.85, 4, 172.976942, 19.0688279, 1.25944174, 1074683.6, 8.86976007e+17, 6.21687715e+09, 4.21864502e+12, 0.956277931, -171.267558, -174.862783, 1.5e+15, 1.13052995e+21, -1049812.95, 229864.322, 367.156629, 19.0688279, 84.3922033, 1.28078819, 1.25944174, 1.5e+15, 0.932552263, 0.027756175, 0.103119962, 0.95681525, -0.0200302225, -0.911813968, -0.932376435, 0.0192144591, 0.195573542, 0.214871137, 0, 1.59866702e-08, 1.59866702e-08, 1027185.07, 1028098.49, 889.388172, 0.27, 3.332, 24.0398335, -0.93184419, 0.214788001, 0, 1.49999998e+15, 0.00876577829, 0.150830088, 2e+18, 1.61805298e+16
11.0390625, 0, 0, 1.5e+15, 0, 2.53094361e-14, 3.718e+18, 6.44e+20, 4.85, 4, 173.694594, 19.05073, 1.25944174, 1075636.57, 9.07257378e+17, 6.1492781e+09, 4.25030963e+12, 0.963827453, -171.985564, -175.580664, 1.5e+15, 1.11839066e+21, -1050810.03, 229765.785, 367.161077, 19.05073, 84.4813372, 1.28078819, 1.25944174, 1.5e+15, 0.940366361, 0.0274506937, 0.102790432, 0.964365508, -0.0198128074, -0.919505244, -0.939851447, 0.0189998223, 0.196974616, 0.216055761, 0, 1.59869452e-08, 1.59869452e-08, 1036211.48, 1037112.72, 879.81031, 0.27, 3.332, 21.4297588, -0.939318051, 0.215974438, 0, 1.49999998e+15, 0.00889924782, 0.153062119, 2e+18, 1.58872089e+16
11.0390625, 0, 0, 5e+15, 0, 2.53094361e-14, 3.718e+18, 6.44e+20, 4.85, 4, 173.694594, 19.05073, 1.25944174, 1075803.29, 9.07257378e+17, 6.1492781e+09, 4.25030963e+12, 0.963827453, -171.985564, -175.580664, 5e+15, 1.11839066e+21, -1050076.84, 233861.803, 367.161077, 19.05073, 84.4813372, 1.28078819, 1.25944174, 5e+15, 0.940366361, 0.0274506937, 0.102790432, 0.964365508, -0.0198128074, -0.919505244, -0.939851447, 0.0189998223, 0.196974616, 0.216055761, 0, 1.59869452e-08, 1.59869452e-08, 1036211.48, 1037112.72, 879.81031, 0.27, 3.332, 21.4297588, -0.939318051, 0.215974438, 0, 1.49999998e+15, 0.00889924782, 0.153062119, 2e+18, 1.58872089e+16
11.0458984, 0, 0, 5e+15, 0, 2.53329253e-14, 3.718e+18, 6.44e+20, 4.85, 4, 174.412925, 19.0327183, 1.25944174, 1076714.38, 9.2789307e+17, 6.08217996e+09, 4.28199171e+12, 0.971391772, -172.704251, -176.299222, 5e+15, 1.10633607e+21, -1051070.2, 233592.166, 367.165521, 19.0327183, 84.5697378, 1.28078819, 1.25944174, 5e+15, 0.948193136, 0.027147541, 0.102441572, 0.971930538, -0.0195969974, -0.927209404, -0.947340921, 0.0187868751, 0.198375767, 0.217242149, 0, 1.598722e-08, 1.598722e-08, 1045265.34, 1046154.46, 870.299108, 0.27, 3.332, 18.8134759, -0.946806401, 0.217162642, 0, 1.49999998e+15, 0.0090340919, 0.155316152, 2e+18, 1.55993534e+16
11.0458984, 0, 0, 1.5e+15, 0, 2.53329253e-14, 3.718e+18, 6.44e+20, 4.85, 4, 174.412925, 19.0327183, 1.25944174, 1076586.61, 9.2789307e+17, 6.08217996e+09, 4.28199171e+12, 0.971391772, -172.704251, -176.299222, 1.5e+15, 1.10633607e+21, -1051804.19, 229666.443, 367.165521, 19.0327183, 84.5697378, 1.28078819, 1.25944174, 1.5e+15, 0.948193136, 0.027147541, 0.102441572, 0.971930538, -0.0195969974, -0.927209404, -0.947340921, 0.0187868751, 0.198375767, 0.217242149, 0, 1.598722e-08, 1.598722e-08, 1045265.34, 1046154.46, 870.299108, 0.27, 3.332, 18.8134759, -0.946806401, 0.217162642, 0, 1.49999998e+15, 0.0090340919, 0.155316152, 2e+18, 1.55993534e+16
11.0527344, 0, 0, 1.5e+15, 0, 2.53564107e-14, 3.718e+18, 6.44e+20, 4.85, 4, 175.131944, 19.014792, 1.25944174, 1077533.76, 9.48884769e+17, 6.01558302e+09, 4.31367928e+12, 0.978967888, -173.423627, -177.018467, 1.5e+15, 1.09436641e+21, -1052795.48, 229566.317, 367.16996, 19.014792, 84.6574113, 1.28078819, 1.25944174, 1.5e+15, 0.956029588, 0.026846713, 0.102073434, 0.97950734, -0.0193827947, -0.934923436, -0.954841848, 0.0185756094, 0.199776728, 0.218430025, 0, 1.59874945e-08, 1.59874945e-08, 1054343.44, 1055220.49, 860.854788, 0.27, 3.332, 16.2006595, -0.954306231, 0.218352337, 0, 1.49999998e+15, 0.00917033938, 0.157592339, 2e+18, 1.53168928e+16
11.0527344, 0, 0, 5e+15, 0, 2.53564107e-14, 3.718e+18, 6.44e+20, 4.85, 4, 175.131944, 19.014792, 1.25944174, 1077623.48, 9.48884769e+17, 6.01558302e+09, 4.31367928e+12, 0.978967888, -173.423627, -177.018467, 5e+15, 1.09436641e+21, -1052060.71, 233325.124, 367.16996, 19.014792, 84.6574113, 1.28078819, 1.25944174, 5e+15, 0.956029588, 0.026846713, 0.102073434, 0.97950734, -0.0193827947, -0.934923436, -0.954841848, 0.0185756094, 0.199776728, 0.218430025, 0, 1.59874945e-08, 1.59874945e-08, 1054343.44, 1055220.49, 860.854788, 0.27, 3.332, 16.2006595, -0.954306231, 0.218352337, 0, 1.49999998e+15, 0.00917033938, 0.157592339, 2e+18, 1.53168928e+16
11.0595704, 0, 0, 5e+15, 0, 2.53798917e-14, 3.718e+18, 6.44e+20, 4.85, 4, 175.851638, 18.9969503, 1.25944174, 1078530.58, 9.70233173e+17, 5.94948806e+09, 4.34535702e+12, 0.986552131, -174.143679, -177.738385, 5e+15, 1.08248197e+21, -1053048.41, 233060.651, 367.174395, 18.9969503, 84.7443606, 1.28078819, 1.25944174, 5e+15, 0.963872044, 0.026548207, 0.101686043, 0.987092244, -0.0191702006, -0.942643666, -0.962350553, 0.0183660204, 0.201177128, 0.219619014, 0, 1.59877686e-08, 1.59877686e-08, 1063441.79, 1064306.88, 851.477639, 0.27, 3.332, 13.609348, -0.961813866, 0.219543149, 0, 1.49999998e+15, 0.00930800987, 0.159890832, 2e+18, 1.50397684e+16
11.0595704, 0, 0, 1.5e+15, 0, 2.53798917e-14, 3.718e+18, 6.44e+20, 4.85, 4, 175.851638, 18.9969503, 1.25944174, 1078478.07, 9.70233173e+17, 5.94948806e+09, 4.34535702e+12, 0.986552131, -174.143679, -177.738385, 1.5e+15, 1.08248197e+21, -1053783.93, 229465.417, 367.174395, 18.9969503, 84.7443606, 1.28078819, 1.25944174, 1.5e+15, 0.963872044, 0.026548207, 0.101686043, 0.987092244, -0.0191702006, -0.942643666, -0.962350553, 0.0183660204, 0.201177128, 0.219619014, 0, 1.59877686e-08, 1.59877686e-08, 1063441.79, 1064306.88, 851.477639, 0.27, 3.332, 13.609348, -0.961813866, 0.219543149, 0, 1.49999998e+15, 0.00930800987, 0.159890832, 2e+18, 1.50397684e+16
11.0664063, 0, 0, 1.5e+15, 0, 2.54033681e-14, 3.718e+18, 6.44e+20, 4.85, 4, 176.571996, 18.9791929, 1.25944174, 1079419.58, 9.91937773e+17, 5.88389438e+09, 4.37700571e+12, 0.994139812, -174.864396, -178.458964, 1.5e+15, 1.0706828e+21, -1054769.59, 229363.744, 367.178824, 18.9791929, 84.8305882, 1.28078819, 1.25944174, 1.5e+15, 0.971715821, 0.0262520118, 0.101279397, 0.99468056, -0.018959211, -0.950365415, -0.969862356, 0.0181580959, 0.202576439, 0.220808575, 0, 1.59880425e-08, 1.59880425e-08, 1072555.33, 1073408.56, 842.167743, 0.27, 3.332, 11.0655282, -0.969324626, 0.220734534, 0, 1.49999998e+15, 0.00944712886, 0.162211785, 2e+18, 1.47679289e+16
11.0664063, 0, 0, 5e+15, 0, 2.54033681e-14, 3.718e+18, 6.44e+20, 4.85, 4, 176.571996, 18.9791929, 1.25944174, 1079435.68, 9.91937773e+17, 5.88389438e+09, 4.37700571e+12, 0.994139812, -174.864396, -178.458964, 5e+15, 1.0706828e+21, -1054033.28, 232798.729, 367.178824, 18.9791929, 84.8305882, 1.28078819, 1.25944174, 5e+15, 0.971715821, 0.0262520118, 0.101279397, 0.99468056, -0.018959211, -0.950365415, -0.969862356, 0.0181580959, 0.202576439, 0.220808575, 0, 1.59880425e-08, 1.59880425e-08, 1072555.33, 1073408.56, 842.167743, 0.27, 3.332, 11.0655282, -0.969324626, 0.220734534, 0, 1.49999998e+15, 0.00944712886, 0.162211785, 2e+18, 1.47679289e+16
11.0732422, 0, 0, 5e+15, 0, 2.542684e-14, 3.718e+18, 6.44e+20, 4.85, 4, 177.293024, 18.961519, 1.25944174, 1080338.8, 1.01399709e+18, 5.81880039e+09, 4.40860249e+12, 1.0017254, -175.585785, -179.180212, 5e+15, 1.05896876e+21, -1055015.34, 232539.335, 367.183249, 18.961519, 84.9160982, 1.28078819, 1.25944174, 5e+15, 0.979555389, 0.0259581201, 0.100853469, 1.00226676, -0.0187498259, -0.95808316, -0.977371733, 0.0179518251, 0.203974063, 0.221998101, 0, 1.59883161e-08, 1.59883161e-08, 1081678.05, 1082519.57, 832.925057, 0.27, 3.332, 8.59435769, -0.976832986, 0.221925889, 0, 1.49999998e+15, 0.00958773268, 0.16455533, 2e+18, 1.45013294e+16
11.0732422, 0, 0, 1.5e+15, 0, 2.542684e-14, 3.718e+18, 6.44e+20, 4.85, 4, 177.293024, 18.961519, 1.25944174, 1080358.33, 1.01399709e+18, 5.81880039e+09, 4.40860249e+12, 1.0017254, -175.585785, -179.180212, 1.5e+15, 1.05896876e+21, -1055752.52, 229261.291, 367.183249, 18.961519, 84.9160982, 1.28078819, 1.25944174, 1.5e+15, 0.979555389, 0.0259581201, 0.100853469, 1.00226676, -0.0187498259, -0.95808316, -0.977371733, 0.0179518251, 0.203974063, 0.221998101, 0, 1.59883161e-08, 1.59883161e-08, 1081678.05, 1082519.57, 832.925057, 0.27, 3.332, 8.59435769, -0.976832986, 0.221925889, 0, 1.49999998e+15, 0.00958773268, 0.16455533, 2e+18, 1.45013294e+16
11.0800781, 0, 0, 1.5e+15, 0, 2.54503074e-14, 3.718e+18, 6.44e+20, 4.85, 4, 178.014722, 18.943928, 1.25944174, 1081294.37, 1.03640822e+18, 5.75420417e+09, 4.44011998e+12, 1.00930224, -176.307844, -179.902128, 1.5e+15, 1.04733965e+21, -1056732.75, 229158.036, 367.187669, 18.943928, 85.0008926, 1.28078819, 1.25944174, 1.5e+15, 0.987384095, 0.0256665163, 0.100408198, 1.00984418, -0.018542037, -0.965790259, -0.984872031, 0.0177471949, 0.205369247, 0.223186824, 0, 1.59885894e-08, 1.59885894e-08, 1090802.71, 1091632.68, 823.749482, 0.27, 3.332, 6.22606421, -0.984332296, 0.223116442, 0, 1.49999998e+15, 0.00972983821, 0.166921651, 2e+18, 1.42399349e+16
11.0800781, 0, 0, 5e+15, 0, 2.54503074e-14, 3.718e+18, 6.44e+20, 4.85, 4, 178.014722, 18.943928, 1.25944174, 1081239.93, 1.03640822e+18, 5.75420417e+09, 4.44011998e+12, 1.00930224, -176.307844, -179.902128, 5e+15, 1.04733965e+21, -1055994.62, 232282.45, 367.187669, 18.943928, 85.0008926, 1.28078819, 1.25944174, 5e+15, 0.987384095, 0.0256665163, 0.100408198, 1.00984418, -0.018542037, -0.965790259, -0.984872031, 0.0177471949, 0.205369247, 0.223186824, 0, 1.59885894e-08, 1.59885894e-08, 1090802.71, 1091632.68, 823.749482, 0.27, 3.332, 6.22606421, -0.984332296, 0.223116442, 0, 1.49999998e+15, 0.00972983821, 0.166921651, 2e+18, 1.42399349e+16
11.0869141, 0, 0, 5e+15, 0, 2.54737706e-14, 3.718e+18, 6.44e+20, 4.85, 4, 178.737099, 18.9264192, 1.25944174, 1082139.08, 1.05916625e+18, 5.69010442e+09, 4.47152508e+12, 1.01686229, -177.030584, -180.624719, 5e+15, 1.03579536e+21, -1056971.13, 232028.058, 367.192084, 18.9264192, 85.0849737, 1.28078819, 1.25944174, 5e+15, 0.995193899, 0.0253771962, 0.0999434933, 1.01740479, -0.0183358447, -0.973478681, -0.992355224, 0.0175441981, 0.206761104, 0.22437385, 0, 1.59888624e-08, 1.59888624e-08, 1099920.52, 1100739.15, 814.64101, 0.27, 3.332, 3.99574115, -0.991814526, 0.224305302, 0, 1.49999998e+15, 0.00987347415, 0.169310851, 2e+18, 1.39837249e+16
11.0869141, 0, 0, 1.5e+15, 0, 2.54737706e-14, 3.718e+18, 6.44e+20, 4.85, 4, 178.737099, 18.9264192, 1.25944174, 1082227.73, 1.05916625e+18, 5.69010442e+09, 4.47152508e+12, 1.01686229, -177.030584, -180.624719, 1.5e+15, 1.03579536e+21, -1057710.33, 229053.95, 367.192084, 18.9264192, 85.0849737, 1.28078819, 1.25944174, 1.5e+15, 0.995193899, 0.0253771962, 0.0999434933, 1.01740479, -0.0183358447, -0.973478681, -0.992355224, 0.0175441981, 0.206761104, 0.22437385, 0, 1.59888624e-08, 1.59888624e-08, 1099920.52, 1100739.15, 814.64101, 0.27, 3.332, 3.99574115, -0.991814526, 0.224305302, 0, 1.49999998e+15, 0.00987347415, 0.169310851, 2e+18, 1.39837249e+16
11.09375, 0, 0, 1.5e+15, 0, 2.54972289e-14, 3.718e+18, 6.44e+20, 4.85, 4, 179.46013, 18.9089922, 1.25944174, 1083158.44, 1.08226393e+18, 5.62649954e+09, 4.50277759e+12, 1.02439588, -177.753979, -181.347963, 1.5e+15, 1.02433574e+21, -1058685.3, 228948.992, 367.196494, 18.9089922, 85.168339, 1.28078819, 1.25944174, 1.5e+15, 1.00297513, 0.0250901439, 0.0994592152, 1.02493891, -0.0181312382, -0.981138789, -0.999811661, 0.0173428233, 0.208148479, 0.225558015, 0, 1.59891351e-08, 1.59891351e-08, 1109020.92, 1109828.47, 805.599588, 0.27, 3.332, 1.94954178, -0.999270028, 0.225491303, 0, 1.49999998e+15, 0.0100186441, 0.171723105, 2e+18, 1.37326935e+16
11.09375, 0, 0, 5e+15, 0, 2.54972289e-14, 3.718e+18, 6.44e+20, 4.85, 4, 179.46013, 18.9089922, 1.25944174, 1083036.24, 1.08226393e+18, 5.62649954e+09, 4.50277759e+12, 1.02439588, -177.753979, -181.347963, 5e+15, 1.02433574e+21, -1057944.86, 231776.15, 367.196494, 18.9089922, 85.168339, 1.28078819, 1.25944174, 5e+15, 1.00297513, 0.0250901439, 0.0994592152, 1.02493891, -0.0181312382, -0.981138789, -0.999811661, 0.0173428233, 0.208148479, 0.225558015, 0, 1.59891351e-08, 1.59891351e-08, 1109020.92, 1109828.47, 805.599588, 0.27, 3.332, 1.94954178, -0.999270028, 0.225491303, 0, 1.49999998e+15, 0.0100186441, 0.171723105, 2e+18, 1.37326935e+16
11.1005859, 0, 0, 5e+15, 0, 2.55206825e-14, 3.718e+18, 6.44e+20, 4.85, 4, 180.183826, 18.891647, 1.25944174, 1083931.41, 1.10569132e+18, 5.56338629e+09, 4.53382949e+12, 1.03189135, -178.47804, -182.071868, 5e+15, 1.0129603e+21, -1058915.8, 231526.718, 367.200899, 18.891647, 85.2509884, 1.28078819, 1.25944174, 5e+15, 1.01071614, 0.0248053455, 0.098955186, 1.03243489, -0.0179282121, -0.988758973, -1.00722973, 0.0171430561, 0.209529997, 0.226737927, 0, 1.59894075e-08, 1.59894075e-08, 1118091.15, 1118887.91, 796.624925, 0.27, 3.332, 0.142606131, -1.00668718, 0.226673053, 0, 1.49999998e+15, 0.0101653784, 0.174158511, 2e+18, 1.34868461e+16
11.1005859, 0, 0, 1.5e+15, 0, 2.55206825e-14, 3.718e+18, 6.44e+20, 4.85, 4, 180.183826, 18.891647, 1.25944174, 1084086.54, 1.10569132e+18, 5.56338629e+09, 4.53382949e+12, 1.03189135, -178.47804, -182.071868, 1.5e+15, 1.0129603e+21, -1059657.71, 228843.103, 367.200899, 18.891647, 85.2509884, 1.28078819, 1.25944174, 1.5e+15, 1.01071614, 0.0248053455, 0.098955186, 1.03243489, -0.0179282121, -0.988758973, -1.00722973, 0.0171430561, 0.209529997, 0.226737927, 0, 1.59894075e-08, 1.59894075e-08, 1118091.15, 1118887.91, 796.624925, 0.27, 3.332, 0.142606131, -1.00668718, 0.226673053, 0, 1.49999998e+15, 0.0101653784, 0.174158511, 2e+18, 1.34868461e+16
11.1074219, 0, 0, 1.5e+15, 0, 2.55441318e-14, 3.718e+18, 6.44e+20, 4.85, 4, 180.908194, 18.8743831, 1.25944174, 1085012.05, 1.12943545e+18, 5.5007622e+09, 4.56462422e+12, 1.03933498, -179.202775, -182.796443, 1.5e+15, 1.00166871e+21, -1060627.59, 228736.211, 367.2053, 18.8743831, 85.332921, 1.28078819, 1.25944174, 1.5e+15, 1.01840321, 0.0245227896, 0.0984311693, 1.039879, -0.0177267603, -0.996325536, -1.01459572, 0.0169448866, 0.210904052, 0.227911972, 0, 1.59896796e-08, 1.59896796e-08, 1127116.12, 1127902.47, 787.716812, 0.27, 3.332, -1.3689987, -1.0140523, 0.227848938, 0, 1.49999998e+15, 0.01031369, 0.176617172, 2e+18, 1.32462053e+16
11.1074219, 0, 0, 5e+15, 0, 2.55441318e-14, 3.718e+18, 6.44e+20, 4.85, 4, 180.908194, 18.8743831, 1.25944174, 1084824.57, 1.12943545e+18, 5.5007622e+09, 4.56462422e+12, 1.03933498, -179.202775, -182.796443, 5e+15, 1.00166871e+21, -1059883.96, 231279.753, 367.2053, 18.8743831, 85.332921, 1.28078819, 1.25944174, 5e+15, 1.01840321, 0.0245227896, 0.0984311693, 1.039879, -0.0177267603, -0.996325536, -1.01459572, 0.0169448866, 0.210904052, 0.227911972, 0, 1.59896796e-08, 1.59896796e-08, 1127116.12, 1127902.47, 787.716812, 0.27, 3.332, -1.3689987, -1.0140523, 0.227848938, 0, 1.49999998e+15, 0.01031369, 0.176617172, 2e+18, 1.32462053e+16
11.1142579, 0, 0, 5e+15, 0, 2.55675762e-14, 3.718e+18, 6.44e+20, 4.85, 4, 181.633222, 18.8572004, 1.25944174, 1085715.69, 1.15347886e+18, 5.43862548e+09, 4.59509394e+12, 1.0467101, -179.928171, -183.521674, 5e+15, 9.90460742e+20, -1060849.31, 231035.255, 367.209696, 18.8572004, 85.4141331, 1.28078819, 1.25944174, 5e+15, 1.02601966, 0.0242424595, 0.0978868505, 1.04725458, -0.0175268708, -1.00382188, -1.02189303, 0.0167483026, 0.212268639, 0.229078131, 0, 1.59899514e-08, 1.59899514e-08, 1136077.54, 1136853.9, 778.875131, 0.27, 3.332, -2.51314692, -1.02134875, 0.229016941, 0, 1.49999998e+15, 0.0104635776, 0.179099176, 2e+18, 1.3010816e+16
11.1142579, 0, 0, 1.5e+15, 0, 2.55675762e-14, 3.718e+18, 6.44e+20, 4.85, 4, 181.633222, 18.8572004, 1.25944174, 1085934.98, 1.15347886e+18, 5.43862548e+09, 4.59509394e+12, 1.0467101, -179.928171, -183.521674, 1.5e+15, 9.90460742e+20, -1061594.98, 228628.227, 367.209696, 18.8572004, 85.4141331, 1.28078819, 1.25944174, 1.5e+15, 1.02601966, 0.0242424595, 0.0978868505, 1.04725458, -0.0175268708, -1.00382188, -1.02189303, 0.0167483026, 0.212268639, 0.229078131, 0, 1.59899514e-08, 1.59899514e-08, 1136077.54, 1136853.9, 778.875131, 0.27, 3.332, -2.51314692, -1.02134875, 0.229016941, 0, 1.49999998e+15, 0.0104635776, 0.179099176, 2e+18, 1.3010816e+16
11.1210938, 0, 0, 1.5e+15, 0, 2.55910155e-14, 3.718e+18, 6.44e+20, 4.85, 4, 182.358897, 18.8400993, 1.25944174, 1086855.33, 1.17779973e+18, 5.37697331e+09, 4.62515766e+12, 1.05399733, -180.654215, -184.247548, 1.5e+15, 9.79335964e+20, -1062559.9, 228519.043, 367.214087, 18.8400993, 85.4946215, 1.28078819, 1.25944174, 1.5e+15, 1.03354611, 0.0239643449, 0.0973218154, 1.05454224, -0.0173285382, -1.01122868, -1.02910233, 0.0165532955, 0.21362143, 0.230234068, 0, 1.59902229e-08, 1.59902229e-08, 1144954.05, 1145720.94, 770.099626, 0.27, 3.332, -3.20108157, -1.02855722, 0.230174725, 0, 1.49999998e+15, 0.0106150434, 0.181604588, 2e+18, 1.27807446e+16
11.1210938, 0, 0, 5e+15, 0, 2.55910155e-14, 3.718e+18, 6.44e+20, 4.85, 4, 182.358897, 18.8400993, 1.25944174, 1086604.72, 1.17779973e+18, 5.37697331e+09, 4.62515766e+12, 1.05399733, -180.654215, -184.247548, 5e+15, 9.79335964e+20, -1061811.8, 230793.223, 367.214087, 18.8400993, 85.4946215, 1.28078819, 1.25944174, 5e+15, 1.03354611, 0.0239643449, 0.0973218154, 1.05454224, -0.0173285382, -1.01122868, -1.02910233, 0.0165532955, 0.21362143, 0.230234068, 0, 1.59902229e-08, 1.59902229e-08, 1144954.05, 1145720.94, 770.099626, 0.27, 3.332, -3.20108157, -1.02855722, 0.230174725, 0, 1.49999998e+15, 0.0106150434, 0.181604588, 2e+18, 1.27807446e+16
11.1279297, 0, 0, 5e+15, 0, 2.56144499e-14, 3.718e+18, 6.44e+20, 4.85, 4, 183.085229, 18.8230803, 1.25944174, 1087491.62, 1.20237044e+18, 5.31580233e+09, 4.65471981e+12, 1.06117333, -181.380917, -184.974073, 5e+15, 9.68293835e+20, -1062771.4, 230553.645, 367.218473, 18.8230803, 85.5743888, 1.28078819, 1.25944174, 5e+15, 1.04095923, 0.02368843, 0.0967355176, 1.06171864, -0.0171317535, -1.01852269, -1.03620035, 0.0163598514, 0.214959627, 0.231376972, 0, 1.59904941e-08, 1.59904941e-08, 1153719.92, 1154477.98, 761.390036, 0.27, 3.332, -3.33463019, -1.03565445, 0.231319479, 0, 1.49999998e+15, 0.0107680993, 0.184133417, 2e+18, 1.25560812e+16
11.1279297, 0, 0, 1.5e+15, 0, 2.56144499e-14, 3.718e+18, 6.44e+20, 4.85, 4, 183.085229, 18.8230803, 1.25944174, 1087773.11, 1.20237044e+18, 5.31580233e+09, 4.65471981e+12, 1.06117333, -181.380917, -184.974073, 1.5e+15, 9.68293835e+20, -1063522.39, 228408.525, 367.218473, 18.8230803, 85.5743888, 1.28078819, 1.25944174, 1.5e+15, 1.04095923, 0.02368843, 0.0967355176, 1.06171864, -0.0171317535, -1.01852269, -1.03620035, 0.0163598514, 0.214959627, 0.231376972, 0, 1.59904941e-08, 1.59904941e-08, 1153719.92, 1154477.98, 761.390036, 0.27, 3.332, -3.33463019, -1.03565445, 0.231319479, 0, 1.49999998e+15, 0.0107680993, 0.184133417, 2e+18, 1.25560812e+16
11.1347656, 0, 0, 1.5e+15, 0, 2.56378793e-14, 3.718e+18, 6.44e+20, 4.85, 4, 183.812214, 18.8061437, 1.25944174, 1088688.33, 1.22715691e+18, 5.25510909e+09, 4.68366731e+12, 1.06821071, -182.108275, -185.701247, 1.5e+15, 9.5733379e+20, -1064482.49, 228296.517, 367.222854, 18.8061437, 85.6534456, 1.28078819, 1.25944174, 1.5e+15, 1.04823161, 0.0234146982, 0.0961271961, 1.0687564, -0.0169365053, -1.0256766, -1.04315978, 0.0161679584, 0.216279956, 0.232503556, 0, 1.5990765e-08, 1.5990765e-08, 1162344.95, 1163094.89, 752.746178, 0.27, 3.332, -2.79845945, -1.0426131, 0.232447914, 0, 1.49999998e+15, 0.0109227301, 0.186685711, 2e+18, 1.23369462e+16
11.1347656, 0, 0, 5e+15, 0, 2.56378793e-14, 3.718e+18, 6.44e+20, 4.85, 4, 183.812214, 18.8061437, 1.25944174, 1088376.33, 1.22715691e+18, 5.25510909e+09, 4.68366731e+12, 1.06821071, -182.108275, -185.701247, 5e+15, 9.5733379e+20, -1063728.04, 230316.488, 367.222854, 18.8061437, 85.6534456, 1.28078819, 1.25944174, 5e+15, 1.04823161, 0.0234146982, 0.0961271961, 1.0687564, -0.0169365053, -1.0256766, -1.04315978, 0.0161679584, 0.216279956, 0.232503556, 0, 1.5990765e-08, 1.5990765e-08, 1162344.95, 1163094.89, 752.746178, 0.27, 3.332, -2.79845945, -1.0426131, 0.232447914, 0, 1.49999998e+15, 0.0109227301, 0.186685711, 2e+18, 1.23369462e+16
11.1416016, 0, 0, 5e+15, 0, 2.56613041e-14, 3.718e+18, 6.44e+20, 4.85, 4, 184.539863, 18.78929, 1.25944174, 1089258.75, 1.25211625e+18, 5.19489102e+09, 4.71186602e+12, 1.0750765, -182.836296, -186.429078, 5e+15, 9.46455402e+20, -1064681.66, 230081.663, 367.22723, 18.78929, 85.7318268, 1.28078819, 1.25944174, 5e+15, 1.05533027, 0.0231431339, 0.0954957709, 1.07562254, -0.0167427842, -1.03265753, -1.04994774, 0.0159776038, 0.217578493, 0.233609883, 0, 1.59910356e-08, 1.59910356e-08, 1170792.7, 1171535.41, 744.168007, 0.27, 3.332, -1.45808647, -1.04940032, 0.233556096, 0, 1.49999998e+15, 0.0110789324, 0.18926141, 2e+18, 1.21234964e+16
11.1416016, 0, 0, 1.5e+15, 0, 2.56613041e-14, 3.718e+18, 6.44e+20, 4.85, 4, 184.539863, 18.78929, 1.25944174, 1089600.98, 1.25211625e+18, 5.19489102e+09, 4.71186602e+12, 1.0750765, -182.836296, -186.429078, 1.5e+15, 9.46455402e+20, -1065440.23, 228182.833, 367.22723, 18.78929, 85.7318268, 1.28078819, 1.25944174, 1.5e+15, 1.05533027, 0.0231431339, 0.0954957709, 1.07562254, -0.0167427842, -1.03265753, -1.04994774, 0.0159776038, 0.217578493, 0.233609883, 0, 1.59910356e-08, 1.59910356e-08, 1170792.7, 1171535.41, 744.168007, 0.27, 3.332, -1.45808647, -1.04940032, 0.233556096, 0, 1.49999998e+15, 0.0110789324, 0.18926141, 2e+18, 1.21234964e+16
11.1484375, 0, 0, 1.5e+15, 0, 2.56847234e-14, 3.718e+18, 6.44e+20, 4.85, 4, 185.268151, 18.7725198, 1.25944174, 1090511.08, 1.27719622e+18, 5.13514558e+09, 4.73915634e+12, 1.08173216, -183.564958, -187.157541, 1.5e+15, 9.35658234e+20, -1066395.68, 228067.266, 367.231602, 18.7725198, 85.8096232, 1.28078819, 1.25944174, 1.5e+15, 1.06221666, 0.0228737252, 0.0948395732, 1.08227852, -0.0165505805, -1.03942707, -1.05652579, 0.0157887805, 0.218850666, 0.234691375, 0, 1.59913059e-08, 1.59913059e-08, 1179020.63, 1179757.13, 735.655383, 0.27, 3.332, 0.848350085, -1.05597765, 0.234639446, 0, 1.49999998e+15, 0.0112366709, 0.191860562, 2e+18, 1.19159282e+16
11.1484375, 0, 0, 5e+15, 0, 2.56847234e-14, 3.718e+18, 6.44e+20, 4.85, 4, 185.268151, 18.7725198, 1.25944174, 1090138.73, 1.27719622e+18, 5.13514558e+09, 4.73915634e+12, 1.08173216, -183.564958, -187.157541, 5e+15, 9.35658234e+20, -1065632.16, 229848.945, 367.231602, 18.7725198, 85.8096232, 1.28078819, 1.25944174, 5e+15, 1.06221666, 0.0228737252, 0.0948395732, 1.08227852, -0.0165505805, -1.03942707, -1.05652579, 0.0157887805, 0.218850666, 0.234691375, 0, 1.59913059e-08, 1.59913059e-08, 1179020.63, 1179757.13, 735.655383, 0.27, 3.332, 0.848350085, -1.05597765, 0.234639446, 0, 1.49999998e+15, 0.0112366709, 0.191860562, 2e+18, 1.19159282e+16
11.1552734, 0, 0, 5e+15, 0, 2.57081377e-14, 3.718e+18, 6.44e+20, 4.85, 4, 185.997087, 18.755833, 1.25944174, 1091016.04, 1.3023323e+18, 5.07586914e+09, 4.76534873e+12, 1.08813146, -184.29427, -187.886643, 5e+15, 9.24941634e+20, -1066579.44, 229617.73, 367.235969, 18.755833, 85.8870899, 1.28078819, 1.25944174, 5e+15, 1.06884454, 0.0226064552, 0.0941558295, 1.08867811, -0.0163598852, -1.0459391, -1.06284782, 0.0156014735, 0.220091013, 0.235742553, 0, 1.59915759e-08, 1.59915759e-08, 1186977.71, 1187709.01, 727.207911, 0.27, 3.332, 4.09041143, -1.06229898, 0.235692486, 0, 1.49999998e+15, 0.0114932525, 0.194483229, 2e+18, 1.17144814e+16
11.1552734, 0, 0, 1.5e+15, 0, 2.57081377e-14, 3.718e+18, 6.44e+20, 4.85, 4, 185.997087, 18.755833, 1.25944174, 1091418.71, 1.3023323e+18, 5.07586914e+09, 4.76534873e+12, 1.08813146, -184.29427, -187.886643, 1.5e+15, 9.24941634e+20, -1067348.96, 227949.578, 367.235969, 18.755833, 85.8870899, 1.28078819, 1.25944174, 1.5e+15, 1.06884454, 0.0226064552, 0.0941558295, 1.08867811, -0.0163598852, -1.0459391, -1.06284782, 0.0156014735, 0.220091013, 0.235742553, 0, 1.59915759e-08, 1.59915759e-08, 1186977.71, 1187709.01, 727.207911, 0.27, 3.332, 4.09041143, -1.06229898, 0.235692486, 0, 1.49999998e+15, 0.0114932525, 0.194483229, 2e+18, 1.17144814e+16
11.1621094, 0, 0, 1.5e+15, 0, 2.57315471e-14, 3.718e+18, 6.44e+20, 4.85, 4, 186.726679, 18.7392268, 1.25944174, 1092619.4, 1.33543131e+18, 4.98800025e+09, 4.79021823e+12, 1.09705148, -185.024423, -188.616393, 1.5e+15, 9.09039769e+20, -1068611.15, 227788.015, 367.24033, 18.7392268, 85.9649762, 1.28078819, 1.25944174, 1.5e+15, 1.0781088, 0.0222105906, 0.0933157534, 1.09759875, -0.0160771429, -1.05515305, -1.07178001, 0.0153243535, 0.221293087, 0.236665641, 0, 1.59918456e-08, 1.59918456e-08, 1198203.27, 1198964.9, 714.697823, 0.27, 3.332, 46.93429, -1.0712302, 0.236617441, 0, 1.49999998e+15, 0.0121150755, 0.198602197, 2e+18, 1.14533092e+16
11.1621094, 0, 0, 5e+15, 0, 2.57315471e-14, 3.718e+18, 6.44e+20, 4.85, 4, 186.726679, 18.7392268, 1.25944174, 1092039.8, 1.33543131e+18, 4.98800025e+09, 4.79021823e+12, 1.09705148, -185.024423, -188.616393, 5e+15, 9.09039769e+20, -1067676.39, 229386.272, 367.24033, 18.7392268, 85.9649762, 1.28078819, 1.25944174, 5e+15, 1.0781088, 0.0222105906, 0.0933157534, 1.09759875, -0.0160771429, -1.05515305, -1.07178001, 0.0153243535, 0.221293087, 0.236665641, 0, 1.59918456e-08, 1.59918456e-08, 1198203.27, 1198964.9, 714.697823, 0.27, 3.332, 46.93429, -1.0712302, 0.236617441, 0, 1.49999998e+15, 0.0121150755, 0.198602197, 2e+18, 1.14533092e+16
11.1757813, 0, 0, 5e+15, 0, 2.57783496e-14, 3.718e+18, 6.44e+20, 4.85, 4, 188.18777, 18.7146458, 1.25944174, 1093770.65, 1.39265468e+18, 4.81617214e+09, 4.82514092e+12, 1.11036543, -186.48664, -190.077698, 5e+15, 8.77914727e+20, -1069529.29, 229000.733, 367.24904, 18.7146458, 86.1206235, 1.28078819, 1.25944174, 5e+15, 1.09200261, 0.0215036068, 0.0924133929, 1.11091339, -0.0156160721, -1.06899864, -1.08516594, 0.0147832134, 0.222960986, 0.237788653, 0, 1.59923842e-08, 1.59923842e-08, 1215219.2, 1215976.76, 690.232687, 0.27, 3.332, 67.331853, -1.08461471, 0.237744199, 0, 1.49999998e+15, 0.0154230365, 0.205251283, 2e+18, 1.09814242e+16
11.1757813, 0, 0, 1.5e+15, 0, 2.57783496e-14, 3.718e+18, 6.44e+20, 4.85, 4, 188.18777, 18.7146458, 1.25944174, 1094831.15, 1.39265468e+18, 4.81617214e+09, 4.82514092e+12, 1.11036543, -186.48664, -190.077698, 1.5e+15, 8.77914727e+20, -1070944.92, 227447.183, 367.24904, 18.7146458, 86.1206235, 1.28078819, 1.25944174, 1.5e+15, 1.09200261, 0.0215036068, 0.0924133929, 1.11091339, -0.0156160721, -1.06899864, -1.08516594, 0.0147832134, 0.222960986, 0.237788653, 0, 1.59923842e-08, 1.59923842e-08, 1215219.2, 1215976.76, 690.232687, 0.27, 3.332, 67.331853, -1.08461471, 0.237744199, 0, 1.49999998e+15, 0.0154230365, 0.205251283, 2e+18, 1.09814242e+16
11.203125, 0, 0, 1.5e+15, 0, 2.58718879e-14, 3.718e+18, 6.44e+20, 4.85, 4, 191.117473, 18.6665331, 1.25944174, 1101492.64, 1.58541682e+18, 4.32696812e+09, 4.88657247e+12, 1.16356617, -189.419766, -193.00777, 1.5e+15, 7.89196303e+20, -1077921.5, 226652.34, 367.2664, 18.6665331, 86.5887923, 1.28078819, 1.25944174, 1.5e+15, 1.14710192, 0.019312202, 0.0909393407, 1.1641172, -0.0141915466, -1.12624592, -1.1409925, 0.0130981354, 0.217745151, 0.23087866, 0, 1.59934577e-08, 1.59934577e-08, 1283031.74, 1283706.61, 620.518574, 0.27, 3.332, 54.3571458, -1.14043746, 0.230843286, 0, 1.49999998e+15, 0.0278562324, 0.230294471, 2e+18, 9.74859882e+15
11.203125, 0, 0, 5e+15, 0, 2.58718879e-14, 3.718e+18, 6.44e+20, 4.85, 4, 191.117473, 18.6665331, 1.25944174, 1098348.84, 1.58541682e+18, 4.32696812e+09, 4.88657247e+12, 1.16356617, -189.419766, -193.00777, 5e+15, 7.89196303e+20, -1074439.89, 227923.452, 367.2664, 18.6665331, 86.5887923, 1.28078819, 1.25944174, 5e+15, 1.14710192, 0.019312202, 0.0909393407, 1.1641172, -0.0141915466, -1.12624592, -1.1409925, 0.0130981354, 0.217745151, 0.23087866, 0, 1.59934577e-08, 1.59934577e-08, 1283031.74, 1283706.61, 620.518574, 0.27, 3.332, 54.3571458, -1.14043746, 0.230843286, 0, 1.49999998e+15, 0.0278562324, 0.230294471, 2e+18, 9.74859882e+15
11.3125, 0, 0, 5e+15, 0, 2.62450703e-14, 3.718e+18, 6.44e+20, 4.85, 4, 202.938329, 18.5054257, 1.25944174, 1108908.03, 1.94747542e+18, 3.40474466e+09, 5.13975779e+12, 1.23494339, -201.248342, -204.830104, 5e+15, 6.21651919e+20, -1085817.27, 225117.463, 367.335057, 18.5054257, 87.7913593, 1.28078819, 1.25944174, 5e+15, 1.22094214, 0.0159243453, 0.0897933925, 1.23549024, -0.0124216713, -1.20199046, -1.21496731, 0.00996427887, 0.214286318, 0.22425558, 0, 1.59977034e-08, 1.59977034e-08, 1373095.22, 1373527.19, 488.573006, 0.27, 3.332, -56.593978, -1.21441214, 0.224250597, 0, 1.49999999e+15, 0.036628438, 0.262148435, 2e+18, 7.29880708e+15
11.3125, 0, 0, 1.5e+15, 0, 2.62450703e-14, 3.718e+18, 6.44e+20, 4.85, 4, 202.938329, 18.5054257, 1.25944174, 1111711.15, 1.94747542e+18, 3.40474466e+09, 5.13975779e+12, 1.23494339, -201.248342, -204.830104, 1.5e+15, 6.21651919e+20, -1088544.86, 225769.267, 367.335057, 18.5054257, 87.7913593, 1.28078819, 1.25944174, 1.5e+15, 1.22094214, 0.0159243453, 0.0897933925, 1.23549024, -0.0124216713, -1.20199046, -1.21496731, 0.00996427887, 0.214286318, 0.22425558, 0, 1.59977034e-08, 1.59977034e-08, 1373095.22, 1373527.19, 488.573006, 0.27, 3.332, -56.593978, -1.21441214, 0.224250597, 0, 1.49999999e+15, 0.036628438, 0.262148435, 2e+18, 7.29880708e+15
11.421875, 0, 0, 1.5e+15, 0, 2.66166522e-14, 3.718e+18, 6.44e+20, 4.85, 4, 214.929391, 18.2427511, 1.25944174, 1125965.04, 2.72255874e+18, 2.63960617e+09, 5.64109994e+12, 1.46885833, -213.247595, -216.823995, 1.5e+15, 4.82389193e+20, -1102748.34, 227471.675, 367.402481, 18.2427511, 88.5339589, 1.28078819, 1.25944174, 1.5e+15, 1.45650182, 0.0135946412, 0.0851885256, 1.46942629, -0.0102398821, -1.39742101, -1.40823753, 0.00894198439, 0.410624, 0.419619682, 0, 1.60018732e-08, 1.60018732e-08, 1648477.57, 1648779.92, 378.861669, 0.27, 3.332, -76.5103589, -1.40766089, 0.419565985, 0, 1.49999999e+15, 0.0816104499, 0.321032042, 2e+18, 5.1576745e+15
11.421875, 0, 0, 5e+15, 0, 2.66166522e-14, 3.718e+18, 6.44e+20, 4.85, 4, 214.929391, 18.2427511, 1.25944174, 1123198.44, 2.72255874e+18, 2.63960617e+09, 5.64109994e+12, 1.46885833, -213.247595, -216.823995, 5e+15, 4.82389193e+20, -1100936.71, 222515.391, 367.402481, 18.2427511, 88.5339589, 1.28078819, 1.25944174, 5e+15, 1.45650182, 0.0135946412, 0.0851885256, 1.46942629, -0.0102398821, -1.39742101, -1.40823753, 0.00894198439, 0.410624, 0.419619682, 0, 1.60018732e-08, 1.60018732e-08, 1648477.57, 1648779.92, 378.861669, 0.27, 3.332, -76.5103589, -1.40766089, 0.419565985, 0, 1.49999999e+15, 0.0816104499, 0.321032042, 2e+18, 5.1576745e+15
11.53125, 0, 0, 5e+15, 0, 2.69857014e-14, 3.718e+18, 6.44e+20, 4.85, 4, 227.077113, 18.0074895, 1.25944174, 1137726.94, 3.41823576e+18, 2.27718443e+09, 5.93115681e+12, 1.42337334, -225.400124, -228.973189, 5e+15, 4.16282027e+20, -1115952.13, 221525.271, 367.468545, 18.0074895, 88.6776369, 1.28078819, 1.25944174, 5e+15, 1.41431222, 0.0104703547, 0.0819580889, 1.42390083, -0.00787693037, -1.3881747, -1.39659886, 0.00689799206, 0.270647512, 0.277498086, 0, 1.60059592e-08, 1.60059592e-08, 1625417.32, 1625651.66, 326.743409, 0.27, 3.332, -92.4060452, -1.39605163, 0.277545504, 0, 1.49999999e+15, 0.0382584297, 0.400411696, 2e+18, 4.23131066e+15
11.53125, 0, 0, 1.5e+15, 0, 2.69857014e-14, 3.718e+18, 6.44e+20, 4.85, 4, 227.077113, 18.0074895, 1.25944174, 1141867.38, 3.41823576e+18, 2.27718443e+09, 5.93115681e+12, 1.42337334, -225.400124, -228.973189, 1.5e+15, 4.16282027e+20, -1118650.93, 229087.803, 367.468545, 18.0074895, 88.6776369, 1.28078819, 1.25944174, 1.5e+15, 1.41431222, 0.0104703547, 0.0819580889, 1.42390083, -0.00787693037, -1.3881747, -1.39659886, 0.00689799206, 0.270647512, 0.277498086, 0, 1.60059592e-08, 1.60059592e-08, 1625417.32, 1625651.66, 326.743409, 0.27, 3.332, -92.4060452, -1.39605163, 0.277545504, 0, 1.49999999e+15, 0.0382584297, 0.400411696, 2e+18, 4.23131066e+15
11.640625, 0, 0, 1.5e+15, 0, 2.73521053e-14, 3.718e+18, 6.44e+20, 4.85, 4, 239.39988, 17.7516933, 1.25944174, 1154749.81, 5.02941795e+18, 1.24739694e+09, 6.16064499e+12, 1.78824321, -237.742082, -241.297045, 1.5e+15, 2.28223536e+20, -1131557.78, 230269.66, 367.53327, 17.7516933, 89.3259528, 1.28078819, 1.25944174, 1.5e+15, 1.77986845, 0.00840064298, 0.0771795872, 1.78889956, -0.00822014436, -1.76508564, -1.77397443, 0.00173205924, 0.228920063, 0.230599921, 0, 1.60099627e-08, 1.60099627e-08, 2058950.48, 2059039.74, 178.969319, 0.27, 3.332, -89.7105609, -1.77330578, 0.230652122, 0, 1.5e+15, 0.26607556, 0.468274096, 2e+18, 2.23166669e+15
11.640625, 0, 0, 5e+15, 0, 2.73521053e-14, 3.718e+18, 6.44e+20, 4.85, 4, 239.39988, 17.7516933, 1.25944174, 1151783.01, 5.02941795e+18, 1.24739694e+09, 6.16064499e+12, 1.78824321, -237.742082, -241.297045, 5e+15, 2.28223536e+20, -1130547.39, 220151.508, 367.53327, 17.7516933, 89.3259528, 1.28078819, 1.25944174, 5e+15, 1.77986845, 0.00840064298, 0.0771795872, 1.78889956, -0.00822014436, -1.76508564, -1.77397443, 0.00173205924, 0.228920063, 0.230599921, 0, 1.60099627e-08, 1.60099627e-08, 2058950.48, 2059039.74, 178.969319, 0.27, 3.332, -89.7105609, -1.77330578, 0.230652122, 0, 1.5e+15, 0.26607556, 0.468274096, 2e+18, 2.23166669e+15
11.75, 0, 0, 5e+15, 0, 2.77170685e-14, 3.718e+18, 6.44e+20, 4.85, 4, 251.855068, 17.5629611, 1.25944174, 1166470.32, 5.53897378e+18, 1.38569878e+09, 6.42179276e+12, 1.55919628, -250.194069, -253.753437, 5e+15, 2.53468576e+20, -1145241.56, 221528.278, 367.596907, 17.5629611, 88.2821069, 1.28078819, 1.25944174, 5e+15, 1.55409707, 0.00645919241, 0.0764322591, 1.55968301, -0.00421835776, -1.52403945, -1.52877384, 0.00489148489, 0.304173398, 0.308968676, 0, 1.60138991e-08, 1.60138991e-08, 1827048.23, 1827103.64, 198.792302, 0.27, 3.332, -143.377333, -1.52825781, 0.309064883, 0, 1.49999999e+15, 0.0138770492, 0.596274646, 2e+18, 2.37841637e+15
11.75, 0, 0, 1.5e+15, 0, 2.77170685e-14, 3.718e+18, 6.44e+20, 4.85, 4, 251.855068, 17.5629611, 1.25944174, 1171901.43, 5.53897378e+18, 1.38569878e+09, 6.42179276e+12, 1.55919628, -250.194069, -253.753437, 1.5e+15, 2.53468576e+20, -1148140.35, 234790.738, 367.596907, 17.5629611, 88.2821069, 1.28078819, 1.25944174, 1.5e+15, 1.55409707, 0.00645919241, 0.0764322591, 1.55968301, -0.00421835776, -1.52403945, -1.52877384, 0.00489148489, 0.304173398, 0.308968676, 0, 1.60138991e-08, 1.60138991e-08, 1827048.23, 1827103.64, 198.792302, 0.27, 3.332, -143.377333, -1.52825781, 0.309064883, 0, 1.49999999e+15, 0.0138770492, 0.596274646, 2e+18, 2.37841637e+15
11.859375, 0, 0, 1.5e+15, 0, 2.80794195e-14, 3.718e+18, 6.44e+20, 4.85, 4, 264.515451, 17.278308, 1.25944174, 1184532.62, 8.1452367e+18, 1.02710608e+09, 6.51354899e+12, 2.16433178, -262.864065, -266.41416, 1.5e+15, 1.87906911e+20, -1160057.53, 239549.727, 367.659285, 17.278308, 89.0608986, 1.28078819, 1.25944174, 1.5e+15, 2.15773784, 0.00661017752, 0.0685371668, 2.16491943, -0.00609060682, -2.04205536, -2.04874524, 0.00256884321, 0.697024012, 0.699656417, 0, 1.60177581e-08, 1.60177581e-08, 2545984.34, 2545947.8, 147.220483, 0.27, 3.332, -183.761466, -2.04814597, 0.699592855, 0, 1.5e+15, 0.344039034, 0.614268931, 2e+18, 1.73684816e+15
11.859375, 0, 0, 5e+15, 0, 2.80794195e-14, 3.718e+18, 6.44e+20, 4.85, 4, 264.515451, 17.278308, 1.25944174, 1182228.27, 8.1452367e+18, 1.02710608e+09, 6.51354899e+12, 2.16433178, -262.864065, -266.41416, 5e+15, 1.87906911e+20, -1161381.56, 221035.163, 367.659285, 17.278308, 89.0608986, 1.28078819, 1.25944174, 5e+15, 2.15773784, 0.00661017752, 0.0685371668, 2.16491943, -0.00609060682, -2.04205536, -2.04874524, 0.00256884321, 0.697024012, 0.699656417, 0, 1.60177581e-08, 1.60177581e-08, 2545984.34, 2545947.8, 147.220483, 0.27, 3.332, -183.761466, -2.04814597, 0.699592855, 0, 1.5e+15, 0.344039034, 0.614268931, 2e+18, 1.73684816e+15
11.96875, 0, 0, 5e+15, 0, 2.84373513e-14, 3.718e+18, 6.44e+20, 4.85, 4, 277.308108, 17.0996514, 1.25944174, 1196270.51, 8.42294765e+18, 925870477, 6.55837214e+12, 1.61464985, -275.660136, -279.206929, 5e+15, 1.69375794e+20, -1175440.13, 222269.271, 367.720139, 17.0996514, 88.0282463, 1.28078819, 1.25944174, 5e+15, 1.61099987, 0.00424112247, 0.0651318337, 1.61508739, -0.00312878273, -1.57690047, -1.58050678, 0.00286318676, 0.329705151, 0.332423821, 0, 1.60215229e-08, 1.60215229e-08, 1942460.56, 1942445.51, 132.641518, 0.27, 3.332, -147.684505, -1.58002926, 0.332568338, 0, 1.5e+15, 0.0786285059, 0.883250011, 2e+18, 1.55438865e+15
11.96875, 0, 0, 1.5e+15, 0, 2.84373513e-14, 3.718e+18, 6.44e+20, 4.85, 4, 277.308108, 17.0996514, 1.25944174, 1203294.18, 8.42294765e+18, 925870477, 6.55837214e+12, 1.61464985, -275.660136, -279.206929, 1.5e+15, 1.69375794e+20, -1178013.67, 245358.248, 367.720139, 17.0996514, 88.0282463, 1.28078819, 1.25944174, 1.5e+15, 1.61099987, 0.00424112247, 0.0651318337, 1.61508739, -0.00312878273, -1.57690047, -1.58050678, 0.00286318676, 0.329705151, 0.332423821, 0, 1.60215229e-08, 1.60215229e-08, 1942460.56, 1942445.51, 132.641518, 0.27, 3.332, -147.684505, -1.58002926, 0.332568338, 0, 1.5e+15, 0.0786285059, 0.883250011, 2e+18, 1.55438865e+15
12.078125, 0, 0, 1.5e+15, 0, 2.87921307e-14, 3.718e+18, 6.44e+20, 4.85, 4, 290.2845, 16.8575359, 1.25944174, 1216635.05, 1.08920155e+19, 576198999, 6.48753408e+12, 1.72749024, -288.651681, -292.182872, 1.5e+15, 1.05422757e+20, -1191130.46, 247808.528, 367.779724, 16.8575359, 87.6518465, 1.28078819, 1.25944174, 1.5e+15, 1.72430321, 0.00318712266, 0.0613070181, 1.72793922, -0.00312364476, -1.68736043, -1.69097269, 0.000632925185, 0.355015983, 0.355507119, 0, 1.60252095e-08, 1.60252095e-08, 2103707.98, 2103621.15, 82.4912168, 0.27, 3.332, -169.326341, -1.69048407, 0.355648909, 0, 1.5e+15, 0.11275976, 1.01849008, 2e+18, 9.77391536e+14
12.078125, 0, 0, 5e+15, 0, 2.87921307e-14, 3.718e+18, 6.44e+20, 4.85, 4, 290.2845, 16.8575359, 1.25944174, 1212385.16, 1.08920155e+19, 576198999, 6.48753408e+12, 1.72749024, -288.651681, -292.182872, 5e+15, 1.05422757e+20, -1191514.91, 223986.585, 367.779724, 16.8575359, 87.6518465, 1.28078819, 1.25944174, 5e+15, 1.72430321, 0.00318712266, 0.0613070181, 1.72793922, -0.00312364476, -1.68736043, -1.69097269, 0.000632925185, 0.355015983, 0.355507119, 0, 1.60252095e-08, 1.60252095e-08, 2103707.98, 2103621.15, 82.4912168, 0.27, 3.332, -169.326341, -1.69048407, 0.355648909, 0, 1.5e+15, 0.11275976, 1.01849008, 2e+18, 9.77391536e+14
12.1875, 0, 0, 5e+15, 0, 2.91437235e-14, 3.718e+18, 6.44e+20, 4.85, 4, 303.425571, 16.6462827, 1.25944174, 1228697.14, 1.26237677e+19, 599342140, 6.52892375e+12, 1.63592792, -301.791627, -305.324043, 5e+15, 1.09639297e+20, -1207657.74, 226405.509, 367.838073, 16.6462827, 86.5985676, 1.28078819, 1.25944174, 5e+15, 1.63362919, 0.00288440486, 0.058764531, 1.6363058, -0.00188329238, -1.5976521, -1.59995852, 0.00218471994, 0.340957648, 0.342971393, 0, 1.60288199e-08, 1.60288199e-08, 2021923.78, 2021812.46, 85.7513942, 0.27, 3.332, -197.064406, -1.59953539, 0.343142368, 0, 1.5e+15, 0.0336716463, 1.30860011, 2e+18, 1.0097225e+15
12.1875, 0, 0, 1.5e+15, 0, 2.91437235e-14, 3.718e+18, 6.44e+20, 4.85, 4, 303.425571, 16.6462827, 1.25944174, 1236422.36, 1.26237677e+19, 599342140, 6.52892375e+12, 1.63592792, -301.791627, -305.324043, 1.5e+15, 1.09639297e+20, -1210399.62, 252335.148, 367.838073, 16.6462827, 86.5985676, 1.28078819, 1.25944174, 1.5e+15, 1.63362919, 0.00288440486, 0.058764531, 1.6363058, -0.00188329238, -1.5976521, -1.59995852, 0.00218471994, 0.340957648, 0.342971393, 0, 1.60288199e-08, 1.60288199e-08, 2021923.78, 2021812.46, 85.7513942, 0.27, 3.332, -197.064406, -1.59953539, 0.343142368, 0, 1.5e+15, 0.0336716463, 1.30860011, 2e+18, 1.0097225e+15
12.296875, 0, 0, 1.5e+15, 0, 2.94911098e-14, 3.718e+18, 6.44e+20, 4.85, 4, 316.761991, 16.4024516, 1.25944174, 1250852.76, 1.60759743e+19, 394753213, 6.3359783e+12, 1.72132736, -315.141405, -318.659413, 1.5e+15, 7.2214665e+19, -1224682.39, 254530.309, 367.895055, 16.4024516, 86.1191879, 1.28078819, 1.25944174, 1.5e+15, 1.71912278, 0.0022059096, 0.0548722898, 1.72170817, -0.00213672025, -1.67901671, -1.6815791, 0.000548145712, 0.369169362, 0.369554793, 0, 1.60323459e-08, 1.60323459e-08, 2154518.49, 2154387.94, 56.4153547, 0.27, 3.332, -186.962755, -1.68115343, 0.369717508, 0, 1.5e+15, 0.247186584, 1.51679043, 2e+18, 6.84617247e+14
12.296875, 0, 0, 5e+15, 0, 2.94911098e-14, 3.718e+18, 6.44e+20, 4.85, 4, 316.761991, 16.4024516, 1.25944174, 1245889.12, 1.60759743e+19, 394753213, 6.3359783e+12, 1.72132736, -315.141405, -318.659413, 5e+15, 7.2214665e+19, -1224778.78, 228378.258, 367.895055, 16.4024516, 86.1191879, 1.28078819, 1.25944174, 5e+15, 1.71912278, 0.0022059096, 0.0548722898, 1.72170817, -0.00213672025, -1.67901671, -1.6815791, 0.000548145712, 0.369169362, 0.369554793, 0, 1.60323459e-08, 1.60323459e-08, 2154518.49, 2154387.94, 56.4153547, 0.27, 3.332, -186.962755, -1.68115343, 0.369717508, 0, 1.5e+15, 0.247186584, 1.51679043, 2e+18, 6.84617247e+14
12.40625, 0, 0, 5e+15, 0, 2.98344619e-14, 3.718e+18, 6.44e+20, 4.85, 4, 330.27366, 16.1897095, 1.25944174, 1263161.21, 1.83021383e+19, 423153998, 6.28168269e+12, 1.60244178, -328.65099, -332.170712, 5e+15, 7.73972243e+19, -1241833.04, 231142.701, 367.950736, 16.1897095, 84.9705704, 1.28078819, 1.25944174, 5e+15, 1.60082691, 0.00204566406, 0.0523260225, 1.60275547, -0.0013103447, -1.56422883, -1.56590192, 0.00157090363, 0.340345347, 0.341725424, 0, 1.60357916e-08, 1.60357916e-08, 2036086.59, 2035934.16, 60.4236103, 0.27, 3.332, -212.85637, -1.56553918, 0.341916251, 0, 1.5e+15, 0.0453580139, 1.93502671, 2e+18, 7.39696747e+14
12.40625, 0, 0, 1.5e+15, 0, 2.98344619e-14, 3.718e+18, 6.44e+20, 4.85, 4, 330.27366, 16.1897095, 1.25944174, 1271328.69, 1.83021383e+19, 423153998, 6.28168269e+12, 1.60244178, -328.65099, -332.170712, 1.5e+15, 7.73972243e+19, -1244680.39, 258935.062, 367.950736, 16.1897095, 84.9705704, 1.28078819, 1.25944174, 1.5e+15, 1.60082691, 0.00204566406, 0.0523260225, 1.60275547, -0.0013103447, -1.56422883, -1.56590192, 0.00157090363, 0.340345347, 0.341725424, 0, 1.60357916e-08, 1.60357916e-08, 2036086.59, 2035934.16, 60.4236103, 0.27, 3.332, -212.85637, -1.56553918, 0.341916251, 0, 1.5e+15, 0.0453580139, 1.93502671, 2e+18, 7.39696747e+14
12.515625, 0, 0, 1.5e+15, 0, 3.01727496e-14, 3.718e+18, 6.44e+20, 4.85, 4, 343.989375, 15.9488583, 1.25944174, 1286069.1, 2.27455964e+19, 281126848, 5.96821076e+12, 1.65409738, -342.379788, -345.884709, 1.5e+15, 5.14183153e+19, -1259086.11, 262060.862, 368.004989, 15.9488583, 84.2896804, 1.28078819, 1.25944174, 1.5e+15, 1.65252762, 0.00157047068, 0.0485221879, 1.65440582, -0.00151950576, -1.61068107, -1.61255812, 0.000396838007, 0.36953214, 0.369749831, 0, 1.60391492e-08, 1.60391492e-08, 2128819, 2128660.33, 40.0816907, 0.27, 3.332, -198.757444, -1.61220058, 0.369928978, 0, 1.5e+15, 0.391882903, 1.36249628, 2e+18, 5.16516326e+14
12.515625, 0, 0, 5e+15, 0, 3.01727496e-14, 3.718e+18, 6.44e+20, 4.85, 4, 343.989375, 15.9488583, 1.25944174, 1281348.79, 2.27455964e+19, 281126848, 5.96821076e+12, 1.65409738, -342.379788, -345.884709, 5e+15, 5.14183153e+19, -1259862.97, 233666.441, 368.004989, 15.9488583, 84.2896804, 1.28078819, 1.25944174, 5e+15, 1.65252762, 0.00157047068, 0.0485221879, 1.65440582, -0.00151950576, -1.61068107, -1.61255812, 0.000396838007, 0.36953214, 0.369749831, 0, 1.60391492e-08, 1.60391492e-08, 2128819, 2128660.33, 40.0816907, 0.27, 3.332, -198.757444, -1.61220058, 0.369928978, 0, 1.5e+15, 0.391882903, 1.36249628, 2e+18, 5.16516326e+14
12.625, 0, 0, 5e+15, 0, 3.05061632e-14, 3.718e+18, 6.44e+20, 4.85, 4, 357.892032, 15.7344013, 1.25944174, 1299942.3, 2.56295419e+19, 307111787, 5.81370694e+12, 1.51063677, -356.279756, -359.786442, 5e+15, 5.61617063e+19, -1278130.11, 237135.86, 368.057884, 15.7344013, 82.938306, 1.28078819, 1.25944174, 5e+15, 1.5094692, 0.00147543355, 0.0460170617, 1.5108813, -0.000942403163, -1.47313574, -1.47437519, 0.00113524466, 0.329193493, 0.330121344, 0, 1.60424229e-08, 1.60424229e-08, 1975545.81, 1975367.53, 43.7410696, 0.27, 3.332, -222.02393, -1.47407814, 0.330328738, 0, 1.5e+15, 0.0743852092, 2.87466734, 2e+18, 5.78727342e+14
12.625, 0, 0, 1.5e+15, 0, 3.05061632e-14, 3.718e+18, 6.44e+20, 4.85, 4, 357.892032, 15.7344013, 1.25944174, 1308805.65, 2.56295419e+19, 307111787, 5.81370694e+12, 1.51063677, -356.279756, -359.786442, 1.5e+15, 5.61617063e+19, -1281168.45, 267543.703, 368.057884, 15.7344013, 82.938306, 1.28078819, 1.25944174, 1.5e+15, 1.5094692, 0.00147543355, 0.0460170617, 1.5108813, -0.000942403163, -1.47313574, -1.47437519, 0.00113524466, 0.329193493, 0.330121344, 0, 1.60424229e-08, 1.60424229e-08, 1975545.81, 1975367.53, 43.7410696, 0.27, 3.332, -222.02393, -1.47407814, 0.330328738, 0, 1.5e+15, 0.0743852092, 2.87466734, 2e+18, 5.78727342e+14
12.734375, 0, 0, 1.50000001e+15, 0, 3.08335405e-14, 3.718e+18, 6.44e+20, 4.85, 4, 372.014935, 15.4890255, 1.25944174, 1324675.92, 3.12128782e+19, 205396568, 5.39542916e+12, 1.5267982, -370.41553, -373.906886, 1.50000001e+15, 3.75590676e+19, -1296663.96, 270977.617, 368.109276, 15.4890255, 82.1411481, 1.28078819, 1.25944174, 1.50000001e+15, 1.52565816, 0.00114017432, 0.042404976, 1.5270293, -0.00110454972, -1.48371428, -1.48510234, 0.0002827851, 0.355281227, 0.355372346, 0, 1.60456038e-08, 1.60456038e-08, 2023401.5, 2023227.63, 29.1945704, 0.27, 3.332, -203.061066, -1.48481883, 0.355564012, 0, 1.50000001e+15, 0.611767625, 1.8879747, 2e+18, 4.16265271e+14
12.734375, 0, 0, 5.00000001e+15, 0, 3.08335405e-14, 3.718e+18, 6.44e+20, 4.85, 4, 372.014935, 15.4890255, 1.25944174, 1319617.64, 3.12128782e+19, 205396568, 5.39542916e+12, 1.5267982, -370.41553, -373.906886, 5.00000001e+15, 3.75590676e+19, -1297573.18, 240196.915, 368.109276, 15.4890255, 82.1411481, 1.28078819, 1.25944174, 5.00000001e+15, 1.52565816, 0.00114017432, 0.042404976, 1.5270293, -0.00110454972, -1.48371428, -1.48510234, 0.0002827851, 0.355281227, 0.355372346, 0, 1.60456038e-08, 1.60456038e-08, 2023401.5, 2023227.63, 29.1945704, 0.27, 3.332, -203.061066, -1.48481883, 0.355564012, 0, 1.50000001e+15, 0.611767625, 1.8879747, 2e+18, 4.16265271e+14
12.84375, 0, 0, 5.00000003e+15, 0, 3.11550807e-14, 3.718e+18, 6.44e+20, 4.85, 4, 386.339484, 15.2709854, 1.25944174, 1339675, 3.45914307e+19, 226485837, 5.14966504e+12, 1.36372393, -384.737088, -388.229869, 5.00000003e+15, 4.14088478e+19, -1317238.7, 244154.249, 368.159237, 15.2709854, 80.682029, 1.28078819, 1.25944174, 5.00000003e+15, 1.36286773, 0.00106585573, 0.0400003233, 1.36389615, -0.000691911365, -1.32817967, -1.32909867, 0.000810744775, 0.305527793, 0.306119942, 0, 1.60486963e-08, 1.60486963e-08, 1837939.79, 1837749.67, 32.156656, 0.27, 3.332, -222.272805, -1.32887158, 0.306338538, 0, 1.50000003e+15, 0.147977987, 4.29250533, 2e+18, 4.80438828e+14
12.84375, 0, 0, 1.50000003e+15, 0, 3.11550807e-14, 3.718e+18, 6.44e+20, 4.85, 4, 386.339484, 15.2709854, 1.25944174, 1349217.39, 3.45914307e+19, 226485837, 5.14966504e+12, 1.36372393, -384.737088, -388.229869, 1.50000003e+15, 4.14088478e+19, -1320486.29, 276953.978, 368.159237, 15.2709854, 80.682029, 1.28078819, 1.25944174, 1.50000003e+15, 1.36286773, 0.00106585573, 0.0400003233, 1.36389615, -0.000691911365, -1.32817967, -1.32909867, 0.000810744775, 0.305527793, 0.306119942, 0, 1.60486963e-08, 1.60486963e-08, 1837939.79, 1837749.67, 32.156656, 0.27, 3.332, -222.272805, -1.32887158, 0.306338538, 0, 1.50000003e+15, 0.147977987, 4.29250533, 2e+18, 4.80438828e+14
12.953125, 0, 0, 1.50000008e+15, 0, 3.14694289e-14, 3.718e+18, 6.44e+20, 4.85, 4, 400.900572, 15.0229158, 1.25944174, 1366136.67, 4.10999264e+19, 152064369, 4.65678216e+12, 1.34617431, -399.310922, -402.787679, 1.50000008e+15, 2.78004269e+19, -1336938.91, 280933.693, 368.207597, 15.0229158, 79.778829, 1.28078819, 1.25944174, 1.50000008e+15, 1.34534126, 0.000833094565, 0.0366953698, 1.34632598, -0.000810234253, -1.30525963, -1.3062761, 0.000193822108, 0.325945415, 0.325939254, 0, 1.60516899e-08, 1.60516899e-08, 1839309.49, 1839132.89, 21.5334663, 0.27, 3.332, -198.140371, -1.30606986, 0.326139237, 0, 1.50000008e+15, 0.963097289, 2.7049175, 2e+18, 3.5581769e+14
12.953125, 0, 0, 5.00000008e+15, 0, 3.14694289e-14, 3.718e+18, 6.44e+20, 4.85, 4, 400.900572, 15.0229158, 1.25944174, 1360890.49, 4.10999264e+19, 152064369, 4.65678216e+12, 1.34617431, -399.310922, -402.787679, 5.00000008e+15, 2.78004269e+19, -1338159.82, 247691.787, 368.207597, 15.0229158, 79.778829, 1.28078819, 1.25944174, 5.00000008e+15, 1.34534126, 0.000833094565, 0.0366953698, 1.34632598, -0.000810234253, -1.30525963, -1.3062761, 0.000193822108, 0.325945415, 0.325939254, 0, 1.60516899e-08, 1.60516899e-08, 1839309.49, 1839132.89, 21.5334663, 0.27, 3.332, -198.140371, -1.30606986, 0.326139237, 0, 1.50000008e+15, 0.963097289, 2.7049175, 2e+18, 3.5581769e+14
13.0625, 0, 0, 5.00000025e+15, 0, 3.17767792e-14, 3.718e+18, 6.44e+20, 4.85, 4, 415.679354, 14.8016256, 1.25944174, 1382601.7, 4.47239474e+19, 173610198, 4.34187118e+12, 1.17252898, -414.085603, -417.564156, 5.00000025e+15, 3.17342956e+19, -1359405.75, 252197.305, 368.254428, 14.8016256, 78.2111349, 1.28078819, 1.25944174, 5.00000025e+15, 1.17188203, 0.00079679481, 0.0344516662, 1.17262714, -0.000521759892, -1.14012653, -1.14080293, 0.000602203108, 0.270959357, 0.271335763, 0, 1.6054589e-08, 1.6054589e-08, 1630840.38, 1630652.21, 24.5619959, 0.27, 3.332, -212.729898, -1.14064829, 0.27156156, 0, 1.50000025e+15, 0.281982259, 6.44350848, 2e+18, 4.35345929e+14
13.0625, 0, 0, 1.50000025e+15, 0, 3.17767792e-14, 3.718e+18, 6.44e+20, 4.85, 4, 415.679354, 14.8016256, 1.25944174, 1392930.41, 4.47239474e+19, 173610198, 4.34187118e+12, 1.17252898, -414.085603, -417.564156, 1.50000025e+15, 3.17342956e+19, -1362904.21, 287658.171, 368.254428, 14.8016256, 78.2111349, 1.28078819, 1.25944174, 1.50000025e+15, 1.17188203, 0.00079679481, 0.0344516662, 1.17262714, -0.000521759892, -1.14012653, -1.14080293, 0.000602203108, 0.270959357, 0.271335763, 0, 1.6054589e-08, 1.6054589e-08, 1630840.38, 1630652.21, 24.5619959, 0.27, 3.332, -212.729898, -1.14064829, 0.27156156, 0, 1.50000025e+15, 0.281982259, 6.44350848, 2e+18, 4.35345929e+14
13.171875, 0, 0, 1.50000072e+15, 0, 3.20754716e-14, 3.718e+18, 6.44e+20, 4.85, 4, 430.714102, 14.5496284, 1.25944173, 1411235.52, 5.17671838e+19, 117966072, 3.8153142e+12, 1.12755599, -429.132714, -432.59472, 1.50000072e+15, 2.15615157e+19, -1380708.38, 291941.858, 368.29952, 14.5496284, 77.2416122, 1.28078818, 1.25944173, 1.50000072e+15, 1.12692156, 0.000634869682, 0.0315512994, 1.12762747, -0.000619968747, -1.09058545, -1.09133248, 0.000136741601, 0.283858379, 0.283790662, 0, 1.60573806e-08, 1.60573806e-08, 1590651.36, 1590484.56, 16.6359627, 0.27, 3.332, -183.434152, -1.09120542, 0.28399512, 0, 1.50000072e+15, 1.55402206, 3.97476288, 2e+18, 3.35594779e+14
13.171875, 0, 0, 5.00000072e+15, 0, 3.20754716e-14, 3.718e+18, 6.44e+20, 4.85, 4, 430.714102, 14.5496284, 1.25944173, 1405571.24, 5.17671838e+19, 117966072, 3.8153142e+12, 1.12755599, -429.132714, -432.59472, 5.00000072e+15, 2.15615157e+19, -1382026.53, 256189.714, 368.29952, 14.5496284, 77.2416122, 1.28078818, 1.25944173, 5.00000072e+15, 1.12692156, 0.000634869682, 0.0315512994, 1.12762747, -0.000619968747, -1.09058545, -1.09133248, 0.000136741601, 0.283858379, 0.283790662, 0, 1.60573806e-08, 1.60573806e-08, 1590651.36, 1590484.56, 16.6359627, 0.27, 3.332, -183.434152, -1.09120542, 0.28399512, 0, 1.50000072e+15, 1.55402206, 3.97476288, 2e+18, 3.35594779e+14
13.28125, 0, 0, 5.00000205e+15, 0, 3.23657871e-14, 3.718e+18, 6.44e+20, 4.85, 4, 445.983975, 14.3255938, 1.25944171, 1429012.77, 5.50007765e+19, 138787307, 3.46431728e+12, 0.954567979, -444.397525, -447.861452, 5.00000205e+15, 2.53629308e+19, -1404937.88, 261203.04, 368.342956, 14.3255938, 75.5983606, 1.28078817, 1.25944171, 5.00000205e+15, 0.95406037, 0.00061164094, 0.0295160015, 0.954592832, -0.000411343911, -0.926451466, -0.926944626, 0.000452659725, 0.227857126, 0.228081422, 0, 1.60600698e-08, 1.60600698e-08, 1372020.59, 1371847.02, 19.5726962, 0.27, 3.332, -193.13773, -0.92686281, 0.228309786, 0, 1.50000205e+15, 0.633204487, 9.70316251, 2e+18, 4.34885384e+14
13.28125, 0, 0, 1.50000205e+15, 0, 3.23657871e-14, 3.718e+18, 6.44e+20, 4.85, 4, 445.983975, 14.3255938, 1.25944171, 1440109.47, 5.50007765e+19, 138787307, 3.46431728e+12, 0.954567979, -444.397525, -447.861452, 1.50000205e+15, 2.53629308e+19, -1408687.54, 299190.084, 368.342956, 14.3255938, 75.5983606, 1.28078817, 1.25944171, 1.50000205e+15, 0.95406037, 0.00061164094, 0.0295160015, 0.954592832, -0.000411343911, -0.926451466, -0.926944626, 0.000452659725, 0.227857126, 0.228081422, 0, 1.60600698e-08, 1.60600698e-08, 1372020.59, 1371847.02, 19.5726962, 0.27, 3.332, -193.13773, -0.92686281, 0.228309786, 0, 1.50000205e+15, 0.633204487, 9.70316251, 2e+18, 4.34885384e+14
13.390625, 0, 0, 1.50000569e+15, 0, 3.26457677e-14, 3.718e+18, 6.44e+20, 4.85, 4, 461.529142, 14.0718975, 1.25944167, 1459580.73, 6.17068679e+19, 95195689.6, 2.94974654e+12, 0.891657494, -459.954752, -463.40144, 1.50000569e+15, 1.73953691e+19, -1427510.48, 304285.618, 368.384488, 14.0718975, 74.5226294, 1.28078814, 1.25944167, 1.50000569e+15, 0.891158672, 0.000500297375, 0.0270811741, 0.891651018, -0.000491481058, -0.860088131, -0.860629272, 9.35084689e-05, 0.233264196, 0.233149726, 0, 1.60626413e-08, 1.60626413e-08, 1300370.08, 1300223.46, 13.4028848, 0.27, 3.332, -160.023864, -0.860579612, 0.233357704, 0, 1.50000569e+15, 2.52003698, 5.92113929, 2e+18, 3.49785285e+14
13.390625, 0, 0, 5.00000569e+15, 0, 3.26457677e-14, 3.718e+18, 6.44e+20, 4.85, 4, 461.529142, 14.0718975, 1.25944167, 1453831.74, 6.17068679e+19, 95195689.6, 2.94974654e+12, 0.891657494, -459.954752, -463.40144, 5.00000569e+15, 1.73953691e+19, -1429330.8, 265782.232, 368.384488, 14.0718975, 74.5226294, 1.28078814, 1.25944167, 5.00000569e+15, 0.891158672, 0.000500297375, 0.0270811741, 0.891651018, -0.000491481058, -0.860088131, -0.860629272, 9.35084689e-05, 0.233264196, 0.233149726, 0, 1.60626413e-08, 1.60626413e-08, 1300370.08, 1300223.46, 13.4028848, 0.27, 3.332, -160.023864, -0.860579612, 0.233357704, 0, 1.50000569e+15, 2.52003698, 5.92113929, 2e+18, 3.49785285e+14
13.5, 0, 0, 5.00001542e+15, 0, 3.29157387e-14, 3.718e+18, 6.44e+20, 4.85, 4, 477.328859, 13.8451846, 1.25944155, 1479321.09, 6.39607028e+19, 118256552, 2.59941077e+12, 0.73135849, -475.747672, -479.197071, 5.00001542e+15, 2.16052868e+19, -1454184.33, 271548.965, 368.424209, 13.8451846, 72.7630805, 1.28078806, 1.25944155, 5.00001542e+15, 0.730935899, 0.000502575665, 0.0252853203, 0.731308756, -0.000341973061, -0.708158202, -0.708508592, 0.000368288914, 0.181050406, 0.181185186, 0, 1.60651006e-08, 1.60651006e-08, 1087973.28, 1087824.51, 16.7615273, 0.27, 3.332, -165.533355, -0.708500175, 0.181418695, 0, 1.50001542e+15, 1.25950006, 14.6823374, 2e+18, 4.96440631e+14
13.5, 0, 0, 1.50001542e+15, 0, 3.29157387e-14, 3.718e+18, 6.44e+20, 4.85, 4, 477.328859, 13.8451846, 1.25944155, 1491368.06, 6.39607028e+19, 118256552, 2.59941077e+12, 0.73135849, -475.747672, -479.197071, 1.50001542e+15, 2.16052868e+19, -1458240.65, 312590.608, 368.424209, 13.8451846, 72.7630805, 1.28078806, 1.25944155, 1.50001542e+15, 0.730935899, 0.000502575665, 0.0252853203, 0.731308756, -0.000341973061, -0.708158202, -0.708508592, 0.000368288914, 0.181050406, 0.181185186, 0, 1.60651006e-08, 1.60651006e-08, 1087973.28, 1087824.51, 16.7615273, 0.27, 3.332, -165.533355, -0.708500175, 0.181418695, 0, 1.50001542e+15, 1.25950006, 14.6823374, 2e+18, 4.96440631e+14
13.609375, 0, 0, 1.50004078e+15, 0, 3.31733113e-14, 3.718e+18, 6.44e+20, 4.85, 4, 493.428156, 13.5875493, 1.25944124, 1512493.37, 6.95089877e+19, 84678277.6, 2.13771584e+12, 0.661602638, -491.857658, -495.290091, 1.50004078e+15, 1.54690913e+19, -1478634.49, 318239.241, 368.46181, 13.5875493, 71.603335, 1.28078783, 1.25944124, 1.50004078e+15, 0.661177899, 0.000427796295, 0.0233337783, 0.661515544, -0.00042260679, -0.63623204, -0.636623268, 6.64317002e-05, 0.179902766, 0.179759922, 0, 1.60674289e-08, 1.60674289e-08, 999155.421, 999037.278, 12.3361793, 0.27, 3.332, -130.478669, -0.636654646, 0.179969198, 0, 1.50004078e+15, 1.75570525, 16.9426737, 2e+18, 4.44329247e+14
13.609375, 0, 0, 5.00004078e+15, 0, 3.31733113e-14, 3.718e+18, 6.44e+20, 4.85, 4, 493.428156, 13.5875493, 1.25944124, 1506373.45, 6.95089877e+19, 84678277.6, 2.13771584e+12, 0.661602638, -491.857658, -495.290091, 5.00004078e+15, 1.54690913e+19, -1480720.77, 276815.79, 368.46181, 13.5875493, 71.603335, 1.28078783, 1.25944124, 5.00004078e+15, 0.661177899, 0.000427796295, 0.0233337783, 0.661515544, -0.00042260679, -0.63623204, -0.636623268, 6.64317002e-05, 0.179902766, 0.179759922, 0, 1.60674289e-08, 1.60674289e-08, 999155.421, 999037.278, 12.3361793, 0.27, 3.332, -130.478669, -0.636654646, 0.179969198, 0, 1.50004078e+15, 1.75570525, 16.9426737, 2e+18, 4.44329247e+14
13.71875, 0, 0, 5.00010529e+15, 0, 3.34189303e-14, 3.718e+18, 6.44e+20, 4.85, 4, 509.804307, 13.3578397, 1.25944045, 1534150.69, 6.98898799e+19, 106835730, 1.82165462e+12, 0.523784129, -508.226509, -511.661096, 5.00010529e+15, 1.9512037e+19, -1507749.13, 283391.786, 368.497403, 13.3578397, 69.7486665, 1.28078727, 1.25944045, 5.00010529e+15, 0.523407518, 0.000436929717, 0.0217837767, 0.523660116, -0.000306827467, -0.505767738, -0.506007915, 0.000311069902, 0.134738357, 0.13481805, 0, 1.60696329e-08, 1.60696329e-08, 807758.119, 807641.833, 16.3810621, 0.27, 3.332, -132.666931, -0.506074566, 0.135049427, 0, 1.50010529e+15, 2.83489762, 22.3140977, 2e+18, 6.92456979e+14
13.71875, 0, 0, 1.50010529e+15, 0, 3.34189303e-14, 3.718e+18, 6.44e+20, 4.85, 4, 509.804307, 13.3578397, 1.25944045, 1547166.11, 6.98898799e+19, 106835730, 1.82165462e+12, 0.523784129, -508.226509, -511.661096, 1.50010529e+15, 1.9512037e+19, -1512133.01, 327378.541, 368.497403, 13.3578397, 69.7486665, 1.28078727, 1.25944045, 1.50010529e+15, 0.523407518, 0.000436929717, 0.0217837767, 0.523660116, -0.000306827467, -0.505767738, -0.506007915, 0.000311069902, 0.134738357, 0.13481805, 0, 1.60696329e-08, 1.60696329e-08, 807758.119, 807641.833, 16.3810621, 0.27, 3.332, -132.666931, -0.506074566, 0.135049427, 0, 1.50010529e+15, 2.83489762, 22.3140977, 2e+18, 6.92456979e+14
13.828125, 0, 0, 1.50026542e+15, 0, 3.36497755e-14, 3.718e+18, 6.44e+20, 4.85, 4, 526.506066, 13.0974229, 1.25943848, 1569942.68, 7.32622648e+19, 76639709, 1.44180418e+12, 0.457236895, -524.938892, -528.355367, 1.50026542e+15, 1.39943826e+19, -1533998.11, 334020.688, 368.530623, 13.0974229, 68.4602779, 1.28078585, 1.25943848, 1.50026542e+15, 0.456860922, 0.000380730652, 0.0202875376, 0.457068603, -0.000377585065, -0.438178765, -0.438438565, 4.88400231e-05, 0.129310756, 0.129163974, 0, 1.60716901e-08, 1.60716901e-08, 716244.139, 716159.339, 14.0542005, 0.27, 3.332, -98.8547362, -0.438556351, 0.129359596, 0, 1.50026542e+15, 2.71055266, 25.7566479, 2e+18, 7.50715879e+14
13.828125, 0, 0, 5.00026542e+15, 0, 3.36497755e-14, 3.718e+18, 6.44e+20, 4.85, 4, 526.506066, 13.0974229, 1.25943848, 1563732.21, 7.32622648e+19, 76639709, 1.44180418e+12, 0.457236895, -524.938892, -528.355367, 5.00026542e+15, 1.39943826e+19, -1536685.24, 289580.572, 368.530623, 13.0974229, 68.4602779, 1.28078585, 1.25943848, 5.00026542e+15, 0.456860922, 0.000380730652, 0.0202875376, 0.457068603, -0.000377585065, -0.438178765, -0.438438565, 4.88400231e-05, 0.129310756, 0.129163974, 0, 1.60716901e-08, 1.60716901e-08, 716244.139, 716159.339, 14.0542005, 0.27, 3.332, -98.8547362, -0.438556351, 0.129359596, 0, 1.50026542e+15, 2.71055266, 25.7566479, 2e+18, 7.50715879e+14
13.9375, 0, 0, 5.00065324e+15, 0, 3.38663253e-14, 3.718e+18, 6.44e+20, 4.85, 4, 543.511303, 12.8636837, 1.25943373, 1594473.93, 7.13865513e+19, 98028629.6, 1.18298473e+12, 0.347926965, -541.936382, -545.354262, 5.00065324e+15, 1.78908531e+19, -1566501.16, 297357.061, 368.561585, 12.8636837, 66.4606349, 1.28078239, 1.25943373, 5.00065324e+15, 0.347583865, 0.000391332896, 0.0189717226, 0.347731137, -0.000279840593, -0.334802805, -0.334936451, 0.000273551966, 0.0933896396, 0.0934586399, 0, 1.60736075e-08, 1.60736075e-08, 557370.551, 557292.894, 21.3998537, 0.27, 3.332, -99.056237, -0.335082646, 0.0936631916, 0, 1.50065324e+15, 5.65340279, 34.1935815, 2e+18, 1.39333877e+15
13.9375, 0, 0, 1.50065324e+15, 0, 3.38663253e-14, 3.718e+18, 6.44e+20, 4.85, 4, 543.511303, 12.8636837, 1.25943373, 1608668.42, 7.13865513e+19, 98028629.6, 1.18298473e+12, 0.347926965, -541.936382, -545.354262, 1.50065324e+15, 1.78908531e+19, -1571350.15, 344489.202, 368.561585, 12.8636837, 66.4606349, 1.28078239, 1.25943373, 1.50065324e+15, 0.347583865, 0.000391332896, 0.0189717226, 0.347731137, -0.000279840593, -0.334802805, -0.334936451, 0.000273551966, 0.0933896396, 0.0934586399, 0, 1.60736075e-08, 1.60736075e-08, 557370.551, 557292.894, 21.3998537, 0.27, 3.332, -99.056237, -0.335082646, 0.0936631916, 0, 1.50065324e+15, 5.65340279, 34.1935815, 2e+18, 1.39333877e+15
14.046875, 0, 0, 1.50156972e+15, 0, 3.40651608e-14, 3.718e+18, 6.44e+20, 4.85, 4, 560.87935, 12.5949682, 1.25942249, 1634890.12, 7.23409105e+19, 70144990.9, 8.96580121e+11, 0.291783094, -559.315124, -562.713451, 1.50156972e+15, 1.27930906e+19, -1596923.45, 350287.339, 368.589845, 12.5949682, 65.1305493, 1.28077416, 1.25942249, 1.50156972e+15, 0.29144324, 0.000345836273, 0.0178714441, 0.291530358, -0.000343636775, -0.278492979, -0.278617866, 3.89421912e-05, 0.0859117152, 0.0858022957, 0, 1.60753576e-08, 1.60753576e-08, 475252.014, 475205.321, 22.3533355, 0.27, 3.332, -69.0458472, -0.278836616, 0.0859506574, 0, 1.50156972e+15, 4.86694618, 40.1054035, 2e+18, 1.92061292e+15
14.046875, 0, 0, 5.00156972e+15, 0, 3.40651608e-14, 3.718e+18, 6.44e+20, 4.85, 4, 560.87935, 12.5949682, 1.25942249, 1627390.92, 7.23409105e+19, 70144990.9, 8.96580121e+11, 0.291783094, -559.315124, -562.713451, 5.00156972e+15, 1.27930906e+19, -1598654.16, 304476.77, 368.589845, 12.5949682, 65.1305493, 1.28077416, 1.25942249, 5.00156972e+15, 0.29144324, 0.000345836273, 0.0178714441, 0.291530358, -0.000343636775, -0.278492979, -0.278617866, 3.89421912e-05, 0.0859117152, 0.0858022957, 0, 1.60753576e-08, 1.60753576e-08, 475252.014, 475205.321, 22.3533355, 0.27, 3.332, -69.0458472, -0.278836616, 0.0859506574, 0, 1.50156972e+15, 4.86694618, 40.1054035, 2e+18, 1.92061292e+15
14.15625, 0, 0, 5.00368283e+15, 0, 3.42468541e-14, 3.718e+18, 6.44e+20, 4.85, 4, 578.583546, 12.3558282, 1.25939659, 1661646.47, 6.75375362e+19, 88357028.9, 7.04607406e+11, 0.211966725, -577.012046, -580.409944, 5.00368283e+15, 1.60932187e+19, -1631836.48, 313334.788, 368.615528, 12.3558282, 63.0611838, 1.28075505, 1.25939659, 5.00368283e+15, 0.211656893, 0.000346660143, 0.0167605345, 0.211698551, -0.000253942007, -0.20322262, -0.203235663, 0.00023598032, 0.0591540974, 0.0592582638, 0, 1.60769482e-08, 1.60769482e-08, 353482.775, 353448.743, 33.6447666, 0.27, 3.332, -67.6770971, -0.203476562, 0.0593900777, 0, 1.50368283e+15, 11.3714332, 52.7281089, 2e+18, 3.67869464e+15
14.15625, 0, 0, 1.50368283e+15, 0, 3.42468541e-14, 3.718e+18, 6.44e+20, 4.85, 4, 578.583546, 12.3558282, 1.25939659, 1676437.79, 6.75375362e+19, 88357028.9, 7.04607406e+11, 0.211966725, -577.012046, -580.409944, 1.50368283e+15, 1.60932187e+19, -1637256.99, 360323.758, 368.615528, 12.3558282, 63.0611838, 1.28075505, 1.25939659, 1.50368283e+15, 0.211656893, 0.000346660143, 0.0167605345, 0.211698551, -0.000253942007, -0.20322262, -0.203235663, 0.00023598032, 0.0591540974, 0.0592582638, 0, 1.60769482e-08, 1.60769482e-08, 353482.775, 353448.743, 33.6447666, 0.27, 3.332, -67.6770971, -0.203476562, 0.0593900777, 0, 1.50368283e+15, 11.3714332, 52.7281089, 2e+18, 3.67869464e+15
14.265625, 0, 0, 1.50843626e+15, 0, 3.44073819e-14, 3.718e+18, 6.44e+20, 4.85, 4, 596.694347, 12.0784275, 1.25933831, 1706953.86, 6.56293131e+19, 62357986, 5.07386086e+11, 0.169485617, -595.133969, -598.51027, 1.50843626e+15, 1.13383445e+19, -1667462.43, 365048.669, 368.638109, 12.0784275, 61.7149831, 1.28071173, 1.25933831, 1.50843626e+15, 0.1691852, 0.00030728534, 0.015977211, 0.16914807, -0.000305744165, -0.161006092, -0.160981945, 3.07373701e-05, 0.051967972, 0.0519218911, 0, 1.60783468e-08, 1.60783468e-08, 287673.115, 287661.176, 32.1828224, 0.27, 3.332, -44.1223271, -0.161311837, 0.0519987094, 0, 1.50843626e+15, 8.92170184, 63.0300411, 2e+18, 4.88707337e+15
14.265625, 0, 0, 5.00843626e+15, 0, 3.44073819e-14, 3.718e+18, 6.44e+20, 4.85, 4, 596.694347, 12.0784275, 1.25933831, 1698623.52, 6.56293131e+19, 62357986, 5.07386086e+11, 0.169485617, -595.133969, -598.51027, 5.00843626e+15, 1.13383445e+19, -1667944.54, 321376.506, 368.638109, 12.0784275, 61.7149831, 1.28071173, 1.25933831, 5.00843626e+15, 0.1691852, 0.00030728534, 0.015977211, 0.16914807, -0.000305744165, -0.161006092, -0.160981945, 3.07373701e-05, 0.051967972, 0.0519218911, 0, 1.60783468e-08, 1.60783468e-08, 287673.115, 287661.176, 32.1828224, 0.27, 3.332, -44.1223271, -0.161311837, 0.0519987094, 0, 1.50843626e+15, 8.92170184, 63.0300411, 2e+18, 4.88707337e+15
14.375, 0, 0, 5.01886806e+15, 0, 3.45472957e-14, 3.718e+18, 6.44e+20, 4.85, 4, 615.18474, 11.8304679, 1.25921045, 1737691.96, 5.84242332e+19, 76685481.6, 3.7849471e+11, 0.116345281, -613.617836, -616.991314, 5.01886806e+15, 1.39056537e+19, -1705826.53, 331253.965, 368.657707, 11.8304679, 59.6434998, 1.28061594, 1.25921045, 5.01886806e+15, 0.116073854, 0.000299603244, 0.0150350651, 0.115998014, -0.000222768647, -0.11106894, -0.110944488, 0.000200340296, 0.0337169116, 0.0338653199, 0, 1.60795606e-08, 1.60795606e-08, 202542.537, 202541.943, 41.2790357, 0.27, 3.332, -41.8728415, -0.111291709, 0.0339172519, 0, 1.51886806e+15, 21.1685701, 82.3199191, 2e+18, 8.40338929e+15
14.375, 0, 0, 1.51886806e+15, 0, 3.45472957e-14, 3.718e+18, 6.44e+20, 4.85, 4, 615.18474, 11.8304679, 1.25921045, 1752661.06, 5.84242332e+19, 76685481.6, 3.7849471e+11, 0.116345281, -613.617836, -616.991314, 1.51886806e+15, 1.39056537e+19, -1712169.93, 374559.606, 368.657707, 11.8304679, 59.6434998, 1.28061594, 1.25921045, 1.51886806e+15, 0.116073854, 0.000299603244, 0.0150350651, 0.115998014, -0.000222768647, -0.11106894, -0.110944488, 0.000200340296, 0.0337169116, 0.0338653199, 0, 1.60795606e-08, 1.60795606e-08, 202542.537, 202541.943, 41.2790357, 0.27, 3.332, -41.8728415, -0.111291709, 0.0339172519, 0, 1.51886806e+15, 21.1685701, 82.3199191, 2e+18, 8.40338929e+15
14.484375, 0, 0, 1.54120158e+15, 0, 3.46617811e-14, 3.718e+18, 6.44e+20, 4.85, 4, 634.148064, 11.5354246, 1.25893679, 1789529.6, 5.38789302e+19, 51968442.1, 2.55414597e+11, 0.0876155834, -632.593558, -635.942111, 1.54120158e+15, 9.39966398e+18, -1749397.76, 376860.255, 368.673686, 11.5354246, 58.6213084, 1.28040931, 1.25893679, 1.54120158e+15, 0.0873606997, 0.000261340123, 0.0144874107, 0.0872017277, -0.000259944989, -0.082746954, -0.082576452, 2.69678105e-05, 0.028014879, 0.0280226855, 0, 1.60805502e-08, 1.60805502e-08, 155458.42, 155463.668, 30.7886401, 0.27, 3.332, -25.5412928, -0.083006899, 0.0280418468, 0, 1.54120158e+15, 38.2627416, 49.8184541, 2e+18, 9.28863379e+15
14.484375, 0, 0, 5.04120158e+15, 0, 3.46617811e-14, 3.718e+18, 6.44e+20, 4.85, 4, 634.148064, 11.5354246, 1.25893679, 1779905.15, 5.38789302e+19, 51968442.1, 2.55414597e+11, 0.0876155834, -632.593558, -635.942111, 5.04120158e+15, 9.39966398e+18, -1747333.88, 338949.358, 368.673686, 11.5354246, 58.6213084, 1.28040931, 1.25893679, 5.04120158e+15, 0.0873606997, 0.000261340123, 0.0144874107, 0.0872017277, -0.000259944989, -0.082746954, -0.082576452, 2.69678105e-05, 0.028014879, 0.0280226855, 0, 1.60805502e-08, 1.60805502e-08, 155458.42, 155463.668, 30.7886401, 0.27, 3.332, -25.5412928, -0.083006899, 0.0280418468, 0, 1.54120158e+15, 38.2627416, 49.8184541, 2e+18, 9.28863379e+15
14.59375, 0, 0, 5.08784348e+15, 0, 3.47514545e-14, 3.718e+18, 6.44e+20, 4.85, 4, 653.541112, 11.2798156, 1.25836565, 1823544.13, 4.47270688e+19, 61585336.8, 1.78516907e+11, 0.0559748601, -651.98124, -655.323753, 5.08784348e+15, 1.1099783e+19, -1790065.61, 347819.356, 368.686166, 11.2798156, 56.9002629, 1.27997458, 1.25836565, 5.08784348e+15, 0.0557534549, 0.000241620549, 0.0136730428, 0.0555691207, -0.000181932139, -0.0531735137, -0.0529303506, 0.000159000586, 0.0167638053, 0.0169205542, 0, 1.60813232e-08, 1.60813232e-08, 101995.381, 102003.854, 31.6356492, 0.27, 3.332, -23.1621696, -0.0533554459, 0.0169228059, 0, 1.58784348e+15, 38.0647638, 129.398695, 2e+18, 1.36556142e+16
14.59375, 0, 0, 1.58784348e+15, 0, 3.47514545e-14, 3.718e+18, 6.44e+20, 4.85, 4, 653.541112, 11.2798156, 1.25836565, 1838057.64, 4.47270688e+19, 61585336.8, 1.78516907e+11, 0.0559748601, -651.98124, -655.323753, 1.58784348e+15, 1.1099783e+19, -1797374.44, 384579.004, 368.686166, 11.2798156, 56.9002629, 1.27997458, 1.25836565, 1.58784348e+15, 0.0557534549, 0.000241620549, 0.0136730428, 0.0555691207, -0.000181932139, -0.0531735137, -0.0529303506, 0.000159000586, 0.0167638053, 0.0169205542, 0, 1.60813232e-08, 1.60813232e-08, 101995.381, 102003.854, 31.6356492, 0.27, 3.332, -23.1621696, -0.0533554459, 0.0169228059, 0, 1.58784348e+15, 38.0647638, 129.398695, 2e+18, 1.36556142e+16
14.703125, 0, 0, 1.68285818e+15, 0, 3.48107429e-14, 3.718e+18, 6.44e+20, 4.85, 4, 673.46563, 10.9789353, 1.25720379, 1879012.95, 3.77875939e+19, 40938139.5, 1.10987221e+11, 0.0390180003, -671.918751, -675.233154, 1.68285818e+15, 7.36320084e+18, -1838721.9, 387028.973, 368.6944, 10.9789353, 56.3611613, 1.27908279, 1.25720379, 1.68285818e+15, 0.0388160082, 0.000207838744, 0.0132845604, 0.0385717148, -0.000206709018, -0.036558945, -0.0362900596, 2.16408319e-05, 0.0130432369, 0.0130693823, 0, 1.60818332e-08, 1.60818332e-08, 72475.1369, 72479.7636, 18.1160601, 0.27, 3.332, -13.4893554, -0.036765654, 0.0130648777, 0, 1.68285818e+15, 63.649492, 78.2062378, 2e+18, 1.25779237e+16
14.703125, 0, 0, 5.18285818e+15, 0, 3.48107429e-14, 3.718e+18, 6.44e+20, 4.85, 4, 673.46563, 10.9789353, 1.25720379, 1869919.06, 3.77875939e+19, 40938139.5, 1.10987221e+11, 0.0390180003, -671.918751, -675.233154, 5.18285818e+15, 7.36320084e+18, -1836196.58, 353524.289, 368.6944, 10.9789353, 56.3611613, 1.27908279, 1.25720379, 5.18285818e+15, 0.0388160082, 0.000207838744, 0.0132845604, 0.0385717148, -0.000206709018, -0.036558945, -0.0362900596, 2.16408319e-05, 0.0130432369, 0.0130693823, 0, 1.60818332e-08, 1.60818332e-08, 72475.1369, 72479.7636, 18.1160601, 0.27, 3.332, -13.4893554, -0.036765654, 0.0130648777, 0, 1.68285818e+15, 63.649492, 78.2062378, 2e+18, 1.25779237e+16
14.8125, 0, 0, 5.37164511e+15, 0, 3.48402437e-14, 3.718e+18, 6.44e+20, 4.85, 4, 693.858357, 10.7268635, 1.25490161, 1917227.79, 2.85721213e+19, 46349733.9, 7.13487106e+10, 0.0227325063, -692.307543, -695.611835, 5.37164511e+15, 8.30200416e+18, -1883030.05, 360499.979, 368.698492, 10.7268635, 55.0052714, 1.27730028, 1.25490161, 5.37164511e+15, 0.0225607673, 0.000186615725, 0.0125632989, 0.0223134981, -0.000139851422, -0.0214153676, -0.021109743, 0.000123559736, 0.00709720025, 0.00722986501, 0, 1.60820867e-08, 1.60820867e-08, 43408.5831, 43413.0366, 15.8069755, 0.27, 3.332, -11.3534337, -0.021555219, 0.00722075999, 0, 1.87164511e+15, 60.4978753, 202.055053, 2e+18, 1.70714325e+16
14.8125, 0, 0, 1.87164511e+15, 0, 3.48402437e-14, 3.718e+18, 6.44e+20, 4.85, 4, 693.858357, 10.7268635, 1.25490161, 1932189.08, 2.85721213e+19, 46349733.9, 7.13487106e+10, 0.0227325063, -692.307543, -695.611835, 1.87164511e+15, 8.30200416e+18, -1891303.12, 395382.281, 368.698492, 10.7268635, 55.0052714, 1.27730028, 1.25490161, 1.87164511e+15, 0.0225607673, 0.000186615725, 0.0125632989, 0.0223134981, -0.000139851422, -0.0214153676, -0.021109743, 0.000123559736, 0.00709720025, 0.00722986501, 0, 1.60820867e-08, 1.60820867e-08, 43408.5831, 43413.0366, 15.8069755, 0.27, 3.332, -11.3534337, -0.021555219, 0.00722075999, 0, 1.87164511e+15, 60.4978753, 202.055053, 2e+18, 1.70714325e+16
14.921875, 0, 0, 2.23748233e+15, 0, 3.483351e-14, 3.718e+18, 6.44e+20, 4.85, 4, 714.837886, 10.426831, 1.25046429, 1977118.61, 2.14446708e+19, 30182875.8, 3.98664607e+10, 0.014305929, -713.300698, -716.572873, 2.23748233e+15, 5.39954502e+18, -1936767.49, 397403.674, 368.697559, 10.426831, 55.0423784, 1.27383247, 1.25046429, 2.23748233e+15, 0.014154192, 0.000156229758, 0.0122754321, 0.0138666925, -0.000155071657, -0.0132290961, -0.0129121613, 1.89873262e-05, 0.00503310707, 0.00505581367, 0, 1.60820288e-08, 1.60820288e-08, 27833.8104, 27834.7769, 7.21278974, 0.27, 3.332, -6.2462692, -0.0133841678, 0.0050520944, 0, 2.23748233e+15, 102.93603, 121.643684, 2e+18, 1.39405015e+16
14.921875, 0, 0, 5.73748233e+15, 0, 3.483351e-14, 3.718e+18, 6.44e+20, 4.85, 4, 714.837886, 10.426831, 1.25046429, 1967141.72, 2.14446708e+19, 30182875.8, 3.98664607e+10, 0.014305929, -713.300698, -716.572873, 5.73748233e+15, 5.39954502e+18, -1933310.3, 363259.996, 368.697559, 10.426831, 55.0423784, 1.27383247, 1.25046429, 5.73748233e+15, 0.014154192, 0.000156229758, 0.0122754321, 0.0138666925, -0.000155071657, -0.0132290961, -0.0129121613, 1.89873262e-05, 0.00503310707, 0.00505581367, 0, 1.60820288e-08, 1.60820288e-08, 27833.8104, 27834.7769, 7.21278974, 0.27, 3.332, -6.2462692, -0.0133841678, 0.0050520944, 0, 2.23748233e+15, 102.93603, 121.643684, 2e+18, 1.39405015e+16
15.03125, 0, 0, 6.42884126e+15, 0, 3.47913121e-14, 3.718e+18, 6.44e+20, 4.85, 4, 736.316193, 10.1846946, 1.24216377, 2016547.13, 1.41284348e+19, 32077436.5, 2.29415323e+10, 0.00737927166, -734.777057, -738.033636, 6.42884126e+15, 5.71358652e+18, -1982868.73, 367006.708, 368.691703, 10.1846946, 54.1877747, 1.2672789, 1.24216377, 6.42884126e+15, 0.00725500439, 0.00013453103, 0.0116185563, 0.00697346644, -9.9754004e-05, -0.00684255084, -0.0065088822, 9.02648143e-05, 0.00241134541, 0.00250273586, 0, 1.60816662e-08, 1.60816662e-08, 14751.9707, 14752.6169, 5.21325867, 0.27, 3.332, -4.56702708, -0.00694230484, 0.00250161023, 0, 2.92884126e+15, 90.2869192, 306.743591, 2e+18, 1.75073678e+16
15.03125, 0, 0, 2.92884126e+15, 0, 3.47913121e-14, 3.718e+18, 6.44e+20, 4.85, 4, 736.316193, 10.1846946, 1.24216377, 2032681.95, 1.41284348e+19, 32077436.5, 2.29415323e+10, 0.00737927166, -734.777057, -738.033636, 2.92884126e+15, 5.71358652e+18, -1991781.16, 405713.842, 368.691703, 10.1846946, 54.1877747, 1.2672789, 1.24216377, 2.92884126e+15, 0.00725500439, 0.00013453103, 0.0116185563, 0.00697346644, -9.9754004e-05, -0.00684255084, -0.0065088822, 9.02648143e-05, 0.00241134541, 0.00250273586, 0, 1.60816662e-08, 1.60816662e-08, 14751.9707, 14752.6169, 5.21325867, 0.27, 3.332, -4.56702708, -0.00694230484, 0.00250161023, 0, 2.92884126e+15, 90.2869192, 306.743591, 2e+18, 1.75073678e+16
15.140625, 0, 0, 4.20287219e+15, 0, 3.47065723e-14, 3.718e+18, 6.44e+20, 4.85, 4, 758.408099, 9.90181666, 1.22715285, 2078606, 9.05563146e+18, 20441465, 1.11710064e+10, 0.00406469276, -756.883251, -760.102705, 4.20287219e+15, 3.63820732e+18, -2037968.1, 409009.665, 368.679924, 9.90181666, 54.6827897, 1.25528744, 1.22715285, 4.20287219e+15, 0.00395918013, 0.000108568821, 0.0113902089, 0.0036454481, -0.000107373935, -0.00366256741, -0.00331677468, 1.60632203e-05, 0.00150356485, 0.001512712, 0, 1.60809366e-08, 1.60809366e-08, 8268.12773, 8267.69992, 1.91395536, 0.27, 3.332, -2.34176787, -0.00376994134, 0.00151962807, 0, 4.20287219e+15, 155.03136, 183.290507, 2e+18, 1.31968211e+16
15.140625, 0, 0, 7.70287219e+15, 0, 3.47065723e-14, 3.718e+18, 6.44e+20, 4.85, 4, 758.408099, 9.90181666, 1.22715285, 2067938.86, 9.05563146e+18, 20441465, 1.11710064e+10, 0.00406469276, -756.883251, -760.102705, 7.70287219e+15, 3.63820732e+18, -2035169.62, 366682.097, 368.679924, 9.90181666, 54.6827897, 1.25528744, 1.22715285, 7.70287219e+15, 0.00395918013, 0.000108568821, 0.0113902089, 0.0036454481, -0.000107373935, -0.00366256741, -0.00331677468, 1.60632203e-05, 0.00150356485, 0.001512712, 0, 1.60809366e-08, 1.60809366e-08, 8268.12773, 8267.69992, 1.91395536, 0.27, 3.332, -2.34176787, -0.00376994134, 0.00151962807, 0, 4.20287219e+15, 155.03136, 183.290507, 2e+18, 1.31968211e+16
15.25, 0, 0, 9.99201867e+15, 0, 3.45803468e-14, 3.718e+18, 6.44e+20, 4.85, 4, 781.011688, 9.67766657, 1.20107391, 2118247.86, 4.94837623e+18, 20790893.2, 5.57787516e+09, 0.00180485068, -779.486259, -782.684271, 9.99201867e+15, 3.67587296e+18, -2086058.03, 367880.266, 368.662326, 9.67766657, 54.1674828, 1.23415759, 1.20107391, 9.99201867e+15, 0.00171992643, 9.20857956e-05, 0.0107807965, 0.00141879671, -6.60639247e-05, -0.00160754663, -0.00125491239, 6.41510062e-05, 0.000611506957, 0.000661950913, 0, 1.60798466e-08, 1.60798466e-08, 3760.1564, 3759.99167, 1.2152803, 0.27, 3.332, -1.38001103, -0.00167361055, 0.000675657963, 0, 6.49201867e+15, 114.655742, 441.918779, 2e+18, 1.67757467e+16
15.25, 0, 0, 6.49201867e+15, 0, 3.45803468e-14, 3.718e+18, 6.44e+20, 4.85, 4, 781.011688, 9.67766657, 1.20107391, 2136816.88, 4.94837623e+18, 20790893.2, 5.57787516e+09, 0.00180485068, -779.486259, -782.684271, 6.49201867e+15, 3.67587296e+18, -2095382.77, 418756.974, 368.662326, 9.67766657, 54.1674828, 1.23415759, 1.20107391, 6.49201867e+15, 0.00171992643, 9.20857956e-05, 0.0107807965, 0.00141879671, -6.60639247e-05, -0.00160754663, -0.00125491239, 6.41510062e-05, 0.000611506957, 0.000661950913, 0, 1.60798466e-08, 1.60798466e-08, 3760.1564, 3759.99167, 1.2152803, 0.27, 3.332, -1.38001103, -0.00167361055, 0.000675657963, 0, 6.49201867e+15, 114.655742, 441.918779, 2e+18, 1.67757467e+16
15.359375, 0, 0, 1.05019388e+16, 0, 3.44052613e-14, 3.718e+18, 6.44e+20, 4.85, 4, 804.244597, 9.4155235, 1.15796707, 2182698.76, 2.74028691e+18, 13164766.1, 2.29413586e+09, 0.000855250942, -802.733626, -805.889014, 1.05019388e+16, 2.3236898e+18, -2141582.64, 421660.613, 368.637812, 9.4155235, 55.2311934, 1.1985994, 1.15796707, 1.05019388e+16, 0.000785167306, 7.18419809e-05, 0.0105907623, 0.000465270213, -7.05914689e-05, -0.000717439007, -0.000346246499, 1.33459633e-05, 0.00031901249, 0.000310788888, 0, 1.60783283e-08, 1.60783283e-08, 1816.94931, 1816.6983, 0.369160041, 0.27, 3.332, -0.620165851, -0.000788030476, 0.000332358454, 0, 1.05019388e+16, 223.344637, 260.997576, 2e+18, 1.23781857e+16
15.359375, 0, 0, 1.40019388e+16, 0, 3.44052613e-14, 3.718e+18, 6.44e+20, 4.85, 4, 804.244597, 9.4155235, 1.15796707, 2169236, 2.74028691e+18, 13164766.1, 2.29413586e+09, 0.000855250942, -802.733626, -805.889014, 1.40019388e+16, 2.3236898e+18, -2138433.55, 364261.913, 368.637812, 9.4155235, 55.2311934, 1.1985994, 1.15796707, 1.40019388e+16, 0.000785167306, 7.18419809e-05, 0.0105907623, 0.000465270213, -7.05914689e-05, -0.000717439007, -0.000346246499, 1.33459633e-05, 0.00031901249, 0.000310788888, 0, 1.60783283e-08, 1.60783283e-08, 1816.94931, 1816.6983, 0.369160041, 0.27, 3.332, -0.620165851, -0.000788030476, 0.000332358454, 0, 1.05019388e+16, 223.344637, 260.997576, 2e+18, 1.23781857e+16
15.46875, 0, 0, 2.08491173e+16, 0, 3.41832806e-14, 3.718e+18, 6.44e+20, 4.85, 4, 827.964045, 9.22239002, 1.0911001, 2214626.49, 1.15560407e+18, 13151740.6, 983800595, 0.000338594991, -826.45303, -829.581644, 2.08491173e+16, 2.3008979e+18, -2184936.83, 361416.023, 368.606557, 9.22239002, 55.3264747, 1.14212783, 1.0911001, 2.08491173e+16, 0.000282090365, 6.0999249e-05, 0.0100173444, 0.000161031717, -4.21660294e-05, -0.000261714775, 0.000110702198, 4.4078729e-05, 0.000105263243, 0.000116945445, 0, 1.60763926e-08, 1.60763926e-08, 724.408075, 724.336245, 0.199220796, 0.27, 3.332, -0.271051209, -0.000303880804, 0.000149341972, 0, 1.73491173e+16, 134.161239, 595.481752, 2e+18, 1.55531704e+16
15.46875, 0, 0, 1.73491173e+16, 0, 3.41832806e-14, 3.718e+18, 6.44e+20, 4.85, 4, 827.964045, 9.22239002, 1.0911001, 2235056.72, 1.15560407e+18, 13151740.6, 983800595, 0.000338594991, -826.45303, -829.581644, 1.73491173e+16, 2.3008979e+18, -2193166.02, 430698.706, 368.606557, 9.22239002, 55.3264747, 1.14212783, 1.0911001, 1.73491173e+16, 0.000282090365, 6.0999249e-05, 0.0100173444, 0.000161031717, -4.21660294e-05, -0.000261714775, 0.000110702198, 4.4078729e-05, 0.000105263243, 0.000116945445, 0, 1.60763926e-08, 1.60763926e-08, 724.408075, 724.336245, 0.199220796, 0.27, 3.332, -0.271051209, -0.000303880804, 0.000149341972, 0, 1.73491173e+16, 134.161239, 595.481752, 2e+18, 1.55531704e+16
15.578125, 0, 0, 2.87447776e+16, 0, 3.39077719e-14, 3.718e+18, 6.44e+20, 4.85, 4, 852.220103, 9.01836537, 0.995435942, 2267969.16, 6.95423198e+17, 8392281.87, 353645429, 0.00015538423, -850.723262, -853.805305, 2.87447776e+16, 1.46275575e+18, -2226000.95, 434285.456, 368.567489, 9.01836537, 57.0585891, 1.05877778, 0.995435942, 2.87447776e+16, 0.000109513442, 4.66285235e-05, 0.00985426259, 0.000298476871, -4.55169448e-05, -9.93509133e-05, 0.00029805762, 1.01206195e-05, 4.60715745e-05, 1.58144753e-05, 0, 1.60739731e-08, 1.60739731e-08, 344.714338, 344.661129, 0.053557937, 0.27, 3.332, -0.106766962, -0.000144867858, 5.6192194e-05, 0, 2.87447776e+16, 265.73722, 754.637975, 2e+18, 1.15804609e+16
15.578125, 0, 0, 3.22447776e+16, 0, 3.39077719e-14, 3.718e+18, 6.44e+20, 4.85, 4, 852.220103, 9.01836537, 0.995435942, 2253177.8, 6.95423198e+17, 8392281.87, 353645429, 0.00015538423, -850.723262, -853.805305, 3.22447776e+16, 1.46275575e+18, -2225239.31, 353723.398, 368.567489, 9.01836537, 57.0585891, 1.05877778, 0.995435942, 3.22447776e+16, 0.000109513442, 4.66285235e-05, 0.00985426259, 0.000298476871, -4.55169448e-05, -9.93509133e-05, 0.00029805762, 1.01206195e-05, 4.60715745e-05, 1.58144753e-05, 0, 1.60739731e-08, 1.60739731e-08, 344.714338, 344.661129, 0.053557937, 0.27, 3.332, -0.106766962, -0.000144867858, 5.6192194e-05, 0, 2.87447776e+16, 265.73722, 754.637975, 2e+18, 1.15804609e+16
15.6875, 0, 0, 5.072678e+16, 0, 3.35821839e-14, 3.718e+18, 6.44e+20, 4.85, 4, 876.751641, 8.917093, 0.871511191, 2273120.45, 2.00549395e+17, 8578992.17, 146257275, 7.47398944e-05, -875.253985, -878.308924, 5.072678e+16, 1.4697278e+18, -2246394.74, 347544.608, 368.520919, 8.917093, 57.5923778, 0.94637088, 0.871511191, 5.072678e+16, 3.58367067e-05, 4.1031576e-05, 0.00931254583, 0.000362110054, -2.7193063e-05, -3.33661355e-05, 0.000361890961, 3.07266587e-05, 1.30755706e-05, -1.25945814e-05, 0, 1.60710892e-08, 1.60710892e-08, 154.290839, 154.28137, 0.0309039777, 0.27, 3.332, -0.0403732493, -6.05591984e-05, 4.38022293e-05, 0, 4.722678e+16, 128.047711, 748.464783, 2e+18, 1.60677875e+16
15.6875, 0, 0, 4.722678e+16, 0, 3.35821839e-14, 3.718e+18, 6.44e+20, 4.85, 4, 876.751641, 8.917093, 0.871511191, 2291473.82, 2.00549395e+17, 8578992.17, 146257275, 7.47398944e-05, -875.253985, -878.308924, 4.722678e+16, 1.4697278e+18, -2248569.85, 441345.537, 368.520919, 8.917093, 57.5923778, 0.94637088, 0.871511191, 4.722678e+16, 3.58367067e-05, 4.1031576e-05, 0.00931254583, 0.000362110054, -2.7193063e-05, -3.33661355e-05, 0.000361890961, 3.07266587e-05, 1.30755706e-05, -1.25945814e-05, 0, 1.60710892e-08, 1.60710892e-08, 154.290839, 154.28137, 0.0309039777, 0.27, 3.332, -0.0403732493, -6.05591984e-05, 4.38022293e-05, 0, 4.722678e+16, 128.047711, 748.464783, 2e+18, 1.60677875e+16
15.796875, 0, 0, 7.64319678e+16, 0, 3.32016209e-14, 3.718e+18, 6.44e+20, 4.85, 4, 901.407569, 8.87210561, 0.728250575, 2277394.16, 2.33244001e+17, 5582587.62, 58107038.1, 4.55024836e-05, -899.923421, -902.935689, 7.64319678e+16, 9.33552249e+17, -2233827.89, 443325.049, 368.465926, 8.87210561, 59.2555035, 0.809910102, 0.728250575, 7.64319678e+16, 1.44217656e-05, 3.1232397e-05, 0.00917351298, 0.000415991983, -3.03268656e-05, -1.31869933e-05, 0.000412601586, 7.46618027e-06, 5.8387097e-06, -5.30024635e-05, 0, 1.60676838e-08, 1.60676838e-08, 102.533434, 102.52079, 0.0115305314, 0.27, 3.332, -0.0241744875, -4.35138589e-05, 1.330489e-05, 0, 7.64319678e+16, 293.082562, 791.021618, 2e+18, 1.49530234e+16
15.796875, 0, 0, 7.99319678e+16, 0, 3.32016209e-14, 3.718e+18, 6.44e+20, 4.85, 4, 901.407569, 8.87210561, 0.728250575, 2264764.08, 2.33244001e+17, 5582587.62, 58107038.1, 4.55024836e-05, -899.923421, -902.935689, 7.99319678e+16, 9.33552249e+17, -2239274.84, 338828.181, 368.465926, 8.87210561, 59.2555035, 0.809910102, 0.728250575, 7.99319678e+16, 1.44217656e-05, 3.1232397e-05, 0.00917351298, 0.000415991983, -3.03268656e-05, -1.31869933e-05, 0.000412601586, 7.46618027e-06, 5.8387097e-06, -5.30024635e-05, 0, 1.60676838e-08, 1.60676838e-08, 102.533434, 102.52079, 0.0115305314, 0.27, 3.332, -0.0241744875, -4.35138589e-05, 1.330489e-05, 0, 7.64319678e+16, 293.082562, 791.021618, 2e+18, 1.49530234e+16
15.90625, 0, 0, 1.24887201e+17, 0, 3.27715082e-14, 3.718e+18, 6.44e+20, 4.85, 4, 925.600017, 9.04207789, 0.581193509, 2203687.88, 3.25486798e+16, 5894947.33, 31198361.7, 3.32413628e-05, -924.113983, -927.108565, 1.24887201e+17, 9.10718606e+17, -2177777.76, 336933.643, 368.403028, 9.04207789, 58.1593303, 0.662017693, 0.581193509, 1.24887201e+17, 5.49044253e-06, 2.83751808e-05, 0.00865952374, 0.000425001883, -1.83908559e-05, -5.17408465e-06, 0.000419640671, 2.16085007e-05, 1.83679264e-06, -6.72927041e-05, 0, 1.60637892e-08, 1.60637892e-08, 60.6393727, 60.6380637, 0.0118903491, 0.27, 3.332, -0.0131993453, -2.35649406e-05, 2.34452933e-05, 0, 1.21387201e+17, 78.8390935, 621.859722, 2e+18, 2.87504602e+16
15.90625, 0, 0, 1.21387201e+17, 0, 3.27715082e-14, 3.718e+18, 6.44e+20, 4.85, 4, 925.600017, 9.04207789, 0.581193509, 2204652.24, 3.25486798e+16, 5894947.33, 31198361.7, 3.32413628e-05, -924.113983, -927.108565, 1.21387201e+17, 9.10718606e+17, -2160408.68, 439460.836, 368.403028, 9.04207789, 58.1593303, 0.662017693, 0.581193509, 1.21387201e+17, 5.49044253e-06, 2.83751808e-05, 0.00865952374, 0.000425001883, -1.83908559e-05, -5.17408465e-06, 0.000419640671, 2.16085007e-05, 1.83679264e-06, -6.72927041e-05, 0, 1.60637892e-08, 1.60637892e-08, 60.6393727, 60.6380637, 0.0118903491, 0.27, 3.332, -0.0131993453, -2.35649406e-05, 2.34452933e-05, 0, 1.21387201e+17, 78.8390935, 621.859722, 2e+18, 2.87504602e+16
16.015625, 0, 0, 1.88778391e+17, 0, 3.22903453e-14, 3.718e+18, 6.44e+20, 4.85, 4, 948.666509, 9.48345296, 0.44614332, 2060281.65, 5.96539059e+16, 3992904.45, 17286569.3, 2.4455325e-05, -947.192662, -950.156516, 1.88778391e+17, 4.96608791e+17, -2012752.73, 439985.142, 368.331705, 9.48345296, 55.0630578, 0.518689937, 0.44614332, 1.88778391e+17, 2.63744757e-06, 2.18496485e-05, 0.00854201141, 0.000470318177, -2.113918e-05, -2.40805112e-06, 0.000459532732, 5.52650044e-06, 1.07583431e-06, -0.000100144177, 0, 1.60593732e-08, 1.60593732e-08, 50.2592829, 50.2570158, 0.00951571516, 0.27, 3.332, -0.011782811, -2.35472312e-05, 6.60233475e-06, 0, 1.88778391e+17, 134.310007, 385.642163, 2e+18, 4.16800023e+16
16.015625, 0, 0, 1.92278391e+17, 0, 3.22903453e-14, 3.718e+18, 6.44e+20, 4.85, 4, 948.666509, 9.48345296, 0.44614332, 2066752.2, 5.96539059e+16, 3992904.45, 17286569.3, 2.4455325e-05, -947.192662, -950.156516, 1.92278391e+17, 4.96608791e+17, -2037859.77, 344372.168, 368.331705, 9.48345296, 55.0630578, 0.518689937, 0.44614332, 1.92278391e+17, 2.63744757e-06, 2.18496485e-05, 0.00854201141, 0.000470318177, -2.113918e-05, -2.40805112e-06, 0.000459532732, 5.52650044e-06, 1.07583431e-06, -0.000100144177, 0, 1.60593732e-08, 1.60593732e-08, 50.2592829, 50.2570158, 0.00951571516, 0.27, 3.332, -0.011782811, -2.35472312e-05, 6.60233475e-06, 0, 1.88778391e+17, 134.310007, 385.642163, 2e+18, 4.16800023e+16
16.125, 0, 0, 2.90635171e+17, 0, 3.17676821e-14, 3.718e+18, 6.44e+20, 4.85, 4, 969.376377, 10.5625947, 0.333158245, 1808130.28, 1.87774069e+15, 4369037.33, 11736352.9, 2.11104913e-05, -967.899474, -970.85432, 2.90635171e+17, 3.47875376e+17, -1770009.74, 369324.534, 368.253049, 10.5625947, 48.6003568, 0.392986804, 0.333158245, 2.90635171e+17, 1.00149497e-06, 2.02031831e-05, 0.00805465131, 0.000485076761, -1.33988516e-05, -9.23155618e-07, 0.000466807681, 1.51208262e-05, 3.88298694e-07, -0.000131871351, 0, 1.60545036e-08, 1.60545036e-08, 30.3815549, 30.3907585, 0.0124247147, 0.27, 3.332, -0.00322111815, -1.43220072e-05, 1.55091249e-05, 0, 2.87135171e+17, 13.0384978, 118.923684, 2e+18, 8.04831303e+16
16.125, 0, 0, 2.87135171e+17, 0, 3.17676821e-14, 3.718e+18, 6.44e+20, 4.85, 4, 969.376377, 10.5625947, 0.333158245, 1753360.54, 1.87774069e+15, 4369037.33, 11736352.9, 2.11104913e-05, -967.899474, -970.85432, 2.87135171e+17, 3.47875376e+17, -1704558.47, 410796.296, 368.253049, 10.5625947, 48.6003568, 0.392986804, 0.333158245, 2.87135171e+17, 1.00149497e-06, 2.02031831e-05, 0.00805465131, 0.000485076761, -1.33988516e-05, -9.23155618e-07, 0.000466807681, 1.51208262e-05, 3.88298694e-07, -0.000131871351, 0, 1.60545036e-08, 1.60545036e-08, 30.3815549, 30.3907585, 0.0124247147, 0.27, 3.332, -0.00322111815, -1.43220072e-05, 1.55091249e-05, 0, 2.87135171e+17, 13.0384978, 118.923684, 2e+18, 8.04831303e+16
16.234375, 0, 0, 4.26848457e+17, 0, 3.12122733e-14, 3.718e+18, 6.44e+20, 4.85, 4, 985.953725, 13.195631, 0.245017961, 1279460.39, 2.89276299e+14, 3653200.99, 6323841.81, 1.72902039e-05, -984.482286, -987.412295, 4.26848457e+17, 2.55340719e+17, -1214499.29, 402505.087, 368.168071, 13.195631, 40.8590431, 0.291275924, 0.245017961, 4.26848457e+17, 3.40987546e-07, 1.69531283e-05, 0.00795906989, 0.000535958719, -1.51046836e-05, -2.76636386e-07, 0.000507214625, 7.69786283e-06, 1.99361021e-07, -0.000173161985, 0, 1.60492432e-08, 1.60492432e-08, 22.4938404, 22.50337, 0.00627067484, 0.27, 3.332, 0.003258886, -1.538132e-05, 7.89722385e-06, 0, 4.26848457e+17, 4.5125554, 7.56014803, 2e+18, 7.4948865e+16
16.234375, 0, 0, 4.30348457e+17, 0, 3.12122733e-14, 3.718e+18, 6.44e+20, 4.85, 4, 985.953725, 13.195631, 0.245017961, 1356131.67, 2.89276299e+14, 3653200.99, 6323841.81, 1.72902039e-05, -984.482286, -987.412295, 4.30348457e+17, 2.55340719e+17, -1289359.94, 420290.433, 368.168071, 13.195631, 40.8590431, 0.291275924, 0.245017961, 4.30348457e+17, 3.40987546e-07, 1.69531283e-05, 0.00795906989, 0.000535958719, -1.51046836e-05, -2.76636386e-07, 0.000507214625, 7.69786283e-06, 1.99361021e-07, -0.000173161985, 0, 1.60492432e-08, 1.60492432e-08, 22.4938404, 22.50337, 0.00627067484, 0.27, 3.332, 0.003258886, -1.538132e-05, 7.89722385e-06, 0, 4.26848457e+17, 4.5125554, 7.56014803, 2e+18, 7.4948865e+16
16.34375, 0, 0, 6.23425239e+17, 0, 3.0646258e-14, 3.718e+18, 6.44e+20, 4.85, 4, 994.955709, 24.2304123, 0.179420656, 941362.21, 5.66646751e+10, 6010531.77, 868605.409, 1.72094361e-05, -993.468252, -996.351569, 6.23425239e+17, -1.97576476e+18, -680535.876, 650410.433, 368.079941, 24.2304123, 26.1564268, 0.213663124, 0.179420656, 6.23425239e+17, 1.74616535e-08, 1.71920332e-05, 0.00749588884, 0.000555449271, -1.0999343e-05, -1.22350327e-08, 0.000498766648, 1.32128899e-05, 1.24584638e-08, -0.000244449838, 0, 1.60437882e-08, 1.60437882e-08, 11.0735531, 11.0946431, 0.0061328261, 0.27, 3.332, 0.0149571807, -1.1011578e-05, 1.32253484e-05, 0, 6.19925239e+17, 0.014210638, 0.0254365492, 2e+18, 5.40424161e+17
16.34375, 0, 0, 6.19925239e+17, 0, 3.0646258e-14, 3.718e+18, 6.44e+20, 4.85, 4, 994.955709, 24.2304123, 0.179420656, 646425.158, 5.66646751e+10, 6010531.77, 868605.409, 1.72094361e-05, -993.468252, -996.351569, 6.19925239e+17, -1.97576476e+18, -573274.105, 298700.996, 368.079941, 24.2304123, 26.1564268, 0.213663124, 0.179420656, 6.19925239e+17, 1.74616535e-08, 1.71920332e-05, 0.00749588884, 0.000555449271, -1.0999343e-05, -1.22350327e-08, 0.000498766648, 1.32128899e-05, 1.24584638e-08, -0.000244449838, 0, 1.60437882e-08, 1.60437882e-08, 11.0735531, 11.0946431, 0.0061328261, 0.27, 3.332, 0.0149571807, -1.1011578e-05, 1.32253484e-05, 0, 6.19925239e+17, 0.014210638, 0.0254365492, 2e+18, 5.40424161e+17
16.453125, 0, 0, 8.79387195e+17, 0, 3.00946367e-14, 3.718e+18, 6.44e+20, 4.85, 4, 998.494096, 23.2621777, 0.131948913, 388191.54, 70645673.5, 9918341.65, 4.82852003, 1.81817469e-05, -996.990539, -999.50652, 8.79387195e+17, -4.13831773e+18, -253475.186, 294011.909, 367.992514, 33.1368985, 23.2621777, 0.156656064, 0.131948913, 8.79387195e+17, 5.17890973e-14, 1.81817468e-05, 0.00742164989, 0.000511232207, -8.15655046e-06, -2.53493233e-14, 0.000400505177, 1.62495108e-05, 4.51610719e-14, -0.000317732549, 0, 1.60383772e-08, 1.60383772e-08, 8.50337025, 8.52238579, 5.6950839e-08, 0.27, 3.332, 0.0190154858, -8.15655049e-06, 1.62495109e-05, 0, 8.79387195e+17, 0.000156367583, 0.000130248985, 2e+18, 9.89450579e+17
16.453125, 0, 0, 8.82887195e+17, 0, 3.00946367e-14, 3.718e+18, 6.44e+20, 4.85, 4, 998.494096, 23.2621777, 0.131948913, 857792.824, 70645673.5, 9918341.65, 4.82852003, 1.81817469e-05, -996.990539, -999.50652, 8.82887195e+17, -4.13831773e+18, -274685.386, 812623.202, 367.992514, 33.1368985, 23.2621777, 0.156656064, 0.131948913, 8.82887195e+17, 5.17890947e-14, 1.81817468e-05, 0.00742164989, 0.000511232207, -8.15655046e-06, -2.53493233e-14, 0.000400505177, 1.62495108e-05, 4.51610697e-14, -0.000317732549, 0, 1.60383772e-08, 1.60383772e-08, 8.50337025, 8.52238579, 5.69508388e-08, 0.27, 3.332, 0.0190154858, -8.15655049e-06, 1.62495109e-05, 0, 8.79387195e+17, 0.000156367583, 0.000130248985, 2e+18, 9.89450579e+17
16.5625, 0, 0, 1.22174449e+18, 0, 2.95776676e-14, 3.718e+18, 6.44e+20, 4.85, 4, 1000.216, 24.3165466, 0.0980636136, 738942.802, 4294811.57, 14093699.7, 0.38681808, 2.13628045e-05, -998.701101, -1001.14874, 1.22174449e+18, -5.90694786e+18, -115835.762, 729807.194, 367.909151, 27.6206873, 24.3165466, 0.115676943, 0.0980636136, 1.22174449e+18, 1.74596513e-15, 2.13628045e-05, 0.00698264493, 0.000376643483, -5.33188346e-06, -5.64994947e-16, 0.000210274214, 2.06867212e-05, 1.65202147e-15, -0.000312482108, 0, 1.60332182e-08, 1.60332182e-08, 7.46686181, 7.96591689, 3.2715133e-09, 0.27, 3.332, 0.499055077, -5.33188346e-06, 2.06867212e-05, 0, 1.21824449e+18, 0.000564331214, 0.000538622494, 2e+18, 1.33244691e+18
16.5625, 0, 0, 1.21824449e+18, 0, 2.95776676e-14, 3.718e+18, 6.44e+20, 4.85, 4, 1000.216, 24.3165466, 0.0980636136, 289839.098, 4294811.57, 14093699.7, 0.38681808, 2.13628045e-05, -998.701101, -1001.14874, 1.21824449e+18, -5.90694786e+18, -114136.328, 266419.972, 367.909151, 27.6206873, 24.3165466, 0.115676943, 0.0980636136, 1.21824449e+18, 1.74596513e-15, 2.13628045e-05, 0.00698264493, 0.000376643483, -5.33188346e-06, -5.64994947e-16, 0.000210274214, 2.06867212e-05, 1.65202147e-15, -0.000312482108, 0, 1.60332182e-08, 1.60332182e-08, 7.46686181, 7.96591689, 3.27151337e-09, 0.27, 3.332, 0.499055077, -5.33188346e-06, 2.06867212e-05, 0, 1.21824449e+18, 0.000564331214, 0.000538622494, 2e+18, 1.33244691e+18
16.671875, 0, 0, 1.64802841e+18, 0, 2.91036823e-14, 3.718e+18, 6.44e+20, 4.85, 4, 1000.99083, 21.6004859, 0.0739704312, 250653.646, 0, 21244601, 0.00149221125, 2.08568717e-05, -999.462731, -1001.74774, 1.64802841e+18, -8.49534752e+18, -128185.876, 215396.452, 367.831463, 23.4591141, 21.6004859, 0.0864936842, 0.0739704312, 1.64802841e+18, 4.05798617e-18, 2.08568717e-05, 0.00693167531, 0.000287243022, -4.98734483e-06, -1.48674308e-18, 0.000149385556, 2.02518021e-05, 3.77582399e-18, -0.000245341617, 0, 1.60284109e-08, 1.60284109e-08, 3.8539101, 4.89348297, -5.0424437e-09, 0.27, 3.332, 1.03957287, -4.98734483e-06, 2.02518021e-05, 0, 1.64802841e+18, 1.1967368e-07, 0, 2e+18, 1.77020601e+18
16.671875, 0, 0, 1.65152841e+18, 0, 2.91036823e-14, 3.718e+18, 6.44e+20, 4.85, 4, 1000.99083, 21.6004859, 0.0739704312, 562489.134, -1.77258934e-15, 21244601, 0.00149221125, 2.08568717e-05, -999.462731, -1001.74774, 1.65152841e+18, -8.49534752e+18, -69764.6436, 558145.967, 367.831463, 23.4591141, 21.6004859, 0.0864936842, 0.0739704312, 1.65152841e+18, 4.05798617e-18, 2.08568717e-05, 0.00693167531, 0.000287243022, -4.98734483e-06, -1.48674308e-18, 0.000149385556, 2.02518021e-05, 3.77582399e-18, -0.000245341617, 0, 1.60284109e-08, 1.60284109e-08, 3.8539101, 4.89348297, -5.0424442e-09, 0.27, 3.332, 1.03957287, -4.98734483e-06, 2.02518021e-05, 0, 1.64802841e+18, 1.1967368e-07, -5.97991094e-20, 2e+18, 1.77020601e+18
16.78125, 0, 0, 2.18044563e+18, 0, 2.86710208e-14, 3.718e+18, 6.44e+20, 4.85, 4, 1002.16517, 19.0418913, 0.0567973401, 204826.434, 0, 1.20523815e+16, 7.19773843e-07, 1.24345146, -999.998093, -1002.68041, 2.18044563e+18, 5.64093453e+13, -39596.8552, 200962.577, 367.759465, 20.3877121, 19.0418913, 0.0657327143, 0.0567973401, 2.18044563e+18, 4.01915267e-21, 1.24345146, 0.00734166985, 1.24344826, -1.2121935, -4.06048175e-22, -1.21214607, -0.277053161, 3.99858888e-21, -0.277246243, 0, 1.6023956e-08, 1.6023956e-08, 34.5430165, -6052.80175, -0.467787023, 0.27, 3.332, -6086.87698, -1.2121935, -0.277053161, 0, 2.10995585e+18, 6.75776234e-10, 0, 2e+18, 1.99999999e+18
16.78125, 0, 0, 2.17694563e+18, 0, 2.86710208e-14, 3.718e+18, 6.44e+20, 4.85, 4, 1002.16517, 19.0418913, 0.0567973401, 178743.333, 0, 1.20523815e+16, 7.19773843e-07, 1.24345146, -999.998093, -1002.68041, 2.17694563e+18, 5.6409345e+13, -57003.3707, 169410.138, 367.759465, 20.3877121, 19.0418913, 0.0657327143, 0.0567973401, 2.17694563e+18, 4.01915267e-21, 1.24345146, 0.00734166985, 1.24344826, -1.2121935, -4.06048175e-22, -1.21214607, -0.277053161, 3.99858888e-21, -0.277246243, 0, 1.6023956e-08, 1.6023956e-08, 34.5430165, -6052.80175, -0.467787023, 0.27, 3.332, -6086.87698, -1.2121935, -0.277053161, 0, 2.10995585e+18, 6.75776234e-10, 0, 2e+18, 1.99999999e+18
16.890625, 0, 0, 2.80781491e+18, 0, 2.82780939e-14, 3.718e+18, 6.44e+20, 4.85, 4, 1002.23778, 17.145912, 0.0444803135, 111826.318, 0, 1.17189991e+17, 4.42130063e-08, 8.20044833, -999.998356, -1002.66498, 2.80781491e+18, 6.31153514e+12, -72279.9863, 85327.1885, 367.693155, 18.1342927, 17.145912, 0.0509015302, 0.0444803135, 2.80781491e+18, 3.23239479e-22, 8.20044833, 0.0164041802, 8.20047091, -6.8033561, -1.09133994e-23, -6.80332363, -4.57839476, 3.23055195e-22, -4.57848345, 0, 1.60198535e-08, 1.60198535e-08, 219.261334, -9495.52358, -3.31315435, 0.27, 3.332, -9711.47176, -6.8033561, -4.57839476, 0, 2.14143447e+18, 0, 0, 2e+18, 2e+18
16.890625, 0, 0, 2.81131491e+18, 0, 2.82780939e-14, 3.718e+18, 6.44e+20, 4.85, 4, 1002.23778, 17.145912, 0.0444803135, 34024.8641, 0, 1.17189991e+17, 4.42130063e-08, 8.20044833, -999.998356, -1002.66498, 2.81131491e+18, 6.31153514e+12, -3062.51276, 33886.7583, 367.693155, 18.1342927, 17.145912, 0.0509015302, 0.0444803135, 2.81131491e+18, 3.23239479e-22, 8.20044833, 0.0164041802, 8.20047091, -6.8033561, -1.09133994e-23, -6.80332363, -4.57839476, 3.23055195e-22, -4.57848345, 0, 1.60198535e-08, 1.60198535e-08, 219.261334, -9495.52358, -3.31315435, 0.27, 3.332, -9711.47176, -6.8033561, -4.57839476, 0, 2.14143447e+18, -7.50262334e-26, 0, 2e+18, 2e+18
17, 0, 0, 3.53954682e+18, 0, 2.79191696e-14, 3.718e+18, 6.44e+20, 4.85, 4, 1002.25857, 15.7533219, 0.0355750115, 20992.8505, 0, 2.22594611e+17, 4.36302614e-09, 13.2562352, -999.998567, -1002.61277, 3.53954682e+18, -6.31153514e+12, -1157.36522, 20960.9226, 367.631796, 16.4814025, 15.7533219, 0.0402310814, 0.0355750115, 3.53954682e+18, 2.87475493e-23, 13.2562352, 0.0619719876, 13.2562361, -11.0868548, 2.42815398e-25, -11.0868571, -7.26700906, 2.87465238e-23, -7.26700731, 0, 1.60160574e-08, 1.60160574e-08, 327.019141, -6360.9152, -6.02785767, 0.27, 3.332, -6681.90649, -11.0868548, -7.26700906, 0, 2.21585767e+18, 0, 0, 2e+18, 2e+18
17, 0, 0, 3.53604682e+18, 0, 2.79191696e-14, 3.718e+18, 6.44e+20, 4.85, 4, 1002.25857, 15.7533219, 0.0355750115, 1615.42192, 0, 2.22594611e+17, 4.36302614e-09, 13.2562352, -999.998567, -1002.61277, 3.53604682e+18, -6.31153514e+12, -1503.43785, 590.984463, 367.631796, 16.4814025, 15.7533219, 0.0402310814, 0.0355750115, 3.53604682e+18, 2.87475493e-23, 13.2562352, 0.0619719876, 13.2562361, -11.0868548, 2.42815398e-25, -11.0868571, -7.26700906, 2.87465238e-23, -7.26700731, 0, 1.60160574e-08, 1.60160574e-08, 327.019141, -6360.9152, -6.02785767, 0.27, 3.332, -6681.90649, -11.0868548, -7.26700906, 0, 2.21585767e+18, 0, 0, 2e+18, 2e+18
17.125, 0, 0, 4.46958584e+18, 0, 2.75482066e-14, 3.718e+18, 6.44e+20, 4.85, 4, 1002.27239, 14.6033179, 0.0283094469, 1144.71155, 0, 3.38925082e+17, 2.40759707e-10, 16.1894152, -999.998784, -1002.5352, 4.46958584e+18, -0.164340749, -1042.22124, 473.433652, 367.567565, 15.203595, 14.6033179, 0.0321020167, 0.0283094469, 4.46958584e+18, 1.5850415e-24, 16.1894152, 0.102325443, 16.1894161, -14.3947737, 1.94833961e-26, -14.3947753, -7.40862018, 1.58492175e-24, -7.40861911, 0, 1.60120841e-08, 1.60120841e-08, 319.730459, -1436.56105, -8.9213035, 0.27, 3.332, -1747.37021, -14.3947737, -7.40862018, 0, 2.33383715e+18, 0, 0, 2e+18, 2e+18
17.125, 0, 0, 4.47308584e+18, 0, 2.75482066e-14, 3.718e+18, 6.44e+20, 4.85, 4, 1002.27239, 14.6033179, 0.0283094469, 16505.5995, 0, 3.38925082e+17, 2.40759707e-10, 16.1894152, -999.998784, -1002.5352, 4.47308584e+18, 0.0150438693, -758.04143, 16488.1833, 367.567565, 15.203595, 14.6033179, 0.0321020167, 0.0283094469, 4.47308584e+18, 1.5850415e-24, 16.1894152, 0.102325443, 16.1894161, -14.3947737, 1.94833961e-26, -14.3947753, -7.40862018, 1.58492175e-24, -7.40861911, 0, 1.60120841e-08, 1.60120841e-08, 319.730459, -1436.56105, -8.9213035, 0.27, 3.332, -1747.37021, -14.3947737, -7.40862018, 0, 2.33383715e+18, 0, 0, 2e+18, 2e+18
17.25, 0, 0, 5.47941321e+18, 0, 2.72112138e-14, 3.718e+18, 6.44e+20, 4.85, 4, 1002.2821, 13.7872729, 0.0232015551, 13823.8789, 0, 4.53850656e+17, 1.38382938e-11, 16.9107183, -999.998971, -1002.45482, 5.47941321e+18, -1.26230703e+13, -560.485106, 13812.5119, 367.508482, 14.2156165, 13.7872729, 0.0258827473, 0.0232015551, 5.47941321e+18, 9.11122948e-26, 16.9107183, 0.163884835, 16.9107188, -15.249616, 1.04743909e-27, -15.2496169, -7.30900851, 9.11062738e-26, -7.30900795, 0, 1.60084294e-08, 1.60084294e-08, 291.391238, -973.222063, -11.6554106, 0.27, 3.332, -1252.95789, -15.249616, -7.30900851, 0, 2.44896903e+18, 0, 0, 2e+18, 2e+18
17.25, 0, 0, 5.47591321e+18, 0, 2.72112138e-14, 3.718e+18, 6.44e+20, 4.85, 4, 1002.2821, 13.7872729, 0.0232015551, 740.630442, 0, 4.53850656e+17, 1.38382938e-11, 16.9107183, -999.998971, -1002.45482, 5.47591321e+18, -1.26230703e+13, -675.324278, 304.089741, 367.508482, 14.2156165, 13.7872729, 0.0258827473, 0.0232015551, 5.47591321e+18, 9.11122948e-26, 16.9107183, 0.163884835, 16.9107188, -15.249616, 1.04743909e-27, -15.2496169, -7.30900851, 9.11062738e-26, -7.30900795, 0, 1.60084294e-08, 1.60084294e-08, 291.391238, -973.222063, -11.6554106, 0.27, 3.332, -1252.95789, -15.249616, -7.30900851, 0, 2.44896903e+18, 0, 0, 2e+18, 2e+18
17.375, 0, 0, 6.50252654e+18, 0, 2.69066734e-14, 3.718e+18, 6.44e+20, 4.85, 4, 1002.28928, 13.2072518, 0.0195948331, 595.864328, 0, 5.61744811e+17, 5.78452599e-13, 17.3036053, -999.999133, -1002.36181, 6.50252654e+18, 1.26230703e+13, -521.70522, 287.885327, 367.454472, 13.5141102, 13.2072518, 0.021502983, 0.0195948331, 6.50252654e+18, 3.80745311e-27, 17.3036053, 0.199962667, 17.3036059, -16.4058503, 4.77606008e-29, -16.405851, -5.50116667, 3.80715355e-27, -5.50116631, 0, 1.60050888e-08, 1.60050888e-08, 241.178319, 1001.59755, -14.1336601, 0.27, 3.332, 774.552894, -16.4058503, -5.50116667, 0, 2.55781991e+18, 0, 0, 2e+18, 2e+18
17.375, 0, 0, 6.50602654e+18, 0, 2.69066734e-14, 3.718e+18, 6.44e+20, 4.85, 4, 1002.28928, 13.2072518, 0.0195948331, 12083.5458, 0, 5.61744811e+17, 5.78452599e-13, 17.3036053, -999.999133, -1002.36181, 6.50602654e+18, 1.26230703e+13, -426.856286, 12076.004, 367.454472, 13.5141102, 13.2072518, 0.021502983, 0.0195948331, 6.50602654e+18, 3.80745311e-27, 17.3036053, 0.199962667, 17.3036059, -16.4058503, 4.77606008e-29, -16.405851, -5.50116667, 3.80715355e-27, -5.50116631, 0, 1.60050888e-08, 1.60050888e-08, 241.178319, 1001.59755, -14.1336601, 0.27, 3.332, 774.552894, -16.4058503, -5.50116667, 0, 2.55781991e+18, 0, 0, 2e+18, 2e+18
17.5, 0, 0, 7.48763568e+18, 0, 2.66285219e-14, 3.718e+18, 6.44e+20, 4.85, 4, 1002.29466, 12.7975838, 0.0170592368, 10896.1428, 0, 6.58095425e+17, 2.6598047e-14, 16.7454791, -999.999277, -1002.27003, 7.48763568e+18, -0.717536807, -323.679293, 10891.3341, 367.40462, 13.0168258, 12.7975838, 0.0184162238, 0.0170592368, 7.48763568e+18, 1.75131649e-28, 16.7454791, 0.244002868, 16.7454794, -16.2224724, 1.95409229e-30, -16.2224729, -4.15240373, 1.75120747e-28, -4.15240354, 0, 1.60020055e-08, 1.60020055e-08, 210.097134, 1208.55063, -16.28592, 0.27, 3.332, 1014.73942, -16.2224724, -4.15240373, 0, 2.65413522e+18, 0, 0, 2e+18, 2e+18
17.5, 0, 0, 7.48413568e+18, 0, 2.66285219e-14, 3.718e+18, 6.44e+20, 4.85, 4, 1002.29466, 12.7975838, 0.0170592368, 448.823315, 0, 6.58095425e+17, 2.6598047e-14, 16.7454791, -999.999277, -1002.27003, 7.48413568e+18, 1.66539501e-06, -373.330975, 249.131192, 367.40462, 13.0168258, 12.7975838, 0.0184162238, 0.0170592368, 7.48413568e+18, 1.75131649e-28, 16.7454791, 0.244002868, 16.7454794, -16.2224724, 1.95409229e-30, -16.2224729, -4.15240373, 1.75120747e-28, -4.15240354, 0, 1.60020055e-08, 1.60020055e-08, 210.097134, 1208.55063, -16.28592, 0.27, 3.332, 1014.73942, -16.2224724, -4.15240373, 0, 2.65413522e+18, 0, 0, 2e+18, 2e+18
17.625, 0, 0, 8.34898331e+18, 0, 2.63762363e-14, 3.718e+18, 6.44e+20, 4.85, 4, 1002.29861, 12.5145958, 0.0153133951, 369.199231, 0, 7.37989792e+17, 9.37427118e-16, 16.819477, -999.999407, -1002.16839, 8.34898331e+18, 5.87351451e-08, -274.583198, 246.80385, 367.358963, 12.6688013, 12.5145958, 0.0162647426, 0.0153133951, 8.34898331e+18, 6.17127879e-30, 16.819477, 0.256190604, 16.8194773, -16.6908849, 7.3991661e-32, -16.6908852, -2.07585405, 6.17083521e-30, -2.07585392, 0, 1.59991818e-08, 1.59991818e-08, 180.668239, 2332.87931, -18.0372031, 0.27, 3.332, 2170.24827, -16.6908849, -2.07585405, 0, 2.73464274e+18, 0, 0, 2e+18, 2e+18
17.625, 0, 0, 8.35248331e+18, 0, 2.63762363e-14, 3.718e+18, 6.44e+20, 4.85, 4, 1002.29861, 12.5145958, 0.0153133951, 10080.1871, 0, 7.37989792e+17, 9.37427117e-16, 16.819477, -999.999407, -1002.16839, 8.35248331e+18, 5.8735145e-08, -236.684265, 10077.4081, 367.358963, 12.6688013, 12.5145958, 0.0162647426, 0.0153133951, 8.35248331e+18, 6.17127879e-30, 16.819477, 0.256190604, 16.8194773, -16.6908849, 7.39916609e-32, -16.6908852, -2.07585405, 6.17083521e-30, -2.07585392, 0, 1.59991818e-08, 1.59991818e-08, 180.668239, 2332.87931, -18.0372031, 0.27, 3.332, 2170.24827, -16.6908849, -2.07585405, 0, 2.73464274e+18, 0, 0, 2e+18, 2e+18
17.75, 0, 0, 9.0307815e+18, 0, 2.61451381e-14, 3.718e+18, 6.44e+20, 4.85, 4, 1002.30135, 12.3297634, 0.0141756036, 9534.92545, 0, 7.98047411e+17, 3.83405953e-17, 15.704814, -999.999527, -1002.07025, 9.0307815e+18, 2.40363782e-09, -158.905247, 9533.60124, 367.316765, 12.4337504, 12.3297634, 0.014815729, 0.0141756036, 9.0307815e+18, 2.52499539e-31, 15.704814, 0.274387655, 15.7048142, -15.7028361, 2.67885163e-33, -15.7028363, -0.249241438, 2.52485328e-31, -0.2492414, 0, 1.59965722e-08, 1.59965722e-08, 157.731204, 2976.66523, -19.3365309, 0.27, 3.332, 2838.27055, -15.7028361, -0.249241438, 0, 2.79452263e+18, 0, 0, 2e+18, 2e+18
17.75, 0, 0, 9.0272815e+18, 0, 2.61451381e-14, 3.718e+18, 6.44e+20, 4.85, 4, 1002.30135, 12.3297634, 0.0141756036, 288.440815, 0, 7.98047411e+17, 3.83405953e-17, 15.704814, -999.999527, -1002.07025, 9.0272815e+18, 2.40363782e-09, -175.044275, 229.254456, 367.316765, 12.4337504, 12.3297634, 0.014815729, 0.0141756036, 9.0272815e+18, 2.52499539e-31, 15.704814, 0.274387655, 15.7048142, -15.7028361, 2.67885163e-33, -15.7028363, -0.249241438, 2.52485328e-31, -0.2492414, 0, 1.59965722e-08, 1.59965722e-08, 157.731204, 2976.66523, -19.3365309, 0.27, 3.332, 2838.27055, -15.7028361, -0.249241438, 0, 2.79452263e+18, 0, 0, 2e+18, 2e+18
17.875, 0, 0, 9.4604378e+18, 0, 2.59352175e-14, 3.718e+18, 6.44e+20, 4.85, 4, 1002.30298, 12.2253097, 0.0135334768, 250.752731, 0, 8.35038265e+17, 1.26951785e-18, 15.0586717, -999.999635, -1001.96432, 9.4604378e+18, 7.9621588e-11, -90.978842, 233.665963, 367.278119, 12.288404, 12.2253097, 0.0139213482, 0.0135334768, 9.4604378e+18, 8.35955603e-33, 15.0586717, 0.259910495, 15.0586717, -14.962669, 9.53256203e-35, -14.962669, 1.69768323, 8.35901251e-33, 1.69768326, 0, 1.59941823e-08, 1.59941823e-08, 131.476068, 4055.81165, -20.1361525, 0.27, 3.332, 3944.47173, -14.962669, 1.69768323, 0, 2.83193556e+18, 0, 0, 2e+18, 2e+18
17.875, 0, 0, 9.4639378e+18, 0, 2.59352175e-14, 3.718e+18, 6.44e+20, 4.85, 4, 1002.30298, 12.2253097, 0.0135334768, 9206.57736, 0, 8.35038265e+17, 1.26951785e-18, 15.0586717, -999.999635, -1001.96432, 9.4639378e+18, 7.9621588e-11, -85.9680721, 9206.17598, 367.278119, 12.288404, 12.2253097, 0.0139213482, 0.0135334768, 9.4639378e+18, 8.35955603e-33, 15.0586717, 0.259910495, 15.0586717, -14.962669, 9.53256203e-35, -14.962669, 1.69768323, 8.35901251e-33, 1.69768326, 0, 1.59941823e-08, 1.59941823e-08, 131.476068, 4055.81165, -20.1361525, 0.27, 3.332, 3944.47173, -14.962669, 1.69768323, 0, 2.83193556e+18, 0, 0, 2e+18, 2e+18
18, 0, 0, 9.61289439e+18, 0, 2.57428304e-14, 3.718e+18, 6.44e+20, 4.85, 4, 1002.30359, 12.1915208, 0.0133258952, 9062.87512, 0, 8.47571122e+17, 5.16058805e-20, 12.5904452, -999.999728, -1001.86385, 9.61289439e+18, 2.52461406e+13, -28.3203857, 9062.83087, 367.242432, 12.2189472, 12.1915208, 0.0134943887, 0.0133258952, 9.61289439e+18, 3.39945717e-34, 12.5904452, 0.251069962, 12.5904452, -12.1487327, 3.43434056e-36, -12.1487326, 3.3056928, 3.39928369e-34, 3.30569277, 0, 1.59919756e-08, 1.59919756e-08, 97.617543, 5511.17736, -20.4140756, 0.27, 3.332, 5433.97389, -12.1487327, 3.3056928, 0, 2.84415831e+18, 0, 0, 2e+18, 2e+18
18, 0, 0, 9.60939439e+18, 0, 2.57428304e-14, 3.718e+18, 6.44e+20, 4.85, 4, 1002.30359, 12.1915208, 0.0133258952, 226.661092, 0, 8.47571122e+17, 5.16058805e-20, 12.5904452, -999.999728, -1001.86385, 9.60939439e+18, 2.52461406e+13, -26.9099763, 225.058001, 367.242432, 12.2189472, 12.1915208, 0.0134943887, 0.0133258952, 9.60939439e+18, 3.39945717e-34, 12.5904452, 0.251069962, 12.5904452, -12.1487327, 3.43434056e-36, -12.1487326, 3.3056928, 3.39928369e-34, 3.30569277, 0, 1.59919756e-08, 1.59919756e-08, 97.617543, 5511.17736, -20.4140756, 0.27, 3.332, 5433.97389, -12.1487327, 3.3056928, 0, 2.84415831e+18, 0, 0, 2e+18, 2e+18
18.125, 0, 0, 9.60939439e+18, 0, 2.55683019e-14, 3.718e+18, 6.44e+20, 4.85, 4, 1002.30366, 12.1915208, 0.0133258952, 225.447314, 0, 8.47308989e+17, 1.74829428e-21, 10.681775, -999.999799, -1001.75707, 9.60939439e+18, 2.52461406e+13, -4.94273849, 225.393125, 367.209832, 12.2019708, 12.1915208, 0.0133900843, 0.0133258952, 9.60939439e+18, 1.15148856e-35, 10.681775, 0.21828147, 10.6817749, -9.9434589, 1.26830214e-37, -9.94345882, 3.90229966, 1.15141871e-35, 3.90229963, 0, 1.59899598e-08, 1.59899598e-08, 66.8068834, 5395.49859, -20.4226596, 0.27, 3.332, 5349.11436, -9.9434589, 3.90229966, 0, 2.84419492e+18, 0, 0, 2e+18, 2e+18
18.125, 0, 0, 9.61289439e+18, 0, 2.55683019e-14, 3.718e+18, 6.44e+20, 4.85, 4, 1002.30366, 12.1915208, 0.0133258952, 9035.63795, 0, 8.47308989e+17, 1.74829428e-21, 10.681775, -999.999799, -1001.75707, 9.61289439e+18, 2.52461406e+13, -5.41330653, 9035.63633, 367.209832, 12.2019708, 12.1915208, 0.0133900843, 0.0133258952, 9.61289439e+18, 1.15148856e-35, 10.681775, 0.21828147, 10.6817749, -9.9434589, 1.26830214e-37, -9.94345882, 3.90229966, 1.15141871e-35, 3.90229963, 0, 1.59899598e-08, 1.59899598e-08, 66.8068834, 5395.49859, -20.4226596, 0.27, 3.332, 5349.11436, -9.9434589, 3.90229966, 0, 2.84419492e+18, 0, 0, 2e+18, 2e+18
18.25, 0, 0, 9.61289439e+18, 0, 2.54086789e-14, 3.718e+18, 6.44e+20, 4.85, 4, 1002.30372, 12.1915208, 0.0133258952, 9035.18901, 0, 8.47236706e+17, 7.17596792e-23, 8.06717928, -999.999851, -1001.65635, 9.61289439e+18, 4.50273964e-15, -3.90203105, 9035.18817, 367.179826, 12.2019708, 12.1915208, 0.0133900843, 0.0133258952, 9.61289439e+18, 4.72787673e-37, 8.06717928, 0.196420593, 8.06717922, -6.9448371, 4.73603237e-39, -6.94483705, 4.10470696, 4.72763951e-37, 4.10470693, 0, 1.59881044e-08, 1.59881044e-08, 40.3402365, 5382.6939, -20.4324891, 0.27, 3.332, 5362.78615, -6.9448371, 4.10470696, 0, 2.84380563e+18, 0, 0, 2e+18, 2e+18
18.25, 0, 0, 9.60939439e+18, 0, 2.54086789e-14, 3.718e+18, 6.44e+20, 4.85, 4, 1002.30372, 12.1915208, 0.0133258952, 225.600593, 0, 8.47236706e+17, 7.17596792e-23, 8.06717928, -999.999851, -1001.65635, 9.60939439e+18, 4.50273964e-15, -3.70146074, 225.570225, 367.179826, 12.2019708, 12.1915208, 0.0133900843, 0.0133258952, 9.60939439e+18, 4.72787673e-37, 8.06717928, 0.196420593, 8.06717922, -6.9448371, 4.73603237e-39, -6.94483705, 4.10470696, 4.72763951e-37, 4.10470693, 0, 1.59881044e-08, 1.59881044e-08, 40.3402365, 5382.6939, -20.4324891, 0.27, 3.332, 5362.78615, -6.9448371, 4.10470696, 0, 2.84380563e+18, 0, 0, 2e+18, 2e+18
18.375, 0, 0, 9.60939439e+18, 0, 2.52644433e-14, 3.718e+18, 6.44e+20, 4.85, 4, 1002.30375, 12.1915208, 0.0133258952, 225.391624, 0, 8.46998346e+17, 2.42309454e-24, 6.75242162, -999.999887, -1001.54942, 9.60939439e+18, 1.52058808e-16, -2.80596281, 225.374158, 367.152554, 12.2019708, 12.1915208, 0.0133900843, 0.0133258952, 9.60939439e+18, 1.59615332e-38, 6.75242162, 0.164008029, 6.75242157, -5.6677029, 1.76440254e-40, -5.66770286, 3.67046884, 1.5960558e-38, 3.67046882, 0, 1.59864182e-08, 1.59864182e-08, 27.5383015, 4323.14021, -20.4393928, 0.27, 3.332, 4316.0413, -5.6677029, 3.67046884, 0, 2.84388407e+18, 0, 0, 2e+18, 2e+18
18.375, 0, 0, 9.61289439e+18, 0, 2.52644433e-14, 3.718e+18, 6.44e+20, 4.85, 4, 1002.30375, 12.1915208, 0.0133258952, 9035.43218, 0, 8.46998346e+17, 2.42309453e-24, 6.75242162, -999.999887, -1001.54942, 9.61289439e+18, 1.52058807e-16, -2.77353064, 9035.43175, 367.152554, 12.2019708, 12.1915208, 0.0133900843, 0.0133258952, 9.61289439e+18, 1.59615332e-38, 6.75242162, 0.164008029, 6.75242157, -5.6677029, 1.76440253e-40, -5.66770286, 3.67046884, 1.5960558e-38, 3.67046882, 0, 1.59864182e-08, 1.59864182e-08, 27.5383015, 4323.14021, -20.4393928, 0.27, 3.332, 4316.0413, -5.6677029, 3.67046884, 0, 2.84388407e+18, 0, 0, 2e+18, 2e+18
18.5, 0, 0, 9.61289439e+18, 0, 2.51332003e-14, 3.718e+18, 6.44e+20, 4.85, 4, 1002.30378, 12.1915208, 0.0133258952, 9034.65469, 0, 8.46953499e+17, 9.92245968e-26, 5.14415235, -999.999914, -1001.44858, 9.61289439e+18, 6.22733444e-18, -2.01032265, 9034.65447, 367.127607, 12.2019708, 12.1915208, 0.0133900843, 0.0133258952, 9.61289439e+18, 6.53822368e-40, 5.14415235, 0.14327626, 5.14415232, -3.86454654, 6.56600803e-42, -3.86454652, 3.39522951, 6.53789398e-40, 3.39522949, 0, 1.59848758e-08, 1.59848758e-08, 16.3879272, 3915.011, -20.4477378, 0.27, 3.332, 3919.07081, -3.86454654, 3.39522951, 0, 2.8435222e+18, 0, 0, 2e+18, 2e+18
18.5, 0, 0, 9.60939439e+18, 0, 2.51332003e-14, 3.718e+18, 6.44e+20, 4.85, 4, 1002.30378, 12.1915208, 0.0133258952, 225.146188, 0, 8.46953499e+17, 9.92245968e-26, 5.14415235, -999.999914, -1001.44858, 9.60939439e+18, 6.22733444e-18, -1.92708987, 225.137941, 367.127607, 12.2019708, 12.1915208, 0.0133900843, 0.0133258952, 9.60939439e+18, 6.53822368e-40, 5.14415235, 0.14327626, 5.14415232, -3.86454654, 6.56600803e-42, -3.86454652, 3.39522951, 6.53789398e-40, 3.39522949, 0, 1.59848758e-08, 1.59848758e-08, 16.3879272, 3915.011, -20.4477378, 0.27, 3.332, 3919.07081, -3.86454654, 3.39522951, 0, 2.8435222e+18, 0, 0, 2e+18, 2e+18
18.625, 0, 0, 9.60939439e+18, 0, 2.50155746e-14, 3.718e+18, 6.44e+20, 4.85, 4, 1002.3038, 12.1915208, 0.0133258952, 224.845807, 0, 8.46741215e+17, 3.34346728e-27, 4.38060689, -999.999932, -1001.34155, 9.60939439e+18, 2.09853805e-19, -1.6197077, 224.839973, 367.10514, 12.2019708, 12.1915208, 0.0133900843, 0.0133258952, 9.60939439e+18, 2.20267786e-41, 4.38060689, 0.118125727, 4.38060686, -3.35910864, 2.4401361e-43, -3.35910862, 2.81177984, 2.20254269e-41, 2.81177982, 0, 1.59834867e-08, 1.59834867e-08, 11.9001492, 3030.45973, -20.4532322, 0.27, 3.332, 3039.01282, -3.35910864, 2.81177984, 0, 2.84362674e+18, 0, 0, 2e+18, 2e+18
18.625, 0, 0, 9.61289439e+18, 0, 2.50155746e-14, 3.718e+18, 6.44e+20, 4.85, 4, 1002.3038, 12.1915208, 0.0133258952, 9034.86962, 0, 8.46741215e+17, 3.34346728e-27, 4.38060689, -999.999932, -1001.34155, 9.61289439e+18, 2.09853805e-19, -1.46896314, 9034.8695, 367.10514, 12.2019708, 12.1915208, 0.0133900843, 0.0133258952, 9.61289439e+18, 2.20267786e-41, 4.38060689, 0.118125727, 4.38060686, -3.35910864, 2.4401361e-43, -3.35910862, 2.81177984, 2.20254269e-41, 2.81177982, 0, 1.59834867e-08, 1.59834867e-08, 11.9001492, 3030.45973, -20.4532322, 0.27, 3.332, 3039.01282, -3.35910864, 2.81177984, 0, 2.84362674e+18, 0, 0, 2e+18, 2e+18
18.75, 0, 0, 9.61289439e+18, 0, 2.49095264e-14, 3.718e+18, 6.44e+20, 4.85, 4, 1002.30382, 12.1915208, 0.0133258952, 9034.1764, 0, 8.46721325e+17, 1.36617398e-28, 3.42235176, -999.999946, -1001.24062, 9.61289439e+18, 8.57550657e-21, -1.10721423, 9034.17633, 367.084796, 12.2019708, 12.1915208, 0.0133900843, 0.0133258952, 9.61289439e+18, 9.00308309e-43, 3.42235176, 0.102036618, 3.42235174, -2.31481202, 9.06089239e-45, -2.314812, 2.52074134, 9.00262713e-43, 2.52074132, 0, 1.5982229e-08, 1.5982229e-08, 7.25620885, 2719.10813, -20.46023, 0.27, 3.332, 2732.31215, -2.31481202, 2.52074134, 0, 2.84328983e+18, 0, 0, 2e+18, 2e+18
18.75, 0, 0, 9.60939439e+18, 0, 2.49095264e-14, 3.718e+18, 6.44e+20, 4.85, 4, 1002.30382, 12.1915208, 0.0133258952, 224.573509, 0, 8.46721325e+17, 1.36617398e-28, 3.42235176, -999.999946, -1001.24062, 9.60939439e+18, 8.57550657e-21, -1.06873795, 224.570966, 367.084796, 12.2019708, 12.1915208, 0.0133900843, 0.0133258952, 9.60939439e+18, 9.00308309e-43, 3.42235176, 0.102036618, 3.42235174, -2.31481202, 9.06089239e-45, -2.314812, 2.52074134, 9.00262713e-43, 2.52074132, 0, 1.5982229e-08, 1.5982229e-08, 7.25620885, 2719.10813, -20.46023, 0.27, 3.332, 2732.31215, -2.31481202, 2.52074134, 0, 2.84328983e+18, 0, 0, 2e+18, 2e+18
18.875, 0, 0, 9.60939439e+18, 0, 2.48157246e-14, 3.718e+18, 6.44e+20, 4.85, 4, 1002.30382, 12.1915208, 0.0133258952, 224.315198, 0, 8.46532923e+17, 4.59267141e-30, 2.93814189, -999.999956, -1001.13348, 9.60939439e+18, 2.52461406e+13, -0.97436903, 224.313082, 367.066731, 12.2019708, 12.1915208, 0.0133900843, 0.0133258952, 9.60939439e+18, 3.02593099e-44, 2.93814189, 0.0838181921, 2.93814187, -2.11035873, 3.35985658e-46, -2.11035872, 2.04427586, 3.02574445e-44, 2.04427585, 0, 1.59811121e-08, 1.59811121e-08, 5.44574518, 2106.64448, -20.4644357, 0.27, 3.332, 2121.66317, -2.11035873, 2.04427586, 0, 2.8434183e+18, 0, 0, 2e+18, 2e+18
18.875, 0, 0, 9.61289439e+18, 0, 2.48157246e-14, 3.718e+18, 6.44e+20, 4.85, 4, 1002.30382, 12.1915208, 0.0133258952, 9034.48636, 0, 8.46532923e+17, 4.59267141e-30, 2.93814189, -999.999956, -1001.13348, 9.61289439e+18, 2.52461406e+13, -0.836449777, 9034.48632, 367.066731, 12.2019708, 12.1915208, 0.0133900843, 0.0133258952, 9.61289439e+18, 3.02593099e-44, 2.93814189, 0.0838181921, 2.93814187, -2.11035873, 3.35985658e-46, -2.11035872, 2.04427586, 3.02574445e-44, 2.04427585, 0, 1.59811121e-08, 1.59811121e-08, 5.44574518, 2106.64448, -20.4644357, 0.27, 3.332, 2121.66317, -2.11035873, 2.04427586, 0, 2.8434183e+18, 0, 0, 2e+18, 2e+18
19, 0, 0, 9.61289439e+18, 0, 2.47324536e-14, 3.718e+18, 6.44e+20, 4.85, 4, 1002.30384, 12.1915208, 0.0133258952, 9033.8829, 0, 8.4653608e+17, 1.87185814e-31, 2.34777567, -999.999964, -1001.03244, 9.61289439e+18, 1.17512293e-23, -0.649517466, 9033.88288, 367.050638, 12.2019708, 12.1915208, 0.0133900843, 0.0133258952, 9.61289439e+18, 1.23365387e-45, 2.34777567, 0.0719213615, 2.34777566, -1.46691584, 1.24464836e-47, -1.46691583, 1.83308716, 1.23359108e-45, 1.83308715, 0, 1.59801172e-08, 1.59801172e-08, 3.41972654, 1911.34177, -20.4701911, 0.27, 3.332, 1928.39224, -1.46691584, 1.83308716, 0, 2.84310445e+18, 0, 0, 2e+18, 2e+18
19, 0, 0, 9.60939439e+18, 0, 2.47324536e-14, 3.718e+18, 6.44e+20, 4.85, 4, 1002.30384, 12.1915208, 0.0133258952, 224.115232, 0, 8.4653608e+17, 1.87185814e-31, 2.34777567, -999.999964, -1001.03244, 9.60939439e+18, 1.17512293e-23, -0.628448524, 224.11435, 367.050638, 12.2019708, 12.1915208, 0.0133900843, 0.0133258952, 9.60939439e+18, 1.23365387e-45, 2.34777567, 0.0719213615, 2.34777566, -1.46691584, 1.24464836e-47, -1.46691583, 1.83308716, 1.23359108e-45, 1.83308715, 0, 1.59801172e-08, 1.59801172e-08, 3.41972654, 1911.34177, -20.4701911, 0.27, 3.332, 1928.39224, -1.46691584, 1.83308716, 0, 2.84310445e+18, 0, 0, 2e+18, 2e+18
19.125, 0, 0, 9.60939439e+18, 0, 2.46604717e-14, 3.718e+18, 6.44e+20, 4.85, 4, 1002.30384, 12.1915208, 0.0133258952, 223.919374, 0, 8.46369982e+17, 6.27574621e-33, 2.01911478, -999.99997, -1000.92519, 9.60939439e+18, 2.52461406e+13, -0.598569955, 223.918574, 367.036685, 12.2019708, 12.1915208, 0.0133900843, 0.0133258952, 9.60939439e+18, 4.13513192e-47, 2.01911478, 0.0588290912, 2.01911478, -1.36056095, 4.60349327e-49, -1.36056095, 1.49187748, 4.13487567e-47, 1.49187747, 0, 1.59792546e-08, 1.59792546e-08, 2.60554035, 1502.14445, -20.4731954, 0.27, 3.332, 1520.01211, -1.36056095, 1.49187748, 0, 2.84325525e+18, 0, 0, 2e+18, 2e+18
19.125, 0, 0, 9.61289439e+18, 0, 2.46604717e-14, 3.718e+18, 6.44e+20, 4.85, 4, 1002.30384, 12.1915208, 0.0133258952, 9034.26321, 0, 8.46369982e+17, 6.27574621e-33, 2.01911478, -999.99997, -1000.92519, 9.61289439e+18, 2.52461406e+13, -0.49896728, 9034.26319, 367.036685, 12.2019708, 12.1915208, 0.0133900843, 0.0133258952, 9.61289439e+18, 4.13513192e-47, 2.01911478, 0.0588290912, 2.01911478, -1.36056095, 4.60349327e-49, -1.36056095, 1.49187748, 4.13487567e-47, 1.49187747, 0, 1.59792546e-08, 1.59792546e-08, 2.60554035, 1502.14445, -20.4731954, 0.27, 3.332, 1520.01211, -1.36056095, 1.49187748, 0, 2.84325525e+18, 0, 0, 2e+18, 2e+18
19.25, 0, 0, 9.61289439e+18, 0, 2.45982596e-14, 3.718e+18, 6.44e+20, 4.85, 4, 1002.30385, 12.1915208, 0.0133258952, 9033.71764, 0, 8.4639483e+17, 2.55075424e-34, 1.65287953, -999.999974, -1000.82403, 9.61289439e+18, 1.6014823e-26, -0.390905363, 9033.71763, 367.024593, 12.2019708, 12.1915208, 0.0133900843, 0.0133258952, 9.61289439e+18, 1.68118358e-48, 1.65287953, 0.0499214965, 1.65287953, -0.938820981, 1.70076072e-50, -0.938820978, 1.36037712, 1.68109755e-48, 1.36037712, 0, 1.59785071e-08, 1.59785071e-08, 1.69909245, 1393.628, -20.4777833, 0.27, 3.332, 1412.40669, -0.938820981, 1.36037712, 0, 2.8429631e+18, 0, 0, 2e+18, 2e+18
19.25, 0, 0, 9.60939439e+18, 0, 2.45982596e-14, 3.718e+18, 6.44e+20, 4.85, 4, 1002.30385, 12.1915208, 0.0133258952, 223.795712, 0, 8.4639483e+17, 2.55075424e-34, 1.65287953, -999.999974, -1000.82403, 9.60939439e+18, -0.717538472, -0.377165803, 223.795394, 367.024593, 12.2019708, 12.1915208, 0.0133900843, 0.0133258952, 9.60939439e+18, 1.68118358e-48, 1.65287953, 0.0499214965, 1.65287953, -0.938820981, 1.70076072e-50, -0.938820978, 1.36037712, 1.68109755e-48, 1.36037712, 0, 1.59785071e-08, 1.59785071e-08, 1.69909245, 1393.628, -20.4777833, 0.27, 3.332, 1412.40669, -0.938820981, 1.36037712, 0, 2.8429631e+18, 0, 0, 2e+18, 2e+18
19.375, 0, 0, 9.60939439e+18, 0, 2.45466e-14, 3.718e+18, 6.44e+20, 4.85, 4, 1002.30385, 12.1915208, 0.0133258952, 223.654702, 0, 8.46249835e+17, 8.52804996e-36, 1.41711937, -999.999978, -1000.71667, 9.60939439e+18, 5.35450888e-28, -0.359952103, 223.654412, 367.01453, 12.2019708, 12.1915208, 0.0133900843, 0.0133258952, 9.60939439e+18, 5.61947053e-50, 1.41711937, 0.0402840335, 1.41711937, -0.855292947, 6.27304639e-52, -0.855292944, 1.12991207, 5.61912038e-50, 1.12991207, 0, 1.5977885e-08, 1.5977885e-08, 1.30545932, 1123.77809, -20.4796519, 0.27, 3.332, 1142.95228, -0.855292947, 1.12991207, 0, 2.84313503e+18, 0, 0, 2e+18, 2e+18
19.375, 0, 0, 9.61289439e+18, 0, 2.45466e-14, 3.718e+18, 6.44e+20, 4.85, 4, 1002.30385, 12.1915208, 0.0133258952, 9034.14109, 0, 8.46249835e+17, 8.52804996e-36, 1.41711937, -999.999978, -1000.71667, 9.61289439e+18, 5.35450888e-28, -0.296912093, 9034.14108, 367.01453, 12.2019708, 12.1915208, 0.0133900843, 0.0133258952, 9.61289439e+18, 5.61947053e-50, 1.41711937, 0.0402840335, 1.41711937, -0.855292947, 6.27304639e-52, -0.855292944, 1.12991207, 5.61912038e-50, 1.12991207, 0, 1.5977885e-08, 1.5977885e-08, 1.30545932, 1123.77809, -20.4796519, 0.27, 3.332, 1142.95228, -0.855292947, 1.12991207, 0, 2.84313503e+18, 0, 0, 2e+18, 2e+18
19.5, 0, 0, 9.61289439e+18, 0, 2.45041791e-14, 3.718e+18, 6.44e+20, 4.85, 4, 1002.30386, 12.1915208, 0.0133258952, 9033.62997, 0, 8.46295355e+17, 3.4567012e-37, 1.20326123, -999.99998, -1000.61539, 9.61289439e+18, 2.52461406e+13, -0.226623321, 9033.62997, 367.00625, 12.2019708, 12.1915208, 0.0133900843, 0.0133258952, 9.61289439e+18, 2.2783798e-51, 1.20326123, 0.0332530012, 1.20326123, -0.564967753, 2.31112466e-53, -0.564967751, 1.06237894, 2.27826258e-51, 1.06237895, 0, 1.59773732e-08, 1.59773732e-08, 0.904227498, 1078.65115, -20.483128, 0.27, 3.332, 1098.23005, -0.564967753, 1.06237894, 0, 2.84286356e+18, 0, 0, 2e+18, 2e+18
19.5, 0, 0, 9.60939439e+18, 0, 2.45041791e-14, 3.718e+18, 6.44e+20, 4.85, 4, 1002.30386, 12.1915208, 0.0133258952, 223.5925, 0, 8.46295355e+17, 3.45670121e-37, 1.20326123, -999.99998, -1000.61539, 9.60939439e+18, 2.52461406e+13, -0.21616277, 223.592396, 367.00625, 12.2019708, 12.1915208, 0.0133900843, 0.0133258952, 9.60939439e+18, 2.2783798e-51, 1.20326123, 0.0332530012, 1.20326123, -0.564967753, 2.31112466e-53, -0.564967751, 1.06237894, 2.27826258e-51, 1.06237895, 0, 1.59773732e-08, 1.59773732e-08, 0.904227498, 1078.65115, -20.483128, 0.27, 3.332, 1098.23005, -0.564967753, 1.06237894, 0, 2.84286356e+18, 0, 0, 2e+18, 2e+18
19.625, 0, 0, 9.60939439e+18, 0, 2.44718636e-14, 3.718e+18, 6.44e+20, 4.85, 4, 1002.30386, 12.1915208, 0.0133258952, 223.495697, 0, 8.46170686e+17, 1.15264424e-38, 1.03056002, -999.999982, -1000.5079, 9.60939439e+18, 2.52461406e+13, -0.192996146, 223.495613, 366.999934, 12.2019708, 12.1915208, 0.0133900843, 0.0133258952, 9.60939439e+18, 7.59546451e-53, 1.03056002, 0.0257896803, 1.03056003, -0.473774278, 8.50097987e-55, -0.473774276, 0.915200469, 7.59498878e-53, 0.915200471, 0, 1.59769827e-08, 1.59769827e-08, 0.709912231, 904.42379, -20.483904, 0.27, 3.332, 924.197782, -0.473774278, 0.915200469, 0, 2.84305584e+18, 0, 0, 2e+18, 2e+18
19.625, 0, 0, 9.61289439e+18, 0, 2.44718636e-14, 3.718e+18, 6.44e+20, 4.85, 4, 1002.30386, 12.1915208, 0.0133258952, 9034.07872, 0, 8.46170686e+17, 1.15264424e-38, 1.03056002, -999.999982, -1000.5079, 9.61289439e+18, 2.52461406e+13, -0.16036314, 9034.07872, 366.999934, 12.2019708, 12.1915208, 0.0133900843, 0.0133258952, 9.61289439e+18, 7.59546451e-53, 1.03056002, 0.0257896803, 1.03056003, -0.473774278, 8.50097986e-55, -0.473774276, 0.915200469, 7.59498878e-53, 0.915200471, 0, 1.59769827e-08, 1.59769827e-08, 0.709912231, 904.42379, -20.483904, 0.27, 3.332, 924.197782, -0.473774278, 0.915200469, 0, 2.84305584e+18, 0, 0, 2e+18, 2e+18
19.75, 0, 0, 9.61289439e+18, 0, 2.44484505e-14, 3.718e+18, 6.44e+20, 4.85, 4, 1002.30386, 12.1915208, 0.0133258952, 9033.58766, 0, 8.46236255e+17, 4.66040506e-40, 0.938936644, -999.999983, -1000.4065, 9.61289439e+18, 2.52461406e+13, -0.108150769, 9033.58766, 366.995353, 12.2019708, 12.1915208, 0.0133900843, 0.0133258952, 9.61289439e+18, 3.07180694e-54, 0.938936644, 0.0197282179, 0.938936646, -0.266691603, 3.12368676e-56, -0.266691603, 0.9002653, 3.07164812e-54, 0.900265302, 0, 1.59766995e-08, 1.59766995e-08, 0.553814301, 910.138064, -20.4863029, 0.27, 3.332, 930.070553, -0.266691603, 0.9002653, 0, 2.84280443e+18, 0, 0, 2e+18, 2e+18
19.75, 0, 0, 9.60939439e+18, 0, 2.44484505e-14, 3.718e+18, 6.44e+20, 4.85, 4, 1002.30386, 12.1915208, 0.0133258952, 223.480892, 0, 8.46236255e+17, 4.66040507e-40, 0.938936644, -999.999983, -1000.4065, 9.60939439e+18, 2.52461406e+13, -0.0989856721, 223.48087, 366.995353, 12.2019708, 12.1915208, 0.0133900843, 0.0133258952, 9.60939439e+18, 3.07180694e-54, 0.938936644, 0.0197282179, 0.938936646, -0.266691603, 3.12368677e-56, -0.266691603, 0.9002653, 3.07164812e-54, 0.900265302, 0, 1.59766995e-08, 1.59766995e-08, 0.553814301, 910.138064, -20.4863029, 0.27, 3.332, 930.070553, -0.266691603, 0.9002653, 0, 2.84280443e+18, 0, 0, 2e+18, 2e+18
19.875, 0, 0, 9.60939439e+18, 0, 2.44348405e-14, 3.718e+18, 6.44e+20, 4.85, 4, 1002.30386, 12.1915208, 0.0133258952, 223.421556, 0, 8.46131389e+17, 1.55286403e-41, 0.829870929, -999.999984, -1000.29896, 9.60939439e+18, 2.52461406e+13, -0.060778482, 223.421548, 366.992688, 12.2019708, 12.1915208, 0.0133900843, 0.0133258952, 9.60939439e+18, 1.02301537e-55, 0.829870929, 0.0134739482, 0.829870931, -0.152043801, 1.14457761e-57, -0.1520438, 0.815823781, 1.02295134e-55, 0.815823783, 0, 1.59765347e-08, 1.59765347e-08, 0.475148402, 803.983666, -20.4860148, 0.27, 3.332, 823.994533, -0.152043801, 0.815823781, 0, 2.84301652e+18, 0, 0, 2e+18, 2e+18
19.875, 0, 0, 9.61289439e+18, 0, 2.44348405e-14, 3.718e+18, 6.44e+20, 4.85, 4, 1002.30386, 12.1915208, 0.0133258952, 9034.05168, 0, 8.46131389e+17, 1.55286403e-41, 0.829870929, -999.999984, -1000.29896, 9.61289439e+18, 2.52461406e+13, -0.0545355863, 9034.05168, 366.992688, 12.2019708, 12.1915208, 0.0133900843, 0.0133258952, 9.61289439e+18, 1.02301537e-55, 0.829870929, 0.0134739482, 0.829870931, -0.152043801, 1.14457761e-57, -0.1520438, 0.815823781, 1.02295134e-55, 0.815823783, 0, 1.59765347e-08, 1.59765347e-08, 0.475148402, 803.983666, -20.4860148, 0.27, 3.332, 823.994533, -0.152043801, 0.815823781, 0, 2.84301652e+18, 0, 0, 2e+18, 2e+18
20, 0, 0, 9.61289439e+18, 0, 2.44299699e-14, 3.718e+18, 6.44e+20, 4.85, 4, 1002.30386, 12.1915208, 0.0133258952, 9033.81075, 0, 8.46216628e+17, 1.25513561e-42, 0.851730665, -999.999984, -1000.21942, 9.61289439e+18, 7.87320669e-35, -0.17012941, 9033.81075, 366.991734, 12.2019708, 12.1915208, 0.0133900843, 0.0133258952, 9.61289439e+18, 8.24564039e-57, 0.851730665, 0.0075583923, 0.851730668, -0.0706153076, 7.74669971e-59, -0.0706153072, 0.84879833, 8.24527649e-57, 0.848798333, 0, 1.59764758e-08, 1.59764758e-08, 0.454111636, 857.118703, -20.487357, 0.27, 3.332, 877.151948, -0.0706153076, 0.84879833, 0, 2.84278479e+18, 0, 0, 2e+18, 2e+18
20, 0, 0, 9.60939439e+18, 0, 2.44299699e-14, 3.718e+18, 6.44e+20, 4.85, 4, 1002.30386, 12.1915208, 0.0133258952, 223.445756, 0, 8.46216628e+17, 1.25513561e-42, 0.851730665, -999.999984, -1000.21942, 9.60939439e+18, 7.87320669e-35, -0.312630369, 223.445537, 366.991734, 12.2019708, 12.1915208, 0.0133900843, 0.0133258952, 9.60939439e+18, 8.24564039e-57, 0.851730665, 0.0075583923, 0.851730668, -0.0706153076, 7.74669971e-59, -0.0706153072, 0.84879833, 8.24527649e-57, 0.848798333, 0, 1.59764758e-08, 1.59764758e-08, 0.454111636, 857.118703, -20.487357, 0.27, 3.332, 877.151948, -0.0706153076, 0.84879833, 0, 2.84278479e+18, 0, 0, 2e+18, 2e+18
