"depth", "composition x", "composition y", "donor conc", "acceptor conc", "ni", "nc", "nv", "eg", "electron affinity", "potential", "e- mobility", "h+ mobility", "electric field", "impact gen rate", "electron conc", "hole conc", "cond. current density", "electron qfl", "hole qfl", "net doping", "recombination rate", "e field x", "e field y", "lattice temperature", "e- mobility x", "e- mobility y", "h+ mobility x", "h+ mobility y", "total doping", "h+ current density", "e- current density", "current flowlines", "total current density", "je- x", "jh+ x", "jtot x", "je- y", "jh+ y", "jtot y", "seu generation rate", "e- srh tno", "h+ srh tno", "joule heat power", "total heat power", "rec heat power", "heat conductivity", "heat capacity", "peltier-thomson heat power", "cond current x", "cond current y", "ionized acceptor concentration", "ionized donor concentration", "e- ionization coefficient", "h+ ionization coefficient", "acceptor trap dos #1", "acceptor trap ionized density #1"
-1.77635684e-15, 0, 0, 1e+19, 0, 9.83351477e-15, 3.718e+18, 6.44e+20, 4.85, 4, 2.34222873, 8.61147266, 0.0128722772, 10501.5568, 0, 2.44265186e+18, 6.52000901e-07, 0.0476383104, -1.87128075e-08, -1.54016427, 1e+19, 42.0064283, 0.00242814906, 10501.5568, 362.687469, 8.61147266, 8.61148379, 0.0128722772, 0.0128722772, 1e+19, 2.87185353e-23, 0.0476383104, 0.114472748, 0.0476574342, 0.0237638891, -3.89004231e-25, 0.0237638891, 0.0410543242, -2.8714663e-23, 0.0410768267, 0, 1.57110527e-08, 1.57110527e-08, 0.000782736769, 159.196239, -15.2837165, 0.27, 3.332, 174.479173, 0.0237638891, 0.0410543242, 0, 1.08223498e+18, 0, 0, 0, 0
0.0666666667, 0, 0, 1e+19, 0, 9.83407598e-15, 3.718e+18, 6.44e+20, 4.85, 4, 2.34222871, 8.61147053, 0.0128722772, 11912.1511, 0, 2.44265463e+18, 7.27439477e-07, 0.0540408485, -1.87009618e-08, -1.54198778, 1e+19, 46.8666169, 0.00383552772, 11912.1511, 362.687736, 8.61147266, 8.61147239, 0.0128722772, 0.0128722772, 1e+19, 3.09915359e-23, 0.0540408485, 0.11428745, 0.0540582918, 0.0349466381, -8.15427216e-25, 0.0349466381, 0.0410777967, -3.097629e-23, 0.0411002992, 0, 1.57110692e-08, 1.57110692e-08, 0.00119152741, 159.354649, -15.2836036, 0.27, 3.332, 174.637061, 0.0349466381, 0.0410777967, 0, 1.08223623e+18, 0, 0, 0, 0
0.125, 0, 0, 1e+19, 0, 9.834567e-15, 3.718e+18, 6.44e+20, 4.85, 4, 2.34222871, 8.61146241, 0.0128722772, 11912.1658, 0, 2.44265699e+18, 7.27439477e-07, 0.0631646947, -1.87009618e-08, -1.54198778, 1e+19, 46.8666169, 0.00457256127, 11912.1658, 362.687969, 8.61147266, 8.61146241, 0.0128722772, 0.0128722772, 1e+19, 3.20533955e-23, 0.0631646947, 0.114199535, 0.0631790022, 0.0475140534, -8.15427216e-25, 0.0475140534, 0.0410934425, -3.20381496e-23, 0.0411159449, 0, 1.57110835e-08, 1.57110835e-08, 0.00119207552, 159.35465, -15.2836036, 0.27, 3.332, 174.637061, 0.0475140534, 0.0410934425, 0, 1.08223747e+18, 0, 0, 0, 0
0.191666667, 0, 0, 1e+19, 0, 9.83625021e-15, 3.718e+18, 6.44e+20, 4.85, 4, 2.34222865, 8.61142822, 0.0128722772, 11912.1792, 0, 2.44266532e+18, 9.68268e-07, 0.081252954, -1.86404929e-08, -1.54675031, 1e+19, 62.3820821, 0.00738703156, 11912.1792, 362.688769, 8.61144986, 8.61142822, 0.0128722772, 0.0128722772, 1e+19, 3.92935621e-23, 0.081252954, 0.113917197, 0.0812648144, 0.0698859013, -2.02015025e-24, 0.0698859012, 0.0411970023, -3.92232465e-23, 0.0412195045, 0, 1.57111327e-08, 1.57111327e-08, 0.00241998526, 160.083325, -15.2832649, 0.27, 3.332, 175.36417, 0.0698859013, 0.0411970023, 0, 1.08224121e+18, 0, 0, 0, 0
0.25, 0, 0, 1e+19, 0, 9.83772295e-15, 3.718e+18, 6.44e+20, 4.85, 4, 2.34222865, 8.61139831, 0.0128722772, 11912.2152, 0, 2.4426724e+18, 9.68268e-07, 0.103915126, -1.86404929e-08, -1.54675031, 1e+19, 62.3820821, 0.00837005991, 11912.2152, 362.689469, 8.61142992, 8.61139831, 0.0128722772, 0.0128722772, 1e+19, 4.26834359e-23, 0.103915126, 0.11373019, 0.103923856, 0.0950295658, -2.02015025e-24, 0.0950295658, 0.0412692016, -4.26131203e-23, 0.0412917035, 0, 1.57111758e-08, 1.57111758e-08, 0.00242252083, 160.083328, -15.2832649, 0.27, 3.332, 175.36417, 0.0950295658, 0.0412692016, 0, 1.08224494e+18, 0, 0, 0, 0
0.316666667, 0, 0, 1e+19, 0, 9.84053004e-15, 3.718e+18, 6.44e+20, 4.85, 4, 2.34222854, 8.61134132, 0.0128722772, 11912.2399, 0, 2.4426863e+18, 1.51096121e-06, 0.124499923, -1.85526862e-08, -1.55416057, 1e+19, 97.3449696, 0.0111852961, 11912.2399, 362.690802, 8.61138433, 8.61134132, 0.0128722772, 0.0128722772, 1e+19, 5.90217387e-23, 0.124499923, 0.113396445, 0.124507383, 0.117404796, -4.2478049e-24, 0.117404796, 0.041425243, -5.88225489e-23, 0.0414477447, 0, 1.57112578e-08, 1.57112578e-08, 0.00446869032, 161.16904, -15.2827003, 0.27, 3.332, 176.447272, 0.117404796, 0.041425243, 0, 1.08225117e+18, 0, 0, 0, 0
0.375, 0, 0, 1e+19, 0, 9.8429861e-15, 3.718e+18, 6.44e+20, 4.85, 4, 2.34222854, 8.61129146, 0.0128722772, 11912.2956, 0, 2.44269808e+18, 1.51096121e-06, 0.14872145, -1.85526862e-08, -1.55416057, 1e+19, 97.3449696, 0.0121684092, 11912.2956, 362.691969, 8.61134444, 8.61129146, 0.0128722772, 0.0128722772, 1e+19, 6.66606764e-23, 0.14872145, 0.113179294, 0.148727594, 0.14255252, -4.2478049e-24, 0.14255252, 0.0415327324, -6.64614866e-23, 0.0415552336, 0, 1.57113296e-08, 1.57113296e-08, 0.0044724848, 161.169044, -15.2827003, 0.27, 3.332, 176.447272, 0.14255252, 0.0415327324, 0, 1.0822574e+18, 0, 0, 0, 0
0.441666667, 0, 0, 1e+19, 0, 9.84691838e-15, 3.718e+18, 6.44e+20, 4.85, 4, 2.34222839, 8.61121168, 0.0128722772, 11912.3316, 0, 2.44271753e+18, 2.61578363e-06, 0.170164473, -1.84188831e-08, -1.56329872, 1e+19, 168.521879, 0.0149832823, 11912.3316, 362.693836, 8.61127606, 8.61121168, 0.0128722772, 0.0128722772, 1e+19, 9.99049095e-23, 0.170164473, 0.112797556, 0.170169902, 0.164932588, -8.98302363e-24, 0.164932587, 0.0417643111, -9.93901404e-23, 0.041786812, 0, 1.57114444e-08, 1.57114444e-08, 0.00733864753, 162.792327, -15.28191, 0.27, 3.332, 178.066898, 0.164932588, 0.0417643111, 0, 1.08226611e+18, 0, 0, 0, 0
0.5, 0, 0, 1e+19, 0, 9.85035893e-15, 3.718e+18, 6.44e+20, 4.85, 4, 2.34222839, 8.61114188, 0.0128722772, 11912.407, 0, 2.44273404e+18, 2.61578363e-06, 0.194851463, -1.84188831e-08, -1.56329872, 1e+19, 168.521879, 0.0159665471, 11912.407, 362.695469, 8.61121623, 8.61114188, 0.0128722772, 0.0128722772, 1e+19, 1.15456535e-22, 0.194851463, 0.11255251, 0.1948562, 0.190087801, -8.98302363e-24, 0.190087801, 0.0419250995, -1.14941765e-22, 0.0419475998, 0, 1.57115449e-08, 1.57115449e-08, 0.00734436695, 162.792333, -15.28191, 0.27, 3.332, 178.066898, 0.190087801, 0.0419250995, 0, 1.08227483e+18, 0, 0, 0, 0
0.566666667, 0, 0, 1e+19, 0, 9.85542001e-15, 3.718e+18, 6.44e+20, 4.85, 4, 2.3422282, 8.61103929, 0.0128722772, 11912.4544, 0, 2.44275905e+18, 4.99500707e-06, 0.216659435, -1.82782708e-08, -1.57406875, 1e+19, 321.797914, 0.0187796856, 11912.4544, 362.69787, 8.61112504, 8.61103929, 0.0128722772, 0.0128722772, 1e+19, 1.87129496e-22, 0.216659435, 0.112123622, 0.21666372, 0.212469587, -1.92507528e-23, 0.212469586, 0.0421737492, -1.85891641e-22, 0.0421962491, 0, 1.57116925e-08, 1.57116925e-08, 0.0110281952, 164.521877, -15.2808936, 0.27, 3.332, 179.791742, 0.212469587, 0.0421737492, 0, 1.08228604e+18, 0, 0, 0, 0
0.625, 0, 0, 1e+19, 0, 9.85984818e-15, 3.718e+18, 6.44e+20, 4.85, 4, 2.3422282, 8.61094952, 0.0128722772, 11912.5494, 0, 2.44278027e+18, 4.99500707e-06, 0.241539896, -1.82782708e-08, -1.57406875, 1e+19, 321.797914, 0.0197620482, 11912.5494, 362.69997, 8.61104526, 8.61094952, 0.0128722772, 0.0128722772, 1e+19, 2.206202e-22, 0.241539896, 0.111851006, 0.241543757, 0.237632814, -1.92507528e-23, 0.237632813, 0.0423448929, -2.19382344e-22, 0.0423673919, 0, 1.57118217e-08, 1.57118217e-08, 0.0110343404, 164.521883, -15.2808936, 0.27, 3.332, 179.791742, 0.237632814, 0.0423448929, 0, 1.08229725e+18, 0, 0, 0, 0
0.691666667, 0, 0, 1e+19, 0, 9.8660408e-15, 3.718e+18, 6.44e+20, 4.85, 4, 2.34222797, 8.61082413, 0.0128722772, 11912.6081, 0, 2.44281085e+18, 1.00820655e-05, 0.26352056, -1.81507432e-08, -1.58576044, 1e+19, 649.512688, 0.0225670177, 11912.6081, 362.702904, 8.61093127, 8.61082413, 0.0128722772, 0.0128722772, 1e+19, 3.73865926e-22, 0.26352056, 0.11137428, 0.263524109, 0.260006166, -4.21468878e-23, 0.260006166, 0.0425640144, -3.70925765e-22, 0.0425865128, 0, 1.57120023e-08, 1.57120023e-08, 0.0155325832, 166.051433, -15.2796513, 0.27, 3.332, 181.315552, 0.260006166, 0.0425640144, 0, 1.08231095e+18, 0, 0, 0, 0
0.75, 0, 0, 1e+19, 0, 9.87145904e-15, 3.718e+18, 6.44e+20, 4.85, 4, 2.34222797, 8.61071442, 0.0128722772, 11912.7228, 0, 2.44283679e+18, 1.00820655e-05, 0.28850038, -1.81507432e-08, -1.58576044, 1e+19, 649.512688, 0.0235469255, 11912.7228, 362.705472, 8.61083152, 8.61071442, 0.0128722772, 0.0128722772, 1e+19, 4.45474187e-22, 0.28850038, 0.111073651, 0.288503641, 0.285177868, -4.21468878e-23, 0.285177868, 0.0427151501, -4.42534026e-22, 0.0427376476, 0, 1.57121602e-08, 1.57121602e-08, 0.0155380595, 166.051439, -15.2796513, 0.27, 3.332, 181.315552, 0.285177868, 0.0427151501, 0, 1.08232465e+18, 0, 0, 0, 0
0.816666667, 0, 0, 1e+19, 0, 9.87878829e-15, 3.718e+18, 6.44e+20, 4.85, 4, 2.3422277, 8.6105662, 0.0128722772, 11912.7927, 0, 2.44287293e+18, 2.13411896e-05, 0.31050713, -1.81899038e-08, -1.59824254, 1e+19, 1374.82086, 0.0263263071, 11912.7927, 362.708941, 8.61069472, 8.6105662, 0.0128722772, 0.0128722772, 1e+19, 7.84833127e-22, 0.31050713, 0.110547933, 0.310510148, 0.307512268, -8.99316928e-23, 0.307512268, 0.0426419903, -7.78512172e-22, 0.0426644871, 0, 1.57123735e-08, 1.57123735e-08, 0.0208325217, 165.515763, -15.2781828, 0.27, 3.332, 180.773113, 0.307512268, 0.0426419903, 0, 1.08234085e+18, 0, 0, 0, 0
0.875, 0, 0, 1e+19, 0, 9.88520102e-15, 3.718e+18, 6.44e+20, 4.85, 4, 2.3422277, 8.61043651, 0.0128722772, 11912.9269, 0, 2.44290359e+18, 2.13411896e-05, 0.335531985, -1.81899038e-08, -1.59824254, 1e+19, 1374.82086, 0.0272972245, 11912.9269, 362.711976, 8.61057502, 8.61043651, 0.0128722772, 0.0128722772, 1e+19, 9.43325938e-22, 0.335531985, 0.110218785, 0.33553478, 0.332695574, -8.99316928e-23, 0.332695574, 0.0425876738, -9.37004983e-22, 0.0426101693, 0, 1.57125602e-08, 1.57125602e-08, 0.0208305504, 165.515761, -15.2781828, 0.27, 3.332, 180.773113, 0.332695574, 0.0425876738, 0, 1.08235705e+18, 0, 0, 0, 0
0.941666667, 0, 0, 1e+19, 0, 9.89367138e-15, 3.718e+18, 6.44e+20, 4.85, 4, 2.34222738, 8.61026548, 0.0128722772, 11913.0077, 0, 2.4429453e+18, 4.49605068e-05, 0.357343954, -1.87783147e-08, -1.6106434, 1e+19, 2896.31915, 0.0299886227, 11913.0077, 362.715979, 8.6104154, 8.61026548, 0.0128722772, 0.0128722772, 1e+19, 1.65487187e-21, 0.357343954, 0.109644674, 0.357346515, 0.354884053, -1.8157416e-22, 0.354884053, 0.0415332988, -1.6426461e-21, 0.0415557935, 0, 1.57128064e-08, 1.57128064e-08, 0.0268629314, 158.085588, -15.2764881, 0.27, 3.332, 173.335213, 0.354884053, 0.0415332988, 0, 1.08237573e+18, 0, 0, 0, 0
1, 0, 0, 1e+19, 0, 9.90108254e-15, 3.718e+18, 6.44e+20, 4.85, 4, 2.34222738, 8.61011583, 0.0128722772, 11913.1611, 0, 2.44298068e+18, 4.49605068e-05, 0.382362909, -1.87783147e-08, -1.6106434, 1e+19, 2896.31915, 0.0309290867, 11913.1611, 362.719481, 8.61027572, 8.61011583, 0.0128722772, 0.0128722772, 1e+19, 1.98736504e-21, 0.382362909, 0.109288077, 0.38236526, 0.380081817, -1.8157416e-22, 0.380081817, 0.0407936367, -1.97513927e-21, 0.0408161298, 0, 1.57130219e-08, 1.57130219e-08, 0.0268366581, 158.085561, -15.2764881, 0.27, 3.332, 173.335213, 0.380081817, 0.0407936367, 0, 1.08239443e+18, 0, 0, 0, 0
1.06666667, 0, 0, 1e+19, 0, 9.91070082e-15, 3.718e+18, 6.44e+20, 4.85, 4, 2.34222703, 8.60992196, 0.0128722772, 11913.2516, 0, 2.44302796e+18, 9.17603933e-05, 0.403399455, -2.12610208e-08, -1.62251275, 1e+19, 5910.94032, 0.0333220098, 11913.2516, 362.724019, 8.61009328, 8.60992196, 0.0128722772, 0.0128722772, 1e+19, 3.39719984e-21, 0.403399455, 0.108674911, 0.403401467, 0.401750576, -3.24429733e-22, 0.401750576, 0.0363843005, -3.37809558e-21, 0.0364067926, 0, 1.5713301e-08, 1.5713301e-08, 0.0334039868, 127.024524, -15.274567, 0.27, 3.332, 142.265687, 0.401750576, 0.0363843005, 0, 1.08241561e+18, 0, 0, 0, 0
1.125, 0, 0, 1e+19, 0, 9.91911632e-15, 3.718e+18, 6.44e+20, 4.85, 4, 2.34222703, 8.60975232, 0.0128722772, 11913.4231, 0, 2.44306807e+18, 9.17603933e-05, 0.428315532, -2.12610208e-08, -1.62251275, 1e+19, 5910.94032, 0.0341580991, 11913.4231, 362.727989, 8.60993363, 8.60975232, 0.0128722772, 0.0128722772, 1e+19, 4.05602851e-21, 0.428315532, 0.108298259, 0.428317246, 0.426962257, -3.24429733e-22, 0.426962257, 0.0332958704, -4.03692424e-21, 0.0333183603, 0, 1.57135452e-08, 1.57135452e-08, 0.0333061913, 127.024426, -15.274567, 0.27, 3.332, 142.265687, 0.426962257, 0.0332958704, 0, 1.0824368e+18, 0, 0, 0, 0
1.19166667, 0, 0, 1e+19, 0, 9.92988838e-15, 3.718e+18, 6.44e+20, 4.85, 4, 2.34222664, 8.60953561, 0.0128722772, 11913.5193, 0, 2.44312094e+18, 0.000170780752, 0.447288206, -3.0079468e-08, -1.63284295, 1e+19, 11000.8106, 0.0355201011, 11913.5193, 362.733061, 8.60972834, 8.60953561, 0.0128722772, 0.0128722772, 1e+19, 6.43479908e-21, 0.447288206, 0.10768815, 0.447289167, 0.446818114, -4.9654262e-22, 0.446818114, 0.017648263, -6.41077335e-21, 0.0176707521, 0, 1.57138573e-08, 1.57138573e-08, 0.0398601065, 16.8167361, -15.2724195, 0.27, 3.332, 32.0492955, 0.446818114, 0.017648263, 0, 1.08246048e+18, 0, 0, 0, 0
1.25, 0, 0, 1e+19, 0, 9.93931341e-15, 3.718e+18, 6.44e+20, 4.85, 4, 2.34222664, 8.60934599, 0.0128722772, 11913.7051, 0, 2.44316578e+18, 0.000170780752, 0.472090214, -3.0079468e-08, -1.63284295, 1e+19, 11000.8106, 0.0359953893, 11913.7051, 362.737499, 8.60954871, 8.60934599, 0.0128722772, 0.0128722772, 1e+19, 7.54725353e-21, 0.472090214, 0.107322093, 0.47209053, 0.472042212, -4.9654262e-22, 0.472042212, 0.00669375793, -7.52322781e-21, 0.00671624409, 0, 1.57141303e-08, 1.57141303e-08, 0.0396682491, 16.8165443, -15.2724195, 0.27, 3.332, 32.0492955, 0.472042212, 0.00669375793, 0, 1.08248417e+18, 0, 0, 0, 0
1.31666667, 0, 0, 1e+19, 0, 9.95124741e-15, 3.718e+18, 6.44e+20, 4.85, 4, 2.34222622, 8.60910643, 0.0128722772, 11913.7932, 0, 2.44322422e+18, 0.000284326243, 0.491049672, -6.0625856e-08, -1.64131285, 1e+19, 18314.0979, 0.0337872411, 11913.7932, 362.743107, 8.60932058, 8.60910643, 0.0128722772, 0.0128722772, 1e+19, 1.09642706e-20, 0.491049672, 0.10687391, 0.491047827, 0.485602225, -6.4541352e-22, 0.485602224, -0.0474605533, -1.09399045e-20, -0.0474380681, 0, 1.57144753e-08, 1.57144753e-08, 0.0463953407, -364.680262, -15.2700448, 0.27, 3.332, -349.456612, 0.485602225, -0.0474605533, 0, 1.08251034e+18, 0, 0, 0, 0
1.375, 0, 0, 1e+19, 0, 9.96168905e-15, 3.718e+18, 6.44e+20, 4.85, 4, 2.34222622, 8.60889681, 0.0128722772, 11913.9802, 0, 2.4432738e+18, 0.000284326243, 0.518430919, -6.0625856e-08, -1.64131285, 1e+19, 18314.0979, 0.0330112843, 11913.9802, 362.748014, 8.60912095, 8.60889681, 0.0128722772, 0.0128722772, 1e+19, 1.25628455e-20, 0.518430919, 0.106631174, 0.518427294, 0.510838337, -6.4541352e-22, 0.510838336, -0.0853767986, -1.25384793e-20, -0.0853543172, 0, 1.57147771e-08, 1.57147771e-08, 0.0475986403, -364.679059, -15.2700448, 0.27, 3.332, -349.456612, 0.510838337, -0.0853767986, 0, 1.08253653e+18, 0, 0, 0, 0
1.44166667, 0, 0, 1e+19, 0, 9.97479232e-15, 3.718e+18, 6.44e+20, 4.85, 4, 2.34222585, 8.6086344, 0.0128722772, 11914.0123, 0, 2.44333787e+18, 0.000421076036, 0.606742209, -1.6608626e-07, -1.64782918, 1e+19, 27121.2873, 0.0184060683, 11914.0123, 362.754157, 8.60886997, 8.6086344, 0.0128722772, 0.0128722772, 1e+19, 1.66743417e-20, 0.606742209, 0.106913429, 0.606733708, 0.50252062, -7.31601733e-22, 0.50252062, -0.272298927, -1.66532043e-20, -0.272276446, 0, 1.57151551e-08, 1.57151551e-08, 0.0814006845, -1681.61779, -15.2674421, 0.27, 3.332, -1666.43175, 0.50252062, -0.272298927, 0, 1.08256519e+18, 0, 0, 0, 0
1.5, 0, 0, 1e+19, 0, 9.98625704e-15, 3.718e+18, 6.44e+20, 4.85, 4, 2.34222585, 8.60840479, 0.0128722772, 11914.1548, 0, 2.44339218e+18, 0.000421076036, 0.672211641, -1.6608626e-07, -1.64782918, 1e+19, 27121.2873, 0.0132841344, 11914.1548, 362.759532, 8.60865035, 8.60840479, 0.0128722772, 0.0128722772, 1e+19, 1.85997299e-20, 0.672211641, 0.107193761, 0.672198518, 0.527765893, -7.31601733e-22, 0.527765893, -0.403182629, -1.85785925e-20, -0.403160154, 0, 1.57154857e-08, 1.57154857e-08, 0.107819213, -1681.59138, -15.2674421, 0.27, 3.332, -1666.43175, 0.527765893, -0.403182629, 0, 1.08259387e+18, 0, 0, 0, 0
1.56666667, 0, 0, 1e+19, 0, 1.0000539e-14, 3.718e+18, 6.44e+20, 4.85, 4, 2.34222569, 8.60811952, 0.0128722772, 11913.964, 0, 2.44346197e+18, 0.000568034307, 1.2403471, -5.31265649e-07, -1.65278759, 1e+19, 36585.0704, -0.0448157494, 11913.964, 362.766211, 8.60837651, 8.60811952, 0.0128722772, 0.0128722772, 1e+19, 2.30132999e-20, 1.2403471, 0.110204732, 1.24033149, 0.442682737, -7.84360133e-22, 0.442682737, -1.0502407, -2.29952859e-20, -1.05021823, 0, 1.57158965e-08, 1.57158965e-08, 0.581978996, -6241.17343, -15.2646074, 0.27, 3.332, -6226.49083, 0.442682737, -1.0502407, 0, 1.08262497e+18, 0, 0, 0, 0
1.625, 0, 0, 1e+19, 0, 1.00130349e-14, 3.718e+18, 6.44e+20, 4.85, 4, 2.34222569, 8.6078699, 0.0128722772, 11913.9022, 0, 2.44352102e+18, 0.000568034307, 1.59580855, -5.31265649e-07, -1.65278759, 1e+19, 36585.0704, -0.0652271266, 11913.9022, 362.772055, 8.6081369, 8.6078699, 0.0128722772, 0.0128722772, 1e+19, 2.50826504e-20, 1.59580855, 0.11240936, 1.5957877, 0.467929469, -7.84360133e-22, 0.46792947, -1.50341599, -2.50646364e-20, -1.50339352, 0, 1.5716256e-08, 1.5716256e-08, 0.940191271, -6240.81522, -15.2646074, 0.27, 3.332, -6226.49083, 0.467929469, -1.50341599, 0, 1.08265616e+18, 0, 0, 0, 0
1.69166667, 0, 0, 1e+19, 0, 1.00285037e-14, 3.718e+18, 6.44e+20, 4.85, 4, 2.3422264, 8.60756179, 0.0128722772, 11912.8906, 0, 2.44359691e+18, 0.000725196048, 3.84944293, -1.80613824e-06, -1.65682579, 1e+19, 46704.9263, -0.285135073, 11912.8906, 362.779269, 8.60784021, 8.60756179, 0.0128722772, 0.0128722772, 1e+19, 2.98037142e-20, 3.84944293, 0.125167139, 3.84942199, 0.0967672159, -8.46349931e-22, 0.096767218, -3.75967042, -2.97872836e-20, -3.75964794, 0, 1.57166999e-08, 1.57166999e-08, 7.22866706, -22153.7275, -15.2615278, 0.27, 3.332, -22145.6947, 0.0967672159, -3.75967042, 0, 1.08268954e+18, 0, 0, 0, 0
1.75, 0, 0, 1e+19, 0, 1.00420381e-14, 3.718e+18, 6.44e+20, 4.85, 4, 2.3422264, 8.60729219, 0.0128722772, 11912.0346, 0, 2.44366069e+18, 0.000725196048, 5.37826237, -1.80613824e-06, -1.65682579, 1e+19, 46704.9263, -0.363431738, 11912.0346, 362.785582, 8.6075806, 8.60729219, 0.0128722772, 0.0128722772, 1e+19, 3.20172842e-20, 5.37826237, 0.134217932, 5.37824009, 0.122015052, -8.46349931e-22, 0.122015054, -5.34171581, -3.20008536e-20, -5.34169335, 0, 1.57170882e-08, 1.57170882e-08, 11.7240529, -22149.2322, -15.2615278, 0.27, 3.332, -22145.6947, 0.122015052, -5.34171581, 0, 1.08272323e+18, 0, 0, 0, 0
1.81666667, 0, 0, 1e+19, 0, 1.00587044e-14, 3.718e+18, 6.44e+20, 4.85, 4, 2.34223047, 8.60696123, 0.0128722772, 11907.8507, 0, 2.44374408e+18, 0.000895976413, 13.7200543, -6.45165248e-06, -1.66031835, 1e+19, 57700.5771, -1.41545167, 11907.8505, 362.793332, 8.60726107, 8.60696123, 0.0128722772, 0.0128722772, 1e+19, 3.71424989e-20, 13.7200543, 0.18222474, 13.7200322, -1.80396371, -1.0041817e-21, -1.8039637, -13.4877699, -3.71237711e-20, -13.4877474, 0, 1.5717565e-08, 1.5717565e-08, 97.4680687, -80055.5822, -15.2581529, 0.27, 3.332, -80137.792, -1.80396371, -13.4877699, 0, 1.08275832e+18, 0, 0, 0, 0
1.875, 0, 0, 1e+19, 0, 1.00732868e-14, 3.718e+18, 6.44e+20, 4.85, 4, 2.34223047, 8.60667164, 0.0128722772, 11903.1799, 0, 2.4438126e+18, 0.000895976413, 19.4658012, -6.45165248e-06, -1.66031835, 1e+19, 57700.5771, -1.8310941, 11903.1797, 362.800113, 8.60698148, 8.60667164, 0.0128722772, 0.0128722772, 1e+19, 3.95497348e-20, 19.4658012, 0.216178262, 19.4657789, -1.77865108, -1.0041817e-21, -1.77865107, -19.252637, -3.9531007e-20, -19.2526145, 0, 1.57179822e-08, 1.57179822e-08, 156.531199, -79996.5191, -15.2581529, 0.27, 3.332, -80137.792, -1.77865108, -19.252637, 0, 1.08279451e+18, 0, 0, 0, 0
1.94166667, 0, 0, 1e+19, 0, 1.00911653e-14, 3.718e+18, 6.44e+20, 4.85, 4, 2.34225236, 8.60631775, 0.0128722772, 11872.8156, 0, 2.44390423e+18, 0.00111302954, 67.8329438, -2.89150996e-05, -1.66391737, 1e+19, 71674.5536, -8.73140203, 11872.8078, 362.808401, 8.60663905, 8.60631775, 0.0128722772, 0.0128722772, 1e+19, 4.60020091e-20, 67.8329438, 0.412939777, 67.8329235, -36.8510136, -2.21413264e-21, -36.8510133, -54.838, -4.59285033e-20, -54.8379773, 0, 1.57184921e-08, 1.57184921e-08, 3581.33324, -357416.585, -15.254145, 0.27, 3.332, -360982.664, -36.8510136, -54.838, 0, 1.08283102e+18, 0, 0, 0, 0
2, 0, 0, 1e+19, 0, 1.01068093e-14, 3.718e+18, 6.44e+20, 4.85, 4, 2.34225236, 8.60600809, 0.0128722772, 9380.06818, 0, 2.44397751e+18, 0.00111302954, 112.156278, -2.89150996e-05, -1.66391737, 1e+19, 71674.5536, 361.584827, 9366.46654, 362.815654, 8.60633942, 8.60600809, 0.0128722772, 0.0128722772, 1e+19, 4.91376646e-20, 112.156278, 0.561311108, 112.156261, -75.311111, -3.65309383e-21, -75.311109, -82.7169101, -4.89983041e-20, -82.7168876, 0, 1.57189382e-08, 1.57189382e-08, 7776.57291, -353221.345, -15.254145, 0.27, 3.332, -360982.664, -75.311111, -82.7169101, 0, 1.08286972e+18, 0, 0, 0, 0
2.06666667, 0, 0, 1e+19, 0, 1.01259849e-14, 3.718e+18, 6.44e+20, 4.85, 4, 2.34236216, 8.60562988, 0.0128722772, 6491.71912, 0, 2.42464991e+18, 0.00174368712, 119.371843, -0.000418089826, -1.67147043, 1e+19, 112239.381, 565.717698, 6464.87409, 362.824513, 8.60597336, 8.60562988, 0.0128722772, 0.0128722772, 1e+19, 4.60611481e-20, 119.371843, 0.733420244, 119.371832, -105.031569, -4.31288197e-21, -105.031566, -39.9272344, -4.5858724e-20, -39.9272217, 0, 1.57194833e-08, 1.57194833e-08, 7980.03568, 6550.44703, -15.0910367, 0.27, 3.332, -1414.49762, -105.031569, -39.9272344, 0, 1.09101867e+18, 0, 0, 0, 0
2.125, 0, 0, 1e+19, 0, 1.01427602e-14, 3.718e+18, 6.44e+20, 4.85, 4, 2.32839837, 8.60529894, 0.0128722772, 1812.42812, 0, 1.64493863e+18, 0.00292804127, 127.447142, -0.00078133578, -3.13035758, 1e+19, 188480.209, 553.08806, 1458.39024, 362.832264, 8.60565307, 8.60529894, 0.0128722772, 0.0128722772, 1e+19, 3.97007257e-20, 127.447142, 0.862867144, 127.447139, -127.273672, -4.98054332e-21, -127.27367, -6.51710368, -3.93248905e-20, -6.51710334, 0, 1.57199602e-08, 1.57199602e-08, 8167.79449, -94453.3444, -28.3226097, 0.27, 3.332, -102592.816, -127.273672, -6.51710368, 0, 1.64039586e+18, 0, 0, 0, 0
2.19166667, 0, 0, 1e+19, 0, 1.01631673e-14, 3.718e+18, 6.44e+20, 4.85, 4, 2.32874776, 8.60489788, 0.0128722772, 385.094531, 0, 1.64495845e+18, 0.00336109799, 122.824899, -0.00113245181, -3.13436136, 1e+19, 216346.177, 330.165892, 22.0799206, 362.841659, 8.60526343, 8.60489788, 0.0128722772, 0.0128722772, 1e+19, 4.68267785e-20, 122.824899, 0.876908732, 122.824897, -122.775191, -5.13582627e-21, -122.775189, -2.70952524, -4.64647454e-20, -2.70952493, 0, 1.57205382e-08, 1.57205382e-08, 7676.52895, -93534.5448, -28.318305, 0.27, 3.332, -101182.755, -122.775191, -2.70952524, 0, 1.64050499e+18, 0, 0, 0, 0
2.25, 0, 0, 1e+19, 0, 1.01810237e-14, 3.718e+18, 6.44e+20, 4.85, 4, 2.32901174, 8.60454695, 0.0128722772, 50.4352495, 0, 1.64289619e+18, 0.00366478471, 105.811082, -0.00144211227, -3.13791665, 1e+19, 235882.908, -49.8894886, 6.49452116, 362.84988, 8.6049225, 8.60454695, 0.0128722772, 0.0128722772, 1e+19, 4.88604355e-20, 105.811082, 0.885343013, 105.811082, -105.810337, -4.7259151e-21, -105.810336, -0.385050572, -4.86110023e-20, -0.385050556, 0, 1.57210439e-08, 1.57210439e-08, 6082.0542, 5837.91044, -28.2889707, 0.27, 3.332, -215.854799, -105.810337, -0.385050572, 0, 1.64253885e+18, 0, 0, 0, 0
2.31666667, 0, 0, 1e+19, 0, 1.0202676e-14, 3.718e+18, 6.44e+20, 4.85, 4, 2.32935357, 8.60412309, 0.0128722772, 50.1599157, 0, 1.64296201e+18, 0.00431369453, 104.948519, -0.00178482301, -3.14256249, 1e+19, 277637.055, -50.1275576, 1.43346083, 362.859811, 8.60451005, 8.60412309, 0.0128722772, 0.0128722772, 1e+19, 5.93317304e-20, 104.948519, 0.886016381, 104.948518, -104.948373, -1.46979234e-20, -104.948372, -0.138544045, -5.74070686e-20, -0.138544032, 0, 1.57216549e-08, 1.57216549e-08, 5993.06476, 5753.16511, -28.284764, 0.27, 3.332, -211.614892, -104.948373, -0.138544045, 0, 1.64261245e+18, 0, 0, 0, 0
2.375, 0, 0, 1e+19, 0, 1.02216208e-14, 3.718e+18, 6.44e+20, 4.85, 4, 2.32964847, 8.60375222, 0.0128722772, 50.9507701, 0, 1.6428165e+18, 0.00478416463, 104.141589, -0.00208479898, -3.14682477, 1e+19, 307909.111, -50.9323739, -0.671953017, 362.8685, 8.60414915, 8.60375222, 0.0128722772, 0.0128722772, 1e+19, 6.43151398e-20, 104.141589, 0.886320148, 104.141588, -104.141581, -2.16318496e-20, -104.14158, -0.0393097247, -6.00643346e-20, -0.0393097507, 0, 1.57221895e-08, 1.57221895e-08, 5889.63215, 5828.92284, -28.2782916, 0.27, 3.332, -32.4310187, -104.141581, -0.0393097247, 0, 1.64286634e+18, 0, 0, 0, 0
2.44166667, 0, 0, 1e+19, 0, 1.02445362e-14, 3.718e+18, 6.44e+20, 4.85, 4, 2.32998943, 8.60330549, 0.0128722772, 50.9459579, 0, 1.64288692e+18, 0.00902254086, 104.056789, -0.00242666576, -3.16239806, 1e+19, 580663.25, -50.9137984, -1.80478297, 362.878968, 8.60371386, 8.60330549, 0.0128722772, 0.0128722772, 1e+19, 3.01137335e-19, 104.056789, 0.886213539, 104.056788, -104.056788, -2.88572682e-19, -104.056787, -0.0104579636, -6.59362664e-20, -0.0104579919, 0, 1.57228336e-08, 1.57228336e-08, 5881.03832, 5820.31832, -28.2738597, 0.27, 3.332, -32.4461459, -104.056788, -0.0104579636, 0, 1.64294295e+18, 0, 0, 0, 0
2.5, 0, 0, 1e+19, 0, 1.02645859e-14, 3.718e+18, 6.44e+20, 4.85, 4, 2.33028435, 8.6029146, 0.0128722772, 51.0839985, 0, 1.64278707e+18, 0.0126785065, 103.981233, -0.00272581016, -3.17801835, 1e+19, 815927.266, -50.8839833, -3.86338069, 362.888127, 8.60333297, 8.6029146, 0.0128722772, 0.0128722772, 1e+19, 4.83218698e-19, 103.981233, 0.88618289, 103.981232, -103.981233, -4.77833126e-19, -103.981232, -6.7952504e-06, -6.74116285e-20, -6.860324e-06, 0, 1.57233971e-08, 1.57233971e-08, 5871.99566, 5809.53033, -28.2674131, 0.27, 3.332, -34.197921, -103.981233, -6.7952504e-06, 0, 1.64316066e+18, 0, 0, 0, 0
2.56666667, 0, 0, 1e+19, 0, 1.0288778e-14, 3.718e+18, 6.44e+20, 4.85, 4, 2.33062541, 8.60244503, 0.0128722772, 51.1905958, 0, 1.64286004e+18, 0.115137374, 104.101131, -0.00306784306, -3.22410507, 1e+19, 7442179.39, -50.9159365, -5.1759771, 362.899133, 8.60287482, 8.60244503, 0.0128722772, 0.0128722772, 1e+19, 8.17469789e-18, 104.101131, 0.885935964, 104.10113, -104.101121, -8.17323039e-18, -104.101121, 0.0339349874, 1.0214228e-19, 0.0339349188, 0, 1.57240743e-08, 1.57240743e-08, 5884.29463, 5821.13807, -28.2627345, 0.27, 3.332, -34.8938213, -104.101121, 0.0339349874, 0, 1.6432422e+18, 0, 0, 0, 0
2.625, 0, 0, 1e+19, 0, 1.03099447e-14, 3.718e+18, 6.44e+20, 4.85, 4, 2.3309191, 8.60203415, 0.0128722772, 51.7659881, 0, 1.64270032e+18, 0.208035306, 104.173369, -0.00336713415, -3.2660876, 1e+19, 13387076.8, -50.7840272, -8.75101478, 362.908762, 8.60247394, 8.60203415, 0.0128722772, 0.0128722772, 1e+19, 1.36416773e-17, 104.173369, 0.885850664, 104.173368, -104.173358, -1.36406315e-17, -104.173357, 0.0456522699, 1.62642276e-19, 0.0456521451, 0, 1.57246667e-08, 1.57246667e-08, 5894.68547, 5800.63691, -28.2547643, 0.27, 3.332, -65.7937938, -104.173358, 0.0456522699, 0, 1.64352218e+18, 0, 0, 0, 0
2.69166667, 0, 0, 1e+19, 0, 1.03354162e-14, 3.718e+18, 6.44e+20, 4.85, 4, 2.33126141, 8.601542, 0.0128722772, 51.4517899, 0, 1.64277098e+18, 1.91181176, 105.182493, -0.00371058317, -3.32187017, 1e+19, 203488409, -50.122776, -11.3796303, 362.920298, 8.60199307, 8.601542, 0.0128722772, 0.0128722772, 1e+19, 2.36612325e-16, 105.182493, 0.884759082, 105.182492, -105.181948, -2.36545039e-16, -105.181948, 0.272183485, 5.61207905e-18, 0.272183352, 0, 1.57253765e-08, 1.57253765e-08, 6000.40011, 5794.74354, -28.2497817, 0.27, 3.332, -177.406792, -105.181948, 0.272183485, 0, 1.64361309e+18, 0, 0, 0, 0
2.75, 0, 0, 1e+19, 0, 1.03577023e-14, 3.718e+18, 6.44e+20, 4.85, 4, 2.3315503, 8.60111136, 0.0128722772, 65.6434697, 0, 1.64232885e+18, 5.82157462, 105.84046, -0.00401118097, -3.3708206, 1e+19, 374620142, -46.1025438, -38.1573048, 362.930392, 8.60157231, 8.60111136, 0.0128722772, 0.0128722772, 1e+19, 3.95304967e-16, 105.84046, 0.88438987, 105.840459, -105.839828, -3.95226009e-16, -105.839827, 0.348312336, 7.54073146e-18, 0.348312075, 0, 1.57259976e-08, 1.57259976e-08, 6094.66963, 5254.88303, -28.2366026, 0.27, 3.332, -811.550001, -105.839828, 0.348312336, 0, 1.64416306e+18, 0, 0, 0, 0
2.81666667, 0, 0, 1e+19, 0, 1.03844308e-14, 3.718e+18, 6.44e+20, 4.85, 4, 2.33187704, 8.60059737, 0.0128722772, 2383.83977, 0, 1.64119294e+18, 35.1390783, 112.023138, -0.00436484756, -3.42722833, 1e+19, 5.8816277e+09, 2325.12496, 19.9827579, 362.942443, 8.60106924, 8.60059737, 0.0128722772, 0.0128722772, 1e+19, 6.8973651e-15, 112.023138, 0.875885472, 112.02313, -111.987313, -6.8954084e-15, -111.987305, 2.30501944, 1.6379432e-16, 2.30501909, 0, 1.5726739e-08, 1.5726739e-08, 7429.41723, -312720.69, -28.2121238, 0.27, 3.332, -320121.895, -111.987313, 2.30501944, 0, 1.64538841e+18, 0, 0, 0, 0
2.875, 0, 0, 1e+19, 0, 1.04078172e-14, 3.718e+18, 6.44e+20, 4.85, 4, 2.33203359, 8.60014762, 0.0128722772, 5033.13985, 0, 1.63408551e+18, 168.942103, 119.195104, -0.00467525544, -3.47655087, 1e+19, 1.08698201e+10, 5010.96691, 393.118943, 362.952987, 8.60062905, 8.60014762, 0.0128722772, 0.0128722772, 1e+19, 1.14820253e-14, 119.195104, 0.872203668, 119.195088, -119.149696, -1.14797928e-14, -119.149681, 3.20456475, 2.14089175e-16, 3.20456303, 0, 1.57273878e-08, 1.57273878e-08, 8986.72475, -607884.545, -28.0885646, 0.27, 3.332, -616843.182, -119.149696, 3.20456475, 0, 1.65219642e+18, 0, 0, 0, 0
2.94166667, 0, 0, 1e+19, 0, 1.04361004e-14, 3.718e+18, 6.44e+20, 4.85, 4, 2.27346108, 24.5491656, 0.24055087, 7339.37178, 0, 2.60081154e+17, 1227.38553, 125.782242, -0.00547638663, -3.4799584, 1e+19, 2.37367656e+11, 7280.28948, 929.3879, 362.965676, 24.5493936, 40.4982153, 0.24055087, 0.468229463, 1e+19, 1.97563541e-12, 125.782242, 0.863481906, 125.782225, -125.771841, -1.91489373e-12, -125.771825, 1.31866736, 4.85582103e-13, 1.31866908, 0, 1.57281686e-08, 1.57281686e-08, 17631.2269, -612108.701, -13.1982149, 0.27, 3.332, -629726.73, -125.771841, 1.31866736, 0, 2.38530477e+17, 0, 0, 0, 0
3, 0, 0, 1e+19, 0, 1.04608467e-14, 3.718e+18, 6.44e+20, 4.85, 4, 2.22456774, 38.5045841, 0.439769639, 8736.49174, 0, 5.61202101e+16, 6469.92369, 132.935155, -0.00617662973, -3.48301688, 1e+19, 4.12102888e+11, 8525.41659, 1767.65007, 362.976779, 38.5045841, 68.4090245, 0.439769639, 0.866667, 1e+19, 3.21897841e-12, 132.935155, 0.859813558, 132.935137, -132.93436, -3.14755952e-12, -132.934342, 0.418998116, 6.48437812e-13, 0.419005659, 0, 1.57288518e-08, 1.57288518e-08, 26028.4714, -626102.54, -0.329878041, 0.27, 3.332, -652130.681, -132.93436, 0.418998116, 0, 4.32731209e+16, 0, 0, 0, 0
3, 0, 0, 5e+16, 0, 1.04608467e-14, 3.718e+18, 6.44e+20, 4.85, 4, 2.22456774, 38.5045841, 0.439769639, 1413.39287, 0, 5.61202101e+16, 6469.92369, 132.935155, -0.00617662973, -3.48301688, 5e+16, 4.12102888e+11, 134.018955, 1405.10057, 362.976779, 38.5045841, 68.4090245, 0.439769639, 0.866667, 5e+16, 3.21897841e-12, 132.935155, 0.859813558, 132.935137, -132.93436, -3.14755952e-12, -132.934342, 0.418998116, 6.48437812e-13, 0.419005659, 0, 1.57288518e-08, 1.57288518e-08, 26028.4714, -626102.54, -0.329878041, 0.27, 3.332, -652130.681, -132.93436, 0.418998116, 0, 4.32731209e+16, 0, 0, 0, 0
3.06666667, 0, 0, 5e+16, 0, 1.04907215e-14, 3.718e+18, 6.44e+20, 4.85, 4, 2.22400769, 54.4491102, 0.667448232, 1140.88862, 0, 5.20636164e+16, 13704.9193, 134.322217, -0.00797871864, -3.50588919, 5e+16, 1.12838423e+12, 85.4661725, 1132.60901, 362.990115, 54.4513439, 68.4045009, 0.667448232, 0.866667, 5e+16, 1.29006691e-11, 134.322217, 0.860009567, 134.322206, -134.321148, -1.27102028e-11, -134.321137, -0.304985385, 2.201947e-12, -0.304980039, 0, 1.57296724e-08, 1.57296724e-08, 34311.1031, -300727.692, -0.270314017, 0.27, 3.332, -335038.525, -134.321148, -0.304985385, 0, 4.36623197e+16, 0, 0, 0, 0
3.125, 0, 0, 5e+16, 0, 1.05168604e-14, 3.718e+18, 6.44e+20, 4.85, 4, 2.22183546, 68.4005428, 0.866667, 630.532162, 0, 4.6215454e+16, 27894.7175, 133.084603, -0.00955392836, -3.5259067, 5e+16, 1.77332604e+12, -33.406791, 629.64611, 363.001784, 68.4047801, 68.4005428, 0.866667, 0.866667, 5e+16, 1.9553315e-11, 133.084603, 0.860650114, 133.084599, -133.082937, -1.93413203e-11, -133.082933, -0.665569649, 2.75168546e-12, -0.665567379, 0, 1.57303904e-08, 1.57303904e-08, 41432.4343, -682.428587, -0.185148012, 0.27, 3.332, -42114.6777, -133.082937, -0.665569649, 0, 4.43421016e+16, 0, 0, 0, 0
3.19166667, 0, 0, 5e+16, 0, 1.05480677e-14, 3.718e+18, 6.44e+20, 4.85, 4, 2.22351686, 68.3958434, 0.866667, 425.033756, 0, 4.58321143e+16, 61590.5501, 132.966031, -0.0115041303, -3.55231964, 5e+16, 5.01249557e+12, -150.752467, 368.383462, 363.01564, 68.4001687, 68.3958434, 0.866667, 0.866667, 5e+16, 6.14592019e-11, 132.966031, 0.862428805, 132.966028, -132.965263, -6.06749014e-11, -132.965259, -0.40044764, 9.65671834e-12, -0.400445858, 0, 1.57312431e-08, 1.57312431e-08, 42338.4776, 13447.5748, -0.178241923, 0.27, 3.332, -28890.7245, -132.965263, -0.40044764, 0, 4.43837705e+16, 0, 0, 0, 0
3.25, 0, 0, 5e+16, 0, 1.0575373e-14, 3.718e+18, 6.44e+20, 4.85, 4, 2.22468219, 68.3917314, 0.866667, 350.737319, 0, 4.50566466e+16, 124350.971, 130.653307, -0.0132114821, -3.5754234, 5e+16, 7.9046105e+12, -254.330578, 241.01069, 363.027765, 68.3961336, 68.3917314, 0.866667, 0.866667, 5e+16, 9.07273322e-11, 130.653307, 0.863630972, 130.653304, -130.653151, -8.98437009e-11, -130.653149, -0.200949311, 1.20683075e-11, -0.200948152, 0, 1.57319892e-08, 1.57319892e-08, 42414.8875, 36227.2073, -0.167559111, 0.27, 3.332, -6187.51255, -130.653151, -0.200949311, 0, 4.44704726e+16, 0, 0, 0, 0
3.31666667, 0, 0, 5e+16, 0, 1.06079737e-14, 3.718e+18, 6.44e+20, 4.85, 4, 2.22656095, 68.3868501, 0.866667, 322.348181, 0, 4.49459651e+16, 276219.57, 130.36971, -0.0151751423, -3.60222381, 5e+16, 2.24155821e+13, -266.401066, 177.83533, 363.042162, 68.3913433, 68.3868501, 0.866667, 0.866667, 5e+16, 2.76615492e-10, 130.36971, 0.864353217, 130.369707, -130.369621, -2.73156262e-10, -130.369618, -0.15103068, 4.29053441e-11, -0.151029679, 0, 1.57328752e-08, 1.57328752e-08, 42407.5062, 37491.0275, -0.165747749, 0.27, 3.332, -4916.31297, -130.369621, -0.15103068, 0, 4.44831682e+16, 0, 0, 0, 0
3.375, 0, 0, 5e+16, 0, 1.06364981e-14, 3.718e+18, 6.44e+20, 4.85, 4, 2.22810021, 68.3825789, 0.866667, 308.194919, 0, 4.46997827e+16, 557121.342, 129.622982, -0.0168935134, -3.62567149, 5e+16, 3.54118498e+13, -279.113011, 129.711823, 363.054758, 68.3871516, 68.3825789, 0.866667, 0.866667, 5e+16, 4.06799379e-10, 129.622982, 0.864767629, 129.622979, -129.622929, -4.02892256e-10, -129.622926, -0.115716474, 5.36952253e-11, -0.11571567, 0, 1.57336503e-08, 1.57336503e-08, 42193.9512, 39882.9811, -0.162875348, 0.27, 3.332, -2310.80723, -129.622929, -0.115716474, 0, 4.45109174e+16, 0, 0, 0, 0
3.44166667, 0, 0, 5e+16, 0, 1.06705386e-14, 3.718e+18, 6.44e+20, 4.85, 4, 2.23001297, 68.3775122, 0.866667, 298.554331, 0, 4.46384872e+16, 1236146.73, 129.307503, -0.0188573383, -3.65247299, 5e+16, 1.00030963e+14, -281.27666, 99.548779, 363.069704, 68.3821777, 68.3775122, 0.866667, 0.866667, 5e+16, 1.23111695e-09, 129.307503, 0.865321783, 129.3075, -129.307454, -1.21580134e-09, -129.307452, -0.111204544, 1.90363762e-10, -0.111203822, 0, 1.573457e-08, 1.573457e-08, 42078.3444, 40019.7784, -0.162037373, 0.27, 3.332, -2058.40402, -129.307454, -0.111204544, 0, 4.45182992e+16, 0, 0, 0, 0
3.5, 0, 0, 5e+16, 0, 1.07003226e-14, 3.718e+18, 6.44e+20, 4.85, 4, 2.23162525, 68.3730788, 0.866667, 292.894014, 0, 4.44977726e+16, 2487401.21, 128.833541, -0.0205757115, -3.67592205, 5e+16, 1.58091032e+14, -283.788417, 68.9396485, 363.082782, 68.3778254, 68.3730788, 0.866667, 0.866667, 5e+16, 1.81020827e-09, 128.833541, 0.865610057, 128.833538, -128.833496, -1.7929089e-09, -128.833493, -0.105608671, 2.38255656e-10, -0.105608044, 0, 1.57353748e-08, 1.57353748e-08, 41881.1256, 40374.2737, -0.160786749, 0.27, 3.332, -1506.69105, -128.833496, -0.105608671, 0, 4.45343948e+16, 0, 0, 0, 0
3.56666667, 0, 0, 5e+16, 0, 1.07358426e-14, 3.718e+18, 6.44e+20, 4.85, 4, 2.23354326, 68.3678243, 0.866667, 287.667521, 0, 4.4449791e+16, 5509048.51, 128.45888, -0.0225358976, -3.70267418, 5e+16, 4.44757556e+14, -283.901597, 46.3537184, 363.098285, 68.3726648, 68.3678243, 0.866667, 0.866667, 5e+16, 5.45089445e-09, 128.45888, 0.866194951, 128.458878, -128.458826, -5.38333918e-09, -128.458824, -0.113923614, 8.41087776e-10, -0.113923041, 0, 1.5736329e-08, 1.5736329e-08, 41713.5106, 40255.3569, -0.160137152, 0.27, 3.332, -1457.99355, -128.458826, -0.113923614, 0, 4.45403598e+16, 0, 0, 0, 0
3.625, 0, 0, 5e+16, 0, 1.07669211e-14, 3.718e+18, 6.44e+20, 4.85, 4, 2.23517211, 68.3632267, 0.866667, 286.270679, 0, 4.43380025e+16, 11063523.4, 128.0083, -0.0242510496, -3.7260799, 5e+16, 7.0309634e+14, -283.933718, 19.5910223, 363.111851, 68.3681493, 68.3632267, 0.866667, 0.866667, 5e+16, 8.01665923e-09, 128.0083, 0.866485347, 128.008297, -128.008244, -7.94036492e-09, -128.008242, -0.11601289, 1.05267329e-09, -0.116012372, 0, 1.57371638e-08, 1.57371638e-08, 41495.3075, 40142.8746, -0.159379299, 0.27, 3.332, -1352.27353, -128.008244, -0.116012889, 0, 4.45532737e+16, 0, 0, 0, 0
3.69166667, 0, 0, 5e+16, 0, 1.08039559e-14, 3.718e+18, 6.44e+20, 4.85, 4, 2.23708266, 68.357783, 0.866667, 283.144293, 0, 4.42884816e+16, 24453832.8, 127.553568, -0.0262052838, -3.75276377, 5e+16, 1.96986207e+15, -282.957351, -3.10389658, 363.127916, 68.3628002, 68.357783, 0.866667, 0.866667, 5e+16, 2.40166942e-08, 127.553568, 0.867172699, 127.553565, -127.553493, -2.37201106e-08, -127.55349, -0.132337845, 3.69856626e-09, -0.132337365, 0, 1.57381525e-08, 1.57381525e-08, 41282.3153, 39868.8803, -0.158129105, 0.27, 3.332, -1413.27682, -127.553493, -0.132337842, 0, 4.45594423e+16, 0, 0, 0, 0
3.75, 0, 0, 5e+16, 0, 1.08363599e-14, 3.718e+18, 6.44e+20, 4.85, 4, 2.23870268, 68.3530197, 0.866667, 286.551463, 0, 4.41724262e+16, 49025777, 127.044839, -0.0279152055, -3.77610953, 5e+16, 3.11534151e+15, -281.474554, -33.2944664, 363.141973, 68.3581197, 68.3530197, 0.866667, 0.866667, 5e+16, 3.53368596e-08, 127.044839, 0.867507872, 127.044836, -127.044759, -3.50019513e-08, -127.044757, -0.138971548, 4.6292739e-09, -0.138971102, 0, 1.57390176e-08, 1.57390176e-08, 41023.7962, 39470.4621, -0.157061767, 0.27, 3.332, -1553.17709, -127.044759, -0.138971544, 0, 4.45728311e+16, 0, 0, 0, 0
3.81666667, 0, 0, 5e+16, 0, 1.0874947e-14, 3.718e+18, 6.44e+20, 4.85, 4, 2.2405949, 68.3473852, 0.866667, 286.60943, 0, 4.41084918e+16, 108112464, 126.493067, -0.0298618104, -3.80270549, 5e+16, 8.68801466e+15, -279.475031, -61.6378298, 363.158606, 68.3525807, 68.3473852, 0.866667, 0.866667, 5e+16, 1.05274756e-07, 126.493067, 0.868351095, 126.493064, -126.492952, -1.03977931e-07, -126.49295, -0.162642821, 1.61888415e-08, -0.1626424, 0, 1.57400413e-08, 1.57400413e-08, 40769.0428, 39043.9434, -0.152473483, 0.27, 3.332, -1724.94689, -126.492952, -0.162642805, 0, 4.45806195e+16, 0, 0, 0, 0
3.875, 0, 0, 5e+16, 0, 1.0908709e-14, 3.718e+18, 6.44e+20, 4.85, 4, 2.24218418, 68.342455, 0.866667, 300.247586, 0, 4.39596164e+16, 216412029, 125.867194, -0.0315650347, -3.82597439, 5e+16, 1.37507283e+16, -276.4167, -102.448036, 363.173159, 68.3477339, 68.342455, 0.866667, 0.866667, 5e+16, 1.55033328e-07, 125.867194, 0.868762451, 125.867192, -125.867069, -1.53568978e-07, -125.867066, -0.173581342, 2.02685012e-08, -0.17358094, 0, 1.5740937e-08, 1.5740937e-08, 40456.047, 38345.0847, -0.14861528, 0.27, 3.332, -2110.81365, -125.867069, -0.173581322, 0, 4.45976147e+16, 0, 0, 0, 0
3.94166667, 0, 0, 5e+16, 0, 1.09488849e-14, 3.718e+18, 6.44e+20, 4.85, 4, 2.24404575, 68.3366284, 0.866667, 308.933597, 0, 4.38655336e+16, 476037523, 125.198228, -0.0335031049, -3.85246387, 5e+16, 3.81473617e+16, -273.133637, -143.030812, 363.190362, 68.3420034, 68.3366284, 0.866667, 0.866667, 5e+16, 4.58939868e-07, 125.198228, 0.869824, 125.198226, -125.198038, -4.53286844e-07, -125.198036, -0.207785541, 7.05515584e-08, -0.207785126, 0, 1.57419958e-08, 1.57419958e-08, 40163.7673, 37732.8133, -0.129126892, 0.27, 3.332, -2430.82482, -125.198039, -0.20778547, 0, 4.46087677e+16, 0, 0, 0, 0
4, 0, 0, 5e+16, 0, 1.09840371e-14, 3.718e+18, 6.44e+20, 4.85, 4, 2.2455779, 68.3315302, 0.866667, 344.716172, 0, 4.36488113e+16, 951739993, 124.386813, -0.0351988305, -3.87564003, 5e+16, 6.04693753e+16, -267.944673, -204.153272, 363.205416, 68.3369891, 68.3315302, 0.866667, 0.866667, 5e+16, 6.77039465e-07, 124.386813, 0.870348124, 124.38681, -124.386602, -6.70655554e-07, -124.386599, -0.224680287, 8.8391929e-08, -0.224679871, 0, 1.57429223e-08, 1.57429223e-08, 39780.2115, 36639.4247, -0.111923133, 0.27, 3.332, -3140.67481, -124.386602, -0.224680199, 0, 4.46331945e+16, 0, 0, 0, 0
4.06666667, 0, 0, 5e+16, 0, 1.10258419e-14, 3.718e+18, 6.44e+20, 4.85, 4, 2.24739157, 68.3255101, 0.866667, 374.986704, 0, 4.35012277e+16, 2.0879242e+09, 123.562623, -0.0371283828, -3.90200076, 5e+16, 1.66729232e+17, -262.745837, -266.698084, 363.223195, 68.3310659, 68.3255101, 0.866667, 0.866667, 5e+16, 1.98963406e-06, 123.562622, 0.871726013, 123.562621, -123.562281, -1.96500057e-06, -123.56228, -0.276499155, 3.06510608e-07, -0.276498567, 0, 1.57440166e-08, 1.57440166e-08, 39451.5868, 35763.3101, -0.0275465021, 0.27, 3.332, -3688.24915, -123.562282, -0.276498849, 0, 4.46503273e+16, 0, 0, 0, 0
4.125, 0, 0, 5e+16, 0, 1.10624194e-14, 3.718e+18, 6.44e+20, 4.85, 4, 2.24882818, 68.3202426, 0.866667, 451.553845, 0, 4.3165522e+16, 4.17190798e+09, 122.462346, -0.038816604, -3.92506551, 5e+16, 2.65062429e+17, -254.213932, -363.273942, 363.238752, 68.3258829, 68.3202426, 0.866667, 0.866667, 5e+16, 2.94490249e-06, 122.462343, 0.872417876, 122.462343, -122.461957, -2.91707425e-06, -122.461957, -0.302937294, 3.84571533e-07, -0.302936641, 0, 1.57449742e-08, 1.57449742e-08, 38970.4902, 34088.4205, 0.0494517651, 0.27, 3.332, -4882.11917, -122.461959, -0.30293691, 0, 4.46877448e+16, 0, 0, 0, 0
4.19166667, 0, 0, 5e+16, 0, 1.11058934e-14, 3.718e+18, 6.44e+20, 4.85, 4, 2.2505663, 68.3140277, 0.866667, 525.489276, 0, 4.29266441e+16, 9.12849647e+09, 121.401256, -0.0407388442, -3.95127231, 5e+16, 7.25634627e+17, -245.680839, -464.078501, 363.257111, 68.3197655, 68.3140277, 0.866667, 0.866667, 5e+16, 8.58108181e-06, 121.401248, 0.874288411, 121.401254, -121.400563, -8.47317485e-06, -121.400569, -0.388038746, 1.33129899e-06, -0.388037208, 0, 1.57461043e-08, 1.57461043e-08, 38597.0781, 32778.7219, 0.414578793, 0.27, 3.332, -5818.77072, -121.400571, -0.388037415, 0, 4.47151508e+16, 0, 0, 0, 0
4.25, 0, 0, 5e+16, 0, 1.11439312e-14, 3.718e+18, 6.44e+20, 4.85, 4, 2.2518446, 68.3085896, 0.866667, 670.315025, 0, 4.2390317e+16, 1.82535046e+10, 119.834259, -0.0424205718, -3.97420516, 5e+16, 1.1598775e+18, -231.141502, -622.516856, 363.273176, 68.3144126, 68.3085896, 0.866667, 0.866667, 5e+16, 1.27806482e-05, 119.834246, 0.875241872, 119.834256, -119.83345, -1.26586442e-05, -119.833461, -0.431618633, 1.67510681e-06, -0.431616763, 0, 1.57470931e-08, 1.57470931e-08, 37966.2422, 30164.2274, 0.75706837, 0.27, 3.332, -7802.77176, -119.833463, -0.431616958, 0, 4.47743793e+16, 0, 0, 0, 0
4.31666667, 0, 0, 5e+16, 0, 1.11891184e-14, 3.718e+18, 6.44e+20, 4.85, 4, 2.25345509, 68.3021783, 0.866667, 821.87213, 0, 4.19913027e+16, 3.98575455e+10, 118.326764, -0.0443382464, -4.00022284, 5e+16, 3.14900435e+18, -215.41743, -792.970083, 363.292121, 68.3080996, 68.3021783, 0.866667, 0.866667, 5e+16, 3.68969109e-05, 118.326728, 0.877985132, 118.326762, -118.325062, -3.64139895e-05, -118.325096, -0.593808547, 5.83214925e-06, -0.593802612, 0, 1.57482592e-08, 1.57482592e-08, 37504.8901, 27966.936, 2.33320185, 0.27, 3.332, -9540.28728, -118.325099, -0.593802715, 0, 4.48200343e+16, 0, 0, 0, 0
4.375, 0, 0, 5e+16, 0, 1.12286553e-14, 3.718e+18, 6.44e+20, 4.85, 4, 2.25445816, 68.2965684, 0.866667, 1088.14486, 0, 4.11106838e+16, 7.99907993e+10, 115.929938, -0.04601576, -4.02299757, 5e+16, 5.08514285e+18, -187.479966, -1067.6572, 363.308698, 68.3025755, 68.2965684, 0.866667, 0.866667, 5e+16, 5.56466161e-05, 115.929883, 0.879389966, 115.929935, -115.927885, -5.50995044e-05, -115.927937, -0.674738343, 7.38232167e-06, -0.674730869, 0, 1.57492796e-08, 1.57492796e-08, 36603.2478, 23583.231, 3.86457114, 0.27, 3.332, -13023.8813, -115.927941, -0.674730961, 0, 4.4916464e+16, 0, 0, 0, 0
4.44166667, 0, 0, 5e+16, 0, 1.12756003e-14, 3.718e+18, 6.44e+20, 4.85, 4, 2.255814, 68.2899592, 0.866667, 1396.59249, 0, 4.0395367e+16, 1.74716576e+11, 113.226798, -0.0479333748, -4.04877355, 5e+16, 1.36920223e+19, -148.103096, -1388.71655, 363.328233, 68.2960654, 68.2899592, 0.866667, 0.866667, 5e+16, 0.000159215352, 113.226641, 0.884154581, 113.226795, -113.22047, -0.000156890734, -113.220624, -1.09523774, 2.650007e-05, -1.09521131, 0, 1.57504821e-08, 1.57504821e-08, 35847.9203, 18652.5892, 10.6833934, 0.27, 3.332, -17206.0145, -113.220627, -1.09521124, 0, 4.49988785e+16, 0, 0, 0, 0
4.5, 0, 0, 5e+16, 0, 1.13166752e-14, 3.718e+18, 6.44e+20, 4.85, 4, 2.25626746, 68.2841762, 0.866667, 1942.49545, 0, 3.88632446e+16, 3.54675675e+11, 108.976117, -0.0496101096, -4.07136006, 5e+16, 2.25805586e+19, -74.3674685, -1938.32183, 363.345326, 68.2903689, 68.2841762, 0.866667, 0.866667, 5e+16, 0.000247387782, 108.975873, 0.886540672, 108.976114, -108.968113, -0.000244740181, -108.968355, -1.29258335, 3.40411358e-05, -1.2925494, 0, 1.57515343e-08, 1.57515343e-08, 34293.2288, 9728.30624, 17.7211485, 0.27, 3.332, -24582.6437, -108.968358, -1.2925493, 0, 4.51650857e+16, 0, 0, 0, 0
4.56666667, 0, 0, 5e+16, 0, 1.13654276e-14, 3.718e+18, 6.44e+20, 4.85, 4, 2.2568675, 68.2773673, 0.866667, 2771.59165, 0, 3.72732175e+16, 7.82883301e+11, 101.522675, -0.0515328643, -4.09671369, 5e+16, 6.0779964e+19, 109.239486, -2767.96878, 363.365457, 68.2836599, 68.2773673, 0.866667, 0.866667, 5e+16, 0.000695570651, 101.521999, 0.897892122, 101.522671, -101.473247, -0.00068143984, -101.473925, -2.79188373, 0.000135318685, -2.79174892, 0, 1.57527736e-08, 1.57527736e-08, 32313.2152, -8154.32565, 47.9838418, 0.27, 3.332, -40515.5246, -101.473928, -2.79174841, 0, 4.53517111e+16, 0, 0, 0, 0
4.625, 0, 0, 5e+16, 0, 1.14080839e-14, 3.718e+18, 6.44e+20, 4.85, 4, 2.25576681, 68.2714096, 0.866667, 4379.84093, 0, 3.41259624e+16, 1.65444069e+12, 91.7521824, -0.0532108672, -4.11900825, 5e+16, 1.05968014e+20, 459.007743, -4354.08561, 363.383072, 68.2777895, 68.2714096, 0.866667, 0.866667, 5e+16, 0.0011837808, 91.7510223, 0.903148834, 91.7521782, -91.6867534, -0.00116750252, -91.6879168, -3.42465234, 0.000181098374, -3.42447192, 0, 1.5753858e-08, 1.5753858e-08, 28748.9902, -29742.2334, 83.7767333, 0.27, 3.332, -58575.0003, -91.6879205, -3.42447124, 0, 4.56892214e+16, 0, 0, 0, 0
4.69166667, 0, 0, 5e+16, 0, 1.14587021e-14, 3.718e+18, 6.44e+20, 4.85, 4, 2.25207118, 68.2643981, 0.866667, 8435.95171, 0, 2.85059551e+16, 3.93099442e+12, 65.7433561, -0.0551749887, -4.14237681, 5e+16, 3.06738178e+20, 1960.05933, -8178.71185, 363.403807, 68.2708794, 68.2643981, 0.866667, 0.866667, 5e+16, 0.00296139819, 65.7406742, 0.93069046, 65.7433496, -65.2634636, -0.00283612668, -65.2662928, -6.6596689, 0.000806565173, -6.65886439, 0, 1.57551346e-08, 1.57551346e-08, 21485.5539, -46539.487, 242.827925, 0.27, 3.332, -68267.8688, -65.2662997, -6.65886232, 0, 4.63649233e+16, 0, 0, 0, 0
4.75, 0, 0, 5e+16, 0, 1.15029916e-14, 3.718e+18, 6.44e+20, 4.85, 4, 2.24316705, 68.2582631, 0.866667, 15692.5085, 0, 2.03312482e+16, 1.00850083e+13, 47.3313166, -0.0568812109, -4.16294504, 5e+16, 6.75716205e+20, 4510.73572, -15030.2344, 363.421952, 68.2648329, 68.2582631, 0.866667, 0.866667, 5e+16, 0.00645383499, 47.3252497, 0.940461257, 47.3313071, -46.7492597, -0.00631065982, -46.7555603, -7.3360078, 0.0011599533, -7.33485056, 0, 1.57562516e-08, 1.57562516e-08, 14758.1079, -32291.6784, 535.117972, 0.27, 3.332, -47584.9043, -46.7555704, -7.33484784, 0, 4.72458397e+16, 0, 0, 0, 0
4.81666667, 0, 0, 5e+16, 0, 1.15555554e-14, 3.718e+18, 6.44e+20, 4.85, 4, 2.20157515, 68.2510418, 0.866667, 29046.971, 0, 4.94944084e+15, 5.43963476e+13, 19.6828917, -0.0595843341, -4.17409949, 5e+16, 5.83047198e+21, 8140.14236, -27882.5272, 363.443309, 68.2577177, 68.2510418, 0.866667, 0.866667, 5e+16, 0.0101328371, 19.674932, 0.963762331, 19.6828575, -19.4666213, -0.00874029847, -19.4753262, -2.84179774, 0.00424167646, -2.8375607, 0, 1.57575665e-08, 1.57575665e-08, 6667.54125, -16699.0536, 4618.32145, 0.27, 3.332, -27984.9163, -19.4753616, -2.83755606, 0, 4.89528408e+16, 0, 0, 0, 0
4.875, 0, 0, 5e+16, 0, 1.16015467e-14, 3.718e+18, 6.44e+20, 4.85, 4, 2.13798332, 68.2447232, 0.866667, 46802.6827, 0, 6.03585984e+14, 5.56034811e+14, 7.47098987, -0.0619227338, -4.18328263, 5e+16, 9.83646826e+21, 12261.1603, -45164.5229, 363.461997, 68.2514916, 68.2447232, 0.866667, 0.866667, 5e+16, 0.0374370958, 7.43651832, 0.970323584, 7.47091838, -7.33781087, -0.0359123021, -7.37365065, -1.20713194, 0.00692588912, -1.20020697, 0, 1.5758717e-08, 1.5758717e-08, 2269.31419, -8510.39597, 7791.44228, 0.27, 3.332, -18571.1524, -7.37372315, -1.20020605, 0, 4.9850257e+16, 0, 0, 0, 0
4.94166667, 0, 0, 5e+16, 0, 1.16561086e-14, 3.718e+18, 6.44e+20, 4.85, 4, 2.04825657, 68.2366036, 0.866667, 63554.8314, 0, 2.97199711e+13, 9.92505875e+15, 0.760404195, -0.0665357847, -4.18380049, 5e+16, 4.66060637e+21, 11301.8188, -62396.9258, 363.483979, 68.2441678, 68.2366036, 0.866667, 0.866667, 5e+16, 0.0407767108, 0.724775305, 0.974592749, 0.7603373, -0.717412385, -0.0368852388, -0.754227998, -0.102474763, 0.0105866921, -0.0919810982, 0, 1.57600704e-08, 1.57600704e-08, 188.926221, -1076.70736, 3691.4864, 0.27, 3.332, -4957.11998, -0.754297622, -0.0918880714, 0, 4.99892071e+16, 0, 0, 0, 0
5, 0, 0, 5e+16, 0, 1.17038479e-14, 3.718e+18, 6.44e+20, 4.85, 4, 1.92693226, 68.2294989, 0.866667, 77870.0444, 0, 5.43989107e+11, 4.82145852e+17, 0.19244832, -0.070548786, -4.18414218, 5e+16, 2.30064992e+20, 7538.81923, -77486.645, 363.503214, 68.2377593, 68.2294989, 0.866667, 0.866667, 5e+16, 0.0961896246, 0.100508989, 0.975336828, 0.19240091, -0.0999602591, -0.0922941281, -0.192188756, -0.0104879299, 0.0127079894, 0.00237836437, 0, 1.57612547e-08, 1.57612547e-08, 34.5927083, -1632.13318, 135.366334, 0.27, 3.332, -1802.09222, -0.192254387, 0.00222005957, 0, 4.99995036e+16, 0, 0, 0, 0
5.06666667, 0, 0, 5e+16, 0, 1.17604576e-14, 3.718e+18, 6.44e+20, 4.85, 4, 1.92593947, 68.2219096, 0.866667, 81972.306, 0, 4.30788749e+11, 4.97867611e+17, 0.1187189, -0.0768944159, -4.18413222, 5e+16, 1.48889763e+20, 3247.45968, -81845.9224, 363.525825, 68.2302261, 68.2219096, 0.866667, 0.866667, 5e+16, 0.0947081254, 0.0258500321, 0.975890944, 0.118682095, -0.0258371368, -0.0923692151, -0.11816693, -0.000758804177, 0.0106646731, 0.0100739583, 0, 1.57626469e-08, 1.57626469e-08, 24.2230425, -1231.30331, 71.1702691, 0.27, 3.332, -1326.69662, -0.118206352, 0.00990586897, 0, 4.9999679e+16, 0, 0, 0, 0
5.125, 0, 0, 5e+16, 0, 1.18099886e-14, 3.718e+18, 6.44e+20, 4.85, 4, 1.92581791, 68.2152689, 0.866667, 81681.7931, 0, 3.59080109e+11, 4.99821177e+17, 0.171174136, -0.0825116073, -4.18412338, 5e+16, 1.48565516e+20, -26.6856134, -81681.7887, 363.54561, 68.2236343, 68.2152689, 0.866667, 0.866667, 5e+16, 0.147527195, 0.0254793063, 0.976418766, 0.171167526, -0.0254694558, -0.145294439, -0.170762897, -0.000708430115, 0.00920850475, 0.00867472964, 0, 1.5763865e-08, 1.5763865e-08, 23.9770979, -640.922075, 71.4186142, 0.27, 3.332, -736.317786, -0.170763895, 0.00850007464, 0, 4.99996796e+16, 0, 0, 0, 0
5.19166667, 0, 0, 5e+16, 0, 1.18686898e-14, 3.718e+18, 6.44e+20, 4.85, 4, 1.92647989, 68.2073864, 0.866667, 82052.7267, 0, 2.99600047e+11, 4.89578215e+17, 0.16386895, -0.0888785995, -4.18411366, 5e+16, 1.05972944e+20, -77.560556, -82052.672, 363.568848, 68.2158915, 68.2073864, 0.866667, 0.866667, 5e+16, 0.146906567, 0.0179601914, 0.977039383, 0.163863132, -0.0179559449, -0.145571101, -0.163526706, -0.000390456413, 0.00788722145, 0.00767443614, 0, 1.57652959e-08, 1.57652959e-08, 17.3112517, -613.373108, 37.7113384, 0.27, 3.332, -668.395697, -0.163527046, 0.00749676504, 0, 4.99997715e+16, 0, 0, 0, 0
5.25, 0, 0, 5e+16, 0, 1.19200512e-14, 3.718e+18, 6.44e+20, 4.85, 4, 1.92648811, 68.2004893, 0.866667, 82370.538, 0, 2.51148611e+11, 4.894832e+17, 0.201071183, -0.0944502922, -4.1841051, 5e+16, 1.05757888e+20, -83.0948246, -82370.4814, 363.589182, 68.2091164, 68.2004893, 0.866667, 0.866667, 5e+16, 0.184134076, 0.0179348394, 0.977671107, 0.201062588, -0.0179306083, -0.182826105, -0.200756422, -0.000389542764, 0.00698674533, 0.00677629049, 0, 1.5766548e-08, 1.5766548e-08, 17.3145707, -512.865444, 37.591606, 0.27, 3.332, -567.771621, -0.200756713, 0.00659720258, 0, 4.9999772e+16, 0, 0, 0, 0
5.31666667, 0, 0, 5e+16, 0, 1.19809177e-14, 3.718e+18, 6.44e+20, 4.85, 4, 1.92723718, 68.1923876, 0.866667, 82911.2783, 0, 2.08285675e+11, 4.78135344e+17, 0.196334854, -0.101095797, -4.1840955, 5e+16, 7.45880135e+19, -87.5510891, -82911.215, 363.613057, 68.2011626, 68.1923876, 0.866667, 0.866667, 5e+16, 0.183665322, 0.0132141027, 0.978369532, 0.196327575, -0.0132107487, -0.182898439, -0.196108916, -0.000297698078, 0.00595194059, 0.00583594911, 0, 1.57680182e-08, 1.57680182e-08, 13.3423132, -483.466728, 12.9272455, 0.27, 3.332, -509.736287, -0.196109187, 0.00565424251, 0, 4.99998392e+16, 0, 0, 0, 0
5.375, 0, 0, 5e+16, 0, 1.20341737e-14, 3.718e+18, 6.44e+20, 4.85, 4, 1.92724695, 68.1852986, 0.866667, 83261.6062, 0, 1.73275656e+11, 4.78025219e+17, 0.222811548, -0.106910284, -4.18408705, 5e+16, 7.44354875e+19, -88.5243896, -83261.5425, 363.633949, 68.194203, 68.1852986, 0.866667, 0.866667, 5e+16, 0.210158535, 0.0131975639, 0.979071759, 0.222802789, -0.0131942139, -0.20940343, -0.222597372, -0.00029733504, 0.00523892781, 0.00512450345, 0, 1.57693047e-08, 1.57693047e-08, 13.3527216, -404.536952, 12.8487433, 0.27, 3.332, -430.738417, -0.222597644, 0.00494159277, 0, 4.99998395e+16, 0, 0, 0, 0
5.44166667, 0, 0, 5e+16, 0, 1.20972835e-14, 3.718e+18, 6.44e+20, 4.85, 4, 1.92803519, 68.1769764, 0.866667, 83827.2898, 0, 1.42466578e+11, 4.66371579e+17, 0.219136019, -0.113868167, -4.18407743, 5e+16, 5.16539231e+19, -91.5880067, -83827.2216, 363.658473, 68.186035, 68.1769764, 0.866667, 0.866667, 5e+16, 0.209828491, 0.00959391726, 0.979813827, 0.219128653, -0.00959118757, -0.209397365, -0.21898827, -0.000228842054, 0.00443875364, 0.00439545716, 0, 1.57708149e-08, 1.57708149e-08, 10.1759094, -380.079361, -5.17255897, 0.27, 3.332, -385.082712, -0.218988553, 0.00420991159, 0, 4.99998887e+16, 0, 0, 0, 0
5.5, 0, 0, 5e+16, 0, 1.21525024e-14, 3.718e+18, 6.44e+20, 4.85, 4, 1.92804563, 68.1696945, 0.866667, 84195.3625, 0, 1.17502888e+11, 4.66258569e+17, 0.23719904, -0.119955887, -4.18406897, 5e+16, 5.1547239e+19, -92.5045208, -84195.2939, 363.679931, 68.1788878, 68.1696945, 0.866667, 0.866667, 5e+16, 0.22790362, 0.00958179862, 0.980539373, 0.237190788, -0.00957907182, -0.227478073, -0.237056861, -0.000228572963, 0.00388719719, 0.00384541719, 0, 1.57721363e-08, 1.57721363e-08, 10.1839028, -318.422097, -5.21328684, 0.27, 3.332, -323.392713, -0.237057145, 0.00365862423, 0, 4.99998889e+16, 0, 0, 0, 0
5.56666667, 0, 0, 5e+16, 0, 1.22179408e-14, 3.718e+18, 6.44e+20, 4.85, 4, 1.92887175, 68.1611476, 0.866667, 84780.7691, 0, 9.57577519e+10, 4.5435278e+17, 0.234348653, -0.127232025, -4.18405921, 5e+16, 3.51813245e+19, -95.5096403, -84780.6961, 363.705115, 68.170502, 68.1611476, 0.866667, 0.866667, 5e+16, 0.227653862, 0.00684002779, 0.981288059, 0.234341819, -0.00683783998, -0.227416175, -0.234253719, -0.00017298522, 0.00327698312, 0.00329346784, 0, 1.57736873e-08, 1.57736873e-08, 7.62242713, -298.630991, -18.1539788, 0.27, 3.332, -288.099439, -0.234254016, 0.0031039979, 0, 4.99999242e+16, 0, 0, 0, 0
5.625, 0, 0, 5e+16, 0, 1.22751972e-14, 3.718e+18, 6.44e+20, 4.85, 4, 1.92888275, 68.153669, 0.866667, 85166.2525, 0, 7.82881257e+10, 4.54237372e+17, 0.245943665, -0.133598179, -4.18405064, 5e+16, 3.51081676e+19, -96.4246378, -85166.1792, 363.727152, 68.1631641, 68.153669, 0.866667, 0.866667, 5e+16, 0.239257663, 0.00683123334, 0.981997214, 0.24593626, -0.00682904792, -0.239022757, -0.245851509, -0.000172777081, 0.00285644409, 0.00287444542, 0, 1.57750444e-08, 1.57750444e-08, 7.62690053, -251.148419, -18.1659823, 0.27, 3.332, -240.609337, -0.245851805, 0.00268366701, 0, 4.99999244e+16, 0, 0, 0, 0
5.69166667, 0, 0, 5e+16, 0, 1.23430522e-14, 3.718e+18, 6.44e+20, 4.85, 4, 1.92974689, 68.144893, 0.866667, 85770.4629, 0, 6.32514587e+10, 4.42111427e+17, 0.243761843, -0.141185727, -4.18404065, 5e+16, 2.35765663e+19, -99.2820335, -85770.3854, 363.753008, 68.1545566, 68.144893, 0.866667, 0.866667, 5e+16, 0.239048871, 0.00478427431, 0.982724531, 0.243755838, -0.00478256678, -0.238919931, -0.243702189, -0.000127809979, 0.00239763115, 0.00246330713, 0, 1.57766368e-08, 1.57766368e-08, 5.6012233, -235.386133, -27.2788545, 0.27, 3.332, -213.708502, -0.243702498, 0.00226982117, 0, 4.99999492e+16, 0, 0, 0, 0
5.75, 0, 0, 5e+16, 0, 1.24024232e-14, 3.718e+18, 6.44e+20, 4.85, 4, 1.92975838, 68.137214, 0.866667, 86173.1335, 0, 5.12699838e+10, 4.41993871e+17, 0.250456332, -0.147824358, -4.18403188, 5e+16, 2.35274636e+19, -100.14803, -86173.0556, 363.775634, 68.1470248, 68.137214, 0.866667, 0.866667, 5e+16, 0.245749604, 0.00477802672, 0.983394802, 0.250449941, -0.00477632117, -0.245622084, -0.250398096, -0.000127650646, 0.00208147858, 0.00214868037, 0, 1.57780303e-08, 1.57780303e-08, 5.6023963, -199.331055, -27.269701, 0.27, 3.332, -177.663751, -0.250398405, 0.00195382793, 0, 4.99999493e+16, 0, 0, 0, 0
5.81666667, 0, 0, 5e+16, 0, 1.24727921e-14, 3.718e+18, 6.44e+20, 4.85, 4, 1.93065858, 68.1282039, 0.866667, 86794.5215, 0, 4.10806567e+10, 4.29708629e+17, 0.248809962, -0.155710726, -4.18402159, 5e+16, 1.55557329e+19, -102.8507, -86794.4396, 363.802177, 68.1381913, 68.1282039, 0.866667, 0.866667, 5e+16, 0.245559282, 0.00328483853, 0.984084423, 0.2488049, -0.00328354744, -0.245490035, -0.24877326, -9.20879953e-05, 0.00174228354, 0.00184778728, 0, 1.57796651e-08, 1.57796651e-08, 4.04533955, -187.007518, -33.5643483, 0.27, 3.332, -157.488509, -0.248773583, 0.00165019554, 0, 4.99999665e+16, 0, 0, 0, 0
5.875, 0, 0, 5e+16, 0, 1.25343627e-14, 3.718e+18, 6.44e+20, 4.85, 4, 1.93067049, 68.1203201, 0.866667, 87213.6164, 0, 3.30259073e+10, 4.29589511e+17, 0.251848636, -0.162610839, -4.18401257, 5e+16, 1.55234708e+19, -103.684252, -87213.5342, 363.825403, 68.1304619, 68.1203201, 0.866667, 0.866667, 5e+16, 0.248602281, 0.00328051036, 0.984706722, 0.251843308, -0.00327922088, -0.248533766, -0.251812664, -9.19691196e-05, 0.00150858894, 0.00161563901, 0, 1.57810956e-08, 1.57810956e-08, 4.0438501, -160.088035, -33.5396337, 0.27, 3.332, -130.592251, -0.251812986, 0.00141661982, 0, 4.99999666e+16, 0, 0, 0, 0
5.94166667, 0, 0, 5e+16, 0, 1.26073476e-14, 3.718e+18, 6.44e+20, 4.85, 4, 1.93160552, 68.1110709, 0.866667, 87850.7391, 0, 2.62504763e+10, 4.17193503e+17, 0.250619202, -0.170787134, -4.18400193, 5e+16, 1.01099089e+19, -106.233368, -87850.6532, 363.852647, 68.1213981, 68.1110709, 0.866667, 0.866667, 5e+16, 0.248418519, 0.00221680894, 0.985351032, 0.250615085, -0.00221586062, -0.248381515, -0.250597038, -6.48341372e-05, 0.00126098605, 0.00139794184, 0, 1.57827737e-08, 1.57827737e-08, 2.8829678, -150.547769, -37.8095994, 0.27, 3.332, -115.621137, -0.250597375, 0.00119615192, 0, 4.99999782e+16, 0, 0, 0, 0
6, 0, 0, 5e+16, 0, 1.26712075e-14, 3.718e+18, 6.44e+20, 4.85, 4, 1.9316178, 68.1029778, 0.866667, 88285.6489, 0, 2.09357832e+10, 4.17073269e+17, 0.250972032, -0.177940948, -4.18399261, 5e+16, 1.00891296e+19, -107.02744, -88285.5626, 363.876486, 68.113467, 68.1029778, 0.866667, 0.866667, 5e+16, 0.248774269, 0.00221388591, 0.985923417, 0.250967728, -0.00221293883, -0.248737643, -0.250950245, -6.47485855e-05, 0.00109040309, 0.00122893461, 0, 1.57842421e-08, 1.57842421e-08, 2.87949274, -130.698136, -37.7734953, 0.27, 3.332, -95.8041336, -0.250950582, 0.00102565451, 0, 4.99999783e+16, 0, 0, 0, 0
6.06666667, 0, 0, 5e+16, 0, 1.27469221e-14, 3.718e+18, 6.44e+20, 4.85, 4, 1.93258607, 68.0934835, 0.866667, 88937.3321, 0, 1.65073283e+10, 4.04617094e+17, 0.250056341, -0.186406019, -4.18398157, 5e+16, 6.47212674e+18, -109.548046, -88937.2422, 363.904447, 68.1041678, 68.0934835, 0.866667, 0.866667, 5e+16, 0.2485916, 0.00147233608, 0.986519912, 0.250053088, -0.00147165681, -0.248571804, -0.250043108, -4.47180665e-05, 0.000911730897, 0.00107311169, 0, 1.57859645e-08, 1.57859645e-08, 2.0373854, -123.38367, -40.6220173, 0.27, 3.332, -84.7990378, -0.250043461, 0.00086701283, 0, 4.99999861e+16, 0, 0, 0, 0
6.125, 0, 0, 5e+16, 0, 1.28131703e-14, 3.718e+18, 6.44e+20, 4.85, 4, 1.93259867, 68.0851759, 0.866667, 89387.6651, 0, 1.30611051e+10, 4.04496193e+17, 0.248460576, -0.193812517, -4.18397191, 5e+16, 6.45898803e+18, -110.35318, -89387.5749, 363.928914, 68.0960308, 68.0851759, 0.866667, 0.866667, 5e+16, 0.246997763, 0.00147040752, 0.987043586, 0.248457194, -0.00146972916, -0.246978164, -0.24844754, -4.4658519e-05, 0.000788657579, 0.000951661078, 0, 1.57874716e-08, 1.57874716e-08, 2.03249224, -108.913887, -40.5771921, 0.27, 3.332, -70.3691872, -0.248447893, 0.000743999059, 0, 4.99999861e+16, 0, 0, 0, 0
6.19166667, 0, 0, 5e+16, 0, 1.28917344e-14, 3.718e+18, 6.44e+20, 4.85, 4, 1.93360071, 68.0754301, 0.866667, 90053.7317, 0, 1.02128064e+10, 3.92000805e+17, 0.247773519, -0.202576335, -4.18396045, 5e+16, 4.07898865e+18, -112.904758, -90053.6377, 363.957611, 68.0864907, 68.0754301, 0.866667, 0.866667, 5e+16, 0.246814022, 0.000963110593, 0.987592352, 0.247771008, -0.000962633288, -0.246803376, -0.247765637, -3.03174065e-05, 0.000660526092, 0.000840747423, 0, 1.57892394e-08, 1.57892394e-08, 1.4353626, -103.319276, -42.4474997, 0.27, 3.332, -62.3071391, -0.247766009, 0.000630208685, 0, 4.99999912e+16, 0, 0, 0, 0
6.25, 0, 0, 5e+16, 0, 1.29604761e-14, 3.718e+18, 6.44e+20, 4.85, 4, 1.93361363, 68.0669025, 0.866667, 90519.7543, 0, 8.01459664e+09, 3.91879456e+17, 0.244778087, -0.21024422, -4.18395042, 5e+16, 4.07082353e+18, -113.722897, -90519.66, 363.982721, 68.0781429, 68.0669025, 0.866667, 0.866667, 5e+16, 0.243819836, 0.000961864147, 0.98806963, 0.244775486, -0.000961387487, -0.243809292, -0.244770307, -3.02772029e-05, 0.000572274711, 0.000754179263, 0, 1.57907862e-08, 1.57907862e-08, 1.42948883, -92.8322622, -42.3958251, 0.27, 3.332, -51.8659258, -0.24477068, 0.000541997508, 0, 4.99999912e+16, 0, 0, 0, 0
6.31666667, 0, 0, 5e+16, 0, 1.30420232e-14, 3.718e+18, 6.44e+20, 4.85, 4, 1.93465004, 68.0568978, 0.866667, 91200.5305, 0, 6.21109146e+09, 3.79365501e+17, 0.244253195, -0.219326137, -4.18393851, 5e+16, 2.52804084e+18, -116.440858, -91200.4321, 364.012173, 68.0683559, 68.0568978, 0.866667, 0.866667, 5e+16, 0.243634466, 0.000620484046, 0.988571901, 0.244251284, -0.000620154117, -0.243628679, -0.24424844, -2.02315172e-05, 0.000480902728, 0.000675808878, 0, 1.57926006e-08, 1.57926006e-08, 1.01367961, -88.5699907, -43.604528, 0.27, 3.332, -45.9791422, -0.244248833, 0.000460671211, 0, 4.99999946e+16, 0, 0, 0, 0
6.375, 0, 0, 5e+16, 0, 1.31133751e-14, 3.718e+18, 6.44e+20, 4.85, 4, 1.93466325, 68.0481436, 0.866667, 91682.8604, 0, 4.83177809e+09, 3.7924389e+17, 0.240259394, -0.227272324, -4.18392808, 5e+16, 2.52305276e+18, -117.324665, -91682.7616, 364.037945, 68.059792, 68.0481436, 0.866667, 0.866667, 5e+16, 0.239641456, 0.000619693074, 0.989005283, 0.240257421, -0.000619363587, -0.239635723, -0.240254693, -2.02049896e-05, 0.000417995629, 0.000614664101, 0, 1.57941883e-08, 1.57941883e-08, 1.00715083, -81.0103724, -43.5469633, 0.27, 3.332, -38.47056, -0.240255087, 0.00039779064, 0, 4.99999946e+16, 0, 0, 0, 0
6.44166667, 0, 0, 5e+16, 0, 1.31980478e-14, 3.718e+18, 6.44e+20, 4.85, 4, 1.93573682, 68.0378718, 0.866667, 92379.6008, 0, 3.70804165e+09, 3.66706246e+17, 0.239847055, -0.236702112, -4.18391569, 5e+16, 1.5383302e+18, -120.244687, -92379.4974, 364.068174, 68.0497514, 68.0378718, 0.866667, 0.866667, 5e+16, 0.239454496, 0.000393437638, 0.989462663, 0.239845608, -0.000393212608, -0.239451303, -0.239844099, -1.33047151e-05, 0.000352907868, 0.00055952154, 0, 1.57960508e-08, 1.57960508e-08, 0.721988224, -77.7567768, -44.3151997, 0.27, 3.332, -34.1635653, -0.239844516, 0.000339603154, 0, 4.99999967e+16, 0, 0, 0, 0
6.5, 0, 0, 5e+16, 0, 1.32721347e-14, 3.718e+18, 6.44e+20, 4.85, 4, 1.93575036, 68.0288839, 0.866667, 92879.4837, 0, 2.85712831e+09, 3.66584331e+17, 0.235144935, -0.244952625, -4.18390485, 5e+16, 1.53533608e+18, -121.186964, -92879.3799, 364.094625, 68.0409655, 68.0288839, 0.866667, 0.866667, 5e+16, 0.234752868, 0.000392944277, 0.989854444, 0.235143445, -0.000392719544, -0.234749704, -0.235142007, -1.32875694e-05, 0.00030811127, 0.000516577866, 0, 1.57976804e-08, 1.57976804e-08, 0.715045375, -72.3081089, -44.2524251, 0.27, 3.332, -28.7707292, -0.235142424, 0.000294823701, 0, 4.99999967e+16, 0, 0, 0, 0
6.56666667, 0, 0, 5e+16, 0, 1.33600924e-14, 3.718e+18, 6.44e+20, 4.85, 4, 1.93686356, 68.0183355, 0.866667, 93593.7186, 0, 2.16884715e+09, 3.54025352e+17, 0.234809267, -0.254768425, -4.18389196, 5e+16, 9.17130621e+17, -124.431684, -93593.6096, 364.125656, 68.0306637, 68.0183355, 0.866667, 0.866667, 5e+16, 0.234564508, 0.000245212316, 0.990268525, 0.234808164, -0.000245060961, -0.234562713, -0.234807332, -8.6141356e-06, 0.000261757018, 0.000478051094, 0, 1.57995924e-08, 1.57995924e-08, 0.522132103, -69.8213258, -44.7318841, 0.27, 3.332, -25.6115738, -0.234807774, 0.000253142882, 0, 4.9999998e+16, 0, 0, 0, 0
6.625, 0, 0, 5e+16, 0, 1.34370538e-14, 3.718e+18, 6.44e+20, 4.85, 4, 1.93687744, 68.0091057, 0.866667, 94112.6394, 0, 1.65349471e+09, 3.53903136e+17, 0.22960616, -0.263356619, -4.18388068, 5e+16, 9.15367121e+17, -125.485442, -94112.5301, 364.152809, 68.0216493, 68.0091057, 0.866667, 0.866667, 5e+16, 0.229361703, 0.000244909807, 0.990620644, 0.229605028, -0.000244758648, -0.229359924, -0.229604241, -8.60323292e-06, 0.000229885049, 0.000448138705, 0, 1.58012654e-08, 1.58012654e-08, 0.514951759, -65.8922599, -44.6640354, 0.27, 3.332, -21.7431761, -0.229604682, 0.000221281816, 0, 4.9999998e+16, 0, 0, 0, 0
6.69166667, 0, 0, 5e+16, 0, 1.35284677e-14, 3.718e+18, 6.44e+20, 4.85, 4, 1.93803498, 67.9982703, 0.866667, 94846.7544, 0, 1.23974936e+09, 3.41303716e+17, 0.229321786, -0.273608967, -4.18386727, 5e+16, 5.3425545e+17, -129.096191, -94846.6393, 364.184669, 68.011078, 67.9982703, 0.866667, 0.866667, 5e+16, 0.229172075, 0.000149952629, 0.990992817, 0.229320931, -0.000149852157, -0.229171046, -0.229320429, -5.48830946e-06, 0.000196579498, 0.000421220404, 0, 1.58032286e-08, 1.58032286e-08, 0.386213713, -63.96615, -44.9572798, 0.27, 3.332, -19.3950839, -0.229320898, 0.000191091189, 0, 4.99999989e+16, 0, 0, 0, 0
6.75, 0, 0, 5e+16, 0, 1.36084536e-14, 3.718e+18, 6.44e+20, 4.85, 4, 1.93804924, 67.9887894, 0.866667, 95386.8553, 0, 933877791, 3.41181042e+17, 0.223764373, -0.282579028, -4.18385554, 5e+16, 5.33238009e+17, -130.256907, -95386.7392, 364.212547, 68.0018278, 67.9887894, 0.866667, 0.866667, 5e+16, 0.223614843, 0.000149770468, 0.991306814, 0.223763499, -0.000149670122, -0.223613823, -0.223763024, -5.48150009e-06, 0.000173698731, 0.000400415532, 0, 1.58049464e-08, 1.58049464e-08, 0.378924132, -61.1011648, -44.8844757, 0.27, 3.332, -16.5956132, -0.223763494, 0.000168217232, 0, 4.99999989e+16, 0, 0, 0, 0
6.81666667, 0, 0, 5e+16, 0, 1.37035162e-14, 3.718e+18, 6.44e+20, 4.85, 4, 1.93925561, 67.9776549, 0.866667, 96143.6088, 0, 690300765, 3.28530872e+17, 0.223513549, -0.293331661, -4.1838416, 5e+16, 3.0302329e+17, -134.401861, -96143.4856, 364.245267, 67.9909777, 67.9776549, 0.866667, 0.866667, 5e+16, 0.223423927, 8.97532529e-05, 0.991638188, 0.223512869, -8.9687544e-05, -0.223423332, -0.223512519, -3.43374798e-06, 0.000149228294, 0.000381405476, 0, 1.58069626e-08, 1.58069626e-08, 0.294184953, -59.5660428, -45.0597728, 0.27, 3.332, -14.8004549, -0.223513019, 0.000145794546, 0, 4.99999993e+16, 0, 0, 0, 0
6.875, 0, 0, 5e+16, 0, 1.37866951e-14, 3.718e+18, 6.44e+20, 4.85, 4, 1.93927029, 67.9679122, 0.866667, 96707.4294, 0, 512874734, 3.28407646e+17, 0.217703122, -0.302739324, -4.18382939, 5e+16, 3.02449771e+17, -135.741416, -96707.3053, 364.273898, 67.9814834, 67.9679122, 0.866667, 0.866667, 5e+16, 0.217613607, 8.96456754e-05, 0.991915204, 0.217702431, -8.95800473e-05, -0.217613018, -0.217702098, -3.4295653e-06, 0.000132454597, 0.000366840314, 0, 1.5808727e-08, 1.5808727e-08, 0.286876337, -57.4251572, -44.9817191, 0.27, 3.332, -12.7303145, -0.217702598, 0.000129025031, 0, 4.99999994e+16, 0, 0, 0, 0
6.94166667, 0, 0, 5e+16, 0, 1.38856159e-14, 3.718e+18, 6.44e+20, 4.85, 4, 1.94053301, 67.9564646, 0.866667, 97490.7851, 0, 372834775, 3.1567183e+17, 0.217473497, -0.314076851, -4.18381489, 5e+16, 1.66580814e+17, -140.5197, -97490.6524, 364.30751, 67.9703441, 67.9564646, 0.866667, 0.866667, 5e+16, 0.217421154, 5.24151736e-05, 0.99220657, 0.217472946, -5.23728352e-05, -0.217420821, -0.21747266, -2.10629861e-06, 0.000113278215, 0.000352552391, 0, 1.58107984e-08, 1.58107984e-08, 0.231906811, -56.1016765, -45.0839339, 0.27, 3.332, -11.2496495, -0.217473194, 0.000111171916, 0, 4.99999996e+16, 0, 0, 0, 0
7, 0, 0, 5e+16, 0, 1.39721712e-14, 3.718e+18, 6.44e+20, 4.85, 4, 1.94054819, 67.946448, 0.866667, 98081.8716, 0, 272577331, 3.15547708e+17, 0.211475849, -0.323996086, -4.18380219, 5e+16, 1.66265935e+17, -142.049864, -98081.7384, 364.336923, 67.9605966, 67.946448, 0.866667, 0.866667, 5e+16, 0.211423568, 5.23530052e-05, 0.992447361, 0.211475292, -5.23107175e-05, -0.211423239, -0.211475016, -2.10377979e-06, 0.000100161115, 0.000341787638, 0, 1.58126111e-08, 1.58126111e-08, 0.224638354, -54.3869514, -45.0003978, 0.27, 3.332, -9.61119192, -0.21147555, 9.80573355e-05, 0, 4.99999996e+16, 0, 0, 0, 0
7.06666667, 0, 0, 5e+16, 0, 1.40751877e-14, 3.718e+18, 6.44e+20, 4.85, 4, 1.94187527, 67.934671, 0.866667, 98896.6287, 0, 194246346, 3.02697749e+17, 0.211258753, -0.336028129, -4.18378709, 5e+16, 8.82214634e+16, -147.736122, -98896.4847, 364.371468, 67.9491561, 67.934671, 0.866667, 0.866667, 5e+16, 0.211229053, 2.97392329e-05, 0.992699184, 0.211258309, -2.97124421e-05, -0.211228896, -0.211258037, -1.26203774e-06, 8.29449465e-05, 0.000329158459, 0, 1.58147401e-08, 1.58147401e-08, 0.189524015, -53.0601577, -45.0584797, 0.27, 3.332, -8.19120201, -0.211258608, 8.16829087e-05, 0, 4.99999998e+16, 0, 0, 0, 0
7.125, 0, 0, 5e+16, 0, 1.4165327e-14, 3.718e+18, 6.44e+20, 4.85, 4, 1.94189102, 67.9243662, 0.866667, 99519.3912, 0, 139318502, 3.02572488e+17, 0.205108323, -0.346554778, -4.18377389, 5e+16, 8.80538295e+16, -149.56747, -99519.2462, 364.401698, 67.9391451, 67.9243662, 0.866667, 0.866667, 5e+16, 0.205078658, 2.97041742e-05, 0.992904138, 0.205107874, -2.96774148e-05, -0.205078503, -0.205107609, -1.26055023e-06, 7.12116464e-05, 0.000319941351, 0, 1.58166032e-08, 1.58166032e-08, 0.182326141, -51.4826078, -44.9688553, 0.27, 3.332, -6.69607867, -0.20510818, 6.99510961e-05, 0, 4.99999998e+16, 0, 0, 0, 0
7.19166667, 0, 0, 5e+16, 0, 1.42726999e-14, 3.718e+18, 6.44e+20, 4.85, 4, 1.94329514, 67.9122407, 0.866667, 100372.446, 0, 96898254.4, 2.89548245e+17, 0.204897486, -0.359433003, -4.18375819, 5e+16, 4.4641337e+16, -156.440861, -100372.287, 364.437219, 67.9273902, 67.9122407, 0.866667, 0.866667, 5e+16, 0.204881204, 1.63023341e-05, 0.993116557, 0.204897155, -1.62857043e-05, -0.20488117, -0.204896841, -7.36157729e-07, 5.1825474e-05, 0.000305024488, 0, 1.58187926e-08, 1.58187926e-08, 0.16027153, -49.814843, -45.001286, 0.27, 3.332, -4.97382858, -0.204897455, 5.10893163e-05, 0, 4.99999999e+16, 0, 0, 0, 0
7.25, 0, 0, 5e+16, 0, 1.43666518e-14, 3.718e+18, 6.44e+20, 4.85, 4, 1.94331159, 67.9016308, 0.866667, 101033.189, 0, 67893946.9, 2.89421285e+17, 0.198594648, -0.37069963, -4.18374445, 5e+16, 4.45552751e+16, -158.644726, -101033.028, 364.468302, 67.9171039, 67.9016308, 0.866667, 0.866667, 5e+16, 0.198578384, 1.62831195e-05, 0.993285706, 0.198594309, -1.62665087e-05, -0.198578352, -0.198594004, -7.35300569e-07, 3.86269162e-05, 0.000294522673, 0, 1.58207085e-08, 1.58207085e-08, 0.153142784, -47.9930015, -44.9050265, 0.27, 3.332, -3.24111799, -0.198594618, 3.78916156e-05, 0, 4.99999999e+16, 0, 0, 0, 0
7.31666667, 0, 0, 5e+16, 0, 1.44786795e-14, 3.718e+18, 6.44e+20, 4.85, 4, 1.94480837, 67.8891335, 0.866667, 101933.814, 0, 45802436.7, 2.76155881e+17, 0.198385219, -0.384635213, -4.18372812, 5e+16, 2.13337059e+16, -167.320181, -101933.635, 364.50485, 67.9050191, 67.8891335, 0.866667, 0.866667, 5e+16, 0.19837666, 8.56678282e-06, 0.993458541, 0.198385042, -8.55670172e-06, -0.198376637, -0.198384531, -4.15479562e-07, 1.10438766e-05, 0.000271442503, 0, 1.58229614e-08, 1.58229614e-08, 0.139533848, -45.4145021, -44.92333, 0.27, 3.332, -0.630706168, -0.198385194, 1.06283971e-05, 0, 5e+16, 0, 0, 0, 0
7.375, 0, 0, 5e+16, 0, 1.45767051e-14, 3.718e+18, 6.44e+20, 4.85, 4, 1.94482568, 67.8781983, 0.866667, 102641.247, 0, 31169013, 2.76026589e+17, 0.191884015, -0.396826373, -4.18371382, 5e+16, 2.12914363e+16, -170.126515, -102641.066, 364.536832, 67.8944442, 67.8781983, 0.866667, 0.866667, 5e+16, 0.191875466, 8.55659926e-06, 0.993591569, 0.191883823, -8.5465294e-06, -0.191875445, -0.191883329, -4.14998449e-07, -7.73640318e-06, 0.000255568203, 0, 1.58249328e-08, 1.58249328e-08, 0.132429955, -42.7715869, -44.8194218, 0.27, 3.332, 1.91540483, -0.191883992, -8.15140164e-06, 0, 5e+16, 0, 0, 0, 0
7.44166667, 0, 0, 5e+16, 0, 1.46937213e-14, 3.718e+18, 6.44e+20, 4.85, 4, 1.94644049, 67.8653002, 0.866667, 103603.702, 0, 20209533.1, 2.62396525e+17, 0.191671862, -0.412133079, -4.18369682, 5e+16, 9.46487881e+15, -181.488623, -103603.494, 364.574464, 67.882012, 67.8653002, 0.866667, 0.866667, 5e+16, 0.191667597, 4.26748262e-06, 0.993724335, 0.191671926, -4.26153176e-06, -0.191667086, -0.191670628, -2.25288296e-07, -5.38515087e-05, 0.000214096308, 0, 1.58272526e-08, 1.58272526e-08, 0.124202229, -38.2233937, -44.8307905, 0.27, 3.332, 6.48319457, -0.191671347, -5.40767969e-05, 0, 5e+16, 0, 0, 0, 0
7.5, 0, 0, 5e+16, 0, 1.47961126e-14, 3.718e+18, 6.44e+20, 4.85, 4, 1.94645891, 67.8540143, 0.866667, 104371.313, 0, 13241478.7, 2.62263773e+17, 0.184851751, -0.425522874, -4.18368193, 5e+16, 9.44523327e+15, -185.174782, -104371.103, 364.607395, 67.8711331, 67.8540143, 0.866667, 0.866667, 5e+16, 0.184847491, 4.26230153e-06, 0.993820582, 0.184851777, -4.25635718e-06, -0.184846978, -0.184850515, -2.25027092e-07, -8.53148079e-05, 0.000185776176, 0, 1.58292827e-08, 1.58292827e-08, 0.117013194, -33.7321953, -44.7182257, 0.27, 3.332, 10.8690172, -0.184851234, -8.55398349e-05, 0, 5e+16, 0, 0, 0, 0
7.56666667, 0, 0, 5e+16, 0, 1.49185035e-14, 3.718e+18, 6.44e+20, 4.85, 4, 1.94822874, 67.8406776, 0.866667, 105417.581, 0, 8137205.18, 2.48095723e+17, 0.184633404, -0.442678046, -4.18366422, 5e+16, 3.797629e+15, -201.071363, -105417.331, 364.646178, 67.8583334, 67.8406776, 0.866667, 0.866667, 5e+16, 0.184631423, 1.98094352e-06, 0.993912511, 0.184633826, -1.97755259e-06, -0.18462824, -0.184629434, -1.15857564e-07, -0.000167849948, 0.000108126358, 0, 1.58316737e-08, 1.58316737e-08, 0.11223597, -25.2879976, -44.7270896, 0.27, 3.332, 19.3268561, -0.184630218, -0.000167965806, 0, 5e+16, 0, 0, 0, 0
7.625, 0, 0, 5e+16, 0, 1.50255986e-14, 3.718e+18, 6.44e+20, 4.85, 4, 1.94824863, 67.8290079, 0.866667, 106266.783, 0, 5065947.49, 2.47957913e+17, 0.177245019, -0.45768331, -4.1836487, 5e+16, 3.78913523e+15, -206.306309, -106266.528, 364.680116, 67.8471327, 67.8290079, 0.866667, 0.866667, 5e+16, 0.17724304, 1.97843899e-06, 0.993970983, 0.177245358, -1.97505172e-06, -0.177239839, -0.177241031, -1.15721049e-07, -0.000224245452, 5.51541465e-05, 0, 1.58337661e-08, 1.58337661e-08, 0.104746471, -17.1220224, -44.6042842, 0.27, 3.332, 27.3775154, -0.177241814, -0.000224361174, 0, 5e+16, 0, 0, 0, 0
7.69166667, 0, 0, 5e+16, 0, 1.51538025e-14, 3.718e+18, 6.44e+20, 4.85, 4, 1.95023871, 67.8151799, 0.866667, 107435.055, 0, 2884433.25, 2.32934566e+17, 0.177019805, -0.477466125, -4.18363024, 5e+16, 1.32075702e+15, -230.286089, -107434.73, 364.720128, 67.8339417, 67.8151799, 0.866667, 0.866667, 5e+16, 0.177018972, 8.34034062e-07, 0.994021077, 0.177020681, -8.32190578e-07, -0.177004256, -0.177004229, -5.54225014e-08, -0.000374994555, -9.03964823e-05, 0, 1.58362331e-08, 1.58362331e-08, 0.10258534, -1.22253667, -44.6136549, 0.27, 3.332, 43.2885329, -0.177005089, -0.000375049978, 0, 5e+16, 0, 0, 0, 0
7.75, 0, 0, 5e+16, 0, 1.52659853e-14, 3.718e+18, 6.44e+20, 4.85, 4, 1.95026073, 67.8030804, 0.866667, 108403.909, 0, 1669883.09, 2.32788799e+17, 0.168587092, -0.494766725, -4.18361406, 5e+16, 1.31743028e+15, -238.30045, -108403.577, 364.755141, 67.8223986, 67.8030804, 0.866667, 0.866667, 5e+16, 0.16858626, 8.3290276e-07, 0.994040457, 0.168587789, -8.31061271e-07, -0.16857146, -0.168571432, -5.53546834e-08, -0.000478119393, -0.000189775872, 0, 1.58383918e-08, 1.58383918e-08, 0.0944143909, 13.9661943, -44.4789984, 0.27, 3.332, 58.3507784, -0.168572291, -0.000478174748, 0, 5e+16, 0, 0, 0, 0
7.81666667, 0, 0, 5e+16, 0, 1.5400516e-14, 3.718e+18, 6.44e+20, 4.85, 4, 1.9525881, 67.7886789, 0.866667, 109764.681, 0, 847888.408, 2.16361116e+17, 0.168366875, -0.518498552, -4.18359479, 5e+16, 3.70643233e+14, -278.236999, -109764.213, 364.796472, 67.8087889, 67.7886789, 0.866667, 0.866667, 5e+16, 0.168366573, 3.0442192e-07, 0.99404756, 0.168368019, -3.03495761e-07, -0.168307364, -0.168306724, -2.37281382e-08, -0.000746540585, -0.000452627735, 0, 1.58409403e-08, 1.58409403e-08, 0.0960811841, 43.1687874, -44.4913054, 0.27, 3.332, 87.564012, -0.168307667, -0.00074656431, 0, 5e+16, 0, 0, 0, 0
7.875, 0, 0, 5e+16, 0, 1.55182359e-14, 3.718e+18, 6.44e+20, 4.85, 4, 1.9526134, 67.7760776, 0.866667, 110925.715, 0, 440089.547, 2.16202419e+17, 0.158043453, -0.539245993, -4.18357788, 5e+16, 3.69515999e+14, -291.886466, -110925.232, 364.83264, 67.7968793, 67.7760776, 0.866667, 0.866667, 5e+16, 0.158043152, 3.03957358e-07, 0.994026242, 0.158044233, -3.03032246e-07, -0.157983606, -0.157982966, -2.36966159e-08, -0.000930204488, -0.000632172811, 0, 1.58431706e-08, 1.58431706e-08, 0.086630647, 70.8292075, -44.3427331, 0.27, 3.332, 115.08531, -0.157983909, -0.000930228181, 0, 5e+16, 0, 0, 0, 0
7.94166667, 0, 0, 5e+16, 0, 1.56596835e-14, 3.718e+18, 6.44e+20, 4.85, 4, 1.95551554, 67.7609536, 0.866667, 112620.545, 0, 186263.853, 1.97316546e+17, 0.157879758, -0.569290121, -4.18355775, 5e+16, 7.39730729e+13, -364.799956, -112619.751, 364.875397, 67.7828187, 67.7609536, 0.866667, 0.866667, 5e+16, 0.157879673, 8.92859749e-08, 0.993989104, 0.157880055, -8.88869182e-08, -0.157669876, -0.157668926, -8.43205645e-09, -0.00137583902, -0.00107186981, 0, 1.58458073e-08, 1.58458073e-08, 0.0996622037, 121.196552, -44.3608518, 0.27, 3.332, 165.457742, -0.157669965, -0.00137584745, 0, 5e+16, 0, 0, 0, 0
8, 0, 0, 5e+16, 0, 1.5783457e-14, 3.718e+18, 6.44e+20, 4.85, 4, 1.95554648, 67.7477201, 0.866667, 114123.056, 0, 81210.571, 1.97135625e+17, 0.144324312, -0.59553842, -4.18354001, 5e+16, 7.36687243e+13, -390.213155, -114122.226, 364.912813, 67.7705144, 67.7477201, 0.866667, 0.866667, 5e+16, 0.144324228, 8.91211239e-08, 0.993925199, 0.144323897, -8.87225846e-08, -0.144113266, -0.144112319, -8.41887126e-09, -0.00168058055, -0.00137207959, 0, 1.58481146e-08, 1.58481146e-08, 0.0881957473, 168.562381, -44.1964482, 0.27, 3.332, 212.670633, -0.144113355, -0.00168058897, 0, 5e+16, 0, 0, 0, 0
8.06666667, 0, 0, 5e+16, 0, 1.59325106e-14, 3.718e+18, 6.44e+20, 4.85, 4, 1.95951919, 67.7315477, 0.866667, 116443.297, 0, 25492.2743, 1.73906193e+17, 0.144308712, -0.636069116, -4.18351894, 5e+16, 8.44229253e+12, -532.238023, -116441.635, 364.957118, 67.7559655, 67.7315477, 0.866667, 0.866667, 5e+16, 0.144308696, 1.85507678e-08, 0.993842238, 0.144305345, -1.84275617e-08, -0.143717076, -0.143715941, -2.1344308e-09, -0.00228977168, -0.00197498563, 0, 1.58508471e-08, 1.58508471e-08, 0.137844577, 241.688523, -44.2243615, 0.27, 3.332, 285.77504, -0.143717094, -0.00228977382, 0, 5e+16, 0, 0, 0, 0
8.125, 0, 0, 5e+16, 0, 1.60629402e-14, 3.718e+18, 6.44e+20, 4.85, 4, 1.95956074, 67.7173968, 0.866667, 118600.942, 0, 8328.22859, 1.73687264e+17, 0.125977336, -0.671421655, -4.18350028, 5e+16, 8.38613464e+12, -582.517226, -118599.179, 364.995889, 67.7432338, 67.7173968, 0.866667, 0.866667, 5e+16, 0.12597732, 1.85046567e-08, 0.993733375, 0.125972721, -1.83816721e-08, -0.125382489, -0.12538136, -2.12989213e-09, -0.00270559287, -0.00238579958, 0, 1.58532383e-08, 1.58532383e-08, 0.124053589, 309.910199, -44.0407824, 0.27, 3.332, 353.826928, -0.125382507, -0.002705595, 0, 5e+16, 0, 0, 0, 0
8.19166667, 0, 0, 5e+16, 0, 1.62203741e-14, 3.718e+18, 6.44e+20, 4.85, 4, 1.96565193, 67.6993028, 0.866667, 122142.645, 0, 1634.10146, 1.43255331e+17, 0.126030903, -0.728875262, -4.18347814, 5e+16, 4.00969516e+11, -865.266837, -122138.417, 365.041877, 67.7281546, 67.6993028, 0.866667, 0.866667, 5e+16, 0.126030902, 2.23485597e-09, 0.993601615, 0.126020458, -2.21489721e-09, -0.124875512, -0.124874212, -2.98008466e-10, -0.00322709194, -0.00290059181, 0, 1.58560747e-08, 1.58560747e-08, 0.265356516, 381.996692, -44.0832775, 0.27, 3.332, 425.814613, -0.124875514, -0.00322709224, 0, 5e+16, 0, 0, 0, 0
8.25, 0, 0, 5e+16, 0, 1.63581365e-14, 3.718e+18, 6.44e+20, 4.85, 4, 1.96571467, 67.6834705, 0.866667, 125605.787, 0, 338.114933, 1.42977774e+17, 0.102595946, -0.778746517, -4.18345842, 5e+16, 3.95545399e+11, -966.186921, -125601.248, 365.08212, 67.7149589, 67.6834705, 0.866667, 0.866667, 5e+16, 0.102595945, 2.22619348e-09, 0.993444171, 0.102583762, -2.20629817e-09, -0.101434934, -0.101433647, -2.96960866e-10, -0.0035815439, -0.0032494147, 0, 1.58585569e-08, 1.58585569e-08, 0.250506093, 448.520668, -43.87295, 0.27, 3.332, 492.143112, -0.101434936, -0.0035815442, 0, 5e+16, 0, 0, 0, 0
8.31666667, 0, 0, 5e+16, 0, 1.65248049e-14, 3.718e+18, 6.44e+20, 4.85, 4, 1.97605762, 67.6604888, 0.866667, 131547.896, 0, 37.4575694, 1.03035458e+17, 0.102298154, -0.858464473, -4.18343513, 5e+16, 6.57834569e+09, -1523.00124, -131535.759, 365.129933, 67.6993042, 67.6604888, 0.866667, 0.866667, 5e+16, 0.102298154, 1.17993778e-10, 0.993257768, 0.102278344, -1.16787619e-10, -0.10085289, -0.100851429, -1.68280108e-11, -0.00354979164, -0.00321017935, 0, 1.58615063e-08, 1.58615063e-08, 0.561253993, 465.356545, -43.9308131, 0.27, 3.332, 508.726105, -0.10085289, -0.00354979166, 0, 5e+16, 0, 0, 0, 0
8.375, 0, 0, 5e+16, 0, 1.66706458e-14, 3.718e+18, 6.44e+20, 4.85, 4, 1.97616339, 67.6403799, 0.866667, 137607.402, 0, 12.1807726, 1.02694699e+17, 0.0766847589, -0.926661976, -4.18341419, 5e+16, 6.38989464e+09, -1721.98829, -137594.291, 365.171773, 67.685605, 67.6403799, 0.866667, 0.866667, 5e+16, 0.0766847588, 1.1715154e-10, 0.993045826, 0.0766635526, -1.15953472e-10, -0.0752363434, -0.0752349112, -1.67115428e-11, -0.0035268486, -0.00318075522, 0, 1.58640872e-08, 1.58640872e-08, 0.548359493, 480.778727, -43.6808508, 0.27, 3.332, 523.911219, -0.0752363435, -0.00352684862, 0, 5e+16, 0, 0, 0, 0
8.44166667, 0, 0, 5e+16, 0, 1.68474177e-14, 3.718e+18, 6.44e+20, 4.85, 4, 1.99488651, 67.5987954, 0.866667, 148233.891, 0, 0.687801447, 5.67197659e+16, 0.0759155374, -1.0276364, -4.18339013, 5e+16, 49910230.7, -2807.3802, -148197.819, 365.22154, 67.6693309, 67.5987954, 0.866667, 0.866667, 5e+16, 0.0759155374, 2.36815773e-12, 0.992796893, 0.0758852319, -2.34304035e-12, -0.0747371281, -0.074735554, -3.43995554e-13, -0.00287772582, -0.00252286359, 0, 1.58671574e-08, 1.58671574e-08, 1.34658748, 418.955354, -43.7394716, 0.27, 3.332, 461.348238, -0.0747371281, -0.00287772582, 0, 5e+16, 0, 0, 0, 0
8.5, 0, 0, 5e+16, 0, 1.70020959e-14, 3.718e+18, 6.44e+20, 4.85, 4, 1.99507861, 67.562409, 0.866667, 159377.682, 0, 0.655917827, 5.63772825e+16, 0.0534060803, -1.11165167, -4.18336792, 5e+16, 48056341.2, -3194.78624, -159338.674, 365.265088, 67.65509, 67.562409, 0.866667, 0.866667, 5e+16, 0.0534060803, 2.33878693e-12, 0.992522819, 0.0533761061, -2.313982e-12, -0.0522319251, -0.0522304079, -3.39722873e-13, -0.00244004246, -0.00207789422, 0, 1.5869844e-08, 1.5869844e-08, 1.33805547, 366.141804, -43.4425524, 0.27, 3.332, 408.246301, -0.0522319251, -0.00244004246, 0, 5e+16, 0, 0, 0, 0
8.56666667, 0, 0, 5e+16, 0, 1.71898034e-14, 3.718e+18, 6.44e+20, 4.85, 4, 2.03010849, 67.4062189, 0.866667, 179274.876, 0, 0.00443770415, 1.85602072e+16, 0.0526467522, -1.23363975, -4.18334776, 5e+16, 280137.435, -5394.57226, -179166.924, 365.316909, 67.6381595, 67.4062189, 0.866667, 0.866667, 5e+16, 0.0526467522, 2.55695306e-14, 0.992205293, 0.0526055961, -2.52973663e-14, -0.0519777606, -0.0519759664, -3.72077023e-15, -0.00171337837, -0.0013403156, 0, 1.58730413e-08, 1.58730413e-08, 6.64438017, 276.762139, -43.4749514, 0.27, 3.332, 313.592711, -0.0519777606, -0.00171337837, 0, 5e+16, 0, 0, 0, 0
8.625, 0, 0, 5e+16, 0, 1.73540449e-14, 3.718e+18, 6.44e+20, 4.85, 4, 2.03047357, 67.2695525, 0.866667, 200562.551, 0, 0.00434844641, 1.83472556e+16, 0.0363448059, -1.32960544, -4.18332426, 5e+16, 273906.358, -6188.04396, -200445.784, 365.362254, 67.6233447, 67.2695525, 0.866667, 0.866667, 5e+16, 0.0363448059, 2.52791717e-14, 0.991862442, 0.0363059164, -2.50101749e-14, -0.0356816663, -0.0356799946, -3.67799775e-15, -0.00122695915, -0.000845927992, 0, 1.58758391e-08, 1.58758391e-08, 6.63997794, 203.193877, -43.1180039, 0.27, 3.332, 239.671903, -0.0356816663, -0.00122695915, 0, 5e+16, 0, 0, 0, 0
8.69166667, 0, 0, 5e+16, 0, 1.7553394e-14, 3.718e+18, 6.44e+20, 4.85, 4, 2.09888494, 65.954226, 0.866667, 240459.764, 0, 3.41388169e-05, 2.10788618e+15, 0.0360022834, -1.47972709, -4.18350895, 5e+16, 2150.39685, -11456.9881, -240102.048, 365.41618, 67.605734, 65.954226, 0.866667, 0.866667, 5e+16, 0.0360022834, 2.55595166e-16, 0.991474811, 0.0359476899, -2.50654951e-16, -0.0356295206, -0.0356270386, -5.00070737e-17, -0.000887523613, -0.000490851367, 0, 1.58791666e-08, 1.58791666e-08, 44.6069714, 191.055063, -43.1239865, 0.27, 3.332, 189.572079, -0.0356295206, -0.000887523613, 0, 5e+16, 0, 0, 0, 0
8.75, 0, 0, 5e+16, 0, 1.77278156e-14, 3.718e+18, 6.44e+20, 4.85, 4, 2.09962343, 64.8033154, 0.866667, 284850.561, 0, 3.84205894e-05, 2.0592089e+15, 0.0245363145, -1.42948976, -4.18348416, 5e+16, 2444.9693, -13447.1572, -284460.78, 365.463365, 67.5903247, 64.8033154, 0.866667, 0.866667, 5e+16, 0.0245363145, 3.18036893e-16, 0.991059683, 0.0244838575, -1.87042985e-16, -0.0241655324, -0.0241633811, -5.92433485e-17, -0.000658798396, -0.000251902885, 0, 1.58820782e-08, 1.58820782e-08, 44.6052143, 161.049876, -42.6102649, 0.27, 3.332, 159.054927, -0.0241655324, -0.000658798396, 0, 5e+16, -4.59681209e-19, -5.17392691e-19, 0, 0
8.81666667, 0, 0, 5e+16, 0, 1.79393719e-14, 3.718e+18, 6.44e+20, 4.85, 4, 2.25169846, 56.0101174, 0.866667, 378970.673, 0, 0.0146041621, 1.63498244e+14, 0.0245451248, -1.47997097, -4.25565066, 5e+16, 919269.727, -33961.6581, -376954.262, 365.519395, 67.5720272, 56.0101174, 0.866667, 0.866667, 5e+16, 0.0245451248, 3.48307821e-14, 0.990604812, 0.0244659781, -6.19429959e-15, -0.0241747617, -0.0241713394, -3.42091292e-14, -0.000667031055, -0.000233446275, 0, 1.5885536e-08, 1.5885536e-08, 77.845858, 196.877893, -42.6104105, 0.27, 3.332, 161.642446, -0.0241747617, -0.000667031055, 0, 5e+16, 1.72518343e-05, 1.94177461e-05, 0, 0
8.875, 0, 0, 5e+16, 0, 1.81244692e-14, 3.718e+18, 6.44e+20, 4.85, 4, 2.25348918, 48.3160691, 0.866667, 505101.422, 0, 0.0207929604, 1.54489685e+14, 0.0146714664, -1.37548098, -4.2556244, 5e+16, 1337135.15, -43149.6123, -502827.125, 365.56842, 67.5560173, 48.3160691, 0.866667, 0.866667, 5e+16, 0.0146714664, 1.39322394e-13, 0.990117986, 0.014596237, 9.71440004e-14, -0.0142999433, -0.0143014271, -4.96911433e-14, -0.000673383951, -0.000223229627, 0, 1.58885614e-08, 1.58885614e-08, 77.8981767, 241.424016, -41.683525, 0.27, 3.332, 205.209364, -0.0142999433, -0.000673383951, 0, 5e+16, 0.00145195902, 1.94177461e-05, 0, 0
8.94166667, 0, 0, 5e+16, 0, 1.83487764e-14, 3.718e+18, 6.44e+20, 4.85, 4, 2.78139625, 34.1607186, 0.866667, 705240.586, 1146185.55, 8.48038435, 1.04921376e+14, 0.014713255, -1.76568866, -4.7712069, 5e+16, 3.37075656e+09, -273554.528, -618052.693, 365.626538, 67.5368025, 34.1607186, 0.866667, 0.866667, 5e+16, 0.0147132548, 1.46197532e-10, 0.989603605, 0.014549169, -8.57212694e-11, -0.0143589742, -0.0142955219, -1.18241055e-10, -0.000707207777, -0.000176479175, 0, 1.58921485e-08, 1.58921485e-08, 433.554585, 602.176728, -41.6835248, 0.27, 3.332, 210.305668, -0.0143589742, -0.000707207896, 0, 5e+16, 0.156605644, 0.0661818928, 0, 0
9, 0, 0, 5e+16, 0, 1.85450277e-14, 3.718e+18, 6.44e+20, 4.85, 4, 2.79782999, 21.7747869, 0.866667, 873540.752, 3.78296049e+10, 63.7554174, 6.23336894e+13, 0.0052109797, -1.66531438, -4.77117693, 5e+16, 4.49231599e+09, -577425.028, -651616.188, 365.677388, 67.520196, 21.7747869, 0.866667, 0.866667, 5e+16, 0.00521097952, 1.96093654e-10, 0.989052641, 0.00495510843, -1.08100529e-10, -0.00484969797, -0.00470071213, -1.6298999e-10, -0.000735068889, -0.000172488741, 0, 1.5895287e-08, 1.5895287e-08, 906.120265, 1093.21458, -34.5944639, 0.27, 3.332, 221.688776, -0.00484969811, -0.000735069052, 0, 5e+16, 0.296023878, 0.234353342, 0, 0
9.06666667, 0, 0, 5e+16, 0, 1.87829382e-14, 3.718e+18, 6.44e+20, 4.85, 4, 9.1730745, 21.315602, 0.866667, 926107.111, 2.05609371e+11, 70.0883463, 3.31868367e+13, 0.00487508195, -8.03778137, -11.1264111, 5e+16, 5.14538402e+09, -787835.196, -428081.13, 365.737644, 42.6635863, 46.1386752, 0.866667, 0.866667, 5e+16, 0.00487508171, 2.45945574e-10, 0.988494909, 0.00472755936, -2.10578365e-10, -0.00486293217, -0.00466112027, -9.89545415e-11, -0.0003261578, 0.000141906834, 0, 1.58990065e-08, 1.58990065e-08, 567.488417, 682.462444, -34.5944638, 0.27, 3.332, 149.568491, -0.00486293241, -0.000326157899, 0, 5e+16, 0.212259355, 0.21925456, 0, 0
9.125, 0, 0, 5e+16, 0, 1.89910809e-14, 3.718e+18, 6.44e+20, 4.85, 4, 15.4535887, 19.8227519, 0.866667, 900739.947, 1.44050121e+13, 64.4125311, 2.47321172e+09, 0.000202810441, -14.3211442, -17.1072861, 5e+16, 4.95192317e+09, -882996.701, -160908.814, 365.790362, 19.8227519, 67.4570775, 0.866667, 0.866667, 5e+16, 0.000202810203, 2.39496358e-10, 0.987901668, 0.00011364263, -2.29353932e-10, -0.000199616202, 7.23080515e-05, -6.87631962e-11, -3.44450104e-05, 8.38943926e-05, 0, 1.59022608e-08, 1.59022608e-08, 225.86089, 231.918243, -1.15905571e-07, 0.27, 3.332, 6.05735288, -0.000199616432, -3.44450791e-05, 0, 5e+16, 0.0938992912, 0.0907975499, 0, 0
9.19166667, 0, 0, 5e+16, 0, 1.92435876e-14, 3.718e+18, 6.44e+20, 4.85, 4, 20.6334946, 22.3956759, 0.866667, 813600.993, 8.52582735e+13, 7726088.04, 1.82309184e+09, 0.349050076, -19.1325107, -22.2774231, 5e+16, 3.73781854e+16, -811929.484, -42749.6451, 365.852825, 22.3956759, 67.4404728, 0.866667, 0.866667, 5e+16, 0.000162966143, 0.348888636, 0.987092847, 0.348933907, -0.341732132, -0.000162253099, -0.341648134, 0.0703024197, -1.26730599e-05, 0.070384582, 0, 1.5906117e-08, 1.5906117e-08, 247585.092, 248973.519, 0.0296240524, 0.27, 3.332, 1388.3977, -0.341894385, 0.0702897467, 0, 4.99999714e+16, 0.0225242806, 0.0398128478, 0, 0
9.25, 0, 0, 5e+16, 0, 1.94644443e-14, 3.718e+18, 6.44e+20, 4.85, 4, 25.2644061, 25.4827535, 0.866667, 748312.821, 2.05918028e+14, 2.52014485e+11, 744301715, 0.437643385, -23.4359163, -26.8799562, 5e+16, 5.10475492e+16, -748249.313, -2746.29472, 365.907462, 25.4827535, 67.4259436, 0.866667, 0.866667, 5e+16, 7.93148806e-05, 0.437565875, 0.986456499, 0.437451831, -0.429428277, -7.92911577e-05, -0.429299647, 0.0834568432, -1.62781938e-06, 0.0835291888, 0, 1.59094901e-08, 1.59094901e-08, 328143.604, 330502.284, 0.0404564309, 0.27, 3.332, 2358.63986, -0.429507568, 0.0834552154, 0, 4.99999622e+16, 3.83286414e-05, 0.000213274928, 0, 0
9.31666667, 0, 0, 5e+16, 0, 1.97294015e-14, 3.718e+18, 6.44e+20, 4.85, 4, 30.0626313, 26.5735755, 0.866667, 731438.463, 6.07751496e+14, 1.44435815e+12, 783152610, 9.90888181, -28.1791699, -31.6796271, 5e+16, 5.48800875e+16, -730989.412, 21592.1345, 365.971433, 26.5735755, 67.4047329, 0.866667, 0.866667, 5e+16, 9.19915665e-05, 9.90879313, 0.97561436, 9.90872194, -9.45344313, -9.19513182e-05, -9.45335387, 2.96568891, 1.19539106e-06, 2.96576304, 0, 1.59134401e-08, 1.59134401e-08, 6905044.01, 6920844.39, 0.0438946081, 0.27, 3.332, 15800.3293, -9.45353506, 2.96569011, 0, 4.99992373e+16, 1.87598669e-05, 0.000138092683, 0, 0
9.375, 0, 0, 5e+16, 0, 1.99612682e-14, 3.718e+18, 6.44e+20, 4.85, 4, 34.2891097, 27.6974539, 0.866667, 719158.065, 2.9187911e+15, 1.16496676e+13, 596558410, 17.6782837, -32.339892, -35.8973779, 5e+16, 4.88601655e+16, -718364.619, 33770.1883, 366.027418, 27.6974539, 67.3861735, 0.866667, 0.866667, 5e+16, 8.77566374e-05, 17.6781991, 0.971149927, 17.678156, -17.140708, -8.77332805e-05, -17.1406474, 4.09246979, 1.96100576e-06, 4.09254413, 0, 1.59168969e-08, 1.59168969e-08, 13924698.1, 13985840.7, 0.0395999648, 0.27, 3.332, 61142.5506, -17.1407957, 4.09247175, 0, 4.99984336e+16, 2.56605198e-05, 4.52020562e-05, 0, 0
9.44166667, 0, 0, 5e+16, 0, 2.02316458e-14, 3.718e+18, 6.44e+20, 4.85, 4, 39.0568182, 27.7921622, 0.866667, 722642.073, 8.17351278e+15, 2.05859822e+13, 707321493, 44.3593302, -37.0897168, -40.670302, 5e+16, 6.4340942e+16, -721308.659, 42976.1328, 366.091119, 27.7921622, 67.3650331, 0.866667, 0.866667, 5e+16, 0.000123174184, 44.35921, 0.928540937, 44.3592256, -43.0425172, -0.000123102341, -43.0425176, 10.5490659, 4.0892881e-06, 10.5491457, 0, 1.59208306e-08, 1.59208306e-08, 33221198.1, 33354604.6, 0.052549786, 0.27, 3.332, 133406.41, -43.0426403, 10.54907, 0, 4.99969984e+16, 3.35847838e-05, 5.13212027e-05, 0, 0
9.5, 0, 0, 5e+16, 0, 2.04690874e-14, 3.718e+18, 6.44e+20, 4.85, 4, 43.2410021, 27.9221776, 0.866667, 726645.567, 2.14207267e+16, 4.39890262e+13, 740123720, 83.5491377, -41.2500113, -44.8557699, 5e+16, 6.51175119e+16, -725016.654, 48523.2728, 366.14706, 27.9221776, 67.3465353, 0.866667, 0.866667, 5e+16, 0.000126065132, 83.5490144, 0.908144218, 83.5490608, -82.0785386, -0.000125988293, -82.0785715, 14.1245985, 4.39192879e-06, 14.1246814, 0, 1.59242852e-08, 1.59242852e-08, 69573151.2, 69885898.5, 0.0550549159, 0.27, 3.332, 312747.196, -82.0786647, 14.1246029, 0, 4.9993679e+16, 4.06695786e-05, 5.56169249e-05, 0, 0
9.56666667, 0, 0, 5e+16, 0, 2.07377329e-14, 3.718e+18, 6.44e+20, 4.85, 4, 48.1158297, 27.5948831, 0.866667, 737733.91, 4.90944036e+16, 5.49791462e+13, 914468995, 114.577733, -46.117872, -49.7371222, 5e+16, 9.26759509e+16, -735800.168, 52968.1897, 366.208849, 27.5948831, 67.3259846, 0.866667, 0.866667, 5e+16, 0.000188720764, 114.577546, 0.828782289, 114.57768, -112.923959, -0.000188576378, -112.924082, 18.4751575, 7.36029878e-06, 18.4752467, 0, 1.59281015e-08, 1.59281015e-08, 93486124.3, 93892314.2, 0.0772812286, 0.27, 3.332, 406189.707, -112.924149, 18.4751649, 0, 4.99925466e+16, 7.36311323e-05, 8.58822204e-05, 0, 0
9.625, 0, 0, 5e+16, 0, 2.09750837e-14, 3.718e+18, 6.44e+20, 4.85, 4, 52.3876287, 27.3283653, 0.866667, 747781.252, 1.09793697e+17, 8.23848028e+13, 1.08184121e+09, 199.979145, -50.3769656, -54.0140839, 5e+16, 9.63237041e+16, -745683.039, 55809.6194, 366.263431, 27.3283653, 67.3080027, 0.866667, 0.866667, 5e+16, 0.000196212288, 199.978951, 0.78478776, 199.979122, -198.314777, -0.000196058812, -198.314939, 21.8528441, 7.7577378e-06, 21.8529366, 0, 1.59314726e-08, 1.59314726e-08, 175784196, 176432176, 0.0831330548, 0.27, 3.332, 647979.786, -198.314974, 21.852852, 0, 4.99868607e+16, 0.000104266594, 0.000111914901, 0, 0
9.69166667, 0, 0, 5e+16, 0, 2.12386976e-14, 3.718e+18, 6.44e+20, 4.85, 4, 57.4258758, 26.8557467, 0.866667, 761951.886, 2.03582733e+17, 8.66517772e+13, 1.35490775e+09, 217.268038, -55.4136852, -59.0592935, 5e+16, 1.404982e+17, -759717.034, 58059.8752, 366.322674, 26.8557467, 67.2882673, 0.866667, 0.866667, 5e+16, 0.000298440472, 217.267742, 0.690783393, 217.268042, -215.901539, -0.000298187199, -215.901831, 21.8235253, 1.22887242e-05, 21.8236249, 0, 1.59351319e-08, 1.59351319e-08, 190909330, 191608015, 0.118095815, 0.27, 3.332, 698685.433, -215.901837, 21.8235377, 0, 4.99865347e+16, 0.000179863847, 0.000188295326, 0, 0
9.75, 0, 0, 5e+16, 0, 2.14728064e-14, 3.718e+18, 6.44e+20, 4.85, 4, 61.8376753, 26.4517583, 0.866667, 774462.832, 3.96280324e+17, 1.09460307e+14, 1.68709638e+09, 331.637638, -59.8181611, -63.4778805, 5e+16, 1.47731563e+17, -772158.496, 59494.5007, 366.375263, 26.4517583, 67.2709988, 0.866667, 0.866667, 5e+16, 0.000312848244, 331.637327, 0.632020376, 331.637673, -330.351749, -0.000312579353, -330.352088, 22.8047474, 1.29681155e-05, 22.8048497, 0, 1.59383803e-08, 1.59383803e-08, 307129999, 307968455, 0.126801975, 0.27, 3.332, 838455.921, -330.352061, 22.8047603, 0, 4.9980174e+16, 0.000244383054, 0.000254179177, 0, 0
9.81666667, 0, 0, 5e+16, 0, 2.17314341e-14, 3.718e+18, 6.44e+20, 4.85, 4, 67.0636277, 25.9452484, 0.866667, 789770.72, 6.30921386e+17, 1.04845654e+14, 2.11533005e+09, 331.778201, -65.0455375, -68.7108412, 5e+16, 2.15482125e+17, -787437.834, 60471.6873, 366.432107, 25.9452484, 67.2520648, 0.866667, 0.866667, 5e+16, 0.000472595436, 331.777729, 0.547955512, 331.778264, -330.913067, -0.000472182318, -330.913595, 19.9408699, 1.97560445e-05, 19.9409802, 0, 1.59418921e-08, 1.59418921e-08, 309669416, 310502981, 0.180220188, 0.27, 3.332, 833564.898, -330.91354, 19.9408896, 0, 4.99804602e+16, 0.000410391803, 0.00042613658, 0, 0
9.875, 0, 0, 5e+16, 0, 2.19615605e-14, 3.718e+18, 6.44e+20, 4.85, 4, 71.6377395, 25.5077235, 0.866667, 803159.002, 1.09851446e+18, 1.20235892e+14, 2.68861611e+09, 444.584525, -69.615373, -73.2923985, 5e+16, 2.28438769e+17, -800819.149, 61037.7486, 366.482648, 25.5077235, 67.2354976, 0.866667, 0.866667, 5e+16, 0.000498482654, 444.584028, 0.490062165, 444.584622, -443.800357, -0.000498043506, -443.800945, 18.7252081, 2.09187177e-05, 18.7253205, 0, 1.59450144e-08, 1.59450144e-08, 432527162, 433340644, 0.192763611, 0.27, 3.332, 813481.814, -443.800855, 18.725229, 0, 4.99749668e+16, 0.000554823323, 0.000574426309, 0, 0
9.94166667, 0, 0, 5e+16, 0, 2.22165829e-14, 3.718e+18, 6.44e+20, 4.85, 4, 77.0582707, 25.0195944, 0.866667, 818245.23, 1.56062113e+18, 1.10661147e+14, 3.35169227e+09, 435.432857, -75.0385875, -78.7197647, 5e+16, 3.28701232e+17, -815934.05, 61296.718, 366.537515, 25.0195944, 67.2172571, 0.866667, 0.866667, 5e+16, 0.000721617177, 435.432137, 0.430198773, 435.432981, -434.964582, -0.000720954842, -434.96542, 15.4562196, 3.09106072e-05, 15.4563421, 0, 1.59484044e-08, 1.59484044e-08, 427318562, 428094285, 0.271933753, 0.27, 3.332, 775722.629, -434.965303, 15.4562506, 0, 4.99754536e+16, 0.000867939891, 0.0008980294, 0, 0
10, 0, 0, 5e+16, 0, 2.24431327e-14, 3.718e+18, 6.44e+20, 4.85, 4, 81.801613, 24.5952185, 0.866667, 831269.096, 2.44950782e+18, 1.19488329e+14, 4.27464188e+09, 522.147568, -79.7795518, -83.4706697, 5e+16, 3.50750113e+17, -828983.069, 61370.8724, 366.586202, 24.5952185, 67.2012966, 0.866667, 0.866667, 5e+16, 0.000762788729, 522.146806, 0.385713229, 522.147723, -521.726236, -0.00076208049, -521.727148, 13.4895445, 3.2859386e-05, 13.4896689, 0, 1.59514126e-08, 1.59514126e-08, 530078979, 530750617, 0.290806199, 0.27, 3.332, 671640.208, -521.726998, 13.4895774, 0, 4.99716072e+16, 0.00114112769, 0.00117684075, 0, 0
10.0583333, 0, 0, 5e+16, 0, 2.26652857e-14, 3.718e+18, 6.44e+20, 4.85, 4, 86.7050134, 24.1662016, 0.866667, 845256.718, 3.18317714e+18, 1.09417089e+14, 5.22490188e+09, 510.476479, -84.6857878, -88.3803044, 5e+16, 4.86007089e+17, -843028.788, 61181.9852, 366.633077, 24.1662016, 67.1857339, 0.866667, 0.866667, 5e+16, 0.0010859224, 510.475394, 0.345020065, 510.47666, -510.247128, -0.00108493825, -510.24839, 10.8170175, 4.62158316e-05, 10.8171543, 0, 1.59543091e-08, 1.59543091e-08, 522223587, 522847883, 0.397776949, 0.27, 3.332, 624299.082, -510.248213, 10.8170637, 0, 4.99720463e+16, 0.00171854155, 0.00177379594, 0, 0
10.109375, 0, 0, 5e+16, 0, 2.28624937e-14, 3.718e+18, 6.44e+20, 4.85, 4, 90.995151, 23.7925985, 0.866667, 857300.177, 4.59384081e+18, 1.14233751e+14, 6.55967625e+09, 573.21749, -88.9746031, -92.6775291, 5e+16, 5.20098803e+17, -855113.83, 60945.3187, 366.674632, 23.7925985, 67.1721165, 0.866667, 0.866667, 5e+16, 0.00115363156, 573.216339, 0.312852735, 573.217703, -573.011047, -0.00115258327, -573.012407, 8.95073891, 4.91628688e-05, 8.95087779, 0, 1.59568768e-08, 1.59568768e-08, 605073226, 605569580, 0.425561092, 0.27, 3.332, 496356.808, -573.012198, 8.95078807, 0, 4.99696036e+16, 0.00222642018, 0.0022883055, 0, 0
10.1677083, 0, 0, 5e+16, 0, 2.30837888e-14, 3.718e+18, 6.44e+20, 4.85, 4, 96.0454915, 23.4235439, 0.866667, 870500.112, 5.74533508e+18, 1.05635479e+14, 7.85560194e+09, 563.839118, -94.0274698, -97.7334633, 5e+16, 6.93378662e+17, -868382.699, 60533.7496, 366.720505, 23.4235439, 67.1569239, 0.866667, 0.866667, 5e+16, 0.00157438122, 563.837545, 0.289234988, 563.839355, -563.741087, -0.00157298751, -563.742892, 6.99456575, 6.62202895e-05, 6.99471989, 0, 1.59597117e-08, 1.59597117e-08, 598463550, 598916232, 0.562728281, 0.27, 3.332, 452683.339, -563.742658, 6.99463196, 0, 4.99699373e+16, 0.00315750831, 0.00324928274, 0, 0
10.21875, 0, 0, 5e+16, 0, 2.32795861e-14, 3.718e+18, 6.44e+20, 4.85, 4, 100.463884, 23.1013469, 0.866667, 882003.859, 7.80544019e+18, 1.08322637e+14, 9.67063026e+09, 602.04152, -98.4451059, -102.158328, 5e+16, 7.42940713e+17, -879933.185, 60155.539, 366.761029, 23.1013469, 67.1436304, 0.866667, 0.866667, 5e+16, 0.00167409201, 602.039849, 0.269646988, 602.041785, -601.95348, -0.00167260975, -601.955416, 5.49374394, 7.04247333e-05, 5.49390083, 0, 1.59622161e-08, 1.59622161e-08, 656791214, 657120836, 0.602402452, 0.27, 3.332, 329625.17, -601.955154, 5.49381436, 0, 4.9968416e+16, 0.00397707583, 0.00407859292, 0, 0
10.2770833, 0, 0, 5e+16, 0, 2.35007069e-14, 3.718e+18, 6.44e+20, 4.85, 4, 105.657599, 22.7613492, 0.866667, 894868.691, 9.65543031e+18, 1.02389437e+14, 1.14700731e+10, 595.447613, -103.640655, -107.357337, 5e+16, 9.70521843e+17, -892868.7, 59649.3287, 366.806077, 22.7613492, 67.1287387, 0.866667, 0.866667, 5e+16, 0.00223566035, 595.445381, 0.255752357, 595.447901, -595.410444, -0.00223373094, -595.412966, 4.19914205, 9.28478453e-05, 4.19931893, 0, 1.59650002e-08, 1.59650002e-08, 652192624, 652486899, 0.782649241, 0.27, 3.332, 294278.498, -595.41268, 4.1992349, 0, 4.99686279e+16, 0.00546858334, 0.00562065895, 0, 0
10.328125, 0, 0, 5e+16, 0, 2.36959192e-14, 3.718e+18, 6.44e+20, 4.85, 4, 110.201284, 22.4641338, 0.866667, 906089.074, 1.26663481e+19, 1.0382298e+14, 1.3995634e+10, 618.673212, -108.183937, -111.907219, 5e+16, 1.04382048e+18, -904135.835, 59213.7528, 366.845779, 22.4641338, 67.1157085, 0.866667, 0.866667, 5e+16, 0.00238524069, 618.67083, 0.243847766, 618.673527, -618.63986, -0.0023831866, -618.642554, 3.13143763, 9.89617358e-05, 3.13161861, 0, 1.59674539e-08, 1.59674539e-08, 695427764, 695626756, 0.840908219, 0.27, 3.332, 198991.755, -618.64224, 3.13153659, 0, 4.9967761e+16, 0.00678019062, 0.00695344168, 0, 0
10.3864583, 0, 0, 5e+16, 0, 2.39171611e-14, 3.718e+18, 6.44e+20, 4.85, 4, 115.534664, 22.1504927, 0.866667, 918693.328, 1.57166521e+19, 1.0053805e+14, 1.64372688e+10, 614.780721, -113.518385, -117.245584, 5e+16, 1.33597678e+18, -916808.397, 58671.7804, 366.890089, 22.1504927, 67.1010828, 0.866667, 0.866667, 5e+16, 0.00311800071, 614.777607, 0.236201534, 614.781058, -614.766984, -0.00311536832, -614.770432, 2.33792911, 0.000128083995, 2.33813631, 0, 1.59701927e-08, 1.59701927e-08, 692982052, 693156216, 1.07235343, 0.27, 3.332, 174163.917, -614.770096, 2.3380572, 0, 4.99678728e+16, 0.00910416762, 0.00935149497, 0, 0
10.4375, 0, 0, 5e+16, 0, 2.41121603e-14, 3.718e+18, 6.44e+20, 4.85, 4, 120.200553, 21.8759646, 0.866667, 929695.504, 2.00748939e+19, 1.01259193e+14, 1.98754526e+10, 627.750162, -118.184084, -121.917388, 5e+16, 1.44199182e+18, -927856.452, 58194.8911, 366.929072, 21.8759646, 67.0882853, 0.866667, 0.866667, 5e+16, 0.0033378732, 627.746824, 0.229558838, 627.750522, -627.737559, -0.00333506669, -627.741255, 1.64698639, 0.000136845476, 1.64719995, 0, 1.59726023e-08, 1.59726023e-08, 725273252, 725381472, 1.15641487, 0.27, 3.332, 108215.649, -627.740895, 1.64712323, 0, 4.99674286e+16, 0.0111347459, 0.0114237981, 0, 0
10.4958333, 0, 0, 5e+16, 0, 2.43335257e-14, 3.718e+18, 6.44e+20, 4.85, 4, 125.671383, 21.5829164, 0.866667, 942036.309, 2.51004509e+19, 1.00500394e+14, 2.31150888e+10, 626.110085, -123.655204, -127.392898, 5e+16, 1.80891352e+18, -940269.655, 57520.6793, 366.97267, 21.5829164, 67.0739131, 0.866667, 0.866667, 5e+16, 0.0042704987, 626.105816, 0.225771984, 626.110466, -626.103575, -0.00426698353, -626.108223, 1.151153, 0.000173225605, 1.15139956, 0, 1.59752973e-08, 1.59752973e-08, 724758394, 724849708, 1.44712178, 0.27, 3.332, 91310.3895, -626.107843, 1.15132622, 0, 4.99674548e+16, 0.014657057, 0.0150223476, 0, 0
10.546875, 0, 0, 5e+16, 0, 2.45284058e-14, 3.718e+18, 6.44e+20, 4.85, 4, 130.457313, 21.326884, 0.866667, 952785.429, 3.13713368e+19, 1.00780209e+14, 2.77148165e+10, 632.338517, -128.441081, -132.18448, 5e+16, 1.9595763e+18, -951068.631, 56911.4547, 367.010978, 21.326884, 67.0613374, 0.866667, 0.866667, 5e+16, 0.00458669574, 632.333931, 0.222586633, 632.338921, -632.332119, -0.00458295094, -632.337103, 0.686300664, 0.000185306354, 0.68655652, 0, 1.59776654e-08, 1.59776654e-08, 749364798, 749409800, 1.56648926, 0.27, 3.332, 44999.87, -632.3367, 0.68648597, 0, 4.99672945e+16, 0.0176959872, 0.0181303535, 0, 0
10.6052083, 0, 0, 5e+16, 0, 2.47497085e-14, 3.718e+18, 6.44e+20, 4.85, 4, 136.062194, 21.0549177, 0.866667, 964742.22, 3.94798834e+19, 1.02264703e+14, 3.19032139e+10, 632.625888, -134.04555, -137.79372, 5e+16, 2.40848305e+18, -963104.315, 56051.2463, 367.05385, 21.0549177, 67.0472202, 0.866667, 0.866667, 5e+16, 0.00573987116, 632.62015, 0.221241522, 632.62631, -632.620028, -0.00573529765, -632.626183, 0.365107422, 0.000229084345, 0.365403184, 0, 1.59803158e-08, 1.59803158e-08, 750615410, 750648874, 1.92217233, 0.27, 3.332, 33460.9791, -632.625761, 0.365336507, 0, 4.99672472e+16, 0.0228047401, 0.0233031268, 0, 0
10.65625, 0, 0, 5e+16, 0, 2.49443533e-14, 3.718e+18, 6.44e+20, 4.85, 4, 140.96513, 20.8174168, 0.866667, 975134.351, 4.83531153e+19, 1.02240272e+14, 3.791401e+10, 634.234843, -138.948529, -142.702031, 5e+16, 2.61769974e+18, -973550.844, 55281.496, 367.091484, 20.8174168, 67.0348677, 0.866667, 0.866667, 5e+16, 0.00618295528, 634.228666, 0.220418446, 634.235283, -634.228614, -0.00617809456, -634.235236, 0.0379749237, 0.000245113401, 0.0382835265, 0, 1.59826424e-08, 1.59826424e-08, 769376875, 769377607, 2.08788844, 0.27, 3.332, 729.157013, -634.234795, 0.0382200374, 0, 4.99672861e+16, 0.0271730198, 0.0277698705, 0, 0
10.7145833, 0, 0, 5e+16, 0, 2.51651385e-14, 3.718e+18, 6.44e+20, 4.85, 4, 146.699208, 20.5673226, 0.866667, 985164.76, 5.90261337e+19, 1.05257716e+14, 4.31757175e+10, 635.638247, -144.681737, -148.440131, 5e+16, 3.15120859e+18, -983657.319, 54328.2953, 367.133568, 20.5673226, 67.0210275, 0.866667, 0.866667, 5e+16, 0.00718808399, 635.631068, 0.22047015, 635.6387, -635.630632, -0.00718200187, -635.638271, -0.221105812, 0.000295551265, -0.2207511, 0, 1.59852444e-08, 1.59852444e-08, 771466382, 771454159, 2.51061449, 0.27, 3.332, -12225.6537, -635.637817, -0.22081026, 0, 4.99671867e+16, 0.0320070161, 0.0327505347, 0, 0
10.765625, 0, 0, 5e+16, 0, 2.53590774e-14, 3.718e+18, 6.44e+20, 4.85, 4, 151.714867, 20.3489883, 0.866667, 993442.992, 6.93479133e+19, 1.05016404e+14, 5.0829336e+10, 634.533274, -149.697502, -153.460871, 5e+16, 3.43438764e+18, -991983.66, 53561.3662, 367.170462, 20.3489883, 67.0089174, 0.866667, 0.866667, 5e+16, 0.0076178312, 634.525665, 0.220988873, 634.533746, -634.525141, -0.00761127735, -634.533223, -0.523105254, 0.000315920813, -0.522733733, 0, 1.59875255e-08, 1.59875255e-08, 782274102, 782196242, 2.73490415, 0.27, 3.332, -77861.3552, -634.532755, -0.522789333, 0, 4.99673608e+16, 0.0361970855, 0.037049616, 0, 0
10.7947917, 0, 0, 5e+16, 0, 2.54696103e-14, 3.718e+18, 6.44e+20, 4.85, 4, 154.627853, 20.1778542, 0.866667, 999968.969, 8.035248e+19, 1.05367256e+14, 5.56816552e+10, 637.158813, -152.610406, -156.376698, 5e+16, 3.89375687e+18, -998602.562, 52127.6825, 367.19128, 20.1778542, 67.0020872, 0.866667, 0.866667, 5e+16, 0.00861295818, 637.150207, 0.221797489, 637.159297, -637.149003, -0.00860971383, -637.158095, -0.650566049, 0.000227049341, -0.650286026, 0, 1.59888127e-08, 1.59888127e-08, 785455455, 785455558, 3.09885855, 0.27, 3.332, 100.155667, -637.157616, -0.650339, 0, 4.99673496e+16, 0.0409193327, 0.0421911617, 0, 0
10.8203125, 0, 0, 5e+16, 0, 2.55663336e-14, 3.718e+18, 6.44e+20, 4.85, 4, 157.175722, 20.0286138, 0.866667, 1004864.58, 8.6277906e+19, 1.0381823e+14, 6.27425662e+10, 640.178445, -155.158761, -158.928305, 5e+16, 4.17351867e+18, -1003557.24, 50978.5935, 367.20946, 20.0286138, 66.9961107, 0.866667, 0.866667, 5e+16, 0.0090727089, 640.169377, 0.236642126, 640.178938, -639.124468, -0.0090689661, -639.134031, -35.4986033, 5.53902081e-05, -35.4985063, 0, 1.59899368e-08, 1.59899368e-08, 797378355, 796416088, 3.32009603, 0.27, 3.332, -962268.299, -639.133538, -35.4985479, 0, 4.99683197e+16, 0.0453479569, 0.0466256187, 0, 0
10.8458334, 0, 0, 5e+16, 0, 2.56656685e-14, 3.718e+18, 6.44e+20, 4.85, 4, 159.746954, 19.8290443, 0.866667, 1008721.94, 1.2275029e+20, 2.03325393e+14, 6.60269799e+10, 775.080337, -157.708743, -161.501113, 5e+16, 4.14035263e+18, -1007565.3, 48247.2243, 367.228042, 19.8290443, 66.9908013, 0.866667, 0.866667, 5e+16, 0.0089955134, 775.071609, 0.26788332, 775.080737, -755.814483, -0.00899102222, -755.823893, -171.079157, 0.000283000028, -171.078823, 0, 1.59910857e-08, 1.59910857e-08, 753141816, 749146264, 3.29240088, 0.27, 3.332, -3995555.16, -755.823474, -171.078874, 0, 4.99707925e+16, 0.0479732122, 0.0509380621, 0, 0
10.8476563, 0, 0, 5e+16, 0, 2.56726461e-14, 3.718e+18, 6.44e+20, 4.85, 4, 159.93033, 19.8194819, 0.866667, 1009048, 1.23553977e+20, 2.0715341e+14, 6.63769974e+10, 775.36815, -157.89153, -161.684653, 5e+16, 4.17082133e+18, -1007884.55, 48376.8663, 367.229348, 19.8194819, 66.9904221, 0.866667, 0.866667, 5e+16, 0.0090465293, 775.359374, 0.268028484, 775.36855, -756.099272, -0.00904140096, -756.108733, -171.234561, 0.000303088359, -171.234206, 0, 1.59911665e-08, 1.59911665e-08, 753470646, 749469068, 3.3165736, 0.27, 3.332, -4001580.59, -756.108314, -171.234257, 0, 4.99707156e+16, 0.0479990977, 0.0512260321, 0, 0
10.848112, 0, 0, 5e+16, 0, 2.56743824e-14, 3.718e+18, 6.44e+20, 4.85, 4, 159.976331, 19.8149544, 0.866667, 1009174.76, 1.26128513e+20, 2.08085377e+14, 6.65766981e+10, 777.124939, -157.937389, -161.730748, 5e+16, 4.189143e+18, -1008015.81, 48301.2156, 367.229672, 19.8149544, 66.99043, 0.866667, 0.866667, 5e+16, 0.0090909517, 777.116117, 0.268203143, 777.125339, -757.858223, -0.00908579201, -757.867729, -171.15852, 0.000304774175, -171.158164, 0, 1.59911865e-08, 1.59911865e-08, 755263952, 751270379, 3.3310982, 0.27, 3.332, -3993577.06, -757.867309, -171.158215, 0, 4.99706936e+16, 0.048386532, 0.0514319977, 0, 0
10.8544922, 0, 0, 5e+16, 0, 2.56984109e-14, 3.718e+18, 6.44e+20, 4.85, 4, 160.620294, 19.8149544, 0.866667, 1010993.81, 2.17161173e+20, 1.99286353e+14, 6.9444256e+10, 694.516472, -158.582724, -162.376037, 5e+16, 4.36337763e+18, -1009879.42, 47391.6578, 367.234155, 19.8149544, 66.987752, 0.866667, 0.866667, 5e+16, 0.00988881701, 694.506585, 0.330270386, 694.516914, -694.34186, -0.00988442177, -694.352186, 14.877853, 0.000291478809, 14.8781924, 0, 1.59914637e-08, 1.59914637e-08, 701437250, 700482575, 3.46848407, 0.27, 3.332, -954678.391, -694.351745, 14.8781444, 0, 4.99720046e+16, 0.0523497517, 0.0536523785, 0, 0
10.8549479, 0, 0, 5e+16, 0, 2.57001417e-14, 3.718e+18, 6.44e+20, 4.85, 4, 160.666352, 19.8133191, 0.866667, 1011074.2, 2.18401996e+20, 1.99887442e+14, 6.95275281e+10, 694.971038, -158.628686, -162.422132, 5e+16, 4.37093525e+18, -1009960.43, 47382.8067, 367.234478, 19.8133191, 66.9876461, 0.866667, 0.866667, 5e+16, 0.00990705769, 694.961133, 0.330306927, 694.97148, -694.797049, -0.00990265177, -694.807394, 14.9309981, 0.000292119654, 14.9313382, 0, 1.59914837e-08, 1.59914837e-08, 701905515, 700949407, 3.47447756, 0.27, 3.332, -956111.268, -694.806952, 14.9312903, 0, 4.9971989e+16, 0.0524840669, 0.0537291195, 0, 0
10.8613281, 0, 0, 5e+16, 0, 2.57242419e-14, 3.718e+18, 6.44e+20, 4.85, 4, 161.311051, 19.7922132, 0.866667, 1012179.65, 2.13806987e+20, 1.9308011e+14, 7.07838758e+10, 666.816617, -159.274487, -163.067388, 5e+16, 4.44727255e+18, -1011074.3, 47225.9653, 367.238969, 19.7922132, 66.98616, 0.866667, 0.866667, 5e+16, 0.0100905276, 666.806529, 0.32535195, 666.817061, -666.693286, -0.0100860736, -666.703815, 12.1303796, 0.000296402144, 12.1307235, 0, 1.59917615e-08, 1.59917615e-08, 674210655, 673548007, 3.53446526, 0.27, 3.332, -662650.97, -666.703372, 12.130676, 0, 4.99729976e+16, 0.0538038642, 0.0547652204, 0, 0
10.8617838, 0, 0, 5e+16, 0, 2.57259704e-14, 3.718e+18, 6.44e+20, 4.85, 4, 161.357165, 19.7906245, 0.866667, 1012259.59, 2.14714412e+20, 1.93473789e+14, 7.08683394e+10, 667.138078, -159.320537, -163.113539, 5e+16, 4.45491348e+18, -1011154.9, 47216.3184, 367.239291, 19.7906245, 66.9860543, 0.866667, 0.866667, 5e+16, 0.0101090136, 667.127971, 0.325378884, 667.138522, -667.014943, -0.0101045488, -667.025491, 12.1674325, 0.00029705034, 12.1677769, 0, 1.59917814e-08, 1.59917814e-08, 674545505, 673881267, 3.54052264, 0.27, 3.332, -664241.032, -667.025047, 12.1677295, 0, 4.99729867e+16, 0.0539114335, 0.0548425945, 0, 0
10.8681641, 0, 0, 5e+16, 0, 2.57501141e-14, 3.718e+18, 6.44e+20, 4.85, 4, 162.002636, 19.7688025, 0.866667, 1013378.36, 2.11903417e+20, 1.88212324e+14, 7.21429781e+10, 645.480831, -159.966885, -163.759564, 5e+16, 4.53237155e+18, -1012281.48, 47072.2396, 367.243787, 19.7688025, 66.9857798, 0.866667, 0.866667, 5e+16, 0.0102956516, 645.470537, 0.321471499, 645.481276, -645.39298, -0.0102911401, -645.403715, 9.90546422, 0.000301330187, 9.90581251, 0, 1.59920594e-08, 1.59920594e-08, 653397854, 652937856, 3.60152056, 0.27, 3.332, -460002.271, -645.403271, 9.90576556, 0, 4.99737632e+16, 0.0551295803, 0.0559111815, 0, 0
10.8686198, 0, 0, 5e+16, 0, 2.57518415e-14, 3.718e+18, 6.44e+20, 4.85, 4, 162.048805, 19.76723, 0.866667, 1013458.08, 2.12600509e+20, 1.88471308e+14, 7.22286471e+10, 645.70543, -160.01301, -163.80577, 5e+16, 4.54010174e+18, -1012361.86, 47062.4824, 367.244109, 19.76723, 66.9856743, 0.866667, 0.866667, 5e+16, 0.0103143995, 645.695118, 0.321491514, 645.705876, -645.61761, -0.0103098771, -645.628364, 9.93079875, 0.000301985972, 9.93114766, 0, 1.59920793e-08, 1.59920793e-08, 653635520, 653174051, 3.60764718, 0.27, 3.332, -461472.136, -645.62792, 9.93110075, 0, 4.99737556e+16, 0.0552239151, 0.0559897081, 0, 0
10.875, 0, 0, 5e+16, 0, 2.57760123e-14, 3.718e+18, 6.44e+20, 4.85, 4, 162.695036, 19.7452613, 0.866667, 1014578.86, 2.11193554e+20, 1.84413123e+14, 7.35217181e+10, 629.04689, -160.659935, -164.452553, 5e+16, 4.61868902e+18, -1013490.06, 46925.7594, 367.248605, 19.7452613, 66.9841973, 0.866667, 0.866667, 5e+16, 0.0105040553, 629.036388, 0.318406564, 629.047337, -628.983582, -0.0104994861, -628.994527, 8.08832815, 0.000306307203, 8.08868078, 0, 1.59923573e-08, 1.59923573e-08, 637515269, 637197402, 3.66963189, 0.27, 3.332, -317870.418, -628.994081, 8.08863445, 0, 4.99743528e+16, 0.056386121, 0.0570807069, 0, 0
10.8754557, 0, 0, 5e+16, 0, 2.5777739e-14, 3.718e+18, 6.44e+20, 4.85, 4, 162.741259, 19.7436986, 0.866667, 1014658.35, 2.11752356e+20, 1.84582781e+14, 7.36086101e+10, 629.201366, -160.70613, -164.498813, 5e+16, 4.62651277e+18, -1013570.21, 46916.0963, 367.248926, 19.7436986, 66.9839784, 0.866667, 0.866667, 5e+16, 0.0105230712, 629.190845, 0.318421503, 629.201813, -629.138031, -0.0105184909, -629.148996, 8.10503903, 0.000306971056, 8.10539229, 0, 1.59923771e-08, 1.59923771e-08, 637682456, 637363332, 3.67583166, 0.27, 3.332, -319126.801, -629.148549, 8.105346, 0, 4.99743477e+16, 0.0564737265, 0.0571604338, 0, 0
10.8818359, 0, 0, 5e+16, 0, 2.58019277e-14, 3.718e+18, 6.44e+20, 4.85, 4, 163.388261, 19.7217701, 0.866667, 1015777.04, 2.11469589e+20, 1.81462036e+14, 7.49201712e+10, 616.406765, -161.353675, -165.146364, 5e+16, 4.70623246e+18, -1014696.06, 46784.346, 367.253422, 19.7217701, 66.9812783, 0.866667, 0.866667, 5e+16, 0.010715698, 616.396052, 0.315987186, 616.407212, -616.360371, -0.0107110705, -616.37153, 6.59491528, 0.000311344553, 6.59527241, 0, 1.59926552e-08, 1.59926552e-08, 625446572, 625229010, 3.73878317, 0.27, 3.332, -217566.528, -616.371082, 6.59522663, 0, 4.99748062e+16, 0.0576078792, 0.0582696914, 0, 0
10.8822916, 0, 0, 5e+16, 0, 2.5803654e-14, 3.718e+18, 6.44e+20, 4.85, 4, 163.434539, 19.7202165, 0.866667, 1015856.27, 2.1193551e+20, 1.81571841e+14, 7.50083051e+10, 616.510948, -161.399935, -165.192679, 5e+16, 4.7141532e+18, -1014775.93, 46774.8348, 367.253743, 19.7202165, 66.981173, 0.866667, 0.866667, 5e+16, 0.0107349856, 616.500215, 0.315998345, 616.511395, -616.464515, -0.010730347, -616.475693, 6.60528237, 0.000312016783, 6.60564013, 0, 1.5992675e-08, 1.5992675e-08, 625563108, 625344514, 3.74505912, 0.27, 3.332, -218597.588, -616.475245, 6.60559438, 0, 4.99748027e+16, 0.0576921283, 0.0583505997, 0, 0
10.8886719, 0, 0, 5e+16, 0, 2.58278543e-14, 3.718e+18, 6.44e+20, 4.85, 4, 164.082318, 19.6983937, 0.866667, 1016971.26, 2.12560611e+20, 1.79181821e+14, 7.63384174e+10, 606.710836, -162.048137, -165.841004, 5e+16, 4.79500862e+18, -1015897.88, 46646.8189, 367.258235, 19.6983937, 66.9796929, 0.866667, 0.866667, 5e+16, 0.0109305738, 606.699908, 0.314080994, 606.711285, -606.676036, -0.0109258874, -606.68741, 5.36092293, 0.000316444631, 5.36128461, 0, 1.59929528e-08, 1.59929528e-08, 616338193, 616191585, 3.80896315, 0.27, 3.332, -146613.121, -606.686961, 5.36123938, 0, 4.99751535e+16, 0.0588155346, 0.0594765288, 0, 0
10.8891276, 0, 0, 5e+16, 0, 2.58295804e-14, 3.718e+18, 6.44e+20, 4.85, 4, 164.128651, 19.6968495, 0.866667, 1017050.2, 2.12963737e+20, 1.79251491e+14, 7.64278099e+10, 606.779422, -162.094458, -165.887374, 5e+16, 4.80302898e+18, -1015977.45, 46637.4724, 367.258555, 19.6968495, 66.9795876, 0.866667, 0.866667, 5e+16, 0.0109501364, 606.768475, 0.314089328, 606.779872, -606.744587, -0.0109454387, -606.75598, 5.36665308, 0.000317125403, 5.3670154, 0, 1.59929726e-08, 1.59929726e-08, 616418799, 616271363, 3.81531761, 0.27, 3.332, -147440.706, -606.755531, 5.36697021, 0, 4.99751513e+16, 0.0588982731, 0.0595585979, 0, 0
10.8955079, 0, 0, 5e+16, 0, 2.58537872e-14, 3.718e+18, 6.44e+20, 4.85, 4, 164.777195, 19.6751566, 0.866667, 1018160.85, 2.14326601e+20, 1.77431292e+14, 7.7776515e+10, 599.304234, -162.74333, -166.536462, 5e+16, 4.88502216e+18, -1017094.88, 46512.4981, 367.263045, 19.6751566, 66.9793445, 0.866667, 0.866667, 5e+16, 0.0111486904, 599.293087, 0.312585386, 599.304684, -599.277318, -0.0111439444, -599.288912, 4.33637397, 0.000321608014, 4.33674025, 0, 1.59932502e-08, 1.59932502e-08, 609532875, 609436393, 3.88016306, 0.27, 3.332, -96485.0414, -599.288462, 4.33669558, 0, 4.99754183e+16, 0.0600218107, 0.0607006144, 0, 0
10.8959636, 0, 0, 5e+16, 0, 2.5855513e-14, 3.718e+18, 6.44e+20, 4.85, 4, 164.823582, 19.6736221, 0.866667, 1018239.47, 2.14687581e+20, 1.774743e+14, 7.78671805e+10, 599.348077, -162.78971, -166.582885, 5e+16, 4.89314421e+18, -1017174.12, 46503.3158, 367.263366, 19.6736221, 66.9792394, 0.866667, 0.866667, 5e+16, 0.0111685311, 599.336911, 0.312591647, 599.348527, -599.321135, -0.0111637737, -599.332749, 4.33875078, 0.000322297408, 4.33911771, 0, 1.599327e-08, 1.599327e-08, 609588447, 609491309, 3.88659783, 0.27, 3.332, -97142.0343, -599.332299, 4.33907307, 0, 4.9975417e+16, 0.0601040878, 0.0607838327, 0, 0
10.9023438, 0, 0, 5e+16, 0, 2.58797227e-14, 3.718e+18, 6.44e+20, 4.85, 4, 165.472879, 19.6520685, 0.866667, 1019345.52, 2.16653251e+20, 1.76098641e+14, 7.92345128e+10, 593.680626, -163.439257, -167.232723, 5e+16, 4.9762768e+18, -1018286.79, 46380.9555, 367.267851, 19.6520685, 66.9777679, 0.866667, 0.866667, 5e+16, 0.0113700625, 593.669259, 0.311420927, 593.681078, -593.659019, -0.0113652565, -593.670836, 3.48179076, 0.000326834773, 3.48216171, 0, 1.59935474e-08, 1.59935474e-08, 604522513, 604461258, 3.95237636, 0.27, 3.332, -61258.1867, -593.670385, 3.48211759, 0, 4.99756188e+16, 0.0612345735, 0.0619417285, 0, 0
10.9027995, 0, 0, 5e+16, 0, 2.58814482e-14, 3.718e+18, 6.44e+20, 4.85, 4, 165.51932, 19.6505439, 0.866667, 1019423.83, 2.1698663e+20, 1.76124319e+14, 7.93264667e+10, 593.707704, -163.485694, -167.2792, 5e+16, 4.98450242e+18, -1018365.71, 46371.9333, 367.268171, 19.6505439, 66.9777771, 0.866667, 0.866667, 5e+16, 0.0113901844, 593.696317, 0.311425723, 593.708156, -593.686077, -0.0113853669, -593.697914, 3.48177976, 0.000327532858, 3.48215137, 0, 1.59935672e-08, 1.59935672e-08, 604561077, 604499302, 3.95889305, 0.27, 3.332, -61777.9625, -593.697463, 3.48210729, 0, 4.9975618e+16, 0.0613170044, 0.0620260925, 0, 0
10.9091797, 0, 0, 5e+16, 0, 2.59056588e-14, 3.718e+18, 6.44e+20, 4.85, 4, 166.169375, 19.6291318, 0.866667, 1020525.23, 2.19448018e+20, 1.75095617e+14, 8.0712495e+10, 589.447681, -164.13594, -167.929794, 5e+16, 5.06877815e+18, -1019473.6, 46251.9272, 367.272652, 19.6291318, 66.9750637, 0.866667, 0.866667, 5e+16, 0.0115947078, 589.436089, 0.310525582, 589.448134, -589.429591, -0.0115898411, -589.441634, 2.76594903, 0.00033212553, 2.76632471, 0, 1.59938443e-08, 1.59938443e-08, 600913266, 600876513, 4.02560034, 0.27, 3.332, -36756.7714, -589.44118, 2.76628115, 0, 4.99757691e+16, 0.0624587343, 0.0631998609, 0, 0
10.9096354, 0, 0, 5e+16, 0, 2.5907384e-14, 3.718e+18, 6.44e+20, 4.85, 4, 166.21587, 19.6276171, 0.866667, 1020603.21, 2.19764223e+20, 1.75110482e+14, 8.08057527e+10, 589.463816, -164.182432, -167.976325, 5e+16, 5.07710908e+18, -1019552.18, 46243.0605, 367.272971, 19.6276171, 66.974959, 0.866667, 0.866667, 5e+16, 0.0116151144, 589.452205, 0.310529397, 589.46427, -589.445712, -0.011610236, -589.457775, 2.76427421, 0.000332832369, 2.76465056, 0, 1.59938641e-08, 1.59938641e-08, 600940695, 600903530, 4.0322004, 0.27, 3.332, -37168.9422, -589.457322, 2.76460704, 0, 4.99757687e+16, 0.0625416933, 0.0632853745, 0, 0
10.9160156, 0, 0, 5e+16, 0, 2.59315936e-14, 3.718e+18, 6.44e+20, 4.85, 4, 166.866681, 19.6063464, 0.866667, 1021699.97, 2.22635952e+20, 1.74352747e+14, 8.22105711e+10, 586.300719, -164.833385, -168.627673, 5e+16, 5.16253329e+18, -1020655.29, 46125.2261, 367.277448, 19.6063464, 66.9734872, 0.866667, 0.866667, 5e+16, 0.011822652, 586.2889, 0.309850241, 586.301174, -586.284906, -0.0118177239, -586.297178, 2.16381911, 0.00033748092, 2.16419958, 0, 1.59941409e-08, 1.59941409e-08, 598399123, 598379118, 4.09983517, 0.27, 3.332, -20009.2111, -586.296723, 2.1641566, 0, 4.99758802e+16, 0.0636973603, 0.0644750935, 0, 0
10.9164713, 0, 0, 5e+16, 0, 2.59333185e-14, 3.718e+18, 6.44e+20, 4.85, 4, 166.91323, 19.6048414, 0.866667, 1021777.65, 2.2294255e+20, 1.74361357e+14, 8.2305148e+10, 586.310128, -164.879932, -168.674257, 5e+16, 5.17097116e+18, -1020733.55, 46116.5106, 367.277767, 19.6048414, 66.9733826, 0.866667, 0.866667, 5e+16, 0.0118433465, 586.298288, 0.309853447, 586.310583, -586.294303, -0.0118384065, -586.306596, 2.16102162, 0.00033819659, 2.16140277, 0, 1.59941606e-08, 1.59941606e-08, 598419680, 598399347, 4.10651995, 0.27, 3.332, -20338.291, -586.30614, 2.16135982, 0, 4.99758799e+16, 0.0637810803, 0.0645617624, 0, 0
10.9228516, 0, 0, 5e+16, 0, 2.59575262e-14, 3.718e+18, 6.44e+20, 4.85, 4, 167.564804, 19.5837102, 0.866667, 1022869.86, 2.26156821e+20, 1.73815345e+14, 8.37288653e+10, 584.002879, -165.53161, -169.326363, 5e+16, 5.25755009e+18, -1021831.99, 46000.7352, 367.28224, 19.5837102, 66.9731628, 0.866667, 0.866667, 5e+16, 0.0120539166, 583.990828, 0.309355586, 584.003335, -583.988482, -0.0120489265, -584.000987, 1.65544086, 0.000342902045, 1.65582619, 0, 1.59944372e-08, 1.59944372e-08, 596741985, 596733115, 4.17508296, 0.27, 3.332, -8874.38003, -584.000531, 1.65578377, 0, 4.99759606e+16, 0.0649523734, 0.0657675573, 0, 0
10.9233073, 0, 0, 5e+16, 0, 2.59592509e-14, 3.718e+18, 6.44e+20, 4.85, 4, 167.611405, 19.5822149, 0.866667, 1022947.22, 2.26459338e+20, 1.73820877e+14, 8.38247755e+10, 584.008579, -165.578211, -169.373001, 5e+16, 5.2660963e+18, -1021909.92, 45992.1675, 367.282559, 19.5822149, 66.9730584, 0.866667, 0.866667, 5e+16, 0.0120749026, 583.996508, 0.309358458, 584.009035, -583.994171, -0.0120699004, -584.006697, 1.65192268, 0.000343626614, 1.6523087, 0, 1.59944569e-08, 1.59944569e-08, 596758730, 596749595, 4.1818536, 0.27, 3.332, -9139.87989, -584.006241, 1.65226632, 0, 4.99759604e+16, 0.0650370097, 0.0658553918, 0, 0
10.9296875, 0, 0, 5e+16, 0, 2.59834549e-14, 3.718e+18, 6.44e+20, 4.85, 4, 168.263718, 19.5612213, 0.866667, 1024034.94, 2.29961956e+20, 1.73440376e+14, 8.5267491e+10, 582.369549, -166.230598, -170.025845, 5e+16, 5.35383568e+18, -1023003.74, 45878.366, 367.287026, 19.5612213, 66.9715933, 0.866667, 0.866667, 5e+16, 0.0122885314, 582.357265, 0.30900982, 582.370006, -582.355976, -0.0122834786, -582.368718, 1.22464824, 0.000348389851, 1.22503849, 0, 1.59947331e-08, 1.59947331e-08, 595756131, 595754334, 4.2513462, 0.27, 3.332, -1801.05659, -582.36826, 1.22499663, 0, 4.99760169e+16, 0.0662250003, 0.0670774181, 0, 0
10.9301432, 0, 0, 5e+16, 0, 2.59851793e-14, 3.718e+18, 6.44e+20, 4.85, 4, 168.310373, 19.5597356, 0.866667, 1024111.99, 2.30264441e+20, 1.73445022e+14, 8.53647484e+10, 582.37367, -166.277252, -170.072535, 5e+16, 5.36249158e+18, -1023081.36, 45869.943, 367.287344, 19.5597356, 66.971374, 0.866667, 0.866667, 5e+16, 0.0123098122, 582.361365, 0.309012551, 582.374127, -582.360085, -0.0123047473, -582.372848, 1.22070597, 0.000349123396, 1.22109691, 0, 1.59947528e-08, 1.59947528e-08, 595771230, 595769217, 4.2582038, 0.27, 3.332, -2018.08206, -582.372391, 1.22105509, 0, 4.99760168e+16, 0.0663106583, 0.0671664282, 0, 0
10.9365234, 0, 0, 5e+16, 0, 2.60093793e-14, 3.718e+18, 6.44e+20, 4.85, 4, 168.963433, 19.5388768, 0.866667, 1025195.32, 2.3401243e+20, 1.73193914e+14, 8.68265727e+10, 581.256712, -166.930361, -170.726122, 5e+16, 5.45139784e+18, -1024170.68, 45758.0641, 367.291806, 19.5388768, 66.9686556, 0.866667, 0.866667, 5e+16, 0.0125265233, 581.24419, 0.308786994, 581.257171, -581.243554, -0.0125214071, -581.256534, 0.858453295, 0.000353945637, 0.85884853, 0, 1.59950288e-08, 1.59950288e-08, 595296522, 595298877, 4.32862869, 0.27, 3.332, 2349.69941, -581.256076, 0.858807241, 0, 4.99760544e+16, 0.0675160259, 0.0684048554, 0, 0
10.9369791, 0, 0, 5e+16, 0, 2.60111034e-14, 3.718e+18, 6.44e+20, 4.85, 4, 169.010141, 19.5374004, 0.866667, 1025272.07, 2.34317843e+20, 1.73199155e+14, 8.69251936e+10, 581.260727, -166.977069, -170.772866, 5e+16, 5.46016493e+18, -1024247.99, 45749.783, 367.292124, 19.5374004, 66.9685512, 0.866667, 0.866667, 5e+16, 0.0125481024, 581.248183, 0.308789711, 581.261186, -581.247555, -0.0125429739, -581.260557, 0.854303095, 0.000354688253, 0.854699032, 0, 1.59950485e-08, 1.59950485e-08, 595311480, 595313654, 4.33557443, 0.27, 3.332, 2169.63856, -581.260099, 0.854657783, 0, 4.99760542e+16, 0.067602782, 0.0684950524, 0, 0
10.9433594, 0, 0, 5e+16, 0, 2.60352994e-14, 3.718e+18, 6.44e+20, 4.85, 4, 169.663953, 19.516674, 0.866667, 1026351.11, 2.38276802e+20, 1.73049226e+14, 8.84062761e+10, 580.551767, -167.630913, -171.427204, 5e+16, 5.55024692e+18, -1025332.9, 45639.7706, 367.296582, 19.516674, 66.9670873, 0.866667, 0.866667, 5e+16, 0.0127679212, 580.539004, 0.30866578, 580.552227, -580.538745, -0.0127627408, -580.551968, 0.546176112, 0.000359570557, 0.546576401, 0, 1.59953241e-08, 1.59953241e-08, 595249651, 595254064, 4.40693675, 0.27, 3.332, 4408.27843, -580.551508, 0.546535682, 0, 4.99760771e+16, 0.0688259393, 0.0697500333, 0, 0
10.9438151, 0, 0, 5e+16, 0, 2.60370232e-14, 3.718e+18, 6.44e+20, 4.85, 4, 169.710714, 19.5152068, 0.866667, 1026427.57, 2.38587289e+20, 1.73056034e+14, 8.85062756e+10, 580.556666, -167.677673, -171.474, 5e+16, 5.55912655e+18, -1025409.91, 45631.629, 367.296899, 19.5152068, 66.966983, 0.866667, 0.866667, 5e+16, 0.0127898023, 580.543881, 0.308668559, 580.557126, -580.543628, -0.0127846095, -580.556873, 0.541974223, 0.000360322344, 0.542375225, 0, 1.59953437e-08, 1.59953437e-08, 595265484, 595269745, 4.41397173, 0.27, 3.332, 4256.55265, -580.556413, 0.542334546, 0, 4.99760769e+16, 0.0689138526, 0.0698414295, 0, 0
10.9501954, 0, 0, 5e+16, 0, 2.60612143e-14, 3.718e+18, 6.44e+20, 4.85, 4, 170.365266, 19.49461, 0.866667, 1027502.41, 2.42729945e+20, 1.72985182e+14, 9.00067481e+10, 580.166551, -168.332243, -172.129075, 5e+16, 5.65039205e+18, -1026490.52, 45523.4501, 367.301351, 19.49461, 66.9667805, 0.866667, 0.866667, 5e+16, 0.0130127549, 580.153543, 0.308628593, 580.167012, -580.153473, -0.0130075097, -580.166942, 0.279212255, 0.00036526603, 0.279617669, 0, 1.5995619e-08, 1.5995619e-08, 595526552, 595531546, 4.48627625, 0.27, 3.332, 4989.79275, -580.166481, 0.279577521, 0, 4.99760883e+16, 0.0701551103, 0.0711131601, 0, 0
10.9506511, 0, 0, 5e+16, 0, 2.60629377e-14, 3.718e+18, 6.44e+20, 4.85, 4, 170.412079, 19.4931519, 0.866667, 1027578.58, 2.43047043e+20, 1.72994157e+14, 9.010814e+10, 580.172973, -168.379055, -172.175923, 5e+16, 5.65938545e+18, -1026567.22, 45515.446, 367.301668, 19.4931519, 66.9666764, 0.866667, 0.866667, 5e+16, 0.0130349417, 580.159943, 0.308631472, 580.173434, -580.159877, -0.0130296839, -580.173368, 0.275069168, 0.000366027075, 0.275475302, 0, 1.59956387e-08, 1.59956387e-08, 595543919, 595548783, 4.49340142, 0.27, 3.332, 4859.95607, -580.172907, 0.275435195, 0, 4.9976088e+16, 0.0702442276, 0.071205768, 0, 0
10.9570313, 0, 0, 5e+16, 0, 2.60871234e-14, 3.718e+18, 6.44e+20, 4.85, 4, 171.067359, 19.4726826, 0.866667, 1028649.32, 2.47351528e+20, 1.72985069e+14, 9.16281164e+10, 580.031913, -169.034341, -172.831722, 5e+16, 5.75184121e+18, -1027643.62, 45409.0651, 367.306115, 19.4726826, 66.9652183, 0.866667, 0.866667, 5e+16, 0.013261055, 580.018657, 0.308660875, 580.032375, -580.018652, -0.0132557442, -580.03237, 0.0504171452, 0.00037103319, 0.0508277521, 0, 1.59959136e-08, 1.59959136e-08, 596057374, 596061923, 4.56665241, 0.27, 3.332, 4543.91834, -580.031908, 0.0507881785, 0, 4.99760903e+16, 0.0715037808, 0.0724944215, 0, 0
10.957487, 0, 0, 5e+16, 0, 2.60888466e-14, 3.718e+18, 6.44e+20, 4.85, 4, 171.114225, 19.4712332, 0.866667, 1028725.21, 2.47676324e+20, 1.7299655e+14, 9.17309165e+10, 580.040241, -169.081205, -172.878622, 5e+16, 5.76094973e+18, -1027720.03, 45401.1969, 367.306432, 19.4712332, 66.96523, 0.866667, 0.866667, 5e+16, 0.0132835511, 580.026963, 0.308663863, 580.040703, -580.02696, -0.0132782276, -580.040701, 0.046409568, 0.000371803604, 0.0468209052, 0, 1.59959332e-08, 1.59959332e-08, 596076676, 596081112, 4.57386886, 0.27, 3.332, 4431.20753, -580.040239, 0.0467813716, 0, 4.997609e+16, 0.07159414, 0.0725882533, 0, 0
10.9638672, 0, 0, 5e+16, 0, 2.61130271e-14, 3.718e+18, 6.44e+20, 4.85, 4, 171.770239, 19.4508884, 0.866667, 1029791.95, 2.52125423e+20, 1.73035605e+14, 9.32705336e+10, 580.093499, -169.737217, -173.535154, 5e+16, 5.85460387e+18, -1028792.32, 45296.5992, 367.310873, 19.4508884, 66.962511, 0.866667, 0.866667, 5e+16, 0.0135128504, 580.079992, 0.308750447, 580.093963, -580.079972, -0.0135074731, -580.093943, -0.145979923, 0.000376873628, -0.145564051, 0, 1.59962078e-08, 1.59962078e-08, 596787149, 596790559, 4.64807192, 0.27, 3.332, 3405.92006, -580.093479, -0.145603049, 0, 4.99760853e+16, 0.0728721564, 0.0738940267, 0, 0
10.9643229, 0, 0, 5e+16, 0, 2.611475e-14, 3.718e+18, 6.44e+20, 4.85, 4, 171.817156, 19.4494478, 0.866667, 1029867.56, 2.52458658e+20, 1.73049743e+14, 9.33747583e+10, 580.103934, -169.784132, -173.582106, 5e+16, 5.86382894e+18, -1028868.45, 45288.8655, 367.31119, 19.4494478, 66.9624073, 0.866667, 0.866667, 5e+16, 0.0135356601, 580.090405, 0.30875353, 580.104399, -580.090385, -0.01353027, -580.104379, -0.149800988, 0.000377653532, -0.149384377, 0, 1.59962274e-08, 1.59962274e-08, 596808599, 596811910, 4.65538077, 0.27, 3.332, 3306.79956, -580.103915, -0.149423335, 0, 4.99760849e+16, 0.0729637913, 0.0739890967, 0, 0
10.9707031, 0, 0, 5e+16, 0, 2.6138925e-14, 3.718e+18, 6.44e+20, 4.85, 4, 172.473902, 19.4292251, 0.866667, 1030930.38, 2.57038511e+20, 1.73126249e+14, 9.4934163e+10, 580.308501, -170.440868, -174.239367, 5e+16, 5.95869023e+18, -1029936.72, 45186.0275, 367.315626, 19.4292251, 66.9609512, 0.866667, 0.866667, 5e+16, 0.0137681753, 580.294738, 0.308887038, 580.308966, -580.294652, -0.0137627306, -580.30888, -0.314856213, 0.000382788735, -0.314435004, 0, 1.59965018e-08, 1.59965018e-08, 597672547, 597674370, 4.73054223, 0.27, 3.332, 1817.81125, -580.308415, -0.314473425, 0, 4.99760748e+16, 0.0742604032, 0.0753121827, 0, 0
10.9711588, 0, 0, 5e+16, 0, 2.61406475e-14, 3.718e+18, 6.44e+20, 4.85, 4, 172.520872, 19.427793, 0.866667, 1031005.73, 2.57380667e+20, 1.73143063e+14, 9.50398293e+10, 580.321115, -170.487836, -174.286372, 5e+16, 5.96803332e+18, -1030012.57, 45178.4272, 367.315942, 19.427793, 66.9608476, 0.866667, 0.866667, 5e+16, 0.0137913022, 580.307329, 0.308890184, 580.32158, -580.307242, -0.0137858446, -580.321493, -0.31845823, 0.00038357826, -0.318036272, 0, 1.59965213e-08, 1.59965213e-08, 597696228, 597697963, 4.73794464, 0.27, 3.332, 1729.68665, -580.321027, -0.318074653, 0, 4.99760742e+16, 0.0743533406, 0.0754085029, 0, 0
10.9775391, 0, 0, 5e+16, 0, 2.61648176e-14, 3.718e+18, 6.44e+20, 4.85, 4, 173.178357, 19.4076897, 0.866667, 1032064.75, 2.62080401e+20, 1.73248576e+14, 9.66191668e+10, 580.643126, -171.145305, -174.944369, 5e+16, 6.06411043e+18, -1031076.94, 45077.3437, 367.320373, 19.4076897, 66.9606588, 0.866667, 0.866667, 5e+16, 0.014027056, 580.629104, 0.309061905, 580.643592, -580.628922, -0.0140215432, -580.64341, -0.460147471, 0.000388780291, -0.459720848, 0, 1.59967953e-08, 1.59967953e-08, 598679313, 598679278, 4.81407087, 0.27, 3.332, -39.7508445, -580.642943, -0.459758691, 0, 4.99760599e+16, 0.0756686667, 0.0767490954, 0, 0
10.9779948, 0, 0, 5e+16, 0, 2.61665398e-14, 3.718e+18, 6.44e+20, 4.85, 4, 173.225378, 19.4062659, 0.866667, 1032139.83, 2.62431764e+20, 1.73267992e+14, 9.67262909e+10, 580.6579, -171.192323, -174.991424, 5e+16, 6.07357289e+18, -1031152.52, 45069.8765, 367.320688, 19.4062659, 66.9605553, 0.866667, 0.866667, 5e+16, 0.0140505046, 580.643855, 0.30906507, 580.658366, -580.643671, -0.0140449787, -580.658182, -0.463511821, 0.000389579568, -0.463084439, 0, 1.59968149e-08, 1.59968149e-08, 598705214, 598705100, 4.8215679, 0.27, 3.332, -118.800248, -580.657716, -0.463122242, 0, 4.99760592e+16, 0.0757629325, 0.0768466803, 0, 0
10.984375, 0, 0, 5e+16, 0, 2.61907042e-14, 3.718e+18, 6.44e+20, 4.85, 4, 173.883579, 19.3862799, 0.866667, 1033195.11, 2.67242541e+20, 1.73395854e+14, 9.83256785e+10, 581.070644, -171.850505, -175.650136, 5e+16, 6.1708728e+18, -1032213.06, 44970.5395, 367.325114, 19.3862799, 66.9591041, 0.866667, 0.866667, 5e+16, 0.0142895259, 581.056361, 0.309267602, 581.071112, -581.056066, -0.0142839441, -581.070817, -0.585214448, 0.000394849836, -0.584782336, 0, 1.59970885e-08, 1.59970885e-08, 599780337, 599778302, 4.89866405, 0.27, 3.332, -2038.88553, -581.07035, -0.584819599, 0, 4.99760417e+16, 0.0770970921, 0.0782049789, 0, 0
10.9848307, 0, 0, 5e+16, 0, 2.61924261e-14, 3.718e+18, 6.44e+20, 4.85, 4, 173.930652, 19.3848642, 0.866667, 1033269.94, 2.67603258e+20, 1.73417741e+14, 9.84342764e+10, 581.0875, -171.897575, -175.697243, 5e+16, 6.18045602e+18, -1032288.37, 44963.2051, 367.32543, 19.3848642, 66.9588844, 0.866667, 0.866667, 5e+16, 0.0143133003, 581.073193, 0.309270734, 581.087968, -581.072895, -0.0143077052, -581.08767, -0.588332343, 0.000395659, -0.587899463, 0, 1.5997108e-08, 1.5997108e-08, 599808385, 599806279, 4.90625681, 0.27, 3.332, -2110.29427, -581.087203, -0.587936684, 0, 4.99760409e+16, 0.0771927073, 0.0783038413, 0, 0
10.9912109, 0, 0, 5e+16, 0, 2.62165851e-14, 3.718e+18, 6.44e+20, 4.85, 4, 174.589577, 19.3649933, 0.866667, 1034321.6, 2.72518251e+20, 1.73562662e+14, 1.00053828e+11, 581.569847, -172.556477, -176.356674, 5e+16, 6.2789855e+18, -1033345.17, 44865.6216, 367.32985, 19.3649933, 66.9561673, 0.866667, 0.866667, 5e+16, 0.0145556126, 581.555297, 0.309497721, 581.570316, -581.554884, -0.0145499608, -581.569903, -0.692767722, 0.000400999286, -0.692330042, 0, 1.59973814e-08, 1.59973814e-08, 600954066, 600949988, 4.98432797, 0.27, 3.332, -4083.83875, -581.569435, -0.692366723, 0, 4.99760209e+16, 0.078545819, 0.0796800477, 0, 0
10.9916666, 0, 0, 5e+16, 0, 2.62183067e-14, 3.718e+18, 6.44e+20, 4.85, 4, 174.636702, 19.3635857, 0.866667, 1034396.17, 2.72888364e+20, 1.73586851e+14, 1.00163919e+11, 581.588666, -172.603598, -176.403833, 5e+16, 6.28869113e+18, -1033420.22, 44858.4198, 367.330165, 19.3635857, 66.9560639, 0.866667, 0.866667, 5e+16, 0.0145797172, 581.574093, 0.309500761, 581.589135, -581.573676, -0.0145740519, -581.588719, -0.695638014, 0.000401818494, -0.695199556, 0, 1.59974009e-08, 1.59974009e-08, 600984146, 600980003, 4.99201774, 0.27, 3.332, -4148.69327, -581.588251, -0.695236197, 0, 4.99760201e+16, 0.0786428026, 0.0797802008, 0, 0
10.9980469, 0, 0, 5e+16, 0, 2.62424606e-14, 3.718e+18, 6.44e+20, 4.85, 4, 175.296357, 19.3438275, 0.866667, 1035444.26, 2.77901988e+20, 1.73744656e+14, 1.01803777e+11, 582.123874, -173.263229, -177.063994, 5e+16, 6.38845867e+18, -1034473.36, 44762.5817, 367.33458, 19.3438275, 66.9546153, 0.866667, 0.866667, 5e+16, 0.014825344, 582.109055, 0.30974674, 582.124344, -582.108526, -0.0148196212, -582.123815, -0.785209519, 0.000407230402, -0.784766191, 0, 1.59976739e-08, 1.59976739e-08, 602183356, 602177250, 5.07107039, 0.27, 3.332, -6110.7067, -582.123346, -0.784802289, 0, 4.99759982e+16, 0.0800149572, 0.0811744905, 0, 0
10.9985026, 0, 0, 5e+16, 0, 2.62441819e-14, 3.718e+18, 6.44e+20, 4.85, 4, 175.343533, 19.3424278, 0.866667, 1035518.59, 2.78281461e+20, 1.73770953e+14, 1.01915379e+11, 582.144515, -173.310401, -177.111204, 5e+16, 6.39828825e+18, -1034548.16, 44755.5129, 367.334894, 19.3424278, 66.954512, 0.866667, 0.866667, 5e+16, 0.0148497833, 582.129672, 0.309749629, 582.144985, -582.129138, -0.0148440469, -582.144452, -0.787835653, 0.000408059817, -0.787391537, 0, 1.59976933e-08, 1.59976933e-08, 602215328, 602209163, 5.0788584, 0.27, 3.332, -6169.8026, -582.143982, -0.787427594, 0, 4.99759973e+16, 0.0801133269, 0.0812759485, 0, 0
11.0048829, 0, 0, 5e+16, 0, 2.62683305e-14, 3.718e+18, 6.44e+20, 4.85, 4, 176.003908, 19.32278, 0.866667, 1036563.21, 2.8338946e+20, 1.73938307e+14, 1.03575651e+11, 582.719301, -173.970749, -177.772081, 5e+16, 6.49930022e+18, -1035597.73, 44661.428, 367.339304, 19.32278, 66.9543347, 0.866667, 0.866667, 5e+16, 0.0150987469, 582.704209, 0.310009895, 582.719772, -582.703567, -0.0150929523, -582.719131, -0.864454358, 0.000413545284, -0.864005299, 0, 1.59979661e-08, 1.59979661e-08, 603454537, 603446471, 5.15889743, 0.27, 3.332, -8071.2013, -582.71866, -0.864040813, 0, 4.9975974e+16, 0.0815046685, 0.0826885439, 0, 0
11.0053386, 0, 0, 5e+16, 0, 2.62700514e-14, 3.718e+18, 6.44e+20, 4.85, 4, 176.051134, 19.321388, 0.866667, 1036637.29, 2.83778201e+20, 1.7396651e+14, 1.03688781e+11, 582.741608, -174.017971, -177.819341, 5e+16, 6.50925523e+18, -1035672.27, 44654.4929, 367.339619, 19.321388, 66.9542315, 0.866667, 0.866667, 5e+16, 0.0151235256, 582.726491, 0.310012573, 582.742079, -582.725845, -0.0151177172, -582.741434, -0.866843449, 0.000414385056, -0.866393592, 0, 1.59979855e-08, 1.59979855e-08, 603488247, 603480127, 5.16678484, 0.27, 3.332, -8125.18193, -582.740962, -0.866429065, 0, 4.9975973e+16, 0.0816044408, 0.0827913208, 0, 0
11.0117188, 0, 0, 5e+16, 0, 2.62941944e-14, 3.718e+18, 6.44e+20, 4.85, 4, 176.712215, 19.3018489, 0.866667, 1037678.51, 2.88977081e+20, 1.74140772e+14, 1.05369541e+11, 583.345408, -174.679025, -178.480921, 5e+16, 6.61151605e+18, -1036718.34, 44562.1633, 367.344024, 19.3018489, 66.9527873, 0.866667, 0.866667, 5e+16, 0.0153758475, 583.330038, 0.310283076, 583.34588, -583.329292, -0.0153699799, -583.345134, -0.93220992, 0.000419945761, -0.931755046, 0, 1.59982579e-08, 1.59982579e-08, 604756685, 604746754, 5.24781358, 0.27, 3.332, -9936.988, -583.344662, -0.931789973, 0, 4.99759487e+16, 0.0830150898, 0.0842224193, 0, 0
11.0121745, 0, 0, 5e+16, 0, 2.6295915e-14, 3.718e+18, 6.44e+20, 4.85, 4, 176.759492, 19.3004645, 0.866667, 1037752.36, 2.89374969e+20, 1.74170676e+14, 1.05484219e+11, 583.36922, -174.726297, -178.528232, 5e+16, 6.62159816e+18, -1036792.63, 44555.3628, 367.344338, 19.3004645, 66.9528012, 0.866667, 0.866667, 5e+16, 0.0154009703, 583.353825, 0.310285485, 583.369692, -583.353074, -0.0153950888, -583.368942, -0.934370952, 0.000420796072, -0.933915268, 0, 1.59982773e-08, 1.59982773e-08, 604791972, 604781992, 5.25580172, 0.27, 3.332, -9986.34923, -583.368469, -0.933950155, 0, 4.99759477e+16, 0.0831162795, 0.0843265292, 0, 0
11.0185547, 0, 0, 5e+16, 0, 2.63200529e-14, 3.718e+18, 6.44e+20, 4.85, 4, 177.421287, 19.2810318, 0.866667, 1038790.27, 2.9466224e+20, 1.74349712e+14, 1.07185554e+11, 583.993589, -175.388064, -179.190525, 5e+16, 6.7251129e+18, -1037835.31, 44464.8093, 367.348737, 19.2810318, 66.9500876, 0.866667, 0.866667, 5e+16, 0.0156566678, 583.977939, 0.31056271, 583.994062, -583.977098, -0.0156507261, -583.993222, -0.989815223, 0.00042643425, -0.989354439, 0, 1.59985494e-08, 1.59985494e-08, 606081018, 606069337, 5.33782412, 0.27, 3.332, -11686.0442, -583.992749, -0.989388786, 0, 4.99759227e+16, 0.0845463937, 0.0857763581, 0, 0
11.0190104, 0, 0, 5e+16, 0, 2.63217732e-14, 3.718e+18, 6.44e+20, 4.85, 4, 177.468615, 19.2796549, 0.866667, 1038863.89, 2.95069127e+20, 1.74381114e+14, 1.073018e+11, 584.018745, -175.435387, -179.237886, 5e+16, 6.73532393e+18, -1037909.37, 44458.1447, 367.34905, 19.2796549, 66.9499848, 0.866667, 0.866667, 5e+16, 0.0156821403, 584.00307, 0.310564795, 584.019218, -584.002224, -0.0156761845, -584.018374, -0.991758782, 0.000427295292, -0.991297177, 0, 1.59985688e-08, 1.59985688e-08, 606117720, 606105995, 5.34591442, 0.27, 3.332, -11731.2066, -584.017901, -0.991331484, 0, 4.99759217e+16, 0.084649017, 0.0858818175, 0, 0
11.0253906, 0, 0, 5e+16, 0, 2.63459059e-14, 3.718e+18, 6.44e+20, 4.85, 4, 178.131122, 19.2603264, 0.866667, 1039898.58, 3.00442714e+20, 1.74563233e+14, 1.09023797e+11, 584.656927, -176.097865, -179.900888, 5e+16, 6.84009757e+18, -1038948.72, 44369.3781, 367.353445, 19.2603264, 66.9485433, 0.866667, 0.866667, 5e+16, 0.0159412343, 584.640993, 0.31084568, 584.657402, -584.640068, -0.0159352172, -584.656477, -1.03851801, 0.000433013002, -1.03805123, 0, 1.59988406e-08, 1.59988406e-08, 607420477, 607407173, 5.42893431, 0.27, 3.332, -13309.1574, -584.656003, -1.03808499, 0, 4.99758962e+16, 0.0860987556, 0.0873506038, 0, 0
11.0258463, 0, 0, 5e+16, 0, 2.63476259e-14, 3.718e+18, 6.44e+20, 4.85, 4, 178.178501, 19.2589568, 0.866667, 1039971.97, 3.0085844e+20, 1.74595937e+14, 1.09141632e+11, 584.683269, -176.145238, -179.948301, 5e+16, 6.8504394e+18, -1039022.54, 44362.8514, 367.353759, 19.2589568, 66.9484406, 0.866667, 0.866667, 5e+16, 0.0159670613, 584.667309, 0.310847384, 584.683744, -584.66638, -0.01596103, -584.682815, -1.040255, 0.000433884987, -1.03978739, 0, 1.599886e-08, 1.599886e-08, 607458436, 607445091, 5.43712827, 0.27, 3.332, -13350.4433, -584.682341, -1.03982111, 0, 4.99758951e+16, 0.0862028259, 0.087457427, 0, 0
11.0322266, 0, 0, 5e+16, 0, 2.6371754e-14, 3.718e+18, 6.44e+20, 4.85, 4, 178.841727, 19.23973, 0.866667, 1041003.55, 3.0631694e+20, 1.74779754e+14, 1.10884357e+11, 585.329808, -176.808434, -180.612019, 5e+16, 6.95647597e+18, -1040058.68, 44275.9007, 367.358148, 19.23973, 66.9482735, 0.866667, 0.866667, 5e+16, 0.0162295627, 585.313586, 0.311129204, 585.330284, -585.312588, -0.0162234692, -585.329287, -1.07927376, 0.000439684789, -1.07880091, 0, 1.59991314e-08, 1.59991314e-08, 608769316, 608754523, 5.52114877, 0.27, 3.332, -14798.5091, -585.328811, -1.07883408, 0, 4.99758694e+16, 0.0876723619, 0.0889454044, 0, 0
11.0326823, 0, 0, 5e+16, 0, 2.63734737e-14, 3.718e+18, 6.44e+20, 4.85, 4, 178.889156, 19.2383676, 0.866667, 1041076.72, 3.06741334e+20, 1.7481357e+14, 1.11003803e+11, 585.357184, -176.855857, -180.659481, 5e+16, 6.96695047e+18, -1040132.28, 44269.514, 367.358461, 19.2383676, 66.948171, 0.866667, 0.866667, 5e+16, 0.0162557503, 585.340936, 0.311130473, 585.35766, -585.339934, -0.0162496423, -585.356659, -1.0808154, 0.000440567925, -1.08034171, 0, 1.59991507e-08, 1.59991507e-08, 608808378, 608793547, 5.52944785, 0.27, 3.332, -14836.1929, -585.356183, -1.08037483, 0, 4.99758683e+16, 0.0877778951, 0.0890536089, 0, 0
11.0390625, 0, 0, 5e+16, 0, 2.63975963e-14, 3.718e+18, 6.44e+20, 4.85, 4, 179.553079, 19.2192407, 0.866667, 1042105.24, 3.12283519e+20, 1.74997976e+14, 1.12767284e+11, 586.007681, -177.519752, -181.323894, 5e+16, 7.07425123e+18, -1041165.26, 44184.4051, 367.362845, 19.2192407, 66.9467336, 0.866667, 0.866667, 5e+16, 0.0165216749, 585.991167, 0.311410803, 586.008157, -585.990106, -0.0165155036, -586.007097, -1.11298235, 0.00044645218, -1.11250332, 0, 1.59994219e-08, 1.59994219e-08, 610122885, 610106737, 5.61446991, 0.27, 3.332, -16154.2709, -586.006621, -1.11253589, 0, 4.99758425e+16, 0.0892674182, 0.0905610242, 0, 0
11.0395182, 0, 0, 5e+16, 0, 2.63993157e-14, 3.718e+18, 6.44e+20, 4.85, 4, 179.600558, 19.2178854, 0.866667, 1042178.2, 3.1271641e+20, 1.75032727e+14, 1.12888361e+11, 586.035946, -177.567226, -181.371406, 5e+16, 7.08486031e+18, -1041238.64, 44178.1611, 367.363157, 19.2178854, 66.9465137, 0.866667, 0.866667, 5e+16, 0.0165482286, 586.019405, 0.311411584, 586.036422, -586.018341, -0.0165420427, -586.035359, -1.11433946, 0.000447346689, -1.11385958, 0, 1.59994412e-08, 1.59994412e-08, 610162901, 610146719, 5.62287564, 0.27, 3.332, -16188.6091, -586.034882, -1.11389211, 0, 4.99758413e+16, 0.0893744285, 0.0906706262, 0, 0
11.0458984, 0, 0, 5e+16, 0, 2.64234335e-14, 3.718e+18, 6.44e+20, 4.85, 4, 180.265186, 19.1988563, 0.866667, 1043203.78, 3.18341608e+20, 1.75216797e+14, 1.14672602e+11, 586.686804, -178.231824, -182.036522, 5e+16, 7.19342541e+18, -1042268.59, 44094.9352, 367.367536, 19.1988563, 66.9438041, 0.866667, 0.866667, 5e+16, 0.0168175839, 586.669994, 0.311688217, 586.687281, -586.66888, -0.0168113335, -586.686169, -1.14031458, 0.000453318259, -1.13982928, 0, 1.5999712e-08, 1.5999712e-08, 611477344, 611459975, 5.70889934, 0.27, 3.332, -17375.4375, -586.685692, -1.13986126, 0, 4.99758156e+16, 0.0908841437, 0.0921977349, 0, 0
11.0463541, 0, 0, 5e+16, 0, 2.64251525e-14, 3.718e+18, 6.44e+20, 4.85, 4, 180.312716, 19.1975078, 0.866667, 1043276.53, 3.18782826e+20, 1.75252315e+14, 1.14795336e+11, 586.715819, -178.279348, -182.084085, 5e+16, 7.20417137e+18, -1042341.75, 44088.8365, 367.367849, 19.1975078, 66.9437017, 0.866667, 0.866667, 5e+16, 0.0168445099, 586.698982, 0.311688456, 586.716296, -586.697865, -0.0168382447, -586.715181, -1.14149812, 0.000454224389, -1.14101195, 0, 1.59997313e-08, 1.59997313e-08, 611518174, 611500774, 5.71741351, 0.27, 3.332, -17406.6557, -586.714704, -1.14104389, 0, 4.99758144e+16, 0.0909926458, 0.0923087517, 0, 0
11.0527344, 0, 0, 5e+16, 0, 2.64492659e-14, 3.718e+18, 6.44e+20, 4.85, 4, 180.978057, 19.1785742, 0.866667, 1044299.24, 3.24490421e+20, 1.75435315e+14, 1.1660036e+11, 587.364101, -178.944661, -182.749911, 5e+16, 7.3140018e+18, -1043368.73, 44007.52, 367.372222, 19.1785742, 66.942267, 0.866667, 0.866667, 5e+16, 0.0171173012, 587.346992, 0.311959374, 587.36458, -587.345837, -0.0171109702, -587.363426, -1.16197326, 0.000460286008, -1.16148159, 0, 1.60000018e-08, 1.60000018e-08, 612829537, 612811076, 5.80443961, 0.27, 3.332, -18467.2189, -587.362948, -1.16151297, 0, 4.99757888e+16, 0.0925227369, 0.0938557893, 0, 0
11.0531901, 0, 0, 5e+16, 0, 2.64509846e-14, 3.718e+18, 6.44e+20, 4.85, 4, 181.025637, 19.1772325, 0.866667, 1044371.8, 3.249398e+20, 1.75471441e+14, 1.16724774e+11, 587.393737, -178.992234, -182.797524, 5e+16, 7.32488688e+18, -1043441.68, 44001.5698, 367.372534, 19.1772325, 66.9421647, 0.866667, 0.866667, 5e+16, 0.017144606, 587.3766, 0.311959018, 587.394215, -587.375442, -0.01713826, -587.393058, -1.16299325, 0.000461204016, -1.16250071, 0, 1.60000211e-08, 1.60000211e-08, 612871049, 612852560, 5.81306401, 0.27, 3.332, -18495.4841, -587.39258, -1.16253205, 0, 4.99757876e+16, 0.0926327469, 0.0939682396, 0, 0
11.0595704, 0, 0, 5e+16, 0, 2.64750932e-14, 3.718e+18, 6.44e+20, 4.85, 4, 181.691679, 19.1583921, 0.866667, 1045391.75, 3.30729593e+20, 1.75652742e+14, 1.18550547e+11, 588.037037, -179.658249, -183.464048, 5e+16, 7.43598034e+18, -1044465.8, 43922.205, 367.376904, 19.1583921, 66.9420069, 0.866667, 0.866667, 5e+16, 0.0174208346, 588.019623, 0.312222344, 588.037516, -588.018436, -0.0174144216, -588.03633, -1.17845557, 0.000467358875, -1.17795741, 0, 1.60002913e-08, 1.60002913e-08, 614176864, 614157438, 5.90109063, 0.27, 3.332, -19431.6775, -588.03585, -1.17798821, 0, 4.99757623e+16, 0.0941834647, 0.0955355013, 0, 0
11.0600261, 0, 0, 5e+16, 0, 2.64768116e-14, 3.718e+18, 6.44e+20, 4.85, 4, 181.739308, 19.1570569, 0.866667, 1045464.12, 3.3118697e+20, 1.75689331e+14, 1.18676666e+11, 588.06717, -179.705872, -183.51171, 5e+16, 7.44700675e+18, -1044538.55, 43916.4069, 367.377215, 19.1570569, 66.9419047, 0.866667, 0.866667, 5e+16, 0.017448525, 588.049729, 0.312221342, 588.067649, -588.048539, -0.0174420969, -588.066461, -1.17932169, 0.00046828901, -1.17882264, 0, 1.60003106e-08, 1.60003106e-08, 614218932, 614199481, 5.90982702, 0.27, 3.332, -19457.1802, -588.065981, -1.1788534, 0, 4.99757611e+16, 0.094294999, 0.0956494043, 0, 0
11.0664063, 0, 0, 5e+16, 0, 2.65009152e-14, 3.718e+18, 6.44e+20, 4.85, 4, 182.40604, 19.138308, 0.866667, 1046481.38, 3.37058768e+20, 1.75868431e+14, 1.205231e+11, 588.703503, -180.372575, -184.178921, 5e+16, 7.55935755e+18, -1045559.88, 43839.0311, 367.381579, 19.138308, 66.9404741, 0.866667, 0.866667, 5e+16, 0.0177281884, 588.685783, 0.312475346, 588.703984, -588.684573, -0.0177216917, -588.702774, -1.19027672, 0.000474540093, -1.18977197, 0, 1.60005805e-08, 1.60005805e-08, 615517164, 615496894, 5.99884963, 0.27, 3.332, -20276.5444, -588.702294, -1.18980218, 0, 4.99757361e+16, 0.0958665763, 0.0972371665, 0, 0
11.066862, 0, 0, 5e+16, 0, 2.65026333e-14, 3.718e+18, 6.44e+20, 4.85, 4, 182.453718, 19.1369792, 0.866667, 1046553.56, 3.37523992e+20, 1.75905344e+14, 1.2065095e+11, 588.734019, -180.420247, -184.226633, 5e+16, 7.57052782e+18, -1045632.44, 43833.389, 367.38189, 19.1369792, 66.9404901, 0.866667, 0.866667, 5e+16, 0.0177562715, 588.71627, 0.312473645, 588.7345, -588.715059, -0.0177497595, -588.733288, -1.19099758, 0.000475482642, -1.19049193, 0, 1.60005997e-08, 1.60005997e-08, 615559670, 615539378, 6.0077, 0.27, 3.332, -20299.4454, -588.732808, -1.1905221, 0, 4.99757348e+16, 0.0959796521, 0.0973525423, 0, 0
11.0732422, 0, 0, 5e+16, 0, 2.65267322e-14, 3.718e+18, 6.44e+20, 4.85, 4, 183.121147, 19.1183192, 0.866667, 1047568.27, 3.43478047e+20, 1.760818e+14, 1.2251795e+11, 589.361715, -181.087649, -184.894539, 5e+16, 7.68412977e+18, -1046651.12, 43758.0583, 367.386249, 19.1183192, 66.9377849, 0.866667, 0.866667, 5e+16, 0.0180393597, 589.343683, 0.312716752, 589.362196, -589.342459, -0.0180327777, -589.360973, -1.19777091, 0.000481833655, -1.19725946, 0, 1.60008694e-08, 1.60008694e-08, 616848604, 616827605, 6.0977137, 0.27, 3.332, -21005.337, -589.360491, -1.19728908, 0, 4.99757102e+16, 0.0975723707, 0.0989611243, 0, 0
11.0736979, 0, 0, 5e+16, 0, 2.652845e-14, 3.718e+18, 6.44e+20, 4.85, 4, 183.168876, 19.1169966, 0.866667, 1047640.27, 3.43950978e+20, 1.76118909e+14, 1.22647561e+11, 589.392506, -181.135371, -184.9423, 5e+16, 7.69544668e+18, -1046723.49, 43752.5765, 367.38656, 19.1169966, 66.9376831, 0.866667, 0.866667, 5e+16, 0.0180678437, 589.374446, 0.312714303, 589.392987, -589.37322, -0.0180612461, -589.391762, -1.19835472, 0.00048278892, -1.19784236, 0, 1.60008886e-08, 1.60008886e-08, 616891438, 616870418, 6.10668024, 0.27, 3.332, -21025.8073, -589.39128, -1.19787194, 0, 4.9975709e+16, 0.0976870081, 0.0990779958, 0, 0
11.0800781, 0, 0, 5e+16, 0, 2.65525445e-14, 3.718e+18, 6.44e+20, 4.85, 4, 183.837, 19.098423, 0.866667, 1048652.53, 3.49987466e+20, 1.76292361e+14, 1.24535004e+11, 590.010153, -181.803468, -185.610898, 5e+16, 7.81029209e+18, -1047739.62, 43679.3392, 367.390914, 19.098423, 66.9362553, 0.866667, 0.866667, 5e+16, 0.0183543471, 589.991807, 0.312945072, 590.010635, -589.990576, -0.018347678, -590.009406, -1.20133162, 0.00048924346, -1.20081336, 0, 1.60011579e-08, 1.60011579e-08, 618169639, 618148018, 6.19767889, 0.27, 3.332, -21626.3171, -590.008923, -1.20084238, 0, 4.99756848e+16, 0.0993011574, 0.100707725, 0, 0
11.0805338, 0, 0, 5e+16, 0, 2.65542619e-14, 3.718e+18, 6.44e+20, 4.85, 4, 183.884778, 19.0971066, 0.866667, 1048724.36, 3.50467965e+20, 1.76329545e+14, 1.24666406e+11, 590.041117, -181.85124, -185.65871, 5e+16, 7.82175859e+18, -1047811.8, 43674.0223, 367.391225, 19.0971066, 66.9361535, 0.866667, 0.866667, 5e+16, 0.0183832396, 590.022742, 0.312941827, 590.041599, -590.021509, -0.0183765548, -590.040368, -1.2017855, 0.000490211769, -1.20126632, 0, 1.60011771e-08, 1.60011771e-08, 618212693, 618191055, 6.20676395, 0.27, 3.332, -21644.4859, -590.039885, -1.2012953, 0, 4.99756835e+16, 0.0994173751, 0.100826113, 0, 0
11.0869141, 0, 0, 5e+16, 0, 2.65783523e-14, 3.718e+18, 6.44e+20, 4.85, 4, 184.553606, 19.0786168, 0.866667, 1049734.3, 3.56587383e+20, 1.76499658e+14, 1.26574134e+11, 590.647477, -182.520042, -186.328009, 5e+16, 7.93783714e+18, -1048825.51, 43602.946, 367.395574, 19.0786168, 66.9360047, 0.866667, 0.866667, 5e+16, 0.0186731338, 590.628812, 0.313158887, 590.64796, -590.627582, -0.0186663757, -590.646732, -1.20118614, 0.000496774121, -1.20066094, 0, 1.6001446e-08, 1.6001446e-08, 619478884, 619456747, 6.29873937, 0.27, 3.332, -22143.467, -590.646249, -1.20068937, 0, 4.99756599e+16, 0.101053266, 0.102477331, 0, 0
11.0873698, 0, 0, 5e+16, 0, 2.65800695e-14, 3.718e+18, 6.44e+20, 4.85, 4, 184.601433, 19.0773063, 0.866667, 1049805.96, 3.57075317e+20, 1.76536803e+14, 1.26707358e+11, 590.678518, -182.567863, -186.375869, 5e+16, 7.94945622e+18, -1048897.53, 43597.7992, 367.395884, 19.0773063, 66.9359031, 0.866667, 0.866667, 5e+16, 0.0187024441, 590.659823, 0.313154797, 590.679001, -590.658592, -0.01869567, -590.677771, -1.2015166, 0.000497755801, -1.20099046, 0, 1.60014652e-08, 1.60014652e-08, 619522061, 619499908, 6.30794532, 0.27, 3.332, -22159.4625, -590.677288, -1.20101885, 0, 4.99756586e+16, 0.101171086, 0.102597262, 0, 0
11.09375, 0, 0, 5e+16, 0, 2.66041551e-14, 3.718e+18, 6.44e+20, 4.85, 4, 185.270943, 19.058898, 0.866667, 1050813.67, 3.63277991e+20, 1.76703292e+14, 1.2863513e+11, 591.272509, -183.237347, -187.045848, 5e+16, 8.06675293e+18, -1049908.89, 43528.9516, 367.400229, 19.058898, 66.9344791, 0.866667, 0.866667, 5e+16, 0.0189957059, 591.25352, 0.313356825, 591.272993, -591.252299, -0.0189888568, -591.271771, -1.19760498, 0.000504430157, -1.19707273, 0, 1.60017338e-08, 1.60017338e-08, 620775147, 620752589, 6.40088561, 0.27, 3.332, -22564.499, -591.271287, -1.19710055, 0, 4.99756355e+16, 0.102829051, 0.104270332, 0, 0
11.0942057, 0, 0, 5e+16, 0, 2.66058719e-14, 3.718e+18, 6.44e+20, 4.85, 4, 185.318819, 19.0575932, 0.866667, 1050885.18, 3.63773233e+20, 1.76740292e+14, 1.28770207e+11, 591.303534, -183.285217, -187.093757, 5e+16, 8.07852781e+18, -1049980.74, 43523.9802, 367.400538, 19.0575932, 66.9342591, 0.866667, 0.866667, 5e+16, 0.0190254431, 591.284516, 0.31335184, 591.304018, -591.283294, -0.0190185778, -591.302796, -1.19781745, 0.000505425556, -1.19728424, 0, 1.6001753e-08, 1.6001753e-08, 620818351, 620795779, 6.41021499, 0.27, 3.332, -22578.4684, -591.302312, -1.19731203, 0, 4.99756342e+16, 0.102948495, 0.104391828, 0, 0
11.1005859, 0, 0, 5e+16, 0, 2.66299531e-14, 3.718e+18, 6.44e+20, 4.85, 4, 185.98902, 19.039264, 0.866667, 1051890.81, 3.70059816e+20, 1.76902873e+14, 1.30717735e+11, 591.884153, -183.955393, -187.764424, 5e+16, 8.19702458e+18, -1050989.92, 43457.4501, 367.404877, 19.039264, 66.9315583, 0.866667, 0.866667, 5e+16, 0.0193220352, 591.864839, 0.31353753, 591.884638, -591.863632, -0.0193150929, -591.883432, -1.19070737, 0.000512216871, -1.19016792, 0, 1.60020214e-08, 1.60020214e-08, 622057298, 622034411, 6.50410581, 0.27, 3.332, -22893.0476, -591.882947, -1.19019515, 0, 4.99756116e+16, 0.104628884, 0.106087129, 0, 0
11.1010416, 0, 0, 5e+16, 0, 2.66316697e-14, 3.718e+18, 6.44e+20, 4.85, 4, 186.036946, 19.0379648, 0.866667, 1051962.17, 3.7056224e+20, 1.76939626e+14, 1.30854703e+11, 591.915076, -184.003313, -187.812382, 5e+16, 8.20895897e+18, -1051061.6, 43452.6598, 367.405187, 19.0379648, 66.9314568, 0.866667, 0.866667, 5e+16, 0.0193522093, 591.895732, 0.313531598, 591.915561, -591.894524, -0.0193452506, -591.914355, -1.19080695, 0.000513226371, -1.19026652, 0, 1.60020405e-08, 1.60020405e-08, 622100438, 622077539, 6.51356156, 0.27, 3.332, -22905.1322, -591.91387, -1.19029372, 0, 4.99756104e+16, 0.104749973, 0.106210214, 0, 0
11.1074219, 0, 0, 5e+16, 0, 2.66557469e-14, 3.718e+18, 6.44e+20, 4.85, 4, 186.707846, 19.0197121, 0.866667, 1052965.81, 3.76933159e+20, 1.7709805e+14, 1.32821682e+11, 592.481383, -184.674189, -188.483746, 5e+16, 8.32863659e+18, -1052068.68, 43388.5311, 367.409521, 19.0197121, 66.9300357, 0.866667, 0.866667, 5e+16, 0.0196520867, 592.46174, 0.313699646, 592.481869, -592.460553, -0.019645049, -592.480684, -1.1806969, 0.00052013971, -1.18015012, 0, 1.60023086e-08, 1.60023086e-08, 623324276, 623301146, 6.60838767, 0.27, 3.332, -23136.987, -592.480198, -1.18017677, 0, 4.99755884e+16, 0.106453107, 0.107928091, 0, 0
11.1078776, 0, 0, 5e+16, 0, 2.66574631e-14, 3.718e+18, 6.44e+20, 4.85, 4, 186.755821, 19.0184184, 0.866667, 1053037.03, 3.77442632e+20, 1.77134458e+14, 1.32960579e+11, 592.51212, -184.722158, -188.531753, 5e+16, 8.34073432e+18, -1052140.21, 43383.9281, 367.40983, 19.0184184, 66.9299343, 0.866667, 0.866667, 5e+16, 0.0196827085, 592.492445, 0.313692717, 592.512606, -592.491259, -0.0196756541, -592.51142, -1.18068739, 0.000521163704, -1.18013962, 0, 1.60023277e-08, 1.60023277e-08, 623367263, 623344123, 6.61797283, 0.27, 3.332, -23147.2988, -592.510934, -1.18016623, 0, 4.99755872e+16, 0.106575862, 0.108052787, 0, 0
11.1142579, 0, 0, 5e+16, 0, 2.66815358e-14, 3.718e+18, 6.44e+20, 4.85, 4, 187.427408, 19.0002399, 0.866667, 1054038.78, 3.83898494e+20, 1.77288453e+14, 1.34946607e+11, 593.06321, -185.393722, -189.203801, 5e+16, 8.46156766e+18, -1053145.3, 43322.3154, 367.41416, 19.0002399, 66.9297941, 0.866667, 0.866667, 5e+16, 0.0199858165, 593.043232, 0.313841804, 593.063697, -593.042074, -0.0199786809, -593.062539, -1.16760436, 0.000528205032, -1.16705011, 0, 1.60025955e-08, 1.60025955e-08, 624575054, 624551760, 6.71371429, 0.27, 3.332, -23300.4835, -593.062052, -1.16707616, 0, 4.99755659e+16, 0.10830212, 0.10979364, 0, 0
11.1147136, 0, 0, 5e+16, 0, 2.66832517e-14, 3.718e+18, 6.44e+20, 4.85, 4, 187.475431, 18.9989516, 0.866667, 1054109.86, 3.84414869e+20, 1.77324421e+14, 1.35087471e+11, 593.093678, -185.441739, -189.251856, 5e+16, 8.47383269e+18, -1053216.69, 43317.9061, 367.414469, 18.9989516, 66.9296929, 0.866667, 0.866667, 5e+16, 0.0200168974, 593.073669, 0.313833828, 593.094165, -593.072511, -0.0200097449, -593.093007, -1.16748875, 0.000529243916, -1.1669335, 0, 1.60026146e-08, 1.60026146e-08, 624617802, 624594499, 6.723432, 0.27, 3.332, -23309.189, -593.09252, -1.16695951, 0, 4.99755646e+16, 0.108426559, 0.109919968, 0, 0
11.1210938, 0, 0, 5e+16, 0, 2.67073197e-14, 3.718e+18, 6.44e+20, 4.85, 4, 188.147696, 18.9808455, 0.866667, 1055109.82, 3.90955921e+20, 1.7747371e+14, 1.37092045e+11, 593.628594, -186.11398, -189.924578, 5e+16, 8.5957905e+18, -1054219.84, 43258.9438, 367.418794, 18.9808455, 66.9282755, 0.866667, 0.866667, 5e+16, 0.0203231696, 593.60828, 0.313962682, 593.629083, -593.607153, -0.0203159335, -593.627956, -1.15147487, 0.000536419536, -1.150913, 0, 1.60028821e-08, 1.60028821e-08, 625808532, 625785146, 6.82006405, 0.27, 3.332, -23393.6984, -593.627469, -1.15093845, 0, 4.9975544e+16, 0.110176258, 0.111684128, 0, 0
11.1215495, 0, 0, 5e+16, 0, 2.67090353e-14, 3.718e+18, 6.44e+20, 4.85, 4, 188.195767, 18.9795625, 0.866667, 1055180.76, 3.91479029e+20, 1.77509143e+14, 1.37234918e+11, 593.658712, -186.162046, -189.972682, 5e+16, 8.60822731e+18, -1054291.08, 43254.7348, 367.419102, 18.9795625, 66.9282934, 0.866667, 0.866667, 5e+16, 0.0203547217, 593.638365, 0.31395362, 593.6592, -593.63724, -0.0203474683, -593.658075, -1.15125459, 0.000537473743, -1.15069172, 0, 1.60029011e-08, 1.60029011e-08, 625850953, 625827560, 6.82991783, 0.27, 3.332, -23400.9617, -593.657587, -1.15071712, 0, 4.99755428e+16, 0.110302394, 0.111812101, 0, 0
11.1279297, 0, 0, 5e+16, 0, 2.67330985e-14, 3.718e+18, 6.44e+20, 4.85, 4, 188.868717, 18.9615272, 0.866667, 1056178.98, 3.98105465e+20, 1.77653371e+14, 1.39257486e+11, 594.17633, -186.834975, -190.646086, 5e+16, 8.73127517e+18, -1055292.38, 43198.6131, 367.423422, 18.9615272, 66.925597, 0.866667, 0.866667, 5e+16, 0.0206640757, 594.155675, 0.314061146, 594.176818, -594.154585, -0.0206567362, -594.175731, -1.13212597, 0.000544791632, -1.13155633, 0, 1.60031684e-08, 1.60031684e-08, 627023395, 626999976, 6.92741317, 0.27, 3.332, -23425.5096, -594.175243, -1.13158118, 0, 4.99755229e+16, 0.112075823, 0.113599864, 0, 0
11.1283854, 0, 0, 5e+16, 0, 2.67348137e-14, 3.718e+18, 6.44e+20, 4.85, 4, 188.916837, 18.9602495, 0.866667, 1056249.77, 3.98635094e+20, 1.77688173e+14, 1.39402416e+11, 594.206014, -186.883089, -190.694239, 5e+16, 8.74388869e+18, -1055363.46, 43194.6111, 367.42373, 18.9602495, 66.9254961, 0.866667, 0.866667, 5e+16, 0.0206961126, 594.185327, 0.314050972, 594.206502, -594.184239, -0.0206887555, -594.205417, -1.13180164, 0.000545861603, -1.13123097, 0, 1.60031874e-08, 1.60031874e-08, 627065399, 627041975, 6.93740695, 0.27, 3.332, -23431.5039, -594.204929, -1.13125577, 0, 4.99755217e+16, 0.112203662, 0.113729487, 0, 0
11.1347656, 0, 0, 5e+16, 0, 2.67588719e-14, 3.718e+18, 6.44e+20, 4.85, 4, 189.59047, 18.9422851, 0.866667, 1057246.2, 4.05346121e+20, 1.7782688e+14, 1.41442354e+11, 594.704909, -187.556702, -191.368323, 5e+16, 8.86798764e+18, -1056362.83, 43141.5629, 367.428045, 18.9422851, 66.9240814, 0.866667, 0.866667, 5e+16, 0.0210084575, 594.683909, 0.314136313, 594.705398, -594.682864, -0.0210010114, -594.704354, -1.10931083, 0.000553330908, -1.10873324, 0, 1.60034542e-08, 1.60034542e-08, 628217938, 628194528, 7.03573466, 0.27, 3.332, -23417.4073, -594.703865, -1.10875749, 0, 4.99755026e+16, 0.114000941, 0.115540964, 0, 0
11.1352213, 0, 0, 5e+16, 0, 2.67605867e-14, 3.718e+18, 6.44e+20, 4.85, 4, 189.63864, 18.9410128, 0.866667, 1057316.85, 4.05881985e+20, 1.77860952e+14, 1.41589391e+11, 594.734075, -187.604866, -191.416525, 5e+16, 8.88078325e+18, -1056433.75, 43137.7738, 367.428353, 18.9410128, 66.9239806, 0.866667, 0.866667, 5e+16, 0.0210409927, 594.713043, 0.314125028, 594.734564, -594.711999, -0.0210335288, -594.733522, -1.10888245, 0.000554417055, -1.10830382, 0, 1.60034733e-08, 1.60034733e-08, 628259433, 628236019, 7.0458727, 0.27, 3.332, -23422.1139, -594.733033, -1.10832803, 0, 4.99755014e+16, 0.114130471, 0.115672225, 0, 0
11.1416016, 0, 0, 5e+16, 0, 2.67846395e-14, 3.718e+18, 6.44e+20, 4.85, 4, 190.312966, 18.9231215, 0.866667, 1058311.26, 4.12675439e+20, 1.77993414e+14, 1.43645977e+11, 595.212166, -188.279172, -192.091298, 5e+16, 9.00588862e+18, -1057430.96, 43088.0992, 367.432662, 18.9231215, 66.9238494, 0.866667, 0.866667, 5e+16, 0.0213562091, 595.190818, 0.314187584, 595.212655, -595.189824, -0.0213486529, -595.211662, -1.08236097, 0.000562049445, -1.08177526, 0, 1.60037398e-08, 1.60037398e-08, 629389580, 629366177, 7.14499735, 0.27, 3.332, -23408.8039, -595.211172, -1.08179892, 0, 4.99754832e+16, 0.115951365, 0.117507145, 0, 0
11.1420573, 0, 0, 5e+16, 0, 2.67863539e-14, 3.718e+18, 6.44e+20, 4.85, 4, 190.361183, 18.9218549, 0.866667, 1058381.73, 4.13217166e+20, 1.78026664e+14, 1.43795174e+11, 595.240731, -188.327384, -192.139547, 5e+16, 9.01887197e+18, -1057501.69, 43084.5307, 367.432969, 18.9218549, 66.9237487, 0.866667, 0.866667, 5e+16, 0.0213892585, 595.21935, 0.314175222, 595.24122, -595.218357, -0.0213816843, -595.240229, -1.08183277, 0.000563152049, -1.08124599, 0, 1.60037588e-08, 1.60037588e-08, 629430474, 629407069, 7.15528413, 0.27, 3.332, -23411.4187, -595.239739, -1.08126961, 0, 4.99754821e+16, 0.116082563, 0.117640022, 0, 0
11.1484375, 0, 0, 5e+16, 0, 2.68103989e-14, 3.718e+18, 6.44e+20, 4.85, 4, 191.036179, 18.9040462, 0.866667, 1059373.49, 4.20087032e+20, 1.78151632e+14, 1.45867565e+11, 595.694555, -189.002362, -192.814988, 5e+16, 9.14493115e+18, -1058496.09, 43038.4897, 367.437274, 18.9040462, 66.9223381, 0.866667, 0.866667, 5e+16, 0.0217072082, 595.672856, 0.314214758, 595.695046, -595.671921, -0.0216995381, -595.694111, -1.05012157, 0.000570960707, -1.04952754, 0, 1.60040251e-08, 1.60040251e-08, 630533873, 630510373, 7.25516395, 0.27, 3.332, -23506.8928, -595.693621, -1.04955061, 0, 4.9975465e+16, 0.117925963, 0.119497202, 0, 0
11.1488932, 0, 0, 5e+16, 0, 2.68121129e-14, 3.718e+18, 6.44e+20, 4.85, 4, 191.084445, 18.9027854, 0.866667, 1059443.76, 4.20634258e+20, 1.78184014e+14, 1.46018978e+11, 595.722456, -189.050622, -192.863285, 5e+16, 9.15810841e+18, -1058566.61, 43035.1657, 367.437581, 18.9027854, 66.9221182, 0.866667, 0.866667, 5e+16, 0.0217407894, 595.700724, 0.314201409, 595.722947, -595.699791, -0.0217331011, -595.722014, -1.04951751, 0.000572079803, -1.04892241, 0, 1.60040441e-08, 1.60040441e-08, 630574104, 630550881, 7.26560433, 0.27, 3.332, -23230.7224, -595.721524, -1.04894544, 0, 4.99754639e+16, 0.118058862, 0.119631697, 0, 0
11.1552734, 0, 0, 5e+16, 0, 2.68361477e-14, 3.718e+18, 6.44e+20, 4.85, 4, 191.760119, 18.8850852, 0.866667, 1060431.26, 4.2756631e+20, 1.78298916e+14, 1.48106234e+11, 596.145278, -189.726281, -193.5394, 5e+16, 9.28506319e+18, -1059556.62, 42992.5585, 367.441879, 18.8850852, 66.9194264, 0.866667, 0.866667, 5e+16, 0.0220612774, 596.123226, 0.314218207, 596.145769, -596.12236, -0.0220534894, -596.144905, -1.01012927, 0.00058007725, -1.00952671, 0, 1.60043099e-08, 1.60043099e-08, 631641790, 631621154, 7.36619297, 0.27, 3.332, -20643.4219, -596.144414, -1.00954919, 0, 4.99754483e+16, 0.119921901, 0.121507615, 0, 0
11.1557291, 0, 0, 5e+16, 0, 2.68378613e-14, 3.718e+18, 6.44e+20, 4.85, 4, 191.808434, 18.8838285, 0.866667, 1060518.95, 4.28275358e+20, 1.78344447e+14, 1.48259925e+11, 596.184912, -189.774588, -193.587747, 5e+16, 9.29844572e+18, -1059644.55, 42989.6133, 367.442186, 18.8838285, 66.919326, 0.866667, 0.866667, 5e+16, 0.0221127391, 596.162808, 0.314207042, 596.185403, -596.161948, -0.0221049452, -596.184544, -1.00836914, 0.000581212679, -1.00776549, 0, 1.60043289e-08, 1.60043289e-08, 631699910, 631677320, 7.37679603, 0.27, 3.332, -22597.1116, -596.184052, -1.00778793, 0, 4.99754467e+16, 0.120122296, 0.121712251, 0, 0
11.1621094, 0, 0, 5e+16, 0, 2.68618788e-14, 3.718e+18, 6.44e+20, 4.85, 4, 192.48479, 18.8663087, 0.866667, 1061740.6, 4.3702911e+20, 1.78481199e+14, 1.50361083e+11, 596.706344, -190.450924, -194.264541, 5e+16, 9.42623735e+18, -1060869.46, 42932.3428, 367.446477, 18.8663087, 66.9179185, 0.866667, 0.866667, 5e+16, 0.0226025771, 596.683751, 0.31433929, 596.706836, -596.683049, -0.0225947316, -596.706136, -0.90833192, 0.000589393929, -0.90772064, 0, 1.60045943e-08, 1.60045943e-08, 633164466, 632772856, 7.47804742, 0.27, 3.332, -391617.488, -596.705644, -0.907742526, 0, 4.99754279e+16, 0.122950119, 0.124522633, 0, 0
11.1630209, 0, 0, 5e+16, 0, 2.68653049e-14, 3.718e+18, 6.44e+20, 4.85, 4, 192.581564, 18.8644172, 0.866667, 1061883.59, 4.37995345e+20, 1.78397045e+14, 1.50595038e+11, 596.671523, -190.547713, -194.361362, 5e+16, 9.44663011e+18, -1061016.06, 42861.6014, 367.447089, 18.8644172, 66.9177181, 0.866667, 0.866667, 5e+16, 0.0226907829, 596.648841, 0.314327664, 596.672015, -596.648181, -0.0226829351, -596.671356, -0.883758612, 0.000591107055, -0.883145702, 0, 1.60046321e-08, 1.60046321e-08, 633156575, 632787195, 7.49420276, 0.27, 3.332, -369387.59, -596.670864, -0.883167505, 0, 4.99754309e+16, 0.123349659, 0.12491167, 0, 0
11.1757813, 0, 0, 5e+16, 0, 2.69132231e-14, 3.718e+18, 6.44e+20, 4.85, 4, 193.936243, 18.8387379, 0.866667, 1063950.2, 4.4066308e+20, 1.71901249e+14, 1.53820428e+11, 580.709855, -191.903575, -195.716694, 5e+16, 9.64237474e+18, -1063117.57, 42015.8984, 367.45564, 18.8387379, 66.9161962, 0.866667, 0.866667, 5e+16, 0.0227175254, 580.687188, 0.315727785, 580.710331, -580.684014, -0.0226628265, -580.707154, -1.90740691, -0.00139605754, -1.9087817, 0, 1.6005161e-08, 1.6005161e-08, 617230545, 616340805, 7.64891865, 0.27, 3.332, -889747.606, -580.706678, -1.90880297, 0, 4.99763735e+16, 0.128133248, 0.129322567, 0, 0
11.1776042, 0, 0, 5e+16, 0, 2.69201253e-14, 3.718e+18, 6.44e+20, 4.85, 4, 194.130435, 18.8345684, 0.866667, 1064363.35, 4.52436344e+20, 1.75046344e+14, 1.54290865e+11, 584.504447, -192.097194, -195.91098, 5e+16, 9.68493322e+18, -1063524.67, 42149.9947, 367.456869, 18.8345684, 66.9159766, 0.866667, 0.866667, 5e+16, 0.0230334154, 584.481465, 0.319371099, 584.504924, -584.475729, -0.0229790051, -584.499185, -2.16947279, -0.00139916378, -2.17085086, 0, 1.6005237e-08, 1.6005237e-08, 621361672, 620438289, 7.68268921, 0.27, 3.332, -923390.901, -584.498708, -2.17087196, 0, 4.99762439e+16, 0.129588944, 0.130666158, 0, 0
11.203125, 0, 0, 5e+16, 0, 2.70128384e-14, 3.718e+18, 6.44e+20, 4.85, 4, 196.84461, 18.7765509, 0.866667, 1070604.41, 3.86815846e+20, 1.52211922e+14, 1.4680435e+11, 609.180584, -194.815812, -198.623546, 5e+16, 1.00965092e+19, -1069545.37, 47202.5275, 367.473365, 18.7765509, 66.9113355, 0.866667, 0.866667, 5e+16, 0.0256875658, 609.154925, 0.3049411, 609.18116, -608.971608, -0.0256680101, -608.997849, 10.5970278, 0.000957570357, 10.5980101, 0, 1.60062574e-08, 1.60062574e-08, 797206109, 797299540, 8.01254957, 0.27, 3.332, 93419.0232, -608.997274, 10.5979854, 0, 4.99694681e+16, 0.150256275, 0.151022536, 0, 0
11.2614583, 0, 0, 5e+16, 0, 2.72307163e-14, 3.718e+18, 6.44e+20, 4.85, 4, 203.118841, 18.6806724, 0.866667, 1078382.46, 4.11754968e+20, 1.37970701e+14, 1.57325648e+11, 594.942334, -201.093197, -204.899892, 5e+16, 1.11179337e+19, -1077385.83, 46097.0622, 367.51182, 18.6806724, 66.8969031, 0.866667, 0.866667, 5e+16, 0.0284513643, 594.913888, 0.299179256, 594.94291, -594.736513, -0.0284305736, -594.765518, 14.4133713, 0.00104024523, 14.4144311, 0, 1.60086359e-08, 1.60086359e-08, 783140571, 783363994, 8.82146221, 0.27, 3.332, 223409.989, -594.764942, 14.4144116, 0, 4.9970203e+16, 0.164574369, 0.16557513, 0, 0
11.3125, 0, 0, 5e+16, 0, 2.7422977e-14, 3.718e+18, 6.44e+20, 4.85, 4, 208.608234, 18.5952962, 0.866667, 1086209.21, 4.63149202e+20, 1.41239133e+14, 1.69568117e+11, 612.11416, -206.58188, -210.391587, 5e+16, 1.15745842e+19, -1085211.08, 46284.6501, 367.54569, 18.5952962, 66.8858422, 0.866667, 0.866667, 5e+16, 0.0293489937, 612.084818, 0.285613632, 612.114731, -612.06548, -0.0293352291, -612.09539, 3.89564002, 0.000898508629, 3.89654762, 0, 1.60107309e-08, 1.60107309e-08, 812316319, 812508018, 9.18393744, 0.27, 3.332, 191689.721, -612.094819, 3.89653853, 0, 4.99688758e+16, 0.177170939, 0.178296404, 0, 0
11.3708333, 0, 0, 5e+16, 0, 2.76402967e-14, 3.718e+18, 6.44e+20, 4.85, 4, 214.980007, 18.443493, 0.866667, 1095009.83, 4.88263607e+20, 1.34424398e+14, 1.87849578e+11, 599.311686, -212.955262, -216.766526, 5e+16, 1.33520641e+19, -1094035.78, 45968.99, 367.583493, 18.443493, 66.8734185, 0.866667, 0.866667, 5e+16, 0.0344951039, 599.277202, 0.277942532, 599.312258, -599.269042, -0.0344793655, -599.304096, 2.97076005, 0.00104177901, 2.97180592, 0, 1.60130694e-08, 1.60130694e-08, 799882547, 800064771, 10.5920661, 0.27, 3.332, 182213.801, -599.303524, 2.97180183, 0, 4.99691985e+16, 0.203248889, 0.204642923, 0, 0
11.421875, 0, 0, 5e+16, 0, 2.78321889e-14, 3.718e+18, 6.44e+20, 4.85, 4, 220.554791, 18.3105714, 0.866667, 1102699.04, 5.56555084e+20, 1.35779715e+14, 2.07673533e+11, 617.968427, -218.52976, -222.344419, 5e+16, 1.40903956e+19, -1101739.45, 45723.2378, 367.616808, 18.3105714, 66.8625477, 0.866667, 0.866667, 5e+16, 0.0361352279, 617.9323, 0.268056902, 617.969003, -617.927999, -0.0361189376, -617.964691, 1.73943214, 0.00108458306, 1.7405167, 0, 1.60151303e-08, 1.60151303e-08, 836617786, 836707979, 11.1773614, 0.27, 3.332, 90179.9016, -617.964119, 1.74051673, 0, 4.99686199e+16, 0.225958578, 0.227603503, 0, 0
11.4802083, 0, 0, 5e+16, 0, 2.8048697e-14, 3.718e+18, 6.44e+20, 4.85, 4, 227.022117, 18.1663009, 0.866667, 1111356.46, 6.07338284e+20, 1.32884949e+14, 2.29325797e+11, 612.486684, -224.99781, -228.814813, 5e+16, 1.61650287e+19, -1110415.61, 45504.287, 367.653937, 18.1663009, 66.8503678, 0.866667, 0.866667, 5e+16, 0.0422426271, 612.444455, 0.264424671, 612.487259, -612.442898, -0.0422240316, -612.485693, 1.30375827, 0.00125309513, 1.30500661, 0, 1.60174272e-08, 1.60174272e-08, 831886588, 831969910, 12.8210149, 0.27, 3.332, 83307.5725, -612.485123, 1.30501137, 0, 4.99687525e+16, 0.257362256, 0.259543435, 0, 0
11.53125, 0, 0, 5e+16, 0, 2.8239392e-14, 3.718e+18, 6.44e+20, 4.85, 4, 232.680677, 18.0397925, 0.866667, 1118931.69, 6.82320282e+20, 1.33432433e+14, 2.51922179e+11, 620.614104, -230.656271, -234.476283, 5e+16, 1.70161085e+19, -1118001.37, 45351.3946, 367.686573, 18.0397925, 66.8397103, 0.866667, 0.866667, 5e+16, 0.0441650228, 620.569957, 0.259893743, 620.614674, -620.569151, -0.0441457906, -620.613865, 0.729422671, 0.0013028016, 0.730716813, 0, 1.60194462e-08, 1.60194462e-08, 854370527, 854409073, 13.4954928, 0.27, 3.332, 38533.7211, -620.613295, 0.730725473, 0, 4.99685225e+16, 0.284915882, 0.287406193, 0, 0
11.5895833, 0, 0, 5e+16, 0, 2.84549312e-14, 3.718e+18, 6.44e+20, 4.85, 4, 239.242256, 17.9015997, 0.866667, 1127509.81, 7.57220154e+20, 1.322657e+14, 2.77448644e+11, 618.403495, -237.218169, -241.040848, 5e+16, 1.94342751e+19, -1126592.3, 45251.9662, 367.723023, 17.9015997, 66.827767, 0.866667, 0.866667, 5e+16, 0.0514105541, 618.352107, 0.258095573, 618.404061, -618.351834, -0.0513885783, -618.403786, 0.544039578, 0.00150275976, 0.545529277, 0, 1.60217014e-08, 1.60217014e-08, 853141861, 853176655, 15.4113685, 0.27, 3.332, 34779.7862, -618.40322, 0.545542338, 0, 4.99685761e+16, 0.322954287, 0.326055475, 0, 0
11.640625, 0, 0, 5e+16, 0, 2.86445457e-14, 3.718e+18, 6.44e+20, 4.85, 4, 244.983477, 17.7803939, 0.866667, 1135024.97, 8.43749762e+20, 1.32487274e+14, 3.03272371e+11, 621.772198, -242.959366, -246.784823, 5e+16, 2.04141841e+19, -1134114.01, 45201.0964, 367.755022, 17.7803939, 66.8173166, 0.866667, 0.866667, 5e+16, 0.053662117, 621.718556, 0.255980596, 621.772759, -621.718414, -0.0536393831, -621.772615, 0.302392662, 0.00156133806, 0.303937318, 0, 1.60236811e-08, 1.60236811e-08, 869045371, 869061550, 16.1878636, 0.27, 3.332, 16165.143, -621.772054, 0.303954001, 0, 4.99684924e+16, 0.356382551, 0.359793168, 0, 0
11.6989583, 0, 0, 5e+16, 0, 2.88590223e-14, 3.718e+18, 6.44e+20, 4.85, 4, 251.638741, 17.6469126, 0.866667, 1143597.32, 9.41467306e+20, 1.31831161e+14, 3.33289222e+11, 620.800675, -249.614828, -253.443008, 5e+16, 2.32311851e+19, -1142693.59, 45222.1441, 367.790798, 17.6469126, 66.8056028, 0.866667, 0.866667, 5e+16, 0.0622645519, 620.738434, 0.254893604, 620.801229, -620.738369, -0.0622384994, -620.801163, 0.246116361, 0.00180062814, 0.247896299, 0, 1.60258947e-08, 1.60258947e-08, 869161389, 869176037, 18.419756, 0.27, 3.332, 14632.12, -620.800609, 0.247916989, 0, 4.99685232e+16, 0.402636772, 0.406638679, 0, 0
11.75, 0, 0, 5e+16, 0, 2.9047621e-14, 3.718e+18, 6.44e+20, 4.85, 4, 257.462133, 17.5298329, 0.866667, 1151115.67, 1.04419651e+21, 1.31957081e+14, 3.62906424e+11, 622.341893, -255.438219, -259.269034, 5e+16, 2.43601881e+19, -1150214.92, 45268.9836, 367.82219, 17.5298329, 66.7953533, 0.866667, 0.866667, 5e+16, 0.0649050741, 622.277011, 0.253707996, 622.342438, -622.276965, -0.0648780958, -622.342386, 0.174322462, 0.00187060647, 0.176169077, 0, 1.60278371e-08, 1.60278371e-08, 882535089, 882544702, 19.3143663, 0.27, 3.332, 9596.49153, -622.341841, 0.176193068, 0, 4.99684827e+16, 0.443233357, 0.447540581, 0, 0
11.8083333, 0, 0, 5e+16, 0, 2.92609273e-14, 3.718e+18, 6.44e+20, 4.85, 4, 264.211378, 17.3996527, 0.866667, 1159734.96, 1.16439318e+21, 1.31261288e+14, 3.98164397e+11, 621.630903, -262.187672, -266.02115, 5e+16, 2.76419864e+19, -1158836.76, 45395.7522, 367.857295, 17.3996527, 66.7838654, 0.866667, 0.866667, 5e+16, 0.0751288936, 621.555801, 0.252785011, 621.63144, -621.555754, -0.0750979126, -621.631386, 0.175460996, 0.00215688831, 0.177590305, 0, 1.60300093e-08, 1.60300093e-08, 882927025, 882936060, 21.9145323, 0.27, 3.332, 9016.04785, -621.630849, 0.177617885, 0, 4.99685149e+16, 0.499473403, 0.504360373, 0, 0
11.859375, 0, 0, 5e+16, 0, 2.94484943e-14, 3.718e+18, 6.44e+20, 4.85, 4, 270.117158, 17.2855344, 0.866667, 1167299.02, 1.28800741e+21, 1.31390471e+14, 4.32290153e+11, 622.772155, -268.09345, -271.929475, 5e+16, 2.89459662e+19, -1166400.7, 45530.2807, 367.888097, 17.2855344, 66.7738134, 0.866667, 0.866667, 5e+16, 0.0782307041, 622.693954, 0.251808912, 622.772683, -622.693902, -0.0781985919, -622.772629, 0.178532782, 0.00224066188, 0.180742902, 0, 1.60319153e-08, 1.60319153e-08, 895833849, 895844158, 22.9477803, 0.27, 3.332, 10286.3615, -622.772101, 0.180773445, 0, 4.99684723e+16, 0.548777115, 0.553989235, 0, 0
11.9177083, 0, 0, 5e+16, 0, 2.966052e-14, 3.718e+18, 6.44e+20, 4.85, 4, 276.961044, 17.1580532, 0.866667, 1176021.74, 1.43156572e+21, 1.30323999e+14, 4.7367585e+11, 621.850539, -274.937632, -278.776193, 5e+16, 3.27674788e+19, -1175121.21, 45768.543, 367.922534, 17.1580532, 66.7625486, 0.866667, 0.866667, 5e+16, 0.0903997254, 621.760172, 0.250784196, 621.851056, -621.760073, -0.0903626959, -621.850954, 0.213898577, 0.00258662416, 0.216451385, 0, 1.60340464e-08, 1.60340464e-08, 895966020, 895976512, 25.9755756, 0.27, 3.332, 10466.1283, -621.850437, 0.216485202, 0, 4.99685203e+16, 0.61730005, 0.623094094, 0, 0
11.96875, 0, 0, 5e+16, 0, 2.98470024e-14, 3.718e+18, 6.44e+20, 4.85, 4, 282.949817, 17.0462714, 0.866667, 1183685.21, 1.58134404e+21, 1.30513211e+14, 5.13117275e+11, 623.28692, -280.926388, -284.767441, 5e+16, 3.42757032e+19, -1182781.4, 45995.6082, 367.952755, 17.0462714, 66.7526919, 0.866667, 0.866667, 5e+16, 0.0940537225, 623.1929, 0.249669553, 623.287428, -623.192791, -0.0940152777, -623.287317, 0.261242831, 0.00268832448, 0.26389464, 0, 1.60359166e-08, 1.60359166e-08, 909491388, 909506667, 27.1706596, 0.27, 3.332, 15249.0001, -623.286804, 0.263931155, 0, 4.99684488e+16, 0.67731364, 0.683469999, 0, 0
12.0270833, 0, 0, 5e+16, 0, 3.00576614e-14, 3.718e+18, 6.44e+20, 4.85, 4, 289.889818, 16.9203613, 0.866667, 1192571.66, 1.74999832e+21, 1.28965452e+14, 5.61717014e+11, 621.92822, -287.866806, -291.710247, 5e+16, 3.87258553e+19, -1191661.53, 46333.3261, 367.986529, 16.9203613, 66.7416473, 0.866667, 0.866667, 5e+16, 0.108565122, 621.819692, 0.248414973, 621.928717, -621.819495, -0.108520636, -621.928514, 0.30716273, 0.00310703597, 0.310230312, 0, 1.60380068e-08, 1.60380068e-08, 909091069, 909106860, 30.6965434, 0.27, 3.332, 15756.7095, -621.928012, 0.310269765, 0, 4.99685168e+16, 0.761060608, 0.76784686, 0, 0
12.078125, 0, 0, 5e+16, 0, 3.02430086e-14, 3.718e+18, 6.44e+20, 4.85, 4, 295.962848, 16.8100034, 0.866667, 1200383.37, 1.93222069e+21, 1.29229713e+14, 6.07551673e+11, 623.997276, -293.939798, -297.785705, 5e+16, 4.04777143e+19, -1199467.32, 46639.6299, 368.016179, 16.8100034, 66.7319832, 0.866667, 0.866667, 5e+16, 0.112886545, 623.884431, 0.246994007, 623.997758, -623.884215, -0.112840284, -623.997537, 0.368037355, 0.00323095545, 0.371226433, 0, 1.60398418e-08, 1.60398418e-08, 923842986, 923864610, 32.0846737, 0.27, 3.332, 21590.4519, -623.997054, 0.37126831, 0, 4.99684082e+16, 0.83435411, 0.8415697, 0, 0
12.1364583, 0, 0, 5e+16, 0, 3.04522077e-14, 3.718e+18, 6.44e+20, 4.85, 4, 303.000984, 16.6849957, 0.866667, 1209480.04, 2.12887786e+21, 1.27185932e+14, 6.64658096e+11, 622.150954, -300.978477, -304.826627, 5e+16, 4.56565442e+19, -1208554.22, 47062.5248, 368.049297, 16.6849957, 66.7211564, 0.866667, 0.866667, 5e+16, 0.13021957, 622.020781, 0.245482126, 622.151424, -622.020441, -0.130165874, -622.151076, 0.413696218, 0.00373862978, 0.417390375, 0, 1.60418915e-08, 1.60418915e-08, 922832338, 922854641, 36.1879126, 0.27, 3.332, 22264.9314, -622.150606, 0.417434848, 0, 4.99684962e+16, 0.936976682, 0.94491641, 0, 0
12.1875, 0, 0, 5e+16, 0, 3.06363485e-14, 3.718e+18, 6.44e+20, 4.85, 4, 309.160017, 16.5754624, 0.866667, 1217479.69, 2.35070666e+21, 1.275211e+14, 7.18160867e+11, 624.929571, -307.137454, -310.988058, 5e+16, 4.76988519e+19, -1216545.71, 47436.4129, 368.078381, 16.5754624, 66.711683, 0.866667, 0.866667, 5e+16, 0.135348404, 624.794269, 0.243718037, 624.930027, -624.793902, -0.135292478, -624.929651, 0.474196598, 0.00389009509, 0.478040077, 0, 1.60436916e-08, 1.60436916e-08, 939032494, 939060518, 37.8061798, 0.27, 3.332, 27985.9874, -624.929195, 0.478086693, 0, 4.99683508e+16, 1.02674878, 1.03521332, 0, 0
12.2458333, 0, 0, 5e+16, 0, 3.08439645e-14, 3.718e+18, 6.44e+20, 4.85, 4, 316.298786, 16.4508407, 0.866667, 1226819.12, 2.57928901e+21, 1.25031289e+14, 7.85312832e+11, 622.635373, -314.276885, -318.129601, 5e+16, 5.37175248e+19, -1225872.54, 47930.7609, 368.110842, 16.4508407, 66.7010737, 0.866667, 0.866667, 5e+16, 0.15607926, 622.479346, 0.241973222, 622.635815, -622.478841, -0.156014208, -622.635299, 0.512426327, 0.00450531702, 0.516882763, 0, 1.60457008e-08, 1.60457008e-08, 937438115, 937466771, 42.5748576, 0.27, 3.332, 28613.0314, -622.634856, 0.516931644, 0, 4.99684555e+16, 1.15269905, 1.16203512, 0, 0
12.296875, 0, 0, 5e+16, 0, 3.10267935e-14, 3.718e+18, 6.44e+20, 4.85, 4, 322.545982, 16.3416875, 0.866667, 1235033.82, 2.84887547e+21, 1.25421212e+14, 8.4800426e+11, 626.066027, -320.524009, -324.379177, 5e+16, 5.6106289e+19, -1234077.16, 48362.7611, 368.13936, 16.3416875, 66.6917906, 0.866667, 0.866667, 5e+16, 0.162183715, 625.9039, 0.239896395, 626.066454, -625.903367, -0.162115869, -626.06591, 0.563354107, 0.0046904398, 0.567993794, 0, 1.6047466e-08, 1.6047466e-08, 955092461, 955126119, 44.4676355, 0.27, 3.332, 33611.3925, -626.065482, 0.568044546, 0, 4.99682792e+16, 1.26286156, 1.27285227, 0, 0
12.3552083, 0, 0, 5e+16, 0, 3.1232678e-14, 3.718e+18, 6.44e+20, 4.85, 4, 329.788146, 16.2172524, 0.866667, 1244646.18, 3.1142834e+21, 1.22515645e+14, 9.27019208e+11, 623.390466, -327.766953, -331.624108, 5e+16, 6.3083205e+19, -1243674.21, 48925.5462, 368.171161, 16.2172524, 66.6813998, 0.866667, 0.866667, 5e+16, 0.187009108, 623.20352, 0.23795801, 623.390879, -623.202841, -0.18693001, -623.390182, 0.595808013, 0.00543814672, 0.601193431, 0, 1.60494345e-08, 1.60494345e-08, 952974472, 953008782, 49.9955684, 0.27, 3.332, 34257.5909, -623.389769, 0.60124616, 0, 4.99683984e+16, 1.41773648, 1.4287807, 0, 0
12.40625, 0, 0, 5e+16, 0, 3.14140642e-14, 3.718e+18, 6.44e+20, 4.85, 4, 336.125923, 16.1082683, 0.866667, 1253103.78, 3.44119074e+21, 1.22947094e+14, 1.00066397e+12, 627.37481, -334.104644, -337.964256, 5e+16, 6.58834865e+19, -1252119.85, 49414.1592, 368.199111, 16.1082683, 66.6723078, 0.866667, 0.866667, 5e+16, 0.194294165, 627.180584, 0.235618529, 627.375204, -627.179881, -0.19421155, -627.374484, 0.639399755, 0.00566525023, 0.645010643, 0, 1.60511646e-08, 1.60511646e-08, 972017142, 972055857, 52.2144059, 0.27, 3.332, 38661.6474, -627.374089, 0.645065006, 0, 4.99681955e+16, 1.55318508, 1.5650453, 0, 0
12.4645833, 0, 0, 5e+16, 0, 3.16180416e-14, 3.718e+18, 6.44e+20, 4.85, 4, 343.474626, 15.9837125, 0.866667, 1263018.61, 3.74895829e+21, 1.19670529e+14, 1.09371574e+12, 624.382755, -341.454241, -345.315723, 5e+16, 7.39429922e+19, -1262016.84, 50041.2722, 368.230243, 15.9837125, 66.6621376, 0.866667, 0.866667, 5e+16, 0.22405868, 624.158772, 0.233524226, 624.383133, -624.157923, -0.223962189, -624.38226, 0.664648642, 0.00657471861, 0.671167287, 0, 1.60530918e-08, 1.60530918e-08, 969436877, 969476189, 58.6001223, 0.27, 3.332, 39251.8948, -624.381882, 0.67122336, 0, 4.99683262e+16, 1.74397611, 1.75712397, 0, 0
12.515625, 0, 0, 5e+16, 0, 3.17978299e-14, 3.718e+18, 6.44e+20, 4.85, 4, 349.905723, 15.8746426, 0.866667, 1271744.28, 4.14453952e+21, 1.20128541e+14, 1.18047228e+12, 628.824983, -347.885242, -351.749189, 5e+16, 7.72345163e+19, -1270728.75, 50583.4086, 368.257616, 15.8746426, 66.6532387, 0.866667, 0.866667, 5e+16, 0.232776359, 628.592282, 0.230970307, 628.825342, -628.591411, -0.232675438, -628.824446, 0.699035417, 0.0068537248, 0.705831653, 0, 1.60547864e-08, 1.60547864e-08, 989800101, 989843127, 61.2081875, 0.27, 3.332, 42965.9587, -628.824087, 0.705889142, 0, 4.99681025e+16, 1.91082863, 1.92500034, 0, 0
12.5739583, 0, 0, 5e+16, 0, 3.19997028e-14, 3.718e+18, 6.44e+20, 4.85, 4, 357.36439, 15.7498146, 0.866667, 1281992.98, 4.50105913e+21, 1.16505993e+14, 1.290144e+12, 625.578977, -355.344915, -359.210619, 5e+16, 8.64966529e+19, -1280957.06, 51274.4502, 368.288069, 15.7498146, 66.6432925, 0.866667, 0.866667, 5e+16, 0.268505084, 625.310558, 0.22875538, 625.57932, -625.309539, -0.268386979, -625.57827, 0.719041943, 0.00796292762, 0.726945901, 0, 1.60566717e-08, 1.60566717e-08, 986818788, 986862437, 68.5468055, 0.27, 3.332, 43581.3532, -625.577928, 0.727004871, 0, 4.99682426e+16, 2.14638839, 2.16212989, 0, 0
12.625, 0, 0, 5e+16, 0, 3.21777189e-14, 3.718e+18, 6.44e+20, 4.85, 4, 363.891808, 15.6405075, 0.866667, 1291015, 4.97882796e+21, 1.1697926e+14, 1.39258321e+12, 630.387128, -361.87223, -365.74041, 5e+16, 9.03745562e+19, -1289963.51, 51869.4193, 368.314857, 15.6405075, 66.6345895, 0.866667, 0.866667, 5e+16, 0.278966571, 630.10825, 0.226032886, 630.387452, -630.107213, -0.278842864, -630.386384, 0.746762323, 0.0083069036, 0.755009034, 0, 1.60583301e-08, 1.60583301e-08, 1.00843606e+09, 1.00848286e+09, 71.6194787, 0.27, 3.332, 46733.3478, -630.38606, 0.755069226, 0, 4.99680019e+16, 2.35237114, 2.36939546, 0, 0
12.6833333, 0, 0, 5e+16, 0, 3.23772612e-14, 3.718e+18, 6.44e+20, 4.85, 4, 371.464253, 15.5151646, 0.866667, 1301625.49, 5.39119856e+21, 1.13059283e+14, 1.52196641e+12, 626.95021, -369.445791, -373.315621, 5e+16, 1.0094562e+20, -1300551.27, 52619.847, 368.344618, 15.5151646, 66.6248715, 0.866667, 0.866667, 5e+16, 0.321900072, 626.628409, 0.223731635, 626.950516, -626.627241, -0.321755099, -626.949306, 0.759706987, 0.00965984248, 0.769305377, 0, 1.60601727e-08, 1.60601727e-08, 1.00511869e+09, 1.00516604e+09, 79.9952263, 0.27, 3.332, 47271.5296, -626.948999, 0.769366829, 0, 4.99681484e+16, 2.64370143, 2.66266241, 0, 0
12.734375, 0, 0, 5e+16, 0, 3.25533048e-14, 3.718e+18, 6.44e+20, 4.85, 4, 378.091318, 15.4054277, 0.866667, 1310967.15, 5.96699979e+21, 1.13534677e+14, 1.64323617e+12, 632.032863, -376.072747, -379.945069, 5e+16, 1.05526726e+20, -1309875.65, 53264.3207, 368.370807, 15.4054277, 66.6163682, 0.866667, 0.866667, 5e+16, 0.334488105, 631.698485, 0.220885959, 632.033151, -631.697304, -0.334336052, -632.031927, 0.778287898, 0.0100841949, 0.7883096, 0, 1.60617942e-08, 1.60617942e-08, 1.02791601e+09, 1.02796581e+09, 83.6250718, 0.27, 3.332, 49710.8148, -632.031643, 0.788372093, 0, 4.99678963e+16, 2.89844059, 2.91902024, 0, 0
12.7927083, 0, 0, 5e+16, 0, 3.27502644e-14, 3.718e+18, 6.44e+20, 4.85, 4, 385.781598, 15.279525, 0.866667, 1321968.05, 6.44339937e+21, 1.09342317e+14, 1.79599668e+12, 628.466381, -383.764255, -387.638118, 5e+16, 1.17473554e+20, -1320851.4, 54075.1567, 368.399857, 15.279525, 66.6068839, 0.866667, 0.866667, 5e+16, 0.386129136, 628.080376, 0.218530407, 628.466651, -628.079069, -0.385950667, -628.465289, 0.786603474, 0.0117384284, 0.798278339, 0, 1.60635929e-08, 1.60635929e-08, 1.0243284e+09, 1.02437875e+09, 93.0909112, 0.27, 3.332, 50254.5766, -628.465024, 0.798341903, 0, 4.99680474e+16, 3.25942912, 3.28238899, 0, 0
12.84375, 0, 0, 5e+16, 0, 3.29241124e-14, 3.718e+18, 6.44e+20, 4.85, 4, 392.511867, 15.1692962, 0.866667, 1331655.5, 7.13587498e+21, 1.09811137e+14, 1.93982464e+12, 633.736401, -390.494412, -394.370784, 5e+16, 1.22896636e+20, -1330519.77, 54770.095, 368.425431, 15.1692962, 66.5985852, 0.866667, 0.866667, 5e+16, 0.401316829, 633.335215, 0.215604818, 633.736648, -633.333899, -0.401129381, -633.735281, 0.799179228, 0.0122636061, 0.811378386, 0, 1.60651764e-08, 1.60651764e-08, 1.04823161e+09, 1.04828387e+09, 97.3878847, 0.27, 3.332, 52169.058, -633.73503, 0.811442834, 0, 4.99677875e+16, 3.57505225, 3.60004915, 0, 0
12.9020833, 0, 0, 5.00000001e+16, 0, 3.31182022e-14, 3.718e+18, 6.44e+20, 4.85, 4, 400.324405, 15.0426822, 0.866666999, 1343073.39, 7.68512688e+21, 1.0539049e+14, 2.12034688e+12, 630.096645, -398.308287, -402.186096, 5.00000001e+16, 1.36222886e+20, -1341910.16, 55639.1113, 368.453749, 15.0426822, 66.5893415, 0.866667, 0.866666999, 5.00000001e+16, 0.463482926, 629.633309, 0.213222699, 630.096874, -629.631888, -0.463262677, -630.095385, 0.801725431, 0.0142865964, 0.815946687, 0, 1.60669298e-08, 1.60669298e-08, 1.04443661e+09, 1.04448935e+09, 107.946725, 0.27, 3.332, 52629.9773, -630.095152, 0.816012028, 0, 4.99679405e+16, 4.02301095, 4.05095861, 0, 0
12.953125, 0, 0, 5.00000001e+16, 0, 3.32896008e-14, 3.718e+18, 6.44e+20, 4.85, 4, 407.161737, 14.9318464, 0.866666999, 1353128.97, 8.51604957e+21, 1.05843447e+14, 2.2913027e+12, 635.475772, -405.145507, -409.025844, 5.00000001e+16, 1.42658722e+20, -1351944.89, 56383.1846, 368.478689, 14.9318464, 66.5812533, 0.866667, 0.866666999, 5.00000001e+16, 0.481856111, 634.994072, 0.210255851, 635.475977, -634.992651, -0.481624476, -635.474484, 0.80669269, 0.0149371406, 0.82156375, 0, 1.60684741e-08, 1.60684741e-08, 1.06937948e+09, 1.06943352e+09, 113.046142, 0.27, 3.332, 53923.9278, -635.474274, 0.82162983, 0, 4.99676773e+16, 4.41466249, 4.44518786, 0, 0
13.0114583, 0, 0, 5.00000002e+16, 0, 3.34805025e-14, 3.718e+18, 6.44e+20, 4.85, 4, 415.10119, 14.8045345, 0.866666999, 1364992.66, 9.14808432e+21, 1.01214044e+14, 2.50478538e+12, 631.814069, -413.086413, -416.968076, 5.00000002e+16, 1.57254076e+20, -1363778.57, 57313.7125, 368.506249, 14.8045345, 66.5722582, 0.866666999, 0.866666999, 5.00000002e+16, 0.556746819, 631.257497, 0.207870708, 631.814255, -631.255979, -0.55647429, -631.812642, 0.80586834, 0.0174170463, 0.823218554, 0, 1.60701807e-08, 1.60701807e-08, 1.06543656e+09, 1.06549108e+09, 124.610577, 0.27, 3.332, 54386.4299, -631.812451, 0.823285386, 0, 4.99678309e+16, 4.97148992, 5.00565876, 0, 0
13.0625, 0, 0, 5.00000003e+16, 0, 3.36491705e-14, 3.718e+18, 6.44e+20, 4.85, 4, 422.049673, 14.6930824, 0.866666999, 1375442.86, 1.01429884e+22, 1.01645925e+14, 2.7083206e+12, 637.233511, -420.034783, -423.918995, 5.00000003e+16, 1.64907386e+20, -1374206, 58109.7429, 368.530531, 14.6930824, 66.5643874, 0.866666999, 0.866666999, 5.00000003e+16, 0.579036414, 636.654665, 0.204896594, 637.233678, -636.653147, -0.578749392, -637.232065, 0.806340726, 0.0182255918, 0.824498863, 0, 1.60716844e-08, 1.60716844e-08, 1.09136382e+09, 1.09141921e+09, 130.67465, 0.27, 3.332, 55257.8571, -637.231898, 0.824566318, 0, 4.99675671e+16, 5.45829356, 5.4957153, 0, 0
13.1208333, 0, 0, 5.00000005e+16, 0, 3.38365249e-14, 3.718e+18, 6.44e+20, 4.85, 4, 430.121073, 14.5649674, 0.866666997, 1387779.9, 1.08682269e+22, 9.68465927e+13, 2.96097757e+12, 633.595629, -428.10775, -431.99318, 5.00000005e+16, 1.80505504e+20, -1386510.46, 59101.8713, 368.557303, 14.5649674, 66.5556504, 0.866666998, 0.866666997, 5.00000005e+16, 0.66930652, 632.926535, 0.202527366, 633.595777, -632.924939, -0.668968513, -633.594058, 0.801113224, 0.021266447, 0.822311584, 0, 1.60733423e-08, 1.60733423e-08, 1.08732862e+09, 1.0873844e+09, 143.033658, 0.27, 3.332, 55633.743, -633.593909, 0.822379671, 0, 4.99677194e+16, 6.15134797, 6.19330628, 0, 0
13.171875, 0, 0, 5.00000008e+16, 0, 3.40021459e-14, 3.718e+18, 6.44e+20, 4.85, 4, 437.185102, 14.4528246, 0.866666996, 1398648.06, 1.20567873e+22, 9.72517401e+13, 3.20381935e+12, 638.996385, -435.171668, -439.059669, 5.00000008e+16, 1.8963035e+20, -1397353.88, 59950.6571, 368.580901, 14.4528246, 66.5480055, 0.866666997, 0.866666996, 5.00000008e+16, 0.696427831, 638.300183, 0.199574962, 638.996511, -638.298597, -0.696071371, -638.994796, 0.795636595, 0.0222727796, 0.817840762, 0, 1.60748038e-08, 1.60748038e-08, 1.11419712e+09, 1.11425327e+09, 150.263691, 0.27, 3.332, 55994.6438, -638.994666, 0.817909375, 0, 4.99674585e+16, 6.75724093, 6.80332689, 0, 0
13.2302083, 0, 0, 5.00000015e+16, 0, 3.41855584e-14, 3.718e+18, 6.44e+20, 4.85, 4, 445.393726, 14.3239546, 0.866666992, 1411490.66, 1.28868487e+22, 9.22934702e+13, 3.50300931e+12, 635.4224, -443.381986, -447.271083, 5.00000015e+16, 2.05729853e+20, -1410161.03, 61011.223, 368.606849, 14.3239546, 66.5395372, 0.866666994, 0.866666992, 5.00000015e+16, 0.805282151, 634.617369, 0.197235912, 635.422506, -634.615709, -0.804861808, -635.420679, 0.788391172, 0.0260117215, 0.81433372, 0, 1.60764107e-08, 1.60764107e-08, 1.11012057e+09, 1.11017711e+09, 163.020017, 0.27, 3.332, 56378.0675, -635.420568, 0.814402894, 0, 4.99676087e+16, 7.62130219, 7.67301919, 0, 0
13.28125, 0, 0, 5.00000021e+16, 0, 3.43477854e-14, 3.718e+18, 6.44e+20, 4.85, 4, 452.577937, 14.2111404, 0.866666988, 1422806.79, 1.4303859e+22, 9.26698014e+13, 3.79326768e+12, 640.756157, -450.566089, -454.457781, 5.00000021e+16, 2.16634843e+20, -1421450.16, 61918.4623, 368.629733, 14.2111404, 66.5321274, 0.866666992, 0.866666988, 5.00000021e+16, 0.838394973, 639.91804, 0.194328927, 640.756245, -639.916384, -0.837951021, -640.754423, 0.780104933, 0.0272694876, 0.807304783, 0, 1.6077828e-08, 1.6077828e-08, 1.13790481e+09, 1.13796143e+09, 171.660538, 0.27, 3.332, 56442.986, -640.754335, 0.807374421, 0, 4.99673527e+16, 8.37666696, 8.43360736, 0, 0
13.3395833, 0, 0, 5.00000042e+16, 0, 3.45268138e-14, 3.718e+18, 6.44e+20, 4.85, 4, 460.929495, 14.0814105, 0.866666976, 1436189, 1.52508685e+22, 8.75848444e+13, 4.147778e+12, 637.280879, -458.91947, -462.812133, 5.00000042e+16, 2.32467206e+20, -1434793.87, 63049.9341, 368.654817, 14.0814105, 66.5239401, 0.866666984, 0.866666976, 5.00000042e+16, 0.9696862, 636.311501, 0.19202974, 637.280947, -636.309787, -0.96916213, -637.279017, 0.769715751, 0.0318695801, 0.801515181, 0, 1.60793816e-08, 1.60793816e-08, 1.1338341e+09, 1.13389104e+09, 184.205253, 0.27, 3.332, 56755.6021, -637.278949, 0.801585332, 0, 4.99675002e+16, 9.45555519, 9.51955279, 0, 0
13.390625, 0, 0, 5.00000059e+16, 0, 3.46852586e-14, 3.718e+18, 6.44e+20, 4.85, 4, 468.238882, 13.9678528, 0.866666966, 1447982.23, 1.69369187e+22, 8.7929628e+13, 4.4956051e+12, 642.508903, -466.228752, -470.124038, 5.00000059e+16, 2.4554201e+20, -1446557.72, 64017.8821, 368.676951, 13.9678528, 66.5167762, 0.866666977, 0.866666966, 5.00000059e+16, 1.01027094, 641.498972, 0.189186971, 642.508948, -641.497267, -1.00971662, -642.507032, 0.757057422, 0.0334455493, 0.7904324, 0, 1.60807524e-08, 1.60807524e-08, 1.16252635e+09, 1.16258295e+09, 194.565021, 0.27, 3.332, 56404.323, -642.506988, 0.790502971, 0, 4.99672521e+16, 10.3987206, 10.4693683, 0, 0
13.4489583, 0, 0, 5.00000113e+16, 0, 3.48594175e-14, 3.718e+18, 6.44e+20, 4.85, 4, 476.739411, 13.8372865, 0.866666935, 1461944.26, 1.80156915e+22, 8.27308057e+13, 4.91580995e+12, 639.166122, -474.731247, -478.627365, 5.00000113e+16, 2.60020775e+20, -1460477.85, 65227.4794, 368.701127, 13.8372865, 66.5088833, 0.866666955, 0.866666935, 5.00000113e+16, 1.16861108, 637.997886, 0.186934901, 639.166147, -637.996127, -1.16795578, -639.164112, 0.745118485, 0.0391198355, 0.784167262, 0, 1.60822499e-08, 1.60822499e-08, 1.15851024e+09, 1.15856717e+09, 206.037279, 0.27, 3.332, 56723.0442, -639.164087, 0.78423832, 0, 4.99673981e+16, 11.7484235, 11.8279468, 0, 0
13.5, 0, 0, 5.00000161e+16, 0, 3.5013654e-14, 3.718e+18, 6.44e+20, 4.85, 4, 484.179274, 13.7229876, 0.866666907, 1474251.47, 2.00185009e+22, 8.30435901e+13, 5.33365048e+12, 644.254119, -482.171009, -486.06978, 5.00000161e+16, 2.757488e+20, -1472753.03, 66261.5587, 368.722472, 13.7229876, 66.501977, 0.866666936, 0.866666907, 5.00000161e+16, 1.21857856, 643.035949, 0.18417306, 644.25412, -643.034205, -1.2178843, -644.252094, 0.730200782, 0.0411041945, 0.771233522, 0, 1.60835719e-08, 1.60835719e-08, 1.18811318e+09, 1.18816949e+09, 218.499321, 0.27, 3.332, 56085.984, -644.252093, 0.771304976, 0, 4.9967161e+16, 12.9283116, 13.0162928, 0, 0
13.5583333, 0, 0, 5.00000301e+16, 0, 3.5182399e-14, 3.718e+18, 6.44e+20, 4.85, 4, 492.835337, 13.5914653, 0.866666826, 1488834.91, 2.12475824e+22, 7.77723178e+13, 5.83184471e+12, 641.077848, -490.829185, -494.728641, 5.00000301e+16, 2.87568681e+20, -1487291.06, 67550.4829, 368.745687, 13.5914653, 66.4943931, 0.86666688, 0.866666826, 5.00000301e+16, 1.40943044, 639.668869, 0.181973309, 641.077829, -639.667091, -1.40860875, -641.075685, 0.715365402, 0.0481050287, 0.763398529, 0, 1.60850099e-08, 1.60850099e-08, 1.18420459e+09, 1.18426114e+09, 227.864887, 0.27, 3.332, 56319.4489, -641.075703, 0.76347043, 0, 4.99673093e+16, 14.6196214, 14.7189426, 0, 0
13.609375, 0, 0, 5.00000424e+16, 0, 3.53319494e-14, 3.718e+18, 6.44e+20, 4.85, 4, 500.411411, 13.4763417, 0.866666755, 1501691.68, 2.3623058e+22, 7.80518846e+13, 6.33543241e+12, 645.994004, -498.405164, -502.30731, 5.00000424e+16, 3.06569508e+20, -1500113.06, 68651.6291, 368.766197, 13.4763417, 66.4877572, 0.866666831, 0.866666755, 5.00000424e+16, 1.47126325, 644.523243, 0.17930787, 645.993966, -644.521479, -1.47039129, -645.991832, 0.696334239, 0.0506116995, 0.746873677, 0, 1.60862803e-08, 1.60862803e-08, 1.21472698e+09, 1.21478246e+09, 242.920132, 0.27, 3.332, 55233.2972, -645.991873, 0.746945939, 0, 4.99670901e+16, 16.0981953, 16.20835, 0, 0
13.6677083, 0, 0, 5.00000783e+16, 0, 3.54946812e-14, 3.718e+18, 6.44e+20, 4.85, 4, 509.229972, 13.3438847, 0.866666548, 1516945.57, 2.50308616e+22, 7.27326963e+13, 6.92593391e+12, 643.019304, -507.225996, -511.128666, 5.00000783e+16, 3.14315198e+20, -1515317.73, 70025.5014, 368.788394, 13.3438847, 66.4804969, 0.866666687, 0.866666548, 5.00000783e+16, 1.70102227, 641.318832, 0.177163696, 643.019246, -641.317045, -1.69998874, -643.016975, 0.680044855, 0.059266954, 0.739239147, 0, 1.60876553e-08, 1.60876553e-08, 1.21098415e+09, 1.21103984e+09, 249.057586, 0.27, 3.332, 55450.9246, -643.017037, 0.739311809, 0, 4.9967253e+16, 18.2219295, 18.3467855, 0, 0
13.71875, 0, 0, 5.00001096e+16, 0, 3.56390197e-14, 3.718e+18, 6.44e+20, 4.85, 4, 516.94837, 13.2279367, 0.866666367, 1530396.63, 2.7845824e+22, 7.29797487e+13, 7.53475551e+12, 647.733832, -514.944303, -518.849706, 5.00001096e+16, 3.37370592e+20, -1528731.09, 71197.0759, 368.808019, 13.2279367, 66.4741442, 0.866666561, 0.866666367, 5.00001096e+16, 1.7779839, 645.956462, 0.174609134, 647.733751, -645.954689, -1.77688516, -647.731493, 0.658831288, 0.0624511954, 0.721209507, 0, 1.60888709e-08, 1.60888709e-08, 1.24244228e+09, 1.24249658e+09, 267.325467, 0.27, 3.332, 54035.1757, -647.731579, 0.721282484, 0, 4.99670641e+16, 20.0786763, 20.2173998, 0, 0
13.7770833, 0, 0, 5.00001985e+16, 0, 3.57950624e-14, 3.718e+18, 6.44e+20, 4.85, 4, 525.937035, 13.0944119, 0.866665853, 1546372.45, 2.94770136e+22, 6.76717966e+13, 8.23418474e+12, 644.996313, -523.935394, -527.841157, 5.00001985e+16, 3.3989366e+20, -1544654.07, 72651.5121, 368.82913, 13.0944119, 66.4672204, 0.8666662, 0.866665853, 5.00001985e+16, 2.05396586, 642.943018, 0.172521215, 644.996212, -642.941252, -2.05266216, -644.993812, 0.63982366, 0.0731422898, 0.712892694, 0, 1.60901787e-08, 1.60901787e-08, 1.23892913e+09, 1.23898355e+09, 269.324835, 0.27, 3.332, 54142.5547, -644.993918, 0.71296595, 0, 4.99672715e+16, 22.7502062, 22.9085417, 0, 0
13.828125, 0, 0, 5.00002763e+16, 0, 3.59335961e-14, 3.718e+18, 6.44e+20, 4.85, 4, 533.804395, 12.977548, 0.866665404, 1560461.41, 3.28121589e+22, 6.78865035e+13, 8.97306319e+12, 649.482814, -531.802671, -535.711215, 5.00002763e+16, 3.68020561e+20, -1558702.59, 73888.2385, 368.84781, 12.977548, 66.4611621, 0.866665885, 0.866665404, 5.00002763e+16, 2.15037135, 647.333198, 0.170090431, 649.482689, -647.331446, -2.14898293, -649.480303, 0.614687771, 0.0772023689, 0.691816675, 0, 1.60913359e-08, 1.60913359e-08, 1.27134822e+09, 1.27140072e+09, 291.61113, 0.27, 3.332, 52214.9513, -649.480428, 0.69189014, 0, 4.99671424e+16, 25.0863282, 25.2625334, 0, 0
13.8864583, 0, 0, 5.00004915e+16, 0, 3.60821974e-14, 3.718e+18, 6.44e+20, 4.85, 4, 542.971278, 12.842968, 0.86666416, 1577215.66, 3.47457834e+22, 6.2644142e+13, 9.80008691e+12, 647.020817, -540.972134, -544.880867, 5.00004915e+16, 3.64710417e+20, -1575400.69, 75417.3278, 368.86776, 12.842968, 66.4545803, 0.866665007, 0.86666416, 5.00004915e+16, 2.48066031, 644.540976, 0.168057655, 647.020671, -644.539256, -2.47901119, -647.018121, 0.593988076, 0.0904044814, 0.684319045, 0, 1.60925718e-08, 1.60925718e-08, 1.26813785e+09, 1.26819039e+09, 288.988589, 0.27, 3.332, 52250.022, -647.018266, 0.684392558, 0, 4.99674664e+16, 28.4529464, 28.656429, 0, 0
13.9375, 0, 0, 5.00006799e+16, 0, 3.62142656e-14, 3.718e+18, 6.44e+20, 4.85, 4, 550.994701, 12.7251882, 0.866663072, 1591992.52, 3.87013171e+22, 6.28280844e+13, 1.06998591e+13, 651.253194, -548.99548, -552.907052, 5.00006799e+16, 3.99208534e+20, -1590134.73, 76711.0762, 368.885429, 12.7251882, 66.4488212, 0.866664238, 0.866663072, 5.00006799e+16, 2.60224684, 648.651875, 0.165763333, 651.253025, -648.650174, -2.60048729, -651.250489, 0.566311676, 0.0956075444, 0.661845699, 0, 1.60936664e-08, 1.60936664e-08, 1.30154395e+09, 1.30159415e+09, 316.323128, 0.27, 3.332, 49882.3709, -651.250657, 0.661919221, 0, 4.99674623e+16, 31.3981348, 31.6246214, 0, 0
13.9958333, 0, 0, 5.00011886e+16, 0, 3.63545677e-14, 3.718e+18, 6.44e+20, 4.85, 4, 560.348625, 12.5894624, 0.866660132, 1609576.39, 4.10725992e+22, 5.77471555e+13, 1.16748433e+13, 649.105402, -558.352108, -562.263717, 5.00011886e+16, 3.90404059e+20, -1607660.31, 78292.8361, 368.904127, 12.5894624, 66.4425686, 0.866662146, 0.866660132, 5.00011886e+16, 2.99522172, 646.111185, 0.163781385, 649.105211, -646.109564, -2.9931316, -649.102501, 0.542993811, 0.111837805, 0.654758514, 0, 1.60948248e-08, 1.60948248e-08, 1.29871623e+09, 1.29876627e+09, 309.347158, 0.27, 3.332, 49737.5283, -649.102691, 0.654831616, 0, 4.99680686e+16, 35.6440366, 35.9108669, 0, 0
14.046875, 0, 0, 5.00016338e+16, 0, 3.6479417e-14, 3.718e+18, 6.44e+20, 4.85, 4, 568.535786, 12.4707174, 0.86665756, 1625082.82, 4.57753704e+22, 5.79017906e+13, 1.27742945e+13, 653.062054, -566.539199, -570.45371, 5.00016338e+16, 4.32962892e+20, -1623122.49, 79622.2773, 368.920707, 12.4707174, 66.4370975, 0.866660316, 0.86665756, 5.00016338e+16, 3.14960393, 649.91359, 0.161634078, 653.061835, -649.911987, -3.1473701, -653.059139, 0.511501114, 0.1185212, 0.62994959, 0, 1.6095852e-08, 1.6095852e-08, 1.33313602e+09, 1.33318315e+09, 343.068619, 0.27, 3.332, 46789.004, -653.059357, 0.630022314, 0, 4.99683372e+16, 39.361986, 39.6585474, 0, 0
14.1052083, 0, 0, 5.00028068e+16, 0, 3.66104551e-14, 3.718e+18, 6.44e+20, 4.85, 4, 578.086035, 12.333972, 0.866650783, 1643545.72, 4.88145349e+22, 5.30692738e+13, 1.39176882e+13, 651.263721, -576.092241, -580.006656, 5.00028068e+16, 4.19821398e+20, -1641526.48, 81229.0436, 368.938052, 12.333972, 66.4311166, 0.866655458, 0.866650783, 5.00028068e+16, 3.61303601, 647.651917, 0.15969355, 651.263481, -647.65043, -3.61038367, -651.260575, 0.487096785, 0.138376839, 0.625402036, 0, 1.60969266e-08, 1.60969266e-08, 1.33077166e+09, 1.3308185e+09, 332.656184, 0.27, 3.332, 46513.4532, -651.260814, 0.625473623, 0, 4.99695956e+16, 44.7155827, 45.0774211, 0, 0
14.15625, 0, 0, 5.00038331e+16, 0, 3.67272375e-14, 3.718e+18, 6.44e+20, 4.85, 4, 586.445026, 12.2143606, 0.866644854, 1659823.95, 5.44315615e+22, 5.31975394e+13, 1.52638144e+13, 654.932015, -584.45117, -588.368556, 5.00038331e+16, 4.72582061e+20, -1657760.46, 82565.5681, 368.953454, 12.2143606, 66.4258834, 0.866651207, 0.866644854, 5.00038331e+16, 3.81030511, 651.123128, 0.15769914, 654.931752, -651.121655, -3.80746587, -654.928859, 0.453879882, 0.146985801, 0.600795061, 0, 1.60978808e-08, 1.60978808e-08, 1.36623887e+09, 1.3662824e+09, 374.461089, 0.27, 3.332, 43155.3568, -654.929122, 0.600865682, 0, 4.99704616e+16, 49.4133625, 49.8133902, 0, 0
14.2145833, 0, 0, 5.00064717e+16, 0, 3.68479007e-14, 3.718e+18, 6.44e+20, 4.85, 4, 596.201502, 12.0766452, 0.86662961, 1679198.34, 5.85042297e+22, 4.87427197e+13, 1.65937177e+13, 653.510463, -594.210447, -598.127663, 5.00064717e+16, 4.57033163e+20, -1677078.36, 84142.8241, 368.969327, 12.0766452, 66.4200218, 0.866640196, 0.86662961, 5.00064717e+16, 4.34962641, 649.162371, 0.155784069, 653.510179, -649.161067, -4.34626249, -653.507047, 0.427939238, 0.170999753, 0.598870513, 0, 1.60988643e-08, 1.60988643e-08, 1.36441253e+09, 1.36445555e+09, 362.141093, 0.27, 3.332, 42659.3185, -653.50733, 0.598938991, 0, 4.99731718e+16, 56.1470196, 56.6615998, 0, 0
14.265625, 0, 0, 5.00087805e+16, 0, 3.69556404e-14, 3.718e+18, 6.44e+20, 4.85, 4, 604.740892, 11.9562492, 0.866616271, 1696270.2, 6.52585887e+22, 4.88475347e+13, 1.82432875e+13, 656.892499, -602.749782, -606.670041, 5.00087805e+16, 5.22724042e+20, -1694108.51, 85434.8472, 368.983446, 11.9562492, 66.4148929, 0.866630562, 0.866616271, 5.00087805e+16, 4.60297313, 652.291301, 0.153941061, 656.892192, -652.290007, -4.59936811, -656.889069, 0.392388335, 0.182070089, 0.574391726, 0, 1.60997391e-08, 1.60997391e-08, 1.40096725e+09, 1.4010065e+09, 414.191285, 0.27, 3.332, 38834.3063, -656.889376, 0.574458424, 0, 4.99753367e+16, 62.0798498, 62.6433786, 0, 0
14.3239583, 0, 0, 5.00145709e+16, 0, 3.70646663e-14, 3.718e+18, 6.44e+20, 4.85, 4, 614.713684, 11.8179171, 0.86658282, 1716566.59, 7.09204407e+22, 4.48922309e+13, 1.97699144e+13, 655.864526, -612.725278, -616.645366, 5.00145709e+16, 5.06833804e+20, -1714354.79, 86912.7985, 368.997706, 11.8179171, 66.408795, 0.866606214, 0.86658282, 5.00145709e+16, 5.21847309, 650.647979, 0.152029474, 655.8642, -650.64689, -5.21421766, -655.860783, 0.366410013, 0.210683851, 0.577030423, 0, 1.61006226e-08, 1.61006226e-08, 1.39974178e+09, 1.39978035e+09, 401.600762, 0.27, 3.332, 38171.0241, -655.861108, 0.577093864, 0, 4.99811835e+16, 70.5084115, 71.2813487, 0, 0
14.375, 0, 0, 5.00196381e+16, 0, 3.71622525e-14, 3.718e+18, 6.44e+20, 4.85, 4, 623.4422, 11.6970393, 0.86655355, 1734436.42, 7.91130985e+22, 4.49774302e+13, 2.1786832e+13, 658.977487, -621.453745, -625.37695, 5.00196381e+16, 5.88774154e+20, -1732188.76, 88094.0777, 369.010421, 11.6970393, 66.4034594, 0.86658491, 0.86655355, 5.00196381e+16, 5.54476874, 653.43495, 0.150328564, 658.977142, -653.433874, -5.54020557, -658.973734, 0.330597537, 0.224864988, 0.555401758, 0, 1.61014105e-08, 1.61014105e-08, 1.43741822e+09, 1.43745279e+09, 466.526262, 0.27, 3.332, 34104.8786, -658.974078, 0.555462525, 0, 4.99861212e+16, 77.9856987, 78.820645, 0, 0
14.4333333, 0, 0, 5.00320341e+16, 0, 3.72581828e-14, 3.718e+18, 6.44e+20, 4.85, 4, 633.641492, 11.5584833, 0.866481951, 1755620.59, 8.71317544e+22, 4.16797028e+13, 2.35042885e+13, 658.343547, -631.655475, -635.578634, 5.00320341e+16, 5.7456012e+20, -1753334.78, 89372.2733, 369.022906, 11.5584833, 66.3963623, 0.866532385, 0.866481951, 5.00320341e+16, 6.22729866, 652.118692, 0.148393223, 658.343186, -652.117859, -6.22194731, -658.339443, 0.304387727, 0.258106403, 0.562437682, 0, 1.6102184e-08, 1.6102184e-08, 1.43683315e+09, 1.43686682e+09, 455.263809, 0.27, 3.332, 33214.7234, -658.339804, 0.56249413, 0, 4.99985556e+16, 88.4695598, 89.6641056, 0, 0
14.484375, 0, 0, 5.0042883e+16, 0, 3.73443321e-14, 3.718e+18, 6.44e+20, 4.85, 4, 642.567872, 11.4375044, 0.866419302, 1774248.57, 9.71594324e+22, 4.17488837e+13, 2.59566531e+13, 661.223366, -640.581812, -644.508152, 5.0042883e+16, 6.76678713e+20, -1771937.18, 90352.8906, 369.034073, 11.4375044, 66.3901523, 0.866486426, 0.866419302, 5.0042883e+16, 6.64723969, 654.57895, 0.146815649, 661.222986, -654.578125, -6.64150413, -661.219248, 0.268076357, 0.276069819, 0.544093248, 0, 1.61028759e-08, 1.61028759e-08, 1.47564772e+09, 1.4756772e+09, 536.177587, 0.27, 3.332, 28946.807, -661.219632, 0.544146176, 0, 5.00092866e+16, 97.847805, 99.1206136, 0, 0
14.5427083, 0, 0, 5.00687681e+16, 0, 3.74255149e-14, 3.718e+18, 6.44e+20, 4.85, 4, 653.003169, 11.2995323, 0.866269844, 1796250.73, 1.08506127e+23, 3.9239066e+13, 2.78287782e+13, 660.962351, -651.019095, -654.945647, 5.00687681e+16, 6.65584406e+20, -1793918.95, 91323.7654, 369.044592, 11.2995323, 66.3804893, 0.866375897, 0.866269844, 5.00687681e+16, 7.37269113, 653.59278, 0.144826901, 660.961957, -653.592202, -7.36602379, -660.95783, 0.243085723, 0.313469177, 0.556506936, 0, 1.61035277e-08, 1.61035277e-08, 1.47570645e+09, 1.47573492e+09, 527.386992, 0.27, 3.332, 27943.6184, -660.958228, 0.556554899, 0, 5.00351877e+16, 110.820854, 112.637856, 0, 0
14.59375, 0, 0, 5.00914284e+16, 0, 3.74987708e-14, 3.718e+18, 6.44e+20, 4.85, 4, 662.135572, 11.1791346, 0.866139069, 1815570.84, 1.20878862e+23, 3.92962052e+13, 3.07773111e+13, 663.662937, -660.151461, -664.081237, 5.00914284e+16, 7.92104324e+20, -1813228.5, 92004.1591, 369.054046, 11.1791346, 66.3720342, 0.866279185, 0.866139069, 5.00914284e+16, 7.9101989, 655.756321, 0.143344674, 663.662525, -655.755752, -7.90306474, -663.658402, 0.208309949, 0.335866494, 0.544132516, 0, 1.61041135e-08, 1.61041135e-08, 1.5156585e+09, 1.51568286e+09, 627.6352, 0.27, 3.332, 23735.6563, -663.658814, 0.544176443, 0, 5.00577351e+16, 122.50064, 124.415291, 0, 0
14.6520833, 0, 0, 5.01441467e+16, 0, 3.75633163e-14, 3.718e+18, 6.44e+20, 4.85, 4, 672.815611, 11.0424954, 0.865834906, 1838273.65, 1.36653971e+23, 3.77586488e+13, 3.27192712e+13, 663.733531, -670.832781, -674.763209, 5.01441467e+16, 7.85434581e+20, -1835935.95, 92523.6781, 369.062379, 11.0424954, 66.3567219, 0.866052374, 0.865834906, 5.01441467e+16, 8.63299965, 655.104567, 0.14127944, 663.733107, -655.104242, -8.62481082, -663.728628, 0.182961088, 0.375821338, 0.558743596, 0, 1.61046299e-08, 1.61046299e-08, 1.51632651e+09, 1.51634971e+09, 622.350369, 0.27, 3.332, 22574.7777, -663.72905, 0.558782427, 0, 5.01104375e+16, 138.499394, 141.097743, 0, 0
14.703125, 0, 0, 5.01903208e+16, 0, 3.76220107e-14, 3.718e+18, 6.44e+20, 4.85, 4, 682.161436, 10.9233722, 0.865568763, 1858171.35, 1.51988899e+23, 3.78066871e+13, 3.62040028e+13, 666.313815, -680.178572, -684.11224, 5.01903208e+16, 9.4045246e+20, -1855843.89, 92770.6689, 369.069926, 10.9233722, 66.3433236, 0.865853915, 0.865568763, 5.01903208e+16, 9.31248657, 657.005902, 0.13986197, 666.313377, -657.005582, -9.30375725, -666.308902, 0.14760426, 0.402944894, 0.550514468, 0, 1.61050975e-08, 1.61050975e-08, 1.55736588e+09, 1.55738483e+09, 745.178963, 0.27, 3.332, 18196.8295, -666.309339, 0.550549155, 0, 5.01564942e+16, 152.898496, 155.619794, 0, 0
14.7614583, 0, 0, 5.02950207e+16, 0, 3.76677942e-14, 3.718e+18, 6.44e+20, 4.85, 4, 693.093355, 10.7891358, 0.864965601, 1881418.4, 1.73388866e+23, 3.74696927e+13, 3.80561135e+13, 666.668545, -691.110783, -695.045737, 5.02950207e+16, 9.39508613e+20, -1879128.19, 92669.3807, 369.075822, 10.7891358, 66.3164947, 0.865400253, 0.864965601, 5.02950207e+16, 9.96007803, 656.713765, 0.137721336, 666.6681, -656.713655, -9.95022461, -666.663434, 0.119961896, 0.44247054, 0.562402402, 0, 1.61054628e-08, 1.61054628e-08, 1.55859172e+09, 1.55860939e+09, 744.431027, 0.27, 3.332, 16919.38, -666.663879, 0.562432436, 0, 5.02611278e+16, 172.536711, 175.951761, 0, 0
14.8125, 0, 0, 5.03868122e+16, 0, 3.77100434e-14, 3.718e+18, 6.44e+20, 4.85, 4, 702.658593, 10.6722102, 0.864437835, 1901747.85, 1.92383893e+23, 3.75105198e+13, 4.20661681e+13, 669.159262, -700.675991, -704.614153, 5.03868122e+16, 1.12572693e+21, -1899494.91, 92318.4982, 369.081239, 10.6722102, 66.2930194, 0.865003298, 0.864437835, 5.03868122e+16, 10.7997958, 658.36535, 0.136352558, 669.158812, -658.365239, -10.7893606, -669.154151, 0.0814222832, 0.473874417, 0.555270458, 0, 1.61057985e-08, 1.61057985e-08, 1.60053489e+09, 1.60054769e+09, 891.981274, 0.27, 3.332, 11903.9549, -669.1546, 0.555296701, 0, 5.03527824e+16, 190.062412, 193.633562, 0, 0
14.8708333, 0, 0, 5.05895314e+16, 0, 3.77346517e-14, 3.718e+18, 6.44e+20, 4.85, 4, 713.847809, 10.5413275, 0.863273485, 1925312.65, 2.20848921e+23, 3.88279894e+13, 4.35676685e+13, 669.781828, -711.864113, -715.804478, 5.05895314e+16, 1.13305779e+21, -1923138.91, 91353.8337, 369.084403, 10.5413275, 66.2439017, 0.864119542, 0.863273485, 5.05895314e+16, 11.2717561, 658.517237, 0.134192915, 669.781374, -658.517232, -11.2602616, -669.777039, 0.0432711565, 0.507565553, 0.550814296, 0, 1.61059946e-08, 1.61059946e-08, 1.60232034e+09, 1.6023315e+09, 897.789807, 0.27, 3.332, 10268.2334, -669.777493, 0.55083671, 0, 5.0555348e+16, 213.978625, 217.997334, 0, 0
14.921875, 0, 0, 5.07675796e+16, 0, 3.77582996e-14, 3.718e+18, 6.44e+20, 4.85, 4, 723.636782, 10.4274956, 0.862254678, 1945854.81, 2.4421579e+23, 3.88597394e+13, 4.80062304e+13, 672.116995, -721.653064, -725.596533, 5.07675796e+16, 1.3499448e+21, -1943752.62, 90171.0245, 369.087429, 10.4274956, 66.2009237, 0.863346256, 0.862254678, 5.07675796e+16, 12.2693106, 659.855389, 0.132906106, 672.116532, -659.855389, -12.2572758, -672.112201, -0.00968635356, 0.541007995, 0.531302359, 0, 1.61061821e-08, 1.61061821e-08, 1.64464263e+09, 1.64464658e+09, 1069.64029, 0.27, 3.332, 2877.64459, -672.112665, 0.531321642, 0, 5.07332183e+16, 234.938104, 239.166674, 0, 0
14.9802083, 0, 0, 5.11500918e+16, 0, 3.77590258e-14, 3.718e+18, 6.44e+20, 4.85, 4, 735.085732, 10.3013393, 0.860070272, 1969433.46, 2.82453087e+23, 4.26537843e+13, 4.87771001e+13, 673.11742, -733.099051, -737.04599, 5.11500918e+16, 1.37072925e+21, -1967461.34, 88032.5516, 369.087522, 10.3013393, 66.1104345, 0.861671878, 0.860070272, 5.11500918e+16, 12.4486939, 660.678792, 0.130896856, 673.116952, -660.678474, -12.4359009, -673.113908, -0.0747818784, 0.561031355, 0.486232983, 0, 1.61061879e-08, 1.61061879e-08, 1.64723672e+09, 1.64723839e+09, 1086.1088, 0.27, 3.332, 592.67473, -673.114375, 0.486249477, 0, 5.11154202e+16, 263.652109, 267.734083, 0, 0
15.03125, 0, 0, 5.14871534e+16, 0, 3.77616152e-14, 3.718e+18, 6.44e+20, 4.85, 4, 745.10009, 10.1918115, 0.858158917, 1989901.34, 3.10872202e+23, 4.26653431e+13, 5.34050705e+13, 674.991385, -743.1134, -747.06323, 5.14871534e+16, 1.61089812e+21, -1988041.53, 85707.5443, 369.087854, 10.1918115, 66.0312565, 0.860206797, 0.858158917, 5.14871534e+16, 13.5551992, 661.446631, 0.129847952, 674.990918, -661.446304, -13.5420534, -674.987888, -0.164687734, 0.591376081, 0.426674148, 0, 1.61062084e-08, 1.61062084e-08, 1.68864522e+09, 1.6886334e+09, 1276.40639, 0.27, 3.332, -13096.9568, -674.988359, 0.426688348, 0, 5.14522335e+16, 288.151129, 292.529574, 0, 0
15.0895833, 0, 0, 5.21901695e+16, 0, 3.77353802e-14, 3.718e+18, 6.44e+20, 4.85, 4, 756.807646, 10.0717639, 0.854187396, 2013047.63, 3.66703158e+23, 5.07662758e+13, 5.29724333e+13, 676.884437, -754.815423, -758.770533, 5.21901695e+16, 1.65786213e+21, -2011377.42, 81936.9909, 369.084481, 10.0717639, 65.8669586, 0.857128833, 0.854187396, 5.21901695e+16, 13.3412195, 663.558124, 0.128414685, 676.883967, -663.555722, -13.3280314, -676.883281, -0.307554393, 0.586935859, 0.279368994, 0, 1.61059994e-08, 1.61059994e-08, 1.69313555e+09, 1.69311993e+09, 1313.61829, 0.27, 3.332, -16941.0388, -676.883755, 0.279381467, 0, 5.21546467e+16, 321.413844, 325.041981, 0, 0
15.140625, 0, 0, 5.28131785e+16, 0, 3.77140258e-14, 3.718e+18, 6.44e+20, 4.85, 4, 767.045626, 9.96785824, 0.850712315, 2033007.16, 4.00857756e+23, 5.07087353e+13, 5.73663159e+13, 677.365761, -765.053437, -769.011052, 5.28131785e+16, 1.90242764e+21, -2031494.49, 78013.6157, 369.081748, 9.96785824, 65.7231979, 0.854435615, 0.850712315, 5.28131785e+16, 14.4206763, 662.959992, 0.128079517, 677.365283, -662.957534, -14.4075513, -677.36461, -0.504095558, 0.604313586, 0.10020699, 0, 1.61058301e-08, 1.61058301e-08, 1.73042034e+09, 1.73037317e+09, 1507.39908, 0.27, 3.332, -48675.3108, -677.365084, 0.100218028, 0, 5.27773158e+16, 349.124655, 353.202915, 0, 0
15.1989583, 0, 0, 5.40707927e+16, 0, 3.76573488e-14, 3.718e+18, 6.44e+20, 4.85, 4, 779.004693, 9.85608521, 0.843746908, 2055051.83, 4.99765261e+23, 6.72040821e+13, 5.52889488e+13, 681.94957, -777.003538, -780.968957, 5.40707927e+16, 2.00496203e+21, -2053790.1, 71985.9134, 369.074448, 9.85608521, 65.4326044, 0.848967151, 0.843746908, 5.40707927e+16, 13.7865514, 668.185304, 0.128341645, 681.94909, -668.173169, -13.774635, -681.947327, -0.884481079, 0.564179032, -0.320312307, 0, 1.61053777e-08, 1.61053777e-08, 1.74062707e+09, 1.74057359e+09, 1588.64211, 0.27, 3.332, -55057.6569, -681.947803, -0.320302048, 0, 5.40337492e+16, 383.813901, 388.713589, 0, 0
15.25, 0, 0, 5.51957468e+16, 0, 3.7608529e-14, 3.718e+18, 6.44e+20, 4.85, 4, 789.459071, 9.75976844, 0.837652177, 2073861.57, 5.40421845e+23, 6.68513875e+13, 5.88099663e+13, 678.28675, -787.458077, -791.425308, 5.51957468e+16, 2.21611525e+21, -2072797.67, 65837.5502, 369.068189, 9.75976844, 65.1783351, 0.844182245, 0.837652177, 5.51957468e+16, 14.5703061, 663.738214, 0.130126995, 678.28627, -663.725631, -14.5591022, -678.284255, -1.40567823, 0.55405508, -0.851632749, 0, 1.61049899e-08, 1.61049899e-08, 1.76520989e+09, 1.76506976e+09, 1755.94793, 0.27, 3.332, -141884.391, -678.284736, -0.851623149, 0, 5.51583425e+16, 413.718274, 419.286765, 0, 0
15.3083333, 0, 0, 5.73837651e+16, 0, 3.75174402e-14, 3.718e+18, 6.44e+20, 4.85, 4, 801.653827, 9.65921071, 0.825952746, 2093745.05, 7.59206249e+23, 1.01308396e+14, 5.49790556e+13, 691.817891, -799.639599, -803.617941, 5.73837651e+16, 2.42145962e+21, -2092977.78, 56676.7518, 369.056414, 9.65921071, 64.6818194, 0.834849826, 0.825952746, 5.73837651e+16, 13.6196474, 678.227873, 0.13555928, 691.817408, -678.170047, -13.6112104, -691.780777, -2.63562074, 0.471650757, -2.16397957, 0, 1.61042602e-08, 1.61042602e-08, 1.79456661e+09, 1.79441834e+09, 1918.65218, 0.27, 3.332, -150181.152, -691.78126, -2.16396998, 0, 5.734388e+16, 445.978273, 455.675444, 0, 0
15.359375, 0, 0, 5.93693149e+16, 0, 3.74362866e-14, 3.718e+18, 6.44e+20, 4.85, 4, 812.309265, 9.57322687, 0.815715744, 2110388.59, 8.04223609e+23, 9.93485776e+13, 5.68224298e+13, 675.018278, -810.295648, -814.274443, 5.93693149e+16, 2.53329752e+21, -2109831.43, 47438.3534, 369.045972, 9.57322687, 64.2473681, 0.82668396, 0.815715744, 5.93693149e+16, 13.7007594, 661.346249, 0.144065015, 675.017796, -661.284054, -13.6937107, -674.977282, -4.30461422, 0.419337032, -3.88528675, 0, 1.61036132e-08, 1.61036132e-08, 1.78006237e+09, 1.77964805e+09, 2007.2644, 0.27, 3.332, -416321.713, -674.977764, -3.88527719, 0, 5.9329654e+16, 475.95868, 486.570709, 0, 0
15.4177083, 0, 0, 6.30695394e+16, 0, 3.73063255e-14, 3.718e+18, 6.44e+20, 4.85, 4, 824.709161, 9.48881484, 0.797094151, 2126473.3, 1.31168159e+24, 1.67875088e+14, 5.18517276e+13, 718.002426, -822.678843, -826.671455, 6.30695394e+16, 2.7811507e+21, -2126199.27, 34026.1493, 369.02908, 9.48881484, 63.4346218, 0.811523448, 0.797094151, 6.30695394e+16, 12.6197433, 705.411655, 0.166568599, 718.001942, -705.150084, -12.6160236, -717.765623, -8.60082191, 0.305255909, -8.29557619, 0, 1.61025666e-08, 1.61025666e-08, 1.8729304e+09, 1.87250507e+09, 2203.6506, 0.27, 3.332, -427531.21, -717.766108, -8.29556604, 0, 6.30240136e+16, 505.063544, 519.484666, 0, 0
15.46875, 0, 0, 6.64959321e+16, 0, 3.71846262e-14, 3.718e+18, 6.44e+20, 4.85, 4, 835.537052, 9.41760851, 0.780800257, 2139411.37, 1.32163824e+24, 1.55772109e+14, 5.11617642e+13, 657.955577, -833.509099, -837.498944, 6.64959321e+16, 2.68688346e+21, -2139279.56, 20593.4809, 369.013332, 9.41760851, 62.7234687, 0.798258, 0.780800257, 6.64959321e+16, 11.6086446, 646.37562, 0.197214662, 657.955088, -646.06182, -11.6064174, -657.667748, -14.2089511, 0.2127876, -13.9961742, 0, 1.61015908e-08, 1.61015908e-08, 1.73373105e+09, 1.73264982e+09, 2128.95344, 0.27, 3.332, -1083351.91, -657.668238, -13.9961635, 0, 6.64541807e+16, 531.524555, 546.840911, 0, 0
15.5270833, 0, 0, 7.25790901e+16, 0, 3.7008802e-14, 3.718e+18, 6.44e+20, 4.85, 4, 848.08909, 9.35678625, 0.753107891, 2149193.03, 2.11932645e+24, 2.38727878e+14, 4.59962877e+13, 755.463576, -846.047538, -850.047635, 7.25790901e+16, 2.73221082e+21, -2149184.06, 1521.78896, 368.990307, 9.35678625, 61.4618576, 0.77510102, 0.753107891, 7.25790901e+16, 10.4427495, 745.040426, 0.265062681, 755.463085, -744.159509, -10.4421432, -754.60116, -24.8901175, 0.103645543, -24.7864837, 0, 1.61001642e-08, 1.61001642e-08, 1.9445434e+09, 1.94338091e+09, 2164.86993, 0.27, 3.332, -1164658.81, -754.601653, -24.786472, 0, 7.25258655e+16, 551.173824, 568.376431, 0, 0
15.578125, 0, 0, 7.83566581e+16, 0, 3.68331163e-14, 3.718e+18, 6.44e+20, 4.85, 4, 859.040601, 9.30712364, 0.72887707, 2156092.48, 1.87888754e+24, 1.85086914e+14, 4.21521978e+13, 597.092816, -857.007119, -860.996406, 7.83566581e+16, 2.3022433e+21, -2155973.95, -17489.2956, 368.967383, 9.30712364, 60.3579479, 0.754838663, 0.72887707, 7.83566581e+16, 8.40563525, 588.709373, 0.346159955, 597.092322, -587.442917, -8.40560932, -595.84803, -36.0074282, 0.00922461085, -35.9982162, 0, 1.60987438e-08, 1.60987438e-08, 1.52487748e+09, 1.5233365e+09, 1824.17806, 0.27, 3.332, -1542797.15, -595.848526, -35.9982036, 0, 7.83170246e+16, 568.546603, 585.548171, 0, 0
15.6364583, 0, 0, 8.80897143e+16, 0, 3.65933986e-14, 3.718e+18, 6.44e+20, 4.85, 4, 871.656377, 9.28207852, 0.691032652, 2155852.9, 2.23579168e+24, 1.86401074e+14, 3.6077255e+13, 662.947575, -869.622638, -873.607286, 8.80897143e+16, 2.13132211e+21, -2155382.48, -43837.702, 368.935665, 9.28207852, 58.5240844, 0.722070271, 0.691032652, 8.80897143e+16, 7.13263503, 655.827208, 0.473676122, 662.947077, -653.971076, -7.13194394, -661.102519, -45.1527356, -0.0572570913, -45.2100066, 0, 1.60967788e-08, 1.60967788e-08, 1.66595925e+09, 1.66430078e+09, 1688.74807, 0.27, 3.332, -1660153.56, -661.103019, -45.2099927, 0, 8.80449233e+16, 569.54074, 584.88695, 0, 0
15.6875, 0, 0, 9.75929253e+16, 0, 3.63540872e-14, 3.718e+18, 6.44e+20, 4.85, 4, 882.651291, 9.26490655, 0.657918786, 2153315.17, 1.58045458e+24, 1.09075489e+14, 2.97661778e+13, 445.837622, -880.634555, -884.596135, 9.75929253e+16, 1.43837912e+21, -2152103.28, -70009.3611, 368.90407, 9.26490655, 56.9194539, 0.693397928, 0.657918786, 9.75929253e+16, 4.90136484, 440.950218, 0.58480167, 445.837119, -438.732604, -4.90016017, -443.632257, -43.9565701, -0.107477598, -44.0640626, 0, 1.60948213e-08, 1.60948213e-08, 1.07516262e+09, 1.07420929e+09, 1139.69173, 0.27, 3.332, -954467.777, -443.632764, -44.0640477, 0, 9.75642387e+16, 569.802284, 582.71749, 0, 0
15.7458333, 0, 0, 1.12777495e+17, 0, 3.60322103e-14, 3.718e+18, 6.44e+20, 4.85, 4, 895.189662, 9.29535445, 0.611135972, 2137663.06, 1.28526458e+24, 7.46268692e+13, 2.24986626e+13, 385.217984, -893.184944, -897.125681, 1.12777495e+17, 1.17779896e+21, -2135006.68, -105336.799, 368.860874, 9.29535445, 54.4567367, 0.651084312, 0.611135972, 1.12777495e+17, 3.79687107, 381.428632, 0.72280262, 385.217476, -379.479905, -3.79358081, -383.272972, -38.2387731, -0.127563735, -38.3663527, 0, 1.60921453e-08, 1.60921453e-08, 941644940, 940682611, 933.219866, 0.27, 3.332, -963264.925, -383.273486, -38.3663368, 0, 1.12755483e+17, 542.516488, 547.351582, 0, 0
15.796875, 0, 0, 1.27989999e+17, 0, 3.57313523e-14, 3.718e+18, 6.44e+20, 4.85, 4, 906.101303, 9.32841969, 0.57020101, 2120841.61, 6.80506423e+23, 3.50018151e+13, 1.68212329e+13, 239.946828, -904.120605, -908.028143, 1.27989999e+17, 6.31440418e+20, -2116077.39, -140282.76, 368.820533, 9.32841969, 52.3018591, 0.614059898, 0.57020101, 1.27989999e+17, 2.23609967, 237.714394, 0.796797979, 239.946313, -236.183558, -2.23202439, -238.415062, -26.9336185, -0.130836226, -27.0644712, 0, 1.60896461e-08, 1.60896461e-08, 545180145, 544795023, 500.315244, 0.27, 3.332, -385621.841, -238.415583, -27.0644547, 0, 1.27975268e+17, 515.209548, 515.66301, 0, 0
15.8552083, 0, 0, 1.51127767e+17, 0, 3.53339026e-14, 3.718e+18, 6.44e+20, 4.85, 4, 918.342775, 9.44877722, 0.518417315, 2082226.12, 3.74908477e+23, 1.89421662e+13, 1.0932458e+13, 137.747502, -916.381527, -920.256015, 1.51127767e+17, 4.25732984e+20, -2073776.78, -185927.485, 368.766205, 9.44877722, 49.2680151, 0.564776644, 0.518417315, 1.51127767e+17, 1.59358142, 136.15729, 0.884117554, 137.746978, -135.253878, -1.58773918, -136.841088, -15.6587163, -0.112326904, -15.7710603, 0, 1.60862809e-08, 1.60862809e-08, 323427767, 323161193, 337.323768, 0.27, 3.332, -266911.148, -136.841617, -15.7710432, 0, 1.51120223e+17, 450.278582, 435.53981, 0, 0
15.90625, 0, 0, 1.74779891e+17, 0, 3.49802771e-14, 3.718e+18, 6.44e+20, 4.85, 4, 928.976358, 9.56293942, 0.473106582, 2044500.63, 1.50299947e+23, 7.6218633e+12, 7.70175604e+12, 89.5349863, -927.043977, -930.878547, 1.74779891e+17, 2.03772024e+20, -2031223.18, -230839.204, 368.71787, 9.56293942, 46.6134016, 0.521653796, 0.473106582, 1.74779891e+17, 0.80202435, 88.7339848, 0.908544594, 89.5344543, -88.1257379, -0.796151463, -88.9213513, -10.3646235, -0.0903274426, -10.4549681, 0, 1.60832869e-08, 1.60832869e-08, 192665248, 192535470, 161.455461, 0.27, 3.332, -129939.111, -88.9218893, -10.4549509, 0, 1.74774123e+17, 389.486182, 368.354965, 0, 0
15.9645833, 0, 0, 2.09239453e+17, 0, 3.45304654e-14, 3.718e+18, 6.44e+20, 4.85, 4, 940.589991, 9.83771505, 0.421795449, 1972716.33, 5.6860516e+22, 3.5667558e+12, 4.33168349e+12, 34.7448102, -938.681655, -942.47401, 2.09239453e+17, 1.0183491e+20, -1951448.28, -286934.944, 368.655009, 9.83771505, 43.1619839, 0.470106382, 0.421795449, 2.09239453e+17, 0.549243937, 34.1976125, 0.94350427, 34.7442673, -33.9464252, -0.544088835, -34.489965, -4.13352319, -0.0603222314, -4.19386182, 0, 1.60793935e-08, 1.60793935e-08, 76195798.3, 76150063.4, 80.6868048, 0.27, 3.332, -45815.5875, -34.490514, -4.19384543, 0, 2.09237343e+17, 297.886049, 263.705693, 0, 0
16.015625, 0, 0, 2.44921367e+17, 0, 3.41362476e-14, 3.718e+18, 6.44e+20, 4.85, 4, 950.654701, 10.0909252, 0.376898207, 1905426.96, 1.70681946e+22, 1.29284067e+12, 2.84554282e+12, 24.9202915, -948.778523, -952.525467, 2.44921367e+17, 5.37246947e+19, -1874181.98, -341663.12, 368.599909, 10.0909252, 40.1419934, 0.425002395, 0.376898207, 2.44921367e+17, 0.219978781, 24.7017925, 0.948416271, 24.9197366, -24.5275577, -0.21540021, -24.7423966, -2.92668925, -0.0394478796, -2.96615251, 0, 1.60759809e-08, 1.60759809e-08, 50089853.2, 50055641.7, 42.567541, 0.27, 3.332, -34253.9931, -24.7429579, -2.96613713, 0, 2.44919506e+17, 217.37795, 180.713893, 0, 0
16.0739583, 0, 0, 2.95064146e+17, 0, 3.36559398e-14, 3.718e+18, 6.44e+20, 4.85, 4, 961.153913, 10.659532, 0.330893058, 1787361.02, 3.9540217e+21, 5.56633713e+11, 1.32649021e+12, 7.10186108, -959.304401, -963.000572, 2.95064146e+17, 1.78556666e+19, -1740228.19, -404887.398, 368.531093, 10.659532, 36.5721055, 0.376344254, 0.330893058, 2.95064146e+17, 0.149367099, 6.95350045, 0.958457234, 7.10129119, -6.90112788, -0.14695896, -7.04751081, -0.850387996, -0.0209267399, -0.871326523, 0, 1.60717194e-08, 1.60717194e-08, 13865740.2, 13859969.7, 14.1474043, 0.27, 3.332, -5784.6343, -7.04808684, -0.871314735, 0, 2.95063608e+17, 138.429522, 116.34565, 0, 0
16.125, 0, 0, 3.47292164e+17, 0, 3.32362114e-14, 3.718e+18, 6.44e+20, 4.85, 4, 970.227314, 11.1765877, 0.290638553, 1680038.88, 7.85271119e+20, 1.89748023e+11, 7.61991506e+11, 5.63530694, -968.411879, -972.056477, 3.47292164e+17, 1.14151703e+19, -1613616.05, -465415.545, 368.470949, 11.1765877, 33.4484536, 0.33376838, 0.290638553, 3.47292164e+17, 0.0408135529, 5.595443, 0.959133925, 5.63472113, -5.55552314, -0.0389075104, -5.59383876, -0.666890401, -0.0103211795, -0.677219841, 0, 1.60679949e-08, 1.60679949e-08, 10145548.5, 10138770.2, 9.0444725, 0.27, 3.332, -6787.25646, -5.59443065, -0.67721158, 0, 3.47291632e+17, 72.5804801, 60.3611999, 0, 0
16.1833333, 0, 0, 4.18509291e+17, 0, 3.2745955e-14, 3.718e+18, 6.44e+20, 4.85, 4, 978.919149, 12.407375, 0.252609133, 1499662.35, 6.64716115e+19, 7.94356129e+10, 2.43174877e+11, 1.3037102, -977.131249, -980.712202, 4.18509291e+17, 2.16785991e+18, -1404210.02, -521844.99, 368.39881, 12.407375, 30.2977364, 0.291751096, 0.252609133, 4.18509291e+17, 0.0276644472, 1.27623232, 0.96138806, 1.30310412, -1.26679206, -0.0271449387, -1.29332593, -0.154673162, -0.00438191821, -0.159053043, 0, 1.60635282e-08, 1.60635282e-08, 2071007.38, 2070601.24, 1.71760818, 0.27, 3.332, -407.855529, -1.293937, -0.15905508, 0, 4.18509155e+17, 37.4931656, 34.9555668, 0, 0
16.234375, 0, 0, 4.92707257e+17, 0, 3.23178295e-14, 3.718e+18, 6.44e+20, 4.85, 4, 986.410853, 13.5143377, 0.219333391, 1340694.96, 5.37203418e+18, 2.6489886e+10, 1.0376105e+11, 1.12491326, -984.657698, -988.176991, 4.92707257e+17, 1.49518795e+18, -1211353.38, -571954.211, 368.335807, 13.5143377, 27.5408588, 0.254985972, 0.219333391, 4.92707257e+17, 0.00361202126, 1.12148857, 0.961417985, 1.12428725, -1.11355001, -0.00330949468, -1.11622938, -0.133167179, -0.00114900047, -0.134304706, 0, 1.60596272e-08, 1.60596272e-08, 1656753.63, 1655895.34, 1.18465709, 0.27, 3.332, -859.473999, -1.11685951, -0.13431618, 0, 4.9270711e+17, 9.43465758, 8.85373717, 0, 0
16.2927083, 0, 0, 5.91317793e+17, 0, 3.18432049e-14, 3.718e+18, 6.44e+20, 4.85, 4, 992.356687, 16.6670811, 0.189714633, 1068315.17, 8.95276875e+15, 1.24464345e+10, 5.75339875e+09, 0.215736399, -990.627383, -994.031209, 5.91317793e+17, 7.91710179e+16, -904969.126, -561075.652, 368.264038, 16.6670811, 25.2284462, 0.221161883, 0.189714633, 5.91317793e+17, 0.00247159314, 0.213266486, 0.961824596, 0.215080511, -0.211125318, -0.00243543958, -0.212904278, -0.0301445275, -0.00041636553, -0.0305173029, 0, 1.60551842e-08, 1.60551842e-08, 238846.559, 239692.647, 0.0627230644, 0.27, 3.332, 846.025985, -0.213560757, -0.030560893, 0, 5.91317749e+17, 4.12840002, 4.25250104, 0, 0
16.34375, 0, 0, 6.93663652e+17, 0, 3.14289293e-14, 3.718e+18, 6.44e+20, 4.85, 4, 997.50473, 19.4159437, 0.16379822, 834825.021, 3.08664682e+13, 4.35796518e+09, 568773831, 0.197786297, -995.808601, -999.105957, 6.93663652e+17, 1.43697474e+16, -638856.329, -535611.678, 368.201393, 19.4159437, 23.2050852, 0.191565806, 0.16379822, 6.93663652e+17, 1.21121595e-05, 0.197775063, 0.961778891, 0.197113341, -0.195784995, -1.07723642e-05, -0.19512591, -0.0279850668, -4.01170293e-06, -0.0279169925, 0, 1.60513059e-08, 1.60513059e-08, 203806.726, 204574.181, 0.0113844175, 0.27, 3.332, 767.444101, -0.195795767, -0.0279890785, 0, 6.93663602e+17, 0.0563361638, 0.0777689668, 0, 0
16.4020833, 0, 0, 8.2662519e+17, 0, 3.10049956e-14, 3.718e+18, 6.44e+20, 4.85, 4, 999.624802, 19.646936, 0.141620053, 558599.587, 472391.947, 5.02842911e+11, 13407.1455, 0.10747597, -997.777951, -1000.7764, 8.2662519e+17, 6.50854983e+15, -382907.078, -404000.587, 368.135596, 20.6775041, 21.369846, 0.165667343, 0.141620053, 8.2662519e+17, 8.91808237e-06, 0.107467053, 0.961764154, 0.106963051, -0.10675209, -8.78975888e-06, -0.106219845, 0.0118948033, -1.50742566e-06, 0.0121693815, 0, 1.60472331e-08, 1.60472331e-08, 8337.1693, 9322.89843, -0.042167072, 0.27, 3.332, 985.771311, -0.10676088, 0.0118932959, 0, 8.26191345e+17, 0.0184015111, 0.0229148429, 0, 0
16.453125, 0, 0, 9.63714452e+17, 0, 3.0634623e-14, 3.718e+18, 6.44e+20, 4.85, 4, 1001.73222, 19.7640117, 0.122214156, 322684.579, 0, 1.75294784e+11, 0.00436201678, 0.106009095, -999.918671, -1002.50037, 9.63714452e+17, 271885.981, -184423.927, -264618.978, 368.078113, 21.6943447, 19.7640117, 0.143006188, 0.122214156, 9.63714452e+17, 2.22864854e-17, 0.106009095, 0.961715496, 0.106005472, -0.105311379, -2.1538958e-17, -0.104896151, 0.0121184223, -3.50862523e-18, 0.0125473694, 0, 1.6043675e-08, 1.6043675e-08, 6286.9546, 7260.03458, -0.0473238134, 0.27, 3.332, 973.127312, -0.105311379, 0.0121184223, 0, 9.63208657e+17, 0, 3.1398471e-07, 0, 0
16.5114583, 0, 0, 1.13810651e+18, 0, 3.02767443e-14, 3.718e+18, 6.44e+20, 4.85, 4, 1001.85283, 18.1760345, 0.105984132, 188462.66, 0, 7.66979971e+12, 0.00624622123, 10.9530466, -999.918882, -1002.65224, 1.13810651e+18, 389510.538, -89777.9938, -163677.103, 368.021261, 19.8701381, 18.1760345, 0.123802093, 0.105984132, 1.13810651e+18, 2.11110798e-17, 10.9530466, 0.955460736, 10.9531869, -10.756355, -2.00607764e-17, -10.7561089, 2.06638754, -3.10651884e-18, 2.0665947, 0, 1.60401564e-08, 1.60401564e-08, 371.791765, 561.577971, -3.79445373, 0.27, 3.332, 193.58066, -10.756355, 2.06638754, 0, 7.44855225e+17, 0, -2.03926937e-20, 0, 0
16.5625, 0, 0, 1.31640078e+18, 0, 2.99635061e-14, 3.718e+18, 6.44e+20, 4.85, 4, 1002.23768, 16.7865544, 0.0917828616, 64607.2754, 0, 1.19763028e+17, 0.0114572474, 11.9856497, -999.997395, -1003.04965, 1.31640078e+18, 714572.213, -23578.0756, -58918.6803, 367.971502, 18.2759306, 16.7865544, 0.106998509, 0.0917828616, 1.31640078e+18, 6.28441525e-18, 11.9856497, 0.954896115, 11.9855879, -11.7741102, -5.24034056e-18, -11.7740363, 2.24089192, -2.1734518e-18, 2.24095498, 0, 1.60370768e-08, 1.60370768e-08, 368.660942, -1099.94785, -4.57937456, 0.27, 3.332, -1464.02941, -11.7741102, 2.24089192, 0, 8.34840273e+17, 0, 0, 0, 0
16.6208333, 0, 0, 1.53866542e+18, 0, 2.96581947e-14, 3.718e+18, 6.44e+20, 4.85, 4, 1002.24346, 15.5918679, 0.0800339993, 28305.8881, 0, 1.4202715e+17, 0.0115886648, 23.013202, -999.997557, -1003.05663, 1.53866542e+18, 722946.237, -13918.7888, -23875.3903, 367.922012, 16.884252, 15.5918679, 0.0930090659, 0.0800339993, 1.53866542e+18, 5.00818113e-18, 23.013202, 0.945859133, 23.0131611, -22.9779358, -4.82137278e-18, -22.9778867, 1.1216716, -9.60852577e-19, 1.12171717, 0, 1.60340141e-08, 1.60340141e-08, 680.538174, 9171.69399, -5.34739299, 0.27, 3.332, 8496.50319, -22.9779358, 1.1216716, 0, 8.79077405e+17, 0, 0, 0, 0
16.671875, 0, 0, 1.76372451e+18, 0, 2.93908458e-14, 3.718e+18, 6.44e+20, 4.85, 4, 1002.27917, 14.5465172, 0.0697537448, 12185.647, 0, 4.32114456e+17, 0.0063736431, 27.4326512, -999.997697, -1003.08019, 1.76372451e+18, 397920.569, -2398.49511, -11918.7669, 367.878677, 15.6665362, 14.5465172, 0.0807683032, 0.0697537448, 1.76372451e+18, 2.24759336e-19, 27.4326512, 0.943568373, 27.4326498, -27.3812524, -9.9080687e-20, -27.3812498, 1.52758415, -1.62840692e-19, 1.52759611, 0, 1.60313324e-08, 1.60313324e-08, 839.590054, 19764.2526, -7.70814307, 0.27, 3.332, 18932.3706, -27.3812524, 1.52758415, 0, 7.96225152e+17, 0, 0, 0, 0
16.7302083, 0, 0, 2.03868856e+18, 0, 2.9125403e-14, 3.718e+18, 6.44e+20, 4.85, 4, 1002.28256, 13.6595108, 0.061270903, 7751.5292, 0, 4.76217271e+17, 0.00460657843, 27.567148, -999.997851, -1003.06076, 2.03868856e+18, 287548.359, -1838.38306, -7519.22687, 367.83488, 14.6256882, 13.6595108, 0.0706524511, 0.061270903, 2.03868856e+18, 1.43576825e-19, 27.567148, 0.940023566, 27.5671466, -27.534995, -7.6772727e-20, -27.5349925, 0.808025049, -6.14741393e-20, 0.808036362, 0, 1.60286223e-08, 1.60286223e-08, 794.433329, 19342.7286, -8.71654505, 0.27, 3.332, 18557.0117, -27.534995, 0.808025049, 0, 8.61159142e+17, 0, 0, 0, 0
16.78125, 0, 0, 2.31422725e+18, 0, 2.88929583e-14, 3.718e+18, 6.44e+20, 4.85, 4, 1002.29149, 12.8833802, 0.0538484164, 5019.77217, 0, 6.23574979e+17, 0.00135959214, 32.1651189, -999.997984, -1003.04514, 2.31422725e+18, 84983.8662, -891.486905, -4939.26112, 367.796528, 13.7149489, 12.8833802, 0.0618010806, 0.0538484164, 2.31422725e+18, 5.32381682e-20, 32.1651189, 0.937623551, 32.1651198, -32.1616937, 5.22466157e-20, -32.1616945, 0.440448203, -9.38826448e-21, 0.440455329, 0, 1.60262493e-08, 1.60262493e-08, 945.76643, 25070.8742, -10.115781, 0.27, 3.332, 24135.2235, -32.1616937, 0.440448203, 0, 8.4874934e+17, 0, 0, 0, 0
16.8395833, 0, 0, 2.6439828e+18, 0, 2.86586161e-14, 3.718e+18, 6.44e+20, 4.85, 4, 1002.29435, 12.2281014, 0.0477077264, 3860.11975, 0, 6.762059e+17, 0.000852193936, 31.004446, -999.998124, -1003.01776, 2.6439828e+18, 53252.8852, -793.464268, -3777.06346, 367.757248, 12.9438051, 12.2281014, 0.0544893147, 0.0477077264, 2.6439828e+18, 3.19560774e-20, 31.004446, 0.936989927, 31.0044468, -31.0021757, 3.18105297e-20, -31.0021765, 0.1865101, -3.02156821e-21, 0.186516822, 0, 1.60238189e-08, 1.60238189e-08, 856.694996, 23707.511, -11.1698904, 0.27, 3.332, 22861.9859, -31.0021757, 0.1865101, 0, 9.13906933e+17, 0, 0, 0, 0
16.890625, 0, 0, 2.97084279e+18, 0, 2.84534173e-14, 3.718e+18, 6.44e+20, 4.85, 4, 1002.29945, 11.6547324, 0.0423346226, 2687.76814, 0, 7.86037994e+17, 0.000206842222, 32.6131587, -999.998246, -1002.99413, 2.97084279e+18, 12945.9326, -619.275223, -2615.45319, 367.722852, 12.2690563, 11.6547324, 0.0480915195, 0.0423346226, 2.97084279e+18, 1.07356407e-20, 32.6131587, 0.936137188, 32.6131594, -32.6129697, 1.07205188e-20, -32.6129704, 0.0371029932, -5.20410367e-22, 0.0371075947, 0, 1.60216908e-08, 1.60216908e-08, 873.953898, 20608.6644, -12.2975401, 0.27, 3.332, 19747.008, -32.6129697, 0.0371029932, 0, 9.31078388e+17, 0, 0, 0, 0
16.9489583, 0, 0, 3.35361868e+18, 0, 2.82441827e-14, 3.718e+18, 6.44e+20, 4.85, 4, 1002.30195, 11.1707109, 0.0378650747, 2451.59803, 0, 8.43219455e+17, 0.000118636869, 31.107917, -999.99837, -1002.96117, 3.35361868e+18, 7423.19535, -604.934075, -2375.27314, 367.687279, 11.6994054, 11.1707109, 0.0427864006, 0.0378650747, 3.35361868e+18, 5.73469256e-21, 31.107917, 0.936655431, 31.1079177, -31.1072705, 5.73280176e-21, -31.1072711, -0.0723702074, -1.47203114e-22, -0.0723658897, 0, 1.60194899e-08, 1.60194899e-08, 779.998578, 18941.3211, -13.3785981, 0.27, 3.332, 18174.701, -31.1072705, -0.0723702074, 0, 9.9567325e+17, 0, 0, 0, 0
17, 0, 0, 3.72879441e+18, 0, 2.8060982e-14, 3.718e+18, 6.44e+20, 4.85, 4, 1002.30548, 10.747192, 0.0339542203, 1993.41513, 0, 9.33654787e+17, 2.40752179e-05, 31.4147233, -999.998479, -1002.93245, 3.72879441e+18, 1508.92742, -597.463434, -1900.7104, 367.656131, 11.2009621, 10.747192, 0.0381444215, 0.0339542203, 3.72879441e+18, 1.30768752e-21, 31.4147233, 0.936476456, 31.414724, -31.4142457, 1.30738641e-21, -31.4142463, -0.145109437, -2.56353422e-23, -0.145106469, 0, 1.60175629e-08, 1.60175629e-08, 745.60353, 15881.5264, -14.4054003, 0.27, 3.332, 15150.3283, -31.4142457, -0.145109437, 0, 1.02801767e+18, 0, 0, 0, 0
17, 0, 0, 3.72879441e+18, 0, 2.8060982e-14, 3.718e+18, 6.44e+20, 4.85, 4, 1002.30548, 10.747192, 0.0339542203, 1151.84623, 0, 9.33654787e+17, 2.40752179e-05, 31.4147233, -999.998479, -1002.93245, 3.72879441e+18, 1508.92742, -404.392183, -1072.04614, 367.656131, 11.2009621, 10.747192, 0.0381444215, 0.0339542203, 3.72879441e+18, 1.30768752e-21, 31.4147233, 0.936476456, 31.414724, -31.4142457, 1.30738641e-21, -31.4142463, -0.145109437, -2.56353422e-23, -0.145106469, 0, 1.60175629e-08, 1.60175629e-08, 745.60353, 15881.5264, -14.4054003, 0.27, 3.332, 15150.3283, -31.4142457, -0.145109437, 0, 1.02801767e+18, 0, 0, 0, 0
17.0666667, 0, 0, 4.21896004e+18, 0, 2.7847351e-14, 3.718e+18, 6.44e+20, 4.85, 4, 1002.30797, 10.3458263, 0.03028897, 1154.90674, 0, 1.00061248e+18, 1.28819609e-05, 29.9482098, -999.998604, -1002.8927, 4.21896004e+18, 807.185785, -402.78585, -1076.38461, 367.619306, 10.758268, 10.3458263, 0.0340770224, 0.03028897, 4.21896004e+18, 6.46245957e-22, 29.9482098, 0.937440868, 29.9482104, -29.947405, 6.46214364e-22, -29.9474056, -0.179073957, -6.38844263e-24, -0.179071196, 0, 1.60152848e-08, 1.60152848e-08, 666.400987, 14401.724, -15.6405403, 0.27, 3.332, 13750.9636, -29.947405, -0.179073957, 0, 1.09994188e+18, 0, 0, 0, 0
17.125, 0, 0, 4.70043188e+18, 0, 2.76603143e-14, 3.718e+18, 6.44e+20, 4.85, 4, 1002.31094, 9.99463131, 0.0270818759, 880.216281, 0, 1.08880095e+18, 1.90605782e-06, 29.630564, -999.998713, -1002.85797, 4.70043188e+18, 119.662413, -386.504365, -790.296439, 367.587065, 10.3709116, 9.99463131, 0.0305180481, 0.0270818759, 4.70043188e+18, 1.18428675e-22, 29.630564, 0.9375826, 29.6305645, -29.6296962, 1.18424603e-22, -29.6296968, -0.209107117, -8.88477618e-25, -0.209105317, 0, 1.60132903e-08, 1.60132903e-08, 618.919484, 12146.1118, -16.754798, 0.27, 3.332, 11543.9471, -29.6296962, -0.209107117, 0, 1.14706074e+18, 0, 0, 0, 0
17.1916667, 0, 0, 5.23278599e+18, 0, 2.74693116e-14, 3.718e+18, 6.44e+20, 4.85, 4, 1002.31307, 9.7090061, 0.0244949864, 720.639652, 0, 1.15465282e+18, 9.83494772e-07, 28.2449639, -999.998821, -1002.81451, 5.23278599e+18, 61.7333955, -352.91379, -622.009687, 367.553698, 10.0274157, 9.7090061, 0.0273919781, 0.0244949864, 5.23278599e+18, 5.52013797e-23, 28.2449639, 0.938706614, 28.2449645, -28.2441055, 5.52010245e-23, -28.244106, -0.201494943, -1.96316757e-25, -0.201493267, 0, 1.60112263e-08, 1.60112263e-08, 553.039221, 10835.6096, -17.9476861, 0.27, 3.332, 10300.518, -28.2441055, -0.201494943, 0, 1.21552856e+18, 0, 0, 0, 0
17.25, 0, 0, 5.74782825e+18, 0, 2.73020984e-14, 3.718e+18, 6.44e+20, 4.85, 4, 1002.31535, 9.45908405, 0.022231458, 536.613733, 0, 1.2306097e+18, 1.25264831e-07, 27.6711892, -999.998916, -1002.7765, 5.74782825e+18, 7.87756119, -313.48717, -434.549142, 367.524486, 9.72685755, 9.45908405, 0.0246566669, 0.022231458, 5.74782825e+18, 7.80681226e-24, 27.6711892, 0.938986758, 27.6711898, -27.6702995, 7.80674924e-24, -27.6703, -0.208678355, -2.82901358e-26, -0.208677263, 0, 1.60094193e-08, 1.60094193e-08, 505.899687, 9134.3016, -19.0019308, 0.27, 3.332, 8647.40384, -27.6702995, -0.208678355, 0, 1.26666257e+18, 0, 0, 0, 0
17.3166667, 0, 0, 6.29499965e+18, 0, 2.71303291e-14, 3.718e+18, 6.44e+20, 4.85, 4, 1002.31714, 9.25575949, 0.0203997781, 452.073594, 0, 1.29225967e+18, 6.31874493e-08, 26.5662303, -999.999011, -1002.72989, 6.29499965e+18, 3.9732668, -284.053695, -345.476477, 367.494114, 9.48238235, 9.25575949, 0.0224473822, 0.0203997781, 6.29499965e+18, 3.52784454e-24, 26.5662303, 0.939978457, 26.5662308, -26.5656074, 3.52783962e-24, -26.5656078, -0.174093851, -5.82357244e-27, -0.174092832, 0, 1.60075406e-08, 1.60075406e-08, 458.710548, 8079.16127, -20.107751, 0.27, 3.332, 7640.55848, -26.5656074, -0.174093851, 0, 1.32964456e+18, 0, 0, 0, 0
17.375, 0, 0, 6.81633846e+18, 0, 2.6979963e-14, 3.718e+18, 6.44e+20, 4.85, 4, 1002.31893, 9.0778505, 0.0187970582, 352.511398, 0, 1.35761639e+18, 7.01241244e-09, 25.992386, -999.999094, -1002.68913, 6.81633846e+18, 0.441733237, -253.179398, -244.101619, 367.467524, 9.2684671, 9.0778505, 0.0205142581, 0.0187970582, 6.81633846e+18, 4.36103258e-25, 25.992386, 0.940264585, 25.9923864, -25.9917872, 4.36102377e-25, -25.9917876, -0.166890047, -7.87680888e-28, -0.166889384, 0, 1.60058961e-08, 1.60058961e-08, 421.91276, 6871.55934, -21.0779018, 0.27, 3.332, 6470.72448, -25.9917872, -0.166890047, 0, 1.3799367e+18, 0, 0, 0, 0
17.4416667, 0, 0, 7.34345162e+18, 0, 2.68248106e-14, 3.718e+18, 6.44e+20, 4.85, 4, 1002.3204, 8.93419441, 0.0175068364, 302.094795, 0, 1.41230413e+18, 3.48686267e-09, 25.271676, -999.99918, -1002.63987, 7.34345162e+18, 0.219635161, -226.008274, -195.60602, 367.439785, 9.09497654, 8.93419441, 0.0189533073, 0.0175068364, 7.34345162e+18, 1.93279259e-25, 25.271676, 0.940947072, 25.2716763, -25.2714501, 1.93279198e-25, -25.2714505, -0.106383535, -1.52120821e-28, -0.106382915, 0, 1.60041804e-08, 1.60041804e-08, 392.207383, 6028.67681, -22.0534217, 0.27, 3.332, 5658.52284, -25.2714501, -0.106383535, 0, 1.43526899e+18, 0, 0, 0, 0
17.5, 0, 0, 7.83800783e+18, 0, 2.66889986e-14, 3.718e+18, 6.44e+20, 4.85, 4, 1002.32181, 8.80849533, 0.0163778924, 244.027914, 0, 1.46721561e+18, 3.43220481e-10, 24.8699441, -999.999255, -1002.59679, 7.83800783e+18, 0.0216545694, -199.566265, -139.341248, 367.415502, 8.94317271, 8.80849533, 0.0175874753, 0.0163778924, 7.83800783e+18, 2.1284388e-26, 24.8699441, 0.941152072, 24.8699444, -24.8697707, 2.12843785e-26, -24.869771, -0.0877460024, -1.78718233e-29, -0.0877455963, 0, 1.60026785e-08, 1.60026785e-08, 368.208287, 5146.70032, -22.9071526, 0.27, 3.332, 4801.39919, -24.8697707, -0.0877460024, 0, 1.48100357e+18, 0, 0, 0, 0
17.5666667, 0, 0, 8.30589435e+18, 0, 2.65484266e-14, 3.718e+18, 6.44e+20, 4.85, 4, 1002.32296, 8.70935992, 0.0154883222, 208.555419, 0, 1.51252454e+18, 1.69105252e-10, 24.7558129, -999.999334, -1002.54537, 8.30589435e+18, 0.0106689259, -173.80956, -112.170752, 367.390113, 8.82177677, 8.70935992, 0.0164975794, 0.0154883222, 8.30589435e+18, 9.31827766e-27, 24.7558129, 0.941266683, 24.7558132, -24.7557214, 9.31827714e-27, -24.7557216, 0.0247092179, -3.05671143e-30, 0.0247095982, 0, 1.60011084e-08, 1.60011084e-08, 358.185961, 4479.54245, -23.7131409, 0.27, 3.332, 4145.06964, -24.7557214, 0.0247092179, 0, 1.52659779e+18, 0, 0, 0, 0
17.625, 0, 0, 8.73815056e+18, 0, 2.64253829e-14, 3.718e+18, 6.44e+20, 4.85, 4, 1002.32403, 8.62261643, 0.0147099483, 170.20404, 0, 1.55645418e+18, 1.50890325e-11, 24.7316136, -999.999404, -1002.50039, 8.73815056e+18, 0.000953315304, -149.919524, -79.7718073, 367.36789, 8.71555565, 8.62261643, 0.0155439204, 0.0147099483, 8.73815056e+18, 9.33781372e-28, 24.7316136, 0.941287664, 24.7316138, -24.7315284, 9.33781324e-28, -24.7315285, 0.0627118975, -2.49186193e-31, 0.0627121527, 0, 1.59997339e-08, 1.59997339e-08, 350.480878, 3824.37081, -24.4181997, 0.27, 3.332, 3498.30813, -24.7315284, 0.0627118975, 0, 1.56488534e+18, 0, 0, 0, 0
17.6916667, 0, 0, 9.10784232e+18, 0, 2.62977435e-14, 3.718e+18, 6.44e+20, 4.85, 4, 1002.32488, 8.55806629, 0.0141296699, 141.386143, 0, 1.59037017e+18, 7.39154078e-12, 25.9772076, -999.999483, -1002.44731, 9.10784232e+18, 0.000466986642, -125.435048, -63.5241434, 367.344623, 8.63371272, 8.55806629, 0.0148089961, 0.0141296699, 9.10784232e+18, 4.05700233e-28, 25.9772076, 0.940014078, 25.9772077, -25.9733148, 4.05700232e-28, -25.9733148, 0.368486746, -1.90674558e-32, 0.368486984, 0, 1.5998295e-08, 1.5998295e-08, 378.757182, 3318.93395, -25.0215825, 0.27, 3.332, 2965.19836, -25.9733148, 0.368486746, 0, 1.59890284e+18, 0, 0, 0, 0
17.75, 0, 0, 9.44413063e+18, 0, 2.61860247e-14, 3.718e+18, 6.44e+20, 4.85, 4, 1002.32566, 8.50158492, 0.0136219263, 110.687078, 0, 1.62261443e+18, 6.12625175e-13, 26.9430179, -999.999553, -1002.40087, 9.44413063e+18, 3.87477993e-05, -104.50954, -36.4398745, 367.324258, 8.56210043, 8.50158492, 0.0141659373, 0.0136219263, 9.44413063e+18, 3.78786722e-29, 26.9430179, 0.939544433, 26.9430179, -26.9384012, 3.78786719e-29, -26.9384012, 0.478889783, 4.56518895e-33, 0.478889961, 0, 1.59970355e-08, 1.59970355e-08, 406.66322, 2896.89314, -25.5503265, 0.27, 3.332, 2515.78025, -26.9384012, 0.478889783, 0, 1.62750936e+18, 0, 0, 0, 0
17.8166667, 0, 0, 9.68195779e+18, 0, 2.60699972e-14, 3.718e+18, 6.44e+20, 4.85, 4, 1002.32621, 8.46541302, 0.0132942534, 99.1699471, 0, 1.64363774e+18, 2.99095487e-13, 32.2581207, -999.999643, -1002.34667, 9.68195779e+18, 1.891732e-05, -90.0383854, 8.02512947, 367.302926, 8.51173928, 8.46541302, 0.0137119617, 0.0132942534, 9.68195779e+18, 1.63829338e-29, 32.2581207, 0.930589514, 32.2581206, -32.1298129, 1.63829325e-29, -32.1298128, 2.45090424, 3.56210082e-33, 2.45090441, 0, 1.59957164e-08, 1.59957164e-08, 578.923902, 3054.83612, -25.9262958, 0.27, 3.332, 2501.8385, -32.1298129, 2.45090424, 0, 1.64846514e+18, 0, 0, 0, 0
17.875, 0, 0, 9.89496437e+18, 0, 2.59684463e-14, 3.718e+18, 6.44e+20, 4.85, 4, 1002.32675, 8.4337626, 0.0130075396, 2624.48955, 0, 1.6653971e+18, 2.36865985e-14, 41.0190804, -999.999723, -1002.29929, 9.89496437e+18, 1.49931062e-06, -462.930686, 2565.72558, 367.284256, 8.4676735, 8.4337626, 0.013314733, 0.0130075396, 9.89496437e+18, 1.45252707e-30, 41.0190804, 0.926192883, 41.0190819, -40.8562299, 1.45252498e-30, -40.8562312, 3.50471055, 2.45747118e-33, 3.50471092, 0, 1.59945619e-08, 1.59945619e-08, 889.491514, 39856.0198, -26.2784194, 0.27, 3.332, 38992.8067, -40.8562299, 3.50471055, 0, 1.66412229e+18, 0, 0, 0, 0
17.9416667, 0, 0, 9.97735004e+18, 0, 2.58629302e-14, 3.718e+18, 6.44e+20, 4.85, 4, 1002.32732, 8.42257735, 0.0129015835, 5563.4228, 0, 1.68569832e+18, 1.13759889e-14, 47.2435684, -999.999857, -1002.2373, 9.97735004e+18, 7.20097001e-07, -661.444388, 5519.08722, 367.264707, 8.4439948, 8.42257735, 0.0130979185, 0.0129015835, 9.97735004e+18, 6.2163469e-31, 47.2435684, 0.837549517, 47.2435775, -33.4183797, 6.2130625e-31, -33.4183811, 24.9868592, -3.54649756e-33, 24.9868684, 0, 1.5993353e-08, 1.5993353e-08, 1145.24707, 218229.011, -26.5622601, 0.27, 3.332, 217110.326, -33.4183797, 24.9868592, 0, 1.65888964e+18, 0, 0, 0, 0
18, 0, 0, 1.005e+19, 0, 2.57705785e-14, 3.718e+18, 6.44e+20, 4.85, 4, 1002.34207, 8.41279025, 0.0128088719, 10604.8154, 0, 2.49284009e+18, 3.07508641e-16, 50.1122425, -999.999986, -1001.16427, 1.005e+19, 1.94782614e-08, -633.809958, 10584.9632, 367.247595, 8.42327615, 8.41279025, 0.0129082058, 0.0128088719, 1.005e+19, 4.67920289e-32, 50.1122425, 0.773671173, 50.1122604, -27.8938173, 4.57670871e-32, -27.8938187, 41.443559, -8.98854215e-33, 41.4435799, 0, 1.59922948e-08, 1.59922948e-08, 1348.55098, 180716.139, -14.2845909, 0.27, 3.332, 179381.873, -27.8938173, 41.443559, 0, 1.10906335e+18, 0, 0, 0, 0
18.0666667, 0, 0, 1.005e+19, 0, 2.56745787e-14, 3.718e+18, 6.44e+20, 4.85, 4, 1002.34208, 8.41315736, 0.0128088719, 12039.5472, 0, 2.49266931e+18, 8.84975877e-18, 34.7644967, -999.999993, -1001.10453, 1.005e+19, 5.60632864e-10, -393.92263, 12029.3776, 367.229681, 8.41805284, 8.41352911, 0.0128552277, 0.0128088719, 1.005e+19, 1.48356802e-32, 34.7644967, 0.652488878, 34.7645158, -15.8608978, 1.41235898e-32, -15.8608992, 29.6239286, -4.52091271e-33, 29.6239495, 0, 1.59911871e-08, 1.59911871e-08, 805.807789, 85362.8206, -14.2918376, 0.27, 3.332, 84571.3045, -15.8608978, 29.6239286, 0, 1.10897284e+18, 0, 0, 0, 0
18.125, 0, 0, 1.005e+19, 0, 2.55905611e-14, 3.718e+18, 6.44e+20, 4.85, 4, 1002.34208, 8.41348264, 0.0128088719, 12025.9576, 0, 2.49250968e+18, 8.84975877e-18, 20.4658321, -999.999993, -1001.10453, 1.005e+19, 5.60632864e-10, -0.51872334, 12025.9576, 367.214002, 8.41348264, 8.41417562, 0.0128088719, 0.0128088719, 1.005e+19, 9.38206955e-34, 20.4658321, 0.564568705, 20.4658531, -2.4244113, 7.97884453e-34, -2.42441129, 20.3181251, -2.7909102e-34, 20.3181464, 0, 1.59902176e-08, 1.59902176e-08, 170.980927, 84727.9937, -14.2918376, 0.27, 3.332, 84571.3045, -2.4244113, 20.3181251, 0, 1.10888934e+18, 0, 0, 0, 0
18.1916667, 0, 0, 1.005e+19, 0, 2.55033631e-14, 3.718e+18, 6.44e+20, 4.85, 4, 1002.34208, 8.41418982, 0.0128088719, 12023.7457, 0, 2.49234034e+18, 2.76643975e-19, 16.3460142, -999.999996, -1001.04618, 1.005e+19, 1.75274135e-11, -0.304628749, 12023.7457, 367.197623, 8.41418982, 8.4148513, 0.0128088719, 0.0128088719, 1.005e+19, 1.49233587e-34, 16.3460142, 0.497469921, 16.3460353, -1.78707269, 2.29612983e-35, -1.78707269, 16.2465142, -1.30806196e-34, 16.2465354, 0, 1.59892049e-08, 1.59892049e-08, 113.96557, 55722.4369, -14.2985114, 0.27, 3.332, 55622.7701, -1.78707269, 16.2465142, 0, 1.10881207e+18, 0, 0, 0, 0
18.25, 0, 0, 1.005e+19, 0, 2.54270498e-14, 3.718e+18, 6.44e+20, 4.85, 4, 1002.34208, 8.41480876, 0.0128088719, 12022.2329, 0, 2.4921944e+18, 2.76643975e-19, 13.5038046, -999.999996, -1001.04618, 1.005e+19, 1.75274135e-11, -0.277314618, 12022.2329, 367.183288, 8.41480876, 8.41544252, 0.0128088719, 0.0128088719, 1.005e+19, 2.74488844e-35, 13.5038046, 0.450771082, 13.5038257, -1.71715089, 2.29612983e-35, -1.71715089, 13.3940234, -9.02149433e-36, 13.3940446, 0, 1.59883186e-08, 1.59883186e-08, 74.1406704, 55682.612, -14.2985114, 0.27, 3.332, 55622.7701, -1.71715089, 13.3940234, 0, 1.10873572e+18, 0, 0, 0, 0
18.3166667, 0, 0, 1.005e+19, 0, 2.53480113e-14, 3.718e+18, 6.44e+20, 4.85, 4, 1002.34208, 8.41545466, 0.0128088719, 12021.0392, 0, 2.49203952e+18, 9.04801456e-21, 11.2512087, -999.999997, -1000.98859, 1.005e+19, 5.73317291e-13, -0.214672263, 12021.0392, 367.168354, 8.41545466, 8.41605877, 0.0128088719, 0.0128088719, 1.005e+19, 4.6677177e-36, 11.2512087, 0.405037618, 11.2512298, -1.52067045, 7.17685189e-37, -1.52067045, 11.1479432, -4.10134338e-36, 11.1479644, 0, 1.59873951e-08, 1.59873951e-08, 52.9140665, 39851.3617, -14.3046174, 0.27, 3.332, 39812.7523, -1.52067045, 11.1479432, 0, 1.10866546e+18, 0, 0, 0, 0
18.375, 0, 0, 1.005e+19, 0, 2.527884e-14, 3.718e+18, 6.44e+20, 4.85, 4, 1002.34208, 8.41601995, 0.0128088719, 12019.9787, 0, 2.49190645e+18, 9.04801456e-21, 9.7014144, -999.999997, -1000.98859, 1.005e+19, 5.73317291e-13, -0.20145531, 12019.9787, 367.155283, 8.41601995, 8.41659799, 0.0128088719, 0.0128088719, 1.005e+19, 8.66422728e-37, 9.7014144, 0.37326808, 9.7014354, -1.45480804, 7.17685189e-37, -1.45480803, 9.59055866, -3.00048408e-37, 9.5905799, 0, 1.59865869e-08, 1.59865869e-08, 38.113267, 39836.5609, -14.3046174, 0.27, 3.332, 39812.7523, -1.45480804, 9.59055866, 0, 1.10859585e+18, 0, 0, 0, 0
18.4416667, 0, 0, 1.005e+19, 0, 2.52074023e-14, 3.718e+18, 6.44e+20, 4.85, 4, 1002.34209, 8.41660807, 0.0128088719, 12019.14, 0, 2.4917655e+18, 3.0400934e-22, 8.26053225, -999.999998, -1000.93145, 1.005e+19, 1.92650302e-14, -0.16684474, 12019.14, 367.141711, 8.41660807, 8.41715812, 0.0128088719, 0.0128088719, 1.005e+19, 1.52716446e-37, 8.26053225, 0.339977536, 8.26055321, -1.33395366, 2.34704002e-38, -1.33395366, 8.15193683, -1.34385216e-37, 8.15195807, 0, 1.59857478e-08, 1.59857478e-08, 28.1937354, 29717.5923, -14.3101733, 0.27, 3.332, 29703.7087, -1.33395366, 8.15193683, 0, 1.10853207e+18, 0, 0, 0, 0
18.5, 0, 0, 1.005e+19, 0, 2.51448841e-14, 3.718e+18, 6.44e+20, 4.85, 4, 1002.34209, 8.4171228, 0.0128088719, 12018.3122, 0, 2.49164459e+18, 3.0400934e-22, 7.2702949, -999.999998, -1000.93145, 1.005e+19, 1.92650302e-14, -0.158387106, 12018.3122, 367.129833, 8.4171228, 8.41764824, 0.0128088719, 0.0128088719, 1.005e+19, 2.85090048e-38, 7.2702949, 0.316849106, 7.27031579, -1.27157672, 2.34704002e-38, -1.27157672, 7.15613173, -1.01777748e-38, 7.15615298, 0, 1.59850134e-08, 1.59850134e-08, 21.300013, 29710.6985, -14.3101733, 0.27, 3.332, 29703.7087, -1.27157672, 7.15613173, 0, 1.10846881e+18, 0, 0, 0, 0
18.5666667, 0, 0, 1.005e+19, 0, 2.50805815e-14, 3.718e+18, 6.44e+20, 4.85, 4, 1002.34209, 8.4176562, 0.0128088719, 12017.6759, 0, 2.49151699e+18, 1.03940083e-23, 6.28874394, -999.999998, -1000.8746, 1.005e+19, 6.58723163e-16, -0.135156644, 12017.6759, 367.117556, 8.4176562, 8.41815501, 0.0128088719, 0.0128088719, 1.005e+19, 5.13231298e-39, 6.28874394, 0.291717125, 6.28876481, -1.180315, 7.88525141e-40, -1.180315, 6.17628296, -4.5206434e-39, 6.17630421, 0, 1.59842544e-08, 1.59842544e-08, 16.1759297, 22823.9326, -14.3152021, 0.27, 3.332, 22822.0718, -1.180315, 6.17628296, 0, 1.10841116e+18, 0, 0, 0, 0
18.625, 0, 0, 1.005e+19, 0, 2.5024308e-14, 3.718e+18, 6.44e+20, 4.85, 4, 1002.34209, 8.41812302, 0.0128088719, 12017.0014, 0, 2.49140761e+18, 1.03940083e-23, 5.61425097, -999.999998, -1000.8746, 1.005e+19, 6.58723163e-16, -0.12907621, 12017.0014, 367.106811, 8.41812302, 8.41859844, 0.0128088719, 0.0128088719, 1.005e+19, 9.61725046e-40, 5.61425097, 0.274250175, 5.61427175, -1.12092984, 7.88525141e-40, -1.12092984, 5.4983676, -3.50055463e-40, 5.49838886, 0, 1.59835901e-08, 1.59835901e-08, 12.6297854, 22820.3864, -14.3152021, 0.27, 3.332, 22822.0718, -1.12092984, 5.4983676, 0, 1.10835394e+18, 0, 0, 0, 0
18.6916667, 0, 0, 1.005e+19, 0, 2.49667313e-14, 3.718e+18, 6.44e+20, 4.85, 4, 1002.34209, 8.41860428, 0.0128088719, 12016.4996, 0, 2.49129279e+18, 3.59663273e-25, 4.91937259, -999.999998, -1000.81794, 1.005e+19, 2.27955115e-17, -0.111932963, 12016.4996, 367.09577, 8.41860428, 8.4190543, 0.0128088719, 0.0128088719, 1.005e+19, 1.75497238e-40, 4.91937259, 0.254753778, 4.91939334, -1.04573655, 2.69574418e-41, -1.04573654, 4.8056, -1.54685829e-40, 4.80562127, 0, 1.59829074e-08, 1.59829074e-08, 9.80204495, 17953.6065, -14.3197261, 0.27, 3.332, 17958.1242, -1.04573655, 4.8056, 0, 1.10830212e+18, 0, 0, 0, 0
18.75, 0, 0, 1.005e+19, 0, 2.49163446e-14, 3.718e+18, 6.44e+20, 4.85, 4, 1002.34209, 8.41902548, 0.0128088719, 12015.9376, 0, 2.49119442e+18, 3.59663273e-25, 4.44127281, -999.999998, -1000.81794, 1.005e+19, 2.27955115e-17, -0.107209524, 12015.9376, 367.086107, 8.41902548, 8.41945318, 0.0128088719, 0.0128088719, 1.005e+19, 3.29732509e-41, 4.44127281, 0.241197241, 4.44129347, -0.988924625, 2.69574418e-41, -0.988924623, 4.32642458, -1.21618418e-41, 4.32644585, 0, 1.598231e-08, 1.598231e-08, 7.85592653, 17951.6604, -14.3197261, 0.27, 3.332, 17958.1242, -0.988924625, 4.32642458, 0, 1.10825064e+18, 0, 0, 0, 0
18.8166667, 0, 0, 1.005e+19, 0, 2.48651541e-14, 3.718e+18, 6.44e+20, 4.85, 4, 1002.34209, 8.41945686, 0.0128088719, 12015.5325, 0, 2.4910919e+18, 1.25542899e-26, 3.93671321, -999.999999, -1000.76143, 1.005e+19, 7.95747339e-19, -0.0937680218, 12015.5325, 367.07625, 8.41945686, 8.41986016, 0.0128088719, 0.0128088719, 1.005e+19, 6.07329354e-42, 3.93671321, 0.225718884, 3.93673385, -0.923711604, 9.32745776e-43, -0.923711603, 3.82483202, -5.35572576e-42, 3.82485329, 0, 1.59817007e-08, 1.59817007e-08, 6.21796244, 14428.8343, -14.323765, 0.27, 3.332, 14436.9401, -0.923711604, 3.82483202, 0, 1.1082044e+18, 0, 0, 0, 0
18.875, 0, 0, 1.005e+19, 0, 2.48203564e-14, 3.718e+18, 6.44e+20, 4.85, 4, 1002.34209, 8.41983438, 0.0128088719, 12015.0592, 0, 2.49100409e+18, 1.25542899e-26, 3.58835939, -999.999999, -1000.76143, 1.005e+19, 7.95747339e-19, -0.0899172418, 12015.0592, 367.067624, 8.41983438, 8.42021626, 0.0128088719, 0.0128088719, 1.005e+19, 1.14330932e-42, 3.58835939, 0.214950714, 3.58837993, -0.869102328, 9.32745776e-43, -0.869102327, 3.47792183, -4.25741538e-43, 3.47794311, 0, 1.59811674e-08, 1.59811674e-08, 5.09868497, 14427.715, -14.323765, 0.27, 3.332, 14436.9401, -0.869102328, 3.47792183, 0, 1.10815846e+18, 0, 0, 0, 0
18.9416667, 0, 0, 1.005e+19, 0, 2.47752534e-14, 3.718e+18, 6.44e+20, 4.85, 4, 1002.34209, 8.42021778, 0.0128088719, 12014.7276, 0, 2.49091341e+18, 4.41101525e-28, 3.2138695, -999.999999, -1000.70502, 1.005e+19, 2.7960694e-20, -0.0788368701, 12014.7276, 367.05891, 8.42021778, 8.42057615, 0.0128088719, 0.0128088719, 1.005e+19, 2.12006192e-43, 3.2138695, 0.20240074, 3.21389004, -0.810565783, 3.2556285e-44, -0.810565783, 3.10743309, -1.87027044e-43, 3.10745438, 0, 1.59806286e-08, 1.59806286e-08, 4.10874196, 11826.3161, -14.3273362, 0.27, 3.332, 11836.5347, -0.810565783, 3.10743309, 0, 1.10811758e+18, 0, 0, 0, 0
19, 0, 0, 1.005e+19, 0, 2.47357835e-14, 3.718e+18, 6.44e+20, 4.85, 4, 1002.34209, 8.42055332, 0.0128088719, 12014.3276, 0, 2.49083578e+18, 4.41101525e-28, 2.95370357, -999.999999, -1000.70502, 1.005e+19, 2.7960694e-20, -0.0755444925, 12014.3276, 367.051283, 8.42055332, 8.42089106, 0.0128088719, 0.0128088719, 1.005e+19, 3.99699513e-44, 2.95370357, 0.193665185, 2.95372403, -0.757837582, 3.2556285e-44, -0.757837581, 2.85122674, -1.49908042e-44, 2.85124803, 0, 1.59801571e-08, 1.59801571e-08, 3.43829409, 11825.6457, -14.3273362, 0.27, 3.332, 11836.5347, -0.757837582, 2.85122674, 0, 1.10807695e+18, 0, 0, 0, 0
19.0666667, 0, 0, 1.005e+19, 0, 2.46965234e-14, 3.718e+18, 6.44e+20, 4.85, 4, 1002.34209, 8.42089038, 0.0128088719, 12014.0545, 0, 2.49075658e+18, 1.55775002e-29, 2.67196041, -999.999999, -1000.6487, 1.005e+19, 9.87484197e-22, -0.0660563905, 12014.0545, 367.043673, 8.42089038, 8.42120535, 0.0128088719, 0.0128088719, 1.005e+19, 7.44929099e-45, 2.67196041, 0.183283498, 2.67198086, -0.70394724, 1.14382662e-45, -0.703947239, 2.57456542, -6.5735026e-45, 2.5745867, 0, 1.59796867e-08, 1.59796867e-08, 2.82024321, 9883.28716, -14.3304545, 0.27, 3.332, 9894.79733, -0.70394724, 2.57456542, 0, 1.10804127e+18, 0, 0, 0, 0
19.125, 0, 0, 1.005e+19, 0, 2.46621667e-14, 3.718e+18, 6.44e+20, 4.85, 4, 1002.34209, 8.42118536, 0.0128088719, 12013.7177, 0, 2.4906888e+18, 1.55775002e-29, 2.47429948, -999.999999, -1000.6487, 1.005e+19, 9.87484197e-22, -0.0631585, 12013.7177, 367.037014, 8.42118536, 8.42148035, 0.0128088719, 0.0128088719, 1.005e+19, 1.406065e-45, 2.47429948, 0.176053389, 2.47431989, -0.652817685, 1.14382662e-45, -0.652817684, 2.38324583, -5.30276623e-46, 2.38326713, 0, 1.5979275e-08, 1.5979275e-08, 2.40613085, 9882.87305, -14.3304545, 0.27, 3.332, 9894.79733, -0.652817685, 2.38324583, 0, 1.10800579e+18, 0, 0, 0, 0
19.1916667, 0, 0, 1.005e+19, 0, 2.4628534e-14, 3.718e+18, 6.44e+20, 4.85, 4, 1002.34209, 8.42147748, 0.0128088719, 12013.4933, 0, 2.49062076e+18, 5.52352347e-31, 2.25998913, -999.999999, -1000.59244, 1.005e+19, 3.50161469e-23, -0.0547509341, 12013.4933, 367.030477, 8.42147748, 8.42175034, 0.0128088719, 0.0128088719, 1.005e+19, 2.63080578e-46, 2.25998913, 0.167292325, 2.26000955, -0.602275814, 4.03925702e-47, -0.602275814, 2.17495495, -2.32204772e-46, 2.17497625, 0, 1.59788709e-08, 1.59788709e-08, 2.00883153, 8420.77124, -14.333133, 0.27, 3.332, 8433.09552, -0.602275814, 2.17495495, 0, 1.10797514e+18, 0, 0, 0, 0
19.25, 0, 0, 1.005e+19, 0, 2.45991021e-14, 3.718e+18, 6.44e+20, 4.85, 4, 1002.34209, 8.42173312, 0.0128088719, 12013.2127, 0, 2.49056254e+18, 5.52352347e-31, 2.10760326, -999.999999, -1000.59244, 1.005e+19, 3.50161469e-23, -0.0521161355, 12013.2127, 367.024757, 8.42173312, 8.42198658, 0.0128088719, 0.0128088719, 1.005e+19, 4.97031391e-47, 2.10760326, 0.161187813, 2.10762368, -0.552494582, 4.03925702e-47, -0.552494582, 2.03092765, -1.88273327e-47, 2.03094894, 0, 1.59785172e-08, 1.59785172e-08, 1.74589956, 8420.5083, -14.333133, 0.27, 3.332, 8433.09552, -0.552494582, 2.03092765, 0, 1.10794467e+18, 0, 0, 0, 0
19.3166667, 0, 0, 1.005e+19, 0, 2.45709258e-14, 3.718e+18, 6.44e+20, 4.85, 4, 1002.34209, 8.42198146, 0.0128088719, 12013.0301, 0, 2.4905054e+18, 1.96499105e-32, 1.944643, -999.999999, -1000.53622, 1.005e+19, 1.24574548e-24, -0.04447487, 12013.0301, 367.019268, 8.42198146, 8.42221331, 0.0128088719, 0.0128088719, 1.005e+19, 9.32864211e-48, 1.944643, 0.153641352, 1.94466344, -0.504392146, 1.43220415e-48, -0.504392146, 1.87464343, -8.23535547e-48, 1.87466473, 0, 1.59781779e-08, 1.59781779e-08, 1.48588903, 7323.5066, -14.3353819, 0.27, 3.332, 7336.35605, -0.504392146, 1.87464343, 0, 1.10791893e+18, 0, 0, 0, 0
19.375, 0, 0, 1.005e+19, 0, 2.45462687e-14, 3.718e+18, 6.44e+20, 4.85, 4, 1002.34209, 8.42219879, 0.0128088719, 12012.8009, 0, 2.49045651e+18, 1.96499105e-32, 1.8267479, -999.999999, -1000.53622, 1.005e+19, 1.24574548e-24, -0.0420364396, 12012.8009, 367.014465, 8.42219879, 8.4224117, 0.0128088719, 0.0128088719, 1.005e+19, 1.76377561e-48, 1.8267479, 0.148380742, 1.8267684, -0.455725342, 1.43220415e-48, -0.455725342, 1.76657324, -6.7048897e-49, 1.76659454, 0, 1.5977881e-08, 1.5977881e-08, 1.31613463, 7323.33684, -14.3353819, 0.27, 3.332, 7336.35605, -0.455725342, 1.76657324, 0, 1.10789335e+18, 0, 0, 0, 0
19.4416667, 0, 0, 1.005e+19, 0, 2.45234009e-14, 3.718e+18, 6.44e+20, 4.85, 4, 1002.34209, 8.42240433, 0.0128088719, 12012.6553, 0, 2.49041005e+18, 7.00937515e-34, 1.70379963, -999.999999, -1000.48004, 1.005e+19, 4.44387201e-26, -0.0349251936, 12012.6553, 367.010002, 8.42240433, 8.42259607, 0.0128088719, 0.0128088719, 1.005e+19, 3.31872985e-49, 1.70379963, 0.141738309, 1.70382017, -0.409419475, 5.09491607e-50, -0.409419475, 1.65048615, -2.93023919e-49, 1.65050745, 0, 1.59776051e-08, 1.59776051e-08, 1.14403108, 6508.60287, -14.3372105, 0.27, 3.332, 6521.79605, -0.409419475, 1.65048615, 0, 1.10787242e+18, 0, 0, 0, 0
19.5, 0, 0, 1.005e+19, 0, 2.45033895e-14, 3.718e+18, 6.44e+20, 4.85, 4, 1002.34209, 8.4225842, 0.0128088719, 12012.474, 0, 2.49037029e+18, 7.00937515e-34, 1.61305879, -999.999999, -1000.48004, 1.005e+19, 4.44387201e-26, -0.0326168637, 12012.474, 367.006097, 8.4225842, 8.4227574, 0.0128088719, 0.0128088719, 1.005e+19, 6.27870196e-50, 1.61305879, 0.137106074, 1.61307944, -0.361653666, 5.09491607e-50, -0.361653666, 1.570219, -2.39379536e-50, 1.5702403, 0, 1.59773636e-08, 1.59773636e-08, 1.03322777, 6508.49207, -14.3372105, 0.27, 3.332, 6521.79605, -0.361653666, 1.570219, 0, 1.10785162e+18, 0, 0, 0, 0
19.5666667, 0, 0, 1.005e+19, 0, 2.44857206e-14, 3.718e+18, 6.44e+20, 4.85, 4, 1002.34209, 8.42274771, 0.0128088719, 12012.3623, 0, 2.49033434e+18, 2.50598362e-35, 1.52317639, -999.999999, -1000.42389, 1.005e+19, 1.58880613e-27, -0.0258842958, 12012.3623, 367.002643, 8.42274771, 8.42290008, 0.0128088719, 0.0128088719, 1.005e+19, 1.1838551e-50, 1.52317639, 0.131122716, 1.5231971, -0.316650043, 1.81738151e-51, -0.316650043, 1.48677814, -1.04540815e-50, 1.48679945, 0, 1.59771501e-08, 1.59771501e-08, 0.920503409, 5922.85239, -14.3386254, 0.27, 3.332, 5936.27051, -0.316650043, 1.48677814, 0, 1.10783543e+18, 0, 0, 0, 0
19.625, 0, 0, 1.005e+19, 0, 2.44702586e-14, 3.718e+18, 6.44e+20, 4.85, 4, 1002.34209, 8.42289081, 0.0128088719, 12012.2265, 0, 2.49030357e+18, 2.50598362e-35, 1.4553867, -999.999999, -1000.42389, 1.005e+19, 1.58880613e-27, -0.0236746649, 12012.2265, 366.99962, 8.42289081, 8.42302493, 0.0128088719, 0.0128088719, 1.005e+19, 2.2409155e-51, 1.4553867, 0.126948769, 1.45540757, -0.269590083, 1.81738151e-51, -0.269590083, 1.42907851, -8.56446005e-52, 1.42909982, 0, 1.59769633e-08, 1.59769633e-08, 0.848898551, 5922.78078, -14.3386254, 0.27, 3.332, 5936.27051, -0.269590083, 1.42907851, 0, 1.10781932e+18, 0, 0, 0, 0
19.6916667, 0, 0, 1.005e+19, 0, 2.44576971e-14, 3.718e+18, 6.44e+20, 4.85, 4, 1002.34209, 8.42301292, 0.0128088719, 12012.1463, 0, 2.49027798e+18, 8.97646555e-37, 1.39370811, -999.999999, -1000.36777, 1.005e+19, 5.69122139e-29, -0.0171890024, 12012.1463, 366.997162, 8.42301292, 8.42312648, 0.0128088719, 0.0128088719, 1.005e+19, 4.23257619e-52, 1.39370811, 0.121424015, 1.39372903, -0.225501131, 6.49736352e-53, -0.225501131, 1.3727184, -3.73800306e-52, 1.3727397, 0, 1.59768113e-08, 1.59768113e-08, 0.777948772, 5527.27204, -14.3396325, 0.27, 3.332, 5540.83371, -0.225501131, 1.3727184, 0, 1.1078078e+18, 0, 0, 0, 0
19.75, 0, 0, 1.005e+19, 0, 2.44467047e-14, 3.718e+18, 6.44e+20, 4.85, 4, 1002.34209, 8.42311978, 0.0128088719, 12012.0543, 0, 2.49025609e+18, 8.97646555e-37, 1.34624367, -999.999999, -1000.36777, 1.005e+19, 5.69122139e-29, -0.0150373058, 12012.0543, 366.995012, 8.42311978, 8.42321534, 0.0128088719, 0.0128088719, 1.005e+19, 8.01540578e-53, 1.34624367, 0.117568964, 1.34626475, -0.178964231, 6.49736352e-53, -0.178964231, 1.33375015, -3.06967449e-53, 1.33377145, 0, 1.59766784e-08, 1.59766784e-08, 0.733396557, 5527.22748, -14.3396325, 0.27, 3.332, 5540.83371, -0.178964231, 1.33375015, 0, 1.10779634e+18, 0, 0, 0, 0
19.8166667, 0, 0, 1.005e+19, 0, 2.44391934e-14, 3.718e+18, 6.44e+20, 4.85, 4, 1002.34209, 8.42320094, 0.0128088719, 12012.0042, 0, 2.49024077e+18, 3.2247607e-38, 1.3102622, -999.999999, -1000.31168, 1.005e+19, 2.04457028e-30, -0.00870829507, 12012.0042, 366.993541, 8.42320094, 8.42327612, 0.0128088719, 0.0128088719, 1.005e+19, 1.51587322e-53, 1.3102622, 0.112332028, 1.31028332, -0.135452892, 2.32433871e-54, -0.135452892, 1.30129465, -1.33918802e-53, 1.30131596, 0, 1.59765874e-08, 1.59765874e-08, 0.694411564, 5299.43218, -14.3402351, 0.27, 3.332, 5313.078, -0.135452892, 1.30129465, 0, 1.10778945e+18, 0, 0, 0, 0
19.875, 0, 0, 1.005e+19, 0, 2.44326203e-14, 3.718e+18, 6.44e+20, 4.85, 4, 1002.34209, 8.42327196, 0.0128088719, 12011.9549, 0, 2.49022767e+18, 3.2247607e-38, 1.28210519, -999.999999, -1000.31168, 1.005e+19, 2.04457028e-30, -0.00659578311, 12011.9549, 366.992253, 8.42327196, 8.4233293, 0.0128088719, 0.0128088719, 1.005e+19, 2.87019714e-54, 1.28210519, 0.108676668, 1.28212644, -0.08925847, 2.32433871e-54, -0.0892584699, 1.27885008, -1.10334514e-54, 1.27887139, 0, 1.59765078e-08, 1.59765078e-08, 0.670143843, 5299.40791, -14.3402351, 0.27, 3.332, 5313.078, -0.08925847, 1.27885008, 0, 1.10778259e+18, 0, 0, 0, 0
19.9416667, 0, 0, 1.005e+19, 0, 2.44301192e-14, 3.718e+18, 6.44e+20, 4.85, 4, 1002.34209, 8.42331247, 0.0128088719, 13434.5088, 0, 2.49022257e+18, 2.31422336e-39, 1.27049898, -999.999999, -1000.26725, 1.005e+19, 1.46727402e-31, -0.00345809571, 13434.5088, 366.991763, 8.42331247, 8.42334954, 0.0128088719, 0.0128088719, 1.005e+19, 6.20091003e-55, 1.27049898, 0.10358023, 1.27052024, -0.0676214094, 1.55417535e-55, -0.0676214093, 1.26816726, -5.0426271e-55, 1.26818856, 0, 1.59764775e-08, 1.59764775e-08, 0.657622324, 5224.46627, -14.3404358, 0.27, 3.332, 5238.14908, -0.0676214094, 1.26816726, 0, 1.10778029e+18, 0, 0, 0, 0
20, 0, 0, 1.005e+19, 0, 2.44279304e-14, 3.718e+18, 6.44e+20, 4.85, 4, 1002.34209, 8.42334792, 0.0128088719, 13434.4948, 0, 2.49021821e+18, 2.31422336e-39, 1.26160853, -999.999999, -1000.26725, 1.005e+19, 1.46727402e-31, -0.0024056318, 13434.4948, 366.991334, 8.42334792, 8.42336725, 0.0128088719, 0.0128088719, 1.005e+19, 1.95044487e-55, 1.26160853, 0.101786191, 1.26162982, -0.0445962973, 1.55417535e-55, -0.0445962973, 1.26078332, -7.92161945e-56, 1.26080462, 0, 1.5976451e-08, 1.5976451e-08, 0.649861214, 5224.45851, -14.3404358, 0.27, 3.332, 5238.14908, -0.0445962973, 1.26078332, 0, 1.10777801e+18, 0, 0, 0, 0
