"depth", "composition x", "composition y", "donor conc", "acceptor conc", "ni", "nc", "nv", "eg", "electron affinity", "potential", "e- mobility", "h+ mobility", "electric field", "impact gen rate", "electron conc", "hole conc", "cond. current density", "electron qfl", "hole qfl", "net doping", "recombination rate", "e field x", "e field y", "lattice temperature", "e- mobility x", "e- mobility y", "h+ mobility x", "h+ mobility y", "total doping", "h+ current density", "e- current density", "current flowlines", "total current density", "je- x", "jh+ x", "jtot x", "je- y", "jh+ y", "jtot y", "seu generation rate", "e- srh tno", "h+ srh tno", "joule heat power", "total heat power", "rec heat power", "heat conductivity", "heat capacity", "peltier-thomson heat power", "cond current x", "cond current y", "ionized acceptor concentration", "ionized donor concentration", "e- ionization coefficient", "h+ ionization coefficient", "acceptor trap dos #1", "acceptor trap ionized density #1"
-1.77635684e-15, 0, 0, 1e+19, 0, 5.56246334e-14, 3.718e+18, 6.44e+20, 4.85, 4, 2.34187527, 12.1176471, 0.0128722772, 10730.6265, 0, 2.52790888e+18, 1.36623942e-06, 0.0840115959, -2.17497621e-08, -1.5283091, 1e+19, 85.3541392, 0.00307335832, 10730.6265, 370.97246, 12.1176471, 12.1176471, 0.0128722772, 0.0128722772, 1e+19, 6.08844072e-23, 0.0840115959, 0.114002074, 0.0840362043, 0.0426353412, -7.73334704e-25, 0.0426353412, 0.0719743969, -6.08771494e-23, 0.0720035285, 0, 1.62231146e-08, 1.62231146e-08, 1007.7759, 1007.7759, 0, 0.27, 3.332, 0, 0.0426353412, 0.0719743969, 0, 1.12337847e+18, 0, 0, 0, 0
0.0666666667, 0, 0, 1e+19, 0, 5.56283726e-14, 3.718e+18, 6.44e+20, 4.85, 4, 2.34187525, 12.1176471, 0.0128722772, 12172.3189, 0, 2.5279123e+18, 1.5128614e-06, 0.0956781634, -2.17413633e-08, -1.53004535, 1e+19, 94.5139547, 0.00485455171, 12172.3189, 370.972789, 12.1176471, 12.1176471, 0.0128722772, 0.0128722772, 1e+19, 6.53292227e-23, 0.0956781634, 0.113749889, 0.0957005388, 0.0627032792, -1.61300632e-24, 0.0627032791, 0.0720005691, -6.53007161e-23, 0.0720297005, 0, 1.6223135e-08, 1.6223135e-08, 1007.98442, 1007.98442, 0, 0.27, 3.332, 0, 0.0627032792, 0.0720005691, 0, 1.12338e+18, 0, 0, 0, 0
0.125, 0, 0, 1e+19, 0, 5.56316442e-14, 3.718e+18, 6.44e+20, 4.85, 4, 2.34187525, 12.1176471, 0.0128722772, 12172.3376, 0, 2.52791524e+18, 1.5128614e-06, 0.112191768, -2.17413633e-08, -1.53004535, 1e+19, 94.5139547, 0.00578734156, 12172.3376, 370.973077, 12.1176471, 12.1176471, 0.0128722772, 0.0128722772, 1e+19, 6.74412992e-23, 0.112191768, 0.113637055, 0.112210047, 0.0852464897, -1.61300632e-24, 0.0852464896, 0.0720176339, -6.74127925e-23, 0.0720467653, 0, 1.62231529e-08, 1.62231529e-08, 1008.34206, 1008.34206, 0, 0.27, 3.332, 0, 0.0852464897, 0.0720176339, 0, 1.12338152e+18, 0, 0, 0, 0
0.191666667, 0, 0, 1e+19, 0, 5.56428595e-14, 3.718e+18, 6.44e+20, 4.85, 4, 2.34187517, 12.1176471, 0.0128722772, 12172.3544, 0, 2.52792547e+18, 1.9778814e-06, 0.144903188, -2.16874482e-08, -1.53460969, 1e+19, 123.564608, 0.00934954222, 12172.3544, 370.974062, 12.1176471, 12.1176471, 0.0128722772, 0.0128722772, 1e+19, 8.15063698e-23, 0.144903188, 0.113287569, 0.144918286, 0.125394115, -3.94635594e-24, 0.125394115, 0.0721505821, -8.13758248e-23, 0.0721797135, 0, 1.62232141e-08, 1.62232141e-08, 1009.4743, 1009.4743, 0, 0.27, 3.332, 0, 0.125394115, 0.0721505821, 0, 1.12338611e+18, 0, 0, 0, 0
0.25, 0, 0, 1e+19, 0, 5.56526723e-14, 3.718e+18, 6.44e+20, 4.85, 4, 2.34187517, 12.1176471, 0.0128722772, 12172.4, 0, 2.52793429e+18, 1.9778814e-06, 0.18569732, -2.16874482e-08, -1.53460969, 1e+19, 123.564608, 0.0105937038, 12172.4, 370.974925, 12.1176471, 12.1176471, 0.0128722772, 0.0128722772, 1e+19, 8.82049777e-23, 0.18569732, 0.113050698, 0.185708394, 0.170496581, -3.94635594e-24, 0.170496581, 0.0722436424, -8.80744326e-23, 0.0722727735, 0, 1.62232677e-08, 1.62232677e-08, 1011.42206, 1011.42206, 0, 0.27, 3.332, 0, 0.170496581, 0.0722436424, 0, 1.12339067e+18, 0, 0, 0, 0
0.316666667, 0, 0, 1e+19, 0, 5.56713773e-14, 3.718e+18, 6.44e+20, 4.85, 4, 2.34187503, 12.1176471, 0.0128722772, 12172.4313, 0, 2.52795135e+18, 3.00928916e-06, 0.222759283, -2.16128262e-08, -1.54175618, 1e+19, 187.997842, 0.0141568412, 12172.4313, 370.976569, 12.1176471, 12.1176471, 0.0128722772, 0.0128722772, 1e+19, 1.19446122e-22, 0.222759283, 0.112649689, 0.22276873, 0.210651355, -8.13373403e-24, 0.210651355, 0.0724373498, -1.19081709e-22, 0.0724664806, 0, 1.62233697e-08, 1.62233697e-08, 1013.04594, 1013.04594, 0, 0.27, 3.332, 0, 0.210651355, 0.0724373498, 0, 1.12339833e+18, 0, 0, 0, 0
0.375, 0, 0, 1e+19, 0, 5.56877431e-14, 3.718e+18, 6.44e+20, 4.85, 4, 2.34187503, 12.1176471, 0.0128722772, 12172.5018, 0, 2.52796605e+18, 3.00928916e-06, 0.266263801, -2.16128262e-08, -1.54175618, 1e+19, 187.997842, 0.0154010824, 12172.5018, 370.978006, 12.1176471, 12.1176471, 0.0128722772, 0.0128722772, 1e+19, 1.34303659e-22, 0.266263801, 0.112382613, 0.266271568, 0.255762128, -8.13373403e-24, 0.255762128, 0.0725706893, -1.33939246e-22, 0.0725998197, 0, 1.6223459e-08, 1.6223459e-08, 1015.83752, 1015.83752, 0, 0.27, 3.332, 0, 0.255762128, 0.0725706893, 0, 1.12340592e+18, 0, 0, 0, 0
0.441666667, 0, 0, 1e+19, 0, 5.57139486e-14, 3.718e+18, 6.44e+20, 4.85, 4, 2.34187485, 12.1176471, 0.0128722772, 12172.5474, 0, 2.52798994e+18, 5.06211044e-06, 0.304807462, -2.14946463e-08, -1.55061113, 1e+19, 316.237735, 0.0189642638, 12172.5474, 370.980307, 12.1176471, 12.1176471, 0.0128722772, 0.0128722772, 1e+19, 1.96446313e-22, 0.304807462, 0.111933496, 0.304814314, 0.295928005, -1.67416338e-23, 0.295928005, 0.0728662976, -1.9552819e-22, 0.0728954276, 0, 1.62236018e-08, 1.62236018e-08, 1018.34275, 1018.34275, 0, 0.27, 3.332, 0, 0.295928005, 0.0728662976, 0, 1.12341665e+18, 0, 0, 0, 0
0.5, 0, 0, 1e+19, 0, 5.5736877e-14, 3.718e+18, 6.44e+20, 4.85, 4, 2.34187485, 12.1176471, 0.0128722772, 12172.6428, 0, 2.52801051e+18, 5.06211044e-06, 0.349118226, -2.14946463e-08, -1.55061113, 1e+19, 316.237735, 0.0202088925, 12172.6428, 370.982319, 12.1176471, 12.1176471, 0.0128722772, 0.0128722772, 1e+19, 2.26017801e-22, 0.349118226, 0.111638463, 0.349124194, 0.341053644, -1.67416338e-23, 0.341053643, 0.0730721358, -2.25099678e-22, 0.0731012652, 0, 1.62237269e-08, 1.62237269e-08, 1022.65148, 1022.65148, 0, 0.27, 3.332, 0, 0.341053644, 0.0730721358, 0, 1.12342727e+18, 0, 0, 0, 0
0.566666667, 0, 0, 1e+19, 0, 5.57706097e-14, 3.718e+18, 6.44e+20, 4.85, 4, 2.34187461, 12.1176471, 0.0128722772, 12172.7028, 0, 2.52804123e+18, 9.3574824e-06, 0.38829796, -2.13724108e-08, -1.56107085, 1e+19, 584.564261, 0.0237713594, 12172.7028, 370.985277, 12.1176471, 12.1176471, 0.0128722772, 0.0128722772, 1e+19, 3.5619244e-22, 0.38829796, 0.111142068, 0.38830335, 0.38122813, -3.47435124e-23, 0.381228129, 0.0733873649, -3.54053712e-22, 0.0734164939, 0, 1.62239105e-08, 1.62239105e-08, 1025.29551, 1025.29551, 0, 0.27, 3.332, 0, 0.38122813, 0.0733873649, 0, 1.12344107e+18, 0, 0, 0, 0
0.625, 0, 0, 1e+19, 0, 5.58001237e-14, 3.718e+18, 6.44e+20, 4.85, 4, 2.34187461, 12.1176471, 0.0128722772, 12172.8231, 0, 2.52806769e+18, 9.3574824e-06, 0.432946752, -2.13724108e-08, -1.56107085, 1e+19, 584.564261, 0.0250153535, 12172.8231, 370.987865, 12.1176471, 12.1176471, 0.0128722772, 0.0128722772, 1e+19, 4.180695e-22, 0.432946752, 0.110819391, 0.4329516, 0.426369951, -3.47435124e-23, 0.426369951, 0.0736043972, -4.15930772e-22, 0.0736335254, 0, 1.62240713e-08, 1.62240713e-08, 1029.84036, 1029.84036, 0, 0.27, 3.332, 0, 0.426369951, 0.0736043972, 0, 1.12345473e+18, 0, 0, 0, 0
0.691666667, 0, 0, 1e+19, 0, 5.58414056e-14, 3.718e+18, 6.44e+20, 4.85, 4, 2.34187431, 12.1176471, 0.0128722772, 12172.8975, 0, 2.52810524e+18, 1.82361967e-05, 0.472446659, -2.12500946e-08, -1.57242837, 1e+19, 1139.19144, 0.0285724333, 12172.8975, 370.991481, 12.1176471, 12.1176471, 0.0128722772, 0.0128722772, 1e+19, 6.87124137e-22, 0.472446659, 0.11027496, 0.472451112, 0.466543266, -7.33114757e-23, 0.466543265, 0.0739090091, -6.82237129e-22, 0.0739381367, 0, 1.62242958e-08, 1.62242958e-08, 1032.41313, 1032.41313, 0, 0.27, 3.332, 0, 0.466543266, 0.0739090091, 0, 1.12347159e+18, 0, 0, 0, 0
0.75, 0, 0, 1e+19, 0, 5.58775248e-14, 3.718e+18, 6.44e+20, 4.85, 4, 2.34187431, 12.1176471, 0.0128722772, 12173.0426, 0, 2.52813758e+18, 1.82361967e-05, 0.517274526, -2.12500946e-08, -1.57242837, 1e+19, 1139.19144, 0.0298150207, 12173.0426, 370.994645, 12.1176471, 12.1176471, 0.0128722772, 0.0128722772, 1e+19, 8.15029206e-22, 0.517274526, 0.109924151, 0.517278612, 0.51170231, -7.33114757e-23, 0.51170231, 0.0741200584, -8.10142198e-22, 0.0741491849, 0, 1.62244923e-08, 1.62244923e-08, 1036.83521, 1036.83521, 0, 0.27, 3.332, 0, 0.51170231, 0.0741200584, 0, 1.1234883e+18, 0, 0, 0, 0
0.816666667, 0, 0, 1e+19, 0, 5.59263937e-14, 3.718e+18, 6.44e+20, 4.85, 4, 2.34187397, 12.1176471, 0.0128722772, 12173.1313, 0, 2.52818196e+18, 3.71553724e-05, 0.556888043, -2.12465829e-08, -1.58454111, 1e+19, 2320.97949, 0.0333548481, 12173.1313, 370.998919, 12.1176471, 12.1176471, 0.0128722772, 0.0128722772, 1e+19, 1.38866668e-21, 0.556888043, 0.109330282, 0.556891831, 0.551845085, -1.5033661e-22, 0.551845085, 0.0741246319, -1.37858522e-21, 0.0741537577, 0, 1.62247577e-08, 1.62247577e-08, 1036.84151, 1036.84151, 0, 0.27, 3.332, 0, 0.551845085, 0.0741246319, 0, 1.12350823e+18, 0, 0, 0, 0
0.875, 0, 0, 1e+19, 0, 5.5969151e-14, 3.718e+18, 6.44e+20, 4.85, 4, 2.34187397, 12.1176471, 0.0128722772, 12173.3012, 0, 2.52822019e+18, 3.71553724e-05, 0.601811505, -2.12465829e-08, -1.58454111, 1e+19, 2320.97949, 0.0345912471, 12173.3012, 371.002659, 12.1176471, 12.1176471, 0.0128722772, 0.0128722772, 1e+19, 1.66121914e-21, 0.601811505, 0.108950659, 0.601815018, 0.597026818, -1.5033661e-22, 0.597026818, 0.074124029, -1.65113769e-21, 0.0741531536, 0, 1.62249899e-08, 1.62249899e-08, 1036.84268, 1036.84268, 0, 0.27, 3.332, 0, 0.597026818, 0.074124029, 0, 1.12352797e+18, 0, 0, 0, 0
0.941666667, 0, 0, 1e+19, 0, 5.60256419e-14, 3.718e+18, 6.44e+20, 4.85, 4, 2.34187357, 12.1176471, 0.0128722772, 12173.4039, 0, 2.52827141e+18, 7.52390932e-05, 0.641286089, -2.16219765e-08, -1.59654635, 1e+19, 4699.79063, 0.0380686112, 12173.4039, 371.007591, 12.1176471, 12.1176471, 0.0128722772, 0.0128722772, 1e+19, 2.81535115e-21, 0.641286089, 0.108307151, 0.641289339, 0.637028208, -2.91415113e-22, 0.637028207, 0.0731388288, -2.79665185e-21, 0.0731679526, 0, 1.62252962e-08, 1.62252962e-08, 1028.46458, 1028.46458, 0, 0.27, 3.332, 0, 0.637028208, 0.0731388288, 0, 1.12355097e+18, 0, 0, 0, 0
1, 0, 0, 1e+19, 0, 5.60750681e-14, 3.718e+18, 6.44e+20, 4.85, 4, 2.34187357, 12.1176471, 0.0128722772, 12173.5984, 0, 2.52831553e+18, 7.52390932e-05, 0.686241615, -2.16219765e-08, -1.59654635, 1e+19, 4699.79063, 0.0392834475, 12173.5984, 371.011906, 12.1176471, 12.1176471, 0.0128722772, 0.0128722772, 1e+19, 3.36400672e-21, 0.686241615, 0.107899229, 0.686244627, 0.682237089, -2.91415113e-22, 0.682237089, 0.0724474083, -3.34530742e-21, 0.0724765303, 0, 1.62255642e-08, 1.62255642e-08, 1014.03061, 1014.03061, 0, 0.27, 3.332, 0, 0.682237089, 0.0724474083, 0, 1.12357375e+18, 0, 0, 0, 0
1.06666667, 0, 0, 1e+19, 0, 5.61392316e-14, 3.718e+18, 6.44e+20, 4.85, 4, 2.34187312, 12.1176471, 0.0128722772, 12173.7143, 0, 2.52837358e+18, 0.00014764863, 0.724914968, -2.33528214e-08, -1.60801345, 1e+19, 9222.47931, 0.0425417534, 12173.7143, 371.017497, 12.1176471, 12.1176471, 0.0128722772, 0.0128722772, 1e+19, 5.55851406e-21, 0.724914968, 0.107212958, 0.724917658, 0.72169125, -5.01814819e-22, 0.72169125, 0.0679722011, -5.53028642e-21, 0.0680013224, 0, 1.62259115e-08, 1.62259115e-08, 975.965691, 975.965691, 0, 0.27, 3.332, 0, 0.72169125, 0.0679722011, 0, 1.12359982e+18, 0, 0, 0, 0
1.125, 0, 0, 1e+19, 0, 5.61953708e-14, 3.718e+18, 6.44e+20, 4.85, 4, 2.34187312, 12.1176471, 0.0128722772, 12173.9326, 0, 2.52842359e+18, 0.00014764863, 0.769779399, -2.33528214e-08, -1.60801345, 1e+19, 9222.47931, 0.0436795415, 12173.9326, 371.022389, 12.1176471, 12.1176471, 0.0128722772, 0.0128722772, 1e+19, 6.60172215e-21, 0.769779399, 0.106782415, 0.769781802, 0.766924746, -5.01814819e-22, 0.766924746, 0.0648349638, -6.57349452e-21, 0.0648640827, 0, 1.62262153e-08, 1.62262153e-08, 910.416875, 910.416875, 0, 0.27, 3.332, 0, 0.766924746, 0.0648349638, 0, 1.12362565e+18, 0, 0, 0, 0
1.19166667, 0, 0, 1e+19, 0, 5.62672522e-14, 3.718e+18, 6.44e+20, 4.85, 4, 2.34187262, 12.1176471, 0.0128722772, 12174.0586, 0, 2.5284885e+18, 0.000265504108, 0.805861289, -2.97103069e-08, -1.61798804, 1e+19, 16583.2964, 0.0461546353, 12174.0586, 371.028639, 12.1176471, 12.1176471, 0.0128722772, 0.0128722772, 1e+19, 1.01709619e-20, 0.805861289, 0.106088239, 0.80586307, 0.804381776, -7.45937861e-22, 0.804381776, 0.0484112606, -1.01363003e-20, 0.0484403787, 0, 1.62266034e-08, 1.62266034e-08, 770.758673, 770.758673, 0, 0.27, 3.332, 0, 0.804381776, 0.0484112606, 0, 1.12365479e+18, 0, 0, 0, 0
1.25, 0, 0, 1e+19, 0, 5.63301441e-14, 3.718e+18, 6.44e+20, 4.85, 4, 2.34187262, 12.1176471, 0.0128722772, 12174.2979, 0, 2.5285444e+18, 0.000265504108, 0.850464448, -2.97103069e-08, -1.61798804, 1e+19, 16583.2964, 0.0470171984, 12174.2979, 371.034108, 12.1176471, 12.1176471, 0.0128722772, 0.0128722772, 1e+19, 1.1868985e-20, 0.850464448, 0.105660674, 0.850465689, 0.849633638, -7.45937861e-22, 0.849633637, 0.0369048552, -1.18343234e-20, 0.03693397, 0, 1.6226943e-08, 1.6226943e-08, 530.291842, 530.291842, 0, 0.27, 3.332, 0, 0.849633638, 0.0369048552, 0, 1.12368366e+18, 0, 0, 0, 0
1.31666667, 0, 0, 1e+19, 0, 5.64098033e-14, 3.718e+18, 6.44e+20, 4.85, 4, 2.34187208, 12.1176471, 0.0128722772, 12174.4235, 0, 2.52861616e+18, 0.000430468738, 0.881860274, -5.24481783e-08, -1.62619415, 1e+19, 26885.6555, 0.0466895185, 12174.4235, 371.041017, 12.1176471, 12.1176471, 0.0128722772, 0.0128722772, 1e+19, 1.68632263e-20, 0.881860274, 0.105097119, 0.881859789, 0.879906439, -9.53718949e-22, 0.879906439, -0.0217698508, -1.68282979e-20, -0.0217407368, 0, 1.6227372e-08, 1.6227372e-08, 31.2026427, 31.2026427, 0, 0.27, 3.332, 0, 0.879906439, -0.0217698508, 0, 1.12371587e+18, 0, 0, 0, 0
1.375, 0, 0, 1e+19, 0, 5.64795002e-14, 3.718e+18, 6.44e+20, 4.85, 4, 2.34187208, 12.1176471, 0.0128722772, 12174.6734, 0, 2.52867795e+18, 0.000430468738, 0.927467055, -5.24481783e-08, -1.62619415, 1e+19, 26885.6555, 0.0465653001, 12174.6734, 371.047062, 12.1176471, 12.1176471, 0.0128722772, 0.0128722772, 1e+19, 1.92401112e-20, 0.927467055, 0.104771106, 0.927465123, 0.925168009, -9.53718949e-22, 0.925168008, -0.0628850047, -1.92051828e-20, -0.0628558951, 0, 1.62277475e-08, 1.62277475e-08, -828.122604, -828.122604, 0, 0.27, 3.332, 0, 0.925168009, -0.0628850047, 0, 1.12374778e+18, 0, 0, 0, 0
1.44166667, 0, 0, 1e+19, 0, 5.6566991e-14, 3.718e+18, 6.44e+20, 4.85, 4, 2.34187155, 12.1176471, 0.0128722772, 12174.7602, 0, 2.52875659e+18, 0.000627097235, 0.995764557, -1.33484485e-07, -1.6325726, 1e+19, 39164.3879, 0.0361872223, 12174.7602, 371.05463, 12.1176471, 12.1176471, 0.0128722772, 0.0128722772, 1e+19, 2.51875094e-20, 0.995764557, 0.104853367, 0.995757613, 0.929648745, -1.07884844e-21, 0.929648745, -0.271965102, -2.51568319e-20, -0.271935994, 0, 1.62282174e-08, 1.62282174e-08, -2606.78225, -2606.78225, 0, 0.27, 3.332, 0, 0.929648745, -0.271965102, 0, 1.12378305e+18, 0, 0, 0, 0
1.5, 0, 0, 1e+19, 0, 5.66435401e-14, 3.718e+18, 6.44e+20, 4.85, 4, 2.34187155, 12.1176471, 0.0128722772, 12174.9841, 0, 2.52882428e+18, 0.000627097235, 1.06688269, -1.33484485e-07, -1.6325726, 1e+19, 39164.3879, 0.0325247119, 12174.9841, 371.061251, 12.1176471, 12.1176471, 0.0128722772, 0.0128722772, 1e+19, 2.8020833e-20, 1.06688269, 0.104991634, 1.06687153, 0.974897478, -1.07884844e-21, 0.974897477, -0.418484624, -2.79901555e-20, -0.418455521, 0, 1.62286287e-08, 1.62286287e-08, -5669.26089, -5669.26089, 0, 0.27, 3.332, 0, 0.974897478, -0.418484624, 0, 1.12381801e+18, 0, 0, 0, 0
1.56666667, 0, 0, 1e+19, 0, 5.67389271e-14, 3.718e+18, 6.44e+20, 4.85, 4, 2.34187117, 12.1176471, 0.0128722772, 12174.8946, 0, 2.52890987e+18, 0.000839489624, 1.62077953, -4.23256394e-07, -1.63750682, 1e+19, 52426.0685, -0.0142323772, 12174.8946, 371.069478, 12.1176471, 12.1176471, 0.0128722772, 0.0128722772, 1e+19, 3.4438528e-20, 1.62077953, 0.10759375, 1.62076283, 0.88600062, -1.16722263e-21, 0.88600062, -1.16593924, -3.4411698e-20, -1.16591013, 0, 1.62291395e-08, 1.62291395e-08, -12029.2621, -12029.2621, 0, 0.27, 3.332, 0, 0.88600062, -1.16593924, 0, 1.1238563e+18, 0, 0, 0, 0
1.625, 0, 0, 1e+19, 0, 5.68223841e-14, 3.718e+18, 6.44e+20, 4.85, 4, 2.34187117, 12.1176471, 0.0128722772, 12174.9596, 0, 2.52898346e+18, 0.000839489624, 1.96244732, -4.23256394e-07, -1.63750682, 1e+19, 52426.0685, -0.0307353436, 12174.9596, 371.076676, 12.1176471, 12.1176471, 0.0128722772, 0.0128722772, 1e+19, 3.74993548e-20, 1.96244732, 0.109511602, 1.96242287, 0.931184635, -1.16722263e-21, 0.931184636, -1.68985938, -3.74725249e-20, -1.68983029, 0, 1.62295866e-08, 1.62295866e-08, -22980.2523, -22980.2523, 0, 0.27, 3.332, 0, 0.931184635, -1.68985938, 0, 1.12389429e+18, 0, 0, 0, 0
1.69166667, 0, 0, 1e+19, 0, 5.69257166e-14, 3.718e+18, 6.44e+20, 4.85, 4, 2.3418715, 12.1176471, 0.0128722772, 12174.1857, 0, 2.5290763e+18, 0.0010695668, 4.59687505, -1.46755387e-06, -1.64159516, 1e+19, 66790.3077, -0.216671127, 12174.1857, 371.08556, 12.1176471, 12.1176471, 0.0128722772, 0.0128722772, 1e+19, 4.44534467e-20, 4.59687505, 0.121432328, 4.59684992, 0.484307107, -1.27514493e-21, 0.48430711, -4.38062836, -4.44283113e-20, -4.38059926, 0, 1.62301383e-08, 1.62301383e-08, -45897.9989, -45897.9989, 0, 0.27, 3.332, 0, 0.484307107, -4.38062836, 0, 1.12393547e+18, 0, 0, 0, 0
1.75, 0, 0, 1e+19, 0, 5.70161235e-14, 3.718e+18, 6.44e+20, 4.85, 4, 2.3418715, 12.1176471, 0.0128722772, 12173.5876, 0, 2.52915576e+18, 0.0010695668, 6.34658542, -1.46755387e-06, -1.64159516, 1e+19, 66790.3077, -0.283129621, 12173.5876, 371.093332, 12.1176471, 12.1176471, 0.0128722772, 0.0128722772, 1e+19, 4.77698774e-20, 6.34658542, 0.129901695, 6.34655681, 0.529347249, -1.27514493e-21, 0.529347252, -6.26889017, -4.77447419e-20, -6.26886108, 0, 1.62306211e-08, 1.62306211e-08, -85365.105, -85365.105, 0, 0.27, 3.332, 0, 0.529347249, -6.26889017, 0, 1.1239765e+18, 0, 0, 0, 0
1.81666667, 0, 0, 1e+19, 0, 5.71274561e-14, 3.718e+18, 6.44e+20, 4.85, 4, 2.34187468, 12.1176471, 0.0128722772, 12170.0848, 0, 2.52925703e+18, 0.00132260924, 16.5909654, -5.39019221e-06, -1.64517425, 1e+19, 82586.4384, -1.19531253, 12170.0847, 371.10287, 12.1176471, 12.1176471, 0.0128722772, 0.0128722772, 1e+19, 5.54105396e-20, 16.5909654, 0.176603376, 16.590937, -1.89437754, -1.52380242e-21, -1.89437753, -16.2836505, -5.53815029e-20, -16.2836214, 0, 1.62312134e-08, 1.62312134e-08, -171370.293, -171370.293, 0, 0.27, 3.332, 0, -1.89437754, -16.2836505, 0, 1.12402006e+18, 0, 0, 0, 0
1.875, 0, 0, 1e+19, 0, 5.72248552e-14, 3.718e+18, 6.44e+20, 4.85, 4, 2.34187468, 12.1176471, 0.0128722772, 12166.1951, 0, 2.52934234e+18, 0.00132260924, 23.6317983, -5.39019221e-06, -1.64517425, 1e+19, 82586.4384, -1.55613638, 12166.195, 371.111215, 12.1176471, 12.1176471, 0.0128722772, 0.0128722772, 1e+19, 5.90604136e-20, 23.6317983, 0.209667096, 23.6317694, -1.84950846, -1.52380242e-21, -1.84950845, -23.377072, -5.90313769e-20, -23.3770429, 0, 1.62317317e-08, 1.62317317e-08, -319594.067, -319594.067, 0, 0.27, 3.332, 0, -1.84950846, -23.377072, 0, 1.12406411e+18, 0, 0, 0, 0
1.94166667, 0, 0, 1e+19, 0, 5.73442714e-14, 3.718e+18, 6.44e+20, 4.85, 4, 2.34189333, 12.1176471, 0.0128722772, 12136.3837, 0, 2.52945164e+18, 0.00164531047, 84.7119641, -2.48125798e-05, -1.64886784, 1e+19, 102729.418, -6.47732562, 12136.3796, 371.121408, 12.1176471, 12.1176471, 0.0128722772, 0.0128722772, 1e+19, 6.87019519e-20, 84.7119641, 0.407034594, 84.7119377, -46.2655092, -3.43853689e-21, -46.265509, -68.1840012, -6.85827146e-20, -68.1839722, 0, 1.62323648e-08, 1.62323648e-08, -742781.585, -742781.585, 0, 0.27, 3.332, 0, -46.2655092, -68.1840012, 0, 1.12411021e+18, 0, 0, 0, 0
2, 0, 0, 1e+19, 0, 5.74487065e-14, 3.718e+18, 6.44e+20, 4.85, 4, 2.34189333, 12.1176471, 0.0128722772, 9589.46671, 0, 2.52954278e+18, 0.00164531047, 140.650886, -2.48125798e-05, -1.64886784, 1e+19, 102729.418, 374.680323, 9575.36842, 371.130323, 12.1176471, 12.1176471, 0.0128722772, 0.0128722772, 1e+19, 7.34745912e-20, 140.650886, 0.55611189, 140.650863, -94.9122518, -5.66992925e-21, -94.9122492, -103.311998, -7.32506749e-20, -103.311969, 0, 1.62329185e-08, 1.62329185e-08, -1626109.37, -1626109.37, 0, 0.27, 3.332, 0, -94.9122518, -103.311998, 0, 1.12415727e+18, 0, 0, 0, 0
2.06666667, 0, 0, 1e+19, 0, 5.75775205e-14, 3.718e+18, 6.44e+20, 4.85, 4, 2.34194816, 12.1176471, 0.0128722772, 6637.19617, 0, 2.50975308e+18, 0.00261740848, 150.638239, -0.00036282104, -1.65678949, 1e+19, 163349.216, 585.374715, 6608.96106, 371.141275, 12.1176471, 12.1176471, 0.0128722772, 0.0128722772, 1e+19, 6.8220361e-20, 150.638239, 0.729626469, 150.638226, -132.816459, -6.67778532e-21, -132.816456, -49.8785159, -6.78924067e-20, -49.8784993, 0, 1.62335988e-08, 1.62335988e-08, -1083459.68, -1083459.68, 0, 0.27, 3.332, 0, -132.816459, -49.8785159, 0, 1.13248476e+18, 0, 0, 0, 0
2.125, 0, 0, 1e+19, 0, 5.76902737e-14, 3.718e+18, 6.44e+20, 4.85, 4, 2.32762308, 12.1176471, 0.0128722772, 1857.27014, 0, 1.70341013e+18, 0.0044157045, 161.407891, -0.000678064435, -3.10291816, 1e+19, 275586.552, 573.559237, 1490.9544, 371.150863, 12.1176471, 12.1176471, 0.0128722772, 0.0128722772, 1e+19, 5.82605736e-20, 161.407891, 0.86036366, 161.407887, -161.195719, -7.7066271e-21, -161.195715, -8.11664421, -5.76488381e-20, -8.11664376, 0, 1.62341942e-08, 1.62341942e-08, -147045.192, -147045.192, 0, 0.27, 3.332, 0, -161.195719, -8.11664421, 0, 1.69877098e+18, 0, 0, 0, 0
2.19166667, 0, 0, 1e+19, 0, 5.78272218e-14, 3.718e+18, 6.44e+20, 4.85, 4, 2.32792807, 12.1176471, 0.0128722772, 393.42536, 0, 1.70344439e+18, 0.00506930537, 155.880164, -0.000984991096, -3.10697079, 1e+19, 316360.461, 345.400625, 22.5385096, 371.162458, 12.1176471, 12.1176471, 0.0128722772, 0.0128722772, 1e+19, 6.87133172e-20, 155.880164, 0.87443177, 155.880161, -155.818847, -7.78325819e-21, -155.818843, -3.37404875, -6.81380096e-20, -3.37404834, 0, 1.62349144e-08, 1.62349144e-08, -145541.288, -145541.288, 0, 0.27, 3.332, 0, -155.818847, -3.37404875, 0, 1.6988957e+18, 0, 0, 0, 0
2.25, 0, 0, 1e+19, 0, 5.7947056e-14, 3.718e+18, 6.44e+20, 4.85, 4, 2.32815227, 12.1176471, 0.0128722772, 43.9729108, 0, 1.70134088e+18, 0.00553271408, 134.64174, -0.00125564184, -3.11056897, 1e+19, 345261.918, -43.3227495, 6.60262382, 371.172604, 12.1176471, 12.1176471, 0.0128722772, 0.0128722772, 1e+19, 7.1691147e-20, 134.64174, 0.882939986, 134.641739, -134.640892, -7.06779834e-21, -134.640891, -0.463781038, -7.13110653e-20, -0.463781016, 0, 1.62355446e-08, 1.62355446e-08, 6480.15068, 6480.15068, 0, 0.27, 3.332, 0, -134.640892, -0.463781038, 0, 1.70097979e+18, 0, 0, 0, 0
2.31666667, 0, 0, 1e+19, 0, 5.80923805e-14, 3.718e+18, 6.44e+20, 4.85, 4, 2.32845125, 12.1176471, 0.0128722772, 43.6795377, 0, 1.70142262e+18, 0.00647498154, 133.617141, -0.00155571297, -3.11512865, 1e+19, 404040.931, -43.6425531, 1.41759488, 371.184853, 12.1176471, 12.1176471, 0.0128722772, 0.0128722772, 1e+19, 8.64815459e-20, 133.617141, 0.883579083, 133.61714, -133.616974, -1.89930832e-20, -133.616973, -0.165940639, -8.43176323e-20, -0.165940621, 0, 1.62363055e-08, 1.62363055e-08, 6394.39016, 6394.39016, 0, 0.27, 3.332, 0, -133.616974, -0.165940639, 0, 1.70106947e+18, 0, 0, 0, 0
2.375, 0, 0, 1e+19, 0, 5.82195317e-14, 3.718e+18, 6.44e+20, 4.85, 4, 2.32870855, 12.1176471, 0.0128722772, 44.5385158, 0, 1.701285e+18, 0.00715779488, 132.644589, -0.00181836193, -3.11927331, 1e+19, 446634.109, -44.5152889, -0.734536556, 371.195572, 12.1176471, 12.1176471, 0.0128722772, 0.0128722772, 1e+19, 9.29028711e-20, 132.644589, 0.883871946, 132.644588, -132.64458, -2.72468066e-20, -132.644579, -0.0453746513, -8.82755173e-20, -0.0453746829, 0, 1.62369712e-08, 1.62369712e-08, 6543.53269, 6543.53269, 0, 0.27, 3.332, 0, -132.64458, -0.0453746513, 0, 1.70134172e+18, 0, 0, 0, 0
2.44166667, 0, 0, 1e+19, 0, 5.83734045e-14, 3.718e+18, 6.44e+20, 4.85, 4, 2.32900686, 12.1176471, 0.0128722772, 44.5440983, 0, 1.70137221e+18, 0.0122644041, 132.547221, -0.00211779267, -3.13305608, 1e+19, 765237.396, -44.5034929, -1.89524006, 371.208481, 12.1176471, 12.1176471, 0.0128722772, 0.0128722772, 1e+19, 3.48006017e-19, 132.547221, 0.883758891, 132.54722, -132.547219, -3.25975534e-19, -132.547218, -0.0123213623, -9.88098944e-20, -0.0123213969, 0, 1.62377731e-08, 1.62377731e-08, 6535.58286, 6535.58286, 0, 0.27, 3.332, 0, -132.547219, -0.0123213623, 0, 1.70143524e+18, 0, 0, 0, 0
2.5, 0, 0, 1e+19, 0, 5.85080345e-14, 3.718e+18, 6.44e+20, 4.85, 4, 2.32926437, 12.1176471, 0.0128722772, 44.7207531, 0, 1.70128143e+18, 0.0166316595, 132.458623, -0.00237980322, -3.14683785, 1e+19, 1037692.36, -44.4759631, -4.00382846, 371.219777, 12.1176471, 12.1176471, 0.0128722772, 0.0128722772, 1e+19, 5.48495644e-19, 132.458623, 0.883726239, 132.458622, -132.458623, -5.37704727e-19, -132.458622, -0.000317699472, -1.01682645e-19, -0.000317780964, 0, 1.62384747e-08, 1.62384747e-08, 6524.20909, 6524.20909, 0, 0.27, 3.332, 0, -132.458623, -0.000317699472, 0, 1.70167191e+18, 0, 0, 0, 0
2.56666667, 0, 0, 1e+19, 0, 5.86705742e-14, 3.718e+18, 6.44e+20, 4.85, 4, 2.32956275, 12.1176471, 0.0128722772, 44.8295863, 0, 1.70137197e+18, 0.128985953, 132.59136, -0.0026793832, -3.19100607, 1e+19, 8090384.11, -44.4934341, -5.35700213, 371.233346, 12.1176471, 12.1176471, 0.0128722772, 0.0128722772, 1e+19, 8.7660862e-18, 132.59136, 0.88349268, 132.59136, -132.591352, -8.76419409e-18, -132.591351, 0.0372380586, 8.23441447e-20, 0.0372379726, 0, 1.62393176e-08, 1.62393176e-08, 6535.83854, 6535.83854, 0, 0.27, 3.332, 0, -132.591352, 0.0372380586, 0, 1.70177126e+18, 0, 0, 0, 0
2.625, 0, 0, 1e+19, 0, 5.88127864e-14, 3.718e+18, 6.44e+20, 4.85, 4, 2.32981896, 12.1176471, 0.0128722772, 45.527909, 0, 1.70121913e+18, 0.231033375, 132.668999, -0.00294152498, -3.23149865, 1e+19, 14413384.4, -44.3397171, -9.02773113, 371.245219, 12.1176471, 12.1176471, 0.0128722772, 0.0128722772, 1e+19, 1.46099265e-17, 132.668999, 0.883412334, 132.668998, -132.668989, -1.46091224e-17, -132.668988, 0.0501690492, 1.48269923e-19, 0.0501688919, 0, 1.62400551e-08, 1.62400551e-08, 6501.33942, 6501.33942, 0, 0.27, 3.332, 0, -132.668989, 0.0501690492, 0, 1.70207325e+18, 0, 0, 0, 0
2.69166667, 0, 0, 1e+19, 0, 5.89840266e-14, 3.718e+18, 6.44e+20, 4.85, 4, 2.33011824, 12.1176471, 0.0128722772, 45.1839476, 0, 1.70130804e+18, 1.98999797, 133.836537, -0.00324220243, -3.28750877, 1e+19, 207347624, -43.5628208, -11.7693829, 371.25944, 12.1176471, 12.1176471, 0.0128722772, 0.0128722772, 1e+19, 2.42647705e-16, 133.836537, 0.882389477, 133.836536, -133.835961, -2.42573035e-16, -133.835961, 0.31495827, 5.98004119e-18, 0.314958102, 0, 1.62409385e-08, 1.62409385e-08, 6447.65954, 6447.65954, 0, 0.27, 3.332, 0, -133.835961, 0.31495827, 0, 1.70218293e+18, 0, 0, 0, 0
2.75, 0, 0, 1e+19, 0, 5.91338505e-14, 3.718e+18, 6.44e+20, 4.85, 4, 2.3303692, 12.1176471, 0.0128722772, 61.4510861, 0, 1.70086262e+18, 6.10766952, 134.592202, -0.00350535904, -3.3367033, 1e+19, 381031713, -39.3338482, -39.2060125, 371.271884, 12.1176471, 12.1176471, 0.0128722772, 0.0128722772, 1e+19, 4.04984167e-16, 134.592202, 0.882044661, 134.592201, -134.591534, -4.04896447e-16, -134.591534, 0.403717274, 8.04592778e-18, 0.403716944, 0, 1.62417115e-08, 1.62417115e-08, 5625.22933, 5625.22933, 0, 0.27, 3.332, 0, -134.591534, 0.403717274, 0, 1.7027639e+18, 0, 0, 0, 0
2.81666667, 0, 0, 1e+19, 0, 5.9313639e-14, 3.718e+18, 6.44e+20, 4.85, 4, 2.33065033, 12.1176471, 0.0128722772, 2460.4293, 0, 1.69970515e+18, 35.9828234, 142.071681, -0.00381421391, -3.39357816, 1e+19, 5.72763544e+09, 2405.65003, 21.8219983, 371.286735, 12.1176471, 12.1176471, 0.0128722772, 0.0128722772, 1e+19, 6.76878407e-15, 142.071681, 0.873612081, 142.071671, -142.028529, -6.76666559e-15, -142.028519, 2.84009063, 1.6880289e-16, 2.84009018, 0, 1.62426341e-08, 1.62426341e-08, -420092.277, -420092.277, 0, 0.27, 3.332, 0, -142.028529, 2.84009063, 0, 1.70403865e+18, 0, 0, 0, 0
2.875, 0, 0, 1e+19, 0, 5.94709451e-14, 3.718e+18, 6.44e+20, 4.85, 4, 2.33076384, 12.1176471, 0.0128722772, 5197.74696, 0, 1.69236164e+18, 169.487943, 150.947303, -0.00408527752, -3.44331394, 1e+19, 1.05717386e+10, 5174.81924, 406.948931, 371.29973, 12.1176471, 12.1176471, 0.0128722772, 0.0128722772, 1e+19, 1.12577076e-14, 150.947303, 0.86993096, 150.947283, -150.892415, -1.12552876e-14, -150.892395, 3.96757682, 2.20843167e-16, 3.96757464, 0, 1.62434413e-08, 1.62434413e-08, -816259.354, -816259.354, 0, 0.27, 3.332, 0, -150.892415, 3.96757682, 0, 1.71105216e+18, 0, 0, 0, 0
2.94166667, 0, 0, 1e+19, 0, 5.96614635e-14, 3.718e+18, 6.44e+20, 4.85, 4, 2.27031915, 34.5929412, 0.24055087, 7575.58942, 0, 2.65932633e+17, 1245.00931, 158.939976, -0.00479367682, -3.44661818, 1e+19, 2.3525877e+11, 7514.36869, 961.151691, 371.315378, 34.5929412, 57.0682353, 0.24055087, 0.468229463, 1e+19, 2.05976618e-12, 158.939976, 0.861290906, 158.939955, -158.927361, -1.99562231e-12, -158.92734, 1.6152933, 5.09494597e-13, 1.61529551, 0, 1.62444134e-08, 1.62444134e-08, -823651.805, -823651.805, 0, 0.27, 3.332, 0, -158.927361, 1.6152933, 0, 2.43509254e+17, 0, 0, 0, 0
3, 0, 0, 1e+19, 0, 5.98281562e-14, 3.718e+18, 6.44e+20, 4.85, 4, 2.21986135, 54.2588235, 0.439769639, 9016.05289, 0, 5.67786339e+16, 6621.87778, 167.768726, -0.00541285158, -3.44958529, 1e+19, 4.0838949e+11, 8798.10169, 1825.61837, 371.32907, 54.2588235, 96.4, 0.439769639, 0.866667, 1e+19, 3.35495295e-12, 167.768726, 0.857633042, 167.768704, -167.767875, -3.27953662e-12, -167.767853, 0.484119483, 6.80257953e-13, 0.484129088, 0, 1.6245264e-08, 1.6245264e-08, -843629.517, -843629.517, 0, 0.27, 3.332, 0, -167.767875, 0.484119483, 0, 4.36461406e+16, 0, 0, 0, 0
3, 0, 0, 5e+16, 0, 5.98281562e-14, 3.718e+18, 6.44e+20, 4.85, 4, 2.21986135, 54.2588235, 0.439769639, 1466.33995, 0, 5.67786339e+16, 6621.87778, 167.768726, -0.00541285158, -3.44958529, 5e+16, 4.0838949e+11, 182.643688, 1453.1723, 371.32907, 54.2588235, 96.4, 0.439769639, 0.866667, 5e+16, 3.35495295e-12, 167.768726, 0.857633042, 167.768704, -167.767875, -3.27953662e-12, -167.767853, 0.484119483, 6.80257953e-13, 0.484129088, 0, 1.6245264e-08, 1.6245264e-08, -843629.517, -843629.517, 0, 0.27, 3.332, 0, -167.767875, 0.484119483, 0, 4.36461406e+16, 0, 0, 0, 0
3.06666667, 0, 0, 5e+16, 0, 6.00296852e-14, 3.718e+18, 6.44e+20, 4.85, 4, 2.21898665, 76.7341176, 0.667448232, 1182.46339, 0, 5.25823009e+16, 14082.8824, 169.380019, -0.00701219408, -3.47280027, 5e+16, 1.12564436e+12, 132.178637, 1171.22727, 371.345524, 76.7341176, 96.4, 0.667448232, 0.866667, 5e+16, 1.35259222e-11, 169.380019, 0.857970709, 169.380005, -169.378592, -1.33223262e-11, -169.378577, -0.415641991, 2.33084778e-12, -0.415635181, 0, 1.62462862e-08, 1.62462862e-08, -410075.571, -410075.571, 0, 0.27, 3.332, 0, -169.378592, -0.415641991, 0, 4.40244356e+16, 0, 0, 0, 0
3.125, 0, 0, 5e+16, 0, 6.02060107e-14, 3.718e+18, 6.44e+20, 4.85, 4, 2.21648789, 96.4, 0.866667, 652.899454, 0, 4.65857233e+16, 28776.3632, 167.685041, -0.00841019248, -3.49311864, 5e+16, 1.77118716e+12, 9.12106809, 652.776316, 371.359921, 96.4, 96.4, 0.866667, 0.866667, 5e+16, 2.05114834e-11, 167.685041, 0.858679043, 167.685036, -167.682807, -2.02847099e-11, -167.682802, -0.865094783, 2.91480217e-12, -0.865091874, 0, 1.62471806e-08, 1.62471806e-08, -9175.03546, -9175.03546, 0, 0.27, 3.332, 0, -167.682807, -0.865094783, 0, 4.46811705e+16, 0, 0, 0, 0
3.19166667, 0, 0, 5e+16, 0, 6.04166827e-14, 3.718e+18, 6.44e+20, 4.85, 4, 2.21793557, 96.4, 0.866667, 425.526553, 0, 4.61886949e+16, 63722.9547, 167.470099, -0.0101418139, -3.51995119, 5e+16, 5.02983456e+12, -112.356148, 383.020387, 371.377015, 96.4, 96.4, 0.866667, 0.866667, 5e+16, 6.4817857e-11, 167.470099, 0.860556611, 167.470096, -167.469084, -6.39740916e-11, -167.469081, -0.517713622, 1.02863064e-11, -0.517711339, 0, 1.62482425e-08, 1.62482425e-08, 9323.46187, 9323.46187, 0, 0.27, 3.332, 0, -167.469084, -0.517713622, 0, 4.47218029e+16, 0, 0, 0, 0
3.25, 0, 0, 5e+16, 0, 6.06010125e-14, 3.718e+18, 6.44e+20, 4.85, 4, 2.21888608, 96.4, 0.866667, 334.065603, 0, 4.53935648e+16, 128999.296, 164.489967, -0.0116578212, -3.54342213, 5e+16, 7.93909624e+12, -219.480666, 251.426576, 371.391972, 96.4, 96.4, 0.866667, 0.866667, 5e+16, 9.57527153e-11, 164.489967, 0.861807767, 164.489964, -164.489758, -9.48018454e-11, -164.489755, -0.260793026, 1.28607368e-11, -0.260791539, 0, 1.62491718e-08, 1.62491718e-08, 39242.1625, 39242.1625, 0, 0.27, 3.332, 0, -164.489758, -0.260793026, 0, 4.48054502e+16, 0, 0, 0, 0
3.31666667, 0, 0, 5e+16, 0, 6.08212864e-14, 3.718e+18, 6.44e+20, 4.85, 4, 2.22053918, 96.4, 0.866667, 299.675373, 0, 4.52796372e+16, 287400.578, 164.118171, -0.013401144, -3.57065699, 5e+16, 2.2619008e+13, -232.044309, 186.130493, 371.409728, 96.4, 96.4, 0.866667, 0.866667, 5e+16, 2.93378127e-10, 164.118171, 0.862557938, 164.118168, -164.118055, -2.89636229e-10, -164.118052, -0.192450384, 4.59572219e-11, -0.192449101, 0, 1.6250275e-08, 1.6250275e-08, 40920.4664, 40920.4664, 0, 0.27, 3.332, 0, -164.118055, -0.192450384, 0, 4.48178293e+16, 0, 0, 0, 0
3.375, 0, 0, 5e+16, 0, 6.10140157e-14, 3.718e+18, 6.44e+20, 4.85, 4, 2.22187785, 96.4, 0.866667, 281.219466, 0, 4.50285091e+16, 581199.501, 163.16245, -0.0149267079, -3.59448471, 5e+16, 3.57657281e+13, -245.264646, 136.626243, 371.425265, 96.4, 96.4, 0.866667, 0.866667, 5e+16, 4.31742563e-10, 163.16245, 0.862985834, 163.162446, -163.162382, -4.27515275e-10, -163.162379, -0.145823566, 5.75370415e-11, -0.145822535, 0, 1.62512403e-08, 1.62512403e-08, 44109.1853, 44109.1853, 0, 0.27, 3.332, 0, -163.162382, -0.145823566, 0, 4.48445216e+16, 0, 0, 0, 0
3.44166667, 0, 0, 5e+16, 0, 6.12442411e-14, 3.718e+18, 6.44e+20, 4.85, 4, 2.22356676, 96.4, 0.866667, 269.337403, 0, 4.49659545e+16, 1293358.42, 162.773979, -0.0166701736, -3.6217206, 5e+16, 1.01494572e+14, -247.569781, 105.586651, 371.443699, 96.4, 96.4, 0.866667, 0.866667, 5e+16, 1.31273852e-09, 162.773979, 0.863542622, 162.773976, -162.77392, -1.29608594e-09, -162.773917, -0.137581683, 2.04978197e-10, -0.137580759, 0, 1.62523856e-08, 1.62523856e-08, 44320.7254, 44320.7254, 0, 0.27, 3.332, 0, -162.77392, -0.137581683, 0, 4.48517115e+16, 0, 0, 0, 0
3.5, 0, 0, 5e+16, 0, 6.14456771e-14, 3.718e+18, 6.44e+20, 4.85, 4, 2.2249817, 96.4, 0.866667, 262.050582, 0, 4.48233901e+16, 2609204.77, 162.182569, -0.0181957328, -3.64554957, 5e+16, 1.60547205e+14, -250.240201, 74.2952269, 371.45983, 96.4, 96.4, 0.866667, 0.866667, 5e+16, 1.93146037e-09, 162.182569, 0.863833416, 162.182566, -162.182516, -1.9126471e-09, -162.182513, -0.129568121, 2.56641374e-10, -0.129567317, 0, 1.62533878e-08, 1.62533878e-08, 44832.6557, 44832.6557, 0, 0.27, 3.332, 0, -162.182516, -0.129568121, 0, 4.48671348e+16, 0, 0, 0, 0
3.56666667, 0, 0, 5e+16, 0, 6.16861568e-14, 3.718e+18, 6.44e+20, 4.85, 4, 2.22667706, 96.4, 0.866667, 255.648952, 0, 4.47748638e+16, 5795149.77, 161.734214, -0.0199361655, -3.67273299, 5e+16, 4.53661643e+14, -250.458377, 51.1936334, 371.478951, 96.4, 96.4, 0.866667, 0.866667, 5e+16, 5.84206667e-09, 161.734214, 0.864408074, 161.734211, -161.734152, -5.76825591e-09, -161.734149, -0.137812047, 9.10187596e-10, -0.137811312, 0, 1.62545759e-08, 1.62545759e-08, 44723.11, 44723.11, 0, 0.27, 3.332, 0, -161.734152, -0.137812046, 0, 4.4872925e+16, 0, 0, 0, 0
3.625, 0, 0, 5e+16, 0, 6.18965643e-14, 3.718e+18, 6.44e+20, 4.85, 4, 2.22811023, 96.4, 0.866667, 253.751341, 0, 4.46624681e+16, 11666701.1, 161.18418, -0.0214590374, -3.69651587, 5e+16, 7.17781696e+14, -250.601471, 24.0302782, 371.495682, 96.4, 96.4, 0.866667, 0.866667, 5e+16, 8.59711249e-09, 161.18418, 0.864695925, 161.184176, -161.184117, -8.51373779e-09, -161.184113, -0.139620139, 1.13954977e-09, -0.139619474, 0, 1.62556155e-08, 1.62556155e-08, 44634.067, 44634.067, 0, 0.27, 3.332, 0, -161.184117, -0.139620138, 0, 4.48852332e+16, 0, 0, 0, 0
3.69166667, 0, 0, 5e+16, 0, 6.2147572e-14, 3.718e+18, 6.44e+20, 4.85, 4, 2.22979936, 96.4, 0.866667, 249.961784, 0, 4.46127584e+16, 25856541.2, 160.649835, -0.0231945972, -3.72362721, 5e+16, 2.01947863e+15, -249.736276, 0.973208113, 371.515496, 96.4, 96.4, 0.866667, 0.866667, 5e+16, 2.58659566e-08, 160.649835, 0.865361431, 160.649832, -160.649751, -2.55404064e-08, -160.649748, -0.157625542, 4.02148289e-09, -0.157624927, 0, 1.62568467e-08, 1.62568467e-08, 44337.2333, 44337.2333, 0, 0.27, 3.332, 0, -160.649751, -0.157625538, 0, 4.4891182e+16, 0, 0, 0, 0
3.75, 0, 0, 5e+16, 0, 6.23671911e-14, 3.718e+18, 6.44e+20, 4.85, 4, 2.23122511, 96.4, 0.866667, 253.804832, 0, 4.44968992e+16, 51958869.5, 160.038331, -0.0247131859, -3.74734678, 5e+16, 3.19634068e+15, -248.362363, -29.4709901, 371.532833, 96.4, 96.4, 0.866667, 0.866667, 5e+16, 3.80787408e-08, 160.038331, 0.865689792, 160.038328, -160.038242, -3.77110577e-08, -160.038239, -0.165038827, 5.03506376e-09, -0.165038256, 0, 1.6257924e-08, 1.6257924e-08, 43891.6408, 43891.6408, 0, 0.27, 3.332, 0, -160.038242, -0.165038822, 0, 4.49038557e+16, 0, 0, 0, 0
3.81666667, 0, 0, 5e+16, 0, 6.26290143e-14, 3.718e+18, 6.44e+20, 4.85, 4, 2.23289734, 96.4, 0.866667, 253.762512, 0, 4.44329515e+16, 114874362, 159.39802, -0.0264426486, -3.77436641, 5e+16, 8.94973228e+15, -246.486151, -58.1080586, 371.553347, 96.4, 96.4, 0.866667, 0.866667, 5e+16, 1.1391038e-07, 159.39802, 0.866499127, 159.398018, -159.397894, -1.12480591e-07, -159.39789, -0.192131284, 1.76823711e-08, -0.192130746, 0, 1.62591986e-08, 1.62591986e-08, 43411.8966, 43411.8966, 0, 0.27, 3.332, 0, -159.397894, -0.192131266, 0, 4.49113112e+16, 0, 0, 0, 0
3.875, 0, 0, 5e+16, 0, 6.28580961e-14, 3.718e+18, 6.44e+20, 4.85, 4, 2.23429378, 96.4, 0.866667, 269.105895, 0, 4.42849865e+16, 230453796, 158.652045, -0.0279558834, -3.79800582, 5e+16, 1.41751957e+16, -243.541799, -99.0882237, 371.571296, 96.4, 96.4, 0.866667, 0.866667, 5e+16, 1.6783322e-07, 158.652044, 0.8668994, 158.652042, -158.651907, -1.66218464e-07, -158.651904, -0.204889346, 2.21448558e-08, -0.204888832, 0, 1.6260314e-08, 1.6260314e-08, 42596.3939, 42596.3939, 0, 0.27, 3.332, 0, -158.651907, -0.204889323, 0, 4.49273e+16, 0, 0, 0, 0
3.94166667, 0, 0, 5e+16, 0, 6.31310198e-14, 3.718e+18, 6.44e+20, 4.85, 4, 2.23593693, 96.4, 0.866667, 278.860404, 0, 4.41909709e+16, 508164867, 157.880453, -0.02967873, -3.82491561, 5e+16, 3.94765506e+16, -240.386744, -139.953075, 371.592514, 96.4, 96.4, 0.866667, 0.866667, 5e+16, 4.98811856e-07, 157.880452, 0.867915624, 157.88045, -157.880243, -4.92552983e-07, -157.880241, -0.245243658, 7.73955563e-08, -0.245243136, 0, 1.62616325e-08, 1.62616325e-08, 41890.238, 41890.238, 0, 0.27, 3.332, 0, -157.880243, -0.24524358, 0, 4.49379091e+16, 0, 0, 0, 0
4, 0, 0, 5e+16, 0, 6.33698142e-14, 3.718e+18, 6.44e+20, 4.85, 4, 2.23727771, 96.4, 0.866667, 317.684772, 0, 4.39759999e+16, 1.01807834e+09, 156.914592, -0.0311861484, -3.84845936, 5e+16, 6.2616267e+16, -235.310551, -201.196083, 371.611079, 96.4, 96.4, 0.866667, 0.866667, 5e+16, 7.36164876e-07, 156.914592, 0.86842471, 156.91459, -156.914359, -7.29095739e-07, -156.914357, -0.265470424, 9.69909944e-08, -0.265469905, 0, 1.62627862e-08, 1.62627862e-08, 40587.6812, 40587.6812, 0, 0.27, 3.332, 0, -156.914359, -0.265470326, 0, 4.49607908e+16, 0, 0, 0, 0
4.06666667, 0, 0, 5e+16, 0, 6.36541494e-14, 3.718e+18, 6.44e+20, 4.85, 4, 2.23887449, 96.4, 0.866667, 350.932902, 0, 4.38285017e+16, 2.23869236e+09, 155.962823, -0.0329026716, -3.87523746, 5e+16, 1.73293222e+17, -230.226986, -264.060874, 371.633007, 96.4, 96.4, 0.866667, 0.866667, 5e+16, 2.17180098e-06, 155.962821, 0.869747735, 155.96282, -155.962441, -2.14442081e-06, -155.96244, -0.328089178, 3.37628058e-07, -0.328088474, 0, 1.62641489e-08, 1.62641489e-08, 39553.0021, 39553.0021, 0, 0.27, 3.332, 0, -155.962443, -0.32808884, 0, 4.49770124e+16, 0, 0, 0, 0
4.125, 0, 0, 5e+16, 0, 6.39029281e-14, 3.718e+18, 6.44e+20, 4.85, 4, 2.24012115, 96.4, 0.866667, 430.930225, 0, 4.34957328e+16, 4.4818466e+09, 154.647291, -0.034404512, -3.89866723, 5e+16, 2.75642305e+17, -221.790846, -360.720754, 371.652195, 96.4, 96.4, 0.866667, 0.866667, 5e+16, 3.2154968e-06, 154.647287, 0.870421394, 154.647288, -154.646856, -3.18456189e-06, -154.646855, -0.360317482, 4.23695066e-07, -0.360316709, 0, 1.62653413e-08, 1.62653413e-08, 37527.4507, 37527.4507, 0, 0.27, 3.332, 0, -154.646858, -0.360317059, 0, 4.50119677e+16, 0, 0, 0, 0
4.19166667, 0, 0, 5e+16, 0, 6.41989875e-14, 3.718e+18, 6.44e+20, 4.85, 4, 2.24164359, 96.4, 0.866667, 509.162253, 0, 4.32569284e+16, 9.82876303e+09, 153.412233, -0.0361160386, -3.92528858, 5e+16, 7.57354495e+17, -213.328875, -461.937662, 371.674838, 96.4, 96.4, 0.866667, 0.866667, 5e+16, 9.40530318e-06, 153.412224, 0.872229956, 153.41223, -153.411447, -9.28495573e-06, -153.411453, -0.464548748, 1.47199437e-06, -0.464547003, 0, 1.62667486e-08, 1.62667486e-08, 35944.3469, 35944.3469, 0, 0.27, 3.332, 0, -153.411456, -0.464547276, 0, 4.50378287e+16, 0, 0, 0, 0
4.25, 0, 0, 5e+16, 0, 6.44580246e-14, 3.718e+18, 6.44e+20, 4.85, 4, 2.24273306, 96.4, 0.866667, 656.768515, 0, 4.27253817e+16, 1.96889532e+10, 151.524223, -0.0376134233, -3.94858394, 5e+16, 1.21101048e+18, -198.839674, -620.410048, 371.694652, 96.4, 96.4, 0.866667, 0.866667, 5e+16, 1.40098023e-05, 151.524209, 0.873163154, 151.52422, -151.523303, -1.38737221e-05, -151.523314, -0.518203885, 1.85230373e-06, -0.518201773, 0, 1.62679799e-08, 1.62679799e-08, 32742.5545, 32742.5545, 0, 0.27, 3.332, 0, -151.523317, -0.518202033, 0, 4.50930631e+16, 0, 0, 0, 0
4.31666667, 0, 0, 5e+16, 0, 6.47661509e-14, 3.718e+18, 6.44e+20, 4.85, 4, 2.24412821, 96.4, 0.866667, 812.471057, 0, 4.23263636e+16, 4.30847877e+10, 149.74632, -0.0393226756, -3.97501285, 5e+16, 3.29971461e+18, -183.079677, -791.440415, 371.718018, 96.4, 96.4, 0.866667, 0.866667, 5e+16, 4.05978975e-05, 149.74628, 0.875839518, 149.746317, -149.744354, -4.0058004e-05, -149.744392, -0.718223887, 6.46900839e-06, -0.718217272, 0, 1.62694321e-08, 1.62694321e-08, 30027.1831, 30027.1831, 0, 0.27, 3.332, 0, -149.744394, -0.718217422, 0, 4.5136038e+16, 0, 0, 0, 0
4.375, 0, 0, 5e+16, 0, 6.50357457e-14, 3.718e+18, 6.44e+20, 4.85, 4, 2.2449429, 96.4, 0.866667, 1080.61832, 0, 4.1453502e+16, 8.66040158e+10, 146.832903, -0.0408178791, -3.9981471, 5e+16, 5.32890556e+18, -155.086708, -1066.04264, 371.738464, 96.4, 96.4, 0.866667, 0.866667, 5e+16, 6.12135377e-05, 146.832842, 0.877223485, 146.8329, -146.830524, -6.0601886e-05, -146.830581, -0.818421737, 8.18760979e-06, -0.818413416, 0, 1.62707028e-08, 1.62707028e-08, 24596.0526, 24596.0526, 0, 0.27, 3.332, 0, -146.830584, -0.818413554, 0, 4.52258633e+16, 0, 0, 0, 0
4.44166667, 0, 0, 5e+16, 0, 6.53562875e-14, 3.718e+18, 6.44e+20, 4.85, 4, 2.24608175, 96.4, 0.866667, 1392.76695, 0, 4.0737858e+16, 1.89548166e+11, 143.587528, -0.0425293244, -4.02433007, 5e+16, 1.4400484e+19, -115.355826, -1387.98154, 371.762557, 96.4, 96.4, 0.866667, 0.866667, 5e+16, 0.000175809688, 143.587356, 0.881921092, 143.587525, -143.580071, -0.000173211209, -143.580241, -1.33952241, 2.94466713e-05, -1.33949303, 0, 1.62722004e-08, 1.62722004e-08, 18379.0615, 18379.0615, 0, 0.27, 3.332, 0, -143.580245, -1.33949297, 0, 4.53032906e+16, 0, 0, 0, 0
4.5, 0, 0, 5e+16, 0, 6.56367452e-14, 3.718e+18, 6.44e+20, 4.85, 4, 2.24634575, 96.4, 0.866667, 1939.63485, 0, 3.92185261e+16, 3.85246635e+11, 138.371226, -0.0440258126, -4.04727213, 5e+16, 2.3737572e+19, -41.2696559, -1936.99584, 371.78364, 96.4, 96.4, 0.866667, 0.866667, 5e+16, 0.000272879124, 138.370957, 0.884289847, 138.371223, -138.36177, -0.000269920187, -138.362037, -1.58499342, 3.78052871e-05, -1.58495571, 0, 1.62735107e-08, 1.62735107e-08, 7182.93359, 7182.93359, 0, 0.27, 3.332, 0, -138.36204, -1.58495562, 0, 4.54580178e+16, 0, 0, 0, 0
4.56666667, 0, 0, 5e+16, 0, 6.59700868e-14, 3.718e+18, 6.44e+20, 4.85, 4, 2.24672071, 96.4, 0.866667, 2772.50134, 0, 3.76270545e+16, 8.51939385e+11, 129.236248, -0.0457453052, -4.07302709, 5e+16, 6.4132699e+19, 143.965974, -2767.31064, 371.808469, 96.4, 96.4, 0.866667, 0.866667, 5e+16, 0.000770802231, 129.235498, 0.895628029, 129.236244, -129.176625, -0.000755111395, -129.177376, -3.45951996, 0.000150179361, -3.45937036, 0, 1.62750541e-08, 1.62750541e-08, -15664.6684, -15664.6684, 0, 0.27, 3.332, 0, -129.17738, -3.45936978, 0, 4.56329872e+16, 0, 0, 0, 0
4.625, 0, 0, 5e+16, 0, 6.62617432e-14, 3.718e+18, 6.44e+20, 4.85, 4, 2.24542557, 96.4, 0.866667, 4376.77987, 0, 3.45029474e+16, 1.80080402e+12, 117.104363, -0.0472459962, -4.09567141, 5e+16, 1.11595575e+20, 494.700267, -4347.42944, 371.830195, 96.4, 96.4, 0.866667, 0.866667, 5e+16, 0.00130703273, 117.103083, 0.90090195, 117.104359, -117.025376, -0.00128896445, -117.02666, -4.2539846, 0.000200658327, -4.2537847, 0, 1.62764044e-08, 1.62764044e-08, -43154.07, -43154.07, 0, 0.27, 3.332, 0, -117.026665, -4.25378394, 0, 4.59471141e+16, 0, 0, 0, 0
4.69166667, 0, 0, 5e+16, 0, 6.66083325e-14, 3.718e+18, 6.44e+20, 4.85, 4, 2.241472, 96.4, 0.866667, 8418.55995, 0, 2.88897939e+16, 4.28367366e+12, 84.5562953, -0.0490092842, -4.11944055, 5e+16, 3.24249117e+20, 1996.42938, -8152.61632, 371.855771, 96.4, 96.4, 0.866667, 0.866667, 5e+16, 0.003298789, 84.5533028, 0.928951834, 84.5562878, -83.958242, -0.00316066173, -83.9613948, -8.4284193, 0.000895177154, -8.42752643, 0, 1.62779943e-08, 1.62779943e-08, -65540.8344, -65540.8344, 0, 0.27, 3.332, 0, -83.9614027, -8.42752412, 0, 4.65769798e+16, 0, 0, 0, 0
4.75, 0, 0, 5e+16, 0, 6.69115857e-14, 3.718e+18, 6.44e+20, 4.85, 4, 2.23237093, 96.4, 0.866667, 15637.0256, 0, 2.0750884e+16, 1.09457552e+13, 61.175192, -0.0505410196, -4.14036193, 5e+16, 7.07893567e+20, 4540.57282, -14963.2802, 371.87815, 96.4, 96.4, 0.866667, 0.866667, 5e+16, 0.0071264001, 61.1684888, 0.938970608, 61.1751812, -60.4468468, -0.00696842805, -60.4538039, -9.33792546, 0.00128467457, -9.33664366, 0, 1.62793854e-08, 1.62793854e-08, -48389.3768, -48389.3768, 0, 0.27, 3.332, 0, -60.4538152, -9.33664078, 0, 4.73972632e+16, 0, 0, 0, 0
4.81666667, 0, 0, 5e+16, 0, 6.72720304e-14, 3.718e+18, 6.44e+20, 4.85, 4, 2.19058046, 96.3999642, 0.866667, 28986.6608, 0, 5.22708096e+15, 5.78702496e+13, 25.8737659, -0.0529846404, -4.15189787, 5e+16, 5.96558701e+21, 8227.71783, -27794.0897, 371.904492, 96.4, 96.3999642, 0.866667, 0.866667, 5e+16, 0.0113137613, 25.864832, 0.963118456, 25.8737269, -25.5917499, -0.00980512965, -25.601515, -3.72729292, 0.00470249154, -3.72259417, 0, 1.62810229e-08, 1.62810229e-08, -30853.8636, -30853.8636, 0, 0.27, 3.332, 0, -25.6015551, -3.72259042, 0, 4.8995287e+16, 0, 0, 0, 0
4.875, 0, 0, 5e+16, 0, 6.75874026e-14, 3.718e+18, 6.44e+20, 4.85, 4, 2.12698723, 96.3999329, 0.866667, 46900.2058, 0, 6.73446693e+14, 5.67011219e+14, 10.0947158, -0.05509871, -4.16141054, 5e+16, 1.04267735e+22, 12460.4035, -45210.8008, 371.927543, 96.4, 96.3999329, 0.866667, 0.866667, 5e+16, 0.0411372493, 10.0568349, 0.969954906, 10.094634, -9.92192723, -0.0394854624, -9.96132999, -1.64097746, 0.00762123089, -1.63335476, 0, 1.62824558e-08, 1.62824558e-08, -22925.5372, -22925.5372, 0, 0.27, 3.332, 0, -9.96141269, -1.63335623, 0, 4.98496917e+16, 0, 0, 0, 0
4.94166667, 0, 0, 5e+16, 0, 6.79621293e-14, 3.718e+18, 6.44e+20, 4.85, 4, 2.03528574, 96.3856463, 0.866667, 63924.8013, 0, 3.37429671e+13, 1.00974363e+16, 1.07777429, -0.0593815237, -4.1619764, 5e+16, 5.15161376e+21, 11523.6774, -62728.5323, 371.954659, 96.4, 96.3856463, 0.866667, 0.866667, 5e+16, 0.0452322598, 1.03826991, 0.974590662, 1.07769941, -1.02773095, -0.0409704727, -1.06862199, -0.146664515, 0.0118950927, -0.13487501, 0, 1.62841416e-08, 1.62841416e-08, -7860.62314, -7860.62314, 0, 0.27, 3.332, 0, -1.06870142, -0.134769422, 0, 4.99884603e+16, 0, 0, 0, 0
5, 0, 0, 5e+16, 0, 6.82899963e-14, 3.718e+18, 6.44e+20, 4.85, 4, 1.9111311, 96.3731455, 0.866667, 78597.8826, 0, 6.25070064e+11, 4.91086681e+17, 0.247796453, -0.063106301, -4.16235374, 5e+16, 2.48526136e+20, 7716.4649, -78199.5676, 371.978385, 96.3999998, 96.3731455, 0.866667, 0.866667, 5e+16, 0.106856394, 0.145680257, 0.975388902, 0.24774457, -0.144907619, -0.102578728, -0.247411291, -0.0149834337, 0.0144276363, -0.00036856978, 0, 1.62856166e-08, 1.62856166e-08, -2987.17067, -2987.17067, 0, 0.27, 3.332, 0, -0.247486347, -0.000555797333, 0, 4.99994877e+16, 0, 0, 0, 0
5.06666667, 0, 0, 5e+16, 0, 6.86794041e-14, 3.718e+18, 6.44e+20, 4.85, 4, 1.91006329, 96.3741965, 0.866667, 82762.7217, 0, 5.02343779e+11, 5.07956406e+17, 0.142764629, -0.0690818458, -4.16234111, 5e+16, 1.65329808e+20, 3330.08658, -82631.7348, 372.006278, 96.3999998, 96.3741965, 0.866667, 0.866667, 5e+16, 0.105575205, 0.0393004288, 0.975954576, 0.142726429, -0.0392828261, -0.102993311, -0.142230866, -0.00108041088, 0.0122669813, 0.0113849916, 0, 1.62873506e-08, 1.62873506e-08, -1926.75044, -1926.75044, 0, 0.27, 3.332, 0, -0.142276137, 0.0111865705, 0, 4.99996594e+16, 0, 0, 0, 0
5.125, 0, 0, 5e+16, 0, 6.90201152e-14, 3.718e+18, 6.44e+20, 4.85, 4, 1.90993606, 96.3751162, 0.866667, 82438.1845, 0, 4.24830561e+11, 5.09997507e+17, 0.202583922, -0.0743701734, -4.16232993, 5e+16, 1.64981629e+20, -20.0694405, -82438.1821, 372.030683, 96.4, 96.3751162, 0.866667, 0.866667, 5e+16, 0.165948462, 0.038735836, 0.976487315, 0.20258022, -0.0387228353, -0.163486757, -0.202208446, -0.00100350561, 0.0107501855, 0.00995254378, 0, 1.62888679e-08, 1.62888679e-08, -923.129018, -923.129018, 0, 0.27, 3.332, 0, -0.202209592, 0.00974667991, 0, 4.999966e+16, 0, 0, 0, 0
5.19166667, 0, 0, 5e+16, 0, 6.94245586e-14, 3.718e+18, 6.44e+20, 4.85, 4, 1.91054597, 96.3744398, 0.866667, 82772.1935, 0, 3.59405162e+11, 5.00636425e+17, 0.192280702, -0.0803803346, -4.16231759, 5e+16, 1.20770255e+20, -71.5484213, -82772.1468, 372.05935, 96.4, 96.3744398, 0.866667, 0.866667, 5e+16, 0.165380174, 0.0280910533, 0.977113056, 0.19227765, -0.0280853817, -0.1638677, -0.19195267, -0.000564341686, 0.00930644428, 0.00895153227, 0, 1.62906503e-08, 1.62906503e-08, -839.2096, -839.2096, 0, 0.27, 3.332, 0, -0.191953082, 0.00874210258, 0, 4.99997513e+16, 0, 0, 0, 0
5.25, 0, 0, 5e+16, 0, 6.97784284e-14, 3.718e+18, 6.44e+20, 4.85, 4, 1.91055418, 96.3738479, 0.866667, 83065.3137, 0, 3.05536138e+11, 5.00546361e+17, 0.23609603, -0.0856397253, -4.16230673, 5e+16, 1.20532018e+20, -77.1792536, -83065.2652, 372.084434, 96.4, 96.3738479, 0.866667, 0.866667, 5e+16, 0.209233525, 0.0280529113, 0.977748891, 0.236089646, -0.0280472603, -0.207753629, -0.235800538, -0.000563036078, 0.00832517214, 0.00797326957, 0, 1.62922099e-08, 1.62922099e-08, -727.481529, -727.481529, 0, 0.27, 3.332, 0, -0.235800889, 0.00776213606, 0, 4.99997517e+16, 0, 0, 0, 0
5.31666667, 0, 0, 5e+16, 0, 7.01984839e-14, 3.718e+18, 6.44e+20, 4.85, 4, 1.91124872, 96.3730422, 0.866667, 83570.0251, 0, 2.57126791e+11, 4.90080342e+17, 0.229315953, -0.0919057945, -4.16229452, 5e+16, 8.73656807e+19, -81.4048285, -83569.9707, 372.113888, 96.4, 96.3730422, 0.866667, 0.866667, 5e+16, 0.208778007, 0.0212177108, 0.978451693, 0.229310652, -0.0212131337, -0.207882904, -0.229095707, -0.000440685049, 0.00716885583, 0.00694242337, 0, 1.62940413e-08, 1.62940413e-08, -650.761587, -650.761587, 0, 0.27, 3.332, 0, -0.229096038, 0.00672817078, 0, 4.99998201e+16, 0, 0, 0, 0
5.375, 0, 0, 5e+16, 0, 7.05660143e-14, 3.718e+18, 6.44e+20, 4.85, 4, 1.91125859, 96.3723373, 0.866667, 83894.303, 0, 2.17101905e+11, 4.89974583e+17, 0.261320525, -0.0973883251, -4.16228379, 5e+16, 8.71916341e+19, -82.2993677, -83894.2484, 372.13966, 96.4, 96.3723373, 0.866667, 0.866667, 5e+16, 0.240808207, 0.0211920501, 0.979157675, 0.261313443, -0.0211874781, -0.239927404, -0.261114551, -0.000440169666, 0.00637271338, 0.00614826535, 0, 1.62956438e-08, 1.62956438e-08, -561.141401, -561.141401, 0, 0.27, 3.332, 0, -0.261114882, 0.00593254372, 0, 4.99998204e+16, 0, 0, 0, 0
5.44166667, 0, 0, 5e+16, 0, 7.1002292e-14, 3.718e+18, 6.44e+20, 4.85, 4, 1.91198877, 96.3714474, 0.866667, 84422.6445, 0, 1.81299609e+11, 4.79211447e+17, 0.255946374, -0.103940309, -4.16227156, 5e+16, 6.22923066e+19, -85.1173907, -84422.586, 372.169915, 96.4, 96.3714474, 0.866667, 0.866667, 5e+16, 0.240482004, 0.0158412045, 0.979903644, 0.255940431, -0.0158373965, -0.239961406, -0.255798458, -0.000347320411, 0.00545943147, 0.00533097669, 0, 1.62975251e-08, 1.62975251e-08, -499.669539, -499.669539, 0, 0.27, 3.332, 0, -0.255798802, 0.00511211107, 0, 4.99998718e+16, 0, 0, 0, 0
5.5, 0, 0, 5e+16, 0, 7.1384017e-14, 3.718e+18, 6.44e+20, 4.85, 4, 1.91199934, 96.3706688, 0.866667, 84763.0168, 0, 1.51906352e+11, 4.79102792e+17, 0.278470426, -0.109672933, -4.16226081, 5e+16, 6.21667023e+19, -85.957208, -84762.958, 372.196388, 96.4, 96.3706688, 0.866667, 0.866667, 5e+16, 0.263025412, 0.0158218319, 0.980632606, 0.278463412, -0.0158180277, -0.262511773, -0.278329457, -0.000346928305, 0.00483032033, 0.0047037783, 0, 1.62991712e-08, 1.62991712e-08, -428.331459, -428.331459, 0, 0.27, 3.332, 0, -0.278329801, 0.00448339203, 0, 4.9999872e+16, 0, 0, 0, 0
5.56666667, 0, 0, 5e+16, 0, 7.18371822e-14, 3.718e+18, 6.44e+20, 4.85, 4, 1.91276402, 96.3696876, 0.866667, 85309.9473, 0, 1.25843051e+11, 4.68087467e+17, 0.274210769, -0.116519391, -4.16224842, 5e+16, 4.37518758e+19, -88.7665333, -85309.8845, 372.227458, 96.4, 96.3696876, 0.866667, 0.866667, 5e+16, 0.26277377, 0.0116398085, 0.981384781, 0.274204918, -0.0116366776, -0.262476132, -0.27411245, -0.000269954199, 0.00411801421, 0.00407164497, 0, 1.63011034e-08, 1.63011034e-08, -380.067511, -380.067511, 0, 0.27, 3.332, 0, -0.274112809, 0.00384806001, 0, 4.999991e+16, 0, 0, 0, 0
5.625, 0, 0, 5e+16, 0, 7.22336832e-14, 3.718e+18, 6.44e+20, 4.85, 4, 1.91277519, 96.368829, 0.866667, 85666.2417, 0, 1.04609283e+11, 4.67976327e+17, 0.289286402, -0.122509646, -4.16223754, 5e+16, 4.36627872e+19, -89.6198154, -85666.1786, 372.254645, 96.4, 96.368829, 0.866667, 0.866667, 5e+16, 0.277863904, 0.0116252974, 0.982096996, 0.289279854, -0.0116221697, -0.277569847, -0.289191657, -0.000269642616, 0.00362743559, 0.00358297023, 0, 1.63027941e-08, 1.63027941e-08, -324.005739, -324.005739, 0, 0.27, 3.332, 0, -0.289192017, 0.00335779297, 0, 4.99999101e+16, 0, 0, 0, 0
5.69166667, 0, 0, 5e+16, 0, 7.27044262e-14, 3.718e+18, 6.44e+20, 4.85, 4, 1.91357517, 96.367746, 0.866667, 86231.3676, 0, 8.59745912e+10, 4.56725436e+17, 0.285951445, -0.129649633, -4.16222488, 5e+16, 3.02744542e+19, -92.3543141, -86231.3006, 372.286546, 96.4, 96.367746, 0.866667, 0.866667, 5e+16, 0.277648899, 0.00840872016, 0.98282743, 0.285946057, -0.00840620184, -0.277481349, -0.285887177, -0.000205778374, 0.0030787546, 0.00310139098, 0, 1.6304778e-08, 1.6304778e-08, -286.646649, -286.646649, 0, 0.27, 3.332, 0, -0.285887551, 0.00287297623, 0, 4.99999377e+16, 0, 0, 0, 0
5.75, 0, 0, 5e+16, 0, 7.31163081e-14, 3.718e+18, 6.44e+20, 4.85, 4, 1.91358686, 96.3667983, 0.866667, 86603.7044, 0, 7.09064763e+10, 4.56611912e+17, 0.295251586, -0.135896711, -4.16221377, 5e+16, 3.02124491e+19, -93.1785564, -86603.6371, 372.31446, 96.4, 96.3667983, 0.866667, 0.866667, 5e+16, 0.286959709, 0.00839804664, 0.983500417, 0.295245724, -0.00839553108, -0.286794054, -0.295189211, -0.00020553231, 0.00270093103, 0.00272547251, 0, 1.6306514e-08, 1.6306514e-08, -243.126167, -243.126167, 0, 0.27, 3.332, 0, -0.295189585, 0.00249539872, 0, 4.99999378e+16, 0, 0, 0, 0
5.81666667, 0, 0, 5e+16, 0, 7.36053894e-14, 3.718e+18, 6.44e+20, 4.85, 4, 1.91442106, 96.3656043, 0.866667, 87186.0098, 0, 5.78220307e+10, 4.45169635e+17, 0.292678437, -0.14332488, -4.16220076, 5e+16, 2.06437094e+19, -95.8330604, -87185.9388, 372.347208, 96.4, 96.3656043, 0.866667, 0.866667, 5e+16, 0.286759452, 0.00597335144, 0.984192816, 0.292673697, -0.00597138036, -0.28666615, -0.292637142, -0.000153439891, 0.00228507906, 0.00236498584, 0, 1.63085508e-08, 1.63085508e-08, -214.694012, -214.694012, 0, 0.27, 3.332, 0, -0.292637531, 0.00213163918, 0, 4.99999575e+16, 0, 0, 0, 0
5.875, 0, 0, 5e+16, 0, 7.40333172e-14, 3.718e+18, 6.44e+20, 4.85, 4, 1.91443319, 96.3645595, 0.866667, 87574.0278, 0, 4.73204769e+10, 4.45054166e+17, 0.297563724, -0.149824116, -4.16218935, 5e+16, 2.06013733e+19, -96.6443086, -87573.9565, 372.375864, 96.4, 96.3645595, 0.866667, 0.866667, 5e+16, 0.291652416, 0.00596567077, 0.98481752, 0.297558652, -0.005963702, -0.291560127, -0.29752344, -0.000153249467, 0.00199877852, 0.00208060236, 0, 1.63103331e-08, 1.63103331e-08, -181.450307, -181.450307, 0, 0.27, 3.332, 0, -0.297523829, 0.00184552905, 0, 4.99999576e+16, 0, 0, 0, 0
5.94166667, 0, 0, 5e+16, 0, 7.45415393e-14, 3.718e+18, 6.44e+20, 4.85, 4, 1.91530121, 96.3632436, 0.866667, 88172.6192, 0, 3.82907903e+10, 4.33454388e+17, 0.29560374, -0.157538056, -4.16217592, 5e+16, 1.38735862e+19, -99.206203, -88172.5444, 372.409479, 96.4, 96.3632436, 0.866667, 0.866667, 5e+16, 0.291455057, 0.00417609017, 0.985464301, 0.295599722, -0.0041745866, -0.291403465, -0.295577648, -0.00011205174, 0.00168748022, 0.00181380367, 0, 1.63124239e-08, 1.63124239e-08, -160.044016, -160.044016, 0, 0.27, 3.332, 0, -0.295578052, 0.00157542847, 0, 4.99999715e+16, 0, 0, 0, 0
6, 0, 0, 5e+16, 0, 7.49862155e-14, 3.718e+18, 6.44e+20, 4.85, 4, 1.91531373, 96.3620921, 0.866667, 88576.0735, 0, 3.10971873e+10, 4.33337288e+17, 0.297163658, -0.164287345, -4.16216414, 5e+16, 1.38452048e+19, -99.9933206, -88575.9982, 372.438893, 96.4, 96.3620921, 0.866667, 0.866667, 5e+16, 0.293020374, 0.00417068752, 0.986038815, 0.297159404, -0.0041691858, -0.292969327, -0.297138109, -0.000111908913, 0.00147318988, 0.00160144935, 0, 1.63142534e-08, 1.63142534e-08, -134.959309, -134.959309, 0, 0.27, 3.332, 0, -0.297138513, 0.00136128096, 0, 4.99999715e+16, 0, 0, 0, 0
6.06666667, 0, 0, 5e+16, 0, 7.55144668e-14, 3.718e+18, 6.44e+20, 4.85, 4, 1.91621464, 96.3606429, 0.866667, 89190.1869, 0, 2.49654817e+10, 4.21620076e+17, 0.295682392, -0.172291121, -4.16215024, 5e+16, 9.18672257e+18, -102.572813, -89190.108, 372.473395, 96.4, 96.3606429, 0.866667, 0.866667, 5e+16, 0.292820425, 0.00287569693, 0.986637497, 0.295679089, -0.002874576, -0.292791953, -0.295666108, -8.02836569e-05, 0.00124299472, 0.00140622398, 0, 1.63163996e-08, 1.63163996e-08, -119.010369, -119.010369, 0, 0.27, 3.332, 0, -0.295666529, 0.00116271106, 0, 4.99999811e+16, 0, 0, 0, 0
6.125, 0, 0, 5e+16, 0, 7.59766687e-14, 3.718e+18, 6.44e+20, 4.85, 4, 1.91622751, 96.3593749, 0.866667, 89608.9705, 0, 2.01183567e+10, 4.21501704e+17, 0.294769094, -0.179294012, -4.16213806, 5e+16, 9.16802419e+18, -103.382674, -89608.8913, 372.503585, 96.4, 96.3593749, 0.866667, 0.866667, 5e+16, 0.291910846, 0.00287197705, 0.98716305, 0.294765623, -0.00287085756, -0.291882666, -0.294753103, -8.01797132e-05, 0.00108458247, 0.00124978428, 0, 1.63182775e-08, 1.63182775e-08, -100.316064, -100.316064, 0, 0.27, 3.332, 0, -0.294753524, 0.00100440276, 0, 4.99999812e+16, 0, 0, 0, 0
6.19166667, 0, 0, 5e+16, 0, 7.65258912e-14, 3.718e+18, 6.44e+20, 4.85, 4, 1.91716236, 96.3577767, 0.866667, 90238.7244, 0, 1.60183239e+10, 4.09680439e+17, 0.293650533, -0.187601342, -4.16212364, 5e+16, 5.98949331e+18, -106.028306, -90238.6414, 372.538995, 96.4, 96.3577767, 0.866667, 0.866667, 5e+16, 0.291706139, 0.00195129535, 0.987713741, 0.293647885, -0.00195047453, -0.291690403, -0.293640438, -5.65911201e-05, 0.000915548739, 0.00110773368, 0, 1.63204802e-08, 1.63204802e-08, -88.4826096, -88.4826096, 0, 0.27, 3.332, 0, -0.293640877, 0.000858957619, 0, 4.99999877e+16, 0, 0, 0, 0
6.25, 0, 0, 5e+16, 0, 7.70064435e-14, 3.718e+18, 6.44e+20, 4.85, 4, 1.91717555, 96.3563783, 0.866667, 90673.3249, 0, 1.28037328e+10, 4.09560943e+17, 0.290917247, -0.194869819, -4.16211101, 5e+16, 5.97737788e+18, -106.860707, -90673.2415, 372.56998, 96.4, 96.3563783, 0.866667, 0.866667, 5e+16, 0.288975363, 0.00194878322, 0.988192667, 0.290914479, -0.00194796347, -0.288959786, -0.29090731, -5.65176109e-05, 0.000799260846, 0.000993469098, 0, 1.63224078e-08, 1.63224078e-08, -74.648295, -74.648295, 0, 0.27, 3.332, 0, -0.29090775, 0.000742743235, 0, 4.99999877e+16, 0, 0, 0, 0
6.31666667, 0, 0, 5e+16, 0, 7.75776842e-14, 3.718e+18, 6.44e+20, 4.85, 4, 1.91814533, 96.3546133, 0.866667, 91319.2676, 0, 1.01037016e+10, 3.97650842e+17, 0.290066325, -0.203503157, -4.16209604, 5e+16, 3.84009042e+18, -109.703879, -91319.18, 372.606324, 96.4, 96.3546133, 0.866667, 0.866667, 5e+16, 0.288765421, 0.0013044182, 0.988696606, 0.290064239, -0.0013038264, -0.288756672, -0.290060037, -3.92876929e-05, 0.000675997805, 0.000890902022, 0, 1.63246688e-08, 1.63246688e-08, -65.9134296, -65.9134296, 0, 0.27, 3.332, 0, -0.290060498, 0.000636710113, 0, 4.99999921e+16, 0, 0, 0, 0
6.375, 0, 0, 5e+16, 0, 7.80775029e-14, 3.718e+18, 6.44e+20, 4.85, 4, 1.91815885, 96.3530689, 0.866667, 91770.4896, 0, 8.00580989e+09, 3.9753036e+17, 0.286004262, -0.211056851, -4.16208293, 5e+16, 3.83237065e+18, -110.610849, -91770.4015, 372.638126, 96.4, 96.3530689, 0.866667, 0.866667, 5e+16, 0.284705024, 0.00130275116, 0.989131416, 0.286002091, -0.00130216013, -0.284696361, -0.28599806, -3.92368358e-05, 0.000591259387, 0.000808258753, 0, 1.63266473e-08, 1.63266473e-08, -55.7522209, -55.7522209, 0, 0.27, 3.332, 0, -0.285998521, 0.000552022551, 0, 4.99999921e+16, 0, 0, 0, 0
6.44166667, 0, 0, 5e+16, 0, 7.86718834e-14, 3.718e+18, 6.44e+20, 4.85, 4, 1.91916674, 96.3511125, 0.866667, 92434.0797, 0, 6.25572717e+09, 3.85521395e+17, 0.285346517, -0.220048587, -4.16206738, 5e+16, 2.41703539e+18, -113.688494, -92433.987, 372.67543, 96.4, 96.3511125, 0.866667, 0.866667, 5e+16, 0.284489981, 0.000858363676, 0.989590218, 0.28534489, -0.000857942408, -0.284485073, -0.285342531, -2.68889057e-05, 0.000501574588, 0.000734468842, 0, 1.63289683e-08, 1.63289683e-08, -49.3033617, -49.3033617, 0, 0.27, 3.332, 0, -0.285343015, 0.000474685682, 0, 4.9999995e+16, 0, 0, 0, 0
6.5, 0, 0, 5e+16, 0, 7.91919508e-14, 3.718e+18, 6.44e+20, 4.85, 4, 1.9191806, 96.3494006, 0.866667, 92903.3535, 0, 4.9094103e+09, 3.85399835e+17, 0.280320475, -0.227915816, -4.16205376, 5e+16, 2.41220116e+18, -114.664081, -92903.2603, 372.708073, 96.4, 96.3494006, 0.866667, 0.866667, 5e+16, 0.279465027, 0.00085727575, 0.989983213, 0.280318788, -0.000856855024, -0.279460165, -0.280316536, -2.68544186e-05, 0.000439969072, 0.00067504404, 0, 1.63309993e-08, 1.63309993e-08, -41.8585066, -41.8585066, 0, 0.27, 3.332, 0, -0.28031702, 0.000413114653, 0, 4.9999995e+16, 0, 0, 0, 0
6.56666667, 0, 0, 5e+16, 0, 7.98107238e-14, 3.718e+18, 6.44e+20, 4.85, 4, 1.9202295, 96.3472251, 0.866667, 93586.3378, 0, 3.79419028e+09, 3.73289621e+17, 0.279799416, -0.237307017, -4.1620376, 5e+16, 1.4902413e+18, -118.102504, -93586.2393, 372.74637, 96.4, 96.3472251, 0.866667, 0.866667, 5e+16, 0.279245157, 0.000555234966, 0.990398471, 0.279798146, -0.000554939051, -0.279242368, -0.279796797, -1.81248971e-05, 0.000374829996, 0.000622283909, 0, 1.63333822e-08, 1.63333822e-08, -37.0981465, -37.0981465, 0, 0.27, 3.332, 0, -0.279797307, 0.000356705099, 0, 4.99999969e+16, 0, 0, 0, 0
6.625, 0, 0, 5e+16, 0, 8.03521355e-14, 3.718e+18, 6.44e+20, 4.85, 4, 1.92024372, 96.3453215, 0.866667, 94075.3531, 0, 2.94589237e+09, 3.73166935e+17, 0.274076876, -0.245523693, -4.16202345, 5e+16, 1.48727054e+18, -119.200601, -94075.2539, 372.77988, 96.4, 96.3453215, 0.866667, 0.866667, 5e+16, 0.273523314, 0.000554536756, 0.990751592, 0.274075564, -0.000554241218, -0.273520551, -0.274074282, -1.81018771e-05, 0.000330159809, 0.000579899017, 0, 1.63354673e-08, 1.63354673e-08, -31.659308, -31.659308, 0, 0.27, 3.332, 0, -0.274074793, 0.000312057933, 0, 4.99999969e+16, 0, 0, 0, 0
6.69166667, 0, 0, 5e+16, 0, 8.0996651e-14, 3.718e+18, 6.44e+20, 4.85, 4, 1.9213388, 96.3428894, 0.866667, 94780.3613, 0, 2.24841827e+09, 3.6093122e+17, 0.273650627, -0.255367771, -4.16200664, 5e+16, 8.97532405e+17, -123.046746, -94780.2558, 372.819202, 96.4, 96.3428894, 0.866667, 0.866667, 5e+16, 0.273298778, 0.000352382615, 0.991124702, 0.273649625, -0.00035217736, -0.273297176, -0.273648814, -1.20254588e-05, 0.000282502539, 0.000542079576, 0, 1.63379142e-08, 1.63379142e-08, -28.1068004, -28.1068004, 0, 0.27, 3.332, 0, -0.273649353, 0.000270477081, 0, 4.99999982e+16, 0, 0, 0, 0
6.75, 0, 0, 5e+16, 0, 8.15605894e-14, 3.718e+18, 6.44e+20, 4.85, 4, 1.92135343, 96.3407614, 0.866667, 95291.4896, 0, 1.7246289e+09, 3.60807193e+17, 0.267425357, -0.263980599, -4.16199194, 5e+16, 8.95744164e+17, -124.265184, -95291.3832, 372.85361, 96.4, 96.3407614, 0.866667, 0.866667, 5e+16, 0.267073949, 0.000351942421, 0.991439492, 0.267424327, -0.000351737423, -0.267072361, -0.267423559, -1.20103588e-05, 0.000249881443, 0.000511860359, 0, 1.63400553e-08, 1.63400553e-08, -24.1053058, -24.1053058, 0, 0.27, 3.332, 0, -0.267424098, 0.000237871084, 0, 4.99999982e+16, 0, 0, 0, 0
6.81666667, 0, 0, 5e+16, 0, 8.22323647e-14, 3.718e+18, 6.44e+20, 4.85, 4, 1.92249975, 96.3380291, 0.866667, 96021.5615, 0, 1.29746073e+09, 3.48430273e+17, 0.267063258, -0.274344624, -4.16197447, 5e+16, 5.26143392e+17, -128.692296, -96021.4476, 372.893995, 96.4, 96.3380291, 0.866667, 0.866667, 5e+16, 0.266844686, 0.000218869932, 0.991771563, 0.267062454, -0.000218729594, -0.266843765, -0.267061923, -7.836507e-06, 0.000214312877, 0.000484363101, 0, 1.63425687e-08, 1.63425687e-08, -21.3860829, -21.3860829, 0, 0.27, 3.332, 0, -0.267062494, 0.00020647637, 0, 4.99999989e+16, 0, 0, 0, 0
6.875, 0, 0, 5e+16, 0, 8.28201571e-14, 3.718e+18, 6.44e+20, 4.85, 4, 1.92251483, 96.3356384, 0.866667, 96557.6066, 0, 981403460, 3.48304753e+17, 0.260471946, -0.283412255, -4.16195918, 5e+16, 5.25091813e+17, -130.103879, -96557.4927, 372.929333, 96.4, 96.3356384, 0.866667, 0.866667, 5e+16, 0.260253647, 0.000218597708, 0.992049166, 0.260471124, -0.000218457543, -0.260252734, -0.26047062, -7.82676093e-06, 0.000190052147, 0.000462640094, 0, 1.63447679e-08, 1.63447679e-08, -18.3857192, -18.3857192, 0, 0.27, 3.332, 0, -0.260471192, 0.000182225387, 0, 4.99999989e+16, 0, 0, 0, 0
6.94166667, 0, 0, 5e+16, 0, 8.35208485e-14, 3.718e+18, 6.44e+20, 4.85, 4, 1.92372051, 96.3325459, 0.866667, 97317.0275, 0, 725961889, 3.35745782e+17, 0.260151712, -0.294384106, -4.16194102, 5e+16, 2.9882165e+17, -135.220083, -97316.9043, 372.970825, 96.4, 96.3325459, 0.866667, 0.866667, 5e+16, 0.26001927, 0.000132610331, 0.992340994, 0.26015106, -0.000132515765, -0.260018761, -0.26015067, -5.00716992e-06, 0.000161870477, 0.000441324995, 0, 1.63473503e-08, 1.63473503e-08, -16.148956, -16.148956, 0, 0.27, 3.332, 0, -0.260151277, 0.000156863307, 0, 4.99999994e+16, 0, 0, 0, 0
7, 0, 0, 5e+16, 0, 8.41339455e-14, 3.718e+18, 6.44e+20, 4.85, 4, 1.92373613, 96.32984, 0.866667, 97881.8355, 0, 540221476, 3.35618352e+17, 0.253284855, -0.303983373, -4.16192513, 5e+16, 2.98219494e+17, -136.840326, -97881.7115, 373.007132, 96.4, 96.32984, 0.866667, 0.866667, 5e+16, 0.253152578, 0.000132445579, 0.99258217, 0.25328419, -0.000132351127, -0.253152075, -0.253283819, -5.00100005e-06, 0.000142717708, 0.000424859577, 0, 1.634961e-08, 1.634961e-08, -13.7530877, -13.7530877, 0, 0.27, 3.332, 0, -0.253284426, 0.000137716708, 0, 4.99999994e+16, 0, 0, 0, 0
7.06666667, 0, 0, 5e+16, 0, 8.48654291e-14, 3.718e+18, 6.44e+20, 4.85, 4, 1.92500992, 96.3263134, 0.866667, 98675.7893, 0, 391650584, 3.22842137e+17, 0.252990247, -0.315676552, -4.16190625, 5e+16, 1.63432017e+17, -142.927769, -98675.6538, 373.04978, 96.4, 96.3263134, 0.866667, 0.866667, 5e+16, 0.252912301, 7.80392246e-05, 0.992834226, 0.252989722, -7.79766196e-05, -0.252912065, -0.252989395, -3.12525746e-06, 0.000117393141, 0.000405637825, 0, 1.63522645e-08, 1.63522645e-08, -11.6309069, -11.6309069, 0, 0.27, 3.332, 0, -0.252990042, 0.000114267883, 0, 4.99999997e+16, 0, 0, 0, 0
7.125, 0, 0, 5e+16, 0, 8.55054724e-14, 3.718e+18, 6.44e+20, 4.85, 4, 1.92502616, 96.3232277, 0.866667, 99274.1227, 0, 285844700, 3.22712478e+17, 0.245896244, -0.32590669, -4.16188973, 5e+16, 1.63097777e+17, -144.868493, -99273.9863, 373.087099, 96.4, 96.3232277, 0.866667, 0.866667, 5e+16, 0.245818395, 7.7941929e-05, 0.993039366, 0.245895709, -7.78793987e-05, -0.245818164, -0.245895395, -3.1214258e-06, 0.000100261126, 0.000391366335, 0, 1.63545874e-08, 1.63545874e-08, -9.44696859, -9.44696859, 0, 0.27, 3.332, 0, -0.245896043, 9.71397006e-05, 0, 4.99999997e+16, 0, 0, 0, 0
7.19166667, 0, 0, 5e+16, 0, 8.62698174e-14, 3.718e+18, 6.44e+20, 4.85, 4, 1.92638155, 96.3191627, 0.866667, 100109.948, 0, 202214784, 3.09651241e+17, 0.245615235, -0.338476425, -4.16187009, 5e+16, 8.53709246e+16, -152.218038, -100109.797, 373.130957, 96.4, 96.3191627, 0.866667, 0.866667, 5e+16, 0.245570928, 4.43547847e-05, 0.993251799, 0.245614845, -4.43141226e-05, -0.245570879, -0.245614499, -1.89879863e-06, 7.21407674e-05, 0.000368898306, 0, 1.63573176e-08, 1.63573176e-08, -6.9290986, -6.9290986, 0, 0.27, 3.332, 0, -0.245615193, 7.02419688e-05, 0, 4.99999998e+16, 0, 0, 0, 0
7.25, 0, 0, 5e+16, 0, 8.6938619e-14, 3.718e+18, 6.44e+20, 4.85, 4, 1.92639855, 96.3156059, 0.866667, 100748.509, 0, 144143967, 3.09518696e+17, 0.238296018, -0.349473116, -4.1618529, 5e+16, 8.51920927e+16, -154.555223, -100748.356, 373.169335, 96.4, 96.3156059, 0.866667, 0.866667, 5e+16, 0.238251768, 4.42989501e-05, 0.993420944, 0.238295616, -4.42583357e-05, -0.238251721, -0.238295286, -1.89647603e-06, 5.31314955e-05, 0.000352943275, 0, 1.63597066e-08, 1.63597066e-08, -4.43596982, -4.43596982, 0, 0.27, 3.332, 0, -0.238295979, 5.12350195e-05, 0, 4.99999998e+16, 0, 0, 0, 0
7.31666667, 0, 0, 5e+16, 0, 8.77381934e-14, 3.718e+18, 6.44e+20, 4.85, 4, 1.92785217, 96.3108628, 0.866667, 101636.006, 0, 98894339.8, 2.96096562e+17, 0.238019308, -0.363134169, -4.16183247, 5e+16, 4.21055974e+16, -163.788573, -101635.833, 373.214467, 96.4, 96.3108628, 0.866667, 0.866667, 5e+16, 0.237995173, 2.41575936e-05, 0.993593588, 0.238019096, -2.41317977e-05, -0.237995139, -0.238018524, -1.11609333e-06, 1.40927594e-05, 0.000319361411, 0, 1.63625163e-08, 1.63625163e-08, -0.729879697, -0.729879697, 0, 0.27, 3.332, 0, -0.238019271, 1.29766661e-05, 0, 4.99999999e+16, 0, 0, 0, 0
7.375, 0, 0, 5e+16, 0, 8.84378254e-14, 3.718e+18, 6.44e+20, 4.85, 4, 1.9278701, 96.3067125, 0.866667, 102323.959, 0, 68452082, 2.95960384e+17, 0.230413986, -0.375085107, -4.1618146, 5e+16, 4.20141039e+16, -166.752444, -102323.784, 373.25396, 96.4, 96.3067125, 0.866667, 0.866667, 5e+16, 0.230389881, 2.41266181e-05, 0.993726434, 0.230413748, -2.41008521e-05, -0.23038985, -0.230413204, -1.1147218e-06, -1.23395942e-05, 0.000296211293, 0, 1.6364975e-08, 1.6364975e-08, 2.84728759, 2.84728759, 0, 0.27, 3.332, 0, -0.23041395, -1.3454316e-05, 0, 4.99999999e+16, 0, 0, 0, 0
7.44166667, 0, 0, 5e+16, 0, 8.92752836e-14, 3.718e+18, 6.44e+20, 4.85, 4, 1.9294483, 96.3010793, 0.866667, 103277.966, 0, 45140234.9, 2.82043102e+17, 0.230133881, -0.390153055, -4.16179334, 5e+16, 1.92814385e+16, -178.762287, -103277.764, 373.300439, 96.4, 96.3010793, 0.866667, 0.866667, 5e+16, 0.23012142, 1.24685545e-05, 0.993858822, 0.230133928, -1.24526219e-05, -0.230120716, -0.230132359, -6.30126401e-07, -7.58876252e-05, 0.000238110966, 0, 1.63678689e-08, 1.63678689e-08, 9.14219223, 9.14219223, 0, 0.27, 3.332, 0, -0.230133169, -7.65177515e-05, 0, 5e+16, 0, 0, 0, 0
7.5, 0, 0, 5e+16, 0, 9.00080708e-14, 3.718e+18, 6.44e+20, 4.85, 4, 1.92946744, 96.2961503, 0.866667, 104029.276, 0, 30081998.9, 2.81902017e+17, 0.222082607, -0.403333936, -4.16177473, 5e+16, 1.92371657e+16, -182.633293, -104029.07, 373.341112, 96.4, 96.2961503, 0.866667, 0.866667, 5e+16, 0.222070162, 1.24520646e-05, 0.993954724, 0.222082601, -1.24361503e-05, -0.222069456, -0.222081082, -6.29342928e-07, -0.000119077263, 0.000198467166, 0, 1.63704012e-08, 1.63704012e-08, 15.151352, 15.151352, 0, 0.27, 3.332, 0, -0.222081892, -0.000119706606, 0, 5e+16, 0, 0, 0, 0
7.56666667, 0, 0, 5e+16, 0, 9.08864872e-14, 3.718e+18, 6.44e+20, 4.85, 4, 1.93120833, 96.289305, 0.866667, 105072.401, 0, 18809804.2, 2.67302607e+17, 0.221792652, -0.420285556, -4.16175259, 5e+16, 7.99198608e+15, -199.249397, -105072.153, 373.389024, 96.4, 96.289305, 0.866667, 0.866667, 5e+16, 0.221786656, 5.99673188e-06, 0.994046116, 0.221793066, -5.98723333e-06, -0.221782462, -0.221787563, -3.37388114e-07, -0.000229816318, 9.3335603e-05, 0, 1.63733846e-08, 1.63733846e-08, 26.4753677, 26.4753677, 0, 0.27, 3.332, 0, -0.221788449, -0.000230153706, 0, 5e+16, 0, 0, 0, 0
7.625, 0, 0, 5e+16, 0, 9.16551199e-14, 3.718e+18, 6.44e+20, 4.85, 4, 1.93122907, 96.2833153, 0.866667, 105908.916, 0, 11914035.6, 2.6715482e+17, 0.212970128, -0.435112736, -4.1617332, 5e+16, 7.97206203e+15, -204.685902, -105908.664, 373.43095, 96.4, 96.2833153, 0.866667, 0.866667, 5e+16, 0.21296414, 5.98839517e-06, 0.994104098, 0.21297043, -5.97890753e-06, -0.212959919, -0.212965012, -3.36957333e-07, -0.000305282398, 2.17342429e-05, 0, 1.63759952e-08, 1.63759952e-08, 37.2305774, 37.2305774, 0, 0.27, 3.332, 0, -0.212965898, -0.000305619356, 0, 5e+16, 0, 0, 0, 0
7.69166667, 0, 0, 5e+16, 0, 9.25779898e-14, 3.718e+18, 6.44e+20, 4.85, 4, 1.93319854, 96.274702, 0.866667, 107079.783, 0, 6911096.38, 2.51538846e+17, 0.212667112, -0.454719032, -4.16171012, 5e+16, 2.87817195e+15, -229.380942, -107079.459, 373.480391, 96.4, 96.274702, 0.866667, 0.866667, 5e+16, 0.212664496, 2.61759083e-06, 0.994153521, 0.212667953, -2.6121884e-06, -0.212645991, -0.212647625, -1.68087665e-07, -0.000501870591, -0.000168955259, 0, 1.63790742e-08, 1.63790742e-08, 57.9150882, 57.9150882, 0, 0.27, 3.332, 0, -0.212648603, -0.000502038678, 0, 5e+16, 0, 0, 0, 0
7.75, 0, 0, 5e+16, 0, 9.33855284e-14, 3.718e+18, 6.44e+20, 4.85, 4, 1.93322154, 96.2671653, 0.866667, 108039.655, 0, 4074819.46, 2.51381183e+17, 0.202468463, -0.471865292, -4.16168988, 5e+16, 2.87004658e+15, -237.583624, -108039.324, 373.523657, 96.4, 96.2671653, 0.866667, 0.866667, 5e+16, 0.20246585, 2.61365375e-06, 0.994172285, 0.202469075, -2.60825761e-06, -0.202447221, -0.202448852, -1.67862523e-07, -0.000636090497, -0.000298929118, 0, 1.63817685e-08, 1.63817685e-08, 77.4936201, 77.4936201, 0, 0.27, 3.332, 0, -0.20244983, -0.000636258359, 0, 5e+16, 0, 0, 0, 0
7.81666667, 0, 0, 5e+16, 0, 9.43569425e-14, 3.718e+18, 6.44e+20, 4.85, 4, 1.935536, 96.2557463, 0.866667, 109408.459, 0, 2113842.4, 2.34177524e+17, 0.202161809, -0.495426433, -4.16166579, 5e+16, 8.40820528e+14, -277.985221, -109407.99, 373.574746, 96.4, 96.2557463, 0.866667, 0.866667, 5e+16, 0.202160823, 9.92638583e-07, 0.994178594, 0.202162818, -9.89795189e-07, -0.202090242, -0.202090142, -7.50785457e-08, -0.000974642683, -0.000631165015, 0, 1.63849504e-08, 1.63849504e-08, 114.23803, 114.23803, 0, 0.27, 3.332, 0, -0.202091232, -0.00097471776, 0, 5e+16, 0, 0, 0, 0
7.875, 0, 0, 5e+16, 0, 9.52069659e-14, 3.718e+18, 6.44e+20, 4.85, 4, 1.93556247, 96.2457546, 0.866667, 110563.254, 0, 1120171.4, 2.3400461e+17, 0.189550992, -0.516024913, -4.16164464, 5e+16, 8.37948348e+14, -291.71277, -110562.77, 373.619452, 96.4, 96.2457546, 0.866667, 0.866667, 5e+16, 0.189550008, 9.90947996e-07, 0.99415654, 0.189551549, -9.88108097e-07, -0.189478964, -0.189478863, -7.49684375e-08, -0.00120590025, -0.000857707286, 0, 1.63877347e-08, 1.63877347e-08, 148.866061, 148.866061, 0, 0.27, 3.332, 0, -0.189479952, -0.00120597522, 0, 5e+16, 0, 0, 0, 0
7.94166667, 0, 0, 5e+16, 0, 9.62316181e-14, 3.718e+18, 6.44e+20, 4.85, 4, 1.9384546, 96.2292864, 0.866667, 112269.179, 0, 487158.314, 2.14128578e+17, 0.189287166, -0.545857571, -4.16161944, 5e+16, 1.76585321e+14, -364.309974, -112268.384, 373.672319, 96.4, 96.2292864, 0.866667, 0.866667, 5e+16, 0.189286874, 3.0394164e-07, 0.994118448, 0.189287107, -3.02651342e-07, -0.189050121, -0.189049193, -2.79761629e-08, -0.00174722193, -0.00139220736, 0, 1.63910277e-08, 1.63910277e-08, 210.004258, 210.004258, 0, 0.27, 3.332, 0, -0.189050424, -0.0017472499, 0, 5e+16, 0, 0, 0, 0
8, 0, 0, 5e+16, 0, 9.71282342e-14, 3.718e+18, 6.44e+20, 4.85, 4, 1.93848693, 96.2148767, 0.866667, 113764.663, 0, 217998.182, 2.13930469e+17, 0.172699265, -0.571922228, -4.16159726, 5e+16, 1.75772073e+14, -389.500303, -113763.832, 373.718583, 96.4, 96.2148767, 0.866667, 0.866667, 5e+16, 0.172698973, 3.03313254e-07, 0.99405366, 0.172698351, -3.02024788e-07, -0.172460711, -0.172459784, -2.79276275e-08, -0.00211672713, -0.00175642364, 0, 1.63939094e-08, 1.63939094e-08, 267.2627, 267.2627, 0, 0.27, 3.332, 0, -0.172461013, -0.00211675505, 0, 5e+16, 0, 0, 0, 0
8.06666667, 0, 0, 5e+16, 0, 9.82115797e-14, 3.718e+18, 6.44e+20, 4.85, 4, 1.94243953, 96.1878413, 0.866667, 116092.791, 0, 71019.29, 1.89434678e+17, 0.172557119, -0.612140769, -4.16157085, 5e+16, 2.16091892e+13, -529.675158, -116091.139, 373.773383, 96.4, 96.1878413, 0.866667, 0.866667, 5e+16, 0.172557061, 6.65507172e-08, 0.993969461, 0.172552898, -6.61252671e-08, -0.171915154, -0.171913798, -7.51296286e-09, -0.00282791717, -0.00246017717, 0, 1.63973231e-08, 1.63973231e-08, 352.929239, 352.929239, 0, 0.27, 3.332, 0, -0.17191522, -0.00282792469, 0, 5e+16, 0, 0, 0, 0
8.125, 0, 0, 5e+16, 0, 9.91595572e-14, 3.718e+18, 6.44e+20, 4.85, 4, 1.94248272, 96.1641854, 0.866667, 118234.922, 0, 24041.1375, 1.89194385e+17, 0.150310794, -0.647225755, -4.16154751, 5e+16, 2.14499399e+13, -579.193864, -118233.172, 373.821338, 96.4, 96.1641854, 0.866667, 0.866667, 5e+16, 0.150310736, 6.63657048e-08, 0.99385948, 0.15030512, -6.59410933e-08, -0.149664913, -0.149663563, -7.49525664e-09, -0.00331214896, -0.00293837441, 0, 1.64003104e-08, 1.64003104e-08, 432.346361, 432.346361, 0, 0.27, 3.332, 0, -0.149664978, -0.00331215646, 0, 5e+16, 0, 0, 0, 0
8.19166667, 0, 0, 5e+16, 0, 1.00307698e-13, 3.718e+18, 6.44e+20, 4.85, 4, 1.94852047, 96.1107491, 0.866667, 121770.443, 0, 4951.79508, 1.57048954e+17, 0.150205234, -0.704328823, -4.16151972, 5e+16, 1.12467644e+12, -858.25846, -121766.267, 373.878235, 96.4, 96.1107491, 0.866667, 0.866667, 5e+16, 0.150205228, 8.58690829e-09, 0.993726073, 0.150192612, -8.51174722e-09, -0.148961272, -0.148959591, -1.13362526e-09, -0.00389780715, -0.00351572308, 0, 1.64038552e-08, 1.64038552e-08, 514.677172, 514.677172, 0, 0.27, 3.332, 0, -0.14896128, -0.00389780828, 0, 5e+16, 0, 0, 0, 0
8.25, 0, 0, 5e+16, 0, 1.01312372e-13, 3.718e+18, 6.44e+20, 4.85, 4, 1.94858525, 96.0639923, 0.866667, 125198.676, 0, 1070.54739, 1.56743444e+17, 0.122128334, -0.753918382, -4.16149505, 5e+16, 1.1080088e+12, -957.909342, -125194.195, 373.928025, 96.4, 96.0639923, 0.866667, 0.866667, 5e+16, 0.122128328, 8.54992764e-09, 0.993567182, 0.122113725, -8.47502754e-09, -0.120877841, -0.120876175, -1.12923423e-09, -0.00429397254, -0.00390479424, 0, 1.64069573e-08, 1.64069573e-08, 589.493337, 589.493337, 0, 0.27, 3.332, 0, -0.120877849, -0.00429397367, 0, 5e+16, 0, 0, 0, 0
8.31666667, 0, 0, 5e+16, 0, 1.02532029e-13, 3.718e+18, 6.44e+20, 4.85, 4, 1.9588188, 95.92947, 0.866667, 131108.339, 0, 124.108837, 1.14247048e+17, 0.121636543, -0.833778545, -4.16146573, 5e+16, 2.01246036e+10, -1510.27283, -131096.353, 373.987192, 96.4, 95.92947, 0.866667, 0.866667, 5e+16, 0.121636543, 4.94806213e-10, 0.993378791, 0.121612007, -4.89781416e-10, -0.120056799, -0.120054803, -7.03371029e-11, -0.0042333525, -0.00383437419, 0, 1.64106439e-08, 1.64106439e-08, 608.377865, 608.377865, 0, 0.27, 3.332, 0, -0.1200568, -0.00423335256, 0, 5e+16, 0, 0, 0, 0
8.375, 0, 0, 5e+16, 0, 1.03599268e-13, 3.718e+18, 6.44e+20, 4.85, 4, 1.95892758, 95.811763, 0.866667, 137106.382, 0, 24.285516, 1.13868333e+17, 0.0912549811, -0.902171697, -4.16143957, 5e+16, 1.94824543e+10, -1708.10673, -137093.432, 374.038967, 96.4, 95.811763, 0.866667, 0.866667, 5e+16, 0.0912549808, 4.90905108e-10, 0.993165111, 0.0912288581, -4.85917199e-10, -0.0896717728, -0.0896698088, -6.98018684e-11, -0.00418905266, -0.00378147526, 0, 1.641387e-08, 1.641387e-08, 623.39365, 623.39365, 0, 0.27, 3.332, 0, -0.0896717733, -0.00418905273, 0, 5e+16, 0, 0, 0, 0
8.44166667, 0, 0, 5e+16, 0, 1.04897384e-13, 3.718e+18, 6.44e+20, 4.85, 4, 1.97748776, 95.3552805, 0.866667, 147666.549, 0, 1.71711311, 6.41221299e+16, 0.0902722518, -1.00411279, -4.16140907, 5e+16, 161375664, -2789.6074, -147630.766, 374.100559, 96.4, 95.3552805, 0.866667, 0.866667, 5e+16, 0.0902722518, 1.07639219e-11, 0.992914103, 0.0902334362, -1.06499821e-11, -0.088947801, -0.088945533, -1.56201663e-12, -0.00341769876, -0.0029980192, 0, 1.64177083e-08, 1.64177083e-08, 555.194909, 555.194909, 0, 0.27, 3.332, 0, -0.088947801, -0.00341769876, 0, 5e+16, 0, 0, 0, 0
8.5, 0, 0, 5e+16, 0, 1.06033253e-13, 3.718e+18, 6.44e+20, 4.85, 4, 1.9776855, 94.9558584, 0.866667, 158724.913, 0, 1.52255737, 6.37332888e+16, 0.0636907141, -1.08901876, -4.16138132, 5e+16, 154396826, -3176.45314, -158686.203, 374.154456, 96.4, 94.9558584, 0.866667, 0.866667, 5e+16, 0.0636907141, 1.06129571e-11, 0.992638174, 0.063652283, -1.05006165e-11, -0.0623713219, -0.0623691234, -1.5401003e-12, -0.00289893996, -0.00246909106, 0, 1.6421067e-08, 1.6421067e-08, 492.297209, 492.297209, 0, 0.27, 3.332, 0, -0.0623713219, -0.00289893996, 0, 5e+16, 0, 0, 0, 0
8.56666667, 0, 0, 5e+16, 0, 1.07416698e-13, 3.718e+18, 6.44e+20, 4.85, 4, 2.01251844, 92.8761665, 0.866667, 178517.418, 0, 0.0155054936, 2.16817272e+16, 0.0627753713, -1.21218176, -4.16135377, 5e+16, 946395.602, -5371.28884, -178409.905, 374.2186, 96.4, 92.8761665, 0.866667, 0.866667, 5e+16, 0.0627753713, 1.21884116e-13, 0.992318676, 0.062720631, -1.20588763e-13, -0.0619888028, -0.0619860804, -1.77225049e-14, -0.00204554273, -0.00159998978, 0, 1.64250648e-08, 1.64250648e-08, 395.625818, 395.625818, 0, 0.27, 3.332, 0, -0.0619888028, -0.00204554273, 0, 5e+16, 0, 0, 0, 0
8.625, 0, 0, 5e+16, 0, 1.08627194e-13, 3.718e+18, 6.44e+20, 4.85, 4, 2.01289527, 91.0564361, 0.866667, 199694.718, 0, 0.0151294053, 2.14310973e+16, 0.0434977127, -1.30932311, -4.16132443, 5e+16, 921012.665, -6163.81634, -199578.39, 374.274727, 96.4, 91.0564361, 0.866667, 0.866667, 5e+16, 0.0434977127, 1.20234427e-13, 0.991973986, 0.0434455426, -1.18957057e-13, -0.0427179162, -0.0427153438, -1.74795905e-14, -0.00147862652, -0.00102146021, 0, 1.6428563e-08, 1.6428563e-08, 310.634596, 310.634596, 0, 0.27, 3.332, 0, -0.0427179162, -0.00147862652, 0, 5e+16, 0, 0, 0, 0
8.69166667, 0, 0, 5e+16, 0, 1.10102143e-13, 3.718e+18, 6.44e+20, 4.85, 4, 2.08104676, 82.8449108, 0.866667, 239428.897, 0, 0.000128801747, 2.61191388e+15, 0.0431001207, -1.45984661, -4.16146964, 5e+16, 7840.28547, -11421.9717, -239071.818, 374.341492, 96.4, 82.8449108, 0.866667, 0.866667, 5e+16, 0.0431001207, 1.26361187e-15, 0.991584479, 0.0430244951, -1.24516804e-15, -0.0426343408, -0.0426303106, -2.15104113e-16, -0.0010872514, -0.000606791368, 0, 1.64327248e-08, 1.64327248e-08, 271.835198, 271.835198, 0, 0.27, 3.332, 0, -0.0426343408, -0.0010872514, 0, 5e+16, 0, 0, 0, 0
8.75, 0, 0, 5e+16, 0, 1.11392662e-13, 3.718e+18, 6.44e+20, 4.85, 4, 2.08181055, 75.6598261, 0.866667, 283652.825, 0, 0.000137934625, 2.55102134e+15, 0.0294411775, -1.41937147, -4.16143869, 5e+16, 8447.39281, -13409.7964, -283263.655, 374.399911, 96.4, 75.6598261, 0.866667, 0.866667, 5e+16, 0.0294411775, 1.42040263e-15, 0.991167518, 0.0293679017, -1.0784004e-15, -0.0289776394, -0.0289740135, -2.38280567e-16, -0.000825846718, -0.000329919105, 0, 1.64363663e-08, 1.64363663e-08, 239.951975, 239.951975, 0, 0.27, 3.332, 0, -0.0289776394, -0.000825846718, 0, 5e+16, -4.22208198e-19, -4.75625406e-19, 0, 0
8.81666667, 0, 0, 5e+16, 0, 1.12964486e-13, 3.718e+18, 6.44e+20, 4.85, 4, 2.23346447, 61.4465259, 0.866667, 377461.491, 0, 0.0206883529, 1.86374365e+14, 0.0294633455, -1.48383787, -4.22851928, 5e+16, 1258353.36, -33897.422, -375444.71, 374.469308, 96.3999996, 61.4465259, 0.866667, 0.866667, 5e+16, 0.0294633455, 5.46543367e-14, 0.990710784, 0.0293485583, -1.24874641e-14, -0.0289888031, -0.0289817314, -5.30274502e-14, -0.000847322696, -0.000310015941, 0, 1.64406927e-08, 1.64406927e-08, 321.682279, 321.682279, 0, 0.27, 3.332, 0, -0.0289888031, -0.000847322696, 0, 5e+16, 1.58454724e-05, 1.785022e-05, 0, 0
8.875, 0, 0, 5e+16, 0, 1.14339733e-13, 3.718e+18, 6.44e+20, 4.85, 4, 2.2353201, 49.0098882, 0.866667, 503191.08, 0, 0.0315638994, 1.75989513e+14, 0.0176011453, -1.3802888, -4.22848649, 5e+16, 1967799.85, -43096.9328, -500915.097, 374.530028, 96.3999996, 49.0098882, 0.866667, 0.866667, 5e+16, 0.0176011453, 2.40245191e-13, 0.990222052, 0.0174907824, 1.71057138e-13, -0.0171249182, -0.0171238089, -8.05109761e-14, -0.000863120623, -0.000299385187, 0, 1.64444782e-08, 1.64444782e-08, 411.666058, 411.666058, 0, 0.27, 3.332, 0, -0.0171249182, -0.000863120623, 0, 5e+16, 0.00135672369, 1.785022e-05, 0, 0
8.94166667, 0, 0, 5e+16, 0, 1.16013929e-13, 3.718e+18, 6.44e+20, 4.85, 4, 2.76248036, 34.5253305, 0.866667, 702805.517, 1255569.6, 9.52804596, 1.19472742e+14, 0.0176583488, -1.76882416, -4.74297867, 5e+16, 4.01080668e+09, -272917.553, -615736.572, 374.602055, 96.3951648, 34.5253305, 0.866667, 0.866667, 5e+16, 0.0176583486, 1.80109698e-10, 0.989705775, 0.0174122774, -1.05517936e-10, -0.0172012631, -0.0170949748, -1.4562898e-10, -0.000910022031, -0.000222083024, 0, 1.64489693e-08, 1.64489693e-08, 765.418629, 765.418629, 0, 0.27, 3.332, 0, -0.0172012632, -0.000910022175, 0, 5e+16, 0.149929557, 0.0631858923, 0, 0
9, 0, 0, 5e+16, 0, 1.17478741e-13, 3.718e+18, 6.44e+20, 4.85, 4, 2.77965776, 21.8513426, 0.866667, 870720.313, 4.66810013e+10, 78.5073943, 7.02319628e+13, 0.00627063389, -1.67172704, -4.74294117, 5e+16, 5.34422381e+09, -575991.235, -649129.497, 374.665078, 96.3951648, 21.8513426, 0.866667, 0.866667, 5e+16, 0.00627063368, 2.4146127e-10, 0.989152797, 0.00587715967, -1.33070963e-10, -0.00580374689, -0.00555890959, -2.00717375e-10, -0.000948215171, -0.000202583516, 0, 1.64528989e-08, 1.64528989e-08, 1185.4127, 1185.4127, 0, 0.27, 3.332, 0, -0.005803747, -0.00094821537, 0, 5e+16, 0.282927526, 0.22387548, 0, 0
9.06666667, 0, 0, 5e+16, 0, 1.192639e-13, 3.718e+18, 6.44e+20, 4.85, 4, 9.13853972, 21.3802359, 0.866667, 923412.234, 2.58152738e+11, 75.2391794, 3.74000184e+13, 0.00583752345, -8.03223855, -11.0812976, 5e+16, 5.03497404e+09, -785883.331, -426148.127, 374.739844, 56.1696093, 61.5308876, 0.866667, 0.866667, 5e+16, 0.00583752319, 2.77277957e-10, 0.98859318, 0.00564134109, -2.30647475e-10, -0.00582089477, -0.00549281743, -1.27379393e-10, -0.000420610893, 0.000170134502, 0, 1.64575615e-08, 1.64575615e-08, 750.120059, 750.120059, 0, 0.27, 3.332, 0, -0.00582089497, -0.000420611021, 0, 5e+16, 0.202251163, 0.209488301, 0, 0
9.125, 0, 0, 5e+16, 0, 1.20825756e-13, 3.718e+18, 6.44e+20, 4.85, 4, 15.4029019, 19.8740771, 0.866667, 898386.85, 1.76193834e+13, 60.1662374, 3.19295723e+09, 0.000261222531, -14.304053, -17.0430189, 5e+16, 4.52046848e+09, -880837.796, -159678.895, 374.805261, 19.8740771, 96.2504894, 0.866667, 0.866667, 5e+16, 0.00026122227, 2.64120394e-10, 0.987997856, 0.000211827646, -2.47893891e-10, -0.000257141407, 0.000180775066, -9.10717073e-11, -4.42194113e-05, 0.000106871906, 0, 1.64616411e-08, 1.64616411e-08, 289.953355, 289.953355, 0, 0.27, 3.332, 0, -0.000257141655, -4.42195024e-05, 0, 5e+16, 0.0882964168, 0.0868403478, 0, 0
9.19166667, 0, 0, 5e+16, 0, 1.22734795e-13, 3.718e+18, 6.44e+20, 4.85, 4, 20.5707779, 22.4512638, 0.866667, 811747.81, 1.79114639e+14, 15087773.8, 2.3554796e+09, 1.32837056, -19.0705003, -22.2008777, 5e+16, 4.6910242e+16, -810119.857, -41824.0107, 374.883016, 22.4512638, 96.3302284, 0.866667, 0.866667, 5e+16, 0.00021004225, 1.32816274, 0.986640826, 1.32822969, -1.2971331, -0.000209129247, -1.29694262, 0.285415431, -1.62092489e-05, 0.285517228, 0, 1.64664909e-08, 1.64664909e-08, 933439.321, 933439.321, 0, 0.27, 3.332, 0, -1.29734223, 0.285399222, 0, 4.99999002e+16, 0.0204143218, 0.0381350984, 0, 0
9.25, 0, 0, 5e+16, 0, 1.24404666e-13, 3.718e+18, 6.44e+20, 4.85, 4, 25.1908779, 25.5443199, 0.866667, 746833.373, 8.00159909e+14, 1.06414981e+12, 963390164, 1.75131065, -23.3301259, -26.7919286, 5e+16, 6.40010063e+16, -746772.877, -1920.48067, 374.951034, 25.5443199, 96.4, 0.866667, 0.866667, 5e+16, 0.000102831101, 1.75121041, 0.985874491, 1.75099178, -1.71550032, -0.000102802166, -1.71526194, 0.348170515, -2.03146208e-06, 0.348258062, 0, 1.64707333e-08, 1.64707333e-08, 1316391.83, 1316391.83, 0, 0.27, 3.332, 0, -1.71560312, 0.348168484, 0, 4.99998594e+16, 3.68273678e-05, 0.000202578989, 0, 0
9.31666667, 0, 0, 5e+16, 0, 1.26427599e-13, 3.718e+18, 6.44e+20, 4.85, 4, 29.9809932, 26.6294037, 0.866667, 730289.126, 1.63067289e+15, 4.58579236e+12, 1.01560288e+09, 23.1287784, -28.073137, -31.5835523, 5e+16, 6.88972396e+16, -729814.504, 22395.4425, 375.031088, 26.6294037, 96.3999972, 0.866667, 0.866667, 5e+16, 0.000119736217, 23.1286642, 0.963380218, 23.1285026, -21.7836152, -0.000119683758, -21.7834277, 7.74853439, 1.62961815e-06, 7.74862324, 0, 1.64757272e-08, 1.64757272e-08, 15963299.2, 15963299.2, 0, 0.27, 3.332, 0, -21.7837348, 7.74853601, 0, 4.99984169e+16, 1.76341808e-05, 0.00013159936, 0, 0
9.375, 0, 0, 5e+16, 0, 1.2819971e-13, 3.718e+18, 6.44e+20, 4.85, 4, 34.2003843, 27.7484589, 0.866667, 718287.952, 6.36218446e+15, 2.96577222e+13, 779400521, 46.2126841, -32.232292, -35.7942084, 5e+16, 6.15010871e+16, -717454.692, 34585.5735, 375.101218, 27.7484589, 96.3999947, 0.866667, 0.866667, 5e+16, 0.000114452406, 46.2125749, 0.953405775, 46.2124493, -44.6302218, -0.000114420766, -44.6300712, 11.0500152, 2.6108466e-06, 11.0501036, 0, 1.64801021e-08, 1.64801021e-08, 36826781, 36826781, 0, 0.27, 3.332, 0, -44.6303362, 11.0500178, 0, 4.99962338e+16, 2.64829426e-05, 4.37546792e-05, 0, 0
9.44166667, 0, 0, 5e+16, 0, 1.3027205e-13, 3.718e+18, 6.44e+20, 4.85, 4, 38.9635094, 27.8325712, 0.866667, 722073.289, 1.73332055e+16, 4.45905978e+13, 925917664, 89.2999774, -36.982325, -40.5627079, 5e+16, 8.12135422e+16, -720687.868, 43818.0233, 375.180871, 27.8325712, 96.3999418, 0.866667, 0.866667, 5e+16, 0.00016125396, 89.2998208, 0.881192474, 89.2997685, -86.4436336, -0.000161157435, -86.4435606, 21.7260901, 5.42868501e-06, 21.726185, 0, 1.64850719e-08, 1.64850719e-08, 68112757, 68112757, 0, 0.27, 3.332, 0, -86.4437946, 21.7260955, 0, 4.99944677e+16, 3.48025867e-05, 5.03181471e-05, 0, 0
9.5, 0, 0, 5e+16, 0, 1.32098435e-13, 3.718e+18, 6.44e+20, 4.85, 4, 43.1437328, 27.9534612, 0.866667, 726339.368, 4.18223348e+16, 8.51987571e+13, 972313914, 180.592623, -41.1416919, -44.7443303, 5e+16, 8.22783209e+16, -724651.092, 49390.7877, 375.251065, 27.9534612, 96.3998956, 0.866667, 0.866667, 5e+16, 0.000165180734, 180.592462, 0.843128798, 180.592447, -177.515571, -0.000165077401, -177.515537, 28.658409, 5.83026995e-06, 28.6585074, 0, 1.64894515e-08, 1.64894515e-08, 153024584, 153024584, 0, 0.27, 3.332, 0, -177.515735, 28.6584148, 0, 4.99877999e+16, 4.19060025e-05, 5.50497668e-05, 0, 0
9.56666667, 0, 0, 5e+16, 0, 1.34149693e-13, 3.718e+18, 6.44e+20, 4.85, 4, 48.0176628, 27.6140833, 0.866667, 737736.101, 8.91491626e+16, 9.36943275e+13, 1.20365831e+09, 211.702066, -46.0126332, -49.6249784, 5e+16, 1.174157e+17, -735737.245, 53864.0317, 375.327692, 27.6140833, 96.3997738, 0.866667, 0.866667, 5e+16, 0.000248156279, 211.701821, 0.734740345, 211.701917, -208.968965, -0.000247961915, -208.969048, 31.1487659, 9.79305331e-06, 31.1488725, 0, 1.64942333e-08, 1.64942333e-08, 177923742, 177923742, 0, 0.27, 3.332, 0, -208.969213, 31.1487757, 0, 4.99871598e+16, 7.25133555e-05, 8.6181791e-05, 0, 0
9.625, 0, 0, 5e+16, 0, 1.35971294e-13, 3.718e+18, 6.44e+20, 4.85, 4, 52.2887206, 27.3371162, 0.866667, 748053.491, 1.85001703e+17, 1.29056386e+14, 1.42697819e+09, 370.437767, -50.273402, -53.901366, 5e+16, 1.22142188e+17, -745886.709, 56727.2069, 375.395714, 27.3371162, 96.3996672, 0.866667, 0.866667, 5e+16, 0.00025820232, 370.437513, 0.668774813, 370.437654, -367.832374, -0.000257995564, -367.832503, 34.3851676, 1.03290943e-05, 34.3852781, 0, 1.64984781e-08, 1.64984781e-08, 331670356, 331670356, 0, 0.27, 3.332, 0, -367.832632, 34.3851779, 0, 4.99784197e+16, 0.000100481565, 0.000112979448, 0, 0
9.69166667, 0, 0, 5e+16, 0, 1.37977061e-13, 3.718e+18, 6.44e+20, 4.85, 4, 57.329949, 26.8529659, 0.866667, 762543.277, 3.16256731e+17, 1.22694097e+14, 1.79039586e+09, 373.284774, -55.3163473, -58.9497615, 5e+16, 1.78600457e+17, -760237.833, 58999.2481, 375.468628, 26.8529659, 96.3995378, 0.866667, 0.866667, 5e+16, 0.000394028285, 373.284384, 0.565753357, 373.284692, -371.584349, -0.000393686366, -371.584648, 29.9787498, 1.64063371e-05, 29.9788699, 0, 1.65030289e-08, 1.65030289e-08, 336715656, 336715656, 0, 0.27, 3.332, 0, -371.584743, 29.9787662, 0, 4.9978781e+16, 0.000172098203, 0.000192462297, 0, 0
9.75, 0, 0, 5e+16, 0, 1.39764759e-13, 3.718e+18, 6.44e+20, 4.85, 4, 61.7443912, 26.4389556, 0.866667, 775333.852, 5.79140661e+17, 1.45194629e+14, 2.2321932e+09, 542.283627, -59.7254032, -63.3711752, 5e+16, 1.87943389e+17, -772957.892, 60449.1522, 375.533561, 26.4389556, 96.3994246, 0.866667, 0.866667, 5e+16, 0.00041332956, 542.283217, 0.495619146, 542.283583, -540.759647, -0.000412966249, -540.760004, 28.2891314, 1.73263531e-05, 28.289255, 0, 1.65070816e-08, 1.65070816e-08, 511064942, 511064942, 0, 0.27, 3.332, 0, -540.76006, 28.2891486, 0, 4.99711573e+16, 0.000237219705, 0.000261032155, 0, 0
9.81666667, 0, 0, 5e+16, 0, 1.41734833e-13, 3.718e+18, 6.44e+20, 4.85, 4, 66.9773705, 25.9221065, 0.866667, 790966.856, 8.60423114e+17, 1.29925836e+14, 2.80357993e+09, 528.080058, -64.9620573, -68.6113677, 5e+16, 2.74766715e+17, -788562.839, 61438.069, 375.603341, 25.9221065, 96.3993492, 0.866667, 0.866667, 5e+16, 0.000626319612, 528.079433, 0.421494498, 528.080046, -527.287783, -0.000625760337, -527.288389, 22.2319808, 2.64623707e-05, 22.2321154, 0, 1.65114374e-08, 1.65114374e-08, 502722010, 502722010, 0, 0.27, 3.332, 0, -527.288409, 22.2320073, 0, 4.99718349e+16, 0.000401847583, 0.000442307261, 0, 0
9.875, 0, 0, 5e+16, 0, 1.43488771e-13, 3.718e+18, 6.44e+20, 4.85, 4, 71.5576485, 25.4755889, 0.866667, 804639.189, 1.42946917e+18, 1.41842449e+14, 3.56571506e+09, 660.864341, -69.5395526, -73.1992743, 5e+16, 2.91483384e+17, -802228.826, 62011.1362, 375.665387, 25.4755889, 96.3992833, 0.866667, 0.866667, 5e+16, 0.000660998579, 660.863684, 0.366424044, 660.864371, -660.173664, -0.000660403627, -660.174345, 18.4781839, 2.80377098e-05, 18.4783216, 0, 1.65153105e-08, 1.65153105e-08, 652990776, 652990776, 0, 0.27, 3.332, 0, -660.174327, 18.478212, 0, 4.99666509e+16, 0.000553977432, 0.000598632458, 0, 0
9.94166667, 0, 0, 5e+16, 0, 1.45440945e-13, 3.718e+18, 6.44e+20, 4.85, 4, 76.9893012, 24.9785655, 0.866667, 820040.754, 1.94414764e+18, 1.26905454e+14, 4.45228174e+09, 644.979671, -74.9748852, -78.6379609, 5e+16, 4.20316337e+17, -817660.97, 62272.3715, 375.732828, 24.9785655, 96.3992605, 0.866667, 0.866667, 5e+16, 0.000959476397, 644.978715, 0.323503212, 644.979733, -644.673976, -0.000958577483, -644.67499, 13.9607141, 4.15230099e-05, 13.9608658, 0, 1.6519521e-08, 1.6519521e-08, 642270600, 642270600, 0, 0.27, 3.332, 0, -644.674938, 13.9607557, 0, 4.9967201e+16, 0.000875901072, 0.000943574194, 0, 0
10, 0, 0, 5e+16, 0, 1.47172314e-13, 3.718e+18, 6.44e+20, 4.85, 4, 81.7423787, 24.5464399, 0.866667, 833336.838, 2.95430814e+18, 1.32467674e+14, 5.67988362e+09, 727.148672, -79.7266285, -83.3987769, 5e+16, 4.48744554e+17, -830983.713, 62346.142, 375.792545, 24.5464399, 96.3992406, 0.866667, 0.866667, 5e+16, 0.00101466015, 727.147655, 0.289418615, 727.148766, -726.881925, -0.0010136984, -726.883032, 10.7187768, 4.4162373e-05, 10.7189316, 0, 1.65232492e-08, 1.65232492e-08, 748063238, 748063238, 0, 0.27, 3.332, 0, -726.882938, 10.718821, 0, 4.99643113e+16, 0.00116987421, 0.00124074971, 0, 0
10.0583333, 0, 0, 5e+16, 0, 1.48881594e-13, 3.718e+18, 6.44e+20, 4.85, 4, 86.6588659, 24.1102999, 0.866667, 847615.6, 3.78994803e+18, 1.22302934e+14, 6.952564e+09, 715.047506, -84.6457684, -88.321681, 5e+16, 6.2298774e+17, -845323.265, 62150.7533, 375.850266, 24.1102999, 96.3992614, 0.866667, 0.866667, 5e+16, 0.00144823851, 715.046055, 0.265732541, 715.047632, -714.945977, -0.0014469005, -714.947551, 7.92280393, 6.22306607e-05, 7.92297598, 0, 1.65268533e-08, 1.65268533e-08, 739641660, 739641660, 0, 0.27, 3.332, 0, -714.947424, 7.92286615, 0, 4.9964641e+16, 0.00176808414, 0.00188304269, 0, 0
10.109375, 0, 0, 5e+16, 0, 1.50394486e-13, 3.718e+18, 6.44e+20, 4.85, 4, 90.9604444, 23.7304915, 0.866667, 859909.654, 5.34259587e+18, 1.24814716e+14, 8.73044877e+09, 762.710067, -88.946735, -92.6305121, 5e+16, 6.66951103e+17, -857660.909, 61906.8019, 375.901261, 23.7304915, 96.3992796, 0.866667, 0.866667, 5e+16, 0.00153913059, 762.708532, 0.245961702, 762.710235, -762.621405, -0.00153770493, -762.623109, 5.70800148, 6.62222949e-05, 5.70817691, 0, 1.65300374e-08, 1.65300374e-08, 813957720, 813957720, 0, 0.27, 3.332, 0, -762.622944, 5.7080677, 0, 4.99631924e+16, 0.00231584702, 0.00243656691, 0, 0
10.1677083, 0, 0, 5e+16, 0, 1.52106331e-13, 3.718e+18, 6.44e+20, 4.85, 4, 96.0269443, 23.3557783, 0.866667, 873383.091, 6.8096662e+18, 1.1939598e+14, 1.04686566e+10, 756.232062, -94.014739, -97.7027671, 5e+16, 8.90698815e+17, -871206.379, 61481.451, 375.95788, 23.3557783, 96.3993175, 0.866667, 0.866667, 5e+16, 0.00210521521, 756.22996, 0.234961838, 756.232259, -756.204209, -0.00210331794, -756.206509, 4.09150923, 8.93420021e-05, 4.09170613, 0, 1.65335731e-08, 1.65335731e-08, 809687241, 809687241, 0, 0.27, 3.332, 0, -756.206314, 4.09159857, 0, 4.9963356e+16, 0.00329609542, 0.00347867127, 0, 0
10.21875, 0, 0, 5e+16, 0, 1.53616894e-13, 3.718e+18, 6.44e+20, 4.85, 4, 100.459455, 23.02865, 0.866667, 885124.703, 9.11732112e+18, 1.20525671e+14, 1.28924257e+10, 778.931135, -98.4469898, -102.141907, 5e+16, 9.54710988e+17, -882996.989, 61090.2171, 376.007741, 23.02865, 96.3993506, 0.866667, 0.866667, 5e+16, 0.00223938819, 778.928898, 0.225533066, 778.931364, -778.906973, -0.00223736992, -778.909441, 2.71781403, 9.50440042e-05, 2.71801529, 0, 1.65366868e-08, 1.65366868e-08, 857433616, 857433616, 0, 0.27, 3.332, 0, -778.909213, 2.71790907, 0, 4.99626816e+16, 0.0041761461, 0.00437786682, 0, 0
10.2770833, 0, 0, 5e+16, 0, 1.5533521e-13, 3.718e+18, 6.44e+20, 4.85, 4, 105.672308, 22.6838604, 0.866667, 898252.642, 1.17464034e+19, 1.18975421e+14, 1.53089551e+10, 776.204669, -103.660328, -107.360204, 5e+16, 1.24912541e+18, -896198.926, 60564.0034, 376.063427, 22.6838604, 96.3993934, 0.866667, 0.866667, 5e+16, 0.00299646957, 776.201676, 0.220540356, 776.204927, -776.196941, -0.00299384047, -776.200195, 1.85264634, 0.000125475774, 1.85287561, 0, 1.65401646e-08, 1.65401646e-08, 856208101, 856208101, 0, 0.27, 3.332, 0, -776.199938, 1.85277182, 0, 4.9962728e+16, 0.00580300145, 0.00606039356, 0, 0
10.328125, 0, 0, 5e+16, 0, 1.56849009e-13, 3.718e+18, 6.44e+20, 4.85, 4, 110.232707, 22.3824687, 0.866667, 909701.551, 1.52672996e+19, 1.19396883e+14, 1.8690881e+10, 786.34584, -108.220657, -111.926958, 5e+16, 1.34399461e+18, -907696.966, 60110.4242, 376.11238, 22.3824687, 96.3994308, 0.866667, 0.866667, 5e+16, 0.0031982897, 786.342641, 0.216322838, 786.34613, -786.338844, -0.00319549012, -786.342327, 1.07303107, 0.000133781187, 1.07326667, 0, 1.65432219e-08, 1.65432219e-08, 890525251, 890525251, 0, 0.27, 3.332, 0, -786.342037, 1.07316485, 0, 4.9962492e+16, 0.00721697704, 0.00751434823, 0, 0
10.3864583, 0, 0, 5e+16, 0, 1.58574962e-13, 3.718e+18, 6.44e+20, 4.85, 4, 115.588075, 22.06483, 0.866667, 922556.75, 1.98486608e+19, 1.20225038e+14, 2.19731778e+10, 786.068337, -113.575865, -117.28745, 5e+16, 1.72246381e+18, -920623.852, 59543.2777, 376.167202, 22.06483, 96.3994694, 0.866667, 0.866667, 5e+16, 0.00418754685, 786.064151, 0.214470614, 786.068655, -786.063718, -0.00418395724, -786.068217, 0.643322421, 0.000173332837, 0.643594617, 0, 1.65466463e-08, 1.65466463e-08, 891426188, 891426188, 0, 0.27, 3.332, 0, -786.067899, 0.643495751, 0, 4.99624699e+16, 0.00983692443, 0.0101433211, 0, 0
10.4375, 0, 0, 5e+16, 0, 1.60094021e-13, 3.718e+18, 6.44e+20, 4.85, 4, 120.273164, 21.7868162, 0.866667, 933776.656, 2.5215154e+19, 1.20292275e+14, 2.65894424e+10, 789.310457, -118.260979, -121.978611, 5e+16, 1.86000521e+18, -931892.066, 59044.0592, 376.215346, 21.7868162, 96.3995031, 0.866667, 0.866667, 5e+16, 0.00448501178, 789.305977, 0.213119806, 789.310808, -789.305693, -0.00448118387, -789.310523, 0.240107366, 0.000185256318, 0.240389049, 0, 1.65496535e-08, 1.65496535e-08, 917807420, 917807420, 0, 0.27, 3.332, 0, -789.310178, 0.240292622, 0, 4.996246e+16, 0.0120479639, 0.0124148304, 0, 0
10.4958333, 0, 0, 5e+16, 0, 1.61826763e-13, 3.718e+18, 6.44e+20, 4.85, 4, 125.768694, 21.4904885, 0.866667, 946354.373, 3.28273409e+19, 1.23030152e+14, 3.09475086e+10, 790.665871, -123.755843, -127.478946, 5e+16, 2.33566738e+18, -944545.682, 58339.1402, 376.269309, 21.4904885, 96.3995461, 0.866667, 0.866667, 5e+16, 0.00574494942, 790.660133, 0.212919838, 790.666247, -790.660052, -0.00574015377, -790.666167, -0.0101615088, 0.000234673906, -0.0098340072, 0, 1.65530244e-08, 1.65530244e-08, 920234749, 920234749, 0, 0.27, 3.332, 0, -790.665796, -0.0099268346, 0, 4.99623824e+16, 0.0159732079, 0.0163740794, 0, 0
10.546875, 0, 0, 5e+16, 0, 1.63350889e-13, 3.718e+18, 6.44e+20, 4.85, 4, 130.57619, 21.2315957, 0.866667, 957308.527, 4.09076983e+19, 1.22864437e+14, 3.71370574e+10, 790.042768, -128.563425, -132.292246, 5e+16, 2.53158155e+18, -955552.225, 57702.7668, 376.316666, 21.2315957, 96.3995837, 0.866667, 0.866667, 5e+16, 0.00617377586, 790.036601, 0.213175912, 790.043173, -790.036502, -0.00616866566, -790.043074, -0.269632136, 0.000251142069, -0.269291131, 0, 1.65559828e-08, 1.65559828e-08, 941665646, 941665646, 0, 0.27, 3.332, 0, -790.04267, -0.269380993, 0, 4.99625174e+16, 0.0193085415, 0.0197931153, 0, 0
10.6052083, 0, 0, 5e+16, 0, 1.65088348e-13, 3.718e+18, 6.44e+20, 4.85, 4, 136.208317, 20.9569961, 0.866667, 969485.3, 5.30600934e+19, 1.27313814e+14, 4.27726961e+10, 792.82839, -134.19446, -137.928842, 5e+16, 3.11349636e+18, -967811.515, 56805.8382, 376.369736, 20.9569961, 96.3996296, 0.866667, 0.866667, 5e+16, 0.00773144937, 792.820667, 0.214012945, 792.828818, -792.819973, -0.00772520894, -792.828126, -0.447679379, 0.000310566754, -0.447283226, 0, 1.65592984e-08, 1.65592984e-08, 945520054, 945520054, 0, 0.27, 3.332, 0, -792.827698, -0.447368812, 0, 4.9962387e+16, 0.0248381231, 0.0254990698, 0, 0
10.65625, 0, 0, 5e+16, 0, 1.66615838e-13, 3.718e+18, 6.44e+20, 4.85, 4, 141.135036, 20.717199, 0.866667, 980067.182, 6.48869334e+19, 1.26948619e+14, 5.08740843e+10, 789.492316, -139.121315, -142.861083, 5e+16, 3.38608307e+18, -978450.413, 56003.8388, 376.416283, 20.717199, 96.3996697, 0.866667, 0.866667, 5e+16, 0.00833356928, 789.483991, 0.215389889, 789.492772, -789.483218, -0.00832693541, -789.492001, -0.653320404, 0.000332441187, -0.652905896, 0, 1.65622065e-08, 1.65622065e-08, 962866964, 962866964, 0, 0.27, 3.332, 0, -789.491545, -0.652987963, 0, 4.99626363e+16, 0.0296553215, 0.0304255063, 0, 0
10.7145833, 0, 0, 5e+16, 0, 1.68354027e-13, 3.718e+18, 6.44e+20, 4.85, 4, 146.898706, 20.4650622, 0.866667, 990273.545, 8.05856996e+19, 1.32404738e+14, 5.79508747e+10, 792.713765, -144.883681, -148.628868, 5e+16, 4.07699544e+18, -988736.153, 55012.2243, 376.468373, 20.4650622, 96.399715, 0.866667, 0.866667, 5e+16, 0.00969014864, 792.704087, 0.216587172, 792.714239, -792.701666, -0.00968185226, -792.71182, -0.895908186, 0.000400781237, -0.895430265, 0, 1.65654612e-08, 1.65654612e-08, 966917647, 966917647, 0, 0.27, 3.332, 0, -792.711347, -0.895507404, 0, 4.99624702e+16, 0.0348831858, 0.0359261024, 0, 0
10.765625, 0, 0, 5e+16, 0, 1.69880715e-13, 3.718e+18, 6.44e+20, 4.85, 4, 151.94019, 20.244947, 0.866667, 998695.798, 9.46172441e+19, 1.31884439e+14, 6.82762043e+10, 788.404122, -149.925334, -153.675572, 5e+16, 4.44650072e+18, -997208.693, 54215.0453, 376.514016, 20.244947, 96.3997547, 0.866667, 0.866667, 5e+16, 0.0102749012, 788.393856, 0.218320432, 788.404614, -788.391206, -0.0102659583, -788.401962, -1.20734121, 0.000428588879, -1.20683954, 0, 1.65683131e-08, 1.65683131e-08, 976949519, 976949519, 0, 0.27, 3.332, 0, -788.40147, -1.20691262, 0, 4.9962797e+16, 0.0395212254, 0.0406735866, 0, 0
10.7947917, 0, 0, 5e+16, 0, 1.70752794e-13, 3.718e+18, 6.44e+20, 4.85, 4, 154.868761, 20.0726681, 0.866667, 1005328.51, 1.10928863e+20, 1.33071941e+14, 7.47946564e+10, 792.844509, -152.853643, -156.607047, 5e+16, 5.04028827e+18, -1003936.78, 52752.7818, 376.539785, 20.0726681, 96.3997766, 0.866667, 0.866667, 5e+16, 0.0116159786, 792.832896, 0.219906431, 792.845015, -792.829165, -0.0116114697, -792.841282, -1.33832424, 0.000311566028, -1.33794266, 0, 1.65699234e-08, 1.65699234e-08, 982109717, 982109717, 0, 0.27, 3.332, 0, -792.840775, -1.33801267, 0, 4.99627604e+16, 0.0448174363, 0.0463534257, 0, 0
10.8203125, 0, 0, 5e+16, 0, 1.71515884e-13, 3.718e+18, 6.44e+20, 4.85, 4, 157.43023, 19.9224264, 0.866667, 1010302.75, 1.1900884e+20, 1.31014608e+14, 8.43249671e+10, 794.481725, -155.415638, -159.172359, 5e+16, 5.40577722e+18, -1008971.48, 51586.3842, 376.56228, 19.9224264, 96.3997957, 0.866667, 0.866667, 5e+16, 0.0122421261, 794.469487, 0.235613424, 794.482245, -793.160027, -0.0122370104, -793.172788, -44.4233798, 7.94793515e-05, -44.4232426, 0, 1.65713291e-08, 1.65713291e-08, 994373726, 994373726, 0, 0.27, 3.332, 0, -793.172263, -44.4233003, 0, 4.99639226e+16, 0.0497374423, 0.0512517468, 0, 0
10.8458334, 0, 0, 5e+16, 0, 1.72300199e-13, 3.718e+18, 6.44e+20, 4.85, 4, 160.015406, 19.7217342, 0.866667, 1014227.13, 1.71027515e+20, 2.45185697e+14, 8.88713785e+10, 954.392152, -157.980501, -161.75919, 5e+16, 5.37645701e+18, -1013048.61, 48834.7423, 376.585268, 19.7217342, 96.3996093, 0.866667, 0.866667, 5e+16, 0.0121719887, 954.380333, 0.267183765, 954.392575, -931.775136, -0.0121658307, -931.787747, -205.743985, 0.000385605449, -205.743532, 0, 1.65727657e-08, 1.65727657e-08, 934088868, 934088868, 0, 0.27, 3.332, 0, -931.787302, -205.743599, 0, 4.99677735e+16, 0.0523139513, 0.0560181277, 0, 0
10.8476563, 0, 0, 5e+16, 0, 1.72355275e-13, 3.718e+18, 6.44e+20, 4.85, 4, 160.199778, 19.7121107, 0.866667, 1014558.97, 1.72359698e+20, 2.50372606e+14, 8.9345856e+10, 954.882462, -158.164196, -161.943732, 5e+16, 5.41618467e+18, -1013373.68, 48963.2191, 376.586884, 19.7121107, 96.399596, 0.866667, 0.866667, 5e+16, 0.0122415038, 954.870576, 0.267368139, 954.882885, -932.261437, -0.0122344879, -932.274117, -205.928129, 0.000412396045, -205.927649, 0, 1.65728666e-08, 1.65728666e-08, 934618767, 934618767, 0, 0.27, 3.332, 0, -932.273671, -205.927716, 0, 4.99676698e+16, 0.0522925332, 0.0563371084, 0, 0
10.848112, 0, 0, 5e+16, 0, 1.72368978e-13, 3.718e+18, 6.44e+20, 4.85, 4, 160.24603, 19.7075627, 0.866667, 1014687.67, 1.7631253e+20, 2.51450638e+14, 8.96138731e+10, 957.407719, -158.210309, -161.99008, 5e+16, 5.43980766e+18, -1013506.93, 48887.0784, 376.587285, 19.7075627, 96.3995226, 0.866667, 0.866667, 5e+16, 0.0123012439, 957.395772, 0.267551375, 957.408142, -934.790325, -0.0122941855, -934.803065, -205.783331, 0.000414674328, -205.782849, 0, 1.65728917e-08, 1.65728917e-08, 937219930, 937219930, 0, 0.27, 3.332, 0, -934.802619, -205.782916, 0, 4.99676442e+16, 0.0527778902, 0.0565646886, 0, 0
10.8544922, 0, 0, 5e+16, 0, 1.72558117e-13, 3.718e+18, 6.44e+20, 4.85, 4, 160.893511, 19.7075627, 0.866667, 1016537.99, 2.884568e+20, 2.39429596e+14, 9.34746325e+10, 832.350847, -158.859386, -162.638919, 5e+16, 5.66616949e+18, -1015402.58, 47968.8066, 376.592812, 19.7075627, 96.3998224, 0.866667, 0.866667, 5e+16, 0.0133820551, 832.337467, 0.325545404, 832.351318, -832.058094, -0.0133760445, -832.07194, 21.2820787, 0.000396546138, 21.2825395, 0, 1.6573237e-08, 1.6573237e-08, 845751778, 845751778, 0, 0.27, 3.332, 0, -832.07147, 21.2824753, 0, 4.99692783e+16, 0.0575597625, 0.0590260425, 0, 0
10.8549479, 0, 0, 5e+16, 0, 1.72571775e-13, 3.718e+18, 6.44e+20, 4.85, 4, 160.939821, 19.7059187, 0.866667, 1016619.7, 2.9001631e+20, 2.40021629e+14, 9.35863169e+10, 832.892921, -158.905616, -162.685267, 5e+16, 5.67589571e+18, -1015484.93, 47959.5705, 376.593211, 19.7059187, 96.3998245, 0.866667, 0.866667, 5e+16, 0.0134065692, 832.879516, 0.325569905, 832.893393, -832.600773, -0.0134005441, -832.614644, 21.3692427, 0.00039740954, 21.3697043, 0, 1.6573262e-08, 1.6573262e-08, 846320758, 846320758, 0, 0.27, 3.332, 0, -832.614174, 21.3696401, 0, 4.99692628e+16, 0.0577307807, 0.0591109221, 0, 0
10.8613281, 0, 0, 5e+16, 0, 1.72761889e-13, 3.718e+18, 6.44e+20, 4.85, 4, 161.58805, 19.6846828, 0.866667, 1017743.29, 2.82771217e+20, 2.31632536e+14, 9.52802766e+10, 796.264588, -159.555005, -163.334066, 5e+16, 5.77520283e+18, -1016617.28, 47797.3271, 376.598759, 19.6846828, 96.399827, 0.866667, 0.866667, 5e+16, 0.0136555014, 796.250934, 0.320029063, 796.265061, -796.084915, -0.0136494114, -796.099036, 16.1117972, 0.000403218619, 16.112264, 0, 1.65736087e-08, 1.65736087e-08, 809975841, 809975841, 0, 0.27, 3.332, 0, -796.098564, 16.1122004, 0, 4.99703973e+16, 0.0593250712, 0.0602570776, 0, 0
10.8617838, 0, 0, 5e+16, 0, 1.72775532e-13, 3.718e+18, 6.44e+20, 4.85, 4, 161.634418, 19.6830855, 0.866667, 1017824.52, 2.83798379e+20, 2.31957387e+14, 9.53935329e+10, 796.588524, -159.601327, -163.380471, 5e+16, 5.78503065e+18, -1016699.19, 47787.2858, 376.599158, 19.6830855, 96.3998289, 0.866667, 0.866667, 5e+16, 0.0136803387, 796.574845, 0.320040058, 796.588997, -796.408857, -0.0136742341, -796.423004, 16.1623148, 0.000404091484, 16.1627823, 0, 1.65736336e-08, 1.65736336e-08, 810321519, 810321519, 0, 0.27, 3.332, 0, -796.422532, 16.1627189, 0, 4.99703883e+16, 0.0594468637, 0.0603426567, 0, 0
10.8681641, 0, 0, 5e+16, 0, 1.72966188e-13, 3.718e+18, 6.44e+20, 4.85, 4, 162.283431, 19.661143, 0.866667, 1018961.32, 2.80068365e+20, 2.26116976e+14, 9.7111995e+10, 771.182613, -160.251174, -164.030052, 5e+16, 5.88579347e+18, -1017844.12, 47637.7999, 376.604717, 19.661143, 96.3995444, 0.866667, 0.866667, 5e+16, 0.0139335474, 771.168682, 0.315989408, 771.183088, -771.070727, -0.0139273798, -771.085129, 12.2177713, 0.000409889013, 12.2182442, 0, 1.6573981e-08, 1.6573981e-08, 785335786, 785335786, 0, 0.27, 3.332, 0, -771.084654, 12.2181813, 0, 4.99711757e+16, 0.0608089023, 0.0615243955, 0, 0
10.8686198, 0, 0, 5e+16, 0, 1.72979826e-13, 3.718e+18, 6.44e+20, 4.85, 4, 162.329854, 19.6595622, 0.866667, 1019042.31, 2.80801508e+20, 2.26289794e+14, 9.72268522e+10, 771.368356, -160.297572, -164.076512, 5e+16, 5.89573359e+18, -1017925.81, 47627.6424, 376.605114, 19.6595622, 96.3995463, 0.866667, 0.866667, 5e+16, 0.0139587313, 771.3544, 0.315993472, 771.368831, -771.25637, -0.013952549, -771.270798, 12.244649, 0.000410771741, 12.2451227, 0, 1.65740058e-08, 1.65740058e-08, 785540096, 785540096, 0, 0.27, 3.332, 0, -771.270323, 12.2450599, 0, 4.99711707e+16, 0.0609099499, 0.0616112453, 0, 0
10.875, 0, 0, 5e+16, 0, 1.73170803e-13, 3.718e+18, 6.44e+20, 4.85, 4, 162.97964, 19.6374784, 0.866667, 1020180.96, 2.79612482e+20, 2.22243008e+14, 9.89699783e+10, 753.775546, -160.94795, -164.726864, 5e+16, 5.99795957e+18, -1019072.21, 47485.5071, 376.610675, 19.6374784, 96.399554, 0.866667, 0.866667, 5e+16, 0.0142160054, 753.761332, 0.313045505, 753.776023, -753.704166, -0.0142097601, -753.718852, 9.25000104, 0.000416621039, 9.25047992, 0, 1.65743533e-08, 1.65743533e-08, 768466727, 768466727, 0, 0.27, 3.332, 0, -753.718375, 9.25041766, 0, 4.99717155e+16, 0.0621652777, 0.0628176574, 0, 0
10.8754557, 0, 0, 5e+16, 0, 1.7318444e-13, 3.718e+18, 6.44e+20, 4.85, 4, 163.026119, 19.6359076, 0.866667, 1020261.72, 2.80176791e+20, 2.22328702e+14, 9.90864617e+10, 753.875496, -160.994416, -164.77338, 5e+16, 6.00801875e+18, -1019153.65, 47475.4395, 376.611072, 19.6359076, 96.3996239, 0.866667, 0.866667, 5e+16, 0.0142415442, 753.861257, 0.313046533, 753.875972, -753.804039, -0.0142352841, -753.818751, 9.2616995, 0.000417514265, 9.26217923, 0, 1.65743781e-08, 1.65743781e-08, 768583199, 768583199, 0, 0.27, 3.332, 0, -753.818274, 9.26211702, 0, 4.9971713e+16, 0.0622575211, 0.0629058309, 0, 0
10.8818359, 0, 0, 5e+16, 0, 1.73375622e-13, 3.718e+18, 6.44e+20, 4.85, 4, 163.676687, 19.6138677, 0.866667, 1021398.13, 2.80849167e+20, 2.1954631e+14, 1.00854234e+11, 741.751827, -161.645399, -165.42451, 5e+16, 6.11170476e+18, -1020297.54, 47338.2683, 376.616633, 19.6138677, 96.3999065, 0.866667, 0.866667, 5e+16, 0.0145028071, 741.737327, 0.310921257, 741.752305, -741.704503, -0.0144964835, -741.719478, 6.9653009, 0.000423431989, 6.96578594, 0, 1.65747257e-08, 1.65747257e-08, 757055571, 757055571, 0, 0.27, 3.332, 0, -741.719, 6.96572433, 0, 4.99720874e+16, 0.0634700905, 0.064132384, 0, 0
10.8822916, 0, 0, 5e+16, 0, 1.73389259e-13, 3.718e+18, 6.44e+20, 4.85, 4, 163.723222, 19.6123063, 0.866667, 1021478.61, 2.81316308e+20, 2.19583094e+14, 1.00972368e+11, 741.800249, -161.691929, -165.471082, 5e+16, 6.12188779e+18, -1020378.7, 47328.3494, 376.61703, 19.6123063, 96.3999071, 0.866667, 0.866667, 5e+16, 0.0145287055, 741.785724, 0.310921477, 741.800728, -741.75289, -0.0145223668, -741.767891, 6.96742593, 0.000424336098, 6.96791183, 0, 1.65747505e-08, 1.65747505e-08, 757119187, 757119187, 0, 0.27, 3.332, 0, -741.767413, 6.96785027, 0, 4.99720863e+16, 0.063558798, 0.0642218606, 0, 0
10.8886719, 0, 0, 5e+16, 0, 1.73580571e-13, 3.718e+18, 6.44e+20, 4.85, 4, 164.37458, 19.5903756, 0.866667, 1022611.14, 2.83364735e+20, 2.176935e+14, 1.02764773e+11, 733.518942, -162.343573, -166.123001, 5e+16, 6.22703114e+18, -1021518.49, 47194.8987, 376.622588, 19.5903756, 96.3999088, 0.866667, 0.866667, 5e+16, 0.0147939323, 733.504152, 0.309413315, 733.519423, -733.485767, -0.0147875295, -733.501035, 5.19002199, 0.000430326025, 5.19051327, 0, 1.65750978e-08, 1.65750978e-08, 749493888, 749493888, 0, 0.27, 3.332, 0, -733.500555, 5.19045231, 0, 4.99723408e+16, 0.0647614225, 0.0654668168, 0, 0
10.8891276, 0, 0, 5e+16, 0, 1.73594209e-13, 3.718e+18, 6.44e+20, 4.85, 4, 164.421171, 19.5888238, 0.866667, 1022691.31, 2.83778019e+20, 2.17704424e+14, 1.02884577e+11, 733.538061, -162.390162, -166.169628, 5e+16, 6.23734139e+18, -1021599.33, 47185.142, 376.622984, 19.5888238, 96.3999093, 0.866667, 0.866667, 5e+16, 0.0148201939, 733.523244, 0.309413954, 733.538542, -733.504877, -0.0148137759, -733.520171, 5.18630469, 0.000431241203, 5.18679685, 0, 1.65751225e-08, 1.65751225e-08, 749527354, 749527354, 0, 0.27, 3.332, 0, -733.519691, 5.18673593, 0, 4.99723405e+16, 0.0648490231, 0.0655575738, 0, 0
10.8955079, 0, 0, 5e+16, 0, 1.73785598e-13, 3.718e+18, 6.44e+20, 4.85, 4, 165.073306, 19.5670261, 0.866667, 1023819.33, 2.86853073e+20, 2.16446268e+14, 1.04701597e+11, 727.964235, -163.042492, -166.82232, 5e+16, 6.34393943e+18, -1022734.45, 47054.7153, 376.628538, 19.5670261, 96.3996466, 0.866667, 0.866667, 5e+16, 0.015089382, 727.94915, 0.308371879, 727.964717, -727.939237, -0.0150828993, -727.954803, 3.79862523, 0.000437304346, 3.79912285, 0, 1.65754697e-08, 1.65754697e-08, 744656439, 744656439, 0, 0.27, 3.332, 0, -727.95432, 3.79906254, 0, 4.99725103e+16, 0.0660583894, 0.0668202887, 0, 0
10.8959636, 0, 0, 5e+16, 0, 1.73799236e-13, 3.718e+18, 6.44e+20, 4.85, 4, 165.119951, 19.5654843, 0.866667, 1023899.18, 2.87239539e+20, 2.16445351e+14, 1.04823087e+11, 727.968268, -163.089137, -166.869001, 5e+16, 6.35437935e+18, -1022814.94, 47045.1206, 376.628934, 19.5654843, 96.3996471, 0.866667, 0.866667, 5e+16, 0.0151160104, 727.953156, 0.308373585, 727.96875, -727.943275, -0.0151095124, -727.958867, 3.79153812, 0.00043823067, 3.79203662, 0, 1.65754944e-08, 1.65754944e-08, 744674310, 744674310, 0, 0.27, 3.332, 0, -727.958384, 3.79197635, 0, 4.99725104e+16, 0.0661460544, 0.066912313, 0, 0
10.9023438, 0, 0, 5e+16, 0, 1.73990669e-13, 3.718e+18, 6.44e+20, 4.85, 4, 165.772851, 19.5438292, 0.866667, 1025022.41, 2.91088443e+20, 2.15634561e+14, 1.06664719e+11, 724.307219, -163.742164, -167.522455, 5e+16, 6.46243061e+18, -1023945.11, 46917.2866, 376.634483, 19.5438292, 96.3996538, 0.866667, 0.866667, 5e+16, 0.0153891698, 724.291834, 0.307686443, 724.307703, -724.286804, -0.0153826063, -724.30267, 2.69906082, 0.000444367209, 2.69956485, 0, 1.65758412e-08, 1.65758412e-08, 741752662, 741752662, 0, 0.27, 3.332, 0, -724.302186, 2.69950519, 0, 4.99726203e+16, 0.0673704162, 0.0681925509, 0, 0
10.9027995, 0, 0, 5e+16, 0, 1.74004307e-13, 3.718e+18, 6.44e+20, 4.85, 4, 165.819551, 19.5422975, 0.866667, 1025101.93, 2.91465249e+20, 2.15630263e+14, 1.06787912e+11, 724.305088, -163.788865, -167.569191, 5e+16, 6.47300232e+18, -1024025.26, 46907.8498, 376.634878, 19.5422975, 96.3995906, 0.866667, 0.866667, 5e+16, 0.0154161685, 724.289677, 0.307689522, 724.305572, -724.28468, -0.0154095895, -724.300573, 2.69022713, 0.000445304742, 2.69073206, 0, 1.65758659e-08, 1.65758659e-08, 741764094, 741764094, 0, 0.27, 3.332, 0, -724.300089, 2.69067245, 0, 4.99726204e+16, 0.0674587438, 0.0682858381, 0, 0
10.9091797, 0, 0, 5e+16, 0, 1.74195762e-13, 3.718e+18, 6.44e+20, 4.85, 4, 166.473222, 19.5207872, 0.866667, 1026220.32, 2.95905188e+20, 2.15136928e+14, 1.08654219e+11, 721.998533, -164.442616, -168.223414, 5e+16, 6.58250949e+18, -1025150.45, 46782.3467, 376.640421, 19.5207872, 96.3998513, 0.866667, 0.866667, 5e+16, 0.0156933155, 721.982845, 0.307274798, 721.999019, -721.980537, -0.0156866703, -721.996711, 1.82353826, 0.00045151549, 1.82404879, 0, 1.65762123e-08, 1.65762123e-08, 740225172, 740225172, 0, 0.27, 3.332, 0, -721.996225, 1.82398978, 0, 4.99726878e+16, 0.0687020647, 0.0695835833, 0, 0
10.9096354, 0, 0, 5e+16, 0, 1.74209401e-13, 3.718e+18, 6.44e+20, 4.85, 4, 166.519976, 19.5192656, 0.866667, 1026299.51, 2.96283241e+20, 2.1513422e+14, 1.08779134e+11, 721.995673, -164.489371, -168.270204, 5e+16, 6.59321488e+18, -1025230.26, 46773.0633, 376.640816, 19.5192656, 96.3998528, 0.866667, 0.866667, 5e+16, 0.0157206887, 721.979957, 0.307279346, 721.996159, -721.977679, -0.0157140278, -721.99388, 1.81400611, 0.000452464299, 1.81451754, 0, 1.6576237e-08, 1.6576237e-08, 740235765, 740235765, 0, 0.27, 3.332, 0, -721.993393, 1.81445858, 0, 4.99726879e+16, 0.0687913866, 0.0696781373, 0, 0
10.9160156, 0, 0, 5e+16, 0, 1.74400864e-13, 3.718e+18, 6.44e+20, 4.85, 4, 167.174415, 19.4979002, 0.866667, 1027413.09, 3.0118145e+20, 2.14866527e+14, 1.10670227e+11, 720.650184, -165.143856, -168.925191, 5e+16, 6.70418367e+18, -1026350.5, 46649.7066, 376.646353, 19.4979002, 96.3998543, 0.866667, 0.866667, 5e+16, 0.0160018513, 720.634188, 0.307075036, 720.650672, -720.633309, -0.0159951237, -720.649793, 1.12139731, 0.000458750017, 1.12191441, 0, 1.6576583e-08, 1.6576583e-08, 739679645, 739679645, 0, 0.27, 3.332, 0, -720.649305, 1.12185606, 0, 4.99727252e+16, 0.0700554506, 0.0709934665, 0, 0
10.9164713, 0, 0, 5e+16, 0, 1.74414504e-13, 3.718e+18, 6.44e+20, 4.85, 4, 167.221224, 19.4963886, 0.866667, 1027491.95, 3.01567597e+20, 2.14868171e+14, 1.10796882e+11, 720.649757, -165.190666, -168.972036, 5e+16, 6.71502445e+18, -1026429.97, 46640.5725, 376.646748, 19.4963886, 96.3998558, 0.866667, 0.866667, 5e+16, 0.0160296025, 720.633733, 0.307081016, 720.650245, -720.632875, -0.016022859, -720.649387, 1.11182836, 0.000459710183, 1.11234638, 0, 1.65766077e-08, 1.65766077e-08, 739692673, 739692673, 0, 0.27, 3.332, 0, -720.648899, 1.11228807, 0, 4.99727251e+16, 0.0701459642, 0.0710892927, 0, 0
10.9228516, 0, 0, 5e+16, 0, 1.74605968e-13, 3.718e+18, 6.44e+20, 4.85, 4, 167.876437, 19.4751658, 0.866667, 1028600.76, 3.06827903e+20, 2.14761014e+14, 1.12712899e+11, 719.987303, -165.845899, -169.627793, 5e+16, 6.82746238e+18, -1027545.33, 46519.2484, 376.652279, 19.4751658, 96.3996125, 0.866667, 0.866667, 5e+16, 0.0163148046, 719.970994, 0.307039975, 719.987793, -719.970774, -0.0163079936, -719.987572, 0.554798733, 0.000466072211, 0.555322496, 0, 1.65769533e-08, 1.65769533e-08, 739836232, 739836232, 0, 0.27, 3.332, 0, -719.987083, 0.555264805, 0, 4.99727409e+16, 0.071431485, 0.0724223339, 0, 0
10.9233073, 0, 0, 5e+16, 0, 1.74619608e-13, 3.718e+18, 6.44e+20, 4.85, 4, 167.9233, 19.4736642, 0.866667, 1028679.29, 3.07226313e+20, 2.14768378e+14, 1.12841309e+11, 719.991005, -165.892761, -169.674692, 5e+16, 6.83843998e+18, -1027624.46, 46510.2602, 376.652673, 19.4736642, 96.3996139, 0.866667, 0.866667, 5e+16, 0.0163429381, 719.974668, 0.307047269, 719.991495, -719.974461, -0.0163361111, -719.991287, 0.545594939, 0.00046704381, 0.546119627, 0, 1.65769779e-08, 1.65769779e-08, 739853467, 739853467, 0, 0.27, 3.332, 0, -719.990798, 0.546061983, 0, 4.99727407e+16, 0.0715233215, 0.0725194431, 0, 0
10.9296875, 0, 0, 5e+16, 0, 1.74811061e-13, 3.718e+18, 6.44e+20, 4.85, 4, 168.579263, 19.4525823, 0.866667, 1029783.44, 3.12778531e+20, 2.14775499e+14, 1.14782381e+11, 719.814414, -166.548729, -170.331198, 5e+16, 6.95235417e+18, -1028735.01, 46390.8829, 376.658196, 19.4525823, 96.3996198, 0.866667, 0.866667, 5e+16, 0.0166322145, 719.797788, 0.307133272, 719.814906, -719.797777, -0.0166253192, -719.814895, 0.0949619259, 0.000473483271, 0.0954924378, 0, 1.65773232e-08, 1.65773232e-08, 740495589, 740495589, 0, 0.27, 3.332, 0, -719.814403, 0.0954354093, 0, 4.99727411e+16, 0.0728305093, 0.0738703574, 0, 0
10.9301432, 0, 0, 5e+16, 0, 1.748247e-13, 3.718e+18, 6.44e+20, 4.85, 4, 168.62618, 19.4510905, 0.866667, 1029861.65, 3.13191605e+20, 2.1478908e+14, 1.14912563e+11, 719.823014, -166.595645, -170.378151, 5e+16, 6.96346996e+18, -1028813.82, 46382.0376, 376.65859, 19.4510905, 96.3996807, 0.866667, 0.866667, 5e+16, 0.0166607343, 719.80636, 0.307141715, 719.823506, -719.806354, -0.0166538229, -719.8235, 0.08635317, 0.000474466391, 0.0868846187, 0, 1.65773478e-08, 1.65773478e-08, 740517849, 740517849, 0, 0.27, 3.332, 0, -719.823008, 0.0868276365, 0, 4.99727407e+16, 0.0729237567, 0.0739687599, 0, 0
10.9365234, 0, 0, 5e+16, 0, 1.75016141e-13, 3.718e+18, 6.44e+20, 4.85, 4, 169.282901, 19.4301472, 0.866667, 1030961.22, 3.18984863e+20, 2.1487746e+14, 1.16878835e+11, 719.992033, -167.252358, -171.035411, 5e+16, 7.07886855e+18, -1029919.68, 46264.556, 376.664108, 19.4301472, 96.3999222, 0.866667, 0.866667, 5e+16, 0.0169541155, 719.975086, 0.307326603, 719.992527, -719.97503, -0.0169471351, -719.992471, -0.279911397, 0.000480984862, -0.279374048, 0, 1.65776926e-08, 1.65776926e-08, 741515210, 741515210, 0, 0.27, 3.332, 0, -719.991977, -0.279430412, 0, 4.99727303e+16, 0.0742525896, 0.0753377236, 0, 0
10.9369791, 0, 0, 5e+16, 0, 1.75029781e-13, 3.718e+18, 6.44e+20, 4.85, 4, 169.329872, 19.4286649, 0.866667, 1031039.11, 3.1941383e+20, 2.14897227e+14, 1.17010809e+11, 720.005727, -167.299327, -171.082418, 5e+16, 7.09012411e+18, -1029998.15, 46255.8506, 376.664501, 19.4286649, 96.3999225, 0.866667, 0.866667, 5e+16, 0.016983026, 719.988752, 0.307336007, 720.006221, -719.988694, -0.0169760292, -720.006164, -0.287809305, 0.000481979615, -0.287271008, 0, 1.65777172e-08, 1.65777172e-08, 741542722, 741542722, 0, 0.27, 3.332, 0, -720.00567, -0.287327326, 0, 4.99727297e+16, 0.0743473103, 0.0754374311, 0, 0
10.9433594, 0, 0, 5e+16, 0, 1.75221209e-13, 3.718e+18, 6.44e+20, 4.85, 4, 169.987358, 19.4078573, 0.866667, 1032134.18, 3.25410788e+20, 2.15043287e+14, 1.19002476e+11, 720.420247, -167.956795, -171.74044, 5e+16, 7.2070183e+18, -1031099.4, 46140.2082, 376.670011, 19.4078573, 96.3999239, 0.866667, 0.866667, 5e+16, 0.0172805454, 720.402973, 0.307597699, 720.420742, -720.402733, -0.0172734788, -720.420503, -0.586812311, 0.000488578444, -0.586268035, 0, 1.65780616e-08, 1.65780616e-08, 742792826, 742792826, 0, 0.27, 3.332, 0, -720.420007, -0.586323732, 0, 4.99727116e+16, 0.0756976413, 0.0768246015, 0, 0
10.9438151, 0, 0, 5e+16, 0, 1.75234849e-13, 3.718e+18, 6.44e+20, 4.85, 4, 170.034382, 19.4063845, 0.866667, 1032211.77, 3.25856112e+20, 2.15068901e+14, 1.19136259e+11, 720.438889, -168.003816, -171.7875, 5e+16, 7.21841504e+18, -1031177.56, 46131.6405, 376.670404, 19.4063845, 96.3999242, 0.866667, 0.866667, 5e+16, 0.0173098508, 720.421587, 0.307607871, 720.439385, -720.421341, -0.0173027677, -720.43914, -0.593955573, 0.000489584945, -0.593410337, 0, 1.65780862e-08, 1.65780862e-08, 742825461, 742825461, 0, 0.27, 3.332, 0, -720.438644, -0.593465988, 0, 4.99727108e+16, 0.0757938801, 0.0769256267, 0, 0
10.9501954, 0, 0, 5e+16, 0, 1.75426261e-13, 3.718e+18, 6.44e+20, 4.85, 4, 170.692619, 19.3857099, 0.866667, 1033302.45, 3.3202968e+20, 2.15255685e+14, 1.2115349e+11, 721.027221, -168.66203, -172.44627, 5e+16, 7.33681449e+18, -1032274.31, 46017.8044, 376.675909, 19.3857099, 96.3996979, 0.866667, 0.866667, 5e+16, 0.0176115423, 721.009617, 0.307928961, 721.027718, -721.009129, -0.0176043885, -721.027231, -0.838735747, 0.000496265837, -0.838184453, 0, 1.65784302e-08, 1.65784302e-08, 744254790, 744254790, 0, 0.27, 3.332, 0, -721.026734, -0.838239481, 0, 4.99726873e+16, 0.0771655861, 0.0783312094, 0, 0
10.9506511, 0, 0, 5e+16, 0, 1.754399e-13, 3.718e+18, 6.44e+20, 4.85, 4, 170.739696, 19.3842464, 0.866667, 1033379.74, 3.32491335e+20, 2.15286642e+14, 1.212891e+11, 721.050475, -168.709103, -172.493383, 5e+16, 7.34835367e+18, -1032352.16, 46009.3724, 376.676301, 19.3842464, 96.3996983, 0.866667, 0.866667, 5e+16, 0.0176412472, 721.032842, 0.307939713, 721.050973, -721.032346, -0.0176340767, -721.050477, -0.84512692, 0.000497284188, -0.844574654, 0, 1.65784547e-08, 1.65784547e-08, 744292219, 744292219, 0, 0.27, 3.332, 0, -721.04998, -0.844629636, 0, 4.99726863e+16, 0.0772633741, 0.0784335653, 0, 0
10.9570313, 0, 0, 5e+16, 0, 1.75631294e-13, 3.718e+18, 6.44e+20, 4.85, 4, 171.398671, 19.3637027, 0.866667, 1034466.11, 3.38821498e+20, 2.15501965e+14, 1.23332038e+11, 721.761101, -169.368051, -173.152889, 5e+16, 7.46826651e+18, -1033444.49, 45897.3078, 376.681798, 19.3637027, 96.3997035, 0.866667, 0.866667, 5e+16, 0.0179471448, 721.743162, 0.308306387, 721.7616, -721.742404, -0.0179399028, -721.760843, -1.04600349, 0.000504048467, -1.04544508, 0, 1.65787983e-08, 1.65787983e-08, 745847827, 745847827, 0, 0.27, 3.332, 0, -721.760344, -1.04549944, 0, 4.9972659e+16, 0.0786563073, 0.0798577394, 0, 0
10.957487, 0, 0, 5e+16, 0, 1.75644932e-13, 3.718e+18, 6.44e+20, 4.85, 4, 171.445802, 19.3622482, 0.866667, 1034543.1, 3.39299165e+20, 2.1553769e+14, 1.23469492e+11, 721.788537, -169.415177, -173.200054, 5e+16, 7.47994959e+18, -1033522.03, 45889.0098, 376.68219, 19.3622482, 96.3996479, 0.866667, 0.866667, 5e+16, 0.0179772535, 721.770568, 0.308317543, 721.789036, -721.769799, -0.0179699947, -721.788268, -1.05167201, 0.000505078801, -1.05111262, 0, 1.65788227e-08, 1.65788227e-08, 745889620, 745889620, 0, 0.27, 3.332, 0, -721.787769, -1.05116693, 0, 4.99726579e+16, 0.0787556651, 0.0799614388, 0, 0
10.9638672, 0, 0, 5e+16, 0, 1.75836309e-13, 3.718e+18, 6.44e+20, 4.85, 4, 172.105522, 19.3418326, 0.866667, 1035625.28, 3.45771553e+20, 2.15772703e+14, 1.25538307e+11, 722.584263, -170.074867, -173.860303, 5e+16, 7.60138552e+18, -1034610.06, 45778.7023, 376.68768, 19.3418326, 96.3998724, 0.866667, 0.866667, 5e+16, 0.0182873888, 722.565984, 0.308718703, 722.584763, -722.564958, -0.0182800575, -722.583739, -1.21656826, 0.000511928388, -1.21600265, 0, 1.65791658e-08, 1.65791658e-08, 747533211, 747533211, 0, 0.27, 3.332, 0, -722.583238, -1.21605633, 0, 4.99726279e+16, 0.0801697275, 0.0814044102, 0, 0
10.9643229, 0, 0, 5e+16, 0, 1.75849946e-13, 3.718e+18, 6.44e+20, 4.85, 4, 172.152705, 19.340387, 0.866667, 1035701.98, 3.46264741e+20, 2.15812602e+14, 1.25677627e+11, 722.615412, -170.122045, -173.907521, 5e+16, 7.61321406e+18, -1034687.3, 45770.537, 376.688071, 19.340387, 96.3998736, 0.866667, 0.866667, 5e+16, 0.0183179067, 722.597103, 0.308730098, 722.615912, -722.596066, -0.0183105583, -722.614877, -1.22155963, 0.000512970845, -1.22099303, 0, 1.65791903e-08, 1.65791903e-08, 747578897, 747578897, 0, 0.27, 3.332, 0, -722.614376, -1.22104666, 0, 4.99726267e+16, 0.0802706704, 0.0815094679, 0, 0
10.9707031, 0, 0, 5e+16, 0, 1.76041307e-13, 3.718e+18, 6.44e+20, 4.85, 4, 172.813168, 19.320097, 0.866667, 1036780.04, 3.52868625e+20, 2.16060912e+14, 1.27772493e+11, 723.469292, -170.782476, -174.568509, 5e+16, 7.73618334e+18, -1035771.11, 45661.9633, 376.693556, 19.320097, 96.3998747, 0.866667, 0.866667, 5e+16, 0.0186323167, 723.450668, 0.309156736, 723.469794, -723.449393, -0.0186248951, -723.468521, -1.35693765, 0.000519907372, -1.35636473, 0, 1.6579533e-08, 1.6579533e-08, 749282671, 749282671, 0, 0.27, 3.332, 0, -723.468018, -1.35641774, 0, 4.99725949e+16, 0.0817057816, 0.0829714375, 0, 0
10.9711588, 0, 0, 5e+16, 0, 1.76054944e-13, 3.718e+18, 6.44e+20, 4.85, 4, 172.860405, 19.3186602, 0.866667, 1036856.46, 3.53376753e+20, 2.16104407e+14, 1.279137e+11, 723.503688, -170.829707, -174.615781, 5e+16, 7.74815898e+18, -1035848.06, 45653.9299, 376.693947, 19.3186602, 96.3998759, 0.866667, 0.866667, 5e+16, 0.0186632481, 723.485034, 0.309168216, 723.504191, -723.483747, -0.0186558093, -723.502906, -1.36130422, 0.000520962112, -1.3607303, 0, 1.65795574e-08, 1.65795574e-08, 749331778, 749331778, 0, 0.27, 3.332, 0, -723.502403, -1.36078325, 0, 4.99725936e+16, 0.081808317, 0.0830778657, 0, 0
10.9775391, 0, 0, 5e+16, 0, 1.76246292e-13, 3.718e+18, 6.44e+20, 4.85, 4, 173.521617, 19.2984931, 0.866667, 1037930.52, 3.6010451e+20, 2.16361311e+14, 1.30034792e+11, 724.396086, -171.490885, -175.277515, 5e+16, 7.87267154e+18, -1036927.76, 45547.0855, 376.699423, 19.2984931, 96.3996647, 0.866667, 0.866667, 5e+16, 0.0189819597, 724.377113, 0.30961293, 724.39659, -724.375612, -0.0189744466, -724.395092, -1.47213404, 0.000527987725, -1.47155372, 0, 1.65798998e-08, 1.65798998e-08, 751075421, 751075421, 0, 0.27, 3.332, 0, -724.394588, -1.47160605, 0, 4.99725607e+16, 0.0832644288, 0.0845590352, 0, 0
10.9779948, 0, 0, 5e+16, 0, 1.76259928e-13, 3.718e+18, 6.44e+20, 4.85, 4, 173.568905, 19.297065, 0.866667, 1038006.66, 3.6062696e+20, 2.16407863e+14, 1.30177905e+11, 724.433284, -171.538167, -175.324839, 5e+16, 7.88479579e+18, -1037004.42, 45539.1834, 376.699814, 19.297065, 96.3996658, 0.866667, 0.866667, 5e+16, 0.0190133103, 724.41428, 0.309624358, 724.433789, -724.412769, -0.0190057798, -724.432279, -1.47593085, 0.0005290549, -1.4753495, 0, 1.65799242e-08, 1.65799242e-08, 751127497, 751127497, 0, 0.27, 3.332, 0, -724.431775, -1.47540179, 0, 4.99725592e+16, 0.0833685631, 0.0846668492, 0, 0
10.984375, 0, 0, 5e+16, 0, 1.76451257e-13, 3.718e+18, 6.44e+20, 4.85, 4, 174.230844, 19.2770186, 0.866667, 1039076.78, 3.67472769e+20, 2.16669936e+14, 1.32325352e+11, 725.349849, -172.200072, -175.987297, 5e+16, 8.01085907e+18, -1038080.09, 45434.0612, 376.705285, 19.2770186, 96.3996703, 0.866667, 0.866667, 5e+16, 0.0193363582, 725.330522, 0.310081059, 725.350355, -725.328824, -0.0193287524, -725.34866, -1.56634821, 0.000536171427, -1.56576038, 0, 1.65802661e-08, 1.65802661e-08, 752896138, 752896138, 0, 0.27, 3.332, 0, -725.348153, -1.56581204, 0, 4.99725256e+16, 0.0848456596, 0.0861674265, 0, 0
10.9848307, 0, 0, 5e+16, 0, 1.76464893e-13, 3.718e+18, 6.44e+20, 4.85, 4, 174.278185, 19.2755989, 0.866667, 1039152.64, 3.6800893e+20, 2.16719047e+14, 1.32470392e+11, 725.389436, -172.247406, -176.034673, 5e+16, 8.02313348e+18, -1038156.47, 45426.2902, 376.705675, 19.2755989, 96.3997242, 0.866667, 0.866667, 5e+16, 0.0193681329, 725.370077, 0.310092309, 725.389941, -725.368368, -0.0193605095, -725.388236, -1.56962908, 0.000537251198, -1.56904023, 0, 1.65802904e-08, 1.65802904e-08, 752950758, 752950758, 0, 0.27, 3.332, 0, -725.387729, -1.56909183, 0, 4.99725241e+16, 0.0849513949, 0.0862766394, 0, 0
10.9912109, 0, 0, 5e+16, 0, 1.76656208e-13, 3.718e+18, 6.44e+20, 4.85, 4, 174.940858, 19.2556711, 0.866667, 1040218.94, 3.74968833e+20, 2.1698373e+14, 1.34644315e+11, 726.319584, -172.910045, -176.697863, 5e+16, 8.15075445e+18, -1039228.2, 45322.898, 376.711139, 19.2556711, 96.3999339, 0.866667, 0.866667, 5e+16, 0.0196955436, 726.299897, 0.310555916, 726.320091, -726.298031, -0.0196878438, -726.318227, -1.64280815, 0.00054446097, -1.64221271, 0, 1.65806319e-08, 1.65806319e-08, 754733390, 754733390, 0, 0.27, 3.332, 0, -726.317719, -1.64226368, 0, 4.99724902e+16, 0.0864494903, 0.087796834, 0, 0
10.9916666, 0, 0, 5e+16, 0, 1.76669844e-13, 3.718e+18, 6.44e+20, 4.85, 4, 174.988251, 19.2542597, 0.866667, 1040294.54, 3.75518119e+20, 2.17034952e+14, 1.34791305e+11, 726.361181, -172.957431, -176.745291, 5e+16, 8.16318094e+18, -1039304.3, 45315.258, 376.711528, 19.2542597, 96.3999342, 0.866667, 0.866667, 5e+16, 0.0197277479, 726.341462, 0.310566875, 726.361688, -726.339586, -0.0197200303, -726.359814, -1.64562531, 0.000545553525, -1.64502883, 0, 1.65806563e-08, 1.65806563e-08, 754790169, 754790169, 0, 0.27, 3.332, 0, -726.359306, -1.64507975, 0, 4.99724886e+16, 0.0865568276, 0.0879074596, 0, 0
10.9980469, 0, 0, 5e+16, 0, 1.76861146e-13, 3.718e+18, 6.44e+20, 4.85, 4, 175.651665, 19.2344482, 0.866667, 1041357.06, 3.82589019e+20, 2.17300386e+14, 1.36991859e+11, 727.297095, -173.620811, -177.409219, 5e+16, 8.29236849e+18, -1040372.16, 45213.5881, 376.716985, 19.2344482, 96.3999352, 0.866667, 0.866667, 5e+16, 0.0200595476, 727.277045, 0.311033146, 727.297604, -727.275038, -0.0200517526, -727.295598, -1.70437015, 0.000552858634, -1.703767, 0, 1.65809974e-08, 1.65809974e-08, 756578635, 756578635, 0, 0.27, 3.332, 0, -727.295089, -1.7038173, 0, 4.99724546e+16, 0.0880759239, 0.0894474525, 0, 0
10.9985026, 0, 0, 5e+16, 0, 1.76874781e-13, 3.718e+18, 6.44e+20, 4.85, 4, 175.699111, 19.2330448, 0.866667, 1041432.4, 3.83150876e+20, 2.17353318e+14, 1.37140821e+11, 727.340363, -173.668249, -177.456699, 5e+16, 8.30494886e+18, -1040447.99, 45206.0795, 376.717374, 19.2330448, 96.3999355, 0.866667, 0.866667, 5e+16, 0.0200921872, 727.32028, 0.311043713, 727.340872, -727.318265, -0.0200843741, -727.338858, -1.70677134, 0.000553964166, -1.70616713, 0, 1.65810217e-08, 1.65810217e-08, 756637224, 756637224, 0, 0.27, 3.332, 0, -727.338349, -1.70621738, 0, 4.99724529e+16, 0.0881848642, 0.0895595051, 0, 0
11.0048829, 0, 0, 5e+16, 0, 1.77066071e-13, 3.718e+18, 6.44e+20, 4.85, 4, 176.363253, 19.2133473, 0.866667, 1042491.25, 3.90330811e+20, 2.17618085e+14, 1.3936811e+11, 728.276258, -174.332358, -178.121354, 5e+16, 8.43570895e+18, -1041512.09, 45106.1406, 376.722825, 19.2133473, 96.3997376, 0.866667, 0.866667, 5e+16, 0.0204283997, 728.255839, 0.311509099, 728.276769, -728.253716, -0.0204205081, -728.274647, -1.75319047, 0.000561367158, -1.75257949, 0, 1.65813624e-08, 1.65813624e-08, 758425474, 758425474, 0, 0.27, 3.332, 0, -728.274137, -1.7526291, 0, 4.9972419e+16, 0.0897250401, 0.0911195282, 0, 0
11.0053386, 0, 0, 5e+16, 0, 1.77079705e-13, 3.718e+18, 6.44e+20, 4.85, 4, 176.41075, 19.211952, 0.866667, 1042566.33, 3.90904727e+20, 2.1767237e+14, 1.39519066e+11, 728.320895, -174.379847, -178.168885, 5e+16, 8.44844491e+18, -1041587.65, 45098.764, 376.723214, 19.211952, 96.3997379, 0.866667, 0.866667, 5e+16, 0.0204614804, 728.300443, 0.311519187, 728.321406, -728.298312, -0.0204535706, -728.319277, -1.75521978, 0.000562485845, -1.75460773, 0, 1.65813867e-08, 1.65813867e-08, 758485561, 758485561, 0, 0.27, 3.332, 0, -728.318766, -1.75465729, 0, 4.99724173e+16, 0.0898355845, 0.0912330226, 0, 0
11.0117188, 0, 0, 5e+16, 0, 1.77270979e-13, 3.718e+18, 6.44e+20, 4.85, 4, 177.075609, 19.1923666, 0.866667, 1043621.56, 3.98192139e+20, 2.1793544e+14, 1.41773149e+11, 729.252457, -175.044671, -178.834252, 5e+16, 8.58078063e+18, -1042648.03, 45000.559, 376.728659, 19.1923666, 96.3997419, 0.866667, 0.866667, 5e+16, 0.0208021276, 729.231665, 0.311980723, 729.252969, -729.229451, -0.020794138, -729.250757, -1.79119982, 0.000569988921, -1.79058092, 0, 1.6581727e-08, 1.6581727e-08, 760269071, 760269071, 0, 0.27, 3.332, 0, -729.250245, -1.79062983, 0, 4.99723836e+16, 0.0913969061, 0.09281328, 0, 0
11.0121745, 0, 0, 5e+16, 0, 1.77284613e-13, 3.718e+18, 6.44e+20, 4.85, 4, 177.123157, 19.1909792, 0.866667, 1043696.39, 3.98777655e+20, 2.17990766e+14, 1.41926123e+11, 729.298193, -175.092212, -178.881835, 5e+16, 8.59367415e+18, -1042723.34, 44993.3156, 376.729047, 19.1909792, 96.3996922, 0.866667, 0.866667, 5e+16, 0.0208356554, 729.277367, 0.311990252, 729.298706, -729.275147, -0.0208276474, -729.296487, -1.79289635, 0.00057112098, -1.79227635, 0, 1.65817512e-08, 1.65817512e-08, 760330378, 760330378, 0, 0.27, 3.332, 0, -729.295975, -1.79232522, 0, 4.99723819e+16, 0.091509056, 0.0929282307, 0, 0
11.0185547, 0, 0, 5e+16, 0, 1.77475874e-13, 3.718e+18, 6.44e+20, 4.85, 4, 177.78874, 19.1715038, 0.866667, 1044748.12, 4.06171851e+20, 2.18251325e+14, 1.44207066e+11, 730.222164, -175.757761, -179.547924, 5e+16, 8.72758926e+18, -1043780.1, 44896.8657, 376.734484, 19.1715038, 96.3998888, 0.866667, 0.866667, 5e+16, 0.021180753, 730.200994, 0.312445433, 730.222679, -730.19871, -0.021172664, -730.220397, -1.8198091, 0.000578727097, -1.81918213, 0, 1.65820911e-08, 1.65820911e-08, 762105714, 762105714, 0, 0.27, 3.332, 0, -730.219882, -1.81923036, 0, 4.99723485e+16, 0.0930916443, 0.0945289592, 0, 0
11.0190104, 0, 0, 5e+16, 0, 1.77489508e-13, 3.718e+18, 6.44e+20, 4.85, 4, 177.83634, 19.1701241, 0.866667, 1044822.7, 4.06768554e+20, 2.18307416e+14, 1.44362084e+11, 730.268761, -175.805353, -179.595558, 5e+16, 8.74064252e+18, -1043855.15, 44889.7569, 376.734872, 19.1701241, 96.3998897, 0.866667, 0.866667, 5e+16, 0.0212147348, 730.247557, 0.312454337, 730.269276, -730.245268, -0.0212066272, -730.266988, -1.82120832, 0.000579872759, -1.82058025, 0, 1.65821153e-08, 1.65821153e-08, 762167994, 762167994, 0, 0.27, 3.332, 0, -730.266474, -1.82062844, 0, 4.99723468e+16, 0.0932054039, 0.0946453832, 0, 0
11.0253906, 0, 0, 5e+16, 0, 1.77680759e-13, 3.718e+18, 6.44e+20, 4.85, 4, 178.502643, 19.1507565, 0.866667, 1045871.01, 4.14268934e+20, 2.18564874e+14, 1.46669946e+11, 731.182674, -176.471624, -180.262365, 5e+16, 8.87614028e+18, -1044908.4, 44795.0739, 376.740303, 19.1507565, 96.3998906, 0.866667, 0.866667, 5e+16, 0.0215643029, 731.16112, 0.312901041, 731.183189, -731.158786, -0.0215561128, -731.180858, -1.84037866, 0.000587584636, -1.83974354, 0, 1.65824548e-08, 1.65824548e-08, 763932561, 763932561, 0, 0.27, 3.332, 0, -731.180342, -1.83979108, 0, 4.99723138e+16, 0.0948093881, 0.0962668189, 0, 0
11.0258463, 0, 0, 5e+16, 0, 1.77694392e-13, 3.718e+18, 6.44e+20, 4.85, 4, 178.550295, 19.1493843, 0.866667, 1045945.35, 4.14876449e+20, 2.18621484e+14, 1.46827036e+11, 731.22992, -176.519268, -180.31005, 5e+16, 8.88935556e+18, -1044983.21, 44788.1015, 376.74069, 19.1493843, 96.3998914, 0.866667, 0.866667, 5e+16, 0.0215987449, 731.208331, 0.312909257, 731.230435, -731.205993, -0.0215905361, -731.2281, -1.84151138, 0.000588744155, -1.84087515, 0, 1.6582479e-08, 1.6582479e-08, 763995594, 763995594, 0, 0.27, 3.332, 0, -731.227583, -1.84092264, 0, 4.99723121e+16, 0.0949247602, 0.0963847309, 0, 0
11.0322266, 0, 0, 5e+16, 0, 1.77885634e-13, 3.718e+18, 6.44e+20, 4.85, 4, 179.217327, 19.130122, 0.866667, 1046990.32, 4.2248298e+20, 2.18875349e+14, 1.49161853e+11, 732.131849, -177.186267, -180.977583, 5e+16, 9.02643777e+18, -1046033.02, 44695.215, 376.746116, 19.130122, 96.3997052, 0.866667, 0.866667, 5e+16, 0.0219527888, 732.109906, 0.313345625, 732.132366, -732.10754, -0.0219444961, -732.130002, -1.853856, 0.000596565196, -1.85321259, 0, 1.65828181e-08, 1.65828181e-08, 765747345, 765747345, 0, 0.27, 3.332, 0, -732.129485, -1.85325943, 0, 4.99722796e+16, 0.0965502947, 0.0980271168, 0, 0
11.0326823, 0, 0, 5e+16, 0, 1.77899267e-13, 3.718e+18, 6.44e+20, 4.85, 4, 179.265029, 19.1287572, 0.866667, 1047064.43, 4.2310097e+20, 2.18932264e+14, 1.4932104e+11, 732.179556, -177.233961, -181.025319, 5e+16, 9.03981729e+18, -1046107.58, 44688.3813, 376.746503, 19.1287572, 96.3997061, 0.866667, 0.866667, 5e+16, 0.0219876987, 732.157579, 0.313353099, 732.180074, -732.15521, -0.021979387, -732.177707, -1.85474958, 0.000597738822, -1.85410504, 0, 1.65828423e-08, 1.65828423e-08, 765810937, 765810937, 0, 0.27, 3.332, 0, -732.177189, -1.85415184, 0, 4.99722778e+16, 0.0966672864, 0.0981465352, 0, 0
11.0390625, 0, 0, 5e+16, 0, 1.78090496e-13, 3.718e+18, 6.44e+20, 4.85, 4, 179.932768, 19.1095984, 0.866667, 1048106.14, 4.3081351e+20, 2.19182171e+14, 1.51682781e+11, 733.06801, -177.901669, -181.693557, 5e+16, 9.1784818e+18, -1047154.04, 44597.3182, 376.751921, 19.1095984, 96.3997097, 0.866667, 0.866667, 5e+16, 0.0223462299, 733.045675, 0.31377751, 733.068529, -733.043291, -0.0223378327, -733.066148, -1.86117509, 0.000605672163, -1.86052326, 0, 1.65831809e-08, 1.65831809e-08, 767548298, 767548298, 0, 0.27, 3.332, 0, -733.065629, -1.86056941, 0, 4.99722459e+16, 0.0983145473, 0.0998101285, 0, 0
11.0395182, 0, 0, 5e+16, 0, 1.78104128e-13, 3.718e+18, 6.44e+20, 4.85, 4, 179.980521, 19.1082409, 0.866667, 1048180.03, 4.31441676e+20, 2.192392e+14, 1.51844093e+11, 733.116013, -177.949413, -181.741343, 5e+16, 9.19202793e+18, -1047228.37, 44590.6259, 376.752308, 19.1082409, 96.3997579, 0.866667, 0.866667, 5e+16, 0.0223816149, 733.093642, 0.31378419, 733.116532, -733.091256, -0.0223731986, -733.114148, -1.8618529, 0.000606860162, -1.86119993, 0, 1.65832051e-08, 1.65832051e-08, 767612273, 767612273, 0, 0.27, 3.332, 0, -733.113629, -1.86124604, 0, 4.99722441e+16, 0.0984331654, 0.0999310698, 0, 0
11.0458984, 0, 0, 5e+16, 0, 1.78295349e-13, 3.718e+18, 6.44e+20, 4.85, 4, 180.648974, 19.0891834, 0.866667, 1049218.59, 4.39260605e+20, 2.19484823e+14, 1.54232696e+11, 733.989771, -178.617836, -182.410292, 5e+16, 9.33227081e+18, -1048271.57, 44501.4278, 376.75772, 19.0891834, 96.3999429, 0.866667, 0.866667, 5e+16, 0.0227446322, 733.967037, 0.314195174, 733.990292, -733.964652, -0.022736129, -733.987908, -1.8629446, 0.000614909624, -1.86228422, 0, 1.65835434e-08, 1.65835434e-08, 769333941, 769333941, 0, 0.27, 3.332, 0, -733.987388, -1.86232969, 0, 4.99722128e+16, 0.100102354, 0.101616137, 0, 0
11.0463541, 0, 0, 5e+16, 0, 1.78308981e-13, 3.718e+18, 6.44e+20, 4.85, 4, 180.696779, 19.087833, 0.866667, 1049292.25, 4.39898682e+20, 2.19541799e+14, 1.54396166e+11, 734.037919, -178.665632, -182.45813, 5e+16, 9.34598637e+18, -1048345.67, 44494.8797, 376.758106, 19.087833, 96.3999432, 0.866667, 0.866667, 5e+16, 0.0227805003, 734.015149, 0.314201012, 734.038439, -734.012762, -0.0227719776, -734.036054, -1.86342798, 0.000616112297, -1.86276644, 0, 1.65835675e-08, 1.65835675e-08, 769398144, 769398144, 0, 0.27, 3.332, 0, -734.035534, -1.86281186, 0, 4.9972211e+16, 0.100222607, 0.10173862, 0, 0
11.0527344, 0, 0, 5e+16, 0, 1.78500197e-13, 3.718e+18, 6.44e+20, 4.85, 4, 181.365954, 19.0688746, 0.866667, 1050327.74, 4.47824197e+20, 2.19782905e+14, 1.56811583e+11, 734.895998, -179.334777, -183.127798, 5e+16, 9.48780444e+18, -1049385.7, 44407.5739, 376.763512, 19.0688746, 96.3999438, 0.866667, 0.866667, 5e+16, 0.0231479992, 734.87286, 0.314597229, 734.896519, -734.870485, -0.023139388, -734.894145, -1.85989349, 0.000624281527, -1.85922443, 0, 1.65839054e-08, 1.65839054e-08, 771103063, 771103063, 0, 0.27, 3.332, 0, -734.893624, -1.85926921, 0, 4.99721803e+16, 0.101913899, 0.103445404, 0, 0
11.0531901, 0, 0, 5e+16, 0, 1.78513828e-13, 3.718e+18, 6.44e+20, 4.85, 4, 181.413809, 19.0675313, 0.866667, 1050401.18, 4.48471944e+20, 2.19839675e+14, 1.56977241e+11, 734.944157, -179.382624, -183.175686, 5e+16, 9.50169218e+18, -1049459.57, 44401.1731, 376.763897, 19.0675313, 96.399944, 0.866667, 0.866667, 5e+16, 0.0231843587, 734.920983, 0.314602179, 734.944678, -734.918607, -0.0231757277, -734.942304, -1.86020021, 0.000625499183, -1.85952998, 0, 1.65839295e-08, 1.65839295e-08, 771167354, 771167354, 0, 0.27, 3.332, 0, -734.941782, -1.85957471, 0, 4.99721785e+16, 0.102035798, 0.103569447, 0, 0
11.0595704, 0, 0, 5e+16, 0, 1.78705035e-13, 3.718e+18, 6.44e+20, 4.85, 4, 182.083694, 19.0486697, 0.866667, 1051433.69, 4.56504663e+20, 2.20076041e+14, 1.59419345e+11, 735.785763, -180.052479, -183.846061, 5e+16, 9.64507753e+18, -1050496.53, 44315.8028, 376.769298, 19.0486697, 96.3997682, 0.866667, 0.866667, 5e+16, 0.023556328, 735.762216, 0.314982382, 735.786285, -735.759862, -0.0235476068, -735.783932, -1.85244694, 0.000633792453, -1.85176907, 0, 1.6584267e-08, 1.6584267e-08, 772854684, 772854684, 0, 0.27, 3.332, 0, -735.783409, -1.85181316, 0, 4.99721484e+16, 0.103749451, 0.105298258, 0, 0
11.0600261, 0, 0, 5e+16, 0, 1.78718666e-13, 3.718e+18, 6.44e+20, 4.85, 4, 182.131598, 19.0473332, 0.866667, 1051506.93, 4.57161864e+20, 2.20132473e+14, 1.59587222e+11, 735.833813, -180.100376, -183.893999, 5e+16, 9.65914024e+18, -1050570.18, 44309.5529, 376.769683, 19.0473332, 96.3997684, 0.866667, 0.866667, 5e+16, 0.0235931878, 735.81023, 0.3149864, 735.834335, -735.807876, -0.0235844466, -735.831983, -1.85259279, 0.000635025392, -1.85191374, 0, 1.65842911e-08, 1.65842911e-08, 772918935, 772918935, 0, 0.27, 3.332, 0, -735.83146, -1.85195777, 0, 4.99721466e+16, 0.103873009, 0.105423881, 0, 0
11.0664063, 0, 0, 5e+16, 0, 1.78909865e-13, 3.718e+18, 6.44e+20, 4.85, 4, 182.802181, 19.0285666, 0.866667, 1052536.55, 4.65302238e+20, 2.2036394e+14, 1.62055805e+11, 736.658285, -180.770931, -184.565069, 5e+16, 9.80408016e+18, -1051604.15, 44226.1559, 376.775076, 19.0285666, 96.3997715, 0.866667, 0.866667, 5e+16, 0.0239696097, 736.634326, 0.315349437, 736.658809, -736.632003, -0.0239607761, -736.656488, -1.84110948, 0.000643446697, -1.84042264, 0, 1.65846282e-08, 1.65846282e-08, 774587976, 774587976, 0, 0.27, 3.332, 0, -736.655963, -1.84046603, 0, 4.99721172e+16, 0.105609259, 0.107175009, 0, 0
11.066862, 0, 0, 5e+16, 0, 1.78923494e-13, 3.718e+18, 6.44e+20, 4.85, 4, 182.850136, 19.0272367, 0.866667, 1052609.59, 4.65968706e+20, 2.20419912e+14, 1.62225936e+11, 736.706118, -180.818878, -184.613057, 5e+16, 9.81832098e+18, -1051677.59, 44220.061, 376.775461, 19.0272367, 96.3997265, 0.866667, 0.866667, 5e+16, 0.0240069792, 736.682121, 0.31535248, 736.706642, -736.679798, -0.0239981254, -736.704321, -1.84110732, 0.000644695264, -1.84041928, 0, 1.65846523e-08, 1.65846523e-08, 774652072, 774652072, 0, 0.27, 3.332, 0, -736.703796, -1.84046262, 0, 4.99721154e+16, 0.105734489, 0.107302232, 0, 0
11.0732422, 0, 0, 5e+16, 0, 1.79114687e-13, 3.718e+18, 6.44e+20, 4.85, 4, 183.521425, 19.0085625, 0.866667, 1053636.44, 4.74217692e+20, 2.20646299e+14, 1.64720771e+11, 737.512863, -181.490139, -185.284832, 5e+16, 9.96480164e+18, -1052708.69, 44138.6943, 376.780848, 19.0085625, 96.3999013, 0.866667, 0.866667, 5e+16, 0.0243878247, 737.488486, 0.3156973, 737.513389, -737.486202, -0.0243788768, -737.511107, -1.82611463, 0.000653249581, -1.82541869, 0, 1.6584989e-08, 1.6584989e-08, 776302198, 776302198, 0, 0.27, 3.332, 0, -737.510581, -1.82546138, 0, 4.99720867e+16, 0.107493633, 0.109076009, 0, 0
11.0736979, 0, 0, 5e+16, 0, 1.79128316e-13, 3.718e+18, 6.44e+20, 4.85, 4, 183.56943, 19.0072392, 0.866667, 1053709.29, 4.74893262e+20, 2.20701703e+14, 1.64893193e+11, 737.560378, -181.538136, -185.33287, 5e+16, 9.9792241e+18, -1052781.93, 44132.7586, 376.781232, 19.0072392, 96.399902, 0.866667, 0.866667, 5e+16, 0.0244257144, 737.535963, 0.315699331, 737.560904, -737.53368, -0.024416746, -737.558623, -1.82597595, 0.000654514143, -1.82527879, 0, 1.6585013e-08, 1.6585013e-08, 776366034, 776366034, 0, 0.27, 3.332, 0, -737.558097, -1.82532143, 0, 4.99720849e+16, 0.107620554, 0.109204858, 0, 0
11.0800781, 0, 0, 5e+16, 0, 1.79319504e-13, 3.718e+18, 6.44e+20, 4.85, 4, 184.241423, 18.9886551, 0.866667, 1054733.48, 4.83251575e+20, 2.20922879e+14, 1.67414009e+11, 738.348865, -182.210101, -186.005344, 5e+16, 1.01272291e+19, -1053810.25, 44053.4709, 376.786614, 18.9886551, 96.3999027, 0.866667, 0.866667, 5e+16, 0.0248109538, 738.324065, 0.316024987, 738.349391, -738.321829, -0.0248018889, -738.347157, -1.80783757, 0.000663206305, -1.80713237, 0, 1.65853494e-08, 1.65853494e-08, 777996695, 777996695, 0, 0.27, 3.332, 0, -738.34663, -1.80717436, 0, 4.99720569e+16, 0.109402893, 0.111001627, 0, 0
11.0805338, 0, 0, 5e+16, 0, 1.79333133e-13, 3.718e+18, 6.44e+20, 4.85, 4, 184.289479, 18.9873381, 0.866667, 1054806.14, 4.83936094e+20, 2.20977614e+14, 1.67588764e+11, 738.395969, -182.258149, -186.053433, 5e+16, 1.0141837e+19, -1053883.3, 44047.6991, 376.786997, 18.9873381, 96.3999033, 0.866667, 0.866667, 5e+16, 0.0248493741, 738.371131, 0.316025965, 738.396496, -738.368896, -0.0248402885, -738.394263, -1.80757141, 0.000664487259, -1.80686498, 0, 1.65853734e-08, 1.65853734e-08, 778060172, 778060172, 0, 0.27, 3.332, 0, -738.393736, -1.80690692, 0, 4.99720551e+16, 0.109531523, 0.111132124, 0, 0
11.0869141, 0, 0, 5e+16, 0, 1.79524318e-13, 3.718e+18, 6.44e+20, 4.85, 4, 184.962184, 18.9688413, 0.866667, 1055827.79, 4.92404826e+20, 2.21193413e+14, 1.70135226e+11, 739.165665, -182.930828, -186.726616, 5e+16, 1.0291346e+19, -1054908.98, 43970.5589, 376.792373, 18.9688413, 96.3997364, 0.866667, 0.866667, 5e+16, 0.0252389555, 739.140437, 0.316331521, 739.166193, -739.138255, -0.0252297712, -739.164013, -1.78639922, 0.000673323033, -1.78568459, 0, 1.65857093e-08, 1.65857093e-08, 779670812, 779670812, 0, 0.27, 3.332, 0, -739.163485, -1.78572589, 0, 4.99720278e+16, 0.111337387, 0.112952247, 0, 0
11.0873698, 0, 0, 5e+16, 0, 1.79537947e-13, 3.718e+18, 6.44e+20, 4.85, 4, 185.010288, 18.9675305, 0.866667, 1055900.27, 4.93098149e+20, 2.21247384e+14, 1.70312353e+11, 739.212272, -182.978925, -186.774754, 5e+16, 1.03061431e+19, -1054981.84, 43964.9562, 376.792756, 18.9675305, 96.399737, 0.866667, 0.866667, 5e+16, 0.0252779187, 739.187005, 0.316331408, 739.2128, -739.184825, -0.0252687134, -739.210622, -1.78601329, 0.000674620774, -1.78529741, 0, 1.65857332e-08, 1.65857332e-08, 779733838, 779733838, 0, 0.27, 3.332, 0, -739.210094, -1.78533866, 0, 4.99720261e+16, 0.111467746, 0.113084416, 0, 0
11.09375, 0, 0, 5e+16, 0, 1.79729126e-13, 3.718e+18, 6.44e+20, 4.85, 4, 185.683684, 18.9491189, 0.866667, 1056919.49, 5.0167806e+20, 2.21457667e+14, 1.72884012e+11, 739.962658, -183.652295, -187.448624, 5e+16, 1.0457129e+19, -1056004.99, 43890.0318, 376.798125, 18.9491189, 96.3997396, 0.866667, 0.866667, 5e+16, 0.0256717906, 739.936997, 0.316615952, 739.963187, -739.934876, -0.0256624842, -739.961069, -1.76202644, 0.000683605809, -1.76130223, 0, 1.65860689e-08, 1.65860689e-08, 781323930, 781323930, 0, 0.27, 3.332, 0, -739.960539, -1.76134284, 0, 4.99719995e+16, 0.113297487, 0.114928274, 0, 0
11.0942057, 0, 0, 5e+16, 0, 1.79742754e-13, 3.718e+18, 6.44e+20, 4.85, 4, 185.731838, 18.9478141, 0.866667, 1056991.8, 5.02380054e+20, 2.21510786e+14, 1.73063555e+11, 740.008686, -183.700443, -187.496812, 5e+16, 1.04721195e+19, -1056077.66, 43884.6038, 376.798508, 18.9478141, 96.3997836, 0.866667, 0.866667, 5e+16, 0.0257113089, 739.982985, 0.316614708, 740.009215, -739.980867, -0.0257019812, -740.007099, -1.7615263, 0.000684920758, -1.76080082, 0, 1.65860928e-08, 1.65860928e-08, 781386417, 781386417, 0, 0.27, 3.332, 0, -740.006569, -1.76084138, 0, 4.99719978e+16, 0.113429596, 0.115062141, 0, 0
11.1005859, 0, 0, 5e+16, 0, 1.79933932e-13, 3.718e+18, 6.44e+20, 4.85, 4, 186.405932, 18.9294851, 0.866667, 1058008.72, 5.11072305e+20, 2.21715364e+14, 1.75659883e+11, 740.739189, -184.374512, -188.171378, 5e+16, 1.06245506e+19, -1057098.4, 43811.9845, 376.803871, 18.9294851, 96.3999496, 0.866667, 0.866667, 5e+16, 0.0261093984, 740.713091, 0.316877296, 740.739719, -740.711037, -0.0260999669, -740.737667, -1.73471255, 0.00069406174, -1.73397859, 0, 1.6586428e-08, 1.6586428e-08, 782955367, 782955367, 0, 0.27, 3.332, 0, -740.737136, -1.73401849, 0, 4.9971972e+16, 0.115283588, 0.116930129, 0, 0
11.1010416, 0, 0, 5e+16, 0, 1.7994756e-13, 3.718e+18, 6.44e+20, 4.85, 4, 186.454137, 18.9281862, 0.866667, 1058080.86, 5.11782836e+20, 2.21767547e+14, 1.75841891e+11, 740.784558, -184.422709, -188.219616, 5e+16, 1.06397393e+19, -1057170.9, 43806.7367, 376.804253, 18.9281862, 96.3999498, 0.866667, 0.866667, 5e+16, 0.0261494853, 740.75842, 0.316874878, 740.785088, -740.756369, -0.0261400323, -740.78304, -1.73410327, 0.000695394359, -1.73336802, 0, 1.65864519e-08, 1.65864519e-08, 783017230, 783017230, 0, 0.27, 3.332, 0, -740.782508, -1.73340787, 0, 4.99719703e+16, 0.115417471, 0.117065718, 0, 0
11.1074219, 0, 0, 5e+16, 0, 1.80138737e-13, 3.718e+18, 6.44e+20, 4.85, 4, 187.128938, 18.9099374, 0.866667, 1059095.58, 5.20588198e+20, 2.21966255e+14, 1.78462321e+11, 741.494559, -185.097486, -188.894886, 5e+16, 1.07935814e+19, -1058189.31, 43736.507, 376.809611, 18.9099374, 96.3999503, 0.866667, 0.866667, 5e+16, 0.0265517074, 741.468019, 0.317114532, 741.495091, -741.466037, -0.0265421478, -741.493111, -1.7046244, 0.000704698117, -1.70388051, 0, 1.65867868e-08, 1.65867868e-08, 784564386, 784564386, 0, 0.27, 3.332, 0, -741.492579, -1.70391971, 0, 4.99719453e+16, 0.117296055, 0.118958202, 0, 0
11.1078776, 0, 0, 5e+16, 0, 1.80152365e-13, 3.718e+18, 6.44e+20, 4.85, 4, 187.177192, 18.9086442, 0.866667, 1059167.57, 5.21307124e+20, 2.22017418e+14, 1.78646845e+11, 741.539192, -185.145733, -188.943174, 5e+16, 1.08089733e+19, -1058261.64, 43731.4457, 376.809993, 18.9086442, 96.3999504, 0.866667, 0.866667, 5e+16, 0.0265923775, 741.512611, 0.317110899, 741.539724, -741.510633, -0.0265827961, -741.537748, -1.70390871, 0.000706048885, -1.70316351, 0, 1.65868107e-08, 1.65868107e-08, 784625541, 784625541, 0, 0.27, 3.332, 0, -741.537215, -1.70320266, 0, 4.99719436e+16, 0.117431732, 0.119095538, 0, 0
11.1142579, 0, 0, 5e+16, 0, 1.80343542e-13, 3.718e+18, 6.44e+20, 4.85, 4, 187.852688, 18.8904731, 0.866667, 1060180.19, 5.30226595e+20, 2.22210024e+14, 1.81290667e+11, 742.228014, -185.821206, -189.619136, 5e+16, 1.09641839e+19, -1059277.87, 43663.7207, 376.815343, 18.8904731, 96.3997911, 0.866667, 0.866667, 5e+16, 0.0269986312, 742.201027, 0.317326595, 742.228547, -742.199123, -0.02698894, -742.226645, -1.67165271, 0.000715523478, -1.67089868, 0, 1.65871452e-08, 1.65871452e-08, 786150199, 786150199, 0, 0.27, 3.332, 0, -742.226112, -1.67093719, 0, 4.99719194e+16, 0.119335313, 0.121012935, 0, 0
11.1147136, 0, 0, 5e+16, 0, 1.8035717e-13, 3.718e+18, 6.44e+20, 4.85, 4, 187.900991, 18.8891856, 0.866667, 1060252.03, 5.3095375e+20, 2.22260084e+14, 1.81477759e+11, 742.271834, -185.869503, -189.667471, 5e+16, 1.09797843e+19, -1059350.03, 43658.8524, 376.815725, 18.8891856, 96.3997913, 0.866667, 0.866667, 5e+16, 0.0270399003, 742.244805, 0.317321707, 742.272367, -742.242905, -0.027030187, -742.270468, -1.67083206, 0.000716892872, -1.67007671, 0, 1.65871691e-08, 1.65871691e-08, 786210561, 786210561, 0, 0.27, 3.332, 0, -742.269935, -1.67011517, 0, 4.99719178e+16, 0.119472803, 0.121152037, 0, 0
11.1210938, 0, 0, 5e+16, 0, 1.80548342e-13, 3.718e+18, 6.44e+20, 4.85, 4, 188.577172, 18.8710906, 0.866667, 1061262.63, 5.39987761e+20, 2.22446329e+14, 1.84144112e+11, 742.938627, -186.545661, -190.344115, 5e+16, 1.11363116e+19, -1060364.11, 43593.7668, 376.82107, 18.8710906, 96.3997934, 0.866667, 0.866667, 5e+16, 0.0274500661, 742.911189, 0.317512429, 742.939161, -742.909367, -0.0274402398, -742.937341, -1.63574006, 0.000726546811, -1.63497571, 0, 1.65875032e-08, 1.65875032e-08, 787711808, 787711808, 0, 0.27, 3.332, 0, -742.936806, -1.63501351, 0, 4.99718944e+16, 0.121401722, 0.123094698, 0, 0
11.1215495, 0, 0, 5e+16, 0, 1.8056197e-13, 3.718e+18, 6.44e+20, 4.85, 4, 188.625524, 18.8698086, 0.866667, 1061334.31, 5.40722948e+20, 2.22495197e+14, 1.84333831e+11, 742.981553, -186.594007, -190.3925, 5e+16, 1.11521264e+19, -1060436.11, 43589.0981, 376.821451, 18.8698086, 96.3997518, 0.866667, 0.866667, 5e+16, 0.0274919508, 742.954073, 0.317506251, 742.982087, -742.952255, -0.0274821021, -742.980272, -1.63481315, 0.000727935354, -1.63404746, 0, 1.6587527e-08, 1.6587527e-08, 787771290, 787771290, 0, 0.27, 3.332, 0, -742.979737, -1.63408521, 0, 4.99718929e+16, 0.121541039, 0.12323558, 0, 0
11.1279297, 0, 0, 5e+16, 0, 1.80753143e-13, 3.718e+18, 6.44e+20, 4.85, 4, 189.302397, 18.851788, 0.866667, 1062342.97, 5.49871841e+20, 2.22674676e+14, 1.87021768e+11, 743.625141, -187.270859, -191.069831, 5e+16, 1.13099138e+19, -1061448.11, 43526.8425, 376.826791, 18.851788, 96.3999104, 0.866667, 0.866667, 5e+16, 0.0279058851, 743.597247, 0.317671114, 743.625677, -743.595512, -0.0278959198, -743.623944, -1.59646685, 0.000737779419, -1.59569196, 0, 1.65878607e-08, 1.65878607e-08, 789247833, 789247833, 0, 0.27, 3.332, 0, -743.623408, -1.59572907, 0, 4.99718704e+16, 0.123495611, 0.125203808, 0, 0
11.1283854, 0, 0, 5e+16, 0, 1.80766769e-13, 3.718e+18, 6.44e+20, 4.85, 4, 189.350798, 18.8505115, 0.866667, 1062414.49, 5.50614794e+20, 2.2272226e+14, 1.87214178e+11, 743.667088, -187.319254, -191.118265, 5e+16, 1.13259495e+19, -1061519.94, 43522.3801, 376.827171, 18.8505115, 96.3999109, 0.866667, 0.866667, 5e+16, 0.0279484042, 743.639152, 0.31766363, 743.667624, -743.637421, -0.0279384162, -743.665896, -1.59543106, 0.000739187642, -1.59465481, 0, 1.65878845e-08, 1.65878845e-08, 789306340, 789306340, 0, 0.27, 3.332, 0, -743.66536, -1.59469188, 0, 4.99718689e+16, 0.123636761, 0.125346474, 0, 0
11.1347656, 0, 0, 5e+16, 0, 1.80957941e-13, 3.718e+18, 6.44e+20, 4.85, 4, 190.028362, 18.8325654, 0.866667, 1063421.15, 5.59877453e+20, 2.22894404e+14, 1.89922632e+11, 744.285771, -187.996798, -191.796285, 5e+16, 1.14849331e+19, -1062529.79, 43463.1872, 376.832505, 18.8325654, 96.3999114, 0.866667, 0.866667, 5e+16, 0.0283659481, 744.257416, 0.317801933, 744.286308, -744.255776, -0.0283558395, -744.284669, -1.553344, 0.000749234193, -1.55255837, 0, 1.65882179e-08, 1.65882179e-08, 790756250, 790756250, 0, 0.27, 3.332, 0, -744.284132, -1.55259477, 0, 4.99718474e+16, 0.125617123, 0.12734038, 0, 0
11.1352213, 0, 0, 5e+16, 0, 1.80971568e-13, 3.718e+18, 6.44e+20, 4.85, 4, 190.076814, 18.8312946, 0.866667, 1063492.5, 5.60627797e+20, 2.229406e+14, 1.90117803e+11, 744.326646, -188.045243, -191.844769, 5e+16, 1.1501197e+19, -1062601.44, 43458.9371, 376.832885, 18.8312946, 96.3999118, 0.866667, 0.866667, 5e+16, 0.0284091206, 744.298249, 0.317793148, 744.327184, -744.296614, -0.028398989, -744.32555, -1.55219544, 0.000750662586, -1.55140843, 0, 1.65882416e-08, 1.65882416e-08, 790813678, 790813678, 0, 0.27, 3.332, 0, -744.325012, -1.55144478, 0, 4.99718459e+16, 0.125760092, 0.127484816, 0, 0
11.1416016, 0, 0, 5e+16, 0, 1.8116274e-13, 3.718e+18, 6.44e+20, 4.85, 4, 190.755077, 18.813425, 0.866667, 1064496.93, 5.70001156e+20, 2.23104413e+14, 1.92845559e+11, 744.917682, -188.723487, -192.523484, 5e+16, 1.1661304e+19, -1063608.94, 43403.1066, 376.838212, 18.813425, 96.3997586, 0.866667, 0.866667, 5e+16, 0.0288300732, 744.888863, 0.317904373, 744.91822, -744.887324, -0.0288198165, -744.916682, -1.50521459, 0.000760927402, -1.50441795, 0, 1.65885747e-08, 1.65885747e-08, 792233715, 792233715, 0, 0.27, 3.332, 0, -744.916144, -1.50445366, 0, 4.99718255e+16, 0.127765997, 0.129504086, 0, 0
11.1420573, 0, 0, 5e+16, 0, 1.81176366e-13, 3.718e+18, 6.44e+20, 4.85, 4, 190.803577, 18.8121601, 0.866667, 1064568.09, 5.70758387e+20, 2.23149123e+14, 1.93043564e+11, 744.957392, -188.771981, -192.572016, 5e+16, 1.16778037e+19, -1063680.39, 43399.0765, 376.838592, 18.8121601, 96.399759, 0.866667, 0.866667, 5e+16, 0.0288739214, 744.92853, 0.317894326, 744.95793, -744.926995, -0.0288636415, -744.956397, -1.50395584, 0.000762376276, -1.5031578, 0, 1.65885985e-08, 1.65885985e-08, 792289958, 792289958, 0, 0.27, 3.332, 0, -744.955859, -1.50319346, 0, 4.99718241e+16, 0.127910763, 0.129650267, 0, 0
11.1484375, 0, 0, 5e+16, 0, 1.81367526e-13, 3.718e+18, 6.44e+20, 4.85, 4, 191.482518, 18.7943767, 0.866667, 1065569.65, 5.8023384e+20, 2.23302797e+14, 1.95789211e+11, 745.515873, -189.450905, -193.251404, 5e+16, 1.18389496e+19, -1064684.85, 43346.8675, 376.843914, 18.7943767, 96.3997608, 0.866667, 0.866667, 5e+16, 0.0292980523, 745.486587, 0.317978203, 745.516412, -745.485158, -0.0292876423, -745.514985, -1.4501894, 0.000772877212, -1.4493815, 0, 1.6588931e-08, 1.6588931e-08, 793674099, 793674099, 0, 0.27, 3.332, 0, -745.514446, -1.44941652, 0, 4.99718051e+16, 0.129941027, 0.131693602, 0, 0
11.1488932, 0, 0, 5e+16, 0, 1.8138115e-13, 3.718e+18, 6.44e+20, 4.85, 4, 191.531066, 18.7931178, 0.866667, 1065640.61, 5.80997461e+20, 2.23345989e+14, 1.95990128e+11, 745.554353, -189.499448, -193.299985, 5e+16, 1.18556936e+19, -1064756.08, 43343.0814, 376.844293, 18.7931178, 96.3998016, 0.866667, 0.866667, 5e+16, 0.029342601, 745.525023, 0.317966989, 745.554892, -745.523599, -0.0293321675, -745.553471, -1.4488542, 0.00077434654, -1.44804489, 0, 1.65889547e-08, 1.65889547e-08, 793729091, 793729091, 0, 0.27, 3.332, 0, -745.552932, -1.44807986, 0, 4.99718037e+16, 0.130087654, 0.13184153, 0, 0
11.1552734, 0, 0, 5e+16, 0, 1.81572285e-13, 3.718e+18, 6.44e+20, 4.85, 4, 192.210692, 18.7754457, 0.866667, 1066637.71, 5.90554617e+20, 2.23485648e+14, 1.987521e+11, 746.070278, -190.179058, -193.980055, 5e+16, 1.20177848e+19, -1065755.93, 43294.2912, 376.849608, 18.7754457, 96.3999541, 0.866667, 0.866667, 5e+16, 0.0297695986, 746.040521, 0.318023573, 746.070819, -746.039219, -0.0297590296, -746.069518, -1.38434098, 0.000785100699, -1.38352155, 0, 1.6589287e-08, 1.6589287e-08, 795064527, 795064527, 0, 0.27, 3.332, 0, -746.068978, -1.38355588, 0, 4.99717865e+16, 0.132139497, 0.133905076, 0, 0
11.1557291, 0, 0, 5e+16, 0, 1.81585909e-13, 3.718e+18, 6.44e+20, 4.85, 4, 192.259289, 18.7741912, 0.866667, 1066726.23, 5.91543388e+20, 2.23544945e+14, 1.98956017e+11, 746.123878, -190.227647, -194.028685, 5e+16, 1.20347883e+19, -1065844.73, 43290.8066, 376.849987, 18.7741912, 96.3999542, 0.866667, 0.866667, 5e+16, 0.0298378686, 746.094053, 0.318015066, 746.124418, -746.092763, -0.0298272924, -746.12313, -1.38071207, 0.000786590163, -1.37989121, 0, 1.65893107e-08, 1.65893107e-08, 795142927, 795142927, 0, 0.27, 3.332, 0, -746.12259, -1.37992548, 0, 4.99717846e+16, 0.132360238, 0.134130264, 0, 0
11.1621094, 0, 0, 5e+16, 0, 1.81776976e-13, 3.718e+18, 6.44e+20, 4.85, 4, 192.939604, 18.7567018, 0.866667, 1067959.6, 6.03602361e+20, 2.23701409e+14, 2.01732678e+11, 746.732639, -190.907945, -194.709439, 5e+16, 1.21977283e+19, -1067081.66, 43226.253, 376.855294, 18.7567018, 96.3999544, 0.866667, 0.866667, 5e+16, 0.0304895174, 746.702162, 0.318190203, 746.733181, -746.701162, -0.0304788701, -746.732183, -1.21158899, 0.000797591476, -1.21075778, 0, 1.65896424e-08, 1.65896424e-08, 796954034, 796954034, 0, 0.27, 3.332, 0, -746.731641, -1.2107914, 0, 4.99717652e+16, 0.135480469, 0.137223347, 0, 0
11.1630209, 0, 0, 5e+16, 0, 1.81804217e-13, 3.718e+18, 6.44e+20, 4.85, 4, 193.036946, 18.754814, 0.866667, 1068103.75, 6.04888197e+20, 2.23563274e+14, 2.02043102e+11, 746.669295, -191.005307, -194.806829, 5e+16, 1.22236222e+19, -1067229.45, 43154.7732, 376.856051, 18.754814, 96.3999548, 0.866667, 0.866667, 5e+16, 0.0306065179, 746.638701, 0.318178768, 746.669837, -746.637767, -0.0305958691, -746.668905, -1.17463705, 0.00079982741, -1.1738037, 0, 1.65896897e-08, 1.65896897e-08, 796926044, 796926044, 0, 0.27, 3.332, 0, -746.668363, -1.17383722, 0, 4.99717698e+16, 0.135922375, 0.137650343, 0, 0
11.1757813, 0, 0, 5e+16, 0, 1.82185625e-13, 3.718e+18, 6.44e+20, 4.85, 4, 194.39956, 18.72918, 0.866667, 1070189.24, 6.09479938e+20, 2.16023927e+14, 2.06299516e+11, 728.120287, -192.369047, -196.170099, 5e+16, 1.24728322e+19, -1069350.45, 42294.9189, 376.866627, 18.72918, 96.3998109, 0.866667, 0.866667, 5e+16, 0.0306203322, 728.089728, 0.31984883, 728.120812, -728.084403, -0.0305512273, -728.115479, -2.76468391, -0.00181776919, -2.7664685, 0, 1.65903508e-08, 1.65903508e-08, 778363102, 778363102, 0, 0.27, 3.332, 0, -728.114954, -2.76650169, 0, 4.9972773e+16, 0.141257006, 0.142498745, 0, 0
11.1776042, 0, 0, 5e+16, 0, 1.82240455e-13, 3.718e+18, 6.44e+20, 4.85, 4, 194.594893, 18.7250234, 0.866667, 1070606.26, 6.23817214e+20, 2.1901977e+14, 2.06923587e+11, 732.062532, -192.563934, -196.365527, 5e+16, 1.2526642e+19, -1069761.55, 42426.6263, 376.868145, 18.7250234, 96.3997304, 0.866667, 0.866667, 5e+16, 0.0310393661, 732.031555, 0.323207658, 732.063058, -732.025045, -0.0309706443, -732.056542, -2.96022554, -0.00182185239, -2.96201443, 0, 1.65904457e-08, 1.65904457e-08, 782723546, 782723546, 0, 0.27, 3.332, 0, -732.056016, -2.9620474, 0, 4.99726605e+16, 0.142796978, 0.143975401, 0, 0
11.203125, 0, 0, 5e+16, 0, 1.829782e-13, 3.718e+18, 6.44e+20, 4.85, 4, 197.325014, 18.6671884, 0.866667, 1076903.89, 5.27655055e+20, 1.86788614e+14, 1.97633122e+11, 756.598012, -195.299244, -199.094114, 5e+16, 1.30461036e+19, -1075840.23, 47446.9806, 376.888535, 18.6671884, 96.3992184, 0.866667, 0.866667, 5e+16, 0.0345555781, 756.563488, 0.301259704, 756.59865, -756.311823, -0.0345290118, -756.346988, 15.7341151, 0.00129493109, 15.7354466, 0, 1.65917204e-08, 1.65917204e-08, 997200221, 997200221, 0, 0.27, 3.332, 0, -756.34635, 15.7354101, 0, 4.99651154e+16, 0.164693491, 0.166335273, 0, 0
11.2614583, 0, 0, 5e+16, 0, 1.84711877e-13, 3.718e+18, 6.44e+20, 4.85, 4, 203.636266, 18.5716185, 0.866667, 1084726.79, 5.5512878e+20, 1.69072725e+14, 2.11645015e+11, 737.708158, -201.613785, -205.407495, 5e+16, 1.43407959e+19, -1083728.13, 46285.9208, 376.935999, 18.5716185, 96.3999264, 0.866667, 0.866667, 5e+16, 0.0382042588, 737.669963, 0.294859521, 737.708797, -737.409191, -0.0381760958, -737.448004, 19.4234841, 0.00140300732, 19.4249176, 0, 1.65946876e-08, 1.65946876e-08, 978170182, 978170182, 0, 0.27, 3.332, 0, -737.447365, 19.4248871, 0, 4.9965941e+16, 0.180711805, 0.182238574, 0, 0
11.3125, 0, 0, 5e+16, 0, 1.86243093e-13, 3.718e+18, 6.44e+20, 4.85, 4, 209.157958, 18.486514, 0.866667, 1092597.54, 6.24882112e+20, 1.73018866e+14, 2.28084069e+11, 760.922351, -207.134766, -210.93153, 5e+16, 1.49399478e+19, -1091599.53, 46417.397, 376.977826, 18.486514, 96.399931, 0.866667, 0.866667, 5e+16, 0.0394261699, 760.882933, 0.280435463, 760.922991, -760.858556, -0.0394076553, -760.898601, 4.81316476, 0.00120771855, 4.81439116, 0, 1.65973025e-08, 1.65973025e-08, 1.01709713e+09, 1.01709713e+09, 0, 0.27, 3.332, 0, -760.897962, 4.81437248, 0, 4.99644442e+16, 0.194790945, 0.196139452, 0, 0
11.3708333, 0, 0, 5e+16, 0, 1.87975943e-13, 3.718e+18, 6.44e+20, 4.85, 4, 215.567232, 18.3357342, 0.866667, 1101424.61, 6.61149257e+20, 1.66852412e+14, 2.52340089e+11, 746.546078, -213.54527, -217.343994, 5e+16, 1.71857766e+19, -1100453.21, 46044.6614, 377.024468, 18.3357342, 96.3999354, 0.866667, 0.866667, 5e+16, 0.0461988659, 746.499895, 0.273338371, 746.54672, -746.491772, -0.0461778076, -746.538591, 3.42121878, 0.0013945418, 3.42262612, 0, 1.66002186e-08, 1.66002186e-08, 1.0031456e+09, 1.0031456e+09, 0, 0.27, 3.332, 0, -746.537949, 3.42261332, 0, 4.99647102e+16, 0.223214235, 0.224838724, 0, 0
11.421875, 0, 0, 5e+16, 0, 1.89506093e-13, 3.718e+18, 6.44e+20, 4.85, 4, 221.17474, 18.2037, 0.866667, 1109133.36, 7.51682374e+20, 1.68073824e+14, 2.78756672e+11, 767.659408, -219.15258, -222.954653, 5e+16, 1.81479033e+19, -1108178.09, 45751.8787, 377.065557, 18.2037, 96.3999393, 0.866667, 0.866667, 5e+16, 0.0484224555, 767.610999, 0.264269233, 767.660054, -767.608066, -0.0484006805, -767.65711, 1.58363375, 0.00145144158, 1.58509317, 0, 1.66027876e-08, 1.66027876e-08, 1.04610495e+09, 1.04610495e+09, 0, 0.27, 3.332, 0, -767.656463, 1.5850852, 0, 4.99642387e+16, 0.247890696, 0.249848297, 0, 0
11.4802083, 0, 0, 5e+16, 0, 1.91235727e-13, 3.718e+18, 6.44e+20, 4.85, 4, 227.67972, 18.0608671, 0.866667, 1117788.19, 8.30099414e+20, 1.66712303e+14, 3.07353616e+11, 763.431782, -225.657875, -229.462716, 5e+16, 2.07572626e+19, -1116853.95, 45478.4126, 377.111342, 18.0608671, 96.3999421, 0.866667, 0.866667, 5e+16, 0.0564178732, 763.375385, 0.261781305, 763.432428, -763.374656, -0.0563931561, -763.431692, 1.05491145, 0.00166952808, 1.05658337, 0, 1.66056504e-08, 1.66056504e-08, 1.04302684e+09, 1.04302684e+09, 0, 0.27, 3.332, 0, -763.431046, 1.05658097, 0, 4.9964298e+16, 0.281754836, 0.28444541, 0, 0
11.53125, 0, 0, 5e+16, 0, 1.92758538e-13, 3.718e+18, 6.44e+20, 4.85, 4, 233.371142, 17.9356101, 0.866667, 1125357.78, 9.29003915e+20, 1.66985428e+14, 3.37280343e+11, 769.811045, -231.34928, -235.157075, 5e+16, 2.1859944e+19, -1124435.57, 45280.7941, 377.151554, 17.9356101, 96.3999446, 0.866667, 0.866667, 5e+16, 0.0590106756, 769.752059, 0.258770159, 769.811687, -769.751889, -0.0589851441, -769.81152, 0.365726778, 0.00173494834, 0.36745953, 0, 1.66081647e-08, 1.66081647e-08, 1.0657623e+09, 1.0657623e+09, 0, 0.27, 3.332, 0, -769.810874, 0.367461726, 0, 4.99642101e+16, 0.311569064, 0.314625305, 0, 0
11.5895833, 0, 0, 5e+16, 0, 1.94483446e-13, 3.718e+18, 6.44e+20, 4.85, 4, 239.970216, 17.7992215, 0.866667, 1133906, 1.04140452e+21, 1.67121914e+14, 3.70829935e+11, 769.146273, -237.948378, -241.759143, 5e+16, 2.48860098e+19, -1132998.66, 45130.1886, 377.196472, 17.7992215, 96.3999461, 0.866667, 0.866667, 5e+16, 0.0684444771, 769.077858, 0.257935892, 769.146912, -769.077825, -0.0684154683, -769.146884, 0.20055861, 0.00199205869, 0.202543282, 0, 1.66109736e-08, 1.66109736e-08, 1.06658285e+09, 1.06658285e+09, 0, 0.27, 3.332, 0, -769.146241, 0.202550669, 0, 4.99642073e+16, 0.352482064, 0.356238926, 0, 0
11.640625, 0, 0, 5e+16, 0, 1.960004e-13, 3.718e+18, 6.44e+20, 4.85, 4, 245.744164, 17.6795868, 0.866667, 1141391.95, 1.15623142e+21, 1.67108815e+14, 4.04859794e+11, 770.272037, -243.722365, -247.535865, 5e+16, 2.61496463e+19, -1140492.51, 45037.5386, 377.235876, 17.6795868, 96.3999474, 0.866667, 0.866667, 5e+16, 0.0714666035, 770.200602, 0.257077572, 770.272675, -770.200602, -0.071436633, -770.272675, -0.0110744162, 0.00206860817, -0.00901746708, 0, 1.66134378e-08, 1.66134378e-08, 1.08187535e+09, 1.08187535e+09, 0, 0.27, 3.332, 0, -770.272037, -0.00900580806, 0, 4.99642367e+16, 0.388492519, 0.392564316, 0, 0
11.6989583, 0, 0, 5e+16, 0, 1.97719691e-13, 3.718e+18, 6.44e+20, 4.85, 4, 252.436473, 17.5482254, 0.866667, 1149909.47, 1.29799439e+21, 1.67291084e+14, 4.44115778e+11, 770.457978, -250.414688, -254.231098, 5e+16, 2.96562029e+19, -1149019.11, 45011.4396, 377.279936, 17.5482254, 96.3999477, 0.866667, 0.866667, 5e+16, 0.0826054414, 770.37541, 0.256653508, 770.458612, -770.375409, -0.0825712863, -770.458612, -0.0201637528, 0.00237453948, -0.0178056024, 0, 1.66161932e-08, 1.66161932e-08, 1.08365036e+09, 1.08365036e+09, 0, 0.27, 3.332, 0, -770.457978, -0.0177892133, 0, 4.99642318e+16, 0.438039342, 0.442692451, 0, 0
11.75, 0, 0, 5e+16, 0, 1.9923134e-13, 3.718e+18, 6.44e+20, 4.85, 4, 258.292206, 17.4329918, 0.866667, 1157377.18, 1.43509834e+21, 1.67265511e+14, 4.82946318e+11, 770.296353, -256.270461, -260.089478, 5e+16, 3.11051717e+19, -1156491.01, 45019.9227, 377.318576, 17.4329918, 96.3999479, 0.866667, 0.866667, 5e+16, 0.0861317658, 770.210257, 0.256321858, 770.296982, -770.210256, -0.0860964423, -770.296982, -0.0294107801, 0.00246545881, -0.0269656078, 0, 1.66186097e-08, 1.66186097e-08, 1.09706433e+09, 1.09706433e+09, 0, 0.27, 3.332, 0, -770.296353, -0.0269453213, 0, 4.99642659e+16, 0.481519124, 0.486461477, 0, 0
11.8083333, 0, 0, 5e+16, 0, 2.00944035e-13, 3.718e+18, 6.44e+20, 4.85, 4, 265.077788, 17.3051921, 0.866667, 1165919.56, 1.6048676e+21, 1.67009711e+14, 5.2882875e+11, 770.269446, -263.05614, -266.877927, 5e+16, 3.51688333e+19, -1165037.59, 45103.5991, 377.36178, 17.3051921, 96.3999472, 0.866667, 0.866667, 5e+16, 0.0992973077, 770.170188, 0.25581243, 770.270068, -770.170183, -0.0992569623, -770.270061, 0.0148876268, 0.0028294836, 0.0176925775, 0, 1.6621312e-08, 1.6621312e-08, 1.09859998e+09, 1.09859998e+09, 0, 0.27, 3.332, 0, -770.269439, 0.0177171104, 0, 4.9964279e+16, 0.541411335, 0.546890644, 0, 0
11.859375, 0, 0, 5e+16, 0, 2.02450116e-13, 3.718e+18, 6.44e+20, 4.85, 4, 271.015295, 17.1931472, 0.866667, 1173413.95, 1.77030026e+21, 1.67064081e+14, 5.73329852e+11, 770.399441, -268.993672, -272.817986, 5e+16, 3.68338952e+19, -1172532.98, 45202.9946, 377.399675, 17.1931472, 96.3999465, 0.866667, 0.866667, 5e+16, 0.10341752, 770.296067, 0.255365281, 770.400053, -770.296061, -0.103375753, -770.400046, 0.0739273781, 0.00293773327, 0.0768370726, 0, 1.66236822e-08, 1.66236822e-08, 1.11248041e+09, 1.11248041e+09, 0, 0.27, 3.332, 0, -770.399434, 0.0768651113, 0, 4.99642798e+16, 0.593886906, 0.599673371, 0, 0
11.9177083, 0, 0, 5e+16, 0, 2.04155222e-13, 3.718e+18, 6.44e+20, 4.85, 4, 277.894579, 17.0682456, 0.866667, 1182039.59, 1.9691521e+21, 1.66100094e+14, 6.26922285e+11, 769.748768, -275.873191, -279.700096, 5e+16, 4.15415558e+19, -1181157.92, 45401.4956, 377.44203, 17.0682456, 96.3999445, 0.866667, 0.866667, 5e+16, 0.119002464, 769.629813, 0.25457752, 769.74937, -769.629753, -0.118954554, -769.749307, 0.14808292, 0.0033753936, 0.151426393, 0, 1.66263314e-08, 1.66263314e-08, 1.11328867e+09, 1.11328867e+09, 0, 0.27, 3.332, 0, -769.748705, 0.151458313, 0, 4.99643219e+16, 0.666401494, 0.672720162, 0, 0
11.96875, 0, 0, 5e+16, 0, 2.05655151e-13, 3.718e+18, 6.44e+20, 4.85, 4, 283.914264, 16.9587145, 0.866667, 1189615.85, 2.16962503e+21, 1.66284448e+14, 6.78065476e+11, 770.790186, -281.892874, -285.722258, 5e+16, 4.34571089e+19, -1188731.95, 45596.1021, 377.479191, 16.9587145, 96.3999428, 0.866667, 0.866667, 5e+16, 0.123828906, 770.666401, 0.25376623, 770.790774, -770.666327, -0.123779226, -770.790697, 0.245057418, 0.0035061294, 0.248528427, 0, 1.66286559e-08, 1.66286559e-08, 1.12867309e+09, 1.12867309e+09, 0, 0.27, 3.332, 0, -770.790109, 0.248563547, 0, 4.99642684e+16, 0.729877833, 0.736541803, 0, 0
12.0270833, 0, 0, 5e+16, 0, 2.07351861e-13, 3.718e+18, 6.44e+20, 4.85, 4, 290.888511, 16.8355581, 0.866667, 1198386.51, 2.39991406e+21, 1.64581544e+14, 7.40692544e+11, 769.360355, -288.867502, -292.6993, 5e+16, 4.89120437e+19, -1197497.69, 45897.4094, 377.520706, 16.8355581, 96.3999396, 0.866667, 0.866667, 5e+16, 0.142313478, 769.218089, 0.252628053, 769.360932, -769.217897, -0.142256281, -769.360733, 0.321535516, 0.0040332446, 0.325530149, 0, 1.66312529e-08, 1.66312529e-08, 1.12854769e+09, 1.12854769e+09, 0, 0.27, 3.332, 0, -769.360157, 0.325568761, 0, 4.99643401e+16, 0.817942365, 0.825195704, 0, 0
12.078125, 0, 0, 5e+16, 0, 2.08845081e-13, 3.718e+18, 6.44e+20, 4.85, 4, 296.991449, 16.7276023, 0.866667, 1206094.88, 2.64341179e+21, 1.64896163e+14, 7.99780619e+11, 771.551037, -294.970411, -298.804662, 5e+16, 5.11246128e+19, -1205201.11, 46174.078, 377.557144, 16.7276023, 96.3999368, 0.866667, 0.866667, 5e+16, 0.147988512, 771.403102, 0.251359205, 771.5516, -771.402882, -0.147929102, -771.551374, 0.421270799, 0.00419175853, 0.425421065, 0, 1.66335323e-08, 1.66335323e-08, 1.14595009e+09, 1.14595009e+09, 0, 0.27, 3.332, 0, -771.550811, 0.425462557, 0, 4.99642309e+16, 0.894988679, 0.902658035, 0, 0
12.1364583, 0, 0, 5e+16, 0, 2.10532525e-13, 3.718e+18, 6.44e+20, 4.85, 4, 304.062481, 16.6054857, 0.866667, 1215058.92, 2.90918521e+21, 1.62500083e+14, 8.73012719e+11, 769.369888, -302.041965, -305.878469, 5e+16, 5.74429219e+19, -1214156.67, 46563.9746, 377.597824, 16.6054857, 96.3999322, 0.866667, 0.866667, 5e+16, 0.169950003, 769.199996, 0.249886297, 769.370438, -769.19961, -0.169881379, -769.370042, 0.490279819, 0.00482791434, 0.495063145, 0, 1.66360774e-08, 1.66360774e-08, 1.14489397e+09, 1.14489397e+09, 0, 0.27, 3.332, 0, -769.369492, 0.495107733, 0, 4.99643295e+16, 1.00224466, 1.01060992, 0, 0
12.1875, 0, 0, 5e+16, 0, 2.12018318e-13, 3.718e+18, 6.44e+20, 4.85, 4, 310.250248, 16.4984743, 0.866667, 1222940.73, 3.20480327e+21, 1.6292711e+14, 9.41584039e+11, 772.670467, -308.229679, -312.068626, 5e+16, 6.00076946e+19, -1222031.23, 46911.0387, 377.633547, 16.4984743, 96.3999281, 0.866667, 0.866667, 5e+16, 0.176646212, 772.493879, 0.248178679, 772.671003, -772.493456, -0.176574818, -772.67057, 0.58047535, 0.0050207582, 0.585448964, 0, 1.66383123e-08, 1.66383123e-08, 1.16440488e+09, 1.16440488e+09, 0, 0.27, 3.332, 0, -772.670034, 0.585496108, 0, 4.99641699e+16, 1.09605405, 1.10493355, 0, 0
12.2458333, 0, 0, 5e+16, 0, 2.13695385e-13, 3.718e+18, 6.44e+20, 4.85, 4, 317.42039, 16.3768416, 0.866667, 1232132.62, 3.51144585e+21, 1.59940702e+14, 1.02728374e+12, 769.846019, -315.400468, -319.241528, 5e+16, 6.73185444e+19, -1231211.7, 47375.5662, 377.673396, 16.3768416, 96.399922, 0.866667, 0.866667, 5e+16, 0.202775776, 769.643308, 0.246425064, 769.846541, -769.642704, -0.202693115, -769.845922, 0.635135255, 0.00578817675, 0.640873571, 0, 1.66408055e-08, 1.66408055e-08, 1.16251771e+09, 1.16251771e+09, 0, 0.27, 3.332, 0, -769.845401, 0.640923431, 0, 4.996429e+16, 1.22692621, 1.23666204, 0, 0
12.296875, 0, 0, 5e+16, 0, 2.15172768e-13, 3.718e+18, 6.44e+20, 4.85, 4, 323.694991, 16.2702966, 0.866667, 1240216.63, 3.86953769e+21, 1.60450503e+14, 1.10717208e+12, 774.09508, -321.674997, -325.518499, 5e+16, 7.03015172e+19, -1239286.48, 47783.283, 377.708403, 16.2702966, 96.3999166, 0.866667, 0.866667, 5e+16, 0.210699931, 773.884449, 0.244346341, 774.095583, -773.883808, -0.210613812, -774.094927, 0.707092961, 0.00602278859, 0.713063645, 0, 1.66429958e-08, 1.66429958e-08, 1.1840181e+09, 1.1840181e+09, 0, 0.27, 3.332, 0, -774.094419, 0.71311575, 0, 4.99640903e+16, 1.34138813, 1.3517699, 0, 0
12.3552083, 0, 0, 5e+16, 0, 2.16838142e-13, 3.718e+18, 6.44e+20, 4.85, 4, 330.96685, 16.1489113, 0.866667, 1249668.09, 4.22362997e+21, 1.56924663e+14, 1.20752942e+12, 770.742004, -328.947624, -332.79311, 5e+16, 7.87425839e+19, -1248723.75, 48318.9493, 377.747417, 16.1489113, 96.3999084, 0.866667, 0.866667, 5e+16, 0.241829712, 770.500251, 0.24236875, 770.742491, -770.499417, -0.241729753, -770.741636, 0.752557092, 0.0069513656, 0.759453963, 0, 1.6645437e-08, 1.6645437e-08, 1.18141213e+09, 1.18141213e+09, 0, 0.27, 3.332, 0, -770.741144, 0.759508457, 0, 4.99642285e+16, 1.50142934, 1.51285483, 0, 0
12.40625, 0, 0, 5e+16, 0, 2.18305939e-13, 3.718e+18, 6.44e+20, 4.85, 4, 337.330567, 16.0425894, 0.866667, 1257983.44, 4.65637882e+21, 1.57496677e+14, 1.30085498e+12, 775.766441, -335.311254, -339.159184, 5e+16, 8.22201274e+19, -1257027.94, 48785.4081, 377.781705, 16.0425894, 96.3999013, 0.866667, 0.866667, 5e+16, 0.251233108, 775.515294, 0.239990229, 775.766919, -775.514423, -0.251128811, -775.766021, 0.813016726, 0.00723791296, 0.820198171, 0, 1.66475825e-08, 1.66475825e-08, 1.20474866e+09, 1.20474866e+09, 0, 0.27, 3.332, 0, -775.765548, 0.820254639, 0, 4.99639952e+16, 1.64139788, 1.65362886, 0, 0
12.4645833, 0, 0, 5e+16, 0, 2.19958078e-13, 3.718e+18, 6.44e+20, 4.85, 4, 344.707148, 15.9211165, 0.866667, 1267725.28, 5.06516705e+21, 1.5349604e+14, 1.41847954e+12, 771.979933, -342.688716, -346.538513, 5e+16, 9.19369599e+19, -1266752.96, 49387.6616, 377.819874, 15.9211165, 96.3998906, 0.866667, 0.866667, 5e+16, 0.288367557, 771.69166, 0.237835137, 771.980393, -771.6906, -0.288246253, -771.9793, 0.847955824, 0.00836248379, 0.856259748, 0, 1.6649971e-08, 1.6649971e-08, 1.20151723e+09, 1.20151723e+09, 0, 0.27, 3.332, 0, -771.978844, 0.856318308, 0, 4.99641477e+16, 1.83751401, 1.85102656, 0, 0
12.515625, 0, 0, 5e+16, 0, 2.21414922e-13, 3.718e+18, 6.44e+20, 4.85, 4, 351.162599, 15.8147386, 0.866667, 1276298.21, 5.58706817e+21, 1.54108255e+14, 1.52783388e+12, 777.636115, -349.144067, -352.996318, 5e+16, 9.60026184e+19, -1275312.9, 49909.415, 377.853436, 15.8147386, 96.3998813, 0.866667, 0.866667, 5e+16, 0.29955834, 777.336652, 0.235215385, 777.636552, -777.335563, -0.299431592, -777.635431, 0.895146106, 0.00871300573, 0.903798819, 0, 1.66520711e-08, 1.66520711e-08, 1.22657137e+09, 1.22657137e+09, 0, 0.27, 3.332, 0, -777.634993, 0.903859112, 0, 4.9963888e+16, 2.00903186, 2.02355469, 0, 0
12.5739583, 0, 0, 5e+16, 0, 2.23052101e-13, 3.718e+18, 6.44e+20, 4.85, 4, 358.647199, 15.6930019, 0.866667, 1286362.76, 6.05886109e+21, 1.49663334e+14, 1.66581324e+12, 773.501019, -356.629663, -360.483665, 5e+16, 1.0713741e+20, -1285358.07, 50577.4333, 377.890749, 15.6930019, 96.3998672, 0.866667, 0.866667, 5e+16, 0.343911205, 773.157214, 0.232923067, 773.501439, -773.155936, -0.343763472, -773.500117, 0.923145987, 0.0100787509, 0.933162609, 0, 1.66544063e-08, 1.66544063e-08, 1.222799e+09, 1.222799e+09, 0, 0.27, 3.332, 0, -773.499697, 0.933224739, 0, 4.99640525e+16, 2.24994594, 2.26603054, 0, 0
12.625, 0, 0, 5e+16, 0, 2.24496467e-13, 3.718e+18, 6.44e+20, 4.85, 4, 365.197273, 15.5863952, 0.866667, 1295222.36, 6.68718205e+21, 1.50300271e+14, 1.79427255e+12, 779.661654, -363.179628, -367.036095, 5e+16, 1.11902442e+20, -1294202.84, 51153.4596, 377.923572, 15.5863952, 96.3998549, 0.866667, 0.866667, 5e+16, 0.357268787, 779.304498, 0.230113506, 779.662055, -779.303192, -0.357114189, -779.660705, 0.96165364, 0.0105091145, 0.97209911, 0, 1.66564604e-08, 1.66564604e-08, 1.24947092e+09, 1.24947092e+09, 0, 0.27, 3.332, 0, -779.660304, 0.972162757, 0, 4.99637712e+16, 2.4606242, 2.47797165, 0, 0
12.6833333, 0, 0, 5e+16, 0, 2.2611672e-13, 3.718e+18, 6.44e+20, 4.85, 4, 372.793589, 15.4641337, 0.866667, 1305638.39, 7.23118522e+21, 1.4547595e+14, 1.95628717e+12, 775.261084, -370.777048, -374.635161, 5e+16, 1.24585254e+20, -1304597.08, 51882.3875, 377.960014, 15.4641337, 96.3998367, 0.866667, 0.866667, 5e+16, 0.410302063, 774.850907, 0.227721864, 775.261466, -774.849432, -0.410121588, -775.259935, 0.979882593, 0.0121679536, 0.991985309, 0, 1.66587412e-08, 1.66587412e-08, 1.2452438e+09, 1.2452438e+09, 0, 0.27, 3.332, 0, -775.259552, 0.992050549, 0, 4.99639439e+16, 2.75713168, 2.77640821, 0, 0
12.734375, 0, 0, 5e+16, 0, 2.27546866e-13, 3.718e+18, 6.44e+20, 4.85, 4, 379.441507, 15.3570889, 0.866667, 1314808.66, 7.98615707e+21, 1.46118906e+14, 2.10761134e+12, 781.803484, -377.424852, -381.285445, 5e+16, 1.30186077e+20, -1313750.8, 52509.0983, 377.992083, 15.3570889, 96.3998207, 0.866667, 0.866667, 5e+16, 0.426291525, 781.377329, 0.224771826, 781.803844, -781.37583, -0.426102402, -781.802293, 1.00587497, 0.0126967253, 1.01850515, 0, 1.66607483e-08, 1.66607483e-08, 1.27342922e+09, 1.27342922e+09, 0, 0.27, 3.332, 0, -781.801934, 1.0185717, 0, 4.9963648e+16, 3.01641863, 3.03728675, 0, 0
12.7927083, 0, 0, 5e+16, 0, 2.29148008e-13, 3.718e+18, 6.44e+20, 4.85, 4, 387.153487, 15.234239, 0.866667, 1325605.42, 8.61301593e+21, 1.4094261e+14, 2.29800497e+12, 777.217004, -385.138048, -389.000179, 5e+16, 1.44506784e+20, -1324523.33, 53299.5873, 378.027632, 15.234239, 96.3997967, 0.866667, 0.866667, 5e+16, 0.489767618, 776.727389, 0.22231559, 777.217345, -776.725728, -0.489546464, -777.215616, 1.01830075, 0.0147165813, 1.03294939, 0, 1.66629734e-08, 1.66629734e-08, 1.2688329e+09, 1.2688329e+09, 0, 0.27, 3.332, 0, -777.215275, 1.03301733, 0, 4.99638267e+16, 3.38211918, 3.40535328, 0, 0
12.84375, 0, 0, 5e+16, 0, 2.30562e-13, 3.718e+18, 6.44e+20, 4.85, 4, 393.902711, 15.1266779, 0.866667, 1335113.05, 9.51844089e+21, 1.41580011e+14, 2.4766266e+12, 784.026268, -391.887153, -395.751782, 5e+16, 1.51104754e+20, -1334012.61, 53977.6338, 378.058929, 15.1266779, 96.3997757, 0.866667, 0.866667, 5e+16, 0.508961902, 783.517469, 0.219271248, 784.02659, -783.515798, -0.508729811, -784.024847, 1.03686006, 0.015368421, 1.0521594, 0, 1.66649323e-08, 1.66649323e-08, 1.29843153e+09, 1.29843153e+09, 0, 0.27, 3.332, 0, -784.024525, 1.05222848, 0, 4.99635203e+16, 3.70188927, 3.72712077, 0, 0
12.9020833, 0, 0, 5.00000001e+16, 0, 2.32141548e-13, 3.718e+18, 6.44e+20, 4.85, 4, 401.734675, 15.0030744, 0.866666999, 1346317.64, 1.02395878e+22, 1.36108816e+14, 2.70057178e+12, 779.325903, -399.720441, -403.586504, 5.00000001e+16, 1.67090032e+20, -1345190.62, 54827.1367, 378.09356, 15.0030744, 96.3997443, 0.866667, 0.866666999, 5.00000001e+16, 0.585001508, 778.741083, 0.216780045, 779.326205, -778.739276, -0.584729781, -779.324306, 1.04146016, 0.0178282712, 1.05921816, 0, 1.66671e-08, 1.66671e-08, 1.29354599e+09, 1.29354599e+09, 0, 0.27, 3.332, 0, -779.324003, 1.05928843, 0, 4.99637019e+16, 4.15367414, 4.18183744, 0, 0
12.953125, 0, 0, 5.00000001e+16, 0, 2.33537194e-13, 3.718e+18, 6.44e+20, 4.85, 4, 408.588974, 14.8948698, 0.866666999, 1356185.42, 1.13232575e+22, 1.3672745e+14, 2.91191161e+12, 786.300376, -406.57462, -410.443202, 5.00000001e+16, 1.74883307e+20, -1355038.28, 55554.9089, 378.124061, 14.8948698, 96.3997168, 0.866667, 0.866666999, 5.00000001e+16, 0.608107417, 785.692461, 0.213682032, 786.300655, -785.69065, -0.607821865, -786.298751, 1.04978443, 0.01863257, 1.06834576, 0, 1.66690093e-08, 1.66690093e-08, 1.32447016e+09, 1.32447016e+09, 0, 0.27, 3.332, 0, -786.298472, 1.068417, 0, 4.99633905e+16, 4.54870686, 4.5793936, 0, 0
13.0114583, 0, 0, 5.00000002e+16, 0, 2.35092399e-13, 3.718e+18, 6.44e+20, 4.85, 4, 416.545481, 14.7705123, 0.866666999, 1367827, 1.21515869e+22, 1.30980889e+14, 3.17551019e+12, 781.551603, -414.532565, -418.402473, 5.00000002e+16, 1.92440776e+20, -1366650.77, 56466.3171, 378.157742, 14.7705123, 96.3996753, 0.866666999, 0.866666999, 5.00000002e+16, 0.699263182, 780.852555, 0.211180963, 781.551861, -780.850613, -0.698928393, -781.549802, 1.05028835, 0.0216355275, 1.07185161, 0, 1.66711178e-08, 1.66711178e-08, 1.31937073e+09, 1.31937073e+09, 0, 0.27, 3.332, 0, -781.549542, 1.07192388, 0, 4.99635735e+16, 5.10790012, 5.14219637, 0, 0
13.0625, 0, 0, 5.00000003e+16, 0, 2.3646727e-13, 3.718e+18, 6.44e+20, 4.85, 4, 423.508856, 14.6616431, 0.866666999, 1378081.66, 1.34460948e+22, 1.31573847e+14, 3.42600307e+12, 788.60219, -421.49582, -425.368267, 5.00000003e+16, 2.01665807e+20, -1376883.39, 57246.2577, 378.187421, 14.6616431, 96.3996389, 0.866666999, 0.866666999, 5.00000003e+16, 0.727159083, 787.875263, 0.208064902, 788.60242, -787.873321, -0.726806747, -788.60036, 1.05319583, 0.0226313488, 1.07575407, 0, 1.66729757e-08, 1.66729757e-08, 1.35154807e+09, 1.35154807e+09, 0, 0.27, 3.332, 0, -788.600129, 1.07582718, 0, 4.99632601e+16, 5.5968151, 5.63428655, 0, 0
13.1208333, 0, 0, 5.00000005e+16, 0, 2.37995037e-13, 3.718e+18, 6.44e+20, 4.85, 4, 431.594843, 14.5364179, 0.866666997, 1390187.88, 1.43950488e+22, 1.25602592e+14, 3.73651223e+12, 783.863487, -429.583358, -433.457024, 5.00000005e+16, 2.2054155e+20, -1388957.99, 58219.213, 378.220116, 14.5364179, 96.3995841, 0.866666998, 0.866666997, 5.00000005e+16, 0.836494117, 783.027252, 0.205574273, 783.863697, -783.025208, -0.836080603, -783.8615, 1.04765764, 0.0262980514, 1.07388169, 0, 1.66750225e-08, 1.66750225e-08, 1.34630483e+09, 1.34630483e+09, 0, 0.27, 3.332, 0, -783.86129, 1.07395568, 0, 4.99634421e+16, 6.28996272, 6.33192316, 0, 0
13.171875, 0, 0, 5.00000008e+16, 0, 2.39346405e-13, 3.718e+18, 6.44e+20, 4.85, 4, 438.671606, 14.426802, 0.866666996, 1400852.83, 1.5938244e+22, 1.26161519e+14, 4.03407153e+12, 790.913583, -436.660003, -440.536232, 5.00000008e+16, 2.31490879e+20, -1399598.96, 59051.7232, 378.248939, 14.426802, 96.3995362, 0.866666997, 0.866666996, 5.00000008e+16, 0.87027492, 790.04359, 0.202470612, 790.913775, -790.041556, -0.869839133, -790.911583, 1.04245457, 0.0275326637, 1.0699125, 0, 1.6676827e-08, 1.6676827e-08, 1.37967767e+09, 1.37967767e+09, 0, 0.27, 3.332, 0, -790.911391, 1.06998723, 0, 4.99631312e+16, 6.89599004, 6.94197264, 0, 0
13.2302083, 0, 0, 5.00000015e+16, 0, 2.40843333e-13, 3.718e+18, 6.44e+20, 4.85, 4, 446.892255, 14.3007491, 0.866666992, 1413455.63, 1.70227445e+22, 1.19974134e+14, 4.40003468e+12, 786.236244, -444.882328, -448.759656, 5.00000015e+16, 2.51177064e+20, -1412167.31, 60092.4577, 378.280606, 14.3007491, 96.3994628, 0.866666994, 0.866666992, 5.00000015e+16, 1.00146405, 785.235094, 0.200005938, 786.236414, -785.232958, -1.0009519, -786.234077, 1.03456376, 0.0320218887, 1.06651012, 0, 1.66788096e-08, 1.66788096e-08, 1.3743548e+09, 1.3743548e+09, 0, 0.27, 3.332, 0, -786.233906, 1.06658565, 0, 4.99633114e+16, 7.75676521, 7.8082999, 0, 0
13.28125, 0, 0, 5.00000021e+16, 0, 2.42168205e-13, 3.718e+18, 6.44e+20, 4.85, 4, 454.086957, 14.1903992, 0.866666988, 1424560.55, 1.8858968e+22, 1.20496244e+14, 4.75414174e+12, 793.222813, -452.076914, -455.956831, 5.00000021e+16, 2.64204018e+20, -1423246.06, 60982.7373, 378.308537, 14.1903992, 96.3993985, 0.866666992, 0.866666988, 5.00000021e+16, 1.04251016, 792.180643, 0.196939724, 793.222956, -792.178512, -1.0419696, -793.220627, 1.02608693, 0.0335589231, 1.05956967, 0, 1.66805584e-08, 1.66805584e-08, 1.40888792e+09, 1.40888792e+09, 0, 0.27, 3.332, 0, -793.220485, 1.05964586, 0, 4.99630049e+16, 8.50931664, 8.56592605, 0, 0
13.3395833, 0, 0, 5.00000042e+16, 0, 2.4363049e-13, 3.718e+18, 6.44e+20, 4.85, 4, 462.447878, 14.0634132, 0.866666976, 1437693.28, 2.00942125e+22, 1.14135497e+14, 5.18570054e+12, 788.651461, -460.439639, -464.320531, 5.00000042e+16, 2.8390113e+20, -1436341.36, 62093.2369, 378.339128, 14.0634132, 96.3992999, 0.866666984, 0.866666976, 5.00000042e+16, 1.19994132, 787.451898, 0.194511842, 788.651582, -787.449687, -1.19930535, -788.649117, 1.01377829, 0.0390577713, 1.05275914, 0, 1.66824738e-08, 1.66824738e-08, 1.40354439e+09, 1.40354439e+09, 0, 0.27, 3.332, 0, -788.648996, 1.05283607, 0, 4.99631822e+16, 9.57998678, 9.64353963, 0, 0
13.390625, 0, 0, 5.00000059e+16, 0, 2.44925524e-13, 3.718e+18, 6.44e+20, 4.85, 4, 469.765424, 13.952256, 0.866666966, 1449266.66, 2.22750769e+22, 1.14616373e+14, 5.60816816e+12, 795.523553, -467.757073, -471.640582, 5.00000059e+16, 2.99449913e+20, -1447886.25, 63043.1776, 378.366125, 13.952256, 96.3992137, 0.866666977, 0.866666966, 5.00000059e+16, 1.25000465, 794.273962, 0.191503111, 795.52365, -794.271766, -1.24933241, -795.521199, 0.999193958, 0.0409757976, 1.04009222, 0, 1.66841642e-08, 1.66841642e-08, 1.43922362e+09, 1.43922362e+09, 0, 0.27, 3.332, 0, -795.521097, 1.04016976, 0, 4.99628839e+16, 10.5160363, 10.5860384, 0, 0
13.4489583, 0, 0, 5.00000113e+16, 0, 2.46348987e-13, 3.718e+18, 6.44e+20, 4.85, 4, 478.272545, 13.8243608, 0.866666935, 1462968.42, 2.36792946e+22, 1.08093844e+14, 6.11721038e+12, 791.102032, -476.266139, -480.150485, 5.00000113e+16, 3.17984986e+20, -1461547.27, 64230.2747, 378.395584, 13.8243608, 96.3990792, 0.866666955, 0.866666935, 5.00000113e+16, 1.43889252, 789.663598, 0.189120705, 791.102108, -789.661325, -1.43810048, -791.099504, 0.985031304, 0.0477282279, 1.03268127, 0, 1.66860088e-08, 1.66860088e-08, 1.43392118e+09, 1.43392118e+09, 0, 0.27, 3.332, 0, -791.099424, 1.03275953, 0, 4.99630596e+16, 11.8504728, 11.92917, 0, 0
13.5, 0, 0, 5.00000161e+16, 0, 2.47610514e-13, 3.718e+18, 6.44e+20, 4.85, 4, 485.718139, 13.7123992, 0.866666907, 1475046.14, 2.62653052e+22, 1.08532734e+14, 6.62241206e+12, 797.813408, -483.711624, -487.59862, 5.00000161e+16, 3.36602843e+20, -1473593.92, 65245.0468, 378.421598, 13.7123992, 96.3989616, 0.866666936, 0.866666907, 5.00000161e+16, 1.50022043, 796.313691, 0.186187731, 797.81346, -796.311432, -1.49938183, -797.810866, 0.967728284, 0.050133086, 1.01778253, 0, 1.66876378e-08, 1.66876378e-08, 1.47074354e+09, 1.47074354e+09, 0, 0.27, 3.332, 0, -797.810814, 1.01786137, 0, 4.99627727e+16, 13.0170877, 13.1039642, 0, 0
13.5583333, 0, 0, 5.00000301e+16, 0, 2.4899048e-13, 3.718e+18, 6.44e+20, 4.85, 4, 494.377896, 13.5834801, 0.866666826, 1489357.14, 2.78603052e+22, 1.01903179e+14, 7.22292363e+12, 793.586009, -492.373471, -496.261161, 5.00000301e+16, 3.52516492e+20, -1487860.79, 66509.8539, 378.449863, 13.5834801, 96.3987772, 0.86666688, 0.866666826, 5.00000301e+16, 1.72669233, 791.859872, 0.183857609, 793.586039, -791.857565, -1.72570319, -793.583299, 0.949427273, 0.0584254217, 1.00777316, 0, 1.66894078e-08, 1.66894078e-08, 1.46554909e+09, 1.46554909e+09, 0, 0.27, 3.332, 0, -793.583268, 1.0078527, 0, 4.996295e+16, 14.6831686, 14.7811117, 0, 0
13.609375, 0, 0, 5.00000424e+16, 0, 2.50214393e-13, 3.718e+18, 6.44e+20, 4.85, 4, 501.957166, 13.4706342, 0.866666755, 1501973.57, 3.09220112e+22, 1.02297709e+14, 7.82892621e+12, 800.093087, -499.952637, -503.843013, 5.00000424e+16, 3.74900961e+20, -1500443.49, 67590.402, 378.474839, 13.4706342, 96.3986159, 0.866666831, 0.866666755, 5.00000424e+16, 1.80218487, 798.291519, 0.181017605, 800.093094, -798.289231, -1.80113588, -800.090373, 0.926279795, 0.0614496998, 0.987649399, 0, 1.66909718e-08, 1.66909718e-08, 1.50351703e+09, 1.50351703e+09, 0, 0.27, 3.332, 0, -800.090366, 0.987729495, 0, 4.99626821e+16, 16.1397573, 16.2481596, 0, 0
13.6677083, 0, 0, 5.00000783e+16, 0, 2.51545724e-13, 3.718e+18, 6.44e+20, 4.85, 4, 510.776386, 13.3407163, 0.866666548, 1516941.16, 3.27401848e+22, 9.55865473e+13, 8.5370492e+12, 796.10543, -508.774104, -512.665012, 5.00000783e+16, 3.86509644e+20, -1515363.22, 68938.6989, 378.501839, 13.3407163, 96.3983578, 0.866666687, 0.866666548, 5.00000783e+16, 2.07335127, 794.032754, 0.178744821, 796.105414, -794.030428, -2.07211218, -796.102524, 0.906224543, 0.0716532099, 0.977796996, 0, 1.66926627e-08, 1.66926627e-08, 1.49850428e+09, 1.49850428e+09, 0, 0.27, 3.332, 0, -796.102539, 0.977877753, 0, 4.99628733e+16, 18.2243653, 18.3470105, 0, 0
13.71875, 0, 0, 5.00001096e+16, 0, 2.52727509e-13, 3.718e+18, 6.44e+20, 4.85, 4, 518.49532, 13.2269895, 0.866666367, 1530139.58, 3.63613684e+22, 9.5937497e+13, 9.26604478e+12, 802.366808, -516.49294, -520.386577, 5.00001096e+16, 4.13534001e+20, -1528525.04, 70088.6682, 378.525716, 13.2269895, 96.398132, 0.866666561, 0.866666367, 5.00001096e+16, 2.16679381, 800.200762, 0.176014135, 802.366765, -800.198455, -2.16547737, -802.363889, 0.880416677, 0.0754769907, 0.955812381, 0, 1.6694158e-08, 1.6694158e-08, 1.53762877e+09, 1.53762877e+09, 0, 0.27, 3.332, 0, -802.363932, 0.955893665, 0, 4.99626369e+16, 20.0469458, 20.1829423, 0, 0
13.7770833, 0, 0, 5.00001985e+16, 0, 2.54004424e-13, 3.718e+18, 6.44e+20, 4.85, 4, 527.481447, 13.0959459, 0.866665853, 1545813.53, 3.8451614e+22, 8.92210837e+13, 1.01003392e+13, 798.665063, -525.481466, -529.375473, 5.00001985e+16, 4.19335186e+20, -1544147.57, 71516.9213, 378.55137, 13.0959459, 96.3977665, 0.8666662, 0.866665853, 5.00001985e+16, 2.49070676, 796.175175, 0.173801336, 798.664997, -796.17287, -2.4891502, -798.661954, 0.856451516, 0.0880197214, 0.944389377, 0, 1.66957646e-08, 1.66957646e-08, 1.53287813e+09, 1.53287813e+09, 0, 0.27, 3.332, 0, -798.66202, 0.944471234, 0, 4.99628713e+16, 22.6601588, 22.8149687, 0, 0
13.828125, 0, 0, 5.00002763e+16, 0, 2.55139001e-13, 3.718e+18, 6.44e+20, 4.85, 4, 535.346546, 12.9812515, 0.866665404, 1559636.12, 4.27324622e+22, 8.95280269e+13, 1.09804146e+13, 804.643306, -533.346472, -537.243257, 5.00002763e+16, 4.52128332e+20, -1557930.85, 72731.9723, 378.574075, 12.9812515, 96.3974466, 0.866665885, 0.866665404, 5.00002763e+16, 2.60706697, 802.037157, 0.171194826, 804.643216, -802.034875, -2.60541033, -804.640192, 0.825030042, 0.0928710747, 0.917818805, 0, 1.66971866e-08, 1.66971866e-08, 1.57317958e+09, 1.57317958e+09, 0, 0.27, 3.332, 0, -804.640286, 0.917901115, 0, 4.99626966e+16, 24.9452193, 25.1172089, 0, 0
13.8864583, 0, 0, 5.00004915e+16, 0, 2.56355086e-13, 3.718e+18, 6.44e+20, 4.85, 4, 544.507516, 12.8490973, 0.86666416, 1576071.43, 4.5180986e+22, 8.28695439e+13, 1.19614702e+13, 801.277768, -542.509994, -546.40698, 5.00004915e+16, 4.51084926e+20, -1574311.36, 74236.0347, 378.598289, 12.8490973, 96.3969152, 0.866665007, 0.86666416, 5.00004915e+16, 2.99251823, 798.286249, 0.169043493, 801.277654, -798.284, -2.99055738, -801.27444, 0.798856104, 0.108285526, 0.907058925, 0, 1.66987031e-08, 1.66987031e-08, 1.5687841e+09, 1.5687841e+09, 0, 0.27, 3.332, 0, -801.274558, 0.907141629, 0, 4.99630463e+16, 28.227441, 28.4251683, 0, 0
13.9375, 0, 0, 5.00006799e+16, 0, 2.57436816e-13, 3.718e+18, 6.44e+20, 4.85, 4, 552.525726, 12.7334363, 0.866663072, 1590567.11, 5.02443665e+22, 8.31343499e+13, 1.30272169e+13, 806.934295, -550.528119, -554.427937, 5.00006799e+16, 4.91077934e+20, -1588765.28, 75509.8619, 378.619742, 12.7334363, 96.3964503, 0.866664238, 0.866663072, 5.00006799e+16, 3.13835094, 803.797069, 0.166576447, 806.934149, -803.794839, -3.13626016, -806.930958, 0.764106831, 0.114470608, 0.878494441, 0, 1.67000467e-08, 1.67000467e-08, 1.61028159e+09, 1.61028159e+09, 0, 0.27, 3.332, 0, -806.931099, 0.878577438, 0, 4.99629988e+16, 31.0984188, 31.3182197, 0, 0
13.9958333, 0, 0, 5.00011886e+16, 0, 2.58584785e-13, 3.718e+18, 6.44e+20, 4.85, 4, 561.870167, 12.6000791, 0.866660132, 1607814.92, 5.31974473e+22, 7.66556662e+13, 1.41771685e+13, 803.955853, -559.875236, -563.775101, 5.00011886e+16, 4.83188352e+20, -1605955.89, 77071.057, 378.642408, 12.6000791, 96.3956614, 0.866662146, 0.866660132, 5.00011886e+16, 3.59431113, 800.362767, 0.164485271, 803.955682, -800.360631, -3.59183607, -803.952302, 0.734095188, 0.133332705, 0.867344892, 0, 1.67014664e-08, 1.67014664e-08, 1.6063429e+09, 1.6063429e+09, 0, 0.27, 3.332, 0, -803.952467, 0.867427892, 0, 4.99636288e+16, 35.2254399, 35.482372, 0, 0
14.046875, 0, 0, 5.00016338e+16, 0, 2.59607259e-13, 3.718e+18, 6.44e+20, 4.85, 4, 570.048998, 12.4833993, 0.86665756, 1623025.7, 5.91966012e+22, 7.68797306e+13, 1.54718004e+13, 809.256794, -568.053989, -571.956748, 5.00016338e+16, 5.3222943e+20, -1621123.25, 78385.439, 378.662514, 12.4833993, 96.3949711, 0.866660316, 0.86665756, 5.00016338e+16, 3.77825076, 805.479935, 0.162171175, 809.2566, -805.477822, -3.77560725, -809.253239, 0.693781594, 0.141235609, 0.834934237, 0, 1.67027257e-08, 1.67027257e-08, 1.64905564e+09, 1.64905564e+09, 0, 0.27, 3.332, 0, -809.253432, 0.835017204, 0, 4.9963857e+16, 38.8379955, 39.123449, 0, 0
14.1052083, 0, 0, 5.00028068e+16, 0, 2.60678954e-13, 3.718e+18, 6.44e+20, 4.85, 4, 579.58601, 12.3489463, 0.866650783, 1641137.66, 6.29045658e+22, 7.06833804e+13, 1.68123748e+13, 806.712176, -577.59377, -581.496437, 5.00028068e+16, 5.18463815e+20, -1639176.88, 79980.7411, 378.68351, 12.3489463, 96.3937549, 0.866655458, 0.866650783, 5.00028068e+16, 4.31283754, 802.40085, 0.16013415, 806.711959, -802.398877, -4.30970901, -806.708372, 0.662283791, 0.164212269, 0.826413724, 0, 1.67040409e-08, 1.67040409e-08, 1.64567689e+09, 1.64567689e+09, 0, 0.27, 3.332, 0, -806.708589, 0.82649606, 0, 4.9965137e+16, 44.0288175, 44.3726237, 0, 0
14.15625, 0, 0, 5.00038331e+16, 0, 2.6163499e-13, 3.718e+18, 6.44e+20, 4.85, 4, 587.933399, 12.2313294, 0.866644854, 1657108.31, 7.00383772e+22, 7.08704759e+13, 1.83878249e+13, 811.634091, -585.941089, -589.846718, 5.00038331e+16, 5.78877763e+20, -1655103.64, 81311.2849, 378.702161, 12.2313294, 96.3926907, 0.866651207, 0.866644854, 5.00038331e+16, 4.54624444, 807.089572, 0.15798212, 811.633846, -807.087622, -4.54289759, -811.630277, 0.619609765, 0.17433891, 0.793866896, 0, 1.67052091e-08, 1.67052091e-08, 1.68963542e+09, 1.68963542e+09, 0, 0.27, 3.332, 0, -811.630522, 0.793948675, 0, 4.99659655e+16, 48.5802486, 48.9606853, 0, 0
14.2145833, 0, 0, 5.00064717e+16, 0, 2.62621056e-13, 3.718e+18, 6.44e+20, 4.85, 4, 597.672733, 12.0957952, 0.86662961, 1676123.45, 7.49014112e+22, 6.51220686e+13, 1.99374891e+13, 809.560757, -595.683209, -599.588662, 5.00064717e+16, 5.61318929e+20, -1674061.97, 82892.289, 378.721341, 12.0957952, 96.3907517, 0.866640196, 0.86662961, 5.00064717e+16, 5.16477876, 804.397858, 0.155987202, 809.560487, -804.39612, -5.16082515, -809.556679, 0.585535983, 0.202023755, 0.78747957, 0, 1.67064105e-08, 1.67064105e-08, 1.6869133e+09, 1.6869133e+09, 0, 0.27, 3.332, 0, -809.556947, 0.787559737, 0, 4.99686948e+16, 55.0978923, 55.5789257, 0, 0
14.265625, 0, 0, 5.00087805e+16, 0, 2.63502426e-13, 3.718e+18, 6.44e+20, 4.85, 4, 606.197128, 11.9772907, 0.866616271, 1692882.28, 8.34322518e+22, 6.5275681e+13, 2.18560932e+13, 814.097153, -604.207543, -608.116027, 5.00087805e+16, 6.36051602e+20, -1690778.7, 84192.523, 378.73841, 11.9772907, 96.389055, 0.866630562, 0.866616271, 5.00087805e+16, 5.46239439, 808.636918, 0.153999492, 814.096856, -808.635198, -5.45815995, -814.093062, 0.539019344, 0.214979993, 0.753920523, 0, 1.67074797e-08, 1.67074797e-08, 1.73215885e+09, 1.73215885e+09, 0, 0.27, 3.332, 0, -814.093358, 0.753999336, 0, 4.99708257e+16, 60.8325251, 61.3606282, 0, 0
14.3239583, 0, 0, 5.00145709e+16, 0, 2.64392265e-13, 3.718e+18, 6.44e+20, 4.85, 4, 616.148823, 11.840961, 0.86658282, 1712822.64, 9.00723536e+22, 6.01298767e+13, 2.36236745e+13, 812.521699, -614.161939, -618.070232, 5.00145709e+16, 6.17170788e+20, -1710667.39, 85695.0321, 378.755606, 11.840961, 96.3858214, 0.866606214, 0.86658282, 5.00145709e+16, 6.16427152, 806.359789, 0.152029656, 812.521379, -806.358331, -6.15928577, -812.517297, 0.504451457, 0.247864548, 0.752240023, 0, 1.67085569e-08, 1.67085569e-08, 1.73017966e+09, 1.73017966e+09, 0, 0.27, 3.332, 0, -812.517617, 0.752316005, 0, 4.99766886e+16, 68.979683, 69.6960419, 0, 0
14.375, 0, 0, 5.00196381e+16, 0, 2.65189634e-13, 3.718e+18, 6.44e+20, 4.85, 4, 624.858915, 11.7218146, 0.86655355, 1730384.58, 1.00351913e+23, 6.02549798e+13, 2.59549341e+13, 816.681561, -622.871977, -626.783371, 5.00196381e+16, 7.09779958e+20, -1728192.1, 86902.9317, 378.770946, 11.7218146, 96.382992, 0.86658491, 0.86655355, 5.00196381e+16, 6.54478965, 810.139485, 0.150202039, 816.681218, -810.138047, -6.53944624, -816.67715, 0.456964732, 0.264381484, 0.721272575, 0, 1.67095179e-08, 1.67095179e-08, 1.77674718e+09, 1.77674718e+09, 0, 0.27, 3.332, 0, -816.677493, 0.721346216, 0, 4.99815959e+16, 76.1963484, 76.9725563, 0, 0
14.4333333, 0, 0, 5.00320341e+16, 0, 2.65971029e-13, 3.718e+18, 6.44e+20, 4.85, 4, 635.033247, 11.5849968, 0.866481951, 1751232.47, 1.09653125e+23, 5.59276492e+13, 2.79302173e+13, 815.612796, -633.048762, -636.960073, 5.00320341e+16, 6.92262616e+20, -1748998.82, 88229.8208, 378.785959, 11.5849968, 96.3773815, 0.866532385, 0.866481951, 5.00320341e+16, 7.31868717, 808.297109, 0.148235809, 815.612431, -808.295992, -7.3124337, -815.608062, 0.421171692, 0.302481524, 0.723583754, 0, 1.67104584e-08, 1.67104584e-08, 1.77557355e+09, 1.77557355e+09, 0, 0.27, 3.332, 0, -815.608425, 0.723653216, 0, 4.99940428e+16, 86.3090239, 87.4319212, 0, 0
14.484375, 0, 0, 5.0042883e+16, 0, 2.66673627e-13, 3.718e+18, 6.44e+20, 4.85, 4, 643.937863, 11.4655167, 0.866419302, 1769572.28, 1.22145235e+23, 5.60287561e+13, 3.07471956e+13, 819.425248, -641.953331, -645.867803, 5.0042883e+16, 8.06922859e+20, -1767310.61, 89257.0496, 378.799397, 11.4655167, 96.3724724, 0.866486426, 0.866419302, 5.0042883e+16, 7.80475526, 811.623943, 0.146555858, 819.42486, -811.622835, -7.798056, -819.420504, 0.371749193, 0.323303737, 0.694986886, 0, 1.67113002e-08, 1.67113002e-08, 1.82347458e+09, 1.82347458e+09, 0, 0.27, 3.332, 0, -819.420891, 0.695052931, 0, 5.00047474e+16, 95.3562141, 96.5551593, 0, 0
14.5427083, 0, 0, 5.00687681e+16, 0, 2.67332731e-13, 3.718e+18, 6.44e+20, 4.85, 4, 654.34464, 11.3289193, 0.866269844, 1791275.27, 1.35273139e+23, 5.27019718e+13, 3.28847948e+13, 818.847898, -652.362123, -656.276754, 5.00687681e+16, 7.9286278e+20, -1788988.91, 90298.5081, 378.811998, 11.3289193, 96.3623071, 0.866375897, 0.866269844, 5.00687681e+16, 8.62245899, 810.229296, 0.144569799, 818.847492, -810.228522, -8.6146848, -818.842802, 0.336841095, 0.366043919, 0.702824206, 0, 1.67120896e-08, 1.67120896e-08, 1.82313076e+09, 1.82313076e+09, 0, 0.27, 3.332, 0, -818.843207, 0.702885014, 0, 5.00306563e+16, 107.82482, 109.602888, 0, 0
14.59375, 0, 0, 5.00914284e+16, 0, 2.67928333e-13, 3.718e+18, 6.44e+20, 4.85, 4, 663.452199, 11.2097075, 0.866139069, 1810341.31, 1.50579473e+23, 5.27843693e+13, 3.62503231e+13, 822.361772, -661.469641, -665.387476, 5.00914284e+16, 9.3398146e+20, -1808041.04, 91042.3031, 378.823332, 11.2097075, 96.3534125, 0.866279185, 0.866139069, 5.00914284e+16, 9.23968645, 813.12648, 0.143016918, 822.361348, -813.125719, -9.2313718, -822.356667, 0.288431213, 0.391868053, 0.680242721, 0, 1.67127997e-08, 1.67127997e-08, 1.8723493e+09, 1.8723493e+09, 0, 0.27, 3.332, 0, -822.35709, 0.680299266, 0, 5.00531811e+16, 119.099344, 120.973043, 0, 0
14.6520833, 0, 0, 5.01441467e+16, 0, 2.68449273e-13, 3.718e+18, 6.44e+20, 4.85, 4, 674.100638, 11.0740166, 0.865834906, 1832796.02, 1.68934153e+23, 5.07286767e+13, 3.84488206e+13, 822.239617, -672.119389, -676.037821, 5.01441467e+16, 9.25409911e+20, -1830495.25, 91647.5314, 378.833252, 11.0740166, 96.3344481, 0.866052375, 0.865834906, 5.01441467e+16, 10.0488637, 812.195773, 0.140994667, 822.239179, -812.195351, -10.0393356, -822.234248, 0.251855537, 0.437336666, 0.689141471, 0, 1.67134211e-08, 1.67134211e-08, 1.87282223e+09, 1.87282223e+09, 0, 0.27, 3.332, 0, -822.234686, 0.689192202, 0, 5.01058849e+16, 134.444915, 137.103071, 0, 0
14.703125, 0, 0, 5.01903208e+16, 0, 2.6892384e-13, 3.718e+18, 6.44e+20, 4.85, 4, 683.418948, 10.9557146, 0.865568763, 1852484.92, 1.87794891e+23, 5.07960012e+13, 4.2399291e+13, 825.506303, -681.437663, -685.359309, 5.01903208e+16, 1.0970986e+21, -1850190.54, 91968.0515, 378.842245, 10.9557146, 96.3178542, 0.865853916, 0.865568763, 5.01903208e+16, 10.8221761, 814.689766, 0.139547166, 825.505846, -814.689353, -10.8120245, -825.500919, 0.201015881, 0.468400693, 0.669370567, 0, 1.67139845e-08, 1.67139845e-08, 1.92326129e+09, 1.92326129e+09, 0, 0.27, 3.332, 0, -825.501376, 0.669416573, 0, 5.01519222e+16, 148.365427, 151.145578, 0, 0
14.7614583, 0, 0, 5.02950207e+16, 0, 2.69288731e-13, 3.718e+18, 6.44e+20, 4.85, 4, 694.316801, 10.8219809, 0.864965601, 1875541.41, 2.13046253e+23, 5.03428407e+13, 4.44720979e+13, 825.803633, -692.335819, -696.25871, 5.02950207e+16, 1.09602521e+21, -1873278.98, 91957.104, 378.849173, 10.8219809, 96.2818154, 0.865400253, 0.864965601, 5.02950207e+16, 11.5404453, 814.269821, 0.137498002, 825.803165, -814.269694, -11.5290095, -825.798235, 0.160153235, 0.513043062, 0.673155988, 0, 1.67144185e-08, 1.67144185e-08, 1.92453532e+09, 1.92453532e+09, 0, 0.27, 3.332, 0, -825.798702, 0.673196296, 0, 5.02565476e+16, 167.272597, 170.849701, 0, 0
14.8125, 0, 0, 5.03868122e+16, 0, 2.69626359e-13, 3.718e+18, 6.44e+20, 4.85, 4, 703.852374, 10.7054978, 0.864437835, 1895711.58, 2.3632226e+23, 5.03971287e+13, 4.89816861e+13, 828.831548, -701.871362, -705.797425, 5.03868122e+16, 1.30059304e+21, -1893482.58, 91680.8774, 378.855551, 10.7054978, 96.2502814, 0.865003298, 0.864437835, 5.03868122e+16, 12.4857032, 816.353143, 0.136152048, 828.831066, -816.353025, -12.4736011, -828.826145, 0.10335514, 0.54866602, 0.651985487, 0, 1.67148181e-08, 1.67148181e-08, 1.97589557e+09, 1.97589557e+09, 0, 0.27, 3.332, 0, -828.826627, 0.652021159, 0, 5.03481853e+16, 184.250901, 187.985533, 0, 0
14.8708333, 0, 0, 5.05895314e+16, 0, 2.69814844e-13, 3.718e+18, 6.44e+20, 4.85, 4, 715.005698, 10.5747177, 0.863273485, 1919141.57, 2.70726363e+23, 5.21954959e+13, 5.06292249e+13, 829.568385, -713.023546, -716.951824, 5.05895314e+16, 1.31071121e+21, -1916986.98, 90801.0839, 378.859123, 10.5747177, 96.1816955, 0.864119542, 0.863273485, 5.05895314e+16, 13.0003176, 816.577103, 0.134144856, 829.567896, -816.577095, -12.9870258, -829.563632, 0.0460116849, 0.586116222, 0.632097268, 0, 1.67150418e-08, 1.67150418e-08, 1.97805798e+09, 1.97805798e+09, 0, 0.27, 3.332, 0, -829.564122, 0.632127907, 0, 5.05507267e+16, 207.541041, 211.658209, 0, 0
14.921875, 0, 0, 5.07675796e+16, 0, 2.69997276e-13, 3.718e+18, 6.44e+20, 4.85, 4, 724.763401, 10.4609875, 0.862254678, 1939571.63, 2.9934062e+23, 5.22324415e+13, 5.55688931e+13, 832.227191, -722.78123, -726.712562, 5.07675796e+16, 1.54648406e+21, -1937485.24, 89686.0951, 378.862562, 10.4609875, 96.1216829, 0.863346256, 0.862254678, 5.07675796e+16, 14.1068408, 818.130006, 0.132953825, 832.226692, -818.129998, -14.0929393, -832.222442, -0.0334299024, 0.623476678, 0.590020239, 0, 1.67152573e-08, 1.67152573e-08, 2.02954775e+09, 2.02954775e+09, 0, 0.27, 3.332, 0, -832.222936, 0.590046776, 0, 5.07285823e+16, 227.890617, 232.224271, 0, 0
14.9802083, 0, 0, 5.11500918e+16, 0, 2.69986512e-13, 3.718e+18, 6.44e+20, 4.85, 4, 736.175225, 10.3346172, 0.860070272, 1963062.55, 3.47285457e+23, 5.74285532e+13, 5.63627278e+13, 833.617546, -734.189957, -738.124849, 5.11500918e+16, 1.57490923e+21, -1961102.48, 87618.7027, 378.862358, 10.3346172, 95.9925441, 0.861671878, 0.860070272, 5.11500918e+16, 14.2885297, 819.341785, 0.131182421, 833.617043, -819.341201, -14.2738181, -833.614519, -0.13141373, 0.644611007, 0.51317469, 0, 1.67152445e-08, 1.67152445e-08, 2.03307201e+09, 2.03307201e+09, 0, 0.27, 3.332, 0, -833.615017, 0.513197278, 0, 5.11107313e+16, 256.187099, 260.054201, 0, 0
15.03125, 0, 0, 5.14871534e+16, 0, 2.69992891e-13, 3.718e+18, 6.44e+20, 4.85, 4, 746.15721, 10.2249212, 0.858158917, 1983457.39, 3.82205817e+23, 5.74282437e+13, 6.14362895e+13, 835.434438, -744.171942, -748.109647, 5.14871534e+16, 1.83204451e+21, -1981607.11, 85348.5857, 378.862478, 10.2249212, 95.8795476, 0.860206797, 0.858158917, 5.14871534e+16, 15.4889811, 819.958639, 0.130341288, 835.43393, -819.958041, -15.4738888, -835.43142, -0.266599279, 0.677531977, 0.410913342, 0, 1.67152521e-08, 1.67152521e-08, 2.08281078e+09, 2.08281078e+09, 0, 0.27, 3.332, 0, -835.431928, 0.410932698, 0, 5.14475341e+16, 280.023316, 284.200558, 0, 0
15.0895833, 0, 0, 5.21901695e+16, 0, 2.69756918e-13, 3.718e+18, 6.44e+20, 4.85, 4, 757.82687, 10.1044517, 0.854187396, 2006550.05, 4.55569432e+23, 6.85609214e+13, 6.08576028e+13, 838.293304, -755.835812, -759.779006, 5.21901695e+16, 1.89567769e+21, -2004886.88, 81630.7769, 378.858005, 10.1044517, 95.6418895, 0.857128833, 0.854187396, 5.21901695e+16, 15.2294734, 823.082643, 0.129293647, 838.292793, -823.078699, -15.2144358, -838.292621, -0.481670185, 0.670013557, 0.188326712, 0, 1.67149719e-08, 1.67149719e-08, 2.08941779e+09, 2.08941779e+09, 0, 0.27, 3.332, 0, -838.293133, 0.188343371, 0, 5.21498381e+16, 312.54341, 315.95389, 0, 0
15.140625, 0, 0, 5.28131785e+16, 0, 2.69562673e-13, 3.718e+18, 6.44e+20, 4.85, 4, 768.031775, 10.0001998, 0.850712315, 2026464.34, 4.97886615e+23, 6.84395339e+13, 6.55562581e+13, 837.888639, -766.040771, -769.986344, 5.28131785e+16, 2.15083518e+21, -2024957.12, 77746.6696, 378.854343, 10.0001998, 95.4339386, 0.854435615, 0.850712315, 5.28131785e+16, 16.3544847, 821.552961, 0.129371934, 837.888123, -821.548905, -16.3395567, -837.887942, -0.777252832, 0.687036493, -0.0902307753, 0, 1.67147424e-08, 1.67147424e-08, 2.13278538e+09, 2.13278538e+09, 0, 0.27, 3.332, 0, -837.888458, -0.0902163394, 0, 5.2772515e+16, 339.553549, 343.435993, 0, 0
15.1989583, 0, 0, 5.40707927e+16, 0, 2.69072202e-13, 3.718e+18, 6.44e+20, 4.85, 4, 779.952485, 9.88790846, 0.843746908, 2048475.54, 6.32679054e+23, 9.11238453e+13, 6.31462997e+13, 844.927133, -777.952125, -781.905846, 5.40707927e+16, 2.28579672e+21, -2047217.94, 71752.5549, 378.845024, 9.88790846, 95.0103237, 0.848967151, 0.843746908, 5.40707927e+16, 15.6295534, 829.325085, 0.130359979, 844.926615, -829.305939, -15.6161349, -844.921552, -1.35011782, 0.638468127, -0.71166264, 0, 1.67141586e-08, 1.67141586e-08, 2.1482221e+09, 2.1482221e+09, 0, 0.27, 3.332, 0, -844.92207, -0.711649694, 0, 5.40287151e+16, 372.653999, 378.194171, 0, 0
15.25, 0, 0, 5.51957468e+16, 0, 2.68647057e-13, 3.718e+18, 6.44e+20, 4.85, 4, 790.373356, 9.79116226, 0.837652177, 2067256.07, 6.83549196e+23, 9.04996296e+13, 6.67173814e+13, 838.2398, -788.373212, -792.328525, 5.51957468e+16, 2.49376699e+21, -2066195.48, 65628.1799, 378.83699, 9.79116226, 94.6396606, 0.844182245, 0.837652177, 5.51957468e+16, 16.3611758, 821.905533, 0.133035379, 838.239282, -821.885561, -16.3486129, -838.233654, -2.13359052, 0.623357627, -1.5102446, 0, 1.67136553e-08, 1.67136553e-08, 2.17279417e+09, 2.17279417e+09, 0, 0.27, 3.332, 0, -838.234172, -1.5102329, 0, 5.51533989e+16, 401.849677, 408.084805, 0, 0
15.3083333, 0, 0, 5.73837651e+16, 0, 2.67868711e-13, 3.718e+18, 6.44e+20, 4.85, 4, 802.529455, 9.69008965, 0.825952746, 2087113.6, 9.82615807e+23, 1.3770416e+14, 6.24088847e+13, 858.763482, -800.515591, -804.482468, 5.73837651e+16, 2.74380402e+21, -2086349.12, 56483.9962, 378.822137, 9.69008965, 93.9138874, 0.834849826, 0.825952746, 5.73837651e+16, 15.2836639, 843.515154, 0.140227034, 858.762963, -843.425516, -15.2743193, -858.699314, -3.9897898, 0.52735788, -3.46244318, 0, 1.67127248e-08, 1.67127248e-08, 2.21697027e+09, 2.21697027e+09, 0, 0.27, 3.332, 0, -858.699834, -3.46243192, 0, 5.73383747e+16, 433.417493, 443.725598, 0, 0
15.359375, 0, 0, 5.93693149e+16, 0, 2.67169682e-13, 3.718e+18, 6.44e+20, 4.85, 4, 813.151095, 9.60367959, 0.815715744, 2103733.48, 1.03772157e+24, 1.34369887e+14, 6.39133799e+13, 832.433463, -811.13802, -815.104906, 5.93693149e+16, 2.82758426e+21, -2103178.68, 47257.2952, 378.808869, 9.60367959, 93.2788359, 0.82668396, 0.815715744, 5.93693149e+16, 15.163523, 817.304336, 0.151021493, 832.432939, -817.206605, -15.1557834, -832.36186, -6.49721306, 0.464888901, -6.03233503, 0, 1.67118936e-08, 1.67118936e-08, 2.18402497e+09, 2.18402497e+09, 0, 0.27, 3.332, 0, -832.362385, -6.03232415, 0, 5.93246114e+16, 462.709475, 473.966453, 0, 0
15.4177083, 0, 0, 6.30695394e+16, 0, 2.66065165e-13, 3.718e+18, 6.44e+20, 4.85, 4, 825.512057, 9.51884681, 0.797094151, 2119789.86, 1.71151875e+24, 2.25995872e+14, 5.83781817e+13, 895.923892, -823.481988, -827.462946, 6.30695394e+16, 3.08068187e+21, -2119517.79, 33849.44, 378.787656, 9.51884681, 92.0911334, 0.811523448, 0.797094151, 6.30695394e+16, 13.9061897, 882.051599, 0.178724372, 895.923366, -881.649864, -13.9021393, -895.551473, -12.9254705, 0.335001372, -12.5904804, 0, 1.67105647e-08, 1.67105647e-08, 2.32052017e+09, 2.32052017e+09, 0, 0.27, 3.332, 0, -895.552, -12.5904691, 0, 6.3017507e+16, 491.244056, 506.1334, 0, 0
15.46875, 0, 0, 6.64959321e+16, 0, 2.6501666e-13, 3.718e+18, 6.44e+20, 4.85, 4, 836.305892, 9.44729616, 0.780800257, 2132701.72, 1.70563229e+24, 2.05824311e+14, 5.68181832e+13, 805.874264, -834.278856, -838.255927, 6.64959321e+16, 2.91936847e+21, -2132571.19, 20420.5534, 378.767618, 9.44729616, 91.0518937, 0.798258, 0.780800257, 6.64959321e+16, 12.5401548, 793.368062, 0.215881747, 805.873733, -792.87026, -12.5377883, -805.407517, -21.1889216, 0.23007285, -20.9588603, 0, 1.67093094e-08, 1.67093094e-08, 2.10567806e+09, 2.10567806e+09, 0, 0.27, 3.332, 0, -805.408049, -20.9588487, 0, 6.64496135e+16, 517.026028, 532.890121, 0, 0
15.5270833, 0, 0, 7.25790901e+16, 0, 2.63516086e-13, 3.718e+18, 6.44e+20, 4.85, 4, 848.818646, 9.3862318, 0.753107891, 2142445.72, 2.66422361e+24, 3.02114241e+14, 5.07801154e+13, 935.724025, -846.779054, -850.76506, 7.25790901e+16, 2.91463161e+21, -2142436.81, 1346.97833, 378.738537, 9.3862318, 89.2099704, 0.77510102, 0.753107891, 7.25790901e+16, 11.1018484, 924.645807, 0.296148641, 935.723491, -923.300074, -11.1012049, -934.400744, -36.3181851, 0.107847537, -36.2103502, 0, 1.67074878e-08, 1.67074878e-08, 2.38540194e+09, 2.38540194e+09, 0, 0.27, 3.332, 0, -934.40128, -36.2103375, 0, 7.2519685e+16, 535.536442, 553.867334, 0, 0
15.578125, 0, 0, 7.83566581e+16, 0, 2.61995848e-13, 3.718e+18, 6.44e+20, 4.85, 4, 859.735783, 9.33638367, 0.72887707, 2149310.46, 2.28368445e+24, 2.19740415e+14, 4.54896887e+13, 712.878586, -857.706554, -861.678651, 7.83566581e+16, 2.37246574e+21, -2149190.16, -17666.6211, 378.709191, 9.33638367, 87.5982875, 0.754838663, 0.72887707, 7.83566581e+16, 8.68059141, 704.225724, 0.388398387, 712.878052, -702.236093, -8.68056734, -710.916121, -50.7048896, 0.00453261177, -50.7003706, 0, 1.67056495e-08, 1.67056495e-08, 1.79412088e+09, 1.79412088e+09, 0, 0.27, 3.332, 0, -710.916662, -50.700357, 0, 7.83150045e+16, 552.329179, 570.62983, 0, 0
15.6364583, 0, 0, 8.80897143e+16, 0, 2.5991713e-13, 3.718e+18, 6.44e+20, 4.85, 4, 872.31178, 9.31137657, 0.691032652, 2149018.28, 2.53406912e+24, 1.96928859e+14, 3.77811739e+13, 764.445283, -870.286086, -874.248656, 8.80897143e+16, 2.12495058e+21, -2148542.54, -44021.8953, 378.668398, 9.31137657, 84.9227834, 0.722070271, 0.691032652, 8.80897143e+16, 7.11232437, 757.349268, 0.530521838, 764.444745, -754.536439, -7.11146897, -761.647364, -61.0460389, -0.0677550868, -61.1138089, 0, 1.67030944e-08, 1.67030944e-08, 1.90406193e+09, 1.90406193e+09, 0, 0.27, 3.332, 0, -761.647909, -61.1137939, 0, 8.8046763e+16, 552.5249, 569.733625, 0, 0
15.6875, 0, 0, 9.75929253e+16, 0, 2.57849259e-13, 3.718e+18, 6.44e+20, 4.85, 4, 883.271871, 9.29427478, 0.657918786, 2146432.6, 1.67086359e+24, 1.02130184e+14, 2.99746083e+13, 491.913899, -881.267561, -885.201257, 9.75929253e+16, 1.3348945e+21, -2145210.52, -70202.4188, 378.627906, 9.29427478, 82.5817173, 0.693397928, 0.657918786, 9.75929253e+16, 4.69648925, 487.234522, 0.643165832, 491.913356, -484.111311, -4.69497223, -488.805734, -54.9662322, -0.118735758, -55.0849839, 0, 1.67005582e-08, 1.67005582e-08, 1.16564533e+09, 1.16564533e+09, 0, 0.27, 3.332, 0, -488.806283, -55.0849679, 0, 9.75669904e+16, 552.707589, 567.483913, 0, 0
15.7458333, 0, 0, 1.12777495e+17, 0, 2.55055746e-13, 3.718e+18, 6.44e+20, 4.85, 4, 895.769731, 9.32520778, 0.611135972, 2130707.69, 1.22208531e+24, 5.99757712e+13, 2.13367792e+13, 378.182099, -893.782727, -897.688121, 1.12777495e+17, 1.01626922e+21, -2128032.35, -105541.287, 378.572131, 9.32520778, 78.9607994, 0.651084312, 0.611135972, 1.12777495e+17, 3.45213699, 374.739012, 0.780687062, 378.181549, -372.287048, -3.44827729, -375.73477, -42.6265366, -0.13430892, -42.7608629, 0, 1.66970649e-08, 1.66970649e-08, 919457621, 919457621, 0, 0.27, 3.332, 0, -375.735325, -42.7608455, 0, 1.12761308e+17, 526.191682, 531.315099, 0, 0
15.796875, 0, 0, 1.27989999e+17, 0, 2.52477175e-13, 3.718e+18, 6.44e+20, 4.85, 4, 906.645906, 9.35874412, 0.57020101, 2113821.98, 5.77341665e+23, 2.43565328e+13, 1.52204726e+13, 225.500087, -904.688239, -908.55336, 1.27989999e+17, 4.96769685e+20, -2109027.77, -140495.392, 378.52068, 9.35874412, 75.7924962, 0.614059898, 0.57020101, 1.27989999e+17, 1.9435546, 223.560122, 0.843402392, 225.499531, -221.806972, -1.93890444, -223.745314, -27.9411714, -0.130988834, -28.0721784, 0, 1.66938425e-08, 1.66938425e-08, 504792590, 504792590, 0, 0.27, 3.332, 0, -223.745877, -28.0721602, 0, 1.27979513e+17, 499.678648, 499.379188, 0, 0
15.8552083, 0, 0, 1.51127767e+17, 0, 2.49094576e-13, 3.718e+18, 6.44e+20, 4.85, 4, 918.845816, 9.48033381, 0.518417315, 2075110.4, 2.763704e+23, 1.12250622e+13, 9.21845633e+12, 105.077173, -916.913331, -920.737036, 1.51127767e+17, 2.89072069e+20, -2066611.96, -186146.005, 378.451616, 9.48033381, 70.8997508, 0.564776644, 0.518417315, 1.51127767e+17, 1.3140991, 103.766325, 0.91559907, 105.076607, -102.925263, -1.30807177, -104.232763, -13.1847639, -0.105128086, -13.2899109, 0, 1.66895176e-08, 1.66895176e-08, 245977055, 245977055, 0, 0.27, 3.332, 0, -104.233335, -13.289892, 0, 1.51123655e+17, 436.864206, 417.402594, 0, 0
15.90625, 0, 0, 1.74779891e+17, 0, 2.46105546e-13, 3.718e+18, 6.44e+20, 4.85, 4, 929.443026, 9.59563759, 0.473106582, 2037302.99, 9.7008018e+22, 3.90013438e+12, 6.26058116e+12, 66.4665068, -927.544933, -931.32173, 1.74779891e+17, 1.35891907e+20, -2023953.76, -231055.101, 378.390586, 9.59563759, 66.6185985, 0.521653796, 0.473106582, 1.74779891e+17, 0.634575165, 65.83287, 0.931351694, 66.465932, -65.2929308, -0.628776668, -65.9211251, -8.41118117, -0.0797686512, -8.49096896, 0, 1.66856958e-08, 1.66856958e-08, 141715964, 141715964, 0, 0.27, 3.332, 0, -65.9217077, -8.49094983, 0, 1.74776774e+17, 377.421242, 350.251667, 0, 0
15.9645833, 0, 0, 2.09239453e+17, 0, 2.42364467e-13, 3.718e+18, 6.44e+20, 4.85, 4, 941.013634, 9.87302738, 0.421795449, 1965398.56, 3.15146263e+22, 1.56633759e+12, 3.32363732e+12, 19.9533719, -939.14518, -942.871838, 2.09239453e+17, 5.32281413e+19, -1944020, -287135.018, 378.312156, 9.87302738, 59.8635148, 0.470106382, 0.421795449, 2.09239453e+17, 0.420291092, 19.5347876, 0.953764538, 19.9527848, -19.3654988, -0.415798125, -19.7807021, -2.56440594, -0.0496942989, -2.61411868, 0, 1.66807852e-08, 1.66807852e-08, 43683885.7, 43683885.7, 0, 0.27, 3.332, 0, -19.7812969, -2.61410025, 0, 2.09238591e+17, 288.629034, 249.536003, 0, 0
16.015625, 0, 0, 2.44921367e+17, 0, 2.39091367e-13, 3.718e+18, 6.44e+20, 4.85, 4, 951.040726, 10.1286264, 0.376898207, 1898011.89, 8.3685569e+21, 5.01320773e+11, 2.1212194e+12, 14.1520125, -949.209304, -952.884411, 2.44921367e+17, 3.1072361e+19, -1866611.49, -341835.224, 378.243526, 10.1286264, 53.9528165, 0.425002395, 0.376898207, 2.44921367e+17, 0.161618863, 13.9916216, 0.956069141, 14.1514119, -13.8753033, -0.157761385, -14.0324563, -1.79986492, -0.0308813091, -1.8307637, 0, 1.66764881e-08, 1.66764881e-08, 28333897.7, 28333897.7, 0, 0.27, 3.332, 0, -14.0330647, -1.83074623, 0, 2.44920601e+17, 210.019963, 170.173886, 0, 0
16.0739583, 0, 0, 2.95064146e+17, 0, 2.35168903e-13, 3.718e+18, 6.44e+20, 4.85, 4, 961.494916, 10.7029046, 0.330893058, 1779808.64, 1.67059467e+21, 1.89554737e+11, 9.50322047e+11, 3.11446316, -959.695064, -963.312598, 2.95064146e+17, 7.90530615e+18, -1732443.18, -404991.282, 378.158852, 10.7029046, 47.2653676, 0.376344254, 0.330893058, 2.95064146e+17, 0.108019992, 3.00717487, 0.960899629, 3.11384588, -2.98125885, -0.106197967, -3.08683206, -0.393497964, -0.0155713057, -0.409083002, 0, 1.66711875e-08, 1.66711875e-08, 6084911.97, 6084911.97, 0, 0.27, 3.332, 0, -3.08745682, -0.409069271, 0, 2.95063973e+17, 133.567127, 110.83523, 0, 0
16.125, 0, 0, 3.47292164e+17, 0, 2.31741843e-13, 3.718e+18, 6.44e+20, 4.85, 4, 970.529025, 11.2251069, 0.290638553, 1672387.58, 3.04492741e+20, 5.90153649e+10, 5.32748021e+11, 2.45793384, -968.767067, -972.327985, 3.47292164e+17, 5.78558264e+18, -1605644.09, -465432.095, 378.084862, 11.2251069, 41.4138499, 0.33376838, 0.290638553, 3.47292164e+17, 0.0283352726, 2.4302833, 0.961104151, 2.4572988, -2.41027883, -0.0269272149, -2.43656363, -0.311122286, -0.00736131718, -0.318493615, 0, 1.66665556e-08, 1.66665556e-08, 4426572.57, 4426572.57, 0, 0.27, 3.332, 0, -2.43720605, -0.318483603, 0, 3.47291991e+17, 69.6726341, 57.1731992, 0, 0
16.1833333, 0, 0, 4.18509291e+17, 0, 2.27789669e-13, 3.718e+18, 6.44e+20, 4.85, 4, 979.173184, 12.4712942, 0.252609133, 1491883.42, 2.2481799e+19, 2.19570824e+10, 1.64384298e+11, 0.455525568, -977.443289, -980.934028, 4.18509291e+17, 9.0676966e+17, -1395959.04, -521654.934, 377.996859, 12.4712942, 36.8322336, 0.291751096, 0.252609133, 4.18509291e+17, 0.0190779147, 0.436569766, 0.961891348, 0.45486788, -0.432931229, -0.0187195722, -0.450987052, -0.0561883852, -0.0030432346, -0.0592304044, 0, 1.66610474e-08, 1.66610474e-08, 728935.741, 728935.741, 0, 0.27, 3.332, 0, -0.451650802, -0.0592316198, 0, 4.18509256e+17, 35.8827413, 33.4171742, 0, 0
16.234375, 0, 0, 4.92707257e+17, 0, 2.24338085e-13, 3.718e+18, 6.44e+20, 4.85, 4, 986.623458, 13.5922168, 0.219333391, 1332849.53, 1.66484169e+18, 6.79280243e+09, 6.83901719e+10, 0.388564387, -984.931625, -988.355888, 4.92707257e+17, 7.29098563e+17, -1202877.95, -571511.591, 377.919996, 13.5922168, 32.8233194, 0.254985972, 0.219333391, 4.92707257e+17, 0.00237233533, 0.386314359, 0.961860654, 0.387884755, -0.383200027, -0.00217008658, -0.384685128, -0.0489486686, -0.000759463925, -0.0496966286, 0, 1.66562366e-08, 1.66562366e-08, 574567.244, 574567.244, 0, 0.27, 3.332, 0, -0.385370113, -0.0497081326, 0, 4.92707218e+17, 8.91111276, 8.30436859, 0, 0
16.2927083, 0, 0, 5.91317793e+17, 0, 2.20544056e-13, 3.718e+18, 6.44e+20, 4.85, 4, 992.518307, 16.9384598, 0.189714633, 1060105.3, 2.19346643e+15, 2.71241768e+09, 3.35019201e+09, 0.0630037761, -990.85621, -994.152743, 5.91317793e+17, 1.96421652e+16, -896073.972, -559716.006, 377.832812, 16.9384598, 30.8525976, 0.221161883, 0.189714633, 5.91317793e+17, 0.00162189282, 0.0613826886, 0.961932281, 0.0622908475, -0.0607717005, -0.00159823639, -0.0616558097, -0.00863893098, -0.000273458131, -0.00886570501, 0, 1.66507807e-08, 1.66507807e-08, 69538.0039, 69538.0039, 0, 0.27, 3.332, 0, -0.0623699369, -0.0089123891, 0, 5.91317785e+17, 3.88620652, 3.9901853, 0, 0
16.34375, 0, 0, 6.93663652e+17, 0, 2.17231981e-13, 3.718e+18, 6.44e+20, 4.85, 4, 997.62259, 19.8668872, 0.16379822, 826291.288, 5.94741125e+12, 858469586, 297572215, 0.0572560113, -995.997782, -999.17837, 6.93663652e+17, 5.19294963e+15, -629766.526, -533168.016, 377.756701, 19.8668872, 29.1282161, 0.191565806, 0.16379822, 6.93663652e+17, 6.30437581e-06, 0.0572501705, 0.961882293, 0.0565730479, -0.0566820011, -5.60132216e-06, -0.0559584927, -0.00804549531, -2.09200226e-06, -0.00796969889, 0, 1.66460178e-08, 1.66460178e-08, 58362.5195, 58362.5195, 0, 0.27, 3.332, 0, -0.0566876024, -0.0080475873, 0, 6.93663642e+17, 0.0489704289, 0.0686004584, 0, 0
16.4020833, 0, 0, 8.2662519e+17, 0, 2.13853783e-13, 3.718e+18, 6.44e+20, 4.85, 4, 999.687332, 24.5413297, 0.141620053, 551014.795, 208919.26, 3.27093783e+11, 10032.3431, 0.235727387, -997.868997, -1000.85252, 8.2662519e+17, 1.2668033e+15, -376047.79, -400120.773, 377.676701, 26.0245242, 28.8119279, 0.165667343, 0.141620053, 8.2662519e+17, 4.64309037e-06, 0.235722745, 0.96175153, 0.235232459, -0.232619158, -4.57631366e-06, -0.23203568, 0.0380174657, -7.84628213e-07, 0.0383134601, 0, 1.66410125e-08, 1.66410125e-08, 2902.72066, 2902.72066, 0, 0.27, 3.332, 0, -0.232623735, 0.0380166811, 0, 8.25839189e+17, 0.0159635436, 0.0199751652, 0, 0
16.453125, 0, 0, 9.63714452e+17, 0, 2.10902052e-13, 3.718e+18, 6.44e+20, 4.85, 4, 1001.75074, 28.5351758, 0.122214156, 316237.14, 0, 1.20400778e+11, 0.200093167, 0.235387063, -999.96476, -1002.59121, 9.63714452e+17, 12255645, -179808.777, -259982.044, 377.606803, 31.2771944, 28.5351758, 0.143006188, 0.122214156, 9.63714452e+17, 1.21796617e-15, 0.235387063, 0.961704576, 0.23550411, -0.232287351, -1.18356929e-15, -0.231836606, 0.0380683279, -1.32751869e-16, 0.0385323044, 0, 1.66366391e-08, 1.66366391e-08, 2432.34581, 2432.34581, 0, 0.27, 3.332, 0, -0.232287351, 0.0380683279, 0, 9.62798098e+17, 0, 2.98416263e-07, 0, 0
16.5114583, 0, 0, 1.13810651e+18, 0, 2.08044284e-13, 3.718e+18, 6.44e+20, 4.85, 4, 1001.86335, 26.2466849, 0.105984132, 184806.251, 0, 3.74378734e+12, 0.395066566, 16.9221789, -999.964964, -1002.75469, 1.13810651e+18, 23768060.3, -87429.6159, -160801.839, 377.53728, 28.6567087, 26.2466849, 0.123802093, 0.105984132, 1.13810651e+18, 1.22463757e-15, 16.9221789, 0.953844108, 16.9224393, -16.6164857, -1.14058132e-15, -16.6162193, 3.20195299, -1.66086697e-16, 3.20217628, 0, 1.66322899e-08, 1.66322899e-08, 2077.50585, 2077.50585, 0, 0.27, 3.332, 0, -16.6164857, 3.20195299, 0, 7.54686776e+17, 0, -1.93815535e-20, 0, 0
16.5625, 0, 0, 1.31640078e+18, 0, 2.05543106e-13, 3.718e+18, 6.44e+20, 4.85, 4, 1002.23665, 24.2442554, 0.0917828616, 63256.1969, 0, 1.32741378e+17, 0.905035794, 18.685191, -999.997313, -1003.15002, 1.31640078e+18, 60826842.4, -22760.7655, -57807.6215, 377.476436, 26.4027549, 24.2442554, 0.106998509, 0.0917828616, 1.31640078e+18, 5.34935787e-16, 18.685191, 0.953084089, 18.6851247, -18.3541478, -4.45809751e-16, -18.3540694, 3.49985542, -1.85071694e-16, 3.49991781, 0, 1.66284836e-08, 1.66284836e-08, -704.944556, -704.944556, 0, 0.27, 3.332, 0, -18.3541478, 3.49985542, 0, 8.43486247e+17, 0, 0, 0, 0
16.6208333, 0, 0, 1.53866542e+18, 0, 2.03104125e-13, 3.718e+18, 6.44e+20, 4.85, 4, 1002.24247, 22.5137225, 0.0800339993, 27684.2902, 0, 1.56910056e+17, 0.916716082, 35.6380227, -999.997475, -1003.15688, 1.53866542e+18, 61401077.2, -13534.9777, -23409.2488, 377.415692, 24.3862887, 22.5137225, 0.0930090659, 0.0800339993, 1.53866542e+18, 4.26370421e-16, 35.6380227, 0.941761976, 35.6379788, -35.580451, -4.10400765e-16, -35.5803989, 1.77504359, -8.18245796e-17, 1.77508933, 0, 1.66246841e-08, 1.66246841e-08, 15003.8194, 15003.8194, 0, 0.27, 3.332, 0, -35.580451, 1.77504359, 0, 8.91713016e+17, 0, 0, 0, 0
16.671875, 0, 0, 1.76372451e+18, 0, 2.00968514e-13, 3.718e+18, 6.44e+20, 4.85, 4, 1002.27737, 20.9995062, 0.0697537448, 12023.6363, 0, 4.52567695e+17, 0.554950705, 42.6128243, -999.997616, -1003.1793, 1.76372451e+18, 33817689.4, -2369.24456, -11760.8594, 377.362506, 22.6218808, 20.9995062, 0.0807683032, 0.0697537448, 1.76372451e+18, 1.8888097e-17, 42.6128243, 0.938851527, 42.6128236, -42.534716, -8.11217711e-18, -42.5347141, 2.37145986, -1.3825571e-17, 2.37147195, 0, 1.66213573e-08, 1.66213573e-08, 33389.2769, 33389.2769, 0, 0.27, 3.332, 0, -42.534716, 2.37145986, 0, 8.1413782e+17, 0, 0, 0, 0
16.7302083, 0, 0, 2.03868856e+18, 0, 1.98849796e-13, 3.718e+18, 6.44e+20, 4.85, 4, 1002.28086, 19.7150276, 0.061270903, 7685.74339, 0, 4.98885769e+17, 0.388166892, 43.0474115, -999.997773, -1003.15986, 2.03868856e+18, 24426334.8, -1825.37211, -7455.94449, 377.308637, 21.1143751, 19.7150276, 0.0706524511, 0.061270903, 2.03868856e+18, 1.21219846e-17, 43.0474115, 0.934344486, 43.0474108, -42.9994531, -6.13120551e-18, -42.9994512, 1.27132585, -5.2100581e-18, 1.27133747, 0, 1.66179882e-08, 1.66179882e-08, 33007.4921, 33007.4921, 0, 0.27, 3.332, 0, -42.9994531, 1.27132585, 0, 8.81401676e+17, 0, 0, 0, 0
16.78125, 0, 0, 2.31422725e+18, 0, 1.96994524e-13, 3.718e+18, 6.44e+20, 4.85, 4, 1002.28983, 18.5911089, 0.0538484164, 4977.14112, 0, 6.49556641e+17, 0.123636442, 50.1541162, -999.997908, -1003.14418, 2.31422725e+18, 7457480.57, -904.739029, -4893.53725, 377.261466, 19.7953076, 18.5911089, 0.0618010806, 0.0538484164, 2.31422725e+18, 4.79848466e-18, 50.1541162, 0.931358211, 50.1541176, -50.1485796, 4.71654625e-18, -50.1485808, 0.708366134, -8.10881485e-19, 0.708373584, 0, 1.66150381e-08, 1.66150381e-08, 41569.0227, 41569.0227, 0, 0.27, 3.332, 0, -50.1485796, 0.708366134, 0, 8.73071819e+17, 0, 0, 0, 0
16.8395833, 0, 0, 2.6439828e+18, 0, 1.95126632e-13, 3.718e+18, 6.44e+20, 4.85, 4, 1002.29278, 17.6422876, 0.0477077264, 3826.2357, 0, 7.04631253e+17, 0.0774309027, 48.5951388, -999.998051, -1003.11677, 2.6439828e+18, 4677898.4, -806.223198, -3739.56974, 377.21309, 18.6786576, 17.6422876, 0.0544893147, 0.0477077264, 2.6439828e+18, 2.89066426e-18, 48.5951388, 0.930450611, 48.5951401, -48.5916708, 2.87868222e-18, -48.591672, 0.317861905, -2.60595516e-19, 0.317868991, 0, 1.66120128e-08, 1.66120128e-08, 39481.144, 39481.144, 0, 0.27, 3.332, 0, -48.5916708, 0.317861905, 0, 9.40701069e+17, 0, 0, 0, 0
16.890625, 0, 0, 2.97084279e+18, 0, 1.93491073e-13, 3.718e+18, 6.44e+20, 4.85, 4, 1002.29794, 16.812069, 0.0423346226, 2663.15211, 0, 8.17211914e+17, 0.0195635225, 51.1305832, -999.998176, -1003.09309, 2.97084279e+18, 1181522.09, -632.127722, -2587.04194, 377.170731, 17.7015889, 16.812069, 0.0480915195, 0.0423346226, 2.97084279e+18, 9.98832552e-19, 51.1305832, 0.929373951, 51.1305843, -51.1302863, 9.97571711e-19, -51.1302874, 0.0904841335, -4.58407694e-20, 0.0904890225, 0, 1.66093639e-08, 1.66093639e-08, 34668.7331, 34668.7331, 0, 0.27, 3.332, 0, -51.1302863, 0.0904841335, 0, 9.61143215e+17, 0, 0, 0, 0
16.9489583, 0, 0, 3.35361868e+18, 0, 1.91825952e-13, 3.718e+18, 6.44e+20, 4.85, 4, 1002.30052, 16.1111628, 0.0378650747, 2428.49249, 0, 8.7695252e+17, 0.0112450981, 49.0157408, -999.998306, -1003.06006, 3.35361868e+18, 678973.516, -617.255737, -2348.1428, 377.126883, 16.8767252, 16.1111628, 0.0427864006, 0.0378650747, 3.35361868e+18, 5.34678186e-19, 49.0157408, 0.929890672, 49.0157418, -49.0148958, 5.34521854e-19, -49.0148968, -0.0797351135, -1.29263428e-20, -0.0797305051, 0, 1.66066221e-08, 1.66066221e-08, 32032.7616, 32032.7616, 0, 0.27, 3.332, 0, -49.0148958, -0.0797351135, 0, 1.02830544e+18, 0, 0, 0, 0
17, 0, 0, 3.72879441e+18, 0, 1.90368038e-13, 3.718e+18, 6.44e+20, 4.85, 4, 1002.3041, 15.4978698, 0.0339542203, 1975.38431, 0, 9.69941371e+17, 0.00237961136, 49.5741184, -999.998418, -1003.03127, 3.72879441e+18, 143940.445, -609.368278, -1878.00746, 377.08849, 16.1549694, 15.4978698, 0.0381444215, 0.0339542203, 3.72879441e+18, 1.26555328e-19, 49.5741184, 0.929638858, 49.5741193, -49.5735663, 1.26530361e-19, -49.5735672, -0.190730504, -2.29342447e-21, -0.190727322, 0, 1.66042215e-08, 1.66042215e-08, 27200.1529, 27200.1529, 0, 0.27, 3.332, 0, -49.5735663, -0.190730504, 0, 1.06357562e+18, 0, 0, 0, 0
17, 0, 0, 3.72879441e+18, 0, 1.90368038e-13, 3.718e+18, 6.44e+20, 4.85, 4, 1002.3041, 15.4978698, 0.0339542203, 1143.73359, 0, 9.69941371e+17, 0.00237961136, 49.5741184, -999.998418, -1003.03127, 3.72879441e+18, 143940.445, -415.91713, -1058.42803, 377.08849, 16.1549694, 15.4978698, 0.0381444215, 0.0339542203, 3.72879441e+18, 1.26555328e-19, 49.5741184, 0.929638858, 49.5741193, -49.5735663, 1.26530361e-19, -49.5735672, -0.190730504, -2.29342447e-21, -0.190727322, 0, 1.66042215e-08, 1.66042215e-08, 27200.1529, 27200.1529, 0, 0.27, 3.332, 0, -49.5735663, -0.190730504, 0, 1.06357562e+18, 0, 0, 0, 0
17.0666667, 0, 0, 4.21896004e+18, 0, 1.88670866e-13, 3.718e+18, 6.44e+20, 4.85, 4, 1002.30667, 14.9164858, 0.03028897, 1146.23996, 0, 1.0398366e+18, 0.00127610805, 47.4807767, -999.998548, -1002.99135, 4.21896004e+18, 77171.4374, -413.731329, -1062.52919, 377.043072, 15.5138243, 14.9164858, 0.0340770224, 0.03028897, 4.21896004e+18, 6.27122548e-20, 47.4807767, 0.930723213, 47.4807776, -47.4797696, 6.27097025e-20, -47.4797705, -0.24663147, -5.6572766e-22, -0.246628502, 0, 1.66013818e-08, 1.66013818e-08, 24809.2086, 24809.2086, 0, 0.27, 3.332, 0, -47.4797696, -0.24663147, 0, 1.13843941e+18, 0, 0, 0, 0
17.125, 0, 0, 4.70043188e+18, 0, 1.87184991e-13, 3.718e+18, 6.44e+20, 4.85, 4, 1002.30971, 14.4077748, 0.0270818759, 875.415207, 0, 1.13083487e+18, 0.00019764814, 47.0808773, -999.998662, -1002.95648, 4.70043188e+18, 11978.0737, -396.918299, -779.684711, 377.003307, 14.9528223, 14.4077748, 0.0305180481, 0.0270818759, 4.70043188e+18, 1.19838063e-20, 47.0808773, 0.930868405, 47.0808781, -47.0797938, 1.19834811e-20, -47.0797947, -0.293278399, -7.94851476e-23, -0.293276457, 0, 1.65988955e-08, 1.65988955e-08, 21182.1292, 21182.1292, 0, 0.27, 3.332, 0, -47.0797938, -0.293278399, 0, 1.18864515e+18, 0, 0, 0, 0
17.1916667, 0, 0, 5.23278599e+18, 0, 1.85670348e-13, 3.718e+18, 6.44e+20, 4.85, 4, 1002.3119, 13.993803, 0.0244949864, 718.30777, 0, 1.19953819e+18, 0.000102247115, 45.0864403, -999.998775, -1002.9128, 5.23278599e+18, 6195.4427, -362.526581, -613.387231, 376.962134, 14.4551444, 13.993803, 0.0273919781, 0.0244949864, 5.23278599e+18, 5.60155871e-21, 45.0864403, 0.93216123, 45.086441, -45.0853473, 5.6015325e-21, -45.0853481, -0.285843197, -1.70052115e-23, -0.285841387, 0, 1.65963214e-08, 1.65963214e-08, 19016.226, 19016.226, 0, 0.27, 3.332, 0, -45.0853473, -0.285843197, 0, 1.25996462e+18, 0, 0, 0, 0
17.25, 0, 0, 5.74782825e+18, 0, 1.84344371e-13, 3.718e+18, 6.44e+20, 4.85, 4, 1002.31424, 13.6315776, 0.022231458, 536.9757, 0, 1.27815109e+18, 1.36520275e-05, 44.2883604, -999.998875, -1002.8746, 5.74782825e+18, 828.949986, -322.510805, -428.297386, 376.926088, 14.0196762, 13.6315776, 0.0246566669, 0.022231458, 5.74782825e+18, 8.2897668e-22, 44.2883604, 0.932478216, 44.2883612, -44.2872231, 8.28972065e-22, -44.2872238, -0.297998799, -2.46761942e-24, -0.297997616, 0, 1.6594068e-08, 1.6594068e-08, 16221.9057, 16221.9057, 0, 0.27, 3.332, 0, -44.2872231, -0.297998799, 0, 1.3139274e+18, 0, 0, 0, 0
17.3166667, 0, 0, 6.29499965e+18, 0, 1.82984613e-13, 3.718e+18, 6.44e+20, 4.85, 4, 1002.31609, 13.3366182, 0.0203997781, 453.626656, 0, 1.34245e+18, 6.90489148e-06, 42.6896642, -999.998976, -1002.82771, 6.29499965e+18, 419.222128, -292.293084, -340.393268, 376.888596, 13.6652106, 13.3366182, 0.0224473822, 0.0203997781, 6.29499965e+18, 3.75755965e-22, 42.6896642, 0.933629335, 42.6896648, -42.6888632, 3.75755664e-22, -42.6888639, -0.249862673, -4.70644499e-25, -0.24986157, 0, 1.65917243e-08, 1.65917243e-08, 14434.0919, 14434.0919, 0, 0.27, 3.332, 0, -42.6888632, -0.249862673, 0, 1.3795583e+18, 0, 0, 0, 0
17.375, 0, 0, 6.81633846e+18, 0, 1.81794298e-13, 3.718e+18, 6.44e+20, 4.85, 4, 1002.31793, 13.0785288, 0.0187970582, 355.538154, 0, 1.41023724e+18, 8.04265244e-07, 41.8734359, -999.999065, -1002.7867, 6.81633846e+18, 48.9277302, -260.800077, -240.409337, 376.855775, 13.3550532, 13.0785288, 0.0205142581, 0.0187970582, 6.81633846e+18, 4.86829338e-23, 41.8734359, 0.933959598, 41.8734365, -41.8726633, 4.86828809e-23, -41.8726638, -0.240389493, -6.28836433e-26, -0.240388773, 0, 1.65896725e-08, 1.65896725e-08, 12401.1091, 12401.1091, 0, 0.27, 3.332, 0, -41.8726633, -0.240389493, 0, 1.43238751e+18, 0, 0, 0, 0
17.4416667, 0, 0, 7.34345162e+18, 0, 1.80568097e-13, 3.718e+18, 6.44e+20, 4.85, 4, 1002.31944, 12.8698377, 0.0175068364, 305.397669, 0, 1.46726212e+18, 4.00963882e-07, 40.8197676, -999.999156, -1002.73711, 7.34345162e+18, 24.3914673, -232.860044, -192.598969, 376.821524, 13.103228, 12.8698377, 0.0189533073, 0.0175068364, 7.34345162e+18, 2.16432389e-23, 40.8197676, 0.934759379, 40.819768, -40.8194678, 2.16432366e-23, -40.8194682, -0.15557693, -1.00204801e-26, -0.155576257, 0, 1.65875315e-08, 1.65875315e-08, 10932.2164, 10932.2164, 0, 0.27, 3.332, 0, -40.8194678, -0.15557693, 0, 1.49005706e+18, 0, 0, 0, 0
17.5, 0, 0, 7.83800783e+18, 0, 1.79494756e-13, 3.718e+18, 6.44e+20, 4.85, 4, 1002.32089, 12.687233, 0.0163778924, 247.923642, 0, 1.52429499e+18, 4.14620147e-08, 40.2388264, -999.999236, -1002.69373, 7.83800783e+18, 2.5268456, -205.785079, -137.148317, 376.791542, 12.8828809, 12.687233, 0.0175874753, 0.0163778924, 7.83800783e+18, 2.50095669e-24, 40.2388264, 0.934999181, 40.2388267, -40.2385919, 2.50095638e-24, -40.2385923, -0.129725485, -1.02838424e-27, -0.129725043, 0, 1.65856574e-08, 1.65856574e-08, 9404.85156, 9404.85156, 0, 0.27, 3.332, 0, -40.2385919, -0.129725485, 0, 1.5379779e+18, 0, 0, 0, 0
17.5666667, 0, 0, 8.30589435e+18, 0, 1.78385507e-13, 3.718e+18, 6.44e+20, 4.85, 4, 1002.32208, 12.5428993, 0.0154883222, 212.186465, 0, 1.57153081e+18, 2.0480235e-08, 40.0207632, -999.999321, -1002.64195, 8.30589435e+18, 1.24811055, -179.260204, -110.383503, 376.760188, 12.7063685, 12.5428993, 0.0164975794, 0.0154883222, 8.30589435e+18, 1.0982787e-24, 40.0207632, 0.935168468, 40.0207635, -40.0206759, 1.0982787e-24, -40.0206763, 0.0222663976, -5.85895637e-29, 0.0222668112, 0, 1.65836977e-08, 1.65836977e-08, 8199.72028, 8199.72028, 0, 0.27, 3.332, 0, -40.0206759, 0.0222663976, 0, 1.58549925e+18, 0, 0, 0, 0
17.625, 0, 0, 8.73815056e+18, 0, 1.77414582e-13, 3.718e+18, 6.44e+20, 4.85, 4, 1002.32318, 12.4166073, 0.0147099483, 173.845693, 0, 1.61719375e+18, 1.92106335e-09, 39.9531204, -999.999396, -1002.59664, 8.73815056e+18, 0.117259224, -154.718579, -78.4582376, 376.732743, 12.5519202, 12.4166073, 0.0155439204, 0.0147099483, 8.73815056e+18, 1.15588777e-25, 39.9531204, 0.935205147, 39.9531207, -39.9530485, 1.15588777e-25, -39.9530488, 0.0734244183, 1.19803794e-29, 0.0734246982, 0, 1.65819823e-08, 1.65819823e-08, 7023.47054, 7023.47054, 0, 0.27, 3.332, 0, -39.9530485, 0.0734244183, 0, 1.62555831e+18, 0, 0, 0, 0
17.6916667, 0, 0, 9.10784232e+18, 0, 1.7640887e-13, 3.718e+18, 6.44e+20, 4.85, 4, 1002.32405, 12.322259, 0.0141296699, 144.457655, 0, 1.65254311e+18, 9.43363836e-10, 41.5275974, -999.99948, -1002.54316, 9.10784232e+18, 0.0575812489, -129.415231, -62.4666452, 376.704004, 12.4325792, 12.322259, 0.0148089961, 0.0141296699, 9.10784232e+18, 5.03709934e-26, 41.5275974, 0.933890923, 41.5275976, -41.5235193, 5.03709926e-26, -41.5235195, 0.473746548, 9.75814715e-30, 0.473746811, 0, 1.65801861e-08, 1.65801861e-08, 6054.53227, 6054.53227, 0, 0.27, 3.332, 0, -41.5235193, 0.473746548, 0, 1.66100938e+18, 0, 0, 0, 0
17.75, 0, 0, 9.44413063e+18, 0, 1.75528609e-13, 3.718e+18, 6.44e+20, 4.85, 4, 1002.32486, 12.2397042, 0.0136219263, 113.50837, 0, 1.68606778e+18, 8.22335958e-11, 42.7686585, -999.999554, -1002.49636, 9.44413063e+18, 0.00502567851, -107.78622, -35.5536487, 376.67885, 12.3281558, 12.2397042, 0.0141659373, 0.0136219263, 9.44413063e+18, 4.94243661e-27, 42.7686585, 0.933402488, 42.7686586, -42.7638097, 4.94243608e-27, -42.7638098, 0.618793861, 2.23368623e-30, 0.618794063, 0, 1.65786139e-08, 1.65786139e-08, 5241.8741, 5241.8741, 0, 0.27, 3.332, 0, -42.7638097, 0.618793861, 0, 1.69091488e+18, 0, 0, 0, 0
17.8166667, 0, 0, 9.68195779e+18, 0, 1.74615726e-13, 3.718e+18, 6.44e+20, 4.85, 4, 1002.32543, 12.1863583, 0.0132942534, 101.427091, 0, 1.70796777e+18, 4.02445468e-11, 49.5404036, -999.999648, -1002.44172, 9.68195779e+18, 0.00245952723, -92.3966483, 9.10760914, 376.652502, 12.2543087, 12.1863583, 0.0137119617, 0.0132942534, 9.68195779e+18, 2.14400163e-27, 49.5404036, 0.923651812, 49.5404036, -49.3846746, 2.14400126e-27, -49.3846746, 3.3121132, 9.47533417e-31, 3.3121134, 0, 1.65769673e-08, 1.65769673e-08, 5312.10731, 5312.10731, 0, 0.27, 3.332, 0, -49.3846746, 3.3121132, 0, 1.7127462e+18, 0, 0, 0, 0
17.875, 0, 0, 9.89496437e+18, 0, 1.73816756e-13, 3.718e+18, 6.44e+20, 4.85, 4, 1002.32599, 12.1396807, 0.0130075396, 2689.32706, 0, 1.73055996e+18, 3.35342956e-12, 61.5832375, -999.999731, -1002.39396, 9.89496437e+18, 0.000205124142, -473.874375, 2629.25239, 376.629442, 12.1896924, 12.1396807, 0.013314733, 0.0130075396, 9.89496437e+18, 1.99813889e-28, 61.5832375, 0.918760801, 61.5832394, -61.3830736, 1.99813458e-28, -61.3830755, 4.78079475, 4.15004631e-31, 4.78079523, 0, 1.65755261e-08, 1.65755261e-08, 70194.597, 70194.597, 0, 0.27, 3.332, 0, -61.3830736, 4.78079475, 0, 1.72915118e+18, 0, 0, 0, 0
17.9416667, 0, 0, 9.97735004e+18, 0, 1.72987955e-13, 3.718e+18, 6.44e+20, 4.85, 4, 1002.32656, 12.1224201, 0.0129015835, 5699.75678, 0, 1.75151911e+18, 1.61256851e-12, 67.8025623, -999.999863, -1002.33109, 9.97735004e+18, 9.86418008e-05, -677.084692, 5654.4109, 376.605302, 12.1543892, 12.1224201, 0.0130979185, 0.0129015835, 9.97735004e+18, 8.57434603e-29, 67.8025623, 0.821169672, 67.8025741, -49.7619272, 8.56912348e-29, -49.761929, 34.0776654, -5.31263703e-31, 34.0776774, 0, 1.65740176e-08, 1.65740176e-08, 365551.188, 365551.188, 0, 0.27, 3.332, 0, -49.7619272, 34.0776654, 0, 1.72394031e+18, 0, 0, 0, 0
18, 0, 0, 1.005e+19, 0, 1.72262662e-13, 3.718e+18, 6.44e+20, 4.85, 4, 1002.34167, 12.1073171, 0.0128088719, 10865.2778, 0, 2.58926672e+18, 4.53156102e-14, 70.2376785, -999.999987, -1001.21388, 1.005e+19, 2.77407405e-06, -648.907106, 10844.9695, 376.584176, 12.1234989, 12.1073171, 0.0129082058, 0.0128088719, 1.005e+19, 6.80763659e-30, 70.2376785, 0.750420797, 70.2377016, -41.2290614, 6.64611667e-30, -41.2290633, 56.5976695, -1.36236086e-30, 56.5976969, 0, 1.65726974e-08, 1.65726974e-08, 875531.967, 875531.967, 0, 0.27, 3.332, 0, -41.2290614, 56.5976695, 0, 1.15542956e+18, 0, 0, 0, 0
18.0666667, 0, 0, 1.005e+19, 0, 1.71508536e-13, 3.718e+18, 6.44e+20, 4.85, 4, 1002.34168, 12.1073171, 0.0128088719, 12335.408, 0, 2.58905295e+18, 1.36709931e-15, 47.1753992, -999.999994, -1001.15346, 1.005e+19, 8.37019163e-08, -403.436861, 12324.9981, 376.562026, 12.1148686, 12.1073171, 0.0128552277, 0.0128088719, 1.005e+19, 2.16874827e-30, 47.1753992, 0.620725254, 47.1754238, -23.6220015, 2.05682633e-30, -23.6220034, 39.1037911, -6.8466442e-31, 39.1038186, 0, 1.65713132e-08, 1.65713132e-08, 705347.104, 705347.104, 0, 0.27, 3.332, 0, -23.6220015, 39.1037911, 0, 1.15531934e+18, 0, 0, 0, 0
18.125, 0, 0, 1.005e+19, 0, 1.70848479e-13, 3.718e+18, 6.44e+20, 4.85, 4, 1002.34168, 12.1073171, 0.0128088719, 12321.453, 0, 2.588853e+18, 1.36709931e-15, 25.6945359, -999.999994, -1001.15346, 1.005e+19, 8.37019163e-08, -0.536374197, 12321.453, 376.542638, 12.1073171, 12.1073171, 0.0128088719, 0.0128088719, 1.005e+19, 1.42924833e-31, 25.6945359, 0.526150016, 25.6945633, -4.12766992, 1.20555828e-31, -4.12766991, 25.3574164, -4.433668e-32, 25.3574442, 0, 1.65701017e-08, 1.65701017e-08, 348055.233, 348055.233, 0, 0.27, 3.332, 0, -4.12766992, 25.3574164, 0, 1.15521738e+18, 0, 0, 0, 0
18.1916667, 0, 0, 1.005e+19, 0, 1.70164193e-13, 3.718e+18, 6.44e+20, 4.85, 4, 1002.34168, 12.1073171, 0.0128088719, 12319.2419, 0, 2.58864405e+18, 4.49240388e-17, 19.9448676, -999.999997, -1001.09451, 1.005e+19, 2.7508921e-09, -0.31719568, 12319.2419, 376.522385, 12.1073171, 12.1073171, 0.0128088719, 0.0128088719, 1.005e+19, 2.36564997e-32, 19.9448676, 0.460147675, 19.9448951, -3.14089578, 3.63669772e-33, -3.14089578, 19.6930313, -2.07725745e-32, 19.6930592, 0, 1.65688361e-08, 1.65688361e-08, 299199.057, 299199.057, 0, 0.27, 3.332, 0, -3.14089578, 19.6930313, 0, 1.15512217e+18, 0, 0, 0, 0
18.25, 0, 0, 1.005e+19, 0, 1.6956531e-13, 3.718e+18, 6.44e+20, 4.85, 4, 1002.34168, 12.1073171, 0.0128088719, 12317.6439, 0, 2.58846124e+18, 4.49240388e-17, 16.0075718, -999.999997, -1001.09451, 1.005e+19, 2.7508921e-09, -0.288722227, 12317.6439, 376.504658, 12.1073171, 12.1073171, 0.0128088719, 0.0128088719, 1.005e+19, 4.38956358e-33, 16.0075718, 0.414148508, 16.0075991, -3.0115564, 3.63669772e-33, -3.0115564, 15.7197539, -1.50563833e-33, 15.7197818, 0, 1.65677284e-08, 1.65677284e-08, 215132.574, 215132.574, 0, 0.27, 3.332, 0, -3.0115564, 15.7197539, 0, 1.15502895e+18, 0, 0, 0, 0
18.3166667, 0, 0, 1.005e+19, 0, 1.68945656e-13, 3.718e+18, 6.44e+20, 4.85, 4, 1002.34168, 12.1073171, 0.0128088719, 12316.4707, 0, 2.58827018e+18, 1.54624555e-18, 13.1134504, -999.999998, -1001.03636, 1.005e+19, 9.46950811e-11, -0.224860259, 12316.4707, 376.486189, 12.1073171, 12.1073171, 0.0128088719, 0.0128088719, 1.005e+19, 7.77851153e-34, 13.1134504, 0.371524512, 13.1134777, -2.69746787, 1.19487493e-34, -2.69746787, 12.8330101, -6.84763352e-34, 12.833038, 0, 1.65665744e-08, 1.65665744e-08, 190502.342, 190502.342, 0, 0.27, 3.332, 0, -2.69746787, 12.8330101, 0, 1.15494233e+18, 0, 0, 0, 0
18.375, 0, 0, 1.005e+19, 0, 1.68403355e-13, 3.718e+18, 6.44e+20, 4.85, 4, 1002.34168, 12.1073171, 0.0128088719, 12315.3417, 0, 2.5881035e+18, 1.54624555e-18, 11.1374439, -999.999998, -1001.03636, 1.005e+19, 9.46950811e-11, -0.211455554, 12315.3417, 376.470024, 12.1073171, 12.1073171, 0.0128088719, 0.0128088719, 1.005e+19, 1.45761152e-34, 11.1374439, 0.341881645, 11.1374709, -2.57567279, 1.19487493e-34, -2.57567278, 10.8295554, -5.26733513e-35, 10.8295833, 0, 1.65655643e-08, 1.65655643e-08, 148124.12, 148124.12, 0, 0.27, 3.332, 0, -2.57567279, 10.8295554, 0, 1.15485731e+18, 0, 0, 0, 0
18.4416667, 0, 0, 1.005e+19, 0, 1.67843787e-13, 3.718e+18, 6.44e+20, 4.85, 4, 1002.34168, 12.1073171, 0.0128088719, 12314.5199, 0, 2.58792967e+18, 5.47012437e-20, 9.39978059, -999.999998, -1000.97867, 1.005e+19, 3.35039039e-12, -0.177255061, 12314.5199, 376.453238, 12.1073171, 12.1073171, 0.0128088719, 0.0128088719, 1.005e+19, 2.67826898e-35, 9.39978059, 0.311875271, 9.39980755, -2.38228957, 4.11213362e-36, -2.38228957, 9.09173392, -2.36137707e-35, 9.09176181, 0, 1.65645155e-08, 1.65645155e-08, 133330.345, 133330.345, 0, 0.27, 3.332, 0, -2.38228957, 9.09173392, 0, 1.15477867e+18, 0, 0, 0, 0
18.5, 0, 0, 1.005e+19, 0, 1.67354084e-13, 3.718e+18, 6.44e+20, 4.85, 4, 1002.34168, 12.1073171, 0.0128088719, 12313.6258, 0, 2.58777819e+18, 5.47012437e-20, 8.21599642, -999.999998, -1000.97867, 1.005e+19, 3.35039039e-12, -0.168827573, 12313.6258, 376.438548, 12.1073171, 12.1073171, 0.0128088719, 0.0128088719, 1.005e+19, 5.049502e-36, 8.21599642, 0.29100214, 8.21602309, -2.26696779, 4.11213362e-36, -2.26696779, 7.8880804, -1.88058282e-36, 7.8881083, 0, 1.65635976e-08, 1.65635976e-08, 107874.438, 107874.438, 0, 0.27, 3.332, 0, -2.26696779, 7.8880804, 0, 1.1547014e+18, 0, 0, 0, 0
18.5666667, 0, 0, 1.005e+19, 0, 1.66850811e-13, 3.718e+18, 6.44e+20, 4.85, 4, 1002.34169, 12.1073171, 0.0128088719, 12312.9959, 0, 2.58762084e+18, 1.96966596e-21, 7.08492604, -999.999999, -1000.9213, 1.005e+19, 1.2065223e-13, -0.146138419, 12312.9959, 376.423364, 12.1073171, 12.1073171, 0.0128088719, 0.0128088719, 1.005e+19, 9.47699019e-37, 7.08492604, 0.268809642, 7.0849526, -2.11948274, 1.45458628e-37, -2.11948274, 6.75731215, -8.36404736e-37, 6.75734006, 0, 1.65626489e-08, 1.65626489e-08, 98256.5352, 98256.5352, 0, 0.27, 3.332, 0, -2.11948274, 6.75731215, 0, 1.1546303e+18, 0, 0, 0, 0
18.625, 0, 0, 1.005e+19, 0, 1.66410378e-13, 3.718e+18, 6.44e+20, 4.85, 4, 1002.34169, 12.1073171, 0.0128088719, 12312.2547, 0, 2.58748382e+18, 1.96966596e-21, 6.31395433, -999.999999, -1000.9213, 1.005e+19, 1.2065223e-13, -0.140052824, 12312.2547, 376.410074, 12.1073171, 12.1073171, 0.0128088719, 0.0128088719, 1.005e+19, 1.79398636e-37, 6.31395433, 0.253362704, 6.31398057, -2.00971609, 1.45458628e-37, -2.00971609, 5.97461794, -6.81043526e-38, 5.97464586, 0, 1.65618186e-08, 1.65618186e-08, 81705.6843, 81705.6843, 0, 0.27, 3.332, 0, -2.00971609, 5.97461794, 0, 1.1545604e+18, 0, 0, 0, 0
18.6916667, 0, 0, 1.005e+19, 0, 1.65960075e-13, 3.718e+18, 6.44e+20, 4.85, 4, 1002.34169, 12.1073171, 0.0128088719, 12311.7495, 0, 2.58734224e+18, 7.17911616e-23, 5.53813232, -999.999999, -1000.86412, 1.005e+19, 4.39798598e-15, -0.123165803, 12311.7495, 376.396417, 12.1073171, 12.1073171, 0.0128088719, 0.0128088719, 1.005e+19, 3.41293567e-38, 5.53813232, 0.236346089, 5.53815847, -1.88604084, 5.23715166e-39, -1.88604084, 5.20182483, -3.01422661e-38, 5.20185276, 0, 1.65609653e-08, 1.65609653e-08, 75135.829, 75135.829, 0, 0.27, 3.332, 0, -1.88604084, 5.20182483, 0, 1.15449647e+18, 0, 0, 0, 0
18.75, 0, 0, 1.005e+19, 0, 1.65566004e-13, 3.718e+18, 6.44e+20, 4.85, 4, 1002.34169, 12.1073171, 0.0128088719, 12311.1216, 0, 2.587219e+18, 7.17911616e-23, 5.00657792, -999.999999, -1000.86412, 1.005e+19, 4.39798598e-15, -0.118349556, 12311.1216, 376.384464, 12.1073171, 12.1073171, 0.0128088719, 0.0128088719, 1.005e+19, 6.47898627e-39, 5.00657792, 0.22449326, 5.00660374, -1.78105135, 5.23715166e-39, -1.78105135, 4.66709175, -2.49189571e-39, 4.66711968, 0, 1.65602185e-08, 1.65602185e-08, 63829.6198, 63829.6198, 0, 0.27, 3.332, 0, -1.78105135, 4.66709175, 0, 1.1544336e+18, 0, 0, 0, 0
18.8166667, 0, 0, 1.005e+19, 0, 1.65165909e-13, 3.718e+18, 6.44e+20, 4.85, 4, 1002.34169, 12.1073171, 0.0128088719, 12310.706, 0, 2.58709259e+18, 2.6398107e-24, 4.45453209, -999.999999, -1000.80709, 1.005e+19, 1.61730314e-16, -0.104823096, 12310.706, 376.372272, 12.1073171, 12.1073171, 0.0128088719, 0.0128088719, 1.005e+19, 1.24407747e-39, 4.45453209, 0.211053077, 4.45455781, -1.67170639, 1.90870756e-40, -1.67170638, 4.12177976, -1.0992966e-39, 4.12180769, 0, 1.65594568e-08, 1.65594568e-08, 59194.8152, 59194.8152, 0, 0.27, 3.332, 0, -1.67170639, 4.12177976, 0, 1.15437654e+18, 0, 0, 0, 0
18.875, 0, 0, 1.005e+19, 0, 1.64815779e-13, 3.718e+18, 6.44e+20, 4.85, 4, 1002.34169, 12.1073171, 0.0128088719, 12310.1691, 0, 2.58698258e+18, 2.6398107e-24, 4.07183652, -999.999999, -1000.80709, 1.005e+19, 1.61730314e-16, -0.100792193, 12310.1691, 376.361602, 12.1073171, 12.1073171, 0.0128088719, 0.0128088719, 1.005e+19, 2.36662236e-40, 4.07183652, 0.201684223, 4.07186195, -1.57080558, 1.90870756e-40, -1.57080557, 3.74449475, -9.18813692e-41, 3.74452268, 0, 1.65587902e-08, 1.65587902e-08, 51218.3791, 51218.3791, 0, 0.27, 3.332, 0, -1.57080558, 3.74449475, 0, 1.15432042e+18, 0, 0, 0, 0
18.9416667, 0, 0, 1.005e+19, 0, 1.64463467e-13, 3.718e+18, 6.44e+20, 4.85, 4, 1002.34169, 12.1073171, 0.0128088719, 12309.8226, 0, 2.58687078e+18, 9.77124523e-26, 3.66607435, -999.999999, -1000.75018, 1.005e+19, 5.98687515e-18, -0.0893378599, 12309.8226, 376.350822, 12.1073171, 12.1073171, 0.0128088719, 0.0128088719, 1.005e+19, 4.57484879e-41, 3.66607435, 0.19078946, 3.66609971, -1.47090046, 7.01797424e-42, -1.47090046, 3.34935499, -4.04399052e-41, 3.34938292, 0, 1.65581167e-08, 1.65581167e-08, 47860.7617, 47860.7617, 0, 0.27, 3.332, 0, -1.47090046, 3.34935499, 0, 1.15426997e+18, 0, 0, 0, 0
19, 0, 0, 1.005e+19, 0, 1.64155156e-13, 3.718e+18, 6.44e+20, 4.85, 4, 1002.34169, 12.1073171, 0.0128088719, 12309.3631, 0, 2.58677351e+18, 9.77124523e-26, 3.37935437, -999.999999, -1000.75018, 1.005e+19, 5.98687515e-18, -0.0857969524, 12309.3631, 376.341387, 12.1073171, 12.1073171, 0.0128088719, 0.0128088719, 1.005e+19, 8.71654166e-42, 3.37935437, 0.183189092, 3.37937951, -1.37349109, 7.01797424e-42, -1.37349109, 3.07600761, -3.40795895e-42, 3.07603555, 0, 1.65575272e-08, 1.65575272e-08, 42082.2064, 42082.2064, 0, 0.27, 3.332, 0, -1.37349109, 3.07600761, 0, 1.15422034e+18, 0, 0, 0, 0
19.0666667, 0, 0, 1.005e+19, 0, 1.63848641e-13, 3.718e+18, 6.44e+20, 4.85, 4, 1002.34169, 12.1073171, 0.0128088719, 12309.073, 0, 2.58667588e+18, 3.63542246e-27, 3.07421871, -999.999999, -1000.69334, 1.005e+19, 2.22757742e-19, -0.0757084681, 12309.073, 376.331974, 12.1073171, 12.1073171, 0.0128088719, 0.0128088719, 1.005e+19, 1.69345189e-42, 3.07421871, 0.174145625, 3.07424383, -1.28013564, 2.59754843e-43, -1.28013564, 2.78518669, -1.49739108e-42, 2.78521463, 0, 1.65569392e-08, 1.65569392e-08, 39611.2004, 39611.2004, 0, 0.27, 3.332, 0, -1.28013564, 2.78518669, 0, 1.1541763e+18, 0, 0, 0, 0
19.125, 0, 0, 1.005e+19, 0, 1.63580409e-13, 3.718e+18, 6.44e+20, 4.85, 4, 1002.34169, 12.1073171, 0.0128088719, 12308.682, 0, 2.58659094e+18, 3.63542246e-27, 2.85266625, -999.999999, -1000.69334, 1.005e+19, 2.22757742e-19, -0.0725090898, 12308.682, 376.323735, 12.1073171, 12.1073171, 0.0128088719, 0.0128088719, 1.005e+19, 3.2305486e-43, 2.85266625, 0.167832017, 2.85269126, -1.18569322, 2.59754843e-43, -1.18569322, 2.58400108, -1.26994053e-43, 2.58402903, 0, 1.65564245e-08, 1.65564245e-08, 35358.4376, 35358.4376, 0, 0.27, 3.332, 0, -1.18569322, 2.58400108, 0, 1.15413296e+18, 0, 0, 0, 0
19.1916667, 0, 0, 1.005e+19, 0, 1.63317945e-13, 3.718e+18, 6.44e+20, 4.85, 4, 1002.34169, 12.1073171, 0.0128088719, 12308.44, 0, 2.58650707e+18, 1.3580864e-28, 2.61868463, -999.999999, -1000.63656, 1.005e+19, 8.32202587e-21, -0.0633353784, 12308.44, 376.315649, 12.1073171, 12.1073171, 0.0128088719, 0.0128088719, 1.005e+19, 6.30073769e-44, 2.61868463, 0.160153662, 2.61870967, -1.09708045, 9.66378315e-45, -1.09708045, 2.36732272, -5.57258094e-44, 2.36735067, 0, 1.65559193e-08, 1.65559193e-08, 33517.6984, 33517.6984, 0, 0.27, 3.332, 0, -1.09708045, 2.36732272, 0, 1.15409513e+18, 0, 0, 0, 0
19.25, 0, 0, 1.005e+19, 0, 1.63088265e-13, 3.718e+18, 6.44e+20, 4.85, 4, 1002.34169, 12.1073171, 0.0128088719, 12308.1115, 0, 2.58643411e+18, 1.3580864e-28, 2.44291648, -999.999999, -1000.63656, 1.005e+19, 8.32202587e-21, -0.0603618924, 12308.1115, 376.308573, 12.1073171, 12.1073171, 0.0128088719, 0.0128088719, 1.005e+19, 1.20315893e-44, 2.44291648, 0.154789367, 2.44294155, -1.00514016, 9.66378315e-45, -1.00514016, 2.2174416, -4.75002182e-45, 2.21746955, 0, 1.65554772e-08, 1.65554772e-08, 30349.6272, 30349.6272, 0, 0.27, 3.332, 0, -1.00514016, 2.2174416, 0, 1.1540579e+18, 0, 0, 0, 0
19.3166667, 0, 0, 1.005e+19, 0, 1.62868464e-13, 3.718e+18, 6.44e+20, 4.85, 4, 1002.34169, 12.1073171, 0.0128088719, 12307.9121, 0, 2.58636367e+18, 5.09013626e-30, 2.26234402, -999.999999, -1000.57983, 1.005e+19, 3.11925587e-22, -0.0518328439, 12307.9121, 376.301782, 12.1073171, 12.1073171, 0.0128088719, 0.0128088719, 1.005e+19, 2.35382456e-45, 2.26234402, 0.148123783, 2.26236917, -0.920014316, 3.60995467e-46, -0.920014316, 2.0561459, -2.08219888e-45, 2.05617385, 0, 1.6555053e-08, 1.6555053e-08, 28979.3545, 28979.3545, 0, 0.27, 3.332, 0, -0.920014316, 2.0561459, 0, 1.15402613e+18, 0, 0, 0, 0
19.375, 0, 0, 1.005e+19, 0, 1.62676117e-13, 3.718e+18, 6.44e+20, 4.85, 4, 1002.34169, 12.1073171, 0.0128088719, 12307.642, 0, 2.58630241e+18, 5.09013626e-30, 2.12111614, -999.999999, -1000.57983, 1.005e+19, 3.11925587e-22, -0.0490282756, 12307.642, 376.29584, 12.1073171, 12.1073171, 0.0128088719, 0.0128088719, 1.005e+19, 4.4983585e-46, 2.12111614, 0.143464139, 2.12114149, -0.830142062, 3.60995467e-46, -0.830142062, 1.94456501, -1.78210178e-46, 1.94459297, 0, 1.65546818e-08, 1.65546818e-08, 26620.9642, 26620.9642, 0, 0.27, 3.332, 0, -0.830142062, 1.94456501, 0, 1.15399487e+18, 0, 0, 0, 0
19.4416667, 0, 0, 1.005e+19, 0, 1.62497783e-13, 3.718e+18, 6.44e+20, 4.85, 4, 1002.34169, 12.1073171, 0.0128088719, 12307.4813, 0, 2.58624513e+18, 1.91296019e-31, 1.98216116, -999.999999, -1000.52315, 1.005e+19, 1.17231341e-23, -0.0409445559, 12307.4813, 376.290319, 12.1073171, 12.1073171, 0.0128088719, 0.0128088719, 1.005e+19, 8.82235045e-47, 1.98216116, 0.137546541, 1.98218664, -0.747610794, 1.35297294e-47, -0.747610794, 1.82539893, -7.80550149e-47, 1.82542688, 0, 1.65543369e-08, 1.65543369e-08, 25608.7515, 25608.7515, 0, 0.27, 3.332, 0, -0.747610794, 1.82539893, 0, 1.15396904e+18, 0, 0, 0, 0
19.5, 0, 0, 1.005e+19, 0, 1.62341726e-13, 3.718e+18, 6.44e+20, 4.85, 4, 1002.34169, 12.1073171, 0.0128088719, 12307.2665, 0, 2.58619531e+18, 1.91296019e-31, 1.8686172, -999.999999, -1000.52315, 1.005e+19, 1.17231341e-23, -0.0382517973, 12307.2665, 376.285487, 12.1073171, 12.1073171, 0.0128088719, 0.0128088719, 1.005e+19, 1.68714347e-47, 1.8686172, 0.133407616, 1.86864304, -0.6594105, 1.35297294e-47, -0.6594105, 1.74297085, -6.7029452e-48, 1.7429988, 0, 1.6554035e-08, 1.6554035e-08, 23866.6137, 23866.6137, 0, 0.27, 3.332, 0, -0.6594105, 1.74297085, 0, 1.15394362e+18, 0, 0, 0, 0
19.5666667, 0, 0, 1.005e+19, 0, 1.6220397e-13, 3.718e+18, 6.44e+20, 4.85, 4, 1002.34169, 12.1073171, 0.0128088719, 12307.142, 0, 2.58615099e+18, 7.20543749e-33, 1.76477517, -999.999999, -1000.46649, 1.005e+19, 4.41581329e-25, -0.0304870162, 12307.142, 376.281214, 12.1073171, 12.1073171, 0.0128088719, 0.0128088719, 1.005e+19, 3.31564531e-48, 1.76477517, 0.128032086, 1.76480119, -0.578781132, 5.08456885e-49, -0.578781132, 1.65767259, -2.93387453e-48, 1.65770054, 0, 1.65537681e-08, 1.65537681e-08, 23141.9961, 23141.9961, 0, 0.27, 3.332, 0, -0.578781132, 1.65767259, 0, 1.15392363e+18, 0, 0, 0, 0
19.625, 0, 0, 1.005e+19, 0, 1.62083421e-13, 3.718e+18, 6.44e+20, 4.85, 4, 1002.34169, 12.1073171, 0.0128088719, 12306.9804, 0, 2.58611244e+18, 7.20543749e-33, 1.67595123, -999.999999, -1000.46649, 1.005e+19, 4.41581329e-25, -0.02787997, 12306.9804, 376.277475, 12.1073171, 12.1073171, 0.0128088719, 0.0128088719, 1.005e+19, 6.34419414e-49, 1.67595123, 0.124270725, 1.67597772, -0.491890593, 5.08456885e-49, -0.491890593, 1.59866175, -2.52648637e-49, 1.5986897, 0, 1.65535345e-08, 1.65535345e-08, 21894.8298, 21894.8298, 0, 0.27, 3.332, 0, -0.491890593, 1.59866175, 0, 1.15390396e+18, 0, 0, 0, 0
19.6916667, 0, 0, 1.005e+19, 0, 1.61985503e-13, 3.718e+18, 6.44e+20, 4.85, 4, 1002.34169, 12.1073171, 0.0128088719, 12306.8902, 0, 2.58608089e+18, 2.71918718e-34, 1.60317508, -999.999999, -1000.40985, 1.005e+19, 1.66647338e-26, -0.0203240133, 12306.8902, 376.274434, 12.1073171, 12.1073171, 0.0128088719, 0.0128088719, 1.005e+19, 1.24890484e-49, 1.60317508, 0.119270515, 1.60320175, -0.412609569, 1.91513409e-50, -0.412609569, 1.54118514, -1.1052256e-49, 1.5412131, 0, 1.65533445e-08, 1.65533445e-08, 21406.659, 21406.659, 0, 0.27, 3.332, 0, -0.412609569, 1.54118514, 0, 1.15388974e+18, 0, 0, 0, 0
19.75, 0, 0, 1.005e+19, 0, 1.61899817e-13, 3.718e+18, 6.44e+20, 4.85, 4, 1002.34169, 12.1073171, 0.0128088719, 12306.7806, 0, 2.58605346e+18, 2.71918718e-34, 1.53824299, -999.999999, -1000.40985, 1.005e+19, 1.66647338e-26, -0.0177671534, 12306.7806, 376.271772, 12.1073171, 12.1073171, 0.0128088719, 0.0128088719, 1.005e+19, 2.39078725e-50, 1.53824299, 0.115770593, 1.53827018, -0.326689519, 1.91513409e-50, -0.326689518, 1.50142889, -9.53994906e-51, 1.50145685, 0, 1.65531782e-08, 1.65531782e-08, 20566.4515, 20566.4515, 0, 0.27, 3.332, 0, -0.326689519, 1.50142889, 0, 1.15387573e+18, 0, 0, 0, 0
19.8166667, 0, 0, 1.005e+19, 0, 1.61841272e-13, 3.718e+18, 6.44e+20, 4.85, 4, 1002.34169, 12.1073171, 0.0128088719, 12306.7235, 0, 2.58603458e+18, 1.02929248e-35, 1.49506806, -999.999999, -1000.35325, 1.005e+19, 6.3081704e-28, -0.0103443067, 12306.7235, 376.269952, 12.1073171, 12.1073171, 0.0128088719, 0.0128088719, 1.005e+19, 4.71228682e-51, 1.49506806, 0.111004772, 1.49509538, -0.248265768, 7.21689845e-52, -0.248265768, 1.46840142, -4.1716623e-51, 1.46842938, 0, 1.65530645e-08, 1.65530645e-08, 20285.8591, 20285.8591, 0, 0.27, 3.332, 0, -0.248265768, 1.46840142, 0, 1.15386722e+18, 0, 0, 0, 0
19.875, 0, 0, 1.005e+19, 0, 1.61790041e-13, 3.718e+18, 6.44e+20, 4.85, 4, 1002.34169, 12.1073171, 0.0128088719, 12306.6647, 0, 2.58601816e+18, 1.02929248e-35, 1.45516882, -999.999999, -1000.35325, 1.005e+19, 6.3081704e-28, -0.00782187034, 12306.6647, 376.26836, 12.1073171, 12.1073171, 0.0128088719, 0.0128088719, 1.005e+19, 9.01917745e-52, 1.45516882, 0.107667673, 1.45519656, -0.162981187, 7.21689845e-52, -0.162981187, 1.44554955, -3.61293223e-52, 1.44557751, 0, 1.6552965e-08, 1.6552965e-08, 19802.916, 19802.916, 0, 0.27, 3.332, 0, -0.162981187, 1.44554955, 0, 1.15385884e+18, 0, 0, 0, 0
19.9416667, 0, 0, 1.005e+19, 0, 1.61770548e-13, 3.718e+18, 6.44e+20, 4.85, 4, 1002.34169, 12.1073171, 0.0128088719, 13764.4468, 0, 2.58601187e+18, 7.78081311e-37, 1.44163696, -999.999999, -1000.3086, 1.005e+19, 4.76860525e-29, -0.0041335004, 13764.4468, 376.267753, 12.1073171, 12.1073171, 0.0128088719, 0.0128088719, 1.005e+19, 2.03021964e-52, 1.44163696, 0.103016318, 1.44166474, -0.123946749, 5.06508162e-53, -0.123946749, 1.43467688, -1.65897893e-52, 1.43470484, 0, 1.65529272e-08, 1.65529272e-08, 19710.6161, 19710.6161, 0, 0.27, 3.332, 0, -0.123946749, 1.43467688, 0, 1.15385601e+18, 0, 0, 0, 0
20, 0, 0, 1.005e+19, 0, 1.6175349e-13, 3.718e+18, 6.44e+20, 4.85, 4, 1002.34169, 12.1073171, 0.0128088719, 13764.43, 0, 2.5860064e+18, 7.78081311e-37, 1.4295999, -999.999999, -1000.3086, 1.005e+19, 4.76860525e-29, -0.00287547854, 13764.43, 376.267223, 12.1073171, 12.1073171, 0.0128088719, 0.0128088719, 1.005e+19, 6.44471501e-53, 1.4295999, 0.101374613, 1.4296278, -0.0814380474, 5.06508162e-53, -0.0814380474, 1.42715992, -2.73230787e-53, 1.42718789, 0, 1.6552894e-08, 1.6552894e-08, 19551.7576, 19551.7576, 0, 0.27, 3.332, 0, -0.0814380474, 1.42715992, 0, 1.15385322e+18, 0, 0, 0, 0
