"depth", "composition x", "composition y", "donor conc", "acceptor conc", "ni", "nc", "nv", "eg", "electron affinity", "potential", "e- mobility", "h+ mobility", "electric field", "impact gen rate", "electron conc", "hole conc", "cond. current density", "electron qfl", "hole qfl", "net doping", "recombination rate", "e field x", "e field y", "lattice temperature", "e- mobility x", "e- mobility y", "h+ mobility x", "h+ mobility y", "total doping", "h+ current density", "e- current density", "current flowlines", "total current density", "je- x", "jh+ x", "jtot x", "je- y", "jh+ y", "jtot y", "seu generation rate", "e- srh tno", "h+ srh tno", "joule heat power", "total heat power", "rec heat power", "heat conductivity", "heat capacity", "peltier-thomson heat power", "cond current x", "cond current y", "ionized acceptor concentration", "ionized donor concentration", "e- ionization coefficient", "h+ ionization coefficient", "acceptor trap dos #1", "acceptor trap ionized density #1"
-0.42, 0, 0, 0, 0, 0, 0, 0, 0, 0, 147.572194, 0, 0, 659071.406, 0, 0, 0, 0, 0, 0, 0, 0, -659029.306, 7448.22388, 300, 0, 0, 0, 0, 0, 0, 0, 0.160518358, 59.2590525, 0, 0, 58.9258958, 0, 0, -6.22671075, 0, 0, 0, 0, 0, 0, 0.014, 3.066, 0, 0, 0, 0, 0, 0, 0, 0, 0
-0.405714286, 0, 0, 0, 0, 0, 0, 0, 0, 0, 147.561292, 0, 0, 658194.905, 0, 0, 0, 0, 0, 0, 0, 0, -658114.825, 9630.57375, 300, 0, 0, 0, 0, 0, 0, 0, 0.161414632, 59.5638035, 0, 0, 59.0139171, 0, 0, -7.91811461, 0, 0, 0, 0, 0, 0, 0.014, 3.066, 0, 0, 0, 0, 0, 0, 0, 0, 0
-0.37, 0, 0, 0, 0, 0, 0, 0, 0, 0, 147.535731, 0, 0, 656102.45, 0, 0, 0, 0, 0, 0, 0, 0, -655936.646, 14747.0375, 300, 0, 0, 0, 0, 0, 0, 0, 0.163843134, 60.6006997, 0, 0, 59.2970574, 0, 0, -12.4110207, 0, 0, 0, 0, 0, 0, 0.014, 3.066, 0, 0, 0, 0, 0, 0, 0, 0, 0
-0.355714286, 0, 0, 0, 0, 0, 0, 0, 0, 0, 147.502995, 0, 0, 655892.941, 0, 0, 0, 0, 0, 0, 0, 0, -655575.66, 19121.059, 300, 0, 0, 0, 0, 0, 0, 0, 0.164567127, 61.6803849, 0, 0, 59.5565029, 0, 0, -15.7635621, 0, 0, 0, 0, 0, 0, 0.014, 3.066, 0, 0, 0, 0, 0, 0, 0, 0, 0
-0.32, 0, 0, 0, 0, 0, 0, 0, 0, 0, 147.426251, 0, 0, 655286.605, 0, 0, 0, 0, 0, 0, 0, 0, -654627.773, 29372.3954, 300, 0, 0, 0, 0, 0, 0, 0, 0.1665102, 65.2890251, 0, 0, 60.392802, 0, 0, -24.6534422, 0, 0, 0, 0, 0, 0, 0.014, 3.066, 0, 0, 0, 0, 0, 0, 0, 0, 0
-0.305714286, 0, 0, 0, 0, 0, 0, 0, 0, 0, 147.371591, 0, 0, 654934.018, 0, 0, 0, 0, 0, 0, 0, 0, -654020.465, 33771.2538, 300, 0, 0, 0, 0, 0, 0, 0, 0.167303398, 66.9282221, 0, 0, 60.8097855, 0, 0, -27.9262272, 0, 0, 0, 0, 0, 0, 0.014, 3.066, 0, 0, 0, 0, 0, 0, 0, 0, 0
-0.27, 0, 0, 0, 0, 0, 0, 0, 0, 0, 147.243486, 0, 0, 653915.393, 0, 0, 0, 0, 0, 0, 0, 0, -652428.147, 44070.696, 300, 0, 0, 0, 0, 0, 0, 0, 0.169396412, 72.2064168, 0, 0, 62.159825, 0, 0, -36.5626837, 0, 0, 0, 0, 0, 0, 0.014, 3.066, 0, 0, 0, 0, 0, 0, 0, 0, 0
-0.255714286, 0, 0, 0, 0, 0, 0, 0, 0, 0, 147.166751, 0, 0, 653416.879, 0, 0, 0, 0, 0, 0, 0, 0, -651567.192, 48506.7235, 300.000001, 0, 0, 0, 0, 0, 0, 0, 0.170273996, 74.2311357, 0, 0, 62.7111069, 0, 0, -39.7185983, 0, 0, 0, 0, 0, 0, 0.014, 3.066, 0, 0, 0, 0, 0, 0, 0, 0, 0
-0.22, 0, 0, 0, 0, 0, 0, 0, 0, 0, 146.986998, 0, 0, 651979.559, 0, 0, 0, 0, 0, 0, 0, 0, -649314.949, 58875.2863, 300.000004, 0, 0, 0, 0, 0, 0, 0, 0.172540181, 80.5028256, 0, 0, 64.5094355, 0, 0, -47.9819012, 0, 0, 0, 0, 0, 0, 0.014, 3.066, 0, 0, 0, 0, 0, 0, 0, 0, 0
-0.205714286, 0, 0, 0, 0, 0, 0, 0, 0, 0, 146.887978, 0, 0, 650786.49, 0, 0, 0, 0, 0, 0, 0, 0, -647629.657, 63461.0224, 300.000029, 0, 0, 0, 0, 0, 0, 0, 0.173490529, 82.3744793, 0, 0, 64.3801633, 0, 0, -51.3882217, 0, 0, 0, 0, 0, 0, 0.014, 3.066, 0, 0, 0, 0, 0, 0, 0, 0, 0
-0.17, 0, 0, 0, 0, 0, 0, 0, 0, 0, 146.656198, 0, 0, 647595.484, 0, 0, 0, 0, 0, 0, 0, 0, -643342.058, 74087.3637, 300.000108, 0, 0, 0, 0, 0, 0, 0, 0.175917244, 88.682184, 0, 0, 64.9441148, 0, 0, -60.2360875, 0, 0, 0, 0, 0, 0, 0.014, 3.066, 0, 0, 0, 0, 0, 0, 0, 0, 0
-0.141428624, 0, 0, 0, 0, 0, 0, 0, 0, 0, 146.417785, 0, 0, 646353.462, 0, 0, 0, 0, 0, 0, 0, 0, -640920.995, 83162.2082, 300.001427, 0, 0, 0, 0, 0, 0, 0, 0.177397723, 94.3581847, 0, 0, 70.3775335, 0, 0, -62.7304286, 0, 0, 0, 0, 0, 0, 0.014, 3.066, 0, 0, 0, 0, 0, 0, 0, 0, 0
-0.12, 0, 0, 0, 0, 0, 0, 0, 0, 0, 146.249404, 0, 0, 645021.94, 0, 0, 0, 0, 0, 0, 0, 0, -638680.06, 90227.4539, 300.00273, 0, 0, 0, 0, 0, 0, 0, 0.178705796, 98.4765647, 0, 0, 72.5157259, 0, 0, -66.4046699, 0, 0, 0, 0, 0, 0, 0.014, 3.066, 0, 0, 0, 0, 0, 0, 0, 0, 0
-0.0771427527, 0, 0, 0, 0, 0, 0, 0, 0, 0, 145.83623, 0, 0, 642019.177, 0, 0, 0, 0, 0, 0, 0, 0, -633701.597, 102871.54, 300.059534, 0, 0, 0, 0, 0, 0, 0, 0.179903246, 105.747288, 0, 0, 74.6204252, 0, 0, -74.8292727, 0, 0, 0, 0, 0, 0, 0.014, 3.066, 0, 0, 0, 0, 0, 0, 0, 0, 0
-0.07, 0, 0, 0, 0, 0, 0, 0, 0, 0, 145.766522, 0, 0, 641340.694, 0, 0, 0, 0, 0, 0, 0, 0, -632634.168, 105313.627, 300.067978, 0, 0, 0, 0, 0, 0, 0, 0.180147631, 106.881436, 0, 0, 74.4225505, 0, 0, -76.7130905, 0, 0, 0, 0, 0, 0, 0.014, 3.066, 0, 0, 0, 0, 0, 0, 0, 0, 0
-0.0557145992, 0, 0, 0, 0, 0, 0, 0, 0, 0, 145.605794, 0, 0, 640763.95, 0, 0, 0, 0, 0, 0, 0, 0, -631756.398, 107005.12, 300.412911, 0, 0, 0, 0, 0, 0, 0, 0.180274572, 116.636744, 0, 0, 86.0242854, 0, 0, -78.0939071, 0, 0, 0, 0, 0, 0, 0.014, 3.066, 0, 0, 0, 0, 0, 0, 0, 0, 0
-0.02, 0, 0, 0, 0, 0, 0, 0, 0, 0, 145.208003, 0, 0, 637248.651, 0, 0, 0, 0, 0, 0, 0, 0, -627386.894, 111675.948, 301.327248, 0, 0, 0, 0, 0, 0, 0, 0.180763347, 140.76519, 0, 0, 114.094632, 0, 0, -82.4409259, 0, 0, 0, 0, 0, 0, 0.014, 3.066, 0, 0, 0, 0, 0, 0, 0, 0, 0
-0.02, 0, 0, 0, 0, 0, 0, 0, 0, 0, 145.208003, 0, 0, 627315.515, 0, 0, 0, 0, 0, 0, 0, 0, -627012.878, 19483.4309, 301.327248, 0, 0, 0, 0, 0, 0, 0, 0.180763347, 140.76519, 0, 0, 114.094632, 0, 0, -82.4409259, 0, 0, 0, 0, 0, 0, 0.023, 0, 0, 0, 0, 0, 0, 0, 0, 0, 0
-0.0185714599, 0, 0, 0, 0, 0, 0, 0, 0, 0, 145.20521, 0, 0, 627195.229, 0, 0, 0, 0, 0, 0, 0, 0, -626885.906, 19691.8379, 301.434999, 0, 0, 0, 0, 0, 0, 0, 0.180931899, 244.146904, 0, 0, 222.548659, 0, 0, -85.0134388, 0, 0, 0, 0, 0, 0, 0.023, 0, 0, 0, 0, 0, 0, 0, 0, 0, 0
-0.015, 0, 0, 0, 0, 0, 0, 0, 0, 0, 145.198291, 0, 0, 626895.013, 0, 0, 0, 0, 0, 0, 0, 0, -626569.254, 20207.0191, 301.711315, 0, 0, 0, 0, 0, 0, 0, 0.181250359, 498.524347, 0, 0, 490.157863, 0, 0, -90.9467111, 0, 0, 0, 0, 0, 0, 0.023, 0, 0, 0, 0, 0, 0, 0, 0, 0, 0
-0.0135714599, 0, 0, 0, 0, 0, 0, 0, 0, 0, 145.195274, 0, 0, 626869.749, 0, 0, 0, 0, 0, 0, 0, 0, -626528.881, 20655.8043, 301.818129, 0, 0, 0, 0, 0, 0, 0, 0.181367507, 498.849747, 0, 0, 490.22, 0, 0, -92.37538, 0, 0, 0, 0, 0, 0, 0.023, 0, 0, 0, 0, 0, 0, 0, 0, 0, 0
-0.01, 0, 0, 0, 0, 0, 0, 0, 0, 0, 145.187799, 0, 0, 626806.25, 0, 0, 0, 0, 0, 0, 0, 0, -626428.206, 21766.3441, 302.092343, 0, 0, 0, 0, 0, 0, 0, 0.181665066, 499.677461, 0, 0, 490.383105, 0, 0, -95.9242664, 0, 0, 0, 0, 0, 0, 0.023, 0, 0, 0, 0, 0, 0, 0, 0, 0, 0
-0.00857145992, 0, 0, 0, 0, 0, 0, 0, 0, 0, 145.184557, 0, 0, 626778.728, 0, 0, 0, 0, 0, 0, 0, 0, -626384.437, 22215.3472, 302.198235, 0, 0, 0, 0, 0, 0, 0, 0.181784449, 500.007858, 0, 0, 490.436921, 0, 0, -97.3515702, 0, 0, 0, 0, 0, 0, 0.023, 0, 0, 0, 0, 0, 0, 0, 0, 0, 0
-0.005, 0, 0, 0, 0, 0, 0, 0, 0, 0, 145.176528, 0, 0, 626708.973, 0, 0, 0, 0, 0, 0, 0, 0, -626274.724, 23326.0283, 302.470304, 0, 0, 0, 0, 0, 0, 0, 0.182087796, 500.846909, 0, 0, 490.579015, 0, 0, -100.892672, 0, 0, 0, -4.40001794e-06, -4.40440004e-06, -7.44753531e-10, 0.023, 0, -3.63734226e-09, 0, 0, 0, 0, 0, 0, 0, 0
-0.00357145992, 0, 0, 0, 0, 0, 0, 0, 0, 0, 145.173061, 0, 0, 626583.461, 0, 0, 0, 0, 0, 0, 0, 0, -626141.441, 23528.2438, 302.57527, 0, 0, 0, 0, 0, 0, 0, 0.18222047, 448.466425, 0, 0, 435.956372, 0, 0, -102.441107, 0, 0, 0, 8043069.6, 8051079.91, 1361.38183, 0.023, 0, 6648.92673, 0, 0, 0, 0, 0, 0, 0, 0
0, 0, 0, 0, 0, 0, 0, 0, 0, 0, 145.164476, 0, 0, 626271.764, 0, 0, 0, 0, 0, 0, 0, 0, -625810.668, 24027.5921, 302.845189, 0, 0, 0, 0, 0, 0, 0, 0.182558558, 319.472709, 0, 0, 301.274955, 0, 0, -106.281275, 0, 0, 0, 27946726.6, 27975218.1, 4740.56331, 0.023, 0, 23750.9821, 0, 0, 0, 0, 0, 0, 0, 0
0, 0, 0, 5e+16, 0, 2.15899345e-21, 3.718e+18, 6.44e+20, 4.85, 4, 145.164476, 31.9967501, 0.866667, 629749.707, 2.07789565e+14, 1.39726132e+13, 4.25064502e+09, 29.1045655, -143.132469, -146.98389, 5e+16, 3.49403279e+17, -626196.229, 66805.315, 302.845189, 31.9967501, 96.3975029, 0.866667, 0.866667, 5e+16, 0.000242561681, 29.1043231, 0.182558558, 347.096168, -29.1040937, -0.000242399297, -330.379292, 0.115537563, 8.87412051e-06, 106.418026, 0, 1.21619281e-08, 1.21619281e-08, 27946726.6, 27975218.1, 4740.56331, 0.27, 3.332, 23750.9821, -29.104336, 0.115546437, 0, 4.99963079e+16, 1.17041305e-06, 1.21714839e-06, 0, 0
0.00267851265, 0, 0, 5e+16, 0, 2.16904426e-21, 3.718e+18, 6.44e+20, 4.85, 4, 145.146522, 32.0085741, 0.866667, 629664.952, 1.23437255e+14, 7.25281913e+12, 7.59391533e+09, 22.0571626, -143.131643, -146.981041, 5e+16, 9.98950094e+17, -625937.541, 68360.3582, 302.860623, 32.0085741, 96.3958454, 0.866667, 0.866667, 5e+16, 0.00100049342, 22.0561626, 0.182671231, 314.039396, -22.055612, -0.000999093475, -294.246152, 0.115039957, 5.24113781e-05, 107.411138, 0, 1.21628082e-08, 1.21628082e-08, 20723938.5, 20745719.5, 3522.6531, 0.27, 3.332, 18258.3443, -22.0566111, 0.115092369, 0, 4.99972621e+16, 1.17735626e-06, 1.22204165e-06, 0, 0
0.009375, 0, 0, 5e+16, 0, 2.19572988e-21, 3.718e+18, 6.44e+20, 4.85, 4, 145.102031, 32.0384512, 0.866667, 629450.623, 3.4204428e+13, 1.43346398e+12, 3.1883076e+10, 4.64161895, -143.129524, -146.973911, 5e+16, 2.56412662e+18, -625291.938, 72236.0967, 302.900179, 32.0384512, 96.3958454, 0.866667, 0.866667, 5e+16, 0.0028209681, 4.63879932, 0.182958063, 232.699695, -4.6373929, -0.00281663569, -205.125481, 0.114213368, 0.000156282308, 109.873922, 0, 1.21650641e-08, 1.21650641e-08, 2902411.65, 2907074.34, 509.162667, 0.27, 3.332, 4153.52646, -4.64020954, 0.11436965, 0, 4.99996215e+16, 1.19301569e-06, 1.23252972e-06, 0, 0
0.0120535127, 0, 0, 5e+16, 0, 2.20421687e-21, 3.718e+18, 6.44e+20, 4.85, 4, 145.081058, 32.0509477, 0.866667, 629608.069, 1.7769074e+13, 7.13440598e+11, 4.37947075e+10, 3.45151483, -143.12678, -146.961195, 5e+16, 3.10419305e+18, -625048.047, 75456.3829, 302.91302, 32.0509477, 96.3958454, 0.866667, 0.866667, 5e+16, 0.00450623281, 3.44700952, 0.183092665, 232.213211, -3.44556097, -0.00449432099, -203.993815, 0.0924862447, 0.000321072022, 110.935413, 0, 1.21657963e-08, 1.21657963e-08, 2156224.08, 2159995.31, 371.618921, 0.27, 3.332, 3399.61456, -3.45005529, 0.0928073162, 0, 4.9999719e+16, 1.19868174e-06, 1.25044133e-06, 0, 0
0.01875, 0, 0, 5e+16, 0, 2.22651759e-21, 3.718e+18, 6.44e+20, 4.85, 4, 145.029043, 32.0825265, 0.866667, 629991.849, 3.52854855e+12, 1.27535338e+11, 9.6993541e+10, 0.429700331, -143.119762, -146.929869, 5e+16, 4.52710971e+18, -624435.802, 83484.3352, 302.945579, 32.0825265, 96.3919315, 0.866667, 0.866667, 5e+16, 0.00857689375, 0.421123464, 0.183435543, 230.977703, -0.419564446, -0.00854691864, -201.13059, 0.0362026942, 0.000716438161, 113.563876, 0, 1.21676533e-08, 1.21676533e-08, 268005.983, 269474.118, 23.3121979, 0.27, 3.332, 1444.82354, -0.428111365, 0.0369191324, 0, 4.99999663e+16, 1.21095826e-06, 1.29022868e-06, 0, 0
0.0214285127, 0, 0, 5e+16, 0, 2.23343489e-21, 3.718e+18, 6.44e+20, 4.85, 4, 145.00505, 32.0957099, 0.866667, 630194.596, 2.18257009e+12, 7.49113017e+10, 1.23037877e+11, 0.335652262, -143.109675, -146.912063, 5e+16, 3.6508799e+18, -624179.234, 86706.1457, 302.955918, 32.0957099, 96.3782328, 0.866667, 0.866667, 5e+16, 0.011843851, 0.323871606, 0.183573413, 231.463011, -0.322032822, -0.0117903066, -201.081783, 0.0313714476, 0.00111700966, 114.632175, 0, 1.2168243e-08, 1.2168243e-08, 209120.794, 210304.004, 0.101675132, 0.27, 3.332, 1183.10843, -0.333823129, 0.0324884573, 0, 4.99999742e+16, 1.15729163e-06, 1.30525332e-06, 0, 0
0.028125, 0, 0, 5e+16, 0, 2.25131893e-21, 3.718e+18, 6.44e+20, 4.85, 4, 144.945507, 32.1290265, 0.866667, 630691.126, 6.55247607e+11, 1.99319679e+10, 2.23074412e+11, 0.0879421764, -143.084745, -146.868003, 5e+16, 1.5038013e+18, -623535.133, 94737.5877, 302.981711, 32.1290265, 96.368257, 0.866667, 0.866667, 5e+16, 0.0197332356, 0.0684179306, 0.183925088, 232.67796, -0.0659234281, -0.0196232188, -200.959114, 0.0183052308, 0.00208082931, 117.277599, 0, 1.21697141e-08, 1.21697141e-08, 54561.5857, 55007.5006, -58.3924356, 0.27, 3.332, 504.307296, -0.0855466469, 0.02038606, 0, 4.99999947e+16, 1.04311267e-06, 1.3389222e-06, 0, 0
0.0308035127, 0, 0, 5e+16, 0, 2.25679245e-21, 3.718e+18, 6.44e+20, 4.85, 4, 144.918493, 32.1429119, 0.866667, 630938.993, 6.0591967e+11, 1.65732324e+10, 2.69296017e+11, 0.0846419528, -143.062563, -146.845889, 5e+16, 1.31970204e+18, -623265.712, 97960.9879, 302.989813, 32.1429119, 96.368257, 0.866667, 0.866667, 5e+16, 0.0251287173, 0.0598818736, 0.184065459, 233.241831, -0.0572221675, -0.0249614821, -200.987739, 0.0173363776, 0.00288209162, 118.343139, 0, 1.21701762e-08, 1.21701762e-08, 52631.2739, 52952.057, -77.7033157, 0.27, 3.332, 398.4864, -0.0821836496, 0.0202184692, 0, 4.99999954e+16, 9.31372855e-07, 1.35684217e-06, 0, 0
0.0375, 0, 0, 5e+16, 0, 2.27059273e-21, 3.718e+18, 6.44e+20, 4.85, 4, 144.851419, 32.1780063, 0.866667, 631547.786, 4.79628947e+11, 1.02586067e+10, 4.31601895e+11, 0.0739591725, -143.008049, -146.791092, 5e+16, 8.23358995e+17, -622589.285, 105996.058, 303.009528, 32.1780063, 96.3456523, 0.866667, 0.866667, 5e+16, 0.0381883163, 0.0365318033, 0.184423984, 234.660052, -0.0334729622, -0.0378836802, -201.068133, 0.0146330202, 0.00481395885, 120.981474, 0, 1.21713007e-08, 1.21713007e-08, 46299.9862, 46301.8294, -124.828544, 0.27, 3.332, 126.671822, -0.0713566425, 0.019446979, 0, 4.99999973e+16, 6.81851123e-07, 1.39695603e-06, 0, 0
0.0401785127, 0, 0, 5e+16, 0, 2.27486241e-21, 3.718e+18, 6.44e+20, 4.85, 4, 144.821383, 32.1926102, 0.866667, 631840.564, 5.35780142e+11, 9.59585516e+09, 5.04478946e+11, 0.0800579608, -142.979768, -146.765117, 5e+16, 7.77616433e+17, -622306.82, 109221.167, 303.0158, 32.1926102, 96.2888384, 0.866667, 0.866667, 5e+16, 0.0463181654, 0.0345912427, 0.184566803, 235.22922, -0.0314836572, -0.0458962704, -201.092209, 0.0142967047, 0.00622013672, 122.041577, 0, 1.21716585e-08, 1.21716585e-08, 50241.0701, 50197.9622, -151.957152, 0.27, 3.332, 108.84933, -0.0773799276, 0.0205168414, 0, 4.99999975e+16, 6.23746349e-07, 1.41818158e-06, 0, 0
0.046875, 0, 0, 5e+16, 0, 2.28522812e-21, 3.718e+18, 6.44e+20, 4.85, 4, 144.746774, 32.2295254, 0.866667, 632561.054, 6.97249133e+11, 8.05050347e+09, 7.45741844e+11, 0.0942560309, -142.909772, -146.700687, 5e+16, 6.54330622e+17, -621597.56, 117260.136, 303.030501, 32.2295254, 96.242167, 0.866667, 0.866667, 5e+16, 0.0660199395, 0.0293194198, 0.18493203, 236.660252, -0.0260950239, -0.0653157227, -201.161928, 0.0133669492, 0.00961709704, 124.665673, 0, 1.2172497e-08, 1.2172497e-08, 59403.003, 59245.1306, -217.799745, 0.27, 3.332, 59.9272777, -0.0914107467, 0.0229840462, 0, 4.99999979e+16, 4.88782209e-07, 1.46580554e-06, 0, 0
0.0495535127, 0, 0, 5e+16, 0, 2.28861824e-21, 3.718e+18, 6.44e+20, 4.85, 4, 144.713713, 32.2448655, 0.866667, 632898.507, 7.92990577e+11, 7.69607443e+09, 8.51583063e+11, 0.104596598, -142.877896, -146.671082, 5e+16, 6.28210055e+17, -621301.844, 120487.095, 303.035453, 32.2448655, 96.242167, 0.866667, 0.866667, 5e+16, 0.0774603509, 0.0282748954, 0.185077286, 237.229432, -0.0250084222, -0.0765411564, -201.175775, 0.0131784311, 0.0118740878, 125.720159, 0, 1.21727794e-08, 1.21727794e-08, 66022.7349, 65831.7217, -255.172182, 0.27, 3.332, 64.1589945, -0.101549579, 0.0250525188, 0, 4.9999998e+16, 4.5988729e-07, 1.49099579e-06, 0, 0
0.05625, 0, 0, 5e+16, 0, 2.29643285e-21, 3.718e+18, 6.44e+20, 4.85, 4, 144.631566, 32.283648, 0.866667, 633730.053, 1.08997822e+12, 6.85081871e+09, 1.1875328e+12, 0.129448218, -142.798807, -146.597598, 5e+16, 5.59553973e+17, -620559.203, 128530.287, 303.046476, 32.283648, 96.1529284, 0.866667, 0.866667, 5e+16, 0.105219022, 0.0255098417, 0.185449164, 238.658858, -0.0221419656, -0.103781274, -201.219236, 0.0126682221, 0.0173346267, 128.329465, 0, 1.21734082e-08, 1.21734082e-08, 81881.6281, 81608.6943, -345.910661, 0.27, 3.332, 72.9768439, -0.125923239, 0.0300028489, 0, 4.99999982e+16, 3.91394787e-07, 1.5475628e-06, 0, 0
0.0589285127, 0, 0, 5e+16, 0, 2.29931703e-21, 3.718e+18, 6.44e+20, 4.85, 4, 144.595479, 32.2997433, 0.866667, 634111.916, 1.2346798e+12, 6.60567605e+09, 1.33247836e+12, 0.144014198, -142.76368, -146.564511, 5e+16, 5.40929823e+17, -620250.018, 131759.259, 303.050668, 32.2997433, 95.9747082, 0.866667, 0.866667, 5e+16, 0.120535131, 0.02479512, 0.18559683, 239.227526, -0.0213851305, -0.118734788, -201.222413, 0.0125395549, 0.0207236223, 129.378535, 0, 1.21736473e-08, 1.21736473e-08, 91209.8839, 90898.4073, -395.090161, 0.27, 3.332, 83.613357, -0.140119918, 0.0332631773, 0, 4.99999983e+16, 3.72476658e-07, 1.5772828e-06, 0, 0
0.065625, 0, 0, 5e+16, 0, 2.30560153e-21, 3.718e+18, 6.44e+20, 4.85, 4, 144.505789, 32.3404434, 0.866667, 635053.802, 1.68431417e+12, 6.01765303e+09, 1.77820442e+12, 0.179257378, -142.676442, -146.482342, 5e+16, 4.92637986e+17, -619473.405, 139807.053, 303.059496, 32.3404434, 95.8150543, 0.866667, 0.866667, 5e+16, 0.157733755, 0.0229304733, 0.185975257, 240.653832, -0.0194175147, -0.155057362, -201.238257, 0.0121969553, 0.0289335571, 131.973552, 0, 1.2174151e-08, 1.2174151e-08, 113701.45, 113295.703, -514.596015, 0.27, 3.332, 108.84857, -0.174474877, 0.0411305124, 0, 4.99999984e+16, 3.27996899e-07, 1.64406948e-06, 0, 0
0.0683035127, 0, 0, 5e+16, 0, 2.30836815e-21, 3.718e+18, 6.44e+20, 4.85, 4, 144.466674, 32.3573142, 0.866667, 635479.786, 1.89381268e+12, 5.83442387e+09, 1.96811545e+12, 0.198444171, -142.638142, -146.445869, 5e+16, 4.78472553e+17, -619150.514, 143038.225, 303.0635, 32.3573142, 95.63822, 0.866667, 0.866667, 5e+16, 0.177470811, 0.0224025412, 0.186125284, 241.22189, -0.0188490095, -0.174220555, -201.230751, 0.0121008027, 0.0337694455, 133.017468, 0, 1.21743793e-08, 1.21743793e-08, 126020.404, 125567.876, -576.941214, 0.27, 3.332, 124.413503, -0.193069565, 0.0458702482, 0, 4.99999985e+16, 3.14765977e-07, 1.67898093e-06, 0, 0
0.075, 0, 0, 5e+16, 0, 2.31418519e-21, 3.718e+18, 6.44e+20, 4.85, 4, 144.369437, 32.399986, 0.866667, 636531.232, 2.53798244e+12, 5.3928129e+09, 2.53788532e+12, 0.244994591, -142.542976, -146.355258, 5e+16, 4.42012881e+17, -618339.294, 151091.058, 303.071643, 32.399986, 94.9426939, 0.866667, 0.866667, 5e+16, 0.225444689, 0.0210364705, 0.186510091, 242.644771, -0.0173827126, -0.220806096, -201.218842, 0.0118479401, 0.0454969563, 135.59888, 0, 1.21748439e-08, 1.21748439e-08, 155800.317, 155233.686, -728.558596, 0.27, 3.332, 161.928331, -0.238188809, 0.0573448963, 0, 4.99999986e+16, 2.83706292e-07, 1.75746492e-06, 0, 0
0.0776785127, 0, 0, 5e+16, 0, 2.31720767e-21, 3.718e+18, 6.44e+20, 4.85, 4, 144.327292, 32.4176545, 0.866667, 637001.029, 2.83289769e+12, 5.25101104e+09, 2.77822126e+12, 0.269250026, -142.501535, -146.315468, 5e+16, 4.30923324e+17, -618002.444, 154324.645, 303.075999, 32.4176545, 94.6790423, 0.866667, 0.866667, 5e+16, 0.250117353, 0.0206321868, 0.186662408, 243.21221, -0.0169408551, -0.244615167, -201.200708, 0.0117721411, 0.0521237577, 136.637921, 0, 1.21750923e-08, 1.21750923e-08, 171429.338, 170806.156, -805.232684, 0.27, 3.332, 182.051254, -0.261556022, 0.0638958987, 0, 4.99999986e+16, 2.74936869e-07, 1.7983443e-06, 0, 0
0.084375, 0, 0, 5e+16, 0, 2.32357916e-21, 3.718e+18, 6.44e+20, 4.85, 4, 144.222503, 32.4623564, 0.866667, 638161.197, 3.72880845e+12, 4.90764447e+09, 3.48517398e+12, 0.328187904, -142.398529, -146.216584, 5e+16, 4.02508744e+17, -617155.938, 162383.02, 303.084885, 32.4623564, 94.6790423, 0.866667, 0.866667, 5e+16, 0.31012945, 0.0195916155, 0.187053368, 244.631632, -0.0158066752, -0.302535647, -201.161114, 0.0115749691, 0.0682088945, 139.206468, 0, 1.21755992e-08, 1.21755992e-08, 209266.099, 208505.078, -991.83394, 0.27, 3.332, 230.812673, -0.318342322, 0.0797838635, 0, 4.99999987e+16, 2.54226638e-07, 1.89026179e-06, 0, 0
0.0870535127, 0, 0, 5e+16, 0, 2.32719353e-21, 3.718e+18, 6.44e+20, 4.85, 4, 144.177326, 32.4808461, 0.866667, 638674.481, 4.13572993e+12, 4.79619255e+09, 3.78103142e+12, 0.357967649, -142.353961, -146.173525, 5e+16, 3.9371805e+17, -616804.858, 165619.266, 303.090067, 32.4808461, 94.6790423, 0.866667, 0.866667, 5e+16, 0.340229951, 0.0192762866, 0.187207883, 245.198492, -0.0154579706, -0.331388859, -201.132431, 0.0115129987, 0.0769962927, 140.240924, 0, 1.21758948e-08, 1.21758948e-08, 228535.579, 227707.027, -1083.84815, 0.27, 3.332, 255.296269, -0.346846829, 0.0885092911, 0, 4.99999987e+16, 2.49407203e-07, 1.9380186e-06, 0, 0
0.09375, 0, 0, 5e+16, 0, 2.3350387e-21, 3.718e+18, 6.44e+20, 4.85, 4, 144.064979, 32.5276408, 0.866667, 639942.486, 5.35828463e+12, 4.52499093e+09, 4.63733904e+12, 0.430400035, -142.243156, -146.066492, 5e+16, 3.7125644e+17, -615922.333, 173683.759, 303.100964, 32.5276408, 94.0406793, 0.866667, 0.866667, 5e+16, 0.413485718, 0.018467718, 0.187604701, 246.614551, -0.0145655492, -0.401620775, -201.065294, 0.0113534588, 0.0983421818, 142.797371, 0, 1.21765164e-08, 1.21765164e-08, 275228.992, 274235.852, -1307.92315, 0.27, 3.332, 314.783073, -0.416186324, 0.10969564, 0, 4.99999988e+16, 2.37765701e-07, 2.04540565e-06, 0, 0
0.0964285127, 0, 0, 5e+16, 0, 2.3395293e-21, 3.718e+18, 6.44e+20, 4.85, 4, 144.016766, 32.5469771, 0.866667, 640498.918, 5.91138528e+12, 4.43709467e+09, 4.99334148e+12, 0.466139922, -142.195467, -146.0202, 5e+16, 3.64275112e+17, -615556.737, 176922.941, 303.107364, 32.5469771, 93.1860909, 0.866667, 0.866667, 5e+16, 0.449472293, 0.0182198208, 0.187761303, 247.180897, -0.0142894267, -0.435866044, -201.02614, 0.0113014155, 0.109681676, 143.827539, 0, 1.21768814e-08, 1.21768814e-08, 298463.808, 297391.297, -1416.10567, 0.27, 3.332, 343.594431, -0.450155471, 0.120983092, 0, 4.99999988e+16, 2.36778754e-07, 2.101128e-06, 0, 0
0.103125, 0, 0, 5e+16, 0, 2.34962542e-21, 3.718e+18, 6.44e+20, 4.85, 4, 143.896857, 32.5959319, 0.866667, 641873.839, 7.55739431e+12, 4.22209478e+09, 6.00994579e+12, 0.553132858, -142.076881, -145.905106, 5e+16, 3.46466192e+17, -614637.415, 184994.209, 303.121314, 32.5959319, 92.2883052, 0.866667, 0.866667, 5e+16, 0.537097337, 0.0175859903, 0.188163638, 248.593769, -0.0135840105, -0.519266097, -200.931612, 0.0111687721, 0.137245244, 146.372676, 0, 1.21776773e-08, 1.21776773e-08, 354804.699, 353538.677, -1679.70703, 0.27, 3.332, 413.685005, -0.532850107, 0.148414017, 0, 4.99999989e+16, 2.33865277e-07, 2.2264161e-06, 0, 0
0.105803513, 0, 0, 5e+16, 0, 2.35521824e-21, 3.718e+18, 6.44e+20, 4.85, 4, 143.845605, 32.6161419, 0.866667, 642473.073, 8.3006753e+12, 4.15305822e+09, 6.43029066e+12, 0.595249066, -142.026075, -145.855607, 5e+16, 3.40948993e+17, -614256.995, 188236.638, 303.129224, 32.6161419, 92.2883052, 0.866667, 0.866667, 5e+16, 0.579401547, 0.0173907064, 0.1883222, 249.159691, -0.0133662683, -0.559208161, -200.882065, 0.0111241088, 0.151546153, 147.398861, 0, 1.21781286e-08, 1.21781286e-08, 382325.299, 380966.379, -1804.73205, 0.27, 3.332, 445.81223, -0.572574429, 0.162670262, 0, 4.99999989e+16, 2.36941484e-07, 2.29145448e-06, 0, 0
0.1125, 0, 0, 5e+16, 0, 2.36818222e-21, 3.718e+18, 6.44e+20, 4.85, 4, 143.718125, 32.6673293, 0.866667, 643953.961, 1.04950237e+13, 3.98329113e+09, 7.61703076e+12, 0.697820211, -141.89972, -145.732521, 5e+16, 3.26888886e+17, -613300.042, 196315.425, 303.147018, 32.6673293, 91.1036718, 0.866667, 0.866667, 5e+16, 0.682453883, 0.0168926529, 0.188729659, 250.569621, -0.0128105814, -0.656524959, -200.760301, 0.0110113836, 0.186328372, 149.933493, 0, 1.21791437e-08, 1.21791437e-08, 449093.164, 447508.076, -2109.52857, 0.27, 3.332, 524.439899, -0.66933554, 0.197339755, 0, 4.9999999e+16, 2.43214697e-07, 2.43764289e-06, 0, 0
0.115178513, 0, 0, 5e+16, 0, 2.37504422e-21, 3.718e+18, 6.44e+20, 4.85, 4, 143.663833, 32.688442, 0.866667, 644595.647, 1.14814474e+13, 3.92944345e+09, 8.10264364e+12, 0.746386161, -141.845801, -145.679826, 5e+16, 3.2256102e+17, -612904.472, 199561.451, 303.156635, 32.688442, 89.8119983, 0.866667, 0.866667, 5e+16, 0.731160673, 0.0167387046, 0.188890038, 251.134952, -0.012640127, -0.702105785, -200.700116, 0.0109722702, 0.203965092, 150.955971, 0, 1.21796923e-08, 1.21796923e-08, 481007.544, 479314.503, -2251.03006, 0.27, 3.332, 557.988609, -0.714745912, 0.214937362, 0, 4.9999999e+16, 2.50957853e-07, 2.51382671e-06, 0, 0
0.121875, 0, 0, 5e+16, 0, 2.39133097e-21, 3.718e+18, 6.44e+20, 4.85, 4, 143.528775, 32.7419394, 0.866667, 646181.54, 1.43743801e+13, 3.79638562e+09, 9.46082802e+12, 0.864843872, -141.711686, -145.54878, 5e+16, 3.1154176e+17, -611909.005, 207648.592, 303.178804, 32.7419394, 88.3453935, 0.866667, 0.866667, 5e+16, 0.84997863, 0.0163471508, 0.189302201, 252.541685, -0.012205512, -0.81332844, -200.55062, 0.0108744988, 0.246901779, 153.480855, 0, 1.21809571e-08, 1.21809571e-08, 558546.906, 556591.359, -2596.50507, 0.27, 3.332, 640.957554, -0.825533952, 0.257776278, 0, 4.9999999e+16, 2.67720161e-07, 2.68492061e-06, 0, 0
0.124553513, 0, 0, 5e+16, 0, 2.39957373e-21, 3.718e+18, 6.44e+20, 4.85, 4, 143.471438, 32.7639858, 0.866667, 646865.329, 1.56609265e+13, 3.75458385e+09, 1.00049431e+13, 0.919127429, -141.65466, -145.492884, 5e+16, 3.08163914e+17, -611497.939, 210898.604, 303.190229, 32.7639858, 88.3453935, 0.866667, 0.866667, 5e+16, 0.904365391, 0.0162252658, 0.189464248, 253.105608, -0.0120728123, -0.863682818, -200.478776, 0.0108394852, 0.268072221, 154.499793, 0, 1.21816088e-08, 1.21816088e-08, 594497.642, 592089.258, -2751.78467, 0.27, 3.332, 343.400161, -0.87575563, 0.278911707, 0, 4.9999999e+16, 2.81163611e-07, 2.77988574e-06, 0, 0
0.13125, 0, 0, 5e+16, 0, 2.41948644e-21, 3.718e+18, 6.44e+20, 4.85, 4, 143.328795, 32.8198759, 0.866667, 648555.268, 1.94127519e+13, 3.65092471e+09, 1.151537e+13, 1.05202615, -141.512799, -145.35387, 5e+16, 2.99576245e+17, -610463.02, 218995.03, 303.217056, 32.8198759, 86.6361195, 0.866667, 0.866667, 5e+16, 1.03752791, 0.0159163864, 0.189880669, 254.507493, -0.0117349442, -0.987034539, -200.299372, 0.0107527851, 0.319729457, 157.015451, 0, 1.21831395e-08, 1.21831395e-08, 682162.407, 678649.824, -3132.32097, 0.27, 3.332, -380.261223, -0.998769483, 0.330482243, 0, 4.9999999e+16, 3.10684853e-07, 2.99331004e-06, 0, 0
0.133928513, 0, 0, 5e+16, 0, 2.42917247e-21, 3.718e+18, 6.44e+20, 4.85, 4, 143.268408, 32.8428892, 0.866667, 649280.793, 1.9780838e+13, 3.61840226e+09, 1.13182776e+13, 1.04322266, -141.452672, -145.293011, 5e+16, 2.96929031e+17, -610036.093, 222249.385, 303.230309, 32.8428892, 85.5261927, 0.866667, 0.919727019, 5e+16, 1.0286813, 0.015818705, 0.190044274, 255.013797, -0.011631533, -0.969353801, -200.142911, 0.0107206465, 0.341714841, 158.03233, 0, 1.21838956e-08, 1.21838956e-08, 677083.095, 673387.611, -3072.93381, 0.27, 3.332, -622.549721, -0.980985335, 0.352435488, 0, 4.9999999e+16, 3.29701014e-07, 3.08306739e-06, 0, 0
0.140625, 0, 0, 5e+16, 0, 2.45287984e-21, 3.718e+18, 6.44e+20, 4.85, 4, 143.11817, 32.9012606, 0.866667, 651073.766, 2.07482279e+13, 3.53763349e+09, 1.08494896e+13, 1.02257935, -141.303085, -145.141614, 5e+16, 2.90216546e+17, -608960.73, 230355.957, 303.261859, 32.9012606, 83.6382454, 0.866667, 0.919727019, 5e+16, 1.00793254, 0.0155723984, 0.190464617, 256.274266, -0.0113689206, -0.927087218, -199.755476, 0.0106417672, 0.395521444, 160.54246, 0, 1.21856958e-08, 1.21856958e-08, 665269.046, 661127.562, -2930.68797, 0.27, 3.332, -1210.79601, -0.938456138, 0.406163211, 0, 4.99999991e+16, 3.71541945e-07, 3.28467641e-06, 0, 0
0.143303513, 0, 0, 5e+16, 0, 2.46403017e-21, 3.718e+18, 6.44e+20, 4.85, 4, 143.054731, 32.9255614, 0.919727019, 651243.632, 2.30124175e+13, 3.49248355e+09, 1.07488703e+13, 1.12392244, -141.24001, -145.077906, 5e+16, 2.86565991e+17, -608560.447, 231874.545, 303.276891, 32.9255614, 83.6382454, 0.97278704, 0.919727019, 5e+16, 1.10951512, 0.0154519684, 0.190619781, 256.764211, -0.0112257087, -1.02900694, -199.701559, 0.0106173846, 0.413776294, 161.39056, 0, 1.21865535e-08, 1.21865535e-08, 731856.672, 727987.242, -2902.49989, 0.27, 3.332, -966.929431, -1.04023265, 0.424393678, 0, 2.58977468e+16, 3.69600965e-07, 3.33785813e-06, 0, 0
0.15, 0, 0, 5e+16, 0, 2.49158732e-21, 3.718e+18, 6.44e+20, 4.85, 4, 142.896888, 32.9872446, 1.05238114, 651658.729, 2.98195895e+13, 3.38044046e+09, 1.05127284e+13, 1.37255143, -141.083089, -144.919422, 5e+16, 2.77255516e+17, -607557.672, 235653.901, 303.313049, 32.9872446, 82.8219538, 1.23809529, 1.05238114, 5e+16, 1.35875078, 0.0151464095, 0.191018083, 257.977939, -0.0108600447, -1.27901512, -199.562823, 0.0105580844, 0.458610733, 163.483734, 0, 1.21886167e-08, 1.21886167e-08, 894559.35, 891347.053, -2836.70351, 0.27, 3.332, -375.593438, -1.28987516, 0.469168818, 0, 4.99999991e+15, 3.63792121e-07, 3.45521776e-06, 0, 0
0.15, 0, 0, 5e+15, 0, 2.49158732e-21, 3.718e+18, 6.44e+20, 4.85, 4, 142.896888, 32.9872446, 1.05238114, 653000.194, 2.98195895e+13, 3.38044046e+09, 1.05127284e+13, 1.37255143, -141.083089, -144.919422, 5e+15, 2.77255516e+17, -607425.074, 239674.819, 303.313049, 32.9872446, 82.8219538, 1.23809529, 1.05238114, 5e+15, 1.35875078, 0.0151464095, 0.191018083, 257.977939, -0.0108600447, -1.27901512, -199.562823, 0.0105580844, 0.458610733, 163.483734, 0, 1.21886167e-08, 1.21886167e-08, 894559.35, 891347.053, -2836.70351, 0.27, 3.332, -375.593438, -1.28987516, 0.469168818, 0, 4.99999991e+15, 3.63792121e-07, 3.45521776e-06, 0, 0
0.151785675, 0, 0, 5e+15, 0, 2.49982292e-21, 3.718e+18, 6.44e+20, 4.85, 4, 142.85401, 33.0038357, 1.10544116, 652808.077, 3.07446986e+13, 3.36252927e+09, 1.08102882e+13, 1.41427979, -141.040371, -144.877255, 5e+15, 2.75789796e+17, -607113.127, 239940.746, 303.324001, 33.0038357, 82.528312, 1.23809529, 1.10544116, 5e+15, 1.4005159, 0.0150902521, 0.19120411, 258.457723, -0.0108029817, -1.31618458, -199.486494, 0.0105361134, 0.478549259, 164.332834, 0, 1.21892416e-08, 1.21892416e-08, 921837.294, 918965.419, -2920.53152, 0.27, 3.332, 48.6560352, -1.32698756, 0.489085373, 0, 4.99999991e+15, 3.61414639e-07, 3.47706345e-06, 0, 0
0.15625, 0, 0, 5e+15, 0, 2.52030112e-21, 3.718e+18, 6.44e+20, 4.85, 4, 142.747334, 33.0459619, 1.23809529, 652322.142, 3.31931832e+13, 3.31801203e+09, 1.16010139e+13, 1.51740365, -140.934095, -144.772381, 5e+15, 2.72097211e+17, -606332.598, 240592.898, 303.35052, 33.0459619, 82.4086032, 1.23809529, 1.23809529, 5e+15, 1.50373167, 0.0149503456, 0.191680912, 259.648027, -0.0106590234, -1.40811152, -199.294734, 0.0104832272, 0.527665321, 166.428199, 0, 1.2190755e-08, 1.2190755e-08, 988962.368, 986917.297, -3127.8303, 0.27, 3.332, 1082.75761, -1.41877055, 0.538148548, 0, 4.99999991e+15, 3.55018958e-07, 3.52437546e-06, 0, 0
0.158035675, 0, 0, 5e+15, 0, 2.52917105e-21, 3.718e+18, 6.44e+20, 4.85, 4, 142.703987, 33.0630269, 1.23809529, 652311.54, 3.40841669e+13, 3.31170228e+09, 1.19182414e+13, 1.56042951, -140.890819, -144.729719, 5e+15, 2.71570068e+17, -606020.381, 241345.519, 303.362177, 33.0630269, 82.4086032, 1.23809529, 1.23809529, 5e+15, 1.54677437, 0.0149239311, 0.191858164, 260.020225, -0.0106392174, -1.44759048, -199.212985, 0.0104656946, 0.544956326, 167.106596, 0, 1.21914202e-08, 1.21914202e-08, 1017072.1, 1014975.78, -3216.96836, 0.27, 3.332, 1120.64308, -1.4582297, 0.555422021, 0, 4.99999991e+15, 3.59332512e-07, 3.52316223e-06, 0, 0
0.1625, 0, 0, 5e+15, 0, 2.5513134e-21, 3.718e+18, 6.44e+20, 4.85, 4, 142.596151, 33.1063742, 1.23809529, 652269.973, 3.64167841e+13, 3.29652582e+09, 1.27578642e+13, 1.66661002, -140.783158, -144.623616, 5e+15, 2.7029212e+17, -605232.92, 243206.112, 303.390524, 33.1063742, 81.8223982, 1.23809529, 1.23809529, 5e+15, 1.65299471, 0.0148601712, 0.19231199, 260.942553, -0.0105912057, -1.5450465, -199.00703, 0.0104235816, 0.587556489, 168.780506, 0, 1.21930379e-08, 1.21930379e-08, 1086150.35, 1083924.52, -3437.04913, 0.27, 3.332, 1211.2108, -1.5556377, 0.59798007, 0, 4.99999991e+15, 3.68554336e-07, 3.51842495e-06, 0, 0
0.164285675, 0, 0, 5e+15, 0, 2.56080272e-21, 3.718e+18, 6.44e+20, 4.85, 4, 142.552332, 33.1239257, 1.23809529, 652256.854, 3.73716079e+13, 3.2901582e+09, 1.31001839e+13, 1.71303953, -140.739413, -144.580469, 5e+15, 2.69759487e+17, -604913.042, 243961.453, 303.402839, 33.1239257, 81.3593116, 1.23809529, 1.23809529, 5e+15, 1.69944203, 0.0148332616, 0.192490126, 261.315147, -0.0105712226, -1.58759906, -198.920549, 0.0104055225, 0.606313532, 169.458346, 0, 1.21937407e-08, 1.21937407e-08, 1116472.45, 1114193.85, -3533.14425, 0.27, 3.332, 1254.53894, -1.59817028, 0.616719054, 0, 4.99999991e+15, 3.74178552e-07, 3.51646843e-06, 0, 0
0.16875, 0, 0, 5e+15, 0, 2.58456759e-21, 3.718e+18, 6.44e+20, 4.85, 4, 142.443331, 33.1685272, 1.23809529, 652208.289, 3.98537723e+13, 3.27484717e+09, 1.40008207e+13, 1.82708411, -140.630592, -144.473156, 5e+15, 2.68468021e+17, -604105.953, 245828.459, 303.432893, 33.1685272, 80.7796505, 1.23809529, 1.23809529, 5e+15, 1.81352865, 0.0147682652, 0.192945992, 262.237336, -0.0105228094, -1.6921143, -198.701737, 0.0103620529, 0.65240721, 171.130603, 0, 1.21954559e-08, 1.21954559e-08, 1190636.59, 1188225.57, -3769.29933, 0.27, 3.332, 1358.28794, -1.70263711, 0.662769262, 0, 4.99999991e+15, 3.86362886e-07, 3.51006014e-06, 0, 0
0.170535675, 0, 0, 5e+15, 0, 2.59465752e-21, 3.718e+18, 6.44e+20, 4.85, 4, 142.399039, 33.186578, 1.23809529, 652192.669, 4.08936642e+13, 3.26837672e+09, 1.43762729e+13, 1.8780807, -140.586377, -144.429535, 5e+15, 2.6792639e+17, -603778.278, 246586.704, 303.445816, 33.186578, 80.7796505, 1.23809529, 1.23809529, 5e+15, 1.86454425, 0.0147407543, 0.193124869, 262.61136, -0.0105024933, -1.73883294, -198.611593, 0.0103434747, 0.673029564, 171.808237, 0, 1.21961934e-08, 1.21961934e-08, 1223928.43, 1221460.13, -3874.74359, 0.27, 3.332, 1406.44763, -1.74933543, 0.683373039, 0, 4.99999991e+15, 3.9222491e-07, 3.50733348e-06, 0, 0
0.175, 0, 0, 5e+15, 0, 2.61999285e-21, 3.718e+18, 6.44e+20, 4.85, 4, 142.288869, 33.2324684, 1.23809529, 652137.111, 4.35759907e+13, 3.25279928e+09, 1.53574171e+13, 2.00250468, -140.476393, -144.32104, 5e+15, 2.66610933e+17, -602951.188, 248460.573, 303.477445, 33.2324684, 80.2065603, 1.23809529, 1.23809529, 5e+15, 1.9890132, 0.0146741734, 0.193582382, 263.535646, -0.0104532196, -1.8527765, -198.382223, 0.0102986195, 0.723458779, 173.479609, 0, 1.21979986e-08, 1.21979986e-08, 1304807.19, 1302197.73, -4132.14106, 0.27, 3.332, 1522.68685, -1.86322973, 0.733757398, 0, 4.99999991e+15, 4.04912389e-07, 3.49915175e-06, 0, 0
0.176785675, 0, 0, 5e+15, 0, 2.63066138e-21, 3.718e+18, 6.44e+20, 4.85, 4, 142.244102, 33.2510322, 1.23809529, 652119.01, 4.47259067e+13, 3.24622654e+09, 1.57755481e+13, 2.05942752, -140.431705, -144.276954, 5e+15, 2.66060478e+17, -602615.572, 249221.922, 303.490921, 33.2510322, 79.7541391, 1.23809529, 1.23809529, 5e+15, 2.04595617, 0.0146460754, 0.193761865, 263.912299, -0.0104325626, -1.90491349, -198.289666, 0.0102795505, 0.746474914, 174.157455, 0, 1.21987678e-08, 1.21987678e-08, 1341954.49, 1339279.33, -4249.72159, 0.27, 3.332, 1574.56195, -1.91534605, 0.756754464, 0, 4.99999991e+15, 4.11006786e-07, 3.49570777e-06, 0, 0
0.18125, 0, 0, 5e+15, 0, 2.65750631e-21, 3.718e+18, 6.44e+20, 4.85, 4, 142.132759, 33.298248, 1.23809529, 652056.471, 4.767231e+13, 3.2303694e+09, 1.68619143e+13, 2.19736013, -140.320554, -144.167298, 5e+15, 2.64720273e+17, -601768.093, 251103.133, 303.523984, 33.298248, 79.1876151, 1.23809529, 1.23809529, 5e+15, 2.18393665, 0.0145778792, 0.194220662, 264.841466, -0.0103823601, -2.03118304, -198.052621, 0.0102333357, 0.802418014, 175.828913, 0, 1.2200655e-08, 1.2200655e-08, 1431576.49, 1428742.84, -4534.78046, 0.27, 3.332, 1701.1371, -2.0415654, 0.81265135, 0, 4.99999992e+15, 4.241819e-07, 3.48581013e-06, 0, 0
0.183035675, 0, 0, 5e+15, 0, 2.6687287e-21, 3.718e+18, 6.44e+20, 4.85, 4, 142.087515, 33.3173389, 1.23809529, 652035.914, 4.89566498e+13, 3.22370106e+09, 1.73322948e+13, 2.26155112, -140.275392, -144.122751, 5e+15, 2.6416165e+17, -601424.387, 251867.794, 303.537958, 33.3173389, 79.1876151, 1.23809529, 1.23809529, 5e+15, 2.24814864, 0.0145492348, 0.194400626, 265.22193, -0.0103613747, -2.08994579, -197.958885, 0.0102138213, 0.828421224, 176.507399, 0, 1.22014526e-08, 1.22014526e-08, 1473454.36, 1470542.83, -4667.22413, 0.27, 3.332, 1755.70306, -2.10030717, 0.838635045, 0, 4.99999992e+15, 4.30506557e-07, 3.48177182e-06, 0, 0
0.1875, 0, 0, 5e+15, 0, 2.69701494e-21, 3.718e+18, 6.44e+20, 4.85, 4, 141.974994, 33.3659182, 1.23809529, 651966.419, 5.22339239e+13, 3.2075669e+09, 1.85502849e+13, 2.41627575, -140.163067, -144.01195, 5e+15, 2.62797223e+17, -600556.114, 253756.856, 303.572309, 33.3659182, 78.6276243, 1.23809529, 1.23809529, 5e+15, 2.40292364, 0.0144794623, 0.194860376, 266.158879, -0.0103102271, -2.23151916, -197.717189, 0.010166319, 0.891271117, 178.179985, 0, 1.22034134e-08, 1.22034134e-08, 1573949.63, 1570853.18, -4986.63214, 0.27, 3.332, 1890.18069, -2.24182939, 0.901437436, 0, 4.99999992e+15, 4.44160831e-07, 3.4703679e-06, 0, 0
0.189285675, 0, 0, 5e+15, 0, 2.70876407e-21, 3.718e+18, 6.44e+20, 4.85, 4, 141.929271, 33.3855512, 1.23809529, 651943.437, 5.36728935e+13, 3.20081525e+09, 1.90811964e+13, 2.48887346, -140.117427, -143.966942, 5e+15, 2.62231525e+17, -600204.164, 254525.056, 303.586723, 33.3855512, 78.1856946, 1.23809529, 1.23809529, 5e+15, 2.47554292, 0.0144503359, 0.19504071, 266.544129, -0.0102889442, -2.29789896, -197.623314, 0.0101464195, 0.920843858, 178.85947, 0, 1.22042362e-08, 1.22042362e-08, 1621300.75, 1618111.55, -5136.20731, 0.27, 3.332, 1946.99744, -2.3081879, 0.930990279, 0, 4.99999992e+15, 4.50713448e-07, 3.46590078e-06, 0, 0
0.19375, 0, 0, 5e+15, 0, 2.73841699e-21, 3.718e+18, 6.44e+20, 4.85, 4, 141.815567, 33.4355343, 1.23809529, 651867.018, 5.73403063e+13, 3.18442218e+09, 2.04551895e+13, 2.66336745, -140.003926, -143.854999, 5e+15, 2.60844632e+17, -599314.675, 256422.511, 303.62221, 33.4355343, 77.6321787, 1.23809529, 1.23809529, 5e+15, 2.65008913, 0.0143790932, 0.195501117, 267.491449, -0.0102368863, -2.4574029, -197.379699, 0.0100977464, 0.99204, 180.534136, 0, 1.22062621e-08, 1.22062621e-08, 1734600.85, 1731192.77, -5495.93638, 0.27, 3.332, 2087.8561, -2.46763978, 1.00213775, 0, 4.99999992e+15, 4.64836987e-07, 3.45330915e-06, 0, 0
0.195535675, 0, 0, 5e+15, 0, 2.75066366e-21, 3.718e+18, 6.44e+20, 4.85, 4, 141.769363, 33.4557251, 1.23809529, 651841.649, 5.89478283e+13, 3.17760444e+09, 2.10528375e+13, 2.74519699, -139.957807, -143.809525, 5e+15, 2.60273337e+17, -598954.321, 257194.488, 303.637007, 33.4557251, 77.4150539, 1.23809529, 1.23809529, 5e+15, 2.73194049, 0.0143495706, 0.19568172, 267.882164, -0.0102153541, -2.53208048, -197.28644, 0.0100775351, 1.02569102, 181.21487, 0, 1.22071068e-08, 1.22071068e-08, 1787963.1, 1784446.15, -5664.21733, 0.27, 3.332, 2147.26467, -2.54229584, 1.03576856, 0, 4.99999992e+15, 4.71615436e-07, 3.44858e-06, 0, 0
0.2, 0, 0, 5e+15, 0, 2.78160312e-21, 3.718e+18, 6.44e+20, 4.85, 4, 141.654469, 33.5071542, 1.23809529, 651758.354, 6.30495732e+13, 3.16098493e+09, 2.26023789e+13, 2.94180197, -139.843121, -143.696431, 5e+15, 2.58866898e+17, -598043.176, 259100.916, 303.673482, 33.5071542, 76.3271007, 1.23809529, 1.23809529, 5e+15, 2.92859885, 0.0142770279, 0.196142525, 268.84183, -0.0101624694, -2.71149721, -197.043052, 0.0100278482, 1.10655955, 182.892343, 0, 1.22091891e-08, 1.22091891e-08, 1915585.75, 1911811.54, -6068.81975, 0.27, 3.332, 2294.6096, -2.72165967, 1.1165874, 0, 4.99999992e+15, 4.86197646e-07, 3.43515382e-06, 0, 0
0.201785675, 0, 0, 5e+15, 0, 2.79431625e-21, 3.718e+18, 6.44e+20, 4.85, 4, 141.607782, 33.5279191, 1.23809529, 651730.64, 6.48328633e+13, 3.1541223e+09, 2.32707179e+13, 3.03335286, -139.796519, -143.650482, 5e+15, 2.582918e+17, -597674.25, 259876.924, 303.688604, 33.5279191, 76.1124708, 1.23809529, 1.23809529, 5e+15, 3.02017158, 0.0142472115, 0.196323313, 269.238362, -0.0101407505, -2.79483264, -196.950853, 0.0100074079, 1.14468862, 183.574439, 0, 1.22100524e-08, 1.22100524e-08, 1975277.28, 1971378.24, -6256.64155, 0.27, 3.332, 2357.60031, -2.80497339, 1.15469603, 0, 4.99999992e+15, 4.93200393e-07, 3.43029116e-06, 0, 0
0.20625, 0, 0, 5e+15, 0, 2.82645723e-21, 3.718e+18, 6.44e+20, 4.85, 4, 141.491694, 33.5808387, 1.23809529, 651640.532, 6.93946405e+13, 3.13732159e+09, 2.50091779e+13, 3.25363612, -139.680643, -143.536219, 5e+15, 2.56869764e+17, -596740.991, 261792.942, 303.725915, 33.5808387, 76.1124708, 1.23809529, 1.23809529, 5e+15, 3.24050877, 0.0141735949, 0.196784295, 270.211603, -0.0100871682, -2.99539293, -196.709131, 0.00995689858, 1.23633252, 185.255148, 0, 1.22121827e-08, 1.22121827e-08, 2118235.25, 2114039.46, -6708.95842, 0.27, 3.332, 2513.16344, -3.0054801, 1.24628942, 0, 4.99999992e+15, 5.08230917e-07, 3.4163347e-06, 0, 0
0.208035675, 0, 0, 5e+15, 0, 2.839604e-21, 3.718e+18, 6.44e+20, 4.85, 4, 141.44452, 33.6021949, 1.23809529, 651610.527, 7.13550755e+13, 3.13043808e+09, 2.57502186e+13, 3.35511136, -139.633557, -143.489785, 5e+15, 2.56292881e+17, -596363.321, 262573.25, 303.741306, 33.6021949, 76.1124708, 1.23809529, 1.23809529, 5e+15, 3.34200574, 0.0141435996, 0.196965196, 270.614029, -0.0100653363, -3.08748022, -196.618186, 0.00993631781, 1.27922563, 185.9386, 0, 1.22130614e-08, 1.22130614e-08, 2184386.13, 2180050.66, -6916.5253, 0.27, 3.332, 2581.0468, -3.09754555, 1.28916194, 0, 4.99999992e+15, 5.15457457e-07, 3.41140754e-06, 0, 0
0.2125, 0, 0, 5e+15, 0, 2.87285697e-21, 3.718e+18, 6.44e+20, 4.85, 4, 141.327232, 33.6566515, 1.23809529, 651513.687, 7.63846466e+13, 3.11351166e+09, 2.76849317e+13, 3.59990702, -139.516484, -143.374333, 5e+15, 2.54860038e+17, -595407.474, 264499.516, 303.779306, 33.6566515, 75.5778116, 1.23809529, 1.23809529, 5e+15, 3.58685541, 0.0140691807, 0.197426176, 271.601366, -0.0100112236, -3.30972409, -196.378908, 0.00988520341, 1.38248246, 187.622669, 0, 1.22152312e-08, 1.22152312e-08, 2343213.04, 2338542.88, -7417.78305, 0.27, 3.332, 2747.61881, -3.31973532, 1.39236767, 0, 4.99999992e+15, 5.30927229e-07, 3.3971172e-06, 0, 0
0.214285675, 0, 0, 5e+15, 0, 2.88640288e-21, 3.718e+18, 6.44e+20, 4.85, 4, 141.279569, 33.6786171, 1.23809529, 651481.451, 7.85193616e+13, 3.10663276e+09, 2.84993113e+13, 3.71131155, -139.468909, -143.327404, 5e+15, 2.54283504e+17, -595020.882, 265284.412, 303.794909, 33.6786171, 75.1558034, 1.23809529, 1.23809529, 5e+15, 3.69828146, 0.014039127, 0.197607134, 272.009568, -0.00998935925, -3.41047907, -196.289232, 0.00986457219, 1.43033096, 188.307373, 0, 1.22161221e-08, 1.22161221e-08, 2415822.8, 2410999.62, -7644.86223, 0.27, 3.332, 2821.67815, -3.42046843, 1.44019553, 0, 4.99999992e+15, 5.38378501e-07, 3.39213739e-06, 0, 0
0.21875, 0, 0, 5e+15, 0, 2.92067413e-21, 3.718e+18, 6.44e+20, 4.85, 4, 141.161073, 33.7346596, 1.23809529, 651377.979, 8.4009996e+13, 3.0896434e+09, 3.06327895e+13, 3.98088434, -139.350631, -143.210737, 5e+15, 2.52845233e+17, -594041.953, 267221.627, 303.833451, 33.7346596, 74.6271794, 1.23809529, 1.23809529, 5e+15, 3.96790807, 0.0139642092, 0.19806797, 273.010967, -0.00993491289, -3.65442467, -196.052672, 0.00981308541, 1.54579239, 189.99467, 0, 1.22183229e-08, 1.22183229e-08, 2590679.03, 2585486.33, -8195.03373, 0.27, 3.332, 3002.33142, -3.66435958, 1.55560548, 0, 4.99999992e+15, 5.5428085e-07, 3.37758755e-06, 0, 0
0.220535675, 0, 0, 5e+15, 0, 2.93458304e-21, 3.718e+18, 6.44e+20, 4.85, 4, 141.112918, 33.757253, 1.23809529, 651343.585, 8.6313688e+13, 3.08279467e+09, 3.15204036e+13, 4.10212203, -139.302565, -143.163305, 5e+15, 2.52271182e+17, -593646.257, 268011.415, 303.849212, 33.757253, 74.6271794, 1.23809529, 1.23809529, 5e+15, 4.08916703, 0.0139342176, 0.198248942, 273.424725, -0.00991309925, -3.76367699, -195.964197, 0.00979249112, 1.59872522, 190.68047, 0, 1.22192229e-08, 1.22192229e-08, 2669680.07, 2664322.48, -8441.16682, 0.27, 3.332, 3083.58067, -3.77359009, 1.60851771, 0, 4.99999992e+15, 5.61959571e-07, 3.37252809e-06, 0, 0
0.225, 0, 0, 5e+15, 0, 2.96977487e-21, 3.718e+18, 6.44e+20, 4.85, 4, 140.993208, 33.8149326, 1.23809529, 651233.607, 9.22490545e+13, 3.06580885e+09, 3.38520628e+13, 4.39638334, -139.183074, -143.045402, 5e+15, 2.50833163e+17, -592643.737, 269960.326, 303.888155, 33.8149326, 74.1044393, 1.23809529, 1.23809529, 5e+15, 4.38348182, 0.0138591207, 0.198709531, 274.439805, -0.00985853454, -4.02902972, -195.730321, 0.00974086871, 1.72679792, 192.370687, 0, 1.22214469e-08, 1.22214469e-08, 2860493.2, 2854734.76, -9039.44375, 0.27, 3.332, 3281.01052, -4.03888826, 1.73653879, 0, 4.99999992e+15, 5.78291241e-07, 3.35769625e-06, 0, 0
0.226785675, 0, 0, 5e+15, 0, 2.984009e-21, 3.718e+18, 6.44e+20, 4.85, 4, 140.944558, 33.8381735, 1.23809529, 651197.142, 9.47155921e+13, 3.05901454e+09, 3.4812616e+13, 4.52733994, -139.134513, -142.99746, 5e+15, 2.50263622e+17, -592238.751, 270755.329, 303.904021, 33.8381735, 73.691661, 1.23809529, 1.23809529, 5e+15, 4.51445942, 0.0138293056, 0.19889049, 274.858875, -0.00983685269, -4.14659878, -195.642967, 0.00972039193, 1.78491634, 193.057409, 0, 1.22223529e-08, 1.22223529e-08, 2945805.16, 2939871.12, -9304.12709, 0.27, 3.332, 3370.09397, -4.15643563, 1.79463673, 0, 4.99999992e+15, 5.86202133e-07, 3.35251381e-06, 0, 0
0.23125, 0, 0, 5e+15, 0, 3.02001967e-21, 3.718e+18, 6.44e+20, 4.85, 4, 140.823626, 33.8975435, 1.23809529, 651080.813, 1.01074736e+14, 3.04209877e+09, 3.73405072e+13, 4.84605656, -139.013802, -142.878302, 5e+15, 2.48831524e+17, -591212.121, 272716.735, 303.943225, 33.8975435, 73.1746403, 1.23809529, 1.23809529, 5e+15, 4.83322905, 0.013754348, 0.199350767, 275.887102, -0.0097823912, -4.43294587, -195.411621, 0.00966886298, 1.92590029, 194.750151, 0, 1.22245919e-08, 1.22245919e-08, 3152406.06, 3146042.93, -9949.37429, 0.27, 3.332, 3586.24415, -4.44272826, 1.93556915, 0, 4.99999992e+15, 6.02964116e-07, 3.33732406e-06, 0, 0
0.233035675, 0, 0, 5e+15, 0, 3.03453959e-21, 3.718e+18, 6.44e+20, 4.85, 4, 140.774477, 33.9214518, 1.23809529, 651042.373, 1.03698355e+14, 3.03538061e+09, 3.83739109e+13, 4.98665786, -138.964742, -142.829844, 5e+15, 2.4826831e+17, -590797.653, 273517.298, 303.959143, 33.9214518, 73.1746403, 1.23809529, 1.23809529, 5e+15, 4.97385105, 0.013724812, 0.199531697, 276.311275, -0.00976091584, -4.55869173, -195.325346, 0.00964857413, 1.98930762, 195.437627, 0, 1.2225501e-08, 1.2225501e-08, 3243974.14, 3237425.41, -10232.1845, 0.27, 3.332, 3683.45219, -4.56845265, 1.9989562, 0, 4.99999992e+15, 6.11114001e-07, 3.33197699e-06, 0, 0
0.2375, 0, 0, 5e+15, 0, 3.07126349e-21, 3.718e+18, 6.44e+20, 4.85, 4, 140.652316, 33.9825677, 1.23809529, 650919.885, 1.10459805e+14, 3.01859772e+09, 4.10961216e+13, 5.32961643, -138.842802, -142.709415, 5e+15, 2.46847487e+17, -589746.378, 275492.048, 303.998474, 33.9825677, 72.6631626, 1.23809529, 1.23809529, 5e+15, 5.31686208, 0.013650295, 0.199991634, 277.352121, -0.00970677304, -4.86565001, -195.096404, 0.00959734915, 2.14347133, 197.132489, 0, 1.22277474e-08, 1.22277474e-08, 3466204.52, 3459200.65, -10923.2957, 0.27, 3.332, 3919.42731, -4.87535679, 2.15306868, 0, 4.99999992e+15, 6.28312077e-07, 3.31634154e-06, 0, 0
0.239285675, 0, 0, 5e+15, 0, 3.08602812e-21, 3.718e+18, 6.44e+20, 4.85, 4, 140.602665, 34.0071645, 1.23809529, 650879.588, 1.1323583e+14, 3.01197397e+09, 4.22027238e+13, 5.4798599, -138.793239, -142.660436, 5e+15, 2.46292131e+17, -589322.238, 276298.533, 304.014393, 34.0071645, 72.2590298, 1.23809529, 1.23809529, 5e+15, 5.46712594, 0.0136211249, 0.200172533, 277.781251, -0.00968556896, -4.99949917, -195.011231, 0.00957730614, 2.21229393, 197.820585, 0, 1.22286567e-08, 1.22286567e-08, 3564020.4, 3556821.22, -11223.9566, 0.27, 3.332, 4024.77895, -5.00918475, 2.22187124, 0, 4.99999992e+15, 6.36709818e-07, 3.31080042e-06, 0, 0
0.24375, 0, 0, 5e+15, 0, 3.12335573e-21, 3.718e+18, 6.44e+20, 4.85, 4, 140.479264, 34.0700835, 1.23809529, 650751.175, 1.20380399e+14, 2.99537993e+09, 4.51183056e+13, 5.84697276, -138.670059, -142.538725, 5e+15, 2.44887357e+17, -588245.783, 278287.533, 304.053721, 34.0700835, 71.752908, 1.23809529, 1.23809529, 5e+15, 5.83429062, 0.0135473175, 0.200632132, 278.8343, -0.00963194247, -5.32680548, -194.784684, 0.00952656788, 2.37993405, 199.517204, 0, 1.2230903e-08, 1.2230903e-08, 3801802.33, 3794123.2, -11960.0811, 0.27, 3.332, 4280.95884, -5.33643743, 2.38946062, 0, 4.99999992e+15, 6.54354751e-07, 3.29464833e-06, 0, 0
0.245535675, 0, 0, 5e+15, 0, 3.1383223e-21, 3.718e+18, 6.44e+20, 4.85, 4, 140.429107, 34.0953901, 1.23809529, 650709.154, 1.2330555e+14, 2.98886472e+09, 4.62989748e+13, 6.00693709, -138.619991, -142.48922, 5e+15, 2.44341055e+17, -587811.777, 279100.324, 304.069593, 34.0953901, 71.752908, 1.23809529, 1.23809529, 5e+15, 5.99427501, 0.0135185814, 0.200813007, 279.268317, -0.00961106198, -5.46875622, -194.70071, 0.00950681481, 2.45433298, 200.205822, 0, 1.22318096e-08, 1.22318096e-08, 3905910.66, 3898026.49, -12278.4824, 0.27, 3.332, 4394.30483, -5.47836729, 2.4638398, 0, 4.99999992e+15, 6.63011082e-07, 3.28889993e-06, 0, 0
0.25, 0, 0, 5e+15, 0, 3.17614022e-21, 3.718e+18, 6.44e+20, 4.85, 4, 140.304459, 34.1601714, 1.23809529, 650575.098, 1.30817808e+14, 2.97250606e+09, 4.94084058e+13, 6.39829242, -138.495562, -142.366214, 5e+15, 2.42956311e+17, -586709.602, 281104.534, 304.10879, 34.1601714, 71.2519459, 1.23809529, 1.23809529, 5e+15, 6.38568143, 0.0134457089, 0.201272299, 280.33331, -0.00955812179, -5.8163056, -194.476706, 0.00945671167, 2.63581313, 201.903918, 0, 1.22340488e-08, 1.22340488e-08, 4159279.77, 4150891.21, -13059.1291, 0.27, 3.332, 4670.55512, -5.82586372, 2.64526985, 0, 4.99999992e+15, 6.81118448e-07, 3.27219153e-06, 0, 0
0.251785675, 0, 0, 5e+15, 0, 3.19126431e-21, 3.718e+18, 6.44e+20, 4.85, 4, 140.253792, 34.1862095, 1.23809529, 650531.508, 1.33890203e+14, 2.96610919e+09, 5.06645094e+13, 6.56813165, -138.444982, -142.316181, 5e+15, 2.42419905e+17, -586265.541, 281924.034, 304.124567, 34.1862095, 70.8558276, 1.23809529, 1.23809529, 5e+15, 6.55554037, 0.0134174552, 0.201453168, 280.772213, -0.00953760313, -5.96641975, -194.394093, 0.0094372786, 2.71598787, 202.592995, 0, 1.223495e-08, 1.223495e-08, 4269774.49, 4261170.86, -13395.3119, 0.27, 3.332, 4791.67112, -5.97595736, 2.72542515, 0, 4.99999992e+15, 6.90045709e-07, 3.26623852e-06, 0, 0
0.25625, 0, 0, 5e+15, 0, 3.22945539e-21, 3.718e+18, 6.44e+20, 4.85, 4, 140.127886, 34.2529134, 1.23809529, 650392.153, 1.41758931e+14, 2.95002146e+09, 5.39697835e+13, 6.98400021, -138.319294, -142.191872, 5e+15, 2.41058252e+17, -585137.115, 283944.476, 304.163511, 34.2529134, 70.3598213, 1.23809529, 1.23809529, 5e+15, 6.9714592, 0.0133456917, 0.201912213, 281.849062, -0.00948548464, -6.33426423, -194.17294, 0.00938792143, 2.91175771, 204.292374, 0, 1.22371749e-08, 1.22371749e-08, 4538884.84, 4529752.06, -14220.3585, 0.27, 3.332, 5087.56643, -6.34374971, 2.92114563, 0, 4.99999992e+15, 7.08635447e-07, 3.24896917e-06, 0, 0
0.258035675, 0, 0, 5e+15, 0, 3.24469096e-21, 3.718e+18, 6.44e+20, 4.85, 4, 140.076705, 34.2797052, 1.23809529, 650347.173, 1.44977929e+14, 2.94374853e+09, 5.53031026e+13, 7.16392956, -138.268199, -142.141306, 5e+15, 2.40532241e+17, -584682.813, 284771.106, 304.179146, 34.2797052, 70.3598213, 1.23809529, 1.23809529, 5e+15, 7.1514079, 0.0133179499, 0.202093102, 282.29291, -0.00946535216, -6.49265219, -194.091905, 0.00936882565, 2.99794441, 204.981885, 0, 1.2238068e-08, 1.2238068e-08, 4655900.07, 4646541.82, -14574.482, 0.27, 3.332, 5216.22177, -6.50211754, 3.00731324, 0, 4.99999992e+15, 7.178473e-07, 3.24282783e-06, 0, 0
0.2625, 0, 0, 5e+15, 0, 3.2831344e-21, 3.718e+18, 6.44e+20, 4.85, 4, 139.949531, 34.3483924, 1.23809529, 650202.929, 1.53195893e+14, 2.92795572e+09, 5.88075724e+13, 7.60474314, -138.141241, -142.015683, 5e+15, 2.39195776e+17, -583527.624, 286808.851, 304.21772, 34.3483924, 69.8685612, 1.23809529, 1.23809529, 5e+15, 7.59227087, 0.0132474161, 0.202551977, 283.381677, -0.00941415256, -6.88097522, -193.874052, 0.00932028777, 3.20854302, 206.682441, 0, 1.22402719e-08, 1.22402719e-08, 4941010.53, 4931097.63, -15444.1232, 0.27, 3.332, 5531.23123, -6.89038938, 3.21786331, 0, 4.99999992e+15, 7.3694308e-07, 3.22502558e-06, 0, 0
0.264285675, 0, 0, 5e+15, 0, 3.29843389e-21, 3.718e+18, 6.44e+20, 4.85, 4, 139.897831, 34.37596, 1.23809529, 650156.766, 1.56561867e+14, 2.92180865e+09, 6.02201891e+13, 7.79502136, -138.089625, -141.964582, 5e+15, 2.38680359e+17, -583062.904, 287643.046, 304.233169, 34.37596, 69.479806, 1.23809529, 1.23809529, 5e+15, 7.78256807, 0.0132201984, 0.202732917, 283.830565, -0.00939441756, -7.04777846, -193.794845, 0.00930153546, 3.30100952, 207.372386, 0, 1.22411545e-08, 1.22411545e-08, 5064709.16, 5054559.96, -15816.4253, 0.27, 3.332, 5667.23049, -7.05717288, 3.31031106, 0, 4.99999992e+15, 7.46454272e-07, 3.21872303e-06, 0, 0
0.26875, 0, 0, 5e+15, 0, 3.33700547e-21, 3.718e+18, 6.44e+20, 4.85, 4, 139.769377, 34.4466911, 1.23809529, 650008.124, 1.65125306e+14, 2.90632379e+09, 6.39282761e+13, 8.26133688, -137.961385, -141.837637, 5e+15, 2.37370264e+17, -581880.467, 289699.218, 304.271258, 34.4466911, 68.9930789, 1.23809529, 1.23809529, 5e+15, 8.24893206, 0.013150964, 0.203191721, 284.931432, -0.00934419613, -7.45685789, -193.580846, 0.00925385605, 3.52705828, 209.074089, 0, 1.22433309e-08, 1.22433309e-08, 5366160.44, 5355430.2, -16731.0905, 0.27, 3.332, 6000.84661, -7.46620209, 3.53631214, 0, 4.99999992e+15, 7.66082876e-07, 3.20044382e-06, 0, 0
0.270535675, 0, 0, 5e+15, 0, 3.35231988e-21, 3.718e+18, 6.44e+20, 4.85, 4, 139.717153, 34.4750563, 1.23809529, 649961.009, 1.68639445e+14, 2.90030151e+09, 6.54224579e+13, 8.46224938, -137.909245, -141.785996, 5e+15, 2.36865395e+17, -581405.166, 290541.424, 304.286477, 34.4750563, 68.9930789, 1.23809529, 1.23809529, 5e+15, 8.44986317, 0.0131242694, 0.20337275, 285.385488, -0.00932485923, -7.63223283, -193.503742, 0.00923544508, 3.62609789, 209.764493, 0, 1.22442004e-08, 1.22442004e-08, 5496723.27, 5485745.47, -17121.8496, 0.27, 3.332, 6144.04853, -7.64155769, 3.63533334, 0, 4.99999992e+15, 7.75909086e-07, 3.1940155e-06, 0, 0
0.275, 0, 0, 5e+15, 0, 3.39089229e-21, 3.718e+18, 6.44e+20, 4.85, 4, 139.587409, 34.547891, 1.23809529, 649808.555, 1.77547499e+14, 2.88512804e+09, 6.93393199e+13, 8.95470874, -137.779711, -141.65772, 5e+15, 2.35582055e+17, -580195.044, 292617.191, 304.323973, 34.547891, 68.5106708, 1.23809529, 1.23809529, 5e+15, 8.94237004, 0.0130563593, 0.203831592, 286.498715, -0.00927564066, -8.06240157, -193.294219, 0.00918863471, 3.86828782, 211.467372, 0, 1.2246343e-08, 1.2246343e-08, 5814912.24, 5803326, -18082.1129, 0.27, 3.332, 6495.85984, -8.07167721, 3.87747646, 0, 4.99999993e+15, 7.96099973e-07, 3.17533832e-06, 0, 0
0.276785675, 0, 0, 5e+15, 0, 3.40617135e-21, 3.718e+18, 6.44e+20, 4.85, 4, 139.534656, 34.5770749, 1.23809529, 649760.753, 1.81211659e+14, 2.87922736e+09, 7.09174174e+13, 9.16655261, -137.72704, -141.605534, 5e+15, 2.35087515e+17, -579709.016, 293467.86, 304.33892, 34.5770749, 68.1286434, 1.23809529, 1.23809529, 5e+15, 9.15423217, 0.0130301766, 0.204012752, 286.958073, -0.0092566941, -8.24650566, -193.219496, 0.00917055694, 3.97421286, 212.158266, 0, 1.22471971e-08, 1.22471971e-08, 5952528.35, 5940682.92, -18491.6159, 0.27, 3.332, 6646.17943, -8.25576235, 3.98338342, 0, 4.99999993e+15, 8.06257795e-07, 3.16882609e-06, 0, 0
0.28125, 0, 0, 5e+15, 0, 3.44461458e-21, 3.718e+18, 6.44e+20, 4.85, 4, 139.403608, 34.6520699, 1.23809529, 649605.172, 1.90465961e+14, 2.8643613e+09, 7.50486318e+13, 9.68584559, -137.596199, -141.475915, 5e+15, 2.33830694e+17, -578470.834, 295564.416, 304.375717, 34.6520699, 67.6503431, 1.23809529, 1.23809529, 5e+15, 9.67357174, 0.0129635809, 0.204471754, 288.083973, -0.009208475, -8.69811652, -193.015109, 0.00912460504, 4.23329006, 213.862399, 0, 1.22492999e-08, 1.22492999e-08, 6287884.47, 6275402.26, -19498.1123, 0.27, 3.332, 7015.89816, -8.707325, 4.24241466, 0, 4.99999993e+15, 8.27042992e-07, 3.14984892e-06, 0, 0
0.283035675, 0, 0, 5e+15, 0, 3.45980694e-21, 3.718e+18, 6.44e+20, 4.85, 4, 139.35032, 34.6820927, 1.23809529, 649556.98, 1.94282608e+14, 2.85857775e+09, 7.67129952e+13, 9.90891868, -137.542993, -141.423181, 5e+15, 2.33346153e+17, -577973.957, 296423.992, 304.390352, 34.6820927, 67.6503431, 1.23809529, 1.23809529, 5e+15, 9.89666276, 0.0129378931, 0.204653089, 288.548776, -0.00918990594, -8.89109821, -192.943052, 0.0091068493, 4.34642648, 214.553834, 0, 1.22501362e-08, 1.22501362e-08, 6432744.25, 6419990.92, -19926.6291, 0.27, 3.332, 7173.29876, -8.90028812, 4.35553333, 0, 4.99999993e+15, 8.37550028e-07, 3.14329965e-06, 0, 0
0.2875, 0, 0, 5e+15, 0, 3.49798878e-21, 3.718e+18, 6.44e+20, 4.85, 4, 139.217955, 34.7593009, 1.23809529, 649399.074, 2.03887087e+14, 2.84400994e+09, 8.10642899e+13, 10.4557518, -137.410832, -141.292209, 5e+15, 2.32115183e+17, -576707.427, 298542.544, 304.42635, 34.7593009, 67.1759461, 1.23809529, 1.23809529, 5e+15, 10.4435415, 0.0128725776, 0.205112379, 289.687686, -0.00914266241, -9.36449507, -192.74447, 0.00906173156, 4.62317806, 216.25933, 0, 1.22521935e-08, 1.22521935e-08, 6785709.9, 6772290.67, -20979.9856, 0.27, 3.332, 7560.75675, -9.37363773, 4.63223979, 0, 4.99999993e+15, 8.58964411e-07, 3.12413661e-06, 0, 0
0.289285675, 0, 0, 5e+15, 0, 3.51304224e-21, 3.718e+18, 6.44e+20, 4.85, 4, 139.164127, 34.790181, 1.23809529, 649350.82, 2.07859293e+14, 2.83833846e+09, 8.28172067e+13, 10.6903439, -137.357084, -141.238921, 5e+15, 2.31640269e+17, -576199.609, 299411.459, 304.440635, 34.790181, 66.8000807, 1.23809529, 1.23809529, 5e+15, 10.6781512, 0.0128473646, 0.205293934, 290.158068, -0.00912445511, -9.56648609, -192.675349, 0.0090442852, 4.74386061, 216.951357, 0, 1.22530099e-08, 1.22530099e-08, 6937999.57, 6924297.05, -21427.7515, 0.27, 3.332, 7725.23652, -9.57561053, 4.7529049, 0, 4.99999993e+15, 8.69839439e-07, 3.11760114e-06, 0, 0
0.29375, 0, 0, 5e+15, 0, 3.55082886e-21, 3.718e+18, 6.44e+20, 4.85, 4, 139.03043, 34.8696492, 1.23809529, 649191.515, 2.1782021e+14, 2.82405696e+09, 8.73942481e+13, 11.2654166, -137.223588, -141.106584, 5e+15, 2.30434244e+17, -574904.551, 301553.195, 304.475737, 34.8696492, 66.329395, 1.23809529, 1.23809529, 5e+15, 11.2532687, 0.0127832813, 0.205753645, 291.310315, -0.00907815057, -10.0619822, -192.483224, 0.00899997012, 5.03910224, 218.658345, 0, 1.22550161e-08, 1.22550161e-08, 7309015.29, 7294617.11, -22528.5351, 0.27, 3.332, 8130.36179, -10.0710603, 5.04810222, 0, 4.99999993e+15, 8.91921368e-07, 3.09838044e-06, 0, 0
0.295535675, 0, 0, 5e+15, 0, 3.56569061e-21, 3.718e+18, 6.44e+20, 4.85, 4, 138.976057, 34.9014029, 1.23809529, 649143.559, 2.21951721e+14, 2.81849248e+09, 8.92378992e+13, 11.5118042, -137.169293, -141.052737, 5e+15, 2.29968575e+17, -574385.736, 302431.85, 304.489635, 34.9014029, 66.1436327, 1.23809529, 1.23809529, 5e+15, 11.4996736, 0.0127585225, 0.205935466, 291.786402, -0.00906028865, -10.2730929, -192.417296, 0.0089828206, 5.1676709, 219.35102, 0, 1.22558104e-08, 1.22558104e-08, 7468913.65, 7454219.85, -22995.7386, 0.27, 3.332, 8301.93874, -10.2821532, 5.17665372, 0, 4.99999993e+15, 9.03184488e-07, 3.09191275e-06, 0, 0
0.3, 0, 0, 5e+15, 0, 3.60294722e-21, 3.718e+18, 6.44e+20, 4.85, 4, 138.841014, 34.9831698, 1.23809529, 648983.912, 2.32277935e+14, 2.80448434e+09, 9.40461386e+13, 12.1157924, -137.034447, -140.91902, 5e+15, 2.287865e+17, -573062.108, 304597.91, 304.523751, 34.9831698, 65.2127278, 1.23809529, 1.23809529, 5e+15, 12.1037057, 0.0126956185, 0.206395733, 292.952315, -0.00901488139, -10.7909568, -192.232263, 0.00893927523, 5.48223697, 221.059651, 0, 1.22577604e-08, 1.22577604e-08, 7858408.5, 7842988.8, -24144.4187, 0.27, 3.332, 8724.72358, -10.7999717, 5.49117624, 0, 4.99999993e+15, 9.25976612e-07, 3.07277511e-06, 0, 0
0.301785675, 0, 0, 5e+15, 0, 3.61756417e-21, 3.718e+18, 6.44e+20, 4.85, 4, 138.786088, 35.0158106, 1.23809529, 648936.642, 2.36573265e+14, 2.79902208e+09, 9.59825679e+13, 12.3742354, -136.979598, -140.864609, 5e+15, 2.28329715e+17, -572532.284, 305486.66, 304.537227, 35.0158106, 65.0283634, 1.23809529, 1.23809529, 5e+15, 12.3621657, 0.0126712948, 0.206577867, 293.434226, -0.00899734928, -11.0112736, -192.169772, 0.00892241097, 5.61903411, 221.753036, 0, 1.22585307e-08, 1.22585307e-08, 8026084.98, 8010357.2, -24631.1947, 0.27, 3.332, 8903.41995, -11.0202709, 5.62795652, 0, 4.99999993e+15, 9.37649276e-07, 3.0664314e-06, 0, 0
0.30625, 0, 0, 5e+15, 0, 3.65415576e-21, 3.718e+18, 6.44e+20, 4.85, 4, 138.649683, 35.0999046, 1.23809529, 648777.836, 2.4727661e+14, 2.78527474e+09, 1.01027134e+14, 13.0077803, -136.843388, -140.7295, 5e+15, 2.27170619e+17, -571180.202, 307678.087, 304.570269, 35.0999046, 65.0283634, 1.23809529, 1.23809529, 5e+15, 12.9957537, 0.0126095179, 0.207038826, 294.614105, -0.00895279738, -11.5517194, -191.992425, 0.00887960367, 5.95376916, 223.463469, 0, 1.22604194e-08, 1.22604194e-08, 8434469.96, 8417985.72, -25828.1194, 0.27, 3.332, 9343.88446, -11.5606722, 5.96264876, 0, 4.99999993e+15, 9.61199236e-07, 3.04752843e-06, 0, 0
0.308035675, 0, 0, 5e+15, 0, 3.66847484e-21, 3.718e+18, 6.44e+20, 4.85, 4, 138.594199, 35.133443, 1.23809529, 648731.661, 2.51741121e+14, 2.77991034e+09, 1.03058227e+14, 13.2785189, -136.787978, -140.674518, 5e+15, 2.2672239e+17, -570639.407, 308577.218, 304.58329, 35.133443, 65.0283634, 1.23809529, 1.23809529, 5e+15, 13.266509, 0.0125856116, 0.207221317, 295.101941, -0.00893558071, -11.7813025, -191.933594, 0.00886301395, 6.09913691, 224.157624, 0, 1.22611636e-08, 1.22611636e-08, 8610082.97, 8593278.13, -26334.5446, 0.27, 3.332, 9529.70875, -11.790238, 6.10799992, 0, 4.99999993e+15, 9.73304002e-07, 3.04136606e-06, 0, 0
0.3125, 0, 0, 5e+15, 0, 3.70426695e-21, 3.718e+18, 6.44e+20, 4.85, 4, 138.456416, 35.2198799, 1.23809529, 648574.998, 2.62836822e+14, 2.76641226e+09, 1.08343852e+14, 13.9422194, -136.650386, -140.538001, 5e+15, 2.2558538e+17, -569259.173, 310794.901, 304.615178, 35.2198799, 64.5678855, 1.23809529, 1.23809529, 5e+15, 13.9302519, 0.0125249139, 0.207683104, 296.296058, -0.00889184514, -12.3444847, -191.764483, 0.00882091589, 6.45488867, 225.870022, 0, 1.22629865e-08, 1.22629865e-08, 9037747.27, 9020155.2, -27579.9251, 0.27, 3.332, 9987.85973, -12.3533766, 6.46370959, 0, 4.99999993e+15, 9.97664687e-07, 3.02285797e-06, 0, 0
0.314285675, 0, 0, 5e+15, 0, 3.71823543e-21, 3.718e+18, 6.44e+20, 4.85, 4, 138.400366, 35.2543224, 1.23809529, 648530.337, 2.67476766e+14, 2.76114172e+09, 1.10471316e+14, 14.2254722, -136.59441, -140.482443, 5e+15, 2.25145405e+17, -568707.493, 311704.609, 304.627712, 35.2543224, 64.2033099, 1.23809529, 1.23809529, 5e+15, 14.2135212, 0.0125014088, 0.207865997, 296.789909, -0.00887493095, -12.5833666, -191.709515, 0.00880459087, 6.60916647, 226.565012, 0, 1.2263703e-08, 1.2263703e-08, 9221442.87, 9203517.64, -28106.0138, 0.27, 3.332, 10180.7878, -12.5922415, 6.61797106, 0, 4.99999993e+15, 1.01022464e-06, 3.01693403e-06, 0, 0
0.31875, 0, 0, 5e+15, 0, 3.75309501e-21, 3.718e+18, 6.44e+20, 4.85, 4, 138.261189, 35.3431039, 1.23809529, 648377.214, 2.78983762e+14, 2.74788257e+09, 1.1600228e+14, 14.91988, -136.455419, -140.344504, 5e+15, 2.24029679e+17, -567299.609, 313949.222, 304.658368, 35.3431039, 63.7460447, 1.23809529, 1.23809529, 5e+15, 14.9079707, 0.0124417475, 0.208328743, 297.998513, -0.0088319771, -13.1693763, -191.549149, 0.00876317633, 6.98677938, 228.279552, 0, 1.22654555e-08, 1.22654555e-08, 9668751.1, 9650007.76, -29399.9134, 0.27, 3.332, 10656.5748, -13.1782082, 6.99554256, 0, 4.99999993e+15, 1.0354536e-06, 2.99898639e-06, 0, 0
0.320535675, 0, 0, 5e+15, 0, 3.76666083e-21, 3.718e+18, 6.44e+20, 4.85, 4, 138.204567, 35.3784534, 1.23809529, 648334.481, 2.8380621e+14, 2.74270222e+09, 1.18227614e+14, 15.2158401, -136.39887, -140.288363, 5e+15, 2.23597679e+17, -566737.185, 314869.586, 304.670387, 35.3784534, 63.7460447, 1.23809529, 1.23809529, 5e+15, 15.2039469, 0.0124186286, 0.20851208, 298.498454, -0.00881535358, -13.4175586, -191.498225, 0.00874710677, 7.15030083, 228.97544, 0, 1.22661426e-08, 1.22661426e-08, 9860660.51, 9841571.44, -29945.6121, 0.27, 3.332, 10856.5556, -13.426374, 7.15904794, 0, 4.99999993e+15, 1.04849132e-06, 2.99335573e-06, 0, 0
0.325, 0, 0, 5e+15, 0, 3.80045704e-21, 3.718e+18, 6.44e+20, 4.85, 4, 138.063979, 35.4695654, 1.23809529, 648186.349, 2.95747182e+14, 2.72967263e+09, 1.24007669e+14, 15.9414511, -136.258464, -140.148985, 5e+15, 2.2250251e+17, -565302.359, 317141.507, 304.69974, 35.4695654, 63.2919815, 1.23809529, 1.23809529, 5e+15, 15.929599, 0.0123599652, 0.208975914, 299.72176, -0.00877315061, -14.0264182, -191.34706, 0.00870635212, 7.5506081, 230.692302, 0, 1.22678208e-08, 1.22678208e-08, 10327948, 10308009.9, -31287.9329, 0.27, 3.332, 11349.8632, -14.0351913, 7.55931445, 0, 4.99999993e+15, 1.07464904e-06, 2.97613456e-06, 0, 0
0.326785675, 0, 0, 5e+15, 0, 3.81356923e-21, 3.718e+18, 6.44e+20, 4.85, 4, 138.006779, 35.5058212, 1.23809529, 648145.934, 3.0075986e+14, 2.72457897e+09, 1.26332139e+14, 16.2502821, -136.201335, -140.092255, 5e+15, 2.22078216e+17, -564729.378, 318072.467, 304.711216, 35.5058212, 62.9331057, 1.23809529, 1.23809529, 5e+15, 16.2384459, 0.0123372184, 0.209159738, 300.227846, -0.00875680664, -14.2838697, -191.300334, 0.00869052903, 7.72369712, 231.389152, 0, 1.22684769e-08, 1.22684769e-08, 10528185.1, 10507888.5, -31853.1132, 0.27, 3.332, 11556.513, -14.2926265, 7.73238765, 0, 4.99999993e+15, 1.08818513e-06, 2.97084756e-06, 0, 0
0.33125, 0, 0, 5e+15, 0, 3.84617434e-21, 3.718e+18, 6.44e+20, 4.85, 4, 137.864762, 35.5992345, 1.23809529, 648004.239, 3.13160877e+14, 2.71177025e+09, 1.32364457e+14, 17.0075286, -136.059496, -139.951422, 5e+15, 2.21002923e+17, -563268.512, 320371.704, 304.739199, 35.5992345, 62.4823, 1.23809529, 1.23809529, 5e+15, 16.9957328, 0.0122795166, 0.209624785, 301.466022, -0.00871532607, -14.9155272, -191.158764, 0.00865041147, 8.14751131, 233.108508, 0, 1.22700769e-08, 1.22700769e-08, 11015752.6, 10994575.3, -33243.5828, 0.27, 3.332, 12066.2665, -14.9242425, 8.15616173, 0, 4.99999993e+15, 1.11533194e-06, 2.95451319e-06, 0, 0
0.333035675, 0, 0, 5e+15, 0, 3.85878329e-21, 3.718e+18, 6.44e+20, 4.85, 4, 137.806976, 35.6363925, 1.23809529, 647966.486, 3.18371643e+14, 2.70675988e+09, 1.34788843e+14, 17.3293419, -136.00178, -139.894098, 5e+15, 2.20586075e+17, -562685.203, 321313.033, 304.750107, 35.6363925, 62.4823, 1.23809529, 1.23809529, 5e+15, 17.3175617, 0.0122571278, 0.209809134, 301.978274, -0.00869925082, -15.1821579, -191.116335, 0.00863482589, 8.33048068, 233.80638, 0, 1.22707005e-08, 1.22707005e-08, 11224566.7, 11202015.9, -33827.9612, 0.27, 3.332, 11277.1047, -15.1908571, 8.3391155, 0, 4.99999993e+15, 1.12938312e-06, 2.95033079e-06, 0, 0
0.3375, 0, 0, 5e+15, 0, 3.89007352e-21, 3.718e+18, 6.44e+20, 4.85, 4, 137.663513, 35.7320647, 1.23809529, 647832.595, 3.31260545e+14, 2.69416365e+09, 1.41075219e+14, 18.1185224, -135.858492, -139.751793, 5e+15, 2.19529997e+17, -561199.365, 323639.146, 304.77666, 35.7320647, 62.0348817, 1.23809529, 1.23809529, 5e+15, 18.1067821, 0.0122003527, 0.210275514, 303.231406, -0.00865846566, -15.8364107, -190.984622, 0.00859532305, 8.77858814, 235.528408, 0, 1.22722188e-08, 1.22722188e-08, 11733053.6, 11707143.9, -35265.9103, 0.27, 3.332, 9356.1868, -15.8450692, 8.78718347, 0, 4.99999993e+15, 1.15757487e-06, 2.93657435e-06, 0, 0
0.339285675, 0, 0, 5e+15, 0, 3.9021314e-21, 3.718e+18, 6.44e+20, 4.85, 4, 137.605136, 35.7701184, 1.23809529, 647797.755, 3.35603492e+14, 2.68923326e+09, 1.42861011e+14, 18.3767144, -135.800183, -139.693732, 5e+15, 2.19120317e+17, -560605.989, 324590.391, 304.786977, 35.7701184, 61.6833169, 1.23809529, 1.24419414, 5e+15, 18.3649828, 0.0121783085, 0.210460465, 303.695462, -0.00864264867, -16.0249002, -190.859367, 0.0085799663, 8.96995827, 236.227902, 0, 1.22728087e-08, 1.22728087e-08, 11894642.2, 11897428.4, -35676.1073, 0.27, 3.332, 38462.3284, -16.0335428, 8.97853824, 0, 4.99999993e+15, 1.17213977e-06, 2.87907699e-06, 0, 0
0.34375, 0, 0, 5e+15, 0, 3.9319878e-21, 3.718e+18, 6.44e+20, 4.85, 4, 137.460212, 35.8679978, 1.23809529, 647672.818, 3.46194836e+14, 2.67684127e+09, 1.47455161e+14, 19.0104277, -135.655428, -139.549602, 5e+15, 2.18082748e+17, -559096.362, 326942.336, 304.812044, 35.8679978, 61.239495, 1.23809529, 1.24419414, 5e+15, 18.9987184, 0.0121224255, 0.210928388, 304.831519, -0.00860253243, -16.4882209, -190.52446, 0.00854105595, 9.43874042, 237.954073, 0, 1.2274242e-08, 1.2274242e-08, 12288068.4, 12360457.6, -36687.8803, 0.27, 3.332, 109077.115, -16.4968235, 9.44728147, 0, 4.99999993e+15, 1.20139583e-06, 2.75263838e-06, -1.21738214e-11, -1.10492915e-11
0.345535675, 0, 0, 5e+15, 0, 3.94344892e-21, 3.718e+18, 6.44e+20, 4.85, 4, 137.401237, 35.9069623, 1.24419414, 647331.34, 3.7909698e+14, 2.67194202e+09, 1.72277853e+14, 23.2187518, -135.596521, -139.4947, 5e+15, 1.61699721e+20, -558549.772, 327198.747, 304.821749, 35.9069623, 61.239495, 1.25029299, 1.24419414, 5e+15, 23.2070722, 0.0121102022, 0.211052913, 310.237731, -0.00858681947, -20.218456, -193.936381, 0.00853951225, 11.3907614, 242.147684, 0, 1.22747969e-08, 1.22747969e-08, 14986099.6, 15081546.3, 228.77148, 0.27, 3.332, 95217.8219, -20.2270429, 11.3993009, 0, 3.54469889e+15, 1.08822148e-06, 2.4677384e-06, 103211.399, 33326.421
0.35, 0, 0, 5e+15, 0, 3.9717583e-21, 3.718e+18, 6.44e+20, 4.85, 4, 137.254835, 36.0070542, 1.25944174, 646455.468, 4.71320787e+14, 2.65962669e+09, 2.53635216e+14, 33.4319151, -135.450285, -139.358425, 5e+15, 5.67636869e+20, -557171.139, 327818.466, 304.845278, 36.0070542, 60.8023366, 1.28078819, 1.25944174, 5e+15, 33.4203115, 0.0120780716, 0.211377507, 323.434871, -0.00854696367, -29.2744588, -202.182158, 0.00853400407, 16.1221331, 252.451661, 0, 1.22761423e-08, 1.22761423e-08, 21494018.8, 21646262.9, 90179.3357, 0.27, 3.332, 62064.7621, -29.2830058, 16.1306671, 0, 1.49999998e+15, 8.44122673e-07, 1.85259838e-06, 2e+18, 3.80945493e+16
0.35, 0, 0, 1.5e+15, 0, 3.9717583e-21, 3.718e+18, 6.44e+20, 4.85, 4, 137.254835, 36.0070542, 1.25944174, 637295.979, 4.71320787e+14, 2.65962669e+09, 2.53635216e+14, 33.4319151, -135.450285, -139.358425, 1.5e+15, 5.67636869e+20, -549869.234, 322164.499, 304.845278, 36.0070542, 60.8023366, 1.28078819, 1.25944174, 1.5e+15, 33.4203115, 0.0120780716, 0.211377507, 323.434871, -0.00854696367, -29.2744588, -202.182158, 0.00853400407, 16.1221331, 252.451661, 0, 1.22761423e-08, 1.22761423e-08, 21494018.8, 21646262.9, 90179.3357, 0.27, 3.332, 62064.7621, -29.2830058, 16.1306671, 0, 1.49999998e+15, 8.44122673e-07, 1.85259838e-06, 2e+18, 3.80945493e+16
0.368883528, 0, 0, 1.5e+15, 0, 4.05004749e-21, 3.718e+18, 6.44e+20, 4.85, 4, 136.644747, 36.4482706, 1.26554059, 632500.095, 4.27998307e+14, 2.66155279e+09, 3.44149515e+14, 49.1715452, -134.840302, -138.756269, 1.5e+15, 5.67449214e+20, -545434.866, 320243.629, 304.909083, 36.4482706, 61.8522803, 1.28078819, 1.26554059, 1.5e+15, 49.1600862, 0.0120887401, 0.211316401, 334.615266, -0.00855278759, -44.4779387, -213.924441, 0.00854326861, 20.6907442, 257.102888, 0, 1.22797913e-08, 1.22797913e-08, 30852826.7, 31084497.3, 170123.38, 0.27, 3.332, 61547.2188, -44.4864915, 20.6992875, 0, 1.49999998e+15, 6.99621275e-07, 1.47017146e-06, 2e+18, 3.96948714e+16
0.4160938, 0, 0, 1.5e+15, 0, 4.23900987e-21, 3.718e+18, 6.44e+20, 4.85, 4, 135.130721, 37.602551, 1.28078819, 620196.39, 3.27028322e+14, 2.66591805e+09, 7.40377229e+14, 87.7222345, -133.326529, -137.262171, 1.5e+15, 5.66959202e+20, -533986.372, 315439.56, 305.06052, 37.602551, 64.5150091, 1.28078819, 1.28078819, 1.5e+15, 87.7111412, 0.0121135184, 0.211178561, 361.713533, -0.00856592476, -81.7128263, -242.298105, 0.00856517713, 31.8788003, 268.56489, 0, 1.22884524e-08, 1.22884524e-08, 53591457.5, 54015696.2, 363774.46, 0.27, 3.332, 60464.2289, -81.7213922, 31.8873654, 0, 1.49999998e+15, 3.90101932e-07, 6.46436475e-07, 2e+18, 4.37971322e+16
0.4349773, 0, 0, 1.5e+15, 0, 4.22197132e-21, 3.718e+18, 6.44e+20, 4.85, 4, 134.543051, 38.0729045, 1.28078819, 612652.816, 2.92012536e+14, 2.67195206e+09, 9.24212866e+14, 115.739595, -132.738773, -136.680347, 1.5e+15, 5.67338027e+20, -527627.136, 311372.645, 305.046988, 38.0729045, 64.5150091, 1.28078819, 1.28078819, 1.5e+15, 115.728437, 0.0121421617, 0.210877775, 383.825241, -0.00858476641, -107.230553, -264.916323, 0.00858684229, 43.49517, 277.237561, 0, 1.22876785e-08, 1.22876785e-08, 69545252.9, 70208484.3, 582351.572, 0.27, 3.332, 80879.847, -107.239138, 43.5037569, 0, 1.49999998e+15, 2.98083544e-07, 5.03045002e-07, 2e+18, 4.67063968e+16
0.4821875, 0, 0, 1.5e+15, 0, 4.17023893e-21, 3.718e+18, 6.44e+20, 4.85, 4, 133.084834, 39.3066302, 1.28078819, 593361.459, 2.12993719e+14, 2.68636036e+09, 1.61732893e+15, 184.95256, -131.280335, -135.236891, 1.5e+15, 5.6817839e+20, -511215.968, 301224.229, 305.006465, 39.3066302, 64.5150091, 1.28078819, 1.28078819, 1.5e+15, 184.941243, 0.0122110655, 0.210156622, 438.072833, -0.00862968461, -170.288443, -320.405333, 0.00863936701, 72.1464346, 298.741673, 0, 1.22853606e-08, 1.22853606e-08, 108572304, 109822537, 1119103.85, 0.27, 3.332, 131129.036, -170.297072, 72.155074, 0, 1.49999998e+15, 1.07317557e-07, 2.00051333e-07, 2e+18, 5.48410012e+16
0.501071028, 0, 0, 1.5e+15, 0, 4.09240747e-21, 3.718e+18, 6.44e+20, 4.85, 4, 132.528544, 39.818138, 1.28078819, 585371.331, 1.67890091e+14, 2.69525046e+09, 1.90394413e+15, 222.599366, -130.723833, -134.684966, 1.5e+15, 5.69562509e+20, -504867.823, 296251.003, 304.942118, 39.818138, 66.7828344, 1.28078819, 1.28078819, 1.5e+15, 222.587985, 0.0122509115, 0.209583942, 467.919314, -0.00865798843, -204.155911, -352.494356, 0.00866741414, 88.6560015, 306.802737, 0, 1.2281681e-08, 1.2281681e-08, 128477395, 130119409, 1479956.02, 0.27, 3.332, 162057.802, -204.164569, 88.6646688, 0, 1.49999998e+15, 7.89866138e-08, 1.50597207e-07, 2e+18, 5.68036993e+16
0.5482813, 0, 0, 1.5e+15, 0, 3.88956741e-21, 3.718e+18, 6.44e+20, 4.85, 4, 131.148738, 41.1530981, 1.28078819, 565051.358, 8.95854655e+13, 2.71727021e+09, 2.87707969e+15, 316.387975, -129.343491, -133.316209, 1.5e+15, 5.73016857e+20, -488599.744, 283819.074, 304.77632, 41.1530981, 72.5362609, 1.28078819, 1.28078819, 1.5e+15, 316.376432, 0.0123496905, 0.208189497, 541.878083, -0.00872794951, -288.539835, -432.017793, 0.00873714781, 129.764435, 327.094376, 0, 1.22721992e-08, 1.22721992e-08, 177518458, 180129555, 2372607.66, 0.27, 3.332, 238489.458, -288.548563, 129.773172, 0, 1.49999998e+15, 2.2910189e-08, 5.17250064e-08, 2e+18, 6.19604209e+16
0.5671648, 0, 0, 1.5e+15, 0, 3.79587188e-21, 3.718e+18, 6.44e+20, 4.85, 4, 130.626827, 41.7152094, 1.28078819, 556948.351, 6.3884431e+13, 2.72780525e+09, 3.25369944e+15, 359.599082, -128.821316, -132.797626, 1.5e+15, 5.74995736e+20, -482218.759, 278659.911, 304.692687, 41.7152094, 72.5362609, 1.28078819, 1.28078819, 1.5e+15, 359.587477, 0.0123944789, 0.207278291, 576.833476, -0.00876186806, -327.12551, -470.090111, 0.00876657014, 149.282846, 333.199134, 0, 1.22674184e-08, 1.22674184e-08, 198334020, 201464514, 2856167.93, 0.27, 3.332, 274326.674, -327.134272, 149.291613, 0, 1.49999998e+15, 1.63444927e-08, 3.76441147e-08, 2e+18, 6.3232424e+16
0.614375, 0, 0, 1.5e+15, 0, 3.55542139e-21, 3.718e+18, 6.44e+20, 4.85, 4, 129.333, 43.176068, 1.28078819, 536436.474, 2.64805171e+13, 2.75447441e+09, 4.44300007e+15, 467.884973, -127.52682, -131.512227, 1.5e+15, 5.80042353e+20, -465980.553, 265755.746, 304.480121, 43.176068, 72.5362609, 1.28078819, 1.28078819, 1.5e+15, 467.873213, 0.0125075106, 0.205039816, 664.090025, -0.00884750764, -423.792558, -565.018127, 0.00884078212, 198.255415, 348.95304, 0, 1.22552667e-08, 1.22552667e-08, 249857666, 254279552, 4058380.38, 0.27, 3.332, 363504.563, -423.801405, 198.264255, 0, 1.49999998e+15, 3.9956591e-09, 1.10830372e-08, 2e+18, 6.64554505e+16
0.633258528, 0, 0, 1.5e+15, 0, 3.46955598e-21, 3.718e+18, 6.44e+20, 4.85, 4, 128.844918, 43.7984115, 1.28078819, 528400.475, 1.73554949e+13, 2.76523052e+09, 4.87105863e+15, 510.594873, -127.038474, -131.026653, 1.5e+15, 5.82178195e+20, -459558.202, 260784.755, 304.396517, 43.7984115, 75.3650399, 1.28078819, 1.28078819, 1.5e+15, 510.583057, 0.0125502223, 0.203766584, 699.242252, -0.00888237754, -461.596963, -603.500561, 0.00886630412, 218.209895, 352.162497, 0, 1.22504894e-08, 1.22504894e-08, 268044036, 273063445, 4619103.54, 0.27, 3.332, 400305.35, -461.605845, 218.218761, 0, 1.49999998e+15, 2.77159338e-09, 7.81426191e-09, 2e+18, 6.73610922e+16
0.6804688, 0, 0, 1.5e+15, 0, 3.25051624e-21, 3.718e+18, 6.44e+20, 4.85, 4, 127.635725, 45.4125426, 1.28078819, 508119.937, 5.80383237e+12, 2.7928653e+09, 6.1513089e+15, 618.252335, -125.82861, -129.823821, 1.5e+15, 5.87702127e+20, -443291.92, 248350.596, 304.185036, 45.4125426, 82.5453398, 1.28078819, 1.28078819, 1.5e+15, 618.240374, 0.0126593457, 0.200620595, 787.580328, -0.00897174852, -556.843604, -699.982708, 0.00893122385, 268.600708, 360.977603, 0, 1.22384046e-08, 1.22384046e-08, 313269383, 319780957, 6019559.07, 0.27, 3.332, 492015.547, -556.852576, 268.609639, 0, 1.49999998e+15, 5.89082424e-10, 1.98331032e-09, 2e+18, 6.96062455e+16
0.6993523, 0, 0, 1.5e+15, 0, 3.17865406e-21, 3.718e+18, 6.44e+20, 4.85, 4, 127.179525, 46.1035033, 1.28078819, 500233.095, 3.52023308e+12, 2.8027841e+09, 6.58304486e+15, 654.936016, -125.372169, -129.369483, 1.5e+15, 5.89709111e+20, -436847.93, 243708.325, 304.108996, 46.1035033, 82.5453398, 1.28078819, 1.28078819, 1.5e+15, 654.924007, 0.0126944039, 0.199011498, 818.136833, -0.00900407284, -588.988157, -733.83662, 0.00894842499, 286.374889, 360.875404, 0, 1.22340612e-08, 1.22340612e-08, 326247953, 333372542, 6599566.73, 0.27, 3.332, 525022.722, -588.997161, 286.383838, 0, 1.49999998e+15, 3.97341469e-10, 1.35437534e-09, 2e+18, 7.03053138e+16
0.7465625, 0, 0, 1.5e+15, 0, 2.99589139e-21, 3.718e+18, 6.44e+20, 4.85, 4, 126.05007, 47.8951672, 1.28078819, 480368.317, 9.6498784e+11, 2.82861325e+09, 7.82234672e+15, 747.950177, -124.2421, -128.244762, 1.5e+15, 5.94975084e+20, -420572.989, 232103.275, 303.917064, 47.8951672, 82.5453398, 1.28078819, 1.28078819, 1.5e+15, 747.938044, 0.0127851513, 0.195019209, 895.402564, -0.00908808327, -670.424839, -819.119724, 0.00899259873, 331.574685, 361.64307, 0, 1.22230977e-08, 1.22230977e-08, 358680992, 367342365, 8053929.41, 0.27, 3.332, 607443.704, -670.433928, 331.583677, 0, 1.49999998e+15, 6.85611246e-11, 2.95130578e-10, 2e+18, 7.20118113e+16
0.765446028, 0, 0, 1.5e+15, 0, 2.93708966e-21, 3.718e+18, 6.44e+20, 4.85, 4, 125.623346, 48.6612959, 1.28078819, 472676.222, 5.43308286e+11, 2.83707409e+09, 8.20918273e+15, 774.482317, -123.815168, -127.819375, 1.5e+15, 5.96697209e+20, -414149.941, 227816.945, 303.850018, 48.6612959, 85.4775767, 1.28078819, 1.28078819, 1.5e+15, 774.470148, 0.0128080311, 0.193141254, 917.768417, -0.00911589349, -693.27572, -844.643588, 0.00899697475, 345.202496, 358.32706, 0, 1.22192694e-08, 1.22192694e-08, 365140974, 374366045, 8591014.12, 0.27, 3.332, 634057.327, -693.284837, 345.211493, 0, 1.49999998e+15, 4.18073249e-11, 1.93130211e-10, 2e+18, 7.25792387e+16
0.8126563, 0, 0, 1.5e+15, 0, 2.78777909e-21, 3.718e+18, 6.44e+20, 4.85, 4, 124.567543, 50.6495444, 1.28078819, 453328.626, 1.22879472e+11, 2.85962378e+09, 9.28648978e+15, 842.354753, -122.758831, -126.766986, 1.5e+15, 6.01332841e+20, -397955.027, 217113.94, 303.680939, 50.6495444, 92.8768605, 1.28078819, 1.28078819, 1.5e+15, 842.342487, 0.0128686571, 0.188467516, 974.809567, -0.00918997219, -751.662188, -909.340339, 0.00900814819, 380.190246, 351.211485, 0, 1.22096148e-08, 1.22096148e-08, 381469168, 392114077, 9944301.96, 0.27, 3.332, 700607.822, -751.671378, 380.199254, 0, 1.49999998e+15, 4.4603446e-12, 3.18788914e-11, 2e+18, 7.39489102e+16
0.8315398, 0, 0, 1.5e+15, 0, 2.73957022e-21, 3.718e+18, 6.44e+20, 4.85, 4, 124.167992, 51.4962004, 1.28078819, 445855.163, 61005087.6, 2.86580021e+09, 9.58798789e+15, 856.544, -122.35911, -126.368335, 1.5e+15, 6.02587054e+20, -391606.145, 213143.475, 303.622236, 51.4962004, 92.8768605, 1.28078819, 1.28078819, 1.5e+15, 856.531712, 0.0128756267, 0.186413783, 987.16346, -0.00921030075, -763.368357, -924.721977, 0.00899728512, 388.468146, 344.957221, 0, 1.22062639e-08, 1.22062639e-08, 381352970, 392457410, 10383931.6, 0.27, 3.332, 720508.798, -763.377568, 388.477144, 0, 1.49999998e+15, 2.35008336e-12, 1.98134213e-11, 2e+18, 7.44205162e+16
0.87875, 0, 0, 1.5e+15, 0, 2.61724581e-21, 3.718e+18, 6.44e+20, 4.85, 4, 123.179993, 53.6968594, 1.28078819, 427076.721, -4.05166179e-14, 2.88257208e+09, 1.0411616e+16, 893.629443, -121.370671, -125.382653, 1.5e+15, 6.06042385e+20, -375614.28, 203244.25, 303.474219, 53.6968594, 92.8768605, 1.28078819, 1.28078819, 1.5e+15, 893.617095, 0.0128947707, 0.181289957, 1019.27529, -0.009265566, -793.933003, -964.176428, 0.00896796294, 410.148175, 330.574336, 0, 1.21978145e-08, 1.21978145e-08, 381395452, 393665717, 11499851.1, 0.27, 3.332, 770414.127, -793.942268, 410.157143, 0, 1.49999998e+15, -5.11382377e-27, 2.05453203e-12, 2e+18, 7.55488602e+16
0.897633528, 0, 0, 1.5e+15, 0, 2.57740928e-21, 3.718e+18, 6.44e+20, 4.85, 4, 122.805742, 54.6278099, 1.28078819, 419834.781, 0, 2.88756297e+09, 1.06126359e+16, 896.143084, -120.996275, -125.008957, 1.5e+15, 6.07058004e+20, -369394.838, 199518.76, 303.422832, 54.6278099, 95.6121572, 1.28078819, 1.28078819, 1.5e+15, 896.130725, 0.0128896124, 0.179158168, 1022.47069, -0.00928173371, -795.336953, -970.298354, 0.00894371189, 412.897638, 321.905474, 0, 1.2194882e-08, 1.2194882e-08, 375987418, 388587263, 11816999.7, 0.27, 3.332, 782845.136, -795.346234, 412.906582, 0, 1.49999998e+15, 0, 1.20299039e-12, 2e+18, 7.59407667e+16
0.9448438, 0, 0, 1.5e+15, 0, 2.47634389e-21, 3.718e+18, 6.44e+20, 4.85, 4, 121.880766, 57.0524458, 1.28078819, 401652.166, 0, 2.90109572e+09, 1.11591513e+16, 903.852724, -120.070925, -124.085433, 1.5e+15, 6.09858221e+20, -353738.561, 190245.194, 303.293221, 57.0524458, 102.406685, 1.28078819, 1.28078819, 1.5e+15, 903.840338, 0.0128758978, 0.17382892, 1031.53525, -0.00932564394, -799.954373, -986.499531, 0.00887812002, 420.713343, 301.45326, 0, 1.21874852e-08, 1.21874852e-08, 362849947, 376295040, 12630585.3, 0.27, 3.332, 814508.913, -799.963699, 420.722221, 0, 1.49999998e+15, 0, 0, 2e+18, 7.68710461e+16
0.9637273, 0, 0, 1.5e+15, 0, 2.44318071e-21, 3.718e+18, 6.44e+20, 4.85, 4, 121.530452, 58.071405, 1.28078819, 394647.19, 0, 2.9073663e+09, 1.12569972e+16, 896.499706, -119.720467, -123.735396, 1.5e+15, 6.11152394e+20, -347695.825, 186689.886, 303.248225, 58.071405, 102.406685, 1.28078819, 1.28078819, 1.5e+15, 896.487313, 0.0128664994, 0.171704455, 1027.36057, -0.00934552462, -792.775276, -985.117322, 0.00884337461, 418.562523, 290.990114, 0, 1.21849181e-08, 1.21849181e-08, 353746277, 367383618, 12816269.5, 0.27, 3.332, 821072.356, -792.784622, 418.571366, 0, 1.49999998e+15, 0, 0, 2e+18, 7.71920179e+16
1.0109375, 0, 0, 1.5e+15, 0, 2.35903007e-21, 3.718e+18, 6.44e+20, 4.85, 4, 120.665014, 60.731483, 1.28078819, 377069.505, 0, 2.92397406e+09, 1.15330457e+16, 879.285102, -118.854661, -122.870713, 1.5e+15, 6.14623013e+20, -332489.699, 177853.027, 303.134661, 60.731483, 102.406685, 1.28078819, 1.28078819, 1.5e+15, 879.272691, 0.0128412813, 0.166384828, 1017.77649, -0.00939799576, -775.710545, -982.416823, 0.00875077179, 413.995977, 265.919218, 0, 1.21784387e-08, 1.21784387e-08, 331384664, 345527125, 13304077.9, 0.27, 3.332, 838383.466, -775.719943, 414.004727, 0, 1.49999998e+15, 0, 0, 2e+18, 7.79467526e+16
1.02982103, 0, 0, 1.5e+15, 0, 2.33127353e-21, 3.718e+18, 6.44e+20, 4.85, 4, 120.337751, 61.8402716, 1.28078819, 370308.162, 0, 2.93399999e+09, 1.15432202e+16, 864.95785, -118.527232, -122.543515, 1.5e+15, 6.16716998e+20, -326663.762, 174407.126, 303.095298, 61.8402716, 104.61601, 1.28078819, 1.28078819, 1.5e+15, 864.94543, 0.0128311907, 0.164332015, 1008.94845, -0.00943009301, -762.664625, -976.200251, 0.00870094788, 408.011136, 254.251939, 0, 1.21761933e-08, 1.21761933e-08, 320341666, 334553739, 13372999.7, 0.27, 3.332, 839073.81, -762.674055, 408.019836, 0, 1.49999998e+15, 0, 0, 2e+18, 7.82017007e+16
1.0770313, 0, 0, 1.5e+15, 0, 2.26081567e-21, 3.718e+18, 6.44e+20, 4.85, 4, 119.529565, 64.7419396, 1.28078819, 353348.479, 0, 2.96108399e+09, 1.15960704e+16, 829.951298, -117.718614, -121.735555, 1.5e+15, 6.22413908e+20, -312005.956, 165852.514, 302.995867, 64.7419396, 109.963427, 1.28078819, 1.28078819, 1.5e+15, 829.938854, 0.0128078377, 0.159184987, 987.393485, -0.00951625332, -730.62755, -961.18072, 0.00857212547, 393.67575, 225.966191, 0, 1.21705214e-08, 1.21705214e-08, 293086804, 307498143, 13569114, 0.27, 3.332, 842225.406, -730.637066, 393.684322, 0, 1.49999998e+15, 0, 0, 2e+18, 7.87931779e+16
1.0959148, 0, 0, 1.5e+15, 0, 2.23749183e-21, 3.718e+18, 6.44e+20, 4.85, 4, 119.224796, 65.9421114, 1.28078819, 346834.709, 0, 2.97262729e+09, 1.1526555e+16, 810.673757, -117.413677, -121.430666, 1.5e+15, 6.2483548e+20, -306424.71, 162470.733, 302.961483, 65.9421114, 109.963427, 1.28078819, 1.28078819, 1.5e+15, 810.661315, 0.0127848338, 0.157247342, 975.601867, -0.00955304685, -713.437069, -951.742354, 0.00849580407, 384.940473, 213.479604, 0, 1.21685604e-08, 1.21685604e-08, 281248890, 295618277, 13529919.8, 0.27, 3.332, 839467.131, -713.446622, 384.948969, 0, 1.49999998e+15, 0, 0, 2e+18, 7.89893886e+16
1.143125, 0, 0, 1.5e+15, 0, 2.17826203e-21, 3.718e+18, 6.44e+20, 4.85, 4, 118.472426, 69.0902676, 1.28078819, 330499.356, 0, 3.00459279e+09, 1.13834861e+16, 763.049843, -116.66086, -120.678063, 1.5e+15, 6.3158244e+20, -292383.273, 154082.464, 302.874562, 69.0902676, 109.963427, 1.28078819, 1.28078819, 1.5e+15, 763.0374, 0.0127330182, 0.152383645, 946.4068, -0.00965399682, -670.869951, -928.552682, 0.00830238761, 363.535464, 182.909217, 0, 1.2163603e-08, 1.2163603e-08, 251991517, 266282319, 13456566.9, 0.27, 3.332, 834235.075, -670.879605, 363.543766, 0, 1.49999998e+15, 0, 0, 2e+18, 7.94344034e+16
1.16200853, 0, 0, 1.5e+15, 0, 2.15860535e-21, 3.718e+18, 6.44e+20, 4.85, 4, 118.189862, 70.3800549, 1.28078819, 324238.752, 0, 3.01447674e+09, 1.12571032e+16, 741.309893, -116.378151, -120.39524, 1.5e+15, 6.33661157e+20, -287065.585, 150738.244, 302.844587, 70.3800549, 111.328716, 1.28078819, 1.28078819, 1.5e+15, 741.297476, 0.012685411, 0.150586296, 933.802012, -0.0096843567, -651.814715, -917.955675, 0.00819220806, 353.068442, 169.894146, 0, 1.21618938e-08, 1.21618938e-08, 240434604, 254599572, 13337217.7, 0.27, 3.332, 827750.271, -651.824399, 353.076634, 0, 1.49999998e+15, 0, 0, 2e+18, 7.95780819e+16
1.2092188, 0, 0, 1.5e+15, 0, 2.10866648e-21, 3.718e+18, 6.44e+20, 4.85, 4, 117.492547, 73.7695533, 1.28078819, 308537.74, 0, 3.04276565e+09, 1.09758142e+16, 687.215781, -115.680447, -119.697346, 1.5e+15, 6.39660372e+20, -273685.88, 142446.729, 302.76875, 73.7695533, 114.536277, 1.28078819, 1.28078819, 1.5e+15, 687.203421, 0.0125733528, 0.146070491, 902.252818, -0.00977019242, -604.340292, -891.663794, 0.00791403098, 327.13848, 137.744545, 0, 1.21575693e-08, 1.21575693e-08, 211815325, 225690185, 13061217.3, 0.27, 3.332, 813642.91, -604.350062, 327.146394, 0, 1.49999998e+15, 0, 0, 2e+18, 7.98917168e+16
1.2281023, 0, 0, 1.5e+15, 0, 2.09205578e-21, 3.718e+18, 6.44e+20, 4.85, 4, 117.231984, 75.1463083, 1.28078819, 302532.755, 0, 3.04867831e+09, 1.080237e+16, 664.386683, -115.419783, -119.436396, 1.5e+15, 6.40910881e+20, -268636.505, 139131.516, 302.742662, 75.1463083, 114.536277, 1.28078819, 1.28078819, 1.5e+15, 664.374377, 0.0125004667, 0.144423578, 889.771629, -0.00978483696, -584.487214, -880.714274, 0.00777774968, 315.85328, 124.458067, 0, 1.21560819e-08, 1.21560819e-08, 201046036, 214726989, 12875824.3, 0.27, 3.332, 805128.772, -584.496999, 315.861057, 0, 1.49999998e+15, 0, 0, 2e+18, 7.99920882e+16
1.2753125, 0, 0, 1.5e+15, 0, 2.04983849e-21, 3.718e+18, 6.44e+20, 4.85, 4, 116.589218, 78.7671064, 1.28078819, 287468.503, 0, 3.06591041e+09, 1.04105622e+16, 607.376636, -114.776742, -118.792737, 1.5e+15, 6.44602876e+20, -255928.504, 130912.862, 302.676608, 78.7671064, 114.536277, 1.28078819, 1.28078819, 1.5e+15, 607.36446, 0.0123222525, 0.140282546, 858.342078, -0.00982599108, -534.905717, -853.451577, 0.00743552908, 287.690152, 91.3690316, 0, 1.21523157e-08, 1.21523157e-08, 174361219, 187580987, 12433667.7, 0.27, 3.332, 786101.194, -534.915543, 287.697588, 0, 1.49999998e+15, 0, 0, 2e+18, 8.01965976e+16
1.29419603, 0, 0, 1.5e+15, 0, 2.03577389e-21, 3.718e+18, 6.44e+20, 4.85, 4, 116.350476, 80.2199586, 1.28078819, 281723.569, 0, 3.07294796e+09, 1.02071401e+16, 584.856239, -114.537896, -118.553505, 1.5e+15, 6.46093389e+20, -251147.325, 127629.589, 302.653945, 80.2199586, 115.124239, 1.28078819, 1.28078819, 1.5e+15, 584.844125, 0.0122432178, 0.138786449, 847.024919, -0.00984117238, -515.47348, -843.068065, 0.00728101742, 276.263471, 77.9605163, 0, 1.21510237e-08, 1.21510237e-08, 164772084, 177752196, 12205138.8, 0.27, 3.332, 774973.348, -515.48332, 276.270752, 0, 1.49999998e+15, 0, 0, 2e+18, 8.02612418e+16
1.3414063, 0, 0, 1.5e+15, 0, 2.00001437e-21, 3.718e+18, 6.44e+20, 4.85, 4, 115.761801, 84.0344173, 1.28078819, 267305.269, 0, 3.09406025e+09, 9.74588754e+15, 528.415574, -113.948931, -117.963686, 1.5e+15, 6.50618047e+20, -239110.219, 119489.74, 302.596523, 84.0344173, 116.473149, 1.28078819, 1.28078819, 1.5e+15, 528.40361, 0.0120530828, 0.135022224, 818.310134, -0.00988456352, -466.806448, -817.094481, 0.00689721307, 247.588968, 44.3314476, 0, 1.21477501e-08, 1.21477501e-08, 140988155, 153390337, 11652476.4, 0.27, 3.332, 749705.545, -466.816332, 247.595865, 0, 1.49999998e+15, 0, 0, 2e+18, 8.03759892e+16
1.3602898, 0, 0, 1.5e+15, 0, 1.98808247e-21, 3.718e+18, 6.44e+20, 4.85, 4, 115.544641, 85.5441168, 1.28078819, 261818.172, 0, 3.09807184e+09, 9.50687057e+15, 506.31315, -113.7317, -117.745901, 1.5e+15, 6.51477587e+20, -234590.239, 116237.643, 302.576863, 85.5441168, 116.473149, 1.28078819, 1.28078819, 1.5e+15, 506.301269, 0.0119561284, 0.133673101, 807.895687, -0.00988513072, -447.707879, -806.895634, 0.00672241749, 236.409831, 30.7914952, 0, 1.21466295e-08, 1.21466295e-08, 132524428, 144640170, 11377835.8, 0.27, 3.332, 737905.442, -447.717764, 236.416553, 0, 1.49999998e+15, 0, 0, 2e+18, 8.04152028e+16
1.4075, 0, 0, 1.5e+15, 0, 1.95773711e-21, 3.718e+18, 6.44e+20, 4.85, 4, 115.00948, 89.4836034, 1.28078819, 248039.436, 0, 3.11304265e+09, 8.96794717e+15, 450.87117, -113.196316, -117.209272, 1.5e+15, 6.54717711e+20, -223206.832, 108174.06, 302.527022, 89.4836034, 116.473149, 1.28078819, 1.28078819, 1.5e+15, 450.85949, 0.0117239212, 0.130276584, 781.427946, -0.00989199931, -399.891623, -781.407208, 0.00629271103, 208.22908, -3.37200502, 0, 1.21437883e-08, 1.21437883e-08, 111553244, 122974057, 10709824.5, 0.27, 3.332, 710987.981, -399.901515, 208.235372, 0, 1.49999998e+15, 0, 0, 2e+18, 8.04652386e+16
1.42638353, 0, 0, 1.5e+15, 0, 1.9476e-21, 3.718e+18, 6.44e+20, 4.85, 4, 114.813727, 91.0113027, 1.28078819, 242808.94, 0, 3.11021278e+09, 8.71654671e+15, 430.377961, -113.000554, -117.012797, 1.5e+15, 6.54156409e+20, -218940.899, 104951.541, 302.509994, 91.0113027, 116.651517, 1.28078819, 1.28078819, 1.5e+15, 430.3664, 0.0115954257, 0.129066778, 772.859544, -0.00986421774, -382.281544, -772.217091, 0.00609081958, 197.645377, -16.9314377, 0, 1.21428178e-08, 1.21428178e-08, 104413374, 115529705, 10418808.2, 0.27, 3.332, 697522.107, -382.291408, 197.651467, 0, 1.49999998e+15, 0, 0, 2e+18, 8.04832962e+16
1.4735938, 0, 0, 1.5e+15, 0, 1.92181129e-21, 3.718e+18, 6.44e+20, 4.85, 4, 114.331643, 94.9439132, 1.28078819, 229666.153, 0, 3.11133114e+09, 8.1506778e+15, 378.766437, -112.518378, -116.529011, 1.5e+15, 6.54476979e+20, -208194.311, 96958.8354, 302.466798, 94.9439132, 117.054266, 1.28078819, 1.28078819, 1.5e+15, 378.755163, 0.011287717, 0.126019388, 750.887258, -0.00980364901, -338.038273, -749.117591, 0.00559470581, 170.833789, -51.3464867, 0, 1.21403557e-08, 1.21403557e-08, 86698565.5, 97070131.9, 9704983.3, 0.27, 3.332, 666583.101, -338.048076, 170.839383, 0, 1.49999998e+15, 0, 0, 2e+18, 8.04803073e+16
1.4924773, 0, 0, 1.5e+15, 0, 1.91318304e-21, 3.718e+18, 6.44e+20, 4.85, 4, 114.157087, 96.4365272, 1.28078819, 224687.469, 0, 3.08934772e+09, 7.89159635e+15, 360.14731, -112.343977, -116.353628, 1.5e+15, 6.49988864e+20, -204166.246, 93771.3365, 302.45206, 96.4365272, 117.054266, 1.28078819, 1.28078819, 1.5e+15, 360.136223, 0.0110978611, 0.124936618, 743.995527, -0.00970474053, -322.009144, -740.712765, 0.00537928394, 161.230194, -64.6031597, 0, 1.21395157e-08, 1.21395157e-08, 80792881, 90850961.8, 9405344.48, 0.27, 3.332, 652736.342, -322.018848, 161.235573, 0, 1.49999998e+15, 0, 0, 2e+18, 8.04821881e+16
1.5396875, 0, 0, 1.5e+15, 0, 1.89122501e-21, 3.718e+18, 6.44e+20, 4.85, 4, 113.727591, 100.18616, 1.28078819, 212168.011, 0, 3.04325345e+09, 7.31215717e+15, 313.130932, -111.914802, -115.922187, 1.5e+15, 6.40278527e+20, -194016.213, 85862.3023, 302.41465, 100.18616, 117.054266, 1.28078819, 1.28078819, 1.5e+15, 313.120309, 0.01062569, 0.122208479, 726.266598, -0.00945484664, -281.675625, -719.552596, 0.00484882316, 136.755397, -98.4535016, 0, 1.21373836e-08, 1.21373836e-08, 66136099.8, 75423839.7, 8667070.82, 0.27, 3.332, 620669.124, -281.685079, 136.760246, 0, 1.49999998e+15, 0, 0, 2e+18, 8.04381373e+16
1.55857103, 0, 0, 1.5e+15, 0, 1.88387571e-21, 3.718e+18, 6.44e+20, 4.85, 4, 113.573976, 101.567628, 1.28078819, 207444.5, 0, 3.01932336e+09, 7.06587511e+15, 297.041158, -111.761368, -115.767693, 1.5e+15, 6.35408591e+20, -190214.035, 82722.6761, 302.401914, 101.567628, 117.092565, 1.28078819, 1.28078819, 1.5e+15, 297.03073, 0.0104292997, 0.12123836, 721.314184, -0.00933746834, -267.840012, -712.25332, 0.00464100725, 128.353, -111.101429, 0, 1.21366578e-08, 1.21366578e-08, 61451599.9, 70440938.2, 8383356.05, 0.27, 3.332, 605982.272, -267.849348, 128.357641, 0, 1.49999998e+15, 0, 0, 2e+18, 8.04250415e+16
1.6057813, 0, 0, 1.5e+15, 0, 1.86516371e-21, 3.718e+18, 6.44e+20, 4.85, 4, 113.196445, 104.90666, 1.28078819, 195558.338, 0, 2.97183211e+09, 6.51652069e+15, 256.226949, -111.384186, -115.388089, 1.5e+15, 6.25382847e+20, -180632.027, 74930.2374, 302.369563, 104.90666, 117.177805, 1.28078819, 1.28078819, 1.5e+15, 256.21701, 0.00993935554, 0.118794099, 708.481306, -0.00904090605, -232.891412, -693.775281, 0.00412950435, 106.807652, -143.56763, 0, 1.2134814e-08, 1.2134814e-08, 49805884.5, 58057635.4, 7680126.85, 0.27, 3.332, 571624.002, -232.900452, 106.811781, 0, 1.49999998e+15, 0, 0, 2e+18, 8.03440438e+16
1.6246648, 0, 0, 1.5e+15, 0, 1.85890171e-21, 3.718e+18, 6.44e+20, 4.85, 4, 113.063394, 106.100568, 1.28078819, 191093.288, 0, 2.94541414e+09, 6.271942e+15, 242.137581, -111.251347, -115.254054, 1.5e+15, 6.20030519e+20, -177043.663, 71848.4077, 302.358574, 106.100568, 117.177805, 1.28078819, 1.28078819, 1.5e+15, 242.127846, 0.00973569752, 0.117923199, 704.542837, -0.00890081442, -220.646962, -686.776853, 0.00394002355, 99.6418384, -155.391919, 0, 1.21341878e-08, 1.21341878e-08, 46074948.9, 54033376.7, 7401164.41, 0.27, 3.332, 557263.459, -220.655863, 99.645778, 0, 1.49999998e+15, 0, 0, 2e+18, 8.03195958e+16
1.671875, 0, 0, 1.5e+15, 0, 1.84295024e-21, 3.718e+18, 6.44e+20, 4.85, 4, 112.736915, 108.837311, 1.28078819, 179850.238, 0, 2.89378317e+09, 5.73197547e+15, 206.349202, -110.925275, -114.92526, 1.5e+15, 6.09095815e+20, -168000.418, 64198.5003, 302.330642, 108.837311, 117.177805, 1.28078819, 1.28078819, 1.5e+15, 206.339982, 0.00922154277, 0.115729488, 694.445594, -0.00854226821, -189.710403, -669.100396, 0.00347367651, 81.1514524, -185.884772, 0, 1.21325961e-08, 1.21325961e-08, 36811052.6, 44042872.1, 6708382.46, 0.27, 3.332, 523437.004, -189.718945, 81.1549261, 0, 1.49999998e+15, 0, 0, 2e+18, 8.02094962e+16
1.69075853, 0, 0, 1.5e+15, 0, 1.83761879e-21, 3.718e+18, 6.44e+20, 4.85, 4, 112.624037, 109.78513, 1.28078819, 175654.49, 0, 2.88086179e+09, 5.51071177e+15, 194.705882, -110.812496, -114.811368, 1.5e+15, 6.06489515e+20, -164620.708, 61183.526, 302.321185, 109.78513, 117.183155, 1.28078819, 1.28078819, 1.5e+15, 194.696832, 0.00905218563, 0.114945639, 691.632485, -0.00842693258, -179.561288, -662.730607, 0.00329964868, 75.1816302, -196.652581, 0, 1.21320572e-08, 1.21320572e-08, 33981432.5, 40949110.4, 6458679.86, 0.27, 3.332, 508998.099, -179.569715, 75.1849299, 0, 1.49999998e+15, 0, 0, 2e+18, 8.01723633e+16
1.7379688, 0, 0, 1.5e+15, 0, 1.82402889e-21, 3.718e+18, 6.44e+20, 4.85, 4, 112.347628, 111.822954, 1.28078819, 165083.975, 0, 2.86682687e+09, 5.02311963e+15, 164.966826, -110.536167, -114.532573, 1.5e+15, 6.03580237e+20, -156104.963, 53698.5978, 302.297126, 111.822954, 117.194808, 1.28078819, 1.28078819, 1.5e+15, 164.958201, 0.00862868337, 0.112972218, 684.443522, -0.00813780335, -153.786736, -646.559124, 0.0028688196, 59.6695983, -224.54633, 0, 1.21306862e-08, 1.21306862e-08, 26942148.7, 33251051.7, 5834268.16, 0.27, 3.332, 474634.929, -153.794874, 59.6724672, 0, 1.49999998e+15, 0, 0, 2e+18, 8.00310911e+16
1.7568523, 0, 0, 1.5e+15, 0, 1.81948887e-21, 3.718e+18, 6.44e+20, 4.85, 4, 112.254436, 112.516766, 1.28078819, 161165.09, 0, 2.84745578e+09, 4.81472465e+15, 155.221542, -110.443136, -114.438287, 1.5e+15, 5.99695936e+20, -152921.893, 50765.2428, 302.288998, 112.516766, 117.194808, 1.28078819, 1.28078819, 1.5e+15, 155.213109, 0.00843785538, 0.112264065, 681.876518, -0.00799044409, -145.162996, -640.192592, 0.0027044018, 54.8534622, -233.962885, 0, 1.21302231e-08, 1.21302231e-08, 24786090.7, 30849133.6, 5602324.22, 0.27, 3.332, 460718.666, -145.170987, 54.8561666, 0, 1.49999998e+15, 0, 0, 2e+18, 7.99808717e+16
1.8040625, 0, 0, 1.5e+15, 0, 1.80790667e-21, 3.718e+18, 6.44e+20, 4.85, 4, 112.026911, 113.910724, 1.28078819, 151286.612, 0, 2.8177279e+09, 4.35975604e+15, 130.274078, -110.215844, -114.2082, 1.5e+15, 5.93415523e+20, -144902.253, 43481.8993, 302.268299, 113.910724, 117.194808, 1.28078819, 1.28078819, 1.5e+15, 130.266129, 0.00795468412, 0.110482777, 675.46848, -0.00761749376, -123.229464, -624.056215, 0.0022913971, 42.2321172, -258.476921, 0, 1.21290436e-08, 1.21290436e-08, 19428773, 24876758.9, 5020669.06, 0.27, 3.332, 427316.767, -123.237081, 42.2344087, 0, 1.49999998e+15, 0, 0, 2e+18, 7.98058768e+16
1.82294603, 0, 0, 1.5e+15, 0, 1.8040446e-21, 3.718e+18, 6.44e+20, 4.85, 4, 111.952809, 114.380161, 1.28078819, 147660.798, 0, 2.80455303e+09, 4.17405638e+15, 122.429717, -110.141851, -114.132972, 1.5e+15, 5.90794341e+20, -141911.483, 40648.8136, 302.261329, 114.380161, 117.195195, 1.28078819, 1.28078819, 1.5e+15, 122.421942, 0.00778081732, 0.109841462, 672.969276, -0.00747855577, -116.199409, -617.784205, 0.0021389193, 38.4239311, -266.37906, 0, 1.21286465e-08, 1.21286465e-08, 17842686.1, 23073245, 4816676.7, 0.27, 3.332, 413882.168, -116.206888, 38.42607, 0, 1.49999998e+15, 0, 0, 2e+18, 7.97418427e+16
1.8701563, 0, 0, 1.5e+15, 0, 1.7941815e-21, 3.718e+18, 6.44e+20, 4.85, 4, 111.772678, 115.262927, 1.28078819, 138518.775, 0, 2.79045014e+09, 3.77064474e+15, 102.260414, -109.961816, -113.950214, 1.5e+15, 5.87861236e+20, -134377.435, 33615.1685, 302.243558, 115.262927, 117.196006, 1.28078819, 1.28078819, 1.5e+15, 102.253079, 0.00734086933, 0.108230123, 666.80446, -0.00712921286, -98.2417547, -601.857941, 0.00174998468, 28.3575864, -287.045314, 0, 1.21276339e-08, 1.21276339e-08, 13901072.1, 18584844.3, 4302415.99, 0.27, 3.332, 381356.162, -98.2488839, 28.3593364, 0, 1.49999998e+15, 0, 0, 2e+18, 7.9533563e+16
1.8890398, 0, 0, 1.5e+15, 0, 1.7908996e-21, 3.718e+18, 6.44e+20, 4.85, 4, 111.716938, 115.561866, 1.28078819, 135199.896, 0, 2.77246064e+09, 3.58114811e+15, 95.4862609, -109.906233, -113.893138, 1.5e+15, 5.84304339e+20, -131574.636, 30893.1334, 302.237595, 115.561866, 117.196006, 1.28078819, 1.28078819, 1.5e+15, 95.4791064, 0.00716027347, 0.107649883, 663.606528, -0.00697593976, -92.0069945, -595.065311, 0.00160256091, 25.4015845, -293.375858, 0, 1.21272942e-08, 1.21272942e-08, 12678852.4, 17145653.2, 4098580.44, 0.27, 3.332, 368220.308, -92.0139705, 25.4031871, 0, 1.49999998e+15, 0, 0, 2e+18, 7.94552995e+16
1.93625, 0, 0, 1.5e+15, 0, 1.7825086e-21, 3.718e+18, 6.44e+20, 4.85, 4, 111.582394, 116.090764, 1.28078819, 126833.253, 0, 2.74614116e+09, 3.17730094e+15, 78.0883674, -109.771909, -113.755496, 1.5e+15, 5.78732426e+20, -124515.103, 24137.0019, 302.222371, 116.090764, 117.196006, 1.28078819, 1.28078819, 1.5e+15, 78.0816697, 0.00670390662, 0.106193937, 655.800768, -0.00659198816, -76.0921737, -577.888752, 0.0012198188, 17.5129204, -310.031, 0, 1.21264268e-08, 1.21264268e-08, 9659015.49, 13578250.8, 3582967.01, 0.27, 3.332, 336268.278, -76.0987656, 17.5141401, 0, 1.49999998e+15, 0, 0, 2e+18, 7.92114657e+16
1.95513353, 0, 0, 1.5e+15, 0, 1.77972671e-21, 3.718e+18, 6.44e+20, 4.85, 4, 111.544273, 116.271877, 1.28078819, 123840.325, 0, 2.7018843e+09, 3.02115399e+15, 73.0135326, -109.734201, -113.716069, 1.5e+15, 5.70099538e+20, -121901.356, 21538.8629, 302.217287, 116.271877, 117.196014, 1.28078819, 1.28078819, 1.5e+15, 73.0070596, 0.00647843919, 0.105668996, 652.355274, -0.0063845663, -71.3507471, -571.359307, 0.00108554976, 15.3074601, -314.62618, 0, 1.21261371e-08, 1.21261371e-08, 8819446.07, 12561928.9, 3418372.19, 0.27, 3.332, 324110.568, -71.3571317, 15.3085456, 0, 1.49999998e+15, 0, 0, 2e+18, 7.91149772e+16
2.0023438, 0, 0, 1.5e+15, 0, 1.77260479e-21, 3.718e+18, 6.44e+20, 4.85, 4, 111.453445, 116.574599, 1.28078819, 116305.284, 0, 2.60862138e+09, 2.68755756e+15, 59.8609157, -109.644262, -113.62221, 1.5e+15, 5.49953986e+20, -115321.975, 15091.5935, 302.204289, 116.574599, 117.19603, 1.28078819, 1.28078819, 1.5e+15, 59.8550154, 0.0059034298, 0.104354045, 643.893055, -0.00585793599, -59.11986, -554.777281, 0.000731481553, 9.35218071, -326.833317, 0, 1.21253965e-08, 1.21253965e-08, 6738850.4, 10029939.3, 2996941.25, 0.27, 3.332, 294147.672, -59.125718, 9.35291219, 0, 1.49999998e+15, 0, 0, 2e+18, 7.88288824e+16
2.0212273, 0, 0, 1.5e+15, 0, 1.77024705e-21, 3.718e+18, 6.44e+20, 4.85, 4, 111.432054, 116.681523, 1.28078819, 113644.637, 0, 2.58342941e+09, 2.54456466e+15, 55.8266608, -109.623116, -113.5994, 1.5e+15, 5.45045191e+20, -112887.412, 12638.6341, 302.199958, 116.681523, 117.19603, 1.28078819, 1.28078819, 1.5e+15, 55.8209243, 0.00573921476, 0.103877503, 639.657927, -0.0057037585, -55.2424177, -548.203734, 0.000615795132, 7.82647772, -329.492591, 0, 1.21251498e-08, 1.21251498e-08, 6135924.68, 9268138.68, 2849402.23, 0.27, 3.332, 282811.744, -55.2481215, 7.82709351, 0, 1.49999998e+15, 0, 0, 2e+18, 7.87069129e+16
2.0684375, 0, 0, 1.5e+15, 0, 1.76420214e-21, 3.718e+18, 6.44e+20, 4.85, 4, 111.382747, 116.851033, 1.28078819, 106964.012, 0, 2.53526329e+09, 2.24310177e+15, 45.3626376, -109.574277, -113.546822, 1.5e+15, 5.34711991e+20, -106763.054, 6551.84799, 302.188868, 116.851033, 117.19603, 1.28078819, 1.28078819, 1.5e+15, 45.3573162, 0.00532279098, 0.102686419, 629.211009, -0.00531395194, -45.2110395, -531.540465, 0.00030653185, 3.6391741, -336.704793, 0, 1.2124518e-08, 1.2124518e-08, 4649197.92, 7373393.94, 2469398.85, 0.27, 3.332, 254797.16, -45.2163534, 3.63948063, 0, 1.49999998e+15, 0, 0, 2e+18, 7.83577495e+16
2.08732103, 0, 0, 1.5e+15, 0, 1.76220559e-21, 3.718e+18, 6.44e+20, 4.85, 4, 111.377052, 116.912797, 1.28078819, 104638.757, 0, 2.50286008e+09, 2.13191149e+15, 42.4918528, -109.568909, -113.539808, 1.5e+15, 5.28449e+20, -104501.799, 4268.63987, 302.185186, 116.912797, 117.19603, 1.28078819, 1.28078819, 1.5e+15, 42.4866906, 0.0051633286, 0.102252141, 624.521224, -0.0051571369, -42.3827756, -525.454614, 0.000205675078, 2.65049532, -337.486427, 0, 1.21243082e-08, 1.21243082e-08, 4252247.38, 6853977.84, 2356400.12, 0.27, 3.332, 245330.337, -42.3879327, 2.65070099, 0, 1.49999998e+15, 0, 0, 2e+18, 7.82085738e+16
2.1345313, 0, 0, 1.5e+15, 0, 1.7570785e-21, 3.718e+18, 6.44e+20, 4.85, 4, 111.366686, 117.005732, 1.28078819, 98830.3936, 0, 2.4358945e+09, 1.89808927e+15, 35.0081353, -109.559231, -113.526428, 1.5e+15, 5.13990743e+20, -98819.7237, -1395.19236, 302.17574, 117.005732, 117.19603, 1.28078819, 1.28078819, 1.5e+15, 35.0033756, 0.00475995286, 0.101169339, 612.861754, -0.00475944512, -35.0028387, -510.021189, -6.72129285e-05, -0.117370115, -339.81775, 0, 1.212377e-08, 1.212377e-08, 3273715.39, 5559617.14, 2063584.99, 0.27, 3.332, 222316.764, -35.0075982, -0.117437329, 0, 1.49999998e+15, 0, 0, 2e+18, 7.7794383e+16
2.1534148, 0, 0, 1.5e+15, 0, 1.75538702e-21, 3.718e+18, 6.44e+20, 4.85, 4, 111.375479, 117.041039, 1.28078819, 96831.8615, 0, 2.42442295e+09, 1.7865408e+15, 32.5794449, -109.568141, -113.533648, 1.5e+15, 5.11796053e+20, -96724.433, -3491.99629, 302.172609, 117.041039, 117.19603, 1.28078819, 1.28078819, 1.5e+15, 32.5747873, 0.00465768212, 0.100771824, 607.585862, -0.00465328023, -32.5525714, -504.243379, -0.000155023608, -0.709856886, -338.957613, 0, 1.21235916e-08, 1.21235916e-08, 2974774.94, 5141676.65, 1953432.71, 0.27, 3.332, 213468.999, -32.5572247, -0.71001191, 0, 1.49999998e+15, 0, 0, 2e+18, 7.76122153e+16
2.200625, 0, 0, 1.5e+15, 0, 1.75103663e-21, 3.718e+18, 6.44e+20, 4.85, 4, 111.401049, 117.091469, 1.28078819, 91881.7477, 0, 2.40815565e+09, 1.55975571e+15, 26.2953241, -109.59387, -113.555692, 1.5e+15, 5.08404905e+20, -91467.3021, -8691.15341, 302.164563, 117.091469, 117.19603, 1.28078819, 1.28078819, 1.5e+15, 26.2909212, 0.00440292944, 0.0997831119, 594.458533, -0.00438502864, -26.1768826, -489.675946, -0.000395614474, -2.43501235, -337.040197, 0, 1.21231333e-08, 1.21231333e-08, 2246957.43, 4107940.11, 1667727.82, 0.27, 3.332, 193254.863, -26.1812676, -2.43540796, 0, 1.49999998e+15, 0, 0, 2e+18, 7.7114428e+16
2.21950853, 0, 0, 1.5e+15, 0, 1.7496035e-21, 3.718e+18, 6.44e+20, 4.85, 4, 111.423072, 117.11144, 1.28078819, 90194.1903, 0, 2.39458072e+09, 1.48338e+15, 24.7130676, -109.616036, -113.576412, 1.5e+15, 5.05820956e+20, -89533.794, -10590.1824, 302.161902, 117.11144, 117.19603, 1.28078819, 1.28078819, 1.5e+15, 24.7087563, 0.00431132564, 0.099416547, 589.268641, -0.00428382276, -24.5458941, -484.865176, -0.000472706907, -2.75985948, -334.878025, 0, 1.21229817e-08, 1.21229817e-08, 2063438.57, 3843702.77, 1593088.3, 0.27, 3.332, 187175.904, -24.5501779, -2.76033219, 0, 1.49999998e+15, 0, 0, 2e+18, 7.68986553e+16
2.2667188, 0, 0, 1.5e+15, 0, 1.74591237e-21, 3.718e+18, 6.44e+20, 4.85, 4, 111.481434, 117.138447, 1.28078819, 86071.0525, 0, 2.37228617e+09, 1.33338895e+15, 20.6330882, -109.674628, -113.632006, 1.5e+15, 5.0112482e+20, -84695.5762, -15296.4625, 302.155055, 117.138447, 117.196029, 1.28078819, 1.28078819, 1.5e+15, 20.6290032, 0.00408558328, 0.0985068399, 576.317451, -0.00402727595, -20.2720771, -472.73804, -0.000686681563, -3.80731995, -329.632882, 0, 1.21225915e-08, 1.21225915e-08, 1616058.98, 3195251.52, 1402669.54, 0.27, 3.332, 176523.007, -20.2761043, -3.80800664, 0, 1.49999998e+15, 0, 0, 2e+18, 7.63160893e+16
2.2856023, 0, 0, 1.5e+15, 0, 1.74469103e-21, 3.718e+18, 6.44e+20, 4.85, 4, 111.515334, 117.149759, 1.28078819, 84662.4704, 0, 2.36572916e+09, 1.25833225e+15, 19.2842889, -109.708596, -113.664401, 1.5e+15, 4.99916028e+20, -82913.1295, -16989.9888, 302.152781, 117.149759, 117.196029, 1.28078819, 1.28078819, 1.5e+15, 19.2802715, 0.0040181524, 0.0981651214, 571.14368, -0.00394575102, -18.8681497, -468.588061, -0.000753724427, -3.94444428, -326.537332, 0, 1.2122462e-08, 1.2122462e-08, 1474291.88, 2977358.76, 1330815.84, 0.27, 3.332, 172251.036, -18.8720954, -3.945198, 0, 1.49999998e+15, 0, 0, 2e+18, 7.6058759e+16
2.3328125, 0, 0, 1.5e+15, 0, 1.7415418e-21, 3.718e+18, 6.44e+20, 4.85, 4, 111.603127, 117.164229, 1.28078819, 81286.4994, 0, 2.36074523e+09, 1.12829702e+15, 15.9413485, -109.796432, -113.749362, 1.5e+15, 4.99020673e+20, -78467.6399, -21185.3833, 302.146924, 117.164229, 117.196029, 1.28078819, 1.28078819, 1.5e+15, 15.9374959, 0.00385693739, 0.0973186345, 558.265846, -0.00373967558, -15.2528861, -458.144337, -0.000942547307, -4.59936239, -319.000573, 0, 1.21221283e-08, 1.21221283e-08, 1136264.34, 2462843.12, 1156599.69, 0.27, 3.332, 169979.096, -15.2566258, -4.60030494, 0, 1.49999998e+15, 0, 0, 2e+18, 7.53650303e+16
2.35169603, 0, 0, 1.5e+15, 0, 1.74049239e-21, 3.718e+18, 6.44e+20, 4.85, 4, 111.64754, 117.170633, 1.28078819, 80120.3038, 0, 2.35988691e+09, 1.06372649e+15, 14.8833482, -109.840851, -113.792243, 1.5e+15, 4.98927939e+20, -76826.3856, -22677.1979, 302.144966, 117.170633, 117.196023, 1.28078819, 1.28078819, 1.5e+15, 14.8795453, 0.0038083093, 0.0969976325, 553.393679, -0.00367336091, -14.1342355, -454.711793, -0.00100222533, -4.6445579, -315.388992, 0, 1.21220167e-08, 1.21220167e-08, 1031765.13, 2296150.29, 1095865.91, 0.27, 3.332, 168519.252, -14.1379089, -4.64556012, 0, 1.49999998e+15, 0, 0, 2e+18, 7.50722572e+16
2.3989063, 0, 0, 1.5e+15, 0, 1.73778479e-21, 3.718e+18, 6.44e+20, 4.85, 4, 111.761367, 117.17836, 1.28078819, 77397.8629, 0, 2.3689613e+09, 9.85202712e+14, 12.5818624, -109.954568, -113.90408, 1.5e+15, 5.01128265e+20, -72751.5514, -26370.9515, 302.139918, 117.17836, 117.196006, 1.28078819, 1.28078819, 1.5e+15, 12.5781909, 0.00369761718, 0.0962033952, 541.376058, -0.00350609642, -11.3681219, -446.013199, -0.00117311819, -5.34188003, -306.848465, 0, 1.21217291e-08, 1.21217291e-08, 799058.554, 1946959.36, 972754.96, 0.27, 3.332, 175145.843, -11.371628, -5.34305315, 0, 1.49999998e+15, 0, 0, 2e+18, 7.42837382e+16
2.4177898, 0, 0, 1.5e+15, 0, 1.73688096e-21, 3.718e+18, 6.44e+20, 4.85, 4, 111.814992, 117.182006, 1.28078819, 76397.7057, 0, 2.38445744e+09, 9.39373021e+14, 11.9433495, -110.00802, -113.956467, 1.5e+15, 5.0423958e+20, -71163.1502, -27759.8713, 302.138228, 117.182006, 117.196006, 1.28078819, 1.28078819, 1.5e+15, 11.9397136, 0.00368302123, 0.0958175024, 536.542838, -0.00346778606, -10.5098129, -443.201332, -0.00123906144, -5.64043814, -302.359013, 0, 1.21216329e-08, 1.21216329e-08, 732768.987, 1838879.06, 929927.847, 0.27, 3.332, 176182.232, -10.5132807, -5.6416772, 0, 1.49999998e+15, 0, 0, 2e+18, 7.39325603e+16
2.465, 0, 0, 1.5e+15, 0, 1.73454933e-21, 3.718e+18, 6.44e+20, 4.85, 4, 111.951625, 117.18615, 1.28078819, 74149.9382, 0, 2.43552809e+09, 9.49768626e+14, 11.8198037, -110.144092, -114.093392, 1.5e+15, 5.1565349e+20, -67246.9117, -31193.6976, 302.133873, 117.18615, 117.196006, 1.28078819, 1.28078819, 1.5e+15, 11.8163464, 0.00366431436, 0.0948612275, 525.094692, -0.00337275195, -8.65279, -435.979478, -0.00143067742, -7.98412319, -292.639369, 0, 1.21213848e-08, 1.21213848e-08, 647475.914, 1734178.82, 901464.898, 0.27, 3.332, 185238.014, -8.65616275, -7.98555387, 0, 1.49999998e+15, 0, 0, 2e+18, 7.29924163e+16
2.49075838, 0, 0, 1.5e+15, 0, 1.73354641e-21, 3.718e+18, 6.44e+20, 4.85, 4, 112.037244, 117.188713, 1.28078819, 73133.6996, 0, 2.46254757e+09, 1.01211614e+15, 12.1586942, -110.22942, -114.180668, 1.5e+15, 5.21057609e+20, -65494.933, -32518.0458, 302.131994, 117.188713, 117.195992, 1.28078819, 1.28078819, 1.5e+15, 12.1552854, 0.00365214081, 0.0944678558, 521.050872, -0.00333241135, -8.56940146, -433.828782, -0.00149356713, -8.62067986, -288.521042, 0, 1.21212778e-08, 1.21212778e-08, 645092.742, 1774509.79, 934521.17, 0.27, 3.332, 194895.884, -8.57273387, -8.62217344, 0, 1.49999998e+15, 0, 0, 2e+18, 7.25089687e+16
2.5551563, 0, 0, 1.5e+15, 0, 1.73095963e-21, 3.718e+18, 6.44e+20, 4.85, 4, 112.254405, 117.191422, 1.28078819, 70944.2266, 0, 2.54629744e+09, 1.33008511e+15, 15.9047459, -110.445701, -114.404948, 1.5e+15, 5.39728407e+20, -61224.9895, -35786.5534, 302.127153, 117.191422, 117.195953, 1.28078819, 1.28078819, 1.5e+15, 15.9014878, 0.00364343344, 0.0934909166, 511.685255, -0.00323233821, -9.10561105, -427.636968, -0.00167930373, -12.9741279, -280.939334, 0, 1.21210019e-08, 1.21210019e-08, 775138.687, 2225067.73, 1220325.91, 0.27, 3.332, 229603.126, -9.10884339, -12.9758072, 0, 1.49999998e+15, 0, 0, 2e+18, 7.12339454e+16
2.58091465, 0, 0, 1.5e+15, 0, 1.73013256e-21, 3.718e+18, 6.44e+20, 4.85, 4, 112.351439, 117.192637, 1.28078819, 70100.4344, 0, 2.58394752e+09, 1.45254057e+15, 16.8219324, -110.54235, -114.504277, 1.5e+15, 5.47219311e+20, -59590.1337, -36911.9086, 302.125601, 117.192637, 117.195922, 1.28078819, 1.28078819, 1.5e+15, 16.8187381, 0.00365402716, 0.093025956, 508.066205, -0.00320785196, -9.02640893, -425.771375, -0.00174933791, -14.188937, -277.098017, 0, 1.21209135e-08, 1.21209135e-08, 802896.678, 2319687.32, 1278571.49, 0.27, 3.332, 238219.151, -9.02961678, -14.1906863, 0, 1.49999998e+15, 0, 0, 2e+18, 7.07247215e+16
2.6453125, 0, 0, 1.5e+15, 0, 1.72799752e-21, 3.718e+18, 6.44e+20, 4.85, 4, 112.596773, 117.193825, 1.28078819, 68389.8777, 0, 2.69549393e+09, 1.97219126e+15, 24.0918835, -110.786577, -114.757579, 1.5e+15, 5.72029453e+20, -55655.1462, -39686.1681, 302.121597, 117.193825, 117.195837, 1.28078819, 1.28078819, 1.5e+15, 24.0887539, 0.00370989131, 0.0918681969, 500.278973, -0.003148733, -10.1022094, -419.719658, -0.00195961974, -21.8415522, -272.133989, 0, 1.21206854e-08, 1.21206854e-08, 1120522.95, 3148803.89, 1755375.54, 0.27, 3.332, 272905.391, -10.1053581, -21.8435118, 0, 1.49999998e+15, 0, 0, 2e+18, 6.94164945e+16
2.67107088, 0, 0, 1.5e+15, 0, 1.72730418e-21, 3.718e+18, 6.44e+20, 4.85, 4, 112.70269, 117.194409, 1.28078819, 67702.0903, 0, 2.74064508e+09, 2.21947998e+15, 26.0458829, -110.892058, -114.866573, 1.5e+15, 5.80970578e+20, -54210.9333, -40555.0083, 302.120294, 117.194409, 117.195788, 1.28078819, 1.28078819, 1.5e+15, 26.0427817, 0.00373323868, 0.0914106246, 497.498357, -0.00313390008, -10.3245803, -417.99563, -0.00202867812, -23.9067052, -269.618401, 0, 1.21206112e-08, 1.21206112e-08, 1207417.81, 3365786.01, 1876230.12, 0.27, 3.332, 282138.075, -10.3277141, -23.9087339, 0, 1.49999998e+15, 0, 0, 2e+18, 6.89193946e+16
2.7354688, 0, 0, 1.5e+15, 0, 1.72551319e-21, 3.718e+18, 6.44e+20, 4.85, 4, 112.969894, 117.194939, 1.28078819, 66386.7778, 0, 2.87097141e+09, 3.0200207e+15, 37.3963957, -111.158046, -115.141799, 1.5e+15, 6.09952458e+20, -50787.5729, -42691.9089, 302.116931, 117.194939, 117.195662, 1.28078819, 1.28078819, 1.5e+15, 37.3932297, 0.00382454691, 0.0902680013, 492.261939, -0.00309923658, -12.6057198, -411.742347, -0.00223850811, -35.1984178, -269.548459, 0, 1.21204196e-08, 1.21204196e-08, 1758659.48, 4713153.99, 2628264.81, 0.27, 3.332, 326229.698, -12.608819, -35.2006563, 0, 1.49999998e+15, 0, 0, 2e+18, 6.76858824e+16
2.76122715, 0, 0, 1.5e+15, 0, 1.72492656e-21, 3.718e+18, 6.44e+20, 4.85, 4, 113.082602, 117.195227, 1.28078819, 65806.615, 0, 2.92127865e+09, 3.41616602e+15, 40.5327196, -111.2703, -115.257717, 1.5e+15, 6.19866965e+20, -49511.7898, -43347.7045, 302.115827, 117.195227, 117.195602, 1.28078819, 1.28078819, 1.5e+15, 40.5295371, 0.00385563643, 0.089814951, 490.207751, -0.00308994657, -13.1828129, -409.951721, -0.00230610377, -38.3235544, -268.539971, 0, 1.21203567e-08, 1.21203567e-08, 1912929.73, 5079949.57, 2827612.19, 0.27, 3.332, 339407.655, -13.1859028, -38.3258605, 0, 1.49999998e+15, 0, 0, 2e+18, 6.72234536e+16
2.825625, 0, 0, 1.5e+15, 0, 1.72341042e-21, 3.718e+18, 6.44e+20, 4.85, 4, 113.366492, 117.195292, 1.28078819, 64749.5779, 0, 3.06384273e+09, 4.50351392e+15, 55.7497628, -111.552944, -115.548804, 1.5e+15, 6.51590677e+20, -46539.6162, -44956.2321, 302.112976, 117.195471, 117.195447, 1.28078819, 1.28078819, 1.5e+15, 55.7464457, 0.0039684447, 0.0886801048, 487.289534, -0.00306918653, -16.6199247, -403.168245, -0.00251303152, -53.2107948, -273.213926, 0, 1.21201943e-08, 1.21201943e-08, 2691014.53, 6940558.69, 3855961.98, 0.27, 3.332, 393582.167, -16.6229939, -53.2133079, 0, 1.49999998e+15, 0, 0, 2e+18, 6.61154413e+16
2.85138338, 0, 0, 1.5e+15, 0, 1.72290762e-21, 3.718e+18, 6.44e+20, 4.85, 4, 113.48424, 117.195385, 1.28078819, 64238.871, 0, 3.11827547e+09, 5.05381907e+15, 60.0526808, -111.670231, -115.669555, 1.5e+15, 6.62268902e+20, -45412.5944, -45430.5611, 302.112029, 117.195616, 117.195385, 1.28078819, 1.28078819, 1.5e+15, 60.049319, 0.00400442842, 0.0882290656, 485.849118, -0.0030637731, -17.6173537, -401.228953, -0.00257837186, -57.4057731, -273.627164, 0, 1.21201404e-08, 1.21201404e-08, 2912156.66, 7469920.25, 4144648.21, 0.27, 3.332, 413115.383, -17.6204174, -57.4083514, 0, 1.49999998e+15, 0, 0, 2e+18, 6.56981503e+16
2.9157813, 0, 0, 1.5e+15, 0, 1.72160809e-21, 3.718e+18, 6.44e+20, 4.85, 4, 113.780465, 117.195226, 1.28078819, 63333.1143, 0, 3.26991011e+09, 6.40815184e+15, 78.3540556, -111.965215, -115.971965, 1.5e+15, 6.96035227e+20, -42836.4818, -46589.3514, 302.109582, 117.195732, 117.195226, 1.28078819, 1.28078819, 1.5e+15, 78.3505269, 0.00413022883, 0.0870961727, 484.928625, -0.00305272917, -22.1470265, -393.923993, -0.00277921965, -75.1552678, -282.041278, 0, 1.2120001e-08, 1.2120001e-08, 3875368.99, 9772248.05, 5423310.25, 0.27, 3.332, 473568.801, -22.1500792, -75.158047, 0, 1.49999997e+15, 0, 0, 2e+18, 6.47321127e+16
2.94153965, 0, 0, 1.5e+15, 0, 1.72117257e-21, 3.718e+18, 6.44e+20, 4.85, 4, 113.901733, 117.195171, 1.28078819, 62861.758, 0, 3.3272797e+09, 7.07695253e+15, 83.6112523, -112.086029, -116.095818, 1.5e+15, 7.07242147e+20, -41838.4334, -46907.7433, 302.108761, 117.195808, 117.195171, 1.28078819, 1.28078819, 1.5e+15, 83.607672, 0.0041684072, 0.0866454854, 483.929741, -0.00304950592, -23.4214144, -391.727194, -0.00284148983, -80.2590047, -283.655029, 0, 1.21199542e-08, 1.21199542e-08, 4149151.9, 10431247.6, 5786585.39, 0.27, 3.332, 495510.34, -23.4244639, -80.2618462, 0, 1.49999997e+15, 0, 0, 2e+18, 6.43614212e+16
3.0059375, 0, 0, 1.5e+15, 0, 1.72004615e-21, 3.718e+18, 6.44e+20, 4.85, 4, 114.206535, 117.195031, 1.28078819, 62024.6782, 0, 3.48462391e+09, 8.61793585e+15, 103.749453, -112.389625, -116.405751, 1.5e+15, 7.42309056e+20, -39601.0452, -47680.365, 302.106638, 117.195867, 117.195031, 1.28078819, 1.28078819, 1.5e+15, 103.7457, 0.00429911007, 0.0855112115, 484.478822, -0.00304385745, -28.5207535, -383.869074, -0.00303309462, -99.7481913, -294.514949, 0, 1.21198333e-08, 1.21198333e-08, 5218360, 13000498.6, 7231181.46, 0.27, 3.332, 550957.161, -28.5237974, -99.7512241, 0, 1.49999997e+15, 0, 0, 2e+18, 6.35294582e+16
3.03169588, 0, 0, 1.5e+15, 0, 1.71966285e-21, 3.718e+18, 6.44e+20, 4.85, 4, 114.330029, 117.194991, 1.28078819, 61573.0506, 0, 3.54417923e+09, 9.37815315e+15, 109.723125, -112.512676, -116.531446, 1.5e+15, 7.53899876e+20, -38716.5169, -47865.0774, 302.105915, 117.195907, 117.194991, 1.28078819, 1.28078819, 1.5e+15, 109.71932, 0.0043376721, 0.0850601776, 483.854296, -0.00304210477, -30.0352893, -381.443289, -0.00309146073, -105.527406, -297.05148, 0, 1.21197921e-08, 1.21197921e-08, 5529269.43, 13762458, 7659841.6, 0.27, 3.332, 573346.97, -30.0383314, -105.530497, 0, 1.49999997e+15, 0, 0, 2e+18, 6.3203673e+16
3.0960938, 0, 0, 1.5e+15, 0, 1.71867132e-21, 3.718e+18, 6.44e+20, 4.85, 4, 114.640197, 117.194889, 1.28078819, 60751.8979, 0, 3.70498215e+09, 1.1041473e+16, 130.550561, -112.821685, -116.845867, 1.5e+15, 7.89763823e+20, -36771.9211, -48306.4177, 302.104045, 117.195937, 117.194889, 1.28078819, 1.28078819, 1.5e+15, 130.546589, 0.00446752017, 0.0839236598, 485.479722, -0.00304005112, -35.4728624, -373.268408, -0.00327069781, -125.634338, -309.117198, 0, 1.21196855e-08, 1.21196855e-08, 6628555.67, 16457129.1, 9209232.78, 0.27, 3.332, 619340.666, -35.4759025, -125.637609, 0, 1.49999997e+15, 0, 0, 2e+18, 6.24937258e+16
3.12185215, 0, 0, 1.5e+15, 0, 1.71833058e-21, 3.718e+18, 6.44e+20, 4.85, 4, 114.7648, 117.194867, 1.28078819, 60305.6817, 0, 3.76596501e+09, 1.18586135e+16, 136.930482, -112.945861, -116.972329, 1.5e+15, 8.01595659e+20, -35987.4567, -48375.0752, 302.103402, 117.195959, 117.194867, 1.28078819, 1.28078819, 1.5e+15, 136.926459, 0.00450482309, 0.0834718985, 485.13659, -0.00303911589, -37.1432992, -370.657471, -0.00332434346, -131.791712, -312.239093, 0, 1.21196489e-08, 1.21196489e-08, 6955548.27, 17282284.4, 9686682.32, 0.27, 3.332, 640053.811, -37.1463384, -131.795036, 0, 1.49999997e+15, 0, 0, 2e+18, 6.22081704e+16
3.18625, 0, 0, 1.5e+15, 0, 1.71744835e-21, 3.718e+18, 6.44e+20, 4.85, 4, 115.077569, 117.194814, 1.28078819, 59463.5609, 0, 3.92811434e+09, 1.35758635e+16, 157.352499, -113.25753, -117.288622, 1.5e+15, 8.37783361e+20, -34294.962, -48528.7834, 302.101737, 117.195975, 117.194814, 1.28078819, 1.28078819, 1.5e+15, 157.348319, 0.00462860165, 0.0823331065, 487.313946, -0.00303896002, -42.6349491, -362.376444, -0.00348825514, -151.461486, -324.353307, 0, 1.2119554e-08, 1.2119554e-08, 8009206.19, 19959716.9, 11276553.6, 0.27, 3.332, 673957.155, -42.6379881, -151.464974, 0, 1.49999997e+15, 0, 0, 2e+18, 6.16022448e+16
3.21200838, 0, 0, 1.5e+15, 0, 1.71714047e-21, 3.718e+18, 6.44e+20, 4.85, 4, 115.202304, 117.194812, 1.28078819, 59013.1506, 0, 3.98993534e+09, 1.44207459e+16, 163.826221, -113.381857, -117.414928, 1.5e+15, 8.4974751e+20, -33599.8412, -48495.6875, 302.101155, 117.195987, 117.194812, 1.28078819, 1.28078819, 1.5e+15, 163.821994, 0.00466342214, 0.0818805071, 487.149544, -0.00303863177, -44.4061594, -359.649062, -0.00353638421, -157.688328, -327.71711, 0, 1.21195209e-08, 1.21195209e-08, 8331195.1, 20810432.7, 11787285.1, 0.27, 3.332, 691952.484, -44.409198, -157.691864, 0, 1.49999997e+15, 0, 0, 2e+18, 6.13532706e+16
3.2764063, 0, 0, 1.5e+15, 0, 1.71634326e-21, 3.718e+18, 6.44e+20, 4.85, 4, 115.515248, 117.194808, 1.28078819, 58126.6851, 0, 4.15182022e+09, 1.61374436e+16, 182.963154, -113.693763, -117.730802, 1.5e+15, 8.85893096e+20, -32126.6397, -48397.2062, 302.099649, 117.195996, 117.194808, 1.28078819, 1.28078819, 1.5e+15, 182.958784, 0.0047771845, 0.0807399992, 489.338247, -0.00303986231, -49.7885298, -351.472135, -0.00368225038, -176.053374, -338.929063, 0, 1.21194351e-08, 1.21194351e-08, 9278047.04, 23360670.1, 13368686, 0.27, 3.332, 713937.098, -49.7915698, -176.057057, 0, 1.49999997e+15, 0, 0, 2e+18, 6.08382512e+16
3.30216465, 0, 0, 1.5e+15, 0, 1.71606284e-21, 3.718e+18, 6.44e+20, 4.85, 4, 115.639257, 117.194823, 1.28078819, 57665.0534, 0, 4.21369364e+09, 1.69825383e+16, 189.232878, -113.817386, -117.85614, 1.5e+15, 8.97843761e+20, -31510.2447, -48274.5729, 302.099119, 117.196003, 117.194823, 1.28078819, 1.28078819, 1.5e+15, 189.228466, 0.00480820069, 0.0802866447, 489.220975, -0.00303967346, -51.583567, -348.681453, -0.00372407018, -182.061706, -342.223995, 0, 1.21194049e-08, 1.21194049e-08, 9574989.48, 24198839.9, 13895484.7, 0.27, 3.332, 728365.773, -51.5866068, -182.06543, 0, 1.49999997e+15, 0, 0, 2e+18, 6.06209267e+16
3.3665625, 0, 0, 1.5e+15, 0, 1.71533617e-21, 3.718e+18, 6.44e+20, 4.85, 4, 115.950256, 117.194863, 1.28078819, 56718.7496, 0, 4.37335423e+09, 1.86532938e+16, 206.41128, -114.127414, -118.169583, 1.5e+15, 9.33506402e+20, -30224.8238, -47954.2886, 302.097746, 117.196008, 117.194863, 1.28078819, 1.28078819, 1.5e+15, 206.406744, 0.00490795462, 0.0791453175, 490.885711, -0.00304105103, -56.6830109, -340.732573, -0.00384936821, -198.470422, -351.830083, 0, 1.21193267e-08, 1.21193267e-08, 10368454.7, 26534867.4, 15427202.6, 0.27, 3.332, 739210.171, -56.686052, -198.474272, 0, 1.49999996e+15, 0, 0, 2e+18, 6.01813468e+16
3.39232088, 0, 0, 1.5e+15, 0, 1.71507676e-21, 3.718e+18, 6.44e+20, 4.85, 4, 116.07278, 117.194891, 1.28078819, 56241.6267, 0, 4.43444305e+09, 1.9478894e+16, 212.238867, -114.249576, -118.293235, 1.5e+15, 9.45287479e+20, -29678.243, -47752.5221, 302.097255, 117.196013, 117.194891, 1.28078819, 1.28078819, 1.5e+15, 212.234295, 0.00493399741, 0.0786914624, 490.690423, -0.00304069852, -58.4563894, -337.938004, -0.00388404012, -204.025037, -354.801178, 0, 1.21192987e-08, 1.21192987e-08, 10625017.2, 27331698.8, 15956708.8, 0.27, 3.332, 749972.832, -58.4594301, -204.02892, 0, 1.49999996e+15, 0, 0, 2e+18, 5.99923108e+16
3.4567188, 0, 0, 1.5e+15, 0, 1.71440472e-21, 3.718e+18, 6.44e+20, 4.85, 4, 116.379951, 117.194965, 1.28078819, 55227.3948, 0, 4.58983224e+09, 2.10734135e+16, 227.03229, -114.555848, -118.602456, 1.5e+15, 9.80005738e+20, -28554.7959, -47236.1313, 302.095984, 117.196016, 117.194965, 1.28078819, 1.28078819, 1.5e+15, 227.027616, 0.0050163204, 0.0775504603, 491.41039, -0.00304144718, -63.1969618, -330.332438, -0.00398627776, -218.053626, -362.334526, 0, 1.21192264e-08, 1.21192264e-08, 11237719.5, 29402393.3, 17413135.5, 0.27, 3.332, 751538.203, -63.2000032, -218.057613, 0, 1.49999996e+15, 0, 0, 2e+18, 5.96179331e+16
3.48247715, 0, 0, 1.5e+15, 0, 1.71416371e-21, 3.718e+18, 6.44e+20, 4.85, 4, 116.500323, 117.195003, 1.28078819, 54732.0814, 0, 4.64916859e+09, 2.18650401e+16, 232.229402, -114.675884, -118.723788, 1.5e+15, 9.9143594e+20, -28069.8165, -46964.1142, 302.095528, 117.196018, 117.195003, 1.28078819, 1.28078819, 1.5e+15, 232.224699, 0.00503620009, 0.0770963926, 491.012134, -0.00304050048, -64.908062, -327.58129, -0.00401295976, -222.969175, -364.779619, 0, 1.21192004e-08, 1.21192004e-08, 11442690.2, 30135583.5, 17934096.2, 0.27, 3.332, 758797.1, -64.9111025, -222.973189, 0, 1.49999996e+15, 0, 0, 2e+18, 5.94532098e+16
3.546875, 0, 0, 1.5e+15, 0, 1.71353905e-21, 3.718e+18, 6.44e+20, 4.85, 4, 116.802011, 117.1951, 1.28078819, 53646.0858, 0, 4.79798595e+09, 2.33638873e+16, 244.385353, -114.976751, -119.027204, 1.5e+15, 1.02469422e+21, -27085.4257, -46273.5862, 302.094347, 117.19602, 117.1951, 1.28078819, 1.28078819, 1.5e+15, 244.38057, 0.00509776515, 0.0759567923, 490.456006, -0.00303947986, -69.2354194, -320.384007, -0.00408976557, -234.36726, -369.952984, 0, 1.2119133e-08, 1.2119133e-08, 11861423.2, 31913069, 19298669, 0.27, 3.332, 752976.803, -69.2384589, -234.37135, 0, 1.49999996e+15, 0, 0, 2e+18, 5.9132986e+16
3.57263338, 0, 0, 1.5e+15, 0, 1.71331219e-21, 3.718e+18, 6.44e+20, 4.85, 4, 116.919631, 117.195142, 1.28078819, 53131.3622, 0, 4.85456502e+09, 2.41112924e+16, 248.81917, -115.094065, -119.145644, 1.5e+15, 1.03558429e+21, -26655.281, -45938.8088, 302.093917, 117.196022, 117.195142, 1.28078819, 1.28078819, 1.5e+15, 248.814367, 0.00511048154, 0.0755028079, 489.747423, -0.00303766208, -70.8582494, -317.716477, -0.00410765375, -238.511378, -371.725343, 0, 1.21191085e-08, 1.21191085e-08, 12008226.2, 32567617.9, 19802243, 0.27, 3.332, 757148.706, -70.861287, -238.515486, 0, 1.49999996e+15, 0, 0, 2e+18, 5.89899402e+16
3.6370313, 0, 0, 1.5e+15, 0, 1.71272468e-21, 3.718e+18, 6.44e+20, 4.85, 4, 117.214351, 117.19525, 1.28078819, 51973.3789, 0, 4.99446164e+09, 2.55023766e+16, 258.236512, -115.388042, -119.441825, 1.5e+15, 1.06685564e+21, -25791.6382, -45092.6866, 302.092805, 117.196023, 117.19525, 1.28078819, 1.28078819, 1.5e+15, 258.231655, 0.00514860358, 0.074365567, 487.701061, -0.00303416972, -74.7607496, -310.975604, -0.004156888, -247.172243, -374.400768, 0, 1.21190452e-08, 1.21190452e-08, 12232570.1, 34044232.9, 21065746, 0.27, 3.332, 745916.79, -74.7637837, -247.176399, 0, 1.49999996e+15, 0, 0, 2e+18, 5.87167349e+16
3.66278965, 0, 0, 1.5e+15, 0, 1.71251111e-21, 3.718e+18, 6.44e+20, 4.85, 4, 117.328687, 117.195292, 1.28078819, 51438.8891, 0, 5.04711756e+09, 2.6199724e+16, 261.823061, -115.502104, -119.556864, 1.5e+15, 1.07698502e+21, -25409.7121, -44701.9098, 302.0924, 117.196025, 117.195292, 1.28078819, 1.28078819, 1.5e+15, 261.818193, 0.00515315245, 0.0739119498, 486.595283, -0.00303100833, -76.2733223, -308.416616, -0.00416525832, -250.461628, -375.40618, 0, 1.21190221e-08, 1.21190221e-08, 12318619.9, 34611606.2, 21545549.5, 0.27, 3.332, 747436.8, -76.2763533, -250.465794, 0, 1.49999996e+15, 0, 0, 2e+18, 5.85921598e+16
3.7271875, 0, 0, 1.5e+15, 0, 1.71195796e-21, 3.718e+18, 6.44e+20, 4.85, 4, 117.615118, 117.1954, 1.28078819, 50210.8318, 0, 5.17538658e+09, 2.74787808e+16, 268.510238, -115.787881, -119.844537, 1.5e+15, 1.10566526e+21, -24649.7222, -43716.9534, 302.091352, 117.196025, 117.1954, 1.28078819, 1.28078819, 1.5e+15, 268.505344, 0.00516527368, 0.0727778764, 482.937396, -0.00302380377, -79.7445736, -302.138136, -0.00418510383, -256.389629, -375.564302, 0, 1.21189625e-08, 1.21189625e-08, 12357326.9, 35794458, 22704787.9, 0.27, 3.332, 732343.111, -79.7475974, -256.393814, 0, 1.49999996e+15, 0, 0, 2e+18, 5.83578225e+16
3.75294588, 0, 0, 1.5e+15, 0, 1.71175477e-21, 3.718e+18, 6.44e+20, 4.85, 4, 117.725692, 117.195439, 1.28078819, 49657.021, 0, 5.22283469e+09, 2.81227542e+16, 271.209876, -115.898216, -119.955714, 1.5e+15, 1.1147897e+21, -24310.5608, -43275.8709, 302.090967, 117.196026, 117.195439, 1.28078819, 1.28078819, 1.5e+15, 271.20498, 0.00516080709, 0.0723248922, 481.377796, -0.00301890997, -81.1367847, -299.708879, -0.00418329107, -258.782984, -375.751588, 0, 1.21189406e-08, 1.21189406e-08, 12383621.4, 36271720.6, 23156367.5, 0.27, 3.332, 731731.706, -81.1398036, -258.787167, 0, 1.49999996e+15, 0, 0, 2e+18, 5.82495406e+16
3.8173438, 0, 0, 1.5e+15, 0, 1.7112291e-21, 3.718e+18, 6.44e+20, 4.85, 4, 118.00265, 117.19554, 1.28078819, 48362.3814, 0, 5.33647902e+09, 2.92890076e+16, 275.258075, -116.174612, -120.233731, 1.5e+15, 1.14020985e+21, -23640.5824, -42166.1529, 302.089971, 117.196026, 117.19554, 1.28078819, 1.28078819, 1.5e+15, 275.253184, 0.00514485077, 0.0711946593, 476.080262, -0.00300698487, -84.1966625, -293.899383, -0.00417215147, -262.059122, -373.451451, 0, 1.21188839e-08, 1.21188839e-08, 12252433.7, 37178419, 24211777.6, 0.27, 3.332, 714207.637, -84.1996695, -262.063294, 0, 1.49999996e+15, 0, 0, 2e+18, 5.80487056e+16
3.84310215, 0, 0, 1.5e+15, 0, 1.71103654e-21, 3.718e+18, 6.44e+20, 4.85, 4, 118.109032, 117.195575, 1.28078819, 47790.0895, 0, 5.37726175e+09, 2.98794568e+16, 277.063145, -116.280795, -120.340633, 1.5e+15, 1.1480518e+21, -23339.0389, -41679.7466, 302.089606, 117.196026, 117.195575, 1.28078819, 1.28078819, 1.5e+15, 277.058263, 0.00513054938, 0.0707425267, 474.032875, -0.00299980243, -85.4630173, -291.610744, -0.00415958963, -263.546326, -372.801602, 0, 1.21188631e-08, 1.21188631e-08, 12222489.4, 37567309.8, 24632895, 0.27, 3.332, 711925.396, -85.4660171, -263.550485, 0, 1.49999996e+15, 0, 0, 2e+18, 5.7954371e+16
3.9075, 0, 0, 1.5e+15, 0, 1.71053839e-21, 3.718e+18, 6.44e+20, 4.85, 4, 118.375453, 117.195664, 1.28078819, 46433.0849, 0, 5.4728845e+09, 3.09370842e+16, 278.610697, -116.546755, -120.60796, 1.5e+15, 1.16945491e+21, -22746.6847, -40457.5604, 302.088662, 117.196027, 117.195664, 1.28078819, 1.28078819, 1.5e+15, 278.605849, 0.00508459724, 0.0696166268, 467.12171, -0.0029817067, -88.1329063, -286.253122, -0.00411618375, -264.298299, -368.150468, 0, 1.21188093e-08, 1.21188093e-08, 11941009.7, 38222756.7, 25588743.4, 0.27, 3.332, 693003.572, -88.1358881, -264.302415, 0, 1.49999996e+15, 0, 0, 2e+18, 5.77815414e+16
3.93325838, 0, 0, 1.5e+15, 0, 1.71035448e-21, 3.718e+18, 6.44e+20, 4.85, 4, 118.477255, 117.195694, 1.28078819, 45843.8008, 0, 5.50548051e+09, 3.14742055e+16, 279.539717, -116.648403, -120.710211, 1.5e+15, 1.17572458e+21, -22478.7497, -39930.076, 302.088313, 117.196027, 117.195694, 1.28078819, 1.28078819, 1.5e+15, 279.534889, 0.00505990757, 0.069165513, 464.579626, -0.00297181755, -89.2740055, -284.115083, -0.00409246706, -264.893699, -366.670136, 0, 1.21187894e-08, 1.21187894e-08, 11860346.8, 38527592, 25977730.4, 0.27, 3.332, 689514.76, -89.2769773, -264.897792, 0, 1.49999996e+15, 0, 0, 2e+18, 5.76995607e+16
3.9976563, 0, 0, 1.5e+15, 0, 1.70987939e-21, 3.718e+18, 6.44e+20, 4.85, 4, 118.732174, 117.195767, 1.28078819, 44429.8262, 0, 5.57955556e+09, 3.24271176e+16, 278.759365, -116.902971, -120.965907, 1.5e+15, 1.19232387e+21, -21954.6607, -38605.9229, 302.087413, 117.196027, 117.195767, 1.28078819, 1.28078819, 1.5e+15, 278.754605, 0.00498280008, 0.0680442655, 456.139073, -0.00294648185, -91.588021, -279.201589, -0.0040159979, -263.278523, -359.807064, 0, 1.2118738e-08, 1.2118738e-08, 11450917.4, 38959317.6, 26838270.5, 0.27, 3.332, 670129.685, -91.5909675, -263.282539, 0, 1.49999996e+15, 0, 0, 2e+18, 5.75510987e+16
4.02341465, 0, 0, 1.5e+15, 0, 1.70970508e-21, 3.718e+18, 6.44e+20, 4.85, 4, 118.829045, 117.19579, 1.28078819, 43825.328, 0, 5.60228136e+09, 3.29134094e+16, 278.850141, -116.999736, -121.063166, 1.5e+15, 1.19670137e+21, -21716.368, -38041.2489, 302.087082, 117.196028, 117.19579, 1.28078819, 1.28078819, 1.5e+15, 278.845412, 0.00494727467, 0.0675942816, 453.113227, -0.00293328136, -92.6061953, -277.214838, -0.00398093767, -263.014921, -357.522328, 0, 1.21187192e-08, 1.21187192e-08, 11326328.9, 39187367.6, 27195255.6, 0.27, 3.332, 665783.016, -92.6091286, -263.018901, 0, 1.49999996e+15, 0, 0, 2e+18, 5.74797072e+16
4.0878125, 0, 0, 1.5e+15, 0, 1.70925486e-21, 3.718e+18, 6.44e+20, 4.85, 4, 119.071588, 117.19585, 1.28078819, 42360.2929, 0, 5.65091554e+09, 3.37689779e+16, 275.932776, -117.242053, -121.306379, 1.5e+15, 1.20762793e+21, -21251.5667, -36624.7482, 302.086228, 117.196028, 117.19585, 1.28078819, 1.28078819, 1.5e+15, 275.928146, 0.00483822025, 0.0664778345, 443.255691, -0.00289914481, -94.5924955, -272.717236, -0.00387123722, -259.207357, -348.606074, 0, 1.21186706e-08, 1.21186706e-08, 10812249, 39426107.8, 27967363.6, 0.27, 3.332, 646495.255, -94.5953947, -259.211229, 0, 1.49999995e+15, 0, 0, 2e+18, 5.73517175e+16
4.11357088, 0, 0, 1.5e+15, 0, 1.70908872e-21, 3.718e+18, 6.44e+20, 4.85, 4, 119.163208, 117.195867, 1.28078819, 41742.86, 0, 5.66196669e+09, 3.42063036e+16, 275.236967, -117.333621, -121.398334, 1.5e+15, 1.20977175e+21, -21039.8827, -36026.1632, 302.085913, 117.196029, 117.195867, 1.28078819, 1.28078819, 1.5e+15, 275.232379, 0.00479169585, 0.0660290423, 439.777675, -0.00288212502, -95.4937023, -270.884352, -0.00382486768, -258.129321, -345.555437, 0, 1.21186526e-08, 1.21186526e-08, 10651351.5, 39585300.8, 28292316.6, 0.27, 3.332, 641632.739, -95.4965844, -258.133146, 0, 1.49999995e+15, 0, 0, 2e+18, 5.72896622e+16
4.1779688, 0, 0, 1.5e+15, 0, 1.70866022e-21, 3.718e+18, 6.44e+20, 4.85, 4, 119.392583, 117.195911, 1.28078819, 40233.4737, 0, 5.68099762e+09, 3.49701146e+16, 270.383489, -117.562908, -121.628284, 1.5e+15, 1.21409415e+21, -20627.6821, -34525.4281, 302.085099, 117.196029, 117.195911, 1.28078819, 1.28078819, 1.5e+15, 270.379033, 0.00465068052, 0.0649174051, 428.649696, -0.00283787947, -97.1877758, -266.788171, -0.0036823897, -252.307835, -334.749729, 0, 1.21186063e-08, 1.21186063e-08, 10056179.9, 39660499.5, 28981343, 0.27, 3.332, 622976.531, -97.1906135, -252.311517, 0, 1.49999995e+15, 0, 0, 2e+18, 5.71794167e+16
4.20372715, 0, 0, 1.5e+15, 0, 1.70850365e-21, 3.718e+18, 6.44e+20, 4.85, 4, 119.478661, 117.195924, 1.28078819, 39605.5738, 0, 5.67843395e+09, 3.53620308e+16, 268.96137, -117.648996, -121.714652, 1.5e+15, 1.21363999e+21, -20439.5805, -33895.809, 302.084802, 117.196029, 117.195924, 1.28078819, 1.28078819, 1.5e+15, 268.956967, 0.00459314801, 0.0644698143, 424.761548, -0.00281637041, -97.9782648, -265.104604, -0.00362501974, -250.466826, -330.978635, 0, 1.21185894e-08, 1.21185894e-08, 9866845.25, 39760373.5, 29275701.2, 0.27, 3.332, 617827.019, -97.981081, -250.470451, 0, 1.49999995e+15, 0, 0, 2e+18, 5.71254217e+16
4.268125, 0, 0, 1.5e+15, 0, 1.70809983e-21, 3.718e+18, 6.44e+20, 4.85, 4, 119.694143, 117.195955, 1.28078819, 38058.7921, 0, 5.66344672e+09, 3.60421804e+16, 262.371876, -117.864546, -121.930631, 1.5e+15, 1.21036711e+21, -20073.4496, -32317.9315, 302.084036, 117.196029, 117.195955, 1.28078819, 1.28078819, 1.5e+15, 262.367637, 0.00442064667, 0.063362862, 412.518285, -0.00276029994, -99.4074995, -261.379809, -0.00345098248, -242.806182, -318.443344, 0, 1.21185457e-08, 1.21185457e-08, 9213167.26, 39702295.7, 29889076.4, 0.27, 3.332, 600051.966, -99.41026, -242.809632, 0, 1.49999995e+15, 0, 0, 2e+18, 5.70302507e+16
4.29388338, 0, 0, 1.5e+15, 0, 1.70795179e-21, 3.718e+18, 6.44e+20, 4.85, 4, 119.774409, 117.195964, 1.28078819, 37423.6522, 0, 5.6453176e+09, 3.63908803e+16, 260.291145, -117.944895, -122.011148, 1.5e+15, 1.20695321e+21, -19906.8176, -31659.7659, 302.083755, 117.196029, 117.195964, 1.28078819, 1.28078819, 1.5e+15, 260.28697, 0.00435251092, 0.0629164337, 408.27925, -0.002733795, -100.09593, -259.84569, -0.00338327577, -240.257704, -314.002188, 0, 1.21185297e-08, 1.21185297e-08, 9003416.18, 39751756.5, 30153484.4, 0.27, 3.332, 594855.97, -100.098664, -240.261087, 0, 1.49999995e+15, 0, 0, 2e+18, 5.69834379e+16
4.3582813, 0, 0, 1.5e+15, 0, 1.70757053e-21, 3.718e+18, 6.44e+20, 4.85, 4, 119.975331, 117.195986, 1.28078819, 35847.9287, 0, 5.59196281e+09, 3.6992643e+16, 252.169952, -118.146063, -122.212498, 1.5e+15, 1.1951026e+21, -19582.3731, -30010.9021, 302.083031, 117.196029, 117.195986, 1.28078819, 1.28078819, 1.5e+15, 252.165969, 0.0041501453, 0.0618139195, 395.104902, -0.0026646211, -101.294976, -256.480788, -0.00317988932, -230.926277, -299.892854, 0, 1.21184884e-08, 1.21184884e-08, 8313153.77, 39587540.9, 30696117.2, 0.27, 3.332, 578269.94, -101.297641, -230.929457, 0, 1.49999996e+15, 0, 0, 2e+18, 5.69015205e+16
4.38403965, 0, 0, 1.5e+15, 0, 1.70743271e-21, 3.718e+18, 6.44e+20, 4.85, 4, 120.04954, 117.195992, 1.28078819, 35209.2574, 0, 5.55628918e+09, 3.73017372e+16, 249.503931, -118.220438, -122.286924, 1.5e+15, 1.18836885e+21, -19434.9542, -29326.5135, 302.082769, 117.196029, 117.195992, 1.28078819, 1.28078819, 1.5e+15, 249.500022, 0.00407206196, 0.0613685656, 390.582352, -0.00263248471, -101.888506, -255.089694, -0.00310292459, -227.728378, -294.834635, 0, 1.21184735e-08, 1.21184735e-08, 8090787.18, 39596425, 30932480.8, 0.27, 3.332, 573157.036, -101.891139, -227.731481, 0, 1.49999996e+15, 0, 0, 2e+18, 5.68609602e+16
4.4484375, 0, 0, 1.5e+15, 0, 1.70707768e-21, 3.718e+18, 6.44e+20, 4.85, 4, 120.235291, 117.196005, 1.28078819, 33614.0974, 0, 5.46029198e+09, 3.78325549e+16, 240.055319, -118.406641, -122.473043, 1.5e+15, 1.16696662e+21, -19147.5187, -27612.4092, 302.082095, 117.196029, 117.196005, 1.28078819, 1.28078819, 1.5e+15, 240.05163, 0.0038422208, 0.0602701228, 376.670126, -0.00254860176, -102.880445, -252.057931, -0.00287355358, -216.887901, -279.300284, 0, 1.21184352e-08, 1.21184352e-08, 7384349.91, 39353319.2, 31411146.1, 0.27, 3.332, 557823.123, -102.882994, -216.890774, 0, 1.49999996e+15, 0, 0, 2e+18, 5.67904251e+16
4.47419588, 0, 0, 1.5e+15, 0, 1.70694931e-21, 3.718e+18, 6.44e+20, 4.85, 4, 120.303216, 117.196008, 1.28078819, 32976.6693, 0, 5.4050586e+09, 3.81041049e+16, 236.883288, -118.47483, -122.541154, 1.5e+15, 1.15655637e+21, -19017.8202, -26903.7928, 302.081851, 117.196029, 117.196008, 1.28078819, 1.28078819, 1.5e+15, 236.879681, 0.00375524092, 0.0598257148, 371.94711, -0.0025103227, -103.388106, -250.808656, -0.00278883334, -213.098351, -273.678347, 0, 1.21184213e-08, 1.21184213e-08, 7156924.27, 39330198.3, 31620323.3, 0.27, 3.332, 552950.722, -103.390617, -213.10114, 0, 1.49999996e+15, 0, 0, 2e+18, 5.67554618e+16
4.5385938, 0, 0, 1.5e+15, 0, 1.70661901e-21, 3.718e+18, 6.44e+20, 4.85, 4, 120.473229, 117.196017, 1.28078819, 31373.8803, 0, 5.26221175e+09, 3.85684506e+16, 226.319623, -118.645539, -122.711483, 1.5e+15, 1.12463134e+21, -18764.4373, -25129.3925, 302.081224, 117.196029, 117.196017, 1.28078819, 1.28078819, 1.5e+15, 226.316261, 0.00350140624, 0.0587308831, 357.521296, -0.00241044243, -104.203116, -248.100585, -0.00253800339, -200.899821, -256.858643, 0, 1.21183855e-08, 1.21183855e-08, 6453590.86, 39031675.8, 32039053.8, 0.27, 3.332, 539031.219, -104.205527, -200.90236, 0, 1.49999996e+15, 0, 0, 2e+18, 5.66949832e+16
4.56435215, 0, 0, 1.5e+15, 0, 1.70650197e-21, 3.718e+18, 6.44e+20, 4.85, 4, 120.53466, 117.196019, 1.28078819, 30743.3859, 0, 5.18556834e+09, 3.88056784e+16, 222.726568, -118.707352, -122.773074, 1.5e+15, 1.11023393e+21, -18650.7984, -24398.3451, 302.081001, 117.196029, 117.196019, 1.28078819, 1.28078819, 1.5e+15, 222.723294, 0.00340686083, 0.0582872533, 352.688914, -0.0023654789, -104.631276, -246.986389, -0.00244750193, -196.575191, -250.724701, 0, 1.21183728e-08, 1.21183728e-08, 6228118.32, 38985559, 32222979.9, 0.27, 3.332, 534460.825, -104.633642, -196.577638, 0, 1.49999996e+15, 0, 0, 2e+18, 5.66649526e+16
4.62875, 0, 0, 1.5e+15, 0, 1.70620063e-21, 3.718e+18, 6.44e+20, 4.85, 4, 120.688414, 117.196024, 1.28078819, 29146.9631, 0, 4.99237191e+09, 3.92098407e+16, 211.266525, -118.862094, -122.927099, 1.5e+15, 1.06695576e+21, -18428.1178, -22568.072, 302.080428, 117.196029, 117.196024, 1.28078819, 1.28078819, 1.5e+15, 211.263514, 0.00313336738, 0.0571954849, 337.989936, -0.00224826263, -105.286254, -244.579213, -0.00218103965, -183.158581, -232.747229, 0, 1.21183402e-08, 1.21183402e-08, 5545271.98, 38654689.1, 32587495.7, 0.27, 3.332, 521921.44, -105.288502, -183.160762, 0, 1.49999996e+15, 0, 0, 2e+18, 5.66132303e+16
4.65450838, 0, 0, 1.5e+15, 0, 1.70609433e-21, 3.718e+18, 6.44e+20, 4.85, 4, 120.743157, 117.196025, 1.28078819, 28531.0867, 0, 4.89258217e+09, 3.9414282e+16, 207.34991, -118.917362, -122.981977, 1.5e+15, 1.048304e+21, -18329.6704, -21816.271, 302.080226, 117.196029, 117.196025, 1.28078819, 1.28078819, 1.5e+15, 207.346992, 0.00303298337, 0.0567524275, 333.159591, -0.00219626047, -105.644244, -243.600202, -0.00208724395, -178.354565, -226.153041, 0, 1.21183286e-08, 1.21183286e-08, 5328441.07, 38593068.8, 32746863.6, 0.27, 3.332, 517764.114, -105.64644, -178.356651, 0, 1.49999996e+15, 0, 0, 2e+18, 5.65877002e+16
4.7189063, 0, 0, 1.5e+15, 0, 1.70582093e-21, 3.718e+18, 6.44e+20, 4.85, 4, 120.880166, 117.196027, 1.28078819, 26959.8626, 0, 4.64614971e+09, 3.97614499e+16, 195.244416, -119.055715, -123.119215, 1.5e+15, 9.92953674e+20, -18136.1556, -19934.2831, 302.079706, 117.196029, 117.196027, 1.28078819, 1.28078819, 1.5e+15, 195.241775, 0.00274528035, 0.0556630863, 318.481041, -0.00206085116, -106.168073, -241.491595, -0.00181238832, -163.852637, -207.14033, 0, 1.21182991e-08, 1.21182991e-08, 4682554.6, 38249266.1, 33059997.7, 0.27, 3.332, 506713.767, -106.170134, -163.854449, 0, 1.49999996e+15, 0, 0, 2e+18, 5.65438923e+16
4.74466465, 0, 0, 1.5e+15, 0, 1.70572738e-21, 3.718e+18, 6.44e+20, 4.85, 4, 120.928041, 117.196028, 1.28078819, 26368.2235, 0, 4.52212318e+09, 3.99357135e+16, 191.116868, -119.104294, -123.167204, 1.5e+15, 9.69931333e+20, -18051.74, -19163.4314, 302.079528, 117.196029, 117.196028, 1.28078819, 1.28078819, 1.5e+15, 191.114324, 0.00264109677, 0.0552203571, 313.776393, -0.00200162993, -106.460678, -240.642196, -0.00171832823, -158.624497, -200.13695, 0, 1.21182889e-08, 1.21182889e-08, 4480407.93, 38179895.8, 33196499.7, 0.27, 3.332, 502988.172, -106.462679, -158.626216, 0, 1.49999996e+15, 0, 0, 2e+18, 5.65224004e+16
4.8090625, 0, 0, 1.5e+15, 0, 1.70548648e-21, 3.718e+18, 6.44e+20, 4.85, 4, 121.04786, 117.196029, 1.28078819, 24846.1684, 0, 4.22171622e+09, 4.02308384e+16, 178.652973, -119.225901, -123.287215, 1.5e+15, 9.02236661e+20, -17885.1078, -17233.9452, 302.079071, 117.196029, 117.196029, 1.28078819, 1.28078819, 1.5e+15, 178.650711, 0.00234556382, 0.0541327167, 299.451251, -0.00184765646, -106.864246, -238.814948, -0.00144381968, -143.164622, -180.205611, 0, 1.21182629e-08, 1.21182629e-08, 3886090.47, 37842211, 33462771.9, 0.27, 3.332, 493348.721, -106.866094, -143.166065, 0, 1.49999997e+15, 0, 0, 2e+18, 5.648562e+16
4.83482088, 0, 0, 1.5e+15, 0, 1.7054052e-21, 3.718e+18, 6.44e+20, 4.85, 4, 121.088702, 117.196029, 1.28078819, 24291.5562, 0, 4.07225853e+09, 4.03759633e+16, 174.455246, -119.267682, -123.328151, 1.5e+15, 8.74760283e+20, -17814.2704, -16445.6434, 302.078916, 117.196029, 117.196029, 1.28078819, 1.28078819, 1.5e+15, 174.453082, 0.00223965126, 0.0536900393, 295.019236, -0.00178111819, -107.100076, -238.096058, -0.00135297338, -137.56637, -172.843466, 0, 1.21182541e-08, 1.21182541e-08, 3704252.65, 37771250.2, 33576865, 0.27, 3.332, 490132.675, -107.101857, -137.567722, 0, 1.49999997e+15, 0, 0, 2e+18, 5.64678633e+16
4.8992188, 0, 0, 1.5e+15, 0, 1.70519603e-21, 3.718e+18, 6.44e+20, 4.85, 4, 121.190918, 117.196029, 1.28078819, 22851.1494, 0, 3.71767075e+09, 4.06211514e+16, 161.999108, -119.372268, -123.430525, 1.5e+15, 7.94506524e+20, -17673.8467, -14472.6316, 302.078519, 117.196029, 117.19603, 1.28078819, 1.28078819, 1.5e+15, 161.997227, 0.00194274415, 0.0526032998, 281.457037, -0.00160837141, -107.408937, -236.551516, -0.00108876535, -121.270036, -152.105617, 0, 1.21182314e-08, 1.21182314e-08, 3175153.58, 37455198.8, 33798064.8, 0.27, 3.332, 481980.443, -107.410546, -121.271125, 0, 1.49999997e+15, 0, 0, 2e+18, 5.64375243e+16
4.92497715, 0, 0, 1.5e+15, 0, 1.70512902e-21, 3.718e+18, 6.44e+20, 4.85, 4, 121.224579, 117.196029, 1.28078819, 22349.5643, 0, 3.54265983e+09, 4.07390095e+16, 157.908354, -119.407184, -123.464261, 1.5e+15, 7.6276713e+20, -17615.8733, -13668.5276, 302.078391, 117.196029, 117.19603, 1.28078819, 1.28078819, 1.5e+15, 157.906569, 0.00183727205, 0.052160366, 277.457685, -0.00153485854, -107.590558, -235.959051, -0.00100500837, -115.355054, -144.433849, 0, 1.21182242e-08, 1.21182242e-08, 3018484.35, 37388790.4, 33891035.5, 0.27, 3.332, 479270.537, -107.592093, -115.35606, 0, 1.49999997e+15, 0, 0, 2e+18, 5.64232161e+16
4.989375, 0, 0, 1.5e+15, 0, 1.70495615e-21, 3.718e+18, 6.44e+20, 4.85, 4, 121.308821, 117.196029, 1.28078819, 21032.8925, 0, 3.13768589e+09, 4.09377791e+16, 145.924259, -119.494585, -123.54863, 1.5e+15, 6.70550359e+20, -17500.2993, -11656.0419, 302.078062, 117.196029, 117.19603, 1.28078819, 1.28078819, 1.5e+15, 145.922751, 0.0015456867, 0.0510736534, 265.128182, -0.00134433739, -107.80916, -234.684798, -0.000762133295, -98.3393801, -122.995709, 0, 1.21182054e-08, 1.21182054e-08, 2566246.04, 37109186.7, 34070419.9, 0.27, 3.332, 472520.837, -107.810505, -98.3401426, 0, 1.49999997e+15, 0, 0, 2e+18, 5.63987746e+16
5.01513338, 0, 0, 1.5e+15, 0, 1.70490249e-21, 3.718e+18, 6.44e+20, 4.85, 4, 121.335164, 117.196029, 1.28078819, 20604.8389, 0, 2.93889907e+09, 4.10286642e+16, 142.182004, -119.522631, -123.57503, 1.5e+15, 6.35201606e+20, -17455.3075, -10838.1583, 302.07796, 117.196029, 117.19603, 1.28078819, 1.28078819, 1.5e+15, 142.180592, 0.00144317614, 0.0506301152, 261.744039, -0.00126517926, -107.94607, -234.223269, -0.000689718919, -92.1639821, -115.067571, 0, 1.21181996e-08, 1.21181996e-08, 2439263.3, 37051918.3, 34142263.8, 0.27, 3.332, 470391.227, -107.947335, -92.1646722, 0, 1.49999998e+15, 0, 0, 2e+18, 5.63877862e+16
5.0795313, 0, 0, 1.5e+15, 0, 1.70476417e-21, 3.718e+18, 6.44e+20, 4.85, 4, 121.40109, 117.196029, 1.28078819, 19467.9993, 0, 2.49372376e+09, 4.11816663e+16, 131.320028, -119.592833, -123.641055, 1.5e+15, 5.32926179e+20, -17365.2296, -8791.24119, 302.077697, 117.196029, 117.19603, 1.28078819, 1.28078819, 1.5e+15, 131.318882, 0.00116430933, 0.0495424499, 251.214244, -0.00106043448, -108.103713, -233.231818, -0.000480251568, -74.5535678, -93.0456942, 0, 1.21181846e-08, 1.21181846e-08, 2074951.33, 36820428.8, 34280328.4, 0.27, 3.332, 465149.095, -108.104773, -74.554048, 0, 1.49999998e+15, 0, 0, 2e+18, 5.63690242e+16
5.10528965, 0, 0, 1.5e+15, 0, 1.70472448e-21, 3.718e+18, 6.44e+20, 4.85, 4, 121.420003, 117.196029, 1.28078819, 19136.4593, 0, 2.28189188e+09, 4.12467686e+16, 128.23055, -119.614056, -123.660008, 1.5e+15, 4.96252951e+20, -17332.8102, -7962.01968, 302.077622, 117.196029, 117.19603, 1.28078819, 1.28078819, 1.5e+15, 128.229494, 0.0010694372, 0.0490979248, 248.622175, -0.00098025273, -108.195266, -232.897842, -0.000423379624, -68.176322, -84.9167449, 0, 1.21181803e-08, 1.21181803e-08, 1981206.11, 36776691.1, 34331906.2, 0.27, 3.332, 463578.793, -108.196246, -68.1767453, 0, 1.49999998e+15, 0, 0, 2e+18, 5.63611876e+16
5.1696875, 0, 0, 1.5e+15, 0, 1.70462186e-21, 3.718e+18, 6.44e+20, 4.85, 4, 121.467336, 117.19603, 1.28078819, 18245.567, 0, 1.8274128e+09, 4.13562822e+16, 119.31673, -119.66717, -123.70741, 1.5e+15, 3.90532984e+20, -17267.4382, -5886.74732, 302.077427, 117.19603, 117.19603, 1.28078819, 1.28078819, 1.5e+15, 119.31592, 0.00081574141, 0.0480082386, 240.479522, -0.000773375359, -108.287599, -232.178222, -0.000259199608, -50.1007269, -62.432972, 0, 1.21181692e-08, 1.21181692e-08, 1713392.9, 36603931.8, 34430785.5, 0.27, 3.332, 459753.354, -108.288372, -50.1009862, 0, 1.49999999e+15, 0, 0, 2e+18, 5.63477782e+16
5.19544588, 0, 0, 1.5e+15, 0, 1.70459115e-21, 3.718e+18, 6.44e+20, 4.85, 4, 121.478725, 117.19603, 1.28078819, 18034.2888, 0, 1.63268687e+09, 4.13952838e+16, 117.243416, -119.681493, -123.718824, 1.5e+15, 3.57733021e+20, -17248.0246, -5049.0047, 302.077368, 117.19603, 117.19603, 1.28078819, 1.28078819, 1.5e+15, 117.242682, 0.000737524738, 0.0475623166, 238.845761, -0.000702710512, -108.342285, -231.977208, -0.000219695136, -43.5826835, -54.1622852, 0, 1.21181659e-08, 1.21181659e-08, 1655893.97, 36576373, 34461670.4, 0.27, 3.332, 458808.538, -108.342988, -43.5829033, 0, 1.49999999e+15, 0, 0, 2e+18, 5.63430399e+16
5.2598438, 0, 0, 1.5e+15, 0, 1.70451238e-21, 3.718e+18, 6.44e+20, 4.85, 4, 121.50723, 117.19603, 1.28078819, 17460.7142, 0, 1.23226687e+09, 4.14607892e+16, 111.282841, -119.717322, -123.747371, 1.5e+15, 2.63350506e+20, -17208.6504, -2952.38785, 302.077218, 117.19603, 117.19603, 1.28078819, 1.28078819, 1.5e+15, 111.28231, 0.000531243335, 0.0464694654, 233.671289, -0.000520575942, -108.396424, -231.544375, -0.000105810327, -25.178701, -31.3481136, 0, 1.21181574e-08, 1.21181574e-08, 1492084.46, 36469322.1, 34520721.7, 0.27, 3.332, 456515.92, -108.396945, -25.1788068, 0, 1.49999999e+15, 0, 0, 2e+18, 5.633489e+16
5.28560215, 0, 0, 1.5e+15, 0, 1.70448406e-21, 3.718e+18, 6.44e+20, 4.85, 4, 121.511037, 117.19603, 1.28078819, 17295.1061, 0, 1.14565589e+09, 4.1474135e+16, 110.734841, -119.723025, -123.751186, 1.5e+15, 2.48075041e+20, -17092.2792, -2531.87843, 302.077165, 117.19603, 117.19603, 1.28078819, 1.28078819, 1.5e+15, 110.734344, 0.00049653925, 0.0461709461, 233.23342, -0.000487790252, -108.411288, -231.474316, -9.03553496e-05, -21.8929161, -27.1863836, 0, 1.21181543e-08, 1.21181543e-08, 1472601.83, 36460082.1, 34531307, 0.27, 3.332, 456173.279, -108.411775, -21.8930065, 0, 1.49999999e+15, 0, 0, 2e+18, 5.63332552e+16
5.35, 0, 0, 1.5e+15, 0, 1.70441232e-21, 3.718e+18, 6.44e+20, 4.85, 4, 121.520564, 117.19603, 1.28078819, 16947.4349, 0, 954923775, 4.14965929e+16, 109.151213, -119.737293, -123.760728, 1.5e+15, 2.04080088e+20, -16882.5737, -1479.51444, 302.077028, 117.19603, 117.19603, 1.28078819, 1.28078819, 1.5e+15, 109.150808, 0.000405721623, 0.0454500977, 231.858031, -0.000403119405, -108.417794, -231.320942, -4.58267969e-05, -12.6285637, -15.7178434, 0, 1.21181465e-08, 1.21181465e-08, 1417138.23, 36424051.1, 34551565.2, 0.27, 3.332, 455347.571, -108.418197, -12.6286096, 0, 1.49999999e+15, 0, 0, 2e+18, 5.63304016e+16
