"depth", "composition x", "composition y", "donor conc", "acceptor conc", "ni", "nc", "nv", "eg", "electron affinity", "potential", "e- mobility", "h+ mobility", "electric field", "impact gen rate", "electron conc", "hole conc", "cond. current density", "electron qfl", "hole qfl", "net doping", "recombination rate", "e field x", "e field y", "lattice temperature", "e- mobility x", "e- mobility y", "h+ mobility x", "h+ mobility y", "total doping", "h+ current density", "e- current density", "current flowlines", "total current density", "je- x", "jh+ x", "jtot x", "je- y", "jh+ y", "jtot y", "seu generation rate", "e- srh tno", "h+ srh tno", "joule heat power", "total heat power", "rec heat power", "heat conductivity", "heat capacity", "peltier-thomson heat power", "cond current x", "cond current y", "ionized acceptor concentration", "ionized donor concentration", "e- ionization coefficient", "h+ ionization coefficient", "acceptor trap dos #1", "acceptor trap ionized density #1"
-0.42, 0, 0, 0, 0, 0, 0, 0, 0, 0, 333.766809, 0, 0, 444066.126, 0, 0, 0, 0, 0, 0, 0, 0, -443542.966, -21526.9344, 300, 0, 0, 0, 0, 0, 0, 0, 0.785340578, 190.154432, 0, 0, 189.735516, 0, 0, 12.4459703, 0, 0, 0, 0, 0, 0, 0.014, 3.066, 0, 0, 0, 0, 0, 0, 0, 0, 0
-0.405714286, 0, 0, 0, 0, 0, 0, 0, 0, 0, 333.795301, 0, 0, 445340.931, 0, 0, 0, 0, 0, 0, 0, 0, -444427.188, -27238.9524, 300, 0, 0, 0, 0, 0, 0, 0, 0.788448001, 191.159957, 0, 0, 190.208141, 0, 0, 16.6973789, 0, 0, 0, 0, 0, 0, 0.014, 3.066, 0, 0, 0, 0, 0, 0, 0, 0, 0
-0.37, 0, 0, 0, 0, 0, 0, 0, 0, 0, 333.881719, 0, 0, 450304.586, 0, 0, 0, 0, 0, 0, 0, 0, -448084.593, -44623.3676, 300, 0, 0, 0, 0, 0, 0, 0, 0.796807731, 194.055614, 0, 0, 192.328741, 0, 0, 25.4866613, 0, 0, 0, 0, 0, 0, 0.014, 3.066, 0, 0, 0, 0, 0, 0, 0, 0, 0
-0.355714286, 0, 0, 0, 0, 0, 0, 0, 0, 0, 333.967669, 0, 0, 448344.376, 0, 0, 0, 0, 0, 0, 0, 0, -444438.076, -56171.7899, 300, 0, 0, 0, 0, 0, 0, 0, 0.799374992, 197.672201, 0, 0, 193.727651, 0, 0, 34.5484379, 0, 0, 0, 0, 0, 0, 0.014, 3.066, 0, 0, 0, 0, 0, 0, 0, 0, 0
-0.32, 0, 0, 0, 0, 0, 0, 0, 0, 0, 334.229215, 0, 0, 445920.219, 0, 0, 0, 0, 0, 0, 0, 0, -436398.331, -91598.2041, 300, 0, 0, 0, 0, 0, 0, 0, 0.806188984, 207.440073, 0, 0, 200.235591, 0, 0, 53.482212, 0, 0, 0, 0, 0, 0, 0.014, 3.066, 0, 0, 0, 0, 0, 0, 0, 0, 0
-0.305714286, 0, 0, 0, 0, 0, 0, 0, 0, 0, 334.37404, 0, 0, 442719.656, 0, 0, 0, 0, 0, 0, 0, 0, -430048.402, -103483.255, 300, 0, 0, 0, 0, 0, 0, 0, 0.809015523, 213.784759, 0, 0, 202.479976, 0, 0, 64.147079, 0, 0, 0, 0, 0, 0, 0.014, 3.066, 0, 0, 0, 0, 0, 0, 0, 0, 0
-0.27, 0, 0, 0, 0, 0, 0, 0, 0, 0, 334.817854, 0, 0, 439273.564, 0, 0, 0, 0, 0, 0, 0, 0, -416083.863, -140761.36, 300, 0, 0, 0, 0, 0, 0, 0, 0.816405568, 231.313176, 0, 0, 213.832246, 0, 0, 87.0749312, 0, 0, 0, 0, 0, 0, 0.014, 3.066, 0, 0, 0, 0, 0, 0, 0, 0, 0
-0.255714286, 0, 0, 0, 0, 0, 0, 0, 0, 0, 335.0239, 0, 0, 434917.35, 0, 0, 0, 0, 0, 0, 0, 0, -406525.288, -153144.276, 300, 0, 0, 0, 0, 0, 0, 0, 0.819552892, 240.961908, 0, 0, 216.685657, 0, 0, 100.510326, 0, 0, 0, 0, 0, 0, 0.014, 3.066, 0, 0, 0, 0, 0, 0, 0, 0, 0
-0.22, 0, 0, 0, 0, 0, 0, 0, 0, 0, 335.662833, 0, 0, 431318.018, 0, 0, 0, 0, 0, 0, 0, 0, -385447.864, -193482.113, 300, 0, 0, 0, 0, 0, 0, 0, 0.827617171, 268.634227, 0, 0, 233.70281, 0, 0, 130.797514, 0, 0, 0, 0, 0, 0, 0.014, 3.066, 0, 0, 0, 0, 0, 0, 0, 0, 0
-0.205714286, 0, 0, 0, 0, 0, 0, 0, 0, 0, 335.933231, 0, 0, 427132.727, 0, 0, 0, 0, 0, 0, 0, 0, -370121.516, -210555.312, 300, 0, 0, 0, 0, 0, 0, 0, 0.831039706, 281.491383, 0, 0, 234.204111, 0, 0, 149.393678, 0, 0, 0, 0, 0, 0, 0.014, 3.066, 0, 0, 0, 0, 0, 0, 0, 0, 0
-0.17, 0, 0, 0, 0, 0, 0, 0, 0, 0, 336.787465, 0, 0, 430668.689, 0, 0, 0, 0, 0, 0, 0, 0, -338040.594, -266820.867, 300.000001, 0, 0, 0, 0, 0, 0, 0, 0.839714928, 320.237156, 0, 0, 252.770285, 0, 0, 194.121246, 0, 0, 0, 0, 0, 0, 0.014, 3.066, 0, 0, 0, 0, 0, 0, 0, 0, 0
-0.141428624, 0, 0, 0, 0, 0, 0, 0, 0, 0, 337.580799, 0, 0, 420273.699, 0, 0, 0, 0, 0, 0, 0, 0, -291850.078, -298492.775, 300.000019, 0, 0, 0, 0, 0, 0, 0, 0.84512272, 368.453371, 0, 0, 274.701069, 0, 0, 242.768698, 0, 0, 0, 0, 0, 0, 0.014, 3.066, 0, 0, 0, 0, 0, 0, 0, 0, 0
-0.12, 0, 0, 0, 0, 0, 0, 0, 0, 0, 338.23235, 0, 0, 418080.999, 0, 0, 0, 0, 0, 0, 0, 0, -254667.958, -331527.321, 300.000035, 0, 0, 0, 0, 0, 0, 0, 0.849843013, 412.079664, 0, 0, 296.211789, 0, 0, 286.020608, 0, 0, 0, 0, 0, 0, 0.014, 3.066, 0, 0, 0, 0, 0, 0, 0, 0, 0
-0.0771427527, 0, 0, 0, 0, 0, 0, 0, 0, 0, 339.797735, 0, 0, 429288.065, 0, 0, 0, 0, 0, 0, 0, 0, -164398.286, -394012.836, 300.001639, 0, 0, 0, 0, 0, 0, 0, 0.854450047, 538.398706, 0, 0, 300.955431, 0, 0, 445.296545, 0, 0, 0, 0, 0, 0, 0.014, 3.066, 0, 0, 0, 0, 0, 0, 0, 0, 0
-0.07, 0, 0, 0, 0, 0, 0, 0, 0, 0, 340.037987, 0, 0, 429604.544, 0, 0, 0, 0, 0, 0, 0, 0, -146022.315, -403928.498, 300.001904, 0, 0, 0, 0, 0, 0, 0, 0.855381825, 555.753147, 0, 0, 296.557672, 0, 0, 469.751935, 0, 0, 0, 0, 0, 0, 0.014, 3.066, 0, 0, 0, 0, 0, 0, 0, 0, 0
-0.0557145992, 0, 0, 0, 0, 0, 0, 0, 0, 0, 340.638767, 0, 0, 432688.253, 0, 0, 0, 0, 0, 0, 0, 0, -128178.095, -411632.901, 300.022106, 0, 0, 0, 0, 0, 0, 0, 0.855917386, 574.99317, 0, 0, 262.123582, 0, 0, 504.909842, 0, 0, 0, 0, 0, 0, 0.014, 3.066, 0, 0, 0, 0, 0, 0, 0, 0, 0
-0.02, 0, 0, 0, 0, 0, 0, 0, 0, 0, 342.214551, 0, 0, 437411.821, 0, 0, 0, 0, 0, 0, 0, 0, -37506.7771, -435258.793, 300.073182, 0, 0, 0, 0, 0, 0, 0, 0.857844067, 641.684152, 0, 0, 194.331652, 0, 0, 611.220228, 0, 0, 0, 0, 0, 0, 0.014, 3.066, 0, 0, 0, 0, 0, 0, 0, 0, 0
-0.02, 0, 0, 0, 0, 0, 0, 0, 0, 0, 342.214551, 0, 0, 74371.1258, 0, 0, 0, 0, 0, 0, 0, 0, -20904.3621, -71358.5493, 300.073182, 0, 0, 0, 0, 0, 0, 0, 0.857844067, 641.684152, 0, 0, 194.331652, 0, 0, 611.220228, 0, 0, 0, 0, 0, 0, 0.023, 4.01287032, 0, 0, 0, 0, 0, 0, 0, 0, 0
-0.0185714599, 0, 0, 0, 0, 0, 0, 0, 0, 0, 342.224478, 0, 0, 75031.6057, 0, 0, 0, 0, 0, 0, 0, 0, -20450.0719, -72148.3932, 300.08851, 0, 0, 0, 0, 0, 0, 0, 0.858650122, 758.974533, 0, 0, 314.423371, 0, 0, 683.451266, 0, 0, 0, 0, 0, 0, 0.023, 4.01288969, 0, 0, 0, 0, 0, 0, 0, 0, 0
-0.015, 0, 0, 0, 0, 0, 0, 0, 0, 0, 342.250999, 0, 0, 77071.0239, 0, 0, 0, 0, 0, 0, 0, 0, -19252.9057, -74614.5306, 300.12734, 0, 0, 0, 0, 0, 0, 0, 0.86027455, 1201.92982, 0, 0, 743.08811, 0, 0, 943.59498, 0, 0, 0, 0, 0, 0, 0.023, 4.01293877, 0, 0, 0, 0, 0, 0, 0, 0, 0
-0.0135714599, 0, 0, 0, 0, 0, 0, 0, 0, 0, 342.261321, 0, 0, 77588.2012, 0, 0, 0, 0, 0, 0, 0, 0, -18143.6496, -75358.5987, 300.146354, 0, 0, 0, 0, 0, 0, 0, 0.860819801, 1217.16118, 0, 0, 710.594039, 0, 0, 979.815421, 0, 0, 0, 0, 0, 0, 0.023, 4.0129628, 0, 0, 0, 0, 0, 0, 0, 0, 0
-0.01, 0, 0, 0, 0, 0, 0, 0, 0, 0, 342.289208, 0, 0, 79339.2233, 0, 0, 0, 0, 0, 0, 0, 0, -14833.473, -77931.7426, 300.194741, 0, 0, 0, 0, 0, 0, 0, 0.862183169, 1267.58613, 0, 0, 600.859341, 0, 0, 1115.56892, 0, 0, 0, 0, 0, 0, 0.023, 4.01302393, 0, 0, 0, 0, 0, 0, 0, 0, 0
-0.00857145992, 0, 0, 0, 0, 0, 0, 0, 0, 0, 342.299857, 0, 0, 79753.0763, 0, 0, 0, 0, 0, 0, 0, 0, -13570.8868, -78518.2385, 300.218073, 0, 0, 0, 0, 0, 0, 0, 0.862739527, 1277.97586, 0, 0, 558.114653, 0, 0, 1142.9693, 0, 0, 0, 0, 0, 0, 0.023, 4.0130534, 0, 0, 0, 0, 0, 0, 0, 0, 0
-0.005, 0, 0, 0, 0, 0, 0, 0, 0, 0, 342.328876, 0, 0, 81133.5316, 0, 0, 0, 0, 0, 0, 0, 0, -9691.96491, -80547.9877, 300.277959, 0, 0, 0, 0, 0, 0, 0, 0.864133165, 1314.47922, 0, 0, 408.981425, 0, 0, 1249.01405, 0, 0, 0, -9.81074941e-06, -0.000176150573, -0.000152193616, 0.023, 4.01312903, -1.41462075e-05, 0, 0, 0, 0, 0, 0, 0, 0
-0.00357145992, 0, 0, 0, 0, 0, 0, 0, 0, 0, 342.339762, 0, 0, 81960.5941, 0, 0, 0, 0, 0, 0, 0, 0, -8848.53139, -81446.5614, 300.306691, 0, 0, 0, 0, 0, 0, 0, 0.862441866, 1188.84148, 0, 0, 343.715534, 0, 0, 1134.64127, 0, 0, 0, 17933686, 321996714, 278204285, 0.023, 4.01316529, 25858742.7, 0, 0, 0, 0, 0, 0, 0, 0
0, 0, 0, 0, 0, 0, 0, 0, 0, 0, 342.369596, 0, 0, 84597.1163, 0, 0, 0, 0, 0, 0, 0, 0, -6223.73208, -84365.3606, 300.381521, 0, 0, 0, 0, 0, 0, 0, 0.858532188, 795.10899, 0, 0, 108.800996, 0, 0, 787.606739, 0, 0, 0, 79135683.5, 1.15115647e+09, 947071648, 0.023, 4.01325974, 124949137, 0, 0, 0, 0, 0, 0, 0, 0
0, 0, 0, 5e+16, 0, 1.00741692e-21, 3.718e+18, 6.44e+20, 4.85, 4, 342.369596, 96.4, 0.866667, 5105.87069, 0, 1.07245474e+19, 1.31069374e+19, 56852.3505, -339.958478, -344.760549, 5e+16, 1.0956715e+27, -3351.41471, -3838.68198, 300.381521, 96.4, 96.4, 0.866667, 0.866667, 5e+16, 5417.36844, 51497.1114, 0.858532188, 56947.984, -51441.0257, -5383.13749, -56932.9772, 2397.71918, -607.68227, 1305.91043, 0, 1.20216762e-08, 1.20216762e-08, 79135683.5, 1.15115647e+09, 947071648, 0.27, 3.332, 124949137, -56824.1632, 1790.03691, 0, 3.18807137e+14, 0, 0, 0, 0
0.00267851265, 0, 0, 5e+16, 0, 1.00892423e-21, 3.718e+18, 6.44e+20, 4.85, 4, 342.370566, 96.4, 0.866667, 4768.55127, 0, 1.09283593e+19, 1.26813747e+19, 67371.3479, -339.958473, -344.760657, 5e+16, 1.08650542e+27, -3309.32077, -3430.09707, 300.386316, 96.4, 96.4, 0.866667, 0.866667, 5e+16, 5727.55247, 61730.5269, 0.854026964, 67457.6235, -61611.0732, -5682.78869, -67390.5004, 3738.78665, -703.3431, 2661.06506, 0, 1.20219487e-08, 1.20219487e-08, 78862935.2, 1.11943298e+09, 921663302, 0.27, 3.332, 118906740, -67293.8618, 3035.44355, 0, 3.07112457e+14, 0, 0, 0, 0
0.009375, 0, 0, 5e+16, 0, 1.01288154e-21, 3.718e+18, 6.44e+20, 4.85, 4, 342.373347, 96.4, 0.866667, 3913.05177, 0, 1.15443953e+19, 1.15750844e+19, 92387.7199, -339.95846, -344.761054, 5e+16, 1.06630316e+27, -3125.72561, -2345.77792, 300.398867, 96.4, 96.4, 0.866667, 0.866667, 5e+16, 6834.7489, 85733.2137, 0.843425422, 92435.5481, -85431.9047, -6752.99217, -92234.812, 7171.60144, -1053.70196, 6088.02109, 0, 1.2022662e-08, 1.2022662e-08, 73029854.5, 1.02044347e+09, 848179184, 0.27, 3.332, 99234430.6, -92184.8968, 6117.89948, 0, 2.75910692e+14, 0, 0, 0, 0
0.0120535127, 0, 0, 5e+16, 0, 1.01417356e-21, 3.718e+18, 6.44e+20, 4.85, 4, 342.373447, 96.4, 0.866667, 3613.15019, 0, 1.1569673e+19, 1.1594775e+19, 92809.3846, -339.958444, -344.761196, 5e+16, 1.07098877e+27, -3044.45736, -1860.49811, 300.402957, 96.4, 96.4, 0.866667, 0.866667, 5e+16, 6710.9428, 86314.2156, 0.83643397, 92855.543, -85804.8323, -6621.70836, -92474.742, 9053.57175, -1083.35599, 7944.44348, 0, 1.20228944e-08, 1.20228944e-08, 72721864.7, 1.02163613e+09, 851639732, 0.27, 3.332, 97274535.3, -92426.5407, 7970.21574, 0, 2.74711478e+14, 0, 0, 0, 0
0.01875, 0, 0, 5e+16, 0, 1.01752668e-21, 3.718e+18, 6.44e+20, 4.85, 4, 342.373818, 96.4, 0.866667, 2774.1627, 0, 1.16615484e+19, 1.16702478e+19, 94173.5722, -339.958404, -344.761731, 5e+16, 1.08713185e+27, -2728.27482, -502.48774, 300.41354, 96.4, 96.4, 0.866667, 0.866667, 5e+16, 6233.72303, 88293.7114, 0.819900768, 94212.2098, -87212.1337, -6118.31933, -93371.0994, 13765.5421, -1193.6441, 12559.6112, 0, 1.20234958e-08, 1.20234958e-08, 69467619, 1.02301242e+09, 863583080, 0.27, 3.332, 89961720.4, -93330.453, 12571.898, 0, 2.70453512e+14, 0, 0, 0, 0
0.0214285127, 0, 0, 5e+16, 0, 1.01860504e-21, 3.718e+18, 6.44e+20, 4.85, 4, 342.37391, 96.4, 0.866667, 2715.34058, 0, 1.16871368e+19, 1.16956785e+19, 94673.5055, -339.95838, -344.761878, 5e+16, 1.09241982e+27, -2670.41375, -491.897589, 300.41694, 96.4, 96.4, 0.866667, 0.866667, 5e+16, 6100.72805, 88951.3843, 0.812852504, 94710.5487, -87581.8072, -5983.78985, -93604.8054, 15441.1736, -1186.88978, 14242.2578, 0, 1.20236891e-08, 1.20236891e-08, 69274881.5, 1.02424617e+09, 867769742, 0.27, 3.332, 87201545.3, -93565.5971, 14254.2837, 0, 2.69267827e+14, 0, 0, 0, 0
0.028125, 0, 0, 5e+16, 0, 1.0213772e-21, 3.718e+18, 6.44e+20, 4.85, 4, 342.374257, 96.4, 0.866667, 2492.57704, 0, 1.17792254e+19, 1.17871347e+19, 96313.7139, -339.958318, -344.762423, 5e+16, 1.11023267e+27, -2450.49474, -456.086135, 300.425653, 96.4, 96.4, 0.866667, 0.866667, 5e+16, 5623.33738, 91160.4867, 0.796082997, 96344.5034, -89049.7281, -5502.50362, -94585.6535, 19494.1274, -1159.06355, 18324.4648, 0, 1.20241843e-08, 1.20241843e-08, 66785844.9, 1.02681471e+09, 881848805, 0.27, 3.332, 78180054.8, -94552.2318, 18335.0639, 0, 2.65096115e+14, 0, 0, 0, 0
0.0308035127, 0, 0, 5e+16, 0, 1.02225174e-21, 3.718e+18, 6.44e+20, 4.85, 4, 342.374337, 96.4, 0.866667, 2436.84793, 0, 1.18040878e+19, 1.18119042e+19, 96771.3095, -339.958286, -344.762557, 5e+16, 1.11542644e+27, -2396.91442, -439.079376, 300.428402, 96.4, 96.4, 0.866667, 0.866667, 5e+16, 5494.34917, 91754.9338, 0.788990779, 96800.9205, -89321.3747, -5377.89599, -94731.5901, 20941.3097, -1125.09793, 19805.9809, 0, 1.20243405e-08, 1.20243405e-08, 66652549.8, 1.02831709e+09, 885968492, 0.27, 3.332, 75696046.9, -94699.2707, 19816.2118, 0, 2.63971504e+14, 0, 0, 0, 0
0.0375, 0, 0, 5e+16, 0, 1.02448405e-21, 3.718e+18, 6.44e+20, 4.85, 4, 342.374643, 96.4, 0.866667, 2237.63013, 0, 1.18914306e+19, 1.18988524e+19, 98280.3218, -339.958205, -344.763051, 5e+16, 1.1326437e+27, -2205.12069, -380.029882, 300.435395, 96.4, 96.4, 0.866667, 0.866667, 5e+16, 5057.97029, 93729.7871, 0.772001149, 98305.7045, -90525.4056, -4956.43157, -95510.0481, 24293.921, -1007.94251, 23277.4317, 0, 1.20247379e-08, 1.20247379e-08, 64815022, 1.03239766e+09, 899610454, 0.27, 3.332, 67972188.1, -95481.8372, 23285.9784, 0, 2.60103251e+14, 0, 0, 0, 0
0.0401785127, 0, 0, 5e+16, 0, 1.02516854e-21, 3.718e+18, 6.44e+20, 4.85, 4, 342.374703, 96.4, 0.866667, 2187.87465, 0, 1.19134889e+19, 1.19208371e+19, 98590.5041, -339.958167, -344.763158, 5e+16, 1.13729318e+27, -2158.46737, -355.652335, 300.43754, 96.4, 96.4, 0.866667, 0.866667, 5e+16, 4941.05616, 94148.8186, 0.76490011, 98615.0808, -90612.7384, -4847.91049, -95488.064, 25526.9754, -954.278476, 24564.5649, 0, 1.20248599e-08, 1.20248599e-08, 64649278.6, 1.03388596e+09, 903301617, 0.27, 3.332, 65935070.7, -95460.6489, 24572.6968, 0, 2.59128627e+14, 0, 0, 0, 0
0.046875, 0, 0, 5e+16, 0, 1.02690534e-21, 3.718e+18, 6.44e+20, 4.85, 4, 342.374944, 96.4, 0.866667, 2018.5259, 0, 1.19897346e+19, 1.19967834e+19, 99629.0762, -339.958071, -344.763562, 5e+16, 1.15257265e+27, -1999.49918, -276.357784, 300.442967, 96.4, 96.4, 0.866667, 0.866667, 5e+16, 4564.02927, 95543.1558, 0.747783406, 99650.9643, -91271.5194, -4496.61428, -95792.7555, 28247.6723, -781.34592, 27459.8608, 0, 1.20251683e-08, 1.20251683e-08, 63101326.9, 1.03824291e+09, 915423421, 0.27, 3.332, 59718160.5, -95768.1336, 27466.3264, 0, 2.55821321e+14, 0, 0, 0, 0
0.0495535127, 0, 0, 5e+16, 0, 1.0274162e-21, 3.718e+18, 6.44e+20, 4.85, 4, 342.374979, 96.4, 0.866667, 1976.82403, 0, 1.20074638e+19, 1.20144586e+19, 99731.0574, -339.958027, -344.763634, 5e+16, 1.15633706e+27, -1960.47507, -246.809088, 300.444565, 96.4, 96.4, 0.866667, 0.866667, 5e+16, 4464.04576, 95725.6255, 0.740727114, 99752.4292, -91119.1392, -4405.77389, -95548.9868, 29306.3995, -713.14825, 28587.2038, 0, 1.20252591e-08, 1.20252591e-08, 62833995.4, 1.03942147e+09, 918414024, 0.27, 3.332, 58173448, -95524.9131, 28593.2513, 0, 2.55054074e+14, 0, 0, 0, 0
0.05625, 0, 0, 5e+16, 0, 1.02870315e-21, 3.718e+18, 6.44e+20, 4.85, 4, 342.375141, 96.4, 0.866667, 1839.21801, 0, 1.20686332e+19, 1.20754147e+19, 100108.233, -339.95792, -344.763926, 5e+16, 1.16876564e+27, -1832.51908, -155.589919, 300.448577, 96.4, 96.4, 0.866667, 0.866667, 5e+16, 4151.80316, 96361.9581, 0.723639015, 100127.981, -91052.446, -4121.08093, -95195.7653, 31544.8527, -504.060664, 31036.2806, 0, 1.20254872e-08, 1.20254872e-08, 61266550.3, 1.04290396e+09, 928283420, 0.27, 3.332, 53353982.4, -95173.5269, 31040.792, 0, 2.52446405e+14, 0, 0, 0, 0
0.0589285127, 0, 0, 5e+16, 0, 1.02905958e-21, 3.718e+18, 6.44e+20, 4.85, 4, 342.375146, 96.4, 0.866667, 1807.04077, 0, 1.20808614e+19, 1.20876081e+19, 99990.0088, -339.957871, -344.763957, 5e+16, 1.17137528e+27, -1800.93474, -121.830423, 300.449691, 96.4, 96.4, 0.866667, 0.866667, 5e+16, 4072.95263, 96297.285, 0.71669115, 100009.467, -90640.7755, -4047.65084, -94710.3161, 32481.431, -423.905662, 32053.4358, 0, 1.20255505e-08, 1.20255505e-08, 60877399.9, 1.04354263e+09, 930358133, 0.27, 3.332, 52307092.4, -94688.4263, 32057.5254, 0, 2.51926231e+14, 0, 0, 0, 0
0.065625, 0, 0, 5e+16, 0, 1.02994744e-21, 3.718e+18, 6.44e+20, 4.85, 4, 342.37522, 96.4, 0.866667, 1700.86952, 0, 1.21242534e+19, 1.21308638e+19, 99680.1929, -339.957754, -344.764123, 5e+16, 1.18028529e+27, -1700.34373, -21.6112476, 300.452455, 96.4, 96.4, 0.866667, 0.866667, 5e+16, 3827.46372, 96164.6664, 0.699821488, 99698.8002, -89790.7471, -3822.51589, -93634.0351, 34427.2616, -187.039747, 34237.5857, 0, 1.20257076e-08, 1.20257076e-08, 59162514.9, 1.04536465e+09, 937439888, 0.27, 3.332, 48762248.3, -93613.263, 34240.2218, 0, 2.50100461e+14, 0, 0, 0, 0
0.0683035127, 0, 0, 5e+16, 0, 1.03017223e-21, 3.718e+18, 6.44e+20, 4.85, 4, 342.375192, 96.4, 0.866667, 1679.9181, 0, 1.21299589e+19, 1.21365538e+19, 99371.2963, -339.957701, -344.764107, 5e+16, 1.18150551e+27, -1675.87375, 16.3978303, 300.453156, 96.4, 96.4, 0.866667, 0.866667, 5e+16, 3775.06125, 95883.0035, 0.693046521, 99389.8147, -89134.0461, -3765.89426, -92920.537, 35291.3424, -95.3234477, 35193.8331, 0, 1.20257475e-08, 1.20257475e-08, 58681522, 1.04530895e+09, 938411621, 0.27, 3.332, 48215805.8, -92899.9404, 35196.0189, 0, 2.49861442e+14, 0, 0, 0, 0
0.075, 0, 0, 5e+16, 0, 1.03072154e-21, 3.718e+18, 6.44e+20, 4.85, 4, 342.375168, 96.4, 0.866667, 1605.70399, 0, 1.21533253e+19, 1.21598553e+19, 98490.061, -339.957575, -344.764133, 5e+16, 1.18633641e+27, -1599.66629, 126.224194, 300.454865, 96.4, 96.4, 0.866667, 0.866667, 5e+16, 3600.26189, 95105.045, 0.676586334, 98508.3825, -87561.3378, -3594.45052, -91175.8649, 37119.9121, 168.771417, 37287.9845, 0, 1.20258445e-08, 1.20258445e-08, 56881875.3, 1.04504986e+09, 942257667, 0.27, 3.332, 45910317.6, -91155.7882, 37288.6835, 0, 2.48887021e+14, 0, 0, 0, 0
0.0776785127, 0, 0, 5e+16, 0, 1.03084177e-21, 3.718e+18, 6.44e+20, 4.85, 4, 342.375103, 96.4, 0.866667, 1598.28419, 0, 1.21514625e+19, 1.21579978e+19, 98045.0184, -339.957519, -344.764063, 5e+16, 1.18593685e+27, -1582.21737, 169.301511, 300.45524, 96.4, 96.4, 0.866667, 0.866667, 5e+16, 3581.33704, 94659.7325, 0.670041562, 98063.459, -86697.6481, -3554.46333, -90272.1815, 37946.2519, 273.436814, 38219.5098, 0, 1.20258658e-08, 1.20258658e-08, 56373772.5, 1.04419969e+09, 941943219, 0.27, 3.332, 45882695.8, -90252.1114, 38219.6887, 0, 2.48967285e+14, 0, 0, 0, 0
0.084375, 0, 0, 5e+16, 0, 1.03112605e-21, 3.718e+18, 6.44e+20, 4.85, 4, 342.374972, 96.4, 0.866667, 1558.85058, 0, 1.21524146e+19, 1.21589577e+19, 96788.2708, -339.957384, -344.763934, 5e+16, 1.18613324e+27, -1528.95351, 291.689801, 300.456124, 96.4, 96.4, 0.866667, 0.866667, 5e+16, 3485.94285, 93431.9276, 0.654155121, 96807.1882, -84543.0031, -3433.72079, -87996.8471, 39772.7811, 569.746815, 40344.0212, 0, 1.20259161e-08, 1.20259161e-08, 54679867.1, 1.04167998e+09, 942111578, 0.27, 3.332, 44888533, -87976.7238, 40342.5279, 0, 2.48931284e+14, 0, 0, 0, 0
0.0870535127, 0, 0, 5e+16, 0, 1.03117346e-21, 3.718e+18, 6.44e+20, 4.85, 4, 342.374864, 96.4, 0.866667, 1567.7798, 0, 1.21417545e+19, 1.21483271e+19, 96267.1388, -339.957322, -344.763803, 5e+16, 1.18386111e+27, -1518.84391, 341.386654, 300.456272, 96.4, 96.4, 0.866667, 0.866667, 5e+16, 3508.26001, 92879.7517, 0.647885921, 96286.4265, -83519.7455, -3411.00337, -86951.0516, 40575.5156, 690.411748, 41268.0709, 0, 1.20259245e-08, 1.20259245e-08, 54225392.1, 1.03996055e+09, 940310511, 0.27, 3.332, 45424643.5, -86930.7488, 41265.9274, 0, 2.49381898e+14, 0, 0, 0, 0
0.09375, 0, 0, 5e+16, 0, 1.03128051e-21, 3.718e+18, 6.44e+20, 4.85, 4, 342.374612, 96.4, 0.866667, 1568.89353, 0, 1.21172787e+19, 1.2123941e+19, 94839.2322, -339.957178, -344.763499, 5e+16, 1.1787921e+27, -1488.88833, 481.330027, 300.456604, 96.4, 96.4, 0.866667, 0.866667, 5e+16, 3506.91027, 91397.9574, 0.632695486, 94859.8094, -80948.0298, -3341.401, -84310.414, 42436.8082, 1028.67997, 43469.6895, 0, 1.20259434e-08, 1.20259434e-08, 52881379.7, 1.0350984e+09, 936301396, 0.27, 3.332, 45915632.7, -84289.4308, 43465.4882, 0, 2.50415269e+14, 0, 0, 0, 0
0.0964285127, 0, 0, 5e+16, 0, 1.03129197e-21, 3.718e+18, 6.44e+20, 4.85, 4, 342.374454, 96.4, 0.866667, 1597.23612, 0, 1.20962387e+19, 1.21029616e+19, 94292.3284, -339.957113, -344.763295, 5e+16, 1.17434668e+27, -1486.99529, 540.096194, 300.45664, 96.4, 96.4, 0.866667, 0.866667, 5e+16, 3577.26773, 90783.6758, 0.626734255, 94313.6151, -79809.0331, -3337.69738, -83168.1212, 43210.8091, 1170.30066, 44386.1834, 0, 1.20259454e-08, 1.20259454e-08, 52568154.1, 1.03244273e+09, 932776085, 0.27, 3.332, 47098491.9, -83146.7304, 44381.1097, 0, 2.51310577e+14, 0, 0, 0, 0
0.103125, 0, 0, 5e+16, 0, 1.03132435e-21, 3.718e+18, 6.44e+20, 4.85, 4, 342.374062, 96.4, 0.866667, 1648.04806, 0, 1.20422027e+19, 1.20491183e+19, 92852.618, -339.956958, -344.762787, 5e+16, 1.16323268e+27, -1482.79122, 705.14845, 300.456741, 96.4, 96.4, 0.866667, 0.866667, 5e+16, 3690.83782, 89190.9234, 0.612318955, 92876.2905, -76961.9336, -3323.61985, -80308.3911, 45075.5187, 1565.70998, 46649.0409, 0, 1.20259511e-08, 1.20259511e-08, 51839435.8, 1.02517333e+09, 923974573, 0.27, 3.332, 49359320.6, -80285.5534, 46641.2287, 0, 2.53618931e+14, 0, 0, 0, 0
0.105803513, 0, 0, 5e+16, 0, 1.03134258e-21, 3.718e+18, 6.44e+20, 4.85, 4, 342.373843, 96.4, 0.866667, 1699.33845, 0, 1.20086341e+19, 1.20156538e+19, 92313.2335, -339.956889, -344.762496, 5e+16, 1.15623838e+27, -1490.78436, 776.754929, 300.456797, 96.4, 96.4, 0.866667, 0.866667, 5e+16, 3815.16843, 88539.3859, 0.606686837, 92338.1123, -75739.5321, -3342.20222, -79105.2863, 45801.8602, 1735.81052, 47546.7262, 0, 1.20259544e-08, 1.20259544e-08, 51770671.5, 1.02152891e+09, 918429354, 0.27, 3.332, 51328887.6, -79081.7343, 47537.6707, 0, 2.55071376e+14, 0, 0, 0, 0
0.1125, 0, 0, 5e+16, 0, 1.03141898e-21, 3.718e+18, 6.44e+20, 4.85, 4, 342.373282, 96.4, 0.866667, 1813.33122, 0, 1.19191698e+19, 1.19265246e+19, 90955.066, -339.956724, -344.76174, 5e+16, 1.1380747e+27, -1517.54522, 978.421554, 300.457035, 96.4, 96.4, 0.866667, 0.866667, 5e+16, 4071.48008, 86903.5419, 0.593091219, 90983.9387, -72711.0385, -3393.11924, -76130.188, 47595.1034, 2211.08211, 49819.1365, 0, 1.20259679e-08, 1.20259679e-08, 51981348.1, 1.01182988e+09, 904046765, 0.27, 3.332, 55801774.7, -76104.1577, 49806.1855, 0, 2.58980898e+14, 0, 0, 0, 0
0.115178513, 0, 0, 5e+16, 0, 1.031494e-21, 3.718e+18, 6.44e+20, 4.85, 4, 342.37299, 96.4, 0.866667, 1892.77295, 0, 1.18700589e+19, 1.18775829e+19, 90439.5963, -339.956649, -344.76134, 5e+16, 1.12805011e+27, -1538.31657, 1068.75136, 300.457269, 96.4, 96.4, 0.866667, 0.866667, 5e+16, 4257.86531, 86218.5121, 0.587801137, 90470.4517, -71423.3876, -3439.47713, -74890.0562, 48246.7481, 2420.95567, 50682.5209, 0, 1.20259812e-08, 1.20259812e-08, 52308982.8, 1.00720131e+09, 896104633, 0.27, 3.332, 58787694.5, -74862.8647, 50667.7038, 0, 2.61165416e+14, 0, 0, 0, 0
0.121875, 0, 0, 5e+16, 0, 1.0317527e-21, 3.718e+18, 6.44e+20, 4.85, 4, 342.372219, 96.4, 0.866667, 2090.19565, 0, 1.17366776e+19, 1.17447499e+19, 89197.0524, -339.956473, -344.760277, 5e+16, 1.10152056e+27, -1605.50585, 1325.06734, 300.458073, 96.4, 96.4, 0.866667, 0.866667, 5e+16, 4694.6521, 84535.1383, 0.575047183, 89234.4265, -68255.9298, -3572.14902, -71859.2621, 49872.9215, 3010.10844, 52903.7136, 0, 1.20260269e-08, 1.20260269e-08, 53969238.3, 995257427, 875114330, 0.27, 3.332, 66173858.6, -71828.0788, 52883.03, 0, 2.67201468e+14, 0, 0, 0, 0
0.124553513, 0, 0, 5e+16, 0, 1.03194435e-21, 3.718e+18, 6.44e+20, 4.85, 4, 342.371831, 96.4, 0.866667, 2206.40787, 0, 1.16676902e+19, 1.16760282e+19, 88709.4291, -339.956394, -344.759735, 5e+16, 1.08784225e+27, -1643.93639, 1443.00898, 300.45867, 96.4, 96.4, 0.866667, 0.866667, 5e+16, 4957.74243, 83801.3587, 0.57010691, 88750.0555, -66907.5801, -3655.10433, -70595.7269, 50417.7342, 3276.84859, 53718.1849, 0, 1.20260608e-08, 1.20260608e-08, 54967339.5, 989794906, 864290005, 0.27, 3.332, 70537561.4, -70562.6844, 53694.5828, 0, 2.70399347e+14, 0, 0, 0, 0
0.13125, 0, 0, 5e+16, 0, 1.03254993e-21, 3.718e+18, 6.44e+20, 4.85, 4, 342.370788, 96.4, 0.866667, 2518.55254, 0, 1.14779194e+19, 1.14871272e+19, 87578.0142, -339.956207, -344.758267, 5e+16, 1.05122115e+27, -1768.0492, 1781.70482, 300.46055, 96.4, 96.4, 0.866667, 0.866667, 5e+16, 5629.8759, 82007.0326, 0.558204759, 87629.3408, -63599.1545, -3897.33566, -67535.9258, 51771.6219, 4031.4442, 55835.92, 0, 1.20261677e-08, 1.20261677e-08, 59049962, 976348646, 835356992, 0.27, 3.332, 81941692.5, -67496.4902, 55803.0661, 0, 2.79432988e+14, 0, 0, 0, 0
0.133928513, 0, 0, 5e+16, 0, 1.03293177e-21, 3.718e+18, 6.44e+20, 4.85, 4, 342.370274, 96.4, 0.866667, 2635.01174, 0, 1.13829023e+19, 1.13917776e+19, 87116.0918, -339.956124, -344.757535, 5e+16, 1.03306786e+27, -1829.70574, 1880.84874, 300.461739, 96.4, 99.1093483, 0.866667, 0.919727019, 5e+16, 5996.18287, 81192.4198, 0.553619155, 87171.9051, -62183.6725, -4030.71066, -66256.8298, 52171.1675, 4381.8596, 56589.2633, 0, 1.20262352e-08, 1.20262352e-08, 60484352.7, 968028355, 820937053, 0.27, 3.332, 86606949.8, -66214.3832, 56553.0271, 0, 2.84105546e+14, 0, 0, 0, 0
0.140625, 0, 0, 5e+16, 0, 1.0340859e-21, 3.718e+18, 6.44e+20, 4.85, 4, 342.368866, 96.4, 0.866667, 2985.81486, 0, 1.11187235e+19, 1.11269132e+19, 86077.0994, -339.955924, -344.755512, 5e+16, 9.8408021e+26, -2030.74415, 2178.24232, 300.465318, 96.4, 99.1093483, 0.866667, 0.919727019, 5e+16, 6989.72201, 79176.0571, 0.542573851, 86147.936, -58699.9314, -4426.9017, -63179.7343, 53133.4342, 5383.00224, 58563.5653, 0, 1.20264387e-08, 1.20264387e-08, 66782393.1, 948208534, 782068991, 0.27, 3.332, 99357149.7, -63126.833, 58516.4364, 0, 2.97614491e+14, 0, 0, 0, 0
0.143303513, 0, 0, 5e+16, 0, 1.03475377e-21, 3.718e+18, 6.44e+20, 4.85, 4, 342.368295, 99.1093483, 0.919727019, 3084.28798, 0, 1.10123105e+19, 1.10202499e+19, 88317.6891, -339.955845, -344.754689, 5e+16, 9.64703149e+26, -2122.56333, 2232.2031, 300.467393, 101.818697, 99.1093483, 0.97278704, 0.919727019, 5e+16, 7583.04477, 80785.1721, 0.538733313, 88393.3, -60577.0651, -5051.61008, -65685.7124, 53423.349, 5655.36978, 59128.3583, 0, 1.20265566e-08, 1.20265566e-08, 70093244.4, 941497759, 766698647, 0.27, 3.332, 104705867, -65628.6752, 59078.7187, 0, 1.57094232e+14, 0, 0, 0, 0
0.15, 0, 0, 5e+16, 0, 1.0367187e-21, 3.718e+18, 6.44e+20, 4.85, 4, 342.366703, 105.882927, 1.05238114, 3416.76551, 0, 1.07118686e+19, 1.07193134e+19, 94142.0691, -339.955653, -344.752373, 5e+16, 9.12022709e+26, -2413.43084, 2409.24996, 300.473475, 115.365854, 105.882927, 1.23809529, 1.05238114, 5e+16, 9764.3189, 84402.8692, 0.529451553, 94234.1128, -64781.6008, -7302.43108, -72155.7134, 54103.2837, 6447.82109, 60608.8697, 0, 1.20269023e-08, 1.20269023e-08, 85304959.7, 932757953, 724967565, 0.27, 3.332, 122485428, -72084.032, 60551.1048, 0, 3.20074216e+13, 0, 0, 0, 0
0.15, 0, 0, 5e+15, 0, 1.0367187e-21, 3.718e+18, 6.44e+20, 4.85, 4, 342.366703, 105.882927, 1.05238114, 3185.1469, 0, 1.07118686e+19, 1.07193134e+19, 94142.0691, -339.955653, -344.752373, 5e+15, 9.12022709e+26, -2313.34332, 2179.09308, 300.473475, 115.365854, 105.882927, 1.23809529, 1.05238114, 5e+15, 9764.3189, 84402.8692, 0.529451553, 94234.1128, -64781.6008, -7302.43108, -72155.7134, 54103.2837, 6447.82109, 60608.8697, 0, 1.20269023e-08, 1.20269023e-08, 85304959.7, 932757953, 724967565, 0.27, 3.332, 122485428, -72084.032, 60551.1048, 0, 3.20074216e+13, 0, 0, 0, 0
0.151785675, 0, 0, 5e+15, 0, 1.03739117e-21, 3.718e+18, 6.44e+20, 4.85, 4, 342.366333, 108.592275, 1.10544116, 3282.18911, 0, 1.0644475e+19, 1.06528461e+19, 93906.1967, -339.955602, -344.75184, 5e+15, 9.00255035e+26, -2395.65496, 2236.2854, 300.47556, 115.365854, 108.592275, 1.23809529, 1.10544116, 5e+15, 10031.762, 83893.113, 0.525439305, 94003.0344, -63869.1259, -7471.22151, -71415.2677, 54383.9219, 6655.54104, 61100.8233, 0, 1.20270208e-08, 1.20270208e-08, 86840364, 927929710, 715770344, 0.27, 3.332, 125319002, -71340.3475, 61039.463, 0, 3.24023845e+13, 0, 0, 0, 0
0.15625, 0, 0, 5e+15, 0, 1.03933623e-21, 3.718e+18, 6.44e+20, 4.85, 4, 342.365289, 115.365854, 1.23809529, 3600.8379, 0, 1.04499151e+19, 1.04611038e+19, 93414.5488, -339.955479, -344.75032, 5e+15, 8.68091606e+26, -2658.75338, 2419.14278, 300.481564, 115.365854, 115.365854, 1.23809529, 1.23809529, 5e+15, 10830.0703, 82605.2398, 0.515694062, 93527.6914, -61605.4063, -7990.20452, -69682.1817, 55030.5325, 7279.63988, 62383.0913, 0, 1.20273621e-08, 1.20273621e-08, 94342204.5, 919007110, 690755938, 0.27, 3.332, 133908968, -69595.6108, 62310.1724, 0, 3.35701051e+13, 0, 0, 0, 0
0.158035675, 0, 0, 5e+15, 0, 1.04023849e-21, 3.718e+18, 6.44e+20, 4.85, 4, 342.364873, 115.365854, 1.23809529, 3717.24841, 0, 1.03742385e+19, 1.03858633e+19, 93127.2454, -339.955426, -344.749715, 5e+15, 8.55277756e+26, -2734.10758, 2507.90641, 300.484354, 115.365854, 115.365854, 1.23809529, 1.23809529, 5e+15, 11138.4128, 82003.7856, 0.512728014, 93247.0952, -60693.3035, -8190.34713, -68974.4514, 55137.9759, 7514.2319, 62730.441, 0, 1.20275206e-08, 1.20275206e-08, 97271019.7, 916616503, 680706933, 0.27, 3.332, 138638550, -68883.6506, 62652.2078, 0, 3.40425472e+13, 0, 0, 0, 0
0.1625, 0, 0, 5e+15, 0, 1.04282482e-21, 3.718e+18, 6.44e+20, 4.85, 4, 342.363686, 115.365854, 1.23809529, 4093.04462, 0, 1.01535956e+19, 1.01667676e+19, 92505.6905, -339.955298, -344.747968, 5e+15, 8.20190315e+26, -2991.75884, 2784.48387, 300.492315, 115.365854, 115.365854, 1.23809529, 1.23809529, 5e+15, 12065.1654, 80459.8306, 0.505520875, 92648.5675, -58417.2612, -8811.60543, -67335.1225, 55327.6916, 8212.89809, 63636.1598, 0, 1.20279731e-08, 1.20279731e-08, 109792265, 915741259, 653334753, 0.27, 3.332, 152614242, -67228.8667, 63540.5897, 0, 3.54583848e+13, 0, 0, 0, 0
0.164285675, 0, 0, 5e+15, 0, 1.0440155e-21, 3.718e+18, 6.44e+20, 4.85, 4, 342.363205, 115.365854, 1.23809529, 4248.43475, 0, 1.00662726e+19, 1.00800202e+19, 92220.9786, -339.955244, -344.747263, 5e+15, 8.05985539e+26, -3086.78565, 2907.80824, 300.495984, 115.365854, 115.365854, 1.23809529, 1.23809529, 5e+15, 12462.1359, 79774.9142, 0.50268427, 92373.1796, -57487.2588, -9052.95477, -66652.1731, 55305.6591, 8529.04037, 63937.7714, 0, 1.20281817e-08, 1.20281817e-08, 114296533, 915295073, 642247512, 0.27, 3.332, 158751028, -66540.2136, 63834.6995, 0, 3.60447932e+13, 0, 0, 0, 0
0.16875, 0, 0, 5e+15, 0, 1.04740673e-21, 3.718e+18, 6.44e+20, 4.85, 4, 342.361816, 115.365854, 1.23809529, 4752.00215, 0, 9.80915524e+18, 9.82499879e+18, 91605.7459, -339.955112, -344.745201, 5e+15, 7.67080118e+26, -3416.94142, 3294.00533, 300.50638, 115.365854, 115.365854, 1.23809529, 1.23809529, 5e+15, 13650.4645, 77974.9129, 0.495775949, 91790.5026, -55144.1967, -9808.99236, -65086.4242, 55128.3981, 9466.52655, 64722.9448, 0, 1.20287726e-08, 1.20287726e-08, 133245644, 922455918, 612113203, 0.27, 3.332, 177097071, -64953.1891, 64594.9246, 0, 3.78294402e+13, 0, 0, 0, 0
0.170535675, 0, 0, 5e+15, 0, 1.04895938e-21, 3.718e+18, 6.44e+20, 4.85, 4, 342.361246, 115.365854, 1.23809529, 4962.15645, 0, 9.70600167e+18, 9.72265246e+18, 91311.1837, -339.955056, -344.744356, 5e+15, 7.51083272e+26, -3540.02488, 3465.24383, 300.511144, 115.365854, 115.365854, 1.23809529, 1.23809529, 5e+15, 14163.8972, 77165.4964, 0.493064687, 91509.3137, -54174.1553, -10104.4068, -64419.7555, 54948.1634, 9889.19013, 64976.2671, 0, 1.20290433e-08, 1.20290433e-08, 140348601, 925197155, 599718372, 0.27, 3.332, 185130181, -64278.5622, 64837.3536, 0, 3.85850106e+13, 0, 0, 0, 0
0.175, 0, 0, 5e+15, 0, 1.05336188e-21, 3.718e+18, 6.44e+20, 4.85, 4, 342.359576, 115.365854, 1.23809529, 5650.85329, 0, 9.39919712e+18, 9.41887244e+18, 90666.9189, -339.95492, -344.741854, 5e+15, 7.07351521e+26, -3975.95495, 4007.29822, 300.524573, 115.365854, 115.365854, 1.23809529, 1.23809529, 5e+15, 15699.6932, 74986.669, 0.486442991, 90912.841, -51697.1881, -11037.5184, -62906.4098, 54316.9668, 11140.0886, 65633.1004, 0, 1.20298066e-08, 1.20298066e-08, 170041937, 945701030, 566240223, 0.27, 3.332, 209418871, -62734.7064, 65457.0555, 0, 4.09267129e+13, 0, 0, 0, 0
0.176785675, 0, 0, 5e+15, 0, 1.05536981e-21, 3.718e+18, 6.44e+20, 4.85, 4, 342.358882, 115.365854, 1.23809529, 5941.96532, 0, 9.27458932e+18, 9.29544302e+18, 90348.7823, -339.954863, -344.740813, 5e+15, 6.89122584e+26, -4140.37205, 4249.04998, 300.530697, 115.365854, 115.365854, 1.23809529, 1.23809529, 5e+15, 16368.235, 73999.9726, 0.483854863, 90614.7, -50657.8509, -11404.3908, -62245.5274, 53940.0128, 11703.8541, 65836.387, 0, 1.20301548e-08, 1.20301548e-08, 181635446, 954005266, 552283098, 0.27, 3.332, 220086722, -62062.2417, 65643.8671, 0, 4.19419717e+13, 0, 0, 0, 0
0.18125, 0, 0, 5e+15, 0, 1.06104642e-21, 3.718e+18, 6.44e+20, 4.85, 4, 342.356816, 115.365854, 1.23809529, 6913.78331, 0, 8.89996978e+18, 8.92541886e+18, 89635.8604, -339.954724, -344.737682, 5e+15, 6.39514932e+26, -4737.13548, 5027.82273, 300.5479, 115.365854, 115.365854, 1.23809529, 1.23809529, 5e+15, 18371.0038, 71282.7881, 0.477512451, 89975.6241, -47958.0589, -12572.0878, -60759.5332, 52737.0269, 13372.1488, 66359.7821, 0, 1.20311326e-08, 1.20311326e-08, 230246764, 998057084, 515083344, 0.27, 3.332, 252726973, -60530.1467, 66109.1757, 0, 4.51608128e+13, 0, 0, 0, 0
0.183035675, 0, 0, 5e+15, 0, 1.06362917e-21, 3.718e+18, 6.44e+20, 4.85, 4, 342.355944, 115.365854, 1.23809529, 7330.57586, 0, 8.74617992e+18, 8.77344302e+18, 89278.1171, -339.954666, -344.736359, 5e+15, 6.18601091e+26, -4965.42909, 5378.68652, 300.555719, 115.365854, 115.365854, 1.23809529, 1.23809529, 5e+15, 19249.1028, 70048.2502, 0.475047654, 89649.4817, -46809.8193, -13034.3558, -60091.3799, 52109.8192, 14125.8456, 66512.5952, 0, 1.20315771e-08, 1.20315771e-08, 250032265, 1.01658728e+09, 499413348, 0.27, 3.332, 267141663, -59844.1751, 66235.6648, 0, 4.65945018e+13, 0, 0, 0, 0
0.1875, 0, 0, 5e+15, 0, 1.07091719e-21, 3.718e+18, 6.44e+20, 4.85, 4, 342.353302, 115.365854, 1.23809529, 8762.67561, 0, 8.27814997e+18, 8.31291e+18, 88448.1786, -339.954523, -344.732302, 5e+15, 5.62141873e+26, -5822.36288, 6540.51058, 300.57762, 115.365854, 115.365854, 1.23809529, 1.23809529, 5e+15, 21887.541, 66576.2962, 0.468983239, 88942.0748, -43765.5766, -14516.1139, -58603.7361, 50168.8996, 16359.2443, 66902.5775, 0, 1.20328221e-08, 1.20328221e-08, 334147080, 1.10483284e+09, 458819736, 0.27, 3.332, 311866023, -58281.6905, 66528.1439, 0, 5.12794519e+13, 0, 0, 0, 0
0.189285675, 0, 0, 5e+15, 0, 1.074229e-21, 3.718e+18, 6.44e+20, 4.85, 4, 342.352168, 115.365854, 1.23809529, 9388.45043, 0, 8.08428709e+18, 8.12205853e+18, 88030.1239, -339.954464, -344.730559, 5e+15, 5.38137801e+26, -6156.42942, 7072.42293, 300.587553, 115.365854, 115.365854, 1.23809529, 1.23809529, 5e+15, 23053.0886, 64995.5027, 0.466645118, 88578.0691, -42453.2001, -15107.1998, -57912.0749, 49214.2189, 17373.1157, 67007.291, 0, 1.20333867e-08, 1.20333867e-08, 369930886, 1.14336292e+09, 441645304, 0.27, 3.332, 331786728, -57560.4, 66587.3346, 0, 5.34356276e+13, 0, 0, 0, 0
0.19375, 0, 0, 5e+15, 0, 1.08356258e-21, 3.718e+18, 6.44e+20, 4.85, 4, 342.34865, 115.365854, 1.23809529, 11640.1551, 0, 7.48540056e+18, 7.5367679e+18, 87013.9632, -339.954318, -344.725082, 5e+15, 4.74161681e+26, -7475.20086, 8914.20019, 300.615306, 115.365854, 115.365854, 1.23809529, 1.23809529, 5e+15, 26567.3652, 60460.9416, 0.460865221, 87788.1347, -38892.2071, -17013.2339, -56392.1797, 46291.1954, 20384.0551, 67277.3469, 0, 1.20349644e-08, 1.20349644e-08, 526428684, 1.32147073e+09, 400298230, 0.27, 3.332, 394743808, -55905.4409, 66675.2505, 0, 6.07930693e+13, 0, 0, 0, 0
0.195535675, 0, 0, 5e+15, 0, 1.08780283e-21, 3.718e+18, 6.44e+20, 4.85, 4, 342.347111, 115.365854, 1.23809529, 12651.5269, 0, 7.23565312e+18, 7.2926311e+18, 86503.6911, -339.954257, -344.72268, 5e+15, 4.46834279e+26, -8003.8831, 9779.71589, 300.627871, 115.365854, 115.365854, 1.23809529, 1.23809529, 5e+15, 28132.6049, 58390.0691, 0.458661397, 87382.2939, -37335.9397, -17779.6577, -55657.7484, 44892.8808, 21760.2894, 67344.3216, 0, 1.20356787e-08, 1.20356787e-08, 596426742, 1.40264145e+09, 383066197, 0.27, 3.332, 423148508, -55115.5973, 66653.1702, 0, 6.43299645e+13, 0, 0, 0, 0
0.2, 0, 0, 5e+15, 0, 1.09973724e-21, 3.718e+18, 6.44e+20, 4.85, 4, 342.342163, 115.365853, 1.23809529, 16590.4339, 0, 6.44849516e+18, 6.53464489e+18, 85170.2814, -339.954108, -344.714859, 5e+15, 3.7544226e+26, -10272.4863, 13018.1895, 300.662885, 115.365854, 115.365853, 1.23809529, 1.23809529, 5e+15, 32854.5821, 52332.2678, 0.45318311, 86543.4909, -33004.846, -20254.0077, -54088.2284, 40611.7689, 25848.1643, 67554.9117, 0, 1.20376693e-08, 1.20376693e-08, 917570400, 1.78521374e+09, 352384764, 0.27, 3.332, 515258577, -53258.8537, 66459.9332, 0, 7.72455553e+13, 0, 0, 0, 0
0.201785675, 0, 0, 5e+15, 0, 1.10516104e-21, 3.718e+18, 6.44e+20, 4.85, 4, 342.339941, 115.365853, 1.23809529, 18444.373, 0, 6.11914792e+18, 6.21791482e+18, 84500.5922, -339.954047, -344.711337, 5e+15, 3.44972216e+26, -11225.921, 14611.9941, 300.678716, 115.365854, 115.365853, 1.23809529, 1.23809529, 5e+15, 34973.7861, 49550.1685, 0.451127399, 86119.5722, -31085.4981, -21254.3405, -53294.0347, 38586.0908, 27730.3494, 67624.3741, 0, 1.20385693e-08, 1.20385693e-08, 1.07018232e+09, 1.96937143e+09, 341614465, 0.27, 3.332, 557574642, -52339.8386, 66316.4402, 0, 8.38724191e+13, 0, 0, 0, 0
0.20625, 0, 0, 5e+15, 0, 1.1203835e-21, 3.718e+18, 6.44e+20, 4.85, 4, 342.332351, 115.365851, 1.23809529, 26719.67, 0, 5.05079031e+18, 5.22989189e+18, 82489.8836, -339.953895, -344.699226, 5e+15, 2.67889127e+26, -15931.6018, 21438.9943, 300.722631, 115.365851, 115.365853, 1.23809529, 1.23809529, 5e+15, 41256.3217, 41259.317, 0.445983756, 85479.8586, -25609.7364, -24410.0311, -51741.2969, 32349.0681, 33239.7231, 68035.9697, 0, 1.20410662e-08, 1.20410662e-08, 1.8144279e+09, 2.87951327e+09, 369831682, 0.27, 3.332, 695253684, -50019.7675, 65588.7912, 0, 1.11161943e+14, 0, 0, 0, 0
0.208035675, 0, 0, 5e+15, 0, 1.12730214e-21, 3.718e+18, 6.44e+20, 4.85, 4, 342.328793, 115.36585, 1.23809529, 30937.7254, 0, 4.60639944e+18, 4.82233063e+18, 81456.2182, -339.953832, -344.693548, 5e+15, 2.3533059e+26, -18073.2249, 25077.1975, 300.742445, 115.36585, 115.365853, 1.23809529, 1.23809529, 5e+15, 44067.858, 37423.7114, 0.444100467, 85193.9391, -23152.0295, -25666.3486, -50901.5381, 29402.6357, 35773.897, 68281.5426, 0, 1.20421928e-08, 1.20421928e-08, 2.19207438e+09, 3.34323348e+09, 393671292, 0.27, 3.332, 757487804, -48818.378, 65176.5326, 0, 1.26856644e+14, 0, 0, 0, 0
0.2125, 0, 0, 5e+15, 0, 1.14656667e-21, 3.718e+18, 6.44e+20, 4.85, 4, 342.315182, 115.365339, 1.23809529, 52633.1609, 0, 3.12504334e+18, 3.60584686e+18, 77763.526, -339.953672, -344.672355, 5e+15, 1.57551051e+26, -30227.8204, 43070.3026, 300.796868, 115.365339, 115.36583, 1.23809529, 1.23809529, 5e+15, 51634.3173, 26177.5307, 0.439358623, 85736.1905, -16159.2148, -29118.7391, -49689.9809, 20594.7262, 42621.6836, 69861.8606, 0, 1.20452874e-08, 1.20452874e-08, 4.01509077e+09, 5.48412018e+09, 600072107, 0.27, 3.332, 868957302, -45277.954, 63216.4099, 0, 2.09363248e+14, 0, 0, 0, 0
0.214285675, 0, 0, 5e+15, 0, 1.1552976e-21, 3.718e+18, 6.44e+20, 4.85, 4, 342.308287, 115.324741, 1.23809529, 64389.1553, 0, 2.54583043e+18, 3.13745244e+18, 75888.5937, -339.953604, -344.661833, 5e+15, 1.25717941e+26, -36096.9369, 53261.5749, 300.821289, 115.364958, 115.325231, 1.23809529, 1.23809529, 5e+15, 54816.968, 21128.2259, 0.437695989, 86110.0733, -13058.2015, -30315.5715, -48909.7771, 16609.7802, 45614.1196, 70815.0194, 0, 1.20466761e-08, 1.20466761e-08, 4.94786665e+09, 6.52429544e+09, 697219675, 0.27, 3.332, 879209115, -43373.7731, 62223.8999, 0, 2.69294622e+14, 0, 0, 0, 0
0.21875, 0, 0, 5e+15, 0, 1.17915539e-21, 3.718e+18, 6.44e+20, 4.85, 4, 342.277709, 115.166294, 1.23809529, 116608.108, 0, 9.07843328e+17, 2.04864128e+18, 70744.8475, -339.953411, -344.620149, 5e+15, 5.85032373e+25, -64423.1147, 97165.0862, 300.886986, 115.206512, 115.315098, 1.23809529, 1.23809529, 5e+15, 60666.7292, 10124.3491, 0.433486169, 87913.2869, -6081.75116, -32214.5171, -47963.6689, 8090.57972, 51388.3498, 73664.1817, 0, 1.20504121e-08, 1.20504121e-08, 8.4984781e+09, 9.6190265e+09, 589030918, 0.27, 3.332, 531517448, -38296.2683, 59478.9295, 0, 7.61226603e+14, 0, 0, 0, 0
0.220535675, 0, 0, 5e+15, 0, 1.18987991e-21, 3.718e+18, 6.44e+20, 4.85, 4, 342.261087, 115.111528, 1.23809529, 142018.645, 0, 5.04093995e+17, 1.71896103e+18, 68723.6573, -339.953325, -344.598954, 5e+15, 3.4039045e+25, -76607.2744, 119475.268, 300.916139, 115.111528, 115.315098, 1.23809529, 1.23809529, 5e+15, 62570.7997, 6160.05547, 0.432100683, 88320.9334, -3517.73682, -32594.1472, -47197.8612, 5054.0742, 53353.1378, 74585.2326, 0, 1.20520701e-08, 1.20520701e-08, 1.01151548e+10, 1.0862212e+10, 411695879, 0.27, 3.332, 335361287, -36111.8841, 58407.212, 0, 1.26858869e+15, 0, 0, 0, 0
0.225, 0, 0, 5e+15, 0, 1.2185844e-21, 3.718e+18, 6.44e+20, 4.85, 4, 342.192984, 111.798517, 1.23809529, 214164.738, 0, 3.86180778e+16, 1.26345944e+18, 66079.7031, -339.952986, -344.522809, 5e+15, 6.45913157e+24, -113560.827, 181520.233, 300.99282, 111.955552, 111.853284, 1.23809529, 1.23809529, 5e+15, 64376.2509, 1706.6226, 0.428468904, 86870.2485, -918.903874, -32453.3878, -44548.8924, 1437.45012, 55571.2248, 74557.7044, 0, 1.20564314e-08, 1.20564314e-08, 1.44701866e+10, 1.40871737e+10, -179553760, 0.27, 3.332, -203459203, -33372.2917, 57008.6749, 0, 3.60895163e+15, 0, 0, 0, 0
0.226785675, 0, 0, 5e+15, 0, 1.23139211e-21, 3.718e+18, 6.44e+20, 4.85, 4, 342.158949, 99.7853331, 1.23809529, 243266.847, 0, 1.06563733e+16, 1.13920953e+18, 65416.941, -339.952554, -344.486065, 5e+15, 1.11045117e+24, -126710.622, 207507.519, 301.026491, 110.902346, 99.7853331, 1.23809529, 1.23809529, 5e+15, 64668.5131, 751.251746, 0.427314267, 85721.0569, -429.34828, -32384.4358, -43370.7944, 616.442462, 55936.5528, 73886.0136, 0, 1.20583466e-08, 1.20583466e-08, 1.61980649e+10, 1.55087177e+10, -299839568, 0.27, 3.332, -389507667, -32813.7841, 56552.9953, 0, 4.6606152e+15, 0, 0, 0, 0
0.23125, 0, 0, 5e+15, 0, 1.2650686e-21, 3.718e+18, 6.44e+20, 4.85, 4, 342.052519, 80.0850779, 1.23809529, 304119.555, 0, 4.00826292e+14, 9.48733738e+17, 64645.3899, -339.93133, -344.374826, 5e+15, 8.05865992e+22, -155207.209, 261455.451, 301.113377, 103.88336, 80.0850779, 1.23809529, 1.23809529, 5e+15, 64131.1526, 523.091299, 0.424128725, 81305.4032, -334.938639, -31490.2494, -40013.4245, 401.010889, 55843.8144, 70751.567, 0, 1.20632891e-08, 1.20632891e-08, 1.97965491e+10, 1.90396175e+10, -216856053, 0.27, 3.332, -540075585, -31825.1881, 56244.8253, 0, 4.97394913e+15, 0, 0, 0, 0
0.233035675, 0, 0, 5e+15, 0, 1.27993928e-21, 3.718e+18, 6.44e+20, 4.85, 4, 342.003797, 80.0850779, 1.23809529, 326571.709, 0, 1.62285352e+14, 8.89014622e+17, 64275.5543, -339.906107, -344.32439, 5e+15, 1.3637875e+22, -164361.686, 282018.327, 301.151017, 101.795964, 80.0850779, 1.23809529, 1.23809529, 5e+15, 63784.3459, 502.674924, 0.423111286, 79511.6978, -332.925996, -31141.0347, -38948.4738, 376.605491, 55631.6256, 69281.3371, 0, 1.20654304e-08, 1.20654304e-08, 2.1092096e+10, 2.03605216e+10, -182146277, 0.27, 3.332, -549428107, -31473.9607, 56008.2311, 0, 4.99556508e+15, 0, 0, 0, 0
0.2375, 0, 0, 5e+15, 0, 1.31838694e-21, 3.718e+18, 6.44e+20, 4.85, 4, 341.867809, 67.6619543, 1.23809529, 373040.488, 0, 1.16919218e+14, 7.81324533e+17, 63141.2573, -339.778726, -344.184982, 5e+15, 9.70015293e+21, -183728.643, 324569.269, 301.24644, 95.5753456, 67.6619543, 1.23809529, 1.23809529, 5e+15, 62661.3192, 495.308853, 0.420260874, 75850.1602, -337.100633, -29919.3492, -36344.4176, 362.72894, 55037.9985, 66555.2222, 0, 1.20708596e-08, 1.20708596e-08, 2.3625319e+10, 2.30072318e+10, -128965924, 0.27, 3.332, -489121341, -30256.4499, 55400.7274, 0, 4.99684667e+15, 0, 0, 0, 0
0.239285675, 0, 0, 5e+15, 0, 1.33521278e-21, 3.718e+18, 6.44e+20, 4.85, 4, 341.807818, 61.5638942, 1.23809529, 390349.548, 0, 1.13677564e+14, 7.45072577e+17, 62632.4772, -339.719506, -344.123728, 5e+15, 9.42058732e+21, -190025.646, 340789.539, 301.287289, 93.5798339, 61.5638942, 1.23809529, 1.23809529, 5e+15, 62156.8354, 492.754384, 0.419353031, 74465.1057, -339.108341, -29491.8166, -35505.0738, 357.495734, 54685.5853, 65425.3971, 0, 1.20731839e-08, 1.20731839e-08, 2.45092927e+10, 2.39425351e+10, -112922430, 0.27, 3.332, -453835158, -29830.925, 55043.081, 0, 4.99693828e+15, 0, 0, 0, 0
0.24375, 0, 0, 5e+15, 0, 1.37827779e-21, 3.718e+18, 6.44e+20, 4.85, 4, 341.647872, 54.605528, 1.23809529, 427673.052, -6.92584571e-12, 1.10873869e+14, 6.73992677e+17, 61338.1235, -339.560313, -343.961103, 5e+15, 9.1832868e+21, -203783.751, 375906.288, 301.389772, 89.1991153, 54.605528, 1.23809529, 1.23809529, 5e+15, 60870.2609, 487.487606, 0.416804654, 71504.3218, -338.759394, -28238.6876, -33378.5191, 350.501651, 53907.8028, 63219.1496, 0, 1.20790158e-08, 1.20790158e-08, 2.62668353e+10, 2.58040498e+10, -87676024, 0.27, 3.332, -375109524, -28577.4469, 54258.3045, 0, 4.99701739e+15, 1.9207294e-12, 1.14495418e-11, 0, 0
0.245535675, 0, 0, 5e+15, 0, 1.39699756e-21, 3.718e+18, 6.44e+20, 4.85, 4, 341.578737, 54.605528, 1.23809529, 441685.305, 3114.12043, 1.0968203e+14, 6.49103793e+17, 60792.755, -339.491504, -343.890959, 5e+15, 9.08167039e+21, -208314.513, 389292.525, 301.43323, 87.6826322, 54.605528, 1.23809529, 1.23809529, 5e+15, 60328.2339, 485.256003, 0.415997662, 70369.6495, -338.847508, -27809.9378, -32684.8726, 347.347642, 53511.1438, 62293.8055, 0, 1.20814891e-08, 1.20814891e-08, 2.68777195e+10, 2.6449341e+10, -79486946.2, 0.27, 3.332, -348891612, -28148.7853, 53858.4915, 0, 4.99705126e+15, 4.11006044e-12, 3.51418871e-11, 0, 0
0.25, 0, 0, 5e+15, 0, 1.44462292e-21, 3.718e+18, 6.44e+20, 4.85, 4, 341.398651, 50.1607694, 1.23809529, 472702.237, 4.24687107e+13, 1.07941546e+14, 5.97765079e+17, 59468.7661, -339.311945, -343.708654, 5e+15, 8.93225908e+21, -218366.838, 419145.523, 301.541605, 84.6675286, 50.1607694, 1.23809529, 1.23809529, 5e+15, 59011.0723, 480.288069, 0.413721341, 67855.4623, -336.751484, -26612.2855, -30895.8345, 342.436324, 52656.081, 60400.0442, 0, 1.20876576e-08, 1.20876576e-08, 2.8126918e+10, 2.7764237e+10, -64879643.2, 0.27, 3.332, -297801260, -26949.037, 52998.5173, 0, 4.99710198e+15, 9.13444335e-11, 3.48916014e-10, 0, 0
0.251785675, 0, 0, 5e+15, 0, 1.46521586e-21, 3.718e+18, 6.44e+20, 4.85, 4, 341.321843, 47.641299, 1.23809529, 484403.738, 1.05721733e+14, 1.07145249e+14, 5.79337888e+17, 58925.208, -339.235376, -343.630998, 5e+15, 8.86422253e+21, -221718.728, 430506.017, 301.587206, 83.5692208, 47.641299, 1.23809529, 1.23809529, 5e+15, 58470.362, 478.215645, 0.413005324, 66886.714, -336.093049, -26205.8747, -30308.3033, 340.188975, 52247.637, 59605.5212, 0, 1.20902534e-08, 1.20902534e-08, 2.85551478e+10, 2.82147975e+10, -59908444, 0.27, 3.332, -280441782, -26541.9677, 52587.8259, 0, 4.99712499e+15, 1.31823102e-10, 6.72780879e-10, 0, 0
0.25625, 0, 0, 5e+15, 0, 1.51740587e-21, 3.718e+18, 6.44e+20, 4.85, 4, 341.124443, 44.5393655, 1.23809529, 510776.708, 6.78181778e+14, 1.0578376e+14, 5.40018981e+17, 57620.5251, -339.038425, -343.431687, 5e+15, 8.74620671e+21, -229182.775, 456378.44, 301.700516, 81.4636195, 44.5393655, 1.23809529, 1.23809529, 5e+15, 57172.006, 473.419935, 0.41097287, 64689.8723, -333.392976, -25089.0844, -28773.9288, 336.110096, 51361.1676, 57926.7605, 0, 1.20967042e-08, 1.20967042e-08, 2.94390286e+10, 2.91438125e+10, -50296232.4, 0.27, 3.332, -244919826, -25422.4773, 51697.2777, 0, 4.99716561e+15, 6.94156335e-10, 3.73963885e-09, 0, 0
0.258035675, 0, 0, 5e+15, 0, 1.53987068e-21, 3.718e+18, 6.44e+20, 4.85, 4, 341.041051, 44.5393655, 1.23809529, 520764.027, 1.31767734e+15, 1.05166327e+14, 5.25670216e+17, 57093.3181, -338.955235, -343.34756, 5e+15, 8.69325029e+21, -231708.061, 466207.191, 301.747872, 80.6681374, 44.5393655, 1.23809529, 1.23809529, 5e+15, 56647.3615, 471.451031, 0.410338392, 63841.5205, -332.436089, -24712.0767, -28267.8308, 334.29082, 50954.6785, 57225.2699, 0, 1.20994005e-08, 1.20994005e-08, 2.97368676e+10, 2.9457269e+10, -46976626.5, 0.27, 3.332, -232621990, -25044.5128, 51288.9693, 0, 4.99718375e+15, 9.85957725e-10, 6.30718584e-09, 0, 0
0.2625, 0, 0, 5e+15, 0, 1.59665472e-21, 3.718e+18, 6.44e+20, 4.85, 4, 340.828526, 42.2418412, 1.23809529, 543572.521, 5.34505355e+15, 1.03972288e+14, 4.9430947e+17, 55829.9574, -338.743128, -343.133347, 5e+15, 8.58914305e+21, -237298.851, 488947.342, 301.865278, 79.174523, 42.2418412, 1.23809529, 1.23809529, 5e+15, 55390.0038, 466.773171, 0.408524574, 61884.6069, -329.505474, -23681.6407, -26932.6857, 330.606042, 50062.0315, 55706.7531, 0, 1.2106086e-08, 1.2106086e-08, 3.03516195e+10, 3.01048003e+10, -40275467.3, 0.27, 3.332, -206543789, -24011.1462, 50392.6376, 0, 4.99721991e+15, 4.08534094e-09, 2.3990575e-08, 0, 0
0.264285675, 0, 0, 5e+15, 0, 1.62099445e-21, 3.718e+18, 6.44e+20, 4.85, 4, 340.739393, 40.8378719, 1.23809529, 552240.208, 8.87638738e+15, 1.03444863e+14, 4.82731582e+17, 55325.5159, -338.654178, -343.043561, 5e+15, 8.54376098e+21, -239224.73, 497576.084, 301.914042, 78.5927989, 40.8378719, 1.23809529, 1.23809529, 5e+15, 54887.9408, 464.876088, 0.40796316, 61128.7403, -328.420786, -23335.1718, -26490.9687, 329.010973, 49664.8274, 55076.1426, 0, 1.21088632e-08, 1.21088632e-08, 3.05544326e+10, 3.03190803e+10, -37961304.1, 0.27, 3.332, -197390965, -23663.5926, 49993.8384, 0, 4.9972356e+15, 5.43334108e-09, 3.66242172e-08, 0, 0
0.26875, 0, 0, 5e+15, 0, 1.68239823e-21, 3.718e+18, 6.44e+20, 4.85, 4, 340.513494, 39.0620434, 1.23809529, 572235.175, 2.65462278e+16, 1.02338436e+14, 4.56970968e+17, 54114.8522, -338.428683, -342.816143, 5e+15, 8.44696719e+21, -243425.38, 517787.86, 302.034762, 77.5234246, 39.0620434, 1.23809529, 1.23809529, 5e+15, 53683.0353, 460.289637, 0.406345803, 59362.3045, -325.399943, -22389.1063, -25316.0942, 325.545082, 48782.3761, 53684.9302, 0, 1.21157389e-08, 1.21157389e-08, 3.09685208e+10, 3.07578921e+10, -33170888.9, 0.27, 3.332, -177457807, -22714.5062, 49107.9212, 0, 4.99726941e+15, 1.68133723e-08, 1.06802054e-07, 0, 0
0.270535675, 0, 0, 5e+15, 0, 1.70860795e-21, 3.718e+18, 6.44e+20, 4.85, 4, 340.419288, 39.0620434, 1.23809529, 579860.487, 3.96489567e+16, 1.0186148e+14, 4.47379669e+17, 53636.0625, -338.33465, -342.721347, 5e+15, 8.4058414e+21, -244905.657, 525453.854, 302.084607, 77.0943467, 39.0620434, 1.23809529, 1.23809529, 5e+15, 53206.4929, 458.445963, 0.405850023, 58680.7388, -324.258453, -22071.9503, -24926.4233, 324.080508, 48398.7859, 53111.3637, 0, 1.21185783e-08, 1.21185783e-08, 3.11013016e+10, 3.08993929e+10, -31515837.1, 0.27, 3.332, -170392951, -22396.2087, 48722.8664, 0, 4.99728372e+15, 2.13168403e-08, 1.51508638e-07, 0, 0
0.275, 0, 0, 5e+15, 0, 1.77462767e-21, 3.718e+18, 6.44e+20, 4.85, 4, 340.181442, 37.6444402, 1.23809529, 597590.091, 9.58087168e+16, 1.00808006e+14, 4.2574257e+17, 52483.8186, -338.097203, -342.482118, 5e+15, 8.31350895e+21, -248054.829, 543589.234, 302.207881, 76.3280894, 37.6444402, 1.23809529, 1.23809529, 5e+15, 52059.8044, 453.936859, 0.404409792, 57071.8017, -321.207734, -21205.0941, -23883.3391, 320.753846, 47537.5194, 51826.803, 0, 1.21256012e-08, 1.21256012e-08, 3.13649232e+10, 3.11822099e+10, -28021677.5, 0.27, 3.332, -154691677, -21526.3018, 47858.2733, 0, 4.99731608e+15, 5.33541238e-08, 3.64223438e-07, 0, 0
0.276785675, 0, 0, 5e+15, 0, 1.80268329e-21, 3.718e+18, 6.44e+20, 4.85, 4, 340.082706, 36.7369988, 1.23809529, 604376.453, 1.32753083e+17, 1.00362252e+14, 4.17634065e+17, 52031.6249, -337.998635, -342.382842, 5e+15, 8.27503159e+21, -249197.208, 550469.758, 302.258481, 76.0102578, 36.7369988, 1.23809529, 1.23809529, 5e+15, 51609.7571, 452.135408, 0.403973204, 56452.0825, -320.041816, -20915.0751, -23536.5765, 319.372681, 47170.0026, 51301.1137, 0, 1.21284843e-08, 1.21284843e-08, 3.14457719e+10, 3.12698786e+10, -26806166.3, 0.27, 3.332, -149087130, -21235.1169, 47489.3753, 0, 4.99732951e+15, 6.52473162e-08, 4.88769909e-07, 0, 0
0.28125, 0, 0, 5e+15, 0, 1.87326093e-21, 3.718e+18, 6.44e+20, 4.85, 4, 339.834095, 35.576122, 1.23809529, 620254.941, 2.74746387e+17, 9.93447911e+13, 3.99139356e+17, 50939.8847, -337.750419, -342.132955, 5e+15, 8.18577887e+21, -251538.564, 566878.915, 302.383537, 75.4665269, 35.576122, 1.23809529, 1.23809529, 5e+15, 50523.3964, 447.695231, 0.402693295, 54977.5199, -316.98996, -20120.9518, -22603.7484, 316.144727, 46336.9603, 50109.4613, 0, 1.21356104e-08, 1.21356104e-08, 3.15962756e+10, 3.14356532e+10, -24188644.7, 0.27, 3.332, -136433648, -20437.9418, 46653.105, 0, 4.99736084e+15, 1.39390988e-07, 1.01699793e-06, 0, 0
0.283035675, 0, 0, 5e+15, 0, 1.90310872e-21, 3.718e+18, 6.44e+20, 4.85, 4, 339.731273, 35.576122, 1.23809529, 626356.407, 3.60309064e+17, 9.89200176e+13, 3.92172435e+17, 50514.0604, -337.647762, -342.029635, 5e+15, 8.14910298e+21, -252420.334, 573110.631, 302.434561, 75.231535, 35.576122, 1.23809529, 1.23809529, 5e+15, 50099.6366, 445.928823, 0.402310331, 54410.6849, -315.815557, -19855.5778, -22292.9679, 314.821291, 45986.7043, 49625.192, 0, 1.21385184e-08, 1.21385184e-08, 3.16384921e+10, 3.14833334e+10, -23266285.3, 0.27, 3.332, -131892375, -20171.3934, 46301.5256, 0, 4.99737368e+15, 1.65770739e-07, 1.30747736e-06, 0, 0
0.2875, 0, 0, 5e+15, 0, 1.97810785e-21, 3.718e+18, 6.44e+20, 4.85, 4, 339.472884, 34.605435, 1.23809529, 640704.986, 6.6402403e+17, 9.79293965e+13, 3.76137409e+17, 49482.4987, -337.389766, -341.77006, 5e+15, 8.06219405e+21, -254132.564, 588071.592, 302.5606, 74.85512, 34.605435, 1.23809529, 1.23809529, 5e+15, 49073.298, 441.551767, 0.401176149, 53053.3465, -312.777119, -19127.3599, -21453.6436, 311.669292, 45185.9915, 48516.5497, 0, 1.21457024e-08, 1.21457024e-08, 3.17039013e+10, 3.15611536e+10, -21237414.4, 0.27, 3.332, -121510311, -19440.137, 45497.6607, 0, 4.9974042e+15, 3.13851896e-07, 2.43603269e-06, 0, 0
0.289285675, 0, 0, 5e+15, 0, 2.00965447e-21, 3.718e+18, 6.44e+20, 4.85, 4, 339.366346, 33.9626595, 1.23809529, 646241.04, 8.35418611e+17, 9.75197608e+13, 3.70071278e+17, 49082.1232, -337.28339, -341.663059, 5e+15, 8.02684043e+21, -254810.208, 593762.292, 302.611705, 74.6831118, 33.9626595, 1.23809529, 1.23809529, 5e+15, 48674.9184, 439.815493, 0.400841995, 52532.6164, -311.60252, -18884.1269, -21173.4464, 310.388525, 44853.3321, 48068.8643, 0, 1.21486157e-08, 1.21486157e-08, 3.17173611e+10, 3.15790825e+10, -20511274.1, 0.27, 3.332, -117767386, -19195.7294, 45163.7207, 0, 4.99741659e+15, 3.65131701e-07, 3.02821032e-06, 0, 0
0.29375, 0, 0, 5e+15, 0, 2.08883684e-21, 3.718e+18, 6.44e+20, 4.85, 4, 339.099009, 33.1366464, 1.23809529, 659313.759, 1.40856093e+18, 9.65505472e+13, 3.56003527e+17, 48108.9153, -337.016445, -341.394613, 5e+15, 7.9418506e+21, -256026.3, 607499.816, 302.737892, 74.4352182, 33.1366464, 1.23809529, 1.23809529, 5e+15, 47706.7929, 435.497038, 0.399840856, 51279.0792, -308.585027, -18215.1638, -20414.2676, 307.298552, 44086.9792, 47035.5007, 0, 1.21558098e-08, 1.21558098e-08, 3.1718852e+10, 3.15908503e+10, -18879335.9, 0.27, 3.332, -109122383, -18523.7488, 44394.2778, 0, 4.99744642e+15, 6.29385177e-07, 5.17659488e-06, 0, 0
0.295535675, 0, 0, 5e+15, 0, 2.12194015e-21, 3.718e+18, 6.44e+20, 4.85, 4, 338.989065, 32.8785288, 1.23809529, 664378.819, 1.71628212e+18, 9.61524855e+13, 3.50662674e+17, 47732.6965, -336.906662, -341.284235, 5e+15, 7.90753138e+21, -256541.69, 612736.008, 302.78872, 74.3120535, 32.8785288, 1.23809529, 1.23809529, 5e+15, 47332.5107, 433.787358, 0.399551337, 50799.0809, -307.414704, -17991.7059, -20160.3253, 306.051054, 43771.7127, 46620.5643, 0, 1.21587081e-08, 1.21587081e-08, 3.17109567e+10, 3.15866768e+10, -18286749.1, 0.27, 3.332, -105993174, -18299.1206, 44077.7638, 0, 4.99745843e+15, 7.19459779e-07, 6.26500908e-06, 0, 0
0.3, 0, 0, 5e+15, 0, 2.20494402e-21, 3.718e+18, 6.44e+20, 4.85, 4, 338.713485, 31.5403987, 1.23809529, 676379.809, 2.69922012e+18, 9.52012037e+13, 3.38196883e+17, 46815.1864, -336.631471, -341.007611, 5e+15, 7.82419907e+21, -257361.811, 625434.308, 302.91418, 74.1648254, 31.5403987, 1.23809529, 1.23809529, 5e+15, 46419.9553, 429.523749, 0.398672185, 49638.3559, -304.421977, -17375.8022, -19470.4138, 303.013951, 43040.3665, 45656.0216, 0, 1.21658625e-08, 1.21658625e-08, 3.16646555e+10, 3.15490239e+10, -16928591.3, 0.27, 3.332, -98703033.8, -17680.2241, 43343.3804, 0, 4.99748765e+15, 1.15162384e-06, 1.00035897e-05, 0, 0
0.301785675, 0, 0, 5e+15, 0, 2.23940517e-21, 3.718e+18, 6.44e+20, 4.85, 4, 338.600395, 31.3129693, 1.23809529, 681049.616, 3.20711619e+18, 9.48124141e+13, 3.33450022e+17, 46461.6701, -336.518541, -340.894114, 5e+15, 7.79073227e+21, -257746.364, 630286.362, 302.964358, 74.0802601, 31.3129693, 1.23809529, 1.23809529, 5e+15, 46068.3239, 427.837985, 0.398423669, 49194.6558, -303.258382, -17169.9596, -19239.174, 301.793517, 42741.9691, 45270.6395, 0, 1.21687244e-08, 1.21687244e-08, 3.16410039e+10, 3.15285194e+10, -16430068.5, 0.27, 3.332, -96054384.3, -17473.2179, 43043.7626, 0, 4.99749935e+15, 1.29782805e-06, 1.18486141e-05, 0, 0
0.30625, 0, 0, 5e+15, 0, 2.32572652e-21, 3.718e+18, 6.44e+20, 4.85, 4, 338.31717, 31.3129693, 1.23809529, 692145.042, 4.77235959e+18, 9.38766965e+13, 3.22308944e+17, 45596.8203, -336.235704, -340.609904, 5e+15, 7.70888814e+21, -258246.764, 642098.052, 303.088177, 74.0133157, 31.3129693, 1.23809529, 1.23809529, 5e+15, 45208.3123, 423.625984, 0.397656836, 48117.4292, -300.292213, -16601.4971, -18609.5195, 298.802901, 42045.3979, 44369.2578, 0, 1.21757869e-08, 1.21757869e-08, 3.15592934e+10, 3.14541867e+10, -15268954.1, 0.27, 3.332, -89837633.1, -16901.7893, 42344.2008, 0, 4.99752798e+15, 1.95785919e-06, 1.79101544e-05, 0, 0
0.308035675, 0, 0, 5e+15, 0, 2.36128397e-21, 3.718e+18, 6.44e+20, 4.85, 4, 338.201156, 31.3129693, 1.23809529, 696481.114, 5.55738893e+18, 9.3495609e+13, 3.18055751e+17, 45264.5193, -336.119848, -340.493504, 5e+15, 7.67615305e+21, -258524.304, 646623.841, 303.137323, 73.9598116, 31.3129693, 1.23809529, 1.23809529, 5e+15, 44877.8505, 421.961981, 0.397446156, 47706.2525, -299.136656, -16411.3387, -18398.0198, 297.605191, 41763.1717, 44010.6651, 0, 1.21785906e-08, 1.21785906e-08, 3.1524157e+10, 3.14217459e+10, -14840099.8, 0.27, 3.332, -87570951.6, -16710.4753, 42060.7769, 0, 4.99753939e+15, 2.18083332e-06, 2.08439494e-05, 0, 0
0.3125, 0, 0, 5e+15, 0, 2.45026272e-21, 3.718e+18, 6.44e+20, 4.85, 4, 337.9108, 30.7599058, 1.23809529, 706807.699, 7.90884902e+18, 9.25737586e+13, 3.0802496e+17, 44449.1948, -335.829876, -340.202215, 5e+15, 7.59568313e+21, -258763.605, 657676.442, 303.258559, 73.9579844, 30.7599058, 1.23809529, 1.23809529, 5e+15, 44067.2573, 417.798761, 0.396783168, 46704.4378, -296.197719, -15885.3085, -17821.0677, 294.656377, 41100.6126, 43167.3347, 0, 1.21855075e-08, 1.21855075e-08, 3.14166253e+10, 3.13205805e+10, -13829128.1, 0.27, 3.332, -82215725.2, -16181.5063, 41395.269, 0, 4.99756746e+15, 3.13569509e-06, 3.01336014e-05, 0, 0
0.314285675, 0, 0, 5e+15, 0, 2.48658914e-21, 3.718e+18, 6.44e+20, 4.85, 4, 337.792049, 30.3748412, 1.23809529, 710860.516, 9.06092238e+18, 9.21992357e+13, 3.04187377e+17, 44136.6645, -335.711282, -340.083099, 5e+15, 7.56359508e+21, -258952.372, 661923.971, 303.306283, 73.929916, 30.3748412, 1.23809529, 1.23809529, 5e+15, 43756.5253, 416.154662, 0.396607548, 46322.5045, -295.050827, -15709.1296, -17626.8145, 293.478146, 40833.7796, 42833.0797, 0, 1.21882307e-08, 1.21882307e-08, 3.13732908e+10, 3.12795794e+10, -13454953.4, 0.27, 3.332, -80256553.5, -16004.1804, 41127.2578, 0, 4.99757861e+15, 3.45924844e-06, 3.45660637e-05, 0, 0
0.31875, 0, 0, 5e+15, 0, 2.57740208e-21, 3.718e+18, 6.44e+20, 4.85, 4, 337.495, 29.8799925, 1.23809529, 720531.753, 1.24338251e+19, 9.12899752e+13, 2.95098316e+17, 43367.7949, -335.414614, -339.785164, 5e+15, 7.4844193e+21, -258976.087, 672324.738, 303.423975, 73.9817416, 29.8799925, 1.23809529, 1.23809529, 5e+15, 42992.2891, 412.037713, 0.396040947, 45388.9739, -292.139183, -15221.1122, -17096.1787, 290.567511, 40204.1649, 42043.1156, 0, 1.21949469e-08, 1.21949469e-08, 3.12474188e+10, 3.11592526e+10, -12565435.8, 0.27, 3.332, -75600774.3, -15513.2513, 40494.7323, 0, 4.99760614e+15, 4.78205022e-06, 4.81727623e-05, 0, 0
0.320535675, 0, 0, 5e+15, 0, 2.61410478e-21, 3.718e+18, 6.44e+20, 4.85, 4, 337.373674, 29.8799925, 1.23809529, 724343.078, 1.40559944e+19, 9.09211259e+13, 2.9161464e+17, 43073.6697, -335.293443, -339.663491, 5e+15, 7.4529139e+21, -259090.163, 676334.103, 303.469887, 73.9748598, 29.8799925, 1.23809529, 1.23809529, 5e+15, 42699.9258, 410.411747, 0.395897951, 45033.3982, -291.001111, -15057.418, -16917.0612, 289.406104, 39951.9226, 41730.995, 0, 1.21975673e-08, 1.21975673e-08, 3.11984309e+10, 3.11123023e+10, -12236523.9, 0.27, 3.332, -73892035.1, -15348.4191, 40241.3287, 0, 4.99761704e+15, 5.23307173e-06, 5.45983989e-05, 0, 0
0.325, 0, 0, 5e+15, 0, 2.70576766e-21, 3.718e+18, 6.44e+20, 4.85, 4, 337.07031, 29.4330883, 1.23809529, 733453.804, 1.8717921e+19, 9.00234307e+13, 2.83332879e+17, 42348.3275, -334.990456, -339.359282, 5e+15, 7.37497163e+21, -258933.957, 686173.663, 303.583077, 74.071545, 29.4330883, 1.23809529, 1.23809529, 5e+15, 41979.1264, 406.338689, 0.395421152, 44161.8101, -288.116427, -14603.5338, -16427.3141, 286.530611, 39354.0151, 40990.0716, 0, 1.22040281e-08, 1.22040281e-08, 3.10600831e+10, 3.09788226e+10, -11450277, 0.27, 3.332, -69810173.2, -14891.6501, 39640.5457, 0, 4.99764402e+15, 7.00264238e-06, 7.38097448e-05, 0, 0
0.326785675, 0, 0, 5e+15, 0, 2.74239341e-21, 3.718e+18, 6.44e+20, 4.85, 4, 336.946546, 29.1157761, 1.23809529, 737058.403, 2.09270239e+19, 8.96594793e+13, 2.80153643e+17, 42071.3338, -334.866844, -339.235189, 5e+15, 7.34399362e+21, -258984.281, 689978.512, 303.626795, 74.0826105, 29.1157761, 1.23809529, 1.23809529, 5e+15, 41703.8624, 404.728947, 0.395308636, 43830.0352, -286.986919, -14451.0169, -16261.5379, 285.383586, 39115.5667, 40698.0936, 0, 1.22065238e-08, 1.22065238e-08, 3.10074186e+10, 3.09279506e+10, -11160323.9, 0.27, 3.332, -68307626.1, -14738.0038, 39400.9503, 0, 4.99765469e+15, 7.61106074e-06, 8.28160531e-05, 0, 0
0.33125, 0, 0, 5e+15, 0, 2.83377363e-21, 3.718e+18, 6.44e+20, 4.85, 4, 336.637193, 28.708771, 1.23809529, 745688.212, 2.7180172e+19, 8.87724452e+13, 2.72570542e+17, 41386.7585, -334.557864, -338.925031, 5e+15, 7.26723198e+21, -258676.321, 699333.633, 303.734542, 74.2173262, 28.708771, 1.23809529, 1.23809529, 5e+15, 41023.7464, 400.697275, 0.394915806, 43014.7162, -284.128514, -14027.8643, -15808.0451, 282.540364, 38548.0375, 40002.2112, 0, 1.22126752e-08, 1.22126752e-08, 3.08611979e+10, 3.07860315e+10, -10464829.7, 0.27, 3.332, -64701552.8, -14311.9928, 38830.5779, 0, 4.99768113e+15, 9.91188177e-06, 0.000109137643, 0, 0
0.333035675, 0, 0, 5e+15, 0, 2.86981843e-21, 3.718e+18, 6.44e+20, 4.85, 4, 336.511109, 28.708771, 1.23809529, 749115.135, 3.01079107e+19, 8.8412625e+13, 2.69655557e+17, 41125.7135, -334.43193, -338.798633, 5e+15, 7.23672631e+21, -258671.406, 702962.292, 303.775701, 74.243859, 28.708771, 1.23809529, 1.23809529, 5e+15, 40764.4032, 399.101459, 0.394831873, 42704.4678, -283.006878, -13885.3785, -15654.078, 281.405161, 38322.6054, 39728.5714, 0, 1.22150253e-08, 1.22150253e-08, 3.08064023e+10, 3.07292979e+10, -10209164.7, 0.27, 3.332, -66895203.6, -14168.3854, 38604.0106, 0, 4.99769158e+15, 1.07106322e-05, 0.000121408594, 0, 0
0.3375, 0, 0, 5e+15, 0, 2.95965999e-21, 3.718e+18, 6.44e+20, 4.85, 4, 336.196048, 28.3352913, 1.23809529, 757330.935, 3.82923637e+19, 8.75353436e+13, 2.62682214e+17, 40479.311, -334.117236, -338.482805, 5e+15, 7.16108915e+21, -258234.036, 711898.025, 303.877107, 74.4112623, 28.3352913, 1.23809529, 1.23809529, 5e+15, 40122.3836, 395.108201, 0.394517826, 41940.3275, -280.173644, -13489.968, -15232.8646, 278.591108, 37784.0781, 39074.0366, 0, 1.22208158e-08, 1.22208158e-08, 3.0655936e+10, 3.05739033e+10, -9594722.89, 0.27, 3.332, -72438065.5, -13770.1417, 38062.6693, 0, 4.9977175e+15, 1.36329276e-05, 0.000156567211, 0, 0
0.339285675, 0, 0, 5e+15, 0, 2.99458869e-21, 3.718e+18, 6.44e+20, 4.85, 4, 336.067748, 28.0705127, 1.23809529, 760543.212, 4.19812783e+19, 8.71787968e+13, 2.58801177e+17, 40216.7757, -333.989083, -338.354084, 5e+15, 7.13097649e+21, -258180.554, 715309.663, 303.915372, 74.4513706, 28.0705127, 1.23809529, 1.24419414, 5e+15, 39861.7655, 393.523332, 0.394466003, 41632.1612, -279.058651, -13299.9051, -15032.7929, 277.464744, 37572.5975, 38819.2214, 0, 1.22230012e-08, 1.22230012e-08, 3.05851927e+10, 3.04882492e+10, -9330937.96, 0.27, 3.332, -87612565.6, -13578.9638, 37850.0623, 0, 4.99772774e+15, 1.46288807e-05, 0.000172436362, 0, 0
0.34375, 0, 0, 5e+15, 0, 3.08156138e-21, 3.718e+18, 6.44e+20, 4.85, 4, 335.747223, 27.7254634, 1.23809529, 768249.926, 5.21207531e+19, 8.63102219e+13, 2.49495864e+17, 39558.6286, -333.66892, -338.032523, 5e+15, 7.05635168e+21, -257631.708, 723720.017, 304.009612, 74.6472934, 27.7254634, 1.23809529, 1.24419414, 5e+15, 39208.5484, 389.564575, 0.394240061, 40864.4864, -276.248842, -12778.0523, -14488.8875, 274.676066, 37065.7372, 38207.7595, 0, 1.22283836e-08, 1.22283836e-08, 3.03904707e+10, 3.02574287e+10, -8694481.37, 0.27, 3.332, -124347573, -13054.3012, 37340.4133, 0, 4.99775314e+15, 1.81682591e-05, 0.000217085706, -1.21738214e-11, -1.13350412e-11
0.345535675, 0, 0, 5e+15, 0, 3.11486239e-21, 3.718e+18, 6.44e+20, 4.85, 4, 335.616875, 27.7254634, 1.24419414, 770015.536, 4.92641957e+19, 8.59558886e+13, 2.4170827e+17, 38352.1588, -333.538716, -337.901316, 5e+15, 4.99599795e+24, -258424.797, 725315.646, 304.044725, 74.7177724, 27.7254634, 1.25029299, 1.24419414, 5e+15, 38005.2885, 386.279781, 0.391368896, 39641.7205, -275.222713, -12512.3087, -14214.4388, 271.031285, 35886.0371, 37005.4615, 0, 1.22303892e-08, 1.22303892e-08, 2.93701708e+10, 2.93681054e+10, 95183681.3, 0.27, 3.332, -97249125.6, -12787.5315, 36157.0684, 0, 3.54311319e+15, 1.6827401e-05, 0.000203208075, 103211.399, 44415.9721
0.35, 0, 0, 5e+15, 0, 3.19770515e-21, 3.718e+18, 6.44e+20, 4.85, 4, 335.291299, 27.4168257, 1.25944174, 774161.294, 4.23326707e+19, 8.50946681e+13, 2.23706679e+17, 35403.181, -333.213496, -337.573642, 5e+15, 1.76026554e+25, -260137.092, 729104.335, 304.131172, 74.9648528, 27.4168257, 1.28078819, 1.25944174, 5e+15, 35064.3077, 378.075377, 0.383622273, 36659.8061, -272.562552, -11804.3127, -13487.6048, 262.01249, 33015.6597, 34086.8321, 0, 1.22353273e-08, 1.22353273e-08, 2.68450332e+10, 2.71666319e+10, 352819180, 0.27, 3.332, -31220537.3, -12076.8753, 33277.6722, 0, 1.49933644e+15, 1.14590593e-05, 0.000160552218, 2e+18, 1.04214779e+17
0.35, 0, 0, 1.5e+15, 0, 3.19770515e-21, 3.718e+18, 6.44e+20, 4.85, 4, 335.291299, 27.4168257, 1.25944174, 755878.933, 4.23326707e+19, 8.50946681e+13, 2.23706679e+17, 35403.181, -333.213496, -337.573642, 1.5e+15, 1.76026554e+25, -251584.02, 712748.242, 304.131172, 74.9648528, 27.4168257, 1.28078819, 1.25944174, 1.5e+15, 35064.3077, 378.075377, 0.383622273, 36659.8061, -272.562552, -11804.3127, -13487.6048, 262.01249, 33015.6597, 34086.8321, 0, 1.22353273e-08, 1.22353273e-08, 2.68450332e+10, 2.71666319e+10, 352819180, 0.27, 3.332, -31220537.3, -12076.8753, 33277.6722, 0, 1.49933644e+15, 1.14590593e-05, 0.000160552218, 2e+18, 1.04214779e+17
0.368883528, 0, 0, 1.5e+15, 0, 3.45665546e-21, 3.718e+18, 6.44e+20, 4.85, 4, 333.944661, 27.7989314, 1.26554059, 753412.699, 3.51808032e+19, 8.39887652e+13, 2.15352562e+17, 34512.1722, -331.86745, -336.22581, 1.5e+15, 1.73548427e+25, -251255.307, 710256.087, 304.367656, 75.6836061, 27.7989314, 1.28078819, 1.26554059, 1.5e+15, 34178.559, 373.246968, 0.380887171, 35735.6681, -269.041977, -11337.0032, -12964.5764, 258.707446, 32236.7223, 33294.3266, 0, 1.22488442e-08, 1.22488442e-08, 2.60748875e+10, 2.63930567e+10, 344320504, 0.27, 3.332, -26151279.9, -11606.0452, 32495.4297, 0, 1.4993467e+15, 1.07413841e-05, 0.000149005464, 2e+18, 1.05577925e+17
0.4160938, 0, 0, 1.5e+15, 0, 4.0968175e-21, 3.718e+18, 6.44e+20, 4.85, 4, 330.582018, 28.76316, 1.28078819, 746316.156, 2.14627003e+19, 8.13421602e+13, 1.96090689e+17, 32235.8473, -328.506258, -332.86023, 1.5e+15, 1.6744218e+25, -248094.621, 703850.526, 304.947797, 78.3564948, 28.76316, 1.28078819, 1.28078819, 1.5e+15, 31916.3266, 361.083725, 0.373668959, 33381.643, -260.150567, -9958.41356, -11470.1403, 250.405771, 30322.0951, 31348.392, 0, 1.22820052e-08, 1.22820052e-08, 2.40563225e+10, 2.43652415e+10, 322550671, 0.27, 3.332, -13631692.1, -10218.5641, 30572.5009, 0, 1.49937209e+15, 7.45518926e-06, 0.000111878809, 2e+18, 1.08683411e+17
0.4349773, 0, 0, 1.5e+15, 0, 4.10509637e-21, 3.718e+18, 6.44e+20, 4.85, 4, 329.267744, 28.76316, 1.28078819, 740032.643, 1.67859065e+19, 7.94201301e+13, 1.91278941e+17, 31052.4741, -327.19262, -331.545298, 1.5e+15, 1.63169511e+25, -245973.288, 697934.897, 304.954478, 79.1685264, 28.76316, 1.28078819, 1.28078819, 1.5e+15, 30740.0311, 352.695129, 0.368867099, 32179.1231, -254.099488, -9653.7988, -11125.2699, 244.595995, 29184.5506, 30194.595, 0, 1.22823873e-08, 1.22823873e-08, 2.3005846e+10, 2.33248266e+10, 330808154, 0.27, 3.332, -11827542.3, -9907.89828, 29429.1466, 0, 1.49938642e+15, 6.53462997e-06, 9.73114369e-05, 2e+18, 1.14063108e+17
0.4821875, 0, 0, 1.5e+15, 0, 4.11837726e-21, 3.718e+18, 6.44e+20, 4.85, 4, 325.986313, 28.76316, 1.28078819, 723367.294, 8.83662969e+18, 7.48359664e+13, 1.79932323e+17, 28094.5628, -323.912762, -328.26225, 1.5e+15, 1.52414574e+25, -238016.132, 683075.652, 304.96515, 81.8478932, 28.76316, 1.28078819, 1.28078819, 1.5e+15, 27800.6176, 331.457318, 0.356306653, 29177.199, -238.748856, -8774.43962, -10157.6014, 229.919256, 26379.1754, 27351.603, 0, 1.22829976e-08, 1.22829976e-08, 2.03429174e+10, 2.06874641e+10, 351891038, 0.27, 3.332, -7344262.72, -9013.18847, 26609.0947, 0, 1.49942242e+15, 3.11214881e-06, 5.50724785e-05, 2e+18, 1.28821323e+17
0.501071028, 0, 0, 1.5e+15, 0, 4.04772861e-21, 3.718e+18, 6.44e+20, 4.85, 4, 324.718008, 29.4123603, 1.28078819, 715622.668, 6.51699822e+18, 7.30291581e+13, 1.7691753e+17, 27258.7414, -322.645037, -326.993551, 1.5e+15, 1.48665895e+25, -235375.752, 675793.069, 304.906594, 82.8377854, 29.4123603, 1.28078819, 1.28078819, 1.5e+15, 26971.4661, 323.625051, 0.352062575, 28337.0499, -232.948353, -8542.63199, -9895.87868, 224.650416, 25582.6713, 26552.7889, 0, 1.22796491e-08, 1.22796491e-08, 1.95448687e+10, 1.98928833e+10, 354455953, 0.27, 3.332, -6441226.21, -8775.58034, 25807.3217, 0, 1.49943545e+15, 2.63215615e-06, 4.60540791e-05, 2e+18, 1.3189298e+17
0.5482813, 0, 0, 1.5e+15, 0, 3.86665887e-21, 3.718e+18, 6.44e+20, 4.85, 4, 321.552183, 31.0492792, 1.28078819, 695597.686, 2.98300647e+18, 6.86868347e+13, 1.69716817e+17, 25165.9941, -319.480662, -323.826759, 1.5e+15, 1.39155177e+25, -227042.443, 657494.336, 304.756858, 85.7468986, 31.0492792, 1.28078819, 1.28078819, 1.5e+15, 24896.0745, 303.681641, 0.34106956, 26235.14, -218.180108, -7896.36952, -9180.26118, 211.234247, 23610.3898, 24576.2878, 0, 1.22710865e-08, 1.22710865e-08, 1.75258559e+10, 1.78827158e+10, 361061378, 0.27, 3.332, -4201388.64, -8114.54963, 23821.624, 0, 1.49946849e+15, 1.07378889e-06, 2.13924125e-05, 2e+18, 1.39893027e+17
0.5671648, 0, 0, 1.5e+15, 0, 3.79661565e-21, 3.718e+18, 6.44e+20, 4.85, 4, 320.334221, 31.0492792, 1.28078819, 687362.216, 2.12033572e+18, 6.70843265e+13, 1.67666317e+17, 24530.9682, -318.263254, -322.608531, 1.5e+15, 1.35943436e+25, -223946.357, 649846.823, 304.695065, 86.9137507, 31.0492792, 1.28078819, 1.28078819, 1.5e+15, 24267.0641, 296.678937, 0.337269994, 25600.5068, -212.864223, -7700.79097, -8961.21167, 206.65505, 23012.5578, 23980.6559, 0, 1.22675539e-08, 1.22675539e-08, 1.68948505e+10, 1.72519691e+10, 360825083, 0.27, 3.332, -3706529.5, -7913.6552, 23219.2128, 0, 1.49948005e+15, 8.84506585e-07, 1.74792322e-05, 2e+18, 1.41473247e+17
0.614375, 0, 0, 1.5e+15, 0, 3.61941606e-21, 3.718e+18, 6.44e+20, 4.85, 4, 317.294864, 31.0492792, 1.28078819, 666323.689, 8.89451546e+17, 6.31986867e+13, 1.62745215e+17, 22941.2744, -315.225296, -319.568523, 1.5e+15, 1.27735629e+25, -215090.876, 630648.553, 304.53893, 90.1250795, 31.0492792, 1.28078819, 1.28078819, 1.5e+15, 22693.0082, 278.763845, 0.327488921, 24012.3152, -199.298907, -7172.87083, -8376.25375, 194.908035, 21529.4215, 22503.8418, 0, 1.22586279e-08, 1.22586279e-08, 1.5302934e+10, 1.56608823e+10, 360429061, 0.27, 3.332, -2480818.74, -7372.16974, 21724.3295, 0, 1.49950962e+15, 3.18953947e-07, 7.16012677e-06, 2e+18, 1.45490442e+17
0.633258528, 0, 0, 1.5e+15, 0, 3.56240896e-21, 3.718e+18, 6.44e+20, 4.85, 4, 316.127668, 31.8530877, 1.28078819, 657963.834, 6.12992714e+17, 6.18361056e+13, 1.61268075e+17, 22427.252, -314.058613, -318.401133, 1.5e+15, 1.25039536e+25, -211646.273, 622983.863, 304.485533, 91.4405971, 31.8530877, 1.28078819, 1.28078819, 1.5e+15, 22184.2187, 272.670287, 0.32407383, 23500.2019, -194.511854, -6997.70318, -8182.02809, 191.082463, 21051.3703, 22029.562, 0, 1.22555762e-08, 1.22555762e-08, 1.4783204e+10, 1.51403847e+10, 359352882, 0.27, 3.332, -2172183.23, -7192.21503, 21242.4528, 0, 1.49951953e+15, 2.57783297e-07, 5.75403602e-06, 2e+18, 1.46363715e+17
0.6804688, 0, 0, 1.5e+15, 0, 3.41906606e-21, 3.718e+18, 6.44e+20, 4.85, 4, 313.215717, 33.8778476, 1.28078819, 636752.868, 2.38775935e+17, 5.84921304e+13, 1.57732273e+17, 21142.6232, -311.147976, -315.488714, 1.5e+15, 1.18092647e+25, -202298.314, 603759.779, 304.35137, 94.9490108, 33.8778476, 1.28078819, 1.28078819, 1.5e+15, 20913.2318, 256.998156, 0.315314923, 22220.2717, -182.270485, -6536.30043, -7672.56701, 181.177844, 19865.4424, 20853.4849, 0, 1.22479086e-08, 1.22479086e-08, 1.34759634e+10, 1.38314562e+10, 356903926, 0.27, 3.332, -1411043.28, -6718.57091, 20046.6203, 0, 1.49954507e+15, 8.50033561e-08, 2.13900494e-06, 2e+18, 1.48568146e+17
0.6993523, 0, 0, 1.5e+15, 0, 3.37283156e-21, 3.718e+18, 6.44e+20, 4.85, 4, 312.099076, 33.8778476, 1.28078819, 628346.749, 1.59054149e+17, 5.73852642e+13, 1.56621083e+17, 20704.8127, -310.031787, -314.371926, 1.5e+15, 1.15909566e+25, -198605.65, 596122.296, 304.305774, 96.3463489, 33.8778476, 1.28078819, 1.28078819, 1.5e+15, 20479.8045, 251.815848, 0.312248171, 21785.0169, -177.965652, -6374.12986, -7494.48835, 178.14659, 19462.2774, 20454.9815, 0, 1.22453033e-08, 1.22453033e-08, 1.30319809e+10, 1.33864308e+10, 355648150, 0.27, 3.332, -1198177.68, -6552.09551, 19640.4241, 0, 1.49955318e+15, 6.76367678e-08, 1.69288393e-06, 2e+18, 1.49085604e+17
0.7465625, 0, 0, 1.5e+15, 0, 3.25701229e-21, 3.718e+18, 6.44e+20, 4.85, 4, 309.313875, 33.8778476, 1.28078819, 607113.06, 5.70216603e+16, 5.46215855e+13, 1.53986456e+17, 19613.5358, -307.247756, -311.586378, 1.5e+15, 1.10221479e+25, -188868.233, 576985.596, 304.191622, 100.032347, 33.8778476, 1.28078819, 1.28078819, 1.5e+15, 19400.0148, 238.407294, 0.304398659, 20699.6998, -166.931227, -5954.1463, -7033.1537, 170.211204, 18463.6325, 19468.1624, 0, 1.22387808e-08, 1.22387808e-08, 1.19185904e+10, 1.22707108e+10, 352798256, 0.27, 3.332, -677801.703, -6121.07753, 18633.8437, 0, 1.49957432e+15, 2.0680147e-08, 5.68109107e-07, 2e+18, 1.50393711e+17
0.765446028, 0, 0, 1.5e+15, 0, 3.21862344e-21, 3.718e+18, 6.44e+20, 4.85, 4, 308.247631, 34.8363919, 1.28078819, 598680.453, 3.65094747e+16, 5.37817172e+13, 1.53123264e+17, 19226.2553, -306.181875, -310.52002, 1.5e+15, 1.08562174e+25, -185020.744, 569360.731, 304.152045, 101.395296, 34.8363919, 1.28078819, 1.28078819, 1.5e+15, 19016.2804, 234.080615, 0.301655477, 20315.21, -163.036747, -5801.68939, -6867.00705, 167.949978, 18109.2805, 19119.0555, 0, 1.223652e-08, 1.223652e-08, 1.15292874e+10, 1.1880339e+10, 351572079, 0.27, 3.332, -520415.241, -5964.72614, 18277.2305, 0, 1.49958051e+15, 1.62343993e-08, 4.42873003e-07, 2e+18, 1.50713437e+17
0.8126563, 0, 0, 1.5e+15, 0, 3.12266789e-21, 3.718e+18, 6.44e+20, 4.85, 4, 305.588648, 37.2478501, 1.28078819, 577446.496, 1.18730899e+16, 5.16419274e+13, 1.51107832e+17, 18263.6516, -303.523848, -307.860773, 1.5e+15, 1.04187325e+25, -175042.236, 550275.061, 304.053178, 104.996501, 37.2478501, 1.28078819, 1.28078819, 1.5e+15, 18063.0131, 222.845104, 0.294640334, 19358.9189, -153.062634, -5411.29217, -6440.11364, 161.961649, 17233.343, 18256.2478, 0, 1.2230872e-08, 1.2230872e-08, 1.05555287e+10, 1.09042278e+10, 348839249, 0.27, 3.332, -140166.121, -5564.3548, 17395.3046, 0, 1.49959684e+15, 4.66697709e-09, 1.3215707e-07, 2e+18, 1.51528899e+17
0.8315398, 0, 0, 1.5e+15, 0, 3.09018986e-21, 3.718e+18, 6.44e+20, 4.85, 4, 304.572789, 37.2478501, 1.28078819, 569000.482, 7.2595897e+15, 5.10386349e+13, 1.50424664e+17, 17911.8507, -302.508259, -306.844826, 1.5e+15, 1.02991657e+25, -171121.588, 542646.188, 304.018371, 106.181482, 37.2478501, 1.28078819, 1.28078819, 1.5e+15, 17714.0518, 219.196657, 0.292201266, 19009.8803, -149.404752, -5267.1928, -6283.72955, 160.363351, 16912.4467, 17940.9257, 0, 1.2228884e-08, 1.2228884e-08, 1.02084366e+10, 1.05561269e+10, 347708969, 0.27, 3.332, -18687.5796, -5416.59755, 17072.81, 0, 1.4996013e+15, 3.61880179e-09, 1.01480772e-07, 2e+18, 1.51727461e+17
0.87875, 0, 0, 1.5e+15, 0, 3.00909083e-21, 3.718e+18, 6.44e+20, 4.85, 4, 302.039868, 37.2478501, 1.28078819, 547781.912, 2.10612701e+15, 4.94690648e+13, 1.48861443e+17, 17039.4454, -299.97606, -304.311705, 1.5e+15, 9.98007857e+24, -161057.852, 523568.327, 303.931511, 109.342324, 37.2478501, 1.28078819, 1.28078819, 1.5e+15, 16849.1275, 209.724312, 0.285964027, 18143.5554, -140.06521, -4900.86883, -5883.95644, 156.095454, 16120.5709, 17162.9301, 0, 1.22239228e-08, 1.22239228e-08, 9.34186367e+09, 9.68738581e+09, 345251305, 0.27, 3.332, 270821.536, -5040.93404, 16276.6664, 0, 1.49961322e+15, 9.88189812e-10, 2.64117275e-08, 2e+18, 1.52244275e+17
0.897633528, 0, 0, 1.5e+15, 0, 2.9813073e-21, 3.718e+18, 6.44e+20, 4.85, 4, 301.074459, 38.4200136, 1.28078819, 539339.181, 1.22078603e+15, 4.90587333e+13, 1.48320576e+17, 16714.3072, -299.010836, -303.346227, 1.5e+15, 9.89855524e+24, -157135.054, 515927.783, 303.900698, 110.236468, 38.4200136, 1.28078819, 1.28078819, 1.5e+15, 16526.2929, 206.580257, 0.283811955, 17821.023, -136.520955, -4764.82751, -5736.44868, 154.998464, 15824.0823, 16872.1427, 0, 1.22221632e-08, 1.22221632e-08, 9.02953585e+09, 9.37414554e+09, 344243143, 0.27, 3.332, 366547.403, -4901.34847, 15979.0808, 0, 1.49961624e+15, 7.56886231e-10, 1.99810707e-08, 2e+18, 1.52362065e+17
0.9448438, 0, 0, 1.5e+15, 0, 2.91194597e-21, 3.718e+18, 6.44e+20, 4.85, 4, 298.667644, 41.3653306, 1.28078819, 518166.812, 3.10156156e+14, 4.79782776e+13, 1.47113664e+17, 15909.1757, -296.604519, -300.939263, 1.5e+15, 9.68011059e+24, -147135.762, 496836.599, 303.823827, 112.652932, 41.3653306, 1.28078819, 1.28078819, 1.5e+15, 15727.1847, 198.470893, 0.278305118, 17021.4627, -127.526067, -4420.58131, -5360.43306, 152.077416, 15093.0892, 16155.3362, 0, 1.22177733e-08, 1.22177733e-08, 8.25057803e+09, 8.59328739e+09, 342118413, 0.27, 3.332, 590944.8, -4548.10738, 15245.1666, 0, 1.49962436e+15, 1.95643917e-10, 4.43526119e-09, 2e+18, 1.52682943e+17
0.9637273, 0, 0, 1.5e+15, 0, 2.88804429e-21, 3.718e+18, 6.44e+20, 4.85, 4, 297.752776, 41.3653306, 1.28078819, 509750.771, 1.69050252e+14, 4.7696815e+13, 1.46696749e+17, 15605.6397, -295.689775, -300.024344, 1.5e+15, 9.62421286e+24, -143272.363, 489188.662, 303.796502, 113.233625, 41.3653306, 1.28078819, 1.28078819, 1.5e+15, 15425.5961, 195.676913, 0.276423566, 16720.3685, -124.023853, -4292.73199, -5221.50241, 151.297892, 14815.8316, 15883.7896, 0, 1.22162131e-08, 1.22162131e-08, 7.96847594e+09, 8.31039366e+09, 341251530, 0.27, 3.332, 666190.138, -4416.75584, 14967.1295, 0, 1.49962643e+15, 1.47811375e-10, 3.30718705e-09, 2e+18, 1.52742606e+17
1.0109375, 0, 0, 1.5e+15, 0, 2.82835282e-21, 3.718e+18, 6.44e+20, 4.85, 4, 295.472199, 41.3653306, 1.28078819, 488676.431, 3.6853294e+13, 4.69600288e+13, 1.45795801e+17, 14854.2956, -293.409531, -297.743664, 1.5e+15, 9.47611425e+24, -133474.432, 470093.744, 303.728313, 114.823721, 41.3653306, 1.28078819, 1.28078819, 1.5e+15, 14679.2665, 188.547305, 0.271603169, 15974.0823, -115.18607, -3970.08661, -4867.70946, 149.27155, 14132.1633, 15214.3343, 0, 1.22123196e-08, 1.22123196e-08, 7.26509296e+09, 7.60542902e+09, 339497368, 0.27, 3.332, 838690.056, -4085.27268, 14281.4349, 0, 1.4996319e+15, 4.10051134e-11, 6.10004676e-10, 2e+18, 1.52925438e+17
1.02982103, 0, 0, 1.5e+15, 0, 2.80776174e-21, 3.718e+18, 6.44e+20, 4.85, 4, 294.607877, 42.8275582, 1.28078819, 480318.668, 1.87148131e+13, 4.67519985e+13, 1.45497221e+17, 14569.6774, -292.545298, -296.87931, 1.5e+15, 9.43493322e+24, -129728.624, 462454.329, 303.704131, 115.151756, 42.8275582, 1.28078819, 1.28078819, 1.5e+15, 14396.3908, 186.006409, 0.269975298, 15691.8375, -111.754682, -3851.01391, -4737.55847, 148.630043, 13871.3396, 14959.2319, 0, 1.2210939e-08, 1.2210939e-08, 7.01041481e+09, 7.35010711e+09, 338796517, 0.27, 3.332, 895789.248, -3962.76859, 14019.9697, 0, 1.49963341e+15, 3.18522253e-11, 4.48679194e-10, 2e+18, 1.52941156e+17
1.0770313, 0, 0, 1.5e+15, 0, 2.75630557e-21, 3.718e+18, 6.44e+20, 4.85, 4, 292.453452, 46.4973678, 1.28078819, 459417.339, 3.42137715e+12, 4.62270042e+13, 1.44880736e+17, 13864.6263, -290.391102, -294.724824, 1.5e+15, 9.33005973e+24, -120268.361, 443394.689, 303.643749, 116.060077, 46.4973678, 1.28078819, 1.28078819, 1.5e+15, 13695.732, 179.613729, 0.265797683, 14991.5612, -103.14784, -3550.97202, -4406.08242, 147.042049, 13227.3426, 14329.4393, 0, 1.22074916e-08, 1.22074916e-08, 6.37512027e+09, 6.71360137e+09, 337458773, 0.27, 3.332, 1022331.23, -3654.11986, 13374.3846, 0, 1.49963726e+15, 2.8275268e-12, 6.68309469e-11, 2e+18, 1.53022127e+17
1.0959148, 0, 0, 1.5e+15, 0, 2.738577e-21, 3.718e+18, 6.44e+20, 4.85, 4, 291.639559, 46.4973678, 1.28078819, 451153.451, 727566373, 4.60333502e+13, 1.44702747e+17, 13597.4928, -289.577295, -293.910918, 1.5e+15, 9.29182566e+24, -116691.614, 435787.893, 303.622427, 116.225511, 46.4973678, 1.28078819, 1.28078819, 1.5e+15, 13430.2893, 177.211737, 0.264405863, 14726.8652, -99.8134259, -3441.22993, -4284.68148, 146.365136, 12981.5259, 14089.4485, 0, 1.22062744e-08, 1.22062744e-08, 6.14586127e+09, 6.48387829e+09, 336955684, 0.27, 3.332, 1061338.31, -3541.04336, 13127.8911, 0, 1.49963868e+15, 1.37348093e-12, 4.84203923e-11, 2e+18, 1.5300356e+17
1.143125, 0, 0, 1.5e+15, 0, 2.69423489e-21, 3.718e+18, 6.44e+20, 4.85, 4, 289.610907, 46.4973678, 1.28078819, 430510.321, 0, 4.55700495e+13, 1.4436507e+17, 12934.2952, -287.54885, -291.882251, 1.5e+15, 9.19959935e+24, -107692.28, 416822.071, 303.569142, 116.688127, 46.4973678, 1.28078819, 1.28078819, 1.5e+15, 12771.2516, 171.265432, 0.260826074, 14068.4851, -91.4913377, -3164.84524, -3975.27283, 144.778969, 12372.8591, 13495.1522, 0, 1.22032326e-08, 1.22032326e-08, 5.57324631e+09, 5.91047597e+09, 336086964, 0.27, 3.332, 1142691.38, -3256.33658, 12517.638, 0, 1.49964208e+15, 0, 4.12858877e-12, 2e+18, 1.53006343e+17
1.16200853, 0, 0, 1.5e+15, 0, 2.67900228e-21, 3.718e+18, 6.44e+20, 4.85, 4, 288.847131, 48.344815, 1.28078819, 422379.067, 0, 4.53402515e+13, 1.4431268e+17, 12683.7868, -286.785185, -291.118481, 1.5e+15, 9.15420563e+24, -104328.913, 409279.125, 303.550434, 116.76452, 48.344815, 1.28078819, 1.28078819, 1.5e+15, 12522.5426, 168.866774, 0.259652203, 13820.5368, -88.287691, -3064.92557, -3862.21577, 143.889951, 12141.2913, 13269.591, 0, 1.22021648e-08, 1.22021648e-08, 5.36774572e+09, 5.70472655e+09, 335818899, 0.27, 3.332, 1161925.55, -3153.21327, 12285.1813, 0, 1.49964379e+15, 0, 2.55524463e-12, 2e+18, 1.52962145e+17
1.2092188, 0, 0, 1.5e+15, 0, 2.64086271e-21, 3.718e+18, 6.44e+20, 4.85, 4, 286.943393, 52.9760508, 1.28078819, 402087.005, 0, 4.4818395e+13, 1.44251158e+17, 12059.3946, -284.881697, -289.214771, 1.5e+15, 9.05013295e+24, -95897.4912, 390482.791, 303.503633, 116.980354, 52.9760508, 1.28078819, 1.28078819, 1.5e+15, 11902.4675, 163.04424, 0.256624422, 13201.1917, -80.3408659, -2813.21686, -3574.03218, 141.875132, 11565.1902, 12708.1675, 0, 1.21994934e-08, 1.21994934e-08, 4.85336536e+09, 5.19003536e+09, 335474378, 0.27, 3.332, 1195618.21, -2893.55773, 11707.0653, 0, 1.49964769e+15, 0, -2.38296788e-26, 2e+18, 1.52907205e+17
1.2281023, 0, 0, 1.5e+15, 0, 2.62780709e-21, 3.718e+18, 6.44e+20, 4.85, 4, 286.229204, 52.9760508, 1.28078819, 394130.253, 0, 4.44911314e+13, 1.44325647e+17, 11824.635, -284.167683, -288.50061, 1.5e+15, 8.98542013e+24, -92782.4131, 383042.126, 303.487303, 117.01338, 52.9760508, 1.28078819, 1.28078819, 1.5e+15, 11669.7955, 160.470869, 0.255650643, 12968.9526, -77.2651217, -2723.19741, -3468.20042, 140.59339, 11347.2559, 12496.2986, 0, 1.21985613e-08, 1.21985613e-08, 4.66998663e+09, 5.00665212e+09, 335473246, 0.27, 3.332, 1192247.25, -2800.46254, 11487.8493, 0, 1.49965017e+15, 0, 0, 2e+18, 1.5284606e+17
1.2753125, 0, 0, 1.5e+15, 0, 2.59507474e-21, 3.718e+18, 6.44e+20, 4.85, 4, 284.449006, 52.9760508, 1.28078819, 374290.588, 0, 4.37652131e+13, 1.44526191e+17, 11236.0226, -282.387869, -286.720483, 1.5e+15, 8.83975771e+24, -85000.6216, 364509.995, 303.446393, 117.107924, 52.9760508, 1.28078819, 1.28078819, 1.5e+15, 11086.1059, 154.328497, 0.253129694, 12385.3452, -69.677421, -2496.10978, -3198.8499, 137.703082, 10801.4022, 11965.1142, 0, 1.21962263e-08, 1.21962263e-08, 4.20959753e+09, 4.54645696e+09, 335684706, 0.27, 3.332, 1174724.25, -2565.7872, 10939.1053, 0, 1.49965572e+15, 0, 0, 2e+18, 1.52753106e+17
1.29419603, 0, 0, 1.5e+15, 0, 2.5839309e-21, 3.718e+18, 6.44e+20, 4.85, 4, 283.783581, 55.3227467, 1.28078819, 366551.775, 0, 4.32857551e+13, 1.44716331e+17, 11015.6929, -281.722716, -286.055104, 1.5e+15, 8.74515586e+24, -82168.0829, 357213.138, 303.432229, 117.121449, 55.3227467, 1.28078819, 1.28078819, 1.5e+15, 10868.2868, 151.438831, 0.252338891, 12167.0483, -66.750767, -2416.1238, -3099.23647, 135.891366, 10595.999, 11765.385, 0, 1.2195418e-08, 1.2195418e-08, 4.04659647e+09, 4.38370127e+09, 335957848, 0.27, 3.332, 1146951.1, -2482.87457, 10731.8903, 0, 1.49965938e+15, 0, 0, 2e+18, 1.52684391e+17
1.3414063, 0, 0, 1.5e+15, 0, 2.55595704e-21, 3.718e+18, 6.44e+20, 4.85, 4, 282.1248, 61.1977527, 1.28078819, 347270.696, 0, 4.22280484e+13, 1.45137355e+17, 10459.1268, -280.064543, -284.39643, 1.5e+15, 8.53145419e+24, -75114.9882, 339048.472, 303.396702, 117.160833, 61.1977527, 1.28078819, 1.28078819, 1.5e+15, 10317.6113, 144.59746, 0.250281191, 11614.5562, -59.5584959, -2213.91978, -2846.92934, 131.761202, 10077.2407, 11260.2285, 0, 1.21933904e-08, 1.21933904e-08, 3.63593726e+09, 3.9737133e+09, 336697328, 0.27, 3.332, 1078708.38, -2273.47827, 10209.0019, 0, 1.4996676e+15, 0, 0, 2e+18, 1.52574313e+17
1.3602898, 0, 0, 1.5e+15, 0, 2.54647748e-21, 3.718e+18, 6.44e+20, 4.85, 4, 281.507062, 61.1977527, 1.28078819, 339787.588, 0, 4.15596121e+13, 1.45413074e+17, 10251.033, -279.447209, -283.778752, 1.5e+15, 8.40035275e+24, -72593.9628, 331933.448, 303.384486, 117.16616, 61.1977527, 1.28078819, 1.28078819, 1.5e+15, 10112.4891, 141.339953, 0.249656938, 11407.285, -56.822048, -2143.79781, -2752.86856, 129.381084, 9882.36134, 11069.7999, 0, 1.21926933e-08, 1.21926933e-08, 3.49129327e+09, 3.82952567e+09, 337203896, 0.27, 3.332, 1028503.09, -2200.61986, 10011.7424, 0, 1.49967269e+15, 0, 0, 2e+18, 1.52506053e+17
1.4075, 0, 0, 1.5e+15, 0, 2.52265441e-21, 3.718e+18, 6.44e+20, 4.85, 4, 279.966968, 61.1977527, 1.28078819, 321155.556, 0, 4.00803009e+13, 1.45978113e+17, 9721.29999, -277.908028, -282.238786, 1.5e+15, 8.09949863e+24, -66331.1025, 314229.609, 303.353809, 117.182028, 61.1977527, 1.28078819, 1.28078819, 1.5e+15, 9589.76491, 133.612878, 0.248020191, 10879.1416, -50.091443, -1965.98642, -2516.49358, 123.867095, 9386.03213, 10584.0816, 0, 1.21909426e-08, 1.21909426e-08, 3.12565431e+09, 3.46491695e+09, 338343892, 0.27, 3.332, 918747.817, -2016.07786, 9509.89923, 0, 1.49968433e+15, 0, 0, 2e+18, 1.5239515e+17
1.42638353, 0, 0, 1.5e+15, 0, 2.51461838e-21, 3.718e+18, 6.44e+20, 4.85, 4, 279.39559, 64.1731009, 1.28078819, 313960.717, 0, 3.92290224e+13, 1.4629265e+17, 9522.72416, -277.337199, -281.667473, 1.5e+15, 7.93395861e+24, -64143.3305, 307331.308, 303.34333, 117.184076, 64.1731009, 1.28078819, 1.28078819, 1.5e+15, 9394.53579, 130.059877, 0.247546301, 10679.2741, -47.6214066, -1905.58303, -2428.48987, 121.002448, 9199.01539, 10399.1431, 0, 1.21903446e-08, 1.21903446e-08, 2.99733061e+09, 3.3371771e+09, 338992592, 0.27, 3.332, 853893.705, -1953.20444, 9320.01785, 0, 1.49969077e+15, 0, 0, 2e+18, 1.52334075e+17
1.4735938, 0, 0, 1.5e+15, 0, 2.49440813e-21, 3.718e+18, 6.44e+20, 4.85, 4, 277.97082, 71.6105211, 1.28078819, 296053.21, 0, 3.73417327e+13, 1.46902044e+17, 9014.27387, -275.913688, -280.242834, 1.5e+15, 7.54776311e+24, -58711.1755, 290171.764, 303.316991, 117.190346, 71.6105211, 1.28078819, 1.28078819, 1.5e+15, 8894.06202, 121.562861, 0.246288543, 10167.8065, -41.5156228, -1751.87248, -2209.39798, 114.253222, 8719.76982, 9924.84596, 0, 1.21888416e-08, 1.21888416e-08, 2.67220031e+09, 3.01324853e+09, 340326069, 0.27, 3.332, 722150.399, -1793.3881, 8834.02305, 0, 1.49970576e+15, 0, 0, 2e+18, 1.52235916e+17
1.4924773, 0, 0, 1.5e+15, 0, 2.48760613e-21, 3.718e+18, 6.44e+20, 4.85, 4, 277.444269, 71.6105211, 1.28078819, 289180.162, 0, 3.63506363e+13, 1.47205653e+17, 8822.93389, -275.38783, -279.716345, 1.5e+15, 7.35691312e+24, -56859.8971, 283529.586, 303.30803, 117.191134, 71.6105211, 1.28078819, 1.28078819, 1.5e+15, 8706.26716, 117.874822, 0.245948532, 9972.12575, -39.3685509, -1700.56446, -2128.68014, 111.087714, 8538.39543, 9741.94119, 0, 1.21883303e-08, 1.21883303e-08, 2.55850737e+09, 2.90016106e+09, 340999634, 0.27, 3.332, 654063.254, -1739.93301, 8649.48315, 0, 1.49971318e+15, 0, 0, 2e+18, 1.52185748e+17
1.5396875, 0, 0, 1.5e+15, 0, 2.47048715e-21, 3.718e+18, 6.44e+20, 4.85, 4, 276.131005, 71.6105211, 1.28078819, 272074.91, 0, 3.41498738e+13, 1.47766204e+17, 8331.98779, -274.076173, -278.403199, 1.5e+15, 6.90398698e+24, -52250.3682, 267009, 303.285491, 117.193628, 71.6105211, 1.28078819, 1.28078819, 1.5e+15, 8223.88352, 108.94861, 0.245027365, 9471.17797, -34.0062398, -1569.29366, -1929.13157, 103.504634, 8072.71282, 9272.60793, 0, 1.21870442e-08, 1.21870442e-08, 2.27029223e+09, 2.61311486e+09, 342298927, 0.27, 3.332, 523694.189, -1603.2999, 8176.21746, 0, 1.49973079e+15, 0, 0, 2e+18, 1.52107027e+17
1.55857103, 0, 0, 1.5e+15, 0, 2.46475169e-21, 3.718e+18, 6.44e+20, 4.85, 4, 275.647426, 75.2748096, 1.28078819, 265561.359, 0, 3.30962746e+13, 1.48022527e+17, 8147.04636, -273.593405, -277.919672, 1.5e+15, 6.70299492e+24, -50727.8034, 260667.558, 303.277869, 117.193937, 75.2748096, 1.28078819, 1.28078819, 1.5e+15, 8042.47021, 105.326226, 0.24480385, 9278.1884, -32.2243447, -1526.77116, -1857.94074, 100.263122, 7896.10019, 9089.95983, 0, 1.21866093e-08, 1.21866093e-08, 2.17013076e+09, 2.51349538e+09, 342901528, 0.27, 3.332, 463097.473, -1558.99551, 7996.36331, 0, 1.49973862e+15, 0, 0, 2e+18, 1.52070634e+17
1.6057813, 0, 0, 1.5e+15, 0, 2.45031591e-21, 3.718e+18, 6.44e+20, 4.85, 4, 274.441036, 84.4204746, 1.28078819, 249348.661, 0, 3.07533295e+13, 1.4847624e+17, 7673.45153, -272.388912, -276.713378, 1.5e+15, 6.21839663e+24, -46912.9329, 244894.079, 303.258696, 117.194946, 84.4204746, 1.28078819, 1.28078819, 1.5e+15, 7577.51767, 96.4414521, 0.244175369, 8785.78281, -27.715648, -1417.28215, -1682.48655, 92.3723757, 7443.73805, 8623.14793, 0, 1.21855153e-08, 1.21855153e-08, 1.91656491e+09, 2.26093287e+09, 344015014, 0.27, 3.332, 352953.061, -1444.99779, 7536.11043, 0, 1.49975747e+15, 0, 0, 2e+18, 1.52019087e+17
1.6246648, 0, 0, 1.5e+15, 0, 2.44548742e-21, 3.718e+18, 6.44e+20, 4.85, 4, 273.998315, 84.4204746, 1.28078819, 243226.298, 0, 2.97178021e+13, 1.48670203e+17, 7495.44354, -271.947078, -276.270697, 1.5e+15, 6.02241101e+24, -45691.3715, 238893.795, 303.252232, 117.195072, 84.4204746, 1.28078819, 1.28078819, 1.5e+15, 7402.8408, 93.0506645, 0.244049995, 8595.97415, -26.2902009, -1382.72479, -1622.49806, 89.2514664, 7272.48539, 8441.22467, 0, 1.21851465e-08, 1.21851465e-08, 1.82913052e+09, 2.17392672e+09, 344490491, 0.27, 3.332, 305703.229, -1409.01499, 7361.73686, 0, 1.49976511e+15, 0, 0, 2e+18, 1.51994304e+17
1.671875, 0, 0, 1.5e+15, 0, 2.43333637e-21, 3.718e+18, 6.44e+20, 4.85, 4, 272.893568, 84.4204746, 1.28078819, 227981.679, 0, 2.74073793e+13, 1.49000742e+17, 7041.65269, -270.844428, -275.166022, 1.5e+15, 5.5426654e+24, -42600.195, 223964.515, 303.235973, 117.195499, 84.4204746, 1.28078819, 1.28078819, 1.5e+15, 6957.32514, 84.6202343, 0.243668674, 8114.22723, -22.6277459, -1292.95671, -1474.24505, 81.5380769, 6836.0698, 7979.13828, 0, 1.21842187e-08, 1.21842187e-08, 1.60832264e+09, 1.95388794e+09, 345341407, 0.27, 3.332, 223892.83, -1315.58446, 6917.60788, 0, 1.49978378e+15, 0, 0, 2e+18, 1.51964513e+17
1.69075853, 0, 0, 1.5e+15, 0, 2.42928389e-21, 3.718e+18, 6.44e+20, 4.85, 4, 272.489311, 88.4390177, 1.28078819, 222269.474, 0, 2.6460551e+13, 1.49136136e+17, 6871.93184, -270.441083, -274.761793, 1.5e+15, 5.36443493e+24, -41639.0323, 218333.231, 303.230514, 117.195554, 88.4390177, 1.28078819, 1.28078819, 1.5e+15, 6790.62755, 81.5609839, 0.243622972, 7929.65911, -21.5264856, -1265.55968, -1426.3282, 78.6643424, 6671.61693, 7800.1666, 0, 1.21839073e-08, 1.21839073e-08, 1.53285198e+09, 1.87872957e+09, 345686856, 0.27, 3.332, 190734.87, -1287.08616, 6750.28127, 0, 1.49979073e+15, 0, 0, 2e+18, 1.5195e+17
1.7379688, 0, 0, 1.5e+15, 0, 2.41909414e-21, 3.718e+18, 6.44e+20, 4.85, 4, 271.480281, 98.4546242, 1.28078819, 208037.31, 0, 2.43375338e+13, 1.49360192e+17, 6441.48602, -269.434223, -273.752815, 1.5e+15, 4.92245288e+24, -39176.6083, 204313.546, 303.216793, 117.195744, 98.4546242, 1.28078819, 1.28078819, 1.5e+15, 6367.79144, 73.8569515, 0.243443496, 7463.65128, -18.6564479, -1193.7244, -1307.03936, 71.4611934, 6254.84473, 7348.26892, 0, 1.21831244e-08, 1.21831244e-08, 1.34274802e+09, 1.68918494e+09, 346300884, 0.27, 3.332, 136030.952, -1212.38085, 6326.30592, 0, 1.49980794e+15, 0, 0, 2e+18, 1.519411e+17
1.7568523, 0, 0, 1.5e+15, 0, 2.41568713e-21, 3.718e+18, 6.44e+20, 4.85, 4, 271.112012, 98.4546242, 1.28078819, 202741.327, 0, 2.35229609e+13, 1.49449087e+17, 6281.44861, -269.066838, -273.384565, 1.5e+15, 4.76953125e+24, -38417.3752, 199067.704, 303.212179, 117.19577, 98.4546242, 1.28078819, 1.28078819, 1.5e+15, 6210.43102, 71.1592036, 0.2434606, 7286.96182, -17.8179618, -1171.72998, -1269.97483, 68.8898729, 6098.87632, 7175.34773, 0, 1.21828611e-08, 1.21828611e-08, 1.27831006e+09, 1.62495365e+09, 346529191, 0.27, 3.332, 114400.491, -1189.54794, 6167.76619, 0, 1.4998139e+15, 0, 0, 2e+18, 1.51930637e+17
1.8040625, 0, 0, 1.5e+15, 0, 2.40712106e-21, 3.718e+18, 6.44e+20, 4.85, 4, 270.192622, 98.4546242, 1.28078819, 189535.566, 0, 2.16827859e+13, 1.49592074e+17, 5877.31724, -268.149563, -272.465209, 1.5e+15, 4.38598327e+24, -36442.8483, 185997.431, 303.200583, 117.195863, 98.4546242, 1.28078819, 1.28078819, 1.5e+15, 5813.11877, 64.2855126, 0.243441852, 6842.58767, -15.6014618, -1113.33338, -1176.40948, 62.3631324, 5705.45533, 6740.65272, 0, 1.21821996e-08, 1.21821996e-08, 1.11631432e+09, 1.46332485e+09, 346930024, 0.27, 3.332, 80507.8593, -1128.93484, 5767.81847, 0, 1.49982885e+15, 0, 0, 2e+18, 1.51926269e+17
1.82294603, 0, 0, 1.5e+15, 0, 2.40426545e-21, 3.718e+18, 6.44e+20, 4.85, 4, 269.857717, 101.682406, 1.28078819, 184653.354, 0, 2.10245202e+13, 1.49650047e+17, 5728.0833, -267.815459, -272.130317, 1.5e+15, 4.2623486e+24, -35836.6091, 181142.331, 303.196699, 117.195877, 101.682406, 1.28078819, 1.28078819, 1.5e+15, 5666.22375, 61.9354997, 0.243507699, 6676.19783, -14.9782471, -1095.64446, -1148.56488, 60.0960492, 5559.28006, 6576.60909, 0, 1.21819779e-08, 1.21819779e-08, 1.0618683e+09, 1.40902197e+09, 347086550, 0.27, 3.332, 67110.9042, -1110.62271, 5619.37611, 0, 1.49983367e+15, 0, 0, 2e+18, 1.51922377e+17
1.8701563, 0, 0, 1.5e+15, 0, 2.39709013e-21, 3.718e+18, 6.44e+20, 4.85, 4, 269.021479, 109.714103, 1.28078819, 172471.243, 0, 1.95245286e+13, 1.49743365e+17, 5352.48776, -266.981144, -271.294105, 1.5e+15, 3.94974433e+24, -34236.8024, 169037.424, 303.186942, 117.195925, 109.714103, 1.28078819, 1.28078819, 1.5e+15, 5296.64535, 55.8893414, 0.243615384, 6258.81133, -13.3129445, -1048.17776, -1077.10776, 54.2801952, 5191.84397, 6165.3826, 0, 1.21814213e-08, 1.21814213e-08, 925193380, 1.27262003e+09, 347379211, 0.27, 3.332, 47434.3161, -1061.49071, 5246.12417, 0, 1.49984585e+15, 0, 0, 2e+18, 1.51932924e+17
1.8890398, 0, 0, 1.5e+15, 0, 2.39469177e-21, 3.718e+18, 6.44e+20, 4.85, 4, 268.717399, 109.714103, 1.28078819, 167985.689, 0, 1.90152828e+13, 1.49780536e+17, 5214.36747, -266.67775, -270.990034, 1.5e+15, 3.85387084e+24, -33740.3238, 164562.381, 303.183667, 117.195933, 109.714103, 1.28078819, 1.28078819, 1.5e+15, 5160.56724, 53.8416952, 0.243718975, 6104.03244, -12.8512612, -1033.44392, -1056.06721, 52.285217, 5056.03, 6011.96146, 0, 1.21812345e-08, 1.21812345e-08, 879502622, 1.22701931e+09, 347477411, 0.27, 3.332, 39277.1516, -1046.29518, 5108.31522, 0, 1.49984959e+15, 0, 0, 2e+18, 1.51929297e+17
1.93625, 0, 0, 1.5e+15, 0, 2.38866636e-21, 3.718e+18, 6.44e+20, 4.85, 4, 267.958047, 109.714103, 1.28078819, 156787.503, 0, 1.78441825e+13, 1.4984037e+17, 4867.52623, -265.920049, -270.2307, 1.5e+15, 3.61007994e+24, -32412.7819, 153399.124, 303.175443, 117.195961, 109.714103, 1.28078819, 1.28078819, 1.5e+15, 4819.02203, 48.5315326, 0.24392604, 5716.33808, -11.6058844, -993.488786, -1001.00592, 47.1230399, 4715.45366, 5627.96275, 0, 1.21807652e-08, 1.21807652e-08, 764907444, 1.11260372e+09, 347668054, 0.27, 3.332, 28215.9956, -1005.09467, 4762.5767, 0, 1.49985909e+15, 0, 0, 2e+18, 1.51937214e+17
1.95513353, 0, 0, 1.5e+15, 0, 2.38665605e-21, 3.718e+18, 6.44e+20, 4.85, 4, 267.682301, 111.258427, 1.28078819, 152671.509, 0, 1.745329e+13, 1.49866597e+17, 4740.24812, -265.644878, -269.95496, 1.5e+15, 3.53627448e+24, -31999.7542, 149280.278, 303.172689, 117.195966, 111.258427, 1.28078819, 1.28078819, 1.5e+15, 4693.53846, 46.7345358, 0.244059085, 5573.42892, -11.262372, -981.267125, -985.150521, 45.3571922, 4589.81654, 5485.6648, 0, 1.21806081e-08, 1.21806081e-08, 726728005, 1.0744981e+09, 347746900, 0.27, 3.332, 23190.4867, -992.529492, 4635.17373, 0, 1.49986197e+15, 0, 0, 2e+18, 1.51939219e+17
2.0023438, 0, 0, 1.5e+15, 0, 2.38161271e-21, 3.718e+18, 6.44e+20, 4.85, 4, 266.993637, 115.094822, 1.28078819, 142391.993, 0, 1.654729e+13, 1.49912469e+17, 4421.11986, -264.957599, -269.26631, 1.5e+15, 3.34787523e+24, -30885.114, 139000.778, 303.165784, 117.195982, 115.094822, 1.28078819, 1.28078819, 1.5e+15, 4379.09438, 42.0441364, 0.244344791, 5215.74835, -10.3305833, -947.955083, -942.977976, 40.7549316, 4275.21544, 5129.75157, 0, 1.21802142e-08, 1.21802142e-08, 631026547, 978971431, 347927904, 0.27, 3.332, 16979.9167, -958.285666, 4315.97037, 0, 1.49986931e+15, 0, 0, 2e+18, 1.51962016e+17
2.0212273, 0, 0, 1.5e+15, 0, 2.37991688e-21, 3.718e+18, 6.44e+20, 4.85, 4, 266.744011, 115.094822, 1.28078819, 138615.115, 0, 1.62305775e+13, 1.49927544e+17, 4303.97616, -264.708475, -269.016689, 1.5e+15, 3.28800096e+24, -30526.9966, 135211.785, 303.163455, 117.195985, 115.094822, 1.28078819, 1.28078819, 1.5e+15, 4263.54123, 40.4525913, 0.244501415, 5084.20579, -10.0573427, -937.143511, -930.295715, 39.1823837, 4159.27016, 4998.36836, 0, 1.21800813e-08, 1.21800813e-08, 599172224, 947145322, 347959411, 0.27, 3.332, 13686.7927, -947.200853, 4198.45254, 0, 1.49987164e+15, 0, 0, 2e+18, 1.51956593e+17
2.0684375, 0, 0, 1.5e+15, 0, 2.37566168e-21, 3.718e+18, 6.44e+20, 4.85, 4, 266.120565, 115.094822, 1.28078819, 129178.447, 0, 1.54907598e+13, 1.49952367e+17, 4010.45947, -264.08624, -268.393252, 1.5e+15, 3.13429537e+24, -29552.9596, 125751.264, 303.157613, 117.195996, 115.094822, 1.28078819, 1.28078819, 1.5e+15, 3974.20231, 36.2723924, 0.244850844, 4755.03158, -9.31095796, -907.487711, -895.966992, 35.0567323, 3869.16391, 4669.81427, 0, 1.21797481e-08, 1.21797481e-08, 519327259, 867368636, 348031522, 0.27, 3.332, 9854.59342, -916.79867, 3904.22064, 0, 1.49987764e+15, 0, 0, 2e+18, 1.5195634e+17
2.08732103, 0, 0, 1.5e+15, 0, 2.37423516e-21, 3.718e+18, 6.44e+20, 4.85, 4, 265.894906, 115.559677, 1.28078819, 125718.195, 0, 1.52124033e+13, 1.49963224e+17, 3902.94548, -263.861053, -268.167596, 1.5e+15, 3.08167171e+24, -29237.02, 122271.024, 303.155649, 117.195998, 115.559677, 1.28078819, 1.28078819, 1.5e+15, 3868.0992, 34.8611597, 0.245027052, 4634.31646, -9.08070798, -897.978271, -885.668588, 33.657553, 3762.41676, 4548.89877, 0, 1.2179636e-08, 1.2179636e-08, 492845790, 840915301, 348061749, 0.27, 3.332, 7762.19208, -907.058979, 3796.07431, 0, 1.49987969e+15, 0, 0, 2e+18, 1.51955802e+17
2.1345313, 0, 0, 1.5e+15, 0, 2.3706585e-21, 3.718e+18, 6.44e+20, 4.85, 4, 265.331301, 116.713727, 1.28078819, 117071.167, 0, 1.45558218e+13, 1.49983234e+17, 3633.70516, -263.298595, -267.603999, 1.5e+15, 2.94523329e+24, -28373.5819, 113579.646, 303.150728, 117.196005, 116.713727, 1.28078819, 1.28078819, 1.5e+15, 3602.58723, 31.1320527, 0.245429969, 4332.28149, -8.44791186, -871.842964, -857.449309, 29.963708, 3495.46203, 4246.53984, 0, 1.21793552e-08, 1.21793552e-08, 426475709, 774630322, 348148858, 0.27, 3.332, 5754.58522, -880.290876, 3525.42574, 0, 1.49988501e+15, 0, 0, 2e+18, 1.51968842e+17
2.1534148, 0, 0, 1.5e+15, 0, 2.36945125e-21, 3.718e+18, 6.44e+20, 4.85, 4, 265.127684, 116.713727, 1.28078819, 113903.121, 0, 1.42951871e+13, 1.49986742e+17, 3535.14174, -263.095448, -267.400385, 1.5e+15, 2.89602326e+24, -28088.2884, 110385.129, 303.149063, 117.196006, 116.713727, 1.28078819, 1.28078819, 1.5e+15, 3505.26831, 29.8874543, 0.245622875, 4221.6339, -8.24165721, -863.100022, -848.597288, 28.728393, 3397.33578, 4135.46435, 0, 1.21792602e-08, 1.21792602e-08, 404500344, 752646910, 348142180, 0.27, 3.332, 4385.11116, -871.341678, 3426.06417, 0, 1.49988693e+15, 0, 0, 2e+18, 1.51960478e+17
2.200625, 0, 0, 1.5e+15, 0, 2.36642329e-21, 3.718e+18, 6.44e+20, 4.85, 4, 264.619139, 116.713727, 1.28078819, 105985.475, 0, 1.36734233e+13, 1.49990449e+17, 3288.38269, -262.588059, -266.891844, 1.5e+15, 2.76680125e+24, -27305.9073, 102406.495, 303.144889, 117.196011, 116.713727, 1.28078819, 1.28078819, 1.5e+15, 3261.81661, 26.5799758, 0.246071768, 3944.79611, -7.67009617, -838.999421, -824.062542, 25.449056, 3152.0315, 3857.72582, 0, 1.21790221e-08, 1.21790221e-08, 349419339, 697557488, 348134759, 0.27, 3.332, 3390.09641, -846.669517, 3177.48056, 0, 1.49989197e+15, 0, 0, 2e+18, 1.51950163e+17
2.21950853, 0, 0, 1.5e+15, 0, 2.3654051e-21, 3.718e+18, 6.44e+20, 4.85, 4, 264.435707, 116.82358, 1.28078819, 103085.696, 0, 1.34238716e+13, 1.49995694e+17, 3198.16427, -262.405106, -266.708414, 1.5e+15, 2.71972035e+24, -27049.5206, 99472.8545, 303.143482, 117.196012, 116.82358, 1.28078819, 1.28078819, 1.5e+15, 3172.68279, 25.4953162, 0.246279082, 3843.46212, -7.48419654, -831.258934, -816.610175, 24.3717257, 3061.83073, 3755.70419, 0, 1.21789419e-08, 1.21789419e-08, 331228215, 679384120, 348153332, 0.27, 3.332, 2572.04434, -838.743131, 3086.20246, 0, 1.49989381e+15, 0, 0, 2e+18, 1.51951554e+17
2.2667188, 0, 0, 1.5e+15, 0, 2.36285624e-21, 3.718e+18, 6.44e+20, 4.85, 4, 263.977566, 117.096209, 1.28078819, 95838.5098, 0, 1.2822272e+13, 1.50007533e+17, 2972.38359, -261.948159, -266.250278, 1.5e+15, 2.59459565e+24, -26346.0281, 92145.1292, 303.139963, 117.196016, 117.096209, 1.28078819, 1.28078819, 1.5e+15, 2949.79606, 22.6012996, 0.246767867, 3589.96602, -6.96604733, -809.96159, -795.846908, 21.5008207, 2836.38326, 3500.60555, 0, 1.21787411e-08, 1.21787411e-08, 285635747, 633863309, 348225100, 0.27, 3.332, 2462.49545, -816.927638, 2857.88408, 0, 1.49989869e+15, 0, 0, 2e+18, 1.5196839e+17
2.2856023, 0, 0, 1.5e+15, 0, 2.36198503e-21, 3.718e+18, 6.44e+20, 4.85, 4, 263.812733, 117.096209, 1.28078819, 93182.084, 0, 1.25857623e+13, 1.50005795e+17, 2889.71864, -261.78381, -266.085445, 1.5e+15, 2.55000738e+24, -26108.66, 89448.6662, 303.138758, 117.196017, 117.096209, 1.28078819, 1.28078819, 1.5e+15, 2868.06601, 21.6663477, 0.246987812, 3497.05681, -6.79658775, -802.64916, -789.086316, 20.5723085, 2753.43587, 3406.8595, 0, 1.21786723e-08, 1.21786723e-08, 270576223, 618777582, 348199669, 0.27, 3.332, 1689.84189, -809.445748, 2774.00817, 0, 1.49990043e+15, 0, 0, 2e+18, 1.51958084e+17
2.3328125, 0, 0, 1.5e+15, 0, 2.35980347e-21, 3.718e+18, 6.44e+20, 4.85, 4, 263.401063, 117.096209, 1.28078819, 86541.7481, 0, 1.20122965e+13, 1.49999841e+17, 2682.83469, -261.373356, -265.673777, 1.5e+15, 2.43076005e+24, -25456.8254, 82711.989, 303.135741, 117.196019, 117.096209, 1.28078819, 1.28078819, 1.5e+15, 2663.68116, 19.1671537, 0.247511698, 3264.60974, -6.32229911, -782.51068, -770.13877, 18.0942754, 2546.11799, 3172.43715, 0, 1.21785003e-08, 1.21785003e-08, 232819432, 580970846, 348150178, 0.27, 3.332, 1235.58246, -788.832979, 2564.21226, 0, 1.49990508e+15, 0, 0, 2e+18, 1.51940779e+17
2.35169603, 0, 0, 1.5e+15, 0, 2.35905429e-21, 3.718e+18, 6.44e+20, 4.85, 4, 263.253275, 117.119435, 1.28078819, 84114.6454, 0, 1.17903879e+13, 1.49998746e+17, 2607.31665, -261.226053, -265.525989, 1.5e+15, 2.38891279e+24, -25237.4346, 80237.95, 303.134704, 117.196019, 117.119435, 1.28078819, 1.28078819, 1.5e+15, 2588.9619, 18.3683423, 0.247742987, 3179.5916, -6.17059352, -775.804241, -764.143454, 17.3003452, 2469.95181, 3086.38939, 0, 1.21784411e-08, 1.21784411e-08, 220408534, 568548551, 348139291, 0.27, 3.332, 725.192205, -781.974835, 2487.25215, 0, 1.49990672e+15, 0, 0, 2e+18, 1.51936396e+17
2.3989063, 0, 0, 1.5e+15, 0, 2.35718048e-21, 3.718e+18, 6.44e+20, 4.85, 4, 262.884182, 117.177062, 1.28078819, 78047.6415, 0, 1.12518275e+13, 1.49996112e+17, 2418.36081, -260.858179, -265.156899, 1.5e+15, 2.27690097e+24, -24634.4345, 74057.1009, 303.132109, 117.196022, 117.177062, 1.28078819, 1.28078819, 1.5e+15, 2402.14061, 16.2337165, 0.248298524, 2966.91453, -5.74643785, -757.357778, -747.286272, 15.1824929, 2279.59587, 2871.23184, 0, 1.21782931e-08, 1.21782931e-08, 189290511, 537425237, 348134035, 0.27, 3.332, 690.802389, -763.104216, 2294.77836, 0, 1.49991109e+15, 0, 0, 2e+18, 1.51935404e+17
2.4177898, 0, 0, 1.5e+15, 0, 2.35650348e-21, 3.718e+18, 6.44e+20, 4.85, 4, 262.752054, 117.177062, 1.28078819, 75649.6663, 0, 1.10440791e+13, 1.49987691e+17, 2338.12701, -260.726536, -265.02477, 1.5e+15, 2.23772807e+24, -24416.9287, 71598.4283, 303.131171, 117.196022, 117.177062, 1.28078819, 1.28078819, 1.5e+15, 2322.6935, 15.4478391, 0.248497989, 2876.32729, -5.61005375, -751.012805, -741.817096, 14.3916387, 2197.82232, 2778.97305, 0, 1.21782395e-08, 1.21782395e-08, 177559727, 525641755, 348081792, 0.27, 3.332, 235.709318, -756.622859, 2212.21396, 0, 1.49991262e+15, 0, 0, 2e+18, 1.5192057e+17
2.465, 0, 0, 1.5e+15, 0, 2.35480906e-21, 3.718e+18, 6.44e+20, 4.85, 4, 262.422094, 117.177062, 1.28078819, 69654.329, 0, 1.0541294e+13, 1.49965314e+17, 2137.43315, -260.39779, -264.694807, 1.5e+15, 2.13319254e+24, -23818.6515, 65454.5365, 303.128822, 117.196023, 117.177062, 1.28078819, 1.28078819, 1.5e+15, 2124.09874, 13.3508408, 0.248971648, 2649.69073, -5.22954043, -733.463571, -726.231356, 12.2838984, 1993.41904, 2548.19678, 0, 1.21781056e-08, 1.21781056e-08, 148145703, 496106338, 347960517, 0.27, 3.332, 118.411382, -738.693111, 2005.70294, 0, 1.4999167e+15, 0, 0, 2e+18, 1.51889252e+17
2.49075838, 0, 0, 1.5e+15, 0, 2.35410056e-21, 3.718e+18, 6.44e+20, 4.85, 4, 262.264835, 117.180558, 1.28078819, 67142.783, 0, 1.03007645e+13, 1.49958785e+17, 2064.90809, -260.241132, -264.537548, 1.5e+15, 2.08807373e+24, -23567.5633, 62865.9476, 303.127839, 117.196024, 117.180558, 1.28078819, 1.28078819, 1.5e+15, 2052.24029, 12.6842113, 0.249124743, 2567.63561, -5.07400553, -725.22737, -718.76403, 11.6241096, 1919.73063, 2464.94126, 0, 1.21780495e-08, 1.21780495e-08, 138783375, 486708647, 347925363, 0.27, 3.332, -90.9836236, -730.301375, 1931.35474, 0, 1.49991846e+15, 0, 0, 2e+18, 1.51880004e+17
2.5551563, 0, 0, 1.5e+15, 0, 2.35233269e-21, 3.718e+18, 6.44e+20, 4.85, 4, 261.872151, 117.189227, 1.28078819, 60864.9754, 0, 9.72423474e+12, 1.49943029e+17, 1883.39092, -259.84995, -264.144864, 1.5e+15, 1.96789597e+24, -22882.4236, 56399.127, 303.125387, 117.196025, 117.189227, 1.28078819, 1.28078819, 1.5e+15, 1872.50338, 10.9039027, 0.249484527, 2362.26794, -4.64278761, -702.798456, -698.112641, 9.86599576, 1735.58619, 2256.731, 0, 1.21779096e-08, 1.21779096e-08, 115284578, 463146994, 347861806, 0.27, 3.332, 609.457446, -707.441244, 1745.45218, 0, 1.49992315e+15, 0, 0, 2e+18, 1.5186721e+17
2.58091465, 0, 0, 1.5e+15, 0, 2.35170844e-21, 3.718e+18, 6.44e+20, 4.85, 4, 261.738592, 117.190611, 1.28078819, 58488.4732, 0, 9.45899047e+12, 1.49934374e+17, 1809.55615, -259.717113, -264.011304, 1.5e+15, 1.9184229e+24, -22646.81, 53918.1026, 303.12452, 117.196026, 117.190611, 1.28078819, 1.28078819, 1.5e+15, 1799.29825, 10.274261, 0.249613354, 2277.67273, -4.49051242, -695.570884, -691.608094, 9.23894738, 1659.17771, 2170.02143, 0, 1.21778601e-08, 1.21778601e-08, 106910885, 454725434, 347814154, 0.27, 3.332, 394.295738, -700.061397, 1668.41666, 0, 1.49992508e+15, 0, 0, 2e+18, 1.51854828e+17
2.6453125, 0, 0, 1.5e+15, 0, 2.35015397e-21, 3.718e+18, 6.44e+20, 4.85, 4, 261.405101, 117.194039, 1.28078819, 52549.6694, 0, 8.82750893e+12, 1.49913415e+17, 1624.92477, -259.385425, -263.677812, 1.5e+15, 1.78647709e+24, -22002.7775, 47720.9233, 303.122361, 117.196026, 117.194039, 1.28078819, 1.28078819, 1.5e+15, 1616.34844, 8.59268115, 0.249911653, 2066.1401, -4.06933388, -675.785259, -673.492085, 7.56793544, 1468.27542, 1953.26751, 0, 1.2177737e-08, 1.2177737e-08, 85902971.4, 433618733, 347714931, 0.27, 3.332, 831.110687, -679.854593, 1475.84336, 0, 1.49993023e+15, 0, 0, 2e+18, 1.51832073e+17
2.67107088, 0, 0, 1.5e+15, 0, 2.34962126e-21, 3.718e+18, 6.44e+20, 4.85, 4, 261.292581, 117.194453, 1.28078819, 50477.4501, 0, 8.57775936e+12, 1.49905485e+17, 1560.60557, -259.273653, -263.56529, 1.5e+15, 1.73995157e+24, -21790.5277, 45521.0096, 303.121621, 117.196026, 117.194453, 1.28078819, 1.28078819, 1.5e+15, 1552.53182, 8.09005651, 0.250055741, 1991.50004, -3.93463687, -669.302828, -667.860985, 7.06634911, 1400.53083, 1876.02316, 0, 1.21776947e-08, 1.21776947e-08, 79609988.1, 427283706, 347673013, 0.27, 3.332, 704.867628, -673.237464, 1407.59718, 0, 1.49993205e+15, 0, 0, 2e+18, 1.51821578e+17
2.7354688, 0, 0, 1.5e+15, 0, 2.34829775e-21, 3.718e+18, 6.44e+20, 4.85, 4, 261.011646, 117.195481, 1.28078819, 45297.5306, 0, 7.98459212e+12, 1.49886924e+17, 1399.7448, -258.994587, -263.284354, 1.5e+15, 1.61593142e+24, -21209.8222, 40024.5675, 303.119781, 117.196027, 117.195481, 1.28078819, 1.28078819, 1.5e+15, 1393.01421, 6.74682834, 0.250396495, 1804.83328, -3.56331448, -651.543116, -652.070017, 5.72903684, 1231.23196, 1682.90181, 0, 1.21775898e-08, 1.21775898e-08, 63809810.7, 411399845, 347588824, 0.27, 3.332, 1210.85244, -655.106431, 1236.961, 0, 1.49993689e+15, 0, 0, 2e+18, 1.51803182e+17
2.76122715, 0, 0, 1.5e+15, 0, 2.34783956e-21, 3.718e+18, 6.44e+20, 4.85, 4, 260.917757, 117.195599, 1.28078819, 43502.6231, 0, 7.74685014e+12, 1.49877265e+17, 1344.05269, -258.901488, -263.190464, 1.5e+15, 1.57172886e+24, -21010.5439, 38078.2702, 303.119144, 117.196027, 117.195599, 1.28078819, 1.28078819, 1.5e+15, 1337.71993, 6.34871581, 0.250554229, 1739.23228, -3.44096678, -645.391085, -646.792603, 5.33268136, 1171.31426, 1614.2981, 0, 1.21775534e-08, 1.21775534e-08, 59115136.8, 406653872, 347537664, 0.27, 3.332, 1072.185, -648.832052, 1176.64694, 0, 1.49993862e+15, 0, 0, 2e+18, 1.51790492e+17
2.825625, 0, 0, 1.5e+15, 0, 2.34670209e-21, 3.718e+18, 6.44e+20, 4.85, 4, 260.683383, 117.195889, 1.28078819, 39014.7727, 0, 7.18230773e+12, 1.49853842e+17, 1204.7476, -258.669088, -262.956087, 1.5e+15, 1.45360106e+24, -20467.369, 33214.5671, 303.117563, 117.196028, 117.195889, 1.28078819, 1.28078819, 1.5e+15, 1199.47853, 5.28428561, 0.250932994, 1575.13554, -3.10388294, -628.615299, -632.048455, 4.27659382, 1021.54589, 1442.74505, 0, 1.21774632e-08, 1.21774632e-08, 47317746.9, 394745057, 347425870, 0.27, 3.332, 1439.30326, -631.719182, 1025.82248, 0, 1.49994323e+15, 0, 0, 2e+18, 1.51765132e+17
2.85138338, 0, 0, 1.5e+15, 0, 2.34630116e-21, 3.718e+18, 6.44e+20, 4.85, 4, 260.605958, 117.195921, 1.28078819, 37474.0827, 0, 6.96570509e+12, 1.49845586e+17, 1156.97978, -258.592461, -262.87866, 1.5e+15, 1.4133413e+24, -20278.1313, 31494.9961, 303.117004, 117.196028, 117.195921, 1.28078819, 1.28078819, 1.5e+15, 1152.02328, 4.97168239, 0.251103411, 1517.70439, -2.99779487, -622.783123, -627.053825, 3.9628639, 968.620544, 1381.86335, 0, 1.21774314e-08, 1.21774314e-08, 43849427.5, 391233687, 347382914, 0.27, 3.332, 1344.75373, -625.780918, 972.583407, 0, 1.4999448e+15, 0, 0, 2e+18, 1.51754647e+17
2.9157813, 0, 0, 1.5e+15, 0, 2.34530757e-21, 3.718e+18, 6.44e+20, 4.85, 4, 260.412723, 117.195997, 1.28078819, 33621.3926, 0, 6.45599505e+12, 1.49825997e+17, 1037.5028, -258.40121, -262.685424, 1.5e+15, 1.30664798e+24, -19764.8923, 27197.8758, 303.115621, 117.196028, 117.195997, 1.28078819, 1.28078819, 1.5e+15, 1033.38103, 4.13696607, 0.251517356, 1374.04404, -2.7086139, -606.965589, -613.194596, 3.12693229, 836.327298, 1229.61315, 0, 1.21773525e-08, 1.21773525e-08, 35127289.7, 382421564, 347292511, 0.27, 3.332, 1762.2999, -609.674203, 839.45423, 0, 1.49994897e+15, 0, 0, 2e+18, 1.51734814e+17
2.94153965, 0, 0, 1.5e+15, 0, 2.34494975e-21, 3.718e+18, 6.44e+20, 4.85, 4, 260.349841, 117.196004, 1.28078819, 32316.2686, 0, 6.23272125e+12, 1.49816861e+17, 997.046795, -258.339247, -262.622541, 1.5e+15, 1.26540065e+24, -19584.612, 25681.423, 303.115123, 117.196028, 117.196004, 1.28078819, 1.28078819, 1.5e+15, 993.17425, 3.88706095, 0.25169966, 1323.97429, -2.60500754, -601.389612, -608.359578, 2.88168359, 789.670259, 1175.61896, 0, 1.21773241e-08, 1.21773241e-08, 32593180.7, 379839330, 347244505, 0.27, 3.332, 1643.92278, -603.994619, 792.551942, 0, 1.49995058e+15, 0, 0, 2e+18, 1.51723066e+17
3.0059375, 0, 0, 1.5e+15, 0, 2.3440637e-21, 3.718e+18, 6.44e+20, 4.85, 4, 260.192952, 117.196023, 1.28078819, 29051.7, 0, 5.70668396e+12, 1.49794615e+17, 895.838691, -258.184659, -262.465648, 1.5e+15, 1.15501705e+24, -19097.7495, 21892.0465, 303.11389, 117.196029, 117.196023, 1.28078819, 1.28078819, 1.5e+15, 892.634216, 3.21721354, 0.252146417, 1198.72487, -2.32115411, -586.329673, -595.033444, 2.22769259, 673.04925, 1040.59866, 0, 1.21772537e-08, 1.21772537e-08, 26213498.7, 373353447, 347138012, 0.27, 3.332, 1936.69723, -588.650827, 675.276942, 0, 1.49995489e+15, 0, 0, 2e+18, 1.51699011e+17
3.03169588, 0, 0, 1.5e+15, 0, 2.34373798e-21, 3.718e+18, 6.44e+20, 4.85, 4, 260.14287, 117.196025, 1.28078819, 27968.1355, 0, 5.51115798e+12, 1.497868e+17, 862.27745, -258.135487, -262.415565, 1.5e+15, 1.11887261e+24, -18926.9445, 20559.1215, 303.113436, 117.196029, 117.196025, 1.28078819, 1.28078819, 1.5e+15, 859.261548, 3.02820765, 0.252339823, 1155.44646, -2.23424962, -581.064075, -590.461867, 2.03996649, 632.05014, 992.793279, 0, 1.21772278e-08, 1.21772278e-08, 24392014.3, 371491100, 347097244, 0.27, 3.332, 1841.7152, -583.298324, 634.090106, 0, 1.4999563e+15, 0, 0, 2e+18, 1.5168909e+17
3.0960938, 0, 0, 1.5e+15, 0, 2.34293275e-21, 3.718e+18, 6.44e+20, 4.85, 4, 260.017962, 117.196029, 1.28078819, 25256.2341, 0, 5.05374081e+12, 1.49768048e+17, 778.290804, -258.012841, -262.290656, 1.5e+15, 1.02289404e+24, -18467.33, 17228.6072, 303.112314, 117.196029, 117.196029, 1.28078819, 1.28078819, 1.5e+15, 775.779613, 2.52250743, 0.252817106, 1047.18699, -1.998382, -566.8949, -577.922749, 1.53930614, 529.577257, 873.25993, 0, 1.21771638e-08, 1.21771638e-08, 19800459.2, 366811774, 347009165, 0.27, 3.332, 2149.59873, -568.893282, 531.116563, 0, 1.49996005e+15, 0, 0, 2e+18, 1.51669531e+17
3.12185215, 0, 0, 1.5e+15, 0, 2.34263151e-21, 3.718e+18, 6.44e+20, 4.85, 4, 259.979115, 117.196029, 1.28078819, 24380.4759, 0, 4.85113681e+12, 1.49759959e+17, 751.162134, -257.975062, -262.251808, 1.5e+15, 9.85732818e+23, -18305.5907, 16061.6615, 303.111894, 117.196029, 117.196029, 1.28078819, 1.28078819, 1.5e+15, 748.799948, 2.37234868, 0.253020793, 1010.13729, -1.91280366, -561.899535, -573.546037, 1.39965031, 493.696395, 831.033625, 0, 1.21771398e-08, 1.21771398e-08, 18514196.3, 365482829, 346966592, 0.27, 3.332, 2039.77569, -563.812338, 495.096045, 0, 1.4999615e+15, 0, 0, 2e+18, 1.51659131e+17
3.18625, 0, 0, 1.5e+15, 0, 2.34188735e-21, 3.718e+18, 6.44e+20, 4.85, 4, 259.882281, 117.196029, 1.28078819, 22186.0783, 0, 4.37695367e+12, 1.49740201e+17, 683.201008, -257.880913, -262.154971, 1.5e+15, 8.85919791e+23, -17871.6965, 13146.0365, 303.110857, 117.196029, 117.19603, 1.28078819, 1.28078819, 1.5e+15, 681.240098, 1.96812277, 0.253526254, 917.440761, -1.67887876, -548.496093, -561.595349, 1.02706081, 404.020404, 725.459556, 0, 1.21770807e-08, 1.21770807e-08, 15265374.2, 362139143, 346871506, 0.27, 3.332, 2263.18746, -550.174972, 405.047465, 0, 1.4999654e+15, 0, 0, 2e+18, 1.51637609e+17
3.21200838, 0, 0, 1.5e+15, 0, 2.34160437e-21, 3.718e+18, 6.44e+20, 4.85, 4, 259.85324, 117.196029, 1.28078819, 21503.4983, 0, 4.22870697e+12, 1.49733508e+17, 662.077483, -257.852772, -262.125929, 1.5e+15, 8.58498326e+23, -17719.0563, 12129.4609, 303.110462, 117.196029, 117.19603, 1.28078819, 1.28078819, 1.5e+15, 660.218436, 1.86572931, 0.253739386, 886.200604, -1.61728333, -543.79491, -557.499283, 0.925369981, 372.772242, 688.26935, 0, 1.21770582e-08, 1.21770582e-08, 14378793.1, 361217453, 346836491, 0.27, 3.332, 2168.98327, -545.412193, 373.697612, 0, 1.49996647e+15, 0, 0, 2e+18, 1.51629063e+17
3.2764063, 0, 0, 1.5e+15, 0, 2.34090628e-21, 3.718e+18, 6.44e+20, 4.85, 4, 259.780906, 117.196029, 1.28078819, 19789.6245, 0, 3.88236193e+12, 1.49717399e+17, 609.06831, -257.782668, -262.053592, 1.5e+15, 7.85835788e+23, -17310.7744, 9589.72133, 303.109489, 117.196029, 117.19603, 1.28078819, 1.28078819, 1.5e+15, 607.481973, 1.59176126, 0.254270669, 808.016151, -1.45100794, -531.219465, -546.353775, 0.654423968, 294.679141, 595.294829, 0, 1.21770027e-08, 1.21770027e-08, 12133785.1, 358896806, 346760622, 0.27, 3.332, 2398.78317, -532.670473, 295.333564, 0, 1.49996931e+15, 0, 0, 2e+18, 1.51612141e+17
3.30216465, 0, 0, 1.5e+15, 0, 2.34063787e-21, 3.718e+18, 6.44e+20, 4.85, 4, 259.760389, 117.196029, 1.28078819, 19281.2052, 0, 3.71647166e+12, 1.49711061e+17, 593.319291, -257.763292, -262.033075, 1.5e+15, 7.55511035e+23, -17166.5732, 8709.05041, 303.109114, 117.196029, 117.19603, 1.28078819, 1.28078819, 1.5e+15, 591.819421, 1.50453859, 0.254492418, 782.084735, -1.3864753, -526.773819, -542.4487, 0.579600311, 267.617793, 562.648678, 0, 1.21769813e-08, 1.21769813e-08, 11538296.6, 358267590, 346726995, 0.27, 3.332, 2298.08758, -528.160294, 268.197394, 0, 1.49997049e+15, 0, 0, 2e+18, 1.51603863e+17
3.3665625, 0, 0, 1.5e+15, 0, 2.33997601e-21, 3.718e+18, 6.44e+20, 4.85, 4, 259.709351, 117.196029, 1.28078819, 18000.015, 0, 3.33157674e+12, 1.49695687e+17, 553.65554, -257.715108, -261.982036, 1.5e+15, 6.74360147e+23, -16781.8991, 6508.95773, 303.108191, 117.196029, 117.19603, 1.28078819, 1.28078819, 1.5e+15, 552.38873, 1.26960002, 0.255047194, 717.136685, -1.2113779, -514.912133, -531.864044, 0.380058439, 199.991171, 481.038167, 0, 1.21769286e-08, 1.21769286e-08, 10024362.1, 356679990, 346653152, 0.27, 3.332, 2476.34686, -516.123511, 200.37123, 0, 1.49997366e+15, 0, 0, 2e+18, 1.5158714e+17
3.39232088, 0, 0, 1.5e+15, 0, 2.33971856e-21, 3.718e+18, 6.44e+20, 4.85, 4, 259.69619, 117.196029, 1.28078819, 17642.1029, 0, 3.20393979e+12, 1.49690368e+17, 542.574482, -257.702967, -261.968874, 1.5e+15, 6.50893497e+23, -16645.8192, 5751.43547, 303.107832, 117.196029, 117.19603, 1.28078819, 1.28078819, 1.5e+15, 541.367332, 1.20955499, 0.255276776, 696.105695, -1.16268774, -510.723896, -528.196913, 0.327591423, 176.720144, 452.503386, 0, 1.21769081e-08, 1.21769081e-08, 9638564.69, 356265794, 346624847, 0.27, 3.332, 2382.1113, -511.886584, 177.047736, 0, 1.49997458e+15, 0, 0, 2e+18, 1.51580131e+17
3.4567188, 0, 0, 1.5e+15, 0, 2.33908439e-21, 3.718e+18, 6.44e+20, 4.85, 4, 259.663527, 117.196029, 1.28078819, 16734.8545, 0, 2.90736603e+12, 1.49677592e+17, 514.505964, -257.67284, -261.936209, 1.5e+15, 5.88508287e+23, -16283.7785, 3859.14679, 303.106947, 117.196029, 117.19603, 1.28078819, 1.28078819, 1.5e+15, 513.459009, 1.04842319, 0.255852853, 643.367818, -1.03148107, -499.580131, -518.287723, 0.187714006, 118.569587, 381.175595, 0, 1.21768576e-08, 1.21768576e-08, 8652112.81, 355218780, 346564118, 0.27, 3.332, 2549.41, -500.611613, 118.7573, 0, 1.49997702e+15, 0, 0, 2e+18, 1.51566439e+17
3.48247715, 0, 0, 1.5e+15, 0, 2.33883649e-21, 3.718e+18, 6.44e+20, 4.85, 4, 259.65667, 117.196029, 1.28078819, 16498.9337, 0, 2.76970282e+12, 1.49672791e+17, 507.185158, -257.667249, -261.929351, 1.5e+15, 5.63497668e+23, -16155.3227, 3213.07099, 303.106601, 117.196029, 117.19603, 1.28078819, 1.28078819, 1.5e+15, 506.191604, 0.994745884, 0.256089499, 626.706777, -0.981968007, -495.623466, -514.792283, 0.151875018, 98.7275719, 356.357106, 0, 1.21768379e-08, 1.21768379e-08, 8412116.49, 354952750, 346538179, 0.27, 3.332, 2453.73713, -496.605435, 98.8794468, 0, 1.49997799e+15, 0, 0, 2e+18, 1.51559948e+17
3.546875, 0, 0, 1.5e+15, 0, 2.33822592e-21, 3.718e+18, 6.44e+20, 4.85, 4, 259.639753, 117.19603, 1.28078819, 15895.0623, 0, 2.45293639e+12, 1.49661215e+17, 488.453089, -257.653503, -261.912433, 1.5e+15, 4.96527985e+23, -15814.3836, 1599.33437, 303.105749, 117.19603, 117.19603, 1.28078819, 1.28078819, 1.5e+15, 487.603661, 0.849936809, 0.256684736, 584.842057, -0.84806887, -485.119711, -505.381826, 0.0563133504, 49.150166, 294.323411, 0, 1.21767892e-08, 1.21767892e-08, 7792654.27, 354277609, 346482365, 0.27, 3.332, 2589.81335, -485.96778, 49.2064794, 0, 1.49998061e+15, 0, 0, 2e+18, 1.51547215e+17
3.57263338, 0, 0, 1.5e+15, 0, 2.33798557e-21, 3.718e+18, 6.44e+20, 4.85, 4, 259.638242, 117.19603, 1.28078819, 15750.9937, 0, 2.35410435e+12, 1.49657278e+17, 483.985263, -257.653066, -261.910922, 1.5e+15, 4.78407835e+23, -15693.4287, 1054.25388, 303.105413, 117.19603, 117.19603, 1.28078819, 1.28078819, 1.5e+15, 483.171336, 0.814323358, 0.256927691, 572.053599, -0.812854567, -481.400238, -502.102259, 0.0335307833, 32.4131399, 272.864542, 0, 1.21767701e-08, 1.21767701e-08, 7651644.62, 354115080, 346460935, 0.27, 3.332, 2499.58542, -482.213092, 32.4466707, 0, 1.49998132e+15, 0, 0, 2e+18, 1.51541796e+17
3.6370313, 0, 0, 1.5e+15, 0, 2.33739402e-21, 3.718e+18, 6.44e+20, 4.85, 4, 259.634676, 117.19603, 1.28078819, 15376.2119, 0, 2.12516811e+12, 1.49647895e+17, 472.362302, -257.652172, -261.907355, 1.5e+15, 4.3018977e+23, -15373.14, -307.030155, 303.104586, 117.19603, 117.19603, 1.28078819, 1.28078819, 1.5e+15, 471.643684, 0.718731812, 0.257539999, 539.821568, -0.718218008, -471.549808, -493.297207, -0.0271667884, -9.40074395, 219.233539, 0, 1.2176723e-08, 1.2176723e-08, 7282056.92, 353700853, 346416170, 0.27, 3.332, 2626.04493, -472.268026, -9.42791074, 0, 1.4999832e+15, 0, 0, 2e+18, 1.51531607e+17
3.66278965, 0, 0, 1.5e+15, 0, 2.33716117e-21, 3.718e+18, 6.44e+20, 4.85, 4, 259.637648, 117.19603, 1.28078819, 15295.077, 0, 2.03151585e+12, 1.49644609e+17, 469.835882, -257.656321, -261.910327, 1.5e+15, 4.13109145e+23, -15259.3188, -760.762755, 303.104261, 117.19603, 117.19603, 1.28078819, 1.28078819, 1.5e+15, 469.148117, 0.687849963, 0.257788509, 530.272412, -0.686079571, -468.048516, -490.183812, -0.0413322922, -23.3302371, 200.806521, 0, 1.21767044e-08, 1.21767044e-08, 7203931.51, 353604434, 346397964, 0.27, 3.332, 2538.75439, -468.734597, -23.3715694, 0, 1.49998387e+15, 0, 0, 2e+18, 1.51526932e+17
3.7271875, 0, 0, 1.5e+15, 0, 2.33658806e-21, 3.718e+18, 6.44e+20, 4.85, 4, 259.645278, 117.19603, 1.28078819, 15077.9326, 0, 1.81526855e+12, 1.49636835e+17, 463.065892, -257.666888, -261.917956, 1.5e+15, 3.67462719e+23, -14958.533, -1893.737, 303.10346, 117.19603, 117.19603, 1.28078819, 1.28078819, 1.5e+15, 462.461175, 0.604724586, 0.258415804, 506.095867, -0.599531503, -458.793831, -481.852912, -0.0790798778, -58.1248731, 154.75716, 0, 1.21766587e-08, 1.21766587e-08, 6993440.62, 353356802, 346360712, 0.27, 3.332, 2649.632, -459.393362, -58.203953, 0, 1.49998565e+15, 0, 0, 2e+18, 1.51518387e+17
3.75294588, 0, 0, 1.5e+15, 0, 2.33636162e-21, 3.718e+18, 6.44e+20, 4.85, 4, 259.651948, 117.19603, 1.28078819, 15035.2148, 0, 1.73874142e+12, 1.4963423e+17, 461.733472, -257.674683, -261.924626, 1.5e+15, 3.53473213e+23, -14851.6555, -2264.65548, 303.103144, 117.19603, 117.19603, 1.28078819, 1.28078819, 1.5e+15, 461.152733, 0.580748896, 0.258669137, 499.192508, -0.573916118, -455.510489, -478.930275, -0.0867661043, -69.5106287, 139.073526, 0, 1.21766407e-08, 1.21766407e-08, 6952483.94, 353301018, 346345967, 0.27, 3.332, 2567.16995, -456.084405, -69.5973947, 0, 1.4999862e+15, 0, 0, 2e+18, 1.51514525e+17
3.8173438, 0, 0, 1.5e+15, 0, 2.3358046e-21, 3.718e+18, 6.44e+20, 4.85, 4, 259.668812, 117.19603, 1.28078819, 14915.032, 0, 1.56196402e+12, 1.49628165e+17, 457.973965, -257.694346, -261.941489, 1.5e+15, 3.16192237e+23, -14569.7602, -3190.64172, 303.102366, 117.19603, 117.19603, 1.28078819, 1.28078819, 1.5e+15, 457.457527, 0.516449565, 0.25930941, 481.599999, -0.505196658, -446.849033, -471.127397, -0.10722111, -97.9454358, 99.8849193, 0, 1.21765963e-08, 1.21765963e-08, 6836674.49, 353156376, 346317032, 0.27, 3.332, 2668.90135, -447.354229, -98.0526569, 0, 1.49998765e+15, 0, 0, 2e+18, 1.51507856e+17
3.84310215, 0, 0, 1.5e+15, 0, 2.33558532e-21, 3.718e+18, 6.44e+20, 4.85, 4, 259.678472, 117.19603, 1.28078819, 14891.4849, 0, 1.49002248e+12, 1.49626086e+17, 457.231721, -257.705238, -261.951149, 1.5e+15, 3.03111439e+23, -14469.4895, -3486.46517, 303.102059, 117.19603, 117.19603, 1.28078819, 1.28078819, 1.5e+15, 456.737124, 0.494616354, 0.25956684, 476.703395, -0.481947222, -443.76692, -468.361021, -0.110378853, -107.024945, 86.6860092, 0, 1.21765788e-08, 1.21765788e-08, 6813879.45, 353121384, 346304914, 0.27, 3.332, 2590.04497, -444.248867, -107.135324, 0, 1.49998816e+15, 0, 0, 2e+18, 1.51504605e+17
3.9075, 0, 0, 1.5e+15, 0, 2.33504578e-21, 3.718e+18, 6.44e+20, 4.85, 4, 259.702799, 117.19603, 1.28078819, 14820.3804, 0, 1.32449163e+12, 1.49621318e+17, 454.980067, -257.73264, -261.975476, 1.5e+15, 2.68122853e+23, -14205.4576, -4224.75702, 303.101305, 117.19603, 117.19603, 1.28078819, 1.28078819, 1.5e+15, 454.544164, 0.435942727, 0.260218118, 464.114845, -0.419457941, -435.648922, -460.996116, -0.118747562, -129.693485, 53.7112058, 0, 1.21765358e-08, 1.21765358e-08, 6744885.54, 353029612, 346282046, 0.27, 3.332, 2680.48875, -436.06838, -129.812233, 0, 1.49998953e+15, 0, 0, 2e+18, 1.51499272e+17
3.93325838, 0, 0, 1.5e+15, 0, 2.33483308e-21, 3.718e+18, 6.44e+20, 4.85, 4, 259.714803, 117.19603, 1.28078819, 14802.3107, 0, 1.26681261e+12, 1.49619767e+17, 454.414447, -257.745807, -261.987481, 1.5e+15, 2.57603169e+23, -14111.696, -4452.43702, 303.101008, 117.19603, 117.19603, 1.28078819, 1.28078819, 1.5e+15, 453.995933, 0.418568455, 0.260478931, 460.696375, -0.401261603, -432.770831, -458.411062, -0.11880998, -136.681239, 42.7628899, 0, 1.21765188e-08, 1.21765188e-08, 6727677.26, 353002926, 346272642, 0.27, 3.332, 2606.572, -433.172093, -136.80005, 0, 1.49998994e+15, 0, 0, 2e+18, 1.51496664e+17
3.9976563, 0, 0, 1.5e+15, 0, 2.33430993e-21, 3.718e+18, 6.44e+20, 4.85, 4, 259.74498, 117.19603, 1.28078819, 14746.1215, 0, 1.13404048e+12, 1.49616319e+17, 452.64428, -257.778874, -262.017657, 1.5e+15, 2.2957315e+23, -13865.1934, -5020.39935, 303.100276, 117.19603, 117.19603, 1.28078819, 1.28078819, 1.5e+15, 452.272274, 0.372100013, 0.261139272, 451.804519, -0.35258616, -425.20271, -451.541258, -0.118917331, -154.119598, 15.4165791, 0, 1.21764771e-08, 1.21764771e-08, 6674000.47, 352932905, 346256215, 0.27, 3.332, 2689.9671, -425.555297, -154.238515, 0, 1.49999103e+15, 0, 0, 2e+18, 1.51492788e+17
4.02341465, 0, 0, 1.5e+15, 0, 2.33410503e-21, 3.718e+18, 6.44e+20, 4.85, 4, 259.758745, 117.19603, 1.28078819, 14724.2333, 0, 1.08514571e+12, 1.49615219e+17, 451.962259, -257.79379, -262.031422, 1.5e+15, 2.206559e+23, -13777.6614, -5186.32916, 303.09999, 117.19603, 117.19603, 1.28078819, 1.28078819, 1.5e+15, 451.605016, 0.357346791, 0.261402754, 449.367222, -0.337487695, -422.514807, -449.109583, -0.117335595, -159.211865, 6.50560175, 0, 1.21764607e-08, 1.21764607e-08, 6653674.2, 352905417, 346249122, 0.27, 3.332, 2620.79013, -422.852295, -159.329201, 0, 1.49999138e+15, 0, 0, 2e+18, 1.5149073e+17
4.0878125, 0, 0, 1.5e+15, 0, 2.33360092e-21, 3.718e+18, 6.44e+20, 4.85, 4, 259.793314, 117.19603, 1.28078819, 14659.5976, 0, 9.72464045e+11, 1.49612892e+17, 449.936216, -257.831222, -262.065991, 1.5e+15, 1.96867118e+23, -13547.8449, -5599.96097, 303.099285, 117.19603, 117.19603, 1.28078819, 1.28078819, 1.5e+15, 449.618464, 0.317882589, 0.262070242, 442.942658, -0.297086986, -415.455525, -442.662589, -0.113086611, -171.911161, -15.7463915, 0, 1.21764205e-08, 1.21764205e-08, 6593305.35, 352834102, 346238099, 0.27, 3.332, 2697.75316, -415.752612, -172.024248, 0, 1.49999231e+15, 0, 0, 2e+18, 1.51488071e+17
4.11357088, 0, 0, 1.5e+15, 0, 2.33340354e-21, 3.718e+18, 6.44e+20, 4.85, 4, 259.808311, 117.19603, 1.28078819, 14628.2718, 0, 9.31962977e+11, 1.49612187e+17, 448.968533, -257.847329, -262.080988, 1.5e+15, 1.89470948e+23, -13466.3929, -5709.90621, 303.099008, 117.19603, 117.19603, 1.28078819, 1.28078819, 1.5e+15, 448.663123, 0.305549112, 0.262335694, 441.130162, -0.284840171, -412.957189, -440.39949, -0.110527155, -175.285426, -22.8122315, 0, 1.21764048e-08, 1.21764048e-08, 6564948.1, 352800634, 346233053, 0.27, 3.332, 2633.48411, -413.24203, -175.395953, 0, 1.4999926e+15, 0, 0, 2e+18, 1.51486504e+17
4.1779688, 0, 0, 1.5e+15, 0, 2.33291811e-21, 3.718e+18, 6.44e+20, 4.85, 4, 259.845945, 117.19603, 1.28078819, 14541.0053, 0, 8.38527547e+11, 1.49610842e+17, 446.261923, -257.887722, -262.118623, 1.5e+15, 1.6975598e+23, -13252.8118, -5983.61333, 303.098329, 117.19603, 117.19603, 1.28078819, 1.28078819, 1.5e+15, 445.989475, 0.272609285, 0.263008465, 436.287065, -0.252128014, -406.40472, -434.407782, -0.103668784, -183.689352, -40.4503411, 0, 1.2176366e-08, 1.2176366e-08, 6485551.89, 352715038, 346226781, 0.27, 3.332, 2704.84431, -406.656847, -183.793021, 0, 1.49999337e+15, 0, 0, 2e+18, 1.51484919e+17
4.20372715, 0, 0, 1.5e+15, 0, 2.33272986e-21, 3.718e+18, 6.44e+20, 4.85, 4, 259.861694, 117.19603, 1.28078819, 14497.1811, 0, 8.02640455e+11, 1.49610439e+17, 444.908867, -257.904612, -262.134372, 1.5e+15, 1.63216458e+23, -13177.1817, -6042.79615, 303.098065, 117.19603, 117.19603, 1.28078819, 1.28078819, 1.5e+15, 444.647405, 0.261622973, 0.263275204, 434.798829, -0.241517933, -404.083277, -432.288876, -0.100560888, -185.505638, -45.8431031, 0, 1.2176351e-08, 1.2176351e-08, 6446450.97, 352672400, 346223304, 0.27, 3.332, 2644.97411, -404.324795, -185.606199, 0, 1.49999363e+15, 0, 0, 2e+18, 1.51483731e+17
4.268125, 0, 0, 1.5e+15, 0, 2.33226668e-21, 3.718e+18, 6.44e+20, 4.85, 4, 259.901198, 117.19603, 1.28078819, 14379.4281, 0, 7.19878595e+11, 1.49609829e+17, 441.264241, -257.946958, -262.173877, 1.5e+15, 1.45738173e+23, -12979.068, -6189.62881, 303.097417, 117.19603, 117.19603, 1.28078819, 1.28078819, 1.5e+15, 441.032168, 0.23223155, 0.263951447, 430.790021, -0.213132018, -397.999975, -426.689362, -0.0922289102, -190.014036, -59.2974865, 0, 1.2176314e-08, 1.2176314e-08, 6341040.17, 352564288, 346220538, 0.27, 3.332, 2710.39707, -398.213106, -190.106266, 0, 1.49999431e+15, 0, 0, 2e+18, 1.51482934e+17
4.29388338, 0, 0, 1.5e+15, 0, 2.33208736e-21, 3.718e+18, 6.44e+20, 4.85, 4, 259.917262, 117.19603, 1.28078819, 14322.2053, 0, 6.90168959e+11, 1.49609681e+17, 439.502588, -257.964123, -262.189941, 1.5e+15, 1.40316715e+23, -12909.2042, -6202.85358, 303.097166, 117.19603, 117.19603, 1.28078819, 1.28078819, 1.5e+15, 439.279728, 0.223020881, 0.264218804, 429.451538, -0.204535584, -395.858021, -424.731664, -0.08890089, -190.420155, -63.1768585, 0, 1.21762997e-08, 1.21762997e-08, 6290855.55, 352511922, 346218411, 0.27, 3.332, 2655.06103, -396.062556, -190.509057, 0, 1.49999452e+15, 0, 0, 2e+18, 1.51482078e+17
4.3582813, 0, 0, 1.5e+15, 0, 2.33164632e-21, 3.718e+18, 6.44e+20, 4.85, 4, 259.957545, 117.19603, 1.28078819, 14171.5927, 0, 6.21639283e+11, 1.49609687e+17, 434.860717, -258.007136, -262.230224, 1.5e+15, 1.25852229e+23, -12726.3871, -6234.80625, 303.096549, 117.19603, 117.19603, 1.28078819, 1.28078819, 1.5e+15, 434.662454, 0.198430229, 0.264896757, 425.841327, -0.181600576, -390.251856, -419.564288, -0.079973349, -191.40233, -72.8464745, 0, 1.21762645e-08, 1.21762645e-08, 6158590.41, 352379923, 346218617, 0.27, 3.332, 2715.0097, -390.433457, -191.482303, 0, 1.49999508e+15, 0, 0, 2e+18, 1.51481955e+17
4.38403965, 0, 0, 1.5e+15, 0, 2.33147782e-21, 3.718e+18, 6.44e+20, 4.85, 4, 259.973532, 117.19603, 1.28078819, 14101.4261, 0, 5.96689193e+11, 1.49609739e+17, 432.700619, -258.024192, -262.246211, 1.5e+15, 1.2129635e+23, -12662.1136, -6206.52338, 303.096313, 117.19603, 117.19603, 1.28078819, 1.28078819, 1.5e+15, 432.510146, 0.190640081, 0.265164071, 424.512792, -0.174501829, -388.280293, -417.748874, -0.0767633816, -190.534556, -75.358837, 0, 1.2176251e-08, 1.2176251e-08, 6098070.81, 352318310, 346217575, 0.27, 3.332, 2664.21598, -388.454795, -190.61132, 0, 1.49999526e+15, 0, 0, 2e+18, 1.51481373e+17
4.4484375, 0, 0, 1.5e+15, 0, 2.33106317e-21, 3.718e+18, 6.44e+20, 4.85, 4, 260.013613, 117.19603, 1.28078819, 13918.9283, 0, 5.39040281e+11, 1.49610226e+17, 427.079372, -258.066926, -262.286293, 1.5e+15, 1.09131985e+23, -12494.0482, -6134.73479, 303.095732, 117.19603, 117.19603, 1.28078819, 1.28078819, 1.5e+15, 426.909699, 0.169836519, 0.265842014, 420.950612, -0.155560279, -383.122734, -412.963869, -0.068157187, -188.331483, -81.6101995, 0, 1.21762179e-08, 1.21762179e-08, 5940650.19, 352163468, 346220099, 0.27, 3.332, 2719.50199, -383.278294, -188.39964, 0, 1.49999574e+15, 0, 0, 2e+18, 1.5148178e+17
4.47419588, 0, 0, 1.5e+15, 0, 2.33090544e-21, 3.718e+18, 6.44e+20, 4.85, 4, 260.029166, 117.19603, 1.28078819, 13837.4573, 0, 5.17731147e+11, 1.49610423e+17, 424.573408, -258.083533, -262.301847, 1.5e+15, 1.05241085e+23, -12435.2941, -6069.06564, 303.095512, 117.19603, 117.19603, 1.28078819, 1.28078819, 1.5e+15, 424.410392, 0.163174978, 0.266108645, 419.578743, -0.149601108, -381.322075, -411.302665, -0.0651526217, -186.316443, -82.8917063, 0, 1.21762053e-08, 1.21762053e-08, 5871796.55, 352094338, 346219868, 0.27, 3.332, 2672.96324, -381.471676, -186.381596, 0, 1.49999589e+15, 0, 0, 2e+18, 1.51481407e+17
4.5385938, 0, 0, 1.5e+15, 0, 2.33051741e-21, 3.718e+18, 6.44e+20, 4.85, 4, 260.068155, 117.19603, 1.28078819, 13627.0994, 0, 4.68439376e+11, 1.49611246e+17, 418.104329, -258.125134, -262.340836, 1.5e+15, 9.48401769e+22, -12281.7864, -5903.82642, 303.094968, 117.19603, 117.19603, 1.28078819, 1.28078819, 1.5e+15, 417.959103, 0.145373951, 0.266784915, 415.93017, -0.133695789, -376.616614, -406.928354, -0.0570875621, -181.244581, -86.0649911, 0, 1.21761743e-08, 1.21761743e-08, 5694255.69, 351920967, 346223989, 0.27, 3.332, 2722.95503, -376.750309, -181.301668, 0, 1.4999963e+15, 0, 0, 2e+18, 1.51482181e+17
4.56435215, 0, 0, 1.5e+15, 0, 2.33037269e-21, 3.718e+18, 6.44e+20, 4.85, 4, 260.082958, 117.19603, 1.28078819, 13536.7361, 0, 4.49091943e+11, 1.49611528e+17, 415.323068, -258.141038, -262.355639, 1.5e+15, 9.13181125e+22, -12228.4337, -5804.5486, 303.094765, 117.19603, 117.19603, 1.28078819, 1.28078819, 1.5e+15, 415.183807, 0.139398134, 0.267050237, 414.477291, -0.128388922, -374.979904, -405.405866, -0.054286259, -178.197881, -86.239056, 0, 1.21761627e-08, 1.21761627e-08, 5619529, 351846476, 346224267, 0.27, 3.332, 2680.54334, -375.108292, -178.252166, 0, 1.49999643e+15, 0, 0, 2e+18, 1.5148195e+17
4.62875, 0, 0, 1.5e+15, 0, 2.33001645e-21, 3.718e+18, 6.44e+20, 4.85, 4, 260.12006, 117.19603, 1.28078819, 13304.4298, 0, 4.04386682e+11, 1.49612531e+17, 408.175596, -258.180879, -262.392741, 1.5e+15, 8.18732566e+22, -12089.0914, -5555.29519, 303.094266, 117.19603, 117.19603, 1.28078819, 1.28078819, 1.5e+15, 408.052315, 0.123392575, 0.267723233, 410.644683, -0.114193024, -370.702903, -401.400158, -0.0467510007, -170.545861, -86.6425355, 0, 1.21761343e-08, 1.21761343e-08, 5427843.74, 351659786, 346229217, 0.27, 3.332, 2725.41323, -370.817096, -170.592612, 0, 1.4999968e+15, 0, 0, 2e+18, 1.51482916e+17
4.65450838, 0, 0, 1.5e+15, 0, 2.32988446e-21, 3.718e+18, 6.44e+20, 4.85, 4, 260.133823, 117.19603, 1.28078819, 13208.4675, 0, 3.87313429e+11, 1.49612857e+17, 405.223478, -258.195768, -262.406505, 1.5e+15, 7.87706218e+22, -12041.2021, -5426.05157, 303.094081, 117.19603, 117.19603, 1.28078819, 1.28078819, 1.5e+15, 405.105394, 0.118187452, 0.267986636, 409.137202, -0.109611294, -369.235369, -400.031896, -0.0441805431, -166.579511, -85.8295998, 0, 1.21761237e-08, 1.21761237e-08, 5350455.56, 351582951, 346229809, 0.27, 3.332, 2686.95025, -369.34498, -166.623692, 0, 1.49999692e+15, 0, 0, 2e+18, 1.51482783e+17
4.7189063, 0, 0, 1.5e+15, 0, 2.32955966e-21, 3.718e+18, 6.44e+20, 4.85, 4, 260.168317, 117.19603, 1.28078819, 12962.473, 0, 3.47950436e+11, 1.49613933e+17, 397.662909, -258.233061, -262.441, 1.5e+15, 7.04481401e+22, -11916.2161, -5101.87102, 303.093626, 117.19603, 117.19603, 1.28078819, 1.28078819, 1.5e+15, 397.558742, 0.104249322, 0.268654799, 405.188557, -0.0973654919, -365.404882, -396.435758, -0.0372540613, -156.627131, -83.7640468, 0, 1.21760977e-08, 1.21760977e-08, 5152759.85, 351390551, 346235066, 0.27, 3.332, 2725.9718, -365.502247, -156.664385, 0, 1.49999725e+15, 0, 0, 2e+18, 1.51483825e+17
4.74466465, 0, 0, 1.5e+15, 0, 2.32944302e-21, 3.718e+18, 6.44e+20, 4.85, 4, 260.18079, 117.19603, 1.28078819, 12864.6872, 0, 3.32560651e+11, 1.49614272e+17, 394.653284, -258.246715, -262.453473, 1.5e+15, 6.76603855e+22, -11873.7745, -4946.12458, 303.093462, 117.19603, 117.19603, 1.28078819, 1.28078819, 1.5e+15, 394.553686, 0.0996693778, 0.26891568, 403.651796, -0.0933188767, -364.103272, -395.211589, -0.0349822826, -151.84714, -82.0772801, 0, 1.21760884e-08, 1.21760884e-08, 5075913.95, 351314433, 346235828, 0.27, 3.332, 2691.77909, -364.196592, -151.882122, 0, 1.49999736e+15, 0, 0, 2e+18, 1.51483759e+17
4.8090625, 0, 0, 1.5e+15, 0, 2.32915573e-21, 3.718e+18, 6.44e+20, 4.85, 4, 260.212047, 117.19603, 1.28078819, 12614.4002, 0, 2.97184931e+11, 1.4961535e+17, 386.957114, -258.280908, -262.48473, 1.5e+15, 6.01707487e+22, -11763.0112, -4555.68635, 303.09306, 117.19603, 117.19603, 1.28078819, 1.28078819, 1.5e+15, 386.869766, 0.0873959572, 0.26957749, 399.645837, -0.0824949485, -360.703973, -391.994743, -0.0288552496, -139.859561, -77.8259395, 0, 1.21760654e-08, 1.21760654e-08, 4880036.15, 351123829, 346241067, 0.27, 3.332, 2725.9964, -360.786468, -139.888416, 0, 1.49999765e+15, 0, 0, 2e+18, 1.5148481e+17
4.83482088, 0, 0, 1.5e+15, 0, 2.32905411e-21, 3.718e+18, 6.44e+20, 4.85, 4, 260.223002, 117.19603, 1.28078819, 12519.1173, 0, 2.82586749e+11, 1.49615661e+17, 384.024609, -258.293179, -262.495686, 1.5e+15, 5.75443352e+22, -11726.1083, -4376.81983, 303.092918, 117.19603, 117.19603, 1.28078819, 1.28078819, 1.5e+15, 383.941437, 0.0832119576, 0.26983526, 398.145114, -0.0787429026, -359.572904, -390.927405, -0.0268741065, -134.369865, -75.3768123, 0, 1.21760573e-08, 1.21760573e-08, 4807141.97, 351051624, 346241787, 0.27, 3.332, 2695.62636, -359.651647, -134.396739, 0, 1.49999775e+15, 0, 0, 2e+18, 1.51484762e+17
4.8992188, 0, 0, 1.5e+15, 0, 2.3288039e-21, 3.718e+18, 6.44e+20, 4.85, 4, 260.250456, 117.19603, 1.28078819, 12275.4779, 0, 2.49269166e+11, 1.49616623e+17, 376.537016, -258.323909, -262.52314, 1.5e+15, 5.04698684e+22, -11629.8527, -3928.55687, 303.092567, 117.19603, 117.19603, 1.28078819, 1.28078819, 1.5e+15, 376.465051, 0.0719835789, 0.270489239, 394.249819, -0.0686906049, -356.622803, -388.125954, -0.0215227628, -120.606658, -69.217971, 0, 1.21760373e-08, 1.21760373e-08, 4621745.73, 350870871, 346246402, 0.27, 3.332, 2723.59232, -356.691493, -120.628181, 0, 1.49999803e+15, 0, 0, 2e+18, 1.51485679e+17
4.92497715, 0, 0, 1.5e+15, 0, 2.32872047e-21, 3.718e+18, 6.44e+20, 4.85, 4, 260.259703, 117.19603, 1.28078819, 12187.3519, 0, 2.35065907e+11, 1.4961688e+17, 373.821365, -258.334689, -262.532387, 1.5e+15, 4.79409943e+22, -11598.6357, -3729.82007, 303.09245, 117.19603, 117.19603, 1.28078819, 1.28078819, 1.5e+15, 373.753293, 0.0680863229, 0.270743319, 392.843766, -0.0651316474, -355.663278, -387.210985, -0.0198070146, -114.506723, -66.1125833, 0, 1.21760306e-08, 1.21760306e-08, 4556000.99, 350805658, 346246959, 0.27, 3.332, 2697.49707, -355.728409, -114.526531, 0, 1.49999813e+15, 0, 0, 2e+18, 1.51485625e+17
4.989375, 0, 0, 1.5e+15, 0, 2.32851474e-21, 3.718e+18, 6.44e+20, 4.85, 4, 260.282878, 117.19603, 1.28078819, 11962.0322, 0, 2.03054874e+11, 1.49617669e+17, 366.886485, -258.361686, -262.555562, 1.5e+15, 4.11130914e+22, -11517.1732, -3231.82384, 303.092161, 117.19603, 117.19603, 1.28078819, 1.28078819, 1.5e+15, 366.828874, 0.0576130645, 0.27138802, 389.200217, -0.0555817295, -353.156694, -384.80736, -0.0151635309, -99.2152063, -58.3101641, 0, 1.21760142e-08, 1.21760142e-08, 4388877.26, 350642279, 346250682, 0.27, 3.332, 2720.17735, -353.212276, -99.2303699, 0, 1.49999839e+15, 0, 0, 2e+18, 1.51486353e+17
5.01513338, 0, 0, 1.5e+15, 0, 2.32844769e-21, 3.718e+18, 6.44e+20, 4.85, 4, 260.29025, 117.19603, 1.28078819, 11886.1421, 0, 1.90660388e+11, 1.49617854e+17, 364.550338, -258.370703, -262.562935, 1.5e+15, 3.8918215e+22, -11492.0666, -3016.7053, 303.092067, 117.19603, 117.19603, 1.28078819, 1.28078819, 1.5e+15, 364.496007, 0.054332955, 0.271637819, 387.984942, -0.0525511695, -352.387749, -384.072104, -0.013756363, -92.6125918, -54.6643808, 0, 1.21760088e-08, 1.21760088e-08, 4333657.95, 350587367, 346251011, 0.27, 3.332, 2698.5362, -352.4403, -92.6263482, 0, 1.49999848e+15, 0, 0, 2e+18, 1.5148628e+17
5.0795313, 0, 0, 1.5e+15, 0, 2.32828244e-21, 3.718e+18, 6.44e+20, 4.85, 4, 260.308724, 117.19603, 1.28078819, 11692.1485, 0, 1.6298243e+11, 1.49618415e+17, 358.590065, -258.393273, -262.581408, 1.5e+15, 3.29999852e+22, -11426.603, -2477.68394, 303.091836, 117.19603, 117.19603, 1.28078819, 1.28078819, 1.5e+15, 358.544528, 0.0455373817, 0.272271771, 384.845062, -0.0444381767, -350.383628, -382.14487, -0.00994484879, -76.0619159, -45.5082438, 0, 1.21759956e-08, 1.21759956e-08, 4193504.58, 350449830, 346253611, 0.27, 3.332, 2714.78987, -350.428066, -76.0718607, 0, 1.49999871e+15, 0, 0, 2e+18, 1.5148677e+17
5.10528965, 0, 0, 1.5e+15, 0, 2.32823551e-21, 3.718e+18, 6.44e+20, 4.85, 4, 260.314092, 117.19603, 1.28078819, 11633.1694, 0, 1.522556e+11, 1.49618536e+17, 356.770217, -258.40042, -262.586777, 1.5e+15, 3.11130501e+22, -11407.8566, -2249.77744, 303.09177, 117.19603, 117.19603, 1.28078819, 1.28078819, 1.5e+15, 356.727418, 0.0428022351, 0.27251669, 383.882786, -0.0418606387, -349.80564, -381.585111, -0.00888029045, -69.066381, -41.439738, 0, 1.21759919e-08, 1.21759919e-08, 4151365.48, 350407818, 346253754, 0.27, 3.332, 2698.35366, -349.847501, -69.0752613, 0, 1.49999878e+15, 0, 0, 2e+18, 1.51486692e+17
5.1696875, 0, 0, 1.5e+15, 0, 2.32811945e-21, 3.718e+18, 6.44e+20, 4.85, 4, 260.327548, 117.19603, 1.28078819, 11482.2998, 0, 1.28505909e+11, 1.49618906e+17, 352.121164, -258.418304, -262.600233, 1.5e+15, 2.60197072e+22, -11358.9194, -1678.71254, 303.091607, 117.19603, 117.19603, 1.28078819, 1.28078819, 1.5e+15, 352.085707, 0.0354669223, 0.273138403, 381.394392, -0.034956045, -348.294307, -380.114143, -0.005998075, -51.5303914, -31.2235585, 0, 1.21759826e-08, 1.21759826e-08, 4044331.11, 350302457, 346255416, 0.27, 3.332, 2710.06007, -348.329263, -51.5363894, 0, 1.49999898e+15, 0, 0, 2e+18, 1.51486992e+17
5.19544588, 0, 0, 1.5e+15, 0, 2.32808603e-21, 3.718e+18, 6.44e+20, 4.85, 4, 260.33081, 117.19603, 1.28078819, 11444.5918, 0, 1.19456017e+11, 1.49618926e+17, 350.959409, -258.423474, -262.603495, 1.5e+15, 2.44380364e+22, -11347.1282, -1441.81361, 303.09156, 117.19603, 117.19603, 1.28078819, 1.28078819, 1.5e+15, 350.926208, 0.0332126486, 0.273377824, 380.77511, -0.0327959216, -347.933024, -379.763144, -0.00517274647, -44.2590687, -26.8583947, 0, 1.21759799e-08, 1.21759799e-08, 4017823.56, 350275741, 346255218, 0.27, 3.332, 2698.90032, -347.96582, -44.2642414, 0, 1.49999905e+15, 0, 0, 2e+18, 1.51486873e+17
5.2598438, 0, 0, 1.5e+15, 0, 2.32800339e-21, 3.718e+18, 6.44e+20, 4.85, 4, 260.338987, 117.19603, 1.28078819, 11348.1239, 0, 9.95170713e+10, 1.49618995e+17, 347.994387, -258.43642, -262.611672, 1.5e+15, 2.01500751e+22, -11316.383, -848.156669, 303.091445, 117.19603, 117.19603, 1.28078819, 1.28078819, 1.5e+15, 347.967257, 0.0271454062, 0.273985768, 379.177736, -0.0269859451, -346.992262, -378.844353, -0.00293796366, -26.0301997, -15.8968159, 0, 1.21759733e-08, 1.21759733e-08, 3950585.69, 350208707, 346255418, 0.27, 3.332, 2703.80874, -347.019248, -26.0331377, 0, 1.49999921e+15, 0, 0, 2e+18, 1.51486857e+17
5.28560215, 0, 0, 1.5e+15, 0, 2.32796861e-21, 3.718e+18, 6.44e+20, 4.85, 4, 260.340084, 117.19603, 1.28078819, 11331.5895, 0, 9.50211661e+10, 1.49618981e+17, 347.648808, -258.438724, -262.612769, 1.5e+15, 1.93387262e+22, -11306.5356, -728.098511, 303.091396, 117.19603, 117.19603, 1.28078819, 1.28078819, 1.5e+15, 347.622834, 0.0259881437, 0.274723167, 378.968618, -0.0258571757, -346.853889, -378.705453, -0.0025649328, -22.3445078, -13.6598321, 0, 1.21759705e-08, 1.21759705e-08, 3941189.92, 350199151, 346255262, 0.27, 3.332, 2699.44992, -346.879746, -22.3470727, 0, 1.49999924e+15, 0, 0, 2e+18, 1.51486784e+17
5.35, 0, 0, 1.5e+15, 0, 2.32788141e-21, 3.718e+18, 6.44e+20, 4.85, 4, 260.342835, 117.19603, 1.28078819, 11290.9115, 0, 8.4544716e+10, 1.49618953e+17, 346.759494, -258.444527, -262.61552, 1.5e+15, 1.71180272e+22, -11282.8247, -427.251954, 303.091274, 117.19603, 117.19603, 1.28078819, 1.28078819, 1.5e+15, 346.736662, 0.0228426648, 0.276582299, 378.42341, -0.0227896938, -346.488925, -378.337927, -0.00155468878, -13.1047447, -8.04294796, 0, 1.21759635e-08, 1.21759635e-08, 3917233.96, 350175053, 346255118, 0.27, 3.332, 2701.13458, -346.511715, -13.1062993, 0, 1.49999933e+15, 0, 0, 2e+18, 1.51486706e+17
